step,sim_time,action_0,action_1,action_2,action_3,action_4,action_5,action_6,action_7,action_8,action_9,action_10,action_11,action_12,action_13,action_14,action_15,action_16,action_17,action_18,action_19,action_20,action_21,action_22,target_0,target_1,target_2,target_3,target_4,target_5,target_6,target_7,target_8,target_9,target_10,target_11,target_12,target_13,target_14,target_15,target_16,target_17,target_18,target_19,target_20,target_21,target_22
0,0.018000000000000002,1.0,1.0,1.0,-0.7194913,-1.0,-0.25259963,-1.0,-1.0,1.0,-1.0,-1.0,-0.9830524,-1.0,-1.0,0.6708958,-1.0,-1.0,-1.0,0.34095436,-1.0,-0.4655396,-1.0,0.45506638,0.1667,0.5267,0.1667,1.2200608,-0.1667,1.3878917,1.4041,-0.57,1.71,-0.274,-0.327,-0.56033987,-0.296,-0.274,1.381491,-0.57,-0.296,-0.274,1.0441258,0.36357,0.15172088,-0.2897,1.2526041
1,0.034000000000000016,1.0,1.0,1.0,-0.7262899,0.18596832,0.20542365,-1.0,-0.25297982,0.085944824,-1.0,-0.38576445,-1.0,-1.0,-0.080801435,-0.26576433,0.22547054,0.05475857,0.5068599,0.7488563,-1.0,1.0,-1.0,-0.6708253,0.3334,0.6934,0.3334,1.0989883,-0.13569908,1.4221357,1.2374,-0.14419849,0.79320264,-0.274,0.30105585,-0.57,-0.296,0.6833453,0.42375597,0.12851821,0.76192284,1.2953945,1.4612056,0.36357,1.13,-0.2897,0.080488965
2,0.05200000000000003,1.0,1.0,1.0,0.45027453,1.0,-0.10733077,-1.0,1.0,0.6091635,-1.0,-0.13213332,-0.42160818,-1.0,-0.11762787,-1.0,-0.6999838,1.0,0.76930803,0.44499475,-1.0,1.0,-1.0,0.1936288,0.5001,0.8601,0.5001,1.174049,0.03100092,1.4042437,1.0707,0.57,1.317991,-0.274,0.5603937,-0.24031666,-0.296,0.64499056,-0.327,-0.39899075,1.71,1.5687343,1.1505071,0.36357,1.13,-0.2897,0.9804332
3,0.06800000000000005,1.0,1.0,1.0,0.2848128,1.0,-0.6784588,-0.5083116,1.0,1.0,-1.0,0.10600696,0.49647662,-1.0,-0.17789412,-1.0,-0.72796035,1.0,0.6775406,0.17305253,-1.0,1.0,-1.0,0.92076766,0.6668,1.0268,0.6668,1.2215273,0.19770092,1.2911446,0.9859645,0.57,1.71,-0.274,0.80389214,0.28299168,-0.296,0.5822233,-0.327,-0.4149374,1.71,1.4731585,0.87244624,0.36357,1.13,-0.2897,1.7374247
4,0.08400000000000006,1.0,1.0,0.8207301,1.0,1.0,-1.0,-1.0,1.0,1.0,-1.0,0.34437367,0.3685922,-1.0,-0.16581699,-1.0,-1.0,0.6120426,0.12996583,0.50330013,-1.0,1.0,-1.0,1.0,0.8335,1.1935,0.8036157,1.3882273,0.36440092,1.1244446,0.8192645,0.57,1.71,-0.274,1.0476221,0.21009755,-0.296,0.5948016,-0.327,-0.57,1.3208787,0.9028594,1.2101244,0.36357,1.13,-0.2897,1.81991
5,0.10200000000000008,0.4059949,1.0,0.83026856,1.0,1.0,-1.0,-1.0,1.0,1.0,-1.0,0.5063979,-0.2929565,-1.0,-0.23623776,-1.0,-1.0,0.6421622,-0.023522032,0.42907262,-1.0,1.0,-1.0,1.0,0.9011794,1.3602,0.9420215,1.5549273,0.5311009,0.95774466,0.65256447,0.57,1.71,-0.274,1.2132919,-0.1669852,-0.296,0.5214584,-0.327,-0.57,1.3510886,0.7430018,1.1342268,0.36357,1.13,-0.2897,1.81991
6,0.11800000000000009,-0.69476813,1.0,-1.0,1.0,1.0,-0.88411605,-1.0,0.54179144,0.9346477,-1.0,0.68501693,-1.0,-1.0,0.4690873,-1.0,-1.0,-1.0,-0.08062495,1.0,-1.0,1.0,-1.0,1.0,0.7853615,1.5269,0.7753215,1.7216274,0.69780093,0.8103625,0.48586446,0.3088211,1.6444516,-0.274,1.3959298,-0.57,-0.296,1.2560544,-0.327,-0.57,-0.296,0.68352914,1.718,0.36357,1.13,-0.2897,1.81991
7,0.1340000000000001,-0.2620292,1.0,-0.76739943,1.0,1.0,-0.24042213,-1.0,0.13213827,0.34306747,-1.0,0.97521484,-0.91908014,-0.6017322,-0.05127985,-0.71709967,-1.0,-1.0,-0.13276584,0.5194453,-1.0,0.4035653,-1.0,1.0,0.7416812,1.6936,0.64739597,1.8883274,0.86450094,0.7702841,0.31916445,0.07531881,1.0510967,-0.274,1.6926572,-0.52387565,0.10346261,0.714092,-0.037734408,-0.57,-0.296,0.62922436,1.2266328,0.36357,0.731867,-0.2897,1.81991
8,0.1520000000000001,-0.67256135,1.0,-1.0,0.87212926,-0.5646771,-0.20551291,-1.0,-1.0,-0.4058275,-1.0,1.0,-0.85354364,-0.34640786,-0.5901793,-1.0,-1.0,-1.0,-1.0,-0.7559462,1.0,-1.0,-0.88413066,1.0,0.62956524,1.8603,0.480696,2.0337112,0.77036923,0.73602515,0.15246445,-0.57,0.299955,-0.274,1.718,-0.48651987,0.35955292,0.15282823,-0.327,-0.57,-0.296,-0.274,-0.07745501,1.4968,-0.20504288,-0.17830901,1.81991
9,0.16800000000000012,-0.91637677,1.0,-1.0,1.0,-1.0,-1.0,-1.0,-1.0,-0.85557914,-0.84504336,1.0,-1.0,-1.0,-1.0,-1.0,-1.0,-1.0,-1.0,-1.0,1.0,-1.0,-0.4190663,1.0,0.47680524,2.027,0.313996,2.0933,0.6036692,0.56932515,-0.014235549,-0.57,-0.15114588,-0.11261266,1.718,-0.57,-0.296,-0.274,-0.327,-0.57,-0.296,-0.274,-0.327,1.4968,-0.20504288,0.2687806,1.81991
10,0.18400000000000014,-0.6054375,0.5992402,-1.0,1.0,-1.0,-0.99377155,-1.0,-1.0,-0.8700219,-1.0,1.0,-1.0,-1.0,-0.7482386,-1.0,-1.0,-1.0,-1.0,-1.0,1.0,-1.0,-0.8050195,1.0,0.3758788,2.0933,0.147296,2.0933,0.43696925,0.4036634,-0.18093555,-0.57,-0.16563195,-0.274,1.718,-0.57,-0.296,-0.011790526,-0.327,-0.57,-0.296,-0.274,-0.327,1.4968,-0.20504288,-0.10225549,1.81991
11,0.20200000000000015,-1.0,-1.0,-1.0,1.0,-0.95470977,-0.5294332,-1.0,-1.0,-0.5076952,-1.0,1.0,-1.0,-1.0,0.1614477,-1.0,-1.0,-1.0,-1.0,-1.0,0.108785234,-0.63498807,-1.0,1.0,0.20917882,1.9266,-0.019404009,2.0933,0.27781913,0.3154069,-0.34763554,-0.57,0.19778171,-0.274,1.718,-0.57,-0.296,0.9356478,-0.327,-0.57,-0.296,-0.274,-0.327,0.9918243,0.038610402,-0.2897,1.81991
12,0.21800000000000017,-1.0,-0.01854109,-1.0,1.0,-1.0,-0.40293124,-1.0,-1.0,0.0143435905,-1.0,1.0,-0.73310935,-1.0,0.7220385,-0.9187005,-1.0,-1.0,-1.0,-1.0,-0.99804825,-0.8550207,-1.0,1.0,0.042478815,1.9235092,-0.18610401,2.0933,0.11111913,0.24823825,-0.5143356,-0.57,0.7213866,-0.274,1.718,-0.41787234,-0.296,1.5195031,-0.24387127,-0.57,-0.296,-0.274,-0.327,0.36467588,-0.1082661,-0.2897,1.81991
13,0.23400000000000018,-0.3796905,1.0,-0.7956792,1.0,1.0,1.0,-1.0,-0.5934056,0.34728634,-1.0,1.0,-0.71158457,-1.0,0.41794288,-0.037839092,-1.0,-0.928886,-1.0,-1.0,-1.0,-1.0,-1.0,0.9737478,-0.02081559,2.0902092,-0.31874374,2.0933,0.27781913,0.41493824,-0.6810356,-0.3382412,1.0553282,-0.274,1.718,-0.4056032,-0.296,1.2027875,0.6568095,-0.57,-0.22467266,-0.274,-0.327,0.36357,-0.20504288,-0.2897,1.79258
14,0.25200000000000017,0.029032238,0.30741346,-0.31810886,1.0,1.0,1.0,-1.0,1.0,0.13959941,-1.0,1.0,-0.7720377,-1.0,-0.30927926,0.8318306,-1.0,-0.95440185,0.7004357,-1.0,-1.0,-0.45972276,-1.0,-0.77539843,-0.015975917,2.0933,-0.37177247,2.0933,0.44451913,0.5816383,-0.8477355,0.57,0.8470182,-0.274,1.718,-0.44006148,-0.296,0.44538563,1.5460469,-0.57,-0.25026506,1.4970038,-0.327,0.36357,0.15560375,-0.2897,-0.028377416
15,0.2680000000000002,-1.0,-1.0,0.8910154,1.0,1.0,1.0,-1.0,1.0,0.50631404,-1.0,1.0,-1.0,-1.0,-0.37758797,1.0,-1.0,-0.7703309,1.0,-0.20330931,-1.0,0.95022225,-1.0,-1.0,-0.18267591,1.9266,-0.22324021,2.0933,0.6112191,0.7483383,-1.0144355,0.57,1.214833,-0.274,1.718,-0.57,-0.296,0.37424213,1.718,-0.57,-0.065641895,1.809,0.48761624,0.36357,1.0967723,-0.2897,-0.2622
16,0.2840000000000002,-1.0,-1.0,0.7029866,1.0,1.0,1.0,-1.0,0.5163896,0.5491476,-1.0,1.0,-1.0,-1.0,-0.04963822,1.0,-0.19845882,-0.7590632,0.41327697,0.091198675,-1.0,0.93106544,-1.0,-1.0,-0.3493759,1.7599,-0.10605235,2.0933,0.7779191,0.9150382,-1.1811355,0.29434207,1.2577951,-0.274,1.718,-0.57,-0.296,0.7158018,1.718,-0.113121524,-0.054340374,1.197928,0.78875065,0.36357,1.0839847,-0.2897,-0.2622
17,0.3020000000000002,-0.6601743,-1.0,0.85310143,1.0,1.0,1.0,-1.0,0.44251725,0.26917756,-1.0,1.0,-1.0,-1.0,0.10843592,0.79528254,0.18789849,-0.2780514,0.040464565,0.53718704,-1.0,1.0,-1.0,-1.0,-0.45942697,1.5932,0.036159664,2.0933,0.9446191,1.0817382,-1.3478355,0.25223485,0.9769851,-0.274,1.718,-0.57,-0.296,0.880436,1.5086764,0.10710214,0.42811444,0.80964386,1.2447737,0.36357,1.13,-0.2897,-0.2622
18,0.3180000000000002,-0.65842694,-1.0,0.5445905,1.0,1.0,0.52140844,-1.0,0.32355583,0.014496856,-1.0,1.0,-1.0,-1.0,-0.011747455,0.64978373,0.23850799,-0.23069361,-0.0077098142,0.09677654,-1.0,1.0,-1.0,-1.0,-0.56918675,1.4265,0.12694289,2.0933,1.1113192,1.1686571,-1.5145355,0.18442681,0.72154033,-0.274,1.718,-0.57,-0.296,0.755265,1.3599038,0.13594955,0.4756143,0.7594702,0.79445404,0.36357,1.13,-0.2897,-0.2622
19,0.33400000000000024,-0.4686539,-0.8420696,0.4097965,1.0,1.0,1.0,-1.0,0.08172031,-0.19555944,-1.0,1.0,-1.0,-1.0,0.30202815,0.66597956,0.16503347,-0.515727,0.08396016,-0.27921212,-1.0,0.86735004,-1.0,-1.0,-0.64731133,1.286127,0.19525596,2.0933,1.2780191,1.3353571,-1.6812356,0.046580575,0.5108539,-0.274,1.718,-0.57,-0.296,1.0820624,1.3764641,0.09406908,0.18972583,0.8549445,0.4100056,0.36357,1.0414534,-0.2897,-0.2622
20,0.35200000000000026,-0.8798869,-0.6989394,0.25206447,1.0,1.0,1.0,-1.0,0.15324832,0.0769008,-1.0,1.0,-1.0,-1.0,0.07193946,0.88971007,-0.11817089,-0.5970459,0.8797074,-0.45982236,-1.0,0.39603436,-1.0,-1.0,-0.7939885,1.1696138,0.23727512,2.0933,1.4447191,1.5020571,-1.8479356,0.087351546,0.7841315,-0.274,1.718,-0.57,-0.296,0.8424249,1.6052285,-0.067357406,0.10816296,1.6837152,0.22533163,0.36357,0.72683996,-0.2897,-0.2622
21,0.36800000000000027,-0.7190687,-1.0,0.91925514,1.0,1.0,1.0,-1.0,0.7697231,0.18913302,-1.0,1.0,-1.0,-1.0,-0.36676884,1.0,-0.6770082,-0.4805198,1.0,-0.21322517,-1.0,0.6277896,-1.0,-1.0,-0.9138573,1.0029138,0.39051494,2.0933,1.6114191,1.6687571,-2.0146356,0.4387422,0.89670044,-0.274,1.718,-0.57,-0.296,0.38551027,1.718,-0.3858947,0.22503863,1.809,0.47747725,0.36357,0.8815416,-0.2897,-0.2622
22,0.3840000000000003,-0.524933,-1.0,1.0,1.0,1.0,1.0,-1.0,1.0,-0.05837842,-1.0,1.0,-1.0,-1.0,-0.9019793,1.0,-0.93107486,-0.3450651,1.0,-0.10963922,-1.0,0.9538513,-1.0,-1.0,-1.0013636,0.8362138,0.557215,2.0933,1.7781191,1.8354571,-2.1813354,0.57,0.64844644,-0.274,1.718,-0.57,-0.296,-0.17191146,1.718,-0.53071266,0.36089972,1.809,0.5833939,0.36357,1.0991948,-0.2897,-0.2622
23,0.4020000000000003,-0.5456665,-1.0,1.0,1.0,1.0,1.0,-1.0,1.0,-0.062373944,-1.0,1.0,-0.73463446,-1.0,-1.0,1.0,-0.982474,-0.2988355,1.0,0.040260635,-1.0,1.0,-1.0,-1.0,-1.0923262,0.6695138,0.7239149,2.0933,1.9448191,2.002157,-2.3480356,0.57,0.6444389,-0.274,1.718,-0.41874164,-0.296,-0.274,1.718,-0.5600102,0.40726802,1.809,0.7366665,0.36357,1.13,-0.2897,-0.2622
24,0.4180000000000003,-0.25692973,-1.0,0.43040764,1.0,1.0,1.0,-1.0,1.0,-0.06103135,-1.0,1.0,-0.15173106,-1.0,-1.0,1.0,-1.0,-0.021085031,0.97849506,0.1368906,-0.84458107,0.8829927,-1.0,-1.0,-1.1351564,0.5028138,0.7956639,2.0933,2.111519,2.0933,-2.5147355,0.57,0.64578557,-0.274,1.718,-0.086486705,-0.296,-0.274,1.718,-0.57,0.6858517,1.7866026,0.8354706,0.4516327,1.0518951,-0.2897,-0.2622
25,0.43400000000000033,0.7736022,-1.0,-0.32060242,1.0,1.0,1.0,-1.0,1.0,0.4472479,-1.0,1.0,0.8120474,-1.0,-1.0,1.0,-0.79350513,0.29574206,0.16028719,0.7026809,-0.1478714,0.7127832,-1.0,-0.09041994,-1.0061969,0.3361138,0.7422195,2.0933,2.2782192,2.0933,-2.6814356,0.57,1.1555896,-0.274,1.718,0.46286702,-0.296,-0.274,1.718,-0.45229793,1.0036293,0.9344391,1.4139912,0.84639883,0.93827665,-0.2897,0.68472284
26,0.45200000000000035,1.0,-1.0,-0.9354557,1.0,1.0,1.0,-1.0,1.0,0.7987998,-1.0,1.0,1.0,-1.0,-1.0,0.9745486,-0.8991062,0.6063544,-0.07320447,1.0,0.22097123,0.57803535,-1.0,0.60366684,-0.8394969,0.1694138,0.58627903,2.0933,2.444919,2.0933,-2.8481355,0.57,1.5081962,-0.274,1.718,0.57,-0.296,-0.274,1.691976,-0.5124905,1.3151735,0.69125754,1.718,1.0553906,0.84832954,-0.2897,1.4073054
27,0.46800000000000036,1.0,-0.92824066,-0.76740116,1.0,1.0,1.0,-1.0,0.90314466,1.0,-1.0,1.0,1.0,-1.0,-1.0,0.95658606,-1.0,0.8192577,0.10185109,1.0,0.10376429,0.6075073,-1.0,0.56012106,-0.6727969,0.014676081,0.45835325,2.0933,2.6116192,2.0933,-3.0148356,0.51479244,1.71,-0.274,1.718,0.57,-0.296,-0.274,1.6736093,-0.57,1.5287155,0.8735779,1.718,0.9889794,0.8680027,-0.2897,1.3619719
28,0.4840000000000004,1.0,-0.924551,-0.7037609,1.0,1.0,1.0,-1.0,1.0,1.0,-1.0,1.0,1.0,-1.0,-1.0,0.83269423,-1.0,0.957364,0.26717913,1.0,-0.010108389,0.65107924,-1.0,0.5194985,-0.5060969,-0.13944657,0.3410363,2.0933,2.7783191,2.0933,-3.1815355,0.57,1.71,-0.274,1.718,0.57,-0.296,-0.274,1.5469298,-0.57,1.6672361,1.0457671,1.718,0.92445743,0.89708793,-0.2897,1.3196815
29,0.5020000000000003,1.0,-1.0,-0.83900094,1.0,1.0,1.0,-1.0,1.0,1.0,-1.0,1.0,1.0,-1.0,-1.0,0.7137314,-1.0,1.0,0.6046097,1.0,-0.11189405,0.6695864,-1.0,0.58288866,-0.3393969,-0.30614656,0.20117484,2.0933,2.945019,2.0933,-3.3482356,0.57,1.71,-0.274,1.718,0.57,-0.296,-0.274,1.4252903,-0.57,1.71,1.3972011,1.718,0.86678416,0.9094418,-0.2897,1.3856741
30,0.5180000000000003,1.0,-1.0,-1.0,1.0,1.0,1.0,-1.0,1.0,1.0,-1.0,1.0,1.0,-1.0,-1.0,0.66530097,-1.0,1.0,1.0,1.0,-0.7447276,0.80451316,-1.0,1.0,-0.17269689,-0.47284657,0.034474842,2.0933,3.0527,2.0933,-3.5149355,0.57,1.71,-0.274,1.718,0.57,-0.296,-0.274,1.3757702,-0.57,1.71,1.809,1.718,0.50821114,0.9995083,-0.2897,1.81991
31,0.5340000000000004,1.0,-1.0,-1.0,1.0,-0.3036725,0.38963857,0.8260881,1.0,1.0,-1.0,1.0,1.0,-1.0,-0.86125314,-0.041208543,-1.0,1.0,1.0,1.0,-1.0,1.0,-1.0,1.0,-0.0059968885,-0.6395466,-0.13222516,2.0933,3.0020778,2.0933,-3.3772266,0.57,1.71,-0.274,1.718,0.57,-0.296,-0.12949514,0.65336424,-0.57,1.71,1.809,1.718,0.36357,1.13,-0.2897,1.81991
32,0.5520000000000004,0.1874347,0.49360883,-0.32788327,1.0,-0.51521695,0.73069906,1.0,0.8185965,1.0,-1.0,1.0,1.0,-1.0,-0.12991208,-0.630598,-0.9781303,0.83504605,0.9448108,1.0,-1.0,1.0,-1.0,0.82935566,0.025248475,-0.557262,-0.1868833,2.0933,2.916191,2.0933,-3.2105267,0.4666,1.71,-0.274,1.718,0.57,-0.296,0.63219655,0.050713535,-0.5575343,1.5445511,1.7515205,1.718,0.36357,1.13,-0.2897,1.6422598
33,0.5680000000000004,0.20211011,1.0,0.37557214,1.0,-0.0153941065,1.0,1.0,1.0,1.0,-1.0,0.6024949,1.0,-1.0,-0.06950415,-1.0,-1.0,0.6539839,0.7565126,1.0,-1.0,1.0,-1.0,0.9082826,0.05894023,-0.39056197,-0.12427542,2.0933,2.913625,2.0933,-3.0438266,0.57,1.71,-0.274,1.311551,0.57,-0.296,0.69511145,-0.327,-0.57,1.3629458,1.5554079,1.718,0.36357,1.13,-0.2897,1.7244271
34,0.5840000000000004,0.39273062,1.0,1.0,1.0,0.4407004,0.84742767,1.0,1.0,1.0,-1.0,0.2954568,1.0,-1.0,0.168293,-1.0,-0.97759396,0.22893813,0.64854795,1.0,-1.0,1.0,-1.0,1.0,0.124408424,-0.22386198,0.04242458,2.0933,2.9870896,2.0933,-2.8771267,0.57,1.71,-0.274,0.99760455,0.57,-0.296,0.94277716,-0.327,-0.55722857,0.93662494,1.4429626,1.718,0.36357,1.13,-0.2897,1.81991
35,0.6020000000000004,-0.69816816,1.0,-0.03178788,1.0,1.0,-0.0799633,1.0,0.7396068,0.8436239,-1.0,0.1274903,1.0,-1.0,0.23864251,-1.0,-0.96929127,-0.016541429,0.16851921,1.0,-1.0,1.0,-1.0,1.0,0.008023795,-0.05716198,0.03712554,2.0933,3.0527,2.0799701,-2.7104266,0.42157587,1.5531547,-0.274,0.82585883,0.57,-0.296,1.0160462,-0.327,-0.552496,0.69040895,0.9430128,1.718,0.36357,1.13,-0.2897,1.81991
36,0.6180000000000004,-0.9417396,1.0,0.279912,1.0,1.0,0.031683832,1.0,0.74196696,0.85254043,-1.0,0.32008943,1.0,-1.0,0.37580836,-0.9026336,-1.0,-0.030454911,0.027955012,1.0,-1.0,1.0,-1.0,1.0,-0.1489642,0.10953802,0.08378687,2.0933,3.0527,2.0852518,-2.5437267,0.42292118,1.562098,-0.274,1.0227914,0.57,-0.296,1.1589044,-0.22744286,-0.57,0.6764537,0.7966151,1.718,0.36357,1.13,-0.2897,1.81991
37,0.6340000000000005,-0.7302397,1.0,1.0,1.0,1.0,-0.22410473,1.0,0.7137687,0.69157887,-1.0,0.38396847,1.0,-1.0,0.5717673,-1.0,-1.0,-0.10878692,-0.37950745,1.0,-1.0,1.0,-1.0,1.0,-0.27069515,0.27623802,0.25048688,2.0933,3.0527,2.0478935,-2.3770266,0.40684816,1.4006536,-0.274,1.0881077,0.57,-0.296,1.3629956,-0.327,-0.57,0.59788674,0.372243,1.718,0.36357,1.13,-0.2897,1.81991
38,0.6520000000000005,-0.53804636,1.0,1.0,1.0,1.0,-0.44211325,1.0,0.4363469,0.52660143,-1.0,0.42190972,1.0,-1.0,0.6336948,-1.0,-1.0,-0.11533574,-0.7970167,1.0,-1.0,1.0,-1.0,1.0,-0.36038747,0.44293803,0.41718686,2.0933,3.0527,1.9741933,-2.2103267,0.24871773,1.2351812,-0.274,1.1269027,0.57,-0.296,1.4274932,-0.327,-0.57,0.59131825,-0.06259287,1.718,0.36357,1.13,-0.2897,1.81991
39,0.6680000000000005,-0.4822952,1.0,1.0,1.0,0.65891224,-0.46063954,1.0,0.09635113,0.4379585,-1.0,0.14059177,1.0,-1.0,0.6702417,-1.0,-1.0,-0.037068613,-1.0,1.0,-1.0,1.0,-1.0,1.0,-0.4407861,0.60963804,0.58388686,2.0933,3.0527,1.8974047,-2.0436268,0.054920144,1.1462724,-0.274,0.8392551,0.57,-0.296,1.4655567,-0.327,-0.57,0.6698202,-0.274,1.718,0.36357,1.13,-0.2897,1.81991
40,0.6840000000000005,-0.20987238,1.0,1.0,1.0,0.18459032,-0.4500765,1.0,-0.26898944,0.4120858,-1.0,-0.20807871,1.0,-1.0,0.7686138,-1.0,-1.0,-0.04634074,-1.0,1.0,-1.0,1.0,-1.0,1.0,-0.4757718,0.77633804,0.75058687,2.0933,3.0527,1.822377,-1.8769267,-0.15332398,1.1203221,-0.274,0.4827395,0.57,-0.296,1.5680113,-0.327,-0.57,0.66052026,-0.274,1.718,0.36357,1.13,-0.2897,1.81991
41,0.7020000000000005,0.102836065,1.0,1.0,1.0,-0.09904362,-0.43357924,1.0,-0.4203471,0.53688794,-1.0,-0.23614658,1.0,-1.0,0.82575756,-1.0,-1.0,-0.05084694,-1.0,1.0,-1.0,1.0,-1.0,1.0,-0.45862904,0.94303805,0.9172869,2.0933,3.0361893,1.7500993,-1.7102267,-0.23959784,1.2454987,-0.274,0.4540401,0.57,-0.296,1.6275265,-0.327,-0.57,0.6560005,-0.274,1.718,0.36357,1.13,-0.2897,1.81991
42,0.7180000000000005,0.40750414,1.0,1.0,1.0,-0.11359729,-0.5325166,1.0,-0.37707108,0.7335502,-1.0,-0.0068115797,1.0,-1.0,0.7979313,-1.0,-1.0,0.022845022,-1.0,1.0,-1.0,1.0,-1.0,1.0,-0.3906981,1.109738,1.0839869,2.0933,3.0172527,1.6613288,-1.5435266,-0.21493052,1.4427508,-0.274,0.68853515,0.57,-0.296,1.5985454,-0.327,-0.57,0.72991353,-0.274,1.718,0.36357,1.13,-0.2897,1.81991
43,0.7340000000000005,0.55325574,1.0,1.0,1.0,-0.10567857,-0.77751195,0.99272734,-0.28914678,1.0,-1.0,0.5775145,1.0,-1.0,0.84730494,-0.9671521,-1.0,0.08541747,-1.0,1.0,-1.0,1.0,-1.0,1.0,-0.29847038,1.276438,1.2506869,2.0933,2.9996362,1.5317175,-1.378039,-0.16481367,1.71,-0.274,1.2860086,0.57,-0.296,1.6499681,-0.29341304,-0.57,0.7926737,-0.274,1.718,0.36357,1.13,-0.2897,1.81991
44,0.7520000000000006,0.2591089,1.0,-0.848725,1.0,-0.33040392,-1.0,0.67155993,-0.15272142,1.0,-1.0,1.0,0.96482235,-1.0,0.77501404,-0.7870843,-1.0,0.09226783,-0.8998693,1.0,-1.0,1.0,-1.0,1.0,-0.25527692,1.443138,1.1092044,2.0933,2.944558,1.3650175,-1.26609,-0.08705121,1.71,-0.274,1.718,0.54994875,-0.296,1.5746771,-0.10929368,-0.57,0.79954463,-0.1697139,1.718,0.36357,1.13,-0.2897,1.81991
45,0.7680000000000006,-1.0,-1.0,-1.0,1.0,-0.19479717,-1.0,-0.3207654,0.1357996,1.0,-1.0,1.0,0.41435412,-1.0,0.7077689,-0.78129894,-1.0,0.38875094,-0.6264307,1.0,-1.0,1.0,-1.0,1.0,-0.42197692,1.276438,0.9425044,2.0933,2.912085,1.1983175,-1.3195616,0.07740577,1.71,-0.274,1.718,0.23618184,-0.296,1.5046413,-0.10337816,-0.57,1.0969172,0.11507244,1.718,0.36357,1.13,-0.2897,1.81991
46,0.7840000000000006,-1.0,-1.0,-1.0,1.0,-0.039319858,-1.0,0.12505203,-0.21711053,1.0,-1.0,1.0,0.73759204,-1.0,0.712039,-0.8369365,-1.0,0.65738255,-0.70739603,1.0,-1.0,1.0,-1.0,1.0,-0.5886769,1.109738,0.7758044,2.0933,2.9055305,1.0316175,-1.2987154,-0.123753004,1.71,-0.274,1.718,0.42042747,-0.296,1.5090886,-0.16026755,-0.57,1.3663547,0.030747034,1.718,0.36357,1.13,-0.2897,1.81991
47,0.8020000000000006,-1.0,-1.0,-1.0,1.0,-0.10005243,-1.0,0.30621564,-0.9954672,1.0,-1.0,1.0,0.48995307,-1.0,0.7087855,-0.6514138,-1.0,0.7301906,-0.88350976,1.0,-1.0,0.98130584,-1.0,1.0,-0.75537694,0.94303805,0.6091044,2.0933,2.8888516,0.8649175,-1.2476692,-0.5674163,1.71,-0.274,1.718,0.27927324,-0.296,1.5057001,0.029429391,-0.57,1.4393811,-0.1526754,1.718,0.36357,1.1175213,-0.2897,1.81991
48,0.8180000000000006,-1.0,-1.0,-0.9490489,1.0,-0.6939567,-0.9477745,0.44152582,-1.0,1.0,-1.0,1.0,0.27829745,-1.0,0.7575489,-0.49481708,-1.0,0.8089747,-1.0,1.0,-1.0,0.7282254,-1.0,1.0,-0.92207694,0.77633804,0.45089796,2.0933,2.7731693,0.7069235,-1.1740669,-0.57,1.71,-0.274,1.718,0.15862955,-0.296,1.5564872,0.18954954,-0.57,1.5184016,-0.274,1.718,0.36357,0.9485846,-0.2897,1.81991
49,0.8340000000000006,-1.0,-1.0,-1.0,1.0,0.3261565,-0.3005987,-0.7670978,0.45274574,1.0,-1.0,1.0,0.5747278,-1.0,0.8652381,-0.75132215,-1.0,0.06023196,-0.6277728,1.0,-1.0,1.0,-1.0,1.0,-1.088777,0.60963804,0.28419796,2.0933,2.8275394,0.6568137,-1.3019421,0.25806507,1.71,-0.274,1.718,0.32759482,-0.296,1.6686455,-0.0727269,-0.57,0.76741266,0.11367462,1.718,0.36357,1.13,-0.2897,1.81991
50,0.8520000000000006,-1.0,0.81444997,-0.9946219,1.0,0.09782569,-0.5365536,0.14762476,0.6132808,0.84145784,-1.0,1.0,1.0,-1.0,0.49882603,-0.7607752,-1.0,0.068158045,-0.65331966,1.0,-1.0,1.0,-1.0,1.0,-1.255477,0.7454068,0.118394494,2.0933,2.843847,0.5673702,-1.277333,0.34957004,1.5509822,-0.274,1.718,0.57,-0.296,1.2870274,-0.08239265,-0.57,0.7753625,0.087067574,1.718,0.36357,1.13,-0.2897,1.81991
51,0.8680000000000007,-1.0,1.0,-0.19409359,1.0,-0.77161205,-1.0,0.97916585,-0.059274923,0.7275635,-1.0,1.0,1.0,-1.0,0.622344,-1.0,-1.0,0.20547685,-1.0,1.0,-1.0,1.0,-1.0,1.0,-1.422177,0.9121068,0.086039096,2.0933,2.7152193,0.4006702,-1.114106,-0.033786707,1.4367462,-0.274,1.718,0.57,-0.296,1.4156713,-0.327,-0.57,0.91309327,-0.274,1.718,0.36357,1.13,-0.2897,1.81991
52,0.8840000000000007,-0.75872797,1.0,0.8443887,1.0,-0.40057212,-0.8704263,0.76834327,-0.84520835,0.8757413,-1.0,0.9188527,1.0,-1.0,0.9348873,-1.0,-1.0,0.1789546,-1.0,1.0,-1.0,1.0,-1.0,1.0,-1.5486568,1.0788069,0.2267987,2.0933,2.648444,0.2555701,-0.9860233,-0.48176876,1.5853685,-0.274,1.6350269,0.57,-0.296,1.7411851,-0.327,-0.57,0.8864915,-0.274,1.718,0.36357,1.13,-0.2897,1.81991
53,0.9020000000000007,-0.5950751,1.0,0.9219741,1.0,-0.24244179,-0.9642188,0.22615099,-1.0,0.96432126,-1.0,0.65047747,0.81486917,-1.0,0.94522893,-1.0,-1.0,0.21093944,-1.0,1.0,-1.0,1.0,-1.0,1.0,-1.6478559,1.2455069,0.3804918,2.0933,2.608029,0.09483485,-0.9483239,-0.57,1.6742142,-0.274,1.3606132,0.46447542,-0.296,1.751956,-0.327,-0.57,0.91857225,-0.274,1.718,0.36357,1.13,-0.2897,1.81991
54,0.9180000000000007,-1.0,1.0,1.0,1.0,0.039085135,-0.5265571,0.48410606,-0.6068567,0.8418178,-1.0,-0.11992397,1.0,-1.0,0.85435706,-1.0,-1.0,0.3047782,-0.8572472,1.0,-1.0,1.0,-1.0,1.0,-1.8145559,1.4122069,0.5471918,2.0933,2.6145444,0.007057784,-0.86762345,-0.3459083,1.5513432,-0.274,0.57287776,0.57,-0.296,1.6573129,-0.327,-0.57,1.0126926,-0.12532294,1.718,0.36357,1.13,-0.2897,1.81991
55,0.9340000000000007,-0.6942402,-1.0,1.0,1.0,-0.32031024,-0.43030068,0.39629543,-0.78159404,1.0,-1.0,0.7309987,0.83343625,-1.0,0.9899372,-1.0,-1.0,0.5207834,-0.7677877,1.0,-1.0,1.0,-1.0,1.0,-1.9302857,1.2455069,0.7138918,2.0933,2.5611486,-0.06467334,-0.801561,-0.4455086,1.71,-0.274,1.4429462,0.47505867,-0.296,1.7985196,-0.327,-0.57,1.2293458,-0.032150883,1.718,0.36357,1.13,-0.2897,1.81991
56,0.9520000000000007,-0.49107727,-1.0,1.0,1.0,-0.9140921,-0.6472927,-0.22220945,-1.0,1.0,-1.0,1.0,-0.11915706,-1.0,1.0,-1.0,-1.0,0.7769761,-0.721125,1.0,-1.0,1.0,-1.0,1.0,-2.0121484,1.0788069,0.88059175,2.0933,2.4087694,-0.17257702,-0.8386033,-0.57,1.71,-0.274,1.718,-0.06791952,-0.296,1.809,-0.327,-0.57,1.486307,0.016448306,1.718,0.36357,1.13,-0.2897,1.81991
57,0.9680000000000007,-0.51369387,-1.0,0.45391792,1.0,0.90304875,-0.98031545,-0.2802533,-0.441319,1.0,-1.0,0.7814918,0.5354535,-1.0,1.0,-1.0,-1.0,0.08321341,-0.7036034,1.0,-1.0,1.0,-1.0,1.0,-2.0977812,0.9121068,0.9562599,2.0933,2.5593078,-0.3359956,-0.8853215,-0.25155184,1.71,-0.274,1.4945754,0.3052085,-0.296,1.809,-0.327,-0.57,0.79046303,0.03469707,1.718,0.36357,1.13,-0.2897,1.81991
58,0.9840000000000008,-1.0,1.0,0.89187104,1.0,1.0,0.30346456,0.49297553,1.0,1.0,-1.0,0.22331636,1.0,-1.0,0.7492603,-0.9101962,-1.0,0.15218735,-0.14267235,1.0,-1.0,1.0,-1.0,1.0,-2.264481,1.0788069,1.1049348,2.0933,2.7260077,-0.28540808,-0.8031425,0.57,1.71,-0.274,0.923841,0.57,-0.296,1.5478547,-0.2351756,-0.57,0.85964394,0.61890674,1.718,0.36357,1.13,-0.2897,1.81991
59,1.0020000000000007,-1.0,1.0,-1.0,1.0,-0.0004979223,-1.0,-0.14458054,0.41883653,0.919976,-1.0,1.0,1.0,-1.0,0.2919737,-1.0,-1.0,0.123468064,-0.33287567,1.0,-1.0,1.0,-1.0,1.0,-2.4311812,1.2455069,0.9382348,2.0933,2.7259247,-0.4521081,-0.82724404,0.23873682,1.629736,-0.274,1.718,0.57,-0.296,1.0715907,-0.327,-0.57,0.83083844,0.42080998,1.718,0.36357,1.13,-0.2897,1.81991
60,1.0180000000000007,-1.0,1.0,-1.0,1.0,-1.0,-1.0,-0.1786775,-0.15243839,1.0,-1.0,1.0,1.0,-1.0,-0.059838615,-1.0,-1.0,0.55777055,-0.37071896,1.0,-1.0,1.0,-1.0,1.0,-2.597881,1.4122069,0.7715348,2.0933,2.5592246,-0.6188081,-0.8570296,-0.08688988,1.71,-0.274,1.718,0.57,-0.296,0.7051781,-0.327,-0.57,1.2664438,0.3813962,1.718,0.36357,1.13,-0.2897,1.81991
61,1.0340000000000007,-1.0,1.0,-1.0,1.0,-1.0,-0.6336555,0.4580639,-0.57087827,0.8160727,-1.0,1.0,1.0,-1.0,-0.1967998,-1.0,-1.0,0.8237492,-0.595115,1.0,-1.0,1.0,-1.0,1.0,-2.764581,1.5789068,0.6048348,2.0933,2.3925247,-0.7244384,-0.78067034,-0.32540062,1.5255209,-0.274,1.718,0.57,-0.296,0.562533,-0.327,-0.57,1.5332204,0.14768772,1.718,0.36357,1.13,-0.2897,1.81991
62,1.0520000000000007,-0.5118094,1.0,-1.0,1.0,-1.0,0.18795124,0.9958419,-0.7040961,0.14437923,-1.0,0.9107793,1.0,-1.0,-0.69412136,-1.0,-1.0,0.85474217,-0.5309945,1.0,-1.0,1.0,-1.0,1.0,-2.8498998,1.7456068,0.4381348,2.0933,2.2258246,-0.69310695,-0.61466354,-0.40133476,0.85181236,-0.274,1.6267718,0.57,-0.296,0.044572603,-0.327,-0.57,1.5643064,0.21446925,1.718,0.36357,1.13,-0.2897,1.81991
63,1.0680000000000007,-0.7313282,1.0,-1.0,1.0,-1.0,-0.64177704,0.2472027,-0.75216824,1.0,-1.0,1.0,0.9054122,-1.0,-1.0,-1.0,-1.0,1.0,-0.035798848,1.0,-1.0,1.0,-1.0,1.0,-2.971812,1.9123068,0.27143478,2.0933,2.0591247,-0.8000912,-0.5734548,-0.42873588,1.71,-0.274,1.718,0.51608497,-0.296,-0.274,-0.327,-0.57,1.71,0.7302155,1.718,0.36357,1.13,-0.2897,1.81991
64,1.0840000000000007,-1.0,-0.20784867,-1.0,1.0,0.60763365,-1.0,-1.0,0.26985407,1.0,-1.0,1.0,-1.0,-1.0,0.029892022,-0.6438271,-1.0,-0.75747174,-0.96394426,0.21225648,-0.8385518,1.0,-1.0,1.0,-3.0527,1.8776585,0.1047348,2.0933,2.1604173,-0.9667912,-0.7401548,0.15381682,1.71,-0.274,1.718,-0.57,-0.296,0.79863256,0.03718681,-0.57,-0.052744154,-0.23644795,0.91253227,0.45504895,1.13,-0.2897,1.81991
65,1.1020000000000008,-0.40953812,0.431548,-1.0,1.0,-0.02710928,-1.0,-1.0,0.17000823,1.0,-1.0,1.0,-0.9857763,-1.0,0.040707402,-0.89929825,-1.0,-0.5829792,-1.0,0.0357626,-1.0,1.0,-1.0,1.0,-3.0527,1.9495975,-0.0619652,2.0933,2.155898,-1.1334912,-0.9068548,0.09690469,1.71,-0.274,1.718,-0.5618925,-0.296,0.80989677,-0.22403246,-0.57,0.12227186,-0.274,0.7320673,0.36357,1.13,-0.2897,1.81991
66,1.1180000000000008,-1.0,-0.6017431,-1.0,1.0,-0.48176706,-1.0,-1.0,-0.023261081,1.0,-1.0,1.0,-0.3697466,-1.0,-0.38988402,-0.8768292,-1.0,0.21513939,-1.0,0.54765594,-1.0,0.79947203,-1.0,1.0,-3.0527,1.8492869,-0.2286652,2.0933,2.0755875,-1.3001912,-1.0735549,-0.013258817,1.71,-0.274,1.718,-0.21075556,-0.296,0.3614358,-0.20105787,-0.57,0.9227848,-0.274,1.2554781,0.36357,0.9961433,-0.2897,1.81991
67,1.1340000000000008,0.05591456,-0.15194035,-0.8700963,1.0,-1.0,-1.0,0.5629855,-0.13214453,1.0,-0.5125485,1.0,1.0,-1.0,-1.0,-1.0,-1.0,1.0,0.8010821,1.0,-1.0,1.0,-1.0,1.0,-3.043379,1.8239585,-0.37371024,2.0933,1.9088875,-1.4668912,-0.97970515,-0.07532238,1.71,0.23368073,1.718,0.57,-0.296,-0.274,-0.327,-0.57,1.71,1.601827,1.718,0.36357,1.13,-0.2897,1.81991
68,1.1520000000000008,1.0,-1.0,-1.0,1.0,-0.640169,-1.0,-0.006836349,-0.08719726,1.0,-0.67562526,1.0,1.0,-1.0,-1.0,-1.0,-1.0,0.6747506,1.0,1.0,-0.9664958,1.0,-1.0,1.0,-2.876679,1.6572585,-0.5404103,2.0933,1.8021713,-1.6335912,-0.98084474,-0.04970244,1.71,0.063836284,1.718,0.57,-0.296,-0.274,-0.327,-0.57,1.3837749,1.809,1.718,0.38255396,1.13,-0.2897,1.81991
69,1.1680000000000008,-0.6059659,-1.0,-1.0,1.0,1.0,-1.0,-1.0,1.0,1.0,-1.0,1.0,0.45796296,-1.0,-0.5700005,-1.0,-1.0,-0.05388493,0.9794303,1.0,-0.2066162,1.0,-1.0,1.0,-2.9776936,1.4905585,-0.7071103,2.0933,1.9688714,-1.8002912,-1.1475447,0.57,1.71,-0.274,1.718,0.2610389,-0.296,0.17384444,-0.327,-0.57,0.6529534,1.7875767,1.718,0.81311315,1.13,-0.2897,1.81991
70,1.1840000000000008,-0.73584783,-1.0,-1.0,1.0,0.481979,-1.0,-1.0,0.86733353,1.0,-1.0,1.0,0.3725421,-1.0,-0.8427731,-1.0,-1.0,0.20208207,0.7033413,1.0,-0.515875,1.0,-1.0,1.0,-3.0527,1.3238585,-0.87381023,2.0933,2.0492172,-1.9669912,-1.3142447,0.49438012,1.71,-0.274,1.718,0.212349,-0.296,-0.11024816,-0.327,-0.57,0.9096883,1.5000299,1.718,0.6378825,1.13,-0.2897,1.81991
71,1.2020000000000008,-1.0,-1.0,-1.0,1.0,-0.58696014,-1.0,-0.57071286,0.33030534,1.0,-1.0,1.0,0.6892542,-1.0,-1.0,-1.0,-1.0,0.6081451,0.62113094,1.0,-0.8470172,1.0,-1.0,1.0,-3.0527,1.1571585,-1.0405103,2.0933,1.9513711,-2.0933,-1.4093826,0.18827404,1.71,-0.274,1.718,0.3928749,-0.296,-0.274,-0.327,-0.57,1.3169695,1.4144078,1.718,0.45025232,1.13,-0.2897,1.81991
72,1.2180000000000009,-1.0,-0.80017555,-1.0,1.0,-0.628468,-1.0,-0.37505192,0.24540289,1.0,-1.0,1.0,0.97435236,-1.0,-1.0,-0.9502332,-1.0,0.558006,0.92875403,1.0,-0.61389035,1.0,-1.0,1.0,-3.0527,1.0237693,-1.2072103,2.0933,1.8466054,-2.0933,-1.4719038,0.13987964,1.71,-0.274,1.718,0.5553808,-0.296,-0.274,-0.27611348,-0.57,1.26668,1.7347974,1.718,0.58234555,1.13,-0.2897,1.81991
73,1.2340000000000009,-1.0,-0.35050976,-1.0,1.0,-0.67542386,-1.0,-0.45553458,0.17158632,1.0,-1.0,1.0,1.0,-1.0,-1.0,-0.8086858,-1.0,0.50245565,1.0,1.0,-0.4266184,1.0,-1.0,1.0,-3.0527,0.96533924,-1.3739103,2.0933,1.7340122,-2.0933,-1.5478413,0.0978042,1.71,-0.274,1.718,0.57,-0.296,-0.274,-0.13138121,-0.57,1.210963,1.809,1.718,0.6884566,1.13,-0.2897,1.81991
74,1.252000000000001,-1.0,-0.22711444,-1.0,1.0,-0.62272483,-1.0,-0.5580556,0.24565135,1.0,-1.0,1.0,1.0,-1.0,-1.0,-0.6352533,-1.0,0.47781655,1.0,1.0,-0.30921173,1.0,-1.0,1.0,-3.0527,0.92747927,-1.5406103,2.0933,1.6302041,-2.0933,-1.6408693,0.14002126,1.71,-0.274,1.718,0.57,-0.296,-0.274,0.04595349,-0.57,1.18625,1.809,1.718,0.754981,1.13,-0.2897,1.81991
75,1.268000000000001,-1.0,-0.7824989,-1.0,1.0,0.08579986,-1.0,-0.6541409,1.0,1.0,-1.0,1.0,1.0,-1.0,-0.9541888,-0.6029651,-1.0,0.56837577,1.0,1.0,-0.3138448,1.0,-1.0,1.0,-3.0527,0.7970367,-1.7073102,2.0933,1.6445068,-2.0933,-1.7499145,0.57,1.71,-0.274,1.718,0.57,-0.296,-0.22628766,0.07896817,-0.57,1.2770809,1.809,1.718,0.7523558,1.13,-0.2897,1.81991
76,1.284000000000001,-0.89106673,-1.0,-1.0,1.0,1.0,-0.76293695,-0.67831665,1.0,1.0,-1.0,1.0,1.0,-1.0,-0.8419138,-0.6019368,-1.0,0.7906362,1.0,1.0,-0.51981074,1.0,-1.0,1.0,-3.0527,0.6303367,-1.8740102,2.0933,1.8112068,-2.0933,-1.8629899,0.57,1.71,-0.274,1.718,0.57,-0.296,-0.109353244,0.08001961,-0.57,1.5000081,1.809,1.718,0.6356524,1.13,-0.2897,1.81991
77,1.302000000000001,-0.94436127,-1.0,-1.0,1.0,1.0,-0.6364336,-0.5663544,1.0,1.0,-1.0,1.0,1.0,-1.0,-0.6083238,-0.64328766,-1.0,0.9664305,1.0,1.0,-0.67971075,1.0,-1.0,1.0,-3.0527,0.4636367,-2.0407102,2.0933,1.9779068,-2.0933,-1.9574012,0.57,1.71,-0.274,1.718,0.57,-0.296,0.13393074,0.037738368,-0.57,1.6763297,1.809,1.718,0.5450507,1.13,-0.2897,1.81991
78,1.318000000000001,-1.0,-1.0,-1.0,1.0,1.0,-0.72593474,-0.59602636,1.0,1.0,-1.0,1.0,0.97197634,-1.0,-0.62871337,-0.40633166,-1.0,0.93876666,1.0,1.0,-0.8646363,1.0,-1.0,1.0,-3.0527,0.2969367,-2.2074103,2.0933,2.1446068,-2.0933,-2.0567589,0.57,1.71,-0.274,1.718,0.5540265,-0.296,0.11269502,0.28002587,-0.57,1.6485829,1.809,1.718,0.4402691,1.13,-0.2897,1.81991
79,1.334000000000001,-1.0,-1.0,-1.0,1.0,1.0,-0.1715754,-0.685648,1.0,1.0,-1.0,1.0,1.0,-1.0,-0.70555186,-0.13161425,-1.0,0.9012216,1.0,0.9123872,-0.94679326,1.0,-1.0,1.0,-3.0527,0.13023669,-2.3741102,2.0933,2.311307,-2.0933,-2.1710563,0.57,1.71,-0.274,1.718,0.57,-0.296,0.032667734,0.5609244,-0.57,1.6109252,1.809,1.628416,0.39371774,1.13,-0.2897,1.81991
80,1.352000000000001,-1.0,-1.0,-1.0,1.0,1.0,1.0,-0.8573055,1.0,1.0,-1.0,1.0,1.0,-1.0,-0.71037126,0.5430256,-1.0,0.71726143,1.0,0.82588077,-1.0,1.0,-1.0,0.8947088,-3.0527,-0.03646331,-2.5408103,2.0933,2.4780068,-1.9266,-2.3139691,0.57,1.71,-0.274,1.718,0.57,-0.296,0.027648337,1.2507437,-0.57,1.4264132,1.809,1.5399631,0.36357,1.13,-0.2897,1.710296
81,1.368000000000001,-0.6156098,-1.0,-1.0,1.0,1.0,1.0,-1.0,0.56528014,1.0,-1.0,1.0,1.0,-1.0,-0.8162586,0.8025885,-1.0,0.5967205,1.0,0.3088049,-1.0,0.81145245,-1.0,0.9023892,-3.0527,-0.20316331,-2.7075102,2.0933,2.644707,-1.7599,-2.480669,0.3222097,1.71,-0.274,1.718,0.57,-0.296,-0.08263334,1.5161468,-0.57,1.3055106,1.809,1.011253,0.36357,1.0041405,-0.2897,1.7182918
82,1.384000000000001,0.06339554,-0.5837654,-1.0,1.0,0.5067534,1.0,-1.0,0.08863817,1.0,-1.0,1.0,1.0,-1.0,-0.8485849,0.59954387,-0.77405196,0.4526418,1.0,-0.15635072,-1.0,0.89397144,-1.0,0.8016455,-3.042132,-0.300477,-2.8742104,2.0933,2.7291827,-1.5932,-2.6473691,0.050523758,1.71,-0.274,1.718,0.57,-0.296,-0.116301164,1.3085335,-0.4412096,1.1609997,1.809,0.5356314,0.36357,1.0592237,-0.2897,1.613412
83,1.402000000000001,0.14223817,0.21822512,-1.0,0.9981397,0.4176597,1.0,-0.9157159,-0.48483455,0.7300433,-1.0,1.0,1.0,-1.0,-0.61465615,0.06215184,-0.59574085,0.11884367,0.94263554,-0.36515105,-1.0,1.0,-1.0,0.84628516,-3.018421,-0.26409888,-3.0409102,2.0933,2.7988064,-1.4265,-2.800019,-0.27635568,1.4392334,-0.274,1.718,0.57,-0.296,0.12733562,0.75905025,-0.33957228,0.8262002,1.749255,0.32213306,0.36357,1.13,-0.2897,1.6598845
84,1.418000000000001,0.3347527,1.0,-1.0,0.22500546,-0.13453797,1.0,0.21767002,-0.9864329,0.41244498,-1.0,1.0,1.0,-1.0,-0.3787446,-0.54569405,-0.7275438,-0.31312862,0.5951709,-0.15039901,-1.0,1.0,-1.0,0.631389,-2.9626176,-0.09739887,-3.0527,2.0933,2.776379,-1.2598,-2.7637334,-0.56226677,1.1206824,-0.274,1.718,0.57,-0.296,0.3730375,0.13752782,-0.41469994,0.392932,1.3873705,0.541717,0.36357,1.13,-0.2897,1.4361657
85,1.434000000000001,1.0,-0.8062327,-1.0,1.0,1.0,1.0,-0.7888951,1.0,1.0,-1.0,1.0,1.0,-1.0,-1.0,0.6304659,-1.0,0.80395734,1.0,0.19970481,-1.0,1.0,-1.0,0.8209579,-2.7959175,-0.23179786,-3.0527,2.0933,2.943079,-1.0931,-2.8952422,0.57,1.71,-0.274,1.718,0.57,-0.296,-0.274,1.3401514,-0.57,1.5133692,1.809,0.8996982,0.36357,1.13,-0.2897,1.6335174
86,1.452000000000001,-0.44996282,-0.60777175,-0.5526604,1.0,1.0,1.0,-1.0,1.0,1.0,-0.9154378,0.82212573,0.9334903,-1.0,-0.3679667,0.46318936,-1.0,0.7973862,1.0,1.0,-1.0,1.0,-1.0,-0.26167697,-2.8709264,-0.3331134,-3.0527,2.0933,3.0527,-0.9264,-3.061942,0.57,1.71,-0.1859285,1.5361235,0.5320895,-0.296,0.38426268,1.1691111,-0.57,1.5067784,1.809,1.718,0.36357,1.13,-0.2897,0.50643486
87,1.468000000000001,-0.8379751,-0.5811857,-0.14601755,1.0,1.0,1.0,-1.0,1.0,1.0,-1.0,0.8794425,-0.12688032,-1.0,-0.5957079,0.58468497,-1.0,0.17932186,1.0,0.7471716,-1.0,1.0,-1.0,-0.87852436,-3.0106168,-0.42999706,-3.0527,2.0933,3.0527,-0.7597,-3.2286422,0.57,1.71,-0.274,1.59473,-0.07232178,-0.296,0.14707023,1.2933403,-0.57,0.88685983,1.809,1.4594829,0.36357,1.13,-0.2897,-0.13573718
88,1.484000000000001,0.10511591,-1.0,-0.8089925,1.0,1.0,1.0,-1.0,0.8208025,1.0,-1.0,1.0,0.7861493,-1.0,-1.0,1.0,-1.0,0.91154474,1.0,1.0,-1.0,1.0,-1.0,0.12917121,-2.993094,-0.5966971,-3.0527,2.0933,3.0527,-0.593,-3.395342,0.46785742,1.71,-0.274,1.718,0.44810513,-0.296,-0.274,1.718,-0.57,1.6212794,1.809,1.718,0.36357,1.13,-0.2897,0.9133293
89,1.5020000000000011,1.0,-0.5268061,-1.0,1.0,1.0,1.0,-1.0,0.4182406,1.0,-1.0,1.0,1.0,-1.0,-1.0,1.0,-0.59010494,1.0,0.74468774,1.0,-1.0,1.0,-1.0,1.0,-2.826394,-0.68451566,-3.0527,2.0933,3.0527,-0.4263,-3.5620422,0.23839715,1.71,-0.274,1.718,0.57,-0.296,-0.274,1.718,-0.33635983,1.71,1.5430923,1.718,0.36357,1.13,-0.2897,1.81991
90,1.5180000000000011,1.0,0.56891876,-1.0,1.0,-0.45666218,0.6184151,-0.17855412,0.48765647,1.0,-1.0,1.0,1.0,-1.0,-1.0,0.641791,0.002126602,1.0,0.37875396,1.0,-1.0,1.0,-1.0,1.0,-2.659694,-0.5896769,-3.0527,2.0933,2.9765744,-0.3232102,-3.5918071,0.2779642,1.71,-0.274,1.718,0.57,-0.296,-0.274,1.3517313,0.0012121631,1.71,1.1619723,1.718,0.36357,1.13,-0.2897,1.81991
91,1.5340000000000011,1.0,0.43530107,-1.0,0.8824694,-0.6044504,0.49797133,-0.37548798,1.0,1.0,-1.0,1.0,1.0,-1.0,-1.0,0.45583847,-0.2633436,1.0,0.74849796,1.0,-1.0,1.0,-1.0,1.0,-2.492994,-0.5171122,-3.0527,2.0933,2.8758125,-0.24019837,-3.654401,0.57,1.71,-0.274,1.718,0.57,-0.296,-0.274,1.1615949,-0.15010585,1.71,1.5470606,1.718,0.36357,1.13,-0.2897,1.81991
92,1.5520000000000012,1.0,0.84926414,-1.0,0.8223709,-0.76228726,0.35723987,-0.5720572,1.0,1.0,-1.0,1.0,1.0,-1.0,-0.964614,0.3916842,-0.14550965,0.89476603,0.8439236,0.9995319,-1.0,1.0,-1.0,1.0,-2.326294,-0.37553987,-3.0527,2.0933,2.7487392,-0.1806465,-3.749763,0.57,1.71,-0.274,1.718,0.57,-0.296,-0.23714545,1.0959971,-0.0829405,1.6044503,1.6464465,1.7175214,0.36357,1.13,-0.2897,1.81991
93,1.5680000000000012,1.0,0.78820276,-1.0,0.7498805,-0.79609275,0.51628745,-0.8532071,1.0,1.0,-1.0,1.0,1.0,-1.0,-0.9877254,0.46860924,0.12554657,0.9995274,0.76237196,0.86650676,-1.0,1.0,-1.0,1.0,-2.159594,-0.24414647,-3.0527,2.0933,2.6160307,-0.09458137,-3.8919926,0.57,1.71,-0.274,1.718,0.57,-0.296,-0.26121598,1.1746529,0.071561545,1.709526,1.5615104,1.5815032,0.36357,1.13,-0.2897,1.81991
94,1.5840000000000012,0.40542093,1.0,-1.0,-0.062869936,-0.7718289,0.4885638,-0.39130694,0.552297,1.0,-0.93232137,0.8005449,1.0,-1.0,-0.6956837,-0.4351727,-0.4559568,0.7848622,0.89725775,0.40071347,-1.0,1.0,-1.0,1.0,-2.0920103,-0.07744647,-3.0527,2.0828197,2.4873667,-0.013137789,-3.9572234,0.3148093,1.71,-0.20351271,1.5140572,0.57,-0.296,0.042945407,0.2505359,-0.25989535,1.4942168,1.701994,1.1052295,0.36357,1.13,-0.2897,1.81991
95,1.6020000000000012,-0.95480585,1.0,-1.0,-1.0,-0.62378305,-0.122606784,-0.47720063,-0.62964004,0.85008067,-0.8561335,0.3383632,1.0,-1.0,-0.54678583,-1.0,0.048320528,0.4740598,0.7074038,0.5569748,-1.0,1.0,-1.0,1.0,-2.2511766,0.08925353,-3.0527,1.9161196,2.383382,-0.03357634,-4.0367727,-0.35889482,1.5596309,-0.12416306,1.0414764,0.57,-0.296,0.19802256,-0.327,0.027542701,1.182482,1.504261,1.2650068,0.36357,1.13,-0.2897,1.81991
96,1.6180000000000012,-0.10611107,1.0,-1.0,-0.34281337,0.25795197,0.91889405,-1.0,0.40598994,0.67168635,-0.8596759,1.0,1.0,-1.0,-0.8873454,-0.8680393,-0.20746036,0.5651142,0.3954352,0.39870688,-1.0,1.0,-1.0,1.0,-2.268865,0.25595352,-3.0527,1.8589725,2.4263828,0.1196033,-4.2034726,0.23141427,1.3807014,-0.12785244,1.718,0.57,-0.296,-0.15667021,-0.1920702,-0.118252404,1.2738096,1.1793457,1.1031778,0.36357,1.13,-0.2897,1.81991
97,1.6340000000000012,1.0,-0.10372015,-1.0,1.0,1.0,1.0,-1.0,1.0,1.0,-0.81167334,1.0,1.0,-1.0,-1.0,0.681546,-1.0,1.0,1.0,1.0,-1.0,0.7517514,-1.0,0.9078327,-2.1021652,0.23866339,-3.0527,2.0256727,2.5930827,0.2863033,-4.370173,0.57,1.71,-0.077857785,1.718,0.57,-0.296,-0.274,1.3923807,-0.57,1.71,1.809,1.718,0.36357,0.9642888,-0.2897,1.7239587
98,1.6520000000000012,-0.37010422,-0.39679492,-0.19840717,1.0,1.0,1.0,-1.0,0.8698668,1.0,-0.94545627,0.36864182,1.0,-1.0,-0.11256576,0.59016275,-1.0,1.0,1.0,1.0,-1.0,0.84975183,-1.0,-0.39600843,-2.1638615,0.17251767,-3.0527,2.0933,2.7597826,0.4530033,-4.536873,0.49582407,1.71,-0.2171927,1.0724362,0.57,-0.296,0.6502628,1.2989414,-0.57,1.71,1.809,1.718,0.36357,1.0297061,-0.2897,0.36658844
99,1.6680000000000013,-0.5519362,-0.034828775,0.5195205,1.0,1.0,1.0,-1.0,0.9588742,1.0,-1.0,0.0652043,1.0,-1.0,-0.2756781,0.33339664,-1.0,0.73965544,1.0,0.89287764,-1.0,1.0,-1.0,-0.6969317,-2.2558694,0.16671172,-2.966096,2.0933,2.9264827,0.6197033,-4.7035728,0.5465583,1.71,-0.274,0.7621714,0.57,-0.296,0.48038125,1.036398,-0.57,1.4488744,1.809,1.6084673,0.36357,1.13,-0.2897,0.05331075
100,1.6840000000000013,0.96582276,-0.30030102,-1.0,1.0,1.0,1.0,-1.0,0.95845455,1.0,-1.0,1.0,1.0,-1.0,-0.3653329,0.25676215,-1.0,1.0,0.89790934,1.0,-1.0,1.0,-1.0,0.7486236,-2.0948668,0.116651535,-3.0527,2.0933,3.0527,0.7864033,-4.8702726,0.54631907,1.71,-0.274,1.718,0.57,-0.296,0.38700578,0.9580393,-0.57,1.71,1.7026726,1.718,0.36357,1.13,-0.2897,1.5582134
101,1.7020000000000013,1.0,-0.44058406,-1.0,1.0,-0.30094236,0.85438395,-1.0,0.7459831,1.0,-1.0,1.0,1.0,-1.0,-1.0,0.48340848,-0.55866116,1.0,0.01721208,1.0,-1.0,1.0,-1.0,1.0,-1.9281666,0.04320617,-3.0527,2.0933,3.002533,0.9288291,-5.036973,0.4252104,1.71,-0.274,1.718,0.57,-0.296,-0.274,1.1897851,-0.31843686,1.71,0.7854264,1.718,0.36357,1.13,-0.2897,1.81991
102,1.7180000000000013,1.0,-0.56427264,-1.0,1.0,-0.6233554,0.7155598,-1.0,0.62079495,1.0,-1.0,1.0,1.0,-1.0,-1.0,0.33505222,-0.5983425,1.0,0.058477983,1.0,-1.0,1.0,-1.0,1.0,-1.7614666,-0.050858077,-3.0527,2.0933,2.8986197,1.0481129,-5.203673,0.35385314,1.71,-0.274,1.718,0.57,-0.296,-0.274,1.038091,-0.3410552,1.71,0.82840484,1.718,0.36357,1.13,-0.2897,1.81991
103,1.7340000000000013,1.0,0.013561912,-1.0,1.0,-0.46208924,0.66662765,-1.0,0.55270404,1.0,-1.0,1.0,1.0,-1.0,-1.0,0.08409058,-0.7396746,1.0,0.038290605,1.0,-1.0,1.0,-1.0,1.0,-1.5947667,-0.048597306,-3.0527,2.0933,2.8215892,1.1592398,-5.370373,0.3150413,1.71,-0.274,1.718,0.57,-0.296,-0.274,0.78148264,-0.42161453,1.71,0.80737966,1.718,0.36357,1.13,-0.2897,1.81991
104,1.7520000000000013,1.0,-0.051132075,-1.0,1.0,0.44222808,1.0,-1.0,0.48433864,1.0,-1.0,1.0,1.0,-1.0,-0.9616156,0.47583237,-0.65389353,1.0,-0.08151348,1.0,-1.0,1.0,-1.0,1.0,-1.4280667,-0.057121024,-3.0527,2.0933,2.8953087,1.3259398,-5.5370727,0.27607304,1.71,-0.274,1.718,0.57,-0.296,-0.23402268,1.1820385,-0.37271932,1.71,0.6826037,1.718,0.36357,1.13,-0.2897,1.81991
105,1.7680000000000013,0.5147811,-0.8026982,-1.0,1.0,1.0,1.0,-1.0,0.8576244,1.0,-1.0,1.0,0.76572365,-1.0,-0.11355812,0.46807718,-1.0,1.0,1.0,0.87373984,-1.0,1.0,-1.0,0.05207009,-1.3422526,-0.19093081,-3.0527,2.0933,3.0527,1.4926398,-5.7037725,0.4888459,1.71,-0.274,1.718,0.4364625,-0.296,0.6492292,1.1741089,-0.57,1.71,1.809,1.588899,0.36357,1.13,-0.2897,0.8330628
106,1.7840000000000014,1.0,0.029300697,-1.0,1.0,1.0,1.0,-1.0,0.26086515,1.0,-1.0,1.0,1.0,-1.0,-0.33921993,0.4174284,-1.0,1.0,0.39245266,0.9073856,-1.0,1.0,-1.0,0.7748724,-1.1755527,-0.18604639,-3.0527,2.0933,3.0527,1.6593398,-5.870473,0.14869313,1.71,-0.274,1.718,0.57,-0.296,0.41420245,1.1223205,-0.57,1.71,1.1762395,1.6233017,0.36357,1.13,-0.2897,1.5855398
107,1.8020000000000014,0.09839203,0.0030411258,-0.9524498,1.0,1.0,1.0,-1.0,0.66881275,1.0,-0.9456127,1.0,1.0,-1.0,-0.07078052,0.8063309,-1.0,1.0,1.0,1.0,-1.0,0.77015626,-1.0,-0.022334984,-1.1591507,-0.18553942,-3.0527,2.0933,3.0527,1.8260398,-6.037173,0.38122326,1.71,-0.21735565,1.718,0.57,-0.296,0.6937821,1.5199734,-0.57,1.71,1.809,1.718,0.36357,0.97657436,-0.2897,0.7556031
108,1.8180000000000014,-0.32546338,0.9665055,0.16240053,1.0,1.0,1.0,-1.0,1.0,1.0,-1.0,0.68847144,1.0,-1.0,-0.32038212,0.59219193,-0.9709683,1.0,1.0,1.0,-1.0,0.7177861,-1.0,-0.21114682,-1.2134055,-0.02442296,-3.0256279,2.0933,3.0527,1.9927398,-6.2038727,0.57,1.71,-0.274,1.399462,0.57,-0.296,0.43382204,1.3010162,-0.55345196,1.71,1.809,1.718,0.36357,0.9416162,-0.2897,0.55903953
109,1.8340000000000014,-0.25325912,0.96109575,0.5129236,1.0,1.0,1.0,-1.0,1.0,1.0,-1.0,0.54649454,1.0,-1.0,-0.38697958,0.28279394,-1.0,1.0,1.0,1.0,-1.0,0.9737335,-1.0,-0.106990986,-1.2556238,0.1357917,-2.9401236,2.0933,3.0527,2.0933,-6.283,0.57,1.71,-0.274,1.2542907,0.57,-0.296,0.36446077,0.9846568,-0.57,1.71,1.809,1.718,0.36357,1.1124666,-0.2897,0.6674715
110,1.8520000000000014,0.47330394,0.8080244,-0.049873628,1.0,1.0,1.0,-1.0,1.0,1.0,-1.0,0.72559935,1.0,-1.0,-0.56223416,0.6205225,-0.8383928,1.0,0.632685,1.0,-1.0,0.62639314,-1.0,0.16200043,-1.176724,0.27048936,-2.9484375,2.0933,3.0527,2.0933,-6.283,0.57,1.71,-0.274,1.4374254,0.57,-0.296,0.18193312,1.3299843,-0.4778839,1.71,1.4264414,1.718,0.36357,0.8806094,-0.2897,0.94750637
111,1.8680000000000014,0.753799,0.65067166,-0.4836549,1.0,1.0,1.0,-1.0,0.29378152,0.96727645,-1.0,0.757691,1.0,-1.0,-0.62680805,0.8924453,-0.5844715,0.74121207,-0.13203491,0.84893113,-0.42035976,0.1950748,-1.0,0.067855425,-1.0510657,0.37895635,-3.0290627,2.0933,3.0527,2.0933,-6.283,0.16745546,1.6771783,-0.274,1.470239,0.57,-0.296,0.11467942,1.6080253,-0.33314878,1.4504358,0.62998563,1.5635321,0.69200283,0.5926952,-0.2897,0.84949625
112,1.8840000000000015,0.9243439,0.42220613,-0.46926957,1.0,1.0,1.0,-1.0,0.34829348,0.7238239,-1.0,0.7634,1.0,-1.0,-0.81548786,0.8195423,-0.7534993,0.71640265,-0.1996934,0.7747353,-0.26498553,0.2730619,-1.0,0.22548725,-0.89697754,0.4493381,-3.0527,2.0933,3.0527,2.0933,-6.283,0.19852729,1.4329953,-0.274,1.4760765,0.57,-0.296,-0.081830606,1.533482,-0.42949462,1.4255519,0.55951935,1.4876668,0.7800402,0.6447532,-0.2897,1.0135996
113,1.9020000000000015,0.742533,0.25707728,-0.053493716,1.0,1.0,1.0,-1.0,0.37560135,0.5683023,-1.0,0.7231339,1.0,-1.0,-0.88092566,0.6560533,-0.9793805,0.61203617,-0.032527402,0.7595402,-0.51449317,0.55829537,-1.0,0.31162784,-0.7731973,0.4921929,-3.0527,2.0933,3.0527,2.0933,-6.283,0.21409278,1.2770072,-0.274,1.4349045,0.57,-0.296,-0.14998408,1.3663145,-0.55824685,1.3208723,0.7336227,1.4721298,0.63866544,0.8351527,-0.2897,1.1032767
114,1.9180000000000015,0.5723152,0.28923392,0.38700414,1.0,1.0,1.0,-0.9446029,0.4379232,0.5971361,-1.0,0.66762763,0.95783305,-1.0,-0.92499334,0.40307543,-1.0,0.5587668,0.3530966,0.5983917,-0.9339985,0.8413522,-1.0,0.41892558,-0.6777924,0.5404082,-2.9881864,2.0933,3.0527,2.0933,-6.283,0.24961622,1.3059275,-0.274,1.3781493,0.54596484,-0.296,-0.19588056,1.1076447,-0.57,1.2674431,1.1352501,1.3073555,0.40096742,1.0240992,-0.2897,1.2149795
115,1.9340000000000015,0.43583623,0.7531809,0.603727,1.0,1.0,1.0,-0.48759001,0.36656362,0.4111612,-1.0,0.46805304,0.9146646,-1.0,-0.76855624,0.10564629,-1.0,0.47671738,0.39584458,0.33808976,-1.0,0.9227419,-1.0,0.5686961,-0.6051385,0.6659634,-2.887545,2.0933,3.0527,2.0933,-6.283,0.20894127,1.1193947,-0.274,1.1740842,0.52135885,-0.296,-0.03295132,0.8035233,-0.57,1.1851475,1.1797721,1.0411968,0.36357,1.0784285,-0.2897,1.3708988
116,1.9520000000000015,0.40127477,1.0,0.8860803,0.79371744,0.959235,1.0,0.3475296,0.80731887,0.34508505,-1.0,0.35568807,0.99930274,-1.0,-0.40799522,-0.41241303,-1.0,0.44653642,0.7919082,0.09094455,-1.0,1.0,-1.0,0.58870983,-0.538246,0.8326634,-2.7398355,2.0933,3.0527,2.0933,-6.2250667,0.46017176,1.0531203,-0.274,1.059191,0.56960255,-0.296,0.342573,0.27380767,-0.57,1.154876,1.5922724,0.78849083,0.36357,1.13,-0.2897,1.3917344
117,1.9680000000000015,0.5199009,1.0,1.0,0.70254135,0.3196805,0.61004615,0.879119,1.0,0.47359595,-1.0,0.39996377,1.0,-1.0,-0.34001124,-0.6671637,-1.0,-0.052442886,0.65837467,0.1010556,-1.0,1.0,-1.0,0.77404153,-0.45157847,0.9993634,-2.5731356,2.0933,3.0527,2.0933,-6.078518,0.57,1.1820167,-0.274,1.104463,0.57,-0.296,0.4133783,0.013325087,-0.57,0.6543998,1.4531972,0.7988294,0.36357,1.13,-0.2897,1.5846748
118,1.9840000000000015,0.46133775,1.0,1.0,0.93403405,0.107190356,0.69400626,0.86625177,0.8586811,0.2549316,-1.0,0.4229851,1.0,-1.0,-0.29053044,-0.6881772,-0.8917249,-0.59594494,0.25612298,0.18161032,-1.0,1.0,-1.0,0.78186595,-0.3746735,1.1660634,-2.4064355,2.0933,3.0527,2.0933,-5.9341135,0.48944822,0.9626964,-0.274,1.1280023,0.57,-0.296,0.46491253,-0.008161216,-0.5082832,0.10926723,1.034252,0.88119656,0.36357,1.13,-0.2897,1.5928204
119,2.002000000000001,0.4068329,1.0,1.0,1.0,-0.11146982,0.4944732,1.0,1.0,0.6422639,-1.0,0.7205251,1.0,-1.0,-0.32275593,-0.7477529,-0.8778795,-0.60322815,0.2631035,0.29848778,-1.0,1.0,-1.0,0.9147348,-0.30685443,1.3327634,-2.2397356,2.0933,3.034118,2.0933,-5.7674136,0.57,1.3511907,-0.274,1.4322369,0.57,-0.296,0.4313497,-0.06907734,-0.5003913,0.101962164,1.0415223,1.0007038,0.36357,1.13,-0.2897,1.7311442
120,2.0179999999999993,-0.053159885,1.0,1.0,1.0,-0.23720177,-0.43097904,1.0,1.0,0.9496458,-1.0,1.0,1.0,-1.0,-0.5031661,-0.8185909,-1.0,-0.26146483,0.5462715,-0.11480058,-1.0,1.0,-1.0,1.0,-0.31571618,1.4994634,-2.0730355,2.0933,2.9945765,2.0214558,-5.6007137,0.57,1.6594948,-0.274,1.718,0.57,-0.296,0.24345253,-0.14150918,-0.57,0.4447508,1.3364418,0.5781164,0.36357,1.13,-0.2897,1.81991
121,2.0339999999999976,-0.9652403,1.0,1.0,1.0,-0.01933442,-1.0,0.9009848,1.0,0.69765776,-1.0,1.0,1.0,-1.0,-0.956249,-0.82714593,-1.0,0.24299169,0.7915767,-0.41830483,-1.0,0.925874,-1.0,1.0,-0.47662175,1.6661634,-1.9063355,2.0933,2.9913535,1.8547558,-5.4505196,0.57,1.4067507,-0.274,1.718,0.57,-0.296,-0.22843333,-0.15025672,-0.57,0.95072067,1.5919272,0.2677833,0.36357,1.0805193,-0.2897,1.81991
122,2.0519999999999956,-0.75832397,0.60189724,-0.85971874,1.0,0.1065907,0.5344809,0.43403298,1.0,1.0,-1.0,1.0,1.0,-1.0,-1.0,-0.2179427,-0.55351895,0.8517713,0.6416661,0.5298489,-1.0,0.6459613,-1.0,1.0,-0.6030344,1.7664998,-2.0496507,2.0933,3.0091221,1.9438537,-5.378166,0.57,1.71,-0.274,1.718,0.57,-0.296,-0.274,0.4726536,-0.3155058,1.5613266,1.4357953,1.2372705,0.36357,0.8936716,-0.2897,1.81991
123,2.067999999999994,0.35464832,-0.6151963,-0.9318397,1.0,0.835586,1.0,0.110236235,1.0,1.0,-1.0,1.0,1.0,-1.0,-1.0,0.14760393,-0.9972798,1.0,0.826663,1.0,-0.894503,0.70637584,-1.0,1.0,-0.5439145,1.6639465,-2.2049882,2.0933,3.0527,2.0933,-5.35979,0.57,1.71,-0.274,1.718,0.57,-0.296,-0.274,0.846425,-0.5684495,1.71,1.6284696,1.718,0.4233462,0.9339996,-0.2897,1.81991
124,2.083999999999992,0.68085325,-1.0,-0.4093954,1.0,1.0,0.8845842,0.3836193,1.0,1.0,-1.0,1.0,1.0,-1.0,-1.0,-0.11588741,-1.0,1.0,1.0,1.0,-1.0,1.0,-1.0,1.0,-0.43041623,1.4972465,-2.2732346,2.0933,3.0527,2.0933,-5.2958403,0.57,1.71,-0.274,1.718,0.57,-0.296,-0.274,0.57700515,-0.57,1.71,1.809,1.718,0.36357,1.13,-0.2897,1.81991
125,2.10199999999999,0.958332,0.083178215,1.0,1.0,1.0,-0.39512107,0.7564663,1.0,1.0,-1.0,1.0,1.0,-1.0,-0.9560809,-0.67228025,-1.0,0.72481215,1.0,1.0,-1.0,1.0,-1.0,1.0,-0.27066228,1.5111123,-2.1065345,2.0933,3.0527,2.0274334,-5.1697373,0.57,1.71,-0.274,1.718,0.57,-0.296,-0.22825827,0.008093443,-0.57,1.4339865,1.809,1.718,0.36357,1.13,-0.2897,1.81991
126,2.1179999999999883,1.0,1.0,1.0,1.0,-0.28845692,-0.5451575,1.0,1.0,1.0,-1.0,1.0,1.0,-1.0,-0.21112859,-0.9972614,-1.0,-0.22580317,0.6670674,1.0,-1.0,1.0,-1.0,1.0,-0.103962295,1.6778123,-1.9398346,2.0933,3.004614,1.9365555,-5.0030375,0.57,1.71,-0.274,1.718,0.57,-0.296,0.54760957,-0.3241998,-0.57,0.4805194,1.4622507,1.718,0.36357,1.13,-0.2897,1.81991
127,2.1339999999999866,1.0,1.0,1.0,1.0,-1.0,-0.3704404,0.52244955,1.0,1.0,-1.0,1.0,0.7624104,-1.0,0.087084346,-0.68814206,-1.0,-0.34908977,0.19953823,1.0,-1.0,1.0,-1.0,1.0,0.06273771,1.8445123,-1.7731346,2.0933,2.8379142,1.8748032,-4.915945,0.57,1.71,-0.274,1.718,0.43457392,-0.296,0.85819834,-0.008125258,-0.57,0.35686296,0.9753191,1.718,0.36357,1.13,-0.2897,1.81991
128,2.1519999999999846,1.0,1.0,1.0,1.0,-1.0,-0.5862949,0.0011380371,0.61457264,1.0,-1.0,1.0,-0.012775583,-1.0,0.25790846,-0.6020444,-1.0,-0.018588834,-0.21728286,1.0,-1.0,1.0,-1.0,1.0,0.22943771,2.0112123,-1.6064346,2.0933,2.6712143,1.7770678,-4.9157553,0.35030642,1.71,-0.274,1.718,-0.0072820825,-0.296,1.0361117,0.0799096,-0.57,0.6883554,0.5411999,1.718,0.36357,1.13,-0.2897,1.81991
129,2.167999999999983,1.0,0.7543926,1.0,1.0,-1.0,-0.43741277,-0.37814122,0.52127326,1.0,-1.0,1.0,-0.27424583,-1.0,0.22159123,-0.81742054,-1.0,-0.0066813305,-0.13974942,1.0,-1.0,1.0,-1.0,1.0,0.3961377,2.0933,-1.4397346,2.0933,2.5045142,1.704151,-4.9787917,0.29712576,1.71,-0.274,1.718,-0.15632012,-0.296,0.99828726,-0.14031251,-0.57,0.7002986,0.621951,1.718,0.36357,1.13,-0.2897,1.81991
130,2.183999999999981,1.0,-0.67125386,1.0,1.0,-1.0,-0.43123943,-0.41557735,-0.1688383,1.0,-1.0,1.0,-0.7694111,-1.0,0.20703435,-0.8159075,-1.0,0.93443125,-0.6074099,1.0,-1.0,1.0,-1.0,1.0,0.5628377,1.981402,-1.2730346,2.0933,2.3378143,1.6322634,-5.048068,-0.09623784,1.71,-0.274,1.718,-0.43856433,-0.296,0.9831263,-0.1387654,-0.57,1.6442345,0.1348826,1.718,0.36357,1.13,-0.2897,1.81991
131,2.201999999999979,1.0,-1.0,1.0,1.0,-1.0,-0.30205423,-0.40016884,-1.0,0.83501446,-1.0,1.0,-0.9747447,-1.0,0.24564838,-0.45920655,-1.0,1.0,-1.0,1.0,-1.0,1.0,-1.0,1.0,0.7295377,1.814702,-1.1063346,2.0933,2.1711142,1.5819111,-5.114776,-0.57,1.5445195,-0.274,1.718,-0.55560446,-0.296,1.0233428,0.2259613,-0.57,1.71,-0.274,1.718,0.36357,1.13,-0.2897,1.81991
132,2.2179999999999773,1.0,-1.0,1.0,1.0,-1.0,-0.13969287,-0.26869744,-1.0,-0.2636442,-1.0,1.0,-1.0,-1.0,0.011227423,-0.5125772,-1.0,1.0,-1.0,0.7408405,0.21958181,1.0,-1.0,1.0,0.89623773,1.648002,-0.93963456,2.0933,2.0044143,1.5586243,-5.1595683,-0.57,0.44256487,-0.274,1.718,-0.57,-0.296,0.77919334,0.17138983,-0.57,1.71,-0.274,1.4530094,1.0546033,1.13,-0.2897,1.81991
133,2.2339999999999756,1.0,-0.66111135,1.0,1.0,-1.0,0.31023434,-0.27011806,-1.0,-1.0,-1.0,0.3370412,-1.0,-1.0,-0.12552905,-0.45009235,-1.0,1.0,-1.0,-0.00644953,1.0,1.0,-1.0,0.4526115,1.0629377,1.5377947,-0.77293456,2.0933,1.8377142,1.6103402,-5.204597,-0.57,-0.296,-0.274,1.0401247,-0.57,-0.296,0.6367615,0.23528057,-0.57,1.71,-0.274,0.68890536,1.4968,1.13,-0.2897,1.2500485
134,2.2519999999999736,1.0,0.10941059,1.0,1.0,-1.0,1.0,0.17576128,-1.0,-1.0,-1.0,-0.3862305,-1.0,-1.0,0.03585594,-0.48469523,-1.0,1.0,-1.0,-0.3329783,1.0,1.0,-1.0,0.1563075,1.2296377,1.5560335,-0.60623455,2.0933,1.6710142,1.7770402,-5.1752977,-0.57,-0.296,-0.274,0.3005793,-0.57,-0.296,0.80484396,0.19989914,-0.57,1.71,-0.274,0.35502967,1.4968,1.13,-0.2897,0.9415797
135,2.267999999999972,1.0,0.0820073,1.0,1.0,-1.0,1.0,0.18957287,-1.0,-1.0,-1.0,-0.52292275,-1.0,-1.0,0.19356975,-1.0,-0.92469,1.0,-1.0,-0.52980405,-0.92984676,1.0,-1.0,1.0,1.3963377,1.569704,-0.43953454,2.0933,1.5043142,1.9437402,-5.143696,-0.57,-0.296,-0.274,0.16081148,-0.57,-0.296,0.9691029,-0.327,-0.5270733,1.71,-0.274,0.15377536,0.40331987,1.13,-0.2897,1.81991
136,2.28399999999997,1.0,1.0,-0.9294581,1.0,0.47317517,0.011843769,-1.0,-1.0,-0.7095412,-1.0,-0.53955656,-0.4703972,-1.0,0.79724103,-1.0,-0.5902989,0.35377526,-1.0,-1.0,-1.0,0.47914374,-1.0,1.0,1.5630378,1.7364041,-0.5944752,2.0933,1.5831926,1.9457146,-5.3103957,-0.57,-0.004669825,-0.274,0.14380342,-0.2681264,-0.296,1.5978265,-0.327,-0.33647037,1.0618366,-0.274,-0.327,0.36357,0.7823173,-0.2897,1.81991
137,2.301999999999968,1.0,1.0,-1.0,1.0,1.0,-1.0,-1.0,-1.0,-1.0,-1.0,-0.6211917,-0.7843765,-1.0,0.66394097,-0.82702744,-1.0,0.77390283,-1.0,-1.0,-1.0,0.032627404,-1.0,1.0,1.7297378,1.9031041,-0.7611752,2.0933,1.7498925,1.7790147,-5.4770956,-0.57,-0.296,-0.274,0.06033151,-0.44709462,-0.296,1.4589945,-0.15013556,-0.57,1.4832245,-0.274,-0.327,0.36357,0.48425806,-0.2897,1.81991
138,2.3179999999999663,1.0,1.0,-0.555166,1.0,-1.0,1.0,-1.0,-1.0,-1.0,-1.0,-1.0,-1.0,-1.0,0.3255995,-1.0,-1.0,1.0,-1.0,-1.0,-0.53903776,0.27295107,-1.0,1.0,1.8964378,2.0698042,-0.8537214,2.0933,1.5831926,1.9457146,-5.6437955,-0.57,-0.296,-0.274,-0.327,-0.57,-0.296,1.1066118,-0.327,-0.57,1.71,-0.274,-0.327,0.6247581,0.64467925,-0.2897,1.81991
139,2.3339999999999645,1.0,1.0,0.81548095,1.0,1.0,1.0,-1.0,-1.0,-0.020915784,-1.0,0.29274705,-0.2428699,-0.7974141,0.55748045,0.52139026,-0.46284878,-1.0,-0.4021802,0.28090078,-1.0,0.13956554,-1.0,0.7277116,2.0631378,2.0933,-0.7177807,2.0933,1.7498925,2.0933,-5.810496,-0.57,0.68602145,-0.274,0.9948339,-0.13843584,-0.09280637,1.3481159,1.2286215,-0.2638238,-0.296,0.34862933,0.98272103,0.36357,0.55564153,-0.2897,1.5364429
140,2.3519999999999626,-0.13946939,0.001955457,0.051524572,1.0,1.0,1.0,-1.0,0.48903763,-0.20907852,-1.0,0.29187956,-0.04748769,-0.70552015,-0.018204277,0.8133079,0.1334144,-0.104112975,-0.102436855,0.29542875,-1.0,0.5195668,-1.0,-1.0,2.0398881,2.0933,-0.70919156,2.0933,1.9165925,2.0933,-5.9771957,0.27875146,0.49729425,-0.274,0.99394685,-0.027067984,-0.0006367135,0.7485402,1.5271074,0.076046206,0.6025747,0.660812,0.9975759,0.36357,0.80930054,-0.2897,-0.2622
141,2.367999999999961,-0.0053183967,-0.9839834,0.656733,1.0,1.0,1.0,-1.0,1.0,-0.12581494,-1.0,0.6002822,-0.18983814,-1.0,-0.8570522,0.75802755,-0.64780664,0.17731607,0.37094373,0.29867142,-1.0,0.78693634,-1.0,-0.76908684,2.0390017,1.9292699,-0.59971416,2.0933,2.0832925,2.0933,-6.1438956,0.57,0.5808076,-0.274,1.3092885,-0.10820774,-0.296,-0.12511988,1.4705832,-0.3692498,0.884848,1.1538379,1.0008916,0.36357,0.98777544,-0.2897,-0.021806698
142,2.383999999999959,0.34946793,-0.6246287,0.5712428,1.0,1.0,1.0,-1.0,1.0,0.81266296,-1.0,0.70942086,0.60836077,-1.0,-1.0,0.47279647,-1.0,0.6289449,0.523243,0.7734529,-1.0,0.7475749,-1.0,-0.02760475,2.0972579,1.8251444,-0.504488,2.0933,2.2499926,2.0933,-6.283,0.57,1.5221009,-0.274,1.4208828,0.34676564,-0.296,-0.274,1.1789343,-0.57,1.3378317,1.3124576,1.4863555,0.36357,0.9615008,-0.2897,0.75011694
143,2.401999999999957,0.67277676,-1.0,0.14980502,1.0,1.0,1.0,-1.0,1.0,1.0,-1.0,1.0,0.965575,-1.0,-1.0,0.12085273,-1.0,1.0,0.75264317,1.0,-0.9577037,0.7284956,-1.0,0.5393835,2.2094097,1.6584444,-0.4795155,2.0933,2.4166925,2.0933,-6.283,0.57,1.71,-0.274,1.718,0.5503777,-0.296,-0.274,0.8190719,-0.57,1.71,1.5513779,1.718,0.38753572,0.948765,-0.2897,1.3403828
144,2.4179999999999553,0.85329396,-1.0,-0.28315577,1.0,1.0,1.0,-1.0,1.0,1.0,-1.0,1.0,0.99519,-1.0,-1.0,-0.04701791,-1.0,1.0,0.6654075,1.0,-0.77281785,0.68265533,-1.0,0.75540406,2.3516538,1.4917444,-0.52671754,2.0933,2.5833926,2.0933,-6.283,0.57,1.71,-0.274,1.718,0.5672583,-0.296,-0.274,0.64742416,-0.57,1.71,1.4605219,1.718,0.49229482,0.9181656,-0.2897,1.5652722
145,2.4339999999999535,1.0,-1.0,-0.60773754,1.0,1.0,1.0,-1.0,1.0,1.0,-1.0,1.0,0.9990761,-1.0,-0.9343812,-0.0059540365,-1.0,1.0,0.43582946,1.0,-0.881694,0.74787337,-1.0,0.9260014,2.518354,1.3250444,-0.6280274,2.0933,2.7500925,2.0933,-6.283,0.57,1.71,-0.274,1.718,0.5694734,-0.296,-0.205658,0.689412,-0.57,1.71,1.2214164,1.718,0.43060395,0.9617001,-0.2897,1.7428734
146,2.4519999999999516,1.0,-1.0,-0.88113046,1.0,1.0,1.0,-1.0,1.0,1.0,-1.0,1.0,1.0,-1.0,-0.8460737,0.1422696,-1.0,1.0,0.2579785,1.0,-0.97076374,0.811567,-1.0,0.99913055,2.6850538,1.1583444,-0.7749119,2.0933,2.9167926,2.0933,-6.283,0.57,1.71,-0.274,1.718,0.57,-0.296,-0.11368574,0.84097064,-0.57,1.71,1.0361845,1.718,0.38013572,1.0042169,-0.2897,1.8190049
147,2.46799999999995,1.0,-1.0,-1.0,1.0,1.0,1.0,-1.0,1.0,1.0,-1.0,1.0,1.0,-1.0,-0.9281646,0.31327906,-1.0,1.0,-0.0007525217,1.0,-0.87497014,0.8340864,-1.0,1.0,2.851754,0.9916444,-0.9416118,2.0933,3.0527,2.0933,-6.283,0.57,1.71,-0.274,1.718,0.57,-0.296,-0.19918343,1.0158279,-0.57,1.71,0.76671624,1.718,0.4344138,1.0192491,-0.2897,1.81991
148,2.483999999999948,1.0,-1.0,-1.0,1.0,1.0,1.0,-1.0,1.0,1.0,-1.0,1.0,1.0,-1.0,-0.99622303,0.4514792,-0.8393076,1.0,-0.25268143,0.99710375,-0.65087396,0.77676034,-1.0,1.0,3.0184538,0.8249444,-1.1083119,2.0933,3.0527,2.0933,-6.283,0.57,1.71,-0.274,1.718,0.57,-0.296,-0.2700663,1.1571375,-0.47840533,1.71,0.5043323,1.7150385,0.56139004,0.9809827,-0.2897,1.81991
149,2.501999999999946,1.0,-0.886326,-0.99987185,1.0,1.0,1.0,-1.0,1.0,0.8549274,-1.0,1.0,1.0,-1.0,-1.0,0.5713561,-0.70602494,1.0,-0.48427683,0.91746205,-0.4292417,0.7569467,-1.0,1.0,3.0527,0.6771938,-1.2749904,2.0933,3.0527,2.0933,-6.283,0.57,1.5644922,-0.274,1.718,0.57,-0.296,-0.274,1.2797116,-0.40243423,1.71,0.2631257,1.633605,0.68697023,0.9677567,-0.2897,1.81991
150,2.5179999999999443,1.0,-0.5479492,-0.81972754,1.0,1.0,1.0,-1.0,0.5436718,0.7942813,-1.0,1.0,1.0,-1.0,-0.98006904,0.5915165,-0.8012525,0.66593087,-0.4775936,0.7933293,-0.31751177,0.6924267,-1.0,1.0,3.0527,0.58585066,-1.4116391,2.0933,3.0527,2.0933,-6.283,0.30989292,1.5036641,-0.274,1.718,0.57,-0.296,-0.2532419,1.3003256,-0.4567139,1.3749287,0.27008626,1.5066792,0.75027806,0.9246882,-0.2897,1.81991
151,2.5339999999999425,1.0,-0.7185466,-0.8462632,1.0,1.0,1.0,-1.0,0.72466284,0.7203994,-1.0,1.0,1.0,-1.0,-0.9410811,0.5534568,-0.7202772,0.66065985,-0.50163025,0.8854945,-0.22017267,0.669511,-1.0,1.0,3.0527,0.46606895,-1.5527111,2.0933,3.0527,2.0933,-6.283,0.4130578,1.4295605,-0.274,1.718,0.57,-0.296,-0.21263598,1.2614095,-0.410558,1.3696418,0.2450521,1.600918,0.80543184,0.9093915,-0.2897,1.81991
152,2.5519999999999405,1.0,-0.9940413,-1.0,1.0,1.0,1.0,-1.0,0.8800004,0.37051103,-1.0,1.0,1.0,-1.0,-0.87115556,0.5702096,-0.55008376,0.63576025,-0.71581995,0.74417204,-0.2269344,0.70599854,-1.0,1.0,3.0527,0.30036226,-1.7194111,2.0933,3.0527,2.0933,-6.283,0.5016002,1.0786226,-0.274,1.718,0.57,-0.296,-0.13980852,1.2785393,-0.31354773,1.3446676,0.021973517,1.4564159,0.8016006,0.9337477,-0.2897,1.81991
153,2.5679999999999388,1.0,-1.0,-1.0,1.0,1.0,1.0,-1.0,0.74806297,0.034397565,-1.0,1.0,0.8446583,-1.0,-0.7639836,0.64512503,-0.36191398,0.54859704,-0.944351,0.5596912,-0.18690059,0.7384008,-1.0,1.0,3.0527,0.13366227,-1.8861111,2.0933,3.0527,2.0933,-6.283,0.4263959,0.74150074,-0.274,1.718,0.48145524,-0.296,-0.028188927,1.3551403,-0.20629098,1.2572428,-0.21604158,1.2677842,0.8242843,0.9553769,-0.2897,1.81991
154,2.583999999999937,1.0,-1.0,-0.9927333,1.0,1.0,1.0,-1.0,0.5204957,-0.21999702,-1.0,1.0,0.44295788,-1.0,-0.7424602,0.74979234,-0.22970122,0.45172238,-1.0,0.41847897,-0.17536378,0.7530759,-1.0,1.0,3.0527,-0.03303773,-2.0515997,2.0933,3.0527,2.0933,-6.283,0.29668257,0.486343,-0.274,1.718,0.252486,-0.296,-0.0057722894,1.4621626,-0.1309297,1.1600776,-0.274,1.1233947,0.8308213,0.9651729,-0.2897,1.81991
155,2.601999999999935,1.0,-0.8211168,-0.8706758,1.0,1.0,1.0,-1.0,0.3637601,-0.4135045,-1.0,0.84362453,0.0683537,-1.0,-0.64407164,0.8440746,-0.12210196,0.40949237,-1.0,0.2698046,-0.21893945,0.80273855,-1.0,0.7968513,3.0527,-0.1699179,-2.1967413,2.0933,3.0527,2.0933,-6.283,0.20734327,0.29225498,-0.274,1.5581061,0.038961608,-0.296,0.09669939,1.5585663,-0.069598116,1.1177208,-0.274,0.9713752,0.80613065,0.99832374,-0.2897,1.608421
156,2.6179999999999333,1.0,-0.34976196,-0.53596354,1.0,1.0,1.0,-1.0,0.080633625,-0.6047114,-1.0,0.52327555,-0.39639762,-1.0,-0.32561526,0.8326937,-0.05766589,0.2887316,-1.0,-0.07013155,-0.37673151,0.86758864,-1.0,0.44666046,3.0527,-0.22822322,-2.2860866,2.0933,3.0527,2.0933,-6.283,0.045961168,0.100474454,-0.274,1.2305492,-0.22594665,-0.296,0.4283717,1.5469294,-0.032869555,0.9965978,-0.274,0.6237905,0.71672326,1.0416126,-0.2897,1.2438531
157,2.6339999999999315,1.0,-0.19990647,-0.2621082,1.0,1.0,1.0,-1.0,-0.016237509,-0.8190733,-1.0,0.31362286,-0.74939144,-1.0,-0.12798971,0.78039896,0.03936189,0.23568404,-1.0,-0.3261754,-0.48542887,1.0,-1.0,0.18521582,3.0527,-0.26154763,-2.32978,2.0933,3.0527,2.0933,-6.283,-0.009255379,-0.11453054,-0.274,1.0161793,-0.4271531,-0.296,0.6341987,1.4934579,0.022436278,0.9433911,-0.274,0.36198565,0.6551337,1.13,-0.2897,0.97167486
158,2.6519999999999295,0.95045894,-0.1188203,-0.016442543,0.98805654,1.0,1.0,-1.0,0.02385353,-0.85503125,-1.0,0.27580008,-0.7970487,-1.0,-0.11463917,0.74522597,0.0492143,0.23469764,-1.0,-0.34470952,-0.5621641,1.0,-1.0,0.007253805,3.0527,-0.28135496,-2.332521,2.0933,3.0527,2.0933,-6.283,0.013596511,-0.15059635,-0.274,0.97750556,-0.45431775,-0.296,0.6481033,1.4574935,0.028052151,0.9424017,-0.274,0.3430345,0.6116544,1.13,-0.2897,0.78640664
159,2.6679999999999278,0.81095725,-0.06550049,0.19581485,0.9022038,1.0,1.0,-1.0,0.005755771,-0.8452661,-1.0,0.27174106,-0.7873494,-1.0,-0.09420193,0.7412864,0.02779281,0.20005843,-1.0,-0.2862618,-0.6455825,1.0,-1.0,-0.15111807,3.0527,-0.2922739,-2.2998786,2.0933,3.0527,2.0933,-6.283,0.0032807894,-0.1408019,-0.274,0.97335523,-0.44878915,-0.296,0.6693887,1.4534653,0.015841901,0.9076586,-0.274,0.4027973,0.5643883,1.13,-0.2897,0.6215328
160,2.683999999999926,0.70772845,-0.03699445,0.3138691,0.8205121,1.0,1.0,-1.0,-0.02920128,-0.8258512,-1.0,0.29616538,-0.74633074,-1.0,-0.0540402,0.7595315,0.037411626,0.16535091,-1.0,-0.20027687,-0.6917871,1.0,-1.0,-0.26376602,3.0527,-0.29844087,-2.2475567,2.0933,3.0527,2.0933,-6.283,-0.01664473,-0.121328756,-0.274,0.9983291,-0.4254085,-0.296,0.7112171,1.472121,0.021324627,0.87284696,-0.274,0.4907169,0.53820807,1.13,-0.2897,0.50426006
161,2.701999999999924,0.5858676,0.030173667,0.41247308,0.7114151,1.0,1.0,-0.9984022,-0.085280314,-0.81618166,-1.0,0.31829986,-0.6909972,-1.0,-0.014567321,0.79394454,0.062827826,0.10002514,-1.0,-0.095140554,-0.7286756,1.0,-1.0,-0.39217538,3.0527,-0.29341093,-2.1787975,2.0933,3.0527,2.0933,-6.283,-0.04860978,-0.1116302,-0.274,1.0209616,-0.3938684,-0.296,0.75232816,1.5073082,0.03581186,0.80732524,-0.274,0.5982188,0.51730645,1.13,-0.2897,0.37057886
162,2.7179999999999223,0.4462382,0.20177794,0.5643866,0.6104721,1.0,1.0,-0.8612828,-0.1447723,-0.75241864,-1.0,0.38280264,-0.59132737,-1.0,0.028305048,0.75675577,0.043154415,-0.0068902746,-1.0,0.02982088,-0.88512015,1.0,-1.0,-0.48344868,3.0527,-0.25977454,-2.0847142,2.0933,3.0527,2.0933,-6.283,-0.08252022,-0.047675893,-0.274,1.0869157,-0.3370566,-0.296,0.7969797,1.4692827,0.024598017,0.70008904,-0.274,0.72599185,0.42866266,1.13,-0.2897,0.27555832
163,2.7339999999999205,0.32972023,0.41468656,0.72691405,0.597556,1.0,1.0,-0.69040686,-0.13900591,-0.6291876,-1.0,0.45278236,-0.4441944,-1.0,0.060376994,0.6652657,-0.015136125,-0.12068183,-1.0,0.21136342,-1.0,1.0,-1.0,-0.46860656,3.0527,-0.19064629,-1.9635376,2.0933,3.0527,2.0933,-6.283,-0.07923337,0.07592485,-0.274,1.1584699,-0.25319082,-0.296,0.83038265,1.3757342,-0.008627591,0.5859561,-0.274,0.91161907,0.36357,1.13,-0.2897,0.29100978
164,2.7519999999999185,0.2588218,0.57719845,0.8584229,0.6513808,1.0,1.0,-0.5348147,-0.054782163,-0.49993882,-1.0,0.55494815,-0.33056092,-1.0,0.053023748,0.5547557,-0.09671986,-0.20965374,-0.96341246,0.41629645,-1.0,1.0,-1.0,-0.34586647,3.0527,-0.09442732,-1.8204385,2.0933,3.0527,2.0933,-6.283,-0.031225834,0.20556137,-0.274,1.2629344,-0.18841973,-0.296,0.8227242,1.2627376,-0.05513032,0.4967173,-0.23589408,1.1211631,0.36357,1.13,-0.2897,0.41878897
165,2.7679999999999167,0.23971428,0.6291609,0.92375034,0.71399283,1.0,1.0,-0.4291531,0.066489086,-0.39838627,-1.0,0.67124945,-0.266221,-1.0,0.017366702,0.47585252,-0.17568788,-0.22688985,-0.9343233,0.59212285,-1.0,0.9937407,-1.0,-0.17923178,3.0527,0.010453802,-1.6664493,2.0933,3.0527,2.0933,-6.283,0.03789878,0.30741858,-0.274,1.3818525,-0.15174596,-0.296,0.78558743,1.1820592,-0.10014209,0.47942948,-0.20559773,1.3009456,0.36357,1.1258217,-0.2897,0.5922649
166,2.783999999999915,0.26623312,0.5409668,0.90241146,0.7793143,1.0,1.0,-0.42832404,0.1700909,-0.3555477,-1.0,0.7191278,-0.22514714,-1.0,-0.0362596,0.46475646,-0.21499062,-0.1575655,-0.9029854,0.6881226,-1.0,0.99992037,-1.0,-0.056863688,3.0527,0.100632966,-1.5160173,2.0933,3.0527,2.0933,-6.283,0.09695181,0.35038567,-0.274,1.4308082,-0.12833387,-0.296,0.7297356,1.1707134,-0.12254465,0.5489618,-0.17295928,1.3991053,0.36357,1.1299468,-0.2897,0.71965677
167,2.801999999999913,0.32555348,0.34797895,0.798538,0.8597929,1.0,1.0,-0.46393108,0.24328445,-0.3576477,-1.0,0.7122986,-0.20547372,-1.0,-0.10295952,0.48507866,-0.21959597,-0.027915426,-0.8918509,0.7483123,-1.0,1.0,-1.0,0.081025906,3.0527,0.15864106,-1.3829011,2.0933,3.0527,2.0933,-6.283,0.13867214,0.34827936,-0.274,1.4238253,-0.11712002,-0.296,0.66026765,1.1914929,-0.12516971,0.67900085,-0.16136271,1.4606494,0.36357,1.13,-0.2897,0.8632074
168,2.8179999999999112,0.56347644,0.19828892,0.56983316,0.91497236,1.0,1.0,-0.48310813,0.25989258,-0.3452451,-1.0,0.62923086,-0.0353377,-1.0,-0.195454,0.5199518,-0.16106653,0.12682644,-0.83328074,0.77197707,-1.0,1.0,-1.0,0.29548937,3.0527,0.19169582,-1.2879099,2.0933,3.0527,2.0933,-6.283,0.14813878,0.36071917,-0.274,1.3388885,-0.02014249,-0.296,0.5639347,1.2271507,-0.091807924,0.83420694,-0.10036189,1.4848466,0.36357,1.13,-0.2897,1.0864757
169,2.8339999999999095,0.72956425,0.123179145,0.3248687,0.96127343,1.0,1.0,-0.5523102,0.22219811,-0.24434146,-1.0,0.5512538,0.25127625,-1.0,-0.29685724,0.5682181,-0.1227037,0.25341824,-0.79398996,0.7617165,-1.0,0.9644874,-1.0,0.468089,3.0527,0.21222979,-1.2337543,2.0933,3.0527,2.0933,-6.283,0.12665293,0.4619255,-0.274,1.2591571,0.14322746,-0.296,0.45832318,1.276503,-0.06994111,0.9611785,-0.05944054,1.4743551,0.36357,1.1062945,-0.2897,1.2661614
170,2.8519999999999075,0.78920895,0.018129595,0.10514132,1.0,1.0,1.0,-0.59331167,0.23256658,-0.106138684,-1.0,0.55075395,0.5333027,-1.0,-0.43136513,0.6071265,-0.096162915,0.34587154,-0.8059829,0.80917084,-1.0,0.8768916,-1.0,0.6793485,3.0527,0.21525198,-1.2162272,2.0933,3.0527,2.0933,-6.283,0.13256295,0.6005429,-0.274,1.2586459,0.30398256,-0.296,0.31823322,1.3162868,-0.054812863,1.0539092,-0.071931176,1.5228772,0.36357,1.0478225,-0.2897,1.4860942
171,2.8679999999999057,0.87089705,-0.09892654,-0.15818642,1.0,1.0,1.0,-0.6422408,0.27070975,0.048028193,-1.0,0.5934172,0.85756105,-1.0,-0.5926104,0.65679467,-0.07173151,0.42181966,-0.8559324,0.8565679,-0.8682423,0.75444496,-1.0,0.8973176,3.0527,0.19876094,-1.2425969,2.0933,3.0527,2.0933,-6.283,0.15430456,0.75517225,-0.274,1.3022691,0.4888098,-0.296,0.15029626,1.3670726,-0.04088696,1.1300851,-0.12395361,1.5713407,0.43822587,0.96608675,-0.2897,1.713012
172,2.883999999999904,0.9204845,-0.09166848,-0.24614656,1.0,1.0,1.0,-0.7544996,0.25647128,0.09625097,-1.0,0.65631443,1.0,-1.0,-0.6721872,0.7129439,-0.056870047,0.39403585,-0.9284183,0.8579777,-0.673418,0.68792796,-1.0,0.89436924,3.0527,0.1834798,-1.2836294,2.0933,3.0527,2.0933,-6.283,0.14618863,0.80353975,-0.274,1.3665816,0.57,-0.296,0.06741702,1.4244852,-0.032415926,1.1022179,-0.19944763,1.5727822,0.5486163,0.9216852,-0.2897,1.7099426
173,2.901999999999902,0.9341814,-0.058868162,-0.35932228,1.0,1.0,1.0,-0.7839406,0.248093,0.20228973,-1.0,0.7239362,1.0,-1.0,-0.7944269,0.7190494,-0.053149346,0.39000866,-0.9308514,0.85899585,-0.548286,0.62045085,-1.0,0.9871124,3.0527,0.17366648,-1.3435285,2.0933,3.0527,2.0933,-6.283,0.141413,0.9098966,-0.274,1.4357247,0.57,-0.296,-0.059895635,1.430728,-0.030295128,1.0981786,-0.20198174,1.5738232,0.6195179,0.8766428,-0.2897,1.8064933
174,2.9179999999999002,0.9267559,-0.06390702,-0.55736476,1.0,0.95611,1.0,-0.7112249,0.30182362,0.39263114,-1.0,0.8079026,1.0,-1.0,-0.96246815,0.64000666,-0.11279139,0.42761508,-0.7913973,0.8706117,-0.505696,0.57396793,-1.0,1.0,3.0527,0.16301318,-1.4364412,2.0933,3.0527,2.0933,-6.283,0.17203946,1.100809,-0.274,1.5215803,0.57,-0.296,-0.23491058,1.3499068,-0.06429109,1.1358979,-0.05674026,1.5857005,0.64365005,0.84561443,-0.2897,1.81991
175,2.9339999999998985,0.94205844,-0.008645408,-0.76616037,1.0,0.8636962,1.0,-0.49762535,0.4899006,0.6361527,-1.0,0.87511235,1.0,-1.0,-1.0,0.41102463,-0.23219134,0.49682233,-0.50669324,0.8806352,-0.59296775,0.5571258,-1.0,1.0,3.0527,0.161572,-1.5641601,2.0933,3.0527,2.0933,-6.283,0.27924335,1.3450612,-0.274,1.5903023,0.57,-0.296,-0.274,1.1157727,-0.13234906,1.2053128,0.23977898,1.5959495,0.59420055,0.834372,-0.2897,1.81991
176,2.9519999999998965,0.86272293,0.28185135,-0.9149008,1.0,0.82403886,1.0,-0.18185478,0.88246095,0.9089586,-1.0,0.7981066,1.0,-1.0,-1.0,0.027227035,-0.48570368,0.5028884,-0.12524427,0.73056227,-0.81962156,0.572724,-1.0,1.0,3.0527,0.2085566,-1.7166741,2.0933,3.0527,2.0933,-6.283,0.50300276,1.6186855,-0.274,1.511564,0.57,-0.296,-0.274,0.7233396,-0.2768511,1.211397,0.6370581,1.4424999,0.46577513,0.8447841,-0.2897,1.81991
177,2.9679999999998947,0.6401779,0.76129264,-0.73560286,1.0,0.80953753,1.0,0.026923006,1.0,1.0,-1.0,0.6307902,1.0,-1.0,-1.0,-0.25230506,-0.79693145,0.26291016,0.27779156,0.45655954,-1.0,0.6980852,-1.0,1.0,3.0527,0.3354641,-1.8392991,2.0933,3.0527,2.0933,-6.278512,0.57,1.71,-0.274,1.340483,0.57,-0.296,-0.274,0.4375181,-0.45425093,0.9706989,1.0568199,1.1623322,0.36357,0.92846537,-0.2897,1.81991
178,2.983999999999893,0.2611035,1.0,-0.2649125,0.84335846,0.6561969,1.0,0.3027321,1.0,1.0,-0.8944563,0.385738,1.0,-1.0,-0.9769274,-0.5202933,-1.0,0.011979751,0.720872,0.16010495,-1.0,0.89869505,-1.0,0.90515524,3.0527,0.50216407,-1.88346,2.0933,3.0527,2.0933,-6.2280464,0.57,1.71,-0.16407627,1.0899171,0.57,-0.296,-0.24996988,0.1635001,-0.57,0.7190157,1.5182881,0.85920733,0.36357,1.0623767,-0.2897,1.7211714
179,3.001999999999891,0.24276927,1.0,0.43148267,0.58526087,0.19440691,1.0,0.5648301,0.9886658,0.921901,-0.8388099,0.11482314,1.0,-1.0,-0.71813667,-0.71243244,-1.0,-0.2687439,0.74281526,0.026791653,-1.0,1.0,-1.0,0.6917502,3.0527,0.6688641,-1.8115318,2.0933,3.0527,2.0933,-6.133889,0.5635395,1.6316667,-0.10612052,0.8129067,0.57,-0.296,0.01956066,-0.032962173,-0.57,0.43744987,1.5411421,0.7228945,0.36357,1.13,-0.2897,1.4990051
180,3.017999999999889,0.14030382,1.0,0.64172137,0.9076281,0.16994266,1.0,0.5654333,0.8351314,0.84096813,-0.81839496,-0.02936395,1.0,-1.0,-0.66532063,-0.6353635,-1.0,-0.35562438,0.63738614,0.119338386,-1.0,0.9925986,-1.0,0.70377994,3.0527,0.8355641,-1.704557,2.0933,3.0527,2.0933,-6.0396314,0.4760249,1.5504911,-0.08485835,0.66547537,0.57,-0.296,0.07456856,0.0458408,-0.57,0.35030875,1.4313377,0.8175235,0.36357,1.1250594,-0.2897,1.5115286
181,3.0339999999998875,-0.030449413,1.0,0.6316384,1.0,0.38207293,1.0,0.41823703,0.5797709,0.7758973,-0.89676815,-0.05471524,1.0,-1.0,-0.6293551,-0.46891928,-0.9588332,-0.41425082,0.6219831,0.09396138,-1.0,0.88541394,-1.0,0.66748583,3.047624,1.0022641,-1.5992627,2.0933,3.0527,2.0933,-5.9699116,0.33046943,1.485225,-0.16648403,0.63955367,0.57,-0.296,0.11202669,0.21603005,-0.54653496,0.29150644,1.4152954,0.7915755,0.36357,1.0535114,-0.2897,1.4737445
182,3.0519999999998855,-0.11552184,1.0,0.5188545,1.0,0.6934967,1.0,0.22659147,0.46236104,0.56487364,-1.0,0.07736073,1.0,-1.0,-0.65450275,-0.42008534,-0.9511654,-0.45284006,0.67282516,-0.12720372,-1.0,0.83367956,-1.0,0.6148655,3.0283666,1.1689641,-1.5127697,2.0933,3.0527,2.0933,-5.9321384,0.26354578,1.2735683,-0.274,0.77460134,0.57,-0.296,0.08583539,0.26596275,-0.54216427,0.25280142,1.4682474,0.5654342,0.36357,1.0189775,-0.2897,1.4189638
183,3.0679999999998837,-0.115738,1.0,0.3544697,0.89110583,0.88062525,1.0,0.13170081,0.36499304,0.3761694,-1.0,0.23686288,1.0,-1.0,-0.7093131,-0.42806277,-0.9527323,-0.46765572,0.6604046,-0.29982206,-1.0,0.77696675,-1.0,0.6396429,3.009073,1.335664,-1.4536797,2.0933,3.0527,2.0933,-5.910184,0.20804603,1.0842979,-0.274,0.9376923,0.57,-0.296,0.028750412,0.25780582,-0.54305744,0.23794131,1.4553114,0.38893193,0.36357,0.9811205,-0.2897,1.4447584
184,3.083999999999882,-0.057738416,1.0,0.2741059,0.7481107,0.9290401,1.0,0.11090476,0.4212906,0.25641248,-1.0,0.35259625,1.0,-1.0,-0.7778415,-0.46349946,-0.98815125,-0.41532782,0.67624813,-0.389685,-1.0,0.70907855,-1.0,0.71876305,2.999448,1.502364,-1.4079862,2.0933,3.0527,2.0933,-5.8916965,0.24013564,0.9641817,-0.274,1.0560297,0.57,-0.296,-0.04262193,0.2215718,-0.5632462,0.2904262,1.4718125,0.29704708,0.36357,0.9358037,-0.2897,1.5271269
185,3.10199999999988,-0.0053841705,1.0,0.3018596,0.8226989,0.9558477,1.0,0.10523517,0.569832,0.28841475,-1.0,0.41295782,1.0,-1.0,-0.85687894,-0.44808212,-1.0,-0.29233417,0.7425855,-0.37037194,-1.0,0.6912857,-1.0,0.7169934,2.9985504,1.669064,-1.3576661,2.0933,3.0527,2.0933,-5.8741536,0.32480425,0.99628,-0.274,1.1177493,0.57,-0.296,-0.12493941,0.23733604,-0.57,0.41378883,1.5409027,0.3167947,0.36357,0.9239266,-0.2897,1.5252845
186,3.117999999999878,0.05257643,1.0,0.3900603,1.0,1.0,1.0,-0.010905379,0.8982496,0.5144888,-1.0,0.5061564,1.0,-1.0,-0.98165977,-0.35183978,-1.0,-0.0009144321,0.8477468,-0.13263926,-1.0,0.7147055,-1.0,0.6798062,3.007315,1.835764,-1.2926431,2.0933,3.0527,2.0933,-5.8759713,0.5120023,1.2230322,-0.274,1.2130449,0.57,-0.296,-0.25489864,0.3357438,-0.57,0.7060828,1.6504283,0.5598764,0.36357,0.9395598,-0.2897,1.4865706
187,3.1339999999998764,0.3419398,0.43677595,0.37925783,1.0,1.0,1.0,-0.25011826,1.0,1.0,-1.0,0.73023033,1.0,-1.0,-1.0,-0.20085393,-1.0,0.60162896,1.0,0.3512132,-1.0,0.8022729,-1.0,0.826932,3.0527,1.9085747,-1.2294209,2.0933,3.0527,2.0933,-5.9176664,0.57,1.71,-0.274,1.4421605,0.57,-0.296,-0.274,0.49012685,-0.57,1.3104339,1.809,1.0546155,0.36357,0.99801296,-0.2897,1.6397367
188,3.1519999999998745,0.6074778,-0.20767877,0.24486753,1.0,1.0,1.0,-0.57577807,1.0,1.0,-1.0,0.99030143,1.0,-1.0,-1.0,-0.09827886,-1.0,1.0,1.0,0.79016334,-1.0,0.8242566,-1.0,0.9541475,3.0527,1.8739545,-1.1886014,2.0933,3.0527,2.0933,-6.0136485,0.57,1.71,-0.274,1.7080833,0.57,-0.296,-0.274,0.59500986,-0.57,1.71,1.809,1.503442,0.36357,1.0126876,-0.2897,1.7721751
189,3.1679999999998727,0.61514014,-0.5332402,0.3111952,1.0,1.0,1.0,-0.8176071,1.0,1.0,-1.0,1.0,1.0,-1.0,-1.0,-0.031196902,-1.0,1.0,1.0,1.0,-1.0,0.8779335,-1.0,0.8848662,3.0527,1.7850635,-1.1367252,2.0933,3.0527,2.0933,-6.1499434,0.57,1.71,-0.274,1.718,0.57,-0.296,-0.274,0.66360116,-0.57,1.71,1.809,1.718,0.36357,1.048518,-0.2897,1.7000494
190,3.183999999999871,0.71306664,-0.6959938,0.22763307,1.0,1.0,1.0,-0.94400656,1.0,1.0,-1.0,1.0,1.0,-1.0,-1.0,0.0002992954,-1.0,1.0,1.0,1.0,-1.0,0.87968916,-1.0,0.88862205,3.0527,1.6690413,-1.0987787,2.0933,3.0527,2.0933,-6.283,0.57,1.71,-0.274,1.718,0.57,-0.296,-0.274,0.695806,-0.57,1.71,1.809,1.718,0.36357,1.0496899,-0.2897,1.7039595
191,3.201999999999869,0.6392794,-0.7189352,0.2803992,1.0,1.0,1.0,-0.95134133,1.0,1.0,-1.0,1.0,1.0,-1.0,-1.0,-0.009255597,-1.0,1.0,1.0,1.0,-1.0,0.91235894,-1.0,0.80738944,3.0527,1.5491948,-1.0520362,2.0933,3.0527,2.0933,-6.283,0.57,1.71,-0.274,1.718,0.57,-0.296,-0.274,0.68603617,-0.57,1.71,1.809,1.718,0.36357,1.0714977,-0.2897,1.6193918
192,3.217999999999867,0.6219162,-0.7907884,0.33947736,1.0,1.0,1.0,-0.99795306,1.0,1.0,-1.0,1.0,1.0,-1.0,-1.0,-0.004381785,-1.0,1.0,1.0,1.0,-1.0,0.9450336,-1.0,0.7245819,3.0527,1.4173703,-0.9954453,2.0933,3.0527,2.0933,-6.283,0.57,1.71,-0.274,1.718,0.57,-0.296,-0.274,0.69101965,-0.57,1.71,1.809,1.718,0.36357,1.0933088,-0.2897,1.5331846
193,3.2339999999998654,0.6844277,-0.81780726,0.3273933,1.0,1.0,1.0,-0.9802438,1.0,1.0,-1.0,1.0,1.0,-1.0,-1.0,-0.01844553,-1.0,1.0,1.0,1.0,-1.0,0.98476315,-1.0,0.7204316,3.0527,1.2810419,-0.94086885,2.0933,3.0527,2.0933,-6.283,0.57,1.71,-0.274,1.718,0.57,-0.296,-0.274,0.67663944,-0.57,1.71,1.809,1.718,0.36357,1.119829,-0.2897,1.5288639
194,3.2519999999998634,0.79615575,-0.8841116,0.24964201,1.0,1.0,1.0,-0.93458104,1.0,1.0,-1.0,1.0,1.0,-1.0,-1.0,-0.020116398,-1.0,1.0,1.0,1.0,-1.0,1.0,-1.0,0.780304,3.0527,1.1336604,-0.89925355,2.0933,3.0527,2.0933,-6.283,0.57,1.71,-0.274,1.718,0.57,-0.296,-0.274,0.674931,-0.57,1.71,1.809,1.718,0.36357,1.13,-0.2897,1.5911944
195,3.2679999999998617,0.8006707,-1.0,-0.10658064,1.0,1.0,1.0,-0.81314605,1.0,1.0,-1.0,1.0,1.0,-1.0,-1.0,-0.0060764644,-1.0,1.0,1.0,0.95979744,-1.0,1.0,-1.0,0.96309966,3.0527,0.9669605,-0.91702056,2.0933,3.0527,2.0933,-6.283,0.57,1.71,-0.274,1.718,0.57,-0.296,-0.274,0.6892868,-0.57,1.71,1.809,1.6768929,0.36357,1.13,-0.2897,1.7814947
196,3.28399999999986,0.5253061,-1.0,-0.2893253,1.0,1.0,0.8935176,-0.801142,1.0,1.0,-1.0,1.0,1.0,-1.0,-1.0,-0.028327683,-1.0,1.0,1.0,0.79307455,-1.0,1.0,-1.0,1.0,3.0527,0.8002605,-0.9652511,2.0933,3.0527,2.0933,-6.283,0.57,1.71,-0.274,1.718,0.57,-0.296,-0.274,0.66653496,-0.57,1.71,1.809,1.5064187,0.36357,1.13,-0.2897,1.81991
197,3.301999999999858,0.24579093,-1.0,-0.39348733,1.0,1.0,0.6883881,-0.8318984,1.0,1.0,-1.0,1.0,1.0,-1.0,-1.0,-0.14147212,-1.0,1.0,1.0,0.71245825,-1.0,1.0,-1.0,1.0,3.0527,0.6335605,-1.0308454,2.0933,3.0527,2.0933,-6.283,0.57,1.71,-0.274,1.718,0.57,-0.296,-0.274,0.5508448,-0.57,1.71,1.809,1.4239886,0.36357,1.13,-0.2897,1.81991
198,3.317999999999856,0.07821009,-1.0,-0.47983706,1.0,1.0,0.42429605,-0.7520215,1.0,1.0,-1.0,1.0,1.0,-1.0,-1.0,-0.2711447,-1.0,1.0,1.0,0.71723104,-1.0,1.0,-1.0,1.0,3.0527,0.4668605,-1.1108342,2.0933,3.0527,2.0933,-6.283,0.57,1.71,-0.274,1.718,0.57,-0.296,-0.274,0.41825455,-0.57,1.71,1.809,1.4288688,0.36357,1.13,-0.2897,1.81991
199,3.3339999999998544,0.087776445,-1.0,-0.5579379,1.0,1.0,-0.06673464,-0.47755814,1.0,1.0,-1.0,1.0,1.0,-1.0,-1.0,-0.4223836,-1.0,1.0,0.87913364,0.7250231,-1.0,1.0,-1.0,1.0,3.0527,0.3001605,-1.2038425,2.0933,3.0527,2.0821753,-6.283,0.57,1.71,-0.274,1.718,0.57,-0.296,-0.274,0.26361278,-0.57,1.71,1.6831177,1.4368361,0.36357,1.13,-0.2897,1.81991
200,3.3519999999998524,0.09093962,-1.0,-0.6562172,1.0,1.0,-0.18347344,-0.3326795,1.0,1.0,-1.0,1.0,1.0,-1.0,-1.0,-0.51074636,-1.0,1.0,0.79837257,0.839721,-1.0,1.0,-1.0,1.0,3.0527,0.13346049,-1.3132339,2.0933,3.0527,2.0515902,-6.283,0.57,1.71,-0.274,1.718,0.57,-0.296,-0.274,0.17326185,-0.57,1.71,1.599005,1.5541147,0.36357,1.13,-0.2897,1.81991
201,3.3679999999998507,-0.00029134098,-1.0,-0.72580534,1.0,1.0,-0.1413872,-0.2550134,1.0,1.0,-1.0,1.0,1.0,-1.0,-0.7051434,-0.59592795,-1.0,1.0,0.65111214,0.9264932,-1.0,1.0,-1.0,1.0,3.0526514,-0.03323951,-1.4342257,2.0933,3.0527,2.028021,-6.283,0.57,1.71,-0.274,1.718,0.57,-0.296,0.03309316,0.08616367,-0.57,1.71,1.4456333,1.6428393,0.36357,1.13,-0.2897,1.81991
202,3.3859999999998487,-0.003711068,-1.0,-0.8319058,1.0,1.0,0.019714085,-0.3221097,1.0,1.0,-1.0,1.0,0.62773633,-1.0,-0.21372908,-0.69214916,-1.0,1.0,0.32205766,1.0,-1.0,1.0,-1.0,1.0,3.0520327,-0.1999395,-1.5729043,2.0933,3.0527,2.0313075,-6.283,0.57,1.71,-0.274,1.718,0.35780972,-0.296,0.54490113,-0.012222518,-0.57,1.71,1.102923,1.718,0.36357,1.13,-0.2897,1.81991
203,3.401999999999847,0.099554665,-1.0,-0.87006015,1.0,1.0,0.1468009,-0.4494334,1.0,1.0,-1.0,1.0,0.040776387,-1.0,0.17764401,-0.71484804,-1.0,1.0,0.034578487,1.0,-1.0,1.0,-1.0,1.0,3.0527,-0.3666395,-1.7179434,2.0933,3.0527,2.0557792,-6.283,0.57,1.71,-0.274,1.718,0.02324254,-0.296,0.95251626,-0.035432123,-0.57,1.71,0.80351347,1.718,0.36357,1.13,-0.2897,1.81991
204,3.417999999999845,1.0,-0.7058137,-0.8029108,1.0,1.0,0.27873954,-0.8045212,1.0,1.0,-1.0,1.0,0.7254582,-1.0,-0.78326654,-0.7128003,-1.0,1.0,0.056608245,1.0,-1.0,1.0,-1.0,1.0,3.0527,-0.48429865,-1.8517886,2.0933,3.0527,2.0933,-6.283,0.57,1.71,-0.274,1.718,0.4135112,-0.296,-0.048272107,-0.03333833,-0.57,1.71,0.8264575,1.718,0.36357,1.13,-0.2897,1.81991
205,3.435999999999843,1.0,-1.0,-0.74572986,1.0,1.0,1.0,-1.0,1.0,0.44888863,-1.0,1.0,0.7242853,-1.0,-1.0,-0.34350255,-1.0,1.0,-0.38581592,0.8044732,-0.5557318,0.8586582,-1.0,1.0,3.0527,-0.65099865,-1.9761018,2.0933,3.0527,2.0933,-6.283,0.57,1.1572353,-0.274,1.718,0.41284263,-0.296,-0.274,0.34426865,-0.57,1.71,0.3656727,1.5180739,0.61529905,1.0356513,-0.2897,1.81991
206,3.4519999999998414,1.0,-0.8184482,-0.62480515,1.0,1.0,1.0,-1.0,0.4902327,-0.53204644,-1.0,0.65748554,-0.27858177,-1.0,-0.43796214,0.4316472,-0.30739355,0.37438947,-0.93549305,0.22655298,-0.12709188,1.0,-1.0,0.83214927,3.0527,-0.787434,-2.0802567,2.0933,3.0527,2.0933,-6.283,0.27943265,0.17335743,-0.274,1.367779,-0.1587916,-0.296,0.31136242,1.1368593,-0.17521432,1.0825126,-0.20681602,0.9271504,0.85817283,1.13,-0.2897,1.6451682
207,3.4679999999998397,0.5854933,-0.33287752,-0.14465249,1.0,1.0,1.0,-1.0,-0.3456036,-0.5769789,-1.0,0.3626779,-1.0,-1.0,-0.1968551,0.5284603,-0.3821031,0.26990572,-0.7788101,-0.33890966,-0.36436146,1.0,-1.0,0.6261377,3.0527,-0.84292465,-2.1043704,2.0933,3.0527,2.0933,-6.283,-0.19699404,0.12829015,-0.274,1.0663382,-0.57,-0.296,0.56247544,1.2358507,-0.21779875,0.97771543,-0.0436307,0.34896487,0.72373235,1.13,-0.2897,1.4306988
208,3.4859999999998377,0.518304,-0.41127038,-0.28055596,1.0,1.0,1.0,-1.0,-0.55404085,-0.7327451,-1.0,0.35387412,-1.0,-1.0,0.071355276,0.7173039,-0.025656285,0.29947826,-0.9730074,-0.61724216,-0.29348394,1.0,-1.0,0.3587674,3.0527,-0.9114834,-2.151139,2.0933,3.0527,2.0933,-6.283,-0.3158033,-0.027943347,-0.274,1.0573363,-0.57,-0.296,0.84181654,1.4289432,-0.0146240825,1.0073767,-0.24588719,0.064369895,0.7638926,1.13,-0.2897,1.1523516
209,3.501999999999836,0.4712487,-0.299389,-0.18873775,1.0,1.0,1.0,-1.0,-0.59338033,-0.7791946,-1.0,0.3093064,-0.998179,-1.0,0.12154692,0.81066906,0.054644044,0.23237497,-0.9697002,-0.6702946,-0.31914434,1.0,-1.0,0.07109077,3.0527,-0.96139157,-2.1826017,2.0933,3.0527,2.0933,-6.283,-0.3382268,-0.07453217,-0.274,1.0117658,-0.56896204,-0.296,0.8940911,1.5244092,0.031147106,0.9400721,-0.24244277,0.010123789,0.74935305,1.13,-0.2897,0.8528644
210,3.517999999999834,0.49916014,-0.21400428,-0.06413356,1.0,1.0,1.0,-1.0,-0.542234,-0.76824117,-1.0,0.3305603,-0.9347298,-1.0,0.112567715,0.84914947,0.06309712,0.16902158,-0.93353295,-0.6402835,-0.4295842,1.0,-1.0,-0.095203824,3.0527,-0.9970661,-2.1932926,2.0933,3.0527,2.0933,-6.283,-0.3090734,-0.06354589,-0.274,1.0334979,-0.53279597,-0.296,0.8847393,1.5637553,0.035965357,0.8765286,-0.20477457,0.040810097,0.68677616,1.13,-0.2897,0.6797426
211,3.535999999999832,0.58423084,-0.093315355,0.105727725,1.0,1.0,1.0,-1.0,-0.38826644,-0.7527245,-1.0,0.4030812,-0.8453432,-1.0,0.042448334,0.83669096,0.0069002486,0.102628015,-0.95367634,-0.4894666,-0.59420896,1.0,-1.0,-0.18627794,3.0527,-1.0126218,-2.1756678,2.0933,3.0527,2.0933,-6.283,-0.22131187,-0.0479827,-0.274,1.1076505,-0.48184562,-0.296,0.81170994,1.5510164,0.0039331415,0.8099359,-0.22575392,0.19502039,0.5934973,1.13,-0.2897,0.5849294
212,3.5519999999998304,0.6812137,0.018610008,0.25255898,0.99819964,1.0,1.0,-1.0,-0.21295907,-0.78712857,-1.0,0.41906688,-0.8252094,-1.0,-0.06739075,0.7958522,-0.041524414,0.050304882,-1.0,-0.3291334,-0.6550414,1.0,-1.0,-0.2656129,3.0527,-1.0095195,-2.1335664,2.0933,3.0527,2.0933,-6.283,-0.12138667,-0.08248995,-0.274,1.1239959,-0.47036934,-0.296,0.69731253,1.5092589,-0.023668915,0.7574558,-0.274,0.3589611,0.55902874,1.13,-0.2897,0.50233734
213,3.5679999999998286,0.7832615,0.09474946,0.400871,0.9209799,1.0,1.0,-1.0,-0.07653333,-0.8348703,-1.0,0.48248205,-0.8280636,-1.0,-0.17804405,0.75153303,-0.059579197,-0.0050467923,-1.0,-0.20132874,-0.69204605,1.0,-1.0,-0.29656532,3.0527,-0.9937247,-2.066741,2.0933,3.0527,2.0933,-6.283,-0.043624,-0.1303749,-0.274,1.1888379,-0.47199625,-0.296,0.58206713,1.4639425,-0.03396014,0.7019381,-0.274,0.48964137,0.5380613,1.13,-0.2897,0.4701142
214,3.5859999999998267,0.8908681,0.06750191,0.4858701,0.92012733,1.0,1.0,-1.0,0.03041612,-0.8247936,-1.0,0.58234096,-0.80344963,-1.0,-0.2150855,0.72971153,-0.03968412,-0.012750693,-1.0,-0.14059342,-0.7391123,1.0,-1.0,-0.2632147,3.0527,-0.9824722,-1.9857465,2.0933,3.0527,2.0933,-6.283,0.017337188,-0.12026796,-0.274,1.2909436,-0.4579663,-0.296,0.54348844,1.44163,-0.022619948,0.69421107,-0.274,0.5517432,0.5113929,1.13,-0.2897,0.504834
215,3.601999999999825,0.9225944,0.09443975,0.54943055,0.9275578,1.0,1.0,-1.0,0.10279904,-0.75921965,-1.0,0.6261098,-0.77939534,-1.0,-0.23561025,0.73710525,-0.03099245,0.017304055,-1.0,-0.04179705,-0.70698416,1.0,-1.0,-0.27126628,3.0527,-0.96672904,-1.8941565,2.0933,3.0527,2.0933,-6.283,0.058595456,-0.054497305,-0.274,1.3356973,-0.44425535,-0.296,0.52211195,1.4491901,-0.017665697,0.724356,-0.274,0.65276253,0.52959716,1.13,-0.2897,0.49645188
216,3.617999999999823,0.98787147,0.1007886,0.6170514,0.91296613,1.0,1.0,-1.0,0.18423997,-0.68722963,-1.0,0.65454316,-0.6875675,-1.0,-0.27109796,0.7340164,-0.041237358,0.011197321,-1.0,0.09581336,-0.7935865,1.0,-1.0,-0.20311622,3.0527,-0.94992757,-1.791294,2.0933,3.0527,2.0933,-6.283,0.10501678,0.017708678,-0.274,1.3647704,-0.39191347,-0.296,0.48515147,1.4460318,-0.023505295,0.7182309,-0.274,0.79346913,0.48052698,1.13,-0.2897,0.56739986
217,3.635999999999821,1.0,0.043255217,0.64311713,0.91863143,1.0,1.0,-1.0,0.21957909,-0.613027,-1.0,0.6933623,-0.6109436,-1.0,-0.26361853,0.74353456,-0.040819112,0.03954398,-1.0,0.18004154,-0.8751475,1.0,-1.0,-0.13504453,3.0527,-0.94271696,-1.6840863,2.0933,3.0527,2.0933,-6.283,0.12516008,0.09213394,-0.274,1.4044629,-0.34823787,-0.296,0.4929413,1.455764,-0.023266895,0.7466626,-0.274,0.8795925,0.4343133,1.13,-0.2897,0.6382662
218,3.6519999999998194,0.99866277,0.016923316,0.70028985,0.9034688,1.0,1.0,-0.93589026,0.24164818,-0.5295349,-1.0,0.73339397,-0.5393839,-1.0,-0.24136251,0.74129987,-0.06062079,0.03886061,-1.0,0.29227763,-1.0,1.0,-1.0,-0.09301516,3.0527,-0.9398958,-1.5673481,2.0933,3.0527,2.0933,-6.283,0.13773946,0.17587651,-0.274,1.4453954,-0.3074488,-0.296,0.516121,1.4534792,-0.03455385,0.7459772,-0.274,0.9943539,0.36357,1.13,-0.2897,0.6820211
219,3.6679999999998176,0.92777485,0.037413724,0.7951906,0.8640788,1.0,1.0,-0.7640942,0.27619696,-0.44335547,-1.0,0.80366915,-0.4768513,-1.0,-0.22288191,0.72582763,-0.09355426,-0.0020800456,-1.0,0.46531397,-1.0,1.0,-1.0,-0.0855171,3.0527,-0.93365896,-1.4347898,2.0933,3.0527,2.0933,-6.283,0.15743226,0.26231447,-0.274,1.5172517,-0.27180526,-0.296,0.5353685,1.4376588,-0.05332593,0.70491374,-0.274,1.1712835,0.36357,1.13,-0.2897,0.68982697
220,3.6859999999998156,0.87414145,0.06346954,0.89928406,0.8581002,1.0,1.0,-0.5728006,0.39630735,-0.32858625,-1.0,0.92588204,-0.3786876,-1.0,-0.25140524,0.66960967,-0.13010156,-0.029230185,-0.8855663,0.71969783,-1.0,1.0,-1.0,-0.04142665,3.0527,-0.9230786,-1.2848791,2.0933,3.0527,2.0933,-6.283,0.2258952,0.377428,-0.274,1.6422144,-0.21585193,-0.296,0.5056614,1.3801758,-0.07415789,0.6776821,-0.1548173,1.431391,0.36357,1.13,-0.2897,0.73572755
221,3.701999999999814,0.94914097,0.027252562,0.8817359,1.0,1.0,1.0,-0.42394382,0.582561,-0.03581009,-1.0,1.0,-0.13863306,-1.0,-0.40933412,0.604629,-0.15727735,0.08508884,-0.6248649,0.96849245,-1.0,1.0,-1.0,0.16944434,3.0527,-0.9185356,-1.1378938,2.0933,3.0527,2.0933,-6.283,0.33205977,0.6710825,-0.274,1.718,-0.07902084,-0.296,0.3411785,1.3137331,-0.08964809,0.7923441,0.116703235,1.6857835,0.36357,1.13,-0.2897,0.95525587
222,3.717999999999812,1.0,-0.05700957,0.622148,1.0,1.0,1.0,-0.41811335,0.6314709,0.32598695,-1.0,0.99930125,0.24760316,-1.0,-0.6119824,0.63428754,-0.15696257,0.29834583,-0.37817162,1.0,-1.0,1.0,-1.0,0.40688598,3.0527,-0.9280391,-1.0341817,2.0933,3.0527,2.0933,-6.283,0.3599384,1.0339649,-0.274,1.7172855,0.1411338,-0.296,0.13012032,1.344059,-0.089468665,1.0062408,0.37363425,1.718,0.36357,1.13,-0.2897,1.2024456
223,3.73599999999981,1.0,-0.11813932,0.42890406,1.0,1.0,1.0,-0.36708105,0.7095773,0.6664411,-1.0,1.0,0.6159631,-1.0,-0.8085668,0.62456393,-0.19482237,0.46023425,-0.22765787,1.0,-1.0,1.0,-1.0,0.70446754,3.0527,-0.9477329,-0.9626834,2.0933,3.0527,2.0933,-6.283,0.40445906,1.3754404,-0.274,1.718,0.35109895,-0.296,-0.07462233,1.3341166,-0.11104875,1.168615,0.5303943,1.718,0.36357,1.13,-0.2897,1.5122445
224,3.7519999999998084,1.0,-0.21031028,0.18089823,1.0,1.0,1.0,-0.3364668,0.87711793,1.0,-1.0,1.0,1.0,-1.0,-1.0,0.5753042,-0.2137754,0.61740535,-0.123979524,1.0,-1.0,1.0,-1.0,1.0,3.0527,-0.98279166,-0.93252766,2.0933,3.0527,2.0933,-6.283,0.49995723,1.71,-0.274,1.718,0.57,-0.296,-0.274,1.2837485,-0.12185197,1.3262576,0.63837534,1.718,0.36357,1.13,-0.2897,1.81991
225,3.7679999999998066,1.0,-0.27065176,-0.15293337,1.0,0.94638854,1.0,-0.25262928,1.0,1.0,-1.0,1.0,1.0,-1.0,-1.0,0.4058307,-0.26089126,0.78171486,-0.06040688,1.0,-1.0,0.9909602,-1.0,1.0,3.0527,-1.0279093,-0.95802164,2.0933,3.0527,2.0933,-6.283,0.57,1.71,-0.274,1.718,0.57,-0.296,-0.274,1.110462,-0.14870802,1.49106,0.7045862,1.718,0.36357,1.1239657,-0.2897,1.81991
226,3.7859999999998046,1.0,-0.1688233,-0.38178378,1.0,0.76606596,1.0,-0.23331296,1.0,1.0,-1.0,1.0,1.0,-1.0,-1.0,0.14207645,-0.38191587,0.94003814,0.05104308,1.0,-1.0,0.9579334,-1.0,1.0,3.0527,-1.0560521,-1.021665,2.0933,3.0527,2.0933,-6.283,0.57,1.71,-0.274,1.718,0.57,-0.296,-0.274,0.84077317,-0.21769205,1.6498582,0.82066137,1.718,0.36357,1.1019197,-0.2897,1.81991
227,3.801999999999803,1.0,-0.04557123,-0.58452314,1.0,0.5775137,1.0,-0.26820427,1.0,1.0,-1.0,1.0,1.0,-1.0,-1.0,-0.03613857,-0.5902642,1.0,0.21944807,1.0,-1.0,1.0,-1.0,1.0,3.0527,-1.0636488,-1.119105,2.0933,3.0527,2.0933,-6.283,0.57,1.71,-0.274,1.718,0.57,-0.296,-0.274,0.6585483,-0.3364506,1.71,0.9960552,1.718,0.36357,1.13,-0.2897,1.81991
228,3.817999999999801,1.0,0.068199374,-0.6892806,1.0,0.37246597,1.0,-0.32506466,1.0,1.0,-1.0,1.0,1.0,-1.0,-1.0,-0.10962997,-0.73993665,0.9920191,0.340082,1.0,-1.0,1.0,-1.0,1.0,3.0527,-1.0522801,-1.2340081,2.0933,3.0527,2.0933,-6.283,0.57,1.71,-0.274,1.718,0.57,-0.296,-0.274,0.58340335,-0.4217639,1.7019951,1.1216954,1.718,0.36357,1.13,-0.2897,1.81991
229,3.835999999999799,1.0,0.20867455,-0.4822504,1.0,0.37286317,1.0,-0.43333292,1.0,1.0,-1.0,1.0,1.0,-1.0,-1.0,-0.22726028,-1.0,0.97571737,0.5550892,1.0,-1.0,1.0,-1.0,1.0,3.0527,-1.017494,-1.3143992,2.0933,3.0527,2.0933,-6.283,0.57,1.71,-0.274,1.718,0.57,-0.296,-0.274,0.46312636,-0.57,1.6856445,1.3456254,1.718,0.36357,1.13,-0.2897,1.81991
230,3.8519999999997974,1.0,0.46537876,-0.3194911,1.0,0.45369607,1.0,-0.4770437,1.0,1.0,-1.0,1.0,1.0,-1.0,-1.0,-0.34417322,-1.0,0.92555726,0.7176194,1.0,-1.0,1.0,-1.0,1.0,3.0527,-0.9399153,-1.3676584,2.0933,3.0527,2.0933,-6.283,0.57,1.71,-0.274,1.718,0.57,-0.296,-0.274,0.34358287,-0.57,1.6353339,1.5149007,1.718,0.36357,1.13,-0.2897,1.81991
231,3.8679999999997956,1.0,0.67271006,-0.48908406,1.0,0.41000843,1.0,-0.42683822,1.0,1.0,-1.0,1.0,1.0,-1.0,-1.0,-0.41721132,-1.0,0.941228,0.78031105,1.0,-1.0,1.0,-1.0,1.0,3.0527,-0.8277746,-1.4491887,2.0933,3.0527,2.0933,-6.283,0.57,1.71,-0.274,1.718,0.57,-0.296,-0.274,0.2689014,-0.57,1.6510516,1.580194,1.718,0.36357,1.13,-0.2897,1.81991
232,3.8859999999997936,1.0,0.948187,-0.5353766,1.0,0.22691755,1.0,-0.3913526,1.0,1.0,-1.0,1.0,1.0,-1.0,-1.0,-0.4560619,-1.0,1.0,1.0,1.0,-1.0,1.0,-1.0,1.0,3.0527,-0.66971177,-1.5384359,2.0933,3.0527,2.0933,-6.283,0.57,1.71,-0.274,1.718,0.57,-0.296,-0.274,0.22917672,-0.57,1.71,1.809,1.718,0.36357,1.13,-0.2897,1.81991
233,3.901999999999792,1.0,1.0,-0.5399662,1.0,-0.002634272,1.0,-0.29648584,1.0,1.0,-1.0,1.0,1.0,-1.0,-1.0,-0.52056867,-1.0,1.0,1.0,1.0,-1.0,1.0,-1.0,1.0,3.0527,-0.50301176,-1.6284484,2.0933,3.0522609,2.0933,-6.283,0.57,1.71,-0.274,1.718,0.57,-0.296,-0.274,0.16321854,-0.57,1.71,1.809,1.718,0.36357,1.13,-0.2897,1.81991
234,3.91799999999979,1.0,1.0,-0.51830304,1.0,-0.19068821,1.0,-0.20709401,1.0,1.0,-1.0,1.0,1.0,-1.0,-1.0,-0.55667317,-1.0,1.0,1.0,1.0,-1.0,1.0,-1.0,1.0,3.0527,-0.3363118,-1.7148495,2.0933,3.0204732,2.0933,-6.283,0.57,1.71,-0.274,1.718,0.57,-0.296,-0.274,0.12630169,-0.57,1.71,1.809,1.718,0.36357,1.13,-0.2897,1.81991
235,3.935999999999788,1.0,1.0,-0.058279462,1.0,-0.9073599,-0.07992056,0.33839875,1.0,1.0,-1.0,1.0,1.0,-1.0,-0.94818735,-0.7966212,-1.0,1.0,1.0,1.0,-1.0,1.0,-1.0,1.0,3.0527,-0.16961178,-1.7245647,2.0933,2.8692162,2.0799773,-6.2265887,0.57,1.71,-0.274,1.718,0.57,-0.296,-0.22003713,-0.11904518,-0.57,1.71,1.809,1.718,0.36357,1.13,-0.2897,1.81991
236,3.9519999999997864,1.0,1.0,-0.52615625,1.0,-0.98161554,-1.0,0.0729726,1.0,1.0,-1.0,1.0,1.0,-1.0,-0.9352825,-0.8717905,-1.0,1.0,1.0,0.66498095,-1.0,1.0,-1.0,1.0,3.0527,-0.0029117872,-1.8122749,2.0933,2.705581,1.9132773,-6.2144246,0.57,1.71,-0.274,1.718,0.57,-0.296,-0.20659675,-0.19590582,-0.57,1.71,1.809,1.375443,0.36357,1.13,-0.2897,1.81991
237,3.9679999999997846,1.0,1.0,-0.40693998,1.0,-0.9693252,-1.0,-0.14653474,1.0,1.0,-1.0,1.0,1.0,-1.0,-0.8792198,-0.79013467,-1.0,1.0,1.0,0.6622216,-1.0,1.0,-1.0,1.0,3.0527,0.16378821,-1.8801118,2.0933,2.5439944,1.7465773,-6.2388515,0.57,1.71,-0.274,1.718,0.57,-0.296,-0.1482074,-0.1124127,-0.57,1.71,1.809,1.3726217,0.36357,1.13,-0.2897,1.81991
238,3.9859999999997826,1.0,1.0,-0.6442902,1.0,-0.75096416,-0.8578745,-0.22681075,1.0,1.0,-1.0,1.0,1.0,-1.0,-0.77780277,-0.7388544,-1.0,1.0,1.0,0.7182053,-1.0,1.0,-1.0,1.0,3.0527,0.3304882,-1.987515,2.0933,2.4188087,1.6035695,-6.276661,0.57,1.71,-0.274,1.718,0.57,-0.296,-0.04258158,-0.059978634,-0.57,1.71,1.809,1.4298649,0.36357,1.13,-0.2897,1.81991
239,4.001999999999781,1.0,1.0,-0.8261651,1.0,-0.6988623,-0.2605605,-0.28242654,1.0,1.0,-1.0,1.0,1.0,-1.0,-0.7655213,-0.7352259,-1.0,1.0,1.0,0.75028473,-1.0,1.0,-1.0,1.0,3.0527,0.4971882,-2.1252367,2.0933,2.3023083,1.5601342,-6.283,0.57,1.71,-0.274,1.718,0.57,-0.296,-0.029790422,-0.0562685,-0.57,1.71,1.809,1.4626662,0.36357,1.13,-0.2897,1.81991
240,4.0179999999997795,1.0,1.0,-0.18030336,1.0,-0.6048441,-0.16223213,-0.70028585,1.0,1.0,-1.0,1.0,1.0,-1.0,-0.6636561,-0.6625313,-1.0,1.0,1.0,0.70049506,-1.0,1.0,-1.0,1.0,3.0527,0.6638882,-2.1552932,2.0933,2.2014809,1.53309,-6.283,0.57,1.71,-0.274,1.718,0.57,-0.296,0.076302156,0.01806173,-0.57,1.71,1.809,1.4117562,0.36357,1.13,-0.2897,1.81991
241,4.0359999999997775,1.0,1.0,0.34149224,1.0,-0.29421926,0.186968,-0.6740455,1.0,1.0,-1.0,1.0,1.0,-1.0,-0.67901915,-0.6921048,-1.0,1.0,0.92458,0.9591393,-1.0,1.0,-1.0,1.0,3.0527,0.8305882,-2.0983665,2.0933,2.1524346,1.5642576,-6.283,0.57,1.71,-0.274,1.718,0.57,-0.296,0.060301553,-0.012177175,-0.57,1.71,1.73045,1.6762199,0.36357,1.13,-0.2897,1.81991
242,4.051999999999776,1.0,1.0,0.5171182,1.0,0.4580809,0.15560594,-0.5399985,1.0,1.0,-1.0,1.0,1.0,-1.0,-0.4082502,-0.59862185,-1.0,1.0,0.92672426,1.0,-1.0,1.0,-1.0,1.0,3.0527,0.9972882,-2.012163,2.0933,2.2287965,1.5901971,-6.283,0.57,1.71,-0.274,1.718,0.57,-0.296,0.3423074,0.08340916,-0.57,1.71,1.7326833,1.718,0.36357,1.13,-0.2897,1.81991
243,4.067999999999774,1.0,1.0,0.6289596,1.0,0.8710426,0.1109564,-0.4081471,1.0,1.0,-1.0,0.9984434,1.0,-1.0,-0.16449463,-0.56563956,-1.0,1.0,1.0,1.0,-1.0,1.0,-1.0,1.0,3.0527,1.1639882,-1.9073154,2.0933,2.3739994,1.6086935,-6.283,0.57,1.71,-0.274,1.7164084,0.57,-0.296,0.5961788,0.11713356,-0.57,1.71,1.809,1.718,0.36357,1.13,-0.2897,1.81991
244,4.085999999999772,1.0,1.0,0.84996486,1.0,0.7346233,0.31204966,-0.37395412,1.0,1.0,-1.0,0.8626515,1.0,-1.0,-0.14629269,-0.5358276,-1.0,1.0,1.0,1.0,-1.0,1.0,-1.0,1.0,3.0527,1.3306882,-1.7656262,2.0933,2.4964612,1.6607122,-6.283,0.57,1.71,-0.274,1.5775611,0.57,-0.296,0.61513615,0.1476163,-0.57,1.71,1.809,1.718,0.36357,1.13,-0.2897,1.81991
245,4.10199999999977,1.0,1.0,1.0,1.0,0.42473215,0.4486841,-0.39917594,1.0,1.0,-1.0,0.8078583,1.0,-1.0,-0.21268171,-0.56239855,-1.0,0.8556164,1.0,1.0,-1.0,1.0,-1.0,1.0,3.0527,1.4973882,-1.5989262,2.0933,2.5672638,1.7355078,-6.283,0.57,1.71,-0.274,1.5215352,0.57,-0.296,0.545992,0.12044748,-0.57,1.5651833,1.809,1.718,0.36357,1.13,-0.2897,1.81991
246,4.1179999999997685,1.0,1.0,1.0,1.0,0.44751006,0.4719704,-0.40312296,1.0,1.0,-1.0,0.82995814,1.0,-1.0,-0.24376678,-0.5766925,-1.0,0.7704013,1.0,1.0,-1.0,1.0,-1.0,1.0,3.0527,1.6640882,-1.4322262,2.0933,2.6418638,1.8141853,-6.283,0.57,1.71,-0.274,1.5441322,0.57,-0.296,0.5136169,0.1058319,-0.57,1.4797125,1.809,1.718,0.36357,1.13,-0.2897,1.81991
247,4.1359999999997665,1.0,1.0,0.9795943,1.0,0.68183017,0.4944127,-0.32639056,1.0,1.0,-1.0,0.8738149,1.0,-1.0,-0.27068782,-0.5844753,-1.0,0.8139799,1.0,1.0,-1.0,1.0,-1.0,1.0,3.0527,1.8307883,-1.2689278,2.0933,2.7555249,1.896604,-6.283,0.57,1.71,-0.274,1.5889757,0.57,-0.296,0.48557863,0.09787403,-0.57,1.5234219,1.809,1.718,0.36357,1.13,-0.2897,1.81991
248,4.151999999999765,1.0,1.0,0.7076643,1.0,1.0,0.42692083,-0.23022127,1.0,1.0,-1.0,1.0,1.0,-1.0,-0.31632364,-0.5884979,-1.0,1.0,1.0,1.0,-1.0,1.0,-1.0,1.0,3.0527,1.9974883,-1.1509602,2.0933,2.922225,1.9677716,-6.283,0.57,1.71,-0.274,1.718,0.57,-0.296,0.43804893,0.09376092,-0.57,1.71,1.809,1.718,0.36357,1.13,-0.2897,1.81991
249,4.167999999999763,1.0,1.0,0.19987427,1.0,1.0,0.33514816,-0.1302281,1.0,1.0,-1.0,1.0,1.0,-1.0,-0.42651284,-0.53170204,-1.0,1.0,0.91250163,1.0,-1.0,1.0,-1.0,1.0,3.0527,2.0933,-1.1176412,2.0933,3.0527,2.0236409,-6.283,0.57,1.71,-0.274,1.718,0.57,-0.296,0.3232869,0.15183467,-0.57,1.71,1.7178705,1.718,0.36357,1.13,-0.2897,1.81991
250,4.185999999999761,1.0,0.55726165,-0.29056746,1.0,1.0,0.23442277,-0.1062951,1.0,1.0,-1.0,1.0,1.0,-1.0,-0.47984374,-0.48362175,-1.0,1.0,0.8429068,1.0,-1.0,1.0,-1.0,1.0,3.0527,2.0933,-1.1660788,2.0933,3.0527,2.062719,-6.283,0.57,1.71,-0.274,1.718,0.57,-0.296,0.26774275,0.20099677,-0.57,1.71,1.6453874,1.718,0.36357,1.13,-0.2897,1.81991
251,4.201999999999759,1.0,0.41355044,-0.57192457,1.0,1.0,0.64696884,0.08355791,1.0,1.0,-1.0,1.0,1.0,-1.0,-0.6006044,-0.58368003,-1.0,1.0,0.5587693,1.0,-1.0,0.9784975,-1.0,1.0,3.0527,2.0933,-1.2614186,2.0933,3.0527,2.0933,-6.269071,0.57,1.71,-0.274,1.718,0.57,-0.296,0.1419705,0.098687164,-0.57,1.71,1.3494582,1.718,0.36357,1.1156466,-0.2897,1.81991
252,4.2179999999997575,1.0,0.29665887,-0.6054008,1.0,1.0,0.5454507,0.08485157,1.0,1.0,-1.0,1.0,1.0,-1.0,-0.6125914,-0.5783355,-1.0,1.0,0.42962676,1.0,-1.0,0.9205312,-1.0,1.0,3.0527,2.0933,-1.3623389,2.0933,3.0527,2.0933,-6.254926,0.57,1.71,-0.274,1.718,0.57,-0.296,0.12948607,0.10415193,-0.57,1.71,1.2149563,1.718,0.36357,1.0769529,-0.2897,1.81991
253,4.2359999999997555,1.0,0.25836134,-0.68074834,1.0,1.0,-0.043880254,0.27874327,1.0,1.0,-1.0,1.0,1.0,-1.0,-0.46581304,-0.6503599,-1.0,1.0,0.744819,1.0,-1.0,1.0,-1.0,1.0,3.0527,2.0933,-1.4758196,2.0933,3.0527,2.0859852,-6.20846,0.57,1.71,-0.274,1.718,0.57,-0.296,0.28235573,0.030506972,-0.57,1.71,1.543229,1.718,0.36357,1.13,-0.2897,1.81991
254,4.251999999999754,1.0,0.68414795,-0.15785745,1.0,1.0,-0.99962556,0.7812797,1.0,1.0,-1.0,1.0,1.0,-1.0,-0.03976906,-0.7842693,-1.0,1.0,1.0,1.0,-1.0,1.0,-1.0,1.0,3.0527,2.0933,-1.5021344,2.0933,3.0527,1.9193475,-6.0782204,0.57,1.71,-0.274,1.718,0.57,-0.296,0.72608054,-0.10641533,-0.57,1.71,1.809,1.718,0.36357,1.13,-0.2897,1.81991
255,4.267999999999752,1.0,0.6330823,-0.04932321,1.0,1.0,-1.0,0.7485971,1.0,1.0,-1.0,1.0,1.0,-1.0,-0.15734899,-0.8181933,-1.0,1.0,1.0,1.0,-1.0,1.0,-1.0,1.0,3.0527,2.0933,-1.5103567,2.0933,3.0527,1.7526476,-5.953429,0.57,1.71,-0.274,1.718,0.57,-0.296,0.603621,-0.14110267,-0.57,1.71,1.809,1.718,0.36357,1.13,-0.2897,1.81991
256,4.28599999999975,1.0,0.5145019,0.07328283,1.0,1.0,-0.9741372,0.81201905,1.0,1.0,-1.0,1.0,0.9135418,-1.0,-0.27195174,-0.85501343,-1.0,1.0,1.0,1.0,-1.0,1.0,-1.0,1.0,3.0527,2.0933,-1.4981405,2.0933,3.0527,1.590259,-5.8180656,0.57,1.71,-0.274,1.718,0.5207188,-0.296,0.48426226,-0.17875123,-0.57,1.71,1.809,1.718,0.36357,1.13,-0.2897,1.81991
257,4.301999999999748,1.0,0.23765707,-0.066696085,1.0,1.0,-0.9337567,0.7574021,1.0,1.0,-1.0,1.0,0.8465374,-1.0,-0.31942928,-0.86467576,-1.0,1.0,1.0,1.0,-1.0,1.0,-1.0,1.0,3.0527,2.0933,-1.5092586,2.0933,3.0527,1.4346017,-5.691807,0.57,1.71,-0.274,1.718,0.48252633,-0.296,0.4348144,-0.18863097,-0.57,1.71,1.809,1.718,0.36357,1.13,-0.2897,1.81991
258,4.3179999999997465,1.0,0.37729716,0.038751565,1.0,1.0,-1.0,0.9135043,1.0,1.0,-1.0,1.0,0.99065113,-1.0,-0.5618024,-0.8885403,-1.0,1.0,1.0,1.0,-1.0,1.0,-1.0,1.0,3.0527,2.0933,-1.5027988,2.0933,3.0527,1.2679017,-5.5395255,0.57,1.71,-0.274,1.718,0.56467116,-0.296,0.1823828,-0.21303248,-0.57,1.71,1.809,1.718,0.36357,1.13,-0.2897,1.81991
259,4.3359999999997445,1.0,0.8416554,0.46482503,1.0,1.0,-1.0,1.0,1.0,1.0,-1.0,1.0,0.7982087,-1.0,-0.7917983,-1.0,-1.0,1.0,0.7213312,1.0,-1.0,1.0,-1.0,1.0,3.0527,2.0933,-1.4253124,2.0933,3.0527,1.1012017,-5.3728256,0.57,1.71,-0.274,1.718,0.45497897,-0.296,-0.057157923,-0.327,-0.57,1.71,1.5187664,1.718,0.36357,1.13,-0.2897,1.81991
260,4.351999999999743,1.0,1.0,0.61343,1.0,0.69899887,-1.0,1.0,1.0,1.0,-1.0,1.0,0.7817502,-1.0,-0.8168299,-1.0,-1.0,1.0,0.45834333,1.0,-1.0,1.0,-1.0,1.0,3.0527,2.0933,-1.3230536,2.0933,3.0527,0.93450165,-5.2061257,0.57,1.71,-0.274,1.718,0.44559762,-0.296,-0.083228365,-0.327,-0.57,1.71,1.2448646,1.718,0.36357,1.13,-0.2897,1.81991
261,4.367999999999741,1.0,0.82994026,0.47194993,1.0,0.7694477,-1.0,1.0,1.0,1.0,-1.0,1.0,0.7674648,-1.0,-0.7785726,-1.0,-1.0,1.0,0.4600286,1.0,-1.0,1.0,-1.0,1.0,3.0527,2.0933,-1.2443796,2.0933,3.0527,0.76780164,-5.0394254,0.57,1.71,-0.274,1.718,0.43745494,-0.296,-0.043383382,-0.327,-0.57,1.71,1.2466198,1.718,0.36357,1.13,-0.2897,1.81991
262,4.385999999999739,1.0,0.6398506,0.21392114,1.0,0.9480649,-0.9715977,0.86672074,1.0,1.0,-1.0,1.0,0.6033414,-1.0,-0.6639781,-1.0,-1.0,1.0,0.42921728,1.0,-1.0,1.0,-1.0,1.0,3.0527,2.0933,-1.2087189,2.0933,3.0527,0.60583633,-4.894943,0.57,1.71,-0.274,1.718,0.34390458,-0.296,0.07596681,-0.327,-0.57,1.71,1.2145298,1.718,0.36357,1.13,-0.2897,1.81991
263,4.401999999999737,1.0,0.71468973,0.14108457,1.0,0.7904234,-0.772081,0.6658978,1.0,1.0,-1.0,1.0,0.52027774,-1.0,-0.49594855,-0.9906277,-1.0,1.0,0.44986147,1.0,-1.0,0.90530443,-1.0,1.0,3.0527,2.0933,-1.1852001,2.0933,3.0527,0.47713044,-4.783938,0.57,1.71,-0.274,1.718,0.29655832,-0.296,0.2509696,-0.31741682,-0.57,1.71,1.2360307,1.718,0.36357,1.0667887,-0.2897,1.81991
264,4.4179999999997355,1.0,0.65482676,0.010864133,1.0,1.0,-0.8923194,0.6193762,1.0,1.0,-1.0,1.0,0.36322275,-1.0,-0.2347815,-0.9105896,-1.0,1.0,0.47469574,1.0,-1.0,0.9129225,-1.0,1.0,3.0527,2.0933,-1.1833891,2.0933,3.0527,0.3283808,-4.680688,0.57,1.71,-0.274,1.718,0.20703697,-0.296,0.5229751,-0.23557784,-0.57,1.71,1.2618957,1.718,0.36357,1.0718739,-0.2897,1.81991
265,4.4359999999997335,1.0,0.8661889,0.4652349,1.0,0.39352632,-0.59251314,0.42369616,1.0,0.9743319,-1.0,1.0,0.5880139,-1.0,0.0028918926,-0.81873596,-1.0,1.0,0.16918872,1.0,-1.0,0.732375,-1.0,1.0,3.0527,2.0933,-1.1058344,2.0933,3.0527,0.22960885,-4.610058,0.57,1.6842549,-0.274,1.718,0.3351679,-0.296,0.7705119,-0.14165752,-0.57,1.71,0.94371,1.718,0.36357,0.95135456,-0.2897,1.81991
266,4.451999999999732,0.43938622,0.6477283,0.534063,1.0,1.0,0.38812283,-0.33061075,0.74404824,0.586553,-1.0,1.0,0.7054429,-1.0,0.36593556,-0.087992705,-0.3789884,0.78274685,-0.063825026,0.37765422,-1.0,0.8975537,-1.0,1.0,3.0527,2.0933,-1.0168061,2.0933,3.0527,0.29430893,-4.6651707,0.4241075,1.2953126,-0.274,1.718,0.40210247,-0.296,1.1486219,0.60552746,-0.21602339,1.4920951,0.70102626,1.0816514,0.36357,1.0616149,-0.2897,1.81991
267,4.46799999999973,0.5650951,0.29234576,0.11863875,1.0,1.0,0.36259118,0.052831344,0.51426286,0.5534327,-1.0,0.83714175,0.49748686,-1.0,0.51029575,-0.054751284,-0.1339674,1.0,-0.025578631,0.18444473,-1.0,0.9108333,-1.0,1.0,3.0527,2.0933,-0.99702907,2.0933,3.0527,0.35475287,-4.6563635,0.29312983,1.262093,-0.274,1.5514774,0.28356752,-0.296,1.298973,0.63951683,-0.07636142,1.71,0.74085987,0.8840947,0.36357,1.0704793,-0.2897,1.81991
268,4.485999999999728,0.7805154,0.00648392,-0.00037542544,1.0,1.0,0.6038827,-0.08286988,0.27948093,0.19191352,-1.0,0.5985682,0.28493792,-1.0,0.22382891,0.00498884,-0.07473785,0.90893936,-0.3120119,0.076063775,-1.0,0.8262048,-1.0,1.0,3.0527,2.0933,-0.99709165,2.0933,3.0527,0.4554201,-4.670178,0.15930413,0.8994893,-0.274,1.307536,0.16241461,-0.296,1.0006179,0.7006011,-0.042600572,1.6186662,0.4425396,0.7732752,0.36357,1.013988,-0.2897,1.81991
269,4.501999999999726,0.8135713,-0.11574661,-0.060701333,1.0,1.0,0.7122072,-0.07117646,0.22333418,0.14273492,-1.0,0.5101014,0.2688262,-1.0,-0.004356211,0.040564977,-0.11422938,0.87820065,-0.4203046,0.20326178,-1.0,0.9039349,-1.0,1.0,3.0527,2.0740051,-1.0072105,2.0933,3.0527,0.5741451,-4.682043,0.12730049,0.8501631,-0.274,1.2170787,0.15323092,-0.296,0.762963,0.7369777,-0.06511075,1.5878352,0.32975277,0.90333515,0.36357,1.0658745,-0.2897,1.81991
270,4.5179999999997245,0.9401187,-0.13456261,-0.058234505,1.0,1.0,0.58439016,-0.0015421156,0.46407652,0.27237412,-1.0,0.576127,0.3451238,-1.0,-0.09948189,-0.035466053,-0.22653496,0.96545357,-0.35976917,0.31879342,-1.0,0.92664146,-1.0,1.0,3.0527,2.0515735,-1.0169182,2.0933,3.0527,0.6715629,-4.6823,0.26452363,0.98019123,-0.274,1.2845899,0.19672057,-0.296,0.6638896,0.65923595,-0.12912492,1.67535,0.39280042,1.0214663,0.36357,1.0810316,-0.2897,1.81991
271,4.5359999999997225,1.0,-0.11037671,-0.11594001,1.0,1.0,0.504894,0.0052501615,0.67606634,0.36187944,-1.0,0.69210976,0.44202518,-1.0,-0.1625933,-0.07862187,-0.32420993,0.9999241,-0.34368676,0.39185336,-1.0,0.97098863,-1.0,1.0,3.0527,2.0331736,-1.0362455,2.0933,3.0527,0.7557287,-4.681425,0.38535783,1.0699651,-0.274,1.4031823,0.25195435,-0.296,0.5981591,0.61510915,-0.18479966,1.7099239,0.40955025,1.0961701,0.36357,1.1106343,-0.2897,1.81991
272,4.551999999999721,1.0,-0.0051644966,-0.16783188,1.0,1.0,0.44403476,0.01481623,0.986089,0.44147584,-1.0,0.9162535,0.54991806,-1.0,-0.16007549,-0.15098254,-0.5426099,1.0,-0.33928174,0.53849065,-1.0,0.9436765,-1.0,1.0,3.0527,2.0323126,-1.064223,2.0933,3.0527,0.82974935,-4.678955,0.5620707,1.1498003,-0.274,1.6323692,0.3134533,-0.296,0.6007814,0.54112035,-0.30928764,1.71,0.41413808,1.2461067,0.36357,1.0924028,-0.2897,1.81991
273,4.567999999999719,1.0,0.0017846897,-0.22540382,1.0,0.8454412,0.38510478,0.13046521,1.0,0.55932635,-1.0,1.0,0.68658066,-1.0,-0.15956175,-0.28407454,-0.8414363,1.0,-0.27678365,0.7445748,-1.0,0.88157547,-1.0,1.0,3.0527,2.0326102,-1.1017978,2.0933,3.0527,0.8939463,-4.6572065,0.57,1.2680043,-0.274,1.718,0.39135098,-0.296,0.60131645,0.40503377,-0.4796187,1.71,0.47922984,1.4568278,0.36357,1.0509491,-0.2897,1.81991
274,4.585999999999717,1.0,0.14783788,-0.1394001,1.0,0.50386775,0.42661372,0.1088028,1.0,0.6739631,-1.0,1.0,0.9769347,-1.0,-0.13121176,-0.4405705,-1.0,0.861083,-0.13461073,0.823903,-1.0,0.83492184,-1.0,1.0,3.0527,2.0572548,-1.1250358,2.0933,3.0527,0.9650628,-4.639069,0.57,1.382985,-0.274,1.718,0.55685276,-0.296,0.630843,0.24501666,-0.57,1.5706662,0.62730294,1.5379409,0.36357,1.0198067,-0.2897,1.81991
275,4.601999999999715,1.0,0.1839264,-0.099003874,1.0,0.34016985,0.5314784,-0.04991644,1.0,0.6357126,-1.0,1.0,1.0,-1.0,-0.06572569,-0.5037942,-1.0,0.6567173,-0.10585989,0.71432036,-1.0,0.84302914,-1.0,1.0,3.0527,2.0879154,-1.1415398,2.0933,3.0527,1.0536603,-4.6473904,0.57,1.3446198,-0.274,1.718,0.57,-0.296,0.6990467,0.18037044,-0.57,1.3656875,0.65724695,1.4258926,0.36357,1.0252186,-0.2897,1.81991
276,4.6179999999997134,1.0,0.37307906,-0.029898396,0.7950962,0.25245994,0.8684422,-0.15785927,1.0,0.5897982,-1.0,1.0,1.0,-1.0,0.0805211,-0.4995837,-1.0,0.32213613,-0.0060091745,0.4600838,-1.0,0.97140956,-1.0,1.0,3.0527,2.0933,-1.1465238,2.0933,3.0527,1.1984296,-4.6737056,0.57,1.2985677,-0.274,1.718,0.57,-0.296,0.8513627,0.18467568,-0.57,1.0301025,0.76124144,1.1659358,0.36357,1.1109153,-0.2897,1.81991
277,4.6359999999997115,1.0,0.5210953,0.24915545,0.7946621,0.0956112,1.0,-0.14064544,0.9271983,0.41770783,-1.0,1.0,1.0,-1.0,0.20482928,-0.50994056,-1.0,-0.015157558,0.0031552184,0.082287185,-1.0,1.0,-1.0,1.0,3.0527,2.0933,-1.1049896,2.0933,3.0527,1.3651296,-4.697151,0.528503,1.125961,-0.274,1.718,0.57,-0.296,0.9808297,0.17408577,-0.57,0.69179696,0.77078617,0.77963865,0.36357,1.13,-0.2897,1.81991
278,4.65199999999971,1.0,0.0997994,0.11791543,0.54837805,0.004745722,0.70215374,-0.1629489,1.0,0.13885489,-1.0,1.0,1.0,-1.0,0.3145544,-0.6431023,-1.0,0.09476783,-0.22447778,0.07579213,-1.0,1.0,-1.0,1.0,3.0527,2.0933,-1.0853331,2.0933,3.0527,1.4821786,-4.7243147,0.57,0.84627146,-0.274,1.718,0.57,-0.296,1.0951084,0.03792791,-0.57,0.80205214,0.53370637,0.77299744,0.36357,1.13,-0.2897,1.81991
279,4.667999999999708,1.0,-0.36696088,-0.29217124,0.3284245,0.35255772,0.5919958,-0.3553068,1.0,-0.20310542,-1.0,1.0,0.8692298,-1.0,0.43347645,-0.6058829,-0.7491437,0.13934746,-0.42658234,-0.16402031,-1.0,1.0,-1.0,1.0,3.0527,2.0321276,-1.1340381,2.0933,3.0527,1.5808643,-4.783544,0.57,0.5032853,-0.274,1.718,0.495461,-0.296,1.2189658,0.07598475,-0.4270119,0.8467655,0.3232145,0.52778924,0.36357,1.13,-0.2897,1.81991
280,4.685999999999706,1.0,-0.7510508,-0.7456049,0.10687654,1.0,0.5141671,-0.3649155,0.82417095,-0.5677103,-1.0,1.0,0.7773344,-1.0,0.5940086,-0.54594785,-0.16547811,0.14423051,-0.47327203,-0.6042413,-1.0,1.0,-1.0,0.94142765,3.0527,1.9069275,-1.2583303,2.0933,3.0527,1.6665759,-4.8443756,0.46977744,0.1375866,-0.274,1.718,0.4430806,-0.296,1.38616,0.13726832,-0.094322525,0.85166323,0.27458718,0.07766326,0.36357,1.13,-0.2897,1.758933
281,4.701999999999704,1.0,-0.3723669,-0.38807303,0.80364263,0.8598728,1.0,-0.8368512,0.47359967,-0.23913118,-1.0,1.0,0.31336507,-1.0,0.41296506,-0.13791196,-0.2333836,0.14194688,-0.58260584,-0.40664107,-0.89557326,1.0,-1.0,0.9488136,3.0527,1.8448539,-1.3230221,2.0933,3.0527,1.8332759,-4.9838786,0.26995182,0.46715143,-0.274,1.718,0.17861809,-0.296,1.1976031,0.554485,-0.13302866,0.84937274,0.16071601,0.27970952,0.42273974,1.13,-0.2897,1.7666222
282,4.717999999999702,0.73498106,-0.5802301,-0.60429317,1.0,1.0,1.0,-0.96367663,-0.5417763,-0.45487705,-1.0,0.94582117,-0.713187,-1.0,0.8732804,0.5676198,0.59594375,0.6128455,-0.6395101,-1.0,-0.36835042,1.0,-1.0,0.33281523,3.0527,1.7481295,-1.4237578,2.0933,3.0527,1.9999759,-5.1445236,-0.3088125,0.25075832,-0.274,1.6626022,-0.40651658,-0.296,1.6770215,1.2758913,0.33968794,1.321684,0.101450235,-0.327,0.72147214,1.13,-0.2897,1.1253339
283,4.7359999999997004,0.9235073,-0.44992018,-0.57909286,1.0,1.0,0.85588264,-0.5042745,-0.3085978,-0.27350852,-1.0,0.76943415,-0.49593243,-1.0,0.823079,0.3936791,0.45492625,0.842683,-0.42608243,-0.94718856,-0.6676419,1.0,-1.0,0.38992673,3.0527,1.6731279,-1.5202926,2.0933,3.0527,2.0933,-5.228586,-0.17590074,0.43267095,-0.274,1.4822464,-0.2826815,-0.296,1.6247368,1.0980369,0.25930795,1.552211,0.32373515,-0.2730003,0.5518891,1.13,-0.2897,1.1847901
284,4.751999999999699,0.91409177,-0.43852556,-0.55057734,1.0,1.0,0.7168515,-0.2754178,-0.07468726,-0.118510164,-1.0,0.669177,-0.36304364,-1.0,0.65991664,0.23891552,0.23620057,1.0,-0.21360762,-0.7126362,-0.8047776,1.0,-1.0,0.47145793,3.0527,1.6000257,-1.6120739,2.0933,3.0527,2.0933,-5.2744985,-0.04257174,0.5881343,-0.274,1.3797334,-0.20693487,-0.296,1.4548032,0.93979114,0.13463433,1.71,0.5450277,-0.033170488,0.4741859,1.13,-0.2897,1.2696686
285,4.767999999999697,0.9274878,-0.46326506,-0.51650035,1.0,1.0,0.6676162,-0.24074826,-0.038786005,-0.03631971,-1.0,0.67944354,-0.32095644,-1.0,0.6483915,0.24078034,0.19134861,1.0,-0.14846785,-0.65433943,-0.8531439,1.0,-1.0,0.47516298,3.0527,1.5227994,-1.6981745,2.0933,3.0527,2.0933,-5.314631,-0.022108022,0.6705713,-0.274,1.390231,-0.18294518,-0.296,1.4427997,0.9416979,0.10906871,1.71,0.61287075,0.02643793,0.4467809,1.13,-0.2897,1.2735258
286,4.785999999999695,0.9199544,-0.58156204,-0.57852525,1.0,1.0,0.6095542,-0.23150444,-0.109637454,-0.015172458,-1.0,0.6849086,-0.33243257,-1.0,0.69261885,0.27847221,0.19390637,1.0,-0.15400584,-0.65472,-0.8708661,1.0,-1.0,0.51011014,3.0527,1.4258529,-1.7946147,2.0933,3.0527,2.0933,-5.353223,-0.06249335,0.691782,-0.274,1.3958191,-0.18948656,-0.296,1.4888625,0.98023784,0.11052663,1.71,0.60710293,0.02604879,0.4367392,1.13,-0.2897,1.3099077
287,4.801999999999693,1.0,-0.63971055,-0.43168318,1.0,1.0,0.75378156,-0.6169819,0.072338626,-0.18429777,-1.0,0.9495498,-0.29232413,-1.0,0.40023798,0.35772493,0.22625726,0.75136083,-0.59728616,-0.6113303,-0.8202675,1.0,-1.0,0.8274193,3.0527,1.3192132,-1.8665762,2.0933,3.0527,2.0933,-5.4560738,0.041233018,0.5221493,-0.274,1.6664146,-0.16662475,-0.296,1.1843479,1.0612737,0.12896664,1.4606149,0.14542645,0.0704148,0.46540913,1.13,-0.2897,1.640244
288,4.817999999999691,0.8482536,-0.5476848,-0.3242423,1.0,1.0,0.95680374,-0.8726815,-0.20246364,-0.32678232,-1.0,0.9704131,-0.4069003,-1.0,0.40355206,0.41277796,0.16271544,0.48147413,-0.76355034,-0.63692385,-0.6962297,1.0,-1.0,0.80416477,3.0527,1.2279141,-1.9206274,2.0933,3.0527,2.0933,-5.6015496,-0.11540428,0.37923732,-0.274,1.6877474,-0.23193316,-0.296,1.1877995,1.1175655,0.0927478,1.1899185,-0.02773768,0.044245362,0.5356908,1.13,-0.2897,1.6160347
289,4.835999999999689,0.6548163,-0.5997993,-0.33864248,1.0,1.0,1.0,-0.87696856,-0.42089397,-0.39305708,-1.0,0.9131605,-0.46188444,-1.0,0.5250022,0.50372326,0.25449216,0.43415865,-0.7905223,-0.67295104,-0.6020637,1.0,-1.0,0.67726815,3.0527,1.1279277,-1.9770792,2.0933,3.0527,2.0933,-5.7477403,-0.23990956,0.31276375,-0.274,1.6292067,-0.26327413,-0.296,1.3142898,1.210557,0.14506054,1.1424612,-0.05582895,0.007407559,0.58904666,1.13,-0.2897,1.4839284
290,4.851999999999688,0.5791493,-0.6161369,-0.40137732,1.0,1.0,1.0,-0.865362,-0.53924245,-0.43017766,-1.0,0.8330495,-0.50793606,-1.0,0.6427889,0.60213494,0.40738004,0.46830562,-0.771974,-0.7408868,-0.5104989,1.0,-1.0,0.52680814,3.0527,1.0252175,-2.0439887,2.0933,3.0527,2.0933,-5.8919964,-0.3073682,0.2755318,-0.274,1.5472931,-0.28952354,-0.296,1.4369646,1.311183,0.23220663,1.1767105,-0.036510948,-0.06205676,0.6409287,1.13,-0.2897,1.3272913
291,4.867999999999686,0.55045795,-0.5813254,-0.41615397,1.0,1.0,1.0,-0.82431453,-0.57539624,-0.422649,-1.0,0.7792001,-0.5115496,-1.0,0.7055106,0.6504049,0.4558279,0.49752393,-0.73655456,-0.7455173,-0.49905023,1.0,-1.0,0.43489832,3.0527,0.92831063,-2.1133616,2.0933,3.0527,2.0933,-6.0294094,-0.32797587,0.28308305,-0.274,1.4922321,-0.29158327,-0.296,1.5022893,1.360539,0.2598219,1.2060165,0.00037842258,-0.06679145,0.64741564,1.13,-0.2897,1.231608
292,4.885999999999684,0.56892353,-0.5383247,-0.3968505,1.0,1.0,1.0,-0.7700587,-0.55662704,-0.3695216,-1.0,0.76311,-0.4741753,-1.0,0.7412468,0.6791842,0.4552287,0.5127749,-0.68797785,-0.69825643,-0.5425,1.0,-1.0,0.3714685,3.0527,0.8385719,-2.1795166,2.0933,3.0527,2.0933,-6.1577783,-0.3172774,0.33636984,-0.274,1.47578,-0.2702799,-0.296,1.5395086,1.3899659,0.25948036,1.2213132,0.05097107,-0.018467203,0.62279636,1.13,-0.2897,1.1655742
293,4.901999999999682,0.8041927,-0.5783826,-0.35788232,1.0,1.0,0.87235606,-0.43654227,-0.3067819,-0.12258474,-1.0,0.82320136,-0.30167738,-1.0,0.7835038,0.60710204,0.40696776,0.70932627,-0.45029986,-0.56450254,-0.78316075,1.0,-1.0,0.4014933,3.0527,0.74215555,-2.2391756,2.0933,3.0527,2.0933,-6.23055,-0.17486568,0.5840475,-0.274,1.5372233,-0.1719561,-0.296,1.5835192,1.3162619,0.23197162,1.4184543,0.2985127,0.118296154,0.48643437,1.13,-0.2897,1.1968316
294,4.91799999999968,0.9685102,-0.54808295,-0.31978333,1.0,1.0,0.68101734,-0.17688377,-0.10203244,0.11892422,-1.0,0.8061536,-0.14788084,-1.0,0.72322494,0.50304806,0.23546785,0.87970823,-0.17985697,-0.37931055,-1.0,1.0,-1.0,0.52538687,3.0527,0.6507901,-2.2924833,2.0933,3.0527,2.0933,-6.2600365,-0.05815849,0.826281,-0.274,1.5197921,-0.08429208,-0.296,1.5207387,1.2098666,0.13421668,1.5893474,0.580179,0.30765498,0.36357,1.13,-0.2897,1.3258116
295,4.935999999999678,0.8689608,-0.56303513,-0.25725633,1.0,1.0,0.67890286,-0.28178144,-0.14445676,0.028527878,-1.0,0.79498976,-0.2514228,-1.0,0.70746857,0.52245784,0.25250274,0.8447276,-0.23758848,-0.47579995,-1.0,1.0,-1.0,0.4622149,3.0527,0.55693215,-2.3353682,2.0933,3.0527,2.0933,-6.283,-0.08234035,0.73561347,-0.274,1.5083771,-0.143311,-0.296,1.5043285,1.2297131,0.14392656,1.5542618,0.5200516,0.20899455,0.36357,1.13,-0.2897,1.2600461
296,4.951999999999677,0.6427011,-0.45892632,-0.12955046,1.0,1.0,0.75198805,-0.30533615,-0.1896971,-0.0007849699,-1.0,0.7229902,-0.28170818,-1.0,0.71835303,0.5308664,0.28213292,0.8047826,-0.26705003,-0.43529993,-0.98586714,1.0,-1.0,0.34436584,3.0527,0.48042914,-2.356964,2.0933,3.0527,2.0933,-6.283,-0.10812735,0.7062127,-0.274,1.4347575,-0.16057366,-0.296,1.5156647,1.2383109,0.16081576,1.514197,0.4893674,0.25040582,0.3715779,1.13,-0.2897,1.1373588
297,4.967999999999675,0.5938564,-0.46467602,-0.10786406,1.0,1.0,0.75584894,-0.34680694,-0.19527145,-0.045888998,-1.0,0.7012815,-0.32524717,-1.0,0.6691714,0.5201621,0.28419435,0.7729937,-0.29693258,-0.47915596,-0.9673054,1.0,-1.0,0.34986162,3.0527,0.40296763,-2.374945,2.0933,3.0527,2.0933,-6.283,-0.11130472,0.6609733,-0.274,1.4125603,-0.18539089,-0.296,1.464442,1.2273657,0.16199078,1.4823127,0.4582447,0.20556304,0.38209525,1.13,-0.2897,1.1430802
298,4.985999999999673,0.65252453,-0.50328887,-0.15429142,1.0,1.0,0.7483435,-0.40755683,-0.12904115,-0.07853196,-1.0,0.72509366,-0.3396784,-1.0,0.555824,0.48765627,0.24528629,0.76823926,-0.32948792,-0.49349797,-0.93671757,1.0,-1.0,0.4401576,3.0527,0.3190694,-2.4006655,2.0933,3.0527,2.0933,-6.283,-0.07355346,0.6282324,-0.274,1.4369082,-0.19361669,-0.296,1.3463907,1.1941285,0.13981318,1.477544,0.42433834,0.19089833,0.3994268,1.13,-0.2897,1.2370833
299,5.001999999999671,0.6518094,-0.50987995,-0.1434604,1.0,1.0,0.77588904,-0.45422065,-0.09388836,-0.12244246,-1.0,0.71103495,-0.35038045,-1.0,0.46795332,0.47083965,0.22527218,0.73767895,-0.38708085,-0.46479654,-0.8928232,1.0,-1.0,0.49233827,3.0527,0.2340724,-2.4245803,2.0933,3.0527,2.0933,-6.283,-0.05351636,0.5841902,-0.274,1.4225333,-0.19971685,-0.296,1.2548734,1.1769335,0.12840514,1.446892,0.3643553,0.22024554,0.42429796,1.13,-0.2897,1.2914063
300,5.017999999999669,0.65404725,-0.5182332,-0.13426074,1.0,1.0,0.82356656,-0.49609438,-0.08618696,-0.14408758,-1.0,0.72640437,-0.3315196,-1.0,0.39855206,0.48045114,0.20962304,0.6862598,-0.4448809,-0.41404197,-0.85609525,1.0,-1.0,0.53720254,3.0527,0.14768292,-2.4469616,2.0933,3.0527,2.0933,-6.283,-0.04912657,0.56248015,-0.274,1.4382485,-0.18896617,-0.296,1.1825919,1.1867613,0.11948513,1.3953186,0.30415654,0.27214208,0.4451086,1.13,-0.2897,1.3381124
301,5.035999999999667,0.68500787,-0.53640115,-0.14720877,1.0,1.0,0.845009,-0.49463674,-0.08811499,-0.112517156,-1.0,0.7738293,-0.25291866,-1.0,0.35353768,0.49807265,0.19154316,0.64970565,-0.48061973,-0.35181966,-0.874509,1.0,-1.0,0.61365247,3.0527,0.05826485,-2.4715014,2.0933,3.0527,2.0933,-6.283,-0.050225545,0.5941453,-0.274,1.4867405,-0.14416364,-0.296,1.1357095,1.2047793,0.1091796,1.3586547,0.26693454,0.3357644,0.4346751,1.13,-0.2897,1.417701
302,5.051999999999666,0.7143796,-0.6005224,-0.17461649,1.0,1.0,0.6624352,-0.2972313,-0.08075239,0.10473146,-1.0,0.91967237,-0.15506022,-1.0,0.4896506,0.5217198,0.16390747,0.797433,-0.2986372,-0.3559363,-1.0,1.0,-1.0,0.67058384,3.0527,-0.041842233,-2.5006099,2.0933,3.0527,2.0933,-6.283,-0.04602886,0.81204563,-0.274,1.635865,-0.08838432,-0.296,1.2774711,1.2289585,0.093427256,1.5068253,0.45646936,0.33155516,0.36357,1.13,-0.2897,1.4769697
303,5.067999999999664,0.637575,-0.6869966,-0.3418436,1.0,1.0,0.65878534,-0.29868948,-0.20101173,0.09451213,-1.0,0.81118727,-0.23869242,-1.0,0.6169393,0.5346666,0.2178672,0.9123369,-0.15087862,-0.49815935,-1.0,1.0,-1.0,0.55604595,3.0527,-0.15636456,-2.557595,2.0933,3.0527,2.0933,-6.283,-0.11457669,0.80179566,-0.274,1.524939,-0.13605468,-0.296,1.4100423,1.2421966,0.1241843,1.6220739,0.6103599,0.18613206,0.36357,1.13,-0.2897,1.3577294
304,5.085999999999662,0.78348905,-0.6183413,-0.18600748,1.0,1.0,0.68869555,-0.39810866,-0.08514638,0.009223008,-1.0,0.8566907,-0.22634278,-1.0,0.4723624,0.5332134,0.21709996,0.7925043,-0.33551544,-0.45593023,-1.0,1.0,-1.0,0.64009887,3.0527,-0.25944206,-2.5886025,2.0933,3.0527,2.0933,-6.283,-0.04853344,0.71625066,-0.274,1.5714662,-0.12901539,-0.296,1.2594655,1.2407107,0.123746976,1.5018818,0.41806066,0.22931133,0.36357,1.13,-0.2897,1.4452331
305,5.10199999999966,0.5745537,-0.653743,-0.2108134,1.0,1.0,0.6967964,-0.34341985,-0.21700604,0.036058806,-1.0,0.76495254,-0.30085403,-1.0,0.578642,0.54503125,0.25006157,0.82754105,-0.22105117,-0.50159043,-0.99112755,1.0,-1.0,0.52788544,3.0527,-0.36842102,-2.6237452,2.0933,3.0527,2.0933,-6.283,-0.123693444,0.743167,-0.274,1.477664,-0.1714868,-0.296,1.3701557,1.2527945,0.14253509,1.5370237,0.5372752,0.18262379,0.36859727,1.13,-0.2897,1.3284128
306,5.117999999999658,0.48188457,-0.6528132,-0.26746812,1.0,1.0,0.72234577,-0.22984245,-0.3135214,0.01038655,-1.0,0.62703294,-0.37041476,-1.0,0.5985225,0.4865891,0.2291798,0.9125722,-0.18524976,-0.53557646,-0.8737726,1.0,-1.0,0.5344566,3.0527,-0.47724497,-2.668332,2.0933,3.0527,2.0933,-6.283,-0.17870718,0.7174177,-0.274,1.3366412,-0.21113642,-0.296,1.3908612,1.1930374,0.13063249,1.6223099,0.5745624,0.14787307,0.43509233,1.13,-0.2897,1.3352537
307,5.135999999999656,0.4395,-0.6342232,-0.13794746,1.0,1.0,0.77864325,-0.3334101,-0.3191313,-0.08056257,-1.0,0.5906501,-0.38163736,-1.0,0.48170924,0.5324855,0.28138047,0.81411314,-0.31744915,-0.52223814,-0.7922612,1.0,-1.0,0.53737086,3.0527,-0.58297,-2.691328,2.0933,3.0527,2.0933,-6.283,-0.18190485,0.6261957,-0.274,1.2994397,-0.21753329,-0.296,1.2692002,1.2399664,0.16038688,1.5235555,0.4368767,0.16151151,0.48127794,1.13,-0.2897,1.3382876
308,5.151999999999655,0.31979218,-0.7354814,-0.13540202,1.0,1.0,0.8245847,-0.38646865,-0.4101414,-0.17919305,-1.0,0.57975304,-0.3917786,-1.0,0.4746276,0.59963024,0.3599481,0.7305977,-0.43810588,-0.5475351,-0.75166243,1.0,-1.0,0.51426077,3.0527,-0.70557475,-2.7138994,2.0933,3.0527,2.0933,-6.283,-0.23378061,0.52726936,-0.274,1.2882975,-0.2233138,-0.296,1.2618246,1.3086219,0.20517042,1.4397894,0.31121272,0.13564534,0.5042818,1.13,-0.2897,1.3142288
309,5.167999999999653,0.25093764,-0.7750164,-0.12199321,1.0,1.0,0.82358795,-0.3512202,-0.38544774,-0.21328643,-1.0,0.5677235,-0.41899183,-1.0,0.38940156,0.5622656,0.3069511,0.7285475,-0.47502142,-0.48517385,-0.74622124,1.0,-1.0,0.5840244,3.0527,-0.83476996,-2.7342358,2.0933,3.0527,2.0933,-6.283,-0.21970521,0.4930737,-0.274,1.2759973,-0.23882535,-0.296,1.1730617,1.2704165,0.17496213,1.4377332,0.2727652,0.19940974,0.50736487,1.13,-0.2897,1.3868566
310,5.185999999999651,0.25150514,-0.7738737,-0.09000867,1.0,1.0,0.8243383,-0.30702907,-0.3251202,-0.23508081,-1.0,0.5732082,-0.41828892,-1.0,0.29046857,0.5231532,0.25021738,0.7225541,-0.529862,-0.39434865,-0.7690117,1.0,-1.0,0.6573736,3.0527,-0.96377474,-2.7492402,2.0933,3.0527,2.0933,-6.283,-0.18531851,0.47121394,-0.274,1.2816054,-0.23842469,-0.296,1.0700231,1.2304242,0.1426239,1.4317218,0.21564874,0.2922785,0.49445146,1.13,-0.2897,1.4632171
311,5.201999999999649,0.21464862,-0.7185947,-0.020835584,1.0,1.0,0.8267074,-0.2626671,-0.25451,-0.2337906,-1.0,0.5977058,-0.4344264,-1.0,0.2109232,0.46942928,0.17343289,0.7060674,-0.5598932,-0.29033068,-0.81904143,1.0,-1.0,0.69390947,3.0527,-1.0835644,-2.7527134,2.0933,3.0527,2.0933,-6.283,-0.14507069,0.472508,-0.274,1.3066542,-0.24762304,-0.296,0.9871765,1.1754915,0.09885675,1.4151856,0.18437125,0.39863688,0.46610385,1.13,-0.2897,1.5012529
312,5.217999999999647,0.19088177,-0.63328266,0.056298055,1.0,1.0,0.8415891,-0.24250668,-0.17569067,-0.23368898,-1.0,0.6280733,-0.43147066,-1.0,0.13090765,0.42387924,0.09829277,0.6700182,-0.5912829,-0.18254228,-0.8730016,1.0,-1.0,0.7081022,3.0527,-1.1891327,-2.7433286,2.0933,3.0527,2.0933,-6.283,-0.10014368,0.47260997,-0.274,1.3377049,-0.24593827,-0.296,0.9038403,1.1289165,0.056026876,1.3790282,0.15167886,0.5088505,0.4355292,1.13,-0.2897,1.5160284
313,5.235999999999645,0.15918514,-0.50872326,0.13713078,1.0,1.0,0.83872837,-0.20790155,-0.086673334,-0.2111021,-1.0,0.6612085,-0.40332517,-1.0,0.06818234,0.3704266,0.029694317,0.6277065,-0.6037157,-0.060603462,-0.96889144,1.0,-1.0,0.72094643,3.0527,-1.2739369,-2.720469,2.0933,3.0527,2.0933,-6.283,-0.0494038,0.4952646,-0.274,1.3715857,-0.22989535,-0.296,0.8385119,1.0742612,0.016925761,1.3365897,0.13873008,0.63353294,0.3811966,1.13,-0.2897,1.5293999
314,5.251999999999644,0.2363548,-0.2444663,0.26989943,1.0,1.0,0.76214904,-0.17617509,0.14424054,-0.16622701,-1.0,0.6853497,-0.26799116,-1.0,-0.040265687,0.23018362,-0.038287345,0.5380616,-0.67325956,0.18499684,-1.0,1.0,-1.0,0.81896734,3.0527,-1.3146894,-2.6754766,2.0933,3.0527,2.0933,-6.283,0.08221711,0.5402743,-0.274,1.39627,-0.15275496,-0.296,0.7255633,0.9308627,-0.021823786,1.2466758,0.06630017,0.8846593,0.36357,1.13,-0.2897,1.631445
315,5.267999999999642,0.3318052,0.10898579,0.37569374,1.0,1.0,0.56770724,0.03978852,0.4659871,0.10976567,-1.0,0.7971621,-0.015693141,-1.0,-0.16862327,0.0506868,-0.2605263,0.5318885,-0.5760355,0.5916355,-1.0,1.0,-1.0,1.0,3.0527,-1.2965214,-2.6128485,2.0933,3.0527,2.0933,-6.276367,0.26561263,0.817095,-0.274,1.5105983,-0.008945091,-0.296,0.5918789,0.74732727,-0.1485,1.2404841,0.16755903,1.3004473,0.36357,1.13,-0.2897,1.81991
316,5.28599999999964,0.5030278,0.3081981,0.3810724,1.0,1.0,0.41923848,0.19214499,0.72817653,0.3142881,-1.0,0.8445682,0.20679404,-1.0,-0.2984391,-0.04347066,-0.46653622,0.6004449,-0.46104282,0.83478004,-1.0,1.0,-1.0,1.0,3.0527,-1.2451448,-2.5493238,2.0933,3.0527,2.0933,-6.2443366,0.41506064,1.022231,-0.274,1.559071,0.1178726,-0.296,0.45667568,0.6510512,-0.26592565,1.3092463,0.2873239,1.5490626,0.36357,1.13,-0.2897,1.81991
317,5.301999999999638,0.72284776,0.37235832,0.26803792,1.0,1.0,0.25024343,0.29319286,1.0,0.5078479,-1.0,0.8981191,0.45434818,-1.0,-0.3913771,-0.10358114,-0.6351317,0.7542165,-0.329714,0.964331,-1.0,0.9879222,-1.0,1.0,3.0527,-1.1830727,-2.5046418,2.0933,3.0527,2.0933,-6.1954613,0.57,1.2163714,-0.274,1.6138268,0.25897846,-0.296,0.35988075,0.5895883,-0.36202508,1.4634792,0.42410287,1.6815284,0.36357,1.1219378,-0.2897,1.81991
318,5.317999999999636,0.8662302,0.38131297,0.1694574,1.0,1.0,0.16956428,0.35480422,1.0,0.65080404,-1.0,0.9660436,0.6244295,-1.0,-0.4374559,-0.14052628,-0.73770076,0.8651958,-0.23601647,1.0,-1.0,0.9700984,-1.0,1.0,3.0527,-1.1195078,-2.4763932,2.0933,3.0527,2.0933,-6.1363153,0.57,1.3597565,-0.274,1.6832795,0.35592481,-0.296,0.31188968,0.5518119,-0.42048943,1.5747914,0.5216889,1.718,0.36357,1.1100401,-0.2897,1.81991
319,5.335999999999634,0.99254024,0.40851438,0.0997883,1.0,0.9368131,0.209093,0.35805458,1.0,0.7478203,-1.0,0.9728274,0.77245724,-1.0,-0.4664905,-0.16662274,-0.79053175,0.9269376,-0.17808278,1.0,-1.0,0.94154847,-1.0,1.0,3.0527,-1.0514085,-2.4597585,2.0933,3.0527,2.0933,-6.0766277,0.57,1.4570638,-0.274,1.690216,0.4403006,-0.296,0.28165013,0.52512825,-0.4506031,1.6367184,0.5820268,1.718,0.36357,1.0909823,-0.2897,1.81991
320,5.351999999999633,1.0,0.4008124,0.025577629,1.0,0.8887287,0.2824998,0.31112695,1.0,0.7863226,-1.0,0.9484245,0.8555118,-1.0,-0.48591906,-0.17733155,-0.7924951,0.9676284,-0.16360243,1.0,-1.0,0.9277506,-1.0,1.0,3.0527,-0.98459303,-2.4554949,2.0933,3.0527,2.0933,-6.024763,0.57,1.4956815,-0.274,1.665264,0.48764172,-0.296,0.2614153,0.5141785,-0.4517222,1.6775314,0.59710807,1.718,0.36357,1.081772,-0.2897,1.81991
321,5.367999999999631,1.0,0.3891772,-0.038340576,1.0,0.858684,0.3741214,0.24838471,1.0,0.79880774,-1.0,0.91065884,0.9272587,-1.0,-0.49510342,-0.18100135,-0.76814884,0.9901926,-0.17109282,1.0,-1.0,0.9129663,-1.0,1.0,3.0527,-0.9197172,-2.4618862,2.0933,3.0527,2.0933,-5.9833574,0.57,1.5082042,-0.274,1.6266487,0.52853745,-0.296,0.2518498,0.5104261,-0.43784484,1.7001631,0.58930683,1.718,0.36357,1.0719031,-0.2897,1.81991
322,5.385999999999629,1.0,0.38813293,-0.087935455,1.0,0.8332788,0.47754338,0.17128181,1.0,0.7963387,-1.0,0.8682466,1.0,-1.0,-0.50296044,-0.18111126,-0.72812873,0.98989064,-0.19910975,1.0,-1.0,0.88454807,-1.0,1.0,3.0527,-0.85501546,-2.476545,2.0933,3.0527,2.0933,-5.9548044,0.57,1.5057276,-0.274,1.5832821,0.57,-0.296,0.2436667,0.51031375,-0.41503337,1.6998603,0.5601272,1.718,0.36357,1.0529333,-0.2897,1.81991
323,5.401999999999627,1.0,0.3930018,-0.12815571,1.0,0.8113685,0.58010954,0.0637256,1.0,0.77447253,-1.0,0.83460397,1.0,-1.0,-0.5045776,-0.17912157,-0.6824338,0.96439546,-0.24451335,0.9681012,-1.0,0.85291344,-1.0,1.0,3.0527,-0.789502,-2.4979086,2.0933,3.0527,2.0933,-5.9441814,0.57,1.483796,-0.274,1.5488826,0.57,-0.296,0.24198246,0.5123482,-0.38898724,1.6742886,0.5128394,1.6853834,0.36357,1.0318166,-0.2897,1.81991
324,5.417999999999625,1.0,0.37967896,-0.16311893,1.0,0.81706524,0.67583585,-0.0538147,1.0,0.7404728,-1.0,0.8315068,1.0,-1.0,-0.48246574,-0.17373933,-0.6425919,0.9315497,-0.27291876,0.87647396,-1.0,0.84830666,-1.0,1.0,3.0527,-0.7262096,-2.5251005,2.0933,3.0527,2.0933,-5.9531527,0.57,1.4496942,-0.274,1.5457157,0.57,-0.296,0.26501194,0.51785153,-0.36627737,1.6413444,0.48325512,1.5916946,0.36357,1.0287415,-0.2897,1.81991
325,5.435999999999623,1.0,0.3077134,-0.21546702,1.0,0.8982577,0.76379645,-0.18768203,1.0,0.71232617,-1.0,0.87711495,1.0,-1.0,-0.39905286,-0.13669808,-0.5919792,0.920268,-0.24042888,0.6990896,-1.0,0.90940744,-1.0,1.0,3.0527,-0.67491376,-2.5610187,2.0933,3.0527,2.0933,-5.984439,0.57,1.4214631,-0.274,1.59235,0.57,-0.296,0.35188645,0.55572623,-0.33742815,1.6300288,0.5170933,1.4103191,0.36357,1.0695275,-0.2897,1.81991
326,5.451999999999622,1.0,0.21813667,-0.30211335,1.0,0.96530247,0.8155941,-0.3847735,1.0,0.6518093,-1.0,0.98362166,0.8307989,-1.0,-0.2480439,-0.0828164,-0.53683,0.9063807,-0.16579087,0.4031392,-1.0,1.0,-1.0,1.0,3.0527,-0.63855034,-2.611381,2.0933,3.0527,2.0933,-6.0485806,0.57,1.3607647,-0.274,1.7012532,0.4735554,-0.296,0.5091623,0.61082023,-0.3059931,1.6160998,0.5948288,1.1077099,0.36357,1.13,-0.2897,1.81991
327,5.46799999999962,1.0,0.14392126,-0.4073888,1.0,1.0,0.86792207,-0.60350984,1.0,0.58400893,-1.0,1.0,0.66961956,-1.0,-0.11624939,-0.031187275,-0.48331928,0.91593236,-0.1261551,0.17048998,-1.0,1.0,-1.0,1.0,3.0527,-0.6145587,-2.679293,2.0933,3.0527,2.0933,-6.1491857,0.57,1.292761,-0.274,1.718,0.38168314,-0.296,0.64642626,0.663611,-0.27549198,1.6256802,0.6361095,0.869826,0.36357,1.13,-0.2897,1.81991
328,5.485999999999618,1.0,0.10135854,-0.37109548,1.0,0.69024885,0.90507776,-0.7506324,0.91329575,0.30219415,-1.0,1.0,0.578721,-1.0,-0.24761397,-0.195105,-0.643272,0.5115499,-0.28095764,-0.00467656,-1.0,1.0,-1.0,1.0,3.0527,-0.5976622,-2.7411544,2.0933,3.0527,2.0933,-6.2743163,0.52057856,1.0101007,-0.274,1.718,0.32987097,-0.296,0.50961006,0.49600515,-0.36666504,1.2200845,0.47488263,0.69071823,0.36357,1.13,-0.2897,1.81991
329,5.501999999999616,1.0,0.040160187,-0.29241234,1.0,0.7045633,1.0,-0.9163708,0.50005084,0.11894383,-1.0,1.0,0.28613847,-1.0,0.0049354974,0.036173545,-0.43734303,0.36953518,-0.3432079,-0.28788686,-1.0,1.0,-1.0,1.0,3.0527,-0.59096754,-2.7898996,2.0933,3.0527,2.0933,-6.283,0.285029,0.8263007,-0.274,1.718,0.16309893,-0.296,0.77264035,0.73248744,-0.24928553,1.0776438,0.410049,0.40113568,0.36357,1.13,-0.2897,1.81991
330,5.517999999999614,1.0,0.018366225,-0.29142725,1.0,0.83887005,0.99883956,-1.0,0.54413885,0.11038091,-1.0,1.0,0.12354337,-1.0,-0.009760564,0.09042888,-0.3920017,0.5016585,-0.3803566,-0.34297216,-1.0,1.0,-1.0,1.0,3.0527,-0.5879059,-2.8384805,2.0933,3.0527,2.0933,-6.283,0.31015915,0.81771207,-0.274,1.718,0.07041972,-0.296,0.75733435,0.7879635,-0.22344096,1.2101635,0.3713586,0.34481096,0.36357,1.13,-0.2897,1.81991
331,5.535999999999612,1.0,0.01703263,-0.24194016,1.0,0.9657278,0.9609177,-1.0,0.57524306,0.097916625,-1.0,1.0,0.034747332,-1.0,-0.018103486,0.11550643,-0.36550802,0.602991,-0.417315,-0.33664525,-1.0,1.0,-1.0,1.0,3.0527,-0.5850665,-2.8788118,2.0933,3.0527,2.0933,-6.283,0.32788855,0.80521035,-0.274,1.718,0.019805979,-0.296,0.74864525,0.8136053,-0.20833957,1.3118,0.33286643,0.35128024,0.36357,1.13,-0.2897,1.81991
332,5.551999999999611,1.0,0.024689801,-0.18368204,1.0,1.0,0.8468942,-0.9991129,0.7413593,0.16400412,-1.0,1.0,0.072911635,-1.0,-0.0436951,0.0789594,-0.42632133,0.7201833,-0.38980353,-0.25351804,-1.0,1.0,-1.0,1.0,3.0527,-0.58095074,-2.9094317,2.0933,3.0527,2.0933,-6.283,0.4225748,0.87149614,-0.274,1.718,0.041559633,-0.296,0.72199154,0.776236,-0.24300316,1.4293438,0.36151963,0.4362778,0.36357,1.13,-0.2897,1.81991
333,5.567999999999609,1.0,0.045830496,-0.14528103,1.0,1.0,0.7548993,-0.89535123,0.86747134,0.22582462,-1.0,1.0,0.13989094,-1.0,-0.040356286,0.052478366,-0.46844137,0.79262453,-0.34581214,-0.17605938,-1.0,1.0,-1.0,1.0,3.0527,-0.5733108,-2.93365,2.0933,3.0527,2.0933,-6.283,0.49445868,0.9335021,-0.274,1.718,0.079737835,-0.296,0.72546893,0.74915916,-0.26701158,1.5020024,0.40733665,0.51547927,0.36357,1.13,-0.2897,1.81991
334,5.585999999999607,1.0,0.0445124,-0.11614508,1.0,1.0,0.6868876,-0.8325353,0.9621085,0.27589855,-1.0,1.0,0.177759,-1.0,-0.04367084,0.030325076,-0.50756234,0.8491866,-0.3035602,-0.13824643,-1.0,1.0,-1.0,1.0,3.0527,-0.56589055,-2.9530115,2.0933,3.0527,2.0933,-6.283,0.54840183,0.98372626,-0.274,1.718,0.101322636,-0.296,0.7220168,0.72650737,-0.28931054,1.5587342,0.45134205,0.554143,0.36357,1.13,-0.2897,1.81991
335,5.601999999999605,1.0,0.025473721,-0.12046675,1.0,1.0,0.6927283,-0.7875616,0.95542115,0.26044324,-1.0,1.0,0.18572597,-1.0,-0.053408094,0.021774014,-0.47914708,0.84530634,-0.32029158,-0.124677904,-1.0,1.0,-1.0,1.0,3.0527,-0.5616441,-2.9730933,2.0933,3.0527,2.0933,-6.283,0.54459006,0.9682246,-0.274,1.718,0.1058638,-0.296,0.7118755,0.7177639,-0.27311385,1.5548422,0.43391633,0.5680168,0.36357,1.13,-0.2897,1.81991
336,5.617999999999603,1.0,-0.04470729,-0.17658791,1.0,1.0,0.8893164,-0.8863844,0.6036626,-0.008472658,-1.0,1.0,-0.03334014,-1.0,-0.04395462,0.08831408,-0.29483795,0.6603299,-0.540391,-0.22826464,-1.0,1.0,-1.0,1.0,3.0527,-0.5690968,-3.0025306,2.0933,3.0527,2.0933,-6.283,0.3440877,0.69850194,-0.274,1.718,-0.019003881,-0.296,0.7217213,0.7858012,-0.16805764,1.3693109,0.20468274,0.4620994,0.36357,1.13,-0.2897,1.81991
337,5.635999999999601,1.0,-0.1151123,-0.25454992,1.0,1.0,1.0,-1.0,0.39764607,-0.28254357,-1.0,0.93766886,-0.23248045,-1.0,-0.013225382,0.14557455,-0.13849348,0.57417583,-0.7723568,-0.27418232,-0.8691105,1.0,-1.0,1.0,3.0527,-0.58828604,-3.0449638,2.0933,3.0527,2.0933,-6.283,0.22665825,0.4236088,-0.274,1.6542664,-0.13251385,-0.296,0.75372577,0.84435,-0.078941286,1.2828983,-0.036909617,0.4151486,0.43773395,1.13,-0.2897,1.81991
338,5.6519999999996,1.0,-0.17190814,-0.25145566,1.0,1.0,1.0,-1.0,0.36436045,-0.4082813,-1.0,0.91617846,-0.33940217,-1.0,-0.015488869,0.15762575,-0.09526479,0.55776477,-0.873919,-0.28738728,-0.7887625,1.0,-1.0,1.0,3.0527,-0.6169431,-3.0527,2.0933,3.0527,2.0933,-6.283,0.20768546,0.29749385,-0.274,1.6322925,-0.19345924,-0.296,0.75136834,0.85667235,-0.05430093,1.266438,-0.14268665,0.4016465,0.48326033,1.13,-0.2897,1.81991
339,5.667999999999598,0.972835,-0.19948006,-0.23304461,1.0,1.0,1.0,-1.0,0.3992713,-0.436119,-1.0,0.9126219,-0.35176605,-1.0,-0.032115765,0.14722015,-0.09250355,0.5682969,-0.9026751,-0.2589071,-0.78433305,1.0,-1.0,1.0,3.0527,-0.65019643,-3.0527,2.0933,3.0527,2.0933,-6.283,0.22758465,0.26957265,-0.274,1.6286559,-0.20050664,-0.296,0.7340514,0.8460326,-0.05272702,1.2770019,-0.1726361,0.43076748,0.48577014,1.13,-0.2897,1.81991
340,5.685999999999596,0.94018126,-0.21344793,-0.21395557,1.0,1.0,1.0,-0.969886,0.4233266,-0.4627829,-1.0,0.9005211,-0.3606487,-1.0,-0.045831926,0.13554831,-0.08812463,0.5681928,-0.92386615,-0.23378752,-0.7769292,1.0,-1.0,0.99434227,3.0527,-0.6857782,-3.0527,2.0933,3.0527,2.0933,-6.283,0.24129617,0.24282876,-0.274,1.6162828,-0.20556976,-0.296,0.719766,0.83409816,-0.05023104,1.2768973,-0.1947066,0.45645225,0.48996526,1.13,-0.2897,1.81402
341,5.701999999999594,0.9046654,-0.21457446,-0.1922886,1.0,1.0,1.0,-0.92252076,0.4402377,-0.4755768,-1.0,0.87763196,-0.35769287,-1.0,-0.057474025,0.123273335,-0.085476816,0.5631099,-0.92833555,-0.20396276,-0.7704497,1.0,-1.0,0.9798489,3.0527,-0.7215478,-3.0527,2.0933,3.0527,2.0933,-6.283,0.2509355,0.22999649,-0.274,1.5928787,-0.20388493,-0.296,0.7076408,0.821547,-0.048721787,1.2717992,-0.19936147,0.48694807,0.49363664,1.13,-0.2897,1.7989316
342,5.717999999999592,0.89043176,-0.20169091,-0.20079422,1.0,1.0,1.0,-0.8437287,0.45508522,-0.4644082,-1.0,0.81975275,-0.32229373,-1.0,-0.08809353,0.09718188,-0.077943444,0.5648604,-0.9149305,-0.14922215,-0.74725336,1.0,-1.0,1.0,3.0527,-0.75516963,-3.0527,2.0933,3.0527,2.0933,-6.283,0.25939858,0.24119858,-0.274,1.5336972,-0.18370743,-0.296,0.6757506,0.79486847,-0.044427764,1.273555,-0.18540014,0.54292035,0.50678,1.13,-0.2897,1.81991
343,5.73599999999959,0.8836536,-0.15814638,-0.18135619,1.0,1.0,1.0,-0.7732522,0.40703124,-0.41048065,-1.0,0.76583797,-0.2808885,-1.0,-0.06873096,0.09461304,-0.069203615,0.56125396,-0.8570509,-0.11611012,-0.7459383,1.0,-1.0,1.0,3.0527,-0.78153265,-3.0527,2.0933,3.0527,2.0933,-6.283,0.2320078,0.2952879,-0.274,1.4785693,-0.16010645,-0.296,0.6959167,0.7922418,-0.03944606,1.2699378,-0.12511851,0.5767774,0.50752515,1.13,-0.2897,1.81991
344,5.7519999999995886,0.97765523,-0.116309874,-0.16561277,1.0,1.0,1.0,-0.7107019,0.3998804,-0.29392257,-1.0,0.7909033,-0.21903716,-1.0,-0.0062772688,0.09911268,-0.08355641,0.59887666,-0.7440426,-0.1292217,-0.8206604,1.0,-1.0,0.9933937,3.0527,-0.8009215,-3.0527,2.0933,3.0527,2.0933,-6.283,0.22793183,0.41219565,-0.274,1.5041986,-0.12485118,-0.296,0.76096225,0.7968427,-0.047627155,1.3076733,-0.0074203424,0.5633708,0.4651865,1.13,-0.2897,1.8130325
345,5.767999999999587,1.0,-0.083461635,-0.14187051,1.0,1.0,0.84664184,-0.60461414,0.56419516,-0.09894047,-1.0,0.8726235,-0.07795496,-1.0,-0.0001746472,0.051402293,-0.16393316,0.7313257,-0.5723359,-0.10376293,-0.99589676,1.0,-1.0,1.0,3.0527,-0.81483454,-3.0527,2.0933,3.0527,2.0933,-6.283,0.32159123,0.6077627,-0.274,1.5877576,-0.044434328,-0.296,0.7673181,0.74805886,-0.0934419,1.4405197,0.17141216,0.5894024,0.36589497,1.13,-0.2897,1.81991
346,5.785999999999585,1.0,-0.04803335,-0.115610115,1.0,1.0,0.73254013,-0.48240358,0.7183789,0.066990994,-1.0,0.9015356,0.0733937,-1.0,-0.018550819,0.0058950987,-0.22784162,0.8414219,-0.44506705,-0.007342199,-1.0,1.0,-1.0,1.0,3.0527,-0.8228417,-3.0527,2.0933,3.0527,2.0933,-6.283,0.40947598,0.774192,-0.274,1.6173202,0.04183441,-0.296,0.7481793,0.7015277,-0.12986971,1.5509461,0.30396268,0.6879926,0.36357,1.13,-0.2897,1.81991
347,5.801999999999583,1.0,-0.02057194,-0.1002145,1.0,1.0,0.6679798,-0.39303377,0.81503385,0.15763637,-1.0,0.8996017,0.16608955,-1.0,-0.043154903,-0.025566021,-0.26831228,0.89568955,-0.37887555,0.07266035,-1.0,1.0,-1.0,1.0,3.0527,-0.82627106,-3.0527,2.0933,3.0527,2.0933,-6.283,0.4645693,0.86510926,-0.274,1.6153427,0.09467104,-0.296,0.72255415,0.66935873,-0.152938,1.6053766,0.3729011,0.7697952,0.36357,1.13,-0.2897,1.81991
348,5.817999999999581,1.0,0.006946452,-0.089672364,1.0,1.0,0.64412266,-0.34277108,0.8723645,0.20866826,-1.0,0.8835694,0.2309045,-1.0,-0.06684638,-0.04623822,-0.290034,0.91708016,-0.34767562,0.13800208,-1.0,1.0,-1.0,1.0,3.0527,-0.8251131,-3.0527,2.0933,3.0527,2.0933,-6.283,0.4972478,0.9162943,-0.274,1.5989498,0.13161556,-0.296,0.6978795,0.64822143,-0.16531938,1.6268314,0.40539584,0.83660716,0.36357,1.13,-0.2897,1.81991
349,5.835999999999579,1.0,0.030921824,-0.08074484,1.0,1.0,0.64220315,-0.32045987,0.89788663,0.23064104,-1.0,0.8680466,0.27098006,-1.0,-0.083810456,-0.055469073,-0.29852468,0.91654044,-0.3385977,0.18218471,-1.0,1.0,-1.0,1.0,3.0527,-0.81995845,-3.0527,2.0933,3.0527,2.0933,-6.283,0.5117954,0.938333,-0.274,1.5830777,0.15445863,-0.296,0.6802114,0.63878286,-0.17015907,1.6262901,0.41485047,0.88178384,0.36357,1.13,-0.2897,1.81991
350,5.8519999999995775,1.0,0.048028,-0.10261346,1.0,1.0,0.7054776,-0.3564455,0.86748314,0.18520668,-1.0,0.8404681,0.27550885,-1.0,-0.1005202,-0.047191836,-0.27897447,0.86573356,-0.3980804,0.19900377,-1.0,1.0,-1.0,1.0,3.0527,-0.8119522,-3.0527,2.0933,3.0527,2.0933,-6.283,0.49446538,0.8927623,-0.274,1.5548786,0.15704004,-0.296,0.66280824,0.64724636,-0.15901545,1.5753307,0.35289925,0.89898133,0.36357,1.13,-0.2897,1.81991
351,5.867999999999576,1.0,0.052850015,-0.09027033,1.0,1.0,0.734642,-0.37991595,0.85159177,0.17019388,-1.0,0.828526,0.26918536,-1.0,-0.101656444,-0.037945844,-0.2731104,0.8408163,-0.41724747,0.20762019,-1.0,1.0,-1.0,1.0,3.0527,-0.8031421,-3.0527,2.0933,3.0527,2.0933,-6.283,0.4854073,0.87770444,-0.274,1.5426679,0.15343566,-0.296,0.6616248,0.6567004,-0.15567292,1.5503387,0.33293676,0.9077916,0.36357,1.13,-0.2897,1.81991
352,5.885999999999574,1.0,0.060650118,-0.0834307,1.0,1.0,0.73926926,-0.38705635,0.85935545,0.16398457,-1.0,0.8288626,0.27207404,-1.0,-0.10682506,-0.038459636,-0.27707106,0.82998484,-0.4260401,0.21465538,-1.0,1.0,-1.0,1.0,3.0527,-0.7930317,-3.0527,2.0933,3.0527,2.0933,-6.283,0.4898326,0.87147653,-0.274,1.543012,0.15508221,-0.296,0.6562417,0.656175,-0.15793051,1.5394748,0.32377923,0.9149851,0.36357,1.13,-0.2897,1.81991
353,5.901999999999572,1.0,0.07423831,-0.072854884,1.0,1.0,0.7471112,-0.38752928,0.865711,0.1668109,-1.0,0.82422787,0.28469476,-1.0,-0.107515104,-0.037667014,-0.27824944,0.8205617,-0.42951572,0.23153026,-1.0,1.0,-1.0,1.0,3.0527,-0.78065616,-3.0527,2.0933,3.0527,2.0933,-6.283,0.49345526,0.8743113,-0.274,1.538273,0.16227601,-0.296,0.655523,0.65698546,-0.15860218,1.5300233,0.32015938,0.9322397,0.36357,1.13,-0.2897,1.81991
354,5.91799999999957,1.0,0.08597768,-0.06404499,1.0,1.0,0.74963665,-0.38699573,0.874944,0.16910699,-1.0,0.821418,0.2959207,-1.0,-0.11074329,-0.038500525,-0.28168505,0.8139557,-0.43227738,0.2452672,-1.0,1.0,-1.0,1.0,3.0527,-0.7663237,-3.0527,2.0933,3.0527,2.0933,-6.283,0.49871805,0.87661433,-0.274,1.5353999,0.1686748,-0.296,0.6521609,0.65613323,-0.16056047,1.5233976,0.3172831,0.9462857,0.36357,1.13,-0.2897,1.81991
355,5.935999999999568,1.0,0.098268755,-0.056473218,1.0,1.0,0.7531541,-0.38693345,0.8859395,0.17209437,-1.0,0.8181778,0.30882955,-1.0,-0.11417825,-0.04018534,-0.2849911,0.8081685,-0.43518877,0.2596407,-1.0,1.0,-1.0,1.0,3.0527,-0.7499423,-3.0527,2.0933,3.0527,2.0933,-6.283,0.5049855,0.87961066,-0.274,1.5320868,0.17603284,-0.296,0.64858335,0.6544105,-0.16244492,1.517593,0.3142509,0.9609826,0.36357,1.13,-0.2897,1.81991
356,5.9519999999995665,1.0,0.11193634,-0.050623037,1.0,1.0,0.7547789,-0.38612363,0.90327543,0.17715046,-1.0,0.8174059,0.32542148,-1.0,-0.11860878,-0.04352639,-0.29050344,0.80416435,-0.4365397,0.2739241,-1.0,1.0,-1.0,1.0,3.0527,-0.7312825,-3.0527,2.0933,3.0527,2.0933,-6.283,0.514867,0.8846819,-0.274,1.5312976,0.18549025,-0.296,0.64396894,0.65099424,-0.16558696,1.5135769,0.3128439,0.9755874,0.36357,1.13,-0.2897,1.81991
357,5.967999999999565,1.0,0.12387741,-0.04655712,1.0,1.0,0.75692683,-0.3869143,0.9190291,0.18184903,-1.0,0.81723434,0.3395682,-1.0,-0.1224236,-0.04665763,-0.29574108,0.8013226,-0.43728238,0.28545067,-1.0,1.0,-1.0,1.0,3.0527,-0.71063215,-3.0527,2.0933,3.0527,2.0933,-6.283,0.52384657,0.8893946,-0.274,1.5311221,0.19355388,-0.296,0.6399958,0.6477926,-0.16857241,1.5107266,0.3120704,0.9873733,0.36357,1.13,-0.2897,1.81991
358,5.985999999999563,1.0,0.1345923,-0.044952624,1.0,1.0,0.7576944,-0.38744742,0.9372915,0.18768695,-1.0,0.81888324,0.3544091,-1.0,-0.12654614,-0.050600685,-0.30191112,0.80040056,-0.43655998,0.295278,-1.0,1.0,-1.0,1.0,3.0527,-0.6881956,-3.0527,2.0933,3.0527,2.0933,-6.283,0.53425616,0.89525,-0.274,1.5328081,0.20201318,-0.296,0.6357022,0.6437608,-0.17208934,1.5098017,0.3128228,0.99742174,0.36357,1.13,-0.2897,1.81991
359,6.001999999999561,1.0,0.14505768,-0.045964323,1.0,1.0,0.75795305,-0.38825446,0.9591242,0.19532081,-1.0,0.8227559,0.37121257,-1.0,-0.1309321,-0.055309124,-0.3093444,0.8011412,-0.43414086,0.3041042,-1.0,0.99870276,-1.0,1.0,3.0527,-0.66401446,-3.0527,2.0933,3.0527,2.0933,-6.283,0.5467008,0.9029068,-0.274,1.5367678,0.21159117,-0.296,0.6311342,0.6389464,-0.17632632,1.5105447,0.3153423,1.0064466,0.36357,1.129134,-0.2897,1.81991
360,6.017999999999559,1.0,0.15337598,-0.047817446,1.0,1.0,0.75905585,-0.39002532,0.9770285,0.20233789,-1.0,0.826436,0.38485062,-1.0,-0.134089,-0.059218474,-0.31580257,0.8023548,-0.4310634,0.31064492,-1.0,0.99584144,-1.0,1.0,3.0527,-0.6384467,-3.0527,2.0933,3.0527,2.0933,-6.283,0.5569062,0.9099449,-0.274,1.5405308,0.21936485,-0.296,0.6278463,0.6349491,-0.18000747,1.5117619,0.31854746,1.0131345,0.36357,1.1272241,-0.2897,1.81991
361,6.035999999999557,1.0,0.15978658,-0.05212287,1.0,1.0,0.7594188,-0.39221057,0.9954252,0.20899633,-1.0,0.8314747,0.39762717,-1.0,-0.1375984,-0.06356306,-0.32272005,0.8045795,-0.42767012,0.31499207,-1.0,0.9934177,-1.0,1.0,3.0527,-0.61181027,-3.0527,2.0933,3.0527,2.0933,-6.283,0.56739235,0.9166233,-0.274,1.5456829,0.2266475,-0.296,0.6241913,0.63050675,-0.18395042,1.5139933,0.32208157,1.0175794,0.36357,1.1256062,-0.2897,1.81991
362,6.0519999999995555,1.0,0.16007459,-0.063736714,1.0,1.0,0.7661927,-0.3937353,1.0,0.20431152,-1.0,0.82420117,0.39833984,-1.0,-0.14593363,-0.068013676,-0.32245964,0.8108695,-0.43614274,0.32470948,-1.0,0.9911401,-1.0,1.0,3.0527,-0.58512586,-3.0527,2.0933,3.0527,2.0933,-6.283,0.57,0.9119245,-0.274,1.5382457,0.2270537,-0.296,0.6155101,0.625956,-0.183802,1.5203022,0.31325734,1.0275154,0.36357,1.1240859,-0.2897,1.81991
363,6.067999999999554,1.0,0.16021311,-0.067785524,1.0,1.0,0.7692311,-0.3970766,1.0,0.20031235,-1.0,0.82533723,0.3962769,-1.0,-0.14815903,-0.068518825,-0.32599348,0.8107685,-0.43995005,0.32609203,-1.0,0.98905605,-1.0,1.0,3.0527,-0.55841833,-3.0527,2.0933,3.0527,2.0933,-6.283,0.57,0.90791327,-0.274,1.5394074,0.22587782,-0.296,0.6131924,0.6254395,-0.18581629,1.5202008,0.30929202,1.0289291,0.36357,1.1226947,-0.2897,1.81991
364,6.085999999999552,1.0,0.1649983,-0.07135796,1.0,1.0,0.770751,-0.39837486,1.0,0.2050645,-1.0,0.8297579,0.40506506,-1.0,-0.14901584,-0.0709889,-0.32927382,0.81361455,-0.43626386,0.328256,-1.0,0.9878488,-1.0,1.0,3.0527,-0.5309131,-3.0527,2.0933,3.0527,2.0933,-6.283,0.57,0.9126797,-0.274,1.5439274,0.23088709,-0.296,0.6123,0.62291384,-0.18768607,1.5230554,0.31313118,1.0311418,0.36357,1.1218889,-0.2897,1.81991
365,6.10199999999955,1.0,0.1700356,-0.07478253,1.0,1.0,0.7709785,-0.40087956,1.0,0.20894286,-1.0,0.83628637,0.4129806,-1.0,-0.14983654,-0.07435516,-0.3336954,0.8152818,-0.43298,0.3282668,-1.0,0.9863632,-1.0,1.0,3.0527,-0.5025682,-3.0527,2.0933,3.0527,2.0933,-6.283,0.57,0.9165697,-0.274,1.5506028,0.23539893,-0.296,0.61144525,0.61947185,-0.19020638,1.5247277,0.31655133,1.0311528,0.36357,1.1208972,-0.2897,1.81991
366,6.117999999999548,1.0,0.17372644,-0.077284135,1.0,1.0,0.77099705,-0.40305224,1.0,0.21273783,-1.0,0.84121466,0.41952863,-1.0,-0.15002996,-0.077073105,-0.33708835,0.8167667,-0.4298423,0.3281362,-1.0,0.9855069,-1.0,1.0,3.0527,-0.47360796,-3.0527,2.0933,3.0527,2.0933,-6.283,0.57,0.92037606,-0.274,1.555642,0.23913132,-0.296,0.6112438,0.6166927,-0.19214036,1.526217,0.31981924,1.0310192,0.36357,1.1203256,-0.2897,1.81991
367,6.135999999999546,1.0,0.17517412,-0.080951,1.0,1.0,0.7712325,-0.4068123,1.0,0.21378532,-1.0,0.84638965,0.4226646,-1.0,-0.15009528,-0.07938949,-0.33985168,0.817375,-0.42852652,0.32525662,-1.0,0.98488003,-1.0,1.0,3.0527,-0.44440645,-3.0527,2.0933,3.0527,2.0933,-6.283,0.57,0.92142665,-0.274,1.5609335,0.24091883,-0.296,0.6111758,0.6143243,-0.19371545,1.5268271,0.32118964,1.0280749,0.36357,1.1199071,-0.2897,1.81991
368,6.1519999999995445,1.0,0.17328799,-0.08919824,1.0,1.0,0.7754668,-0.4119451,1.0,0.21282199,-1.0,0.8491879,0.42277083,-1.0,-0.14966649,-0.08085955,-0.33927816,0.81803936,-0.42811507,0.3206129,-1.0,0.9862555,-1.0,1.0,3.0527,-0.41551933,-3.0527,2.0933,3.0527,2.0933,-6.283,0.57,0.92046046,-0.274,1.5637946,0.24097937,-0.296,0.61162233,0.6128211,-0.19338855,1.5274935,0.32161817,1.0233268,0.36357,1.1208253,-0.2897,1.81991
369,6.167999999999543,1.0,0.17176187,-0.094369344,1.0,1.0,0.7753191,-0.4182376,1.0,0.21425477,-1.0,0.8584072,0.4186054,-1.0,-0.14252174,-0.08026687,-0.33881056,0.8189317,-0.42269439,0.30703053,-1.0,0.9889138,-1.0,1.0,3.0527,-0.38688663,-3.0527,2.0933,3.0527,2.0933,-6.283,0.57,0.92189753,-0.274,1.5732213,0.23860507,-0.296,0.6190636,0.6134271,-0.19312201,1.5283885,0.3272638,1.0094388,0.36357,1.1225997,-0.2897,1.81991
370,6.185999999999541,1.0,0.16967595,-0.09920695,1.0,1.0,0.7748256,-0.4237489,1.0,0.21529523,-1.0,0.865185,0.41705677,-1.0,-0.13898093,-0.080055095,-0.33837336,0.8196696,-0.42050833,0.29794225,-1.0,0.9909375,-1.0,1.0,3.0527,-0.35860166,-3.0527,2.0933,3.0527,2.0933,-6.283,0.57,0.9229411,-0.274,1.5801517,0.23772235,-0.296,0.62275136,0.61364365,-0.19287282,1.5291287,0.32954058,1.0001459,0.36357,1.1239506,-0.2897,1.81991
371,6.201999999999539,1.0,0.16483223,-0.10425607,1.0,1.0,0.7762184,-0.43287104,1.0,0.20986357,-1.0,0.8709119,0.40904656,-1.0,-0.13610786,-0.079099156,-0.3369764,0.8178449,-0.42315388,0.2853902,-1.0,0.99246395,-1.0,1.0,3.0527,-0.33112413,-3.0527,2.0933,3.0527,2.0933,-6.283,0.57,0.91749316,-0.274,1.5860074,0.23315653,-0.296,0.6257437,0.6146211,-0.19207655,1.5272985,0.32678524,0.9873115,0.36357,1.1249695,-0.2897,1.81991
372,6.217999999999537,1.0,0.15887618,-0.10939372,1.0,1.0,0.77930737,-0.442595,1.0,0.20328322,-1.0,0.87578136,0.3998221,-1.0,-0.13210821,-0.076806284,-0.3336752,0.8152289,-0.4267431,0.2721266,-1.0,0.9945833,-1.0,1.0,3.0527,-0.30463946,-3.0527,2.0933,3.0527,2.0933,-6.283,0.57,0.9108931,-0.274,1.5909865,0.22789858,-0.296,0.6299093,0.6169656,-0.19019486,1.5246745,0.32304707,0.97374946,0.36357,1.1263843,-0.2897,1.81991
373,6.235999999999535,1.0,0.15173256,-0.11472308,1.0,1.0,0.78286,-0.45333824,1.0,0.1943967,-1.0,0.8804751,0.3877109,-1.0,-0.1276738,-0.07391421,-0.32943898,0.81175524,-0.43175024,0.25683329,-1.0,0.99694335,-1.0,1.0,3.0527,-0.27934563,-3.0527,2.0933,3.0527,2.0933,-6.283,0.57,0.9019799,-0.274,1.5957857,0.22099522,-0.296,0.63452774,0.6199227,-0.18778022,1.5211905,0.3178321,0.95811206,0.36357,1.1279596,-0.2897,1.81991
374,6.2519999999995335,1.0,0.14282882,-0.12022821,1.0,1.0,0.78784347,-0.4653984,1.0,0.18316296,-1.0,0.8843586,0.37230542,-1.0,-0.1222688,-0.06965963,-0.32318002,0.8073035,-0.43836445,0.23946391,-1.0,0.99997723,-1.0,1.0,3.0527,-0.25553608,-3.0527,2.0933,3.0527,2.0933,-6.283,0.57,0.89071244,-0.274,1.5997566,0.2122141,-0.296,0.64015704,0.624273,-0.18421261,1.5167254,0.31094342,0.94035184,0.36357,1.1299849,-0.2897,1.81991
375,6.267999999999532,1.0,0.13479817,-0.12455823,1.0,1.0,0.79174507,-0.4761786,1.0,0.17297235,-1.0,0.88801986,0.35739815,-1.0,-0.11646015,-0.06541688,-0.3169431,0.8034644,-0.4439044,0.22269408,-1.0,1.0,-1.0,1.0,3.0527,-0.23306522,-3.0527,2.0933,3.0527,2.0933,-6.283,0.57,0.88049126,-0.274,1.6035004,0.20371695,-0.296,0.64620674,0.62861127,-0.18065757,1.5128748,0.30517358,0.9232047,0.36357,1.13,-0.2897,1.81991
376,6.28599999999953,1.0,0.1265192,-0.12800056,1.0,1.0,0.7956833,-0.48614898,1.0,0.16235724,-1.0,0.89034903,0.34166947,-1.0,-0.11093677,-0.060711183,-0.3101263,0.79946816,-0.45003933,0.20689271,-1.0,1.0,-1.0,1.0,3.0527,-0.21197447,-3.0527,2.0933,3.0527,2.0933,-6.283,0.57,0.8698443,-0.274,1.6058819,0.19475159,-0.296,0.65195936,0.6334228,-0.176772,1.5088665,0.29878405,0.9070478,0.36357,1.13,-0.2897,1.81991
377,6.301999999999528,1.0,0.11566437,-0.13187903,1.0,1.0,0.80162126,-0.49855363,0.9833294,0.15028343,-1.0,0.8929265,0.322045,-1.0,-0.105782874,-0.055283822,-0.30256003,0.79491144,-0.45741707,0.18904363,-1.0,1.0,-1.0,1.0,3.0527,-0.19269322,-3.0527,2.0933,3.0527,2.0933,-6.283,0.56049776,0.85773426,-0.274,1.6085174,0.18356565,-0.296,0.6573271,0.6389723,-0.17245921,1.5042962,0.2911001,0.8887971,0.36357,1.13,-0.2897,1.81991
378,6.317999999999526,1.0,0.10674525,-0.13359824,1.0,1.0,0.80319,-0.504905,0.96817803,0.14066562,-1.0,0.89356315,0.3066797,-1.0,-0.10040975,-0.05033324,-0.29538298,0.7919918,-0.4628362,0.17506059,-1.0,1.0,-1.0,1.0,3.0527,-0.17489879,-3.0527,2.0933,3.0527,2.0933,-6.283,0.55186146,0.8480876,-0.274,1.6091683,0.17480743,-0.296,0.6629232,0.64403427,-0.1683683,1.5013677,0.2854561,0.87449944,0.36357,1.13,-0.2897,1.81991
379,6.335999999999524,1.0,0.098589905,-0.13436991,1.0,1.0,0.804295,-0.51027554,0.95280457,0.13099912,-1.0,0.8930411,0.29078716,-1.0,-0.0962174,-0.04594309,-0.28886604,0.7893259,-0.46799082,0.16246004,-1.0,1.0,-1.0,1.0,3.0527,-0.15846385,-3.0527,2.0933,3.0527,2.0933,-6.283,0.5430986,0.83839214,-0.274,1.6086345,0.16574869,-0.296,0.66728956,0.6485232,-0.16465364,1.4986938,0.28008756,0.8616154,0.36357,1.13,-0.2897,1.81991
380,6.3519999999995225,1.0,0.08932269,-0.1340326,1.0,1.0,0.8055361,-0.5140705,0.93445516,0.12130477,-1.0,0.8908697,0.27381763,-1.0,-0.09187687,-0.040653802,-0.28128952,0.7867637,-0.47307402,0.15084706,-1.0,1.0,-1.0,1.0,3.0527,-0.14357375,-3.0527,2.0933,3.0527,2.0933,-6.283,0.53263944,0.8286687,-0.274,1.6064142,0.15607604,-0.296,0.6718102,0.6539315,-0.16033502,1.496124,0.27479342,0.8497411,0.36357,1.13,-0.2897,1.81991
381,6.367999999999521,1.0,0.08114613,-0.13308378,1.0,1.0,0.80462104,-0.5153818,0.91998845,0.113588415,-1.0,0.8887527,0.25994226,-1.0,-0.08908243,-0.03679142,-0.27535623,0.7854164,-0.47692686,0.14180939,-1.0,1.0,-1.0,1.0,3.0527,-0.1300467,-3.0527,2.0933,3.0527,2.0933,-6.283,0.52439344,0.82092917,-0.274,1.6042496,0.14816709,-0.296,0.67472064,0.6578808,-0.15695305,1.4947727,0.27078068,0.8405001,0.36357,1.13,-0.2897,1.81991
382,6.385999999999519,1.0,0.07322753,-0.1308981,1.0,1.0,0.80358195,-0.5151332,0.9048481,0.106654964,-1.0,0.88551134,0.24664564,-1.0,-0.08668465,-0.032777287,-0.26958072,0.7841814,-0.4802158,0.13459896,-1.0,1.0,-1.0,1.0,3.0527,-0.117839664,-3.0527,2.0933,3.0527,2.0933,-6.283,0.5157634,0.8139749,-0.274,1.6009353,0.14058802,-0.296,0.67721796,0.6619852,-0.15366101,1.493534,0.26735526,0.83312744,0.36357,1.13,-0.2897,1.81991
383,6.401999999999517,1.0,0.06438161,-0.12705961,1.0,1.0,0.80135185,-0.51275593,0.88834727,0.10020115,-1.0,0.88078636,0.23292635,-1.0,-0.08507473,-0.028716097,-0.26401293,0.78353584,-0.48296064,0.12880738,-1.0,1.0,-1.0,1.0,3.0527,-0.10710725,-3.0527,2.0933,3.0527,2.0933,-6.283,0.50635797,0.80750173,-0.274,1.596104,0.13276802,-0.296,0.67889464,0.6661378,-0.15048738,1.4928864,0.2644965,0.82720554,0.36357,1.13,-0.2897,1.81991
384,6.417999999999515,1.0,0.056632288,-0.123002715,1.0,1.0,0.7974006,-0.50834167,0.87611353,0.095809124,-1.0,0.8764244,0.22258408,-1.0,-0.08497787,-0.026083747,-0.26011795,0.7840025,-0.48434907,0.12525724,-1.0,1.0,-1.0,1.0,3.0527,-0.09766664,-3.0527,2.0933,3.0527,2.0933,-6.283,0.4993847,0.80309653,-0.274,1.5916439,0.12687293,-0.296,0.67899555,0.6688294,-0.14826722,1.4933544,0.26305044,0.82357556,0.36357,1.13,-0.2897,1.81991
385,6.435999999999513,1.0,0.04927755,-0.11770389,1.0,1.0,0.7930273,-0.502254,0.86407596,0.092882596,-1.0,0.8712581,0.21356933,-1.0,-0.0852728,-0.02353839,-0.25671542,0.7849452,-0.48454767,0.12363889,-1.0,1.0,-1.0,1.0,3.0527,-0.08945208,-3.0527,2.0933,3.0527,2.0933,-6.283,0.49252328,0.80016124,-0.274,1.5863614,0.121734515,-0.296,0.6786884,0.671432,-0.1463278,1.4943,0.2628436,0.82192075,0.36357,1.13,-0.2897,1.81991
386,6.4519999999995115,1.0,0.04139126,-0.11033995,1.0,1.0,0.7867382,-0.49357015,0.8520788,0.09157618,-1.0,0.86491126,0.20521054,-1.0,-0.08667589,-0.021473357,-0.25434935,0.7869801,-0.48325068,0.1241399,-1.0,1.0,-1.0,1.0,3.0527,-0.08255216,-3.0527,2.0933,3.0527,2.0933,-6.283,0.4856849,0.7988509,-0.274,1.5798718,0.11697,-0.296,0.6772271,0.6735435,-0.14497913,1.496341,0.26419443,0.82243305,0.36357,1.13,-0.2897,1.81991
387,6.46799999999951,1.0,0.034561045,-0.103190295,1.0,1.0,0.77884275,-0.483417,0.84460354,0.09235712,-1.0,0.8594493,0.20014255,-1.0,-0.0894248,-0.020858297,-0.25372845,0.7902289,-0.48053688,0.12636481,-1.0,1.0,-1.0,1.0,3.0527,-0.07679083,-3.0527,2.0933,3.0527,2.0933,-6.283,0.481424,0.7996342,-0.274,1.5742869,0.11408125,-0.296,0.6743641,0.6741724,-0.14462522,1.4995996,0.26702085,0.82470804,0.36357,1.13,-0.2897,1.81991
388,6.485999999999508,1.0,0.028462656,-0.09454527,1.0,1.0,0.770164,-0.4715891,0.83819324,0.09538426,-1.0,0.853579,0.19707642,-1.0,-0.09235955,-0.020588676,-0.25389826,0.794296,-0.47603983,0.13073651,-1.0,1.0,-1.0,1.0,3.0527,-0.0720461,-3.0527,2.0933,3.0527,2.0933,-6.283,0.47777015,0.8026704,-0.274,1.5682845,0.112333566,-0.296,0.6713075,0.6744481,-0.14472201,1.5036789,0.27170452,0.8291781,0.36357,1.13,-0.2897,1.81991
389,6.501999999999506,1.0,0.022486575,-0.08322812,1.0,1.0,0.7584334,-0.4566946,0.8336381,0.101431035,-1.0,0.8471188,0.19586588,-1.0,-0.09650052,-0.021476278,-0.2560265,0.80013776,-0.46901613,0.13802199,-1.0,1.0,-1.0,1.0,3.0527,-0.068297595,-3.0527,2.0933,3.0527,2.0933,-6.283,0.4751737,0.8087353,-0.274,1.561679,0.11164355,-0.296,0.6669947,0.67354053,-0.1459351,1.5095382,0.27901968,0.8366275,0.36357,1.13,-0.2897,1.81991
390,6.517999999999504,1.0,0.01767338,-0.07250368,1.0,1.0,0.74520403,-0.44085944,0.83374035,0.10948732,-1.0,0.84191996,0.19776772,-1.0,-0.10174752,-0.023866007,-0.25984567,0.80729216,-0.46077484,0.14667617,-1.0,1.0,-1.0,1.0,3.0527,-0.06535144,-3.0527,2.0933,3.0527,2.0933,-6.283,0.475232,0.8168158,-0.274,1.5563631,0.1127276,-0.296,0.66152996,0.671097,-0.14811203,1.5167141,0.287603,0.8454764,0.36357,1.13,-0.2897,1.81991
391,6.535999999999502,1.0,0.0141395405,-0.059777312,1.0,1.0,0.73088217,-0.4232807,0.8356807,0.120365284,-1.0,0.8363897,0.20220937,-1.0,-0.1069004,-0.026997516,-0.26460594,0.81536657,-0.45057404,0.15798591,-1.0,1.0,-1.0,1.0,3.0527,-0.062994376,-3.0527,2.0933,3.0527,2.0933,-6.283,0.476338,0.82772636,-0.274,1.5507085,0.11525934,-0.296,0.6561632,0.667895,-0.15082538,1.5248127,0.29822713,0.8570406,0.36357,1.13,-0.2897,1.81991
392,6.5519999999995004,1.0,0.011613019,-0.0436484,1.0,1.0,0.7126547,-0.40215182,0.84107435,0.13519344,-1.0,0.8303613,0.20945892,-1.0,-0.11321039,-0.032004423,-0.27183187,0.8254322,-0.4376108,0.17331474,-1.0,1.0,-1.0,1.0,3.0527,-0.061058488,-3.0527,2.0933,3.0527,2.0933,-6.283,0.47941238,0.84259903,-0.274,1.5445445,0.11939158,-0.296,0.6495914,0.66277546,-0.15494417,1.5349085,0.31172836,0.87271434,0.36357,1.13,-0.2897,1.81991
393,6.567999999999499,1.0,0.01026953,-0.028594887,1.0,1.0,0.6935172,-0.38043118,0.85071945,0.15128753,-1.0,0.82504874,0.21957363,-1.0,-0.12070764,-0.038382955,-0.28005326,0.8363936,-0.4247008,0.1900848,-1.0,1.0,-1.0,1.0,3.0527,-0.059346557,-3.0527,2.0933,3.0527,2.0933,-6.283,0.4849101,0.8587414,-0.274,1.5391123,0.12515697,-0.296,0.641783,0.65625346,-0.15963036,1.5459027,0.32517412,0.8898617,0.36357,1.13,-0.2897,1.81991
394,6.585999999999497,1.0,0.010597952,-0.010979122,1.0,1.0,0.6739404,-0.35739282,0.8615663,0.16964212,-1.0,0.819099,0.23149593,-1.0,-0.12755251,-0.04547999,-0.28892964,0.84756535,-0.41050982,0.20976795,-1.0,1.0,-1.0,1.0,3.0527,-0.05757988,-3.0527,2.0933,3.0527,2.0933,-6.283,0.4910928,0.8771511,-0.274,1.5330287,0.13195269,-0.296,0.63465405,0.6489967,-0.1646899,1.557108,0.33995402,0.90998775,0.36357,1.13,-0.2897,1.81991
395,6.601999999999495,1.0,0.012557752,0.010078395,1.0,1.0,0.65123695,-0.33159047,0.8753439,0.1906921,-1.0,0.8133357,0.24484678,-1.0,-0.13527834,-0.054398037,-0.30076182,0.8595217,-0.3944723,0.23321198,-1.0,1.0,-1.0,1.0,3.0527,-0.0554865,-3.05102,2.0933,3.0527,2.0933,-6.283,0.49894604,0.89826417,-0.274,1.5271357,0.13956267,-0.296,0.6266076,0.63987803,-0.17143424,1.5691003,0.3566571,0.93395925,0.36357,1.13,-0.2897,1.81991
396,6.617999999999493,1.0,0.015279539,0.029164935,1.0,1.0,0.6295622,-0.307003,0.891021,0.21071294,-1.0,0.80882967,0.2584275,-1.0,-0.14407855,-0.063896336,-0.31350768,0.8710428,-0.37987298,0.25658554,-1.0,1.0,-1.0,1.0,3.0527,-0.052939404,-3.046158,2.0933,3.0527,2.0933,-6.283,0.507882,0.9183451,-0.274,1.5225283,0.14730367,-0.296,0.6174422,0.630166,-0.17869937,1.5806559,0.3718623,0.95785874,0.36357,1.13,-0.2897,1.81991
397,6.635999999999491,1.0,0.019785173,0.050561734,1.0,1.0,0.60938525,-0.2824792,0.90551126,0.23079303,-1.0,0.80354416,0.2717027,-1.0,-0.15173858,-0.07343841,-0.32624167,0.8809871,-0.36549383,0.2818533,-1.0,1.0,-1.0,1.0,3.0527,-0.049641214,-3.0377295,2.0933,3.0527,2.0933,-6.283,0.5161414,0.9384854,-0.274,1.5171239,0.15487054,-0.296,0.6094643,0.62040925,-0.18595776,1.59063,0.38683817,0.983695,0.36357,1.13,-0.2897,1.81991
398,6.651999999999489,1.0,0.02619756,0.0748064,1.0,1.0,0.58794105,-0.25641516,0.92069566,0.2514268,-1.0,0.7979015,0.28457496,-1.0,-0.15980357,-0.08417893,-0.3408528,0.8899801,-0.35091025,0.30998266,-1.0,1.0,-1.0,1.0,3.0527,-0.04527408,-3.0252593,2.0933,3.0527,2.0933,-6.283,0.52479655,0.9591811,-0.274,1.5113543,0.16220772,-0.296,0.60106456,0.60942703,-0.1942861,1.59965,0.40202698,1.0124573,0.36357,1.13,-0.2897,1.81991
399,6.667999999999488,1.0,0.03297878,0.09646229,1.0,1.0,0.5676256,-0.23200819,0.93700737,0.27079156,-1.0,0.7935448,0.29645064,-1.0,-0.16845572,-0.09516523,-0.35593104,0.8988375,-0.3372733,0.33691457,-1.0,1.0,-1.0,1.0,3.0527,-0.03977652,-3.009179,2.0933,3.0527,2.0933,-6.283,0.5340942,0.97860396,-0.274,1.5068996,0.16897687,-0.296,0.59205335,0.5981935,-0.2028807,1.608534,0.41622984,1.0399952,0.36357,1.13,-0.2897,1.81991
400,6.685999999999486,1.0,0.041443594,0.11955754,1.0,1.0,0.547829,-0.20696676,0.9524032,0.29070333,-1.0,0.788788,0.30734134,-1.0,-0.17525828,-0.10627169,-0.37069583,0.90705156,-0.32241386,0.36463204,-1.0,1.0,-1.0,1.0,3.0527,-0.03286787,-2.9892488,2.0933,3.0527,2.0933,-6.283,0.5428698,0.99857545,-0.274,1.5020357,0.17518456,-0.296,0.5849685,0.5868372,-0.21129662,1.6167728,0.43170595,1.0683362,0.36357,1.13,-0.2897,1.81991
401,6.701999999999484,1.0,0.052404292,0.14422752,1.0,1.0,0.5264204,-0.17978081,0.9687005,0.31169954,-1.0,0.7840989,0.317516,-1.0,-0.18129838,-0.118608035,-0.38708633,0.9151583,-0.30593902,0.3946191,-1.0,1.0,-1.0,1.0,3.0527,-0.024132075,-2.9652061,2.0933,3.0527,2.0933,-6.283,0.5521593,1.0196346,-0.274,1.4972411,0.18098412,-0.296,0.5786777,0.5742233,-0.22063921,1.6249038,0.44886452,1.0989981,0.36357,1.13,-0.2897,1.81991
402,6.719999999999482,1.0,0.06393994,0.1663868,1.0,1.0,0.5026187,-0.15242773,0.9885459,0.33258834,-1.0,0.78199023,0.32622996,-1.0,-0.18732321,-0.13174672,-0.4051203,0.9242895,-0.28842753,0.4232976,-1.0,1.0,-1.0,1.0,3.0527,-0.013473288,-2.9374692,2.0933,3.0527,2.0933,-6.283,0.56347114,1.0405861,-0.274,1.495085,0.18595108,-0.296,0.5724029,0.560789,-0.23091857,1.6340624,0.46710274,1.1283218,0.36357,1.13,-0.2897,1.81991
403,6.73599999999948,1.0,0.07900155,0.19056426,1.0,1.0,0.4766157,-0.121549,1.0,0.35584852,-1.0,0.7801618,0.33354038,-1.0,-0.19025815,-0.14595257,-0.42438972,0.9339107,-0.26690906,0.45483872,-1.0,1.0,-1.0,1.0,3.0527,-0.00030372903,-2.9057024,2.0933,3.0527,2.0933,-6.283,0.57,1.0639161,-0.274,1.4932154,0.19011801,-0.296,0.56934613,0.5462635,-0.24190214,1.6437124,0.4895142,1.1605726,0.36357,1.13,-0.2897,1.81991
404,6.751999999999478,1.0,0.094498284,0.21121116,1.0,1.0,0.44666693,-0.09004309,1.0,0.3799819,-1.0,0.7827924,0.33857742,-1.0,-0.19410002,-0.16168351,-0.4472528,0.94585556,-0.24339111,0.4855799,-1.0,1.0,-1.0,1.0,3.0527,0.015449135,-2.8704934,2.0933,3.0527,2.0933,-6.283,0.57,1.0881219,-0.274,1.4959052,0.19298913,-0.296,0.5653448,0.5301786,-0.2549341,1.6556932,0.51400816,1.1920055,0.36357,1.13,-0.2897,1.81991
405,6.769999999999476,1.0,0.112805374,0.23118873,1.0,1.0,0.41443378,-0.056174986,1.0,0.40741262,-1.0,0.78761643,0.34200686,-1.0,-0.1952672,-0.17853637,-0.47202796,0.9594638,-0.21546407,0.5180353,-1.0,1.0,-1.0,1.0,3.0527,0.03425379,-2.8319542,2.0933,3.0527,2.0933,-6.283,0.57,1.1156348,-0.274,1.5008378,0.1949439,-0.296,0.56412923,0.51294655,-0.26905593,1.6693422,0.54309416,1.2251911,0.36357,1.13,-0.2897,1.81991
406,6.785999999999475,1.0,0.13416243,0.2501543,1.0,1.0,0.37552148,-0.017942483,1.0,0.43869022,-1.0,0.7971704,0.34118357,-1.0,-0.19438517,-0.19790362,-0.5021085,0.975928,-0.18192013,0.55249864,-1.0,1.0,-1.0,1.0,3.0527,0.05661867,-2.7902534,2.0933,3.0527,2.0933,-6.283,0.57,1.1470063,-0.274,1.5106068,0.19447464,-0.296,0.56504786,0.49314356,-0.28620186,1.6858557,0.57803017,1.2604299,0.36357,1.13,-0.2897,1.81991
407,6.801999999999473,1.0,0.15666223,0.26556548,1.0,1.0,0.33314598,0.020954793,1.0,0.47358218,-1.0,0.8096785,0.34157714,-1.0,-0.19347167,-0.21854989,-0.5363547,0.995876,-0.14477225,0.5871441,-1.0,1.0,-1.0,1.0,3.0527,0.08273426,-2.7459838,2.0933,3.0527,2.0933,-6.2795067,0.57,1.1820029,-0.274,1.5233963,0.19469897,-0.296,0.56599927,0.47203273,-0.30572218,1.7058636,0.6167197,1.2958548,0.36357,1.13,-0.2897,1.81991
408,6.819999999999471,1.0,0.17939317,0.2781522,1.0,1.0,0.28914058,0.061734565,1.0,0.512162,-1.0,0.8226938,0.3422185,-1.0,-0.18951774,-0.23969255,-0.57310015,1.0,-0.10291453,0.6218346,-1.0,1.0,-1.0,1.0,3.0527,0.1126391,-2.6996157,2.0933,3.0527,2.0933,-6.2692156,0.57,1.2206985,-0.274,1.5367044,0.19506454,-0.296,0.5701173,0.45041436,-0.32666707,1.71,0.6603145,1.3313259,0.36357,1.13,-0.2897,1.81991
409,6.835999999999469,1.0,0.20002449,0.28679007,1.0,1.0,0.24408403,0.103245206,1.0,0.55439866,-1.0,0.838443,0.34061298,-1.0,-0.18109703,-0.26123926,-0.6128716,1.0,-0.056380346,0.6550657,-1.0,1.0,-1.0,1.0,3.0527,0.14598319,-2.6518078,2.0933,3.0527,2.0933,-6.2520046,0.57,1.2630619,-0.274,1.5528079,0.1941494,-0.296,0.57888746,0.42838284,-0.3493368,1.71,0.7087799,1.3653047,0.36357,1.13,-0.2897,1.81991
410,6.851999999999467,1.0,0.21469498,0.28727058,1.0,1.0,0.19434056,0.14394286,1.0,0.60236084,-1.0,0.86151606,0.33857012,-1.0,-0.17168325,-0.28417903,-0.66019684,1.0,-0.0055021774,0.6855474,-1.0,1.0,-1.0,1.0,3.0527,0.18177284,-2.60392,2.0933,3.0527,2.0933,-6.228009,0.57,1.311168,-0.274,1.5764002,0.19298497,-0.296,0.5886919,0.40492693,-0.3763122,1.71,0.7617695,1.3964722,0.36357,1.13,-0.2897,1.81991
411,6.869999999999465,1.0,0.22645986,0.27142775,1.0,1.0,0.114424706,0.1976721,1.0,0.6832937,-1.0,0.9128873,0.33977845,-1.0,-0.14950705,-0.31553528,-0.73856354,1.0,0.075482056,0.7202663,-1.0,1.0,-1.0,1.0,3.0527,0.2195237,-2.558673,2.0933,3.0527,2.0933,-6.1950574,0.57,1.3923436,-0.274,1.6289272,0.19367371,-0.296,0.6117884,0.37286517,-0.42098123,1.71,0.8461146,1.4319723,0.36357,1.13,-0.2897,1.81991
412,6.885999999999464,1.0,0.23940313,0.22984202,1.0,1.0,-0.06981325,0.30374545,1.0,0.8650358,-1.0,1.0,0.3623952,-1.0,-0.113260694,-0.38021338,-0.92393607,1.0,0.24389951,0.7933033,-1.0,1.0,-1.0,1.0,3.0527,0.2594322,-2.520358,2.0933,3.0527,2.0816622,-6.144423,0.57,1.5746309,-0.274,1.718,0.20656526,-0.296,0.649539,0.30673182,-0.5266436,1.71,1.0215213,1.5066526,0.36357,1.13,-0.2897,1.81991
413,6.901999999999462,1.0,0.23830104,0.18437093,1.0,1.0,-0.33008024,0.4411672,1.0,1.0,-1.0,1.0,0.44328734,-1.0,-0.109031506,-0.47994182,-1.0,1.0,0.49160808,0.92545795,-1.0,1.0,-1.0,1.0,3.0527,0.299157,-2.4896235,2.0933,3.0527,2.0266378,-6.0708804,0.57,1.71,-0.274,1.718,0.25267377,-0.296,0.65394366,0.2047595,-0.57,1.71,1.2795098,1.6417807,0.36357,1.13,-0.2897,1.81991
414,6.91999999999946,1.0,0.22604835,0.14737198,1.0,1.0,-0.4742953,0.5115476,1.0,1.0,-1.0,1.0,0.5033034,-1.0,-0.13696969,-0.5365905,-1.0,1.0,0.6598969,1.0,-1.0,1.0,-1.0,1.0,3.0527,0.33683923,-2.4650567,2.0933,3.0527,1.9475727,-5.9856057,0.57,1.71,-0.274,1.718,0.28688294,-0.296,0.6248461,0.14683619,-0.57,1.71,1.4547826,1.718,0.36357,1.13,-0.2897,1.81991
415,6.935999999999458,1.0,0.19309664,0.093093686,1.0,1.0,-0.5155462,0.5017403,1.0,1.0,-1.0,1.0,0.58922654,-1.0,-0.18167806,-0.5664603,-1.0,1.0,0.74746436,1.0,-1.0,1.0,-1.0,1.0,3.0527,0.36902845,-2.449538,2.0933,3.0527,1.8616312,-5.9019656,0.57,1.71,-0.274,1.718,0.33585912,-0.296,0.5782823,0.11629433,-0.57,1.71,1.5459841,1.718,0.36357,1.13,-0.2897,1.81991
416,6.951999999999456,1.0,0.17648697,0.06406247,1.0,1.0,-0.5164231,0.45264608,1.0,1.0,-1.0,1.0,0.6883373,-1.0,-0.2537905,-0.5990924,-1.0,1.0,0.798454,1.0,-1.0,1.0,-1.0,1.0,3.0527,0.39844882,-2.4388587,2.0933,3.0527,1.7755435,-5.8265095,0.57,1.71,-0.274,1.718,0.39235228,-0.296,0.5031772,0.082927994,-0.57,1.71,1.5990899,1.718,0.36357,1.13,-0.2897,1.81991
417,6.969999999999454,1.0,0.1901151,0.040686928,1.0,1.0,-0.52161145,0.39786917,1.0,1.0,-1.0,1.0,0.79246205,-1.0,-0.3266858,-0.6353854,-1.0,1.0,0.832593,1.0,-1.0,1.0,-1.0,1.0,3.0527,0.430141,-2.4320762,2.0933,3.0527,1.6885908,-5.760185,0.57,1.71,-0.274,1.718,0.45170337,-0.296,0.42725676,0.045818433,-0.57,1.71,1.6346456,1.718,0.36357,1.13,-0.2897,1.81991
418,6.985999999999453,1.0,0.25950682,0.04215186,1.0,1.0,-0.53663886,0.36139283,1.0,1.0,-1.0,1.0,0.90079033,-1.0,-0.38825774,-0.67651004,-1.0,1.0,0.842092,1.0,-1.0,1.0,-1.0,1.0,3.0527,0.4734008,-2.4250495,2.0933,3.0527,1.5991331,-5.69994,0.57,1.71,-0.274,1.718,0.5134505,-0.296,0.36312956,0.0037684883,-0.57,1.71,1.6445388,1.718,0.36357,1.13,-0.2897,1.81991
419,7.001999999999451,1.0,0.35544372,0.06500166,1.0,1.0,-0.55033493,0.35174602,1.0,1.0,-1.0,1.0,0.98132575,-1.0,-0.4309423,-0.7131629,-1.0,1.0,0.8341151,1.0,-1.0,1.0,-1.0,1.0,3.0527,0.5326533,-2.4142137,2.0933,3.0527,1.5073923,-5.6413045,0.57,1.71,-0.274,1.718,0.5593557,-0.296,0.3186736,-0.033709064,-0.57,1.71,1.6362308,1.718,0.36357,1.13,-0.2897,1.81991
420,7.019999999999449,1.0,0.45926404,0.09700426,1.0,1.0,-0.56259274,0.3564428,1.0,1.0,-1.0,1.0,1.0,-1.0,-0.46235234,-0.746584,-1.0,1.0,0.8112063,1.0,-1.0,1.0,-1.0,1.0,3.0527,0.6092126,-2.3980432,2.0933,3.0527,1.4136081,-5.5818853,0.57,1.71,-0.274,1.718,0.57,-0.296,0.28596005,-0.067882136,-0.57,1.71,1.6123713,1.718,0.36357,1.13,-0.2897,1.81991
421,7.035999999999447,1.0,0.56290054,0.13014007,1.0,1.0,-0.57162786,0.36750656,1.0,1.0,-1.0,1.0,1.0,-1.0,-0.4808337,-0.7831856,-1.0,1.0,0.77651733,1.0,-1.0,1.0,-1.0,1.0,3.0527,0.7030481,-2.3763487,2.0933,3.0527,1.3183178,-5.520622,0.57,1.71,-0.274,1.718,0.57,-0.296,0.26671168,-0.10530727,-0.57,1.71,1.5762428,1.718,0.36357,1.13,-0.2897,1.81991
422,7.051999999999445,1.0,0.6399324,0.14909942,1.0,1.0,-0.56707954,0.37926853,1.0,1.0,-1.0,1.0,1.0,-1.0,-0.48048198,-0.8132663,-1.0,1.0,0.75056344,1.0,-1.0,1.0,-1.0,1.0,3.0527,0.8097248,-2.3514938,2.0933,3.0527,1.2237855,-5.457398,0.57,1.71,-0.274,1.718,0.57,-0.296,0.267078,-0.13606477,-0.57,1.71,1.5492119,1.718,0.36357,1.13,-0.2897,1.81991
423,7.069999999999443,1.0,0.6860845,0.1507628,1.0,1.0,-0.5496273,0.37557042,1.0,1.0,-1.0,1.0,1.0,-1.0,-0.47424167,-0.84188175,-1.0,1.0,0.7247736,1.0,-1.0,1.0,-1.0,1.0,3.0527,0.9240951,-2.3263617,2.0933,3.0527,1.1321627,-5.39479,0.57,1.71,-0.274,1.718,0.57,-0.296,0.2735773,-0.16532409,-0.57,1.71,1.5223517,1.718,0.36357,1.13,-0.2897,1.81991
424,7.085999999999442,1.0,0.7199069,0.13650045,1.0,1.0,-0.5267644,0.3640396,1.0,1.0,-1.0,1.0,1.0,-1.0,-0.46167338,-0.87123096,-1.0,1.0,0.69885796,1.0,-1.0,1.0,-1.0,1.0,3.0527,1.0441036,-2.303607,2.0933,3.0527,1.0443511,-5.334105,0.57,1.71,-0.274,1.718,0.57,-0.296,0.28666717,-0.19533366,-0.57,1.71,1.4953606,1.718,0.36357,1.13,-0.2897,1.81991
425,7.10199999999944,1.0,0.75098836,0.11266663,1.0,1.0,-0.5145851,0.35395694,1.0,1.0,-1.0,1.0,1.0,-1.0,-0.4466691,-0.894694,-1.0,1.0,0.67732817,1.0,-1.0,1.0,-1.0,1.0,3.0527,1.1692934,-2.2848256,2.0933,3.0527,0.9585697,-5.2751,0.57,1.71,-0.274,1.718,0.57,-0.296,0.30229414,-0.21932459,-0.57,1.71,1.4729373,1.718,0.36357,1.13,-0.2897,1.81991
426,7.119999999999438,1.0,0.78199565,0.08154165,1.0,1.0,-0.50137305,0.3398052,1.0,1.0,-1.0,1.0,1.0,-1.0,-0.42505944,-0.9113577,-1.0,1.0,0.6545455,1.0,-1.0,1.0,-1.0,1.0,3.0527,1.2996521,-2.2712326,2.0933,3.0527,0.8749908,-5.218455,0.57,1.71,-0.274,1.718,0.57,-0.296,0.32480058,-0.23636325,-0.57,1.71,1.4492091,1.718,0.36357,1.13,-0.2897,1.81991
427,7.135999999999436,1.0,0.81599903,0.034993045,1.0,1.0,-0.50071514,0.3268289,1.0,1.0,-1.0,1.0,1.0,-1.0,-0.39369035,-0.9198764,-1.0,1.0,0.62694067,1.0,-1.0,1.0,-1.0,1.0,3.0527,1.4356791,-2.2653992,2.0933,3.0527,0.7915216,-5.1639724,0.57,1.71,-0.274,1.718,0.57,-0.296,0.3574715,-0.24507362,-0.57,1.71,1.4204587,1.718,0.36357,1.13,-0.2897,1.81991
428,7.151999999999434,1.0,0.84441555,0.0031416956,1.0,1.0,-0.5087568,0.30815506,1.0,1.0,-1.0,1.0,1.0,-1.0,-0.3591984,-0.9108808,-1.0,1.0,0.5975079,1.0,-1.0,1.0,-1.0,1.0,3.0527,1.5764432,-2.2648754,2.0933,3.0527,0.7067119,-5.1126027,0.57,1.71,-0.274,1.718,0.57,-0.296,0.3933949,-0.23587562,-0.57,1.71,1.3898045,1.718,0.36357,1.13,-0.2897,1.81991
429,7.169999999999432,1.0,0.8614665,-0.014154321,1.0,1.0,-0.48422113,0.25955355,1.0,1.0,-1.0,1.0,1.0,-1.0,-0.31407905,-0.88068545,-1.0,1.0,0.5844876,1.0,-1.0,1.0,-1.0,1.0,3.0527,1.7200496,-2.267235,2.0933,3.0527,0.6259922,-5.0693355,0.57,1.71,-0.274,1.718,0.57,-0.296,0.44038668,-0.20500088,-0.57,1.71,1.3762438,1.718,0.36357,1.13,-0.2897,1.81991
430,7.185999999999431,1.0,0.84770536,-0.026847994,1.0,0.94324493,-0.44966137,0.20069474,1.0,1.0,-1.0,1.0,0.9285899,-1.0,-0.26541603,-0.82737315,-1.0,1.0,0.569158,1.0,-1.0,1.0,-1.0,1.0,3.0527,1.8613621,-2.2717106,2.0933,3.0527,0.5510337,-5.0358796,0.57,1.71,-0.274,1.718,0.5292962,-0.296,0.4910692,-0.15048905,-0.57,1.71,1.3602781,1.718,0.36357,1.13,-0.2897,1.81991
431,7.201999999999429,1.0,0.8248296,-0.038370647,1.0,0.9185407,-0.44954768,0.17020798,1.0,1.0,-1.0,1.0,0.85441154,-1.0,-0.2351529,-0.7865709,-1.0,1.0,0.5442763,1.0,-1.0,1.0,-1.0,1.0,3.0527,1.9988612,-2.278107,2.0933,3.0527,0.47609404,-5.007506,0.57,1.71,-0.274,1.718,0.4870146,-0.296,0.52258825,-0.10876875,-0.57,1.71,1.3343638,1.718,0.36357,1.13,-0.2897,1.81991
432,7.219999999999427,1.0,0.79907954,-0.046737544,1.0,0.902075,-0.44445542,0.15201777,1.0,1.0,-1.0,1.0,0.79629046,-1.0,-0.21057111,-0.7449366,-1.0,1.0,0.5104951,1.0,-1.0,1.0,-1.0,1.0,3.0527,2.0933,-2.2858982,2.0933,3.0527,0.40200335,-4.9821644,0.57,1.71,-0.274,1.718,0.45388556,-0.296,0.5481902,-0.066197656,-0.57,1.71,1.2991806,1.718,0.36357,1.13,-0.2897,1.81991
433,7.235999999999425,1.0,0.7554823,-0.05817934,1.0,0.91023195,-0.43764737,0.15289998,1.0,1.0,-1.0,1.0,0.7428989,-1.0,-0.18740892,-0.6996686,-1.0,1.0,0.46958262,1.0,-1.0,1.0,-1.0,1.0,3.0527,2.0933,-2.2955966,2.0933,3.0527,0.32904753,-4.956676,0.57,1.71,-0.274,1.718,0.42345238,-0.296,0.5723136,-0.019911129,-0.57,1.71,1.2565703,1.718,0.36357,1.13,-0.2897,1.81991
434,7.251999999999423,1.0,0.70454323,-0.06701193,1.0,0.94589204,-0.43711054,0.16378433,1.0,1.0,-1.0,1.0,0.6932073,-1.0,-0.1688683,-0.66115296,-1.0,1.0,0.4339245,1.0,-1.0,1.0,-1.0,1.0,3.0527,2.0933,-2.3067675,2.0933,3.0527,0.25618118,-4.9293733,0.57,1.71,-0.274,1.718,0.39512816,-0.296,0.59162366,0.0194711,-0.57,1.71,1.2194324,1.718,0.36357,1.13,-0.2897,1.81991
435,7.269999999999421,1.0,0.6388924,-0.08328093,1.0,1.0,-0.43158576,0.18292403,1.0,1.0,-1.0,1.0,0.64923346,-1.0,-0.15427494,-0.62488604,-1.0,1.0,0.40087134,0.99849254,-1.0,1.0,-1.0,1.0,3.0527,2.0933,-2.3206506,2.0933,3.0527,0.18423584,-4.89888,0.57,1.71,-0.274,1.718,0.37006307,-0.296,0.60682267,0.056554027,-0.57,1.71,1.1850075,1.7164587,0.36357,1.13,-0.2897,1.81991
436,7.28599999999942,1.0,0.5486572,-0.10654684,1.0,1.0,-0.42863283,0.2187702,1.0,1.0,-1.0,1.0,0.5967254,-1.0,-0.1387378,-0.5852332,-1.0,1.0,0.3666889,0.955514,-1.0,1.0,-1.0,1.0,3.0527,2.0933,-2.3384118,2.0933,3.0527,0.112782754,-4.862411,0.57,1.71,-0.274,1.718,0.3401335,-0.296,0.62300456,0.09709904,-0.57,1.71,1.1494066,1.6725131,0.36357,1.13,-0.2897,1.81991
437,7.301999999999418,1.0,0.4468503,-0.13022551,1.0,1.0,-0.43126932,0.2601655,1.0,1.0,-1.0,1.0,0.5451825,-1.0,-0.12266255,-0.5474689,-1.0,1.0,0.3297735,0.90698624,-1.0,1.0,-1.0,1.0,3.0527,2.0933,-2.3601203,2.0933,3.0527,0.040890153,-4.8190413,0.57,1.71,-0.274,1.718,0.31075403,-0.296,0.63974696,0.13571306,-0.57,1.71,1.110959,1.6228935,0.36357,1.13,-0.2897,1.81991
438,7.319999999999416,1.0,0.34703743,-0.14589459,1.0,1.0,-0.43027112,0.31503627,1.0,1.0,-1.0,1.0,0.4831635,-1.0,-0.10442472,-0.5167326,-1.0,1.0,0.2876969,0.87196714,-1.0,1.0,-1.0,1.0,3.0527,2.0933,-2.3844411,2.0933,3.0527,-0.03083604,-4.766525,0.57,1.71,-0.274,1.718,0.2754032,-0.296,0.65874165,0.16714095,-0.57,1.71,1.0671363,1.5870864,0.36357,1.13,-0.2897,1.81991
439,7.335999999999414,1.0,0.24567008,-0.15698804,1.0,1.0,-0.43420812,0.3950474,1.0,1.0,-1.0,1.0,0.39848724,-1.0,-0.08129192,-0.49917457,-1.0,1.0,0.24150328,0.8514088,-1.0,1.0,-1.0,1.0,3.0527,2.0933,-2.410611,2.0933,3.0527,-0.10321853,-4.7006702,0.57,1.71,-0.274,1.718,0.22713773,-0.296,0.68283445,0.18509401,-0.57,1.71,1.0190257,1.5660654,0.36357,1.13,-0.2897,1.81991
440,7.351999999999412,1.0,0.17313015,-0.15115649,1.0,1.0,-0.43535465,0.44141346,1.0,1.0,-1.0,1.0,0.32063174,-1.0,-0.07306052,-0.4971173,-1.0,1.0,0.21010868,0.8159953,-1.0,1.0,-1.0,1.0,3.0527,2.0933,-2.4358087,2.0933,3.0527,-0.17579216,-4.6270866,0.57,1.71,-0.274,1.718,0.18276009,-0.296,0.69140744,0.18719755,-0.57,1.71,0.9863282,1.5298551,0.36357,1.13,-0.2897,1.81991
441,7.36999999999941,1.0,0.107786424,-0.11007009,1.0,1.0,-0.10186073,0.18467924,1.0,0.93175185,-1.0,1.0,0.6631326,-1.0,0.11385595,-0.23124556,-1.0,1.0,0.037603542,0.53184813,-1.0,1.0,-1.0,1.0,3.0527,2.0933,-2.4541574,2.0933,3.0527,-0.19277234,-4.5963006,0.57,1.6415471,-0.274,1.718,0.3779856,-0.296,0.886081,0.4590514,-0.57,1.71,0.8066641,1.2393147,0.36357,1.13,-0.2897,1.81991
442,7.385999999999409,1.0,-0.18459976,-0.19874868,1.0,1.0,0.8970462,-0.3425424,0.45436555,0.0758368,-1.0,0.9813053,0.17746042,-1.0,0.1433866,0.17575331,-0.0957095,0.7190617,-0.476861,-0.02027292,-1.0,1.0,-1.0,1.0,3.0527,2.0625272,-2.4872887,2.0933,3.0527,-0.043234736,-4.6534023,0.25898835,0.7830643,-0.274,1.6988847,0.101152435,-0.296,0.91683716,0.8752078,-0.054554418,1.4282188,0.27084926,0.67477095,0.36357,1.13,-0.2897,1.81991
443,7.401999999999407,1.0,-0.31472254,-0.17713057,1.0,1.0,0.8600205,-0.41198123,0.35940224,-0.0020931726,-1.0,0.93433803,0.03540905,-1.0,0.15991688,0.22767271,-0.02311069,0.721211,-0.54287755,-0.12898506,-1.0,1.0,-1.0,1.0,3.0527,2.010063,-2.5168164,2.0933,3.0527,0.100130685,-4.7220798,0.20485927,0.70490056,-0.274,1.6508607,0.020183157,-0.296,0.9340534,0.9282954,-0.013173093,1.4303746,0.20209302,0.56361276,0.36357,1.13,-0.2897,1.81991
444,7.419999999999405,1.0,-0.41677618,-0.13984849,1.0,1.0,0.7332028,-0.38657048,0.4180516,0.022399686,-1.0,1.0,0.025219815,-1.0,0.14169633,0.21263112,-0.06763798,0.76669395,-0.59839994,-0.107151754,-1.0,1.0,-1.0,1.0,3.0527,1.9405863,-2.5401292,2.0933,3.0527,0.22235559,-4.786521,0.23828942,0.7294669,-0.274,1.718,0.014375295,-0.296,0.91507673,0.91291535,-0.038553648,1.475994,0.14426647,0.5859373,0.36357,1.13,-0.2897,1.81991
445,7.435999999999403,1.0,-0.42220187,-0.06372587,1.0,1.0,0.65327597,-0.34985706,0.4904561,0.023856841,-1.0,1.0,0.027289437,-1.0,0.10767447,0.18380113,-0.12446767,0.7594508,-0.6710139,-0.0023060832,-1.0,1.0,-1.0,1.0,3.0527,1.8702053,-2.5507524,2.0933,3.0527,0.3312567,-4.844842,0.27955997,0.7309284,-0.274,1.718,0.015554979,-0.296,0.87964296,0.8834367,-0.070946574,1.4687291,0.06863903,0.69314206,0.36357,1.13,-0.2897,1.81991
446,7.451999999999401,1.0,-0.48010838,-0.049002282,1.0,1.0,0.6437649,-0.344149,0.47928858,-0.015288032,-1.0,1.0,-0.025736136,-1.0,0.07869189,0.1875486,-0.12382513,0.75698274,-0.7054676,-0.010217765,-1.0,1.0,-1.0,1.0,3.0527,1.7901713,-2.558921,2.0933,3.0527,0.43857232,-4.9022117,0.2731945,0.6916661,-0.274,1.718,-0.014669598,-0.296,0.8494576,0.8872684,-0.070580326,1.4662536,0.032755513,0.68505234,0.36357,1.13,-0.2897,1.81991
447,7.469999999999399,1.0,-0.5836718,-0.10204578,1.0,1.0,0.66879326,-0.3353032,0.41892242,-0.08553425,-1.0,0.94787747,-0.100633994,-1.0,0.056150787,0.20206206,-0.080970526,0.77791315,-0.72611386,-0.077053346,-1.0,1.0,-1.0,1.0,3.0527,1.6928731,-2.575932,2.0933,3.0527,0.55006015,-4.958107,0.23878579,0.62120914,-0.274,1.6647047,-0.057361376,-0.296,0.825981,0.90210843,-0.0461532,1.4872469,0.011252419,0.6167129,0.36357,1.13,-0.2897,1.81991
448,7.485999999999398,1.0,-0.7256962,-0.22350617,1.0,1.0,0.71033025,-0.32251984,0.27512836,-0.20009944,-1.0,0.81864816,-0.22023742,-1.0,0.058306806,0.22641714,0.010604916,0.81938434,-0.7315456,-0.20436926,-0.85322857,1.0,-1.0,1.0,3.0527,1.5718997,-2.6131904,2.0933,3.0527,0.6684722,-5.011871,0.15682317,0.5063003,-0.274,1.5325677,-0.12553532,-0.296,0.82822657,0.92701155,0.0060448023,1.5288424,0.0055952296,0.48653242,0.4467329,1.13,-0.2897,1.81991
449,7.501999999999396,0.897344,-0.781777,-0.28498778,1.0,1.0,0.7711497,-0.35545003,0.06037723,-0.22411868,-1.0,0.6930191,-0.3170936,-1.0,0.14894533,0.28092447,0.12600785,0.84176123,-0.661951,-0.31612757,-0.71400267,1.0,-1.0,1.0,3.0527,1.4415774,-2.660698,2.0933,3.0527,0.7970229,-5.0711246,0.03441502,0.48220897,-0.274,1.404112,-0.18074335,-0.296,0.92262655,0.9827453,0.071824476,1.5512865,0.07807803,0.37225956,0.5256204,1.13,-0.2897,1.81991
450,7.519999999999394,0.7900575,-0.80938375,-0.38501742,1.0,1.0,0.73279774,-0.2762097,-0.088794366,-0.165346,-1.0,0.6256261,-0.36911002,-1.0,0.2557286,0.3084246,0.11698443,0.92636615,-0.5228159,-0.36215383,-0.70713323,1.0,-1.0,1.0,3.0527,1.3066531,-2.7248805,2.0933,3.0527,0.9191802,-5.1171684,-0.05061279,0.54115796,-0.274,1.3352027,-0.21039271,-0.296,1.0338414,1.0108641,0.066681124,1.6361452,0.22298726,0.3251977,0.5295127,1.13,-0.2897,1.81991
451,7.535999999999392,0.6837768,-0.7829188,-0.44658864,1.0,1.0,0.72756404,-0.22706705,-0.21519686,-0.12399457,-1.0,0.5707819,-0.42553404,-1.0,0.37113297,0.3385899,0.10764104,0.9818247,-0.39374727,-0.42306703,-0.7219046,1.0,-1.0,0.894245,3.0527,1.1761405,-2.7993267,2.0933,3.0527,1.0404651,-5.1550207,-0.12266221,0.58263344,-0.274,1.2791245,-0.2425544,-0.296,1.154035,1.0417082,0.061355393,1.6917702,0.35741222,0.26291397,0.521143,1.13,-0.2897,1.7098132
452,7.55199999999939,0.60003054,-0.75502,-0.4660123,1.0,1.0,0.7152885,-0.18304497,-0.31342816,-0.09344921,-1.0,0.5279403,-0.46746576,-1.0,0.45032597,0.36926907,0.094221294,1.0,-0.3063833,-0.4721563,-0.7446607,1.0,-1.0,0.7936329,3.0527,1.0502787,-2.877011,2.0933,3.0527,1.1597037,-5.1855345,-0.17865406,0.61327046,-0.274,1.2353189,-0.26645547,-0.296,1.2365144,1.0730777,0.05370614,1.71,0.44840178,0.2127202,0.5082491,1.13,-0.2897,1.6050705
453,7.569999999999388,0.5297251,-0.7413627,-0.51016605,1.0,1.0,0.70469415,-0.16030091,-0.39648187,-0.092769004,-1.0,0.47788855,-0.5171787,-1.0,0.48441374,0.39364874,0.06781393,1.0,-0.25546807,-0.5242599,-0.7353056,1.0,-1.0,0.73352784,3.0527,0.92669356,-2.9620557,2.0933,3.0527,1.2771763,-5.2122564,-0.22599466,0.6139527,-0.274,1.184141,-0.29479188,-0.296,1.2720169,1.0980059,0.03865394,1.71,0.50143,0.15944423,0.5135498,1.13,-0.2897,1.5424979
454,7.585999999999387,0.5009124,-0.70846045,-0.54486185,1.0,1.0,0.7064404,-0.16631499,-0.43884295,-0.11888937,-1.0,0.42552915,-0.56063306,-1.0,0.45502436,0.41193807,0.031534012,1.0,-0.24239095,-0.55576247,-0.71211046,1.0,-1.0,0.7087445,3.0527,0.8085932,-3.0527,2.0933,3.0527,1.3949399,-5.239981,-0.2501405,0.58775395,-0.274,1.1306036,-0.31956086,-0.296,1.2414079,1.1167067,0.017974388,1.71,0.5150498,0.12723288,0.5266925,1.13,-0.2897,1.516697
455,7.601999999999385,0.49053589,-0.7192515,-0.564815,1.0,1.0,0.70727587,-0.18902573,-0.45166743,-0.15665683,-1.0,0.39610067,-0.58250046,-1.0,0.39559042,0.42946577,0.022626696,0.9971568,-0.28253287,-0.5671659,-0.67963177,1.0,-1.0,0.73136187,3.0527,0.68869394,-3.0527,2.0933,3.0527,1.5128428,-5.2714915,-0.25745043,0.5498732,-0.274,1.100513,-0.33202526,-0.296,1.1795074,1.1346288,0.012897217,1.7071483,0.473242,0.115572855,0.54509544,1.13,-0.2897,1.5402429
456,7.619999999999383,0.4999505,-0.7555169,-0.601154,1.0,1.0,0.7342654,-0.23073515,-0.4508044,-0.23346695,-1.0,0.36782822,-0.5817735,-1.0,0.32609242,0.4566389,0.063871086,0.94567674,-0.37748474,-0.57849616,-0.6280568,1.0,-1.0,0.75391036,3.0527,0.5627493,-3.0527,2.0933,3.0527,1.6352448,-5.309955,-0.2569585,0.47283265,-0.274,1.0716044,-0.33161092,-0.296,1.1071253,1.1624132,0.036406517,1.6555138,0.37434965,0.10398768,0.5743186,1.13,-0.2897,1.5637171
457,7.635999999999381,0.45283303,-0.7914543,-0.35196593,1.0,1.0,0.82944566,-0.386988,-0.36627364,-0.32102612,-1.0,0.54925746,-0.46542922,-1.0,0.32836246,0.53701603,0.2708124,0.75408614,-0.5566355,-0.5282548,-0.7009596,1.0,-1.0,0.6378711,3.0527,0.43081388,-3.0527,2.0933,3.0527,1.7735134,-5.3744664,-0.20877598,0.3850108,-0.274,1.2571157,-0.26529464,-0.296,1.1094896,1.2445989,0.15436307,1.4633484,0.18776412,0.15535946,0.5330108,1.13,-0.2897,1.4429139
458,7.651999999999379,0.52988493,-0.5080143,-0.061413877,1.0,1.0,0.72024536,-0.26129743,-0.1812072,-0.065806426,-1.0,0.7690876,-0.26568303,-1.0,0.3738423,0.50719535,0.15660393,0.66598815,-0.42108244,-0.26648661,-1.0,1.0,-1.0,0.6596442,3.0527,0.34612787,-3.0527,2.0933,3.0527,1.8935783,-5.4180245,-0.1032881,0.64099616,-0.274,1.4818921,-0.15143932,-0.296,1.1568568,1.2141073,0.089264244,1.374986,0.32894266,0.42301744,0.36357,1.13,-0.2897,1.4655808
459,7.669999999999377,0.4081108,-0.5481404,-0.06549025,1.0,1.0,0.7481599,-0.2963584,-0.30168742,-0.05050925,-1.0,0.7542595,-0.21764202,-1.0,0.46572077,0.5991666,0.25087833,0.678929,-0.40040284,-0.37451154,-1.0,1.0,-1.0,0.56603515,3.0527,0.25475287,-3.0527,2.0933,3.0527,2.0182965,-5.4674273,-0.17196183,0.6563392,-0.274,1.4667304,-0.12405595,-0.296,1.2525482,1.3081478,0.14300065,1.3879658,0.35048044,0.31256196,0.36357,1.13,-0.2897,1.3681288
460,7.6859999999993756,0.28394324,-0.71952915,-0.13446948,1.0,1.0,0.7639988,-0.350828,-0.33231682,-0.1687397,-1.0,0.6856206,-0.35226133,-1.0,0.36746776,0.57374775,0.25554603,0.7120277,-0.4714743,-0.4500243,-0.8879299,1.0,-1.0,0.5873086,3.0527,0.13480736,-3.0527,2.0933,3.0527,2.0933,-5.5259104,-0.18942058,0.53775406,-0.274,1.3965471,-0.20078896,-0.296,1.1502177,1.2821571,0.14566123,1.4211638,0.27645952,0.23535015,0.4270706,1.13,-0.2897,1.3902756
461,7.701999999999374,0.22026828,-0.9179194,-0.28078604,1.0,1.0,0.83050096,-0.4084948,-0.48565322,-0.34657922,-1.0,0.5175232,-0.45925468,-1.0,0.34638304,0.6321565,0.36450928,0.7351224,-0.5895788,-0.58483547,-0.63000995,1.0,-1.0,0.559398,3.0527,-0.018209798,-3.0527,2.0933,3.0527,2.0933,-5.5940065,-0.27682233,0.35938105,-0.274,1.2246675,-0.26177517,-0.296,1.128258,1.34188,0.20777029,1.4443277,0.15345368,0.09750573,0.5732119,1.13,-0.2897,1.361219
462,7.719999999999372,0.1793765,-0.96296036,-0.31265852,1.0,1.0,0.8658091,-0.40685618,-0.5505762,-0.4246485,-1.0,0.42718527,-0.528492,-1.0,0.34550238,0.6467391,0.40560704,0.73873734,-0.6360423,-0.60909545,-0.5179256,1.0,-1.0,0.52530545,3.0527,-0.17873529,-3.0527,2.0933,3.0527,2.0933,-5.6618295,-0.31382844,0.28107756,-0.274,1.1322969,-0.3012404,-0.296,1.1273407,1.3567908,0.23119602,1.4479536,0.10506195,0.0726999,0.6367206,1.13,-0.2897,1.3257269
463,7.73599999999937,0.12743808,-0.9820857,-0.31049666,1.0,1.0,0.8963735,-0.4249008,-0.5817208,-0.5036017,-1.0,0.3774822,-0.5677109,-1.0,0.35702628,0.67200905,0.45903623,0.70628697,-0.69500923,-0.6129823,-0.471482,1.0,-1.0,0.44363248,3.0527,-0.34244898,-3.0527,2.0933,3.0527,2.0933,-5.7326603,-0.33158088,0.20188752,-0.274,1.0814755,-0.3235952,-0.296,1.1393429,1.3826293,0.26165065,1.4154059,0.043647885,0.06872562,0.6630362,1.13,-0.2897,1.2407008
464,7.751999999999368,0.0702839,-0.9130949,-0.14363596,1.0,1.0,0.9456678,-0.53701663,-0.5316149,-0.6272814,-1.0,0.37955263,-0.649976,-1.0,0.32530934,0.64114815,0.45457894,0.5763876,-0.80087036,-0.56821996,-0.48726025,1.0,-1.0,0.32476264,3.0527,-0.4946619,-3.0527,2.0933,3.0527,2.0933,-5.822181,-0.3030205,0.07783673,-0.274,1.0835925,-0.37048632,-0.296,1.1063097,1.351074,0.25911,1.2851168,-0.06660648,0.11449509,0.654096,1.13,-0.2897,1.1169508
465,7.769999999999366,-0.06831881,-0.83347595,-0.031826235,1.0,1.0,0.9623297,-0.5043887,-0.5610058,-0.58400244,-1.0,0.36713257,-0.6283772,-1.0,0.36746353,0.62695426,0.43775588,0.54000825,-0.76115125,-0.49049163,-0.55501056,1.0,-1.0,0.27577356,3.0413113,-0.6336023,-3.0527,2.0933,3.0527,2.0933,-5.906263,-0.3197733,0.121245556,-0.274,1.070893,-0.358175,-0.296,1.1502132,1.3365607,0.24952085,1.2486283,-0.025239032,0.1939723,0.6157077,1.13,-0.2897,1.0659504
466,7.7859999999993645,-0.15207434,-0.6790303,0.11715443,1.0,1.0,0.9687059,-0.45353886,-0.50405806,-0.506863,-1.0,0.38466755,-0.5865995,-1.0,0.35794067,0.55542326,0.36967164,0.50254506,-0.71257925,-0.35024384,-0.6747168,1.0,-1.0,0.27063495,3.0159605,-0.74679667,-3.0331705,2.0933,3.0527,2.0933,-5.981868,-0.2873131,0.19861642,-0.274,1.0888226,-0.33436173,-0.296,1.1402953,1.2634202,0.21071284,1.2110527,0.02534871,0.33737567,0.54788035,1.13,-0.2897,1.0606009
467,7.801999999999363,-0.19434193,-0.5522326,0.2243453,1.0,1.0,0.9543421,-0.40207312,-0.43156135,-0.43461105,-1.0,0.43526116,-0.54808164,-1.0,0.3344671,0.4837599,0.30218452,0.47360477,-0.6724345,-0.22862814,-0.79810315,1.0,-1.0,0.2992694,2.9835637,-0.83885384,-2.995772,2.0933,3.0527,2.0933,-6.048893,-0.24598996,0.2710851,-0.274,1.1405545,-0.31240654,-0.296,1.1158475,1.1901445,0.17224517,1.1820256,0.06715946,0.4617277,0.47796777,1.13,-0.2897,1.090411
468,7.819999999999361,-0.19272637,-0.42144954,0.30271298,1.0,1.0,0.9214922,-0.3431518,-0.33919668,-0.3522466,-1.0,0.4958605,-0.4891439,-1.0,0.30542755,0.40745965,0.23699158,0.45378986,-0.6231653,-0.1159054,-0.9378085,1.0,-1.0,0.35252926,2.9514363,-0.9091095,-2.9453096,2.0933,3.0527,2.0933,-6.1060967,-0.1933421,0.35369664,-0.274,1.2025174,-0.27881202,-0.296,1.0856028,1.1121275,0.13508521,1.1621512,0.11847333,0.57698673,0.39880863,1.13,-0.2897,1.1458573
469,7.835999999999359,-0.12496456,-0.17191303,0.38577303,1.0,1.0,0.84050214,-0.2416112,-0.16930695,-0.21642354,-1.0,0.5704282,-0.3281462,-1.0,0.27715433,0.285564,0.15402406,0.42777088,-0.55502385,0.072618924,-1.0,1.0,-1.0,0.4697824,2.9306047,-0.9377674,-2.8810015,2.0933,3.0527,2.0933,-6.1463733,-0.096504964,0.4899272,-0.274,1.2787628,-0.18704332,-0.296,1.0561563,0.9874892,0.087793715,1.1360542,0.18944266,0.76975286,0.36357,1.13,-0.2897,1.2679243
470,7.851999999999357,-0.040523775,0.035009988,0.431143,1.0,1.0,0.71610016,-0.10520216,0.046743978,-0.05516044,-1.0,0.6506206,-0.1609606,-1.0,0.17687178,0.16474743,0.008562563,0.44501215,-0.49275112,0.31181127,-1.0,1.0,-1.0,0.68268245,2.9238493,-0.93193126,-2.80913,2.0933,3.0527,2.0933,-6.1639104,0.026644068,0.6516741,-0.274,1.3607595,-0.091747545,-0.296,0.95171195,0.86395425,0.0048806607,1.1533471,0.2542997,1.014327,0.36357,1.13,-0.2897,1.489565
471,7.869999999999355,0.08842542,0.18259346,0.45041442,1.0,1.0,0.59678346,-0.018614197,0.2799827,0.06297322,-1.0,0.6936691,-0.023284538,-1.0,0.022119636,0.061111353,-0.15328914,0.48404714,-0.4758249,0.48509794,-1.0,1.0,-1.0,0.90237826,2.9385898,-0.9014929,-2.7340457,2.0933,3.0527,2.0933,-6.167013,0.15959013,0.77016217,-0.274,1.4047767,-0.013272187,-0.296,0.7905376,0.75798637,-0.08737481,1.1924993,0.27192837,1.1915127,0.36357,1.13,-0.2897,1.7182804
472,7.8859999999993535,0.2066554,0.27750683,0.43481553,1.0,1.0,0.47787178,0.055758543,0.49598444,0.1670815,-1.0,0.7353599,0.10912402,-1.0,-0.10949046,-0.014484087,-0.2928241,0.54420894,-0.44808215,0.6066293,-1.0,1.0,-1.0,1.0,2.9730392,-0.85523254,-2.661562,2.0933,3.0527,2.0933,-6.1577187,0.28271112,0.87458277,-0.274,1.4474055,0.06220069,-0.296,0.6534657,0.68069005,-0.16690972,1.2528416,0.30082244,1.3157785,0.36357,1.13,-0.2897,1.81991
473,7.901999999999352,0.3418992,0.32622147,0.41156536,1.0,1.0,0.3995298,0.1000231,0.705969,0.2671233,-1.0,0.7745445,0.22918567,-1.0,-0.21846867,-0.07143695,-0.41342312,0.6085233,-0.41566926,0.6973985,-1.0,1.0,-1.0,1.0,3.0300338,-0.8008514,-2.5929542,2.0933,3.0527,2.0933,-6.1410446,0.4024023,0.9749247,-0.274,1.4874717,0.13063583,-0.296,0.53996485,0.6224557,-0.23565118,1.3173488,0.33458045,1.40859,0.36357,1.13,-0.2897,1.81991
474,7.91999999999935,0.50981885,0.34858024,0.37046856,1.0,1.0,0.35071248,0.13844734,0.9302077,0.37448344,-1.0,0.8015341,0.3734252,-1.0,-0.30007493,-0.120067455,-0.51648337,0.68883467,-0.37092787,0.77386147,-1.0,0.9949775,-1.0,1.0,3.0527,-0.7427431,-2.531197,2.0933,3.0527,2.0933,-6.117965,0.5302184,1.0826069,-0.274,1.5150687,0.21285236,-0.296,0.45497197,0.572731,-0.2943955,1.3979012,0.38117862,1.4867734,0.36357,1.1266474,-0.2897,1.81991
475,7.935999999999348,0.7438043,0.3883463,0.30879003,1.0,0.9814321,0.32837084,0.19262654,1.0,0.5134393,-1.0,0.8382655,0.5602628,-1.0,-0.36168128,-0.16977762,-0.6305674,0.77654845,-0.28710717,0.86386544,-1.0,0.9674071,-1.0,1.0,3.0527,-0.67800575,-2.4797215,2.0933,3.0527,2.0933,-6.0858545,0.57,1.2219796,-0.274,1.5526265,0.3193498,-0.296,0.39080894,0.5219024,-0.3594234,1.4858781,0.46847787,1.5788025,0.36357,1.1082436,-0.2897,1.81991
476,7.951999999999346,0.9398517,0.40190315,0.23500422,1.0,0.875402,0.31966984,0.21757847,1.0,0.63049734,-1.0,0.8818513,0.70077664,-1.0,-0.40397787,-0.21344419,-0.716566,0.85792965,-0.20050837,0.9146777,-1.0,0.96076924,-1.0,1.0,3.0527,-0.61100847,-2.4405465,2.0933,3.0527,2.0933,-6.0495844,0.57,1.3393888,-0.274,1.597193,0.39944267,-0.296,0.34675705,0.47725332,-0.40844265,1.5675035,0.5586705,1.6307579,0.36357,1.1038126,-0.2897,1.81991
477,7.969999999999344,1.0,0.35125256,0.13492148,1.0,0.8562842,0.3222933,0.18066126,1.0,0.6953263,-1.0,0.9209572,0.7560158,-1.0,-0.4334448,-0.23323672,-0.75665927,0.9415826,-0.15257628,0.89715344,-1.0,0.98224336,-1.0,1.0,3.0527,-0.5524547,-2.418055,2.0933,3.0527,2.0933,-6.019468,0.57,1.4044123,-0.274,1.6371788,0.430929,-0.296,0.31606725,0.45701545,-0.43129578,1.6514074,0.6085918,1.6128393,0.36357,1.118147,-0.2897,1.81991
478,7.9859999999993425,1.0,0.31849098,0.03933721,1.0,0.8525614,0.40152642,0.07263274,1.0,0.72961956,-1.0,0.91789806,0.8171495,-1.0,-0.43798798,-0.22643895,-0.7654306,0.98363537,-0.11256309,0.8117067,-1.0,1.0,-1.0,1.0,3.0527,-0.49936223,-2.4114976,2.0933,3.0527,2.0933,-6.00736,0.57,1.4388084,-0.274,1.6340507,0.46577522,-0.296,0.3113355,0.46396616,-0.43629545,1.6935862,0.6502655,1.5254701,0.36357,1.13,-0.2897,1.81991
479,8.001999999999342,1.0,0.27502668,-0.06518919,1.0,0.94052404,0.50780284,-0.08696859,1.0,0.75115603,-1.0,0.9163645,0.832055,-1.0,-0.39483106,-0.19560562,-0.7340464,1.0,-0.07041271,0.66683024,-1.0,1.0,-1.0,1.0,3.0527,-0.4535153,-2.4223645,2.0933,3.0527,2.0933,-6.0218577,0.57,1.4604095,-0.274,1.6324826,0.47427133,-0.296,0.35628346,0.49549326,-0.41840646,1.71,0.69416517,1.3773339,0.36357,1.13,-0.2897,1.81991
480,8.019999999999348,1.0,0.290143,-0.13331693,1.0,0.9820067,0.5470882,-0.24887764,1.0,0.76393104,-1.0,0.9959069,0.8177185,-1.0,-0.3227449,-0.18790404,-0.7437536,0.9838514,-0.015155269,0.5014505,-1.0,1.0,-1.0,1.0,3.0527,-0.40514845,-2.4445884,2.0933,3.0527,2.0933,-6.063346,0.57,1.4732229,-0.274,1.7138147,0.46609956,-0.296,0.43136117,0.50336814,-0.42393956,1.693803,0.7517158,1.2082331,0.36357,1.13,-0.2897,1.81991
481,8.035999999999353,1.0,0.29761326,-0.19407736,1.0,1.0,0.59198976,-0.44376153,1.0,0.75014865,-1.0,1.0,0.7740736,-1.0,-0.1833871,-0.14273243,-0.70860344,0.93081063,0.023296522,0.30461302,-1.0,1.0,-1.0,1.0,3.0527,-0.3555363,-2.476941,2.0933,3.0527,2.0933,-6.1373205,0.57,1.4593991,-0.274,1.718,0.44122195,-0.296,0.5765023,0.5495561,-0.40390396,1.6406031,0.7917633,1.0069668,0.36357,1.13,-0.2897,1.81991
482,8.051999999999358,1.0,0.20884311,-0.31215417,1.0,1.0,0.7446414,-0.6457674,1.0,0.6417188,-1.0,1.0,0.6271971,-1.0,0.01004451,0.010579487,-0.51281947,0.8882796,0.022727655,0.08579122,-1.0,1.0,-1.0,1.0,3.0527,-0.32072216,-2.5289774,2.0933,3.0527,2.0933,-6.2449703,0.57,1.350644,-0.274,1.718,0.35750234,-0.296,0.7779614,0.70631754,-0.2923071,1.5979445,0.79117084,0.78322154,0.36357,1.13,-0.2897,1.81991
483,8.069999999999364,1.0,0.15202367,-0.36094934,1.0,1.0,0.7909236,-0.7760629,1.0,0.55224836,-1.0,1.0,0.5705695,-1.0,0.04339563,0.04991933,-0.4601736,0.83217716,-0.030721022,-0.026584337,-1.0,1.0,-1.0,1.0,3.0527,-0.29537982,-2.5891476,2.0933,3.0527,2.0933,-6.283,0.57,1.2609051,-0.274,1.718,0.32522464,-0.296,0.8126966,0.7465425,-0.26229894,1.5416737,0.73550403,0.6683175,0.36357,1.13,-0.2897,1.81991
484,8.08599999999937,1.0,-0.045674436,-0.48229313,1.0,1.0,0.8190249,-0.87630796,1.0,0.4214469,-1.0,1.0,0.518059,-1.0,0.033361845,0.025801739,-0.3967027,0.80587953,-0.12551804,-0.14750548,-1.0,1.0,-1.0,1.0,3.0527,-0.30299374,-2.669546,2.0933,3.0527,2.0933,-6.283,0.57,1.1297113,-0.274,1.718,0.29529363,-0.296,0.80224633,0.7218823,-0.22612055,1.5152972,0.636773,0.54467565,0.36357,1.13,-0.2897,1.81991
485,8.101999999999375,1.0,-0.4119265,-0.7191386,1.0,1.0,0.73856217,-0.85258996,1.0,0.2858533,-1.0,1.0,0.54774296,-1.0,0.17748654,-0.053662874,-0.3114627,0.7947189,-0.17659517,-0.3593962,-1.0,1.0,-1.0,1.0,3.0527,-0.3716619,-2.7894263,2.0933,3.0527,2.0933,-6.283,0.57,0.9937109,-0.274,1.718,0.31221348,-0.296,0.9523522,0.6406297,-0.17753375,1.5041031,0.58357614,0.32801738,0.36357,1.13,-0.2897,1.81991
486,8.119999999999381,1.0,-0.30230105,-0.52438223,1.0,1.0,0.8280147,-0.76814395,0.17050944,-0.041917183,-1.0,1.0,-0.040695414,-1.0,0.4949867,0.4768764,0.21775508,0.83653426,-0.3109228,-0.65211064,-1.0,1.0,-1.0,0.6791282,3.0527,-0.42205548,-2.8768408,2.0933,3.0527,2.0933,-6.283,0.09719038,0.66495705,-0.274,1.718,-0.023196386,-0.296,1.2830286,1.1831062,0.12412039,1.5460439,0.4436739,0.028716875,0.36357,1.13,-0.2897,1.4858649
487,8.135999999999386,1.0,-0.14903879,-0.3986746,1.0,1.0,0.8295579,-0.91578853,0.15965126,-0.1668224,-1.0,1.0,-0.22954439,-1.0,0.4230069,0.34025016,0.1134333,0.806467,-0.31882542,-0.622076,-1.0,1.0,-1.0,0.61022395,3.0527,-0.44690025,-2.9432998,2.0933,3.0527,2.0933,-6.283,0.09100122,0.53967714,-0.274,1.718,-0.1308403,-0.296,1.2080617,1.0434058,0.06465698,1.5158864,0.4354433,0.059427317,0.36357,1.13,-0.2897,1.4141316
488,8.151999999999392,1.0,-0.13346648,-0.5038934,1.0,1.0,0.8219445,-0.9846325,0.34876806,-0.08410106,-1.0,1.0,-0.09333487,-1.0,0.36260527,0.2301261,0.07690668,0.87494355,-0.36559314,-0.5628659,-1.0,1.0,-1.0,0.8906217,3.0527,-0.4691491,-3.027299,2.0933,3.0527,2.0933,-6.283,0.19879779,0.62264663,-0.274,1.718,-0.053200874,-0.296,1.1451534,0.93080395,0.04383681,1.5845684,0.38673475,0.11996961,0.36357,1.13,-0.2897,1.7060412
489,8.169999999999398,1.0,-0.15206516,-0.4816286,1.0,1.0,0.7666291,-0.8941918,0.57479215,0.121066116,-1.0,1.0,0.109387055,-1.0,0.26472747,0.15519573,-0.04425556,0.91992414,-0.32871622,-0.41367412,-1.0,1.0,-1.0,1.0,3.0527,-0.49449837,-3.0527,2.0933,3.0527,2.0933,-6.283,0.32763153,0.82842934,-0.274,1.718,0.06235062,-0.296,1.0432136,0.8541876,-0.02522567,1.629684,0.42514205,0.27251822,0.36357,1.13,-0.2897,1.81991
490,8.185999999999403,1.0,-0.120662205,-0.38893336,1.0,1.0,0.783895,-0.91426814,0.6667799,0.16295728,-1.0,1.0,0.13352884,-1.0,0.13807726,0.103929065,-0.14636427,0.82875776,-0.34776622,-0.36924043,-1.0,1.0,-1.0,1.0,3.0527,-0.5146128,-3.0527,2.0933,3.0527,2.0933,-6.283,0.38006452,0.87044615,-0.274,1.718,0.07611144,-0.296,0.91130745,0.80176747,-0.08342764,1.538244,0.40530148,0.31795165,0.36357,1.13,-0.2897,1.81991
491,8.201999999999408,1.0,-0.047123067,-0.30227998,1.0,1.0,0.8321152,-1.0,0.6144462,0.1470541,-1.0,1.0,0.08567931,-1.0,0.12374305,0.10810455,-0.20544523,0.7013964,-0.35719097,-0.4334162,-1.0,1.0,-1.0,1.0,3.0527,-0.5224682,-3.0527,2.0933,3.0527,2.0933,-6.283,0.35023436,0.8544953,-0.274,1.718,0.048837204,-0.296,0.8963784,0.8060369,-0.11710378,1.4105006,0.3954856,0.25233194,0.36357,1.13,-0.2897,1.81991
492,8.219999999999414,1.0,-0.021036021,-0.23442315,1.0,0.9856347,0.90058833,-1.0,0.557354,0.05861368,-1.0,1.0,-0.0063209813,-1.0,0.099683635,0.10722392,-0.26806253,0.6017721,-0.41124374,-0.47771573,-1.0,1.0,-1.0,1.0,3.0527,-0.52597487,-3.0527,2.0933,3.0527,2.0933,-6.283,0.31769177,0.7657895,-0.274,1.718,-0.0036029594,-0.296,0.8713205,0.80513644,-0.15279564,1.3105774,0.33918965,0.20703566,0.36357,1.13,-0.2897,1.81991
493,8.23599999999942,1.0,0.009577878,-0.1590391,1.0,0.8101722,0.94580483,-1.0,0.56713116,-0.056054093,-1.0,1.0,-0.06202513,-1.0,0.05496227,0.06750002,-0.35762328,0.5265767,-0.47713584,-0.48522136,-1.0,1.0,-1.0,1.0,3.0527,-0.52437824,-3.0527,2.0933,3.0527,2.0933,-6.283,0.32326475,0.65077776,-0.274,1.718,-0.035354324,-0.296,0.8247432,0.7645188,-0.20384526,1.2351564,0.27056304,0.19936116,0.36357,1.13,-0.2897,1.81991
494,8.251999999999425,0.9792165,0.02983392,-0.071445026,1.0,0.69712526,0.9419695,-1.0,0.6081745,-0.16081104,-1.0,1.0,-0.09304969,-1.0,0.008573825,0.013111671,-0.41923708,0.49685714,-0.5253276,-0.4912091,-1.0,1.0,-1.0,0.97590363,3.0527,-0.51940495,-3.0527,2.0933,3.0527,2.0933,-6.283,0.34665948,0.5457065,-0.274,1.718,-0.053038325,-0.296,0.77642965,0.7089067,-0.23896514,1.2053477,0.22037128,0.1932387,0.36357,1.13,-0.2897,1.7948244
495,8.269999999999431,0.84619457,0.049472935,-0.007327115,1.0,0.6386367,0.9442977,-1.0,0.6255501,-0.25339743,-1.0,1.0,-0.116086185,-1.0,-0.007462984,-0.013605693,-0.42078322,0.4760988,-0.557156,-0.5076796,-1.0,1.0,-1.0,0.87159485,3.0527,-0.5111578,-3.0527,2.0933,3.0527,2.0933,-6.283,0.35656354,0.45284238,-0.274,1.718,-0.06616913,-0.296,0.7597273,0.6815882,-0.23984644,1.1845272,0.187222,0.17639762,0.36357,1.13,-0.2897,1.6862332
496,8.285999999999436,0.74288857,0.056423433,0.015278513,1.0,0.655318,0.9756104,-1.0,0.59267247,-0.3339307,-1.0,1.0,-0.16463798,-1.0,0.013334924,0.010092875,-0.35642186,0.46779552,-0.59469575,-0.53487235,-1.0,1.0,-1.0,0.75425607,3.0527,-0.501752,-3.050153,2.0933,3.0527,2.0933,-6.283,0.3378233,0.3720675,-0.274,1.718,-0.093843654,-0.296,0.78138834,0.70581996,-0.20316046,1.176199,0.14812438,0.14859302,0.36357,1.13,-0.2897,1.564077
497,8.301999999999442,0.6931971,0.03779591,-0.0012725648,1.0,0.7392591,1.0,-1.0,0.50642693,-0.3927271,-1.0,1.0,-0.25521928,-1.0,0.053086333,0.06501337,-0.2676341,0.47653124,-0.6409574,-0.5701873,-1.0,1.0,-1.0,0.67018867,3.0527,-0.49545145,-3.0503652,2.0933,3.0527,2.0933,-6.283,0.28866336,0.3130947,-0.274,1.718,-0.14547499,-0.296,0.82278943,0.7619762,-0.15255143,1.1849608,0.099942856,0.11248352,0.36357,1.13,-0.2897,1.4765582
498,8.319999999999448,0.67797035,0.019884951,-0.018289989,1.0,0.8107375,1.0,-1.0,0.45934477,-0.43854287,-1.0,1.0,-0.32723844,-1.0,0.06422215,0.097820155,-0.21569473,0.49376413,-0.70035577,-0.5597314,-0.99287206,1.0,-1.0,0.64586335,3.0527,-0.49213663,-3.0527,2.0933,3.0527,2.0933,-6.283,0.26182652,0.2671415,-0.274,1.718,-0.18652591,-0.296,0.83438736,0.7955211,-0.122945994,1.2022455,0.038079467,0.12317462,0.3676088,1.13,-0.2897,1.4512342
499,8.335999999999453,0.6940691,-0.029848449,-0.05372224,1.0,0.9074396,1.0,-1.0,0.3937042,-0.49237713,-1.0,1.0,-0.4129683,-1.0,0.07500773,0.14129786,-0.15163177,0.50723964,-0.7807475,-0.53367394,-0.91145426,1.0,-1.0,0.6393604,3.0527,-0.49711236,-3.0527,2.0933,3.0527,2.0933,-6.283,0.2244114,0.21314573,-0.274,1.718,-0.23539193,-0.296,0.8456206,0.8399771,-0.08643011,1.2157613,-0.045648493,0.14981839,0.41374135,1.13,-0.2897,1.4444643
500,8.351999999999459,0.7273933,-0.06660008,-0.08121116,1.0,1.0,1.0,-1.0,0.3152538,-0.53617203,-1.0,0.991563,-0.48220447,-1.0,0.09701931,0.18813436,-0.086288214,0.50524133,-0.84299344,-0.5097947,-0.8415462,1.0,-1.0,0.6228681,3.0527,-0.5082146,-3.0527,2.0933,3.0527,2.0933,-6.283,0.17969467,0.16921945,-0.274,1.7093732,-0.27485654,-0.296,0.8685456,0.8878674,-0.04918428,1.213757,-0.11047766,0.17423491,0.4533523,1.13,-0.2897,1.427295
501,8.369999999999465,0.8484641,-0.14028358,-0.16834226,1.0,1.0,1.0,-1.0,0.13697289,-0.590678,-1.0,0.93718874,-0.59175694,-1.0,0.16954279,0.25501493,0.057582434,0.49632934,-0.87960845,-0.5980622,-0.72645783,1.0,-1.0,0.6071552,3.0527,-0.5315999,-3.0527,2.0933,3.0527,2.0933,-6.283,0.078074545,0.11454999,-0.274,1.6537755,-0.33730146,-0.296,0.9440788,0.95625275,0.032821987,1.2048184,-0.1486122,0.08398138,0.5185631,1.13,-0.2897,1.410937
502,8.38599999999947,1.0,-0.16227996,-0.1418152,1.0,1.0,0.9721486,-1.0,0.27253383,-0.4496915,-1.0,0.99777305,-0.49503276,-1.0,0.13771921,0.18143995,-0.015707077,0.5951846,-0.7593766,-0.5739291,-0.9212893,1.0,-1.0,0.7556722,3.0527,-0.5586519,-3.0527,2.0933,3.0527,2.0933,-6.283,0.15534429,0.25595942,-0.274,1.7157229,-0.2821687,-0.296,0.91093457,0.88102233,-0.008953034,1.3039702,-0.023390714,0.108657524,0.40816864,1.13,-0.2897,1.5655513
503,8.401999999999475,1.0,-0.14893115,-0.12084379,1.0,1.0,0.79858416,-0.9422597,0.49653387,-0.21546373,-1.0,1.0,-0.2998514,-1.0,0.078249626,0.1027103,-0.11249548,0.7508828,-0.59127635,-0.44655153,-1.0,1.0,-1.0,0.89276755,3.0527,-0.58347875,-3.0527,2.0933,3.0527,2.0933,-6.283,0.2830243,0.49088988,-0.274,1.718,-0.17091529,-0.296,0.848997,0.80052125,-0.06412242,1.4601355,0.15168568,0.23890106,0.36357,1.13,-0.2897,1.7082751
504,8.419999999999481,1.0,-0.1769098,-0.12808199,1.0,1.0,0.6848477,-0.7712647,0.6188231,-0.08334897,-1.0,1.0,-0.17851262,-1.0,0.053119473,0.063790165,-0.14299077,0.8632309,-0.47847265,-0.36328125,-1.0,1.0,-1.0,0.9433513,3.0527,-0.61296964,-3.0527,2.0933,3.0527,2.0933,-6.283,0.35272917,0.623401,-0.274,1.718,-0.10175219,-0.296,0.82282394,0.76072544,-0.08150474,1.5728205,0.26917073,0.3240449,0.36357,1.13,-0.2897,1.7609357
505,8.435999999999487,1.0,-0.21284068,-0.14147389,1.0,1.0,0.61896557,-0.63613665,0.66864157,-0.022439338,-1.0,0.972603,-0.11398734,-1.0,0.04787361,0.044430815,-0.13838065,0.9193019,-0.42212433,-0.3031795,-1.0,1.0,-1.0,0.9758188,3.0527,-0.64845014,-3.0527,2.0933,3.0527,2.0933,-6.283,0.3811257,0.68449336,-0.274,1.6899866,-0.06497279,-0.296,0.81736034,0.7409305,-0.07887697,1.6290598,0.32785752,0.38549897,0.36357,1.13,-0.2897,1.794736
506,8.451999999999492,1.0,-0.23888886,-0.16035454,1.0,1.0,0.5844766,-0.5502572,0.6841656,0.0038721794,-1.0,0.94362223,-0.08138007,-1.0,0.050934903,0.035658948,-0.12738949,0.9454998,-0.39487833,-0.26781905,-1.0,1.0,-1.0,0.99901485,3.0527,-0.68827295,-3.0527,2.0933,3.0527,2.0933,-6.283,0.3899744,0.7108838,-0.274,1.6603538,-0.04638664,-0.296,0.8205487,0.73196125,-0.07261201,1.6553363,0.35623422,0.42165503,0.36357,1.13,-0.2897,1.8188844
507,8.469999999999498,1.0,-0.25599587,-0.17324683,1.0,1.0,0.5603363,-0.48521924,0.6980175,0.021733783,-1.0,0.91886383,-0.06099738,-1.0,0.051610343,0.026844492,-0.12782347,0.9624762,-0.37536627,-0.23638886,-1.0,1.0,-1.0,1.0,3.0527,-0.73094743,-3.0527,2.0933,3.0527,2.0933,-6.283,0.39786997,0.728799,-0.274,1.6350383,-0.034768507,-0.296,0.82125217,0.7229485,-0.07285938,1.6723636,0.37655604,0.4537924,0.36357,1.13,-0.2897,1.81991
508,8.485999999999503,1.0,-0.27125633,-0.17685913,1.0,1.0,0.5394944,-0.4286908,0.71406615,0.037165485,-1.0,0.89661473,-0.04779513,-1.0,0.04498171,0.015581211,-0.13794059,0.97696704,-0.35969228,-0.20287047,-1.0,1.0,-1.0,1.0,3.0527,-0.7761659,-3.0527,2.0933,3.0527,2.0933,-6.283,0.4070177,0.744277,-0.274,1.6122886,-0.027243225,-0.296,0.81434846,0.7114318,-0.07862613,1.686898,0.3928805,0.48806494,0.36357,1.13,-0.2897,1.81991
509,8.501999999999509,1.0,-0.27479994,-0.1710041,1.0,1.0,0.520765,-0.38456088,0.7416771,0.060937725,-1.0,0.8864354,-0.024303509,-1.0,0.029639715,0.0031480398,-0.15665442,0.9862407,-0.34626478,-0.16520555,-1.0,1.0,-1.0,1.0,3.0527,-0.82197505,-3.0527,2.0933,3.0527,2.0933,-6.283,0.42275596,0.7681205,-0.274,1.6018802,-0.0138530005,-0.296,0.79836977,0.69871885,-0.08929302,1.6961994,0.40686524,0.5265773,0.36357,1.13,-0.2897,1.81991
510,8.519999999999515,1.0,-0.26496994,-0.15251045,1.0,1.0,0.49687085,-0.3460541,0.79122955,0.10071655,-1.0,0.88907343,0.01677193,-1.0,0.00059610046,-0.014437059,-0.19082487,0.9950759,-0.330252,-0.11288736,-1.0,1.0,-1.0,1.0,3.0527,-0.8661455,-3.0527,2.0933,3.0527,2.0933,-6.283,0.45100084,0.8080187,-0.274,1.6045775,0.00956,-0.296,0.7681208,0.6807381,-0.10877018,1.7050611,0.42354256,0.5800727,0.36357,1.13,-0.2897,1.81991
511,8.53599999999952,1.0,-0.23552907,-0.12606594,1.0,1.0,0.4869634,-0.31401902,0.84479463,0.14610103,-1.0,0.89306253,0.07595821,-1.0,-0.04031957,-0.031445272,-0.22955984,0.9932154,-0.31832296,-0.044549532,-1.0,1.0,-1.0,1.0,3.0527,-0.9054082,-3.0527,2.0933,3.0527,2.0933,-6.283,0.48153293,0.85353935,-0.274,1.6086564,0.043296177,-0.296,0.72550714,0.6633472,-0.13084911,1.703195,0.43596664,0.6499481,0.36357,1.13,-0.2897,1.81991
512,8.551999999999525,1.0,-0.194296,-0.11718617,1.0,1.0,0.4946969,-0.31220555,0.89555335,0.18746188,-1.0,0.905206,0.14729597,-1.0,-0.088975675,-0.044411786,-0.2673043,0.97736996,-0.32836705,0.021011194,-1.0,1.0,-1.0,1.0,3.0527,-0.93779737,-3.0527,2.0933,3.0527,2.0933,-6.283,0.5104654,0.89502424,-0.274,1.6210731,0.0839587,-0.296,0.6748318,0.65008897,-0.15236345,1.6873021,0.42550573,0.716984,0.36357,1.13,-0.2897,1.81991
513,8.569999999999531,1.0,-0.16252506,-0.09561337,1.0,1.0,0.50251335,-0.3002904,0.9368665,0.22174731,-1.0,0.9088656,0.19821103,-1.0,-0.121790536,-0.053759553,-0.29920208,0.96893686,-0.3271503,0.076977305,-1.0,1.0,-1.0,1.0,3.0527,-0.9648903,-3.0527,2.0933,3.0527,2.0933,-6.283,0.5340139,0.92941254,-0.274,1.624815,0.112980284,-0.296,0.64065516,0.6405309,-0.17054519,1.6788436,0.42677298,0.7742093,0.36357,1.13,-0.2897,1.81991
514,8.585999999999537,1.0,-0.13202071,-0.074683286,1.0,1.0,0.51803625,-0.29113907,0.9564684,0.23766997,-1.0,0.9045513,0.23644046,-1.0,-0.1442349,-0.05716554,-0.31728256,0.9515472,-0.3335691,0.12270781,-1.0,1.0,-1.0,1.0,3.0527,-0.9868981,-3.0527,2.0933,3.0527,2.0933,-6.283,0.545187,0.945383,-0.274,1.6204038,0.13477106,-0.296,0.61727935,0.63704824,-0.18085106,1.6614019,0.42008778,0.82096875,0.36357,1.13,-0.2897,1.81991
515,8.601999999999542,1.0,-0.11102664,-0.05836589,1.0,1.0,0.5435227,-0.29165354,0.9483062,0.23782924,-1.0,0.8950502,0.2566509,-1.0,-0.15216416,-0.05033637,-0.31783444,0.9286461,-0.3465659,0.15069465,-1.0,1.0,-1.0,1.0,3.0527,-1.0054063,-3.0527,2.0933,3.0527,2.0933,-6.283,0.54053456,0.94554275,-0.274,1.6106888,0.14629102,-0.296,0.609021,0.64403105,-0.18116564,1.638432,0.4065516,0.8495853,0.36357,1.13,-0.2897,1.81991
516,8.619999999999548,1.0,-0.09449064,-0.0441468,1.0,1.0,0.5653293,-0.2950302,0.9355327,0.23236194,-1.0,0.8876869,0.2706846,-1.0,-0.15441889,-0.041135825,-0.31418663,0.9051549,-0.3616163,0.17055844,-1.0,1.0,-1.0,1.0,3.0527,-1.0211579,-3.0527,2.0933,3.0527,2.0933,-6.283,0.5332536,0.940059,-0.274,1.6031599,0.15429023,-0.296,0.6066727,0.6534386,-0.17908639,1.6148703,0.39087662,0.869896,0.36357,1.13,-0.2897,1.81991
517,8.635999999999553,1.0,-0.07651996,-0.03164176,1.0,1.0,0.58564335,-0.2995544,0.92567694,0.22828582,-1.0,0.88427204,0.28605002,-1.0,-0.15379316,-0.03146211,-0.31150562,0.882919,-0.37586898,0.19038717,-1.0,1.0,-1.0,1.0,3.0527,-1.0339137,-3.0527,2.0933,3.0527,2.0933,-6.283,0.5276359,0.93597066,-0.274,1.5996681,0.1630485,-0.296,0.6073244,0.66333,-0.1775582,1.5925678,0.37603247,0.8901709,0.36357,1.13,-0.2897,1.81991
518,8.651999999999559,1.0,-0.06296789,-0.021364247,1.0,1.0,0.6048014,-0.30657303,0.9129585,0.22239867,-1.0,0.8830925,0.2933524,-1.0,-0.15070498,-0.021484623,-0.3089946,0.8636149,-0.3896404,0.20484863,-1.0,1.0,-1.0,1.0,3.0527,-1.0444105,-3.0527,2.0933,3.0527,2.0933,-6.283,0.52038634,0.9300659,-0.274,1.5984621,0.16721086,-0.296,0.61054075,0.67353195,-0.17612691,1.5732057,0.36168954,0.9049577,0.36357,1.13,-0.2897,1.81991
519,8.669999999999565,1.0,-0.04747986,-0.011178678,1.0,1.0,0.61874914,-0.31080592,0.9079564,0.22055236,-1.0,0.88553923,0.30392927,-1.0,-0.14676118,-0.013703564,-0.30926383,0.84800225,-0.40006906,0.22008665,-1.0,1.0,-1.0,1.0,3.0527,-1.0523254,-3.0527,2.0933,3.0527,2.0933,-6.283,0.51753515,0.928214,-0.274,1.6009638,0.17323968,-0.296,0.6146482,0.6814881,-0.17628038,1.5575463,0.35082808,0.9205386,0.36357,1.13,-0.2897,1.81991
520,8.68599999999957,1.0,-0.025390737,0.00069340505,1.0,1.0,0.6282991,-0.3122164,0.91502714,0.22619537,-1.0,0.8923903,0.32316682,-1.0,-0.14281672,-0.008755336,-0.31429738,0.8355203,-0.40640545,0.24044178,-1.0,1.0,-1.0,1.0,3.0527,-1.056558,-3.0525844,2.0933,3.0527,2.0933,-6.283,0.5215655,0.93387395,-0.274,1.607969,0.18420509,-0.296,0.61875635,0.6865477,-0.17914951,1.5450269,0.3442287,0.9413517,0.36357,1.13,-0.2897,1.81991
521,8.701999999999575,1.0,-0.0014489815,0.015390033,1.0,1.0,0.63300776,-0.31292892,0.92965364,0.23583558,-1.0,0.9001495,0.34268972,-1.0,-0.14154959,-0.00797973,-0.32406354,0.826393,-0.40990067,0.262748,-1.0,1.0,-1.0,1.0,3.0527,-1.0567995,-3.0500188,2.0933,3.0527,2.0933,-6.283,0.5299026,0.9435431,-0.274,1.6159029,0.19533314,-0.296,0.6200761,0.68734074,-0.18471622,1.5358722,0.34058845,0.96415985,0.36357,1.13,-0.2897,1.81991
522,8.719999999999581,1.0,0.027213223,0.03056013,1.0,1.0,0.63317424,-0.31098726,0.9559287,0.25103888,-1.0,0.909515,0.36879203,-1.0,-0.1431843,-0.012017438,-0.33918315,0.8205252,-0.40984094,0.28890198,-1.0,1.0,-1.0,1.0,3.0527,-1.0522631,-3.0449245,2.0933,3.0527,2.0933,-6.283,0.5448794,0.958792,-0.274,1.6254791,0.21021146,-0.296,0.6183736,0.68321216,-0.1933344,1.5299869,0.34065065,0.9909023,0.36357,1.13,-0.2897,1.81991
523,8.735999999999587,1.0,0.062593825,0.045679025,1.0,1.0,0.63112783,-0.3076778,0.9935999,0.27337608,-1.0,0.9223936,0.40368363,-1.0,-0.14528328,-0.019535521,-0.35992968,0.8164213,-0.4047534,0.31856254,-1.0,1.0,-1.0,1.0,3.0527,-1.0418288,-3.03731,2.0933,3.0527,2.0933,-6.283,0.56635195,0.9811962,-0.274,1.6386474,0.23009968,-0.296,0.61618745,0.67552495,-0.20515992,1.5258706,0.34594935,1.0212302,0.36357,1.13,-0.2897,1.81991
524,8.751999999999592,1.0,0.09504665,0.058721714,1.0,1.0,0.6283393,-0.30572927,1.0,0.29689673,-1.0,0.93521005,0.43490434,-1.0,-0.14784741,-0.027980128,-0.3819387,0.81430376,-0.39606208,0.34434068,-1.0,1.0,-1.0,1.0,3.0527,-1.0259844,-3.027521,2.0933,3.0527,2.0933,-6.283,0.57,1.0047874,-0.274,1.6517522,0.24789548,-0.296,0.6135169,0.6668903,-0.21770506,1.5237466,0.35500136,1.0475883,0.36357,1.13,-0.2897,1.81991
525,8.769999999999598,1.0,0.12649107,0.066501535,1.0,1.0,0.6214197,-0.3029145,1.0,0.32484087,-1.0,0.95191544,0.47001773,-1.0,-0.1538887,-0.039927818,-0.40989906,0.8162707,-0.38252884,0.3683834,-1.0,1.0,-1.0,1.0,3.0527,-1.0048984,-3.0164351,2.0933,3.0527,2.0933,-6.283,0.57,1.0328153,-0.274,1.6688335,0.2679101,-0.296,0.60722494,0.6546738,-0.23364246,1.5257195,0.36909622,1.072172,0.36357,1.13,-0.2897,1.81991
526,8.785999999999603,1.0,0.1600188,0.07027421,1.0,1.0,0.611825,-0.30027726,1.0,0.35920754,-1.0,0.97428185,0.5102428,-1.0,-0.16086918,-0.05388645,-0.44361943,0.82081914,-0.36034942,0.3889269,-1.0,1.0,-1.0,1.0,3.0527,-0.97822326,-3.0047204,2.0933,3.0527,2.0933,-6.283,0.57,1.0672852,-0.274,1.6917032,0.29083842,-0.296,0.5999547,0.6404011,-0.25286308,1.5302815,0.3921961,1.0931778,0.36357,1.13,-0.2897,1.81991
527,8.801999999999609,1.0,0.18925607,0.06792467,1.0,0.9928596,0.60205925,-0.29886782,1.0,0.39432856,-1.0,0.99545234,0.5477973,-1.0,-0.16808742,-0.06820891,-0.4763453,0.82956624,-0.33316988,0.40426773,-1.0,1.0,-1.0,1.0,3.0527,-0.9466743,-2.9933972,2.0933,3.0527,2.0933,-6.283,0.57,1.1025115,-0.274,1.71335,0.31224447,-0.296,0.59243697,0.6257564,-0.27151683,1.539055,0.4205036,1.1088637,0.36357,1.13,-0.2897,1.81991
528,8.819999999999615,1.0,0.2160188,0.060113706,1.0,0.9634242,0.5938664,-0.30131888,1.0,0.42870566,-1.0,1.0,0.58378655,-1.0,-0.17624444,-0.0830198,-0.51051605,0.83918446,-0.30328,0.41360062,-1.0,1.0,-1.0,1.0,3.0527,-0.91066396,-2.9833765,2.0933,3.0527,2.0933,-6.283,0.57,1.1369917,-0.274,1.718,0.33275834,-0.296,0.5839414,0.6106123,-0.29099414,1.548702,0.45163387,1.1184067,0.36357,1.13,-0.2897,1.81991
529,8.83599999999962,1.0,0.23970115,0.051688306,1.0,0.95066696,0.58252203,-0.31719762,1.0,0.46187255,-1.0,1.0,0.61089593,-1.0,-0.17364806,-0.094508864,-0.5397688,0.8485884,-0.26639944,0.40203002,-1.0,1.0,-1.0,1.0,3.0527,-0.8707057,-2.97476,2.0933,3.0527,2.0933,-6.283,0.57,1.1702582,-0.274,1.718,0.3482107,-0.296,0.58664554,0.5988647,-0.30766824,1.5581342,0.49004498,1.1065757,0.36357,1.13,-0.2897,1.81991
530,8.851999999999626,1.0,0.25891817,0.04156839,1.0,0.9321398,0.5780818,-0.33523077,1.0,0.4862959,-1.0,1.0,0.6339479,-1.0,-0.17132741,-0.101733305,-0.5608863,0.8551965,-0.24079151,0.3941136,-1.0,1.0,-1.0,1.0,3.0527,-0.8275441,-2.9678304,2.0933,3.0527,2.0933,-6.283,0.57,1.1947548,-0.274,1.718,0.3613503,-0.296,0.5890625,0.5914777,-0.31970522,1.5647621,0.51671565,1.0984812,0.36357,1.13,-0.2897,1.81991
531,8.869999999999632,1.0,0.2713703,0.030969003,1.0,0.9109944,0.5740554,-0.36074662,1.0,0.49898395,-1.0,1.0,0.6445074,-1.0,-0.16954458,-0.10850225,-0.5814132,0.8576662,-0.22365077,0.37554318,-1.0,1.0,-1.0,1.0,3.0527,-0.7823067,-2.962668,2.0933,3.0527,2.0933,-6.283,0.57,1.2074809,-0.274,1.718,0.36736923,-0.296,0.5909193,0.58455646,-0.33140552,1.5672392,0.5345677,1.0794929,0.36357,1.13,-0.2897,1.81991
532,8.885999999999637,1.0,0.27714562,0.013787294,1.0,0.8880369,0.5774491,-0.3980096,1.0,0.50392807,-1.0,1.0,0.64673394,-1.0,-0.16167247,-0.11006219,-0.59553576,0.8559576,-0.21158738,0.34343562,-1.0,1.0,-1.0,1.0,3.0527,-0.7361065,-2.9603696,2.0933,3.0527,2.0933,-6.283,0.57,1.2124399,-0.274,1.718,0.36863834,-0.296,0.5991181,0.58296144,-0.33945537,1.5655255,0.5471317,1.0466629,0.36357,1.13,-0.2897,1.81991
533,8.901999999999642,1.0,0.27794385,-0.004380008,1.0,0.8699184,0.5819056,-0.43753994,1.0,0.50262624,-1.0,1.0,0.64124507,-1.0,-0.1497044,-0.108799584,-0.60251534,0.8544287,-0.20390852,0.30681884,-1.0,1.0,-1.0,1.0,3.0527,-0.68977326,-2.9610999,2.0933,3.0527,2.0933,-6.283,0.57,1.2111341,-0.274,1.718,0.3655097,-0.296,0.6115829,0.5842524,-0.34343374,1.563992,0.5551293,1.0092223,0.36357,1.13,-0.2897,1.81991
534,8.919999999999648,1.0,0.27337897,-0.023787877,1.0,0.85390687,0.5905057,-0.48208433,1.0,0.49468467,-1.0,1.0,0.62683773,-1.0,-0.13760567,-0.10573319,-0.60671216,0.84908843,-0.20169373,0.26533604,-1.0,1.0,-1.0,1.0,3.0527,-0.644201,-2.9650652,2.0933,3.0527,2.0933,-6.283,0.57,1.2031687,-0.274,1.718,0.3572975,-0.296,0.6241837,0.5873878,-0.34582594,1.5586357,0.557436,0.9668061,0.36357,1.13,-0.2897,1.81991
535,8.935999999999654,1.0,0.25448525,-0.0545296,1.0,0.8481057,0.6090699,-0.5339355,1.0,0.4697024,-1.0,1.0,0.59221435,-1.0,-0.11737365,-0.09474049,-0.59204906,0.8436785,-0.21432288,0.21597062,-1.0,1.0,-1.0,1.0,3.0527,-0.60177827,-2.9741552,2.0933,3.0527,2.0933,-6.283,0.57,1.1781116,-0.274,1.718,0.33756217,-0.296,0.6452553,0.59862787,-0.33746797,1.5532095,0.54428273,0.91633,0.36357,1.13,-0.2897,1.81991
536,8.951999999999659,1.0,0.23280203,-0.083373554,1.0,0.8466527,0.62816656,-0.5831847,1.0,0.442171,-1.0,1.0,0.55251956,-1.0,-0.096509464,-0.08142588,-0.574667,0.8385541,-0.23116787,0.17081933,-1.0,1.0,-1.0,1.0,3.0527,-0.56297016,-2.9880536,2.0933,3.0527,2.0933,-6.283,0.57,1.1504976,-0.274,1.718,0.31493616,-0.296,0.6669854,0.61224204,-0.3275602,1.5480697,0.52673864,0.8701628,0.36357,1.13,-0.2897,1.81991
537,8.969999999999665,1.0,0.20912099,-0.110295705,1.0,0.8469109,0.64623713,-0.6305509,1.0,0.41714552,-1.0,1.0,0.5155441,-1.0,-0.07670391,-0.0681471,-0.55719155,0.8316366,-0.24563237,0.12414747,-1.0,1.0,-1.0,1.0,3.0527,-0.5281097,-3.00644,2.0933,3.0527,2.0933,-6.283,0.57,1.125397,-0.274,1.718,0.29386014,-0.296,0.6876129,0.62581956,-0.31759918,1.5411315,0.51167387,0.8224408,0.36357,1.13,-0.2897,1.81991
538,8.98599999999967,1.0,0.18119073,-0.13998593,1.0,0.84674186,0.66947925,-0.6760712,1.0,0.38682833,-1.0,1.0,0.47733715,-1.0,-0.056332596,-0.05402247,-0.53288466,0.81992006,-0.26458234,0.074687295,-1.0,1.0,-1.0,1.0,3.0527,-0.49790522,-3.0297756,2.0933,3.0527,2.0933,-6.283,0.57,1.0949888,-0.274,1.718,0.27208218,-0.296,0.7088296,0.640262,-0.30374426,1.5293798,0.4919375,0.77186775,0.36357,1.13,-0.2897,1.81991
539,9.001999999999676,1.0,0.15653586,-0.16600323,1.0,0.84520555,0.6879635,-0.7114163,1.0,0.3598943,-1.0,1.0,0.44758564,-1.0,-0.03663469,-0.04314307,-0.5088846,0.81019837,-0.2828006,0.033538513,-1.0,1.0,-1.0,1.0,3.0527,-0.4718107,-3.0527,2.0933,3.0527,2.0933,-6.283,0.57,1.067974,-0.274,1.718,0.25512382,-0.296,0.72934496,0.6513862,-0.29006422,1.519629,0.47296315,0.72979313,0.36357,1.13,-0.2897,1.81991
540,9.019999999999682,1.0,0.1306231,-0.18993337,1.0,0.8419878,0.7143413,-0.7481286,1.0,0.33362988,-1.0,1.0,0.41914228,-1.0,-0.020680314,-0.034495212,-0.4876779,0.79391176,-0.3062529,-0.0025003646,-1.0,1.0,-1.0,1.0,3.0527,-0.4500358,-3.0527,2.0933,3.0527,2.0933,-6.283,0.57,1.0416307,-0.274,1.718,0.23891109,-0.296,0.7459614,0.66022867,-0.2779764,1.5032935,0.44853762,0.6929434,0.36357,1.13,-0.2897,1.81991
541,9.035999999999687,1.0,0.10435272,-0.21292892,1.0,0.84560853,0.7333486,-0.7770626,1.0,0.30234447,-1.0,1.0,0.38658854,-1.0,0.0015187804,-0.022210637,-0.45666176,0.782529,-0.33046728,-0.04152531,-1.0,1.0,-1.0,1.0,3.0527,-0.43264022,-3.0527,2.0933,3.0527,2.0933,-6.283,0.57,1.0102515,-0.274,1.718,0.22035547,-0.296,0.76908183,0.67278963,-0.2602972,1.4918766,0.42331833,0.65304035,0.36357,1.13,-0.2897,1.81991
542,9.051999999999692,1.0,0.08390463,-0.22992781,1.0,0.85043067,0.75150585,-0.8036606,1.0,0.26960328,-1.0,1.0,0.35277,-1.0,0.016607637,-0.013994673,-0.42979622,0.7711989,-0.35431087,-0.07597972,-1.0,1.0,-1.0,1.0,3.0527,-0.41865334,-3.0527,2.0933,3.0527,2.0933,-6.283,0.57,0.9774121,-0.274,1.718,0.2010789,-0.296,0.78479683,0.68119043,-0.24498385,1.4805125,0.39848524,0.6178107,0.36357,1.13,-0.2897,1.81991
543,9.069999999999698,1.0,0.06477035,-0.24260686,1.0,0.85994256,0.77129596,-0.82986295,0.9766805,0.23417988,-1.0,1.0,0.31457078,-1.0,0.03034007,-0.004772106,-0.40182382,0.75783235,-0.37922728,-0.11082817,-1.0,1.0,-1.0,1.0,3.0527,-0.4078561,-3.0527,2.0933,3.0527,2.0933,-6.283,0.5567079,0.94188243,-0.274,1.718,0.17930534,-0.296,0.7990992,0.69062054,-0.22903958,1.4671059,0.37253478,0.5821782,0.36357,1.13,-0.2897,1.81991
544,9.085999999999704,1.0,0.044554003,-0.25198787,1.0,0.8753359,0.7957787,-0.86111087,0.9250542,0.1908547,-1.0,1.0,0.26455796,-1.0,0.043310396,0.0066930857,-0.37069577,0.74056816,-0.40944117,-0.15044136,-1.0,1.0,-1.0,1.0,3.0527,-0.40042895,-3.0527,2.0933,3.0527,2.0933,-6.283,0.52728087,0.89842725,-0.274,1.718,0.15079804,-0.296,0.81260777,0.7023437,-0.21129659,1.4497899,0.34106702,0.5416737,0.36357,1.13,-0.2897,1.81991
545,9.101999999999709,1.0,0.030182607,-0.25777563,1.0,0.89198387,0.81478053,-0.88920206,0.88390356,0.1529111,-1.0,1.0,0.21971922,-1.0,0.05310618,0.015402516,-0.3450716,0.7279592,-0.43523616,-0.18454795,-1.0,1.0,-1.0,1.0,3.0527,-0.3953975,-3.0527,2.0933,3.0527,2.0933,-6.283,0.503825,0.8603698,-0.274,1.718,0.12523995,-0.296,0.8228101,0.71124905,-0.19669081,1.4371431,0.31420153,0.5067997,0.36357,1.13,-0.2897,1.81991
546,9.119999999999715,1.0,0.018059976,-0.2598424,1.0,0.91253465,0.8364923,-0.9190735,0.8382983,0.11235692,-1.0,1.0,0.16942184,-1.0,0.061982624,0.02556481,-0.31930804,0.7125549,-0.46164393,-0.21949731,-1.0,1.0,-1.0,1.0,3.0527,-0.3923869,-3.0527,2.0933,3.0527,2.0933,-6.283,0.47783005,0.819694,-0.274,1.718,0.09657045,-0.296,0.8320549,0.72164,-0.18200558,1.4216925,0.28669783,0.471064,0.36357,1.13,-0.2897,1.81991
547,9.13599999999972,1.0,0.0064097717,-0.2589224,1.0,0.93649346,0.8595722,-0.95044917,0.7866513,0.066532634,-1.0,1.0,0.1127404,-1.0,0.07147103,0.037775777,-0.29163063,0.69577694,-0.4904245,-0.25620875,-1.0,1.0,-1.0,1.0,3.0527,-0.3913184,-3.0527,2.0933,3.0527,2.0933,-6.283,0.44839126,0.77373224,-0.274,1.718,0.064262025,-0.296,0.84193707,0.73412573,-0.16622946,1.4048643,0.25672287,0.43352655,0.36357,1.13,-0.2897,1.81991
548,9.151999999999726,1.0,-0.00079547614,-0.25577137,1.0,0.9599403,0.8777111,-0.9779318,0.7444961,0.026242994,-1.0,1.0,0.06307633,-1.0,0.07865702,0.047736607,-0.2687987,0.6831785,-0.51432955,-0.2869236,-1.0,1.0,-1.0,1.0,3.0527,-0.391451,-3.0527,2.0933,3.0527,2.0933,-6.283,0.42436278,0.7333217,-0.274,1.718,0.03595351,-0.296,0.84942126,0.7443107,-0.15321526,1.392228,0.23182577,0.40212062,0.36357,1.13,-0.2897,1.81991
549,9.169999999999732,1.0,-0.0063804314,-0.25146455,1.0,0.9846976,0.8950758,-1.0,0.7029775,-0.012528515,-1.0,1.0,0.015113251,-1.0,0.08503222,0.057625018,-0.2472012,0.6706698,-0.5360053,-0.31532696,-1.0,1.0,-1.0,1.0,3.0527,-0.39251465,-3.0527,2.0933,3.0527,2.0933,-6.283,0.40069717,0.6944339,-0.274,1.718,0.008614553,-0.296,0.85606104,0.7544216,-0.14090468,1.3796818,0.20925047,0.3730782,0.36357,1.13,-0.2897,1.81991
550,9.185999999999737,1.0,-0.01372575,-0.25810146,1.0,1.0,0.9080206,-1.0,0.6553131,-0.041228034,-1.0,1.0,-0.028151764,-1.0,0.09981602,0.06917044,-0.21586877,0.66320485,-0.5446916,-0.3498705,-1.0,1.0,-1.0,1.0,3.0527,-0.39480272,-3.0527,2.0933,3.0527,2.0933,-6.283,0.37352845,0.6656483,-0.274,1.718,-0.016046505,-0.296,0.8714584,0.76622677,-0.1230452,1.3721944,0.20020367,0.3377574,0.36357,1.13,-0.2897,1.81991
551,9.201999999999742,1.0,-0.012537949,-0.25530356,1.0,1.0,0.8998474,-1.0,0.63945335,-0.045823433,-1.0,1.0,-0.05073966,-1.0,0.10664677,0.07185652,-0.20365983,0.66975236,-0.5332018,-0.37972134,-1.0,1.0,-1.0,1.0,3.0527,-0.3968928,-3.0527,2.0933,3.0527,2.0933,-6.283,0.36448842,0.6610391,-0.274,1.718,-0.028921606,-0.296,0.8785726,0.7689733,-0.1160861,1.3787616,0.21217032,0.3072349,0.36357,1.13,-0.2897,1.81991
552,9.219999999999748,1.0,-0.010641329,-0.25140303,1.0,1.0,0.9014824,-1.0,0.6210952,-0.053387024,-1.0,1.0,-0.06790115,-1.0,0.10839527,0.07554584,-0.19315785,0.67046064,-0.53008,-0.38906676,-1.0,1.0,-1.0,1.0,3.0527,-0.3986667,-3.0527,2.0933,3.0527,2.0933,-6.283,0.35402426,0.6534528,-0.274,1.718,-0.038703654,-0.296,0.8803937,0.7727456,-0.11009998,1.379472,0.21542166,0.29767925,0.36357,1.13,-0.2897,1.81991
553,9.235999999999754,1.0,-0.016354792,-0.24759954,1.0,1.0,0.9026017,-1.0,0.60029733,-0.068066336,-1.0,1.0,-0.08971426,-1.0,0.10552179,0.07931467,-0.1846112,0.66932327,-0.53647405,-0.3931269,-1.0,1.0,-1.0,1.0,3.0527,-0.40139306,-3.0527,2.0933,3.0527,2.0933,-6.283,0.3421695,0.63872945,-0.274,1.718,-0.051137127,-0.296,0.87740093,0.7765992,-0.10522839,1.3783312,0.20876227,0.29352775,0.36357,1.13,-0.2897,1.81991
554,9.251999999999759,1.0,-0.02232074,-0.2452331,1.0,1.0,0.9029854,-1.0,0.5853931,-0.080909945,-1.0,1.0,-0.10702582,-1.0,0.100696675,0.08192002,-0.17860174,0.6686397,-0.54367816,-0.39253968,-1.0,1.0,-1.0,1.0,3.0527,-0.4051139,-3.0527,2.0933,3.0527,2.0933,-6.283,0.33367404,0.62584734,-0.274,1.718,-0.061004717,-0.296,0.8723756,0.7792632,-0.10180299,1.3776456,0.2012592,0.29412818,0.36357,1.13,-0.2897,1.81991
555,9.269999999999765,1.0,-0.029208533,-0.24358103,1.0,1.0,0.9026567,-1.0,0.5722598,-0.09244106,-1.0,1.0,-0.122842565,-1.0,0.09508561,0.084536515,-0.17309034,0.668863,-0.550353,-0.390056,-1.0,1.0,-1.0,1.0,3.0527,-0.40998298,-3.0527,2.0933,3.0527,2.0933,-6.283,0.3261881,0.6142816,-0.274,1.718,-0.07002026,-0.296,0.86653167,0.7819386,-0.09866149,1.3778696,0.19430736,0.29666772,0.36357,1.13,-0.2897,1.81991
556,9.28599999999977,1.0,-0.038206093,-0.241303,1.0,1.0,0.8988111,-1.0,0.5621637,-0.10154662,-1.0,1.0,-0.13662101,-1.0,0.0873441,0.086422615,-0.1688962,0.67157364,-0.5557731,-0.38349703,-1.0,1.0,-1.0,1.0,3.0527,-0.4163519,-3.0527,2.0933,3.0527,2.0933,-6.283,0.32043332,0.60514873,-0.274,1.718,-0.077873975,-0.296,0.8584689,0.7838671,-0.09627083,1.3805884,0.18866234,0.3033743,0.36357,1.13,-0.2897,1.81991
557,9.301999999999776,1.0,-0.04693865,-0.23928945,1.0,1.0,0.8909024,-0.9873354,0.5599148,-0.10559795,-1.0,1.0,-0.14517988,-1.0,0.07831692,0.08631452,-0.16772854,0.6772126,-0.5571512,-0.37496388,-1.0,1.0,-1.0,1.0,3.0527,-0.4241766,-3.0527,2.0933,3.0527,2.0933,-6.283,0.31915146,0.60108525,-0.274,1.718,-0.08275253,-0.296,0.8490671,0.7837566,-0.09560527,1.3862442,0.18722703,0.31209943,0.36357,1.13,-0.2897,1.81991
558,9.319999999999782,1.0,-0.055870883,-0.2374516,1.0,1.0,0.88046354,-0.96322453,0.5624262,-0.105065085,-1.0,1.0,-0.14918752,-1.0,0.068650596,0.08529147,-0.16818178,0.6853151,-0.55507064,-0.36316288,-1.0,1.0,-1.0,1.0,3.0527,-0.43349028,-3.0527,2.0933,3.0527,2.0933,-6.283,0.32058293,0.6016197,-0.274,1.718,-0.08503689,-0.296,0.83899957,0.78271055,-0.09586361,1.394371,0.18939392,0.32416597,0.36357,1.13,-0.2897,1.81991
559,9.335999999999787,1.0,-0.06656837,-0.23546323,1.0,1.0,0.8647805,-0.93138,0.5717702,-0.099459626,-1.0,1.0,-0.14830326,-1.0,0.05681639,0.08245065,-0.17099172,0.6976251,-0.5492879,-0.34612083,-1.0,1.0,-1.0,1.0,3.0527,-0.44458723,-3.0527,2.0933,3.0527,2.0933,-6.283,0.32590902,0.607242,-0.274,1.718,-0.08453286,-0.296,0.8266743,0.7798058,-0.09746528,1.406718,0.19541663,0.34159145,0.36357,1.13,-0.2897,1.81991
560,9.351999999999792,1.0,-0.076692455,-0.23438025,1.0,1.0,0.8470036,-0.8983195,0.5865109,-0.089848675,-1.0,1.0,-0.14312732,-1.0,0.045647673,0.07820179,-0.17563456,0.7120125,-0.5394562,-0.32916248,-1.0,1.0,-1.0,1.0,3.0527,-0.45737186,-3.0527,2.0933,3.0527,2.0933,-6.283,0.33431122,0.6168818,-0.274,1.718,-0.081582576,-0.296,0.8150421,0.7754613,-0.1001117,1.4211485,0.20565638,0.35893136,0.36357,1.13,-0.2897,1.81991
561,9.369999999999798,1.0,-0.0863465,-0.23271339,1.0,1.0,0.82635534,-0.8617231,0.60647196,-0.076162435,-1.0,1.0,-0.13341503,-1.0,0.034769885,0.07244637,-0.18203741,0.7290555,-0.5259408,-0.3095342,-1.0,1.0,-1.0,1.0,3.0527,-0.47176582,-3.0527,2.0933,3.0527,2.0933,-6.283,0.34568903,0.6306091,-0.274,1.718,-0.07604656,-0.296,0.80371284,0.76957643,-0.10376132,1.4382427,0.21973269,0.3790013,0.36357,1.13,-0.2897,1.81991
562,9.385999999999804,1.0,-0.09686195,-0.23044127,1.0,1.0,0.8008959,-0.8185525,0.63337886,-0.057924964,-1.0,0.9968855,-0.11865814,-1.0,0.022128398,0.06421944,-0.19110537,0.7503753,-0.5085133,-0.28491342,-1.0,1.0,-1.0,1.0,3.0527,-0.4879127,-3.0527,2.0933,3.0527,2.0933,-6.283,0.36102596,0.6489013,-0.274,1.7148154,-0.06763514,-0.296,0.7905467,0.76116437,-0.10893006,1.4596264,0.23788343,0.40417603,0.36357,1.13,-0.2897,1.81991
563,9.40199999999981,1.0,-0.10711824,-0.22957751,1.0,1.0,0.77753514,-0.77709067,0.66026354,-0.03955362,-1.0,0.9880627,-0.10181214,-1.0,0.010759467,0.056020014,-0.19909793,0.77100533,-0.4911359,-0.262209,-1.0,1.0,-1.0,1.0,3.0527,-0.5057693,-3.0527,2.0933,3.0527,2.0933,-6.283,0.37635022,0.6673277,-0.274,1.7057941,-0.05803292,-0.296,0.778706,0.75278044,-0.11348582,1.4803183,0.25598195,0.4273913,0.36357,1.13,-0.2897,1.81991
564,9.419999999999815,1.0,-0.11729168,-0.22721326,1.0,1.0,0.7536125,-0.7349093,0.6884526,-0.020207621,-1.0,0.97998387,-0.08234127,-1.0,-0.0003145989,0.047319435,-0.20714033,0.79181904,-0.47364706,-0.23836957,-1.0,1.0,-1.0,1.0,3.0527,-0.52532184,-3.0527,2.0933,3.0527,2.0933,-6.283,0.392418,0.68673176,-0.274,1.6975335,-0.046934523,-0.296,0.76717234,0.74388415,-0.118069984,1.5011945,0.2741966,0.45176712,0.36357,1.13,-0.2897,1.81991
565,9.43599999999982,1.0,-0.12840092,-0.22221886,1.0,1.0,0.7282294,-0.68995076,0.71880877,0.0007744068,-1.0,0.9712292,-0.06021154,-1.0,-0.013538187,0.037480257,-0.21629947,0.8129657,-0.456433,-0.21131642,-1.0,1.0,-1.0,1.0,3.0527,-0.5467263,-3.0527,2.0933,3.0527,2.0933,-6.283,0.409721,0.7077767,-0.274,1.6885818,-0.034320578,-0.296,0.75339997,0.73382354,-0.1232907,1.5224046,0.29212505,0.47942895,0.36357,1.13,-0.2897,1.81991
566,9.451999999999826,1.0,-0.14001083,-0.21629733,1.0,1.0,0.7064396,-0.6493394,0.7451158,0.01969596,-1.0,0.9640706,-0.038581654,-1.0,-0.025953835,0.029191395,-0.22261399,0.83074635,-0.44268614,-0.18823703,-1.0,1.0,-1.0,1.0,3.0527,-0.5700661,-3.0527,2.0933,3.0527,2.0933,-6.283,0.42471603,0.726755,-0.274,1.6812623,-0.021991543,-0.296,0.7404691,0.7253482,-0.12688997,1.5402386,0.30644238,0.5030276,0.36357,1.13,-0.2897,1.81991
567,9.469999999999832,1.0,-0.15141857,-0.2066683,1.0,1.0,0.6861435,-0.6096493,0.7692976,0.038032196,-1.0,0.95714825,-0.015087945,-1.0,-0.038931914,0.021936467,-0.22722793,0.8454004,-0.43203682,-0.16477211,-1.0,1.0,-1.0,1.0,3.0527,-0.5953075,-3.0527,2.0933,3.0527,2.0933,-6.283,0.43849963,0.7451463,-0.274,1.6741841,-0.008600129,-0.296,0.72695243,0.71793,-0.12951992,1.5549366,0.31753364,0.5270205,0.36357,1.13,-0.2897,1.81991
568,9.485999999999837,1.0,-0.16238129,-0.19314994,1.0,1.0,0.6657836,-0.5690589,0.7936188,0.057513498,-1.0,0.95036566,0.011708887,-1.0,-0.05396945,0.0148243215,-0.23199421,0.858522,-0.42299432,-0.1386076,-1.0,1.0,-1.0,1.0,3.0527,-0.6223765,-3.0527,2.0933,3.0527,2.0933,-6.283,0.45236272,0.76468605,-0.274,1.6672488,0.0066740657,-0.296,0.71129084,0.7106579,-0.1322367,1.5680976,0.3269514,0.5537737,0.36357,1.13,-0.2897,1.81991
569,9.501999999999843,1.0,-0.17281389,-0.17889638,1.0,1.0,0.6497572,-0.53379905,0.812136,0.073879026,-1.0,0.944645,0.036807895,-1.0,-0.06808699,0.010051927,-0.23426425,0.8673519,-0.41859847,-0.1159567,-1.0,1.0,-1.0,1.0,3.0527,-0.6511846,-3.0527,2.0933,3.0527,2.0933,-6.283,0.4629175,0.7811007,-0.274,1.6613995,0.0209805,-0.296,0.6965874,0.7057781,-0.13353063,1.5769539,0.33152968,0.5769343,0.36357,1.13,-0.2897,1.81991
570,9.519999999999849,1.0,-0.18048763,-0.16251482,1.0,1.0,0.63627243,-0.50110084,0.82699466,0.088234566,-1.0,0.9393633,0.06112583,-1.0,-0.08022583,0.006896546,-0.23600805,0.8722044,-0.41629976,-0.09334747,-1.0,1.0,-1.0,1.0,3.0527,-0.68127185,-3.0527,2.0933,3.0527,2.0933,-6.283,0.47138697,0.79549927,-0.274,1.655999,0.034841724,-0.296,0.6839448,0.7025517,-0.13452458,1.5818211,0.3339238,0.60005224,0.36357,1.13,-0.2897,1.81991
571,9.535999999999854,1.0,-0.18342972,-0.14572069,1.0,1.0,0.62758577,-0.4710784,0.8371521,0.10068961,-1.0,0.9337472,0.0850341,-1.0,-0.090475805,0.0056115594,-0.23809028,0.8725314,-0.41576415,-0.06862689,-1.0,1.0,-1.0,1.0,3.0527,-0.71184963,-3.0527,2.0933,3.0527,2.0933,-6.283,0.4771767,0.8079917,-0.274,1.6502565,0.04846944,-0.296,0.67326945,0.7012378,-0.13571146,1.582149,0.33448163,0.625329,0.36357,1.13,-0.2897,1.81991
572,9.55199999999986,1.0,-0.18422866,-0.13097793,1.0,1.0,0.62319016,-0.44978806,0.84096074,0.10839137,-1.0,0.92931944,0.102393284,-1.0,-0.09798855,0.0063379016,-0.23965698,0.86989194,-0.4178111,-0.0484368,-1.0,1.0,-1.0,1.0,3.0527,-0.7425605,-3.0527,2.0933,3.0527,2.0933,-6.283,0.47934762,0.81571656,-0.274,1.6457292,0.05836417,-0.296,0.6654449,0.70198053,-0.13660449,1.5795016,0.33234975,0.6459734,0.36357,1.13,-0.2897,1.81991
573,9.569999999999865,1.0,-0.1813134,-0.116837986,1.0,1.0,0.6215973,-0.43258062,0.84228665,0.11567088,-1.0,0.9257304,0.11884348,-1.0,-0.10303641,0.0083005335,-0.24156934,0.8654872,-0.41948348,-0.028266648,-1.0,1.0,-1.0,1.0,3.0527,-0.7727855,-3.0527,2.0933,3.0527,2.0933,-6.283,0.48010337,0.8230179,-0.274,1.6420593,0.06774078,-0.296,0.6601876,0.7039873,-0.13769452,1.5750837,0.33060795,0.66659737,0.36357,1.13,-0.2897,1.81991
574,9.58599999999987,1.0,-0.17317033,-0.10279011,1.0,1.0,0.6221516,-0.417975,0.84387493,0.12479874,-1.0,0.9234288,0.13729563,-1.0,-0.10695983,0.010909935,-0.24533188,0.8598592,-0.42003566,-0.0051599536,-1.0,1.0,-1.0,1.0,3.0527,-0.80165297,-3.0527,2.0933,3.0527,2.0933,-6.283,0.4810087,0.8321731,-0.274,1.6397059,0.078258514,-0.296,0.65610135,0.7066554,-0.13983917,1.5694388,0.33003286,0.69022393,0.36357,1.13,-0.2897,1.81991
575,9.601999999999876,1.0,-0.1632911,-0.09788182,1.0,1.0,0.6284323,-0.41759825,0.8426423,0.12751094,-1.0,0.92443746,0.1504883,-1.0,-0.110573776,0.013690641,-0.24892789,0.8501814,-0.428389,0.011229118,-1.0,1.0,-1.0,1.0,3.0527,-0.8288736,-3.0527,2.0933,3.0527,2.0933,-6.283,0.48030612,0.83489347,-0.274,1.6407373,0.08577833,-0.296,0.65233743,0.7094987,-0.1418889,1.559732,0.32133284,0.7069818,0.36357,1.13,-0.2897,1.81991
576,9.619999999999882,1.0,-0.15275502,-0.09291998,1.0,1.0,0.6333661,-0.41797936,0.8456584,0.13389423,-1.0,0.9289438,0.16546305,-1.0,-0.11156542,0.016575119,-0.253758,0.8435097,-0.4328422,0.027105263,-1.0,1.0,-1.0,1.0,3.0527,-0.8543379,-3.0527,2.0933,3.0527,2.0933,-6.283,0.4820253,0.8412959,-0.274,1.6453451,0.094313934,-0.296,0.6513046,0.71244806,-0.14464207,1.5530401,0.31669486,0.7232151,0.36357,1.13,-0.2897,1.81991
577,9.635999999999887,1.0,-0.13993108,-0.081938006,1.0,1.0,0.6352184,-0.41225487,0.8519417,0.14521727,-1.0,0.9335468,0.18267804,-1.0,-0.11249841,0.019028505,-0.26113278,0.83984715,-0.43153936,0.048698835,-1.0,1.0,-1.0,1.0,3.0527,-0.8776644,-3.0527,2.0933,3.0527,2.0933,-6.283,0.48560676,0.8526529,-0.274,1.6500516,0.10412648,-0.296,0.6503329,0.71495664,-0.14884569,1.5493667,0.31805176,0.7452946,0.36357,1.13,-0.2897,1.81991
578,9.651999999999893,1.0,-0.12687492,-0.07059572,1.0,1.0,0.63579017,-0.40719777,0.8589252,0.15561244,-1.0,0.93805856,0.1967221,-1.0,-0.11501194,0.020319214,-0.27000493,0.8369008,-0.43044204,0.0696319,-1.0,1.0,-1.0,1.0,3.0527,-0.89881444,-3.0527,2.0933,3.0527,2.0933,-6.283,0.48958737,0.86307925,-0.274,1.6546649,0.1121316,-0.296,0.6477151,0.7162764,-0.15390281,1.5464115,0.3191946,0.7666986,0.36357,1.13,-0.2897,1.81991
579,9.669999999999899,1.0,-0.11073255,-0.05929845,1.0,1.0,0.63528705,-0.40040815,0.8696348,0.16919085,-1.0,0.94343036,0.21480237,-1.0,-0.117117114,0.020463994,-0.27991188,0.8354141,-0.42740625,0.093212925,-1.0,1.0,-1.0,1.0,3.0527,-0.9172735,-3.0527,2.0933,3.0527,2.0933,-6.283,0.49569184,0.87669843,-0.274,1.6601576,0.12243735,-0.296,0.64552253,0.7164244,-0.15954977,1.5449203,0.3223564,0.7908102,0.36357,1.13,-0.2897,1.81991
580,9.685999999999904,1.0,-0.08926486,-0.047157116,1.0,1.0,0.63250536,-0.3930476,0.88774437,0.18761727,-1.0,0.9517293,0.23832987,-1.0,-0.11943019,0.018603316,-0.2931201,0.83545613,-0.42143065,0.12011551,-1.0,1.0,-1.0,1.0,3.0527,-0.932154,-3.0527,2.0933,3.0527,2.0933,-6.283,0.5060143,0.8951801,-0.274,1.6686432,0.13584803,-0.296,0.64311343,0.7145219,-0.16707845,1.5449625,0.32858,0.8183181,0.36357,1.13,-0.2897,1.81991
581,9.70199999999991,1.0,-0.06845867,-0.03544294,1.0,1.0,0.63023,-0.38795888,0.90489835,0.20509627,-1.0,0.9596184,0.25894654,-1.0,-0.121859975,0.016142359,-0.30662948,0.83540815,-0.4159621,0.14534901,-1.0,1.0,-1.0,1.0,3.0527,-0.943566,-3.0527,2.0933,3.0527,2.0933,-6.283,0.5157921,0.91271156,-0.274,1.6767098,0.14759953,-0.296,0.64058286,0.71200556,-0.1747788,1.5449144,0.33427548,0.84411937,0.36357,1.13,-0.2897,1.81991
582,9.719999999999915,1.0,-0.045899622,-0.024412757,1.0,1.0,0.62646484,-0.3825909,0.9263085,0.22440472,-1.0,0.9686746,0.2820877,-1.0,-0.12438882,0.0118910875,-0.32196194,0.8364554,-0.4094705,0.17148916,-1.0,1.0,-1.0,1.0,3.0527,-0.95121753,-3.0527,2.0933,3.0527,2.0933,-6.283,0.5279958,0.93207794,-0.274,1.6859698,0.16079,-0.296,0.63794905,0.70765865,-0.1835183,1.5459647,0.34103647,0.87084764,0.36357,1.13,-0.2897,1.81991
583,9.73599999999992,1.0,-0.019384854,-0.013600817,1.0,1.0,0.62118596,-0.37807631,0.95488,0.24770048,-1.0,0.98159885,0.3098192,-1.0,-0.1265316,0.005951425,-0.3405581,0.8384846,-0.4002055,0.19850583,-1.0,1.0,-1.0,1.0,3.0527,-0.954449,-3.0527,2.0933,3.0527,2.0933,-6.283,0.5442816,0.95544356,-0.274,1.6991848,0.17659694,-0.296,0.63571733,0.70158535,-0.19411813,1.5480001,0.35068598,0.8984722,0.36357,1.13,-0.2897,1.81991
584,9.751999999999926,1.0,0.0045261458,-0.0041672494,1.0,1.0,0.61648047,-0.37656352,0.98119175,0.26928678,-1.0,0.9944117,0.33351904,-1.0,-0.12829804,7.45561e-05,-0.35862535,0.8406772,-0.39082563,0.22126217,-1.0,1.0,-1.0,1.0,3.0527,-0.95369446,-3.0527,2.0933,3.0527,2.0933,-6.283,0.5592793,0.97709465,-0.274,1.712286,0.19010586,-0.296,0.6338776,0.69557625,-0.20441645,1.5501993,0.3604551,0.9217406,0.36357,1.13,-0.2897,1.81991
585,9.769999999999932,1.0,0.028745182,0.0032305215,1.0,1.0,0.6106787,-0.3756206,1.0,0.2917644,-1.0,1.0,0.35939035,-1.0,-0.1300987,-0.0069069657,-0.3782392,0.84394354,-0.380454,0.2427146,-1.0,1.0,-1.0,1.0,3.0527,-0.94890267,-3.0521615,2.0933,3.0527,2.0933,-6.283,0.57,0.9996397,-0.274,1.718,0.20485249,-0.296,0.6320022,0.68843764,-0.21559635,1.5534754,0.37125716,0.9436757,0.36357,1.13,-0.2897,1.81991
586,9.785999999999937,1.0,0.05548895,0.008344958,1.0,1.0,0.6036613,-0.3771067,1.0,0.31762782,-1.0,1.0,0.38959345,-1.0,-0.13179731,-0.014977315,-0.401464,0.84850377,-0.36625618,0.26180077,-1.0,1.0,-1.0,1.0,3.0527,-0.9396526,-3.0507703,2.0933,3.0527,2.0933,-6.283,0.57,1.0255806,-0.274,1.718,0.22206827,-0.296,0.6302331,0.6801857,-0.22883447,1.5580493,0.3860442,0.9631913,0.36357,1.13,-0.2897,1.81991
587,9.801999999999943,1.0,0.07836307,0.009389216,1.0,1.0,0.5969507,-0.38108423,1.0,0.34278175,-1.0,1.0,0.4169547,-1.0,-0.13377202,-0.022995213,-0.42424542,0.8549573,-0.35001677,0.27589804,-1.0,1.0,-1.0,1.0,3.0527,-0.9265895,-3.0492053,2.0933,3.0527,2.0933,-6.283,0.57,1.0508101,-0.274,1.718,0.23766418,-0.296,0.62817645,0.6719874,-0.24181989,1.5645221,0.40295753,0.97760576,0.36357,1.13,-0.2897,1.81991
588,9.819999999999949,1.0,0.10106338,0.007717872,1.0,1.0,0.59014416,-0.38572025,1.0,0.36845484,-1.0,1.0,0.4452859,-1.0,-0.136073,-0.03140623,-0.4487391,0.8616623,-0.33111674,0.2867248,-1.0,1.0,-1.0,1.0,3.0527,-0.90974224,-3.0479186,2.0933,3.0527,2.0933,-6.283,0.57,1.0765603,-0.274,1.718,0.25381297,-0.296,0.62578,0.6633871,-0.2557813,1.5712473,0.42264193,0.98867613,0.36357,1.13,-0.2897,1.81991
589,9.835999999999954,1.0,0.12650728,0.0038584564,1.0,1.0,0.5852859,-0.39526743,1.0,0.39502624,-1.0,1.0,0.47527114,-1.0,-0.13845128,-0.040541,-0.47673047,0.8664569,-0.30861825,0.29138494,-1.0,1.0,-1.0,1.0,3.0527,-0.88865346,-3.0472753,2.0933,3.0527,2.0933,-6.283,0.57,1.1032113,-0.274,1.718,0.27090454,-0.296,0.623303,0.65404683,-0.27173635,1.5760562,0.4460741,0.9934411,0.36357,1.13,-0.2897,1.81991
590,9.85199999999996,1.0,0.14743018,-0.0012777057,1.0,1.0,0.582015,-0.40738267,1.0,0.41592768,-1.0,1.0,0.49934724,-1.0,-0.13879198,-0.048203327,-0.5000687,0.8698985,-0.28896278,0.2902336,-1.0,1.0,-1.0,1.0,3.0527,-0.86407685,-3.0474885,2.0933,3.0527,2.0933,-6.283,0.57,1.1241754,-0.274,1.718,0.2846279,-0.296,0.62294817,0.6462121,-0.2850392,1.5795082,0.46654525,0.99226385,0.36357,1.13,-0.2897,1.81991
591,9.869999999999965,1.0,0.16598773,-0.0065909084,1.0,0.9826038,0.58020806,-0.42527583,1.0,0.43115368,-1.0,1.0,0.51831824,-1.0,-0.13893473,-0.05557195,-0.5231461,0.86955553,-0.27348822,0.28221244,-1.0,1.0,-1.0,1.0,3.0527,-0.8364067,-3.048587,2.0933,3.0527,2.0933,-6.283,0.57,1.1394471,-0.274,1.718,0.2954414,-0.296,0.62279946,0.63867766,-0.29819328,1.5791641,0.48266202,0.9840622,0.36357,1.13,-0.2897,1.81991
592,9.88599999999997,1.0,0.18280792,-0.0127789285,1.0,0.9481281,0.58191335,-0.4524219,1.0,0.44107005,-1.0,1.0,0.5322476,-1.0,-0.13596219,-0.061069824,-0.54491,0.8644341,-0.2614692,0.26429328,-1.0,1.0,-1.0,1.0,3.0527,-0.80593264,-3.0507174,2.0933,3.0527,2.0933,-6.283,0.57,1.1493932,-0.274,1.718,0.30338115,-0.296,0.6258954,0.6330561,-0.3105987,1.5740274,0.49517983,0.9657399,0.36357,1.13,-0.2897,1.81991
593,9.901999999999976,1.0,0.19451451,-0.019317454,1.0,0.9181601,0.5847884,-0.48253757,1.0,0.44484082,-1.0,1.0,0.5385593,-1.0,-0.13046527,-0.06439445,-0.56074744,0.8589379,-0.2541904,0.24212448,-1.0,1.0,-1.0,1.0,3.0527,-0.77350706,-3.0527,2.0933,3.0527,2.0933,-6.283,0.57,1.1531754,-0.274,1.718,0.30697882,-0.296,0.6316204,0.6296567,-0.31962603,1.5685147,0.5027607,0.94307226,0.36357,1.13,-0.2897,1.81991
594,9.919999999999982,1.0,0.20179772,-0.02643468,1.0,0.89450043,0.588089,-0.51910776,1.0,0.44387332,-1.0,1.0,0.53589,-1.0,-0.12317372,-0.06626663,-0.5748429,0.851379,-0.2487814,0.21111022,-1.0,1.0,-1.0,1.0,3.0527,-0.7398674,-3.0527,2.0933,3.0527,2.0933,-6.283,0.57,1.152205,-0.274,1.718,0.3054573,-0.296,0.6392146,0.62774235,-0.32766044,1.5609331,0.5083942,0.9113602,0.36357,1.13,-0.2897,1.81991
595,9.935999999999988,1.0,0.20339787,-0.03763538,1.0,0.86803615,0.6002316,-0.5631335,1.0,0.43513975,-1.0,1.0,0.5251942,-1.0,-0.115288146,-0.064911224,-0.5840867,0.83854926,-0.25051767,0.17413627,-1.0,1.0,-1.0,1.0,3.0527,-0.7059609,-3.0527,2.0933,3.0527,2.0933,-6.283,0.57,1.1434451,-0.274,1.718,0.29936072,-0.296,0.6474274,0.6291283,-0.33292943,1.548065,0.50658584,0.87355435,0.36357,1.13,-0.2897,1.81991
596,9.951999999999993,1.0,0.1991483,-0.05116027,1.0,0.8460666,0.61426675,-0.6065461,1.0,0.4207709,-1.0,1.0,0.5080217,-1.0,-0.1068163,-0.061935104,-0.5865252,0.82670623,-0.25713497,0.13645785,-1.0,1.0,-1.0,1.0,3.0527,-0.67276293,-3.0527,2.0933,3.0527,2.0933,-6.283,0.57,1.1290332,-0.274,1.718,0.2895724,-0.296,0.65625083,0.63217133,-0.33431935,1.5361863,0.49969393,0.8350282,0.36357,1.13,-0.2897,1.81991
597,9.969999999999999,1.0,0.18503606,-0.07133461,1.0,0.8335161,0.63515306,-0.6527347,1.0,0.39892378,-1.0,1.0,0.47987863,-1.0,-0.09686918,-0.055114426,-0.5794262,0.8127769,-0.26916045,0.09433942,-1.0,1.0,-1.0,1.0,3.0527,-0.6419174,-3.0527,2.0933,3.0527,2.0933,-6.283,0.57,1.1071205,-0.274,1.718,0.2735308,-0.296,0.6666108,0.6391455,-0.33027294,1.5222152,0.48716938,0.7919621,0.36357,1.13,-0.2897,1.81991
598,9.986000000000004,1.0,0.16438448,-0.096245565,1.0,0.8273311,0.65838146,-0.70538723,1.0,0.37198123,-1.0,1.0,0.44401374,-1.0,-0.08309854,-0.045295633,-0.5650789,0.7973537,-0.28349268,0.04227238,-1.0,1.0,-1.0,1.0,3.0527,-0.6145145,-3.0527,2.0933,3.0527,2.0933,-6.283,0.57,1.0800972,-0.274,1.718,0.25308785,-0.296,0.68095285,0.64918524,-0.32209498,1.5067457,0.47224236,0.7387235,0.36357,1.13,-0.2897,1.81991
599,10.00200000000001,1.0,0.14220393,-0.12487698,1.0,0.8341812,0.6845945,-0.7504816,1.0,0.33361796,-1.0,1.0,0.39930877,-1.0,-0.058143087,-0.030539373,-0.5303908,0.7857606,-0.30990744,-0.0012261365,-1.0,1.0,-1.0,1.0,3.0527,-0.5908091,-3.0527,2.0933,3.0527,2.0933,-6.283,0.57,1.0416188,-0.274,1.718,0.227606,-0.296,0.706944,0.6642735,-0.30232275,1.4951179,0.4447314,0.6942463,0.36357,1.13,-0.2897,1.81991
