step,sim_time,action_0,action_1,action_2,action_3,action_4,action_5,action_6,action_7,action_8,action_9,action_10,action_11,action_12,action_13,action_14,action_15,action_16,action_17,action_18,action_19,action_20,action_21,action_22,target_0,target_1,target_2,target_3,target_4,target_5,target_6,target_7,target_8,target_9,target_10,target_11,target_12,target_13,target_14,target_15,target_16,target_17,target_18,target_19,target_20,target_21,target_22
0,0.018000000000000002,-0.65130585,-1.0,1.0,1.0,-1.0,0.3042178,-1.0,1.0,0.34228674,1.0,-1.0,0.6363632,0.608182,0.37588724,-1.0,1.0,1.0,-1.0,0.2958663,1.0,-1.0,-1.0,-1.0,-0.108572684,0.1933,0.1667,1.5067,-0.1667,1.4807131,1.4041,0.57,1.0503136,1.809,-0.327,0.36272702,1.3170066,1.1589866,-0.327,0.57,1.71,-0.274,0.99802333,1.4968,-0.20504288,-0.2897,-0.2622
1,0.034000000000000016,1.0,-1.0,1.0,1.0,-1.0,1.0,-1.0,1.0,1.0,-0.79372853,-1.0,1.0,0.7813892,-0.7833437,-1.0,1.0,-1.0,-0.0038787592,0.17904748,-0.9601104,-0.5124287,-1.0,-1.0,0.058127314,0.0266,0.3334,1.6734,-0.3334,1.6474131,1.2374,0.57,1.71,-0.059168264,-0.327,0.57,1.4907334,-0.048352435,-0.327,0.57,-0.296,0.7634603,0.87857604,0.38617203,0.12042141,-0.2897,-0.2622
2,0.05200000000000003,1.0,0.15029854,-1.0,-1.0,-1.0,1.0,-1.0,-1.0,1.0,-1.0,-1.0,1.0,1.0,-1.0,-1.0,1.0,-1.0,1.0,1.0,-1.0,1.0,-1.0,-1.0,0.22482732,0.051654767,0.1667,1.5067,-0.5001,1.8141131,1.0707,-0.57,1.71,-0.274,-0.327,0.57,1.71,-0.274,-0.327,0.57,-0.296,1.809,1.718,0.36357,1.13,-0.2897,-0.2622
3,0.06800000000000005,1.0,0.6628283,-1.0,-1.0,-1.0,1.0,-1.0,-1.0,1.0,-1.0,-1.0,1.0,1.0,-1.0,-0.54846555,1.0,-1.0,1.0,1.0,-1.0,1.0,-1.0,-1.0,0.39152732,0.16214825,0.0,1.34,-0.6668,1.9808131,0.904,-0.57,1.71,-0.274,-0.327,0.57,1.71,-0.274,0.13469398,0.57,-0.296,1.809,1.718,0.36357,1.13,-0.2897,-0.2622
4,0.08400000000000006,1.0,0.32577485,-1.0,-1.0,-1.0,1.0,-1.0,-1.0,1.0,-1.0,-1.0,1.0,1.0,-1.0,-0.6743768,1.0,-1.0,1.0,1.0,-1.0,1.0,-1.0,-1.0,0.5582273,0.21645491,-0.1667,1.1733,-0.8335,2.0933,0.7373,-0.57,1.71,-0.274,-0.327,0.57,1.71,-0.274,0.0059497366,0.57,-0.296,1.809,1.718,0.36357,1.13,-0.2897,-0.2622
5,0.10200000000000008,1.0,-0.023936143,-1.0,-1.0,-1.0,1.0,-1.0,-1.0,1.0,-1.0,-1.0,1.0,1.0,-1.0,-0.7924616,1.0,-1.0,1.0,1.0,-1.0,1.0,-1.0,-1.0,0.7249273,0.21246476,-0.3334,1.0066,-1.0002,2.0933,0.5706,-0.57,1.71,-0.274,-0.327,0.57,1.71,-0.274,-0.11479196,0.57,-0.296,1.809,1.718,0.36357,1.13,-0.2897,-0.2622
6,0.11800000000000009,1.0,-0.09518143,-1.0,-1.0,-1.0,1.0,-1.0,-1.0,1.0,-1.0,-1.0,1.0,1.0,-1.0,-0.76579666,1.0,-1.0,1.0,1.0,-1.0,1.0,-1.0,-1.0,0.8916273,0.19659802,-0.5001,0.8399,-1.1669,2.0933,0.4039,-0.57,1.71,-0.274,-0.327,0.57,1.71,-0.274,-0.08752709,0.57,-0.296,1.809,1.718,0.36357,1.13,-0.2897,-0.2622
7,0.1340000000000001,1.0,-0.10205617,-1.0,-1.0,-1.0,1.0,-1.0,-1.0,1.0,-1.0,-1.0,1.0,1.0,-1.0,-0.73150325,1.0,-1.0,1.0,1.0,-1.0,1.0,-1.0,-1.0,1.0583273,0.17958525,-0.6668,0.6732,-1.3336,2.0933,0.2372,-0.57,1.71,-0.274,-0.327,0.57,1.71,-0.274,-0.05246207,0.57,-0.296,1.809,1.718,0.36357,1.13,-0.2897,-0.2622
8,0.1520000000000001,1.0,-0.08187255,-1.0,-1.0,-1.0,1.0,-1.0,-1.0,1.0,-1.0,-1.0,1.0,1.0,-1.0,-0.69393706,1.0,-1.0,1.0,1.0,-1.0,1.0,-1.0,-1.0,1.2250273,0.1659371,-0.8335,0.5065,-1.5003,2.0933,0.0705,-0.57,1.71,-0.274,-0.327,0.57,1.71,-0.274,-0.014050647,0.57,-0.296,1.809,1.718,0.36357,1.13,-0.2897,-0.2622
9,0.16800000000000012,1.0,-0.07365862,-1.0,-1.0,-1.0,1.0,-1.0,-1.0,1.0,-1.0,-1.0,1.0,1.0,-1.0,-0.67819035,1.0,-1.0,1.0,1.0,-1.0,1.0,-1.0,-1.0,1.3917273,0.15365821,-1.0002,0.3398,-1.667,2.0933,-0.0962,-0.57,1.71,-0.274,-0.327,0.57,1.71,-0.274,0.0020503665,0.57,-0.296,1.809,1.718,0.36357,1.13,-0.2897,-0.2622
10,0.18400000000000014,1.0,-0.049584247,-1.0,-1.0,-1.0,1.0,-1.0,-1.0,1.0,-1.0,-1.0,1.0,1.0,-1.0,-0.6605207,1.0,-1.0,1.0,1.0,-1.0,1.0,-1.0,-1.0,1.5584273,0.1453925,-1.1669,0.1731,-1.8337,2.0933,-0.2629,-0.57,1.71,-0.274,-0.327,0.57,1.71,-0.274,0.020117613,0.57,-0.296,1.809,1.718,0.36357,1.13,-0.2897,-0.2622
11,0.20200000000000015,1.0,-0.025278965,-1.0,-1.0,-1.0,1.0,-1.0,-1.0,1.0,-1.0,-1.0,1.0,1.0,-1.0,-0.6479568,1.0,-1.0,1.0,1.0,-1.0,1.0,-1.0,-1.0,1.7251273,0.1411785,-1.3336,0.0064,-2.0004,2.0933,-0.4296,-0.57,1.71,-0.274,-0.327,0.57,1.71,-0.274,0.032964185,0.57,-0.296,1.809,1.718,0.36357,1.13,-0.2897,-0.2622
12,0.21800000000000017,1.0,-0.0020936225,-1.0,-1.0,-1.0,1.0,-1.0,-1.0,1.0,-1.0,-1.0,1.0,1.0,-1.0,-0.6368982,1.0,-1.0,1.0,1.0,-1.0,1.0,-1.0,-1.0,1.8918273,0.1408295,-1.5003,-0.1603,-2.1671,2.0933,-0.5963,-0.57,1.71,-0.274,-0.327,0.57,1.71,-0.274,0.04427157,0.57,-0.296,1.809,1.718,0.36357,1.13,-0.2897,-0.2622
13,0.23400000000000018,1.0,0.011335159,-1.0,-1.0,-1.0,1.0,-1.0,-1.0,1.0,-1.0,-1.0,1.0,1.0,-1.0,-0.63218224,1.0,-1.0,1.0,1.0,-1.0,1.0,-1.0,-1.0,2.0585272,0.14271908,-1.667,-0.327,-2.3338,2.0933,-0.763,-0.57,1.71,-0.274,-0.327,0.57,1.71,-0.274,0.04909366,0.57,-0.296,1.809,1.718,0.36357,1.13,-0.2897,-0.2622
14,0.25200000000000017,1.0,0.026137047,-1.0,-1.0,-1.0,1.0,-1.0,-1.0,1.0,-1.0,-1.0,1.0,1.0,-1.0,-0.62529474,1.0,-1.0,1.0,1.0,-1.0,1.0,-1.0,-1.0,2.2252274,0.14707612,-1.8337,-0.4937,-2.5005,2.0933,-0.9297,-0.57,1.71,-0.274,-0.327,0.57,1.71,-0.274,0.056136124,0.57,-0.296,1.809,1.718,0.36357,1.13,-0.2897,-0.2622
15,0.2680000000000002,1.0,0.036180504,-1.0,-1.0,-1.0,1.0,-1.0,-1.0,1.0,-1.0,-1.0,1.0,1.0,-1.0,-0.61833197,1.0,-1.0,1.0,1.0,-1.0,1.0,-1.0,-1.0,2.3919272,0.1531074,-2.0004,-0.6604,-2.6672,2.0933,-1.0964,-0.57,1.71,-0.274,-0.327,0.57,1.71,-0.274,0.06325556,0.57,-0.296,1.809,1.718,0.36357,1.13,-0.2897,-0.2622
16,0.2840000000000002,1.0,0.037063748,-1.0,-1.0,-1.0,1.0,-1.0,-1.0,1.0,-1.0,-1.0,1.0,1.0,-1.0,-0.61360216,1.0,-1.0,1.0,1.0,-1.0,1.0,-1.0,-1.0,2.5586274,0.15928593,-2.1671,-0.8271,-2.8339,2.0933,-1.2631,-0.57,1.71,-0.274,-0.327,0.57,1.71,-0.274,0.06809179,0.57,-0.296,1.809,1.718,0.36357,1.13,-0.2897,-0.2622
17,0.3020000000000002,1.0,0.040634766,-1.0,-1.0,-1.0,1.0,-1.0,-1.0,1.0,-1.0,-1.0,1.0,1.0,-1.0,-0.609166,1.0,-1.0,1.0,1.0,-1.0,1.0,-1.0,-1.0,2.7253273,0.16605975,-2.3338,-0.9938,-3.0006,2.0933,-1.4298,-0.57,1.71,-0.274,-0.327,0.57,1.71,-0.274,0.07262774,0.57,-0.296,1.809,1.718,0.36357,1.13,-0.2897,-0.2622
18,0.3180000000000002,1.0,0.0349878,-1.0,-1.0,-1.0,1.0,-1.0,-1.0,1.0,-1.0,-1.0,1.0,1.0,-1.0,-0.61145294,1.0,-1.0,1.0,1.0,-1.0,1.0,-1.0,-1.0,2.8920274,0.17189221,-2.5005,-1.1605,-3.0527,2.0933,-1.5965,-0.57,1.71,-0.274,-0.327,0.57,1.71,-0.274,0.07028937,0.57,-0.296,1.809,1.718,0.36357,1.13,-0.2897,-0.2622
19,0.33400000000000024,1.0,0.022075342,-1.0,-1.0,-1.0,1.0,-1.0,-1.0,1.0,-1.0,-1.0,1.0,1.0,-1.0,-0.61727905,1.0,-1.0,1.0,1.0,-1.0,1.0,-1.0,-1.0,3.0527,0.17557217,-2.6672,-1.3272,-3.0527,2.0933,-1.7632,-0.57,1.71,-0.274,-0.327,0.57,1.71,-0.274,0.06433217,0.57,-0.296,1.809,1.718,0.36357,1.13,-0.2897,-0.2622
20,0.35200000000000026,1.0,0.024351716,-1.0,-1.0,-1.0,1.0,-1.0,-1.0,1.0,-1.0,-1.0,1.0,1.0,-1.0,-0.6138951,1.0,-1.0,1.0,1.0,-1.0,1.0,-1.0,-1.0,3.0527,0.1796316,-2.8339,-1.4939,-3.0527,2.0933,-1.9299,-0.57,1.71,-0.274,-0.327,0.57,1.71,-0.274,0.067792244,0.57,-0.296,1.809,1.718,0.36357,1.13,-0.2897,-0.2622
21,0.36800000000000027,1.0,0.027068045,-1.0,-1.0,-1.0,1.0,-1.0,-1.0,1.0,-1.0,-1.0,1.0,1.0,-1.0,-0.60753787,1.0,-1.0,1.0,1.0,-1.0,1.0,-1.0,-1.0,3.0527,0.18414386,-3.0006,-1.6606,-3.0527,2.0933,-2.0966,-0.57,1.71,-0.274,-0.327,0.57,1.71,-0.274,0.07429253,0.57,-0.296,1.809,1.718,0.36357,1.13,-0.2897,-0.2622
22,0.3840000000000003,1.0,0.01100214,-1.0,-1.0,-1.0,1.0,-1.0,-1.0,1.0,-1.0,-1.0,1.0,1.0,-1.0,-0.6111033,1.0,-1.0,1.0,1.0,-1.0,1.0,-1.0,-1.0,3.0527,0.1859779,-3.0527,-1.8273,-3.0527,2.0933,-2.2633,-0.57,1.71,-0.274,-0.327,0.57,1.71,-0.274,0.07064688,0.57,-0.296,1.809,1.718,0.36357,1.13,-0.2897,-0.2622
23,0.4020000000000003,1.0,-0.004872732,-1.0,-1.0,-1.0,1.0,-1.0,-1.0,1.0,-1.0,-1.0,1.0,1.0,-1.0,-0.6258732,1.0,-1.0,1.0,1.0,-1.0,1.0,-1.0,-1.0,3.0527,0.18516563,-3.0527,-1.994,-3.0527,2.0933,-2.43,-0.57,1.71,-0.274,-0.327,0.57,1.71,-0.274,0.055544645,0.57,-0.296,1.809,1.718,0.36357,1.13,-0.2897,-0.2622
24,0.4180000000000003,1.0,-0.0073584896,-1.0,-1.0,-1.0,1.0,-1.0,-1.0,1.0,-1.0,-1.0,1.0,1.0,-1.0,-0.6252238,1.0,-1.0,1.0,1.0,-1.0,1.0,-1.0,-1.0,3.0527,0.18393897,-3.0527,-2.0933,-3.0527,2.0933,-2.5967,-0.57,1.71,-0.274,-0.327,0.57,1.71,-0.274,0.056208648,0.57,-0.296,1.809,1.718,0.36357,1.13,-0.2897,-0.2622
25,0.43400000000000033,1.0,-0.016741654,-1.0,-1.0,-1.0,1.0,-1.0,-1.0,1.0,-1.0,-1.0,1.0,1.0,-1.0,-0.6238311,1.0,-1.0,1.0,1.0,-1.0,1.0,-1.0,-1.0,3.0527,0.18114813,-3.0527,-2.0933,-3.0527,2.0933,-2.7634,-0.57,1.71,-0.274,-0.327,0.57,1.71,-0.274,0.057632707,0.57,-0.296,1.809,1.718,0.36357,1.13,-0.2897,-0.2622
26,0.45200000000000035,1.0,-0.03641291,-1.0,-1.0,-1.0,1.0,-1.0,-1.0,1.0,-1.0,-1.0,1.0,1.0,-1.0,-0.6230267,1.0,-1.0,1.0,1.0,-1.0,1.0,-1.0,-1.0,3.0527,0.1750781,-3.0527,-2.0933,-3.0527,2.0933,-2.9301,-0.57,1.71,-0.274,-0.327,0.57,1.71,-0.274,0.05845517,0.57,-0.296,1.809,1.718,0.36357,1.13,-0.2897,-0.2622
27,0.46800000000000036,1.0,-0.044511862,-1.0,-1.0,-1.0,1.0,-1.0,-1.0,1.0,-1.0,-1.0,1.0,1.0,-1.0,-0.62025577,1.0,-1.0,1.0,1.0,-1.0,1.0,-1.0,-1.0,3.0527,0.16765797,-3.0527,-2.0933,-3.0527,2.0933,-3.0968,-0.57,1.71,-0.274,-0.327,0.57,1.71,-0.274,0.061288476,0.57,-0.296,1.809,1.718,0.36357,1.13,-0.2897,-0.2622
28,0.4840000000000004,1.0,-0.05226486,-1.0,-1.0,-1.0,1.0,-1.0,-1.0,1.0,-1.0,-1.0,1.0,1.0,-1.0,-0.6418824,1.0,-1.0,1.0,1.0,-1.0,1.0,-1.0,-1.0,3.0527,0.15894541,-3.0527,-2.0933,-3.0527,2.0933,-3.2635,-0.57,1.71,-0.274,-0.327,0.57,1.71,-0.274,0.039175227,0.57,-0.296,1.809,1.718,0.36357,1.13,-0.2897,-0.2622
29,0.5020000000000003,1.0,-0.06010087,-1.0,-1.0,-1.0,1.0,-1.0,-1.0,1.0,-1.0,-1.0,1.0,1.0,-1.0,-0.66835105,1.0,-1.0,1.0,1.0,-1.0,1.0,-1.0,-1.0,3.0527,0.1489266,-3.0527,-2.0933,-3.0527,2.0933,-3.4302,-0.57,1.71,-0.274,-0.327,0.57,1.71,-0.274,0.012111047,0.57,-0.296,1.809,1.718,0.36357,1.13,-0.2897,-0.2622
30,0.5180000000000003,1.0,-0.07269597,-1.0,-1.0,-1.0,1.0,-1.0,-1.0,1.0,-1.0,-1.0,1.0,1.0,-1.0,-0.68558055,1.0,-1.0,1.0,1.0,-1.0,1.0,-1.0,-1.0,3.0527,0.13680819,-3.0527,-2.0933,-3.0527,2.0933,-3.5969,-0.57,1.71,-0.274,-0.327,0.57,1.71,-0.274,-0.005506114,0.57,-0.296,1.809,1.718,0.36357,1.13,-0.2897,-0.2622
31,0.5340000000000004,1.0,-0.080923125,-1.0,-1.0,-1.0,1.0,-1.0,-1.0,1.0,-1.0,-1.0,1.0,1.0,-1.0,-0.691086,1.0,-1.0,1.0,1.0,-1.0,1.0,-1.0,-1.0,3.0527,0.1233183,-3.0527,-2.0933,-3.0527,2.0933,-3.7636,-0.57,1.71,-0.274,-0.327,0.57,1.71,-0.274,-0.011135429,0.57,-0.296,1.809,1.718,0.36357,1.13,-0.2897,-0.2622
32,0.5520000000000004,1.0,-0.0897885,-1.0,-1.0,-1.0,1.0,-1.0,-1.0,1.0,-1.0,-1.0,1.0,1.0,-1.0,-0.6924421,1.0,-1.0,1.0,1.0,-1.0,1.0,-1.0,-1.0,3.0527,0.10835056,-3.0527,-2.0933,-3.0527,2.0933,-3.9303,-0.57,1.71,-0.274,-0.327,0.57,1.71,-0.274,-0.012522067,0.57,-0.296,1.809,1.718,0.36357,1.13,-0.2897,-0.2622
33,0.5680000000000004,1.0,-0.09652707,-1.0,-1.0,-1.0,1.0,-1.0,-1.0,1.0,-1.0,-1.0,1.0,1.0,-1.0,-0.69089025,1.0,-1.0,1.0,1.0,-1.0,1.0,-1.0,-1.0,3.0527,0.0922595,-3.0527,-2.0933,-3.0527,2.0933,-4.097,-0.57,1.71,-0.274,-0.327,0.57,1.71,-0.274,-0.010935283,0.57,-0.296,1.809,1.718,0.36357,1.13,-0.2897,-0.2622
34,0.5840000000000004,1.0,-0.103256345,-1.0,-1.0,-1.0,1.0,-1.0,-1.0,1.0,-1.0,-1.0,1.0,1.0,-1.0,-0.69001675,1.0,-1.0,1.0,1.0,-1.0,1.0,-1.0,-1.0,3.0527,0.07504666,-3.0527,-2.0933,-3.0527,2.0933,-4.2637,-0.57,1.71,-0.274,-0.327,0.57,1.71,-0.274,-0.0100421235,0.57,-0.296,1.809,1.718,0.36357,1.13,-0.2897,-0.2622
35,0.6020000000000004,1.0,-0.10923792,-1.0,-1.0,-1.0,1.0,-1.0,-1.0,1.0,-1.0,-1.0,1.0,1.0,-1.0,-0.6902084,1.0,-1.0,1.0,1.0,-1.0,1.0,-1.0,-1.0,3.0527,0.056836702,-3.0527,-2.0933,-3.0527,2.0933,-4.4304,-0.57,1.71,-0.274,-0.327,0.57,1.71,-0.274,-0.0102380635,0.57,-0.296,1.809,1.718,0.36357,1.13,-0.2897,-0.2622
36,0.6180000000000004,1.0,-0.11291859,-1.0,-1.0,-1.0,1.0,-1.0,-1.0,1.0,-1.0,-1.0,1.0,1.0,-1.0,-0.6876144,1.0,-1.0,1.0,1.0,-1.0,1.0,-1.0,-1.0,3.0527,0.03801317,-3.0527,-2.0933,-3.0527,2.0933,-4.5971,-0.57,1.71,-0.274,-0.327,0.57,1.71,-0.274,-0.007585705,0.57,-0.296,1.809,1.718,0.36357,1.13,-0.2897,-0.2622
37,0.6340000000000005,1.0,-0.11376127,-1.0,-1.0,-1.0,1.0,-1.0,-1.0,1.0,-1.0,-1.0,1.0,1.0,-1.0,-0.6829734,1.0,-1.0,1.0,1.0,-1.0,1.0,-1.0,-1.0,3.0527,0.019049168,-3.0527,-2.0933,-3.0527,2.0933,-4.7638,-0.57,1.71,-0.274,-0.327,0.57,1.71,-0.274,-0.0028402861,0.57,-0.296,1.809,1.718,0.36357,1.13,-0.2897,-0.2622
38,0.6520000000000005,1.0,-0.11323152,-1.0,-1.0,-1.0,1.0,-1.0,-1.0,1.0,-1.0,-1.0,1.0,1.0,-1.0,-0.6778613,1.0,-1.0,1.0,1.0,-1.0,1.0,-1.0,-1.0,3.0527,0.00017347367,-3.0527,-2.0933,-3.0527,2.0933,-4.9305,-0.57,1.71,-0.274,-0.327,0.57,1.71,-0.274,0.002386848,0.57,-0.296,1.809,1.718,0.36357,1.13,-0.2897,-0.2622
39,0.6680000000000005,1.0,-0.11045756,-1.0,-1.0,-1.0,1.0,-1.0,-1.0,1.0,-1.0,-1.0,1.0,1.0,-1.0,-0.6697092,1.0,-1.0,1.0,1.0,-1.0,1.0,-1.0,-1.0,3.0527,-0.018239802,-3.0527,-2.0933,-3.0527,2.0933,-5.0972,-0.57,1.71,-0.274,-0.327,0.57,1.71,-0.274,0.010722337,0.57,-0.296,1.809,1.718,0.36357,1.13,-0.2897,-0.2622
40,0.6840000000000005,1.0,-0.11138811,-1.0,-1.0,-1.0,1.0,-1.0,-1.0,1.0,-1.0,-1.0,1.0,1.0,-1.0,-0.66486263,1.0,-1.0,1.0,1.0,-1.0,1.0,-1.0,-1.0,3.0527,-0.0368082,-3.0527,-2.0933,-3.0527,2.0933,-5.2639,-0.57,1.71,-0.274,-0.327,0.57,1.71,-0.274,0.015677959,0.57,-0.296,1.809,1.718,0.36357,1.13,-0.2897,-0.2622
41,0.7020000000000005,1.0,-0.102755606,-1.0,-1.0,-1.0,1.0,-1.0,-1.0,1.0,-1.0,-1.0,1.0,1.0,-1.0,-0.6555685,1.0,-1.0,1.0,1.0,-1.0,1.0,-1.0,-1.0,3.0527,-0.053937558,-3.0527,-2.0933,-3.0527,2.0933,-5.4306,-0.57,1.71,-0.274,-0.327,0.57,1.71,-0.274,0.025181228,0.57,-0.296,1.809,1.718,0.36357,1.13,-0.2897,-0.2622
42,0.7180000000000005,1.0,-0.09871803,-1.0,-1.0,-1.0,1.0,-1.0,-1.0,1.0,-1.0,-1.0,1.0,1.0,-1.0,-0.64989877,1.0,-1.0,1.0,1.0,-1.0,1.0,-1.0,-1.0,3.0527,-0.07039385,-3.0527,-2.0933,-3.0527,2.0933,-5.5973,-0.57,1.71,-0.274,-0.327,0.57,1.71,-0.274,0.03097851,0.57,-0.296,1.809,1.718,0.36357,1.13,-0.2897,-0.2622
43,0.7340000000000005,1.0,-0.09318806,-1.0,-1.0,-1.0,1.0,-1.0,-1.0,1.0,-1.0,-1.0,1.0,1.0,-1.0,-0.6427183,1.0,-1.0,1.0,1.0,-1.0,1.0,-1.0,-1.0,3.0527,-0.085928306,-3.0527,-2.0933,-3.0527,2.0933,-5.764,-0.57,1.71,-0.274,-0.327,0.57,1.71,-0.274,0.038320523,0.57,-0.296,1.809,1.718,0.36357,1.13,-0.2897,-0.2622
44,0.7520000000000006,1.0,-0.092700064,-1.0,-1.0,-1.0,1.0,-1.0,-1.0,1.0,-1.0,-1.0,1.0,1.0,-1.0,-0.6392442,1.0,-1.0,1.0,1.0,-1.0,1.0,-1.0,-1.0,3.0527,-0.101381406,-3.0527,-2.0933,-3.0527,2.0933,-5.9307,-0.57,1.71,-0.274,-0.327,0.57,1.71,-0.274,0.041872807,0.57,-0.296,1.809,1.718,0.36357,1.13,-0.2897,-0.2622
45,0.7680000000000006,1.0,-0.08742633,-1.0,-1.0,-1.0,1.0,-1.0,-1.0,1.0,-1.0,-1.0,1.0,1.0,-1.0,-0.6339533,1.0,-1.0,1.0,1.0,-1.0,1.0,-1.0,-1.0,3.0527,-0.115955375,-3.0527,-2.0933,-3.0527,2.0933,-6.0974,-0.57,1.71,-0.274,-0.327,0.57,1.71,-0.274,0.047282778,0.57,-0.296,1.809,1.718,0.36357,1.13,-0.2897,-0.2622
46,0.7840000000000006,1.0,-0.08275325,-1.0,-1.0,-1.0,1.0,-1.0,-1.0,1.0,-1.0,-1.0,1.0,1.0,-1.0,-0.628881,1.0,-1.0,1.0,1.0,-1.0,1.0,-1.0,-1.0,3.0527,-0.12975034,-3.0527,-2.0933,-3.0527,2.0933,-6.2641,-0.57,1.71,-0.274,-0.327,0.57,1.71,-0.274,0.0524692,0.57,-0.296,1.809,1.718,0.36357,1.13,-0.2897,-0.2622
47,0.8020000000000006,1.0,-0.07532782,-1.0,-1.0,-1.0,1.0,-1.0,-1.0,1.0,-1.0,-1.0,1.0,1.0,-1.0,-0.6235742,1.0,-1.0,1.0,1.0,-1.0,1.0,-1.0,-1.0,3.0527,-0.14230749,-3.0527,-2.0933,-3.0527,2.0933,-6.283,-0.57,1.71,-0.274,-0.327,0.57,1.71,-0.274,0.057895385,0.57,-0.296,1.809,1.718,0.36357,1.13,-0.2897,-0.2622
48,0.8180000000000006,1.0,-0.08270795,-1.0,-1.0,-1.0,1.0,-1.0,-1.0,1.0,-1.0,-1.0,1.0,1.0,-1.0,-0.6265877,1.0,-1.0,1.0,1.0,-1.0,1.0,-1.0,-1.0,3.0527,-0.15609491,-3.0527,-2.0933,-3.0527,2.0933,-6.283,-0.57,1.71,-0.274,-0.327,0.57,1.71,-0.274,0.05481409,0.57,-0.296,1.809,1.718,0.36357,1.13,-0.2897,-0.2622
49,0.8340000000000006,1.0,-0.08925328,-1.0,-1.0,-1.0,1.0,-1.0,-1.0,1.0,-1.0,-1.0,1.0,1.0,-1.0,-0.6300799,1.0,-1.0,1.0,1.0,-1.0,1.0,-1.0,-1.0,3.0527,-0.17097342,-3.0527,-2.0933,-3.0527,2.0933,-6.283,-0.57,1.71,-0.274,-0.327,0.57,1.71,-0.274,0.051243275,0.57,-0.296,1.809,1.718,0.36357,1.13,-0.2897,-0.2622
50,0.8520000000000006,1.0,-0.09676706,-1.0,-1.0,-1.0,1.0,-1.0,-1.0,1.0,-1.0,-1.0,1.0,1.0,-1.0,-0.6329365,1.0,-1.0,1.0,1.0,-1.0,1.0,-1.0,-1.0,3.0527,-0.1871045,-3.0527,-2.0933,-3.0527,2.0933,-6.283,-0.57,1.71,-0.274,-0.327,0.57,1.71,-0.274,0.04832245,0.57,-0.296,1.809,1.718,0.36357,1.13,-0.2897,-0.2622
51,0.8680000000000007,1.0,-0.10105189,-1.0,-1.0,-1.0,1.0,-1.0,-1.0,1.0,-1.0,-1.0,1.0,1.0,-1.0,-0.6346745,1.0,-1.0,1.0,1.0,-1.0,1.0,-1.0,-1.0,3.0527,-0.20394984,-3.0527,-2.0933,-3.0527,2.0933,-6.283,-0.57,1.71,-0.274,-0.327,0.57,1.71,-0.274,0.046545334,0.57,-0.296,1.809,1.718,0.36357,1.13,-0.2897,-0.2622
52,0.8840000000000007,1.0,-0.10032548,-1.0,-1.0,-1.0,1.0,-1.0,-1.0,1.0,-1.0,-1.0,1.0,1.0,-1.0,-0.6345969,1.0,-1.0,1.0,1.0,-1.0,1.0,-1.0,-1.0,3.0527,-0.2206741,-3.0527,-2.0933,-3.0527,2.0933,-6.283,-0.57,1.71,-0.274,-0.327,0.57,1.71,-0.274,0.046624687,0.57,-0.296,1.809,1.718,0.36357,1.13,-0.2897,-0.2622
53,0.9020000000000007,1.0,-0.09800541,-1.0,-1.0,-1.0,1.0,-1.0,-1.0,1.0,-1.0,-1.0,1.0,1.0,-1.0,-0.6342805,1.0,-1.0,1.0,1.0,-1.0,1.0,-1.0,-1.0,3.0527,-0.2370116,-3.0527,-2.0933,-3.0527,2.0933,-6.283,-0.57,1.71,-0.274,-0.327,0.57,1.71,-0.274,0.046948187,0.57,-0.296,1.809,1.718,0.36357,1.13,-0.2897,-0.2622
54,0.9180000000000007,1.0,-0.09469839,-1.0,-1.0,-1.0,1.0,-1.0,-1.0,1.0,-1.0,-1.0,1.0,1.0,-1.0,-0.6338863,1.0,-1.0,1.0,1.0,-1.0,1.0,-1.0,-1.0,3.0527,-0.2527978,-3.0527,-2.0933,-3.0527,2.0933,-6.283,-0.57,1.71,-0.274,-0.327,0.57,1.71,-0.274,0.047351282,0.57,-0.296,1.809,1.718,0.36357,1.13,-0.2897,-0.2622
55,0.9340000000000007,1.0,-0.091548316,-1.0,-1.0,-1.0,1.0,-1.0,-1.0,1.0,-1.0,-1.0,1.0,1.0,-1.0,-0.6338077,1.0,-1.0,1.0,1.0,-1.0,1.0,-1.0,-1.0,3.0527,-0.26805893,-3.0527,-2.0933,-3.0527,2.0933,-6.283,-0.57,1.71,-0.274,-0.327,0.57,1.71,-0.274,0.047431607,0.57,-0.296,1.809,1.718,0.36357,1.13,-0.2897,-0.2622
56,0.9520000000000007,1.0,-0.08983043,-1.0,-1.0,-1.0,1.0,-1.0,-1.0,1.0,-1.0,-1.0,1.0,1.0,-1.0,-0.6336468,1.0,-1.0,1.0,1.0,-1.0,1.0,-1.0,-1.0,3.0527,-0.28303367,-3.0527,-2.0933,-3.0527,2.0933,-6.283,-0.57,1.71,-0.274,-0.327,0.57,1.71,-0.274,0.04759616,0.57,-0.296,1.809,1.718,0.36357,1.13,-0.2897,-0.2622
57,0.9680000000000007,1.0,-0.08890341,-1.0,-1.0,-1.0,1.0,-1.0,-1.0,1.0,-1.0,-1.0,1.0,1.0,-1.0,-0.63342285,1.0,-1.0,1.0,1.0,-1.0,1.0,-1.0,-1.0,3.0527,-0.29785386,-3.0527,-2.0933,-3.0527,2.0933,-6.283,-0.57,1.71,-0.274,-0.327,0.57,1.71,-0.274,0.047825135,0.57,-0.296,1.809,1.718,0.36357,1.13,-0.2897,-0.2622
58,0.9840000000000008,1.0,-0.08827671,-1.0,-1.0,-1.0,1.0,-1.0,-1.0,1.0,-1.0,-1.0,1.0,1.0,-1.0,-0.6331016,1.0,-1.0,1.0,1.0,-1.0,1.0,-1.0,-1.0,3.0527,-0.3125696,-3.0527,-2.0933,-3.0527,2.0933,-6.283,-0.57,1.71,-0.274,-0.327,0.57,1.71,-0.274,0.04815363,0.57,-0.296,1.809,1.718,0.36357,1.13,-0.2897,-0.2622
59,1.0020000000000007,1.0,-0.08790283,-1.0,-1.0,-1.0,1.0,-1.0,-1.0,1.0,-1.0,-1.0,1.0,1.0,-1.0,-0.63272256,1.0,-1.0,1.0,1.0,-1.0,1.0,-1.0,-1.0,3.0527,-0.327223,-3.0527,-2.0933,-3.0527,2.0933,-6.283,-0.57,1.71,-0.274,-0.327,0.57,1.71,-0.274,0.048541185,0.57,-0.296,1.809,1.718,0.36357,1.13,-0.2897,-0.2622
60,1.0180000000000007,1.0,-0.07945804,-1.0,-1.0,-1.0,1.0,-1.0,-1.0,1.0,-1.0,-1.0,1.0,1.0,-1.0,-0.628897,1.0,-1.0,1.0,1.0,-1.0,1.0,-1.0,-1.0,3.0527,-0.34046865,-3.0527,-2.0933,-3.0527,2.0933,-6.283,-0.57,1.71,-0.274,-0.327,0.57,1.71,-0.274,0.052452806,0.57,-0.296,1.809,1.718,0.36357,1.13,-0.2897,-0.2622
61,1.0340000000000007,1.0,-0.08417264,-1.0,-1.0,-1.0,1.0,-1.0,-1.0,1.0,-1.0,-1.0,1.0,1.0,-1.0,-0.6330281,1.0,-1.0,1.0,1.0,-1.0,1.0,-1.0,-1.0,3.0527,-0.35450023,-3.0527,-2.0933,-3.0527,2.0933,-6.283,-0.57,1.71,-0.274,-0.327,0.57,1.71,-0.274,0.048228778,0.57,-0.296,1.809,1.718,0.36357,1.13,-0.2897,-0.2622
62,1.0520000000000007,1.0,-0.08608353,-1.0,-1.0,-1.0,1.0,-1.0,-1.0,1.0,-1.0,-1.0,1.0,1.0,-1.0,-0.63332623,1.0,-1.0,1.0,1.0,-1.0,1.0,-1.0,-1.0,3.0527,-0.36885035,-3.0527,-2.0933,-3.0527,2.0933,-6.283,-0.57,1.71,-0.274,-0.327,0.57,1.71,-0.274,0.047923926,0.57,-0.296,1.809,1.718,0.36357,1.13,-0.2897,-0.2622
63,1.0680000000000007,1.0,-0.08552988,-1.0,-1.0,-1.0,1.0,-1.0,-1.0,1.0,-1.0,-1.0,1.0,1.0,-1.0,-0.63207966,1.0,-1.0,1.0,1.0,-1.0,1.0,-1.0,-1.0,3.0527,-0.38310817,-3.0527,-2.0933,-3.0527,2.0933,-6.283,-0.57,1.71,-0.274,-0.327,0.57,1.71,-0.274,0.049198546,0.57,-0.296,1.809,1.718,0.36357,1.13,-0.2897,-0.2622
64,1.0840000000000007,1.0,-0.08484488,-1.0,-1.0,-1.0,1.0,-1.0,-1.0,1.0,-1.0,-1.0,1.0,1.0,-1.0,-0.63086635,1.0,-1.0,1.0,1.0,-1.0,1.0,-1.0,-1.0,3.0527,-0.3972518,-3.0527,-2.0933,-3.0527,2.0933,-6.283,-0.57,1.71,-0.274,-0.327,0.57,1.71,-0.274,0.050439157,0.57,-0.296,1.809,1.718,0.36357,1.13,-0.2897,-0.2622
65,1.1020000000000008,1.0,-0.08419488,-1.0,-1.0,-1.0,1.0,-1.0,-1.0,1.0,-1.0,-1.0,1.0,1.0,-1.0,-0.62975085,1.0,-1.0,1.0,1.0,-1.0,1.0,-1.0,-1.0,3.0527,-0.4112871,-3.0527,-2.0933,-3.0527,2.0933,-6.283,-0.57,1.71,-0.274,-0.327,0.57,1.71,-0.274,0.05157976,0.57,-0.296,1.809,1.718,0.36357,1.13,-0.2897,-0.2622
66,1.1180000000000008,1.0,-0.083429545,-1.0,-1.0,-1.0,1.0,-1.0,-1.0,1.0,-1.0,-1.0,1.0,1.0,-1.0,-0.6286377,1.0,-1.0,1.0,1.0,-1.0,1.0,-1.0,-1.0,3.0527,-0.4251948,-3.0527,-2.0933,-3.0527,2.0933,-6.283,-0.57,1.71,-0.274,-0.327,0.57,1.71,-0.274,0.05271798,0.57,-0.296,1.809,1.718,0.36357,1.13,-0.2897,-0.2622
67,1.1340000000000008,1.0,-0.08270015,-1.0,-1.0,-1.0,1.0,-1.0,-1.0,1.0,-1.0,-1.0,1.0,1.0,-1.0,-0.6275594,1.0,-1.0,1.0,1.0,-1.0,1.0,-1.0,-1.0,3.0527,-0.43898094,-3.0527,-2.0933,-3.0527,2.0933,-6.283,-0.57,1.71,-0.274,-0.327,0.57,1.71,-0.274,0.05382049,0.57,-0.296,1.809,1.718,0.36357,1.13,-0.2897,-0.2622
68,1.1520000000000008,1.0,-0.08191109,-1.0,-1.0,-1.0,1.0,-1.0,-1.0,1.0,-1.0,-1.0,1.0,1.0,-1.0,-0.6264632,1.0,-1.0,1.0,1.0,-1.0,1.0,-1.0,-1.0,3.0527,-0.4526355,-3.0527,-2.0933,-3.0527,2.0933,-6.283,-0.57,1.71,-0.274,-0.327,0.57,1.71,-0.274,0.054941405,0.57,-0.296,1.809,1.718,0.36357,1.13,-0.2897,-0.2622
69,1.1680000000000008,1.0,-0.08106646,-1.0,-1.0,-1.0,1.0,-1.0,-1.0,1.0,-1.0,-1.0,1.0,1.0,-1.0,-0.62536174,1.0,-1.0,1.0,1.0,-1.0,1.0,-1.0,-1.0,3.0527,-0.4661493,-3.0527,-2.0933,-3.0527,2.0933,-6.283,-0.57,1.71,-0.274,-0.327,0.57,1.71,-0.274,0.05606762,0.57,-0.296,1.809,1.718,0.36357,1.13,-0.2897,-0.2622
70,1.1840000000000008,1.0,-0.08028554,-1.0,-1.0,-1.0,1.0,-1.0,-1.0,1.0,-1.0,-1.0,1.0,1.0,-1.0,-0.62427324,1.0,-1.0,1.0,1.0,-1.0,1.0,-1.0,-1.0,3.0527,-0.4795329,-3.0527,-2.0933,-3.0527,2.0933,-6.283,-0.57,1.71,-0.274,-0.327,0.57,1.71,-0.274,0.057180613,0.57,-0.296,1.809,1.718,0.36357,1.13,-0.2897,-0.2622
71,1.2020000000000008,1.0,-0.07946323,-1.0,-1.0,-1.0,1.0,-1.0,-1.0,1.0,-1.0,-1.0,1.0,1.0,-1.0,-0.6231726,1.0,-1.0,1.0,1.0,-1.0,1.0,-1.0,-1.0,3.0527,-0.4927794,-3.0527,-2.0933,-3.0527,2.0933,-6.283,-0.57,1.71,-0.274,-0.327,0.57,1.71,-0.274,0.058306035,0.57,-0.296,1.809,1.718,0.36357,1.13,-0.2897,-0.2622
72,1.2180000000000009,1.0,-0.07854305,-1.0,-1.0,-1.0,1.0,-1.0,-1.0,1.0,-1.0,-1.0,1.0,1.0,-1.0,-0.6220936,1.0,-1.0,1.0,1.0,-1.0,1.0,-1.0,-1.0,3.0527,-0.50587255,-3.0527,-2.0933,-3.0527,2.0933,-6.283,-0.57,1.71,-0.274,-0.327,0.57,1.71,-0.274,0.059409276,0.57,-0.296,1.809,1.718,0.36357,1.13,-0.2897,-0.2622
73,1.2340000000000009,1.0,-0.07758369,-1.0,-1.0,-1.0,1.0,-1.0,-1.0,1.0,-1.0,-1.0,1.0,1.0,-1.0,-0.6209504,1.0,-1.0,1.0,1.0,-1.0,1.0,-1.0,-1.0,3.0527,-0.51880574,-3.0527,-2.0933,-3.0527,2.0933,-6.283,-0.57,1.71,-0.274,-0.327,0.57,1.71,-0.274,0.060578216,0.57,-0.296,1.809,1.718,0.36357,1.13,-0.2897,-0.2622
74,1.252000000000001,1.0,-0.07657887,-1.0,-1.0,-1.0,1.0,-1.0,-1.0,1.0,-1.0,-1.0,1.0,1.0,-1.0,-0.6198415,1.0,-1.0,1.0,1.0,-1.0,1.0,-1.0,-1.0,3.0527,-0.53157145,-3.0527,-2.0933,-3.0527,2.0933,-6.283,-0.57,1.71,-0.274,-0.327,0.57,1.71,-0.274,0.06171205,0.57,-0.296,1.809,1.718,0.36357,1.13,-0.2897,-0.2622
75,1.268000000000001,1.0,-0.0754653,-1.0,-1.0,-1.0,1.0,-1.0,-1.0,1.0,-1.0,-1.0,1.0,1.0,-1.0,-0.6187867,1.0,-1.0,1.0,1.0,-1.0,1.0,-1.0,-1.0,3.0527,-0.5441515,-3.0527,-2.0933,-3.0527,2.0933,-6.283,-0.57,1.71,-0.274,-0.327,0.57,1.71,-0.274,0.06279061,0.57,-0.296,1.809,1.718,0.36357,1.13,-0.2897,-0.2622
76,1.284000000000001,1.0,-0.074419394,-1.0,-1.0,-1.0,1.0,-1.0,-1.0,1.0,-1.0,-1.0,1.0,1.0,-1.0,-0.61777776,1.0,-1.0,1.0,1.0,-1.0,1.0,-1.0,-1.0,3.0527,-0.55655724,-3.0527,-2.0933,-3.0527,2.0933,-6.283,-0.57,1.71,-0.274,-0.327,0.57,1.71,-0.274,0.06382223,0.57,-0.296,1.809,1.718,0.36357,1.13,-0.2897,-0.2622
77,1.302000000000001,1.0,-0.0742163,-1.0,-1.0,-1.0,1.0,-1.0,-1.0,1.0,-1.0,-1.0,1.0,1.0,-1.0,-0.61711794,1.0,-1.0,1.0,1.0,-1.0,1.0,-1.0,-1.0,3.0527,-0.5689291,-3.0527,-2.0933,-3.0527,2.0933,-6.283,-0.57,1.71,-0.274,-0.327,0.57,1.71,-0.274,0.064496905,0.57,-0.296,1.809,1.718,0.36357,1.13,-0.2897,-0.2622
78,1.318000000000001,1.0,-0.07323474,-1.0,-1.0,-1.0,1.0,-1.0,-1.0,1.0,-1.0,-1.0,1.0,1.0,-1.0,-0.61611265,1.0,-1.0,1.0,1.0,-1.0,1.0,-1.0,-1.0,3.0527,-0.5811373,-3.0527,-2.0933,-3.0527,2.0933,-6.283,-0.57,1.71,-0.274,-0.327,0.57,1.71,-0.274,0.06552482,0.57,-0.296,1.809,1.718,0.36357,1.13,-0.2897,-0.2622
79,1.334000000000001,1.0,-0.07191723,-1.0,-1.0,-1.0,1.0,-1.0,-1.0,1.0,-1.0,-1.0,1.0,1.0,-1.0,-0.61513215,1.0,-1.0,1.0,1.0,-1.0,1.0,-1.0,-1.0,3.0527,-0.5931259,-3.0527,-2.0933,-3.0527,2.0933,-6.283,-0.57,1.71,-0.274,-0.327,0.57,1.71,-0.274,0.066527374,0.57,-0.296,1.809,1.718,0.36357,1.13,-0.2897,-0.2622
80,1.352000000000001,1.0,-0.0705133,-1.0,-1.0,-1.0,1.0,-1.0,-1.0,1.0,-1.0,-1.0,1.0,1.0,-1.0,-0.6142186,1.0,-1.0,1.0,1.0,-1.0,1.0,-1.0,-1.0,3.0527,-0.60488045,-3.0527,-2.0933,-3.0527,2.0933,-6.283,-0.57,1.71,-0.274,-0.327,0.57,1.71,-0.274,0.06746149,0.57,-0.296,1.809,1.718,0.36357,1.13,-0.2897,-0.2622
81,1.368000000000001,1.0,-0.06909793,-1.0,-1.0,-1.0,1.0,-1.0,-1.0,1.0,-1.0,-1.0,1.0,1.0,-1.0,-0.6133886,1.0,-1.0,1.0,1.0,-1.0,1.0,-1.0,-1.0,3.0527,-0.6163991,-3.0527,-2.0933,-3.0527,2.0933,-6.283,-0.57,1.71,-0.274,-0.327,0.57,1.71,-0.274,0.06831016,0.57,-0.296,1.809,1.718,0.36357,1.13,-0.2897,-0.2622
82,1.384000000000001,1.0,-0.06784334,-1.0,-1.0,-1.0,1.0,-1.0,-1.0,1.0,-1.0,-1.0,1.0,1.0,-1.0,-0.6125836,1.0,-1.0,1.0,1.0,-1.0,1.0,-1.0,-1.0,3.0527,-0.62770855,-3.0527,-2.0933,-3.0527,2.0933,-6.283,-0.57,1.71,-0.274,-0.327,0.57,1.71,-0.274,0.06913329,0.57,-0.296,1.809,1.718,0.36357,1.13,-0.2897,-0.2622
83,1.402000000000001,1.0,-0.066666916,-1.0,-1.0,-1.0,1.0,-1.0,-1.0,1.0,-1.0,-1.0,1.0,1.0,-1.0,-0.61179435,1.0,-1.0,1.0,1.0,-1.0,1.0,-1.0,-1.0,3.0527,-0.63882196,-3.0527,-2.0933,-3.0527,2.0933,-6.283,-0.57,1.71,-0.274,-0.327,0.57,1.71,-0.274,0.06994028,0.57,-0.296,1.809,1.718,0.36357,1.13,-0.2897,-0.2622
84,1.418000000000001,1.0,-0.065477535,-1.0,-1.0,-1.0,1.0,-1.0,-1.0,1.0,-1.0,-1.0,1.0,1.0,-1.0,-0.61102766,1.0,-1.0,1.0,1.0,-1.0,1.0,-1.0,-1.0,3.0527,-0.64973706,-3.0527,-2.0933,-3.0527,2.0933,-6.283,-0.57,1.71,-0.274,-0.327,0.57,1.71,-0.274,0.07072422,0.57,-0.296,1.809,1.718,0.36357,1.13,-0.2897,-0.2622
85,1.434000000000001,1.0,-0.06434863,-1.0,-1.0,-1.0,1.0,-1.0,-1.0,1.0,-1.0,-1.0,1.0,1.0,-1.0,-0.6102398,1.0,-1.0,1.0,1.0,-1.0,1.0,-1.0,-1.0,3.0527,-0.660464,-3.0527,-2.0933,-3.0527,2.0933,-6.283,-0.57,1.71,-0.274,-0.327,0.57,1.71,-0.274,0.0715298,0.57,-0.296,1.809,1.718,0.36357,1.13,-0.2897,-0.2622
86,1.452000000000001,1.0,-0.06318928,-1.0,-1.0,-1.0,1.0,-1.0,-1.0,1.0,-1.0,-1.0,1.0,1.0,-1.0,-0.60941505,1.0,-1.0,1.0,1.0,-1.0,1.0,-1.0,-1.0,3.0527,-0.6709976,-3.0527,-2.0933,-3.0527,2.0933,-6.283,-0.57,1.71,-0.274,-0.327,0.57,1.71,-0.274,0.07237311,0.57,-0.296,1.809,1.718,0.36357,1.13,-0.2897,-0.2622
87,1.468000000000001,1.0,-0.061970726,-1.0,-1.0,-1.0,1.0,-1.0,-1.0,1.0,-1.0,-1.0,1.0,1.0,-1.0,-0.60858554,1.0,-1.0,1.0,1.0,-1.0,1.0,-1.0,-1.0,3.0527,-0.6813281,-3.0527,-2.0933,-3.0527,2.0933,-6.283,-0.57,1.71,-0.274,-0.327,0.57,1.71,-0.274,0.07322129,0.57,-0.296,1.809,1.718,0.36357,1.13,-0.2897,-0.2622
88,1.484000000000001,1.0,-0.060747355,-1.0,-1.0,-1.0,1.0,-1.0,-1.0,1.0,-1.0,-1.0,1.0,1.0,-1.0,-0.6077012,1.0,-1.0,1.0,1.0,-1.0,1.0,-1.0,-1.0,3.0527,-0.6914547,-3.0527,-2.0933,-3.0527,2.0933,-6.283,-0.57,1.71,-0.274,-0.327,0.57,1.71,-0.274,0.07412554,0.57,-0.296,1.809,1.718,0.36357,1.13,-0.2897,-0.2622
89,1.5020000000000011,1.0,-0.059467405,-1.0,-1.0,-1.0,1.0,-1.0,-1.0,1.0,-1.0,-1.0,1.0,1.0,-1.0,-0.6067597,1.0,-1.0,1.0,1.0,-1.0,1.0,-1.0,-1.0,3.0527,-0.701368,-3.0527,-2.0933,-3.0527,2.0933,-6.283,-0.57,1.71,-0.274,-0.327,0.57,1.71,-0.274,0.07508818,0.57,-0.296,1.809,1.718,0.36357,1.13,-0.2897,-0.2622
90,1.5180000000000011,1.0,-0.058075733,-1.0,-1.0,-1.0,1.0,-1.0,-1.0,1.0,-1.0,-1.0,1.0,1.0,-1.0,-0.6057574,1.0,-1.0,1.0,1.0,-1.0,1.0,-1.0,-1.0,3.0527,-0.7110492,-3.0527,-2.0933,-3.0527,2.0933,-6.283,-0.57,1.71,-0.274,-0.327,0.57,1.71,-0.274,0.076113045,0.57,-0.296,1.809,1.718,0.36357,1.13,-0.2897,-0.2622
91,1.5340000000000011,1.0,-0.056734897,-1.0,-1.0,-1.0,1.0,-1.0,-1.0,1.0,-1.0,-1.0,1.0,1.0,-1.0,-0.6047003,1.0,-1.0,1.0,1.0,-1.0,1.0,-1.0,-1.0,3.0527,-0.7205069,-3.0527,-2.0933,-3.0527,2.0933,-6.283,-0.57,1.71,-0.274,-0.327,0.57,1.71,-0.274,0.077193916,0.57,-0.296,1.809,1.718,0.36357,1.13,-0.2897,-0.2622
92,1.5520000000000012,1.0,-0.055376798,-1.0,-1.0,-1.0,1.0,-1.0,-1.0,1.0,-1.0,-1.0,1.0,1.0,-1.0,-0.6035504,1.0,-1.0,1.0,1.0,-1.0,1.0,-1.0,-1.0,3.0527,-0.7297382,-3.0527,-2.0933,-3.0527,2.0933,-6.283,-0.57,1.71,-0.274,-0.327,0.57,1.71,-0.274,0.078369744,0.57,-0.296,1.809,1.718,0.36357,1.13,-0.2897,-0.2622
93,1.5680000000000012,1.0,-0.05398178,-1.0,-1.0,-1.0,1.0,-1.0,-1.0,1.0,-1.0,-1.0,1.0,1.0,-1.0,-0.60232824,1.0,-1.0,1.0,1.0,-1.0,1.0,-1.0,-1.0,3.0527,-0.7387369,-3.0527,-2.0933,-3.0527,2.0933,-6.283,-0.57,1.71,-0.274,-0.327,0.57,1.71,-0.274,0.07961937,0.57,-0.296,1.809,1.718,0.36357,1.13,-0.2897,-0.2622
94,1.5840000000000012,1.0,-0.052643836,-1.0,-1.0,-1.0,1.0,-1.0,-1.0,1.0,-1.0,-1.0,1.0,1.0,-1.0,-0.60102147,1.0,-1.0,1.0,1.0,-1.0,1.0,-1.0,-1.0,3.0527,-0.7475127,-3.0527,-2.0933,-3.0527,2.0933,-6.283,-0.57,1.71,-0.274,-0.327,0.57,1.71,-0.274,0.08095555,0.57,-0.296,1.809,1.718,0.36357,1.13,-0.2897,-0.2622
95,1.6020000000000012,1.0,-0.051289998,-1.0,-1.0,-1.0,1.0,-1.0,-1.0,1.0,-1.0,-1.0,1.0,1.0,-1.0,-0.5996011,1.0,-1.0,1.0,1.0,-1.0,1.0,-1.0,-1.0,3.0527,-0.75606275,-3.0527,-2.0933,-3.0527,2.0933,-6.283,-0.57,1.71,-0.274,-0.327,0.57,1.71,-0.274,0.082407884,0.57,-0.296,1.809,1.718,0.36357,1.13,-0.2897,-0.2622
96,1.6180000000000012,1.0,-0.04993827,-1.0,-1.0,-1.0,1.0,-1.0,-1.0,1.0,-1.0,-1.0,1.0,1.0,-1.0,-0.598091,1.0,-1.0,1.0,1.0,-1.0,1.0,-1.0,-1.0,3.0527,-0.7643874,-3.0527,-2.0933,-3.0527,2.0933,-6.283,-0.57,1.71,-0.274,-0.327,0.57,1.71,-0.274,0.08395194,0.57,-0.296,1.809,1.718,0.36357,1.13,-0.2897,-0.2622
97,1.6340000000000012,1.0,-0.048673958,-1.0,-1.0,-1.0,1.0,-1.0,-1.0,1.0,-1.0,-1.0,1.0,1.0,-1.0,-0.59650195,1.0,-1.0,1.0,1.0,-1.0,1.0,-1.0,-1.0,3.0527,-0.7725014,-3.0527,-2.0933,-3.0527,2.0933,-6.283,-0.57,1.71,-0.274,-0.327,0.57,1.71,-0.274,0.08557676,0.57,-0.296,1.809,1.718,0.36357,1.13,-0.2897,-0.2622
98,1.6520000000000012,1.0,-0.0474414,-1.0,-1.0,-1.0,1.0,-1.0,-1.0,1.0,-1.0,-1.0,1.0,1.0,-1.0,-0.5948045,1.0,-1.0,1.0,1.0,-1.0,1.0,-1.0,-1.0,3.0527,-0.7804099,-3.0527,-2.0933,-3.0527,2.0933,-6.283,-0.57,1.71,-0.274,-0.327,0.57,1.71,-0.274,0.08731237,0.57,-0.296,1.809,1.718,0.36357,1.13,-0.2897,-0.2622
99,1.6680000000000013,1.0,-0.04623665,-1.0,-1.0,-1.0,1.0,-1.0,-1.0,1.0,-1.0,-1.0,1.0,1.0,-1.0,-0.5930567,1.0,-1.0,1.0,1.0,-1.0,1.0,-1.0,-1.0,3.0527,-0.7881175,-3.0527,-2.0933,-3.0527,2.0933,-6.283,-0.57,1.71,-0.274,-0.327,0.57,1.71,-0.274,0.08909955,0.57,-0.296,1.809,1.718,0.36357,1.13,-0.2897,-0.2622
100,1.6840000000000013,1.0,-0.0451928,-1.0,-1.0,-1.0,1.0,-1.0,-1.0,1.0,-1.0,-1.0,1.0,1.0,-1.0,-0.5913194,1.0,-1.0,1.0,1.0,-1.0,1.0,-1.0,-1.0,3.0527,-0.79565114,-3.0527,-2.0933,-3.0527,2.0933,-6.283,-0.57,1.71,-0.274,-0.327,0.57,1.71,-0.274,0.09087593,0.57,-0.296,1.809,1.718,0.36357,1.13,-0.2897,-0.2622
101,1.7020000000000013,1.0,-0.044314146,-1.0,-1.0,-1.0,1.0,-1.0,-1.0,1.0,-1.0,-1.0,1.0,1.0,-1.0,-0.5896124,1.0,-1.0,1.0,1.0,-1.0,1.0,-1.0,-1.0,3.0527,-0.8030383,-3.0527,-2.0933,-3.0527,2.0933,-6.283,-0.57,1.71,-0.274,-0.327,0.57,1.71,-0.274,0.0926213,0.57,-0.296,1.809,1.718,0.36357,1.13,-0.2897,-0.2622
102,1.7180000000000013,1.0,-0.04360716,-1.0,-1.0,-1.0,1.0,-1.0,-1.0,1.0,-1.0,-1.0,1.0,1.0,-1.0,-0.58796686,1.0,-1.0,1.0,1.0,-1.0,1.0,-1.0,-1.0,3.0527,-0.8103076,-3.0527,-2.0933,-3.0527,2.0933,-6.283,-0.57,1.71,-0.274,-0.327,0.57,1.71,-0.274,0.09430388,0.57,-0.296,1.809,1.718,0.36357,1.13,-0.2897,-0.2622
103,1.7340000000000013,1.0,-0.04309971,-1.0,-1.0,-1.0,1.0,-1.0,-1.0,1.0,-1.0,-1.0,1.0,1.0,-1.0,-0.58643174,1.0,-1.0,1.0,1.0,-1.0,1.0,-1.0,-1.0,3.0527,-0.81749237,-3.0527,-2.0933,-3.0527,2.0933,-6.283,-0.57,1.71,-0.274,-0.327,0.57,1.71,-0.274,0.09587354,0.57,-0.296,1.809,1.718,0.36357,1.13,-0.2897,-0.2622
104,1.7520000000000013,1.0,-0.04280842,-1.0,-1.0,-1.0,1.0,-1.0,-1.0,1.0,-1.0,-1.0,1.0,1.0,-1.0,-0.58504635,1.0,-1.0,1.0,1.0,-1.0,1.0,-1.0,-1.0,3.0527,-0.82462853,-3.0527,-2.0933,-3.0527,2.0933,-6.283,-0.57,1.71,-0.274,-0.327,0.57,1.71,-0.274,0.097290106,0.57,-0.296,1.809,1.718,0.36357,1.13,-0.2897,-0.2622
105,1.7680000000000013,1.0,-0.042762652,-1.0,-1.0,-1.0,1.0,-1.0,-1.0,1.0,-1.0,-1.0,1.0,1.0,-1.0,-0.5838463,1.0,-1.0,1.0,1.0,-1.0,1.0,-1.0,-1.0,3.0527,-0.83175707,-3.0527,-2.0933,-3.0527,2.0933,-6.283,-0.57,1.71,-0.274,-0.327,0.57,1.71,-0.274,0.09851719,0.57,-0.296,1.809,1.718,0.36357,1.13,-0.2897,-0.2622
106,1.7840000000000014,1.0,-0.043008365,-1.0,-1.0,-1.0,1.0,-1.0,-1.0,1.0,-1.0,-1.0,1.0,1.0,-1.0,-0.58288974,1.0,-1.0,1.0,1.0,-1.0,1.0,-1.0,-1.0,3.0527,-0.83892655,-3.0527,-2.0933,-3.0527,2.0933,-6.283,-0.57,1.71,-0.274,-0.327,0.57,1.71,-0.274,0.09949525,0.57,-0.296,1.809,1.718,0.36357,1.13,-0.2897,-0.2622
107,1.8020000000000014,1.0,-0.043660678,-1.0,-1.0,-1.0,1.0,-1.0,-1.0,1.0,-1.0,-1.0,1.0,1.0,-1.0,-0.5822441,1.0,-1.0,1.0,1.0,-1.0,1.0,-1.0,-1.0,3.0527,-0.84620476,-3.0527,-2.0933,-3.0527,2.0933,-6.283,-0.57,1.71,-0.274,-0.327,0.57,1.71,-0.274,0.10015541,0.57,-0.296,1.809,1.718,0.36357,1.13,-0.2897,-0.2622
108,1.8180000000000014,1.0,-0.04495751,-1.0,-1.0,-1.0,1.0,-1.0,-1.0,1.0,-1.0,-1.0,1.0,1.0,-1.0,-0.5820405,1.0,-1.0,1.0,1.0,-1.0,1.0,-1.0,-1.0,3.0527,-0.8536992,-3.0527,-2.0933,-3.0527,2.0933,-6.283,-0.57,1.71,-0.274,-0.327,0.57,1.71,-0.274,0.1003636,0.57,-0.296,1.809,1.718,0.36357,1.13,-0.2897,-0.2622
109,1.8340000000000014,1.0,-0.04691901,-1.0,-1.0,-1.0,1.0,-1.0,-1.0,1.0,-1.0,-1.0,1.0,1.0,-1.0,-0.58229196,1.0,-1.0,1.0,1.0,-1.0,1.0,-1.0,-1.0,3.0527,-0.8615206,-3.0527,-2.0933,-3.0527,2.0933,-6.283,-0.57,1.71,-0.274,-0.327,0.57,1.71,-0.274,0.10010647,0.57,-0.296,1.809,1.718,0.36357,1.13,-0.2897,-0.2622
110,1.8520000000000014,1.0,-0.049798205,-1.0,-1.0,-1.0,1.0,-1.0,-1.0,1.0,-1.0,-1.0,1.0,1.0,-1.0,-0.5831045,1.0,-1.0,1.0,1.0,-1.0,1.0,-1.0,-1.0,3.0527,-0.86982197,-3.0527,-2.0933,-3.0527,2.0933,-6.283,-0.57,1.71,-0.274,-0.327,0.57,1.71,-0.274,0.099275656,0.57,-0.296,1.809,1.718,0.36357,1.13,-0.2897,-0.2622
111,1.8680000000000014,1.0,-0.053735197,-1.0,-1.0,-1.0,1.0,-1.0,-1.0,1.0,-1.0,-1.0,1.0,1.0,-1.0,-0.58450705,1.0,-1.0,1.0,1.0,-1.0,1.0,-1.0,-1.0,3.0527,-0.8787796,-3.0527,-2.0933,-3.0527,2.0933,-6.283,-0.57,1.71,-0.274,-0.327,0.57,1.71,-0.274,0.097841546,0.57,-0.296,1.809,1.718,0.36357,1.13,-0.2897,-0.2622
112,1.8840000000000015,1.0,-0.058569163,-1.0,-1.0,-1.0,1.0,-1.0,-1.0,1.0,-1.0,-1.0,1.0,1.0,-1.0,-0.5863914,1.0,-1.0,1.0,1.0,-1.0,1.0,-1.0,-1.0,3.0527,-0.88854307,-3.0527,-2.0933,-3.0527,2.0933,-6.283,-0.57,1.71,-0.274,-0.327,0.57,1.71,-0.274,0.0959148,0.57,-0.296,1.809,1.718,0.36357,1.13,-0.2897,-0.2622
113,1.9020000000000015,1.0,-0.06394773,-1.0,-1.0,-1.0,1.0,-1.0,-1.0,1.0,-1.0,-1.0,1.0,1.0,-1.0,-0.5885293,1.0,-1.0,1.0,1.0,-1.0,1.0,-1.0,-1.0,3.0527,-0.8992032,-3.0527,-2.0933,-3.0527,2.0933,-6.283,-0.57,1.71,-0.274,-0.327,0.57,1.71,-0.274,0.0937288,0.57,-0.296,1.809,1.718,0.36357,1.13,-0.2897,-0.2622
114,1.9180000000000015,1.0,-0.06938425,-1.0,-1.0,-1.0,1.0,-1.0,-1.0,1.0,-1.0,-1.0,1.0,1.0,-1.0,-0.5906339,1.0,-1.0,1.0,1.0,-1.0,1.0,-1.0,-1.0,3.0527,-0.9107695,-3.0527,-2.0933,-3.0527,2.0933,-6.283,-0.57,1.71,-0.274,-0.327,0.57,1.71,-0.274,0.09157681,0.57,-0.296,1.809,1.718,0.36357,1.13,-0.2897,-0.2622
115,1.9340000000000015,1.0,-0.0742753,-1.0,-1.0,-1.0,1.0,-1.0,-1.0,1.0,-1.0,-1.0,1.0,1.0,-1.0,-0.5924155,1.0,-1.0,1.0,1.0,-1.0,1.0,-1.0,-1.0,3.0527,-0.92315125,-3.0527,-2.0933,-3.0527,2.0933,-6.283,-0.57,1.71,-0.274,-0.327,0.57,1.71,-0.274,0.08975514,0.57,-0.296,1.809,1.718,0.36357,1.13,-0.2897,-0.2622
116,1.9520000000000015,1.0,-0.07833238,-1.0,-1.0,-1.0,1.0,-1.0,-1.0,1.0,-1.0,-1.0,1.0,1.0,-1.0,-0.5937562,1.0,-1.0,1.0,1.0,-1.0,1.0,-1.0,-1.0,3.0527,-0.93620926,-3.0527,-2.0933,-3.0527,2.0933,-6.283,-0.57,1.71,-0.274,-0.327,0.57,1.71,-0.274,0.088384286,0.57,-0.296,1.809,1.718,0.36357,1.13,-0.2897,-0.2622
117,1.9680000000000015,1.0,-0.08150441,-1.0,-1.0,-1.0,1.0,-1.0,-1.0,1.0,-1.0,-1.0,1.0,1.0,-1.0,-0.59464735,1.0,-1.0,1.0,1.0,-1.0,1.0,-1.0,-1.0,3.0527,-0.949796,-3.0527,-2.0933,-3.0527,2.0933,-6.283,-0.57,1.71,-0.274,-0.327,0.57,1.71,-0.274,0.08747309,0.57,-0.296,1.809,1.718,0.36357,1.13,-0.2897,-0.2622
118,1.9840000000000015,1.0,-0.0837733,-1.0,-1.0,-1.0,1.0,-1.0,-1.0,1.0,-1.0,-1.0,1.0,1.0,-1.0,-0.5951636,1.0,-1.0,1.0,1.0,-1.0,1.0,-1.0,-1.0,3.0527,-0.96376103,-3.0527,-2.0933,-3.0527,2.0933,-6.283,-0.57,1.71,-0.274,-0.327,0.57,1.71,-0.274,0.086945236,0.57,-0.296,1.809,1.718,0.36357,1.13,-0.2897,-0.2622
119,2.002000000000001,1.0,-0.08533663,-1.0,-1.0,-1.0,1.0,-1.0,-1.0,1.0,-1.0,-1.0,1.0,1.0,-1.0,-0.59540814,1.0,-1.0,1.0,1.0,-1.0,1.0,-1.0,-1.0,3.0527,-0.97798663,-3.0527,-2.0933,-3.0527,2.0933,-6.283,-0.57,1.71,-0.274,-0.327,0.57,1.71,-0.274,0.08669517,0.57,-0.296,1.809,1.718,0.36357,1.13,-0.2897,-0.2622
120,2.0179999999999993,1.0,-0.086396486,-1.0,-1.0,-1.0,1.0,-1.0,-1.0,1.0,-1.0,-1.0,1.0,1.0,-1.0,-0.5954706,1.0,-1.0,1.0,1.0,-1.0,1.0,-1.0,-1.0,3.0527,-0.99238896,-3.0527,-2.0933,-3.0527,2.0933,-6.283,-0.57,1.71,-0.274,-0.327,0.57,1.71,-0.274,0.086631306,0.57,-0.296,1.809,1.718,0.36357,1.13,-0.2897,-0.2622
121,2.0339999999999976,1.0,-0.08707264,-1.0,-1.0,-1.0,1.0,-1.0,-1.0,1.0,-1.0,-1.0,1.0,1.0,-1.0,-0.59540606,1.0,-1.0,1.0,1.0,-1.0,1.0,-1.0,-1.0,3.0527,-1.006904,-3.0527,-2.0933,-3.0527,2.0933,-6.283,-0.57,1.71,-0.274,-0.327,0.57,1.71,-0.274,0.08669731,0.57,-0.296,1.809,1.718,0.36357,1.13,-0.2897,-0.2622
122,2.0519999999999956,1.0,-0.0874994,-1.0,-1.0,-1.0,1.0,-1.0,-1.0,1.0,-1.0,-1.0,1.0,1.0,-1.0,-0.59525174,1.0,-1.0,1.0,1.0,-1.0,1.0,-1.0,-1.0,3.0527,-1.0214901,-3.0527,-2.0933,-3.0527,2.0933,-6.283,-0.57,1.71,-0.274,-0.327,0.57,1.71,-0.274,0.0868551,0.57,-0.296,1.809,1.718,0.36357,1.13,-0.2897,-0.2622
123,2.067999999999994,1.0,-0.08776851,-1.0,-1.0,-1.0,1.0,-1.0,-1.0,1.0,-1.0,-1.0,1.0,1.0,-1.0,-0.59503174,1.0,-1.0,1.0,1.0,-1.0,1.0,-1.0,-1.0,3.0527,-1.0361211,-3.0527,-2.0933,-3.0527,2.0933,-6.283,-0.57,1.71,-0.274,-0.327,0.57,1.71,-0.274,0.08708005,0.57,-0.296,1.809,1.718,0.36357,1.13,-0.2897,-0.2622
124,2.083999999999992,1.0,-0.087900735,-1.0,-1.0,-1.0,1.0,-1.0,-1.0,1.0,-1.0,-1.0,1.0,1.0,-1.0,-0.5947522,1.0,-1.0,1.0,1.0,-1.0,1.0,-1.0,-1.0,3.0527,-1.0507742,-3.0527,-2.0933,-3.0527,2.0933,-6.283,-0.57,1.71,-0.274,-0.327,0.57,1.71,-0.274,0.08736588,0.57,-0.296,1.809,1.718,0.36357,1.13,-0.2897,-0.2622
125,2.10199999999999,1.0,-0.0879792,-1.0,-1.0,-1.0,1.0,-1.0,-1.0,1.0,-1.0,-1.0,1.0,1.0,-1.0,-0.5944578,1.0,-1.0,1.0,1.0,-1.0,1.0,-1.0,-1.0,3.0527,-1.0654403,-3.0527,-2.0933,-3.0527,2.0933,-6.283,-0.57,1.71,-0.274,-0.327,0.57,1.71,-0.274,0.08766689,0.57,-0.296,1.809,1.718,0.36357,1.13,-0.2897,-0.2622
126,2.1179999999999883,1.0,-0.08813714,-1.0,-1.0,-1.0,1.0,-1.0,-1.0,1.0,-1.0,-1.0,1.0,1.0,-1.0,-0.5942539,1.0,-1.0,1.0,1.0,-1.0,1.0,-1.0,-1.0,3.0527,-1.0801327,-3.0527,-2.0933,-3.0527,2.0933,-6.283,-0.57,1.71,-0.274,-0.327,0.57,1.71,-0.274,0.08787539,0.57,-0.296,1.809,1.718,0.36357,1.13,-0.2897,-0.2622
127,2.1339999999999866,1.0,-0.08800755,-1.0,-1.0,-1.0,1.0,-1.0,-1.0,1.0,-1.0,-1.0,1.0,1.0,-1.0,-0.5938696,1.0,-1.0,1.0,1.0,-1.0,1.0,-1.0,-1.0,3.0527,-1.0948036,-3.0527,-2.0933,-3.0527,2.0933,-6.283,-0.57,1.71,-0.274,-0.327,0.57,1.71,-0.274,0.08826831,0.57,-0.296,1.809,1.718,0.36357,1.13,-0.2897,-0.2622
128,2.1519999999999846,1.0,-0.08778105,-1.0,-1.0,-1.0,1.0,-1.0,-1.0,1.0,-1.0,-1.0,1.0,1.0,-1.0,-0.5934288,1.0,-1.0,1.0,1.0,-1.0,1.0,-1.0,-1.0,3.0527,-1.1094368,-3.0527,-2.0933,-3.0527,2.0933,-6.283,-0.57,1.71,-0.274,-0.327,0.57,1.71,-0.274,0.08871906,0.57,-0.296,1.809,1.718,0.36357,1.13,-0.2897,-0.2622
129,2.167999999999983,1.0,-0.087550424,-1.0,-1.0,-1.0,1.0,-1.0,-1.0,1.0,-1.0,-1.0,1.0,1.0,-1.0,-0.59295917,1.0,-1.0,1.0,1.0,-1.0,1.0,-1.0,-1.0,3.0527,-1.1240314,-3.0527,-2.0933,-3.0527,2.0933,-6.283,-0.57,1.71,-0.274,-0.327,0.57,1.71,-0.274,0.08919925,0.57,-0.296,1.809,1.718,0.36357,1.13,-0.2897,-0.2622
130,2.183999999999981,1.0,-0.087293506,-1.0,-1.0,-1.0,1.0,-1.0,-1.0,1.0,-1.0,-1.0,1.0,1.0,-1.0,-0.5924623,1.0,-1.0,1.0,1.0,-1.0,1.0,-1.0,-1.0,3.0527,-1.1385832,-3.0527,-2.0933,-3.0527,2.0933,-6.283,-0.57,1.71,-0.274,-0.327,0.57,1.71,-0.274,0.0897073,0.57,-0.296,1.809,1.718,0.36357,1.13,-0.2897,-0.2622
131,2.201999999999979,1.0,-0.08698001,-1.0,-1.0,-1.0,1.0,-1.0,-1.0,1.0,-1.0,-1.0,1.0,1.0,-1.0,-0.59192336,1.0,-1.0,1.0,1.0,-1.0,1.0,-1.0,-1.0,3.0527,-1.1530827,-3.0527,-2.0933,-3.0527,2.0933,-6.283,-0.57,1.71,-0.274,-0.327,0.57,1.71,-0.274,0.09025837,0.57,-0.296,1.809,1.718,0.36357,1.13,-0.2897,-0.2622
132,2.2179999999999773,1.0,-0.08662728,-1.0,-1.0,-1.0,1.0,-1.0,-1.0,1.0,-1.0,-1.0,1.0,1.0,-1.0,-0.59135604,1.0,-1.0,1.0,1.0,-1.0,1.0,-1.0,-1.0,3.0527,-1.1675235,-3.0527,-2.0933,-3.0527,2.0933,-6.283,-0.57,1.71,-0.274,-0.327,0.57,1.71,-0.274,0.09083845,0.57,-0.296,1.809,1.718,0.36357,1.13,-0.2897,-0.2622
133,2.2339999999999756,1.0,-0.08622786,-1.0,-1.0,-1.0,1.0,-1.0,-1.0,1.0,-1.0,-1.0,1.0,1.0,-1.0,-0.5907579,1.0,-1.0,1.0,1.0,-1.0,1.0,-1.0,-1.0,3.0527,-1.1818978,-3.0527,-2.0933,-3.0527,2.0933,-6.283,-0.57,1.71,-0.274,-0.327,0.57,1.71,-0.274,0.09145004,0.57,-0.296,1.809,1.718,0.36357,1.13,-0.2897,-0.2622
134,2.2519999999999736,1.0,-0.08579643,-1.0,-1.0,-1.0,1.0,-1.0,-1.0,1.0,-1.0,-1.0,1.0,1.0,-1.0,-0.5901488,1.0,-1.0,1.0,1.0,-1.0,1.0,-1.0,-1.0,3.0527,-1.1962,-3.0527,-2.0933,-3.0527,2.0933,-6.283,-0.57,1.71,-0.274,-0.327,0.57,1.71,-0.274,0.092072845,0.57,-0.296,1.809,1.718,0.36357,1.13,-0.2897,-0.2622
135,2.267999999999972,1.0,-0.08532217,-1.0,-1.0,-1.0,1.0,-1.0,-1.0,1.0,-1.0,-1.0,1.0,1.0,-1.0,-0.5895302,1.0,-1.0,1.0,1.0,-1.0,1.0,-1.0,-1.0,3.0527,-1.2104232,-3.0527,-2.0933,-3.0527,2.0933,-6.283,-0.57,1.71,-0.274,-0.327,0.57,1.71,-0.274,0.09270534,0.57,-0.296,1.809,1.718,0.36357,1.13,-0.2897,-0.2622
136,2.28399999999997,1.0,-0.084818676,-1.0,-1.0,-1.0,1.0,-1.0,-1.0,1.0,-1.0,-1.0,1.0,1.0,-1.0,-0.58889973,1.0,-1.0,1.0,1.0,-1.0,1.0,-1.0,-1.0,3.0527,-1.2245624,-3.0527,-2.0933,-3.0527,2.0933,-6.283,-0.57,1.71,-0.274,-0.327,0.57,1.71,-0.274,0.09335002,0.57,-0.296,1.809,1.718,0.36357,1.13,-0.2897,-0.2622
137,2.301999999999968,1.0,-0.0842966,-1.0,-1.0,-1.0,1.0,-1.0,-1.0,1.0,-1.0,-1.0,1.0,1.0,-1.0,-0.58827764,1.0,-1.0,1.0,1.0,-1.0,1.0,-1.0,-1.0,3.0527,-1.2386147,-3.0527,-2.0933,-3.0527,2.0933,-6.283,-0.57,1.71,-0.274,-0.327,0.57,1.71,-0.274,0.09398612,0.57,-0.296,1.809,1.718,0.36357,1.13,-0.2897,-0.2622
138,2.3179999999999663,1.0,-0.08374037,-1.0,-1.0,-1.0,1.0,-1.0,-1.0,1.0,-1.0,-1.0,1.0,1.0,-1.0,-0.5876741,1.0,-1.0,1.0,1.0,-1.0,1.0,-1.0,-1.0,3.0527,-1.2525742,-3.0527,-2.0933,-3.0527,2.0933,-6.283,-0.57,1.71,-0.274,-0.327,0.57,1.71,-0.274,0.094603255,0.57,-0.296,1.809,1.718,0.36357,1.13,-0.2897,-0.2622
139,2.3339999999999645,1.0,-0.08315021,-1.0,-1.0,-1.0,1.0,-1.0,-1.0,1.0,-1.0,-1.0,1.0,1.0,-1.0,-0.58706945,1.0,-1.0,1.0,1.0,-1.0,1.0,-1.0,-1.0,3.0527,-1.2664354,-3.0527,-2.0933,-3.0527,2.0933,-6.283,-0.57,1.71,-0.274,-0.327,0.57,1.71,-0.274,0.09522148,0.57,-0.296,1.809,1.718,0.36357,1.13,-0.2897,-0.2622
140,2.3519999999999626,1.0,-0.08254338,-1.0,-1.0,-1.0,1.0,-1.0,-1.0,1.0,-1.0,-1.0,1.0,1.0,-1.0,-0.58648837,1.0,-1.0,1.0,1.0,-1.0,1.0,-1.0,-1.0,3.0527,-1.2801954,-3.0527,-2.0933,-3.0527,2.0933,-6.283,-0.57,1.71,-0.274,-0.327,0.57,1.71,-0.274,0.09581564,0.57,-0.296,1.809,1.718,0.36357,1.13,-0.2897,-0.2622
141,2.367999999999961,1.0,-0.08190464,-1.0,-1.0,-1.0,1.0,-1.0,-1.0,1.0,-1.0,-1.0,1.0,1.0,-1.0,-0.58594424,1.0,-1.0,1.0,1.0,-1.0,1.0,-1.0,-1.0,3.0527,-1.2938489,-3.0527,-2.0933,-3.0527,2.0933,-6.283,-0.57,1.71,-0.274,-0.327,0.57,1.71,-0.274,0.096372016,0.57,-0.296,1.809,1.718,0.36357,1.13,-0.2897,-0.2622
142,2.383999999999959,1.0,-0.081262134,-1.0,-1.0,-1.0,1.0,-1.0,-1.0,1.0,-1.0,-1.0,1.0,1.0,-1.0,-0.58541924,1.0,-1.0,1.0,1.0,-1.0,1.0,-1.0,-1.0,3.0527,-1.3073952,-3.0527,-2.0933,-3.0527,2.0933,-6.283,-0.57,1.71,-0.274,-0.327,0.57,1.71,-0.274,0.09690883,0.57,-0.296,1.809,1.718,0.36357,1.13,-0.2897,-0.2622
143,2.401999999999957,1.0,-0.08062103,-1.0,-1.0,-1.0,1.0,-1.0,-1.0,1.0,-1.0,-1.0,1.0,1.0,-1.0,-0.5849369,1.0,-1.0,1.0,1.0,-1.0,1.0,-1.0,-1.0,3.0527,-1.3208348,-3.0527,-2.0933,-3.0527,2.0933,-6.283,-0.57,1.71,-0.274,-0.327,0.57,1.71,-0.274,0.097402,0.57,-0.296,1.809,1.718,0.36357,1.13,-0.2897,-0.2622
144,2.4179999999999553,1.0,-0.079982825,-1.0,-1.0,-1.0,1.0,-1.0,-1.0,1.0,-1.0,-1.0,1.0,1.0,-1.0,-0.5845239,1.0,-1.0,1.0,1.0,-1.0,1.0,-1.0,-1.0,3.0527,-1.334168,-3.0527,-2.0933,-3.0527,2.0933,-6.283,-0.57,1.71,-0.274,-0.327,0.57,1.71,-0.274,0.0978243,0.57,-0.296,1.809,1.718,0.36357,1.13,-0.2897,-0.2622
145,2.4339999999999535,1.0,-0.07933509,-1.0,-1.0,-1.0,1.0,-1.0,-1.0,1.0,-1.0,-1.0,1.0,1.0,-1.0,-0.58413464,1.0,-1.0,1.0,1.0,-1.0,1.0,-1.0,-1.0,3.0527,-1.347393,-3.0527,-2.0933,-3.0527,2.0933,-6.283,-0.57,1.71,-0.274,-0.327,0.57,1.71,-0.274,0.09822233,0.57,-0.296,1.809,1.718,0.36357,1.13,-0.2897,-0.2622
146,2.4519999999999516,1.0,-0.078624845,-1.0,-1.0,-1.0,1.0,-1.0,-1.0,1.0,-1.0,-1.0,1.0,1.0,-1.0,-0.5837745,1.0,-1.0,1.0,1.0,-1.0,1.0,-1.0,-1.0,3.0527,-1.3604999,-3.0527,-2.0933,-3.0527,2.0933,-6.283,-0.57,1.71,-0.274,-0.327,0.57,1.71,-0.274,0.09859057,0.57,-0.296,1.809,1.718,0.36357,1.13,-0.2897,-0.2622
147,2.46799999999995,1.0,-0.07789355,-1.0,-1.0,-1.0,1.0,-1.0,-1.0,1.0,-1.0,-1.0,1.0,1.0,-1.0,-0.5834859,1.0,-1.0,1.0,1.0,-1.0,1.0,-1.0,-1.0,3.0527,-1.3734847,-3.0527,-2.0933,-3.0527,2.0933,-6.283,-0.57,1.71,-0.274,-0.327,0.57,1.71,-0.274,0.09888566,0.57,-0.296,1.809,1.718,0.36357,1.13,-0.2897,-0.2622
148,2.483999999999948,1.0,-0.07719248,-1.0,-1.0,-1.0,1.0,-1.0,-1.0,1.0,-1.0,-1.0,1.0,1.0,-1.0,-0.5832336,1.0,-1.0,1.0,1.0,-1.0,1.0,-1.0,-1.0,3.0527,-1.3863527,-3.0527,-2.0933,-3.0527,2.0933,-6.283,-0.57,1.71,-0.274,-0.327,0.57,1.71,-0.274,0.09914365,0.57,-0.296,1.809,1.718,0.36357,1.13,-0.2897,-0.2622
149,2.501999999999946,1.0,-0.07652998,-1.0,-1.0,-1.0,1.0,-1.0,-1.0,1.0,-1.0,-1.0,1.0,1.0,-1.0,-0.5830403,1.0,-1.0,1.0,1.0,-1.0,1.0,-1.0,-1.0,3.0527,-1.3991102,-3.0527,-2.0933,-3.0527,2.0933,-6.283,-0.57,1.71,-0.274,-0.327,0.57,1.71,-0.274,0.099341296,0.57,-0.296,1.809,1.718,0.36357,1.13,-0.2897,-0.2622
150,2.5179999999999443,1.0,-0.07587067,-1.0,-1.0,-1.0,1.0,-1.0,-1.0,1.0,-1.0,-1.0,1.0,1.0,-1.0,-0.58293223,1.0,-1.0,1.0,1.0,-1.0,1.0,-1.0,-1.0,3.0527,-1.4117578,-3.0527,-2.0933,-3.0527,2.0933,-6.283,-0.57,1.71,-0.274,-0.327,0.57,1.71,-0.274,0.09945179,0.57,-0.296,1.809,1.718,0.36357,1.13,-0.2897,-0.2622
151,2.5339999999999425,1.0,-0.075235024,-1.0,-1.0,-1.0,1.0,-1.0,-1.0,1.0,-1.0,-1.0,1.0,1.0,-1.0,-0.58286124,1.0,-1.0,1.0,1.0,-1.0,1.0,-1.0,-1.0,3.0527,-1.4242996,-3.0527,-2.0933,-3.0527,2.0933,-6.283,-0.57,1.71,-0.274,-0.327,0.57,1.71,-0.274,0.09952438,0.57,-0.296,1.809,1.718,0.36357,1.13,-0.2897,-0.2622
152,2.5519999999999405,1.0,-0.07463976,-1.0,-1.0,-1.0,1.0,-1.0,-1.0,1.0,-1.0,-1.0,1.0,1.0,-1.0,-0.58285487,1.0,-1.0,1.0,1.0,-1.0,1.0,-1.0,-1.0,3.0527,-1.436742,-3.0527,-2.0933,-3.0527,2.0933,-6.283,-0.57,1.71,-0.274,-0.327,0.57,1.71,-0.274,0.0995309,0.57,-0.296,1.809,1.718,0.36357,1.13,-0.2897,-0.2622
153,2.5679999999999388,1.0,-0.07404675,-1.0,-1.0,-1.0,1.0,-1.0,-1.0,1.0,-1.0,-1.0,1.0,1.0,-1.0,-0.5829398,1.0,-1.0,1.0,1.0,-1.0,1.0,-1.0,-1.0,3.0527,-1.4490856,-3.0527,-2.0933,-3.0527,2.0933,-6.283,-0.57,1.71,-0.274,-0.327,0.57,1.71,-0.274,0.099444054,0.57,-0.296,1.809,1.718,0.36357,1.13,-0.2897,-0.2622
154,2.583999999999937,1.0,-0.07351304,-1.0,-1.0,-1.0,1.0,-1.0,-1.0,1.0,-1.0,-1.0,1.0,1.0,-1.0,-0.58305764,1.0,-1.0,1.0,1.0,-1.0,1.0,-1.0,-1.0,3.0527,-1.4613402,-3.0527,-2.0933,-3.0527,2.0933,-6.283,-0.57,1.71,-0.274,-0.327,0.57,1.71,-0.274,0.09932356,0.57,-0.296,1.809,1.718,0.36357,1.13,-0.2897,-0.2622
155,2.601999999999935,1.0,-0.073068485,-1.0,-1.0,-1.0,1.0,-1.0,-1.0,1.0,-1.0,-1.0,1.0,1.0,-1.0,-0.58325094,1.0,-1.0,1.0,1.0,-1.0,1.0,-1.0,-1.0,3.0527,-1.4735208,-3.0527,-2.0933,-3.0527,2.0933,-6.283,-0.57,1.71,-0.274,-0.327,0.57,1.71,-0.274,0.099125914,0.57,-0.296,1.809,1.718,0.36357,1.13,-0.2897,-0.2622
156,2.6179999999999333,1.0,-0.07267313,-1.0,-1.0,-1.0,1.0,-1.0,-1.0,1.0,-1.0,-1.0,1.0,1.0,-1.0,-0.5835415,1.0,-1.0,1.0,1.0,-1.0,1.0,-1.0,-1.0,3.0527,-1.4856353,-3.0527,-2.0933,-3.0527,2.0933,-6.283,-0.57,1.71,-0.274,-0.327,0.57,1.71,-0.274,0.0988288,0.57,-0.296,1.809,1.718,0.36357,1.13,-0.2897,-0.2622
157,2.6339999999999315,1.0,-0.072344065,-1.0,-1.0,-1.0,1.0,-1.0,-1.0,1.0,-1.0,-1.0,1.0,1.0,-1.0,-0.58388144,1.0,-1.0,1.0,1.0,-1.0,1.0,-1.0,-1.0,3.0527,-1.4976951,-3.0527,-2.0933,-3.0527,2.0933,-6.283,-0.57,1.71,-0.274,-0.327,0.57,1.71,-0.274,0.09848123,0.57,-0.296,1.809,1.718,0.36357,1.13,-0.2897,-0.2622
158,2.6519999999999295,1.0,-0.07204875,-1.0,-1.0,-1.0,1.0,-1.0,-1.0,1.0,-1.0,-1.0,1.0,1.0,-1.0,-0.5842669,1.0,-1.0,1.0,1.0,-1.0,1.0,-1.0,-1.0,3.0527,-1.5097057,-3.0527,-2.0933,-3.0527,2.0933,-6.283,-0.57,1.71,-0.274,-0.327,0.57,1.71,-0.274,0.098087095,0.57,-0.296,1.809,1.718,0.36357,1.13,-0.2897,-0.2622
159,2.6679999999999278,1.0,-0.07184595,-1.0,-1.0,-1.0,1.0,-1.0,-1.0,1.0,-1.0,-1.0,1.0,1.0,-1.0,-0.5847548,1.0,-1.0,1.0,1.0,-1.0,1.0,-1.0,-1.0,3.0527,-1.5216824,-3.0527,-2.0933,-3.0527,2.0933,-6.283,-0.57,1.71,-0.274,-0.327,0.57,1.71,-0.274,0.09758819,0.57,-0.296,1.809,1.718,0.36357,1.13,-0.2897,-0.2622
160,2.683999999999926,1.0,-0.07164938,-1.0,-1.0,-1.0,1.0,-1.0,-1.0,1.0,-1.0,-1.0,1.0,1.0,-1.0,-0.58524716,1.0,-1.0,1.0,1.0,-1.0,1.0,-1.0,-1.0,3.0527,-1.5336263,-3.0527,-2.0933,-3.0527,2.0933,-6.283,-0.57,1.71,-0.274,-0.327,0.57,1.71,-0.274,0.09708478,0.57,-0.296,1.809,1.718,0.36357,1.13,-0.2897,-0.2622
161,2.701999999999924,1.0,-0.07156799,-1.0,-1.0,-1.0,1.0,-1.0,-1.0,1.0,-1.0,-1.0,1.0,1.0,-1.0,-0.58580226,1.0,-1.0,1.0,1.0,-1.0,1.0,-1.0,-1.0,3.0527,-1.5455567,-3.0527,-2.0933,-3.0527,2.0933,-6.283,-0.57,1.71,-0.274,-0.327,0.57,1.71,-0.274,0.09651719,0.57,-0.296,1.809,1.718,0.36357,1.13,-0.2897,-0.2622
162,2.7179999999999223,1.0,-0.07156982,-1.0,-1.0,-1.0,1.0,-1.0,-1.0,1.0,-1.0,-1.0,1.0,1.0,-1.0,-0.58642864,1.0,-1.0,1.0,1.0,-1.0,1.0,-1.0,-1.0,3.0527,-1.5574874,-3.0527,-2.0933,-3.0527,2.0933,-6.283,-0.57,1.71,-0.274,-0.327,0.57,1.71,-0.274,0.095876716,0.57,-0.296,1.809,1.718,0.36357,1.13,-0.2897,-0.2622
163,2.7339999999999205,1.0,-0.071642436,-1.0,-1.0,-1.0,1.0,-1.0,-1.0,1.0,-1.0,-1.0,1.0,1.0,-1.0,-0.5870784,1.0,-1.0,1.0,1.0,-1.0,1.0,-1.0,-1.0,3.0527,-1.5694301,-3.0527,-2.0933,-3.0527,2.0933,-6.283,-0.57,1.71,-0.274,-0.327,0.57,1.71,-0.274,0.09521234,0.57,-0.296,1.809,1.718,0.36357,1.13,-0.2897,-0.2622
164,2.7519999999999185,1.0,-0.08462382,-1.0,-1.0,-1.0,1.0,-1.0,-1.0,1.0,-1.0,-1.0,1.0,1.0,-1.0,-0.5873513,1.0,-1.0,1.0,1.0,-1.0,1.0,-1.0,-1.0,3.0527,-1.583537,-3.0527,-2.0933,-3.0527,2.0933,-6.283,-0.57,1.71,-0.274,-0.327,0.57,1.71,-0.274,0.09493327,0.57,-0.296,1.809,1.718,0.36357,1.13,-0.2897,-0.2622
165,2.7679999999999167,1.0,-0.08482412,-1.0,-1.0,-1.0,1.0,-1.0,-1.0,1.0,-1.0,-1.0,1.0,1.0,-1.0,-0.58403164,1.0,-1.0,1.0,1.0,-1.0,1.0,-1.0,-1.0,3.0527,-1.5976771,-3.0527,-2.0933,-3.0527,2.0933,-6.283,-0.57,1.71,-0.274,-0.327,0.57,1.71,-0.274,0.098327644,0.57,-0.296,1.809,1.718,0.36357,1.13,-0.2897,-0.2622
166,2.783999999999915,1.0,-0.08435885,-1.0,-1.0,-1.0,1.0,-1.0,-1.0,1.0,-1.0,-1.0,1.0,1.0,-1.0,-0.5825582,1.0,-1.0,1.0,1.0,-1.0,1.0,-1.0,-1.0,3.0527,-1.6117398,-3.0527,-2.0933,-3.0527,2.0933,-6.283,-0.57,1.71,-0.274,-0.327,0.57,1.71,-0.274,0.099834226,0.57,-0.296,1.809,1.718,0.36357,1.13,-0.2897,-0.2622
167,2.801999999999913,1.0,-0.084384136,-1.0,-1.0,-1.0,1.0,-1.0,-1.0,1.0,-1.0,-1.0,1.0,1.0,-1.0,-0.5818883,1.0,-1.0,1.0,1.0,-1.0,1.0,-1.0,-1.0,3.0527,-1.6258066,-3.0527,-2.0933,-3.0527,2.0933,-6.283,-0.57,1.71,-0.274,-0.327,0.57,1.71,-0.274,0.100519195,0.57,-0.296,1.809,1.718,0.36357,1.13,-0.2897,-0.2622
168,2.8179999999999112,1.0,-0.084592596,-1.0,-1.0,-1.0,1.0,-1.0,-1.0,1.0,-1.0,-1.0,1.0,1.0,-1.0,-0.5815309,1.0,-1.0,1.0,1.0,-1.0,1.0,-1.0,-1.0,3.0527,-1.6399082,-3.0527,-2.0933,-3.0527,2.0933,-6.283,-0.57,1.71,-0.274,-0.327,0.57,1.71,-0.274,0.100884624,0.57,-0.296,1.809,1.718,0.36357,1.13,-0.2897,-0.2622
169,2.8339999999999095,1.0,-0.084886715,-1.0,-1.0,-1.0,1.0,-1.0,-1.0,1.0,-1.0,-1.0,1.0,1.0,-1.0,-0.581322,1.0,-1.0,1.0,1.0,-1.0,1.0,-1.0,-1.0,3.0527,-1.6540588,-3.0527,-2.0933,-3.0527,2.0933,-6.283,-0.57,1.71,-0.274,-0.327,0.57,1.71,-0.274,0.10109824,0.57,-0.296,1.809,1.718,0.36357,1.13,-0.2897,-0.2622
170,2.8519999999999075,1.0,-0.08532546,-1.0,-1.0,-1.0,1.0,-1.0,-1.0,1.0,-1.0,-1.0,1.0,1.0,-1.0,-0.581245,1.0,-1.0,1.0,1.0,-1.0,1.0,-1.0,-1.0,3.0527,-1.6682825,-3.0527,-2.0933,-3.0527,2.0933,-6.283,-0.57,1.71,-0.274,-0.327,0.57,1.71,-0.274,0.101176985,0.57,-0.296,1.809,1.718,0.36357,1.13,-0.2897,-0.2622
171,2.8679999999999057,1.0,-0.085865356,-1.0,-1.0,-1.0,1.0,-1.0,-1.0,1.0,-1.0,-1.0,1.0,1.0,-1.0,-0.581568,1.0,-1.0,1.0,1.0,-1.0,1.0,-1.0,-1.0,3.0527,-1.6825963,-3.0527,-2.0933,-3.0527,2.0933,-6.283,-0.57,1.71,-0.274,-0.327,0.57,1.71,-0.274,0.100846715,0.57,-0.296,1.809,1.718,0.36357,1.13,-0.2897,-0.2622
172,2.883999999999904,1.0,-0.0873421,-1.0,-1.0,-1.0,1.0,-1.0,-1.0,1.0,-1.0,-1.0,1.0,1.0,-1.0,-0.5822725,1.0,-1.0,1.0,1.0,-1.0,1.0,-1.0,-1.0,3.0527,-1.6971562,-3.0527,-2.0933,-3.0527,2.0933,-6.283,-0.57,1.71,-0.274,-0.327,0.57,1.71,-0.274,0.10012634,0.57,-0.296,1.809,1.718,0.36357,1.13,-0.2897,-0.2622
173,2.901999999999902,1.0,-0.08847136,-1.0,-1.0,-1.0,1.0,-1.0,-1.0,1.0,-1.0,-1.0,1.0,1.0,-1.0,-0.58252865,1.0,-1.0,1.0,1.0,-1.0,1.0,-1.0,-1.0,3.0527,-1.7119044,-3.0527,-2.0933,-3.0527,2.0933,-6.283,-0.57,1.71,-0.274,-0.327,0.57,1.71,-0.274,0.09986445,0.57,-0.296,1.809,1.718,0.36357,1.13,-0.2897,-0.2622
174,2.9179999999999002,1.0,-0.08943693,-1.0,-1.0,-1.0,1.0,-1.0,-1.0,1.0,-1.0,-1.0,1.0,1.0,-1.0,-0.5825786,1.0,-1.0,1.0,1.0,-1.0,1.0,-1.0,-1.0,3.0527,-1.7268136,-3.0527,-2.0933,-3.0527,2.0933,-6.283,-0.57,1.71,-0.274,-0.327,0.57,1.71,-0.274,0.09981338,0.57,-0.296,1.809,1.718,0.36357,1.13,-0.2897,-0.2622
175,2.9339999999998985,1.0,-0.09026921,-1.0,-1.0,-1.0,1.0,-1.0,-1.0,1.0,-1.0,-1.0,1.0,1.0,-1.0,-0.58256143,1.0,-1.0,1.0,1.0,-1.0,1.0,-1.0,-1.0,3.0527,-1.7418615,-3.0527,-2.0933,-3.0527,2.0933,-6.283,-0.57,1.71,-0.274,-0.327,0.57,1.71,-0.274,0.09983093,0.57,-0.296,1.809,1.718,0.36357,1.13,-0.2897,-0.2622
176,2.9519999999998965,1.0,-0.090970464,-1.0,-1.0,-1.0,1.0,-1.0,-1.0,1.0,-1.0,-1.0,1.0,1.0,-1.0,-0.5825001,1.0,-1.0,1.0,1.0,-1.0,1.0,-1.0,-1.0,3.0527,-1.7570262,-3.0527,-2.0933,-3.0527,2.0933,-6.283,-0.57,1.71,-0.274,-0.327,0.57,1.71,-0.274,0.099893644,0.57,-0.296,1.809,1.718,0.36357,1.13,-0.2897,-0.2622
177,2.9679999999998947,1.0,-0.09163167,-1.0,-1.0,-1.0,1.0,-1.0,-1.0,1.0,-1.0,-1.0,1.0,1.0,-1.0,-0.58241314,1.0,-1.0,1.0,1.0,-1.0,1.0,-1.0,-1.0,3.0527,-1.7723012,-3.0527,-2.0933,-3.0527,2.0933,-6.283,-0.57,1.71,-0.274,-0.327,0.57,1.71,-0.274,0.09998257,0.57,-0.296,1.809,1.718,0.36357,1.13,-0.2897,-0.2622
178,2.983999999999893,1.0,-0.09226539,-1.0,-1.0,-1.0,1.0,-1.0,-1.0,1.0,-1.0,-1.0,1.0,1.0,-1.0,-0.5823353,1.0,-1.0,1.0,1.0,-1.0,1.0,-1.0,-1.0,3.0527,-1.7876818,-3.0527,-2.0933,-3.0527,2.0933,-6.283,-0.57,1.71,-0.274,-0.327,0.57,1.71,-0.274,0.10006216,0.57,-0.296,1.809,1.718,0.36357,1.13,-0.2897,-0.2622
179,3.001999999999891,1.0,-0.09284147,-1.0,-1.0,-1.0,1.0,-1.0,-1.0,1.0,-1.0,-1.0,1.0,1.0,-1.0,-0.5822511,1.0,-1.0,1.0,1.0,-1.0,1.0,-1.0,-1.0,3.0527,-1.8031585,-3.0527,-2.0933,-3.0527,2.0933,-6.283,-0.57,1.71,-0.274,-0.327,0.57,1.71,-0.274,0.100148275,0.57,-0.296,1.809,1.718,0.36357,1.13,-0.2897,-0.2622
180,3.017999999999889,1.0,-0.09336659,-1.0,-1.0,-1.0,1.0,-1.0,-1.0,1.0,-1.0,-1.0,1.0,1.0,-1.0,-0.58215046,1.0,-1.0,1.0,1.0,-1.0,1.0,-1.0,-1.0,3.0527,-1.8187227,-3.0527,-2.0933,-3.0527,2.0933,-6.283,-0.57,1.71,-0.274,-0.327,0.57,1.71,-0.274,0.10025115,0.57,-0.296,1.809,1.718,0.36357,1.13,-0.2897,-0.2622
181,3.0339999999998875,1.0,-0.09386211,-1.0,-1.0,-1.0,1.0,-1.0,-1.0,1.0,-1.0,-1.0,1.0,1.0,-1.0,-0.58205825,1.0,-1.0,1.0,1.0,-1.0,1.0,-1.0,-1.0,3.0527,-1.8343695,-3.0527,-2.0933,-3.0527,2.0933,-6.283,-0.57,1.71,-0.274,-0.327,0.57,1.71,-0.274,0.10034544,0.57,-0.296,1.809,1.718,0.36357,1.13,-0.2897,-0.2622
182,3.0519999999998855,1.0,-0.09435474,-1.0,-1.0,-1.0,1.0,-1.0,-1.0,1.0,-1.0,-1.0,1.0,1.0,-1.0,-0.5819381,1.0,-1.0,1.0,1.0,-1.0,1.0,-1.0,-1.0,3.0527,-1.8500985,-3.0527,-2.0933,-3.0527,2.0933,-6.283,-0.57,1.71,-0.274,-0.327,0.57,1.71,-0.274,0.10046831,0.57,-0.296,1.809,1.718,0.36357,1.13,-0.2897,-0.2622
183,3.0679999999998837,1.0,-0.09481507,-1.0,-1.0,-1.0,1.0,-1.0,-1.0,1.0,-1.0,-1.0,1.0,1.0,-1.0,-0.58178765,1.0,-1.0,1.0,1.0,-1.0,1.0,-1.0,-1.0,3.0527,-1.8659041,-3.0527,-2.0933,-3.0527,2.0933,-6.283,-0.57,1.71,-0.274,-0.327,0.57,1.71,-0.274,0.10062213,0.57,-0.296,1.809,1.718,0.36357,1.13,-0.2897,-0.2622
184,3.083999999999882,1.0,-0.09521715,-1.0,-1.0,-1.0,1.0,-1.0,-1.0,1.0,-1.0,-1.0,1.0,1.0,-1.0,-0.58165264,1.0,-1.0,1.0,1.0,-1.0,1.0,-1.0,-1.0,3.0527,-1.8817768,-3.0527,-2.0933,-3.0527,2.0933,-6.283,-0.57,1.71,-0.274,-0.327,0.57,1.71,-0.274,0.10076018,0.57,-0.296,1.809,1.718,0.36357,1.13,-0.2897,-0.2622
185,3.10199999999988,1.0,-0.09560258,-1.0,-1.0,-1.0,1.0,-1.0,-1.0,1.0,-1.0,-1.0,1.0,1.0,-1.0,-0.5815396,1.0,-1.0,1.0,1.0,-1.0,1.0,-1.0,-1.0,3.0527,-1.8977138,-3.0527,-2.0933,-3.0527,2.0933,-6.283,-0.57,1.71,-0.274,-0.327,0.57,1.71,-0.274,0.10087579,0.57,-0.296,1.809,1.718,0.36357,1.13,-0.2897,-0.2622
186,3.117999999999878,1.0,-0.09598898,-1.0,-1.0,-1.0,1.0,-1.0,-1.0,1.0,-1.0,-1.0,1.0,1.0,-1.0,-0.58144206,1.0,-1.0,1.0,1.0,-1.0,1.0,-1.0,-1.0,3.0527,-1.9137151,-3.0527,-2.0933,-3.0527,2.0933,-6.283,-0.57,1.71,-0.274,-0.327,0.57,1.71,-0.274,0.1009755,0.57,-0.296,1.809,1.718,0.36357,1.13,-0.2897,-0.2622
187,3.1339999999998764,1.0,-0.09634066,-1.0,-1.0,-1.0,1.0,-1.0,-1.0,1.0,-1.0,-1.0,1.0,1.0,-1.0,-0.5813554,1.0,-1.0,1.0,1.0,-1.0,1.0,-1.0,-1.0,3.0527,-1.9297751,-3.0527,-2.0933,-3.0527,2.0933,-6.283,-0.57,1.71,-0.274,-0.327,0.57,1.71,-0.274,0.10106411,0.57,-0.296,1.809,1.718,0.36357,1.13,-0.2897,-0.2622
188,3.1519999999998745,1.0,-0.09667532,-1.0,-1.0,-1.0,1.0,-1.0,-1.0,1.0,-1.0,-1.0,1.0,1.0,-1.0,-0.5812994,1.0,-1.0,1.0,1.0,-1.0,1.0,-1.0,-1.0,3.0527,-1.9458909,-3.0527,-2.0933,-3.0527,2.0933,-6.283,-0.57,1.71,-0.274,-0.327,0.57,1.71,-0.274,0.101121336,0.57,-0.296,1.809,1.718,0.36357,1.13,-0.2897,-0.2622
189,3.1679999999998727,1.0,-0.09703839,-1.0,-1.0,-1.0,1.0,-1.0,-1.0,1.0,-1.0,-1.0,1.0,1.0,-1.0,-0.5812718,1.0,-1.0,1.0,1.0,-1.0,1.0,-1.0,-1.0,3.0527,-1.9620672,-3.0527,-2.0933,-3.0527,2.0933,-6.283,-0.57,1.71,-0.274,-0.327,0.57,1.71,-0.274,0.10114956,0.57,-0.296,1.809,1.718,0.36357,1.13,-0.2897,-0.2622
190,3.183999999999871,1.0,-0.09736239,-1.0,-1.0,-1.0,1.0,-1.0,-1.0,1.0,-1.0,-1.0,1.0,1.0,-1.0,-0.5812354,1.0,-1.0,1.0,1.0,-1.0,1.0,-1.0,-1.0,3.0527,-1.9782975,-3.0527,-2.0933,-3.0527,2.0933,-6.283,-0.57,1.71,-0.274,-0.327,0.57,1.71,-0.274,0.1011868,0.57,-0.296,1.809,1.718,0.36357,1.13,-0.2897,-0.2622
191,3.201999999999869,1.0,-0.09764866,-1.0,-1.0,-1.0,1.0,-1.0,-1.0,1.0,-1.0,-1.0,1.0,1.0,-1.0,-0.5812254,1.0,-1.0,1.0,1.0,-1.0,1.0,-1.0,-1.0,3.0527,-1.9945755,-3.0527,-2.0933,-3.0527,2.0933,-6.283,-0.57,1.71,-0.274,-0.327,0.57,1.71,-0.274,0.101197034,0.57,-0.296,1.809,1.718,0.36357,1.13,-0.2897,-0.2622
192,3.217999999999867,1.0,-0.09794582,-1.0,-1.0,-1.0,1.0,-1.0,-1.0,1.0,-1.0,-1.0,1.0,1.0,-1.0,-0.5812737,1.0,-1.0,1.0,1.0,-1.0,1.0,-1.0,-1.0,3.0527,-2.0109031,-3.0527,-2.0933,-3.0527,2.0933,-6.283,-0.57,1.71,-0.274,-0.327,0.57,1.71,-0.274,0.10114767,0.57,-0.296,1.809,1.718,0.36357,1.13,-0.2897,-0.2622
193,3.2339999999998654,1.0,-0.09819079,-1.0,-1.0,-1.0,1.0,-1.0,-1.0,1.0,-1.0,-1.0,1.0,1.0,-1.0,-0.5813227,1.0,-1.0,1.0,1.0,-1.0,1.0,-1.0,-1.0,3.0527,-2.0272715,-3.0527,-2.0933,-3.0527,2.0933,-6.283,-0.57,1.71,-0.274,-0.327,0.57,1.71,-0.274,0.10109751,0.57,-0.296,1.809,1.718,0.36357,1.13,-0.2897,-0.2622
194,3.2519999999998634,1.0,-0.098410994,-1.0,-1.0,-1.0,1.0,-1.0,-1.0,1.0,-1.0,-1.0,1.0,1.0,-1.0,-0.5814009,1.0,-1.0,1.0,1.0,-1.0,1.0,-1.0,-1.0,3.0527,-2.0436766,-3.0527,-2.0933,-3.0527,2.0933,-6.283,-0.57,1.71,-0.274,-0.327,0.57,1.71,-0.274,0.10101761,0.57,-0.296,1.809,1.718,0.36357,1.13,-0.2897,-0.2622
195,3.2679999999998617,1.0,-0.0986197,-1.0,-1.0,-1.0,1.0,-1.0,-1.0,1.0,-1.0,-1.0,1.0,1.0,-1.0,-0.5815229,1.0,-1.0,1.0,1.0,-1.0,1.0,-1.0,-1.0,3.0527,-2.0601165,-3.0527,-2.0933,-3.0527,2.0933,-6.283,-0.57,1.71,-0.274,-0.327,0.57,1.71,-0.274,0.10089286,0.57,-0.296,1.809,1.718,0.36357,1.13,-0.2897,-0.2622
196,3.28399999999986,1.0,-0.098891065,-1.0,-1.0,-1.0,1.0,-1.0,-1.0,1.0,-1.0,-1.0,1.0,1.0,-1.0,-0.5821611,1.0,-1.0,1.0,1.0,-1.0,1.0,-1.0,-1.0,3.0527,-2.0766017,-3.0527,-2.0933,-3.0527,2.0933,-6.283,-0.57,1.71,-0.274,-0.327,0.57,1.71,-0.274,0.100240245,0.57,-0.296,1.809,1.718,0.36357,1.13,-0.2897,-0.2622
197,3.301999999999858,1.0,-0.09973206,-1.0,-1.0,-1.0,1.0,-1.0,-1.0,1.0,-1.0,-1.0,1.0,1.0,-1.0,-0.58289903,1.0,-1.0,1.0,1.0,-1.0,1.0,-1.0,-1.0,3.0527,-2.093227,-3.0527,-2.0933,-3.0527,2.0933,-6.283,-0.57,1.71,-0.274,-0.327,0.57,1.71,-0.274,0.09948574,0.57,-0.296,1.809,1.718,0.36357,1.13,-0.2897,-0.2622
198,3.317999999999856,1.0,-0.10029541,-1.0,-1.0,-1.0,1.0,-1.0,-1.0,1.0,-1.0,-1.0,1.0,1.0,-1.0,-0.5832647,1.0,-1.0,1.0,1.0,-1.0,1.0,-1.0,-1.0,3.0527,-2.0933,-3.0527,-2.0933,-3.0527,2.0933,-6.283,-0.57,1.71,-0.274,-0.327,0.57,1.71,-0.274,0.09911183,0.57,-0.296,1.809,1.718,0.36357,1.13,-0.2897,-0.2622
199,3.3339999999998544,1.0,-0.10065334,-1.0,-1.0,-1.0,1.0,-1.0,-1.0,1.0,-1.0,-1.0,1.0,1.0,-1.0,-0.5834334,1.0,-1.0,1.0,1.0,-1.0,1.0,-1.0,-1.0,3.0527,-2.0933,-3.0527,-2.0933,-3.0527,2.0933,-6.283,-0.57,1.71,-0.274,-0.327,0.57,1.71,-0.274,0.09893936,0.57,-0.296,1.809,1.718,0.36357,1.13,-0.2897,-0.2622
200,3.3519999999998524,1.0,-0.100912474,-1.0,-1.0,-1.0,1.0,-1.0,-1.0,1.0,-1.0,-1.0,1.0,1.0,-1.0,-0.5835175,1.0,-1.0,1.0,1.0,-1.0,1.0,-1.0,-1.0,3.0527,-2.0933,-3.0527,-2.0933,-3.0527,2.0933,-6.283,-0.57,1.71,-0.274,-0.327,0.57,1.71,-0.274,0.098853365,0.57,-0.296,1.809,1.718,0.36357,1.13,-0.2897,-0.2622
201,3.3679999999998507,1.0,-0.101082236,-1.0,-1.0,-1.0,1.0,-1.0,-1.0,1.0,-1.0,-1.0,1.0,1.0,-1.0,-0.58354115,1.0,-1.0,1.0,1.0,-1.0,1.0,-1.0,-1.0,3.0527,-2.0933,-3.0527,-2.0933,-3.0527,2.0933,-6.283,-0.57,1.71,-0.274,-0.327,0.57,1.71,-0.274,0.09882917,0.57,-0.296,1.809,1.718,0.36357,1.13,-0.2897,-0.2622
202,3.3859999999998487,1.0,-0.10116106,-1.0,-1.0,-1.0,1.0,-1.0,-1.0,1.0,-1.0,-1.0,1.0,1.0,-1.0,-0.58352566,1.0,-1.0,1.0,1.0,-1.0,1.0,-1.0,-1.0,3.0527,-2.0933,-3.0527,-2.0933,-3.0527,2.0933,-6.283,-0.57,1.71,-0.274,-0.327,0.57,1.71,-0.274,0.09884501,0.57,-0.296,1.809,1.718,0.36357,1.13,-0.2897,-0.2622
203,3.401999999999847,1.0,-0.101181485,-1.0,-1.0,-1.0,1.0,-1.0,-1.0,1.0,-1.0,-1.0,1.0,1.0,-1.0,-0.5834798,1.0,-1.0,1.0,1.0,-1.0,1.0,-1.0,-1.0,3.0527,-2.0933,-3.0527,-2.0933,-3.0527,2.0933,-6.283,-0.57,1.71,-0.274,-0.327,0.57,1.71,-0.274,0.098891884,0.57,-0.296,1.809,1.718,0.36357,1.13,-0.2897,-0.2622
204,3.417999999999845,1.0,-0.10113521,-1.0,-1.0,-1.0,1.0,-1.0,-1.0,1.0,-1.0,-1.0,1.0,1.0,-1.0,-0.58347034,1.0,-1.0,1.0,1.0,-1.0,1.0,-1.0,-1.0,3.0527,-2.0933,-3.0527,-2.0933,-3.0527,2.0933,-6.283,-0.57,1.71,-0.274,-0.327,0.57,1.71,-0.274,0.09890157,0.57,-0.296,1.809,1.718,0.36357,1.13,-0.2897,-0.2622
205,3.435999999999843,1.0,-0.101112686,-1.0,-1.0,-1.0,1.0,-1.0,-1.0,1.0,-1.0,-1.0,1.0,1.0,-1.0,-0.58343965,1.0,-1.0,1.0,1.0,-1.0,1.0,-1.0,-1.0,3.0527,-2.0933,-3.0527,-2.0933,-3.0527,2.0933,-6.283,-0.57,1.71,-0.274,-0.327,0.57,1.71,-0.274,0.09893296,0.57,-0.296,1.809,1.718,0.36357,1.13,-0.2897,-0.2622
206,3.4519999999998414,1.0,-0.10110084,-1.0,-1.0,-1.0,1.0,-1.0,-1.0,1.0,-1.0,-1.0,1.0,1.0,-1.0,-0.58338076,1.0,-1.0,1.0,1.0,-1.0,1.0,-1.0,-1.0,3.0527,-2.0933,-3.0527,-2.0933,-3.0527,2.0933,-6.283,-0.57,1.71,-0.274,-0.327,0.57,1.71,-0.274,0.098993175,0.57,-0.296,1.809,1.718,0.36357,1.13,-0.2897,-0.2622
207,3.4679999999998397,1.0,-0.10108707,-1.0,-1.0,-1.0,1.0,-1.0,-1.0,1.0,-1.0,-1.0,1.0,1.0,-1.0,-0.58329815,1.0,-1.0,1.0,1.0,-1.0,1.0,-1.0,-1.0,3.0527,-2.0933,-3.0527,-2.0933,-3.0527,2.0933,-6.283,-0.57,1.71,-0.274,-0.327,0.57,1.71,-0.274,0.09907764,0.57,-0.296,1.809,1.718,0.36357,1.13,-0.2897,-0.2622
208,3.4859999999998377,1.0,-0.10108476,-1.0,-1.0,-1.0,1.0,-1.0,-1.0,1.0,-1.0,-1.0,1.0,1.0,-1.0,-0.5832135,1.0,-1.0,1.0,1.0,-1.0,1.0,-1.0,-1.0,3.0527,-2.0933,-3.0527,-2.0933,-3.0527,2.0933,-6.283,-0.57,1.71,-0.274,-0.327,0.57,1.71,-0.274,0.09916419,0.57,-0.296,1.809,1.718,0.36357,1.13,-0.2897,-0.2622
209,3.501999999999836,1.0,-0.10109204,-1.0,-1.0,-1.0,1.0,-1.0,-1.0,1.0,-1.0,-1.0,1.0,1.0,-1.0,-0.58311754,1.0,-1.0,1.0,1.0,-1.0,1.0,-1.0,-1.0,3.0527,-2.0933,-3.0527,-2.0933,-3.0527,2.0933,-6.283,-0.57,1.71,-0.274,-0.327,0.57,1.71,-0.274,0.09926231,0.57,-0.296,1.809,1.718,0.36357,1.13,-0.2897,-0.2622
210,3.517999999999834,1.0,-0.10113636,-1.0,-1.0,-1.0,1.0,-1.0,-1.0,1.0,-1.0,-1.0,1.0,1.0,-1.0,-0.58303255,1.0,-1.0,1.0,1.0,-1.0,1.0,-1.0,-1.0,3.0527,-2.0933,-3.0527,-2.0933,-3.0527,2.0933,-6.283,-0.57,1.71,-0.274,-0.327,0.57,1.71,-0.274,0.099349216,0.57,-0.296,1.809,1.718,0.36357,1.13,-0.2897,-0.2622
211,3.535999999999832,1.0,-0.10118751,-1.0,-1.0,-1.0,1.0,-1.0,-1.0,1.0,-1.0,-1.0,1.0,1.0,-1.0,-0.582958,1.0,-1.0,1.0,1.0,-1.0,1.0,-1.0,-1.0,3.0527,-2.0933,-3.0527,-2.0933,-3.0527,2.0933,-6.283,-0.57,1.71,-0.274,-0.327,0.57,1.71,-0.274,0.099425465,0.57,-0.296,1.809,1.718,0.36357,1.13,-0.2897,-0.2622
212,3.5519999999998304,1.0,-0.10125257,-1.0,-1.0,-1.0,1.0,-1.0,-1.0,1.0,-1.0,-1.0,1.0,1.0,-1.0,-0.58289015,1.0,-1.0,1.0,1.0,-1.0,1.0,-1.0,-1.0,3.0527,-2.0933,-3.0527,-2.0933,-3.0527,2.0933,-6.283,-0.57,1.71,-0.274,-0.327,0.57,1.71,-0.274,0.09949482,0.57,-0.296,1.809,1.718,0.36357,1.13,-0.2897,-0.2622
213,3.5679999999998286,1.0,-0.101324774,-1.0,-1.0,-1.0,1.0,-1.0,-1.0,1.0,-1.0,-1.0,1.0,1.0,-1.0,-0.5828353,1.0,-1.0,1.0,1.0,-1.0,1.0,-1.0,-1.0,3.0527,-2.0933,-3.0527,-2.0933,-3.0527,2.0933,-6.283,-0.57,1.71,-0.274,-0.327,0.57,1.71,-0.274,0.09955089,0.57,-0.296,1.809,1.718,0.36357,1.13,-0.2897,-0.2622
214,3.5859999999998267,1.0,-0.10141705,-1.0,-1.0,-1.0,1.0,-1.0,-1.0,1.0,-1.0,-1.0,1.0,1.0,-1.0,-0.582795,1.0,-1.0,1.0,1.0,-1.0,1.0,-1.0,-1.0,3.0527,-2.0933,-3.0527,-2.0933,-3.0527,2.0933,-6.283,-0.57,1.71,-0.274,-0.327,0.57,1.71,-0.274,0.09959209,0.57,-0.296,1.809,1.718,0.36357,1.13,-0.2897,-0.2622
215,3.601999999999825,1.0,-0.10152801,-1.0,-1.0,-1.0,1.0,-1.0,-1.0,1.0,-1.0,-1.0,1.0,1.0,-1.0,-0.58276385,1.0,-1.0,1.0,1.0,-1.0,1.0,-1.0,-1.0,3.0527,-2.0933,-3.0527,-2.0933,-3.0527,2.0933,-6.283,-0.57,1.71,-0.274,-0.327,0.57,1.71,-0.274,0.09962396,0.57,-0.296,1.809,1.718,0.36357,1.13,-0.2897,-0.2622
216,3.617999999999823,1.0,-0.10164761,-1.0,-1.0,-1.0,1.0,-1.0,-1.0,1.0,-1.0,-1.0,1.0,1.0,-1.0,-0.58274823,1.0,-1.0,1.0,1.0,-1.0,1.0,-1.0,-1.0,3.0527,-2.0933,-3.0527,-2.0933,-3.0527,2.0933,-6.283,-0.57,1.71,-0.274,-0.327,0.57,1.71,-0.274,0.09963993,0.57,-0.296,1.809,1.718,0.36357,1.13,-0.2897,-0.2622
217,3.635999999999821,1.0,-0.101788394,-1.0,-1.0,-1.0,1.0,-1.0,-1.0,1.0,-1.0,-1.0,1.0,1.0,-1.0,-0.5827491,1.0,-1.0,1.0,1.0,-1.0,1.0,-1.0,-1.0,3.0527,-2.0933,-3.0527,-2.0933,-3.0527,2.0933,-6.283,-0.57,1.71,-0.274,-0.327,0.57,1.71,-0.274,0.09963901,0.57,-0.296,1.809,1.718,0.36357,1.13,-0.2897,-0.2622
218,3.6519999999998194,1.0,-0.10195888,-1.0,-1.0,-1.0,1.0,-1.0,-1.0,1.0,-1.0,-1.0,1.0,1.0,-1.0,-0.5827641,1.0,-1.0,1.0,1.0,-1.0,1.0,-1.0,-1.0,3.0527,-2.0933,-3.0527,-2.0933,-3.0527,2.0933,-6.283,-0.57,1.71,-0.274,-0.327,0.57,1.71,-0.274,0.09962372,0.57,-0.296,1.809,1.718,0.36357,1.13,-0.2897,-0.2622
219,3.6679999999998176,1.0,-0.10213736,-1.0,-1.0,-1.0,1.0,-1.0,-1.0,1.0,-1.0,-1.0,1.0,1.0,-1.0,-0.58278537,1.0,-1.0,1.0,1.0,-1.0,1.0,-1.0,-1.0,3.0527,-2.0933,-3.0527,-2.0933,-3.0527,2.0933,-6.283,-0.57,1.71,-0.274,-0.327,0.57,1.71,-0.274,0.09960196,0.57,-0.296,1.809,1.718,0.36357,1.13,-0.2897,-0.2622
220,3.6859999999998156,1.0,-0.10230848,-1.0,-1.0,-1.0,1.0,-1.0,-1.0,1.0,-1.0,-1.0,1.0,1.0,-1.0,-0.582815,1.0,-1.0,1.0,1.0,-1.0,1.0,-1.0,-1.0,3.0527,-2.0933,-3.0527,-2.0933,-3.0527,2.0933,-6.283,-0.57,1.71,-0.274,-0.327,0.57,1.71,-0.274,0.09957167,0.57,-0.296,1.809,1.718,0.36357,1.13,-0.2897,-0.2622
221,3.701999999999814,1.0,-0.10255639,-1.0,-1.0,-1.0,1.0,-1.0,-1.0,1.0,-1.0,-1.0,1.0,1.0,-1.0,-0.58281916,1.0,-1.0,1.0,1.0,-1.0,1.0,-1.0,-1.0,3.0527,-2.0933,-3.0527,-2.0933,-3.0527,2.0933,-6.283,-0.57,1.71,-0.274,-0.327,0.57,1.71,-0.274,0.099567406,0.57,-0.296,1.809,1.718,0.36357,1.13,-0.2897,-0.2622
222,3.717999999999812,1.0,-0.102753974,-1.0,-1.0,-1.0,1.0,-1.0,-1.0,1.0,-1.0,-1.0,1.0,1.0,-1.0,-0.5828195,1.0,-1.0,1.0,1.0,-1.0,1.0,-1.0,-1.0,3.0527,-2.0933,-3.0527,-2.0933,-3.0527,2.0933,-6.283,-0.57,1.71,-0.274,-0.327,0.57,1.71,-0.274,0.09956704,0.57,-0.296,1.809,1.718,0.36357,1.13,-0.2897,-0.2622
223,3.73599999999981,1.0,-0.1029643,-1.0,-1.0,-1.0,1.0,-1.0,-1.0,1.0,-1.0,-1.0,1.0,1.0,-1.0,-0.5828273,1.0,-1.0,1.0,1.0,-1.0,1.0,-1.0,-1.0,3.0527,-2.0933,-3.0527,-2.0933,-3.0527,2.0933,-6.283,-0.57,1.71,-0.274,-0.327,0.57,1.71,-0.274,0.099559054,0.57,-0.296,1.809,1.718,0.36357,1.13,-0.2897,-0.2622
224,3.7519999999998084,1.0,-0.103153534,-1.0,-1.0,-1.0,1.0,-1.0,-1.0,1.0,-1.0,-1.0,1.0,1.0,-1.0,-0.5828689,1.0,-1.0,1.0,1.0,-1.0,1.0,-1.0,-1.0,3.0527,-2.0933,-3.0527,-2.0933,-3.0527,2.0933,-6.283,-0.57,1.71,-0.274,-0.327,0.57,1.71,-0.274,0.09951658,0.57,-0.296,1.809,1.718,0.36357,1.13,-0.2897,-0.2622
225,3.7679999999998066,1.0,-0.103320405,-1.0,-1.0,-1.0,1.0,-1.0,-1.0,1.0,-1.0,-1.0,1.0,1.0,-1.0,-0.58293414,1.0,-1.0,1.0,1.0,-1.0,1.0,-1.0,-1.0,3.0527,-2.0933,-3.0527,-2.0933,-3.0527,2.0933,-6.283,-0.57,1.71,-0.274,-0.327,0.57,1.71,-0.274,0.09944984,0.57,-0.296,1.809,1.718,0.36357,1.13,-0.2897,-0.2622
226,3.7859999999998046,1.0,-0.10347855,-1.0,-1.0,-1.0,1.0,-1.0,-1.0,1.0,-1.0,-1.0,1.0,1.0,-1.0,-0.5830103,1.0,-1.0,1.0,1.0,-1.0,1.0,-1.0,-1.0,3.0527,-2.0933,-3.0527,-2.0933,-3.0527,2.0933,-6.283,-0.57,1.71,-0.274,-0.327,0.57,1.71,-0.274,0.099371955,0.57,-0.296,1.809,1.718,0.36357,1.13,-0.2897,-0.2622
227,3.801999999999803,1.0,-0.10364713,-1.0,-1.0,-1.0,1.0,-1.0,-1.0,1.0,-1.0,-1.0,1.0,1.0,-1.0,-0.5831039,1.0,-1.0,1.0,1.0,-1.0,1.0,-1.0,-1.0,3.0527,-2.0933,-3.0527,-2.0933,-3.0527,2.0933,-6.283,-0.57,1.71,-0.274,-0.327,0.57,1.71,-0.274,0.09927627,0.57,-0.296,1.809,1.718,0.36357,1.13,-0.2897,-0.2622
228,3.817999999999801,1.0,-0.10381603,-1.0,-1.0,-1.0,1.0,-1.0,-1.0,1.0,-1.0,-1.0,1.0,1.0,-1.0,-0.583208,1.0,-1.0,1.0,1.0,-1.0,1.0,-1.0,-1.0,3.0527,-2.0933,-3.0527,-2.0933,-3.0527,2.0933,-6.283,-0.57,1.71,-0.274,-0.327,0.57,1.71,-0.274,0.0991698,0.57,-0.296,1.809,1.718,0.36357,1.13,-0.2897,-0.2622
229,3.835999999999799,1.0,-0.10399546,-1.0,-1.0,-1.0,1.0,-1.0,-1.0,1.0,-1.0,-1.0,1.0,1.0,-1.0,-0.58332044,1.0,-1.0,1.0,1.0,-1.0,1.0,-1.0,-1.0,3.0527,-2.0933,-3.0527,-2.0933,-3.0527,2.0933,-6.283,-0.57,1.71,-0.274,-0.327,0.57,1.71,-0.274,0.09905485,0.57,-0.296,1.809,1.718,0.36357,1.13,-0.2897,-0.2622
230,3.8519999999997974,1.0,-0.10419333,-1.0,-1.0,-1.0,1.0,-1.0,-1.0,1.0,-1.0,-1.0,1.0,1.0,-1.0,-0.5834444,1.0,-1.0,1.0,1.0,-1.0,1.0,-1.0,-1.0,3.0527,-2.0933,-3.0527,-2.0933,-3.0527,2.0933,-6.283,-0.57,1.71,-0.274,-0.327,0.57,1.71,-0.274,0.09892809,0.57,-0.296,1.809,1.718,0.36357,1.13,-0.2897,-0.2622
231,3.8679999999997956,1.0,-0.10436755,-1.0,-1.0,-1.0,1.0,-1.0,-1.0,1.0,-1.0,-1.0,1.0,1.0,-1.0,-0.5835637,1.0,-1.0,1.0,1.0,-1.0,1.0,-1.0,-1.0,3.0527,-2.0933,-3.0527,-2.0933,-3.0527,2.0933,-6.283,-0.57,1.71,-0.274,-0.327,0.57,1.71,-0.274,0.098806135,0.57,-0.296,1.809,1.718,0.36357,1.13,-0.2897,-0.2622
232,3.8859999999997936,1.0,-0.104536645,-1.0,-1.0,-1.0,1.0,-1.0,-1.0,1.0,-1.0,-1.0,1.0,1.0,-1.0,-0.58368766,1.0,-1.0,1.0,1.0,-1.0,1.0,-1.0,-1.0,3.0527,-2.0933,-3.0527,-2.0933,-3.0527,2.0933,-6.283,-0.57,1.71,-0.274,-0.327,0.57,1.71,-0.274,0.098679364,0.57,-0.296,1.809,1.718,0.36357,1.13,-0.2897,-0.2622
233,3.901999999999792,1.0,-0.10471576,-1.0,-1.0,-1.0,1.0,-1.0,-1.0,1.0,-1.0,-1.0,1.0,1.0,-1.0,-0.5838185,1.0,-1.0,1.0,1.0,-1.0,1.0,-1.0,-1.0,3.0527,-2.0933,-3.0527,-2.0933,-3.0527,2.0933,-6.283,-0.57,1.71,-0.274,-0.327,0.57,1.71,-0.274,0.09854559,0.57,-0.296,1.809,1.718,0.36357,1.13,-0.2897,-0.2622
234,3.91799999999979,1.0,-0.10487014,-1.0,-1.0,-1.0,1.0,-1.0,-1.0,1.0,-1.0,-1.0,1.0,1.0,-1.0,-0.5839353,1.0,-1.0,1.0,1.0,-1.0,1.0,-1.0,-1.0,3.0527,-2.0933,-3.0527,-2.0933,-3.0527,2.0933,-6.283,-0.57,1.71,-0.274,-0.327,0.57,1.71,-0.274,0.09842613,0.57,-0.296,1.809,1.718,0.36357,1.13,-0.2897,-0.2622
235,3.935999999999788,1.0,-0.10501799,-1.0,-1.0,-1.0,1.0,-1.0,-1.0,1.0,-1.0,-1.0,1.0,1.0,-1.0,-0.58404285,1.0,-1.0,1.0,1.0,-1.0,1.0,-1.0,-1.0,3.0527,-2.0933,-3.0527,-2.0933,-3.0527,2.0933,-6.283,-0.57,1.71,-0.274,-0.327,0.57,1.71,-0.274,0.098316185,0.57,-0.296,1.809,1.718,0.36357,1.13,-0.2897,-0.2622
236,3.9519999999997864,1.0,-0.105173,-1.0,-1.0,-1.0,1.0,-1.0,-1.0,1.0,-1.0,-1.0,1.0,1.0,-1.0,-0.5841454,1.0,-1.0,1.0,1.0,-1.0,1.0,-1.0,-1.0,3.0527,-2.0933,-3.0527,-2.0933,-3.0527,2.0933,-6.283,-0.57,1.71,-0.274,-0.327,0.57,1.71,-0.274,0.0982113,0.57,-0.296,1.809,1.718,0.36357,1.13,-0.2897,-0.2622
237,3.9679999999997846,1.0,-0.10530394,-1.0,-1.0,-1.0,1.0,-1.0,-1.0,1.0,-1.0,-1.0,1.0,1.0,-1.0,-0.5842404,1.0,-1.0,1.0,1.0,-1.0,1.0,-1.0,-1.0,3.0527,-2.0933,-3.0527,-2.0933,-3.0527,2.0933,-6.283,-0.57,1.71,-0.274,-0.327,0.57,1.71,-0.274,0.098114215,0.57,-0.296,1.809,1.718,0.36357,1.13,-0.2897,-0.2622
238,3.9859999999997826,1.0,-0.10542617,-1.0,-1.0,-1.0,1.0,-1.0,-1.0,1.0,-1.0,-1.0,1.0,1.0,-1.0,-0.5843322,1.0,-1.0,1.0,1.0,-1.0,1.0,-1.0,-1.0,3.0527,-2.0933,-3.0527,-2.0933,-3.0527,2.0933,-6.283,-0.57,1.71,-0.274,-0.327,0.57,1.71,-0.274,0.0980203,0.57,-0.296,1.809,1.718,0.36357,1.13,-0.2897,-0.2622
239,4.001999999999781,1.0,-0.105548784,-1.0,-1.0,-1.0,1.0,-1.0,-1.0,1.0,-1.0,-1.0,1.0,1.0,-1.0,-0.5844205,1.0,-1.0,1.0,1.0,-1.0,1.0,-1.0,-1.0,3.0527,-2.0933,-3.0527,-2.0933,-3.0527,2.0933,-6.283,-0.57,1.71,-0.274,-0.327,0.57,1.71,-0.274,0.09793004,0.57,-0.296,1.809,1.718,0.36357,1.13,-0.2897,-0.2622
240,4.0179999999997795,1.0,-0.105655424,-1.0,-1.0,-1.0,1.0,-1.0,-1.0,1.0,-1.0,-1.0,1.0,1.0,-1.0,-0.5845006,1.0,-1.0,1.0,1.0,-1.0,1.0,-1.0,-1.0,3.0527,-2.0933,-3.0527,-2.0933,-3.0527,2.0933,-6.283,-0.57,1.71,-0.274,-0.327,0.57,1.71,-0.274,0.097848125,0.57,-0.296,1.809,1.718,0.36357,1.13,-0.2897,-0.2622
241,4.0359999999997775,1.0,-0.1057583,-1.0,-1.0,-1.0,1.0,-1.0,-1.0,1.0,-1.0,-1.0,1.0,1.0,-1.0,-0.58457595,1.0,-1.0,1.0,1.0,-1.0,1.0,-1.0,-1.0,3.0527,-2.0933,-3.0527,-2.0933,-3.0527,2.0933,-6.283,-0.57,1.71,-0.274,-0.327,0.57,1.71,-0.274,0.09777109,0.57,-0.296,1.809,1.718,0.36357,1.13,-0.2897,-0.2622
242,4.051999999999776,1.0,-0.105862506,-1.0,-1.0,-1.0,1.0,-1.0,-1.0,1.0,-1.0,-1.0,1.0,1.0,-1.0,-0.5846466,1.0,-1.0,1.0,1.0,-1.0,1.0,-1.0,-1.0,3.0527,-2.0933,-3.0527,-2.0933,-3.0527,2.0933,-6.283,-0.57,1.71,-0.274,-0.327,0.57,1.71,-0.274,0.09769887,0.57,-0.296,1.809,1.718,0.36357,1.13,-0.2897,-0.2622
243,4.067999999999774,1.0,-0.10595223,-1.0,-1.0,-1.0,1.0,-1.0,-1.0,1.0,-1.0,-1.0,1.0,1.0,-1.0,-0.58470887,1.0,-1.0,1.0,1.0,-1.0,1.0,-1.0,-1.0,3.0527,-2.0933,-3.0527,-2.0933,-3.0527,2.0933,-6.283,-0.57,1.71,-0.274,-0.327,0.57,1.71,-0.274,0.09763518,0.57,-0.296,1.809,1.718,0.36357,1.13,-0.2897,-0.2622
244,4.085999999999772,1.0,-0.106043406,-1.0,-1.0,-1.0,1.0,-1.0,-1.0,1.0,-1.0,-1.0,1.0,1.0,-1.0,-0.5847701,1.0,-1.0,1.0,1.0,-1.0,1.0,-1.0,-1.0,3.0527,-2.0933,-3.0527,-2.0933,-3.0527,2.0933,-6.283,-0.57,1.71,-0.274,-0.327,0.57,1.71,-0.274,0.09757259,0.57,-0.296,1.809,1.718,0.36357,1.13,-0.2897,-0.2622
245,4.10199999999977,1.0,-0.10614129,-1.0,-1.0,-1.0,1.0,-1.0,-1.0,1.0,-1.0,-1.0,1.0,1.0,-1.0,-0.58483225,1.0,-1.0,1.0,1.0,-1.0,1.0,-1.0,-1.0,3.0527,-2.0933,-3.0527,-2.0933,-3.0527,2.0933,-6.283,-0.57,1.71,-0.274,-0.327,0.57,1.71,-0.274,0.09750903,0.57,-0.296,1.809,1.718,0.36357,1.13,-0.2897,-0.2622
246,4.1179999999997685,1.0,-0.1062339,-1.0,-1.0,-1.0,1.0,-1.0,-1.0,1.0,-1.0,-1.0,1.0,1.0,-1.0,-0.5848923,1.0,-1.0,1.0,1.0,-1.0,1.0,-1.0,-1.0,3.0527,-2.0933,-3.0527,-2.0933,-3.0527,2.0933,-6.283,-0.57,1.71,-0.274,-0.327,0.57,1.71,-0.274,0.09744765,0.57,-0.296,1.809,1.718,0.36357,1.13,-0.2897,-0.2622
247,4.1359999999997665,1.0,-0.10633807,-1.0,-1.0,-1.0,1.0,-1.0,-1.0,1.0,-1.0,-1.0,1.0,1.0,-1.0,-0.5849591,1.0,-1.0,1.0,1.0,-1.0,1.0,-1.0,-1.0,3.0527,-2.0933,-3.0527,-2.0933,-3.0527,2.0933,-6.283,-0.57,1.71,-0.274,-0.327,0.57,1.71,-0.274,0.097379334,0.57,-0.296,1.809,1.718,0.36357,1.13,-0.2897,-0.2622
248,4.151999999999765,1.0,-0.10644784,-1.0,-1.0,-1.0,1.0,-1.0,-1.0,1.0,-1.0,-1.0,1.0,1.0,-1.0,-0.585025,1.0,-1.0,1.0,1.0,-1.0,1.0,-1.0,-1.0,3.0527,-2.0933,-3.0527,-2.0933,-3.0527,2.0933,-6.283,-0.57,1.71,-0.274,-0.327,0.57,1.71,-0.274,0.09731192,0.57,-0.296,1.809,1.718,0.36357,1.13,-0.2897,-0.2622
249,4.167999999999763,1.0,-0.10654512,-1.0,-1.0,-1.0,1.0,-1.0,-1.0,1.0,-1.0,-1.0,1.0,1.0,-1.0,-0.58508795,1.0,-1.0,1.0,1.0,-1.0,1.0,-1.0,-1.0,3.0527,-2.0933,-3.0527,-2.0933,-3.0527,2.0933,-6.283,-0.57,1.71,-0.274,-0.327,0.57,1.71,-0.274,0.09724756,0.57,-0.296,1.809,1.718,0.36357,1.13,-0.2897,-0.2622
250,4.185999999999761,1.0,-0.10665301,-1.0,-1.0,-1.0,1.0,-1.0,-1.0,1.0,-1.0,-1.0,1.0,1.0,-1.0,-0.5851585,1.0,-1.0,1.0,1.0,-1.0,1.0,-1.0,-1.0,3.0527,-2.0933,-3.0527,-2.0933,-3.0527,2.0933,-6.283,-0.57,1.71,-0.274,-0.327,0.57,1.71,-0.274,0.097175404,0.57,-0.296,1.809,1.718,0.36357,1.13,-0.2897,-0.2622
251,4.201999999999759,1.0,-0.10677512,-1.0,-1.0,-1.0,1.0,-1.0,-1.0,1.0,-1.0,-1.0,1.0,1.0,-1.0,-0.58523995,1.0,-1.0,1.0,1.0,-1.0,1.0,-1.0,-1.0,3.0527,-2.0933,-3.0527,-2.0933,-3.0527,2.0933,-6.283,-0.57,1.71,-0.274,-0.327,0.57,1.71,-0.274,0.09709215,0.57,-0.296,1.809,1.718,0.36357,1.13,-0.2897,-0.2622
252,4.2179999999997575,1.0,-0.10689495,-1.0,-1.0,-1.0,1.0,-1.0,-1.0,1.0,-1.0,-1.0,1.0,1.0,-1.0,-0.5853292,1.0,-1.0,1.0,1.0,-1.0,1.0,-1.0,-1.0,3.0527,-2.0933,-3.0527,-2.0933,-3.0527,2.0933,-6.283,-0.57,1.71,-0.274,-0.327,0.57,1.71,-0.274,0.09700092,0.57,-0.296,1.809,1.718,0.36357,1.13,-0.2897,-0.2622
253,4.2359999999997555,1.0,-0.10701713,-1.0,-1.0,-1.0,1.0,-1.0,-1.0,1.0,-1.0,-1.0,1.0,1.0,-1.0,-0.5854246,1.0,-1.0,1.0,1.0,-1.0,1.0,-1.0,-1.0,3.0527,-2.0933,-3.0527,-2.0933,-3.0527,2.0933,-6.283,-0.57,1.71,-0.274,-0.327,0.57,1.71,-0.274,0.09690335,0.57,-0.296,1.809,1.718,0.36357,1.13,-0.2897,-0.2622
254,4.251999999999754,1.0,-0.10715163,-1.0,-1.0,-1.0,1.0,-1.0,-1.0,1.0,-1.0,-1.0,1.0,1.0,-1.0,-0.5855293,1.0,-1.0,1.0,1.0,-1.0,1.0,-1.0,-1.0,3.0527,-2.0933,-3.0527,-2.0933,-3.0527,2.0933,-6.283,-0.57,1.71,-0.274,-0.327,0.57,1.71,-0.274,0.09679626,0.57,-0.296,1.809,1.718,0.36357,1.13,-0.2897,-0.2622
255,4.267999999999752,1.0,-0.1072766,-1.0,-1.0,-1.0,1.0,-1.0,-1.0,1.0,-1.0,-1.0,1.0,1.0,-1.0,-0.5856354,1.0,-1.0,1.0,1.0,-1.0,1.0,-1.0,-1.0,3.0527,-2.0933,-3.0527,-2.0933,-3.0527,2.0933,-6.283,-0.57,1.71,-0.274,-0.327,0.57,1.71,-0.274,0.09668778,0.57,-0.296,1.809,1.718,0.36357,1.13,-0.2897,-0.2622
256,4.28599999999975,1.0,-0.107401185,-1.0,-1.0,-1.0,1.0,-1.0,-1.0,1.0,-1.0,-1.0,1.0,1.0,-1.0,-0.5857454,1.0,-1.0,1.0,1.0,-1.0,1.0,-1.0,-1.0,3.0527,-2.0933,-3.0527,-2.0933,-3.0527,2.0933,-6.283,-0.57,1.71,-0.274,-0.327,0.57,1.71,-0.274,0.096575335,0.57,-0.296,1.809,1.718,0.36357,1.13,-0.2897,-0.2622
257,4.301999999999748,1.0,-0.1075375,-1.0,-1.0,-1.0,1.0,-1.0,-1.0,1.0,-1.0,-1.0,1.0,1.0,-1.0,-0.5858637,1.0,-1.0,1.0,1.0,-1.0,1.0,-1.0,-1.0,3.0527,-2.0933,-3.0527,-2.0933,-3.0527,2.0933,-6.283,-0.57,1.71,-0.274,-0.327,0.57,1.71,-0.274,0.09645436,0.57,-0.296,1.809,1.718,0.36357,1.13,-0.2897,-0.2622
258,4.3179999999997465,1.0,-0.10766386,-1.0,-1.0,-1.0,1.0,-1.0,-1.0,1.0,-1.0,-1.0,1.0,1.0,-1.0,-0.5859808,1.0,-1.0,1.0,1.0,-1.0,1.0,-1.0,-1.0,3.0527,-2.0933,-3.0527,-2.0933,-3.0527,2.0933,-6.283,-0.57,1.71,-0.274,-0.327,0.57,1.71,-0.274,0.09633466,0.57,-0.296,1.809,1.718,0.36357,1.13,-0.2897,-0.2622
259,4.3359999999997445,1.0,-0.107791744,-1.0,-1.0,-1.0,1.0,-1.0,-1.0,1.0,-1.0,-1.0,1.0,1.0,-1.0,-0.58610326,1.0,-1.0,1.0,1.0,-1.0,1.0,-1.0,-1.0,3.0527,-2.0933,-3.0527,-2.0933,-3.0527,2.0933,-6.283,-0.57,1.71,-0.274,-0.327,0.57,1.71,-0.274,0.096209414,0.57,-0.296,1.809,1.718,0.36357,1.13,-0.2897,-0.2622
260,4.351999999999743,1.0,-0.10792818,-1.0,-1.0,-1.0,1.0,-1.0,-1.0,1.0,-1.0,-1.0,1.0,1.0,-1.0,-0.5862288,1.0,-1.0,1.0,1.0,-1.0,1.0,-1.0,-1.0,3.0527,-2.0933,-3.0527,-2.0933,-3.0527,2.0933,-6.283,-0.57,1.71,-0.274,-0.327,0.57,1.71,-0.274,0.09608106,0.57,-0.296,1.809,1.718,0.36357,1.13,-0.2897,-0.2622
261,4.367999999999741,1.0,-0.10805411,-1.0,-1.0,-1.0,1.0,-1.0,-1.0,1.0,-1.0,-1.0,1.0,1.0,-1.0,-0.58635443,1.0,-1.0,1.0,1.0,-1.0,1.0,-1.0,-1.0,3.0527,-2.0933,-3.0527,-2.0933,-3.0527,2.0933,-6.283,-0.57,1.71,-0.274,-0.327,0.57,1.71,-0.274,0.09595259,0.57,-0.296,1.809,1.718,0.36357,1.13,-0.2897,-0.2622
262,4.385999999999739,1.0,-0.10817925,-1.0,-1.0,-1.0,1.0,-1.0,-1.0,1.0,-1.0,-1.0,1.0,1.0,-1.0,-0.58648103,1.0,-1.0,1.0,1.0,-1.0,1.0,-1.0,-1.0,3.0527,-2.0933,-3.0527,-2.0933,-3.0527,2.0933,-6.283,-0.57,1.71,-0.274,-0.327,0.57,1.71,-0.274,0.09582314,0.57,-0.296,1.809,1.718,0.36357,1.13,-0.2897,-0.2622
263,4.401999999999737,1.0,-0.10831297,-1.0,-1.0,-1.0,1.0,-1.0,-1.0,1.0,-1.0,-1.0,1.0,1.0,-1.0,-0.5866111,1.0,-1.0,1.0,1.0,-1.0,1.0,-1.0,-1.0,3.0527,-2.0933,-3.0527,-2.0933,-3.0527,2.0933,-6.283,-0.57,1.71,-0.274,-0.327,0.57,1.71,-0.274,0.09569016,0.57,-0.296,1.809,1.718,0.36357,1.13,-0.2897,-0.2622
264,4.4179999999997355,1.0,-0.1084354,-1.0,-1.0,-1.0,1.0,-1.0,-1.0,1.0,-1.0,-1.0,1.0,1.0,-1.0,-0.586739,1.0,-1.0,1.0,1.0,-1.0,1.0,-1.0,-1.0,3.0527,-2.0933,-3.0527,-2.0933,-3.0527,2.0933,-6.283,-0.57,1.71,-0.274,-0.327,0.57,1.71,-0.274,0.095559366,0.57,-0.296,1.809,1.718,0.36357,1.13,-0.2897,-0.2622
265,4.4359999999997335,1.0,-0.1085561,-1.0,-1.0,-1.0,1.0,-1.0,-1.0,1.0,-1.0,-1.0,1.0,1.0,-1.0,-0.5868685,1.0,-1.0,1.0,1.0,-1.0,1.0,-1.0,-1.0,3.0527,-2.0933,-3.0527,-2.0933,-3.0527,2.0933,-6.283,-0.57,1.71,-0.274,-0.327,0.57,1.71,-0.274,0.09542693,0.57,-0.296,1.809,1.718,0.36357,1.13,-0.2897,-0.2622
266,4.451999999999732,1.0,-0.10868392,-1.0,-1.0,-1.0,1.0,-1.0,-1.0,1.0,-1.0,-1.0,1.0,1.0,-1.0,-0.58700013,1.0,-1.0,1.0,1.0,-1.0,1.0,-1.0,-1.0,3.0527,-2.0933,-3.0527,-2.0933,-3.0527,2.0933,-6.283,-0.57,1.71,-0.274,-0.327,0.57,1.71,-0.274,0.09529237,0.57,-0.296,1.809,1.718,0.36357,1.13,-0.2897,-0.2622
267,4.46799999999973,1.0,-0.108796395,-1.0,-1.0,-1.0,1.0,-1.0,-1.0,1.0,-1.0,-1.0,1.0,1.0,-1.0,-0.58713216,1.0,-1.0,1.0,1.0,-1.0,1.0,-1.0,-1.0,3.0527,-2.0933,-3.0527,-2.0933,-3.0527,2.0933,-6.283,-0.57,1.71,-0.274,-0.327,0.57,1.71,-0.274,0.09515737,0.57,-0.296,1.809,1.718,0.36357,1.13,-0.2897,-0.2622
268,4.485999999999728,1.0,-0.108910225,-1.0,-1.0,-1.0,1.0,-1.0,-1.0,1.0,-1.0,-1.0,1.0,1.0,-1.0,-0.5872649,1.0,-1.0,1.0,1.0,-1.0,1.0,-1.0,-1.0,3.0527,-2.0933,-3.0527,-2.0933,-3.0527,2.0933,-6.283,-0.57,1.71,-0.274,-0.327,0.57,1.71,-0.274,0.09502164,0.57,-0.296,1.809,1.718,0.36357,1.13,-0.2897,-0.2622
269,4.501999999999726,1.0,-0.10902954,-1.0,-1.0,-1.0,1.0,-1.0,-1.0,1.0,-1.0,-1.0,1.0,1.0,-1.0,-0.5873972,1.0,-1.0,1.0,1.0,-1.0,1.0,-1.0,-1.0,3.0527,-2.0933,-3.0527,-2.0933,-3.0527,2.0933,-6.283,-0.57,1.71,-0.274,-0.327,0.57,1.71,-0.274,0.09488635,0.57,-0.296,1.809,1.718,0.36357,1.13,-0.2897,-0.2622
270,4.5179999999997245,1.0,-0.10913963,-1.0,-1.0,-1.0,1.0,-1.0,-1.0,1.0,-1.0,-1.0,1.0,1.0,-1.0,-0.5875261,1.0,-1.0,1.0,1.0,-1.0,1.0,-1.0,-1.0,3.0527,-2.0933,-3.0527,-2.0933,-3.0527,2.0933,-6.283,-0.57,1.71,-0.274,-0.327,0.57,1.71,-0.274,0.09475458,0.57,-0.296,1.809,1.718,0.36357,1.13,-0.2897,-0.2622
271,4.5359999999997225,1.0,-0.109251656,-1.0,-1.0,-1.0,1.0,-1.0,-1.0,1.0,-1.0,-1.0,1.0,1.0,-1.0,-0.58765626,1.0,-1.0,1.0,1.0,-1.0,1.0,-1.0,-1.0,3.0527,-2.0933,-3.0527,-2.0933,-3.0527,2.0933,-6.283,-0.57,1.71,-0.274,-0.327,0.57,1.71,-0.274,0.09462147,0.57,-0.296,1.809,1.718,0.36357,1.13,-0.2897,-0.2622
272,4.551999999999721,1.0,-0.10936866,-1.0,-1.0,-1.0,1.0,-1.0,-1.0,1.0,-1.0,-1.0,1.0,1.0,-1.0,-0.58778846,1.0,-1.0,1.0,1.0,-1.0,1.0,-1.0,-1.0,3.0527,-2.0933,-3.0527,-2.0933,-3.0527,2.0933,-6.283,-0.57,1.71,-0.274,-0.327,0.57,1.71,-0.274,0.094486296,0.57,-0.296,1.809,1.718,0.36357,1.13,-0.2897,-0.2622
273,4.567999999999719,1.0,-0.10947544,-1.0,-1.0,-1.0,1.0,-1.0,-1.0,1.0,-1.0,-1.0,1.0,1.0,-1.0,-0.58791625,1.0,-1.0,1.0,1.0,-1.0,1.0,-1.0,-1.0,3.0527,-2.0933,-3.0527,-2.0933,-3.0527,2.0933,-6.283,-0.57,1.71,-0.274,-0.327,0.57,1.71,-0.274,0.09435563,0.57,-0.296,1.809,1.718,0.36357,1.13,-0.2897,-0.2622
274,4.585999999999717,1.0,-0.10959437,-1.0,-1.0,-1.0,1.0,-1.0,-1.0,1.0,-1.0,-1.0,1.0,1.0,-1.0,-0.5880419,1.0,-1.0,1.0,1.0,-1.0,1.0,-1.0,-1.0,3.0527,-2.0933,-3.0527,-2.0933,-3.0527,2.0933,-6.283,-0.57,1.71,-0.274,-0.327,0.57,1.71,-0.274,0.09422716,0.57,-0.296,1.809,1.718,0.36357,1.13,-0.2897,-0.2622
275,4.601999999999715,1.0,-0.10969936,-1.0,-1.0,-1.0,1.0,-1.0,-1.0,1.0,-1.0,-1.0,1.0,1.0,-1.0,-0.5881711,1.0,-1.0,1.0,1.0,-1.0,1.0,-1.0,-1.0,3.0527,-2.0933,-3.0527,-2.0933,-3.0527,2.0933,-6.283,-0.57,1.71,-0.274,-0.327,0.57,1.71,-0.274,0.09409503,0.57,-0.296,1.809,1.718,0.36357,1.13,-0.2897,-0.2622
276,4.6179999999997134,1.0,-0.10980024,-1.0,-1.0,-1.0,1.0,-1.0,-1.0,1.0,-1.0,-1.0,1.0,1.0,-1.0,-0.58829355,1.0,-1.0,1.0,1.0,-1.0,1.0,-1.0,-1.0,3.0527,-2.0933,-3.0527,-2.0933,-3.0527,2.0933,-6.283,-0.57,1.71,-0.274,-0.327,0.57,1.71,-0.274,0.093969844,0.57,-0.296,1.809,1.718,0.36357,1.13,-0.2897,-0.2622
277,4.6359999999997115,1.0,-0.10989442,-1.0,-1.0,-1.0,1.0,-1.0,-1.0,1.0,-1.0,-1.0,1.0,1.0,-1.0,-0.5884195,1.0,-1.0,1.0,1.0,-1.0,1.0,-1.0,-1.0,3.0527,-2.0933,-3.0527,-2.0933,-3.0527,2.0933,-6.283,-0.57,1.71,-0.274,-0.327,0.57,1.71,-0.274,0.09384106,0.57,-0.296,1.809,1.718,0.36357,1.13,-0.2897,-0.2622
278,4.65199999999971,1.0,-0.11000786,-1.0,-1.0,-1.0,1.0,-1.0,-1.0,1.0,-1.0,-1.0,1.0,1.0,-1.0,-0.58855057,1.0,-1.0,1.0,1.0,-1.0,1.0,-1.0,-1.0,3.0527,-2.0933,-3.0527,-2.0933,-3.0527,2.0933,-6.283,-0.57,1.71,-0.274,-0.327,0.57,1.71,-0.274,0.09370705,0.57,-0.296,1.809,1.718,0.36357,1.13,-0.2897,-0.2622
279,4.667999999999708,1.0,-0.11004805,-1.0,-1.0,-1.0,1.0,-1.0,-1.0,1.0,-1.0,-1.0,1.0,1.0,-1.0,-0.58871365,1.0,-1.0,1.0,1.0,-1.0,1.0,-1.0,-1.0,3.0527,-2.0933,-3.0527,-2.0933,-3.0527,2.0933,-6.283,-0.57,1.71,-0.274,-0.327,0.57,1.71,-0.274,0.093540296,0.57,-0.296,1.809,1.718,0.36357,1.13,-0.2897,-0.2622
280,4.685999999999706,1.0,-0.11013415,-1.0,-1.0,-1.0,1.0,-1.0,-1.0,1.0,-1.0,-1.0,1.0,1.0,-1.0,-0.58889186,1.0,-1.0,1.0,1.0,-1.0,1.0,-1.0,-1.0,3.0527,-2.0933,-3.0527,-2.0933,-3.0527,2.0933,-6.283,-0.57,1.71,-0.274,-0.327,0.57,1.71,-0.274,0.09335807,0.57,-0.296,1.809,1.718,0.36357,1.13,-0.2897,-0.2622
281,4.701999999999704,1.0,-0.11026632,-1.0,-1.0,-1.0,1.0,-1.0,-1.0,1.0,-1.0,-1.0,1.0,1.0,-1.0,-0.589054,1.0,-1.0,1.0,1.0,-1.0,1.0,-1.0,-1.0,3.0527,-2.0933,-3.0527,-2.0933,-3.0527,2.0933,-6.283,-0.57,1.71,-0.274,-0.327,0.57,1.71,-0.274,0.093192294,0.57,-0.296,1.809,1.718,0.36357,1.13,-0.2897,-0.2622
282,4.717999999999702,1.0,-0.11038134,-1.0,-1.0,-1.0,1.0,-1.0,-1.0,1.0,-1.0,-1.0,1.0,1.0,-1.0,-0.58920157,1.0,-1.0,1.0,1.0,-1.0,1.0,-1.0,-1.0,3.0527,-2.0933,-3.0527,-2.0933,-3.0527,2.0933,-6.283,-0.57,1.71,-0.274,-0.327,0.57,1.71,-0.274,0.0930414,0.57,-0.296,1.809,1.718,0.36357,1.13,-0.2897,-0.2622
283,4.7359999999997004,1.0,-0.11050012,-1.0,-1.0,-1.0,1.0,-1.0,-1.0,1.0,-1.0,-1.0,1.0,1.0,-1.0,-0.5893422,1.0,-1.0,1.0,1.0,-1.0,1.0,-1.0,-1.0,3.0527,-2.0933,-3.0527,-2.0933,-3.0527,2.0933,-6.283,-0.57,1.71,-0.274,-0.327,0.57,1.71,-0.274,0.092897624,0.57,-0.296,1.809,1.718,0.36357,1.13,-0.2897,-0.2622
284,4.751999999999699,1.0,-0.11062024,-1.0,-1.0,-1.0,1.0,-1.0,-1.0,1.0,-1.0,-1.0,1.0,1.0,-1.0,-0.5894787,1.0,-1.0,1.0,1.0,-1.0,1.0,-1.0,-1.0,3.0527,-2.0933,-3.0527,-2.0933,-3.0527,2.0933,-6.283,-0.57,1.71,-0.274,-0.327,0.57,1.71,-0.274,0.09275806,0.57,-0.296,1.809,1.718,0.36357,1.13,-0.2897,-0.2622
285,4.767999999999697,1.0,-0.1107269,-1.0,-1.0,-1.0,1.0,-1.0,-1.0,1.0,-1.0,-1.0,1.0,1.0,-1.0,-0.58960855,1.0,-1.0,1.0,1.0,-1.0,1.0,-1.0,-1.0,3.0527,-2.0933,-3.0527,-2.0933,-3.0527,2.0933,-6.283,-0.57,1.71,-0.274,-0.327,0.57,1.71,-0.274,0.09262526,0.57,-0.296,1.809,1.718,0.36357,1.13,-0.2897,-0.2622
286,4.785999999999695,1.0,-0.1108348,-1.0,-1.0,-1.0,1.0,-1.0,-1.0,1.0,-1.0,-1.0,1.0,1.0,-1.0,-0.5897342,1.0,-1.0,1.0,1.0,-1.0,1.0,-1.0,-1.0,3.0527,-2.0933,-3.0527,-2.0933,-3.0527,2.0933,-6.283,-0.57,1.71,-0.274,-0.327,0.57,1.71,-0.274,0.09249678,0.57,-0.296,1.809,1.718,0.36357,1.13,-0.2897,-0.2622
287,4.801999999999693,1.0,-0.11094337,-1.0,-1.0,-1.0,1.0,-1.0,-1.0,1.0,-1.0,-1.0,1.0,1.0,-1.0,-0.589859,1.0,-1.0,1.0,1.0,-1.0,1.0,-1.0,-1.0,3.0527,-2.0933,-3.0527,-2.0933,-3.0527,2.0933,-6.283,-0.57,1.71,-0.274,-0.327,0.57,1.71,-0.274,0.09236916,0.57,-0.296,1.809,1.718,0.36357,1.13,-0.2897,-0.2622
288,4.817999999999691,1.0,-0.11103638,-1.0,-1.0,-1.0,1.0,-1.0,-1.0,1.0,-1.0,-1.0,1.0,1.0,-1.0,-0.5899834,1.0,-1.0,1.0,1.0,-1.0,1.0,-1.0,-1.0,3.0527,-2.0933,-3.0527,-2.0933,-3.0527,2.0933,-6.283,-0.57,1.71,-0.274,-0.327,0.57,1.71,-0.274,0.09224197,0.57,-0.296,1.809,1.718,0.36357,1.13,-0.2897,-0.2622
289,4.835999999999689,1.0,-0.11113172,-1.0,-1.0,-1.0,1.0,-1.0,-1.0,1.0,-1.0,-1.0,1.0,1.0,-1.0,-0.5901132,1.0,-1.0,1.0,1.0,-1.0,1.0,-1.0,-1.0,3.0527,-2.0933,-3.0527,-2.0933,-3.0527,2.0933,-6.283,-0.57,1.71,-0.274,-0.327,0.57,1.71,-0.274,0.09210923,0.57,-0.296,1.809,1.718,0.36357,1.13,-0.2897,-0.2622
290,4.851999999999688,1.0,-0.11123917,-1.0,-1.0,-1.0,1.0,-1.0,-1.0,1.0,-1.0,-1.0,1.0,1.0,-1.0,-0.5902379,1.0,-1.0,1.0,1.0,-1.0,1.0,-1.0,-1.0,3.0527,-2.0933,-3.0527,-2.0933,-3.0527,2.0933,-6.283,-0.57,1.71,-0.274,-0.327,0.57,1.71,-0.274,0.09198173,0.57,-0.296,1.809,1.718,0.36357,1.13,-0.2897,-0.2622
291,4.867999999999686,1.0,-0.11134734,-1.0,-1.0,-1.0,1.0,-1.0,-1.0,1.0,-1.0,-1.0,1.0,1.0,-1.0,-0.5903789,1.0,-1.0,1.0,1.0,-1.0,1.0,-1.0,-1.0,3.0527,-2.0933,-3.0527,-2.0933,-3.0527,2.0933,-6.283,-0.57,1.71,-0.274,-0.327,0.57,1.71,-0.274,0.09183759,0.57,-0.296,1.809,1.718,0.36357,1.13,-0.2897,-0.2622
292,4.885999999999684,1.0,-0.11145874,-1.0,-1.0,-1.0,1.0,-1.0,-1.0,1.0,-1.0,-1.0,1.0,1.0,-1.0,-0.5905128,1.0,-1.0,1.0,1.0,-1.0,1.0,-1.0,-1.0,3.0527,-2.0933,-3.0527,-2.0933,-3.0527,2.0933,-6.283,-0.57,1.71,-0.274,-0.327,0.57,1.71,-0.274,0.09170065,0.57,-0.296,1.809,1.718,0.36357,1.13,-0.2897,-0.2622
293,4.901999999999682,1.0,-0.11156868,-1.0,-1.0,-1.0,1.0,-1.0,-1.0,1.0,-1.0,-1.0,1.0,1.0,-1.0,-0.5906482,1.0,-1.0,1.0,1.0,-1.0,1.0,-1.0,-1.0,3.0527,-2.0933,-3.0527,-2.0933,-3.0527,2.0933,-6.283,-0.57,1.71,-0.274,-0.327,0.57,1.71,-0.274,0.09156224,0.57,-0.296,1.809,1.718,0.36357,1.13,-0.2897,-0.2622
294,4.91799999999968,1.0,-0.111665584,-1.0,-1.0,-1.0,1.0,-1.0,-1.0,1.0,-1.0,-1.0,1.0,1.0,-1.0,-0.5907903,1.0,-1.0,1.0,1.0,-1.0,1.0,-1.0,-1.0,3.0527,-2.0933,-3.0527,-2.0933,-3.0527,2.0933,-6.283,-0.57,1.71,-0.274,-0.327,0.57,1.71,-0.274,0.09141695,0.57,-0.296,1.809,1.718,0.36357,1.13,-0.2897,-0.2622
295,4.935999999999678,1.0,-0.11176216,-1.0,-1.0,-1.0,1.0,-1.0,-1.0,1.0,-1.0,-1.0,1.0,1.0,-1.0,-0.59093463,1.0,-1.0,1.0,1.0,-1.0,1.0,-1.0,-1.0,3.0527,-2.0933,-3.0527,-2.0933,-3.0527,2.0933,-6.283,-0.57,1.71,-0.274,-0.327,0.57,1.71,-0.274,0.09126934,0.57,-0.296,1.809,1.718,0.36357,1.13,-0.2897,-0.2622
296,4.951999999999677,1.0,-0.11186349,-1.0,-1.0,-1.0,1.0,-1.0,-1.0,1.0,-1.0,-1.0,1.0,1.0,-1.0,-0.59107876,1.0,-1.0,1.0,1.0,-1.0,1.0,-1.0,-1.0,3.0527,-2.0933,-3.0527,-2.0933,-3.0527,2.0933,-6.283,-0.57,1.71,-0.274,-0.327,0.57,1.71,-0.274,0.09112197,0.57,-0.296,1.809,1.718,0.36357,1.13,-0.2897,-0.2622
297,4.967999999999675,1.0,-0.11196003,-1.0,-1.0,-1.0,1.0,-1.0,-1.0,1.0,-1.0,-1.0,1.0,1.0,-1.0,-0.59122,1.0,-1.0,1.0,1.0,-1.0,1.0,-1.0,-1.0,3.0527,-2.0933,-3.0527,-2.0933,-3.0527,2.0933,-6.283,-0.57,1.71,-0.274,-0.327,0.57,1.71,-0.274,0.09097753,0.57,-0.296,1.809,1.718,0.36357,1.13,-0.2897,-0.2622
298,4.985999999999673,1.0,-0.11203856,-1.0,-1.0,-1.0,1.0,-1.0,-1.0,1.0,-1.0,-1.0,1.0,1.0,-1.0,-0.5913425,1.0,-1.0,1.0,1.0,-1.0,1.0,-1.0,-1.0,3.0527,-2.0933,-3.0527,-2.0933,-3.0527,2.0933,-6.283,-0.57,1.71,-0.274,-0.327,0.57,1.71,-0.274,0.09085228,0.57,-0.296,1.809,1.718,0.36357,1.13,-0.2897,-0.2622
299,5.001999999999671,1.0,-0.11212804,-1.0,-1.0,-1.0,1.0,-1.0,-1.0,1.0,-1.0,-1.0,1.0,1.0,-1.0,-0.59147143,1.0,-1.0,1.0,1.0,-1.0,1.0,-1.0,-1.0,3.0527,-2.0933,-3.0527,-2.0933,-3.0527,2.0933,-6.283,-0.57,1.71,-0.274,-0.327,0.57,1.71,-0.274,0.09072046,0.57,-0.296,1.809,1.718,0.36357,1.13,-0.2897,-0.2622
300,5.017999999999669,1.0,-0.1122062,-1.0,-1.0,-1.0,1.0,-1.0,-1.0,1.0,-1.0,-1.0,1.0,1.0,-1.0,-0.5916021,1.0,-1.0,1.0,1.0,-1.0,1.0,-1.0,-1.0,3.0527,-2.0933,-3.0527,-2.0933,-3.0527,2.0933,-6.283,-0.57,1.71,-0.274,-0.327,0.57,1.71,-0.274,0.09058686,0.57,-0.296,1.809,1.718,0.36357,1.13,-0.2897,-0.2622
301,5.035999999999667,1.0,-0.112290226,-1.0,-1.0,-1.0,1.0,-1.0,-1.0,1.0,-1.0,-1.0,1.0,1.0,-1.0,-0.591738,1.0,-1.0,1.0,1.0,-1.0,1.0,-1.0,-1.0,3.0527,-2.0933,-3.0527,-2.0933,-3.0527,2.0933,-6.283,-0.57,1.71,-0.274,-0.327,0.57,1.71,-0.274,0.09044791,0.57,-0.296,1.809,1.718,0.36357,1.13,-0.2897,-0.2622
302,5.051999999999666,1.0,-0.11238671,-1.0,-1.0,-1.0,1.0,-1.0,-1.0,1.0,-1.0,-1.0,1.0,1.0,-1.0,-0.59187657,1.0,-1.0,1.0,1.0,-1.0,1.0,-1.0,-1.0,3.0527,-2.0933,-3.0527,-2.0933,-3.0527,2.0933,-6.283,-0.57,1.71,-0.274,-0.327,0.57,1.71,-0.274,0.09030621,0.57,-0.296,1.809,1.718,0.36357,1.13,-0.2897,-0.2622
303,5.067999999999664,1.0,-0.112475626,-1.0,-1.0,-1.0,1.0,-1.0,-1.0,1.0,-1.0,-1.0,1.0,1.0,-1.0,-0.5920112,1.0,-1.0,1.0,1.0,-1.0,1.0,-1.0,-1.0,3.0527,-2.0933,-3.0527,-2.0933,-3.0527,2.0933,-6.283,-0.57,1.71,-0.274,-0.327,0.57,1.71,-0.274,0.090168536,0.57,-0.296,1.809,1.718,0.36357,1.13,-0.2897,-0.2622
304,5.085999999999662,1.0,-0.11257269,-1.0,-1.0,-1.0,1.0,-1.0,-1.0,1.0,-1.0,-1.0,1.0,1.0,-1.0,-0.5921562,1.0,-1.0,1.0,1.0,-1.0,1.0,-1.0,-1.0,3.0527,-2.0933,-3.0527,-2.0933,-3.0527,2.0933,-6.283,-0.57,1.71,-0.274,-0.327,0.57,1.71,-0.274,0.090020314,0.57,-0.296,1.809,1.718,0.36357,1.13,-0.2897,-0.2622
305,5.10199999999966,1.0,-0.11265942,-1.0,-1.0,-1.0,1.0,-1.0,-1.0,1.0,-1.0,-1.0,1.0,1.0,-1.0,-0.59229493,1.0,-1.0,1.0,1.0,-1.0,1.0,-1.0,-1.0,3.0527,-2.0933,-3.0527,-2.0933,-3.0527,2.0933,-6.283,-0.57,1.71,-0.274,-0.327,0.57,1.71,-0.274,0.08987843,0.57,-0.296,1.809,1.718,0.36357,1.13,-0.2897,-0.2622
306,5.117999999999658,1.0,-0.11274234,-1.0,-1.0,-1.0,1.0,-1.0,-1.0,1.0,-1.0,-1.0,1.0,1.0,-1.0,-0.5924355,1.0,-1.0,1.0,1.0,-1.0,1.0,-1.0,-1.0,3.0527,-2.0933,-3.0527,-2.0933,-3.0527,2.0933,-6.283,-0.57,1.71,-0.274,-0.327,0.57,1.71,-0.274,0.089734726,0.57,-0.296,1.809,1.718,0.36357,1.13,-0.2897,-0.2622
307,5.135999999999656,1.0,-0.11282889,-1.0,-1.0,-1.0,1.0,-1.0,-1.0,1.0,-1.0,-1.0,1.0,1.0,-1.0,-0.5925782,1.0,-1.0,1.0,1.0,-1.0,1.0,-1.0,-1.0,3.0527,-2.0933,-3.0527,-2.0933,-3.0527,2.0933,-6.283,-0.57,1.71,-0.274,-0.327,0.57,1.71,-0.274,0.08958882,0.57,-0.296,1.809,1.718,0.36357,1.13,-0.2897,-0.2622
308,5.151999999999655,1.0,-0.112925805,-1.0,-1.0,-1.0,1.0,-1.0,-1.0,1.0,-1.0,-1.0,1.0,1.0,-1.0,-0.5927246,1.0,-1.0,1.0,1.0,-1.0,1.0,-1.0,-1.0,3.0527,-2.0933,-3.0527,-2.0933,-3.0527,2.0933,-6.283,-0.57,1.71,-0.274,-0.327,0.57,1.71,-0.274,0.08943907,0.57,-0.296,1.809,1.718,0.36357,1.13,-0.2897,-0.2622
309,5.167999999999653,1.0,-0.11301436,-1.0,-1.0,-1.0,1.0,-1.0,-1.0,1.0,-1.0,-1.0,1.0,1.0,-1.0,-0.5928717,1.0,-1.0,1.0,1.0,-1.0,1.0,-1.0,-1.0,3.0527,-2.0933,-3.0527,-2.0933,-3.0527,2.0933,-6.283,-0.57,1.71,-0.274,-0.327,0.57,1.71,-0.274,0.08928866,0.57,-0.296,1.809,1.718,0.36357,1.13,-0.2897,-0.2622
310,5.185999999999651,1.0,-0.1131027,-1.0,-1.0,-1.0,1.0,-1.0,-1.0,1.0,-1.0,-1.0,1.0,1.0,-1.0,-0.5930226,1.0,-1.0,1.0,1.0,-1.0,1.0,-1.0,-1.0,3.0527,-2.0933,-3.0527,-2.0933,-3.0527,2.0933,-6.283,-0.57,1.71,-0.274,-0.327,0.57,1.71,-0.274,0.08913441,0.57,-0.296,1.809,1.718,0.36357,1.13,-0.2897,-0.2622
311,5.201999999999649,1.0,-0.11319969,-1.0,-1.0,-1.0,1.0,-1.0,-1.0,1.0,-1.0,-1.0,1.0,1.0,-1.0,-0.5931776,1.0,-1.0,1.0,1.0,-1.0,1.0,-1.0,-1.0,3.0527,-2.0933,-3.0527,-2.0933,-3.0527,2.0933,-6.283,-0.57,1.71,-0.274,-0.327,0.57,1.71,-0.274,0.088975884,0.57,-0.296,1.809,1.718,0.36357,1.13,-0.2897,-0.2622
312,5.217999999999647,1.0,-0.113286726,-1.0,-1.0,-1.0,1.0,-1.0,-1.0,1.0,-1.0,-1.0,1.0,1.0,-1.0,-0.5933346,1.0,-1.0,1.0,1.0,-1.0,1.0,-1.0,-1.0,3.0527,-2.0933,-3.0527,-2.0933,-3.0527,2.0933,-6.283,-0.57,1.71,-0.274,-0.327,0.57,1.71,-0.274,0.088815354,0.57,-0.296,1.809,1.718,0.36357,1.13,-0.2897,-0.2622
313,5.235999999999645,1.0,-0.11337774,-1.0,-1.0,-1.0,1.0,-1.0,-1.0,1.0,-1.0,-1.0,1.0,1.0,-1.0,-0.5934967,1.0,-1.0,1.0,1.0,-1.0,1.0,-1.0,-1.0,3.0527,-2.0933,-3.0527,-2.0933,-3.0527,2.0933,-6.283,-0.57,1.71,-0.274,-0.327,0.57,1.71,-0.274,0.088649645,0.57,-0.296,1.809,1.718,0.36357,1.13,-0.2897,-0.2622
314,5.251999999999644,1.0,-0.1134753,-1.0,-1.0,-1.0,1.0,-1.0,-1.0,1.0,-1.0,-1.0,1.0,1.0,-1.0,-0.5936609,1.0,-1.0,1.0,1.0,-1.0,1.0,-1.0,-1.0,3.0527,-2.0933,-3.0527,-2.0933,-3.0527,2.0933,-6.283,-0.57,1.71,-0.274,-0.327,0.57,1.71,-0.274,0.08848174,0.57,-0.296,1.809,1.718,0.36357,1.13,-0.2897,-0.2622
315,5.267999999999642,1.0,-0.11356633,-1.0,-1.0,-1.0,1.0,-1.0,-1.0,1.0,-1.0,-1.0,1.0,1.0,-1.0,-0.59383184,1.0,-1.0,1.0,1.0,-1.0,1.0,-1.0,-1.0,3.0527,-2.0933,-3.0527,-2.0933,-3.0527,2.0933,-6.283,-0.57,1.71,-0.274,-0.327,0.57,1.71,-0.274,0.08830695,0.57,-0.296,1.809,1.718,0.36357,1.13,-0.2897,-0.2622
316,5.28599999999964,1.0,-0.113662384,-1.0,-1.0,-1.0,1.0,-1.0,-1.0,1.0,-1.0,-1.0,1.0,1.0,-1.0,-0.5940088,1.0,-1.0,1.0,1.0,-1.0,1.0,-1.0,-1.0,3.0527,-2.0933,-3.0527,-2.0933,-3.0527,2.0933,-6.283,-0.57,1.71,-0.274,-0.327,0.57,1.71,-0.274,0.088126,0.57,-0.296,1.809,1.718,0.36357,1.13,-0.2897,-0.2622
317,5.301999999999638,1.0,-0.11376623,-1.0,-1.0,-1.0,1.0,-1.0,-1.0,1.0,-1.0,-1.0,1.0,1.0,-1.0,-0.5941879,1.0,-1.0,1.0,1.0,-1.0,1.0,-1.0,-1.0,3.0527,-2.0933,-3.0527,-2.0933,-3.0527,2.0933,-6.283,-0.57,1.71,-0.274,-0.327,0.57,1.71,-0.274,0.08794285,0.57,-0.296,1.809,1.718,0.36357,1.13,-0.2897,-0.2622
318,5.317999999999636,1.0,-0.11386015,-1.0,-1.0,-1.0,1.0,-1.0,-1.0,1.0,-1.0,-1.0,1.0,1.0,-1.0,-0.59436655,1.0,-1.0,1.0,1.0,-1.0,1.0,-1.0,-1.0,3.0527,-2.0933,-3.0527,-2.0933,-3.0527,2.0933,-6.283,-0.57,1.71,-0.274,-0.327,0.57,1.71,-0.274,0.0877602,0.57,-0.296,1.809,1.718,0.36357,1.13,-0.2897,-0.2622
319,5.335999999999634,1.0,-0.113951616,-1.0,-1.0,-1.0,1.0,-1.0,-1.0,1.0,-1.0,-1.0,1.0,1.0,-1.0,-0.594547,1.0,-1.0,1.0,1.0,-1.0,1.0,-1.0,-1.0,3.0527,-2.0933,-3.0527,-2.0933,-3.0527,2.0933,-6.283,-0.57,1.71,-0.274,-0.327,0.57,1.71,-0.274,0.08757572,0.57,-0.296,1.809,1.718,0.36357,1.13,-0.2897,-0.2622
320,5.351999999999633,1.0,-0.1140453,-1.0,-1.0,-1.0,1.0,-1.0,-1.0,1.0,-1.0,-1.0,1.0,1.0,-1.0,-0.59473085,1.0,-1.0,1.0,1.0,-1.0,1.0,-1.0,-1.0,3.0527,-2.0933,-3.0527,-2.0933,-3.0527,2.0933,-6.283,-0.57,1.71,-0.274,-0.327,0.57,1.71,-0.274,0.0873877,0.57,-0.296,1.809,1.718,0.36357,1.13,-0.2897,-0.2622
321,5.367999999999631,1.0,-0.11413046,-1.0,-1.0,-1.0,1.0,-1.0,-1.0,1.0,-1.0,-1.0,1.0,1.0,-1.0,-0.5949123,1.0,-1.0,1.0,1.0,-1.0,1.0,-1.0,-1.0,3.0527,-2.0933,-3.0527,-2.0933,-3.0527,2.0933,-6.283,-0.57,1.71,-0.274,-0.327,0.57,1.71,-0.274,0.087202184,0.57,-0.296,1.809,1.718,0.36357,1.13,-0.2897,-0.2622
322,5.385999999999629,1.0,-0.11422583,-1.0,-1.0,-1.0,1.0,-1.0,-1.0,1.0,-1.0,-1.0,1.0,1.0,-1.0,-0.59509975,1.0,-1.0,1.0,1.0,-1.0,1.0,-1.0,-1.0,3.0527,-2.0933,-3.0527,-2.0933,-3.0527,2.0933,-6.283,-0.57,1.71,-0.274,-0.327,0.57,1.71,-0.274,0.08701051,0.57,-0.296,1.809,1.718,0.36357,1.13,-0.2897,-0.2622
323,5.401999999999627,1.0,-0.11432017,-1.0,-1.0,-1.0,1.0,-1.0,-1.0,1.0,-1.0,-1.0,1.0,1.0,-1.0,-0.5952881,1.0,-1.0,1.0,1.0,-1.0,1.0,-1.0,-1.0,3.0527,-2.0933,-3.0527,-2.0933,-3.0527,2.0933,-6.283,-0.57,1.71,-0.274,-0.327,0.57,1.71,-0.274,0.08681792,0.57,-0.296,1.809,1.718,0.36357,1.13,-0.2897,-0.2622
324,5.417999999999625,1.0,-0.11440664,-1.0,-1.0,-1.0,1.0,-1.0,-1.0,1.0,-1.0,-1.0,1.0,1.0,-1.0,-0.5954755,1.0,-1.0,1.0,1.0,-1.0,1.0,-1.0,-1.0,3.0527,-2.0933,-3.0527,-2.0933,-3.0527,2.0933,-6.283,-0.57,1.71,-0.274,-0.327,0.57,1.71,-0.274,0.086626306,0.57,-0.296,1.809,1.718,0.36357,1.13,-0.2897,-0.2622
325,5.435999999999623,1.0,-0.11449172,-1.0,-1.0,-1.0,1.0,-1.0,-1.0,1.0,-1.0,-1.0,1.0,1.0,-1.0,-0.5956654,1.0,-1.0,1.0,1.0,-1.0,1.0,-1.0,-1.0,3.0527,-2.0933,-3.0527,-2.0933,-3.0527,2.0933,-6.283,-0.57,1.71,-0.274,-0.327,0.57,1.71,-0.274,0.08643214,0.57,-0.296,1.809,1.718,0.36357,1.13,-0.2897,-0.2622
326,5.451999999999622,1.0,-0.11458913,-1.0,-1.0,-1.0,1.0,-1.0,-1.0,1.0,-1.0,-1.0,1.0,1.0,-1.0,-0.59586227,1.0,-1.0,1.0,1.0,-1.0,1.0,-1.0,-1.0,3.0527,-2.0933,-3.0527,-2.0933,-3.0527,2.0933,-6.283,-0.57,1.71,-0.274,-0.327,0.57,1.71,-0.274,0.08623083,0.57,-0.296,1.809,1.718,0.36357,1.13,-0.2897,-0.2622
327,5.46799999999962,1.0,-0.11467426,-1.0,-1.0,-1.0,1.0,-1.0,-1.0,1.0,-1.0,-1.0,1.0,1.0,-1.0,-0.5960553,1.0,-1.0,1.0,1.0,-1.0,1.0,-1.0,-1.0,3.0527,-2.0933,-3.0527,-2.0933,-3.0527,2.0933,-6.283,-0.57,1.71,-0.274,-0.327,0.57,1.71,-0.274,0.086033426,0.57,-0.296,1.809,1.718,0.36357,1.13,-0.2897,-0.2622
328,5.485999999999618,1.0,-0.11475734,-1.0,-1.0,-1.0,1.0,-1.0,-1.0,1.0,-1.0,-1.0,1.0,1.0,-1.0,-0.5962505,1.0,-1.0,1.0,1.0,-1.0,1.0,-1.0,-1.0,3.0527,-2.0933,-3.0527,-2.0933,-3.0527,2.0933,-6.283,-0.57,1.71,-0.274,-0.327,0.57,1.71,-0.274,0.08583389,0.57,-0.296,1.809,1.718,0.36357,1.13,-0.2897,-0.2622
329,5.501999999999616,1.0,-0.11484396,-1.0,-1.0,-1.0,1.0,-1.0,-1.0,1.0,-1.0,-1.0,1.0,1.0,-1.0,-0.59644854,1.0,-1.0,1.0,1.0,-1.0,1.0,-1.0,-1.0,3.0527,-2.0933,-3.0527,-2.0933,-3.0527,2.0933,-6.283,-0.57,1.71,-0.274,-0.327,0.57,1.71,-0.274,0.08563137,0.57,-0.296,1.809,1.718,0.36357,1.13,-0.2897,-0.2622
330,5.517999999999614,1.0,-0.11492268,-1.0,-1.0,-1.0,1.0,-1.0,-1.0,1.0,-1.0,-1.0,1.0,1.0,-1.0,-0.5966453,1.0,-1.0,1.0,1.0,-1.0,1.0,-1.0,-1.0,3.0527,-2.0933,-3.0527,-2.0933,-3.0527,2.0933,-6.283,-0.57,1.71,-0.274,-0.327,0.57,1.71,-0.274,0.08543018,0.57,-0.296,1.809,1.718,0.36357,1.13,-0.2897,-0.2622
331,5.535999999999612,1.0,-0.11500802,-1.0,-1.0,-1.0,1.0,-1.0,-1.0,1.0,-1.0,-1.0,1.0,1.0,-1.0,-0.5968474,1.0,-1.0,1.0,1.0,-1.0,1.0,-1.0,-1.0,3.0527,-2.0933,-3.0527,-2.0933,-3.0527,2.0933,-6.283,-0.57,1.71,-0.274,-0.327,0.57,1.71,-0.274,0.08522352,0.57,-0.296,1.809,1.718,0.36357,1.13,-0.2897,-0.2622
332,5.551999999999611,1.0,-0.11509151,-1.0,-1.0,-1.0,1.0,-1.0,-1.0,1.0,-1.0,-1.0,1.0,1.0,-1.0,-0.5970444,1.0,-1.0,1.0,1.0,-1.0,1.0,-1.0,-1.0,3.0527,-2.0933,-3.0527,-2.0933,-3.0527,2.0933,-6.283,-0.57,1.71,-0.274,-0.327,0.57,1.71,-0.274,0.08502209,0.57,-0.296,1.809,1.718,0.36357,1.13,-0.2897,-0.2622
333,5.567999999999609,1.0,-0.11516177,-1.0,-1.0,-1.0,1.0,-1.0,-1.0,1.0,-1.0,-1.0,1.0,1.0,-1.0,-0.5972391,1.0,-1.0,1.0,1.0,-1.0,1.0,-1.0,-1.0,3.0527,-2.0933,-3.0527,-2.0933,-3.0527,2.0933,-6.283,-0.57,1.71,-0.274,-0.327,0.57,1.71,-0.274,0.08482304,0.57,-0.296,1.809,1.718,0.36357,1.13,-0.2897,-0.2622
334,5.585999999999607,1.0,-0.115242414,-1.0,-1.0,-1.0,1.0,-1.0,-1.0,1.0,-1.0,-1.0,1.0,1.0,-1.0,-0.59744,1.0,-1.0,1.0,1.0,-1.0,1.0,-1.0,-1.0,3.0527,-2.0933,-3.0527,-2.0933,-3.0527,2.0933,-6.283,-0.57,1.71,-0.274,-0.327,0.57,1.71,-0.274,0.08461759,0.57,-0.296,1.809,1.718,0.36357,1.13,-0.2897,-0.2622
335,5.601999999999605,1.0,-0.11532465,-1.0,-1.0,-1.0,1.0,-1.0,-1.0,1.0,-1.0,-1.0,1.0,1.0,-1.0,-0.5976438,1.0,-1.0,1.0,1.0,-1.0,1.0,-1.0,-1.0,3.0527,-2.0933,-3.0527,-2.0933,-3.0527,2.0933,-6.283,-0.57,1.71,-0.274,-0.327,0.57,1.71,-0.274,0.08440922,0.57,-0.296,1.809,1.718,0.36357,1.13,-0.2897,-0.2622
336,5.617999999999603,1.0,-0.11539706,-1.0,-1.0,-1.0,1.0,-1.0,-1.0,1.0,-1.0,-1.0,1.0,1.0,-1.0,-0.5978436,1.0,-1.0,1.0,1.0,-1.0,1.0,-1.0,-1.0,3.0527,-2.0933,-3.0527,-2.0933,-3.0527,2.0933,-6.283,-0.57,1.71,-0.274,-0.327,0.57,1.71,-0.274,0.084204935,0.57,-0.296,1.809,1.718,0.36357,1.13,-0.2897,-0.2622
337,5.635999999999601,1.0,-0.115476094,-1.0,-1.0,-1.0,1.0,-1.0,-1.0,1.0,-1.0,-1.0,1.0,1.0,-1.0,-0.5980487,1.0,-1.0,1.0,1.0,-1.0,1.0,-1.0,-1.0,3.0527,-2.0933,-3.0527,-2.0933,-3.0527,2.0933,-6.283,-0.57,1.71,-0.274,-0.327,0.57,1.71,-0.274,0.083995216,0.57,-0.296,1.809,1.718,0.36357,1.13,-0.2897,-0.2622
338,5.6519999999996,1.0,-0.11555422,-1.0,-1.0,-1.0,1.0,-1.0,-1.0,1.0,-1.0,-1.0,1.0,1.0,-1.0,-0.5982519,1.0,-1.0,1.0,1.0,-1.0,1.0,-1.0,-1.0,3.0527,-2.0933,-3.0527,-2.0933,-3.0527,2.0933,-6.283,-0.57,1.71,-0.274,-0.327,0.57,1.71,-0.274,0.083787456,0.57,-0.296,1.809,1.718,0.36357,1.13,-0.2897,-0.2622
339,5.667999999999598,1.0,-0.115639485,-1.0,-1.0,-1.0,1.0,-1.0,-1.0,1.0,-1.0,-1.0,1.0,1.0,-1.0,-0.5984627,1.0,-1.0,1.0,1.0,-1.0,1.0,-1.0,-1.0,3.0527,-2.0933,-3.0527,-2.0933,-3.0527,2.0933,-6.283,-0.57,1.71,-0.274,-0.327,0.57,1.71,-0.274,0.08357189,0.57,-0.296,1.809,1.718,0.36357,1.13,-0.2897,-0.2622
340,5.685999999999596,1.0,-0.11572618,-1.0,-1.0,-1.0,1.0,-1.0,-1.0,1.0,-1.0,-1.0,1.0,1.0,-1.0,-0.59867644,1.0,-1.0,1.0,1.0,-1.0,1.0,-1.0,-1.0,3.0527,-2.0933,-3.0527,-2.0933,-3.0527,2.0933,-6.283,-0.57,1.71,-0.274,-0.327,0.57,1.71,-0.274,0.08335334,0.57,-0.296,1.809,1.718,0.36357,1.13,-0.2897,-0.2622
341,5.701999999999594,1.0,-0.115816064,-1.0,-1.0,-1.0,1.0,-1.0,-1.0,1.0,-1.0,-1.0,1.0,1.0,-1.0,-0.59889495,1.0,-1.0,1.0,1.0,-1.0,1.0,-1.0,-1.0,3.0527,-2.0933,-3.0527,-2.0933,-3.0527,2.0933,-6.283,-0.57,1.71,-0.274,-0.327,0.57,1.71,-0.274,0.08312991,0.57,-0.296,1.809,1.718,0.36357,1.13,-0.2897,-0.2622
342,5.717999999999592,1.0,-0.11590018,-1.0,-1.0,-1.0,1.0,-1.0,-1.0,1.0,-1.0,-1.0,1.0,1.0,-1.0,-0.59911335,1.0,-1.0,1.0,1.0,-1.0,1.0,-1.0,-1.0,3.0527,-2.0933,-3.0527,-2.0933,-3.0527,2.0933,-6.283,-0.57,1.71,-0.274,-0.327,0.57,1.71,-0.274,0.082906604,0.57,-0.296,1.809,1.718,0.36357,1.13,-0.2897,-0.2622
343,5.73599999999959,1.0,-0.11598574,-1.0,-1.0,-1.0,1.0,-1.0,-1.0,1.0,-1.0,-1.0,1.0,1.0,-1.0,-0.5993351,1.0,-1.0,1.0,1.0,-1.0,1.0,-1.0,-1.0,3.0527,-2.0933,-3.0527,-2.0933,-3.0527,2.0933,-6.283,-0.57,1.71,-0.274,-0.327,0.57,1.71,-0.274,0.08267989,0.57,-0.296,1.809,1.718,0.36357,1.13,-0.2897,-0.2622
344,5.7519999999995886,1.0,-0.11607926,-1.0,-1.0,-1.0,1.0,-1.0,-1.0,1.0,-1.0,-1.0,1.0,1.0,-1.0,-0.5995638,1.0,-1.0,1.0,1.0,-1.0,1.0,-1.0,-1.0,3.0527,-2.0933,-3.0527,-2.0933,-3.0527,2.0933,-6.283,-0.57,1.71,-0.274,-0.327,0.57,1.71,-0.274,0.08244604,0.57,-0.296,1.809,1.718,0.36357,1.13,-0.2897,-0.2622
345,5.767999999999587,1.0,-0.11616627,-1.0,-1.0,-1.0,1.0,-1.0,-1.0,1.0,-1.0,-1.0,1.0,1.0,-1.0,-0.5997914,1.0,-1.0,1.0,1.0,-1.0,1.0,-1.0,-1.0,3.0527,-2.0933,-3.0527,-2.0933,-3.0527,2.0933,-6.283,-0.57,1.71,-0.274,-0.327,0.57,1.71,-0.274,0.08221328,0.57,-0.296,1.809,1.718,0.36357,1.13,-0.2897,-0.2622
346,5.785999999999585,1.0,-0.11626118,-1.0,-1.0,-1.0,1.0,-1.0,-1.0,1.0,-1.0,-1.0,1.0,1.0,-1.0,-0.60003334,1.0,-1.0,1.0,1.0,-1.0,1.0,-1.0,-1.0,3.0527,-2.0933,-3.0527,-2.0933,-3.0527,2.0933,-6.283,-0.57,1.71,-0.274,-0.327,0.57,1.71,-0.274,0.08196591,0.57,-0.296,1.809,1.718,0.36357,1.13,-0.2897,-0.2622
347,5.801999999999583,1.0,-0.11638025,-1.0,-1.0,-1.0,1.0,-1.0,-1.0,1.0,-1.0,-1.0,1.0,1.0,-1.0,-0.6002972,1.0,-1.0,1.0,1.0,-1.0,1.0,-1.0,-1.0,3.0527,-2.0933,-3.0527,-2.0933,-3.0527,2.0933,-6.283,-0.57,1.71,-0.274,-0.327,0.57,1.71,-0.274,0.0816961,0.57,-0.296,1.809,1.718,0.36357,1.13,-0.2897,-0.2622
348,5.817999999999581,1.0,-0.11648775,-1.0,-1.0,-1.0,1.0,-1.0,-1.0,1.0,-1.0,-1.0,1.0,1.0,-1.0,-0.6005536,1.0,-1.0,1.0,1.0,-1.0,1.0,-1.0,-1.0,3.0527,-2.0933,-3.0527,-2.0933,-3.0527,2.0933,-6.283,-0.57,1.71,-0.274,-0.327,0.57,1.71,-0.274,0.081433974,0.57,-0.296,1.809,1.718,0.36357,1.13,-0.2897,-0.2622
349,5.835999999999579,1.0,-0.11659222,-1.0,-1.0,-1.0,1.0,-1.0,-1.0,1.0,-1.0,-1.0,1.0,1.0,-1.0,-0.6008075,1.0,-1.0,1.0,1.0,-1.0,1.0,-1.0,-1.0,3.0527,-2.0933,-3.0527,-2.0933,-3.0527,2.0933,-6.283,-0.57,1.71,-0.274,-0.327,0.57,1.71,-0.274,0.081174344,0.57,-0.296,1.809,1.718,0.36357,1.13,-0.2897,-0.2622
350,5.8519999999995775,1.0,-0.116699345,-1.0,-1.0,-1.0,1.0,-1.0,-1.0,1.0,-1.0,-1.0,1.0,1.0,-1.0,-0.6010649,1.0,-1.0,1.0,1.0,-1.0,1.0,-1.0,-1.0,3.0527,-2.0933,-3.0527,-2.0933,-3.0527,2.0933,-6.283,-0.57,1.71,-0.274,-0.327,0.57,1.71,-0.274,0.08091112,0.57,-0.296,1.809,1.718,0.36357,1.13,-0.2897,-0.2622
351,5.867999999999576,1.0,-0.11679945,-1.0,-1.0,-1.0,1.0,-1.0,-1.0,1.0,-1.0,-1.0,1.0,1.0,-1.0,-0.60132015,1.0,-1.0,1.0,1.0,-1.0,1.0,-1.0,-1.0,3.0527,-2.0933,-3.0527,-2.0933,-3.0527,2.0933,-6.283,-0.57,1.71,-0.274,-0.327,0.57,1.71,-0.274,0.08065015,0.57,-0.296,1.809,1.718,0.36357,1.13,-0.2897,-0.2622
352,5.885999999999574,1.0,-0.116896145,-1.0,-1.0,-1.0,1.0,-1.0,-1.0,1.0,-1.0,-1.0,1.0,1.0,-1.0,-0.60157615,1.0,-1.0,1.0,1.0,-1.0,1.0,-1.0,-1.0,3.0527,-2.0933,-3.0527,-2.0933,-3.0527,2.0933,-6.283,-0.57,1.71,-0.274,-0.327,0.57,1.71,-0.274,0.08038839,0.57,-0.296,1.809,1.718,0.36357,1.13,-0.2897,-0.2622
353,5.901999999999572,1.0,-0.11701123,-1.0,-1.0,-1.0,1.0,-1.0,-1.0,1.0,-1.0,-1.0,1.0,1.0,-1.0,-0.6018457,1.0,-1.0,1.0,1.0,-1.0,1.0,-1.0,-1.0,3.0527,-2.0933,-3.0527,-2.0933,-3.0527,2.0933,-6.283,-0.57,1.71,-0.274,-0.327,0.57,1.71,-0.274,0.08011279,0.57,-0.296,1.809,1.718,0.36357,1.13,-0.2897,-0.2622
354,5.91799999999957,1.0,-0.11711631,-1.0,-1.0,-1.0,1.0,-1.0,-1.0,1.0,-1.0,-1.0,1.0,1.0,-1.0,-0.60211295,1.0,-1.0,1.0,1.0,-1.0,1.0,-1.0,-1.0,3.0527,-2.0933,-3.0527,-2.0933,-3.0527,2.0933,-6.283,-0.57,1.71,-0.274,-0.327,0.57,1.71,-0.274,0.07983951,0.57,-0.296,1.809,1.718,0.36357,1.13,-0.2897,-0.2622
355,5.935999999999568,1.0,-0.11721968,-1.0,-1.0,-1.0,1.0,-1.0,-1.0,1.0,-1.0,-1.0,1.0,1.0,-1.0,-0.6023827,1.0,-1.0,1.0,1.0,-1.0,1.0,-1.0,-1.0,3.0527,-2.0933,-3.0527,-2.0933,-3.0527,2.0933,-6.283,-0.57,1.71,-0.274,-0.327,0.57,1.71,-0.274,0.07956367,0.57,-0.296,1.809,1.718,0.36357,1.13,-0.2897,-0.2622
356,5.9519999999995665,1.0,-0.11732755,-1.0,-1.0,-1.0,1.0,-1.0,-1.0,1.0,-1.0,-1.0,1.0,1.0,-1.0,-0.6026487,1.0,-1.0,1.0,1.0,-1.0,1.0,-1.0,-1.0,3.0527,-2.0933,-3.0527,-2.0933,-3.0527,2.0933,-6.283,-0.57,1.71,-0.274,-0.327,0.57,1.71,-0.274,0.07929173,0.57,-0.296,1.809,1.718,0.36357,1.13,-0.2897,-0.2622
357,5.967999999999565,1.0,-0.117412664,-1.0,-1.0,-1.0,1.0,-1.0,-1.0,1.0,-1.0,-1.0,1.0,1.0,-1.0,-0.6029028,1.0,-1.0,1.0,1.0,-1.0,1.0,-1.0,-1.0,3.0527,-2.0933,-3.0527,-2.0933,-3.0527,2.0933,-6.283,-0.57,1.71,-0.274,-0.327,0.57,1.71,-0.274,0.079031855,0.57,-0.296,1.809,1.718,0.36357,1.13,-0.2897,-0.2622
358,5.985999999999563,1.0,-0.117499836,-1.0,-1.0,-1.0,1.0,-1.0,-1.0,1.0,-1.0,-1.0,1.0,1.0,-1.0,-0.603162,1.0,-1.0,1.0,1.0,-1.0,1.0,-1.0,-1.0,3.0527,-2.0933,-3.0527,-2.0933,-3.0527,2.0933,-6.283,-0.57,1.71,-0.274,-0.327,0.57,1.71,-0.274,0.07876687,0.57,-0.296,1.809,1.718,0.36357,1.13,-0.2897,-0.2622
359,6.001999999999561,1.0,-0.11759623,-1.0,-1.0,-1.0,1.0,-1.0,-1.0,1.0,-1.0,-1.0,1.0,1.0,-1.0,-0.6034287,1.0,-1.0,1.0,1.0,-1.0,1.0,-1.0,-1.0,3.0527,-2.0933,-3.0527,-2.0933,-3.0527,2.0933,-6.283,-0.57,1.71,-0.274,-0.327,0.57,1.71,-0.274,0.07849413,0.57,-0.296,1.809,1.718,0.36357,1.13,-0.2897,-0.2622
360,6.017999999999559,1.0,-0.11768747,-1.0,-1.0,-1.0,1.0,-1.0,-1.0,1.0,-1.0,-1.0,1.0,1.0,-1.0,-0.60369873,1.0,-1.0,1.0,1.0,-1.0,1.0,-1.0,-1.0,3.0527,-2.0933,-3.0527,-2.0933,-3.0527,2.0933,-6.283,-0.57,1.71,-0.274,-0.327,0.57,1.71,-0.274,0.07821805,0.57,-0.296,1.809,1.718,0.36357,1.13,-0.2897,-0.2622
361,6.035999999999557,1.0,-0.11778537,-1.0,-1.0,-1.0,1.0,-1.0,-1.0,1.0,-1.0,-1.0,1.0,1.0,-1.0,-0.6039696,1.0,-1.0,1.0,1.0,-1.0,1.0,-1.0,-1.0,3.0527,-2.0933,-3.0527,-2.0933,-3.0527,2.0933,-6.283,-0.57,1.71,-0.274,-0.327,0.57,1.71,-0.274,0.07794111,0.57,-0.296,1.809,1.718,0.36357,1.13,-0.2897,-0.2622
362,6.0519999999995555,1.0,-0.117897175,-1.0,-1.0,-1.0,1.0,-1.0,-1.0,1.0,-1.0,-1.0,1.0,1.0,-1.0,-0.60426134,1.0,-1.0,1.0,1.0,-1.0,1.0,-1.0,-1.0,3.0527,-2.0933,-3.0527,-2.0933,-3.0527,2.0933,-6.283,-0.57,1.71,-0.274,-0.327,0.57,1.71,-0.274,0.07764278,0.57,-0.296,1.809,1.718,0.36357,1.13,-0.2897,-0.2622
363,6.067999999999554,1.0,-0.118011795,-1.0,-1.0,-1.0,1.0,-1.0,-1.0,1.0,-1.0,-1.0,1.0,1.0,-1.0,-0.6045514,1.0,-1.0,1.0,1.0,-1.0,1.0,-1.0,-1.0,3.0527,-2.0933,-3.0527,-2.0933,-3.0527,2.0933,-6.283,-0.57,1.71,-0.274,-0.327,0.57,1.71,-0.274,0.07734622,0.57,-0.296,1.809,1.718,0.36357,1.13,-0.2897,-0.2622
364,6.085999999999552,1.0,-0.11812589,-1.0,-1.0,-1.0,1.0,-1.0,-1.0,1.0,-1.0,-1.0,1.0,1.0,-1.0,-0.6048395,1.0,-1.0,1.0,1.0,-1.0,1.0,-1.0,-1.0,3.0527,-2.0933,-3.0527,-2.0933,-3.0527,2.0933,-6.283,-0.57,1.71,-0.274,-0.327,0.57,1.71,-0.274,0.07705161,0.57,-0.296,1.809,1.718,0.36357,1.13,-0.2897,-0.2622
365,6.10199999999955,1.0,-0.11823925,-1.0,-1.0,-1.0,1.0,-1.0,-1.0,1.0,-1.0,-1.0,1.0,1.0,-1.0,-0.6051172,1.0,-1.0,1.0,1.0,-1.0,1.0,-1.0,-1.0,3.0527,-2.0933,-3.0527,-2.0933,-3.0527,2.0933,-6.283,-0.57,1.71,-0.274,-0.327,0.57,1.71,-0.274,0.07676766,0.57,-0.296,1.809,1.718,0.36357,1.13,-0.2897,-0.2622
366,6.117999999999548,1.0,-0.11833393,-1.0,-1.0,-1.0,1.0,-1.0,-1.0,1.0,-1.0,-1.0,1.0,1.0,-1.0,-0.60538524,1.0,-1.0,1.0,1.0,-1.0,1.0,-1.0,-1.0,3.0527,-2.0933,-3.0527,-2.0933,-3.0527,2.0933,-6.283,-0.57,1.71,-0.274,-0.327,0.57,1.71,-0.274,0.07649359,0.57,-0.296,1.809,1.718,0.36357,1.13,-0.2897,-0.2622
367,6.135999999999546,1.0,-0.11842873,-1.0,-1.0,-1.0,1.0,-1.0,-1.0,1.0,-1.0,-1.0,1.0,1.0,-1.0,-0.60565674,1.0,-1.0,1.0,1.0,-1.0,1.0,-1.0,-1.0,3.0527,-2.0933,-3.0527,-2.0933,-3.0527,2.0933,-6.283,-0.57,1.71,-0.274,-0.327,0.57,1.71,-0.274,0.07621598,0.57,-0.296,1.809,1.718,0.36357,1.13,-0.2897,-0.2622
368,6.1519999999995445,1.0,-0.11853527,-1.0,-1.0,-1.0,1.0,-1.0,-1.0,1.0,-1.0,-1.0,1.0,1.0,-1.0,-0.60594,1.0,-1.0,1.0,1.0,-1.0,1.0,-1.0,-1.0,3.0527,-2.0933,-3.0527,-2.0933,-3.0527,2.0933,-6.283,-0.57,1.71,-0.274,-0.327,0.57,1.71,-0.274,0.07592636,0.57,-0.296,1.809,1.718,0.36357,1.13,-0.2897,-0.2622
369,6.167999999999543,1.0,-0.1186431,-1.0,-1.0,-1.0,1.0,-1.0,-1.0,1.0,-1.0,-1.0,1.0,1.0,-1.0,-0.6062188,1.0,-1.0,1.0,1.0,-1.0,1.0,-1.0,-1.0,3.0527,-2.0933,-3.0527,-2.0933,-3.0527,2.0933,-6.283,-0.57,1.71,-0.274,-0.327,0.57,1.71,-0.274,0.07564126,0.57,-0.296,1.809,1.718,0.36357,1.13,-0.2897,-0.2622
370,6.185999999999541,1.0,-0.11875103,-1.0,-1.0,-1.0,1.0,-1.0,-1.0,1.0,-1.0,-1.0,1.0,1.0,-1.0,-0.606498,1.0,-1.0,1.0,1.0,-1.0,1.0,-1.0,-1.0,3.0527,-2.0933,-3.0527,-2.0933,-3.0527,2.0933,-6.283,-0.57,1.71,-0.274,-0.327,0.57,1.71,-0.274,0.07535579,0.57,-0.296,1.809,1.718,0.36357,1.13,-0.2897,-0.2622
371,6.201999999999539,1.0,-0.11886761,-1.0,-1.0,-1.0,1.0,-1.0,-1.0,1.0,-1.0,-1.0,1.0,1.0,-1.0,-0.60678405,1.0,-1.0,1.0,1.0,-1.0,1.0,-1.0,-1.0,3.0527,-2.0933,-3.0527,-2.0933,-3.0527,2.0933,-6.283,-0.57,1.71,-0.274,-0.327,0.57,1.71,-0.274,0.07506331,0.57,-0.296,1.809,1.718,0.36357,1.13,-0.2897,-0.2622
372,6.217999999999537,1.0,-0.11898769,-1.0,-1.0,-1.0,1.0,-1.0,-1.0,1.0,-1.0,-1.0,1.0,1.0,-1.0,-0.60707545,1.0,-1.0,1.0,1.0,-1.0,1.0,-1.0,-1.0,3.0527,-2.0933,-3.0527,-2.0933,-3.0527,2.0933,-6.283,-0.57,1.71,-0.274,-0.327,0.57,1.71,-0.274,0.07476535,0.57,-0.296,1.809,1.718,0.36357,1.13,-0.2897,-0.2622
373,6.235999999999535,1.0,-0.11911183,-1.0,-1.0,-1.0,1.0,-1.0,-1.0,1.0,-1.0,-1.0,1.0,1.0,-1.0,-0.6073643,1.0,-1.0,1.0,1.0,-1.0,1.0,-1.0,-1.0,3.0527,-2.0933,-3.0527,-2.0933,-3.0527,2.0933,-6.283,-0.57,1.71,-0.274,-0.327,0.57,1.71,-0.274,0.074470006,0.57,-0.296,1.809,1.718,0.36357,1.13,-0.2897,-0.2622
374,6.2519999999995335,1.0,-0.119234376,-1.0,-1.0,-1.0,1.0,-1.0,-1.0,1.0,-1.0,-1.0,1.0,1.0,-1.0,-0.6076623,1.0,-1.0,1.0,1.0,-1.0,1.0,-1.0,-1.0,3.0527,-2.0933,-3.0527,-2.0933,-3.0527,2.0933,-6.283,-0.57,1.71,-0.274,-0.327,0.57,1.71,-0.274,0.07416528,0.57,-0.296,1.809,1.718,0.36357,1.13,-0.2897,-0.2622
375,6.267999999999532,1.0,-0.119356446,-1.0,-1.0,-1.0,1.0,-1.0,-1.0,1.0,-1.0,-1.0,1.0,1.0,-1.0,-0.6079584,1.0,-1.0,1.0,1.0,-1.0,1.0,-1.0,-1.0,3.0527,-2.0933,-3.0527,-2.0933,-3.0527,2.0933,-6.283,-0.57,1.71,-0.274,-0.327,0.57,1.71,-0.274,0.07386256,0.57,-0.296,1.809,1.718,0.36357,1.13,-0.2897,-0.2622
376,6.28599999999953,1.0,-0.11948838,-1.0,-1.0,-1.0,1.0,-1.0,-1.0,1.0,-1.0,-1.0,1.0,1.0,-1.0,-0.6082546,1.0,-1.0,1.0,1.0,-1.0,1.0,-1.0,-1.0,3.0527,-2.0933,-3.0527,-2.0933,-3.0527,2.0933,-6.283,-0.57,1.71,-0.274,-0.327,0.57,1.71,-0.274,0.07355966,0.57,-0.296,1.809,1.718,0.36357,1.13,-0.2897,-0.2622
377,6.301999999999528,1.0,-0.11962388,-1.0,-1.0,-1.0,1.0,-1.0,-1.0,1.0,-1.0,-1.0,1.0,1.0,-1.0,-0.60855806,1.0,-1.0,1.0,1.0,-1.0,1.0,-1.0,-1.0,3.0527,-2.0933,-3.0527,-2.0933,-3.0527,2.0933,-6.283,-0.57,1.71,-0.274,-0.327,0.57,1.71,-0.274,0.073249385,0.57,-0.296,1.809,1.718,0.36357,1.13,-0.2897,-0.2622
378,6.317999999999526,1.0,-0.119753905,-1.0,-1.0,-1.0,1.0,-1.0,-1.0,1.0,-1.0,-1.0,1.0,1.0,-1.0,-0.6088602,1.0,-1.0,1.0,1.0,-1.0,1.0,-1.0,-1.0,3.0527,-2.0933,-3.0527,-2.0933,-3.0527,2.0933,-6.283,-0.57,1.71,-0.274,-0.327,0.57,1.71,-0.274,0.072940454,0.57,-0.296,1.809,1.718,0.36357,1.13,-0.2897,-0.2622
379,6.335999999999524,1.0,-0.11988849,-1.0,-1.0,-1.0,1.0,-1.0,-1.0,1.0,-1.0,-1.0,1.0,1.0,-1.0,-0.6091646,1.0,-1.0,1.0,1.0,-1.0,1.0,-1.0,-1.0,3.0527,-2.0933,-3.0527,-2.0933,-3.0527,2.0933,-6.283,-0.57,1.71,-0.274,-0.327,0.57,1.71,-0.274,0.0726292,0.57,-0.296,1.809,1.718,0.36357,1.13,-0.2897,-0.2622
380,6.3519999999995225,1.0,-0.120031066,-1.0,-1.0,-1.0,1.0,-1.0,-1.0,1.0,-1.0,-1.0,1.0,1.0,-1.0,-0.6094732,1.0,-1.0,1.0,1.0,-1.0,1.0,-1.0,-1.0,3.0527,-2.0933,-3.0527,-2.0933,-3.0527,2.0933,-6.283,-0.57,1.71,-0.274,-0.327,0.57,1.71,-0.274,0.07231362,0.57,-0.296,1.809,1.718,0.36357,1.13,-0.2897,-0.2622
381,6.367999999999521,1.0,-0.12017021,-1.0,-1.0,-1.0,1.0,-1.0,-1.0,1.0,-1.0,-1.0,1.0,1.0,-1.0,-0.60978186,1.0,-1.0,1.0,1.0,-1.0,1.0,-1.0,-1.0,3.0527,-2.0933,-3.0527,-2.0933,-3.0527,2.0933,-6.283,-0.57,1.71,-0.274,-0.327,0.57,1.71,-0.274,0.071998045,0.57,-0.296,1.809,1.718,0.36357,1.13,-0.2897,-0.2622
382,6.385999999999519,1.0,-0.12031061,-1.0,-1.0,-1.0,1.0,-1.0,-1.0,1.0,-1.0,-1.0,1.0,1.0,-1.0,-0.6100905,1.0,-1.0,1.0,1.0,-1.0,1.0,-1.0,-1.0,3.0527,-2.0933,-3.0527,-2.0933,-3.0527,2.0933,-6.283,-0.57,1.71,-0.274,-0.327,0.57,1.71,-0.274,0.07168247,0.57,-0.296,1.809,1.718,0.36357,1.13,-0.2897,-0.2622
383,6.401999999999517,1.0,-0.120456554,-1.0,-1.0,-1.0,1.0,-1.0,-1.0,1.0,-1.0,-1.0,1.0,1.0,-1.0,-0.6104007,1.0,-1.0,1.0,1.0,-1.0,1.0,-1.0,-1.0,3.0527,-2.0933,-3.0527,-2.0933,-3.0527,2.0933,-6.283,-0.57,1.71,-0.274,-0.327,0.57,1.71,-0.274,0.07136531,0.57,-0.296,1.809,1.718,0.36357,1.13,-0.2897,-0.2622
384,6.417999999999515,1.0,-0.12059481,-1.0,-1.0,-1.0,1.0,-1.0,-1.0,1.0,-1.0,-1.0,1.0,1.0,-1.0,-0.61070913,1.0,-1.0,1.0,1.0,-1.0,1.0,-1.0,-1.0,3.0527,-2.0933,-3.0527,-2.0933,-3.0527,2.0933,-6.283,-0.57,1.71,-0.274,-0.327,0.57,1.71,-0.274,0.071049914,0.57,-0.296,1.809,1.718,0.36357,1.13,-0.2897,-0.2622
385,6.435999999999513,1.0,-0.12073455,-1.0,-1.0,-1.0,1.0,-1.0,-1.0,1.0,-1.0,-1.0,1.0,1.0,-1.0,-0.61101955,1.0,-1.0,1.0,1.0,-1.0,1.0,-1.0,-1.0,3.0527,-2.0933,-3.0527,-2.0933,-3.0527,2.0933,-6.283,-0.57,1.71,-0.274,-0.327,0.57,1.71,-0.274,0.07073251,0.57,-0.296,1.809,1.718,0.36357,1.13,-0.2897,-0.2622
386,6.4519999999995115,1.0,-0.12087745,-1.0,-1.0,-1.0,1.0,-1.0,-1.0,1.0,-1.0,-1.0,1.0,1.0,-1.0,-0.61133003,1.0,-1.0,1.0,1.0,-1.0,1.0,-1.0,-1.0,3.0527,-2.0933,-3.0527,-2.0933,-3.0527,2.0933,-6.283,-0.57,1.71,-0.274,-0.327,0.57,1.71,-0.274,0.07041504,0.57,-0.296,1.809,1.718,0.36357,1.13,-0.2897,-0.2622
387,6.46799999999951,1.0,-0.121017195,-1.0,-1.0,-1.0,1.0,-1.0,-1.0,1.0,-1.0,-1.0,1.0,1.0,-1.0,-0.61163896,1.0,-1.0,1.0,1.0,-1.0,1.0,-1.0,-1.0,3.0527,-2.0933,-3.0527,-2.0933,-3.0527,2.0933,-6.283,-0.57,1.71,-0.274,-0.327,0.57,1.71,-0.274,0.07009916,0.57,-0.296,1.809,1.718,0.36357,1.13,-0.2897,-0.2622
388,6.485999999999508,1.0,-0.121155925,-1.0,-1.0,-1.0,1.0,-1.0,-1.0,1.0,-1.0,-1.0,1.0,1.0,-1.0,-0.61194754,1.0,-1.0,1.0,1.0,-1.0,1.0,-1.0,-1.0,3.0527,-2.0933,-3.0527,-2.0933,-3.0527,2.0933,-6.283,-0.57,1.71,-0.274,-0.327,0.57,1.71,-0.274,0.06978364,0.57,-0.296,1.809,1.718,0.36357,1.13,-0.2897,-0.2622
389,6.501999999999506,1.0,-0.121299334,-1.0,-1.0,-1.0,1.0,-1.0,-1.0,1.0,-1.0,-1.0,1.0,1.0,-1.0,-0.6122566,1.0,-1.0,1.0,1.0,-1.0,1.0,-1.0,-1.0,3.0527,-2.0933,-3.0527,-2.0933,-3.0527,2.0933,-6.283,-0.57,1.71,-0.274,-0.327,0.57,1.71,-0.274,0.06946764,0.57,-0.296,1.809,1.718,0.36357,1.13,-0.2897,-0.2622
390,6.517999999999504,1.0,-0.12143821,-1.0,-1.0,-1.0,1.0,-1.0,-1.0,1.0,-1.0,-1.0,1.0,1.0,-1.0,-0.612563,1.0,-1.0,1.0,1.0,-1.0,1.0,-1.0,-1.0,3.0527,-2.0933,-3.0527,-2.0933,-3.0527,2.0933,-6.283,-0.57,1.71,-0.274,-0.327,0.57,1.71,-0.274,0.069154315,0.57,-0.296,1.809,1.718,0.36357,1.13,-0.2897,-0.2622
391,6.535999999999502,1.0,-0.121579446,-1.0,-1.0,-1.0,1.0,-1.0,-1.0,1.0,-1.0,-1.0,1.0,1.0,-1.0,-0.61286855,1.0,-1.0,1.0,1.0,-1.0,1.0,-1.0,-1.0,3.0527,-2.0933,-3.0527,-2.0933,-3.0527,2.0933,-6.283,-0.57,1.71,-0.274,-0.327,0.57,1.71,-0.274,0.06884191,0.57,-0.296,1.809,1.718,0.36357,1.13,-0.2897,-0.2622
392,6.5519999999995004,1.0,-0.1217239,-1.0,-1.0,-1.0,1.0,-1.0,-1.0,1.0,-1.0,-1.0,1.0,1.0,-1.0,-0.6131746,1.0,-1.0,1.0,1.0,-1.0,1.0,-1.0,-1.0,3.0527,-2.0933,-3.0527,-2.0933,-3.0527,2.0933,-6.283,-0.57,1.71,-0.274,-0.327,0.57,1.71,-0.274,0.06852895,0.57,-0.296,1.809,1.718,0.36357,1.13,-0.2897,-0.2622
393,6.567999999999499,1.0,-0.12186288,-1.0,-1.0,-1.0,1.0,-1.0,-1.0,1.0,-1.0,-1.0,1.0,1.0,-1.0,-0.61347824,1.0,-1.0,1.0,1.0,-1.0,1.0,-1.0,-1.0,3.0527,-2.0933,-3.0527,-2.0933,-3.0527,2.0933,-6.283,-0.57,1.71,-0.274,-0.327,0.57,1.71,-0.274,0.0682185,0.57,-0.296,1.809,1.718,0.36357,1.13,-0.2897,-0.2622
394,6.585999999999497,1.0,-0.12200261,-1.0,-1.0,-1.0,1.0,-1.0,-1.0,1.0,-1.0,-1.0,1.0,1.0,-1.0,-0.61378056,1.0,-1.0,1.0,1.0,-1.0,1.0,-1.0,-1.0,3.0527,-2.0933,-3.0527,-2.0933,-3.0527,2.0933,-6.283,-0.57,1.71,-0.274,-0.327,0.57,1.71,-0.274,0.06790938,0.57,-0.296,1.809,1.718,0.36357,1.13,-0.2897,-0.2622
395,6.601999999999495,1.0,-0.12214611,-1.0,-1.0,-1.0,1.0,-1.0,-1.0,1.0,-1.0,-1.0,1.0,1.0,-1.0,-0.61408275,1.0,-1.0,1.0,1.0,-1.0,1.0,-1.0,-1.0,3.0527,-2.0933,-3.0527,-2.0933,-3.0527,2.0933,-6.283,-0.57,1.71,-0.274,-0.327,0.57,1.71,-0.274,0.067600384,0.57,-0.296,1.809,1.718,0.36357,1.13,-0.2897,-0.2622
396,6.617999999999493,1.0,-0.12228417,-1.0,-1.0,-1.0,1.0,-1.0,-1.0,1.0,-1.0,-1.0,1.0,1.0,-1.0,-0.61438173,1.0,-1.0,1.0,1.0,-1.0,1.0,-1.0,-1.0,3.0527,-2.0933,-3.0527,-2.0933,-3.0527,2.0933,-6.283,-0.57,1.71,-0.274,-0.327,0.57,1.71,-0.274,0.06729468,0.57,-0.296,1.809,1.718,0.36357,1.13,-0.2897,-0.2622
397,6.635999999999491,1.0,-0.12242233,-1.0,-1.0,-1.0,1.0,-1.0,-1.0,1.0,-1.0,-1.0,1.0,1.0,-1.0,-0.6146792,1.0,-1.0,1.0,1.0,-1.0,1.0,-1.0,-1.0,3.0527,-2.0933,-3.0527,-2.0933,-3.0527,2.0933,-6.283,-0.57,1.71,-0.274,-0.327,0.57,1.71,-0.274,0.0669905,0.57,-0.296,1.809,1.718,0.36357,1.13,-0.2897,-0.2622
398,6.651999999999489,1.0,-0.12256474,-1.0,-1.0,-1.0,1.0,-1.0,-1.0,1.0,-1.0,-1.0,1.0,1.0,-1.0,-0.61497664,1.0,-1.0,1.0,1.0,-1.0,1.0,-1.0,-1.0,3.0527,-2.0933,-3.0527,-2.0933,-3.0527,2.0933,-6.283,-0.57,1.71,-0.274,-0.327,0.57,1.71,-0.274,0.066686384,0.57,-0.296,1.809,1.718,0.36357,1.13,-0.2897,-0.2622
399,6.667999999999488,1.0,-0.12270146,-1.0,-1.0,-1.0,1.0,-1.0,-1.0,1.0,-1.0,-1.0,1.0,1.0,-1.0,-0.6152724,1.0,-1.0,1.0,1.0,-1.0,1.0,-1.0,-1.0,3.0527,-2.0933,-3.0527,-2.0933,-3.0527,2.0933,-6.283,-0.57,1.71,-0.274,-0.327,0.57,1.71,-0.274,0.066383965,0.57,-0.296,1.809,1.718,0.36357,1.13,-0.2897,-0.2622
400,6.685999999999486,1.0,-0.12283855,-1.0,-1.0,-1.0,1.0,-1.0,-1.0,1.0,-1.0,-1.0,1.0,1.0,-1.0,-0.61556494,1.0,-1.0,1.0,1.0,-1.0,1.0,-1.0,-1.0,3.0527,-2.0933,-3.0527,-2.0933,-3.0527,2.0933,-6.283,-0.57,1.71,-0.274,-0.327,0.57,1.71,-0.274,0.06608485,0.57,-0.296,1.809,1.718,0.36357,1.13,-0.2897,-0.2622
401,6.701999999999484,1.0,-0.122980125,-1.0,-1.0,-1.0,1.0,-1.0,-1.0,1.0,-1.0,-1.0,1.0,1.0,-1.0,-0.61585826,1.0,-1.0,1.0,1.0,-1.0,1.0,-1.0,-1.0,3.0527,-2.0933,-3.0527,-2.0933,-3.0527,2.0933,-6.283,-0.57,1.71,-0.274,-0.327,0.57,1.71,-0.274,0.06578493,0.57,-0.296,1.809,1.718,0.36357,1.13,-0.2897,-0.2622
402,6.719999999999482,1.0,-0.12310805,-1.0,-1.0,-1.0,1.0,-1.0,-1.0,1.0,-1.0,-1.0,1.0,1.0,-1.0,-0.6161376,1.0,-1.0,1.0,1.0,-1.0,1.0,-1.0,-1.0,3.0527,-2.0933,-3.0527,-2.0933,-3.0527,2.0933,-6.283,-0.57,1.71,-0.274,-0.327,0.57,1.71,-0.274,0.06549928,0.57,-0.296,1.809,1.718,0.36357,1.13,-0.2897,-0.2622
403,6.73599999999948,1.0,-0.123241074,-1.0,-1.0,-1.0,1.0,-1.0,-1.0,1.0,-1.0,-1.0,1.0,1.0,-1.0,-0.61642027,1.0,-1.0,1.0,1.0,-1.0,1.0,-1.0,-1.0,3.0527,-2.0933,-3.0527,-2.0933,-3.0527,2.0933,-6.283,-0.57,1.71,-0.274,-0.327,0.57,1.71,-0.274,0.065210275,0.57,-0.296,1.809,1.718,0.36357,1.13,-0.2897,-0.2622
404,6.751999999999478,1.0,-0.12337079,-1.0,-1.0,-1.0,1.0,-1.0,-1.0,1.0,-1.0,-1.0,1.0,1.0,-1.0,-0.6167051,1.0,-1.0,1.0,1.0,-1.0,1.0,-1.0,-1.0,3.0527,-2.0933,-3.0527,-2.0933,-3.0527,2.0933,-6.283,-0.57,1.71,-0.274,-0.327,0.57,1.71,-0.274,0.06491902,0.57,-0.296,1.809,1.718,0.36357,1.13,-0.2897,-0.2622
405,6.769999999999476,1.0,-0.12350782,-1.0,-1.0,-1.0,1.0,-1.0,-1.0,1.0,-1.0,-1.0,1.0,1.0,-1.0,-0.6169908,1.0,-1.0,1.0,1.0,-1.0,1.0,-1.0,-1.0,3.0527,-2.0933,-3.0527,-2.0933,-3.0527,2.0933,-6.283,-0.57,1.71,-0.274,-0.327,0.57,1.71,-0.274,0.0646269,0.57,-0.296,1.809,1.718,0.36357,1.13,-0.2897,-0.2622
406,6.785999999999475,1.0,-0.12364862,-1.0,-1.0,-1.0,1.0,-1.0,-1.0,1.0,-1.0,-1.0,1.0,1.0,-1.0,-0.61727625,1.0,-1.0,1.0,1.0,-1.0,1.0,-1.0,-1.0,3.0527,-2.0933,-3.0527,-2.0933,-3.0527,2.0933,-6.283,-0.57,1.71,-0.274,-0.327,0.57,1.71,-0.274,0.06433503,0.57,-0.296,1.809,1.718,0.36357,1.13,-0.2897,-0.2622
407,6.801999999999473,1.0,-0.12378127,-1.0,-1.0,-1.0,1.0,-1.0,-1.0,1.0,-1.0,-1.0,1.0,1.0,-1.0,-0.61755615,1.0,-1.0,1.0,1.0,-1.0,1.0,-1.0,-1.0,3.0527,-2.0933,-3.0527,-2.0933,-3.0527,2.0933,-6.283,-0.57,1.71,-0.274,-0.327,0.57,1.71,-0.274,0.064048834,0.57,-0.296,1.809,1.718,0.36357,1.13,-0.2897,-0.2622
408,6.819999999999471,1.0,-0.12391352,-1.0,-1.0,-1.0,1.0,-1.0,-1.0,1.0,-1.0,-1.0,1.0,1.0,-1.0,-0.6178343,1.0,-1.0,1.0,1.0,-1.0,1.0,-1.0,-1.0,3.0527,-2.0933,-3.0527,-2.0933,-3.0527,2.0933,-6.283,-0.57,1.71,-0.274,-0.327,0.57,1.71,-0.274,0.0637644,0.57,-0.296,1.809,1.718,0.36357,1.13,-0.2897,-0.2622
409,6.835999999999469,1.0,-0.12404727,-1.0,-1.0,-1.0,1.0,-1.0,-1.0,1.0,-1.0,-1.0,1.0,1.0,-1.0,-0.6181107,1.0,-1.0,1.0,1.0,-1.0,1.0,-1.0,-1.0,3.0527,-2.0933,-3.0527,-2.0933,-3.0527,2.0933,-6.283,-0.57,1.71,-0.274,-0.327,0.57,1.71,-0.274,0.06348179,0.57,-0.296,1.809,1.718,0.36357,1.13,-0.2897,-0.2622
410,6.851999999999467,1.0,-0.124175854,-1.0,-1.0,-1.0,1.0,-1.0,-1.0,1.0,-1.0,-1.0,1.0,1.0,-1.0,-0.6183838,1.0,-1.0,1.0,1.0,-1.0,1.0,-1.0,-1.0,3.0527,-2.0933,-3.0527,-2.0933,-3.0527,2.0933,-6.283,-0.57,1.71,-0.274,-0.327,0.57,1.71,-0.274,0.06320254,0.57,-0.296,1.809,1.718,0.36357,1.13,-0.2897,-0.2622
411,6.869999999999465,1.0,-0.12430365,-1.0,-1.0,-1.0,1.0,-1.0,-1.0,1.0,-1.0,-1.0,1.0,1.0,-1.0,-0.61865216,1.0,-1.0,1.0,1.0,-1.0,1.0,-1.0,-1.0,3.0527,-2.0933,-3.0527,-2.0933,-3.0527,2.0933,-6.283,-0.57,1.71,-0.274,-0.327,0.57,1.71,-0.274,0.06292816,0.57,-0.296,1.809,1.718,0.36357,1.13,-0.2897,-0.2622
412,6.885999999999464,1.0,-0.124427654,-1.0,-1.0,-1.0,1.0,-1.0,-1.0,1.0,-1.0,-1.0,1.0,1.0,-1.0,-0.61891466,1.0,-1.0,1.0,1.0,-1.0,1.0,-1.0,-1.0,3.0527,-2.0933,-3.0527,-2.0933,-3.0527,2.0933,-6.283,-0.57,1.71,-0.274,-0.327,0.57,1.71,-0.274,0.062659755,0.57,-0.296,1.809,1.718,0.36357,1.13,-0.2897,-0.2622
413,6.901999999999462,1.0,-0.12454698,-1.0,-1.0,-1.0,1.0,-1.0,-1.0,1.0,-1.0,-1.0,1.0,1.0,-1.0,-0.61917377,1.0,-1.0,1.0,1.0,-1.0,1.0,-1.0,-1.0,3.0527,-2.0933,-3.0527,-2.0933,-3.0527,2.0933,-6.283,-0.57,1.71,-0.274,-0.327,0.57,1.71,-0.274,0.062394824,0.57,-0.296,1.809,1.718,0.36357,1.13,-0.2897,-0.2622
414,6.91999999999946,1.0,-0.12466445,-1.0,-1.0,-1.0,1.0,-1.0,-1.0,1.0,-1.0,-1.0,1.0,1.0,-1.0,-0.61943114,1.0,-1.0,1.0,1.0,-1.0,1.0,-1.0,-1.0,3.0527,-2.0933,-3.0527,-2.0933,-3.0527,2.0933,-6.283,-0.57,1.71,-0.274,-0.327,0.57,1.71,-0.274,0.062131662,0.57,-0.296,1.809,1.718,0.36357,1.13,-0.2897,-0.2622
415,6.935999999999458,1.0,-0.124786355,-1.0,-1.0,-1.0,1.0,-1.0,-1.0,1.0,-1.0,-1.0,1.0,1.0,-1.0,-0.6196887,1.0,-1.0,1.0,1.0,-1.0,1.0,-1.0,-1.0,3.0527,-2.0933,-3.0527,-2.0933,-3.0527,2.0933,-6.283,-0.57,1.71,-0.274,-0.327,0.57,1.71,-0.274,0.061868314,0.57,-0.296,1.809,1.718,0.36357,1.13,-0.2897,-0.2622
416,6.951999999999456,1.0,-0.12490273,-1.0,-1.0,-1.0,1.0,-1.0,-1.0,1.0,-1.0,-1.0,1.0,1.0,-1.0,-0.619942,1.0,-1.0,1.0,1.0,-1.0,1.0,-1.0,-1.0,3.0527,-2.0933,-3.0527,-2.0933,-3.0527,2.0933,-6.283,-0.57,1.71,-0.274,-0.327,0.57,1.71,-0.274,0.061609294,0.57,-0.296,1.809,1.718,0.36357,1.13,-0.2897,-0.2622
417,6.969999999999454,1.0,-0.12501591,-1.0,-1.0,-1.0,1.0,-1.0,-1.0,1.0,-1.0,-1.0,1.0,1.0,-1.0,-0.6201932,1.0,-1.0,1.0,1.0,-1.0,1.0,-1.0,-1.0,3.0527,-2.0933,-3.0527,-2.0933,-3.0527,2.0933,-6.283,-0.57,1.71,-0.274,-0.327,0.57,1.71,-0.274,0.06135247,0.57,-0.296,1.809,1.718,0.36357,1.13,-0.2897,-0.2622
418,6.985999999999453,1.0,-0.12513518,-1.0,-1.0,-1.0,1.0,-1.0,-1.0,1.0,-1.0,-1.0,1.0,1.0,-1.0,-0.6204437,1.0,-1.0,1.0,1.0,-1.0,1.0,-1.0,-1.0,3.0527,-2.0933,-3.0527,-2.0933,-3.0527,2.0933,-6.283,-0.57,1.71,-0.274,-0.327,0.57,1.71,-0.274,0.061096314,0.57,-0.296,1.809,1.718,0.36357,1.13,-0.2897,-0.2622
419,7.001999999999451,1.0,-0.12524395,-1.0,-1.0,-1.0,1.0,-1.0,-1.0,1.0,-1.0,-1.0,1.0,1.0,-1.0,-0.62068605,1.0,-1.0,1.0,1.0,-1.0,1.0,-1.0,-1.0,3.0527,-2.0933,-3.0527,-2.0933,-3.0527,2.0933,-6.283,-0.57,1.71,-0.274,-0.327,0.57,1.71,-0.274,0.060848508,0.57,-0.296,1.809,1.718,0.36357,1.13,-0.2897,-0.2622
420,7.019999999999449,1.0,-0.12535249,-1.0,-1.0,-1.0,1.0,-1.0,-1.0,1.0,-1.0,-1.0,1.0,1.0,-1.0,-0.62092555,1.0,-1.0,1.0,1.0,-1.0,1.0,-1.0,-1.0,3.0527,-2.0933,-3.0527,-2.0933,-3.0527,2.0933,-6.283,-0.57,1.71,-0.274,-0.327,0.57,1.71,-0.274,0.06060363,0.57,-0.296,1.809,1.718,0.36357,1.13,-0.2897,-0.2622
421,7.035999999999447,1.0,-0.12546001,-1.0,-1.0,-1.0,1.0,-1.0,-1.0,1.0,-1.0,-1.0,1.0,1.0,-1.0,-0.621162,1.0,-1.0,1.0,1.0,-1.0,1.0,-1.0,-1.0,3.0527,-2.0933,-3.0527,-2.0933,-3.0527,2.0933,-6.283,-0.57,1.71,-0.274,-0.327,0.57,1.71,-0.274,0.06036186,0.57,-0.296,1.809,1.718,0.36357,1.13,-0.2897,-0.2622
422,7.051999999999445,1.0,-0.12556246,-1.0,-1.0,-1.0,1.0,-1.0,-1.0,1.0,-1.0,-1.0,1.0,1.0,-1.0,-0.6213942,1.0,-1.0,1.0,1.0,-1.0,1.0,-1.0,-1.0,3.0527,-2.0933,-3.0527,-2.0933,-3.0527,2.0933,-6.283,-0.57,1.71,-0.274,-0.327,0.57,1.71,-0.274,0.060124412,0.57,-0.296,1.809,1.718,0.36357,1.13,-0.2897,-0.2622
423,7.069999999999443,1.0,-0.12566073,-1.0,-1.0,-1.0,1.0,-1.0,-1.0,1.0,-1.0,-1.0,1.0,1.0,-1.0,-0.62162226,1.0,-1.0,1.0,1.0,-1.0,1.0,-1.0,-1.0,3.0527,-2.0933,-3.0527,-2.0933,-3.0527,2.0933,-6.283,-0.57,1.71,-0.274,-0.327,0.57,1.71,-0.274,0.059891235,0.57,-0.296,1.809,1.718,0.36357,1.13,-0.2897,-0.2622
424,7.085999999999442,1.0,-0.12576203,-1.0,-1.0,-1.0,1.0,-1.0,-1.0,1.0,-1.0,-1.0,1.0,1.0,-1.0,-0.62185013,1.0,-1.0,1.0,1.0,-1.0,1.0,-1.0,-1.0,3.0527,-2.0933,-3.0527,-2.0933,-3.0527,2.0933,-6.283,-0.57,1.71,-0.274,-0.327,0.57,1.71,-0.274,0.05965824,0.57,-0.296,1.809,1.718,0.36357,1.13,-0.2897,-0.2622
425,7.10199999999944,1.0,-0.12585536,-1.0,-1.0,-1.0,1.0,-1.0,-1.0,1.0,-1.0,-1.0,1.0,1.0,-1.0,-0.6220713,1.0,-1.0,1.0,1.0,-1.0,1.0,-1.0,-1.0,3.0527,-2.0933,-3.0527,-2.0933,-3.0527,2.0933,-6.283,-0.57,1.71,-0.274,-0.327,0.57,1.71,-0.274,0.05943207,0.57,-0.296,1.809,1.718,0.36357,1.13,-0.2897,-0.2622
426,7.119999999999438,1.0,-0.12594707,-1.0,-1.0,-1.0,1.0,-1.0,-1.0,1.0,-1.0,-1.0,1.0,1.0,-1.0,-0.6222897,1.0,-1.0,1.0,1.0,-1.0,1.0,-1.0,-1.0,3.0527,-2.0933,-3.0527,-2.0933,-3.0527,2.0933,-6.283,-0.57,1.71,-0.274,-0.327,0.57,1.71,-0.274,0.059208766,0.57,-0.296,1.809,1.718,0.36357,1.13,-0.2897,-0.2622
427,7.135999999999436,1.0,-0.12603958,-1.0,-1.0,-1.0,1.0,-1.0,-1.0,1.0,-1.0,-1.0,1.0,1.0,-1.0,-0.622507,1.0,-1.0,1.0,1.0,-1.0,1.0,-1.0,-1.0,3.0527,-2.0933,-3.0527,-2.0933,-3.0527,2.0933,-6.283,-0.57,1.71,-0.274,-0.327,0.57,1.71,-0.274,0.058986615,0.57,-0.296,1.809,1.718,0.36357,1.13,-0.2897,-0.2622
428,7.151999999999434,1.0,-0.12612392,-1.0,-1.0,-1.0,1.0,-1.0,-1.0,1.0,-1.0,-1.0,1.0,1.0,-1.0,-0.6227203,1.0,-1.0,1.0,1.0,-1.0,1.0,-1.0,-1.0,3.0527,-2.0933,-3.0527,-2.0933,-3.0527,2.0933,-6.283,-0.57,1.71,-0.274,-0.327,0.57,1.71,-0.274,0.058768492,0.57,-0.296,1.809,1.718,0.36357,1.13,-0.2897,-0.2622
429,7.169999999999432,1.0,-0.12620628,-1.0,-1.0,-1.0,1.0,-1.0,-1.0,1.0,-1.0,-1.0,1.0,1.0,-1.0,-0.6229281,1.0,-1.0,1.0,1.0,-1.0,1.0,-1.0,-1.0,3.0527,-2.0933,-3.0527,-2.0933,-3.0527,2.0933,-6.283,-0.57,1.71,-0.274,-0.327,0.57,1.71,-0.274,0.058556035,0.57,-0.296,1.809,1.718,0.36357,1.13,-0.2897,-0.2622
430,7.185999999999431,1.0,-0.12629183,-1.0,-1.0,-1.0,1.0,-1.0,-1.0,1.0,-1.0,-1.0,1.0,1.0,-1.0,-0.6231359,1.0,-1.0,1.0,1.0,-1.0,1.0,-1.0,-1.0,3.0527,-2.0933,-3.0527,-2.0933,-3.0527,2.0933,-6.283,-0.57,1.71,-0.274,-0.327,0.57,1.71,-0.274,0.05834352,0.57,-0.296,1.809,1.718,0.36357,1.13,-0.2897,-0.2622
431,7.201999999999429,1.0,-0.12636697,-1.0,-1.0,-1.0,1.0,-1.0,-1.0,1.0,-1.0,-1.0,1.0,1.0,-1.0,-0.623337,1.0,-1.0,1.0,1.0,-1.0,1.0,-1.0,-1.0,3.0527,-2.0933,-3.0527,-2.0933,-3.0527,2.0933,-6.283,-0.57,1.71,-0.274,-0.327,0.57,1.71,-0.274,0.058137946,0.57,-0.296,1.809,1.718,0.36357,1.13,-0.2897,-0.2622
432,7.219999999999427,1.0,-0.12644053,-1.0,-1.0,-1.0,1.0,-1.0,-1.0,1.0,-1.0,-1.0,1.0,1.0,-1.0,-0.62353605,1.0,-1.0,1.0,1.0,-1.0,1.0,-1.0,-1.0,3.0527,-2.0933,-3.0527,-2.0933,-3.0527,2.0933,-6.283,-0.57,1.71,-0.274,-0.327,0.57,1.71,-0.274,0.05793439,0.57,-0.296,1.809,1.718,0.36357,1.13,-0.2897,-0.2622
433,7.235999999999425,1.0,-0.12651585,-1.0,-1.0,-1.0,1.0,-1.0,-1.0,1.0,-1.0,-1.0,1.0,1.0,-1.0,-0.62373364,1.0,-1.0,1.0,1.0,-1.0,1.0,-1.0,-1.0,3.0527,-2.0933,-3.0527,-2.0933,-3.0527,2.0933,-6.283,-0.57,1.71,-0.274,-0.327,0.57,1.71,-0.274,0.057732355,0.57,-0.296,1.809,1.718,0.36357,1.13,-0.2897,-0.2622
434,7.251999999999423,1.0,-0.12658267,-1.0,-1.0,-1.0,1.0,-1.0,-1.0,1.0,-1.0,-1.0,1.0,1.0,-1.0,-0.62392575,1.0,-1.0,1.0,1.0,-1.0,1.0,-1.0,-1.0,3.0527,-2.0933,-3.0527,-2.0933,-3.0527,2.0933,-6.283,-0.57,1.71,-0.274,-0.327,0.57,1.71,-0.274,0.057535924,0.57,-0.296,1.809,1.718,0.36357,1.13,-0.2897,-0.2622
435,7.269999999999421,1.0,-0.1266469,-1.0,-1.0,-1.0,1.0,-1.0,-1.0,1.0,-1.0,-1.0,1.0,1.0,-1.0,-0.62411314,1.0,-1.0,1.0,1.0,-1.0,1.0,-1.0,-1.0,3.0527,-2.0933,-3.0527,-2.0933,-3.0527,2.0933,-6.283,-0.57,1.71,-0.274,-0.327,0.57,1.71,-0.274,0.05734431,0.57,-0.296,1.809,1.718,0.36357,1.13,-0.2897,-0.2622
436,7.28599999999942,1.0,-0.1267127,-1.0,-1.0,-1.0,1.0,-1.0,-1.0,1.0,-1.0,-1.0,1.0,1.0,-1.0,-0.6242998,1.0,-1.0,1.0,1.0,-1.0,1.0,-1.0,-1.0,3.0527,-2.0933,-3.0527,-2.0933,-3.0527,2.0933,-6.283,-0.57,1.71,-0.274,-0.327,0.57,1.71,-0.274,0.05715343,0.57,-0.296,1.809,1.718,0.36357,1.13,-0.2897,-0.2622
437,7.301999999999418,1.0,-0.1267698,-1.0,-1.0,-1.0,1.0,-1.0,-1.0,1.0,-1.0,-1.0,1.0,1.0,-1.0,-0.6244788,1.0,-1.0,1.0,1.0,-1.0,1.0,-1.0,-1.0,3.0527,-2.0933,-3.0527,-2.0933,-3.0527,2.0933,-6.283,-0.57,1.71,-0.274,-0.327,0.57,1.71,-0.274,0.05697041,0.57,-0.296,1.809,1.718,0.36357,1.13,-0.2897,-0.2622
438,7.319999999999416,1.0,-0.12682343,-1.0,-1.0,-1.0,1.0,-1.0,-1.0,1.0,-1.0,-1.0,1.0,1.0,-1.0,-0.62465507,1.0,-1.0,1.0,1.0,-1.0,1.0,-1.0,-1.0,3.0527,-2.0933,-3.0527,-2.0933,-3.0527,2.0933,-6.283,-0.57,1.71,-0.274,-0.327,0.57,1.71,-0.274,0.05679019,0.57,-0.296,1.809,1.718,0.36357,1.13,-0.2897,-0.2622
439,7.335999999999414,1.0,-0.12687935,-1.0,-1.0,-1.0,1.0,-1.0,-1.0,1.0,-1.0,-1.0,1.0,1.0,-1.0,-0.6248304,1.0,-1.0,1.0,1.0,-1.0,1.0,-1.0,-1.0,3.0527,-2.0933,-3.0527,-2.0933,-3.0527,2.0933,-6.283,-0.57,1.71,-0.274,-0.327,0.57,1.71,-0.274,0.05661089,0.57,-0.296,1.809,1.718,0.36357,1.13,-0.2897,-0.2622
440,7.351999999999412,1.0,-0.12692656,-1.0,-1.0,-1.0,1.0,-1.0,-1.0,1.0,-1.0,-1.0,1.0,1.0,-1.0,-0.6249985,1.0,-1.0,1.0,1.0,-1.0,1.0,-1.0,-1.0,3.0527,-2.0933,-3.0527,-2.0933,-3.0527,2.0933,-6.283,-0.57,1.71,-0.274,-0.327,0.57,1.71,-0.274,0.056439023,0.57,-0.296,1.809,1.718,0.36357,1.13,-0.2897,-0.2622
441,7.36999999999941,1.0,-0.12697175,-1.0,-1.0,-1.0,1.0,-1.0,-1.0,1.0,-1.0,-1.0,1.0,1.0,-1.0,-0.6251641,1.0,-1.0,1.0,1.0,-1.0,1.0,-1.0,-1.0,3.0527,-2.0933,-3.0527,-2.0933,-3.0527,2.0933,-6.283,-0.57,1.71,-0.274,-0.327,0.57,1.71,-0.274,0.056269716,0.57,-0.296,1.809,1.718,0.36357,1.13,-0.2897,-0.2622
442,7.385999999999409,1.0,-0.12701714,-1.0,-1.0,-1.0,1.0,-1.0,-1.0,1.0,-1.0,-1.0,1.0,1.0,-1.0,-0.62532717,1.0,-1.0,1.0,1.0,-1.0,1.0,-1.0,-1.0,3.0527,-2.0933,-3.0527,-2.0933,-3.0527,2.0933,-6.283,-0.57,1.71,-0.274,-0.327,0.57,1.71,-0.274,0.05610297,0.57,-0.296,1.809,1.718,0.36357,1.13,-0.2897,-0.2622
443,7.401999999999407,1.0,-0.12705512,-1.0,-1.0,-1.0,1.0,-1.0,-1.0,1.0,-1.0,-1.0,1.0,1.0,-1.0,-0.6254847,1.0,-1.0,1.0,1.0,-1.0,1.0,-1.0,-1.0,3.0527,-2.0933,-3.0527,-2.0933,-3.0527,2.0933,-6.283,-0.57,1.71,-0.274,-0.327,0.57,1.71,-0.274,0.05594189,0.57,-0.296,1.809,1.718,0.36357,1.13,-0.2897,-0.2622
444,7.419999999999405,1.0,-0.12708758,-1.0,-1.0,-1.0,1.0,-1.0,-1.0,1.0,-1.0,-1.0,1.0,1.0,-1.0,-0.6256371,1.0,-1.0,1.0,1.0,-1.0,1.0,-1.0,-1.0,3.0527,-2.0933,-3.0527,-2.0933,-3.0527,2.0933,-6.283,-0.57,1.71,-0.274,-0.327,0.57,1.71,-0.274,0.05578605,0.57,-0.296,1.809,1.718,0.36357,1.13,-0.2897,-0.2622
445,7.435999999999403,1.0,-0.12712201,-1.0,-1.0,-1.0,1.0,-1.0,-1.0,1.0,-1.0,-1.0,1.0,1.0,-1.0,-0.62578803,1.0,-1.0,1.0,1.0,-1.0,1.0,-1.0,-1.0,3.0527,-2.0933,-3.0527,-2.0933,-3.0527,2.0933,-6.283,-0.57,1.71,-0.274,-0.327,0.57,1.71,-0.274,0.055631734,0.57,-0.296,1.809,1.718,0.36357,1.13,-0.2897,-0.2622
446,7.451999999999401,1.0,-0.12714742,-1.0,-1.0,-1.0,1.0,-1.0,-1.0,1.0,-1.0,-1.0,1.0,1.0,-1.0,-0.6259334,1.0,-1.0,1.0,1.0,-1.0,1.0,-1.0,-1.0,3.0527,-2.0933,-3.0527,-2.0933,-3.0527,2.0933,-6.283,-0.57,1.71,-0.274,-0.327,0.57,1.71,-0.274,0.055483088,0.57,-0.296,1.809,1.718,0.36357,1.13,-0.2897,-0.2622
447,7.469999999999399,1.0,-0.12717304,-1.0,-1.0,-1.0,1.0,-1.0,-1.0,1.0,-1.0,-1.0,1.0,1.0,-1.0,-0.6260775,1.0,-1.0,1.0,1.0,-1.0,1.0,-1.0,-1.0,3.0527,-2.0933,-3.0527,-2.0933,-3.0527,2.0933,-6.283,-0.57,1.71,-0.274,-0.327,0.57,1.71,-0.274,0.055335782,0.57,-0.296,1.809,1.718,0.36357,1.13,-0.2897,-0.2622
448,7.485999999999398,1.0,-0.12719554,-1.0,-1.0,-1.0,1.0,-1.0,-1.0,1.0,-1.0,-1.0,1.0,1.0,-1.0,-0.6262155,1.0,-1.0,1.0,1.0,-1.0,1.0,-1.0,-1.0,3.0527,-2.0933,-3.0527,-2.0933,-3.0527,2.0933,-6.283,-0.57,1.71,-0.274,-0.327,0.57,1.71,-0.274,0.055194635,0.57,-0.296,1.809,1.718,0.36357,1.13,-0.2897,-0.2622
449,7.501999999999396,1.0,-0.12721163,-1.0,-1.0,-1.0,1.0,-1.0,-1.0,1.0,-1.0,-1.0,1.0,1.0,-1.0,-0.62635124,1.0,-1.0,1.0,1.0,-1.0,1.0,-1.0,-1.0,3.0527,-2.0933,-3.0527,-2.0933,-3.0527,2.0933,-6.283,-0.57,1.71,-0.274,-0.327,0.57,1.71,-0.274,0.05505586,0.57,-0.296,1.809,1.718,0.36357,1.13,-0.2897,-0.2622
450,7.519999999999394,1.0,-0.12722886,-1.0,-1.0,-1.0,1.0,-1.0,-1.0,1.0,-1.0,-1.0,1.0,1.0,-1.0,-0.6264895,1.0,-1.0,1.0,1.0,-1.0,1.0,-1.0,-1.0,3.0527,-2.0933,-3.0527,-2.0933,-3.0527,2.0933,-6.283,-0.57,1.71,-0.274,-0.327,0.57,1.71,-0.274,0.054914467,0.57,-0.296,1.809,1.718,0.36357,1.13,-0.2897,-0.2622
451,7.535999999999392,1.0,-0.12725803,-1.0,-1.0,-1.0,1.0,-1.0,-1.0,1.0,-1.0,-1.0,1.0,1.0,-1.0,-0.6266358,1.0,-1.0,1.0,1.0,-1.0,1.0,-1.0,-1.0,3.0527,-2.0933,-3.0527,-2.0933,-3.0527,2.0933,-6.283,-0.57,1.71,-0.274,-0.327,0.57,1.71,-0.274,0.054764904,0.57,-0.296,1.809,1.718,0.36357,1.13,-0.2897,-0.2622
452,7.55199999999939,1.0,-0.12726533,-1.0,-1.0,-1.0,1.0,-1.0,-1.0,1.0,-1.0,-1.0,1.0,1.0,-1.0,-0.6267567,1.0,-1.0,1.0,1.0,-1.0,1.0,-1.0,-1.0,3.0527,-2.0933,-3.0527,-2.0933,-3.0527,2.0933,-6.283,-0.57,1.71,-0.274,-0.327,0.57,1.71,-0.274,0.054641247,0.57,-0.296,1.809,1.718,0.36357,1.13,-0.2897,-0.2622
453,7.569999999999388,1.0,-0.12726715,-1.0,-1.0,-1.0,1.0,-1.0,-1.0,1.0,-1.0,-1.0,1.0,1.0,-1.0,-0.62687606,1.0,-1.0,1.0,1.0,-1.0,1.0,-1.0,-1.0,3.0527,-2.0933,-3.0527,-2.0933,-3.0527,2.0933,-6.283,-0.57,1.71,-0.274,-0.327,0.57,1.71,-0.274,0.054519232,0.57,-0.296,1.809,1.718,0.36357,1.13,-0.2897,-0.2622
454,7.585999999999387,1.0,-0.12726939,-1.0,-1.0,-1.0,1.0,-1.0,-1.0,1.0,-1.0,-1.0,1.0,1.0,-1.0,-0.6269948,1.0,-1.0,1.0,1.0,-1.0,1.0,-1.0,-1.0,3.0527,-2.0933,-3.0527,-2.0933,-3.0527,2.0933,-6.283,-0.57,1.71,-0.274,-0.327,0.57,1.71,-0.274,0.05439783,0.57,-0.296,1.809,1.718,0.36357,1.13,-0.2897,-0.2622
455,7.601999999999385,1.0,-0.12726517,-1.0,-1.0,-1.0,1.0,-1.0,-1.0,1.0,-1.0,-1.0,1.0,1.0,-1.0,-0.6271097,1.0,-1.0,1.0,1.0,-1.0,1.0,-1.0,-1.0,3.0527,-2.0933,-3.0527,-2.0933,-3.0527,2.0933,-6.283,-0.57,1.71,-0.274,-0.327,0.57,1.71,-0.274,0.054280326,0.57,-0.296,1.809,1.718,0.36357,1.13,-0.2897,-0.2622
456,7.619999999999383,1.0,-0.12725848,-1.0,-1.0,-1.0,1.0,-1.0,-1.0,1.0,-1.0,-1.0,1.0,1.0,-1.0,-0.62722254,1.0,-1.0,1.0,1.0,-1.0,1.0,-1.0,-1.0,3.0527,-2.0933,-3.0527,-2.0933,-3.0527,2.0933,-6.283,-0.57,1.71,-0.274,-0.327,0.57,1.71,-0.274,0.054164954,0.57,-0.296,1.809,1.718,0.36357,1.13,-0.2897,-0.2622
457,7.635999999999381,1.0,-0.12725395,-1.0,-1.0,-1.0,1.0,-1.0,-1.0,1.0,-1.0,-1.0,1.0,1.0,-1.0,-0.62733305,1.0,-1.0,1.0,1.0,-1.0,1.0,-1.0,-1.0,3.0527,-2.0933,-3.0527,-2.0933,-3.0527,2.0933,-6.283,-0.57,1.71,-0.274,-0.327,0.57,1.71,-0.274,0.05405196,0.57,-0.296,1.809,1.718,0.36357,1.13,-0.2897,-0.2622
458,7.651999999999379,1.0,-0.12724073,-1.0,-1.0,-1.0,1.0,-1.0,-1.0,1.0,-1.0,-1.0,1.0,1.0,-1.0,-0.6274393,1.0,-1.0,1.0,1.0,-1.0,1.0,-1.0,-1.0,3.0527,-2.0933,-3.0527,-2.0933,-3.0527,2.0933,-6.283,-0.57,1.71,-0.274,-0.327,0.57,1.71,-0.274,0.053943295,0.57,-0.296,1.809,1.718,0.36357,1.13,-0.2897,-0.2622
459,7.669999999999377,1.0,-0.12722613,-1.0,-1.0,-1.0,1.0,-1.0,-1.0,1.0,-1.0,-1.0,1.0,1.0,-1.0,-0.6275434,1.0,-1.0,1.0,1.0,-1.0,1.0,-1.0,-1.0,3.0527,-2.0933,-3.0527,-2.0933,-3.0527,2.0933,-6.283,-0.57,1.71,-0.274,-0.327,0.57,1.71,-0.274,0.053836882,0.57,-0.296,1.809,1.718,0.36357,1.13,-0.2897,-0.2622
460,7.6859999999993756,1.0,-0.1272114,-1.0,-1.0,-1.0,1.0,-1.0,-1.0,1.0,-1.0,-1.0,1.0,1.0,-1.0,-0.6276458,1.0,-1.0,1.0,1.0,-1.0,1.0,-1.0,-1.0,3.0527,-2.0933,-3.0527,-2.0933,-3.0527,2.0933,-6.283,-0.57,1.71,-0.274,-0.327,0.57,1.71,-0.274,0.05373218,0.57,-0.296,1.809,1.718,0.36357,1.13,-0.2897,-0.2622
461,7.701999999999374,1.0,-0.12718828,-1.0,-1.0,-1.0,1.0,-1.0,-1.0,1.0,-1.0,-1.0,1.0,1.0,-1.0,-0.62774354,1.0,-1.0,1.0,1.0,-1.0,1.0,-1.0,-1.0,3.0527,-2.0933,-3.0527,-2.0933,-3.0527,2.0933,-6.283,-0.57,1.71,-0.274,-0.327,0.57,1.71,-0.274,0.05363223,0.57,-0.296,1.809,1.718,0.36357,1.13,-0.2897,-0.2622
462,7.719999999999372,1.0,-0.12716357,-1.0,-1.0,-1.0,1.0,-1.0,-1.0,1.0,-1.0,-1.0,1.0,1.0,-1.0,-0.62783813,1.0,-1.0,1.0,1.0,-1.0,1.0,-1.0,-1.0,3.0527,-2.0933,-3.0527,-2.0933,-3.0527,2.0933,-6.283,-0.57,1.71,-0.274,-0.327,0.57,1.71,-0.274,0.053535506,0.57,-0.296,1.809,1.718,0.36357,1.13,-0.2897,-0.2622
463,7.73599999999937,1.0,-0.12713972,-1.0,-1.0,-1.0,1.0,-1.0,-1.0,1.0,-1.0,-1.0,1.0,1.0,-1.0,-0.6279316,1.0,-1.0,1.0,1.0,-1.0,1.0,-1.0,-1.0,3.0527,-2.0933,-3.0527,-2.0933,-3.0527,2.0933,-6.283,-0.57,1.71,-0.274,-0.327,0.57,1.71,-0.274,0.053439945,0.57,-0.296,1.809,1.718,0.36357,1.13,-0.2897,-0.2622
464,7.751999999999368,1.0,-0.12710647,-1.0,-1.0,-1.0,1.0,-1.0,-1.0,1.0,-1.0,-1.0,1.0,1.0,-1.0,-0.6280205,1.0,-1.0,1.0,1.0,-1.0,1.0,-1.0,-1.0,3.0527,-2.0933,-3.0527,-2.0933,-3.0527,2.0933,-6.283,-0.57,1.71,-0.274,-0.327,0.57,1.71,-0.274,0.053349014,0.57,-0.296,1.809,1.718,0.36357,1.13,-0.2897,-0.2622
465,7.769999999999366,1.0,-0.1270725,-1.0,-1.0,-1.0,1.0,-1.0,-1.0,1.0,-1.0,-1.0,1.0,1.0,-1.0,-0.62810606,1.0,-1.0,1.0,1.0,-1.0,1.0,-1.0,-1.0,3.0527,-2.0933,-3.0527,-2.0933,-3.0527,2.0933,-6.283,-0.57,1.71,-0.274,-0.327,0.57,1.71,-0.274,0.053261556,0.57,-0.296,1.809,1.718,0.36357,1.13,-0.2897,-0.2622
466,7.7859999999993645,1.0,-0.127037,-1.0,-1.0,-1.0,1.0,-1.0,-1.0,1.0,-1.0,-1.0,1.0,1.0,-1.0,-0.62819105,1.0,-1.0,1.0,1.0,-1.0,1.0,-1.0,-1.0,3.0527,-2.0933,-3.0527,-2.0933,-3.0527,2.0933,-6.283,-0.57,1.71,-0.274,-0.327,0.57,1.71,-0.274,0.05317465,0.57,-0.296,1.809,1.718,0.36357,1.13,-0.2897,-0.2622
467,7.801999999999363,1.0,-0.12699538,-1.0,-1.0,-1.0,1.0,-1.0,-1.0,1.0,-1.0,-1.0,1.0,1.0,-1.0,-0.628272,1.0,-1.0,1.0,1.0,-1.0,1.0,-1.0,-1.0,3.0527,-2.0933,-3.0527,-2.0933,-3.0527,2.0933,-6.283,-0.57,1.71,-0.274,-0.327,0.57,1.71,-0.274,0.053091884,0.57,-0.296,1.809,1.718,0.36357,1.13,-0.2897,-0.2622
468,7.819999999999361,1.0,-0.12695244,-1.0,-1.0,-1.0,1.0,-1.0,-1.0,1.0,-1.0,-1.0,1.0,1.0,-1.0,-0.62835056,1.0,-1.0,1.0,1.0,-1.0,1.0,-1.0,-1.0,3.0527,-2.0933,-3.0527,-2.0933,-3.0527,2.0933,-6.283,-0.57,1.71,-0.274,-0.327,0.57,1.71,-0.274,0.053011555,0.57,-0.296,1.809,1.718,0.36357,1.13,-0.2897,-0.2622
469,7.835999999999359,1.0,-0.12690951,-1.0,-1.0,-1.0,1.0,-1.0,-1.0,1.0,-1.0,-1.0,1.0,1.0,-1.0,-0.62842894,1.0,-1.0,1.0,1.0,-1.0,1.0,-1.0,-1.0,3.0527,-2.0933,-3.0527,-2.0933,-3.0527,2.0933,-6.283,-0.57,1.71,-0.274,-0.327,0.57,1.71,-0.274,0.052931413,0.57,-0.296,1.809,1.718,0.36357,1.13,-0.2897,-0.2622
470,7.851999999999357,1.0,-0.12685959,-1.0,-1.0,-1.0,1.0,-1.0,-1.0,1.0,-1.0,-1.0,1.0,1.0,-1.0,-0.6285027,1.0,-1.0,1.0,1.0,-1.0,1.0,-1.0,-1.0,3.0527,-2.0933,-3.0527,-2.0933,-3.0527,2.0933,-6.283,-0.57,1.71,-0.274,-0.327,0.57,1.71,-0.274,0.05285596,0.57,-0.296,1.809,1.718,0.36357,1.13,-0.2897,-0.2622
471,7.869999999999355,1.0,-0.12680842,-1.0,-1.0,-1.0,1.0,-1.0,-1.0,1.0,-1.0,-1.0,1.0,1.0,-1.0,-0.6285748,1.0,-1.0,1.0,1.0,-1.0,1.0,-1.0,-1.0,3.0527,-2.0933,-3.0527,-2.0933,-3.0527,2.0933,-6.283,-0.57,1.71,-0.274,-0.327,0.57,1.71,-0.274,0.05278228,0.57,-0.296,1.809,1.718,0.36357,1.13,-0.2897,-0.2622
472,7.8859999999993535,1.0,-0.12675817,-1.0,-1.0,-1.0,1.0,-1.0,-1.0,1.0,-1.0,-1.0,1.0,1.0,-1.0,-0.62864584,1.0,-1.0,1.0,1.0,-1.0,1.0,-1.0,-1.0,3.0527,-2.0933,-3.0527,-2.0933,-3.0527,2.0933,-6.283,-0.57,1.71,-0.274,-0.327,0.57,1.71,-0.274,0.05270963,0.57,-0.296,1.809,1.718,0.36357,1.13,-0.2897,-0.2622
473,7.901999999999352,1.0,-0.12669966,-1.0,-1.0,-1.0,1.0,-1.0,-1.0,1.0,-1.0,-1.0,1.0,1.0,-1.0,-0.62871236,1.0,-1.0,1.0,1.0,-1.0,1.0,-1.0,-1.0,3.0527,-2.0933,-3.0527,-2.0933,-3.0527,2.0933,-6.283,-0.57,1.71,-0.274,-0.327,0.57,1.71,-0.274,0.052641615,0.57,-0.296,1.809,1.718,0.36357,1.13,-0.2897,-0.2622
474,7.91999999999935,1.0,-0.12664042,-1.0,-1.0,-1.0,1.0,-1.0,-1.0,1.0,-1.0,-1.0,1.0,1.0,-1.0,-0.6287769,1.0,-1.0,1.0,1.0,-1.0,1.0,-1.0,-1.0,3.0527,-2.0933,-3.0527,-2.0933,-3.0527,2.0933,-6.283,-0.57,1.71,-0.274,-0.327,0.57,1.71,-0.274,0.05257561,0.57,-0.296,1.809,1.718,0.36357,1.13,-0.2897,-0.2622
475,7.935999999999348,1.0,-0.12657993,-1.0,-1.0,-1.0,1.0,-1.0,-1.0,1.0,-1.0,-1.0,1.0,1.0,-1.0,-0.6288404,1.0,-1.0,1.0,1.0,-1.0,1.0,-1.0,-1.0,3.0527,-2.0933,-3.0527,-2.0933,-3.0527,2.0933,-6.283,-0.57,1.71,-0.274,-0.327,0.57,1.71,-0.274,0.052510705,0.57,-0.296,1.809,1.718,0.36357,1.13,-0.2897,-0.2622
476,7.951999999999346,1.0,-0.12651221,-1.0,-1.0,-1.0,1.0,-1.0,-1.0,1.0,-1.0,-1.0,1.0,1.0,-1.0,-0.6289014,1.0,-1.0,1.0,1.0,-1.0,1.0,-1.0,-1.0,3.0527,-2.0933,-3.0527,-2.0933,-3.0527,2.0933,-6.283,-0.57,1.71,-0.274,-0.327,0.57,1.71,-0.274,0.052448295,0.57,-0.296,1.809,1.718,0.36357,1.13,-0.2897,-0.2622
477,7.969999999999344,1.0,-0.12644209,-1.0,-1.0,-1.0,1.0,-1.0,-1.0,1.0,-1.0,-1.0,1.0,1.0,-1.0,-0.6289583,1.0,-1.0,1.0,1.0,-1.0,1.0,-1.0,-1.0,3.0527,-2.0933,-3.0527,-2.0933,-3.0527,2.0933,-6.283,-0.57,1.71,-0.274,-0.327,0.57,1.71,-0.274,0.052390154,0.57,-0.296,1.809,1.718,0.36357,1.13,-0.2897,-0.2622
478,7.9859999999993425,1.0,-0.12637396,-1.0,-1.0,-1.0,1.0,-1.0,-1.0,1.0,-1.0,-1.0,1.0,1.0,-1.0,-0.6290169,1.0,-1.0,1.0,1.0,-1.0,1.0,-1.0,-1.0,3.0527,-2.0933,-3.0527,-2.0933,-3.0527,2.0933,-6.283,-0.57,1.71,-0.274,-0.327,0.57,1.71,-0.274,0.052330244,0.57,-0.296,1.809,1.718,0.36357,1.13,-0.2897,-0.2622
479,8.001999999999342,1.0,-0.12629639,-1.0,-1.0,-1.0,1.0,-1.0,-1.0,1.0,-1.0,-1.0,1.0,1.0,-1.0,-0.62906915,1.0,-1.0,1.0,1.0,-1.0,1.0,-1.0,-1.0,3.0527,-2.0933,-3.0527,-2.0933,-3.0527,2.0933,-6.283,-0.57,1.71,-0.274,-0.327,0.57,1.71,-0.274,0.052276794,0.57,-0.296,1.809,1.718,0.36357,1.13,-0.2897,-0.2622
480,8.019999999999348,1.0,-0.1262189,-1.0,-1.0,-1.0,1.0,-1.0,-1.0,1.0,-1.0,-1.0,1.0,1.0,-1.0,-0.6291206,1.0,-1.0,1.0,1.0,-1.0,1.0,-1.0,-1.0,3.0527,-2.0933,-3.0527,-2.0933,-3.0527,2.0933,-6.283,-0.57,1.71,-0.274,-0.327,0.57,1.71,-0.274,0.0522242,0.57,-0.296,1.809,1.718,0.36357,1.13,-0.2897,-0.2622
481,8.035999999999353,1.0,-0.12614067,-1.0,-1.0,-1.0,1.0,-1.0,-1.0,1.0,-1.0,-1.0,1.0,1.0,-1.0,-0.6291709,1.0,-1.0,1.0,1.0,-1.0,1.0,-1.0,-1.0,3.0527,-2.0933,-3.0527,-2.0933,-3.0527,2.0933,-6.283,-0.57,1.71,-0.274,-0.327,0.57,1.71,-0.274,0.05217276,0.57,-0.296,1.809,1.718,0.36357,1.13,-0.2897,-0.2622
482,8.051999999999358,1.0,-0.12605667,-1.0,-1.0,-1.0,1.0,-1.0,-1.0,1.0,-1.0,-1.0,1.0,1.0,-1.0,-0.6292179,1.0,-1.0,1.0,1.0,-1.0,1.0,-1.0,-1.0,3.0527,-2.0933,-3.0527,-2.0933,-3.0527,2.0933,-6.283,-0.57,1.71,-0.274,-0.327,0.57,1.71,-0.274,0.052124675,0.57,-0.296,1.809,1.718,0.36357,1.13,-0.2897,-0.2622
483,8.069999999999364,1.0,-0.12596948,-1.0,-1.0,-1.0,1.0,-1.0,-1.0,1.0,-1.0,-1.0,1.0,1.0,-1.0,-0.6292607,1.0,-1.0,1.0,1.0,-1.0,1.0,-1.0,-1.0,3.0527,-2.0933,-3.0527,-2.0933,-3.0527,2.0933,-6.283,-0.57,1.71,-0.274,-0.327,0.57,1.71,-0.274,0.052080914,0.57,-0.296,1.809,1.718,0.36357,1.13,-0.2897,-0.2622
484,8.08599999999937,1.0,-0.12588394,-1.0,-1.0,-1.0,1.0,-1.0,-1.0,1.0,-1.0,-1.0,1.0,1.0,-1.0,-0.62930584,1.0,-1.0,1.0,1.0,-1.0,1.0,-1.0,-1.0,3.0527,-2.0933,-3.0527,-2.0933,-3.0527,2.0933,-6.283,-0.57,1.71,-0.274,-0.327,0.57,1.71,-0.274,0.05203478,0.57,-0.296,1.809,1.718,0.36357,1.13,-0.2897,-0.2622
485,8.101999999999375,1.0,-0.12579109,-1.0,-1.0,-1.0,1.0,-1.0,-1.0,1.0,-1.0,-1.0,1.0,1.0,-1.0,-0.6293461,1.0,-1.0,1.0,1.0,-1.0,1.0,-1.0,-1.0,3.0527,-2.0933,-3.0527,-2.0933,-3.0527,2.0933,-6.283,-0.57,1.71,-0.274,-0.327,0.57,1.71,-0.274,0.051993642,0.57,-0.296,1.809,1.718,0.36357,1.13,-0.2897,-0.2622
486,8.119999999999381,1.0,-0.12569666,-1.0,-1.0,-1.0,1.0,-1.0,-1.0,1.0,-1.0,-1.0,1.0,1.0,-1.0,-0.629383,1.0,-1.0,1.0,1.0,-1.0,1.0,-1.0,-1.0,3.0527,-2.0933,-3.0527,-2.0933,-3.0527,2.0933,-6.283,-0.57,1.71,-0.274,-0.327,0.57,1.71,-0.274,0.051955853,0.57,-0.296,1.809,1.718,0.36357,1.13,-0.2897,-0.2622
487,8.135999999999386,1.0,-0.12560171,-1.0,-1.0,-1.0,1.0,-1.0,-1.0,1.0,-1.0,-1.0,1.0,1.0,-1.0,-0.62942135,1.0,-1.0,1.0,1.0,-1.0,1.0,-1.0,-1.0,3.0527,-2.0933,-3.0527,-2.0933,-3.0527,2.0933,-6.283,-0.57,1.71,-0.274,-0.327,0.57,1.71,-0.274,0.051916666,0.57,-0.296,1.809,1.718,0.36357,1.13,-0.2897,-0.2622
488,8.151999999999392,1.0,-0.12549938,-1.0,-1.0,-1.0,1.0,-1.0,-1.0,1.0,-1.0,-1.0,1.0,1.0,-1.0,-0.629454,1.0,-1.0,1.0,1.0,-1.0,1.0,-1.0,-1.0,3.0527,-2.0933,-3.0527,-2.0933,-3.0527,2.0933,-6.283,-0.57,1.71,-0.274,-0.327,0.57,1.71,-0.274,0.05188327,0.57,-0.296,1.809,1.718,0.36357,1.13,-0.2897,-0.2622
489,8.169999999999398,1.0,-0.12539752,-1.0,-1.0,-1.0,1.0,-1.0,-1.0,1.0,-1.0,-1.0,1.0,1.0,-1.0,-0.62948644,1.0,-1.0,1.0,1.0,-1.0,1.0,-1.0,-1.0,3.0527,-2.0933,-3.0527,-2.0933,-3.0527,2.0933,-6.283,-0.57,1.71,-0.274,-0.327,0.57,1.71,-0.274,0.051850114,0.57,-0.296,1.809,1.718,0.36357,1.13,-0.2897,-0.2622
490,8.185999999999403,1.0,-0.12529485,-1.0,-1.0,-1.0,1.0,-1.0,-1.0,1.0,-1.0,-1.0,1.0,1.0,-1.0,-0.62951785,1.0,-1.0,1.0,1.0,-1.0,1.0,-1.0,-1.0,3.0527,-2.0933,-3.0527,-2.0933,-3.0527,2.0933,-6.283,-0.57,1.71,-0.274,-0.327,0.57,1.71,-0.274,0.051817995,0.57,-0.296,1.809,1.718,0.36357,1.13,-0.2897,-0.2622
491,8.201999999999408,1.0,-0.12518707,-1.0,-1.0,-1.0,1.0,-1.0,-1.0,1.0,-1.0,-1.0,1.0,1.0,-1.0,-0.6295462,1.0,-1.0,1.0,1.0,-1.0,1.0,-1.0,-1.0,3.0527,-2.0933,-3.0527,-2.0933,-3.0527,2.0933,-6.283,-0.57,1.71,-0.274,-0.327,0.57,1.71,-0.274,0.051788986,0.57,-0.296,1.809,1.718,0.36357,1.13,-0.2897,-0.2622
492,8.219999999999414,1.0,-0.1250746,-1.0,-1.0,-1.0,1.0,-1.0,-1.0,1.0,-1.0,-1.0,1.0,1.0,-1.0,-0.6295721,1.0,-1.0,1.0,1.0,-1.0,1.0,-1.0,-1.0,3.0527,-2.0933,-3.0527,-2.0933,-3.0527,2.0933,-6.283,-0.57,1.71,-0.274,-0.327,0.57,1.71,-0.274,0.051762536,0.57,-0.296,1.809,1.718,0.36357,1.13,-0.2897,-0.2622
493,8.23599999999942,1.0,-0.12496523,-1.0,-1.0,-1.0,1.0,-1.0,-1.0,1.0,-1.0,-1.0,1.0,1.0,-1.0,-0.6295988,1.0,-1.0,1.0,1.0,-1.0,1.0,-1.0,-1.0,3.0527,-2.0933,-3.0527,-2.0933,-3.0527,2.0933,-6.283,-0.57,1.71,-0.274,-0.327,0.57,1.71,-0.274,0.05173523,0.57,-0.296,1.809,1.718,0.36357,1.13,-0.2897,-0.2622
494,8.251999999999425,1.0,-0.124848895,-1.0,-1.0,-1.0,1.0,-1.0,-1.0,1.0,-1.0,-1.0,1.0,1.0,-1.0,-0.62962115,1.0,-1.0,1.0,1.0,-1.0,1.0,-1.0,-1.0,3.0527,-2.0933,-3.0527,-2.0933,-3.0527,2.0933,-6.283,-0.57,1.71,-0.274,-0.327,0.57,1.71,-0.274,0.051712375,0.57,-0.296,1.809,1.718,0.36357,1.13,-0.2897,-0.2622
495,8.269999999999431,1.0,-0.124730505,-1.0,-1.0,-1.0,1.0,-1.0,-1.0,1.0,-1.0,-1.0,1.0,1.0,-1.0,-0.6296425,1.0,-1.0,1.0,1.0,-1.0,1.0,-1.0,-1.0,3.0527,-2.0933,-3.0527,-2.0933,-3.0527,2.0933,-6.283,-0.57,1.71,-0.274,-0.327,0.57,1.71,-0.274,0.051690556,0.57,-0.296,1.809,1.718,0.36357,1.13,-0.2897,-0.2622
496,8.285999999999436,1.0,-0.12461121,-1.0,-1.0,-1.0,1.0,-1.0,-1.0,1.0,-1.0,-1.0,1.0,1.0,-1.0,-0.62966216,1.0,-1.0,1.0,1.0,-1.0,1.0,-1.0,-1.0,3.0527,-2.0933,-3.0527,-2.0933,-3.0527,2.0933,-6.283,-0.57,1.71,-0.274,-0.327,0.57,1.71,-0.274,0.051670447,0.57,-0.296,1.809,1.718,0.36357,1.13,-0.2897,-0.2622
497,8.301999999999442,1.0,-0.12448678,-1.0,-1.0,-1.0,1.0,-1.0,-1.0,1.0,-1.0,-1.0,1.0,1.0,-1.0,-0.6296789,1.0,-1.0,1.0,1.0,-1.0,1.0,-1.0,-1.0,3.0527,-2.0933,-3.0527,-2.0933,-3.0527,2.0933,-6.283,-0.57,1.71,-0.274,-0.327,0.57,1.71,-0.274,0.051653318,0.57,-0.296,1.809,1.718,0.36357,1.13,-0.2897,-0.2622
498,8.319999999999448,1.0,-0.12436103,-1.0,-1.0,-1.0,1.0,-1.0,-1.0,1.0,-1.0,-1.0,1.0,1.0,-1.0,-0.62969446,1.0,-1.0,1.0,1.0,-1.0,1.0,-1.0,-1.0,3.0527,-2.0933,-3.0527,-2.0933,-3.0527,2.0933,-6.283,-0.57,1.71,-0.274,-0.327,0.57,1.71,-0.274,0.05163741,0.57,-0.296,1.809,1.718,0.36357,1.13,-0.2897,-0.2622
499,8.335999999999453,1.0,-0.12423683,-1.0,-1.0,-1.0,1.0,-1.0,-1.0,1.0,-1.0,-1.0,1.0,1.0,-1.0,-0.6297105,1.0,-1.0,1.0,1.0,-1.0,1.0,-1.0,-1.0,3.0527,-2.0933,-3.0527,-2.0933,-3.0527,2.0933,-6.283,-0.57,1.71,-0.274,-0.327,0.57,1.71,-0.274,0.05162102,0.57,-0.296,1.809,1.718,0.36357,1.13,-0.2897,-0.2622
500,8.351999999999459,1.0,-0.12410302,-1.0,-1.0,-1.0,1.0,-1.0,-1.0,1.0,-1.0,-1.0,1.0,1.0,-1.0,-0.62972146,1.0,-1.0,1.0,1.0,-1.0,1.0,-1.0,-1.0,3.0527,-2.0933,-3.0527,-2.0933,-3.0527,2.0933,-6.283,-0.57,1.71,-0.274,-0.327,0.57,1.71,-0.274,0.051609803,0.57,-0.296,1.809,1.718,0.36357,1.13,-0.2897,-0.2622
501,8.369999999999465,1.0,-0.12396995,-1.0,-1.0,-1.0,1.0,-1.0,-1.0,1.0,-1.0,-1.0,1.0,1.0,-1.0,-0.6297311,1.0,-1.0,1.0,1.0,-1.0,1.0,-1.0,-1.0,3.0527,-2.0933,-3.0527,-2.0933,-3.0527,2.0933,-6.283,-0.57,1.71,-0.274,-0.327,0.57,1.71,-0.274,0.05159993,0.57,-0.296,1.809,1.718,0.36357,1.13,-0.2897,-0.2622
502,8.38599999999947,1.0,-0.123836555,-1.0,-1.0,-1.0,1.0,-1.0,-1.0,1.0,-1.0,-1.0,1.0,1.0,-1.0,-0.62974036,1.0,-1.0,1.0,1.0,-1.0,1.0,-1.0,-1.0,3.0527,-2.0933,-3.0527,-2.0933,-3.0527,2.0933,-6.283,-0.57,1.71,-0.274,-0.327,0.57,1.71,-0.274,0.051590484,0.57,-0.296,1.809,1.718,0.36357,1.13,-0.2897,-0.2622
503,8.401999999999475,1.0,-0.12369811,-1.0,-1.0,-1.0,1.0,-1.0,-1.0,1.0,-1.0,-1.0,1.0,1.0,-1.0,-0.6297479,1.0,-1.0,1.0,1.0,-1.0,1.0,-1.0,-1.0,3.0527,-2.0933,-3.0527,-2.0933,-3.0527,2.0933,-6.283,-0.57,1.71,-0.274,-0.327,0.57,1.71,-0.274,0.051582746,0.57,-0.296,1.809,1.718,0.36357,1.13,-0.2897,-0.2622
504,8.419999999999481,1.0,-0.12355737,-1.0,-1.0,-1.0,1.0,-1.0,-1.0,1.0,-1.0,-1.0,1.0,1.0,-1.0,-0.62975335,1.0,-1.0,1.0,1.0,-1.0,1.0,-1.0,-1.0,3.0527,-2.0933,-3.0527,-2.0933,-3.0527,2.0933,-6.283,-0.57,1.71,-0.274,-0.327,0.57,1.71,-0.274,0.0515772,0.57,-0.296,1.809,1.718,0.36357,1.13,-0.2897,-0.2622
505,8.435999999999487,1.0,-0.123417236,-1.0,-1.0,-1.0,1.0,-1.0,-1.0,1.0,-1.0,-1.0,1.0,1.0,-1.0,-0.6297579,1.0,-1.0,1.0,1.0,-1.0,1.0,-1.0,-1.0,3.0527,-2.0933,-3.0527,-2.0933,-3.0527,2.0933,-6.283,-0.57,1.71,-0.274,-0.327,0.57,1.71,-0.274,0.051572565,0.57,-0.296,1.809,1.718,0.36357,1.13,-0.2897,-0.2622
506,8.451999999999492,1.0,-0.123270325,-1.0,-1.0,-1.0,1.0,-1.0,-1.0,1.0,-1.0,-1.0,1.0,1.0,-1.0,-0.6297596,1.0,-1.0,1.0,1.0,-1.0,1.0,-1.0,-1.0,3.0527,-2.0933,-3.0527,-2.0933,-3.0527,2.0933,-6.283,-0.57,1.71,-0.274,-0.327,0.57,1.71,-0.274,0.0515708,0.57,-0.296,1.809,1.718,0.36357,1.13,-0.2897,-0.2622
507,8.469999999999498,1.0,-0.12312151,-1.0,-1.0,-1.0,1.0,-1.0,-1.0,1.0,-1.0,-1.0,1.0,1.0,-1.0,-0.62976015,1.0,-1.0,1.0,1.0,-1.0,1.0,-1.0,-1.0,3.0527,-2.0933,-3.0527,-2.0933,-3.0527,2.0933,-6.283,-0.57,1.71,-0.274,-0.327,0.57,1.71,-0.274,0.05157025,0.57,-0.296,1.809,1.718,0.36357,1.13,-0.2897,-0.2622
508,8.485999999999503,1.0,-0.12297388,-1.0,-1.0,-1.0,1.0,-1.0,-1.0,1.0,-1.0,-1.0,1.0,1.0,-1.0,-0.6297588,1.0,-1.0,1.0,1.0,-1.0,1.0,-1.0,-1.0,3.0527,-2.0933,-3.0527,-2.0933,-3.0527,2.0933,-6.283,-0.57,1.71,-0.274,-0.327,0.57,1.71,-0.274,0.051571652,0.57,-0.296,1.809,1.718,0.36357,1.13,-0.2897,-0.2622
509,8.501999999999509,1.0,-0.12282167,-1.0,-1.0,-1.0,1.0,-1.0,-1.0,1.0,-1.0,-1.0,1.0,1.0,-1.0,-0.62975633,1.0,-1.0,1.0,1.0,-1.0,1.0,-1.0,-1.0,3.0527,-2.0933,-3.0527,-2.0933,-3.0527,2.0933,-6.283,-0.57,1.71,-0.274,-0.327,0.57,1.71,-0.274,0.051574152,0.57,-0.296,1.809,1.718,0.36357,1.13,-0.2897,-0.2622
510,8.519999999999515,1.0,-0.122666575,-1.0,-1.0,-1.0,1.0,-1.0,-1.0,1.0,-1.0,-1.0,1.0,1.0,-1.0,-0.629752,1.0,-1.0,1.0,1.0,-1.0,1.0,-1.0,-1.0,3.0527,-2.0933,-3.0527,-2.0933,-3.0527,2.0933,-6.283,-0.57,1.71,-0.274,-0.327,0.57,1.71,-0.274,0.0515786,0.57,-0.296,1.809,1.718,0.36357,1.13,-0.2897,-0.2622
511,8.53599999999952,1.0,-0.122512735,-1.0,-1.0,-1.0,1.0,-1.0,-1.0,1.0,-1.0,-1.0,1.0,1.0,-1.0,-0.62974864,1.0,-1.0,1.0,1.0,-1.0,1.0,-1.0,-1.0,3.0527,-2.0933,-3.0527,-2.0933,-3.0527,2.0933,-6.283,-0.57,1.71,-0.274,-0.327,0.57,1.71,-0.274,0.051582012,0.57,-0.296,1.809,1.718,0.36357,1.13,-0.2897,-0.2622
512,8.551999999999525,1.0,-0.12235265,-1.0,-1.0,-1.0,1.0,-1.0,-1.0,1.0,-1.0,-1.0,1.0,1.0,-1.0,-0.6297416,1.0,-1.0,1.0,1.0,-1.0,1.0,-1.0,-1.0,3.0527,-2.0933,-3.0527,-2.0933,-3.0527,2.0933,-6.283,-0.57,1.71,-0.274,-0.327,0.57,1.71,-0.274,0.051589206,0.57,-0.296,1.809,1.718,0.36357,1.13,-0.2897,-0.2622
513,8.569999999999531,1.0,-0.12219136,-1.0,-1.0,-1.0,1.0,-1.0,-1.0,1.0,-1.0,-1.0,1.0,1.0,-1.0,-0.6297324,1.0,-1.0,1.0,1.0,-1.0,1.0,-1.0,-1.0,3.0527,-2.0933,-3.0527,-2.0933,-3.0527,2.0933,-6.283,-0.57,1.71,-0.274,-0.327,0.57,1.71,-0.274,0.05159865,0.57,-0.296,1.809,1.718,0.36357,1.13,-0.2897,-0.2622
514,8.585999999999537,1.0,-0.12203085,-1.0,-1.0,-1.0,1.0,-1.0,-1.0,1.0,-1.0,-1.0,1.0,1.0,-1.0,-0.6297237,1.0,-1.0,1.0,1.0,-1.0,1.0,-1.0,-1.0,3.0527,-2.0933,-3.0527,-2.0933,-3.0527,2.0933,-6.283,-0.57,1.71,-0.274,-0.327,0.57,1.71,-0.274,0.05160749,0.57,-0.296,1.809,1.718,0.36357,1.13,-0.2897,-0.2622
515,8.601999999999542,1.0,-0.12186467,-1.0,-1.0,-1.0,1.0,-1.0,-1.0,1.0,-1.0,-1.0,1.0,1.0,-1.0,-0.6297129,1.0,-1.0,1.0,1.0,-1.0,1.0,-1.0,-1.0,3.0527,-2.0933,-3.0527,-2.0933,-3.0527,2.0933,-6.283,-0.57,1.71,-0.274,-0.327,0.57,1.71,-0.274,0.05161858,0.57,-0.296,1.809,1.718,0.36357,1.13,-0.2897,-0.2622
516,8.619999999999548,1.0,-0.12169763,-1.0,-1.0,-1.0,1.0,-1.0,-1.0,1.0,-1.0,-1.0,1.0,1.0,-1.0,-0.6297021,1.0,-1.0,1.0,1.0,-1.0,1.0,-1.0,-1.0,3.0527,-2.0933,-3.0527,-2.0933,-3.0527,2.0933,-6.283,-0.57,1.71,-0.274,-0.327,0.57,1.71,-0.274,0.05162961,0.57,-0.296,1.809,1.718,0.36357,1.13,-0.2897,-0.2622
517,8.635999999999553,1.0,-0.12153568,-1.0,-1.0,-1.0,1.0,-1.0,-1.0,1.0,-1.0,-1.0,1.0,1.0,-1.0,-0.6296924,1.0,-1.0,1.0,1.0,-1.0,1.0,-1.0,-1.0,3.0527,-2.0933,-3.0527,-2.0933,-3.0527,2.0933,-6.283,-0.57,1.71,-0.274,-0.327,0.57,1.71,-0.274,0.051639546,0.57,-0.296,1.809,1.718,0.36357,1.13,-0.2897,-0.2622
518,8.651999999999559,1.0,-0.12136405,-1.0,-1.0,-1.0,1.0,-1.0,-1.0,1.0,-1.0,-1.0,1.0,1.0,-1.0,-0.62967646,1.0,-1.0,1.0,1.0,-1.0,1.0,-1.0,-1.0,3.0527,-2.0933,-3.0527,-2.0933,-3.0527,2.0933,-6.283,-0.57,1.71,-0.274,-0.327,0.57,1.71,-0.274,0.051655818,0.57,-0.296,1.809,1.718,0.36357,1.13,-0.2897,-0.2622
519,8.669999999999565,1.0,-0.12118951,-1.0,-1.0,-1.0,1.0,-1.0,-1.0,1.0,-1.0,-1.0,1.0,1.0,-1.0,-0.62965995,1.0,-1.0,1.0,1.0,-1.0,1.0,-1.0,-1.0,3.0527,-2.0933,-3.0527,-2.0933,-3.0527,2.0933,-6.283,-0.57,1.71,-0.274,-0.327,0.57,1.71,-0.274,0.0516727,0.57,-0.296,1.809,1.718,0.36357,1.13,-0.2897,-0.2622
520,8.68599999999957,1.0,-0.121017866,-1.0,-1.0,-1.0,1.0,-1.0,-1.0,1.0,-1.0,-1.0,1.0,1.0,-1.0,-0.62964475,1.0,-1.0,1.0,1.0,-1.0,1.0,-1.0,-1.0,3.0527,-2.0933,-3.0527,-2.0933,-3.0527,2.0933,-6.283,-0.57,1.71,-0.274,-0.327,0.57,1.71,-0.274,0.051688243,0.57,-0.296,1.809,1.718,0.36357,1.13,-0.2897,-0.2622
521,8.701999999999575,1.0,-0.12083868,-1.0,-1.0,-1.0,1.0,-1.0,-1.0,1.0,-1.0,-1.0,1.0,1.0,-1.0,-0.629626,1.0,-1.0,1.0,1.0,-1.0,1.0,-1.0,-1.0,3.0527,-2.0933,-3.0527,-2.0933,-3.0527,2.0933,-6.283,-0.57,1.71,-0.274,-0.327,0.57,1.71,-0.274,0.05170744,0.57,-0.296,1.809,1.718,0.36357,1.13,-0.2897,-0.2622
522,8.719999999999581,1.0,-0.12066022,-1.0,-1.0,-1.0,1.0,-1.0,-1.0,1.0,-1.0,-1.0,1.0,1.0,-1.0,-0.6296058,1.0,-1.0,1.0,1.0,-1.0,1.0,-1.0,-1.0,3.0527,-2.0933,-3.0527,-2.0933,-3.0527,2.0933,-6.283,-0.57,1.71,-0.274,-0.327,0.57,1.71,-0.274,0.05172804,0.57,-0.296,1.809,1.718,0.36357,1.13,-0.2897,-0.2622
523,8.735999999999587,1.0,-0.120485984,-1.0,-1.0,-1.0,1.0,-1.0,-1.0,1.0,-1.0,-1.0,1.0,1.0,-1.0,-0.62959135,1.0,-1.0,1.0,1.0,-1.0,1.0,-1.0,-1.0,3.0527,-2.0933,-3.0527,-2.0933,-3.0527,2.0933,-6.283,-0.57,1.71,-0.274,-0.327,0.57,1.71,-0.274,0.051742848,0.57,-0.296,1.809,1.718,0.36357,1.13,-0.2897,-0.2622
524,8.751999999999592,1.0,-0.120308734,-1.0,-1.0,-1.0,1.0,-1.0,-1.0,1.0,-1.0,-1.0,1.0,1.0,-1.0,-0.6295745,1.0,-1.0,1.0,1.0,-1.0,1.0,-1.0,-1.0,3.0527,-2.0933,-3.0527,-2.0933,-3.0527,2.0933,-6.283,-0.57,1.71,-0.274,-0.327,0.57,1.71,-0.274,0.051760096,0.57,-0.296,1.809,1.718,0.36357,1.13,-0.2897,-0.2622
525,8.769999999999598,1.0,-0.12013119,-1.0,-1.0,-1.0,1.0,-1.0,-1.0,1.0,-1.0,-1.0,1.0,1.0,-1.0,-0.6295557,1.0,-1.0,1.0,1.0,-1.0,1.0,-1.0,-1.0,3.0527,-2.0933,-3.0527,-2.0933,-3.0527,2.0933,-6.283,-0.57,1.71,-0.274,-0.327,0.57,1.71,-0.274,0.051779296,0.57,-0.296,1.809,1.718,0.36357,1.13,-0.2897,-0.2622
526,8.785999999999603,1.0,-0.11995443,-1.0,-1.0,-1.0,1.0,-1.0,-1.0,1.0,-1.0,-1.0,1.0,1.0,-1.0,-0.6295373,1.0,-1.0,1.0,1.0,-1.0,1.0,-1.0,-1.0,3.0527,-2.0933,-3.0527,-2.0933,-3.0527,2.0933,-6.283,-0.57,1.71,-0.274,-0.327,0.57,1.71,-0.274,0.051798128,0.57,-0.296,1.809,1.718,0.36357,1.13,-0.2897,-0.2622
527,8.801999999999609,1.0,-0.119770475,-1.0,-1.0,-1.0,1.0,-1.0,-1.0,1.0,-1.0,-1.0,1.0,1.0,-1.0,-0.6295158,1.0,-1.0,1.0,1.0,-1.0,1.0,-1.0,-1.0,3.0527,-2.0933,-3.0527,-2.0933,-3.0527,2.0933,-6.283,-0.57,1.71,-0.274,-0.327,0.57,1.71,-0.274,0.051820066,0.57,-0.296,1.809,1.718,0.36357,1.13,-0.2897,-0.2622
528,8.819999999999615,1.0,-0.119587235,-1.0,-1.0,-1.0,1.0,-1.0,-1.0,1.0,-1.0,-1.0,1.0,1.0,-1.0,-0.62949306,1.0,-1.0,1.0,1.0,-1.0,1.0,-1.0,-1.0,3.0527,-2.0933,-3.0527,-2.0933,-3.0527,2.0933,-6.283,-0.57,1.71,-0.274,-0.327,0.57,1.71,-0.274,0.05184335,0.57,-0.296,1.809,1.718,0.36357,1.13,-0.2897,-0.2622
529,8.83599999999962,1.0,-0.11941325,-1.0,-1.0,-1.0,1.0,-1.0,-1.0,1.0,-1.0,-1.0,1.0,1.0,-1.0,-0.62946236,1.0,-1.0,1.0,1.0,-1.0,1.0,-1.0,-1.0,3.0527,-2.0933,-3.0527,-2.0933,-3.0527,2.0933,-6.283,-0.57,1.71,-0.274,-0.327,0.57,1.71,-0.274,0.051874734,0.57,-0.296,1.809,1.718,0.36357,1.13,-0.2897,-0.2622
530,8.851999999999626,1.0,-0.11922524,-1.0,-1.0,-1.0,1.0,-1.0,-1.0,1.0,-1.0,-1.0,1.0,1.0,-1.0,-0.62942797,1.0,-1.0,1.0,1.0,-1.0,1.0,-1.0,-1.0,3.0527,-2.0933,-3.0527,-2.0933,-3.0527,2.0933,-6.283,-0.57,1.71,-0.274,-0.327,0.57,1.71,-0.274,0.0519099,0.57,-0.296,1.809,1.718,0.36357,1.13,-0.2897,-0.2622
531,8.869999999999632,1.0,-0.11902531,-1.0,-1.0,-1.0,1.0,-1.0,-1.0,1.0,-1.0,-1.0,1.0,1.0,-1.0,-0.6293909,1.0,-1.0,1.0,1.0,-1.0,1.0,-1.0,-1.0,3.0527,-2.0933,-3.0527,-2.0933,-3.0527,2.0933,-6.283,-0.57,1.71,-0.274,-0.327,0.57,1.71,-0.274,0.05194781,0.57,-0.296,1.809,1.718,0.36357,1.13,-0.2897,-0.2622
532,8.885999999999637,1.0,-0.118825115,-1.0,-1.0,-1.0,1.0,-1.0,-1.0,1.0,-1.0,-1.0,1.0,1.0,-1.0,-0.6293564,1.0,-1.0,1.0,1.0,-1.0,1.0,-1.0,-1.0,3.0527,-2.0933,-3.0527,-2.0933,-3.0527,2.0933,-6.283,-0.57,1.71,-0.274,-0.327,0.57,1.71,-0.274,0.051983096,0.57,-0.296,1.809,1.718,0.36357,1.13,-0.2897,-0.2622
533,8.901999999999642,1.0,-0.11862361,-1.0,-1.0,-1.0,1.0,-1.0,-1.0,1.0,-1.0,-1.0,1.0,1.0,-1.0,-0.6293221,1.0,-1.0,1.0,1.0,-1.0,1.0,-1.0,-1.0,3.0527,-2.0933,-3.0527,-2.0933,-3.0527,2.0933,-6.283,-0.57,1.71,-0.274,-0.327,0.57,1.71,-0.274,0.05201814,0.57,-0.296,1.809,1.718,0.36357,1.13,-0.2897,-0.2622
534,8.919999999999648,1.0,-0.118421726,-1.0,-1.0,-1.0,1.0,-1.0,-1.0,1.0,-1.0,-1.0,1.0,1.0,-1.0,-0.6292878,1.0,-1.0,1.0,1.0,-1.0,1.0,-1.0,-1.0,3.0527,-2.0933,-3.0527,-2.0933,-3.0527,2.0933,-6.283,-0.57,1.71,-0.274,-0.327,0.57,1.71,-0.274,0.052053247,0.57,-0.296,1.809,1.718,0.36357,1.13,-0.2897,-0.2622
535,8.935999999999654,1.0,-0.118222184,-1.0,-1.0,-1.0,1.0,-1.0,-1.0,1.0,-1.0,-1.0,1.0,1.0,-1.0,-0.6292558,1.0,-1.0,1.0,1.0,-1.0,1.0,-1.0,-1.0,3.0527,-2.0933,-3.0527,-2.0933,-3.0527,2.0933,-6.283,-0.57,1.71,-0.274,-0.327,0.57,1.71,-0.274,0.052085973,0.57,-0.296,1.809,1.718,0.36357,1.13,-0.2897,-0.2622
536,8.951999999999659,1.0,-0.11801749,-1.0,-1.0,-1.0,1.0,-1.0,-1.0,1.0,-1.0,-1.0,1.0,1.0,-1.0,-0.62922084,1.0,-1.0,1.0,1.0,-1.0,1.0,-1.0,-1.0,3.0527,-2.0933,-3.0527,-2.0933,-3.0527,2.0933,-6.283,-0.57,1.71,-0.274,-0.327,0.57,1.71,-0.274,0.052121688,0.57,-0.296,1.809,1.718,0.36357,1.13,-0.2897,-0.2622
537,8.969999999999665,1.0,-0.11781166,-1.0,-1.0,-1.0,1.0,-1.0,-1.0,1.0,-1.0,-1.0,1.0,1.0,-1.0,-0.62918425,1.0,-1.0,1.0,1.0,-1.0,1.0,-1.0,-1.0,3.0527,-2.0933,-3.0527,-2.0933,-3.0527,2.0933,-6.283,-0.57,1.71,-0.274,-0.327,0.57,1.71,-0.274,0.05215911,0.57,-0.296,1.809,1.718,0.36357,1.13,-0.2897,-0.2622
538,8.98599999999967,1.0,-0.11760808,-1.0,-1.0,-1.0,1.0,-1.0,-1.0,1.0,-1.0,-1.0,1.0,1.0,-1.0,-0.6291499,1.0,-1.0,1.0,1.0,-1.0,1.0,-1.0,-1.0,3.0527,-2.0933,-3.0527,-2.0933,-3.0527,2.0933,-6.283,-0.57,1.71,-0.274,-0.327,0.57,1.71,-0.274,0.05219421,0.57,-0.296,1.809,1.718,0.36357,1.13,-0.2897,-0.2622
539,9.001999999999676,1.0,-0.11740749,-1.0,-1.0,-1.0,1.0,-1.0,-1.0,1.0,-1.0,-1.0,1.0,1.0,-1.0,-0.62912196,1.0,-1.0,1.0,1.0,-1.0,1.0,-1.0,-1.0,3.0527,-2.0933,-3.0527,-2.0933,-3.0527,2.0933,-6.283,-0.57,1.71,-0.274,-0.327,0.57,1.71,-0.274,0.052222796,0.57,-0.296,1.809,1.718,0.36357,1.13,-0.2897,-0.2622
540,9.019999999999682,1.0,-0.117212646,-1.0,-1.0,-1.0,1.0,-1.0,-1.0,1.0,-1.0,-1.0,1.0,1.0,-1.0,-0.6290964,1.0,-1.0,1.0,1.0,-1.0,1.0,-1.0,-1.0,3.0527,-2.0933,-3.0527,-2.0933,-3.0527,2.0933,-6.283,-0.57,1.71,-0.274,-0.327,0.57,1.71,-0.274,0.052248944,0.57,-0.296,1.809,1.718,0.36357,1.13,-0.2897,-0.2622
541,9.035999999999687,1.0,-0.11701987,-1.0,-1.0,-1.0,1.0,-1.0,-1.0,1.0,-1.0,-1.0,1.0,1.0,-1.0,-0.6290695,1.0,-1.0,1.0,1.0,-1.0,1.0,-1.0,-1.0,3.0527,-2.0933,-3.0527,-2.0933,-3.0527,2.0933,-6.283,-0.57,1.71,-0.274,-0.327,0.57,1.71,-0.274,0.05227643,0.57,-0.296,1.809,1.718,0.36357,1.13,-0.2897,-0.2622
542,9.051999999999692,1.0,-0.116823114,-1.0,-1.0,-1.0,1.0,-1.0,-1.0,1.0,-1.0,-1.0,1.0,1.0,-1.0,-0.62903863,1.0,-1.0,1.0,1.0,-1.0,1.0,-1.0,-1.0,3.0527,-2.0933,-3.0527,-2.0933,-3.0527,2.0933,-6.283,-0.57,1.71,-0.274,-0.327,0.57,1.71,-0.274,0.052308,0.57,-0.296,1.809,1.718,0.36357,1.13,-0.2897,-0.2622
543,9.069999999999698,1.0,-0.116624795,-1.0,-1.0,-1.0,1.0,-1.0,-1.0,1.0,-1.0,-1.0,1.0,1.0,-1.0,-0.62900585,1.0,-1.0,1.0,1.0,-1.0,1.0,-1.0,-1.0,3.0527,-2.0933,-3.0527,-2.0933,-3.0527,2.0933,-6.283,-0.57,1.71,-0.274,-0.327,0.57,1.71,-0.274,0.05234152,0.57,-0.296,1.809,1.718,0.36357,1.13,-0.2897,-0.2622
544,9.085999999999704,1.0,-0.11642825,-1.0,-1.0,-1.0,1.0,-1.0,-1.0,1.0,-1.0,-1.0,1.0,1.0,-1.0,-0.6289753,1.0,-1.0,1.0,1.0,-1.0,1.0,-1.0,-1.0,3.0527,-2.0933,-3.0527,-2.0933,-3.0527,2.0933,-6.283,-0.57,1.71,-0.274,-0.327,0.57,1.71,-0.274,0.052372783,0.57,-0.296,1.809,1.718,0.36357,1.13,-0.2897,-0.2622
545,9.101999999999709,1.0,-0.116226874,-1.0,-1.0,-1.0,1.0,-1.0,-1.0,1.0,-1.0,-1.0,1.0,1.0,-1.0,-0.62894136,1.0,-1.0,1.0,1.0,-1.0,1.0,-1.0,-1.0,3.0527,-2.0933,-3.0527,-2.0933,-3.0527,2.0933,-6.283,-0.57,1.71,-0.274,-0.327,0.57,1.71,-0.274,0.052407462,0.57,-0.296,1.809,1.718,0.36357,1.13,-0.2897,-0.2622
546,9.119999999999715,1.0,-0.1160252,-1.0,-1.0,-1.0,1.0,-1.0,-1.0,1.0,-1.0,-1.0,1.0,1.0,-1.0,-0.6289086,1.0,-1.0,1.0,1.0,-1.0,1.0,-1.0,-1.0,3.0527,-2.0933,-3.0527,-2.0933,-3.0527,2.0933,-6.283,-0.57,1.71,-0.274,-0.327,0.57,1.71,-0.274,0.052440982,0.57,-0.296,1.809,1.718,0.36357,1.13,-0.2897,-0.2622
547,9.13599999999972,1.0,-0.11582611,-1.0,-1.0,-1.0,1.0,-1.0,-1.0,1.0,-1.0,-1.0,1.0,1.0,-1.0,-0.62887436,1.0,-1.0,1.0,1.0,-1.0,1.0,-1.0,-1.0,3.0527,-2.0933,-3.0527,-2.0933,-3.0527,2.0933,-6.283,-0.57,1.71,-0.274,-0.327,0.57,1.71,-0.274,0.052475967,0.57,-0.296,1.809,1.718,0.36357,1.13,-0.2897,-0.2622
548,9.151999999999726,1.0,-0.11562141,-1.0,-1.0,-1.0,1.0,-1.0,-1.0,1.0,-1.0,-1.0,1.0,1.0,-1.0,-0.62883925,1.0,-1.0,1.0,1.0,-1.0,1.0,-1.0,-1.0,3.0527,-2.0933,-3.0527,-2.0933,-3.0527,2.0933,-6.283,-0.57,1.71,-0.274,-0.327,0.57,1.71,-0.274,0.052511863,0.57,-0.296,1.809,1.718,0.36357,1.13,-0.2897,-0.2622
549,9.169999999999732,1.0,-0.1154171,-1.0,-1.0,-1.0,1.0,-1.0,-1.0,1.0,-1.0,-1.0,1.0,1.0,-1.0,-0.628802,1.0,-1.0,1.0,1.0,-1.0,1.0,-1.0,-1.0,3.0527,-2.0933,-3.0527,-2.0933,-3.0527,2.0933,-6.283,-0.57,1.71,-0.274,-0.327,0.57,1.71,-0.274,0.052549955,0.57,-0.296,1.809,1.718,0.36357,1.13,-0.2897,-0.2622
550,9.185999999999737,1.0,-0.11521392,-1.0,-1.0,-1.0,1.0,-1.0,-1.0,1.0,-1.0,-1.0,1.0,1.0,-1.0,-0.6287675,1.0,-1.0,1.0,1.0,-1.0,1.0,-1.0,-1.0,3.0527,-2.0933,-3.0527,-2.0933,-3.0527,2.0933,-6.283,-0.57,1.71,-0.274,-0.327,0.57,1.71,-0.274,0.05258524,0.57,-0.296,1.809,1.718,0.36357,1.13,-0.2897,-0.2622
551,9.201999999999742,1.0,-0.11500595,-1.0,-1.0,-1.0,1.0,-1.0,-1.0,1.0,-1.0,-1.0,1.0,1.0,-1.0,-0.628729,1.0,-1.0,1.0,1.0,-1.0,1.0,-1.0,-1.0,3.0527,-2.0933,-3.0527,-2.0933,-3.0527,2.0933,-6.283,-0.57,1.71,-0.274,-0.327,0.57,1.71,-0.274,0.052624613,0.57,-0.296,1.809,1.718,0.36357,1.13,-0.2897,-0.2622
552,9.219999999999748,1.0,-0.11479833,-1.0,-1.0,-1.0,1.0,-1.0,-1.0,1.0,-1.0,-1.0,1.0,1.0,-1.0,-0.6286896,1.0,-1.0,1.0,1.0,-1.0,1.0,-1.0,-1.0,3.0527,-2.0933,-3.0527,-2.0933,-3.0527,2.0933,-6.283,-0.57,1.71,-0.274,-0.327,0.57,1.71,-0.274,0.0526649,0.57,-0.296,1.809,1.718,0.36357,1.13,-0.2897,-0.2622
553,9.235999999999754,1.0,-0.11459056,-1.0,-1.0,-1.0,1.0,-1.0,-1.0,1.0,-1.0,-1.0,1.0,1.0,-1.0,-0.62865037,1.0,-1.0,1.0,1.0,-1.0,1.0,-1.0,-1.0,3.0527,-2.0933,-3.0527,-2.0933,-3.0527,2.0933,-6.283,-0.57,1.71,-0.274,-0.327,0.57,1.71,-0.274,0.052705,0.57,-0.296,1.809,1.718,0.36357,1.13,-0.2897,-0.2622
554,9.251999999999759,1.0,-0.11437973,-1.0,-1.0,-1.0,1.0,-1.0,-1.0,1.0,-1.0,-1.0,1.0,1.0,-1.0,-0.62860644,1.0,-1.0,1.0,1.0,-1.0,1.0,-1.0,-1.0,3.0527,-2.0933,-3.0527,-2.0933,-3.0527,2.0933,-6.283,-0.57,1.71,-0.274,-0.327,0.57,1.71,-0.274,0.052749917,0.57,-0.296,1.809,1.718,0.36357,1.13,-0.2897,-0.2622
555,9.269999999999765,1.0,-0.11416895,-1.0,-1.0,-1.0,1.0,-1.0,-1.0,1.0,-1.0,-1.0,1.0,1.0,-1.0,-0.6285651,1.0,-1.0,1.0,1.0,-1.0,1.0,-1.0,-1.0,3.0527,-2.0933,-3.0527,-2.0933,-3.0527,2.0933,-6.283,-0.57,1.71,-0.274,-0.327,0.57,1.71,-0.274,0.052792214,0.57,-0.296,1.809,1.718,0.36357,1.13,-0.2897,-0.2622
556,9.28599999999977,1.0,-0.113958426,-1.0,-1.0,-1.0,1.0,-1.0,-1.0,1.0,-1.0,-1.0,1.0,1.0,-1.0,-0.6285214,1.0,-1.0,1.0,1.0,-1.0,1.0,-1.0,-1.0,3.0527,-2.0933,-3.0527,-2.0933,-3.0527,2.0933,-6.283,-0.57,1.71,-0.274,-0.327,0.57,1.71,-0.274,0.052836888,0.57,-0.296,1.809,1.718,0.36357,1.13,-0.2897,-0.2622
557,9.301999999999776,1.0,-0.11374431,-1.0,-1.0,-1.0,1.0,-1.0,-1.0,1.0,-1.0,-1.0,1.0,1.0,-1.0,-0.62847495,1.0,-1.0,1.0,1.0,-1.0,1.0,-1.0,-1.0,3.0527,-2.0933,-3.0527,-2.0933,-3.0527,2.0933,-6.283,-0.57,1.71,-0.274,-0.327,0.57,1.71,-0.274,0.052884363,0.57,-0.296,1.809,1.718,0.36357,1.13,-0.2897,-0.2622
558,9.319999999999782,1.0,-0.11353033,-1.0,-1.0,-1.0,1.0,-1.0,-1.0,1.0,-1.0,-1.0,1.0,1.0,-1.0,-0.62842786,1.0,-1.0,1.0,1.0,-1.0,1.0,-1.0,-1.0,3.0527,-2.0933,-3.0527,-2.0933,-3.0527,2.0933,-6.283,-0.57,1.71,-0.274,-0.327,0.57,1.71,-0.274,0.05293251,0.57,-0.296,1.809,1.718,0.36357,1.13,-0.2897,-0.2622
559,9.335999999999787,1.0,-0.11331851,-1.0,-1.0,-1.0,1.0,-1.0,-1.0,1.0,-1.0,-1.0,1.0,1.0,-1.0,-0.6283815,1.0,-1.0,1.0,1.0,-1.0,1.0,-1.0,-1.0,3.0527,-2.0933,-3.0527,-2.0933,-3.0527,2.0933,-6.283,-0.57,1.71,-0.274,-0.327,0.57,1.71,-0.274,0.052979928,0.57,-0.296,1.809,1.718,0.36357,1.13,-0.2897,-0.2622
560,9.351999999999792,1.0,-0.11310341,-1.0,-1.0,-1.0,1.0,-1.0,-1.0,1.0,-1.0,-1.0,1.0,1.0,-1.0,-0.62833226,1.0,-1.0,1.0,1.0,-1.0,1.0,-1.0,-1.0,3.0527,-2.0933,-3.0527,-2.0933,-3.0527,2.0933,-6.283,-0.57,1.71,-0.274,-0.327,0.57,1.71,-0.274,0.053030267,0.57,-0.296,1.809,1.718,0.36357,1.13,-0.2897,-0.2622
561,9.369999999999798,1.0,-0.11288794,-1.0,-1.0,-1.0,1.0,-1.0,-1.0,1.0,-1.0,-1.0,1.0,1.0,-1.0,-0.6282827,1.0,-1.0,1.0,1.0,-1.0,1.0,-1.0,-1.0,3.0527,-2.0933,-3.0527,-2.0933,-3.0527,2.0933,-6.283,-0.57,1.71,-0.274,-0.327,0.57,1.71,-0.274,0.053080913,0.57,-0.296,1.809,1.718,0.36357,1.13,-0.2897,-0.2622
562,9.385999999999804,1.0,-0.1126759,-1.0,-1.0,-1.0,1.0,-1.0,-1.0,1.0,-1.0,-1.0,1.0,1.0,-1.0,-0.62823343,1.0,-1.0,1.0,1.0,-1.0,1.0,-1.0,-1.0,3.0527,-2.0933,-3.0527,-2.0933,-3.0527,2.0933,-6.283,-0.57,1.71,-0.274,-0.327,0.57,1.71,-0.274,0.053131316,0.57,-0.296,1.809,1.718,0.36357,1.13,-0.2897,-0.2622
563,9.40199999999981,1.0,-0.112461425,-1.0,-1.0,-1.0,1.0,-1.0,-1.0,1.0,-1.0,-1.0,1.0,1.0,-1.0,-0.62818307,1.0,-1.0,1.0,1.0,-1.0,1.0,-1.0,-1.0,3.0527,-2.0933,-3.0527,-2.0933,-3.0527,2.0933,-6.283,-0.57,1.71,-0.274,-0.327,0.57,1.71,-0.274,0.053182814,0.57,-0.296,1.809,1.718,0.36357,1.13,-0.2897,-0.2622
564,9.419999999999815,1.0,-0.11224768,-1.0,-1.0,-1.0,1.0,-1.0,-1.0,1.0,-1.0,-1.0,1.0,1.0,-1.0,-0.62813246,1.0,-1.0,1.0,1.0,-1.0,1.0,-1.0,-1.0,3.0527,-2.0933,-3.0527,-2.0933,-3.0527,2.0933,-6.283,-0.57,1.71,-0.274,-0.327,0.57,1.71,-0.274,0.05323456,0.57,-0.296,1.809,1.718,0.36357,1.13,-0.2897,-0.2622
565,9.43599999999982,1.0,-0.112034254,-1.0,-1.0,-1.0,1.0,-1.0,-1.0,1.0,-1.0,-1.0,1.0,1.0,-1.0,-0.62808245,1.0,-1.0,1.0,1.0,-1.0,1.0,-1.0,-1.0,3.0527,-2.0933,-3.0527,-2.0933,-3.0527,2.0933,-6.283,-0.57,1.71,-0.274,-0.327,0.57,1.71,-0.274,0.053285692,0.57,-0.296,1.809,1.718,0.36357,1.13,-0.2897,-0.2622
566,9.451999999999826,1.0,-0.111820124,-1.0,-1.0,-1.0,1.0,-1.0,-1.0,1.0,-1.0,-1.0,1.0,1.0,-1.0,-0.6280314,1.0,-1.0,1.0,1.0,-1.0,1.0,-1.0,-1.0,3.0527,-2.0933,-3.0527,-2.0933,-3.0527,2.0933,-6.283,-0.57,1.71,-0.274,-0.327,0.57,1.71,-0.274,0.05333792,0.57,-0.296,1.809,1.718,0.36357,1.13,-0.2897,-0.2622
567,9.469999999999832,1.0,-0.11160774,-1.0,-1.0,-1.0,1.0,-1.0,-1.0,1.0,-1.0,-1.0,1.0,1.0,-1.0,-0.62798023,1.0,-1.0,1.0,1.0,-1.0,1.0,-1.0,-1.0,3.0527,-2.0933,-3.0527,-2.0933,-3.0527,2.0933,-6.283,-0.57,1.71,-0.274,-0.327,0.57,1.71,-0.274,0.053390212,0.57,-0.296,1.809,1.718,0.36357,1.13,-0.2897,-0.2622
568,9.485999999999837,1.0,-0.111383356,-1.0,-1.0,-1.0,1.0,-1.0,-1.0,1.0,-1.0,-1.0,1.0,1.0,-1.0,-0.62791723,1.0,-1.0,1.0,1.0,-1.0,1.0,-1.0,-1.0,3.0527,-2.0933,-3.0527,-2.0933,-3.0527,2.0933,-6.283,-0.57,1.71,-0.274,-0.327,0.57,1.71,-0.274,0.053454634,0.57,-0.296,1.809,1.718,0.36357,1.13,-0.2897,-0.2622
569,9.501999999999843,1.0,-0.111158274,-1.0,-1.0,-1.0,1.0,-1.0,-1.0,1.0,-1.0,-1.0,1.0,1.0,-1.0,-0.6278571,1.0,-1.0,1.0,1.0,-1.0,1.0,-1.0,-1.0,3.0527,-2.0933,-3.0527,-2.0933,-3.0527,2.0933,-6.283,-0.57,1.71,-0.274,-0.327,0.57,1.71,-0.274,0.053516127,0.57,-0.296,1.809,1.718,0.36357,1.13,-0.2897,-0.2622
570,9.519999999999849,1.0,-0.11093501,-1.0,-1.0,-1.0,1.0,-1.0,-1.0,1.0,-1.0,-1.0,1.0,1.0,-1.0,-0.6277984,1.0,-1.0,1.0,1.0,-1.0,1.0,-1.0,-1.0,3.0527,-2.0933,-3.0527,-2.0933,-3.0527,2.0933,-6.283,-0.57,1.71,-0.274,-0.327,0.57,1.71,-0.274,0.053576156,0.57,-0.296,1.809,1.718,0.36357,1.13,-0.2897,-0.2622
571,9.535999999999854,1.0,-0.11071349,-1.0,-1.0,-1.0,1.0,-1.0,-1.0,1.0,-1.0,-1.0,1.0,1.0,-1.0,-0.62774134,1.0,-1.0,1.0,1.0,-1.0,1.0,-1.0,-1.0,3.0527,-2.0933,-3.0527,-2.0933,-3.0527,2.0933,-6.283,-0.57,1.71,-0.274,-0.327,0.57,1.71,-0.274,0.053634483,0.57,-0.296,1.809,1.718,0.36357,1.13,-0.2897,-0.2622
572,9.55199999999986,1.0,-0.11049154,-1.0,-1.0,-1.0,1.0,-1.0,-1.0,1.0,-1.0,-1.0,1.0,1.0,-1.0,-0.6276851,1.0,-1.0,1.0,1.0,-1.0,1.0,-1.0,-1.0,3.0527,-2.0933,-3.0527,-2.0933,-3.0527,2.0933,-6.283,-0.57,1.71,-0.274,-0.327,0.57,1.71,-0.274,0.053691953,0.57,-0.296,1.809,1.718,0.36357,1.13,-0.2897,-0.2622
573,9.569999999999865,1.0,-0.110271536,-1.0,-1.0,-1.0,1.0,-1.0,-1.0,1.0,-1.0,-1.0,1.0,1.0,-1.0,-0.6276289,1.0,-1.0,1.0,1.0,-1.0,1.0,-1.0,-1.0,3.0527,-2.0933,-3.0527,-2.0933,-3.0527,2.0933,-6.283,-0.57,1.71,-0.274,-0.327,0.57,1.71,-0.274,0.053749427,0.57,-0.296,1.809,1.718,0.36357,1.13,-0.2897,-0.2622
574,9.58599999999987,1.0,-0.11005267,-1.0,-1.0,-1.0,1.0,-1.0,-1.0,1.0,-1.0,-1.0,1.0,1.0,-1.0,-0.6275745,1.0,-1.0,1.0,1.0,-1.0,1.0,-1.0,-1.0,3.0527,-2.0933,-3.0527,-2.0933,-3.0527,2.0933,-6.283,-0.57,1.71,-0.274,-0.327,0.57,1.71,-0.274,0.05380507,0.57,-0.296,1.809,1.718,0.36357,1.13,-0.2897,-0.2622
575,9.601999999999876,1.0,-0.10983326,-1.0,-1.0,-1.0,1.0,-1.0,-1.0,1.0,-1.0,-1.0,1.0,1.0,-1.0,-0.6275201,1.0,-1.0,1.0,1.0,-1.0,1.0,-1.0,-1.0,3.0527,-2.0933,-3.0527,-2.0933,-3.0527,2.0933,-6.283,-0.57,1.71,-0.274,-0.327,0.57,1.71,-0.274,0.053860713,0.57,-0.296,1.809,1.718,0.36357,1.13,-0.2897,-0.2622
576,9.619999999999882,1.0,-0.10961548,-1.0,-1.0,-1.0,1.0,-1.0,-1.0,1.0,-1.0,-1.0,1.0,1.0,-1.0,-0.6274667,1.0,-1.0,1.0,1.0,-1.0,1.0,-1.0,-1.0,3.0527,-2.0933,-3.0527,-2.0933,-3.0527,2.0933,-6.283,-0.57,1.71,-0.274,-0.327,0.57,1.71,-0.274,0.05391532,0.57,-0.296,1.809,1.718,0.36357,1.13,-0.2897,-0.2622
577,9.635999999999887,1.0,-0.10940047,-1.0,-1.0,-1.0,1.0,-1.0,-1.0,1.0,-1.0,-1.0,1.0,1.0,-1.0,-0.62741446,1.0,-1.0,1.0,1.0,-1.0,1.0,-1.0,-1.0,3.0527,-2.0933,-3.0527,-2.0933,-3.0527,2.0933,-6.283,-0.57,1.71,-0.274,-0.327,0.57,1.71,-0.274,0.05396871,0.57,-0.296,1.809,1.718,0.36357,1.13,-0.2897,-0.2622
578,9.651999999999893,1.0,-0.10918292,-1.0,-1.0,-1.0,1.0,-1.0,-1.0,1.0,-1.0,-1.0,1.0,1.0,-1.0,-0.6273613,1.0,-1.0,1.0,1.0,-1.0,1.0,-1.0,-1.0,3.0527,-2.0933,-3.0527,-2.0933,-3.0527,2.0933,-6.283,-0.57,1.71,-0.274,-0.327,0.57,1.71,-0.274,0.054023072,0.57,-0.296,1.809,1.718,0.36357,1.13,-0.2897,-0.2622
579,9.669999999999899,1.0,-0.108967654,-1.0,-1.0,-1.0,1.0,-1.0,-1.0,1.0,-1.0,-1.0,1.0,1.0,-1.0,-0.6273103,1.0,-1.0,1.0,1.0,-1.0,1.0,-1.0,-1.0,3.0527,-2.0933,-3.0527,-2.0933,-3.0527,2.0933,-6.283,-0.57,1.71,-0.274,-0.327,0.57,1.71,-0.274,0.05407524,0.57,-0.296,1.809,1.718,0.36357,1.13,-0.2897,-0.2622
580,9.685999999999904,1.0,-0.108756356,-1.0,-1.0,-1.0,1.0,-1.0,-1.0,1.0,-1.0,-1.0,1.0,1.0,-1.0,-0.62726146,1.0,-1.0,1.0,1.0,-1.0,1.0,-1.0,-1.0,3.0527,-2.0933,-3.0527,-2.0933,-3.0527,2.0933,-6.283,-0.57,1.71,-0.274,-0.327,0.57,1.71,-0.274,0.054125156,0.57,-0.296,1.809,1.718,0.36357,1.13,-0.2897,-0.2622
581,9.70199999999991,1.0,-0.10854406,-1.0,-1.0,-1.0,1.0,-1.0,-1.0,1.0,-1.0,-1.0,1.0,1.0,-1.0,-0.6272116,1.0,-1.0,1.0,1.0,-1.0,1.0,-1.0,-1.0,3.0527,-2.0933,-3.0527,-2.0933,-3.0527,2.0933,-6.283,-0.57,1.71,-0.274,-0.327,0.57,1.71,-0.274,0.05417617,0.57,-0.296,1.809,1.718,0.36357,1.13,-0.2897,-0.2622
582,9.719999999999915,1.0,-0.108332284,-1.0,-1.0,-1.0,1.0,-1.0,-1.0,1.0,-1.0,-1.0,1.0,1.0,-1.0,-0.6271622,1.0,-1.0,1.0,1.0,-1.0,1.0,-1.0,-1.0,3.0527,-2.0933,-3.0527,-2.0933,-3.0527,2.0933,-6.283,-0.57,1.71,-0.274,-0.327,0.57,1.71,-0.274,0.054226633,0.57,-0.296,1.809,1.718,0.36357,1.13,-0.2897,-0.2622
583,9.73599999999992,1.0,-0.10812534,-1.0,-1.0,-1.0,1.0,-1.0,-1.0,1.0,-1.0,-1.0,1.0,1.0,-1.0,-0.6271192,1.0,-1.0,1.0,1.0,-1.0,1.0,-1.0,-1.0,3.0527,-2.0933,-3.0527,-2.0933,-3.0527,2.0933,-6.283,-0.57,1.71,-0.274,-0.327,0.57,1.71,-0.274,0.054270636,0.57,-0.296,1.809,1.718,0.36357,1.13,-0.2897,-0.2622
584,9.751999999999926,1.0,-0.107919835,-1.0,-1.0,-1.0,1.0,-1.0,-1.0,1.0,-1.0,-1.0,1.0,1.0,-1.0,-0.62707597,1.0,-1.0,1.0,1.0,-1.0,1.0,-1.0,-1.0,3.0527,-2.0933,-3.0527,-2.0933,-3.0527,2.0933,-6.283,-0.57,1.71,-0.274,-0.327,0.57,1.71,-0.274,0.054314822,0.57,-0.296,1.809,1.718,0.36357,1.13,-0.2897,-0.2622
585,9.769999999999932,1.0,-0.10771514,-1.0,-1.0,-1.0,1.0,-1.0,-1.0,1.0,-1.0,-1.0,1.0,1.0,-1.0,-0.6270316,1.0,-1.0,1.0,1.0,-1.0,1.0,-1.0,-1.0,3.0527,-2.0933,-3.0527,-2.0933,-3.0527,2.0933,-6.283,-0.57,1.71,-0.274,-0.327,0.57,1.71,-0.274,0.054360162,0.57,-0.296,1.809,1.718,0.36357,1.13,-0.2897,-0.2622
586,9.785999999999937,1.0,-0.10751281,-1.0,-1.0,-1.0,1.0,-1.0,-1.0,1.0,-1.0,-1.0,1.0,1.0,-1.0,-0.6269903,1.0,-1.0,1.0,1.0,-1.0,1.0,-1.0,-1.0,3.0527,-2.0933,-3.0527,-2.0933,-3.0527,2.0933,-6.283,-0.57,1.71,-0.274,-0.327,0.57,1.71,-0.274,0.0544024,0.57,-0.296,1.809,1.718,0.36357,1.13,-0.2897,-0.2622
587,9.801999999999943,1.0,-0.10730941,-1.0,-1.0,-1.0,1.0,-1.0,-1.0,1.0,-1.0,-1.0,1.0,1.0,-1.0,-0.6269472,1.0,-1.0,1.0,1.0,-1.0,1.0,-1.0,-1.0,3.0527,-2.0933,-3.0527,-2.0933,-3.0527,2.0933,-6.283,-0.57,1.71,-0.274,-0.327,0.57,1.71,-0.274,0.054446463,0.57,-0.296,1.809,1.718,0.36357,1.13,-0.2897,-0.2622
588,9.819999999999949,1.0,-0.10710862,-1.0,-1.0,-1.0,1.0,-1.0,-1.0,1.0,-1.0,-1.0,1.0,1.0,-1.0,-0.6269062,1.0,-1.0,1.0,1.0,-1.0,1.0,-1.0,-1.0,3.0527,-2.0933,-3.0527,-2.0933,-3.0527,2.0933,-6.283,-0.57,1.71,-0.274,-0.327,0.57,1.71,-0.274,0.054488394,0.57,-0.296,1.809,1.718,0.36357,1.13,-0.2897,-0.2622
589,9.835999999999954,1.0,-0.10690853,-1.0,-1.0,-1.0,1.0,-1.0,-1.0,1.0,-1.0,-1.0,1.0,1.0,-1.0,-0.62686676,1.0,-1.0,1.0,1.0,-1.0,1.0,-1.0,-1.0,3.0527,-2.0933,-3.0527,-2.0933,-3.0527,2.0933,-6.283,-0.57,1.71,-0.274,-0.327,0.57,1.71,-0.274,0.05452874,0.57,-0.296,1.809,1.718,0.36357,1.13,-0.2897,-0.2622
590,9.85199999999996,1.0,-0.10670825,-1.0,-1.0,-1.0,1.0,-1.0,-1.0,1.0,-1.0,-1.0,1.0,1.0,-1.0,-0.6268254,1.0,-1.0,1.0,1.0,-1.0,1.0,-1.0,-1.0,3.0527,-2.0933,-3.0527,-2.0933,-3.0527,2.0933,-6.283,-0.57,1.71,-0.274,-0.327,0.57,1.71,-0.274,0.054571036,0.57,-0.296,1.809,1.718,0.36357,1.13,-0.2897,-0.2622
591,9.869999999999965,1.0,-0.10650883,-1.0,-1.0,-1.0,1.0,-1.0,-1.0,1.0,-1.0,-1.0,1.0,1.0,-1.0,-0.62678534,1.0,-1.0,1.0,1.0,-1.0,1.0,-1.0,-1.0,3.0527,-2.0933,-3.0527,-2.0933,-3.0527,2.0933,-6.283,-0.57,1.71,-0.274,-0.327,0.57,1.71,-0.274,0.054611992,0.57,-0.296,1.809,1.718,0.36357,1.13,-0.2897,-0.2622
592,9.88599999999997,1.0,-0.10631277,-1.0,-1.0,-1.0,1.0,-1.0,-1.0,1.0,-1.0,-1.0,1.0,1.0,-1.0,-0.6267481,1.0,-1.0,1.0,1.0,-1.0,1.0,-1.0,-1.0,3.0527,-2.0933,-3.0527,-2.0933,-3.0527,2.0933,-6.283,-0.57,1.71,-0.274,-0.327,0.57,1.71,-0.274,0.054650083,0.57,-0.296,1.809,1.718,0.36357,1.13,-0.2897,-0.2622
593,9.901999999999976,1.0,-0.10611323,-1.0,-1.0,-1.0,1.0,-1.0,-1.0,1.0,-1.0,-1.0,1.0,1.0,-1.0,-0.6267072,1.0,-1.0,1.0,1.0,-1.0,1.0,-1.0,-1.0,3.0527,-2.0933,-3.0527,-2.0933,-3.0527,2.0933,-6.283,-0.57,1.71,-0.274,-0.327,0.57,1.71,-0.274,0.054691892,0.57,-0.296,1.809,1.718,0.36357,1.13,-0.2897,-0.2622
594,9.919999999999982,1.0,-0.105915114,-1.0,-1.0,-1.0,1.0,-1.0,-1.0,1.0,-1.0,-1.0,1.0,1.0,-1.0,-0.62666655,1.0,-1.0,1.0,1.0,-1.0,1.0,-1.0,-1.0,3.0527,-2.0933,-3.0527,-2.0933,-3.0527,2.0933,-6.283,-0.57,1.71,-0.274,-0.327,0.57,1.71,-0.274,0.054733455,0.57,-0.296,1.809,1.718,0.36357,1.13,-0.2897,-0.2622
595,9.935999999999988,1.0,-0.10571728,-1.0,-1.0,-1.0,1.0,-1.0,-1.0,1.0,-1.0,-1.0,1.0,1.0,-1.0,-0.626626,1.0,-1.0,1.0,1.0,-1.0,1.0,-1.0,-1.0,3.0527,-2.0933,-3.0527,-2.0933,-3.0527,2.0933,-6.283,-0.57,1.71,-0.274,-0.327,0.57,1.71,-0.274,0.0547749,0.57,-0.296,1.809,1.718,0.36357,1.13,-0.2897,-0.2622
596,9.951999999999993,1.0,-0.10551758,-1.0,-1.0,-1.0,1.0,-1.0,-1.0,1.0,-1.0,-1.0,1.0,1.0,-1.0,-0.6265835,1.0,-1.0,1.0,1.0,-1.0,1.0,-1.0,-1.0,3.0527,-2.0933,-3.0527,-2.0933,-3.0527,2.0933,-6.283,-0.57,1.71,-0.274,-0.327,0.57,1.71,-0.274,0.054818355,0.57,-0.296,1.809,1.718,0.36357,1.13,-0.2897,-0.2622
597,9.969999999999999,1.0,-0.105320886,-1.0,-1.0,-1.0,1.0,-1.0,-1.0,1.0,-1.0,-1.0,1.0,1.0,-1.0,-0.6265412,1.0,-1.0,1.0,1.0,-1.0,1.0,-1.0,-1.0,3.0527,-2.0933,-3.0527,-2.0933,-3.0527,2.0933,-6.283,-0.57,1.71,-0.274,-0.327,0.57,1.71,-0.274,0.054861628,0.57,-0.296,1.809,1.718,0.36357,1.13,-0.2897,-0.2622
598,9.986000000000004,1.0,-0.105123185,-1.0,-1.0,-1.0,1.0,-1.0,-1.0,1.0,-1.0,-1.0,1.0,1.0,-1.0,-0.62649953,1.0,-1.0,1.0,1.0,-1.0,1.0,-1.0,-1.0,3.0527,-2.0933,-3.0527,-2.0933,-3.0527,2.0933,-6.283,-0.57,1.71,-0.274,-0.327,0.57,1.71,-0.274,0.054904226,0.57,-0.296,1.809,1.718,0.36357,1.13,-0.2897,-0.2622
599,10.00200000000001,1.0,-0.104926616,-1.0,-1.0,-1.0,1.0,-1.0,-1.0,1.0,-1.0,-1.0,1.0,1.0,-1.0,-0.6264575,1.0,-1.0,1.0,1.0,-1.0,1.0,-1.0,-1.0,3.0527,-2.0933,-3.0527,-2.0933,-3.0527,2.0933,-6.283,-0.57,1.71,-0.274,-0.327,0.57,1.71,-0.274,0.054947194,0.57,-0.296,1.809,1.718,0.36357,1.13,-0.2897,-0.2622
