step,sim_time,action_0,action_1,action_2,action_3,action_4,action_5,action_6,target_0,target_1,target_2,target_3,target_4,target_5,target_6,target_7,target_8,target_9,target_10,target_11,q_0,q_1,q_2,q_3,q_4,q_5,q_6,q_7,q_8,q_9,q_10,q_11
0,0.018000000000000002,-0.005163341760635376,-0.05034728720784187,-0.06717421859502792,0.07359146326780319,-0.061401646584272385,0.009663315489888191,-0.048019010573625565,-1.5708823556960105,-1.5713518555555557,-1.5713518555555557,-1.5702407444444444,1.5702407444444444,0.00016105525816480318,0.3427131561934948,-0.3427131561934948,0.3427131561934948,0.3427131561934948,-0.3427131561934948,0.3427131561934948,-1.570790472556689,-1.5707766583661027,-1.5706706090896503,-1.5706915524546652,1.5707466228931226,1.4781415541582358e-05,0.0408739402994775,-0.039976391697783886,0.04154461561430911,0.040823161688406766,-0.039966819039001775,0.04154581834284674
1,0.034000000000000016,-0.0068918634206056595,-0.05229548364877701,-0.06801851838827133,0.07473117858171463,-0.06319548934698105,0.008478065952658653,-0.045443810522556305,-1.570997220086354,-1.572223446949702,-1.5724629666666667,-1.5691296333333333,1.5691874862886614,0.0003023563573757807,0.34364022821187973,-0.34364022821187973,0.34364022821187973,0.34364022821187973,-0.34364022821187973,0.34364022821187973,-1.5707833225808623,-1.5707498127107982,-1.5706531456292248,-1.570549401785333,1.5706225041190047,3.837285616937199e-05,0.07329576686119692,-0.0734504246584069,0.07326862149907487,0.07332703310232179,-0.07344934631401923,0.07327210720524807
2,0.05000000000000003,-0.007232058793306351,-0.05244247615337372,-0.06802545487880707,0.07449707388877869,-0.06349271535873413,0.008403041400015354,-0.04493620991706848,-1.5711177543995758,-1.573097488218925,-1.5735967242479802,-1.567888015435187,1.5681292743660158,0.0004424070473760366,0.3438229644298553,-0.3438229644298553,0.3438229644298553,0.3438229644298553,-0.3438229644298553,0.3438229644298553,-1.5707821533932969,-1.5707267087647134,-1.5707158448679508,-1.57031601975128,1.5704222756441297,7.151141057697006e-05,0.10278925103053636,-0.10300776814138443,0.10261391069349865,0.10281223120546994,-0.1030123597923617,0.10261769288824464
3,0.06800000000000005,-0.007481755688786507,-0.05258821323513985,-0.06800371408462524,0.07431413978338242,-0.06381656974554062,0.008410598151385784,-0.04459378495812416,-1.5712424503277223,-1.5739739584395107,-1.574730119482724,-1.5666494464387974,1.5670656648702568,0.0005825836832324663,0.3439462374150753,-0.3439462374150753,0.3439462374150753,0.3439462374150753,-0.3439462374150753,0.3439462374150753,-1.5707941112200838,-1.5707179339890762,-1.570873031929092,-1.5699599356249336,1.5701186423834612,0.00011843066794342159,0.13260075030530927,-0.13275162314786795,0.13250391517301324,0.13261336728052792,-0.13275221671256082,0.13250653017807784
4,0.08400000000000006,-0.007483385037630796,-0.05272172391414642,-0.06794806569814682,0.0743040144443512,-0.06409520655870438,0.008596510626375675,-0.04452182352542877,-1.5713671734116827,-1.5748526538380798,-1.5758625872443597,-1.5654110461980582,1.5659974114276116,0.0007258588603387276,0.34397214353084565,-0.34397214353084565,0.34397214353084565,0.34397214353084565,-0.34397214353084565,0.34397214353084565,-1.5708191759911967,-1.5707338717288706,-1.571082140321298,-1.5695684985372582,1.56978494474238,0.0001682668938619707,0.1564184746177073,-0.15654760091450046,0.15635204779157488,0.1564306977864444,-0.156547157217891,0.15635485818043698
5,0.10000000000000007,-0.007455265615135431,-0.052832573652267456,-0.06792830675840378,0.07432422786951065,-0.06438086926937103,0.008696485310792923,-0.04449588805437088,-1.5714914278386016,-1.5757331967322843,-1.5769947256903332,-1.5641723090668997,1.5649243969397888,0.0008708002821852763,0.34398148030042647,-0.34398148030042647,0.34398148030042647,0.34398148030042647,-0.34398148030042647,0.34398148030042647,-1.5708589133373883,-1.5707782402042099,-1.5713541428272824,-1.5691054147608723,1.5693903358056114,0.00022592070769698733,0.17796886204394177,-0.17808646682159565,0.1779062003600273,0.17798023166441473,-0.1780866133812805,0.17790905615488245
6,0.11800000000000009,-0.007112038787454367,-0.05263984203338623,-0.06782416999340057,0.07438132166862488,-0.06429294496774673,0.008624495938420296,-0.0448019802570343,-1.5716099618183925,-1.5766105274328408,-1.5781251285235565,-1.5629326203724228,1.563852847856993,0.0010145418811589478,0.3438712871074676,-0.3438712871074676,0.3438712871074676,0.3438712871074676,-0.3438712871074676,0.3438712871074676,-1.570921563353037,-1.5708682876017472,-1.5717303018042874,-1.5685134428582512,1.5688855874866285,0.0002983719138809533,0.19975221700919138,-0.1998569246465195,0.19969244523106217,0.19976020762523905,-0.19985751465390766,0.19969425523292758
7,0.1340000000000001,-0.006764870136976242,-0.05241549015045166,-0.06770452857017517,0.0744091048836708,-0.06410832703113556,0.00859160628169775,-0.045217517763376236,-1.5717227096540087,-1.5774841189353483,-1.5792535373330594,-1.5616924686243616,1.5627843757398074,0.0011577353191872435,0.34372169360518456,-0.34372169360518456,0.34372169360518456,0.34372169360518456,-0.34372169360518456,0.34372169360518456,-1.5709921019866009,-1.5709877982982967,-1.5721224272127927,-1.5679310906096886,1.5683882962618907,0.0003689341946255228,0.21713723992071915,-0.21723319632333704,0.21708345750468588,0.21714560182618464,-0.2172334444870336,0.2170854803606899
8,0.1500000000000001,-0.0063649071380496025,-0.052102092653512955,-0.06757295876741409,0.07446830719709396,-0.06377347558736801,0.008618569001555443,-0.04576563090085983,-1.571828791439643,-1.5783524871462402,-1.5803797533125163,-1.5604513301710767,1.561721484480018,0.0013013781358798342,0.34352437287569043,-0.34352437287569043,0.34352437287569043,0.34352437287569043,-0.34352437287569043,0.34352437287569043,-1.571075148326916,-1.5711470425107787,-1.5725684131172828,-1.5672933952640786,1.5678440837227974,0.0004455138823236845,0.23284219824955427,-0.232929291782912,0.23279371801202398,0.23285011292228877,-0.2329297105169716,0.23279575889860527
9,0.16800000000000012,-0.006304134614765644,-0.05084071308374405,-0.06700033694505692,0.07386977970600128,-0.06304401159286499,0.006701572798192501,-0.046001579612493515,-1.5719338603498891,-1.5791998323643026,-1.581496425594934,-1.5592201671759767,1.5606707509534703,0.0014130710158497093,0.34343943133950233,-0.34343943133950233,0.34343943133950233,0.34343943133950233,-0.34343943133950233,0.34343943133950233,-1.5711818854484096,-1.5713763365053919,-1.5731304076599786,-1.566523828931355,1.5671873855622418,0.000534472881347131,0.24871782160687525,-0.2487935472983798,0.24867387968171795,0.24872241715349355,-0.2487942379497679,0.24867482446452496
10,0.18400000000000014,-0.0049448162317276,-0.05100996047258377,-0.0673823356628418,0.0746929943561554,-0.06319839507341385,0.006529961712658405,-0.04473351314663887,-1.5720162739537513,-1.580049998372179,-1.582619464522648,-1.5579752839367074,1.5596174443689135,0.0015219037110606826,0.34389593526721,-0.34389593526721,0.34389593526721,0.34389593526721,-0.34389593526721,0.34389593526721,-1.571286144484135,-1.5716257802497318,-1.5736795368076837,-1.5657978680695708,1.5665679494064682,0.0006156109493866763,0.2614497322411551,-0.26151736117581087,0.2614116652124752,0.26145484516285794,-0.2615176845020895,0.2614129028954945
11,0.20000000000000015,-0.004517784807831049,-0.05106557905673981,-0.06745187193155289,0.07489266246557236,-0.06326022744178772,0.00660987664014101,-0.044466473162174225,-1.5720915703672151,-1.580901091356458,-1.5837436623881738,-1.5567270728956144,1.5585631072448838,0.0016320683217296995,0.3439920696616173,-0.3439920696616173,0.3439920696616173,0.3439920696616173,-0.3439920696616173,0.3439920696616173,-1.571396851287434,-1.5719185928442838,-1.5742754325434203,-1.5650286099216153,1.5659123102843167,0.0006991457524784684,0.27297550438336593,-0.27303789408221213,0.27294058683718814,0.2729806100415886,-0.27303839748470154,0.2729419340381237
12,0.21800000000000017,-0.004165415186434984,-0.051100391894578934,-0.06750185787677765,0.07504431903362274,-0.06329233944416046,0.006730828434228897,-0.04432174935936928,-1.5721609939536558,-1.5817527645547012,-1.5848686933527867,-1.555476334245054,1.5575082349208145,0.0017442487956335145,0.34404417023062706,-0.34404417023062706,0.34404417023062706,0.34404417023062706,-0.34404417023062706,0.34404417023062706,-1.571526904204612,-1.5723004783396444,-1.5749980472175384,-1.5641229878061997,1.5651408367924413,0.0007952789679189251,0.28464013339152855,-0.28469470648786455,0.28460758128287317,0.28464234532716975,-0.2846954973338218,0.28460791366025906
13,0.23400000000000018,-0.0037715458311140537,-0.0511087030172348,-0.06755124777555466,0.07522162795066833,-0.06327620893716812,0.006947631482034922,-0.04426952451467514,-1.572223853050841,-1.582604576271655,-1.5859945474823793,-1.554222640445876,1.5564536314385284,0.0018600426536674298,0.34406297117471696,-0.34406297117471696,0.34406297117471696,0.34406297117471696,-0.34406297117471696,0.34406297117471696,-1.5716450976772873,-1.5726863031317482,-1.5756828212760947,-1.563286587910664,1.5644282406211867,0.0008828058387758981,0.29395949770845703,-0.29400980275461486,0.2939304439053338,0.2939625258022945,-0.2940102243423876,0.29393111382759995
14,0.25000000000000017,-0.003373302984982729,-0.051092203706502914,-0.06758680194616318,0.07540349662303925,-0.06323891878128052,0.007192145101726055,-0.044252824038267136,-1.5722800747672574,-1.5834561130000966,-1.5871209941814821,-1.5529659155021587,1.5553996494588405,0.0019799117386961975,0.3440689833462238,-0.3440689833462238,0.3440689833462238,0.3440689833462238,-0.3440689833462238,0.3440689833462238,-1.5717637120871057,-1.5731150567810734,-1.5764073787280954,-1.562415758720669,1.5636872065773435,0.0009729992036590523,0.3023903670711339,-0.30243603052259654,0.3023641699303284,0.30239345038767257,-0.30243661496754537,0.30236498221660174
15,0.2680000000000002,-0.0030094552785158157,-0.051077764481306076,-0.06762132793664932,0.07557044923305511,-0.0632110983133316,0.007413716986775398,-0.04422757402062416,-1.5723302323552326,-1.584307409074785,-1.5882480163137596,-1.5517064080149412,1.5543461311536182,0.0021034736884757875,0.3440780733525753,-0.3440780733525753,0.3440780733525753,0.3440780733525753,-0.3440780733525753,0.3440780733525753,-1.5718959848502743,-1.5736480951279543,-1.5772663889341303,-1.5614055269940024,1.5628282571249266,0.0010770157191925783,0.31091982328123474,-0.3109589746584129,0.31089548456010596,0.31092015251971916,-0.3109598271754645,0.31089529423428475
16,0.2840000000000002,-0.0026365327648818493,-0.05105705186724663,-0.06765968352556229,0.07574580609798431,-0.0631808340549469,0.007633283268660307,-0.04420814290642738,-1.5723741745679807,-1.5851583599392391,-1.5893756777058523,-1.5504439779133081,1.5532931172527025,0.0022306950762867924,0.34408506855368615,-0.34408506855368615,0.34408506855368615,0.34408506855368615,-0.34408506855368615,0.34408506855368615,-1.5720107759166193,-1.5741656944189222,-1.578065043056329,-1.5604839345697228,1.5620449210360259,0.0011718753106740515,0.3177332264282582,-0.3177694856009532,0.3177116524303504,0.31773454764922576,-0.3177699626430234,0.31771184350847026
17,0.3000000000000002,-0.0023161317221820354,-0.05104191228747368,-0.06770890206098557,0.07592091709375381,-0.06317576766014099,0.007784279063344002,-0.044174037873744965,-1.5724127767633505,-1.5860090584773636,-1.5905041594068687,-1.5491786292950789,1.5522401877917,0.002360433060675859,0.3440973463654518,-0.3440973463654518,0.3440973463654518,0.3440973463654518,-0.3440973463654518,0.3440973463654518,-1.5721214573874192,-1.5747229464114996,-1.5788966798069668,-1.5595345156405853,1.5612391511369004,0.0012696080355705161,0.3238980604545932,-0.3239309543525234,0.32387863772558406,0.3238995973125378,-0.3239315934176952,0.32387901350277654
18,0.3180000000000002,-0.0020105578005313873,-0.051018621772527695,-0.06775496155023575,0.07609250396490097,-0.06317579746246338,0.007927519269287586,-0.04415158927440643,-1.572446286060026,-1.586859368840239,-1.5916334087660393,-1.5479104208956638,1.5511872578339923,0.0024925583818306524,0.3441054278612137,-0.3441054278612137,0.3441054278612137,0.3441054278612137,-0.3441054278612137,0.3441054278612137,-1.57224007000824,-1.5753957556483493,-1.5798682089165665,-1.558443062579852,1.5603138928314104,0.0013821536818419287,0.33013557378662,-0.33016331376224994,0.3301172625512065,0.33013449623797886,-0.3301642172694828,0.3301166573789049
19,0.33400000000000024,-0.0016675889492034912,-0.050975095480680466,-0.0678018108010292,0.0762859433889389,-0.06316164880990982,0.00811131950467825,-0.04417441040277481,-1.5724740792091794,-1.587708953764917,-1.5927634389460565,-1.546638988505848,1.5501345636871604,0.0026277470402419566,0.34409721225500106,-0.34409721225500106,0.34409721225500106,0.34409721225500106,-0.34409721225500106,0.34409721225500106,-1.5723391469476424,-1.5760326730184187,-1.5807600097729235,-1.5574550564691247,1.5594768916277333,0.0014845855105637194,0.3351162047246299,-0.33514218294813325,0.33510004729673937,0.3351162568869524,-0.3351427040981478,0.3350998610361852
20,0.35000000000000026,-0.0013763904571533203,-0.05093829333782196,-0.06783587485551834,0.0764455497264862,-0.06314829736948013,0.008271046914160252,-0.04419219121336937,-1.572497019050132,-1.5885579253205473,-1.5938940368603152,-1.5453648960104065,1.5490820920643358,0.0027655978221446274,0.344090811163187,-0.344090811163187,0.344090811163187,0.344090811163187,-0.344090811163187,0.344090811163187,-1.5724312993462652,-1.576704067955891,-1.581678533302629,-1.556444125690706,1.5586219993675619,0.0015899323651257684,0.3396212243441275,-0.33964481887705494,0.339606686556483,0.33962160766369637,-0.3396454997462144,0.3396067164346478
21,0.36800000000000027,-0.0011103758588433266,-0.05090082809329033,-0.06786734610795975,0.07659086585044861,-0.06313072890043259,0.008421342819929123,-0.04421732574701309,-1.572515525314446,-1.5894062724554354,-1.5950251592954479,-1.5440883815795656,1.5480299132493285,0.0029059535358101126,0.34408176273107527,-0.34408176273107527,0.34408176273107527,0.34408176273107527,-0.34408176273107527,0.34408176273107527,-1.5725263360457573,-1.5774985693608299,-1.5827405551268259,-1.5552888686950854,1.5576464663986567,0.0017110529838473825,0.34417804720566025,-0.3441974343136632,0.3441641078703178,0.3441759106869014,-0.3441983759763921,0.34416317228171156
22,0.3840000000000003,-0.0008645188063383102,-0.050866078585386276,-0.06789601594209671,0.07673793286085129,-0.06311233341693878,0.008561166934669018,-0.04425268992781639,-1.5725299339612184,-1.5902540404318586,-1.5961567595611494,-1.5428094160318848,1.5469780410257128,0.0030486396513879294,0.34406903162598607,-0.34406903162598607,0.34406903162598607,0.34406903162598607,-0.34406903162598607,0.34406903162598607,-1.5726026024864068,-1.5782373159351275,-1.5837065430876913,-1.5542485688508474,1.5567688366742802,0.0018210559629684583,0.34781546925446943,-0.34783384524731464,0.34780329412483024,0.3478145582030531,-0.3478343988878902,0.34780280526778523
23,0.4000000000000003,-0.0006601186469197273,-0.05084235221147537,-0.06792100518941879,0.07686702907085419,-0.0631004273891449,0.008675959892570972,-0.044277481734752655,-1.572540935938667,-1.5911014129687164,-1.5972887763143064,-1.541528298880704,1.5459263672358936,0.003193238982930779,0.344060106575489,-0.344060106575489,0.344060106575489,0.344060106575489,-0.344060106575489,0.344060106575489,-1.5726706852405885,-1.579004301086336,-1.5846935878304595,-1.553189116968938,1.5558768033809913,0.0019339043891465077,0.3511052248475696,-0.3511219226855931,0.3510942972446558,0.3511047339590007,-0.3511226343119796,0.3510940499270664
24,0.4180000000000003,-0.00046995561569929123,-0.050818391144275665,-0.06794407963752747,0.07698577642440796,-0.06308715045452118,0.008784560486674309,-0.04430341348052025,-1.572548768532262,-1.5919483861544543,-1.5984211776415986,-1.5402452026069637,1.5448749147283183,0.003339648324375351,0.3440507711470127,-0.3440507711470127,0.3440507711470127,0.3440507711470127,-0.3440507711470127,0.3440507711470127,-1.5727376867543503,-1.5798986578030796,-1.5858261748072056,-1.551983439877816,1.5548632839856298,0.0020632847273338094,0.35443294426303557,-0.35444614711817074,0.3544222322522681,0.3544300116387035,-0.3544471172692047,0.35442103487900334
25,0.43400000000000033,-0.00028099771589040756,-0.05078691989183426,-0.06796626001596451,0.0770990327000618,-0.0630670040845871,0.008896727114915848,-0.044340573251247406,-1.572553451827527,-1.5927948348193182,-1.5995539486418646,-1.5389602187286293,1.5438237979935752,0.0034879271096239484,0.34403739362955094,-0.34403739362955094,0.34403739362955094,0.34403739362955094,-0.34403739362955094,0.34403739362955094,-1.5727886468813168,-1.5807192119065774,-1.5868493234001164,-1.5509017338771314,1.5539549709495346,0.0021804469311056426,0.3570883198765228,-0.3571010959504186,0.35707906303272513,0.35708668682153744,-0.3571016744672786,0.3570783345840519
26,0.45000000000000034,-0.00012142211198806763,-0.0507633276283741,-0.0679856389760971,0.0771961510181427,-0.06305231899023056,0.008991973474621773,-0.044367820024490356,-1.5725554755293936,-1.5936408902797912,-1.6006870426247997,-1.5376736162116602,1.5427729260104046,0.003637793334200978,0.34402758479118345,-0.34402758479118345,0.34402758479118345,0.34402758479118345,-0.34402758479118345,0.34402758479118345,-1.5728314244815529,-1.581561401272267,-1.5878885320100626,-1.549803797743597,1.553034903167891,0.002300297454120068,0.3594896687897319,-0.3595012944573942,0.3594813796631988,0.35948852205219783,-0.3595020295157512,0.3594809125371813
27,0.46800000000000036,2.9731541872024536e-05,-0.050737060606479645,-0.06800471991300583,0.07728534191846848,-0.06303214281797409,0.009086348116397858,-0.04440140724182129,-1.5725549800036958,-1.5944865079565658,-1.6018204546233497,-1.5363855271796858,1.5417223902967716,0.0037892324694742754,0.34401549339294435,-0.34401549339294435,0.34401549339294435,0.34401549339294435,-0.34401549339294435,0.34401549339294435,-1.5728703384884133,-1.582532466588278,-1.5890741130465533,-1.5485580699664767,1.5519927396379856,0.002437330864207011,0.36191854717367716,-0.36192721147315504,0.3619101879053023,0.36191501747802507,-0.36192820305970125,0.36190878332485643
28,0.4840000000000004,0.00017499923706054688,-0.05070656165480614,-0.06801902502775192,0.0773656964302063,-0.06300747394561768,0.009184342809021473,-0.04444551095366478,-1.5725520633497447,-1.5953316173174792,-1.6029541050404787,-1.535096098905849,1.5406722657310112,0.0039423048496246334,0.34399961605668067,-0.34399961605668067,0.34399961605668067,0.34399961605668067,-0.34399961605668067,0.34399961605668067,-1.5728969767685177,-1.5834142447271644,-1.590139559642354,-1.547443432340833,1.5510613182880368,0.00256109501619814,0.36385553879621246,-0.36386420392582,0.3638484096853274,0.3638533627906041,-0.36386480128496446,0.36384749103340036
29,0.5000000000000003,0.0002949358895421028,-0.05068422481417656,-0.06803121417760849,0.07743263244628906,-0.06298866868019104,0.00926683284342289,-0.044478707015514374,-1.5725471477515858,-1.5961763543977154,-1.6040879586101056,-1.5338055550317442,1.5396224545863413,0.004096752063681682,0.34398766547441484,-0.34398766547441484,0.34398766547441484,0.34398766547441484,-0.34398766547441484,0.34398766547441484,-1.5729162658699214,-1.5843112054398667,-1.59121678495528,-1.5463148620348668,1.5501201682185088,0.002687380351166113,0.3656068433447727,-0.365614742818346,0.3656004797665418,0.36560520264825547,-0.365615495515847,0.365599837888146
30,0.5180000000000003,0.0004016086459159851,-0.050662655383348465,-0.06804150342941284,0.07749434560537338,-0.062972791492939,0.009343157522380352,-0.044512465596199036,-1.572540454274154,-1.5970207319874379,-1.6052219836672625,-1.532513982604988,1.538572908061459,0.004252471355721354,0.34397551238536833,-0.34397551238536833,0.34397551238536833,0.34397551238536833,-0.34397551238536833,0.34397551238536833,-1.5729299764887086,-1.5853363463800378,-1.5924402959224309,-1.5450372299522055,1.5490564849042858,0.002831415901664813,0.36737828192202343,-0.3673836028066832,0.3673716485510861,0.3673743048814467,-0.36738461034347725,0.3673700809827172
31,0.5340000000000004,0.0005043754354119301,-0.05063491687178612,-0.06804996728897095,0.07755043357610703,-0.06295254081487656,0.00942313577979803,-0.04455659165978432,-1.572532048016897,-1.5978646472686344,-1.6063561497887453,-1.5312214753787197,1.5375236990478778,0.004409523618717988,0.3439596270024776,-0.3439596270024776,0.3439596270024776,0.3439596270024776,-0.3439596270024776,0.3439596270024776,-1.5729354738794086,-1.5862596845049999,-1.5935354023742772,-1.5438963385721711,1.548107710247692,0.0029611875588244946,0.36879001636421016,-0.3687956524233504,0.36878444936597393,0.3687874344728222,-0.36879626405376753,0.3687833816411442
32,0.5500000000000004,0.0005919607356190681,-0.05061357840895653,-0.06805781275033951,0.07759840041399002,-0.06293708831071854,0.009492151439189911,-0.044590968638658524,-1.5725221820046367,-1.5987082069087837,-1.6074904466679176,-1.5299281687051531,1.5364747475760325,0.0045677261427044865,0.3439472512900829,-0.3439472512900829,0.3439472512900829,0.3439472512900829,-0.3439472512900829,0.3439472512900829,-1.572934927030505,-1.5871922978373074,-1.5946387058892986,-1.5427433251941307,1.5471507265891948,0.0030932947388711673,0.3700661475719581,-0.37007130489419854,0.3700611959226843,0.3700641386961622,-0.37007207092779915,0.37006041762813235
33,0.5680000000000004,0.0006728600710630417,-0.05059193819761276,-0.06806435436010361,0.0776408314704895,-0.0629207044839859,0.009558667428791523,-0.04462675005197525,-1.572510967670119,-1.599551405878744,-1.6086248525739193,-1.5286341548473117,1.5354260691679662,0.0047270372665176785,0.3439343699812889,-0.3439343699812889,0.3439343699812889,0.3439343699812889,-0.3439343699812889,0.3439343699812889,-1.5729279817866946,-1.5882507772959091,-1.5958875467080313,-1.5414402085849983,1.5460708827189902,0.003243640030231656,0.37135691726509357,-0.3713597844915771,0.3713515448152096,0.371352607182296,-0.37136080402293403,0.37134985041136426
34,0.5840000000000004,0.0007330505177378654,-0.05056344345211983,-0.0680679976940155,0.07767105102539062,-0.06289949268102646,0.009621236473321915,-0.04468180239200592,-1.57249875016149,-1.6003941299362792,-1.6097593192021529,-1.527339637330222,1.534377744289949,0.0048873912077397105,0.34391455113887787,-0.34391455113887787,0.34391455113887787,0.34391455113887787,-0.34391455113887787,0.34391455113887787,-1.5729166649497943,-1.5891980184782675,-1.5970018429322694,-1.5402783323469422,1.5451090841219997,0.0033788021137960813,0.3723841954118825,-0.37238761918598173,0.37237976147973617,0.37238131038087624,-0.37238824164156953,0.37237857722310586
35,0.6000000000000004,0.0007849261164665222,-0.05054217576980591,-0.06807292997837067,0.07769832760095596,-0.06288305670022964,0.00967472419142723,-0.0447251982986927,-1.572485668059549,-1.6012364995324426,-1.6108938680351257,-1.5260446652035393,1.5333296933449452,0.0050486366109301645,0.3438989286124706,-0.3438989286124706,0.3438989286124706,0.3438989286124706,-0.3438989286124706,0.3438989286124706,-1.5729007931105028,-1.5901494313310252,-1.5981214269011996,-1.5391057807095894,1.5441402303877363,0.003516106601555826,0.3733122199943253,-0.37331537176500407,0.3733082932200287,0.3733099346091353,-0.373316147798103,0.37330740790041195
36,0.6180000000000004,0.0008329721167683601,-0.05052062124013901,-0.0680769681930542,0.07772167772054672,-0.06286568939685822,0.009726949967443943,-0.04476938396692276,-1.5724717851909362,-1.602078509886445,-1.6120284841716765,-1.524749303908197,1.5322819318549976,0.005210752443720897,0.34388302177190777,-0.34388302177190777,0.34388302177190777,0.34388302177190777,-0.34388302177190777,0.34388302177190777,-1.57287840145246,-1.5912233223503949,-1.5993853623481722,-1.5377822991594408,1.5430482876003246,0.003672048155309953,0.3742505606171601,-0.3742516296324145,0.37424610709415623,0.3742460007419112,-0.3742526579662028,0.3742443137564118
37,0.6340000000000005,0.0008737780153751373,-0.050492797046899796,-0.0680786669254303,0.07773665338754654,-0.06284314393997192,0.009781010448932648,-0.04482617601752281,-1.5724572222240134,-1.6029200565038932,-1.6131631286204338,-1.5234536930184046,1.5312345461226649,0.005373769284536441,0.3438625766336918,-0.3438625766336918,0.3438625766336918,0.3438625766336918,-0.3438625766336918,0.3438625766336918,-1.5728549477385094,-1.5921794987863203,-1.6005104352403627,-1.5366036540689227,1.5420767532551518,0.0038119695591218436,0.3749962067286548,-0.3749979942960218,0.37499260857651734,0.3749930926800884,-0.37499862475332085,0.37499133332533213
38,0.6500000000000005,0.0009177960455417633,-0.050471194088459015,-0.06808381527662277,0.07775333523750305,-0.06282463669776917,0.009832417592406273,-0.04486677795648575,-1.5724419256232545,-1.6037612430720343,-1.614297858875044,-1.5221578040977795,1.5301874688443686,0.0055376429110765455,0.34384795993566514,-0.34384795993566514,0.34384795993566514,0.34384795993566514,-0.34384795993566514,0.34384795993566514,-1.5728284085101347,-1.5931356882099998,-1.6016385175014767,-1.535415487934605,1.5410990427016626,0.003953858270090016,0.3756695862651938,-0.37567125016699204,0.37566641948123575,0.3756670914420518,-0.3756720334497421,0.375665450595976
39,0.6680000000000005,0.0009683715179562569,-0.050448253750801086,-0.06809184700250626,0.07776997983455658,-0.06280427426099777,0.009889482520520687,-0.04490369185805321,-1.5724257860979551,-1.6046020473012144,-1.6154327229917524,-1.5208616377672035,1.5291407309400187,0.0057024676197518906,0.3438346709311008,-0.3438346709311008,0.3438346709311008,0.3438346709311008,-0.3438346709311008,0.3438346709311008,-1.572795710239707,-1.594210369399851,-1.6029095336524737,-1.5340757179260749,1.5399980930423034,0.0041147578377865104,0.37635069292898976,-0.3763504282374197,0.3763469220525506,0.3763459447136389,-0.3763514627747707,0.3763450521344249
40,0.6840000000000005,0.0010152217000722885,-0.05041826516389847,-0.0680987536907196,0.07777860015630722,-0.06277777999639511,0.00995120033621788,-0.04495178163051605,-1.5724088657362874,-1.6054423517206127,-1.6165677022199312,-1.5195653277645984,1.5280944346067453,0.0058683209586888555,0.3438173586130142,-0.3438173586130142,0.3438173586130142,0.3438173586130142,-0.3438173586130142,0.3438173586130142,-1.5727645345881236,-1.5951635214432875,-1.6040389059490718,-1.5328836435546869,1.539019333533493,0.00425893519653459,0.3768911570587651,-0.37689173334573156,0.37688817702997657,0.37688786936405305,-0.3768923696285964,0.3768868311634495
41,0.7000000000000005,0.0010555330663919449,-0.05039596930146217,-0.06810525059700012,0.07778747379779816,-0.06275827437639236,0.010001911781728268,-0.04498768970370293,-1.5723912735185142,-1.6062822845423037,-1.6177027897298812,-1.5182688698679685,1.5270484633671388,0.006035019488384327,0.3438044317066669,-0.3438044317066669,0.3438044317066669,0.3438044317066669,-0.3438044317066669,0.3438044317066669,-1.5727315469170025,-1.5961135067483074,-1.6051696011287284,-1.5316829600164754,1.5380350734185573,0.004404962560910614,0.3773791063228727,-0.37737967839430675,0.37737649517426175,0.3773764528749681,-0.3773804668803545,0.3773754615462971
42,0.7180000000000005,0.0010943934321403503,-0.05037357285618782,-0.06811141222715378,0.07779417932033539,-0.06273817270994186,0.010051787830889225,-0.04502321034669876,-1.5723730336279784,-1.6071218440899069,-1.6188379799336672,-1.5169723002126296,1.5260028271553066,0.006202549285565814,0.34379164427518843,-0.34379164427518843,0.34379164427518843,0.34379164427518843,-0.34379164427518843,0.34379164427518843,-1.5726930117480606,-1.597177792959746,-1.6064417548672134,-1.530330128113182,1.5369274876383843,0.004570362448014019,0.3778727213198865,-0.3778714875241824,0.3778694436412314,0.3778678319991611,-0.3778725264363964,0.37786751524605944
43,0.7340000000000005,0.0011296430602669716,-0.0503440722823143,-0.06811635196208954,0.07779311388731003,-0.06271175295114517,0.010106806643307209,-0.04507051780819893,-1.5723542062436406,-1.6079609119612788,-1.6199732524663686,-1.5156757483145078,1.5249576312727875,0.006370996062954267,0.3437746135890484,-0.3437746135890484,0.3437746135890484,0.3437746135890484,-0.3437746135890484,0.3437746135890484,-1.5726578198077745,-1.5981190103004268,-1.607570712689237,-1.529127290141702,1.5359434240943057,0.004718404601376131,0.37826341851631956,-0.3782631175181321,0.37826088300127747,0.3782600003454904,-0.3782637580580907,0.37825948334067144
44,0.7500000000000006,0.0011611739173531532,-0.0503222793340683,-0.06812120974063873,0.07779456675052643,-0.062691830098629,0.010153344832360744,-0.045106325298547745,-1.572334853345018,-1.6087996166168466,-1.6211086059620459,-1.514379172201999,1.5239127674378103,0.006540218476826946,0.3437617228925228,-0.3437617228925228,0.3437617228925228,0.3437617228925228,-0.3437617228925228,0.3437617228925228,-1.5726218282171835,-1.599054840291346,-1.608699809414884,-1.5279165846274352,1.5349543755918071,0.004868186945055016,0.37861589320588773,-0.37861567201414686,0.3786136833607563,0.37861311988492585,-0.37861646417574557,0.3786126004572649
45,0.7680000000000006,0.0011927541345357895,-0.05029919743537903,-0.06812631338834763,0.07779530435800552,-0.06266922503709793,0.010201203636825085,-0.045145433396101,-1.5723149741094424,-1.609637936574103,-1.6222440445185182,-1.5130825837960322,1.5228682803538587,0.006710238537440698,0.34374764397740365,-0.34374764397740365,0.34374764397740365,0.34374764397740365,-0.34374764397740365,0.34374764397740365,-1.5725810128719562,-1.6001009080426296,-1.6099689301716242,-1.5265533056938423,1.533841964600192,0.0050376733353607135,0.37897232809028164,-0.3789703909480876,0.3789694069433535,0.3789673324552576,-0.37897143275602296,0.37896743442495284
46,0.7840000000000006,0.001224813051521778,-0.05026875436306,-0.06813181936740875,0.07779257744550705,-0.06263899803161621,0.01025640033185482,-0.045196205377578735,-1.5722945605585836,-1.6104757491468207,-1.6233795748413085,-1.511786040838607,1.5218242970533318,0.006881178542971612,0.3437293660640716,-0.3437293660640716,0.3437293660640716,0.3437293660640716,-0.3437293660640716,0.3437293660640716,-1.572544678566861,-1.6010242029708017,-1.6110942445960188,-1.525341862215457,1.532854073665327,0.0051892362899240724,0.3792532928781459,-0.3792523549287081,0.37925107808449215,0.3792497749372478,-0.3792529984204092,0.3792496374390003
47,0.8000000000000006,0.0012540854513645172,-0.05024674907326698,-0.06813542544841766,0.0777907595038414,-0.06261535733938217,0.010307096876204014,-0.04523415490984917,-1.5722736591343942,-1.6113131949647084,-1.6245151652654488,-1.5104895281802098,1.520780707764342,0.007052963490908346,0.3437157042324543,-0.3437157042324543,0.3437157042324543,0.3437157042324543,-0.3437157042324543,0.3437157042324543,-1.5725082845381244,-1.6019407651811093,-1.6122189394862265,-1.5241231466906149,1.5318616045197315,0.0053424610573961934,0.37950642383052563,-0.3795056245438617,0.37950450451792156,0.3795035576859918,-0.3795064191045707,0.3795033838038055
48,0.8180000000000006,0.0012830151244997978,-0.05022409185767174,-0.06813722848892212,0.07778607308864594,-0.0625905767083168,0.010360201820731163,-0.04527367278933525,-1.5722522755489858,-1.6121502631623363,-1.6256507857402642,-1.5091930936287323,1.51973753148587,0.007225633521253865,0.3437014777958393,-0.3437014777958393,0.3437014777958393,0.3437014777958393,-0.3437014777958393,0.3437014777958393,-1.5724677907584912,-1.6029638627742517,-1.6134823510860157,-1.5227515241503378,1.5307457874363861,0.005515727612355702,0.37976236264599106,-0.3797599090446016,0.3797597037645691,0.37975728547282517,-0.3797609524651544,0.3797576980612847
49,0.8340000000000006,0.0013065515086054802,-0.050194308161735535,-0.06813722848892212,0.07777160406112671,-0.06255940347909927,0.010418298654258251,-0.04532609134912491,-1.572230499690509,-1.612986834965032,-1.6267864062150796,-1.5078969002277136,1.5186948747612183,0.007399271832158169,0.34368260711431503,-0.34368260711431503,0.34368260711431503,0.34368260711431503,-0.34368260711431503,0.34368260711431503,-1.5724323431351352,-1.6038658568407593,-1.6146020370074057,-1.5215332293272366,1.5297552303538247,0.005670579642039983,0.3799629717435465,-0.37996156697939876,0.3799609920307369,0.3799593769543997,-0.37996221237690725,0.3799595205944441
50,0.8500000000000006,0.001329655759036541,-0.05017280578613281,-0.06813958287239075,0.07776423543691635,-0.06253676861524582,0.010466459207236767,-0.04536358639597893,-1.5722083387611918,-1.6138230483948008,-1.6279220659296194,-1.5066008296370983,1.5176525952842976,0.007573712818945449,0.34366910889744756,-0.34366910889744756,0.34366910889744756,0.34366910889744756,-0.34366910889744756,0.34366910889744756,-1.5723973186111402,-1.6047605251136046,-1.6157206868689793,-1.520308164609578,1.5287604105059711,0.005827041860678842,0.3801434325332117,-0.3801422091915867,0.3801417265756424,0.38014049512523757,-0.38014300518279875,0.38014057775758864
51,0.8680000000000007,0.0013528009876608849,-0.0501510389149189,-0.0681418627500534,0.07775653153657913,-0.06251353025436401,0.010514571331441402,-0.04540158063173294,-1.5721857920780642,-1.6146588990433828,-1.6290577636421204,-1.505304887444822,1.5166107031133915,0.007748955674469472,0.3436554309725761,-0.3436554309725761,0.3436554309725761,0.3436554309725761,-0.3436554309725761,0.3436554309725761,-1.5723588477203472,-1.6057585418263405,-1.616976920526154,-1.5189299596085615,1.527642285579716,0.006003870976710229,0.3803259340869152,-0.3803231037922179,0.380323467994121,0.38032079584032097,-0.38032414795413216,0.3803214384917495
52,0.8840000000000007,0.0013699112460017204,-0.050122249871492386,-0.06814216822385788,0.0777389332652092,-0.062483664602041245,0.01056718546897173,-0.04545276612043381,-1.5721629602239642,-1.6154942698745742,-1.6301934664458513,-1.5040092385570685,1.5155693087033575,0.007925075432285668,0.34363700419664384,-0.34363700419664384,0.34363700419664384,0.34363700419664384,-0.34363700419664384,0.34363700419664384,-1.5723255534357092,-1.6066380564292397,-1.6180899880856328,-1.5177062798300218,1.526649949780995,0.00616181769212735,0.38046791838181415,-0.3804661723966295,0.3804661117275061,0.3804642656172645,-0.38046681892787815,0.3804646182701328
53,0.9000000000000007,0.0013890378177165985,-0.05010050907731056,-0.06814038008451462,0.07772642374038696,-0.06245984509587288,0.010613677091896534,-0.0454934723675251,-1.572139809593669,-1.616329278359196,-1.6313291394472598,-1.5027137981613954,1.514528311285093,0.008101970050483943,0.343622349947691,-0.343622349947691,0.343622349947691,0.343622349947691,-0.343622349947691,0.343622349947691,-1.572292948558731,-1.6075102589358081,-1.6192018781973543,-1.5164762482141458,1.5256535929043555,0.00632132224661587,0.38059521845344974,-0.3805936922095122,0.3805936646854484,0.38059222704503354,-0.38059448893538605,0.3805924956202459
54,0.9180000000000007,0.0014092186465859413,-0.050077226012945175,-0.06813843548297882,0.0777154490351677,-0.062434449791908264,0.010660595260560513,-0.04553792625665665,-1.5721163226162258,-1.617163898792745,-1.6324647800386427,-1.5014185406774758,1.5134877371218944,0.008279646638159952,0.3436063465476036,-0.3436063465476036,0.3436063465476036,0.3436063465476036,-0.3436063465476036,0.3436063465476036,-1.5722574408906498,-1.6084832167193222,-1.6204504297687259,-1.5150929241995434,1.524534000706346,0.006501500625219587,0.38072367094321263,-0.3807205762305252,0.380721339079481,0.38071848682565157,-0.3807216205019814,0.38071929274503424
55,0.9340000000000007,0.0014257794246077538,-0.05004483461380005,-0.06813351809978485,0.07769699394702911,-0.06239945441484451,0.010714774020016193,-0.04560168832540512,-1.5720925596258157,-1.6179979793696417,-1.633600338673639,-1.5001235907783588,1.5124477462149803,0.008458226205160221,0.34358339220285417,-0.34358339220285417,0.34358339220285417,0.34358339220285417,-0.34358339220285417,0.34358339220285417,-1.5722269361004173,-1.6093408086818746,-1.6215566716542198,-1.5138650836207639,1.5235405810879643,0.006662367085018587,0.3808219858285544,-0.3808200075767395,0.380820293844306,0.3808182881707457,-0.38082065469062276,0.3808187841679644
56,0.9500000000000007,0.0014452161267399788,-0.05002101883292198,-0.06813109666109085,0.07768905907869339,-0.062372416257858276,0.010760830715298653,-0.045650213956832886,-1.57206847269037,-1.618831663016857,-1.634735856951324,-1.4988287731270473,1.5114082059440161,0.008637573383748532,0.34356592297554017,-0.34356592297554017,0.34356592297554017,0.34356592297554017,-0.34356592297554017,0.34356592297554017,-1.5721972118379395,-1.61019155612592,-1.622661797780794,-1.5126312302300027,1.5225433408123015,0.0068247532697195395,0.38090949043407324,-0.38090774923083975,0.3809080424971845,0.3809064557514964,-0.3809085460802812,0.38090685823886733
57,0.9680000000000007,0.0014651156961917877,-0.04999664053320885,-0.06812862306833267,0.07768142968416214,-0.06234468147158623,0.01080706249922514,-0.04569999873638153,-1.5720440540954335,-1.6196649403590773,-1.6358713340024629,-1.4975340826323114,1.5103691279194897,0.00881769109206895,0.34354800045490264,-0.34354800045490264,0.34354800045490264,0.34354800045490264,-0.34354800045490264,0.34354800045490264,-1.5721649911936806,-1.6111410726901803,-1.6239028808051825,-1.5112439774335777,1.5214229710978304,0.007008116470394436,0.38099746576713517,-0.3809941768567539,0.3809952339081953,0.3809922457315719,-0.38099522054886464,0.38099317559291646
58,0.9840000000000008,0.0014800522476434708,-0.04996507987380028,-0.068123459815979,0.07766348868608475,-0.06230822578072548,0.010860566981136799,-0.045764584094285965,-1.5720193865579728,-1.6204976916903073,-1.6370067249993958,-1.49623969115421,1.5093306574898109,0.008998700541754563,0.34352474972605707,-0.34352474972605707,0.34352474972605707,0.34352474972605707,-0.34352474972605707,0.34352474972605707,-1.5721374042205634,-1.6119785539460671,-1.625002659544573,-1.510012950619349,1.5204290390355721,0.007171766741873955,0.3810634168981482,-0.3810612571907491,0.3810618175285763,0.3810596832959984,-0.3810619042956956,0.3810602962753746
59,1.0000000000000007,0.0014978954568505287,-0.04994155466556549,-0.0681203156709671,0.07765357196331024,-0.06227942556142807,0.010906707495450974,-0.04581388086080551,-1.5719944216336919,-1.6213300509347335,-1.638142063593912,-1.4949454649548215,1.508292667063787,0.009180479000012079,0.34350700289011,-0.34350700289011,0.34350700289011,0.34350700289011,-0.34350700289011,0.34350700289011,-1.572110553345521,-1.6128099629750072,-1.6261015274917754,-1.5087761858237907,1.5194314495593748,0.007336907981076497,0.3811216149036872,-0.3811197096287619,0.38112025033855373,0.38111854597667094,-0.38112050607365616,0.3811190552398774
60,1.0180000000000007,0.0015162136405706406,-0.0499177984893322,-0.06811720132827759,0.07764381170272827,-0.06225019320845604,0.010952959768474102,-0.045863568782806396,-1.571969151406349,-1.622162014242889,-1.6392773502827165,-1.4936514014264426,1.5072551638436462,0.009363028329486647,0.3434891152381897,-0.3434891152381897,0.3434891152381897,0.3434891152381897,-0.3434891152381897,0.3434891152381897,-1.5720814679836064,-1.6137387303346864,-1.6273358587576476,-1.5073859661972557,1.5183108609103293,0.007523325040551279,0.38117995136833427,-0.3811765189286706,0.38117779564903803,0.38117470439362394,-0.38117756158564353,0.3811757295122407
61,1.0340000000000007,0.001528278924524784,-0.049888208508491516,-0.0681116133928299,0.07762404531240463,-0.06221519783139229,0.011002883315086365,-0.045925214886665344,-1.5719436800909403,-1.6229934843846971,-1.6404125438392636,-1.4923576673379024,1.5062182438797898,0.00954640971807142,0.3434669226408005,-0.3434669226408005,0.3434669226408005,0.3434669226408005,-0.3434669226408005,0.3434669226408005,-1.572056552533335,-1.6145587248316617,-1.6284299232191373,-1.5061525602850134,1.517316874559041,0.007689648041785755,0.38122234128477733,-0.38122004748987404,0.3812208118725273,0.3812185804263568,-0.38122069421133087,0.38121928300217467
62,1.0500000000000007,0.0015416927635669708,-0.049867041409015656,-0.06810802966356277,0.07761161029338837,-0.062189582735300064,0.011043024249374866,-0.04597051069140434,-1.5719179852115475,-1.623824601741514,-1.6415476776669897,-1.4910641404996794,1.5051817508342014,0.009730460122227669,0.3434506161510944,-0.3434506161510944,0.3434506161510944,0.3434506161510944,-0.3434506161510944,0.3434506161510944,-1.572032239542268,-1.615373596833847,-1.6295233689709359,-1.5049136504200298,1.516319354653077,0.007857429247558122,0.3812593788754197,-0.3812573516047025,0.38125807851021615,0.3812562844821317,-0.38125814728040563,0.38125687655192786
63,1.0680000000000007,0.0015557259321212769,-0.0498456135392189,-0.06810449808835983,0.07759944349527359,-0.06216350570321083,0.011083384975790977,-0.046016253530979156,-1.5718920564460122,-1.6246553619671678,-1.642682752635129,-1.4897708164414247,1.5041456924058145,0.009915183205157519,0.3434341487288475,-0.3434341487288475,0.3434341487288475,0.3434341487288475,-0.3434341487288475,0.3434341487288475,-1.5720058242180561,-1.616284933975554,-1.630751973350451,-1.5035212803042497,1.5151989681309046,0.008046758171346065,0.38129647817458534,-0.3812929421758946,0.38129438073719074,0.3812912132053528,-0.38129398352277577,0.38129231074609243
64,1.0840000000000007,0.0015649329870939255,-0.049817655235528946,-0.06809861958026886,0.07757817208766937,-0.06213069334626198,0.011129113845527172,-0.046074990183115005,-1.5718659742295606,-1.6254856562210933,-1.6438177296281336,-1.4884778469066302,1.5031101808500436,0.010100668435916305,0.3434130035340786,-0.3434130035340786,0.3434130035340786,0.3434130035340786,-0.3434130035340786,0.3434130035340786,-1.5719831042226862,-1.6170905032008827,-1.6318412937927484,-1.5022861822424407,1.514205259718847,0.008215616585078887,0.38132201500155843,-0.38131962755936244,0.38132053641737246,0.3813182356260797,-0.38132027367108395,0.38131900364173155
65,1.1000000000000008,0.0015777777880430222,-0.04979679360985756,-0.0680948942899704,0.07756546884775162,-0.0621054470539093,0.011168171651661396,-0.046119481325149536,-1.5718396779330932,-1.6263156027812575,-1.6449526445329663,-1.487185089092501,1.5020750900658117,0.010286804630110662,0.34339698672294616,-0.34339698672294616,0.34339698672294616,0.34339698672294616,-0.34339698672294616,0.34339698672294616,-1.5719608072975377,-1.6178919709748805,-1.6329303300065054,-1.5010457777079385,1.513208108036426,0.008385896329640784,0.3813438353209101,-0.3813417263942285,0.3813425787879301,0.38134072323598744,-0.3813425211105747,0.38134137311969296
66,1.1180000000000008,0.0015913331881165504,-0.04977564513683319,-0.06809123605489731,0.07755310088396072,-0.062079716473817825,0.01120752189308405,-0.046164460480213165,-1.5718131557132913,-1.6271451968668713,-1.6460874984672147,-1.4858925374111016,1.5010404281245815,0.010473596661662062,0.34338079422712325,-0.34338079422712325,0.34338079422712325,0.34338079422712325,-0.34338079422712325,0.34338079422712325,-1.571936432856125,-1.61878944951419,-1.6341543828901404,-1.4996519437760685,1.5120882274286125,0.00857798211850162,0.381365574095539,-0.3813619694698295,0.38136351686482844,0.38136029751085093,-0.3813630093021949,0.3813614455580322
67,1.1340000000000008,0.001600201241672039,-0.04974798858165741,-0.06808526813983917,0.07753177732229233,-0.062047261744737625,0.011252258904278278,-0.04622238874435425,-1.5717864856925967,-1.627974330009899,-1.647222252936212,-1.4846003411223967,1.5000063070955025,0.0106611343100667,0.34335994005203246,-0.34335994005203246,0.34335994005203246,0.34335994005203246,-0.34335994005203246,0.34335994005203246,-1.5719153207698424,-1.619583778605482,-1.6352400242822782,-1.4984157242163738,1.511095043224642,0.008749245892795311,0.3813788736365393,-0.38137642283831924,0.38137743056477236,0.3813750813271358,-0.38137706811686123,0.3813758960211617
68,1.1500000000000008,0.001613081432878971,-0.049727145582437515,-0.06808173656463623,0.07751903682947159,-0.06202216073870659,0.011290672235190868,-0.04626607894897461,-1.5717596010020487,-1.6288031157696063,-1.6483569485456226,-1.4833083571752388,1.4989726044165241,0.010849312180653214,0.34334421157836914,-0.34334421157836914,0.34334421157836914,0.34334421157836914,-0.34334421157836914,0.34334421157836914,-1.5718944335176506,-1.620375009934653,-1.6363257240778781,-1.4971743600581993,1.5100984858305855,0.008921901146895353,0.38138965468319835,-0.38138748875590267,0.38138842999570116,0.3813865299446695,-0.38138828230705085,0.3813872225151163
69,1.1680000000000008,0.0016279276460409164,-0.049704600125551224,-0.06807941198348999,0.0775066539645195,-0.06199660152196884,0.011330543085932732,-0.04630991071462631,-1.5717324688746146,-1.629631525771699,-1.6494916054120141,-1.4820165796091636,1.4979393277244912,0.01103815456541876,0.3433284321427345,-0.3433284321427345,0.3433284321427345,0.3433284321427345,-0.3433284321427345,0.3433284321427345,-1.571871403497028,-1.6212621433959715,-1.6375464315178356,-1.4957796236835237,1.5089793435480376,0.009116615676834527,0.38140027536221727,-0.38139662335630586,0.38139824825870033,0.3813949918689718,-0.3813976615012387,0.381396177344044
70,1.1840000000000008,0.0016378574073314667,-0.04967515915632248,-0.06807471066713333,0.07748515158891678,-0.06196494400501251,0.011375894770026207,-0.04636674374341965,-1.5717051712511592,-1.6304594450909708,-1.650626183923133,-1.480725160416015,1.4969065786577411,0.011227752811585863,0.3433079722523689,-0.3433079722523689,0.3433079722523689,0.3433079722523689,-0.3433079722523689,0.3433079722523689,-1.5718512738751915,-1.6220482870108204,-1.6386294564995947,-1.4945427476479825,1.507986871633009,0.009290181486066881,0.3814047382044042,-0.3814022433255454,0.3814033214510013,0.38140093749264364,-0.38140288762787034,0.38140178671513164
71,1.2000000000000008,0.0016516409814357758,-0.049653127789497375,-0.06807217001914978,0.07747231423854828,-0.06194017082452774,0.011414654552936554,-0.04640952870249748,-1.5716776439014686,-1.6312869972207957,-1.651760720090119,-1.479433955178706,1.4958742424773324,0.011417997054134805,0.34329256966710087,-0.34329256966710087,0.34329256966710087,0.34329256966710087,-0.34329256966710087,0.34329256966710087,-1.5718311701134235,-1.6228322520091467,-1.6397128669129757,-1.4933008588035173,1.5069910802494844,0.00946511941587097,0.3814075600443789,-0.3814053547193871,0.3814063587359083,0.3814044269638026,-0.38140614698306186,0.38140515087928745
72,1.2180000000000009,0.0016661705449223518,-0.04963082820177078,-0.06806965917348862,0.07745984196662903,-0.061914846301078796,0.011453783139586449,-0.04645293205976486,-1.5716498743923866,-1.6321141776908252,-1.6528952144096771,-1.4781429578125955,1.4948423283723145,0.01160889343979458,0.3432769444584846,-0.3432769444584846,0.3432769444584846,0.3432769444584846,-0.3432769444584846,0.3432769444584846,-1.5718087857793734,-1.6237122607670946,-1.6409313794983598,-1.4919056758172973,1.5058728517155073,0.00966236764705401,0.3814101463822698,-0.3814064634212685,0.38140814126145495,0.3814048599946276,-0.3814074997799464,0.3814060719991275
73,1.2340000000000009,0.001675858162343502,-0.049601633101701736,-0.06806478649377823,0.07743832468986511,-0.06188341602683067,0.011498414911329746,-0.04650935158133507,-1.571621943423014,-1.6329408715758535,-1.6540296275179067,-1.4768523190677645,1.4938109381052007,0.011800533688316742,0.3432566334307194,-0.3432566334307194,0.3432566334307194,0.3432566334307194,-0.3432566334307194,0.3432566334307194,-1.5717890288004968,-1.624492959716093,-1.6420127781380935,-1.4906685201648624,1.504881234329967,0.009838156823483256,0.3814082104872189,-0.38140568632738125,0.38140681263481924,0.38140440501511597,-0.3814063295573753,0.3814052787688927
74,1.2500000000000009,0.0016893483698368073,-0.04957980290055275,-0.06806205958127975,0.07742538303136826,-0.061858825385570526,0.01153652835637331,-0.046551819890737534,-1.5715937876168502,-1.6337672016241962,-1.6551639951775947,-1.4755618960172416,1.492779957682108,0.011992809160922964,0.3432413448393345,-0.3432413448393345,0.3432413448393345,0.3432413448393345,-0.3432413448393345,0.3432413448393345,-1.5717691149381985,-1.6252722738877212,-1.6430948510813796,-1.4894264581921557,1.50388633952538,0.010015302314918702,0.3814052561837942,-0.38140302456418945,0.381404071715726,0.381402118113058,-0.3814038154471035,0.381402864390384
75,1.268000000000001,0.0017035845667123795,-0.049557678401470184,-0.06805936247110367,0.07741276919841766,-0.06183365359902382,0.011575055308640003,-0.04659496620297432,-1.5715653945407384,-1.6345931629308874,-1.6562983178854465,-1.474271683197268,1.491749396788791,0.012185726749400298,0.3432258121669292,-0.3432258121669292,0.3432258121669292,0.3432258121669292,-0.3432258121669292,0.3432258121669292,-1.5717467337495745,-1.6261479401803804,-1.644312186868639,-1.4880311951544594,1.5027691588764236,0.010215004048249026,0.38140200950253955,-0.3813983065597252,0.38140002101128717,0.3813967233052341,-0.3813993410488558,0.381397954188918
76,1.284000000000001,0.001713048666715622,-0.04952866584062576,-0.06805431842803955,0.07739119976758957,-0.061802368611097336,0.011619105003774166,-0.046651143580675125,-1.5715368437296264,-1.6354186406948978,-1.6574325565259138,-1.4729818298678081,1.4907193573119393,0.0123793784994632,0.34320558831095693,-0.34320558831095693,0.34320558831095693,0.34320558831095693,-0.34320558831095693,0.34320558831095693,-1.5717268048842021,-1.6269255176157935,-1.6453928124036554,-1.4867940611988422,1.5017785048591303,0.010392948990121978,0.3813954270597901,-0.38139288341961197,0.38139404336257926,0.3813916197220813,-0.381393525505552,0.38139251104886945
77,1.300000000000001,0.0017262445762753487,-0.04950697720050812,-0.06805140525102615,0.07737808674573898,-0.061777886003255844,0.011656691320240498,-0.04669345170259476,-1.5715080729866886,-1.6362437569815729,-1.6585667466134308,-1.4716921950887125,1.4896897258785518,0.012573656688133875,0.3431903573870659,-0.3431903573870659,0.3431903573870659,0.3431903573870659,-0.3431903573870659,0.3431903573870659,-1.5717065646662471,-1.6277023575865728,-1.646474349125517,-1.4855521055565513,1.5007846064811126,0.01057223763610117,0.38138827569905565,-0.38138602654858184,0.3813871038029507,0.3813851353433354,-0.3813868159880973,0.38138589759532704
78,1.318000000000001,0.0017401846125721931,-0.0494849756360054,-0.06804851442575455,0.07736529409885406,-0.061752799898386,0.01169472187757492,-0.04673648625612259,-1.5714790699098125,-1.6370685065755064,-1.6597008885205267,-1.4704027735203984,1.488660512546912,0.01276856871942679,0.34317486494779587,-0.34317486494779587,0.34317486494779587,0.34317486494779587,-0.34317486494779587,0.34317486494779587,-1.571683642659742,-1.6285759505060424,-1.6476913446246055,-1.4841570520411385,1.4996685762276016,0.010774324238960135,0.38138078693070054,-0.38137707167817614,0.38137881133237644,0.38137550343741267,-0.38137810424191304,0.3813767474532534
79,1.334000000000001,0.001749381422996521,-0.04945607855916023,-0.0680432915687561,0.07734358310699463,-0.06172158196568489,0.011738302186131477,-0.046792589128017426,-1.5714499135527624,-1.6378927745514924,-1.660834943380006,-1.4691137138019486,1.4876318195141505,0.012964207089195648,0.3431546679139137,-0.3431546679139137,0.3431546679139137,0.3431546679139137,-0.3431546679139137,0.3431546679139137,-1.57166309311212,-1.6293522613834166,-1.6487718813769114,-1.482920176348772,1.4986789687242603,0.01095436720210601,0.38137082255519716,-0.38136826632374937,0.38136944965591346,0.38136701569766746,-0.3813689072169407,0.38136791932023884
80,1.350000000000001,0.001763409934937954,-0.04943453148007393,-0.0680396631360054,0.07733171433210373,-0.061697084456682205,0.011776584200561047,-0.046835627406835556,-1.57142052338718,-1.6387166834094937,-1.6619689377656062,-1.4678248518964134,1.4866035347732058,0.013160483492538332,0.34313917413353917,-0.34313917413353917,0.34313917413353917,0.34313917413353917,-0.34313917413353917,0.34313917413353917,-1.5716421116621992,-1.6301283289064772,-1.6498535098101013,-1.481678543428701,1.4976861430813428,0.011135745620424667,0.3813605831471379,-0.3813583234747164,0.38135942024909875,0.38135744274435757,-0.38135911143214524,0.3813582155169974
81,1.368000000000001,0.0017787506803870201,-0.04941267520189285,-0.0680358037352562,0.0773208737373352,-0.06167192384600639,0.011815912090241909,-0.04687982052564621,-1.571390877542507,-1.639540227996192,-1.6631028678278605,-1.4665361706674578,1.4855756693757725,0.01335741536070903,0.34312326461076736,-0.34312326461076736,0.34312326461076736,0.34312326461076736,-0.34312326461076736,0.34312326461076736,-1.5716182230728195,-1.6310015806103129,-1.6510708036882915,-1.4802839170770383,1.496571341696149,0.011340164586872379,0.38134991950346436,-0.38134619833935746,0.3813479533817074,0.3813446407879521,-0.3813472289492142,0.38134589274938735
82,1.384000000000001,0.001789572648704052,-0.049383945763111115,-0.06802951544523239,0.07730141282081604,-0.061640605330467224,0.011860997416079044,-0.046937234699726105,-1.5713610513316951,-1.6403632937589105,-1.664236693085281,-1.4652478137871108,1.484548325953598,0.013555098650977013,0.3431025955080986,-0.3431025955080986,0.3431025955080986,0.3431025955080986,-0.3431025955080986,0.3431025955080986,-1.571596710339338,-1.6317780045602848,-1.6521517591910881,-1.4790474684828732,1.4955828445659283,0.011522267750890455,0.38133737252261707,-0.38133480971915745,0.38133600722439803,0.3813335680816693,-0.3813354493928671,0.381334479116353
83,1.400000000000001,0.0018037930130958557,-0.04936246946454048,-0.06802545487880707,0.07728995382785797,-0.061616070568561554,0.011899455450475216,-0.04698071628808975,-1.57133098811481,-1.6411860015833195,-1.6653704506665945,-1.46395964788998,1.483521391444122,0.013753422908484934,0.34308694213628765,-0.34308694213628765,0.34308694213628765,0.34308694213628765,-0.34308694213628765,0.34308694213628765,-1.5715746781451259,-1.632554531588226,-1.653233930073722,-1.4778063056126205,1.4945911504717497,0.011705705318833465,0.38132478119116087,-0.3813225143852788,0.38132362572884493,0.3813216424122424,-0.38132330082440175,0.3813224226772202
84,1.418000000000001,0.0018187351524829865,-0.04934064298868179,-0.06802140921354294,0.0772787556052208,-0.06159088388085365,0.01193842664361,-0.04702502116560936,-1.5713006758622687,-1.642008345633131,-1.6665041408201535,-1.4626716686298928,1.4824948767127746,0.013952396685878434,0.34307099238038063,-0.34307099238038063,0.34307099238038063,0.34307099238038063,-0.34307099238038063,0.34307099238038063,-1.5715495134545374,-1.633428656146358,-1.6544519623865999,-1.4764122516904516,1.4934776385430597,0.011912427243350596,0.38131173231670834,-0.3813080072785741,0.38130977512400865,0.38130645992589984,-0.3813090358870865,0.381307717915873
85,1.434000000000001,0.0018293354660272598,-0.049312006682157516,-0.06801492720842361,0.07725914567708969,-0.06155969202518463,0.011983371339738369,-0.04708254709839821,-1.571270186937835,-1.642830212411167,-1.6676377229402939,-1.4613840162019414,1.4814688818456883,0.01415211954154074,0.34305028304457663,-0.34305028304457663,0.34305028304457663,0.34305028304457663,-0.34305028304457663,0.34305028304457663,-1.5715267964071173,-1.6342061245054746,-1.6555336701038865,-1.4751763454372215,1.4924903008224977,0.012096566319823969,0.38129727962601795,-0.38129471173204643,0.3812959216185831,0.38129347906394484,-0.38129535015208593,0.38129439589531555
86,1.450000000000001,0.0018438640981912613,-0.049290843307971954,-0.06801056116819382,0.07724807411432266,-0.06153584644198418,0.012022425420582294,-0.04712606221437454,-1.5712394558695317,-1.6436517264662998,-1.6687712322930972,-1.4600965483000359,1.4804432844049886,0.014352493298550446,0.34303461760282516,-0.34303461760282516,0.34303461760282516,0.34303461760282516,-0.34303461760282516,0.34303461760282516,-1.5715035039133967,-1.6349839086851983,-1.6566166652322283,-1.4739357559409847,1.4914997821517928,0.012282040880534431,0.381282963080207,-0.3812806914854661,0.38128181418151386,0.38127982748981665,-0.38128147638365,0.38128061300181293
87,1.468000000000001,0.0018590586259961128,-0.04926931858062744,-0.06800609827041626,0.07723692059516907,-0.061511654406785965,0.012062666937708855,-0.04717075824737549,-1.5712084715590984,-1.6444728817759768,-1.6699046672642708,-1.4588092662901164,1.4794180901648755,0.01455353774751226,0.3430185270309448,-0.3430185270309448,0.3430185270309448,0.3430185270309448,-0.3430185270309448,0.3430185270309448,-1.5714768641273962,-1.6358596510468282,-1.6578356944684745,-1.4725423768636559,1.4903876018209326,0.012491045648192992,0.38126814997309955,-0.38126442413789746,0.3812662002753322,0.3812628855532662,-0.38126545074934143,0.38126414673733405
88,1.484000000000001,0.0018696431070566177,-0.04924087971448898,-0.06799916177988052,0.07721689343452454,-0.061481405049562454,0.012109032832086086,-0.047228965908288956,-1.5711773108406475,-1.6452935631045515,-1.6710379866272689,-1.4575223180662076,1.4783934000807162,0.014755354961380363,0.34299757227301597,-0.34299757227301597,0.34299757227301597,0.34299757227301597,-0.34299757227301597,0.34299757227301597,-1.5714527973190402,-1.6366386976898537,-1.6589183348368672,-1.4713070928728857,1.4894014539358973,0.012677208818338283,0.38125226546637725,-0.3812496957490076,0.3812509132426113,0.38124847050423755,-0.38125033291702803,0.38124939020890797
89,1.500000000000001,0.001883605495095253,-0.049219679087400436,-0.06799449026584625,0.07720493525266647,-0.0614578053355217,0.012148523703217506,-0.047273099422454834,-1.5711459174157292,-1.6461138910893416,-1.6721712281316996,-1.4562355691453297,1.4773691033251242,0.014957830356433988,0.34298168420791625,-0.34298168420791625,0.34298168420791625,0.34298168420791625,-0.34298168420791625,0.34298168420791625,-1.5714281274924016,-1.6374181593441952,-1.660002290621818,-1.470067148553058,1.488412135367841,0.012864713820112977,0.3812366300858939,-0.3812343565866724,0.381235486368958,0.3812334991858342,-0.3812351399497399,0.3812342873055959
90,1.5180000000000011,0.001898486167192459,-0.04919815436005592,-0.06798964738845825,0.07719339430332184,-0.06143352761864662,0.012188044376671314,-0.0473184809088707,-1.5711142759796093,-1.6469338603286758,-1.6733043889215073,-1.4549490125736078,1.4763452111981468,0.015160964429378511,0.34296534687280655,-0.34296534687280655,0.34296534687280655,0.34296534687280655,-0.34296534687280655,0.34296534687280655,-1.5713999135319112,-1.6382958655096547,-1.6612224209628719,-1.468674516686481,1.4873013099162553,0.013075996468492971,0.3812204515954351,-0.38121672689758673,0.38121850841831334,0.3812151962012097,-0.38121775150466497,0.38121645863899445
91,1.5340000000000011,0.0019057272002100945,-0.04917016252875328,-0.06798189878463745,0.07717199623584747,-0.06140443682670593,0.012230781838297844,-0.04737703874707222,-1.5710825138596058,-1.6477533630374883,-1.674437420567918,-1.4536628126363436,1.4753218039177016,0.015364810793350142,0.342944266051054,-0.342944266051054,0.342944266051054,0.342944266051054,-0.342944266051054,0.342944266051054,-1.571374436980594,-1.6390766934639014,-1.6623060455710128,-1.4674399135878455,1.4863163688283287,0.013264174378449872,0.38120346700958097,-0.38120089648185534,0.3812021202384826,0.38119967857376486,-0.3812015323753205,0.3812005999579608
92,1.5500000000000012,0.0019153272733092308,-0.04914946109056473,-0.067976213991642,0.07715803384780884,-0.061382438987493515,0.01226604264229536,-0.0474214069545269,-1.5710505917383841,-1.648572520722331,-1.6755703574677787,-1.4523768454055468,1.47429876326791,0.015569244837388398,0.34292829349637033,-0.34292829349637033,0.34292829349637033,0.34292829349637033,-0.34292829349637033,0.34292829349637033,-1.5713483563673505,-1.6398579455234983,-1.6633909772132118,-1.4662006699315937,1.4853282623396484,0.013453689505860785,0.3811868272541735,-0.381184552764248,0.38118568861814167,0.38118370212085423,-0.381185334583527,0.3811844918192416
93,1.5680000000000012,0.001925596036016941,-0.04912841320037842,-0.06797053664922714,0.07714434713125229,-0.06135982275009155,0.012301856651902199,-0.04746665433049202,-1.571018498471117,-1.649391327609004,-1.676703199745266,-1.4510911062866927,1.4732760995554086,0.01577427578158677,0.3429120044410229,-0.3429120044410229,0.3429120044410229,0.3429120044410229,-0.3429120044410229,0.3429120044410229,-1.5713185632913529,-1.6407376450222269,-1.6646121847544646,-1.4648088464698408,1.484218797413262,0.013667211438358426,0.38116963673431475,-0.38116591379009207,0.3811677002607071,0.38116439151953174,-0.3811669364172203,0.38116565446526973
94,1.5840000000000012,0.001931890845298767,-0.04910045117139816,-0.0679626315832138,0.07712238281965256,-0.061330776661634445,0.012344060465693474,-0.04752540960907936,-1.5709863002903621,-1.6502096684618606,-1.677835910271653,-1.4498057332396985,1.4722539199443814,0.01598001012268166,0.34289085254073143,-0.34289085254073143,0.34289085254073143,0.34289085254073143,-0.34289085254073143,0.34289085254073143,-1.5712917015422223,-1.641520202309695,-1.665696739539333,-1.4635749766421984,1.4832350629324844,0.013857361155772416,0.3811518394738016,-0.38114926930274906,0.3811504978335481,0.38114805855000206,-0.3811499039373042,0.38114898046180634
95,1.6000000000000012,0.0019410019740462303,-0.04907969757914543,-0.06795678287744522,0.07710795849561691,-0.06130864471197128,0.012379133142530918,-0.04757010191679001,-1.5709539502574614,-1.651027663421513,-1.6789685233196103,-1.4485206005981048,1.4712321091991818,0.016186329008390506,0.3428747633099556,-0.3428747633099556,0.3428747633099556,0.3428747633099556,-0.3428747633099556,0.3428747633099556,-1.5712642605009441,-1.6423031265414505,-1.666782566066938,-1.4623364826965708,1.4822481656844655,0.014048840922161951,0.3811344516450016,-0.3811321774597482,0.3811333174174052,0.3811313328858366,-0.3811329577413009,0.38113212288754894
96,1.6180000000000012,0.0019507845863699913,-0.049058593809604645,-0.06795095652341843,0.07709380239248276,-0.06128589063882828,0.01241477020084858,-0.04761567711830139,-1.5709214371810218,-1.6518453066516732,-1.6801010392616673,-1.4472357038915635,1.4702106776885346,0.016393241845071314,0.3428583562374115,-0.3428583562374115,0.3428583562374115,0.3428583562374115,-0.3428583562374115,0.3428583562374115,-1.571232972215694,-1.6431846152234957,-1.6680047328582874,-1.4609455164642233,1.4811400578873504,0.014264554038087825,0.3811164880347407,-0.38111276822180706,0.38111455732337446,0.3811112532333586,-0.3811137888594735,0.3811125153668169
97,1.6340000000000012,0.001956591382622719,-0.04903057590126991,-0.06794289499521255,0.07707138359546661,-0.06125669181346893,0.012456804513931274,-0.047674790024757385,-1.5708888273246449,-1.6526624829166943,-1.681233420844921,-1.445951180831639,1.4691897328249768,0.016600855253636835,0.34283707559108734,-0.34283707559108734,0.34283707559108734,0.34283707559108734,-0.34283707559108734,0.34283707559108734,-1.5712048203261402,-1.643968664159724,-1.6690900929716346,-1.459712418014174,1.4801575272369158,0.014456635821023602,0.3810980629792692,-0.38109549411963256,0.3810967258139013,0.38109428970228204,-0.3810961274844694,0.38109521119398526
98,1.6500000000000012,0.0019652117043733597,-0.049009766429662704,-0.06793690472841263,0.07705649733543396,-0.06123442202806473,0.012491700239479542,-0.0477198101580143,-1.5708560737962387,-1.6534793123571887,-1.6823657025903944,-1.4446669058760484,1.468169159124509,0.01680905025762816,0.3428208683431148,-0.3428208683431148,0.3428208683431148,0.3428208683431148,-0.3428208683431148,0.3428208683431148,-1.571176130043458,-1.6447529766370783,-1.6701766737544232,-1.458474707634852,1.4791718367723325,0.01465004305121194,0.3810800941955893,-0.3810778209582496,0.3810789639709753,0.3810769819264313,-0.38107859969847,0.38107777157562406
99,1.6680000000000013,0.001974419690668583,-0.04898850619792938,-0.06793081760406494,0.07704169303178787,-0.061211492866277695,0.012527274899184704,-0.04776592552661896,-1.5708231668013943,-1.6542957874604876,-1.6834978828837954,-1.443382877658852,1.4671489675767377,0.017017838172614572,0.34280426681041715,-0.34280426681041715,0.34280426681041715,0.34280426681041715,-0.34280426681041715,0.34280426681041715,-1.5711434875875478,-1.6456358876805184,-1.6713996259314534,-1.4570846324259763,1.4780650837539244,0.014867908558772562,0.38106151705008473,-0.3810578011576805,0.38105959160417663,0.3810562927960052,-0.3810588198058931,0.38105755338317887
100,1.6840000000000013,0.0019795000553131104,-0.04896017163991928,-0.06792232394218445,0.07701833546161652,-0.06118207052350044,0.012569420970976353,-0.04782594367861748,-1.5707901751338058,-1.655111790321153,-1.684629921616165,-1.4420992387344918,1.466129266401346,0.017227328522130846,0.3427826602756977,-0.3427826602756977,0.3427826602756977,0.3427826602756977,-0.3427826602756977,0.3427826602756977,-1.5711141824352444,-1.6464210668532786,-1.6724856253562588,-1.4558523326995196,1.477083755317847,0.015061890771655234,0.38104257025500454,-0.38104000386292314,0.3810412367777695,0.38103880473439156,-0.38104063596365984,0.3810397248106646
101,1.7000000000000013,0.001987759955227375,-0.048939187079668045,-0.0679161548614502,0.0770031064748764,-0.061159782111644745,0.012604564428329468,-0.04787139594554901,-1.5707570458012188,-1.6559274434391473,-1.6857618575305227,-1.4408158536265772,1.4651099366994853,0.017437404595936335,0.34276629745960235,-0.34276629745960235,0.34276629745960235,0.34276629745960235,-0.34276629745960235,0.34276629745960235,-1.5710843883807903,-1.647206378993169,-1.6735727856441607,-1.4546154311108714,1.4760992703553903,0.015257196848569536,0.38102411296967115,-0.38102184125602345,0.3810229863326984,0.381021007256156,-0.381022618454067,0.38102179599341424
102,1.7180000000000013,0.001997132785618305,-0.048918064683675766,-0.06791038066148758,0.07698892056941986,-0.061137083917856216,0.012640361674129963,-0.04791713505983353,-1.5707237602547919,-1.6567427445172085,-1.686893697208214,-1.43953270495042,1.4640909853008544,0.017648077290505167,0.34274983137845993,-0.34274983137845993,0.34274983137845993,0.34274983137845993,-0.34274983137845993,0.34274983137845993,-1.5710505630296565,-1.6480902495552587,-1.6747963189222304,-1.4532262710490504,1.4749938703860035,0.015477186262163664,0.3810050559317158,-0.3810013434414674,0.38100313625925675,0.38099984230757783,-0.3810023600873817,0.3810011017526848
103,1.7340000000000013,0.002002531662583351,-0.04889006167650223,-0.06790241599082947,0.0769665315747261,-0.06110789626836777,0.012682495638728142,-0.04797641932964325,-1.5706903847270821,-1.6575575788784835,-1.6880254041413945,-1.4382499294241746,1.4630725203630481,0.017859452217817304,0.3427284890413284,-0.3427284890413284,0.3427284890413284,0.3427284890413284,-0.3427284890413284,0.3427284890413284,-1.5710202612161686,-1.6488761303696033,-1.6758827718992313,-1.4519947855297064,1.4740137417576535,0.0156730464349243,0.38098575762654013,-0.3809831922638716,0.38098442903440694,0.3809819999635371,-0.38098382308858136,0.3809829197494276
104,1.7500000000000013,0.002010761760175228,-0.048869241029024124,-0.06789649277925491,0.07695164531469345,-0.061085693538188934,0.01271756086498499,-0.0480215847492218,-1.5706568720310792,-1.6583720662289674,-1.689157012354382,-1.4369674020022631,1.462054425470745,0.018071411565567054,0.34271222949028013,-0.34271222949028013,0.34271222949028013,0.34271222949028013,-0.34271222949028013,0.34271222949028013,-1.570989521982516,-1.6496620024974848,-1.6769703243961307,-1.4507587021563446,1.4730304589754746,0.01587023093121133,0.3809669919288227,-0.38096472153776395,0.3809658692984124,0.3809638929572122,-0.3809654971900479,0.38096468106318765
105,1.7680000000000013,0.0020196959376335144,-0.04884806647896767,-0.06789059937000275,0.07693707197904587,-0.06106286123394966,0.012753229588270187,-0.048067644238471985,-1.5706232104321187,-1.6591862006702836,-1.690288522343882,-1.435685117469279,1.4610367111168459,0.018283965392038224,0.3426956480741501,-0.3426956480741501,0.3426956480741501,0.3426956480741501,-0.3426956480741501,0.3426956480741501,-1.5709546925207403,-1.6505463305248207,-1.6781942281720308,-1.449370463066197,1.471926407977121,0.01609232294903274,0.38094760570054637,-0.38094389819715035,0.38094569077257023,0.3809424028717917,-0.38094491285229704,0.3809436599996746
106,1.7840000000000014,0.002024669200181961,-0.04882001876831055,-0.06788253039121628,0.07691432535648346,-0.06103353574872017,0.01279523503035307,-0.04812725633382797,-1.5705894659454491,-1.6599998676497554,-1.6914198978504023,-1.434403212046671,1.4600194855210338,0.018497219309210774,0.34267418771982194,-0.34267418771982194,0.34267418771982194,0.34267418771982194,-0.34267418771982194,0.34267418771982194,-1.5709235519180793,-1.65133246492068,-1.679280948673165,-1.4481397950620034,1.4709474758335597,0.016290043348715297,0.38092803526594576,-0.38092547296325213,0.3809267101379738,0.3809242855291133,-0.38092610251861475,0.3809252035225695
107,1.8000000000000014,0.0020324792712926865,-0.04879915714263916,-0.06787649542093277,0.07689908146858215,-0.06101120635867119,0.012830176390707493,-0.048172727227211,-1.5705555912909275,-1.660813186935466,-1.6925511727740845,-1.4331215606888612,1.4590026320817227,0.01871105558238923,0.342657818198204,-0.342657818198204,0.342657818198204,0.342657818198204,-0.342657818198204,0.342657818198204,-1.5708920234103536,-1.6521184513884946,-1.6803687093176392,-1.4469045327902192,1.4699653925268874,0.016489089474534365,0.38090901092250806,-0.38090674309363376,0.38090789140258247,0.38090591864454765,-0.38090751719698873,0.3809067052427757
108,1.8180000000000014,0.0020410139113664627,-0.04877793788909912,-0.06787049770355225,0.07688415795564651,-0.060988251119852066,0.012865723110735416,-0.04821907728910446,-1.5705215743924048,-1.6616261525669511,-1.6936823477358103,-1.4318401580562672,1.4579861612297251,0.018925484300901487,0.3426411321759224,-0.3426411321759224,0.3426411321759224,0.3426411321759224,-0.3426411321759224,0.3426411321759224,-1.5708563618535853,-1.6530027427177427,-1.6815927800742678,-1.4455172175392752,1.4688626881073317,0.016713266284745548,0.3808893477867314,-0.3808856455198969,0.38088743748561577,0.3808841556719706,-0.38088665817098616,0.3808854104358519
109,1.8340000000000014,0.0020455922931432724,-0.04874984920024872,-0.06786233186721802,0.07686109840869904,-0.06095879152417183,0.012907613068819046,-0.04827899858355522,-1.5704874811875191,-1.662438650053622,-1.694813386600264,-1.4305591397494555,1.456970181370989,0.019140611185381805,0.3426195605099201,-0.3426195605099201,0.3426195605099201,0.3426195605099201,-0.3426195605099201,0.3426195605099201,-1.5708245314932778,-1.6537887012029755,-1.682679591480388,-1.4442873693842375,1.4678849508565055,0.016912831970918186,0.38086954758802477,-0.3808669885473415,0.3808682258526308,0.38086580569438117,-0.38086761682706044,0.38086672190181414
110,1.8500000000000014,0.00205302145332098,-0.04872895032167435,-0.06785620003938675,0.07684554159641266,-0.060936346650123596,0.012942430563271046,-0.048324741423130035,-1.5704532641632971,-1.6632507992256498,-1.695944323267587,-1.4292783807228486,1.4559545755934868,0.019356318361436323,0.34260309308767317,-0.34260309308767317,0.34260309308767317,0.34260309308767317,-0.34260309308767317,0.34260309308767317,-1.5707923584188466,-1.6545743844972969,-1.6837673886295517,-1.4430529305495277,1.4669040659352797,0.01711372552402657,0.3808503041907589,-0.3808480391440346,0.3808491876590769,0.38084721851878595,-0.38084881169371004,0.380848003575195
111,1.8680000000000014,0.0020611807703971863,-0.04870769754052162,-0.06785011291503906,0.07683031260967255,-0.06091327220201492,0.012977859936654568,-0.04837137088179588,-1.5704189111504572,-1.6640625941846585,-1.6970751584828376,-1.4279978755126874,1.45493935439012,0.019572616027047234,0.34258630648255345,-0.34258630648255345,0.34258630648255345,0.34258630648255345,-0.34258630648255345,0.34258630648255345,-1.5707560216920107,-1.6554581866026752,-1.684991440263734,-1.4416665417889836,1.4658027073913695,0.017339971997573464,0.38083040457012896,-0.3808267078128018,0.3808284987507608,0.3808252231006535,-0.3808277184522935,0.38082647544043824
112,1.8840000000000015,0.0020646583288908005,-0.04868139326572418,-0.06784282624721527,0.07680715620517731,-0.06088632345199585,0.013016114942729473,-0.04842673987150192,-1.570384500178309,-1.6648739507390873,-1.6982058722536246,-1.4267177562426012,1.4539245823325866,0.019789551276092724,0.3425663736462593,-0.3425663736462593,0.3425663736462593,0.3425663736462593,-0.3425663736462593,0.3425663736462593,-1.5707236352535279,-1.6562435843702428,-1.6860781837613175,-1.440437515351392,1.4648261614233768,0.0175413654090031,0.3808105984053369,-0.3808080374235497,0.38080928389924007,0.38080686436970146,-0.38080866438985844,0.38080778283139927
113,1.9000000000000015,0.002072937786579132,-0.04866151884198189,-0.06783860176801682,0.07679218798875809,-0.0608660988509655,0.01304811704903841,-0.04846864938735962,-1.5703499512151993,-1.6656849760531203,-1.6993365156164248,-1.4254378864427886,1.4529101473517372,0.020007019893576696,0.34255128622055053,-0.34255128622055053,0.34255128622055053,0.34255128622055053,-0.34255128622055053,0.34255128622055053,-1.5706909453780045,-1.657028597948897,-1.6871658665809308,-1.439203900380605,1.4638464652651582,0.017744081291016404,0.38079149331935835,-0.3807892270290741,0.38079038357265726,0.3807884148520399,-0.3807899980020925,0.380789201996524
114,1.9180000000000015,0.002082771621644497,-0.048640936613082886,-0.06783515959978104,0.07677783071994781,-0.060845114290714264,0.013080659322440624,-0.048511654138565063,-1.5703152383548384,-1.666495658330005,-1.7004671016097546,-1.4241582559307895,1.4518960621135586,0.02022503088228404,0.34253580451011656,-0.34253580451011656,0.34253580451011656,0.34253580451011656,-0.34253580451011656,0.34253580451011656,-1.5706540690719233,-1.6579115218534857,-1.6883897418338245,-1.4378184351457024,1.4627464320860393,0.017972357346515838,0.3807718846530645,-0.3807681917174379,0.380769985496545,0.38076671469729123,-0.38076920038506096,0.3807679664472127
115,1.9340000000000015,0.002088983543217182,-0.04861271008849144,-0.06783085316419601,0.07675495743751526,-0.06081663817167282,0.013119522482156754,-0.048569027334451675,-1.5702804219624515,-1.6673058701648131,-1.701597615829158,-1.4228790066401642,1.450882451477364,0.020443689590319985,0.3425151501595974,-0.3425151501595974,0.3425151501595974,0.3425151501595974,-0.3425151501595974,0.3425151501595974,-1.5706212384085165,-1.6586960345971105,-1.6894762927208928,-1.4365902249146634,1.4617710563387667,0.01817553897087371,0.3807522315074796,-0.38074967870809207,0.38075091778629194,0.38074850626658036,-0.38075030444473346,0.3807494198481026
116,1.9500000000000015,0.002098384313285351,-0.048590756952762604,-0.06782862544059753,0.07674002647399902,-0.06079480051994324,0.013151872903108597,-0.048613496124744415,-1.5702454488905635,-1.6681157161140259,-1.7027280929198345,-1.421600006198931,1.4498692048020316,0.02066288747203846,0.342499141395092,-0.342499141395092,0.342499141395092,0.342499141395092,-0.342499141395092,0.342499141395092,-1.5705881334836744,-1.6594800738972408,-1.6905637528821948,-1.4353574263544027,1.4607925304998182,0.018380038262062685,0.38073316631124543,-0.38073090838433626,0.3807320558890514,0.38073009498098204,-0.3807316778483984,0.3807308767055089
117,1.9680000000000015,0.002108384855091572,-0.04856852442026138,-0.06782645732164383,0.076725535094738,-0.06077256798744202,0.013184537179768085,-0.04865853115916252,-1.5702103091429787,-1.6689251915210301,-1.7038585338751953,-1.4203212472806852,1.4488563286689076,0.02088262975836793,0.3424829287827015,-0.3424829287827015,0.3424829287827015,0.3424829287827015,-0.3424829287827015,0.3424829287827015,-1.5705508186619292,-1.6603617999842608,-1.6917873501324607,-1.4339728764218524,1.4596938101469061,0.01861030556584123,0.38071350935215315,-0.38070982537193976,0.3807116123266458,0.38070835003137415,-0.3807108320441797,0.3807095971645661
118,1.9840000000000015,0.0021139727905392647,-0.048540204763412476,-0.06782245635986328,0.07670312374830246,-0.0607450045645237,0.013221962377429008,-0.04871508479118347,-1.5701750762631363,-1.6697341949337536,-1.7049889081478597,-1.4190428618848803,1.4478439119261655,0.02110299579799175,0.34246256947517395,-0.34246256947517395,0.34246256947517395,0.34246256947517395,-0.34246256947517395,0.34246256947517395,-1.5705176217909678,-1.6611451642372086,-1.6928736337663006,-1.4327454753596034,1.458719597391057,0.018815242984496466,0.38069385507203296,-0.38069130576510657,0.380692544971566,0.3806901375887382,-0.38069193019931963,0.3806910499501436
119,2.0000000000000013,0.0021227309480309486,-0.048518985509872437,-0.06782042235136032,0.07668846845626831,-0.06072356551885605,0.013253477402031422,-0.04875908046960831,-1.5701396974140025,-1.6705428446922514,-1.7061192485203824,-1.4177647207439426,1.4468318525008512,0.021323887088025604,0.342446731030941,-0.342446731030941,0.342446731030941,0.342446731030941,-0.342446731030941,0.342446731030941,-1.5704841699777277,-1.6619279861497556,-1.6939608094010326,-1.4315134865147074,1.4577422355225826,0.019021492984058665,0.3806748052349092,-0.38067255058935057,0.3806736980855817,0.3806717406024207,-0.38067331850019503,0.3806725212914449
120,2.0179999999999993,0.0021320879459381104,-0.04849764332175255,-0.06781844794750214,0.07667427510023117,-0.06070169806480408,0.013285360299050808,-0.048803653568029404,-1.5701041626149035,-1.671351138747614,-1.7072495559861742,-1.4164868161589388,1.4458201575331044,0.021545309759676452,0.3424306847155094,-0.3424306847155094,0.3424306847155094,0.3424306847155094,-0.3424306847155094,0.3424306847155094,-1.5704464835789316,-1.662808266829637,-1.6951840713977153,-1.4301298442090171,1.4566448192998063,0.019253713259644617,0.3806551805906119,-0.38065150299958717,0.38065328782060137,0.380650031941665,-0.380652507693035,0.3806512766828631
121,2.0339999999999976,0.0021368414163589478,-0.04847072437405586,-0.06781481206417084,0.07665246725082397,-0.0606747530400753,0.013321601785719395,-0.04885934665799141,-1.5700685485912975,-1.6721589841538484,-1.7083798028539103,-1.4152092750380918,1.4448089116491032,0.02176733645610511,0.3424106352031231,-0.3424106352031231,0.3424106352031231,0.3424106352031231,-0.3424106352031231,0.3424106352031231,-1.5704129730060346,-1.6635902867012116,-1.6962700458953375,-1.4289032450413326,1.4556717607847165,0.019460371572374808,0.3806355887580448,-0.3806330433763754,0.3806342820650942,0.3806318791765775,-0.38063366653803904,0.38063279007898176
122,2.049999999999996,0.0021452996879816055,-0.04844961687922478,-0.0678127259016037,0.07663770765066147,-0.06065328046679497,0.01335296779870987,-0.04890348017215729,-1.5700327935964977,-1.6729664777685023,-1.7095100149522704,-1.4139319799105807,1.4437980236413233,0.021989885919416943,0.34239474713802337,-0.34239474713802337,0.34239474713802337,0.34239474713802337,-0.34239474713802337,0.34239474713802337,-1.5703792213911516,-1.664371718586438,-1.6973569021612527,-1.4276720584792626,1.4546955536534878,0.01966833734432166,0.38061658793341363,-0.380614337916943,0.3806154830676777,0.3806135300460731,-0.38061510429257434,0.380614308730673
123,2.067999999999994,0.0021544238552451134,-0.04842827096581459,-0.06781068444252014,0.07662336528301239,-0.06063130870461464,0.013384793885052204,-0.04894827678799629,-1.5699968865322436,-1.6737736156179326,-1.7106401930263124,-1.4126549238225306,1.4427875018295797,0.022212965817501144,0.34237862035632133,-0.34237862035632133,0.34237862035632133,0.34237862035632133,-0.34237862035632133,0.34237862035632133,-1.5703412107017733,-1.6652503871190578,-1.6985797970700318,-1.4262893159801744,1.4535994313810525,0.01990247257088128,0.3805970004888563,-0.38059333030379283,0.3805951111992275,0.38059186241046017,-0.3805943330228767,0.38059310409912567
124,2.083999999999992,0.0021589547395706177,-0.0484013631939888,-0.06780698150396347,0.07660145312547684,-0.06060425937175751,0.013420982286334038,-0.0490042045712471,-1.5699609039532507,-1.6745803050044992,-1.7117703093847119,-1.4113782329371058,1.4417774308400504,0.02243664885560671,0.342358486354351,-0.342358486354351,0.342358486354351,0.342358486354351,-0.342358486354351,0.342358486354351,-1.5703074236595735,-1.6660309379102263,-1.6996654401685778,-1.425063513230241,1.4526275191597766,0.020110820568606386,0.38057743257279664,-0.38057489249325616,0.380576128282516,0.3805737307131141,-0.3805755143843859,0.3805746392918331
125,2.0999999999999903,0.0021671922877430916,-0.04838025942444801,-0.06780482083559036,0.07658657431602478,-0.06058269739151001,0.013452294282615185,-0.04904854670166969,-1.5699247840817883,-1.6753866426615733,-1.7129003897319717,-1.4101017900318387,1.4407677192168586,0.022660853760316964,0.3423425231873989,-0.3423425231873989,0.3423425231873989,0.3423425231873989,-0.3423425231873989,0.3423425231873989,-1.5702734050454474,-1.6668108760196014,-1.7007519600792886,-1.4238331248327105,1.4516524599090683,0.02032047324479109,0.3805584445743982,-0.38055619925262507,0.38055734180915857,0.3805553931651985,-0.38055696408904843,0.3805561698827262
126,2.1179999999999883,0.0021760985255241394,-0.048358917236328125,-0.06780269742012024,0.07657210528850555,-0.06056063622236252,0.01348407194018364,-0.04909355938434601,-1.5698885157730296,-1.676192624615512,-1.7140304346889736,-1.4088255882770302,1.4397583752798193,0.022885588292653358,0.34232631862163543,-0.34232631862163543,0.34232631862163543,0.34232631862163543,-0.34232631862163543,0.34232631862163543,-1.5702351018269898,-1.6676878392296282,-1.7019744748316346,-1.4224512790003216,1.4505576250245351,0.0205564935334696,0.3805388579629171,-0.380535194988257,0.3805369722700601,0.3805337302399157,-0.3805361957264396,0.38053496917710733
127,2.1339999999999866,0.0021599670872092247,-0.048334572464227676,-0.06779512763023376,0.07654911279678345,-0.06053707376122475,0.013512939214706421,-0.04915681853890419,-1.5698525163215762,-1.6769982008232491,-1.7151603534828108,-1.4075497697304171,1.4387494240504655,0.023110803946231797,0.3423035453259945,-0.3423035453259945,0.3423035453259945,0.3423035453259945,-0.3423035453259945,0.3423035453259945,-1.5702010659933323,-1.668466859441078,-1.7030597784073191,-1.4212262730372445,1.449586850419516,0.020766496806037496,0.3805190047281397,-0.3805164784329247,0.38051769744844793,0.3805153114026883,-0.3805170991128479,0.3805162116371663
128,2.149999999999985,0.0021507246419787407,-0.04831564053893089,-0.06778968870639801,0.07653331756591797,-0.06051844730973244,0.013538054190576077,-0.049207381904125214,-1.5698166709108765,-1.677803461498898,-1.7162901816279175,-1.4062742144376519,1.43774078326197,0.0233364381827414,0.3422853425145149,-0.3422853425145149,0.3422853425145149,0.3422853425145149,-0.3422853425145149,0.3422853425145149,-1.5701668165673717,-1.6692452643490847,-1.704145951912769,-1.4199966868310983,1.4486129240966306,0.02097778620102849,0.3804995228599169,-0.38049728957340684,0.3804984171300253,0.3804964789274285,-0.3804980529785064,0.38049724797393614
129,2.167999999999983,0.0021417001262307167,-0.04829647019505501,-0.06778401881456375,0.07651756703853607,-0.06049933284521103,0.013563473708927631,-0.049258872866630554,-1.5697809759087726,-1.6786084026688155,-1.7174199152748268,-1.4049989216536762,1.436732461047883,0.023562496077890193,0.342266805768013,-0.342266805768013,0.342266805768013,0.342266805768013,-0.342266805768013,0.342266805768013,-1.5701282862561141,-1.6701205072942171,-1.7053680664784534,-1.4186157474812318,1.4475193490345495,0.021215609482531143,0.3804791579489773,-0.3804755067438629,0.38047727281761834,0.38047404148514685,-0.38047650561769125,0.38047527412820015
130,2.183999999999981,0.0021192459389567375,-0.04827309027314186,-0.06777427345514297,0.07649336010217667,-0.06047669053077698,0.013589981012046337,-0.04932378605008125,-1.5697456551431233,-1.6794129541733678,-1.7185494864990791,-1.40372403231864,1.4357245162057035,0.0237889957614243,0.34224343702197074,-0.34224343702197074,0.34224343702197074,0.34224343702197074,-0.34224343702197074,0.34224343702197074,-1.5700940890915493,-1.6708980091827104,-1.706453002426949,-1.4173915504565726,1.4465496809242147,0.02142718096095958,0.38045862779740347,-0.38045610596097895,0.38045732399763854,0.38045494276106073,-0.3804567254017922,0.3804558415863851
131,2.1999999999999793,0.0021079685539007187,-0.048254773020744324,-0.06776734441518784,0.07647640258073807,-0.06045885756611824,0.013614119961857796,-0.04937371611595154,-1.5697105223338916,-1.6802172003903801,-1.7196789422393322,-1.402449425608961,1.4347168685796015,0.024015897760788597,0.34222546219825745,-0.34222546219825745,0.34222546219825745,0.34222546219825745,-0.34222546219825745,0.34222546219825745,-1.5700597253258197,-1.671674914642189,-1.7075387936067363,-1.4161627824030283,1.4455768522560466,0.02164001385116333,0.38043855936806825,-0.380436326996234,0.3804374590867731,0.38043552246585655,-0.3804370888859951,0.3804362927549219
132,2.2179999999999773,0.002097305841743946,-0.048236604779958725,-0.06776034086942673,0.07645968347787857,-0.060441236943006516,0.013638406060636044,-0.049423594027757645,-1.5696755672365292,-1.6810211438033795,-1.7208082812538226,-1.4011750975509965,1.4337095146305514,0.024243204528465866,0.3422075061500072,-0.3422075061500072,0.3422075061500072,0.3422075061500072,-0.3422075061500072,0.3422075061500072,-1.570021128044822,-1.6725484957220047,-1.7087604632714373,-1.4147827710238752,1.4444844946176096,0.021879537519759715,0.38041766803734806,-0.3804140198123238,0.38041579011228066,0.3804125623741713,-0.38041501677746686,0.3804137957668185
133,2.2339999999999756,0.0020742183551192284,-0.048214033246040344,-0.06774981319904327,0.07643444836139679,-0.06042032316327095,0.013664343394339085,-0.04948695749044418,-1.5696409969306107,-1.6818247110241469,-1.72193744480714,-1.3999011900783065,1.432702509244497,0.024470943585038183,0.3421846953034401,-0.3421846953034401,0.3421846953034401,0.3421846953034401,-0.3421846953034401,0.3421846953034401,-1.5699869301642209,-1.6733245446156058,-1.7098449929823003,-1.4135594051143674,1.4435158921304974,0.022092590307604496,0.3803967796106686,-0.38039425928632115,0.3803954816309313,0.3803931030058387,-0.3803948775013203,0.3803940026905315
134,2.249999999999974,0.002062343992292881,-0.048196107149124146,-0.06774246692657471,0.07641689479351044,-0.060402993112802505,0.013688236474990845,-0.049536801874637604,-1.5696066245307392,-1.6826279794766323,-1.723066485922583,-1.3986275751650814,1.4316957926926168,0.024699080859621365,0.34216675132513047,-0.34216675132513047,0.34216675132513047,0.34216675132513047,-0.34216675132513047,0.34216675132513047,-1.5699526235579218,-1.674100025152029,-1.7109303670538443,-1.4123314798505044,1.4425441176703022,0.02230688429163241,0.3803763877895992,-0.38037415861782137,0.38037529149965693,0.38037335829716756,-0.3803749190603269,0.38037412808820253
135,2.267999999999972,0.002049943432211876,-0.048177868127822876,-0.06773530691862106,0.07639908790588379,-0.060385558754205704,0.013712135143578053,-0.04958732798695564,-1.569572458806869,-1.6834309439454294,-1.72419540770456,-1.3973542570333166,1.43068936671338,0.024927616445347665,0.34214856192469595,-0.34214856192469595,0.34214856192469595,0.34214856192469595,-0.34214856192469595,0.34214856192469595,-1.569914159133973,-1.674972035845959,-1.7121515590647618,-1.4109524266558588,1.4414529282414006,0.022548021889248804,0.3803551384942285,-0.3803514969495723,0.38035326489027016,0.38035004363651487,-0.38035249207646193,0.38035127483654996
136,2.28399999999997,0.0020278096199035645,-0.04815533384680748,-0.06772457808256149,0.07637444883584976,-0.06036413833498955,0.013738547451794147,-0.04965093359351158,-1.5695386619798706,-1.6842335328428761,-1.7253241506726027,-1.3960813495527191,1.4296832977411302,0.0251565922362109,0.3421256639063358,-0.3421256639063358,0.3421256639063358,0.3421256639063358,-0.3421256639063358,0.3421256639063358,-1.569880139656381,-1.675746717234425,-1.713235660095454,-1.4097299186804895,1.4404853504956696,0.022762485633724044,0.38033395835104966,-0.38033144237582744,0.38033266387101955,0.38033028974801864,-0.3803320593836107,0.3803311881816547
137,2.2999999999999683,0.002015514299273491,-0.04813755303621292,-0.0677170529961586,0.0763566642999649,-0.06034693866968155,0.013762161135673523,-0.04970070347189903,-1.5695050700748827,-1.6850358253934796,-1.7264527682225386,-1.394808738481053,1.428677515429969,0.025385961588472124,0.34210774675011635,-0.34210774675011635,0.34210774675011635,0.34210774675011635,-0.34210774675011635,0.34210774675011635,-1.5698460671550607,-1.6765208603058859,-1.7143206008164262,-1.4085028624855875,1.4395145925639012,0.022978175895090464,0.3803133050569635,-0.38031107934201985,0.38031221224246964,0.38031028236056885,-0.3803118383288929,0.38031105150614547
138,2.3179999999999663,0.002002805471420288,-0.04811997711658478,-0.06770939379930496,0.07633868604898453,-0.060330118983983994,0.013785277493298054,-0.04975003004074097,-1.5694716899836925,-1.6858378250120893,-1.7275812581191936,-1.3935364270469033,1.4276720134469025,0.025615716213360423,0.34208998918533323,-0.34208998918533323,0.34208998918533323,0.34208998918533323,-0.34208998918533323,0.34208998918533323,-1.569807928603598,-1.6773913996916074,-1.7155413036205034,-1.407124795112308,1.43842453192521,0.02322085996713201,0.38029184119040177,-0.380288204507793,0.38028997311448215,0.3802867566119003,-0.3802891977835533,0.3802879871800807
139,2.3339999999999645,0.0019781095907092094,-0.048097893595695496,-0.06769843399524689,0.0763126015663147,-0.06030992791056633,0.01381010003387928,-0.049812812358140945,-1.5694387214905139,-1.6866394565720175,-1.7287095653524478,-1.3922645503541313,1.4266668479817264,0.02584588454725841,0.34206738755106925,-0.34206738755106925,0.34206738755106925,0.34206738755106925,-0.34206738755106925,0.34206738755106925,-1.5697742519458981,-1.6781648014660118,-1.7166249704120866,-1.4059031705586231,1.437457944241337,0.023436676323274834,0.3802705236358619,-0.3802680110992175,0.3802692333900555,0.3802668629453594,-0.38026862691194974,0.3802677609420397
140,2.349999999999963,0.0019644200801849365,-0.04808055981993675,-0.06769060343503952,0.07629401981830597,-0.0602935254573822,0.013832657597959042,-0.04986179247498512,-1.569405981155844,-1.6874407992356832,-1.729837742076365,-1.3909929833571595,1.42566195589077,0.02607642884055773,0.34204975470900534,-0.34204975470900534,0.34204975470900534,0.34204975470900534,-0.34204975470900534,0.34204975470900534,-1.5697405707938161,-1.678937694472296,-1.7177094753885291,-1.404677010677955,1.4364881674358834,0.02365370462152642,0.3802497754974198,-0.38024755305822033,0.38024868633779624,0.38024675969525945,-0.38024831062513964,0.38024752834458847
141,2.367999999999961,0.0019514597952365875,-0.048062942922115326,-0.06768285483121872,0.07627593725919724,-0.0602765828371048,0.013855776749551296,-0.049911465495824814,-1.5693734568259234,-1.688241848284385,-1.7309657896568853,-1.389721717736173,1.4246573461768182,0.026307358453050253,0.34203187242150307,-0.34203187242150307,0.34203187242150307,0.34203187242150307,-0.34203187242150307,0.34203187242150307,-1.5697029263907725,-1.6798068598938491,-1.7189296894427843,-1.403299961355503,1.4353991962334454,0.023897871289528076,0.3802281969477294,-0.38022456731617293,0.38022633271366957,0.3802231226699953,-0.3802255587924375,0.3802243508782005
142,2.383999999999959,0.001926579512655735,-0.048040829598903656,-0.06767182052135468,0.07624979317188263,-0.060256246477365494,0.013880627229809761,-0.04997459053993225,-1.5693413471673792,-1.6890425287777002,-1.7320936533322413,-1.3884508878499748,1.4236530754021954,0.02653870224021375,0.3420091474056244,-0.3420091474056244,0.3420091474056244,0.3420091474056244,-0.3420091474056244,0.3420091474056244,-1.5696697339489378,-1.6805790670218617,-1.7200129248725269,-1.4020792482150286,1.4344335658070768,0.024114987017699714,0.38020677778046374,-0.38020427049345884,0.3802054901731427,0.38020312475914103,-0.3802048851331706,0.3802040208428118
143,2.3999999999999573,0.0019126832485198975,-0.04802362620830536,-0.0676644891500473,0.0762319266796112,-0.06024028733372688,0.013900969177484512,-0.05002225562930107,-1.5693094691132372,-1.6898429225478386,-1.7332213948180755,-1.387180355738648,1.4226490706133,0.026770385059838493,0.3419919879734516,-0.3419919879734516,0.3419919879734516,0.3419919879734516,-0.3419919879734516,0.3419919879734516,-1.5696365770893055,-1.6813507926868632,-1.721096999195991,-1.4008540099407254,1.433464739680524,0.02433330150625888,0.3801859892701185,-0.380183769585955,0.3801849038159145,0.38018297992907846,-0.38018452572843986,0.3801837484119866
144,2.4179999999999553,0.0018986891955137253,-0.0480063334107399,-0.06765720248222351,0.07621423155069351,-0.06022427976131439,0.013920310884714127,-0.05006957799196243,-1.569277824293312,-1.6906430281046843,-1.7343490148594458,-1.3859101185461364,1.421645332617278,0.027002390241250396,0.3419749519228935,-0.3419749519228935,0.3419749519228935,0.3419749519228935,-0.3419749519228935,0.3419749519228935,-1.5695995657307245,-1.6822186737695501,-1.722316732651217,-1.3994780032149936,1.4323768248096571,0.024578888393712632,0.3801644683914964,-0.38016084319101484,0.38016260990290573,0.3801594040886608,-0.38016183285123156,0.38016063209522527
145,2.4339999999999535,0.00186975859105587,-0.047985028475522995,-0.06764569878578186,0.07618560642004013,-0.06020592898130417,0.01393942628055811,-0.050129231065511703,-1.5692466616501277,-1.6914427785792763,-1.7354764431725422,-1.3846403584391358,1.4206419004675896,0.02723471401259303,0.34195347681641575,-0.34195347681641575,0.34195347681641575,0.34195347681641575,-0.34195347681641575,0.34195347681641575,-1.5695669720641683,-1.6829897627472874,-1.7233995451177664,-1.3982582231647904,1.4314121205003587,0.02479723684586575,0.38014323253325266,-0.38014072653253206,0.3801419505450546,0.3801395871936175,-0.38014133999277366,0.3801404844412814
146,2.4499999999999518,0.001852894201874733,-0.047968290746212006,-0.06763765215873718,0.07616543769836426,-0.060191020369529724,0.013956999406218529,-0.05017546936869621,-1.5692157800800965,-1.6922422500917131,-1.736603737375188,-1.3833709344774965,1.4196387167947642,0.02746733066936334,0.34193683102726935,-0.34193683102726935,0.34193683102726935,0.34193683102726935,-0.34193683102726935,0.34193683102726935,-1.5695344475379012,-1.683760395115835,-1.7244831972373054,-1.3970339324774255,1.4304442113600893,0.02501675951871541,0.38012266082502866,-0.3801204447149403,0.3801215789547914,0.38011965840609885,-0.3801211994721862,0.3801204263148762
147,2.46799999999995,0.001836474984884262,-0.047951336950063705,-0.06762968003749847,0.07614558190107346,-0.060175735503435135,0.013974697329103947,-0.050222110003232956,-1.5691851721636818,-1.6930414390408808,-1.7377308987091462,-1.382101841445812,1.418635787869707,0.027700242291515072,0.3419200403988361,-0.3419200403988361,0.3419200403988361,0.3419200403988361,-0.3419200403988361,0.3419200403988361,-1.5694981856085135,-1.6846270729362536,-1.7257024579973241,-1.3956590058565013,1.4293573127348433,0.025263670909778563,0.3801013851461893,-0.3800977674106683,0.38009953014166176,0.3800963311357378,-0.38009875533113574,0.38009755644963983
148,2.483999999999948,0.0018073702231049538,-0.04792999476194382,-0.06761810928583145,0.07611695677042007,-0.06015724316239357,0.013993807137012482,-0.05028209090232849,-1.56915504932663,-1.6938402722869133,-1.7388578671972434,-1.3808332254996383,1.4176331671503337,0.02793347241046528,0.3418984472751617,-0.3418984472751617,0.3418984472751617,0.3418984472751617,-0.3418984472751617,0.3418984472751617,-1.569466290729786,-1.6853971138666899,-1.7267848533150045,-1.3944401958837538,1.4283934997494152,0.02548316833757709,0.38008033455216256,-0.38007783519153365,0.380079054289212,0.38007669701285224,-0.3800784475182978,0.3800775913506178
149,2.4999999999999463,0.001790330745279789,-0.04791322350502014,-0.0676099956035614,0.07609675824642181,-0.06014220044016838,0.014011374674737453,-0.05032864212989807,-1.5691252104808753,-1.694638826011997,-1.7399847004573028,-1.3795649461955313,1.4166307971429977,0.028166995321710905,0.34188168883323666,-0.34188168883323666,0.34188168883323666,0.34188168883323666,-0.34188168883323666,0.34188168883323666,-1.5694344952618122,-1.6861667206909174,-1.7278680880709172,-1.393216889975906,1.4274264749347119,0.025703820047965967,0.38005991795121313,-0.38005770781955733,0.3800588375368638,0.3800569221484013,-0.380058461211594,0.3800576874976286
150,2.5179999999999443,0.001773729920387268,-0.04789622500538826,-0.06760194897651672,0.07607686519622803,-0.06012677401304245,0.014029068872332573,-0.05037560313940048,-1.5690956483155354,-1.6954370964287533,-1.7411113996069114,-1.3782969984422608,1.4156286842427803,0.02840081313624978,0.3418647828698158,-0.3418647828698158,0.3418647828698158,0.3418647828698158,-0.3418647828698158,0.3418647828698158,-1.5693990867411094,-1.687032267820089,-1.7290868813023177,-1.3918430820181695,1.426340559456353,0.02595197462421727,0.38003878308517786,-0.38003517320773916,0.3800369309814679,0.3800337388748348,-0.38003615938675045,0.38003496118685565
151,2.5339999999999425,0.0017488952726125717,-0.04787333309650421,-0.06759155541658401,0.0760515034198761,-0.060106247663497925,0.014050710014998913,-0.05043826997280121,-1.5690665000609918,-1.696234985313695,-1.7422379255305211,-1.3770294733852628,1.4146269134483886,0.02863499163649976,0.34184222280979154,-0.34184222280979154,0.34184222280979154,0.34184222280979154,-0.34184222280979154,0.34184222280979154,-1.5693679771847517,-1.6878013209541534,-1.7301688654200844,-1.3906252693998682,1.4253776137096719,0.0261725584979664,0.38001774243951625,-0.3800152516203439,0.380016462175106,0.38001411207375146,-0.38001586283053945,0.38001500206364247
152,2.5499999999999408,0.001737428829073906,-0.04785457253456116,-0.06758498400449753,0.0760355070233345,-0.0600886270403862,0.01407154742628336,-0.05048816651105881,-1.5690375429138406,-1.6970325615226045,-1.7433643419305962,-1.3757622149348738,1.413625436331049,0.028869517426937816,0.3418242600560188,-0.3418242600560188,0.3418242600560188,0.3418242600560188,-0.3418242600560188,0.3418242600560188,-1.569336989014983,-1.6885699569697312,-1.7312516922308911,-1.3894029635471894,1.4244114570483941,0.026394289796489095,0.3799972060898462,-0.37999500444151724,0.37999612453698256,0.3799942159390588,-0.3799957564867006,0.3799949765946553
153,2.5679999999999388,0.0017262492328882217,-0.04783564433455467,-0.06757844239473343,0.07601970434188843,-0.060070689767599106,0.014092420227825642,-0.05053838714957237,-1.5690087720932924,-1.6978298222615138,-1.7444906493038417,-1.374495219862509,1.4126242581682558,0.029104391097401577,0.3418061806261539,-0.3418061806261539,0.3418061806261539,0.3418061806261539,-0.3418061806261539,0.3418061806261539,-1.5693025075027451,-1.6894344261899374,-1.7324700351191846,-1.388030272553855,1.4233265183462802,0.02664365054877077,0.37997580922805724,-0.37997220839715196,0.3799739581242608,0.379970773660007,-0.37997319280552394,0.3799719916677871
154,2.583999999999937,0.0017013559117913246,-0.04781275987625122,-0.06756794452667236,0.07599502801895142,-0.06005016714334488,0.01411365531384945,-0.05060086026787758,-1.5689804161614291,-1.6986267015927847,-1.7456167817126196,-1.3732286360621933,1.4116234220492,0.029339618685965733,0.34178369030356404,-0.34178369030356404,0.34178369030356404,0.34178369030356404,-0.34178369030356404,0.34178369030356404,-1.5692722333976448,-1.690202529728621,-1.7335516278975949,-1.3868134435270332,1.4223644415738892,0.0268652991439471,0.37995457320801723,-0.3799520855132151,0.37995329587240667,0.37995094877569646,-0.3799526955587986,0.37995183817118905
155,2.5999999999999353,0.0016883257776498795,-0.047794654965400696,-0.0675605908036232,0.07598047703504562,-0.06003374233841896,0.01413185615092516,-0.050648171454668045,-1.5689522773984683,-1.6994232791755415,-1.7467427915593465,-1.371962294778276,1.410622859676893,0.029575149621814487,0.34176665827631947,-0.34176665827631947,0.34176665827631947,0.34176665827631947,-0.34176665827631947,0.34176665827631947,-1.5692420884214036,-1.6909702255222137,-1.7346340686469623,-1.3855921165846077,1.4213991569551967,0.027088090312370958,0.3799339606354177,-0.3799317587011832,0.37993288405432013,0.3799309755071271,-0.37993250933326467,0.37993173811825975
156,2.6179999999999333,0.0016755210235714912,-0.04777640476822853,-0.06755323708057404,0.07596614956855774,-0.060017041862010956,0.014150009490549564,-0.05069572851061821,-1.5689243520480756,-1.7002195525883452,-1.7478686788440227,-1.3706961922854666,1.4096225756458596,0.02981098311332365,0.34174953773617744,-0.34174953773617744,0.34174953773617744,0.34174953773617744,-0.34174953773617744,0.34174953773617744,-1.5692085608065791,-1.6918336445847124,-1.735851984268753,-1.3842205154667482,1.4203151961710638,0.027338628169784135,0.37991259712506675,-0.37990899942845285,0.37991075189038076,0.3799075704978026,-0.3799099820523534,0.379908789001059
157,2.6339999999999315,0.001649022102355957,-0.0477541983127594,-0.0675419420003891,0.07594297081232071,-0.059997741132974625,0.014168542809784412,-0.05075556039810181,-1.5688968683463695,-1.701015455893558,-1.7489943778773627,-1.3694304761052611,1.4086226132936432,0.03004712549348672,0.3417279982566833,-0.3417279982566833,0.3417279982566833,0.3417279982566833,-0.3417279982566833,0.3417279982566833,-1.5691791379382836,-1.692600819545662,-1.736933202745469,-1.3830046424306646,1.4193539849030539,0.027561306855869525,0.37989149216792745,-0.37988900598425657,0.3798902193773066,0.3798878744015299,-0.3798896148977149,0.3798887644184036
158,2.6499999999999297,0.0016357582062482834,-0.047736093401908875,-0.06753451377153397,0.07592836022377014,-0.05998122692108154,0.014186689630150795,-0.05080312117934227,-1.5688696057095988,-1.7018110574502565,-1.7501199531068883,-1.368165003434865,1.407622926178292,0.0302835703206559,0.3417108763754368,-0.3417108763754368,0.3417108763754368,0.3417108763754368,-0.3417108763754368,0.3417108763754368,-1.5691498472949397,-1.6933675942204716,-1.7380152702420049,-1.381784265013461,1.4183895661072596,0.027785118580543035,0.3798709842504716,-0.37986878706395566,0.3798699094317389,0.37986800495302664,-0.3798695363420775,0.37986876572032213
159,2.6679999999999278,0.0016227476298809052,-0.047717832028865814,-0.06752709299325943,0.07591400295495987,-0.05996442586183548,0.014204808510839939,-0.05085092782974243,-1.5688425599157674,-1.7026063546507375,-1.751245404656776,-1.3668997700522822,1.4066235190805947,0.0305203171291699,0.3416936659812927,-0.3416936659812927,0.3416936659812927,0.3416936659812927,-0.3416936659812927,0.3416936659812927,-1.569117282507584,-1.6942299828511231,-1.7392327675710377,-1.3804137208386622,1.4173065753302667,0.028036788859943373,0.37984971400760903,-0.37984612362385206,0.37984787137605464,0.37984469659232406,-0.37984710450026676,0.3798459121028033
160,2.683999999999926,0.0015960531309247017,-0.04769563302397728,-0.06751574575901031,0.07589083164930344,-0.05994502827525139,0.014223297126591206,-0.05091101676225662,-1.568815959030252,-1.7034012818678037,-1.7523706670860928,-1.3656349228581273,1.4056244352760072,0.030757372081279752,0.3416720339655876,-0.3416720339655876,0.3416720339655876,0.3416720339655876,-0.3416720339655876,0.3416720339655876,-1.5690887163889244,-1.694996245049741,-1.7403136156220076,-1.379198776610919,1.4163462235073938,0.028260461185541513,0.37982867661524083,-0.37982619569043846,0.3798274056676918,0.3798250655488858,-0.3798268034709087,0.37982595339406583
161,2.6999999999999242,0.0015825945883989334,-0.047677524387836456,-0.06750825047492981,0.07587618380784988,-0.05992837995290756,0.014241475611925125,-0.050958871841430664,-1.5687895824537785,-1.7041959072742676,-1.7534958045940083,-1.364370319794663,1.4046256289434587,0.03099473000814517,0.34165480613708493,-0.34165480613708493,0.34165480613708493,0.34165480613708493,-0.34165480613708493,0.34165480613708493,-1.5690602836764815,-1.6957621125086453,-1.7413953105636906,-1.3779793233974134,1.4153826654757962,0.028485259946129635,0.37980821785682345,-0.37980602536376457,0.37980714464796367,0.37980524418603445,-0.3798067732723341,0.3798060030925455
162,2.7179999999999223,0.0015697004273533821,-0.04765943065285683,-0.06750098615884781,0.07586144655942917,-0.059911757707595825,0.014260249212384224,-0.05100632831454277,-1.5687634207799892,-1.704990231118482,-1.7546208210299892,-1.3631059623520059,1.403627099648332,0.031232400828351575,0.3416377218067646,-0.3416377218067646,0.3416377218067646,0.3416377218067646,-0.3416377218067646,0.3416377218067646,-1.5690286838875764,-1.6966234839157635,-1.74261238754428,-1.3766098103456,1.4143006396501223,0.028738029199668527,0.37978701059891967,-0.3797834264354275,0.379785171413006,0.3797820022795583,-0.37978440554791454,0.3797832157262189
163,2.7339999999999205,0.0015437779948115349,-0.047637827694416046,-0.067490354180336,0.07583721727132797,-0.059893567115068436,0.014280400238931179,-0.05106404423713684,-1.5687376911467423,-1.705784194913389,-1.7557456602663282,-1.3618420087308172,1.4026288735297474,0.03147040749900043,0.3416169440746307,-0.3416169440746307,0.3416169440746307,0.3416169440746307,-0.3416169440746307,0.3416169440746307,-1.5690009748364027,-1.6973888428044699,-1.743692861429306,-1.3753957754099604,1.4133411415227475,0.028962671237344563,0.37976611953414274,-0.37976364059469836,0.379764852786296,0.3797625151916564,-0.3797642472284151,0.37976340328852287
164,2.7499999999999187,0.0015305355191230774,-0.047619979828596115,-0.06748314201831818,0.07582204788923264,-0.05987740308046341,0.014299330301582813,-0.051110997796058655,-1.5687121822214236,-1.7065778612438656,-1.7568703792999667,-1.3605783079326632,1.4016309168117398,0.03170872967069348,0.3416000407934189,-0.3416000407934189,0.3416000407934189,0.3416000407934189,-0.3416000407934189,0.3416000407934189,-1.5689733988615144,-1.6981538104125202,-1.7447741793569465,-1.3741772308372588,1.4123784364291414,0.029188439277239915,0.3797458247090024,-0.3797436355685411,0.3797447543766465,0.37974285697578913,-0.37974438211226447,0.3797436151364428
165,2.7679999999999167,0.001553291454911232,-0.04760607331991196,-0.06748642772436142,0.07582895457744598,-0.05985645577311516,0.014327681623399258,-0.05113985762000084,-1.5686862940305084,-1.7073712957991973,-1.7579951530953728,-1.3593144920230391,1.4006333092155212,0.0319475243644168,0.3415896512567997,-0.3415896512567997,0.3415896512567997,0.3415896512567997,-0.3415896512567997,0.3415896512567997,-1.5689427530803923,-1.699014167782231,-1.7459908375786009,-1.3728087022664286,1.4112973696455362,0.02944230764625733,0.37972559649138404,-0.37972200119706856,0.37972377328843865,0.3797205959615027,-0.3797229783730727,0.3797218210422638
166,2.783999999999915,0.001589551568031311,-0.04759162664413452,-0.06749404966831207,0.07584287226200104,-0.05983029305934906,0.014364206232130527,-0.05116579309105873,-1.5686598015043745,-1.7081644895765995,-1.759120053923178,-1.3580504441520058,1.399636137664532,0.03218692780161898,0.3415803144872188,-0.3415803144872188,0.3415803144872188,0.3415803144872188,-0.3415803144872188,0.3415803144872188,-1.5689158636513305,-1.699778616889374,-1.74707096049307,-1.3715954587550796,1.4103387323961438,0.029667956099410774,0.3797067222201647,-0.37970421209775174,0.3797054823936129,0.37970312112269167,-0.3797048172962363,0.3797040348998271
167,2.7999999999999132,0.0016201566904783249,-0.0475788451731205,-0.06749971210956573,0.07585460692644119,-0.05980849266052246,0.014394707046449184,-0.051190346479415894,-1.5686327988928666,-1.7089574703294848,-1.7602450491250041,-1.3567862007032319,1.3986393294535233,0.032426839585726466,0.3415714752674103,-0.3415714752674103,0.3415714752674103,0.3415714752674103,-0.3415714752674103,0.3415714752674103,-1.5688890509378883,-1.700542664040028,-1.7481519642638088,-1.370377596464152,1.4093769064523514,0.029894778598139056,0.37968909158745834,-0.37968688449077714,0.3796880395340298,0.3796861265486575,-0.37968762936473816,0.3796869015065502
168,2.8179999999999112,0.0016506528481841087,-0.047565873712301254,-0.06750528514385223,0.07586635649204254,-0.05978647246956825,0.014425107277929783,-0.05121535807847977,-1.5686052880120636,-1.7097502348913565,-1.761370137210735,-1.3555217614283646,1.3976428882456973,0.03266725804035863,0.34156247109174726,-0.34156247109174726,0.34156247109174726,0.34156247109174726,-0.34156247109174726,0.34156247109174726,-1.568859161581884,-1.7014019681803605,-1.749368325507451,-1.3690097115669553,1.4082968462221426,0.030149879749227056,0.37967169433309567,-0.37966811311894383,0.3796698693167222,0.3796667022405197,-0.379669088454555,0.3796679200295352
169,2.8339999999999095,0.0016867872327566147,-0.047551460564136505,-0.0675128698348999,0.07588037103414536,-0.05976024642586708,0.014461573213338852,-0.051241517066955566,-1.5685771748915176,-1.710542759234092,-1.7624953517079833,-1.3542570885777954,1.3966468841385995,0.03290828426058094,0.34155305385589596,-0.34155305385589596,0.34155305385589596,0.34155305385589596,-0.34155305385589596,0.34155305385589596,-1.5688328350220728,-1.7021654659297893,-1.750448234305402,-1.3677969391519194,1.4073391193479703,0.03037666172310158,0.37965507464058723,-0.3796525818602,0.3796538271571127,0.379651479390742,-0.37965318598266257,0.379652381774447
170,2.8499999999999077,0.0017172573134303093,-0.047538720071315765,-0.06751850247383118,0.07589217275381088,-0.0597384013235569,0.014491996727883816,-0.051266249269247055,-1.5685485539362938,-1.7113350712352806,-1.7636206600825473,-1.3529922190318986,1.3956512441165403,0.033149817539379005,0.34154415026307106,-0.34154415026307106,0.34154415026307106,0.34154415026307106,-0.34154415026307106,0.34154415026307106,-1.5688064670328359,-1.7029285529338583,-1.75152906784092,-1.366579457375155,1.4063782227469188,0.030604657960948668,0.3796394759839112,-0.37963728389773976,0.37963841788208924,0.37963651557817146,-0.3796380273400709,0.37963728152714266
171,2.8679999999999057,0.0017476174980401993,-0.047525789588689804,-0.0675240308046341,0.0759039893746376,-0.05971634015440941,0.014522326178848743,-0.05129142850637436,-1.5685194269779932,-1.7121271677284255,-1.7647460605959577,-1.3517271525423213,1.3946559717806335,0.03339185630902648,0.3415350857377052,-0.3415350857377052,0.3415350857377052,0.3415350857377052,-0.3415350857377052,0.3415350857377052,-1.5687769241931238,-1.7037867687379016,-1.7527452862011668,-1.365211905579267,1.405299223979239,0.030861114003962787,0.3796241239468044,-0.37962055846171594,0.3796222959556514,0.37961914052692985,-0.37962153188124614,0.3796203500601533
172,2.883999999999904,0.0017835823819041252,-0.04751143604516983,-0.06753157824277878,0.07591809332370758,-0.05969008803367615,0.014558692462742329,-0.05131775885820389,-1.5684897006049614,-1.712919024995845,-1.7658715869000041,-1.3504618509869262,1.3936611369800722,0.033634501183405524,0.3415256068110466,-0.3415256068110466,0.3415256068110466,0.3415256068110466,-0.3415256068110466,0.3415256068110466,-1.5687507671983523,-1.704549296139006,-1.7538251055796588,-1.3639993518027307,1.4043424542973648,0.031089128165414825,0.3796091349905112,-0.37960665505442137,0.3796078840244164,0.379605545780772,-0.37960725797002887,0.3796064410934531
173,2.899999999999902,0.001813896931707859,-0.04749874770641327,-0.06753717362880707,0.07592995464801788,-0.059668224304914474,0.014589023776352406,-0.05134262889623642,-1.568459468989433,-1.713710670790952,-1.7669972064604842,-1.3491963517427925,1.3926666665749903,0.033877651579678064,0.3415166535973549,-0.3415166535973549,0.3415166535973549,0.3415166535973549,-0.3415166535973549,0.3415166535973549,-1.5687244359954162,-1.705311417046735,-1.7549058806561049,-1.3627820181439996,1.403382531676521,0.031318388284090004,0.37959500543427466,-0.3795928248749902,0.37959394397441926,0.3795920500133113,-0.37959356684123335,0.3795928095736206
174,2.9179999999999002,0.0018440904095768929,-0.04748588055372238,-0.0675426572561264,0.07594183087348938,-0.05964615195989609,0.0146192517131567,-0.05136793479323387,-1.5684287341492733,-1.714502102133514,-1.768122917414753,-1.3479306545615677,1.3916725640423253,0.034121305774897345,0.3415075434744358,-0.3415075434744358,0.3415075434744358,0.3415075434744358,-0.3415075434744358,0.3415075434744358,-1.5686947750500404,-1.7061685536556828,-1.7561220668451436,-1.3614145598278649,1.402304641743005,0.03157629130066311,0.3795811310097392,-0.37957757865717767,0.3795793016312429,0.379576156625004,-0.3795785501500382,0.3795773593597099
175,2.9339999999998985,0.0018798606470227242,-0.04747160151600838,-0.0675501674413681,0.07595599442720413,-0.059619903564453125,0.01465549785643816,-0.05139438807964325,-1.5683974031384895,-1.7152932954921143,-1.7692487535387758,-1.3466647213211143,1.3906788989829177,0.03436556407250465,0.3414980202913284,-0.3414980202913284,0.3414980202913284,0.3414980202913284,-0.3414980202913284,0.3414980202913284,-1.5686683777766501,-1.7069301322777062,-1.7572018831017577,-1.3602020294919657,1.4013488687230722,0.03180561189806663,0.37956732105227275,-0.37956485165132314,0.3795660680729064,0.3795637382030113,-0.3795654533452675,0.379564627787745
176,2.9499999999998967,0.001910097897052765,-0.04745924100279808,-0.06755580753087997,0.07596766948699951,-0.05959826707839966,0.014686069451272488,-0.05141844227910042,-1.5683655681735387,-1.716084282842161,-1.7703746836642904,-1.3453985934963308,1.3896855945316111,0.03461033189669253,0.34148936077952385,-0.34148936077952385,0.34148936077952385,0.34148936077952385,-0.34148936077952385,0.34148936077952385,-1.5686416824832419,-1.7076913202529052,-1.7582826760267571,-1.3589846644101522,1.4003899567433589,0.032036204039400114,0.3795542894952231,-0.3795521173240536,0.37955322682603365,0.3795513393112502,-0.3795528577900795,0.37955209455824673
177,2.9679999999998947,0.0019402559846639633,-0.047446802258491516,-0.06756139546632767,0.07597926259040833,-0.059576503932476044,0.014716682955622673,-0.05144258588552475,-1.5683332305737943,-1.7168750628798024,-1.7715007069220625,-1.3441322724531575,1.3886926527994032,0.0348556099459529,0.34148066908121105,-0.34148066908121105,0.34148066908121105,0.34148066908121105,-0.34148066908121105,0.34148066908121105,-1.5686114685973882,-1.7085474272936976,-1.759498905892434,-1.3576171153615344,1.3993132131239174,0.032295624765181115,0.3795415724475829,-0.37953803028206173,0.37953974390539846,0.37953660737488876,-0.3795389998238153,0.37953780542687704
178,2.983999999999893,0.0019758520647883415,-0.04743267968297005,-0.06756888329982758,0.07599341869354248,-0.05955033376812935,0.014752909541130066,-0.051468852907419205,-1.5683002997060478,-1.7176656075411851,-1.7726268549770596,-1.3428657154749317,1.387700147236601,0.035101491771638405,0.34147121295332905,-0.34147121295332905,0.34147121295332905,0.34147121295332905,-0.34147121295332905,0.34147121295332905,-1.5685844624874143,-1.7093081107388945,-1.760578779355182,-1.3564044594606293,1.3983584667590827,0.032526310006269064,0.3795286964506375,-0.37952623595074414,0.3795274427422436,0.37952512029719815,-0.37952683641323237,0.37952600525849356
179,2.999999999999891,0.00200593750923872,-0.047420475631952286,-0.06757451593875885,0.07600505650043488,-0.05952877178788185,0.014783487655222416,-0.05149271339178085,-1.568266867414227,-1.7184559488017177,-1.7737530969093722,-1.3415989645332578,1.3867080010401365,0.03534788323255878,0.34146262317895887,-0.34146262317895887,0.34146262317895887,0.34146262317895887,-0.34146262317895887,0.34146262317895887,-1.5685570539245204,-1.7100684269254764,-1.7616596452561253,-1.3551869266446703,1.3974005925865811,0.03275828809292365,0.37951651645094453,-0.3795143524046207,0.37951545283710236,0.37951357183185797,-0.3795150913721413,0.3795143228221557
180,3.017999999999889,0.002035907469689846,-0.047408100217580795,-0.06758005172014236,0.07601669430732727,-0.05950700491666794,0.0148139838129282,-0.05151696130633354,-1.5682329356230655,-1.719246083805344,-1.774879431104708,-1.3403320196281356,1.3857162176248587,0.035594782962774255,0.3414538939297199,-0.3414538939297199,0.3414538939297199,0.3414538939297199,-0.3414538939297199,0.3414538939297199,-1.5685259194422014,-1.7109235804824061,-1.7628759760191077,-1.3538191470199317,1.3963250231534854,0.033019281703297716,0.37950465297273517,-0.37950112127226504,0.3795028250239347,0.3794996974321578,-0.3795020888676938,0.37950089040105056
181,3.0339999999998875,0.002071286551654339,-0.047394055873155594,-0.0675874873995781,0.0760309025645256,-0.05948084220290184,0.014850080944597721,-0.05154334008693695,-1.568198414180538,-1.7200359847365634,-1.7760058892280344,-1.3390648379187269,1.3847248702548103,0.03584228431185088,0.3414443975687027,-0.3414443975687027,0.3414443975687027,0.3414443975687027,-0.3414443975687027,0.3414443975687027,-1.5684980010783418,-1.7116834412988085,-1.7639559540813563,-1.3526062521568198,1.39537132606475,0.03325137602198771,0.37949245786557084,-0.37949000553672574,0.37949120393122526,0.3794888885112563,-0.37949060475854013,0.3794897692859835
182,3.0499999999998857,0.0021013300865888596,-0.047381870448589325,-0.06759288161993027,0.07604226469993591,-0.059458740055561066,0.014880809001624584,-0.05156775936484337,-1.5681633920124283,-1.7208256825773731,-1.7771324372550332,-1.3377974668403947,1.3837338912538844,0.03609029779521129,0.34143560662865635,-0.34143560662865635,0.34143560662865635,0.34143560662865635,-0.34143560662865635,0.34143560662865635,-1.568469598328061,-1.7124429615387478,-1.765036937734646,-1.3513884480377514,1.3944145112012296,0.03348478069781475,0.37948087114263634,-0.37947871490358037,0.37947980683430377,0.37947793211286174,-0.37947945236509495,0.37947867905049754
183,3.0679999999998837,0.002131640911102295,-0.04736939072608948,-0.06759772449731827,0.07605285197496414,-0.05943506211042404,0.014912126585841179,-0.05159372463822365,-1.5681278646639099,-1.721615172422808,-1.7782590659966553,-1.3365299193074787,1.3827433068853774,0.036338833238308645,0.3414262591302395,-0.3414262591302395,0.3414262591302395,0.3414262591302395,-0.3414262591302395,0.3414262591302395,-1.5684372540922853,-1.7132972493902794,-1.7662534168878143,-1.35002033380095,1.3933401416410274,0.03374739022166647,0.37946953046819687,-0.3794660095215449,0.379467702619494,0.3794645842383615,-0.3794669751594285,0.3794657716950672
184,3.083999999999882,0.00216712336987257,-0.04735533148050308,-0.06760431826114655,0.076065793633461,-0.05940703675150871,0.014948884025216103,-0.051621802151203156,-1.5680917459410786,-1.722404427947483,-1.7793858046343412,-1.3352621560802542,1.3817531896061857,0.03658798130539558,0.34141615122556684,-0.34141615122556684,0.34141615122556684,0.34141615122556684,-0.34141615122556684,0.34141615122556684,-1.568408189813796,-1.7140563665514357,-1.7673335389894667,-1.348807119493407,1.3923875203769924,0.03398093076347289,0.37945769131065255,-0.379455247429687,0.37945643644481514,0.37945412816168345,-0.3794558453981716,0.3794550043071155
185,3.09999999999988,0.002196994610130787,-0.04734320938587189,-0.06760916113853455,0.07607638090848923,-0.05938401445746422,0.014979817904531956,-0.05164709687232971,-1.568055129364243,-1.7231934814372476,-1.78051262398665,-1.3339942163984462,1.3807634560318947,0.03683764493713778,0.3414070451259613,-0.3414070451259613,0.3414070451259613,0.3414070451259613,-0.3414070451259613,0.3414070451259613,-1.5683785803971941,-1.7148151696536535,-1.7684146768254863,-1.347588974861103,1.3914317955240845,0.03421579843468943,0.3794463933585968,-0.3794442435880699,0.37944532872939013,0.3794434591745244,-0.37944497950654693,0.37944420280972174
186,3.117999999999878,0.0022267811000347137,-0.04733092337846756,-0.06761392205953598,0.07608698308467865,-0.05936073139309883,0.015010702423751354,-0.051672834903001785,-1.5680180163459092,-1.723982330160222,-1.7816395226876423,-1.3327261000137016,1.3797741105086763,0.03708782331086697,0.34139777943491934,-0.34139777943491934,0.34139777943491934,0.34139777943491934,-0.34139777943491934,0.34139777943491934,-1.5683448115289556,-1.7156686790569626,-1.769631341867138,-1.346220458533595,1.3903586611293175,0.034480061938012146,0.3794353527673032,-0.379431839171108,0.3794335274547659,0.3794304156023157,-0.37943280279592473,0.379431600126626
187,3.1339999999998764,0.002261904999613762,-0.047317251563072205,-0.06762056797742844,0.07610035687685013,-0.05933273583650589,0.015047293156385422,-0.05170108750462532,-1.567980317929249,-1.7247709510196065,-1.7827665321539328,-1.3314577607324207,1.3787852315780678,0.03733861153014006,0.3413876084983349,-0.3413876084983349,0.3413876084983349,0.3413876084983349,-0.3413876084983349,0.3413876084983349,-1.5683144308797499,-1.7164271280187486,-1.7707116389881772,-1.3450068708800487,1.3894071450067669,0.03471507905472537,0.37942374945752405,-0.3794213111960631,0.37942249590824345,0.37942019266555976,-0.3794219079036799,0.37942106634512734
188,3.1499999999998747,0.0022917939350008965,-0.04730509966611862,-0.06762541830539703,0.07611142843961716,-0.05930980667471886,0.015077689662575722,-0.051726821810007095,-1.5679421213636657,-1.7255593693473752,-1.7838936224590227,-1.3301892369250938,1.3777967348001559,0.03758990635784965,0.3413783441483974,-0.3413783441483974,0.3413783441483974,0.3413783441483974,-0.3413783441483974,0.3413783441483974,-1.5682834627758253,-1.7171852868023025,-1.7717929604652745,-1.3437883353398667,1.388452536299457,0.034951436025374795,0.37941264702139993,-0.3794105026926398,0.3794115831026247,0.37940971809153945,-0.379411237075762,0.37941045919699967
189,3.1679999999998727,0.0023216670379042625,-0.04729264974594116,-0.06763015687465668,0.07612252980470657,-0.059286750853061676,0.015107815153896809,-0.05175303667783737,-1.567903426913034,-1.7263475801764743,-1.785020791740267,-1.3289205280950154,1.3768086222859381,0.037841703277081265,0.34136890679597853,-0.34136890679597853,0.34136890679597853,0.34136890679597853,-0.34136890679597853,0.34136890679597853,-1.5682481189606783,-1.7180380957807577,-1.773009843269031,-1.3424193633211363,1.3873806631546706,0.035217378285271723,0.3794017809879164,-0.3793982752301841,0.3793999580134496,0.3793968532798795,-0.3793992368518828,0.37939803440442577
190,3.183999999999871,0.0023568104952573776,-0.04727860167622566,-0.06763667613267899,0.07613611966371536,-0.059259191155433655,0.01514344196766615,-0.05178156867623329,-1.5678641467381131,-1.727135556871078,-1.7861480696758116,-1.3276515927672867,1.3758209691000143,0.03809409397654237,0.341358635276556,-0.341358635276556,0.341358635276556,0.341358635276556,-0.341358635276556,0.341358635276556,-1.568216305259454,-1.718795941705722,-1.7740903426620944,-1.3412053574228764,1.3864302721304325,0.03545388899385141,0.3793903099705096,-0.3793878772467938,0.3793890579655769,0.37938675989792714,-0.379388472684726,0.3793876311134604
191,3.199999999999869,0.0023865941911935806,-0.047266390174627304,-0.06764146685600281,0.07614725828170776,-0.05923634395003319,0.015173533000051975,-0.051807478070259094,-1.56782437016826,-1.7279233300406551,-1.787275427456745,-1.326382471795925,1.374833696700847,0.038346986193209906,0.3413493078947067,-0.3413493078947067,0.3413493078947067,0.3413493078947067,-0.3413493078947067,0.3413493078947067,-1.568183876366585,-1.7195535168227751,-1.7751718739724687,-1.3399863888922536,1.3854767966869337,0.03569174810475042,0.37937931989396473,-0.37937718037102564,0.37937825736884606,0.37937639653374067,-0.37937791320623004,0.37937713560656783
192,3.217999999999867,0.002416289411485195,-0.047253988683223724,-0.06764615327119827,0.07615838944911957,-0.05921325087547302,0.015203557908535004,-0.05183381214737892,-1.5677840986780684,-1.7287108965187088,-1.7884028633445983,-1.3251131653051063,1.3738468091862557,0.03860037882501882,0.3413398276269436,-0.3413398276269436,0.3413398276269436,0.3413398276269436,-0.3413398276269436,0.3413398276269436,-1.5681468587354004,-1.7204056877788225,-1.7763890025645404,-1.3386169176886722,1.38440620142175,0.03595938020738238,0.3793685596474319,-0.3793650610645096,0.3793667396801573,0.3793636416325387,-0.37936602067142744,0.37936481987955234
193,3.2339999999998654,0.0024535218253731728,-0.04723873361945152,-0.06765422224998474,0.07617268711328506,-0.05918502062559128,0.015241575427353382,-0.05186259746551514,-1.5677432066476455,-1.7294982087456996,-1.7895304337154314,-1.323843620519885,1.3728603921758291,0.03885440508214138,0.34132946491241456,-0.34132946491241456,0.34132946491241456,0.34132946491241456,-0.34132946491241456,0.34132946491241456,-1.568113536688571,-1.7211629803752753,-1.7774697285296208,-1.3374024572132726,1.3834569495042193,0.03619739621049186,0.3793571666873823,-0.3793547391749988,0.37935591650163625,0.3793536234069573,-0.37935533333278293,0.37935449236531393
194,3.2499999999998637,0.002485118806362152,-0.047225471585989,-0.06766034662723541,0.07618442922830582,-0.059161584824323654,0.015273752622306347,-0.051888734102249146,-1.5677017880008728,-1.7302852999387994,-1.7906581061592186,-1.3225738800327465,1.3718743657620904,0.03910896762584649,0.3413200557231903,-0.3413200557231903,0.3413200557231903,0.3413200557231903,-0.3413200557231903,0.3413200557231903,-1.5680795814194863,-1.7219200152150973,-1.7785514947352028,-1.3361830204534924,1.3825046215912595,0.03643677419508079,0.37934623783173027,-0.379344102900405,0.37934517679785273,0.37934332000053855,-0.3793448341714077,0.3793440571299777
195,3.2679999999998617,0.002516656182706356,-0.04721200838685036,-0.06766640394926071,0.07619617879390717,-0.05913788825273514,0.015305891633033752,-0.051915302872657776,-1.567659843731161,-1.7310721667452469,-1.791785879558373,-1.3213039437195147,1.3708887342912115,0.039364065819730384,0.3413104909658432,-0.3413104909658432,0.3413104909658432,0.3413104909658432,-0.3413104909658432,0.3413104909658432,-1.568040824819427,-1.7227715881631138,-1.7797689000907542,-1.334813010813911,1.3814353212798662,0.03670612343896858,0.37933552661047776,-0.37933203504453683,0.37933370970636676,0.3793306182330856,-0.3793329926135922,0.37933179365777103
196,3.28399999999986,0.002553727477788925,-0.04719679057598114,-0.06767444312572479,0.07621052116155624,-0.05910960212349892,0.01534383837133646,-0.05194424092769623,-1.5676172816065312,-1.7318587799215133,-1.7929137869438017,-1.320033768366822,1.3699035742558199,0.039619796459252656,0.34130007326602935,-0.34130007326602935,0.34130007326602935,0.34130007326602935,-0.34130007326602935,0.34130007326602935,-1.5680059424397823,-1.723528354937234,-1.780849882606489,-1.3335980623206705,1.3804872238963728,0.0369456725625749,0.3793241704253511,-0.3793217477584466,0.37932292229818837,0.3793206339311074,-0.37932234062282316,0.37932150085403127
197,3.299999999999858,0.0025851381942629814,-0.04718358442187309,-0.06768050044775009,0.07622227817773819,-0.05908612534403801,0.015375900082290173,-0.05197051167488098,-1.5675741959699603,-1.7326451729952113,-1.7940417952845975,-1.3187633970638597,1.3689188055000858,0.03987606146062416,0.34129061579704284,-0.34129061579704284,0.34129061579704284,0.34129061579704284,-0.34129061579704284,0.34129061579704284,-1.5679704136946022,-1.7242848699470879,-1.7819319149900952,-1.332378125971769,1.3795360586401422,0.03718659761635405,0.3793132689576564,-0.37931113830510316,0.37931220968674384,0.3793103567379987,-0.3793118680022945,0.3793110921295004
198,3.317999999999856,0.002616490237414837,-0.04717017337679863,-0.06768649071455002,0.07623404264450073,-0.05906239151954651,0.015407927334308624,-0.05199722200632095,-1.5675305877993366,-1.7334313425514913,-1.7951699034631734,-1.3174928296864514,1.3679344323080933,0.040132860249529306,0.34128100007772444,-0.34128100007772444,0.34128100007772444,0.34128100007772444,-0.34128100007772444,0.34128100007772444,-1.567929871130113,-1.725135860747602,-1.783149631788958,-1.331007545945788,1.378468069137202,0.03745769251553734,0.3793025765050088,-0.379299091765192,0.37930076290993037,0.3792976779513491,-0.37930004728898853,0.3792988506749263
199,3.3339999999998544,0.0026546381413936615,-0.047154683619737625,-0.06769441813230515,0.07624898850917816,-0.05903322622179985,0.015447401441633701,-0.05202767252922058,-1.5674863438303135,-1.7342172539451537,-1.7962981437653784,-1.3162220132112985,1.3669505452043966,0.0403903169402232,0.34127003788948057,-0.34127003788948057,0.34127003788948057,0.34127003788948057,-0.34127003788948057,0.34127003788948057,-1.5678933920337859,-1.7258921104969036,-1.7842309001155405,-1.3297920829895606,1.3775211403796035,0.03769879966673098,0.3792911793069143,-0.37928876294196445,0.3792899322676523,0.3792876497401224,-0.3792893545182064,0.37928851351329596
200,3.3499999999998527,0.0026864251121878624,-0.047141384333372116,-0.06770039349794388,0.0762610211968422,-0.05900934338569641,0.015480081550776958,-0.05205468833446503,-1.5674415700784436,-1.7350029436840433,-1.7974264836570109,-1.314950996191351,1.3659670561479684,0.04064831829940282,0.3412603121995926,-0.3412603121995926,0.3412603121995926,0.3412603121995926,-0.3412603121995926,0.3412603121995926,-1.567856258039955,-1.7266481100625908,-1.7853132257137845,-1.328571621671353,1.3765711524327147,0.037941297433655076,0.3792802126977146,-0.37927808686417824,0.3792791546491663,0.3792773060589025,-0.3792788149800525,0.3792780391568564
201,3.3679999999998507,0.00271818321198225,-0.04712787643074989,-0.06770630180835724,0.07627306878566742,-0.05898518115282059,0.015512757003307343,-0.052082158625125885,-1.5673962670249106,-1.7357884082912225,-1.7985549220204835,-1.3136797783782566,1.3649839697954214,0.04090686424945794,0.34125042289495466,-0.34125042289495466,0.34125042289495466,0.34125042289495466,-0.34125042289495466,0.34125042289495466,-1.5678138984801826,-1.7274985188384004,-1.786531281383028,-1.3272004434689277,1.3755044912861771,0.038214168611409756,0.37926941892294397,-0.37926594113642276,0.3792676084866481,0.37926453015160294,-0.37926689459107993,0.3792657000180878
202,3.383999999999849,0.002756252884864807,-0.047112416476011276,-0.0677141547203064,0.07628809660673141,-0.05895589292049408,0.015552272088825703,-0.05211290344595909,-1.5673503294768296,-1.7365736152324893,-1.799683491265822,-1.3124083101014776,1.3640013715800798,0.0411660687842717,0.3412393547594547,-0.3412393547594547,0.3412393547594547,0.3412393547594547,-0.3412393547594547,0.3412393547594547,-1.5677757986787124,-1.7282542477498355,-1.7876128567713236,-1.325984442466294,1.3745587466862361,0.03845686043864465,0.37925793344455677,-0.3792555214605881,0.37925668880082974,0.3792544107371886,-0.37925611172480406,0.37925527273409354
203,3.399999999999847,0.0027878358960151672,-0.04709917679429054,-0.06772007048130035,0.07630014419555664,-0.058931976556777954,0.01558481901884079,-0.05214002728462219,-1.5673038655452294,-1.737358601512394,-1.8008121591071768,-1.3111366410315517,1.3630191719708002,0.04142581576791905,0.341229590177536,-0.341229590177536,0.341229590177536,0.341229590177536,-0.341229590177536,0.341229590177536,-1.5677370385986402,-1.7290097248326046,-1.788695493901482,-1.3247634339100676,1.3736099510973554,0.038700956143526685,0.3792468822555682,-0.37924476005144386,0.3792458264280318,0.37924398127768144,-0.37924548656758345,0.3792447130337114
204,3.417999999999845,0.0028193937614560127,-0.047085732221603394,-0.06772592663764954,0.07631219923496246,-0.05890778452157974,0.01561736036092043,-0.0521676167845726,-1.5672568756492051,-1.7381433637160875,-1.8019409245511377,-1.3098647710443023,1.3620373755621074,0.041686105107267724,0.3412196579575538,-0.3412196579575538,0.3412196579575538,0.3412196579575538,-0.3412196579575538,0.3412196579575538,-1.5676928422622687,-1.7298595403464945,-1.789913905551257,-1.3233916343005654,1.3725446340545175,0.03897562916547403,0.3792359948644672,-0.3792325233820165,0.37923418817322274,0.3792311160601296,-0.37923347475724556,0.3792322835431706
205,3.4339999999998434,0.0028555290773510933,-0.0470719039440155,-0.06773380190134048,0.07632938772439957,-0.058879218995571136,0.01565476506948471,-0.05219842121005058,-1.5672092834979159,-1.7389278954484877,-1.8030698212494933,-1.308592614582229,1.3610560552455144,0.0419470178584258,0.3412085683643818,-0.3412085683643818,0.3412085683643818,0.3412085683643818,-0.3412085683643818,0.3412085683643818,-1.5676531077193816,-1.7306147362246707,-1.7909958004001072,-1.322175073438393,1.3716000855986,0.039219923162095785,0.3792244357930084,-0.37922202808352856,0.3792231938165861,0.3792209202439001,-0.37922261703143095,0.3792217805542735
206,3.4499999999998416,0.0028848284855484962,-0.04706064984202385,-0.06773976236581802,0.07634405046701431,-0.05885619297623634,0.01568477973341942,-0.05222558230161667,-1.5671612030231568,-1.7397122396125215,-1.8041988172889236,-1.3073202137411122,1.3600751186959106,0.04220843085398279,0.341198790371418,-0.341198790371418,0.341198790371418,0.341198790371418,-0.341198790371418,0.341198790371418,-1.5676127117330665,-1.7313696777253011,-1.7920787588631029,-1.3209534910881027,1.3706524913889973,0.03946562632013018,0.37921331581476914,-0.37921119746882703,0.37921226235113753,0.37921042090615914,-0.379211922385401,0.3792111512206962
207,3.4679999999998397,0.0029141204431653023,-0.04704916477203369,-0.06774565577507019,0.07635870575904846,-0.05883287265896797,0.015714816749095917,-0.052253205329179764,-1.567112634349104,-1.740496392358722,-1.8053279115518415,-1.306047568645128,1.3590945708182611,0.042470344466467726,0.34118884608149525,-0.34118884608149525,0.34118884608149525,0.34118884608149525,-0.34118884608149525,0.34118884608149525,-1.5675666741501564,-1.7322188859066552,-1.7932975341551414,-1.319581031268808,1.3695885241151904,0.03974209999862148,0.3792023544917894,-0.37919888958598374,0.37920055170214373,0.37919748609148013,-0.37919983889125575,0.37919865109844253
208,3.483999999999838,0.002949163317680359,-0.0470365546643734,-0.06775344163179398,0.07637769728899002,-0.05880462005734444,0.015751073136925697,-0.05228438600897789,-1.5670634816271427,-1.7412803349364616,-1.806457135579038,-1.3047746070236448,1.3581144938173053,0.04273286235208315,0.34117762103676796,-0.34117762103676796,0.34117762103676796,0.34117762103676796,-0.34117762103676796,0.34117762103676796,-1.5675253075845552,-1.7329735379760551,-1.7943797520890585,-1.3183638690993673,1.368645173589891,0.03998798672017403,0.37919072501144696,-0.3791883222728291,0.3791894855395492,0.3791872170083806,-0.3791889099079842,0.3791880752375701
209,3.499999999999836,0.002979172393679619,-0.04702500253915787,-0.067759208381176,0.07639218121767044,-0.05878110229969025,0.015782009810209274,-0.05231208726763725,-1.5670138287539148,-1.742064084978781,-1.8075864557187242,-1.3035014040033504,1.3571348087789772,0.042995895848919975,0.34116764858365056,-0.34116764858365056,0.34116764858365056,0.34116764858365056,-0.34116764858365056,0.34116764858365056,-1.567483284642293,-1.7337279351921868,-1.7954630325156062,-1.317141668509802,1.3676987812317984,0.040235284905191036,0.3791795198435797,-0.3791774061171786,0.379178468316732,0.37917663116097927,-0.3791781294353955,0.3791773595021406
210,3.517999999999834,0.0030092308297753334,-0.047013189643621445,-0.06776489317417145,0.07640665769577026,-0.05875726789236069,0.015813032165169716,-0.05234028398990631,-1.566963674906752,-1.742847638139508,-1.8087158706049604,-1.3022279597084208,1.3561555209807712,0.04325944638500614,0.3411574977636337,-0.3411574977636337,0.3411574977636337,0.3411574977636337,-0.3411574977636337,0.3411574977636337,-1.5674354217914266,-1.734576528167631,-1.7966821692512482,-1.3157685000100903,1.3666361648764145,0.04051354763083243,0.3791684450005655,-0.3791649871160917,0.3791666457060404,0.3791635869334509,-0.37916593433664514,0.3791647490820904
211,3.5339999999998324,0.003044549375772476,-0.047000449150800705,-0.06777254492044449,0.07642556726932526,-0.058728739619255066,0.01584971696138382,-0.05237181484699249,-1.5669129324171558,-1.743630978958688,-1.8098454130203012,-1.300954200253932,1.3551767086537836,0.043523608334362536,0.3411461466550827,-0.3411461466550827,0.3411461466550827,0.3411461466550827,-0.3411461466550827,0.3411461466550827,-1.5673924407532398,-1.7353306302238969,-1.7977647066263487,-1.3145506974947667,1.3656940146528445,0.0407610208598396,0.37915671504051746,-0.379154316992358,0.3791554781169633,0.379153214385915,-0.3791549032974942,0.37915407068736884
212,3.5499999999998306,0.0030743954703211784,-0.04698893427848816,-0.06777825206518173,0.07644005119800568,-0.058705177158117294,0.015880564227700233,-0.052399635314941406,-1.5668616924926504,-1.7444141278633294,-1.8109750505547209,-1.299680199400632,1.3541982890344817,0.043788284404824206,0.34113613128662107,-0.34113613128662107,0.34113613128662107,0.34113613128662107,-0.34113613128662107,0.34113613128662107,-1.5673488100698438,-1.7360844770639694,-1.7988483046444712,-1.3133278431663558,1.3647488273393777,0.04100991019250016,0.37914541389183537,-0.3791433040439928,0.3791443647583493,0.37914253130511283,-0.3791440257456487,0.37914325820913203
213,3.5679999999998286,0.0031042881309986115,-0.04697716608643532,-0.067783884704113,0.0764545202255249,-0.05868130177259445,0.015911487862467766,-0.05242794752120972,-1.5668099543571337,-1.7451970806314367,-1.812104781966456,-1.2984059573968731,1.3532202673382718,0.044053475869198666,0.3411259388923645,-0.3411259388923645,0.3411259388923645,0.3411259388923645,-0.3411259388923645,0.3411259388923645,-1.5672991445753925,-1.736932447829255,-1.8000677976041388,-1.3119539296661726,1.3636875656739023,0.04128995836036166,0.37913423406252744,-0.3791307826569237,0.37913243869850094,0.379129386347328,-0.37913172778274556,0.3791305460652856
214,3.583999999999827,0.003139413893222809,-0.04696447402238846,-0.06779147684574127,0.07647343724966049,-0.05865273252129555,0.015948059037327766,-0.05245961248874664,-1.5667576307922466,-1.7459798218651432,-1.813234639913885,-1.2971314001093788,1.3522427217962503,0.04431927685315413,0.3411145395040512,-0.3411145395040512,0.3411145395040512,0.3411145395040512,-0.3411145395040512,0.3411145395040512,-1.5672545696121203,-1.7376859934871496,-1.8011506497496372,-1.3107354573413008,1.3627466189492696,0.04153901476312591,0.3791224185201934,-0.37912002493428926,0.3791211843347629,0.37911892527719665,-0.37912060990884,0.37911977980600914
215,3.599999999999825,0.0031690942123532295,-0.046953003853559494,-0.06779712438583374,0.07648792117834091,-0.05862913280725479,0.01597880944609642,-0.05248755216598511,-1.566704812555374,-1.7467623719293692,-1.8143645919869822,-1.295856601423073,1.351265569582796,0.0445855903439224,0.34110448122024534,-0.34110448122024534,0.34110448122024534,0.34110448122024534,-0.34110448122024534,0.34110448122024534,-1.5672093518897472,-1.738439283487412,-1.8022345607467378,-1.3095119222470923,1.3618026397465697,0.041789491761041485,0.3791110346281408,-0.37910892873649626,0.37910998785039957,0.3791081582050036,-0.3791096488191046,0.37910888359287276
216,3.617999999999823,0.003198833204805851,-0.046941276639699936,-0.06780270487070084,0.07650240510702133,-0.05860520899295807,0.016009656712412834,-0.05251598730683327,-1.5666514986686273,-1.7475447265400308,-1.8154946370681606,-1.294581561337956,1.35028881609958,0.04485241795579595,0.34109424456954,-0.34109424456954,0.34109424456954,0.34109424456954,-0.34109424456954,0.34109424456954,-1.5671579069788613,-1.7392866247528802,-1.8034544048543806,-1.3081372359649504,1.360742736078383,0.04207132135495604,0.3790997628967127,-0.37909631807609445,0.3790979714078507,0.3790949256010228,-0.37909726110001013,0.37909608279352747
217,3.6339999999998214,0.0032337727025151253,-0.04692862927913666,-0.06781023740768433,0.07652133703231812,-0.05857660248875618,0.01604611799120903,-0.05254777893424034,-1.5665976024569188,-1.7483268703613497,-1.816624807691622,-1.2933062057207507,1.349312539391434,0.045119853255649434,0.3410827995836735,-0.3410827995836735,0.3410827995836735,0.3410827995836735,-0.3410827995836735,0.3410827995836735,-1.567111758480642,-1.7400396075777846,-1.804537567367559,-1.306918071255087,1.3598029956785305,0.04232195728588833,0.3790878725331816,-0.37908548347468624,0.37908664106358714,0.37908438675557576,-0.37908606711272397,0.3790852394600023
218,3.6499999999998196,0.0032632919028401375,-0.046917203813791275,-0.06781583279371262,0.07653582096099854,-0.05855296552181244,0.016076775267720222,-0.05257583409547806,-1.566543214258538,-1.7491088237582462,-1.8177550715715172,-1.2920306087047342,1.348336656632737,0.04538779951011144,0.34107269972562787,-0.34107269972562787,0.34107269972562787,0.34107269972562787,-0.34107269972562787,0.34107269972562787,-1.5670649737375513,-1.7407923344271599,-1.8056217870406543,-1.3056938346446905,1.3588602273335169,0.04257401822071243,0.37907641576685686,-0.37907431388993423,0.3790753713286059,0.3790735455552235,-0.3790750323471641,0.37907426938446775
219,3.6679999999998176,0.003292870707809925,-0.046905517578125,-0.06782136112451553,0.07655030488967896,-0.058528997004032135,0.016107533127069473,-0.05260439217090607,-1.5664883330800745,-1.7498905823845483,-1.818885427590259,-1.2907547702899063,1.3473611733493365,0.045656258395562595,0.3410624188184738,-0.3410624188184738,0.3410624188184738,0.3410624188184738,-0.3410624188184738,0.3410624188184738,-1.56701177137004,-1.7416390393145174,-1.8068419775776035,-1.3043183542508763,1.3578016846489196,0.0428576249630973,0.3790650621026767,-0.37906162393414605,0.3790632744728539,0.3790602352852369,-0.37906256484878315,0.3790613899036356
220,3.683999999999816,0.00332765094935894,-0.04689296334981918,-0.06782887876033783,0.0765693262219429,-0.05850031599402428,0.01614394783973694,-0.05263626202940941,-1.5664328722309184,-1.750672131773712,-1.8200159089029313,-1.2894786148528739,1.3463861680827693,0.045925324192891546,0.3410509456694126,-0.3410509456694126,0.3410509456694126,0.3410509456694126,-0.3410509456694126,0.3410509456694126,-1.5669640682574129,-1.7423914534413998,-1.8079254463826115,-1.303098479729663,1.3568631531949324,0.04310983663773862,0.3790531068066541,-0.37905072227300635,0.37905187807071367,0.37904962853187535,-0.37905130456920694,0.3790504794116545
221,3.699999999999814,0.003357476554811001,-0.04688103124499321,-0.06783479452133179,0.07658352702856064,-0.05847775191068649,0.01617252640426159,-0.05266015976667404,-1.5663769142883381,-1.7514534822944618,-1.8211464888116202,-1.2882022227357313,1.3454115388842578,0.04619486629962924,0.34104234248399734,-0.34104234248399734,0.34104234248399734,0.34104234248399734,-0.34104234248399734,0.34104234248399734,-1.5669157345129006,-1.7431436112884517,-1.8090099704927944,-1.3018735256251042,1.3559215968439808,0.04336347501507449,0.3790417544968951,-0.37903965174913773,0.3790407158194417,0.3790388904021558,-0.37904036854331474,0.3790396162843401
222,3.717999999999812,0.003387186676263809,-0.04686872288584709,-0.06784068793058395,0.07659764587879181,-0.058455295860767365,0.016200292855501175,-0.05268317461013794,-1.5663204611770671,-1.7522346276758927,-1.8222771669437967,-1.286925595304418,1.344437283953245,0.04646487118055426,0.34103405714035034,-0.34103405714035034,0.34103405714035034,0.34103405714035034,-0.34103405714035034,0.34103405714035034,-1.5668607934908305,-1.7439896728706086,-1.8102305030648997,-1.3004972353891602,1.354864412487253,0.043648844405578015,0.37903074021093025,-0.37902730375597565,0.37902896068463277,0.3790259240903901,-0.3790282425165377,0.3790270803620953
223,3.7339999999998104,0.003421233966946602,-0.046855904161930084,-0.06784845888614655,0.07661662995815277,-0.0584280900657177,0.016233433037996292,-0.052709855139255524,-1.5662634406109515,-1.7530155594119248,-1.8234079745918992,-1.2856486514717822,1.3434634824521496,0.046735428397854197,0.341024452149868,-0.341024452149868,0.341024452149868,0.341024452149868,-0.341024452149868,0.341024452149868,-1.5668115510161318,-1.7447415115879368,-1.811314275172081,-1.2992766391276827,1.353927082354873,0.04390260864574313,0.3790192581892116,-0.37901687372774806,0.3790180359256401,0.3790157879444625,-0.3790174546646541,0.3790166405433528
224,3.7499999999998086,0.0034502139315009117,-0.04684438183903694,-0.06785447895526886,0.07663140445947647,-0.05840568616986275,0.01626112125813961,-0.05273258686065674,-1.5662059370454264,-1.753796299109242,-1.824538882574487,-1.2843714613974575,1.3424900543493186,0.04700644708548986,0.34101626873016355,-0.34101626873016355,0.34101626873016355,0.34101626873016355,-0.34101626873016355,0.34101626873016355,-1.5667616826972812,-1.7454930935261874,-1.812399102692997,-1.2980509567768588,1.3529867266720592,0.04415779337240662,0.3790083725696752,-0.37900627474753057,0.3790073363898509,0.37900551557329615,-0.3790069899323667,0.37900623952935314
225,3.7679999999998066,0.0034792786464095116,-0.046832550317049026,-0.0678604319691658,0.07664612680673599,-0.05838301032781601,0.01628880947828293,-0.0527556836605072,-1.5661479490679864,-1.7545768416145262,-1.8256698897739732,-1.2830940259506787,1.3415170041771882,0.04727792724346124,0.3410079538822174,-0.3410079538822174,0.3410079538822174,0.3410079538822174,-0.3410079538822174,0.3410079538822174,-1.5667050191205434,-1.7463385043860447,-1.813619978087145,-1.2966738442048131,1.3519308867962028,0.044444886938596447,0.378997822882792,-0.37899439602553275,0.3789960454978099,0.37899301791547796,-0.3789953327173345,0.378994169474228
226,3.783999999999805,0.003511945717036724,-0.04681992903351784,-0.06786732375621796,0.07666488736867905,-0.05835545063018799,0.016321757808327675,-0.05278401076793671,-1.566089416639369,-1.7553571737650848,-1.8268010118365767,-1.2818162778278674,1.3405444133333517,0.047549956540266704,0.3409977561235428,-0.3409977561235428,0.3409977561235428,0.3409977561235428,-0.3409977561235428,0.3409977561235428,-1.566654252245852,-1.7470897620452404,-1.814704054895383,-1.295452515020701,1.3509947473187653,0.04470017091861103,0.3789866506906379,-0.3789842752841582,0.3789854284490229,0.37898318863020314,-0.3789848548949032,0.3789840362337307
227,3.799999999999803,0.0035396981984376907,-0.046808578073978424,-0.0678725615143776,0.07667946070432663,-0.05833272635936737,0.016349289566278458,-0.052808232605457306,-1.5660304216693952,-1.7561373167329846,-1.8279322211951496,-1.2805382868161286,1.3395722012273623,0.047822444699704675,0.34098903626203536,-0.34098903626203536,0.34098903626203536,0.34098903626203536,-0.34098903626203536,0.34098903626203536,-1.5666028654948823,-1.7478407637059468,-1.8157891862077224,-1.2942260938802033,1.35005558381533,0.04495687127722714,0.37897598809422517,-0.3789738982314245,0.378974951859155,0.3789731378722246,-0.37897461180567826,0.37897385750967194
228,3.817999999999801,0.003567112609744072,-0.046797238290309906,-0.06787789613008499,0.07669394463300705,-0.05830987170338631,0.016376694664359093,-0.05283249169588089,-1.5659709697925661,-1.7569172707044898,-1.8290635194639844,-1.2792600544055786,1.338600370032306,0.04809538961077733,0.34098030298948284,-0.34098030298948284,0.34098030298948284,0.34098030298948284,-0.34098030298948284,0.34098030298948284,-1.5665444996839692,-1.7486855208206518,-1.817010402353603,-1.2928481491654098,1.3490010811393869,0.04524565650087458,0.3789656120404013,-0.3789621944247405,0.3789638369430328,0.37896081787423924,-0.3789631290237155,0.3789619650863666
229,3.8339999999997993,0.0035985587164759636,-0.04678533226251602,-0.06788495182991028,0.07671265304088593,-0.058282528072595596,0.01640927605330944,-0.05286051332950592,-1.5659109938139582,-1.7576970262421985,-1.8301949353278162,-1.2779815101882304,1.3376289945644293,0.04836887754499915,0.3409702152013779,-0.3409702152013779,0.3409702152013779,0.3409702152013779,-0.3409702152013779,0.3409702152013779,-1.5664922287162557,-1.7494361964094067,-1.8180947794762696,-1.291626079570366,1.3480661268804732,0.045502432731836726,0.37895459518696795,-0.37895222510388515,0.37895337543348034,0.3789511409090779,-0.37895280336700854,0.3789519863002819
230,3.8499999999997976,0.0036256005987524986,-0.04677426815032959,-0.06789039075374603,0.07672718912363052,-0.05825962871313095,0.016436366364359856,-0.05288466438651085,-1.5658505671373122,-1.7584765973780374,-1.8313264418403785,-1.2767027237028366,1.3366580007525437,0.048642816984405146,0.34096152082085607,-0.34096152082085607,0.34096152082085607,0.34096152082085607,-0.34096152082085607,0.34096152082085607,-1.566439346213342,-1.7501866183547137,-1.8191802084084092,-1.2903989130095426,1.3471281507711514,0.04576062199973474,0.37894407455388085,-0.3789419895843092,0.37894304042664884,0.37894123085836495,-0.3789427015325964,0.37894194852813845
231,3.8679999999997956,0.003652157261967659,-0.04675963521003723,-0.06789584457874298,0.07673902064561844,-0.058233220130205154,0.016463348641991615,-0.052910298109054565,-1.5657896978496126,-1.759255924631538,-1.8324580392500243,-1.2754237400254096,1.335687447083707,0.04891720612843834,0.34095229268074034,-0.34095229268074034,0.34095229268074034,0.34095229268074034,-0.34095229268074034,0.34095229268074034,-1.5663793063879872,-1.7510307234446925,-1.8204017574688542,-1.2890201330821665,1.3460749854558023,0.04605106955221533,0.3789337790276228,-0.37893037009132724,0.3789320061733075,0.3789289951088505,-0.3789313025843859,0.3789301382095654
232,3.883999999999794,0.003683033399283886,-0.04674385488033295,-0.06790295988321304,0.07675469666719437,-0.05820223689079285,0.016495872288942337,-0.05293950065970421,-1.5657283139596245,-1.7600349888795435,-1.8335897552480778,-1.2741444950809564,1.3347174098021939,0.049192137333254046,0.34094177976250645,-0.34094177976250645,0.34094177976250645,0.34094177976250645,-0.34094177976250645,0.34094177976250645,-1.5663255581698647,-1.7517808178948537,-1.8214864283872312,-1.2877973280785528,1.3451412262639035,0.04630931298037882,0.3789227851477573,-0.3789204211664032,0.37892156632888097,0.3789193374375578,-0.3789209980694085,0.3789201796696985
233,3.899999999999792,0.003709370270371437,-0.046729572117328644,-0.06790842115879059,0.07676661759614944,-0.05817604437470436,0.016522763296961784,-0.05296489596366882,-1.565666491121785,-1.760813815081499,-1.834721562267391,-1.2728650514543538,1.3337478090626156,0.04946751672153674,0.3409326374530792,-0.3409326374530792,0.3409326374530792,0.3409326374530792,-0.3409326374530792,0.3409326374530792,-1.5662712076686642,-1.752530658379599,-1.8225721498963947,-1.2865694319564553,1.3442044607085306,0.04656896723587387,0.37891223684504916,-0.37891015699236213,0.37891120331811184,0.37890939791497336,-0.3789108672632593,0.3789101130157396
234,3.91799999999979,0.0037357499822974205,-0.046714991331100464,-0.06791383028030396,0.07677847146987915,-0.05814956873655319,0.01654965803027153,-0.052990637719631195,-1.5656042286220802,-1.7615923982703505,-1.8358534594387292,-1.2715854102631892,1.332778649583673,0.0497433443553746,0.34092337042093274,-0.34092337042093274,0.34092337042093274,0.34092337042093274,-0.34092337042093274,0.34092337042093274,-1.5662095252067105,-1.7533741044895665,-1.8237940291133339,-1.2851898424157577,1.3431526676247405,0.046861052014295176,0.3789019068444201,-0.3788985042783679,0.37890013743102,0.37889713230482663,-0.37889943456557795,0.3788982729571806
235,3.9339999999997883,0.003766454756259918,-0.04669925197958946,-0.06792090088129044,0.07679416984319687,-0.058118537068367004,0.016582084819674492,-0.053019929677248,-1.5655414543761426,-1.762370719136677,-1.8369854744534173,-1.2703055074324692,1.3318100072992003,0.05001971243570251,0.3409128253161907,-0.3409128253161907,0.3409128253161907,0.3409128253161907,-0.3409128253161907,0.3409128253161907,-1.566154327503007,-1.7541236071800486,-1.8248789939465717,-1.2839663269101358,1.3422201366910194,0.04712074174378006,0.3788908855494858,-0.378888525645287,0.3788896691683618,0.37888744424849247,-0.37888910118119695,0.3788882849106138
236,3.9499999999997866,0.0037926416844129562,-0.04668501019477844,-0.0679263323545456,0.07680612057447433,-0.058092303574085236,0.016608888283371925,-0.053045403212308884,-1.5654782436814023,-1.7631488026399234,-1.8381175799926597,-1.2690254054228947,1.3308418022396322,0.050296527240425375,0.34090365484356877,-0.34090365484356877,0.34090365484356877,0.34090365484356877,-0.34090365484356877,0.34090365484356877,-1.5660985365934188,-1.7548728521773318,-1.825965009846715,-1.2827377245178995,1.3412846126144327,0.04738184143266073,0.3788803086677632,-0.3788782324423734,0.3788792771393296,0.37887747493961466,-0.37887894104141107,0.37887818864175493
237,3.9679999999997846,0.0038188761100172997,-0.046670470386743546,-0.06793170422315598,0.07681800425052643,-0.05806577950716019,0.016635699197649956,-0.05307123064994812,-1.5654145957462353,-1.7639266438130357,-1.8392497750630457,-1.2677451053520525,1.3298740392478463,0.05057378889371954,0.34089435696601866,-0.34089435696601866,0.34089435696601866,0.34089435696601866,-0.34089435696601866,0.34089435696601866,-1.566035242403723,-1.7557156206163655,-1.8271872221378187,-1.2813573493684067,1.3402342237246048,0.04767554294220175,0.37886994290642306,-0.3788665468869255,0.3788681771325235,0.37886517827729943,-0.37886747497425927,0.37886631637684903
238,3.983999999999783,0.0038494113832712173,-0.04665476828813553,-0.06793874502182007,0.07683373242616653,-0.05803470313549042,0.016668030992150307,-0.05310061201453209,-1.5653504388898474,-1.7647042232845045,-1.840382087480076,-1.2664645431449497,1.328906794195588,0.050851589410255374,0.34088377967476846,-0.34088377967476846,0.34088377967476846,0.34088377967476846,-0.34088377967476846,0.34088377967476846,-1.5659786224852352,-1.75646451307432,-1.8282724834806934,-1.2801331427613842,1.339302947140148,0.04793666198033016,0.3788588933378167,-0.378856537799061,0.37885767939738657,0.37885545887797245,-0.3788571119539192,0.3788562977328847
239,3.999999999999781,0.003875456750392914,-0.046640560030937195,-0.06794413924217224,0.07684571295976639,-0.05800842493772507,0.016694752499461174,-0.053126171231269836,-1.5652858479440075,-1.7654815659516867,-1.841514489800779,-1.265183781262287,1.3279399871132926,0.051129835285246394,0.34087457835674284,-0.34087457835674284,0.34087457835674284,0.34087457835674284,-0.34087457835674284,0.34087457835674284,-1.5659214181336016,-1.7572131429072462,-1.8293587959367337,-1.2789038517676794,1.3383686886492436,0.048199191150725816,0.3788482867648682,-0.3788462143937082,0.3788472573118918,0.37884545862002167,-0.37884692129684616,0.3788461707896248
240,4.0179999999997795,0.0039009079337120056,-0.046625733375549316,-0.06794887781143188,0.0768573135137558,-0.05798168480396271,0.01672101393342018,-0.053152672946453094,-1.565220832811779,-1.7662586615079459,-1.842646971097636,-1.2639028260370577,1.3269736256998932,0.0514085188508034,0.3408650377392769,-0.3408650377392769,0.3408650377392769,0.3408650377392769,-0.3408650377392769,0.3408650377392769,-1.5658565422072719,-1.7580552106610527,-1.830581342752955,-1.277522709510727,1.3373197291642551,0.04849449189667591,0.3788378582975962,-0.3788344695716854,0.37883609584900524,0.37883310394525355,-0.37883539544184874,0.3788342389599445
241,4.033999999999778,0.00393025204539299,-0.046609558165073395,-0.0679549053311348,0.07687258720397949,-0.057950299233198166,0.016752498224377632,-0.05318309739232063,-1.5651553286110225,-1.7670354874773637,-1.843779552853155,-1.2626216162503248,1.3260077873793399,0.05168772715454303,0.34085408493876457,-0.34085408493876457,0.34085408493876457,0.34085408493876457,-0.34085408493876457,0.34085408493876457,-1.5657985266348478,-1.7588034720838763,-1.8316669003831494,-1.2762978278548534,1.33638972818556,0.04875702402639786,0.3788267220525138,-0.37882437207521147,0.378825509860365,0.3788232947311595,-0.3788249448387095,0.37882413089606026
242,4.049999999999776,0.0039551882073283195,-0.046594906598329544,-0.06795935332775116,0.07688412815332413,-0.05792372673749924,0.01677843928337097,-0.05320962518453598,-1.565089408807567,-1.7678120692540025,-1.844912208741951,-1.261340214114436,1.3250423919337149,0.05196736780926588,0.34084453493356703,-0.34084453493356703,0.34084453493356703,0.34084453493356703,-0.34084453493356703,0.34084453493356703,-1.5657399357644195,-1.7595514659914926,-1.8327535069141523,-1.2750678647276927,1.3354567559746053,0.049020964812567715,0.3788159994130414,-0.37881393187542006,0.3788149714061723,0.37881317704901607,-0.3788146370694228,0.37881388692668233
243,4.067999999999774,0.003980172798037529,-0.04657994955778122,-0.06796374917030334,0.07689559459686279,-0.05789685621857643,0.01680438220500946,-0.05323651432991028,-1.5650230725942664,-1.7685884017466322,-1.8460449378947894,-1.260058620871155,1.324077444330072,0.052247440846016034,0.34083485484123227,-0.34083485484123227,0.34083485484123227,0.34083485484123227,-0.34083485484123227,0.34083485484123227,-1.5656735091847538,-1.7603928099147552,-1.8339763822261081,-1.273685973861284,1.3344092483179066,0.04931784345534156,0.3788054346253244,-0.3788020526551328,0.37880367598388753,0.3788006906934634,-0.378802976278204,0.37880182304015864
244,4.083999999999772,0.004009334370493889,-0.046563807874917984,-0.06796973198652267,0.07691089808940887,-0.05786541849374771,0.016835762187838554,-0.05326704680919647,-1.5649562503547583,-1.7693644652112142,-1.8471777667612315,-1.2587767725696648,1.3231130206885096,0.05252803688248001,0.34082386314868923,-0.34082386314868923,0.34082386314868923,0.34082386314868923,-0.34082386314868923,0.34082386314868923,-1.565614126202568,-1.761140419874866,-1.8350622282305864,-1.2724604327645093,1.3334805417655682,0.049581769711003046,0.3787941893043862,-0.37879184350686834,0.3787929799888822,0.3787907692577837,-0.37879241485316767,0.37879160381629035
245,4.0999999999997705,0.004034110344946384,-0.04654918983578682,-0.06797413527965546,0.0769224613904953,-0.0578388012945652,0.016861610114574432,-0.053293656557798386,-1.5648890151823425,-1.7701402850418106,-1.8483106690158924,-1.25749473154649,1.3221490406669334,0.05280906371772292,0.3408142836391926,-0.3408142836391926,0.3408142836391926,0.3408142836391926,-0.3408142836391926,0.3408142836391926,-1.5655541773341908,-1.7618877575096445,-1.8361491192083375,-1.2712298117471703,1.332548873363555,0.04984710399728367,0.37878336402148605,-0.3787813001447731,0.37878233849209797,0.3787805476375781,-0.37878200360783676,0.37878125616504066
246,4.1179999999997685,0.004058939404785633,-0.04653426632285118,-0.06797848641872406,0.07693395763635635,-0.05781187862157822,0.016887467354536057,-0.053320638835430145,-1.5648213661922628,-1.7709158561471916,-1.8494436437895378,-1.2562124989192174,1.3211855093565739,0.05309052150696519,0.34080457001924513,-0.34080457001924513,0.34080457001924513,0.34080457001924513,-0.34080457001924513,0.34080457001924513,-1.5654862320643534,-1.762728354785514,-1.8373723110351796,-1.2698471865399485,1.3315028356812044,0.050145541497680454,0.3787726881922102,-0.37876931285767584,0.3787709336451162,0.3787679549574308,-0.37877023422054823,0.3787690847663231
247,4.133999999999767,0.004087923094630241,-0.04651815816760063,-0.06798441708087921,0.07694929838180542,-0.05778039991855621,0.016918739303946495,-0.053351275622844696,-1.5647532341406856,-1.7716911587833182,-1.8505767174075525,-1.254930010612854,1.3202225026912646,0.053372500495364295,0.3407935407757759,-0.3407935407757759,0.3407935407757759,0.3407935407757759,-0.3407935407757759,0.3407935407757759,-1.5654255096209,-1.7634752931094229,-1.8384584342500723,-1.2686209972790603,1.330575438404614,0.050410846040995175,0.37876135392349747,-0.3787590125691318,0.3787601474350711,0.3787579414097912,-0.3787595824900864,0.37875877416430337
248,4.149999999999765,0.004112542606890202,-0.04650357365608215,-0.06798878312110901,0.07696088403463364,-0.057753730565309525,0.016944503411650658,-0.05337798595428467,-1.5646846917639041,-1.7724662183442528,-1.8517098637929044,-1.2536473292122767,1.3192599405151761,0.053654908885558475,0.3407839250564575,-0.3407839250564575,0.3407839250564575,0.3407839250564575,-0.3407839250564575,0.3407839250564575,-1.5653642300336341,-1.764221954505443,-1.8395455983168079,-1.2673897284618703,1.3296450875978791,0.050677558912567436,0.3787504434823952,-0.3787483835337936,0.3787494203747077,0.37874763330311734,-0.37874908525414785,0.3787483402994366
249,4.167999999999763,0.004137217998504639,-0.0464886799454689,-0.06799308955669403,0.07697240263223648,-0.05772675946354866,0.016970278695225716,-0.05340506136417389,-1.5646157381305956,-1.7732410296766772,-1.8528430819521826,-1.2523644558350728,1.3182978278574504,0.05393774686381224,0.3407741779088974,-0.3407741779088974,0.3407741779088974,0.3407741779088974,-0.3407741779088974,0.3407741779088974,-1.5652947957664238,-1.765061783059945,-1.8407690938872676,-1.266006379010531,1.3286005342252731,0.0509775395333468,0.37873967430851535,-0.37873630581542134,0.37873792386176514,0.3787349519829379,-0.378737224903617,0.378736079144246
250,4.183999999999761,0.004166018217802048,-0.046472612768411636,-0.0679989755153656,0.07698777318000793,-0.05769523233175278,0.017001448199152946,-0.0534357950091362,-1.5645463044936323,-1.7740155732228173,-1.853976398210772,-1.2510813262820728,1.3173362406519211,0.05422110433379812,0.340763113796711,-0.340763113796711,0.340763113796711,0.340763113796711,-0.340763113796711,0.340763113796711,-1.5652327592350914,-1.765808030597669,-1.8418554831066705,-1.2647795495710028,1.3276744580304665,0.05124420922947206,0.37872826553256594,-0.3787259287905762,0.37872706188760635,0.3787248607384496,-0.37872649727480484,0.37872569160540204
251,4.1999999999997595,0.004190487787127495,-0.046458058059215546,-0.06800328940153122,0.07699938863515854,-0.057668522000312805,0.017027124762535095,-0.05346259847283363,-1.5644764630305135,-1.7747898741904709,-1.8551097863674642,-1.2497980031381535,1.3163750986185825,0.05450488974650704,0.3407534645497799,-0.3407534645497799,0.3407534645497799,0.3407534645497799,-0.3407534645497799,0.3407534645497799,-1.5651701732702656,-1.7665539971882058,-1.8429429092849903,-1.263547640094955,1.3267454358283415,0.05151228825955163,0.37871728327486753,-0.3787152274103862,0.37871626260147845,0.3787144794709878,-0.3787159273767507,0.3787151848577645
252,4.2179999999997575,0.00421501137316227,-0.04644319415092468,-0.06800755858421326,0.07701093703508377,-0.05764149874448776,0.017052816227078438,-0.053489767014980316,-1.5644062128409608,-1.7755639274263195,-1.8562432456772011,-1.248514487520902,1.315414406972841,0.054789103350291676,0.3407436838746071,-0.3407436838746071,0.3407436838746071,0.3407436838746071,-0.3407436838746071,0.3407436838746071,-1.5650992761096159,-1.7673930369715272,-1.84416669660935,-1.2621635735140693,1.3257023782715538,0.051813798818038964,0.37870643423006484,-0.37870307273736264,0.37870468789033856,0.3787017229815005,-0.3787039895390772,0.37870284741225396
253,4.233999999999756,0.004243636503815651,-0.0464271605014801,-0.06801339238882065,0.07702633738517761,-0.057609930634498596,0.01708388514816761,-0.053520604968070984,-1.5643354855658973,-1.7763377134346776,-1.8573768022170147,-1.247230715231149,1.3144542414622662,0.0550738347694278,0.34073258221149444,-0.34073258221149444,0.34073258221149444,0.34073258221149444,-0.34073258221149444,0.34073258221149444,-1.5650359475210947,-1.7681385767479136,-1.8452533415430055,-1.260936109486098,1.3247776326657743,0.05208182259918378,0.37869496142454884,-0.37869262944727744,0.3786937606203557,0.37869156449972907,-0.37869319648564664,0.37869239339765454
254,4.249999999999754,0.004267947748303413,-0.0464126393198967,-0.06801766902208328,0.0770379900932312,-0.05758317559957504,0.017109476029872894,-0.05354749783873558,-1.5642643531034255,-1.7771112574233425,-1.8585104300340494,-1.2459467487295952,1.31349452186894,0.055358992703259016,0.34072290077805517,-0.34072290077805517,0.34072290077805517,0.34072290077805517,-0.34072290077805517,0.34072290077805517,-1.564972076106552,-1.7688838324554577,-1.8463410199212205,-1.2597035643032173,1.3238499479792383,0.05235125726015453,0.37868391698343434,-0.37868186532903536,0.37868289874938693,0.3786811196880865,-0.37868256353195096,0.37868182340127454
255,4.267999999999752,0.004292313940823078,-0.04639781266450882,-0.06802188605070114,0.07704956829547882,-0.05755610391497612,0.017135079950094223,-0.053574759513139725,-1.564192814537745,-1.7778845543010844,-1.8596441281348943,-1.2446625892580039,1.3125352534703572,0.05564457736909392,0.34071308657526966,-0.34071308657526966,0.34071308657526966,0.34071308657526966,-0.34071308657526966,0.34071308657526966,-1.5648997383038123,-1.7697220665427125,-1.8475650883351955,-1.2583187854816758,1.322808395591255,0.05265428652380168,0.37867299779346675,-0.3786696434253024,0.3786712555689643,0.37866829775565647,-0.3786705579300713,0.37866941939413445
256,4.28399999999975,0.004320765845477581,-0.046381816267967224,-0.06802768260240555,0.07706500589847565,-0.05752449482679367,0.017166052013635635,-0.05360570177435875,-1.5641208017736539,-1.7786575845722172,-1.8607779228449344,-1.2433781724930293,1.3115765118899105,0.05593067823598785,0.34070194736123083,-0.34070194736123083,0.34070194736123083,0.34070194736123083,-0.34070194736123083,0.34070194736123083,-1.5648351363066462,-1.7704668846012825,-1.8486519799525032,-1.257090690654265,1.3218849883438428,0.05292365490664728,0.37866146873701667,-0.37865914163568015,0.3786602707778791,0.3786580797984501,-0.37865970722032766,0.3786589066718221
257,4.2999999999997485,0.004344925284385681,-0.04636732488870621,-0.068031907081604,0.07707668095827103,-0.057497695088386536,0.017191560938954353,-0.05363268405199051,-1.5640483863522474,-1.7794303733203622,-1.8619117879629612,-1.2420935611437247,1.3106182169717708,0.05621720425163709,0.3406922337412834,-0.3406922337412834,0.3406922337412834,0.3406922337412834,-0.3406922337412834,0.3406922337412834,-1.5647699970661804,-1.771211416549095,-1.8497399019273058,-1.2558575130971676,1.3209586484912073,0.05319443612995014,0.3786503691465307,-0.37864832180377705,0.37864935335511984,0.3786475784646441,-0.37864901823501473,0.3786482804541972
258,4.3179999999997465,0.004369148053228855,-0.04635252803564072,-0.06803608685731888,0.07708828896284103,-0.05747057870030403,0.017217082902789116,-0.053660038858652115,-1.5639755672180269,-1.7802029154542895,-1.8630457227439166,-1.2408087563276773,1.3096603739934325,0.05650415563335025,0.34068238601088524,-0.34068238601088524,0.34068238601088524,0.34068238601088524,-0.34068238601088524,0.34068238601088524,-1.5646962372755389,-1.7720488317740115,-1.8509642422817538,-1.254472025294943,1.319918608989053,0.05349897438447635,0.37863938691684057,-0.37863603977256466,0.37863764881477957,0.37863469819777784,-0.3786369519711973,0.37863581699567134
259,4.333999999999745,0.004397410899400711,-0.046336572617292404,-0.0680418387055397,0.07710376381874084,-0.0574389286339283,0.017247943207621574,-0.0536910742521286,-1.5639022770363702,-1.7809751916645777,-1.864179753389009,-1.239523693597365,1.3087030585162003,0.056791621353477276,0.34067121326923366,-0.34067121326923366,0.34067121326923366,0.34067121326923366,-0.34067121326923366,0.34067121326923366,-1.5646303774468413,-1.7727929175890644,-1.8520513729212515,-1.2532433021772331,1.318996546542216,0.053769679109848686,0.37862780773551663,-0.37862548558458325,0.3786266126347289,0.37862442687560105,-0.37862604970864283,0.378625251691843
260,4.349999999999743,0.004421422258019447,-0.046322114765644073,-0.06804601848125458,0.07711546868085861,-0.05741208791732788,0.017273370176553726,-0.053718142211437225,-1.5638285866654031,-1.7817472269106718,-1.86531385369703,-1.2382384357860174,1.3077461903842449,0.05707951085641984,0.3406614688038826,-0.3406614688038826,0.3406614688038826,0.3406614688038826,-0.3406614688038826,0.3406614688038826,-1.5645639850677189,-1.7735367163734739,-1.8531395312739491,-1.2520094944128015,1.3180715576178306,0.05404179893749089,0.3786166586659004,-0.37861461571103394,0.37861564532489345,0.3786138746811905,-0.378615310363292,0.3786145749131228
261,4.367999999999741,0.004445494152605534,-0.04630734771490097,-0.06805016100406647,0.07712710648775101,-0.057384930551052094,0.01729881390929222,-0.05374559387564659,-1.563754495096193,-1.7825190160392534,-1.8664480230470977,-1.2369529840112217,1.3067897748750608,0.05736782442157471,0.3406515862047672,-0.3406515862047672,0.3406515862047672,0.3406515862047672,-0.3406515862047672,0.3406515862047672,-1.5644888188208954,-1.7743733034853741,-1.8543641359804923,-1.2506232997019202,1.3170330374550776,0.05434783759189915,0.37860561895675293,-0.37860227912265854,0.37860388498012615,0.37860094164532876,-0.3786031890070289,0.37860205756017673
262,4.383999999999739,0.004473592154681683,-0.046291425824165344,-0.06805586069822311,0.0771426260471344,-0.05735323578119278,0.017329584807157516,-0.05377673730254173,-1.5636799352269484,-1.7832905398029895,-1.867582287392068,-1.2356672735771028,1.3058338876120408,0.057656650835027336,0.340640374571085,-0.340640374571085,0.340640374571085,0.340640374571085,-0.340640374571085,0.340640374571085,-1.5644217141320766,-1.7751166499840627,-1.8554514993607765,-1.249393949837728,1.3161123252227376,0.054619871347442776,0.3785939935187201,-0.3785916764079027,0.37859280126718337,0.378590620813859,-0.37859223906558426,0.37859144352557766
263,4.3999999999997375,0.00449744425714016,-0.04627700522542,-0.068060003221035,0.07715435326099396,-0.05732635408639908,0.017354920506477356,-0.05380389094352722,-1.5636049778226626,-1.7840618232234131,-1.8687166207790853,-1.2343813676894195,1.3048784483772675,0.05794589951013529,0.3406305992603302,-0.3406305992603302,0.3406305992603302,0.3406305992603302,-0.3406305992603302,0.3406305992603302,-1.5643540808560426,-1.7758597095949862,-1.856539888230959,-1.2481595131589773,1.3151886923789515,0.05489332271337465,0.37858279848843335,-0.37858075998611984,0.37858178759971767,0.3785800212672021,-0.37858145285298644,0.3785807197108864
264,4.4179999999997355,0.004521368071436882,-0.04626227170228958,-0.06806410104036331,0.07716602832078934,-0.05729915201663971,0.017380284145474434,-0.05383143573999405,-1.5635296216881387,-1.7848328610851178,-1.8698510224630913,-1.2330952672174065,1.3039234625103235,0.05823557091255986,0.3406206831336021,-0.3406206831336021,0.3406206831336021,0.3406206831336021,-0.3406206831336021,0.3406206831336021,-1.5642775211246978,-1.7766954630575582,-1.8577647511902022,-1.246772612719015,1.3141516970543243,0.05520085410985223,0.3785717050123246,-0.37856837254679593,0.37856997517293917,0.3785670391796294,-0.37856928010924584,0.37856815218736395
265,4.433999999999734,0.004526542499661446,-0.046261053532361984,-0.06807640939950943,0.07716326415538788,-0.05729154124855995,0.01738079823553562,-0.053822677582502365,-1.5634541793131442,-1.7856038786439905,-1.8709856292864164,-1.2318092128148166,1.3029686034895143,0.05852525088315212,0.3406238360702991,-0.3406238360702991,0.3406238360702991,0.3406238360702991,-0.3406238360702991,0.3406238360702991,-1.5642091841840184,-1.777438066653988,-1.8588523359750497,-1.2455426571086836,1.3132323088707212,0.05547416916974412,0.37856161240556835,-0.37855925534075185,0.3785604558913747,0.37855824901850643,-0.3785598162474566,0.37855910316138386
266,4.449999999999732,0.004530555568635464,-0.046259429305791855,-0.06808630377054214,0.07715920358896255,-0.05728551745414734,0.017379969358444214,-0.05381525680422783,-1.563378670053667,-1.7863748691324204,-1.8721204010159254,-1.2305232260883339,1.3020138448652785,0.05881491703912619,0.34062650755047796,-0.34062650755047796,0.34062650755047796,0.34062650755047796,-0.34062650755047796,0.34062650755047796,-1.5641403330778287,-1.7781803899328705,-1.8599409388321086,-1.2443076530343689,1.3123099489836954,0.055748830968909396,0.3785531094900189,-0.37855103915091853,0.3785521342891664,0.37855034521923997,-0.3785517300969659,0.37855107256102216
267,4.46799999999973,0.004534210078418255,-0.046257950365543365,-0.06809587776660919,0.07715529948472977,-0.05727917328476906,0.017379269003868103,-0.05380849540233612,-1.5633030998856934,-1.787145834971846,-1.8732553323120356,-1.2292373044302551,1.301059191977199,0.05910457152252399,0.340628941655159,-0.340628941655159,0.340628941655159,0.340628941655159,-0.340628941655159,0.340628941655159,-1.564062434392046,-1.7790153292970527,-1.861166036846662,-1.2429201807307402,1.3112742946173954,0.05605760426719475,0.3785461961765152,-0.3785428529059903,0.37854449131483553,0.3785415501643648,-0.3785437585582995,0.3785426770622352
268,4.483999999999728,0.004536474123597145,-0.046259183436632156,-0.06810713559389114,0.07715337723493576,-0.05727164447307587,0.01738034561276436,-0.05380067601799965,-1.5632274919836335,-1.7879168213624566,-1.8743904512386005,-1.2279514148096728,1.3001046645693144,0.059394243949403396,0.34063175663352013,-0.34063175663352013,0.34063175663352013,0.34063175663352013,-0.34063175663352013,0.34063175663352013,-1.5639929513539754,-1.7797572299619837,-1.8622538314723711,-1.2416897721795586,1.3103560232532105,0.056331926109345516,0.37853937356244316,-0.37853704381400416,0.37853821189225323,0.37853602938237774,-0.3785376036473691,0.37853686690606886
269,4.499999999999726,0.004539762623608112,-0.04625815898180008,-0.0681159719824791,0.07715128362178802,-0.057263683527708054,0.017382539808750153,-0.05379701405763626,-1.56315182927324,-1.7886877906788199,-1.8755257174383084,-1.226665560082643,1.2991502698438526,0.059683952946215896,0.34063307493925093,-0.34063307493925093,0.34063307493925093,0.34063307493925093,-0.34063307493925093,0.34063307493925093,-1.563923005519979,-1.7804988792733183,-1.8633426464781115,-1.2404543604777203,1.3094347182794133,0.05660751537974678,0.37853368545047633,-0.37853164640589,0.3785326988536022,0.3785309374897395,-0.3785323360467331,0.3785316437298627
270,4.5179999999997245,0.004542081616818905,-0.046257440000772476,-0.06812427192926407,0.07714871317148209,-0.05725580453872681,0.017383728176355362,-0.053793586790561676,-1.5630761279129597,-1.7894587480121662,-1.8766611219704628,-1.2253797481964517,1.2981960064348739,0.05997368174915515,0.3406343087553978,-0.3406343087553978,0.3406343087553978,0.3406343087553978,-0.3406343087553978,0.3406343087553978,-1.5638439437898761,-1.7813330982159956,-1.8645679900909142,-1.2390664779288056,1.3084001834388344,0.05691724818104051,0.37852947551784966,-0.3785261593807977,0.3785277645961553,0.37852484640559325,-0.3785270632471672,0.37852595729405786
271,4.533999999999723,0.004541908390820026,-0.04626002535223961,-0.06813350319862366,0.07714628428220749,-0.057248473167419434,0.017382562160491943,-0.05378725007176399,-1.5630004294397795,-1.7902297484347036,-1.8777966803571065,-1.2240939767917483,1.297241865215417,0.060263391118496684,0.34063658997416496,-0.34063658997416496,0.34063658997416496,0.34063658997416496,-0.34063658997416496,0.34063658997416496,-1.56377349412989,-1.782074394319084,-1.865656009561326,-1.237835744428755,1.3074828528936941,0.05719235138793329,0.37852475971705146,-0.3785224513905394,0.37852359445597505,0.3785214295566477,-0.3785230099200301,0.37852225534223277
272,4.549999999999721,0.004542406648397446,-0.04626056179404259,-0.06813996285200119,0.077143594622612,-0.05724072456359863,0.017382193356752396,-0.05378533527255058,-1.5629247226623062,-1.7910007577979377,-1.87893234640464,-1.2228082502147046,1.296287853139357,0.060553094341109226,0.34063727930188176,-0.34063727930188176,0.34063727930188176,0.34063727930188176,-0.34063727930188176,0.34063727930188176,-1.5637026484174734,-1.7828154791882003,-1.866745054983251,-1.2366000436867153,1.3065624424707434,0.057468657312431316,0.37852090971337216,-0.37851889025216745,0.37851991975986254,0.3785181742807118,-0.3785195784925424,0.37851886980782146
273,4.567999999999719,0.004542717710137367,-0.04626103863120079,-0.06814675033092499,0.07714086025953293,-0.05723357945680618,0.017381170764565468,-0.05378305912017822,-1.5628490107004707,-1.7917717751084576,-1.880068125576822,-1.221522569210379,1.2953339601484102,0.06084278052051865,0.34063809871673584,-0.34063809871673584,0.34063809871673584,0.34063809871673584,-0.34063809871673584,0.34063809871673584,-1.5636226554707389,-1.7836491115412927,-1.8679706663108657,-1.235211876310035,1.3055288603662651,0.05777912238082747,0.37851850889296834,-0.3785152114156264,0.37851679652521175,0.3785138941329261,-0.37851611363615345,0.37851499514225123
274,4.583999999999717,0.004542767070233822,-0.04626346752047539,-0.06815654039382935,0.07713869959115982,-0.05722702294588089,0.017380082979798317,-0.05377645418047905,-1.5627732979159668,-1.7925428329004656,-1.881204067916719,-1.220236924217193,1.2943801764326455,0.061132448570181956,0.34064047649502754,-0.34064047649502754,0.34064047649502754,0.34064047649502754,-0.34064047649502754,0.34064047649502754,-1.5635514515528952,-1.7843899287385259,-1.8690589314914994,-1.2339809215052333,1.3046123325102177,0.05805481615552837,0.37851525226170246,-0.37851295847905553,0.37851408640621714,0.3785119339943046,-0.37851351584654247,0.378512752308888
275,4.599999999999715,0.004544583149254322,-0.046262599527835846,-0.06816378980875015,0.07713557779788971,-0.0572190098464489,0.017383333295583725,-0.053775157779455185,-1.5626975548634792,-1.7933138762259295,-1.8823401310801982,-1.2189513312538949,1.293426526268538,0.06142217079177502,0.34064094319939614,-0.34064094319939614,0.34064094319939614,0.34064094319939614,-0.34064094319939614,0.34064094319939614,-1.5634799194150748,-1.785130578032403,-1.8701482304117523,-1.2327450280272694,1.3036926875692902,0.058331665647141005,0.3785126967911307,-0.3785106914482013,0.3785117057297932,0.37850997197017744,-0.3785113783859666,0.3785106601667078
276,4.6179999999997134,0.004545983858406544,-0.046261705458164215,-0.06817101687192917,0.07713206857442856,-0.05721103027462959,0.01738612912595272,-0.05377370864152908,-1.562621788465839,-1.7940849046502323,-1.8834763146947302,-1.2176657967776543,1.2924730090972942,0.061711939610540896,0.3406414648890495,-0.3406414648890495,0.3406414648890495,0.3406414648890495,-0.3406414648890495,0.3406414648890495,-1.563399230722429,-1.785963768409024,-1.87137414023658,-1.231356676860903,1.3026599253723552,0.05864269673224491,0.37851156823820387,-0.37850828554001953,0.37850985562102246,0.3785069659145852,-0.3785091861905043,0.3785080593435332
277,4.633999999999712,0.0045470744371414185,-0.04626228287816048,-0.06818060576915741,0.0771280974149704,-0.057201992720365524,0.017390815541148186,-0.05376874655485153,-1.5625460038918868,-1.7948559426982016,-1.8846126581242162,-1.2163803284874048,1.2915196425519548,0.0620017865362267,0.3406432512402534,-0.3406432512402534,0.3406432512402534,0.3406432512402534,-0.3406432512402534,0.3406432512402534,-1.5633274733715865,-1.7867042317894173,-1.8724626835436335,-1.230125587639389,1.301744096712249,0.058918864273724475,0.37850926648730726,-0.378506986040798,0.3785080991248377,0.37850595797684994,-0.3785075423202576,0.3785067690617712
278,4.64999999999971,0.0045485785230994225,-0.04626154154539108,-0.06818784773349762,0.07712487876415253,-0.05719408392906189,0.01739378087222576,-0.05376731604337692,-1.5624701942498351,-1.7956269683906247,-1.8857491222531078,-1.2150949138413356,1.2905664078198038,0.06229168288409713,0.3406437662243843,-0.3406437662243843,0.3406437662243843,0.3406437662243843,-0.3406437662243843,0.3406437662243843,-1.563255444627806,-1.7874445651805897,-1.8735522725074611,-1.2288895857454893,1.30082512655704,0.05919616292798365,0.3785075815931981,-0.37850558630078873,0.37850659041722856,0.3785048651806463,-0.37850627196786035,0.37850554831683547
279,4.667999999999708,0.004549660719931126,-0.0462607778608799,-0.06819507479667664,0.07712125778198242,-0.05718621611595154,0.017396291717886925,-0.05376572161912918,-1.5623943665711697,-1.7963979813549726,-1.8868857068330525,-1.2138095595449692,1.2896133042178712,0.06258162107939524,0.3406443402171135,-0.3406443402171135,0.3406443402171135,0.3406443402171135,-0.3406443402171135,0.3406443402171135,-1.56317425892323,-1.7882774407048452,-1.8747785254242704,-1.2275011416353725,1.299793094697443,0.05950767109013792,0.3785073375041919,-0.3785040655783784,0.37850562631934453,0.3785027459129812,-0.3785049646804309,0.3785038344207901
280,4.683999999999706,0.004550382494926453,-0.0462615005671978,-0.06820465624332428,0.0771171823143959,-0.057177308946847916,0.017400646582245827,-0.053760603070259094,-1.562318526862921,-1.797169006364426,-1.8880224511037744,-1.2125242731730626,1.2886603490687571,0.06287163185576601,0.3406461828947067,-0.3406461828947067,0.3406461828947067,0.3406461828947067,-0.3406461828947067,0.3406461828947067,-1.5631021112008767,-1.789017656468926,-1.8758673880287797,-1.2262699929497787,1.2988778923530129,0.0597842390330211,0.37850575071345344,-0.37850347914891724,0.37850458407799686,0.37850245075304795,-0.37850403438809344,0.3785032575703278
281,4.699999999999704,0.004551561549305916,-0.04626089334487915,-0.06821189075708389,0.07711385190486908,-0.057169511914253235,0.01740332506597042,-0.05375903099775314,-1.562242667503766,-1.7979400212535073,-1.8891593159497257,-1.2112390423079813,1.2877075238701863,0.06316168727353219,0.34064674884080887,-0.34064674884080887,0.34064674884080887,0.34064674884080887,-0.34064674884080887,0.34064674884080887,-1.5630297363850232,-1.7897577740054555,-1.8769573083481554,-1.2250339524180727,1.297959529716317,0.060061918277718084,0.37850471743159203,-0.3785027302267708,0.3785037268099621,0.3785020085127201,-0.3785034146895966,0.3785026877652323
282,4.717999999999702,0.004552315920591354,-0.04626026377081871,-0.06821910291910172,0.07711012661457062,-0.05716175585985184,0.017405543476343155,-0.05375729501247406,-1.5621667955717562,-1.7987110256496877,-1.8902963009983775,-1.2099538735310718,1.2867548279391887,0.06345177966480457,0.3406473737955093,-0.3406473737955093,0.3406473737955093,0.3406473737955093,-0.3406473737955093,0.3406473737955093,-1.5629482084433803,-1.7905904400147084,-1.8781839496521449,-1.2236454879131426,1.296928158685964,0.06037383168960113,0.37850513655217577,-0.3785018739417135,0.3785034269790148,0.3785005548157518,-0.37850277154876844,0.3785016390738194
283,4.733999999999701,0.004552855156362057,-0.04626099392771721,-0.06822820752859116,0.07710526138544083,-0.05715273320674896,0.017409544438123703,-0.05375242233276367,-1.5620909146524835,-1.7994820422151496,-1.8914334377905206,-1.2086687858413143,1.285802282385743,0.0637419387387733,0.3406491279602051,-0.3406491279602051,0.3406491279602051,0.3406491279602051,-0.3406491279602051,0.3406491279602051,-1.562875795425026,-1.7913304954845204,-1.8792731697307115,-1.2224143402274215,1.2960135262122874,0.06065074047685077,0.3785040720567917,-0.37850180843271897,0.37850290608143183,0.3785007798307306,-0.3785023626698221,0.37850158275947104
284,4.749999999999699,0.004554130136966705,-0.04626069217920303,-0.06823597103357315,0.07710139453411102,-0.057145122438669205,0.017412032932043076,-0.05374979227781296,-1.5620150124835341,-1.8002530537514696,-1.8925707039744135,-1.207383762599079,1.2848498636784318,0.06403213928764069,0.3406500747799873,-0.3406500747799873,0.3406500747799873,0.3406500747799873,-0.3406500747799873,0.3406500747799873,-1.5628031882132172,-1.7920704785532164,-1.8803634569058254,-1.221178318489079,1.2950957191317094,0.06092874450489298,0.3785035528132222,-0.3785015712989986,0.37850256371748703,0.378500850556655,-0.37850225458301945,0.3785015273946217
285,4.767999999999697,0.004554976709187031,-0.046260371804237366,-0.06824369728565216,0.07709713280200958,-0.057137541472911835,0.017414052039384842,-0.053747013211250305,-1.5619390962050477,-1.8010240599482068,-1.8937080989291744,-1.2060988103857122,1.2838975713205498,0.0643223734882971,0.3406510752439499,-0.3406510752439499,0.3406510752439499,0.3406510752439499,-0.3406510752439499,0.3406510752439499,-1.5627214327596877,-1.7929030195401237,-1.8815905232930192,-1.2197898953182538,1.2940649552664885,0.06124100470754764,0.3785045340550395,-0.3785012786876065,0.37850282708043065,0.37849996147135123,-0.37850217482127785,0.3785010428732097
286,4.783999999999695,0.004555445164442062,-0.04626157134771347,-0.06825380027294159,0.07709230482578278,-0.05712894722819328,0.017417849972844124,-0.05374063551425934,-1.5618631721189737,-1.8017950861373353,-1.8948456622670566,-1.2048139386386159,1.28294542220008,0.0646126709878445,0.3406533712148666,-0.3406533712148666,0.3406533712148666,0.3406533712148666,-0.3406533712148666,0.3406533712148666,-1.5626488451135092,-1.7936429835242975,-1.8826801310984929,-1.218558799845604,1.2931508481375917,0.061518206094420026,0.37850397917695516,-0.3785017206162275,0.3785028154062795,0.3785006940781673,-0.37850227387083596,0.3785014950438114
287,4.799999999999693,0.004556396976113319,-0.046261414885520935,-0.06826155632734299,0.07708834111690521,-0.05712144449353218,0.017420047894120216,-0.053737856447696686,-1.5617872321693718,-1.8025661097187606,-1.8959833548725125,-1.2035291329533342,1.2819933981251879,0.06490300511941317,0.34065437167882917,-0.34065437167882917,0.34065437167882917,0.34065437167882917,-0.34065437167882917,0.34065437167882917,-1.5625760862286333,-1.7943828952955478,-1.8837708138621303,-1.217322844653578,1.2922335548623767,0.06179648967667114,0.3785039242905489,-0.3785019489293651,0.3785029361466955,0.378501228353856,-0.37850263107347204,0.37850190234495323
288,4.817999999999691,0.004556446336209774,-0.046261247247457504,-0.06826900690793991,0.07708366960287094,-0.05711386725306511,0.017421698197722435,-0.05373506620526314,-1.5617112913971016,-1.8033371305062182,-1.8971211716543115,-1.2022444051266197,1.2810415003376368,0.06519336675604188,0.34065537616610525,-0.34065537616610525,0.34065537616610525,0.34065537616610525,-0.34065537616610525,0.34065537616610525,-1.562494183295037,-1.7952153760324812,-1.8849983355963114,-1.2159345124975156,1.291203354606972,0.06210904889030754,0.37850537391218486,-0.3785021264415764,0.37850366850747835,0.3785008100604214,-0.37850302114975914,0.3785018877831648
289,4.83399999999969,0.004557105712592602,-0.04626255854964256,-0.06827940046787262,0.07707907259464264,-0.057105496525764465,0.017425287514925003,-0.053728409111499786,-1.5616353396352252,-1.8041081731487123,-1.8982591616621094,-1.200959753916709,1.2800897420622073,0.06548378821462397,0.3406577727198601,-0.3406577727198601,0.3406577727198601,0.3406577727198601,-0.3406577727198601,0.3406577727198601,-1.5624214836008228,-1.7959553009265135,-1.886088355786607,-1.214703509924578,1.2902897371581317,0.06238650291756891,0.37850520645001023,-0.378502953789393,0.3785040438897214,0.3785019280674569,-0.3785035060902406,0.37850272627163956
290,4.849999999999688,0.0045578088611364365,-0.04626248776912689,-0.068287193775177,0.0770750641822815,-0.05709812045097351,0.017427079379558563,-0.05372549965977669,-1.5615593761542061,-1.8048792146115311,-1.8993972815583624,-1.199675169513671,1.2791381067213576,0.06577423953761662,0.3406588201224804,-0.3406588201224804,0.3406588201224804,0.3406588201224804,-0.3406588201224804,0.3406588201224804,-1.5623486283772472,-1.7966951891974514,-1.8871794562901747,-1.2134676587948368,1.2893729245902472,0.06266502803067026,0.3785055062549175,-0.3785035363535628,0.37850451913141,0.37850281616527176,-0.3785042173769016,0.3785034876500598
291,4.867999999999686,0.004558027721941471,-0.046262193471193314,-0.0682949349284172,0.0770706906914711,-0.05709073692560196,0.017427757382392883,-0.05372259020805359,-1.5614834090255072,-1.8056502511693844,-1.900535530473836,-1.1983906580021464,1.2781865944392643,0.06606470216065649,0.3406598675251007,-0.3406598675251007,0.3406598675251007,0.3406598675251007,-0.3406598675251007,0.3406598675251007,-1.5622666322478778,-1.797527658129883,-1.888407455609994,-1.2120794552783376,1.2883432531973786,0.06297784476962041,0.37850731788650105,-0.3785040773734629,0.37850561444019565,0.37850276235905,-0.37850497067363265,0.37850383702377455
292,4.883999999999684,0.0045577725395560265,-0.046263497322797775,-0.06830503046512604,0.07706571370363235,-0.05708237364888191,0.01743028312921524,-0.053716033697128296,-1.561407446149848,-1.8064213094580976,-1.901673947648255,-1.1971062294404191,1.2772352215451164,0.06635520687947674,0.3406622278690338,-0.3406622278690338,0.3406622278690338,0.3406622278690338,-0.3406622278690338,0.3406622278690338,-1.5621938624056566,-1.7982675824579608,-1.8894979055518595,-1.2108485761358097,1.2874300968888652,0.06325551443500084,0.37850743777611723,-0.3785051907409123,0.3785062763234755,0.3785041657494437,-0.3785057421113201,0.3785049612752039
293,4.899999999999682,0.004558096639811993,-0.046263374388217926,-0.06831279397010803,0.07706163078546524,-0.05707506835460663,0.01743117906153202,-0.0537131205201149,-1.5613314778725178,-1.8071923656979012,-1.9028124942144233,-1.1958218689273281,1.2762839704058728,0.06664572653050227,0.34066327661275864,-0.34066327661275864,0.34066327661275864,0.34066327661275864,-0.34066327661275864,0.34066327661275864,-1.5621209475575488,-1.7990074817011301,-1.8905894388376527,-1.2096128571533586,1.2865137385647938,0.06353424310134294,0.3785079973069576,-0.3785060323765587,0.3785070111890834,0.37850531269177623,-0.37850671229989663,0.37850598185750334
294,4.91799999999968,0.004557994194328785,-0.046263206750154495,-0.06832052767276764,0.07705716043710709,-0.05706779658794403,0.01743154227733612,-0.05371007323265076,-1.5612555113026123,-1.807963419143737,-1.9039511696756362,-1.194537582920043,1.2753328404627404,0.06693625223512453,0.3406643736362457,-0.3406643736362457,0.3406643736362457,0.3406643736362457,-0.3406643736362457,0.3406643736362457,-1.562038894341985,-1.7998399730900942,-1.8918179297275066,-1.2082248117650851,1.2854845686859775,0.06384727486224148,0.37851007582643736,-0.37850684157687203,0.3785083745221873,0.37850552825596334,-0.37850773348391936,0.37850660024845767
295,4.933999999999679,0.004557392559945583,-0.0462646558880806,-0.06833062320947647,0.07705208659172058,-0.05705955997109413,0.017433729022741318,-0.05370336025953293,-1.5611795547599465,-1.8087344967418717,-1.9050900133957942,-1.1932533814768478,1.2743818477965556,0.06722681438550356,0.34066679030656816,-0.34066679030656816,0.34066679030656816,0.34066679030656816,-0.34066679030656816,0.34066679030656816,-1.5619660825436437,-1.800579923541555,-1.8929088193572159,-1.206994080157246,1.284571850990871,0.06412512355125505,0.37851041714247513,-0.3785081748249355,0.3785092571803423,0.378507151148689,-0.3785087252769874,0.378507944561339
296,4.949999999999677,0.004557403735816479,-0.04626466706395149,-0.06833838671445847,0.0770479217171669,-0.0570523776113987,0.017434315755963326,-0.05370030552148819,-1.5611035980310162,-1.809505574526271,-1.9062289865077018,-1.1919692494482284,1.2734309748363657,0.06751738631476961,0.3406678900122642,-0.3406678900122642,0.3406678900122642,0.3406678900122642,-0.3406678900122642,0.3406678900122642,-1.561893133149301,-1.8013198571679456,-1.8940007932115606,-1.2057585156236381,1.2836559258057751,0.06440402084233919,0.3785111818422096,-0.3785092211934029,0.3785101970085332,0.3785085024370702,-0.37850990003117746,0.37850916970647003
297,4.967999999999675,0.004556993953883648,-0.04626462981104851,-0.06834612041711807,0.07704335451126099,-0.05704521760344505,0.017434384673833847,-0.053697116672992706,-1.5610276481317849,-1.8102766516897884,-1.9073680885146538,-1.1906851935397074,1.2724802212096415,0.06780795939266684,0.34066903799772263,-0.34066903799772263,0.34066903799772263,0.34066903799772263,-0.34066903799772263,0.34066903799772263,-1.5618110479379195,-1.80215239374962,-1.8952297821118476,-1.2043706514559966,1.2826272352651968,0.06471723030378411,0.37851347207688124,-0.37851024366891967,0.3785117729974078,0.3785089322213928,-0.3785111342001457,0.37851000175199195
298,4.983999999999673,0.004556041210889816,-0.04626622423529625,-0.0683562234044075,0.07703819125890732,-0.0570371150970459,0.01743622124195099,-0.05369024723768234,-1.5609517141116034,-1.8110477554270432,-1.9085073589047272,-1.1894012236853921,1.2715296026246907,0.06809856308003269,0.3406715109944343,-0.3406715109944343,0.3406715109944343,0.3406715109944343,-0.3406715109944343,0.3406715109944343,-1.5617382141567908,-1.8028923875795,-1.8963211152990926,-1.2031400862768238,1.281714937735156,0.06499522642833559,0.3785139907352703,-0.3785117527727108,0.3785128323229605,0.37851073055529566,-0.378512302319651,0.3785115220298646
299,4.999999999999671,0.004555748775601387,-0.04626636207103729,-0.0683639869093895,0.07703393697738647,-0.05703004077076912,0.01743650995194912,-0.05368705093860626,-1.5608757849653434,-1.8118188614615605,-1.9096467586865504,-1.188117324735769,1.270579101945178,0.06838917157923184,0.34067266166210175,-0.34067266166210175,0.34067266166210175,0.34067266166210175,-0.34067266166210175,0.34067266166210175,-1.561665248393363,-1.8036323703168025,-1.8974135320379164,-1.2019046937195699,1.2807994283107507,0.06527426206109774,0.3785149207215511,-0.37851296401744533,0.3785139372380874,0.3785122463233917,-0.37851364178212366,0.37851291187022046
