step,sim_time,action_0,action_1,action_2,action_3,action_4,action_5,action_6,target_0,target_1,target_2,target_3,target_4,target_5,target_6,target_7,target_8,target_9,target_10,target_11,q_0,q_1,q_2,q_3,q_4,q_5,q_6,q_7,q_8,q_9,q_10,q_11
0,0.018000000000000002,-0.3542904853820801,-1.0,0.7679852843284607,1.0,0.8104413151741028,1.0,1.0,-1.305595763540268,-1.4775949661254884,1.48355674675107,-1.5014785583496093,-1.0961478115141392,-0.09138915495872496,0.72,-0.72,0.72,0.72,-0.72,0.72,-1.2476231672116176,-1.3135215817540167,1.3685996672054064,-1.6537480188858074,-1.2194615648920406,-0.24283419309260762,0.08901640596997405,-0.08555693446943996,0.09085430746123184,0.08709973660201493,-0.08476445283472372,0.09013525369348295
1,0.034000000000000016,-0.38038596510887146,-1.0,0.007579770404845476,1.0,0.547968864440918,1.0,1.0,-1.3690061039239168,-1.6442949661254884,1.4848202944775577,-1.3347785583496092,-1.004801401811838,0.07531084504127505,0.72,-0.72,0.72,0.72,-0.72,0.72,-1.24970805192205,-1.3268814194381087,1.3864828842391537,-1.6278336113317775,-1.2022971073394797,-0.21674302506566298,0.15553285729056118,-0.15595038383790297,0.15520817194988196,0.1563307684130765,-0.1566947246947989,0.15553700664267825
2,0.05200000000000003,-0.518823504447937,-1.0,-0.4993790090084076,0.7022505402565002,0.4162588119506836,1.0,1.0,-1.4554939821153878,-1.8109949661254885,1.4015738136758562,-1.2177133932888506,-0.9354110578596591,0.24201084504127507,0.72,-0.72,0.72,0.72,-0.72,0.72,-1.2548586613505208,-1.3501621926210403,1.4083710788280694,-1.589106643444744,-1.1783297047354782,-0.1745673978994818,0.2246290955755451,-0.2249816453201389,0.22412447518718595,0.22466671678755157,-0.22519144102935418,0.22411413075456196
3,0.06800000000000005,-0.6375183463096619,-1.0,-0.7558882832527161,0.37188947200775146,0.34898385405540466,1.0,1.0,-1.5617682904452084,-1.9776949661254886,1.2755672368576285,-1.1557194183051585,-0.8772354493886231,0.4087108450412751,0.72,-0.72,0.72,0.72,-0.72,0.72,-1.2628325648806134,-1.3768587216258543,1.4240239027460189,-1.5515513267188725,-1.1542501402505756,-0.12662668495704224,0.2795077637334805,-0.27982830872280073,0.2793551783260106,0.279468229003836,-0.279740619880914,0.27932295441520344
4,0.08400000000000006,-0.7359899878501892,-1.0,-0.7951434254646301,0.20539937913417816,0.3246413767337799,0.8281298279762268,1.0,-1.684457821419835,-2.1443949661254886,1.1430168278326747,-1.121479341803491,-0.8231177318871019,0.5467600873649121,0.72,-0.72,0.72,0.72,-0.72,0.72,-1.2748049304038411,-1.408718640092089,1.4325505493369703,-1.5133617425751411,-1.12788114679966,-0.07124992612318633,0.32911821051122314,-0.3294613593638085,0.3290709336799572,0.32918903638949387,-0.3294280178071792,0.3290734431878061
5,0.10200000000000008,-0.8237056136131287,-1.0,-0.6321932673454285,0.19024398922920227,0.34244421124458313,0.6637780666351318,1.0,-1.8217695472091435,-2.3110949661254887,1.0376302101661916,-1.089765668798983,-0.76603228187263,0.6574118910729886,0.72,-0.72,0.72,0.72,-0.72,0.72,-1.2936041583816973,-1.4509628105650574,1.4321031874712709,-1.470535305433471,-1.0957755472850448,-0.004168298342351751,0.3794057507691154,-0.3796908833672555,0.379342825360251,0.3794590698145549,-0.37970351552976844,0.379325194997361
6,0.11800000000000009,-0.9071173071861267,-1.0,-0.36601054668426514,0.25813010334968567,0.3787386119365692,0.5589792132377625,1.0,-1.9729860023170709,-2.4777949661254888,0.9766162520339247,-1.0467353805705903,-0.7028965552628038,0.7505937259197236,0.72,-0.72,0.72,0.72,-0.72,0.72,-1.315039945698214,-1.4948046248450086,1.4234892587950028,-1.4319592556644878,-1.064821373568234,0.05792155459783339,0.4196389717627894,-0.4198326506728162,0.4195432369599137,0.419596696356591,-0.4198390006252375,0.419485316004309
7,0.1340000000000001,-1.0,-1.0,-0.4777866005897522,-0.01080777496099472,0.2649487853050232,0.35530969500541687,1.0,-2.1396860023170707,-2.644494966125489,0.896969225715613,-1.0485370366565883,-0.6587295927524565,0.8098238520771266,0.72,-0.72,0.72,0.72,-0.72,0.72,-1.3409738408926044,-1.5447779351495359,1.4074898026597287,-1.3959145582356551,-1.0330418792218812,0.11979808487376976,0.45590270836530156,-0.4561808403054329,0.45587660134863783,0.4560090900298265,-0.4561742733939088,0.45588180870664186
8,0.1520000000000001,-1.0,-1.0,-0.2747524082660675,0.10254539549350739,0.3111071288585663,0.25289297103881836,1.0,-2.306386002317071,-2.811194966125489,0.8511679992576595,-1.0314427192278206,-0.6068680343717334,0.8519811103492976,0.72,-0.72,0.72,0.72,-0.72,0.72,-1.3752839910572943,-1.608597860709302,1.3811027695939326,-1.357104643107907,-0.995972229525134,0.18723034915664727,0.4927368776783351,-0.4929145003364975,0.4926740484116965,0.4927660190433448,-0.492911355840099,0.4926556958168246
9,0.16800000000000012,-1.0,-1.0,-0.1936548799276352,0.17131075263023376,0.29657861590385437,0.2717372179031372,1.0,-2.473086002317071,-2.977894966125489,0.8188857307737227,-1.0028852167643607,-0.5574283791005609,0.8972797045737505,0.72,-0.72,0.72,0.72,-0.72,0.72,-1.4098396371169049,-1.6721769169038843,1.3510695815957081,-1.323101927222695,-0.9621393891898069,0.2456576456810871,0.5221695622422476,-0.5222759669408444,0.5220766411290364,0.5221481354115597,-0.5222671384975094,0.5220476943978384
10,0.18400000000000014,-1.0,-1.0,-0.22485007345676422,0.1714322417974472,0.2502392828464508,0.32627636194229126,1.0,-2.639786002317071,-3.144594966125489,0.7814032235284801,-0.9743074620567262,-0.5157134906500576,0.9516699741095305,0.72,-0.72,0.72,0.72,-0.72,0.72,-1.4479232765748487,-1.7421299465595277,1.315301690477505,-1.2892255893657338,-0.9279412751640651,0.3037470124708622,0.5487331308324486,-0.5488518181420489,0.5486521003793023,0.5487927466218998,-0.5488383042148219,0.5486734936749624
11,0.20200000000000015,-1.0,-1.0,-0.38144659996032715,0.08754531294107437,0.1758769154548645,0.36346131563186646,1.0,-2.806486002317071,-3.311294966125489,0.7178160753150936,-0.9597136583894491,-0.48639480884373165,1.0122589754253626,0.72,-0.72,0.72,0.72,-0.72,0.72,-1.494790534919006,-1.8277042604091507,1.2675879799323215,-1.25251343833986,-0.8904415661952458,0.3689849316968922,0.5755429431665487,-0.5757442383055549,0.5755072017549068,0.5758167667693082,-0.5757345941424505,0.5756509106988054
12,0.21800000000000017,-1.0,-1.0,-0.45780643820762634,0.0699329748749733,0.158453106880188,0.35184261202812195,1.0,-2.973186002317071,-3.477994966125489,0.6414997420658823,-0.948055831477791,-0.4599806759268043,1.0709111388504504,0.72,-0.72,0.72,0.72,-0.72,0.72,-1.5215065627920752,-1.8589759185111967,1.1717181990038361,-1.246733228935933,-0.8458912315965079,0.42666669249923617,0.596045118490388,-0.597124469298019,0.5965229710445464,0.5974847843732767,-0.5970832625919916,0.5971154506049089
13,0.23400000000000018,-1.0,-1.0,-0.6777754426002502,0.0012250691652297974,0.10743521898984909,0.37806224822998047,1.0,-3.139886002317071,-3.6446949661254893,0.5285145757844206,-0.9478516124479472,-0.44207122492119644,1.1339341156303882,0.72,-0.72,0.72,0.72,-0.72,0.72,-1.5297216027889051,-1.8467255991527431,1.0483013904193583,-1.2339329656288403,-0.8090110448137221,0.48468812598246536,0.616104993194437,-0.6162162594956763,0.6160339345128667,0.6164501472171254,-0.6163077350346949,0.6162998668517585
14,0.25200000000000017,-1.0,-1.0,-0.9501540660858154,-0.12397453188896179,0.036102067679166794,0.37667182087898254,1.0,-3.3065860023170712,-3.8113949661254893,0.37012389296791515,-0.9685181669138372,-0.43605301023907933,1.1967253081709146,0.72,-0.72,0.72,0.72,-0.72,0.72,-1.534286643826654,-1.8308343185237277,0.9358184983171853,-1.2155043784319393,-0.7736925207938101,0.5501267948377906,0.6357665743928393,-0.6359008992511359,0.6356186386464792,0.6359668018113538,-0.6358605663987391,0.6358465087253279
15,0.2680000000000002,-1.0,-1.0,-1.0,-0.2719312608242035,-0.058603305369615555,0.3599584698677063,1.0,-3.4732860023170713,-3.9780949661254894,0.20342389296791513,-1.013849108093232,-0.44582218124419426,1.2567303850978613,0.72,-0.72,0.72,0.72,-0.72,0.72,-1.5403345757339024,-1.8292402363989586,0.8677644990741838,-1.1971849523580502,-0.7488712647882108,0.6081709009172993,0.6513402484383048,-0.6515668366124214,0.6512576136811861,0.651734822809071,-0.6515624069176629,0.6515911831820752
16,0.2840000000000002,-1.0,-1.0,-1.0,-0.5393252372741699,-0.027788272127509117,0.2094506025314331,1.0,-3.6399860023170714,-4.144794966125489,0.03672389296791512,-1.103754625146836,-0.45045448620785,1.2916458005398512,0.72,-0.72,0.72,0.72,-0.72,0.72,-1.5481835396433576,-1.8287856952434838,0.8010510017913132,-1.19149195306976,-0.7231239922304125,0.6644468905080925,0.6652911051134636,-0.6657880091669136,0.6654347932384936,0.6659271306774246,-0.6657719762771428,0.6657625650747616
17,0.3020000000000002,-1.0,-1.0,-1.0,-0.6977342367172241,-0.11439300328493118,0.11697101593017578,1.0,-3.8066860023170714,-4.311494966125489,-0.1299761070320849,-1.2200669224075973,-0.469523799855448,1.3111448688954115,0.72,-0.72,0.72,0.72,-0.72,0.72,-1.558818597965141,-1.829259110341375,0.7265127712323927,-1.191827992678105,-0.7011277489064502,0.7239967127284813,0.6797252317282202,-0.6800447186259938,0.6797977760805746,0.6802476740214793,-0.6801320537065638,0.6801060334425523
18,0.3180000000000002,-1.0,-1.0,-1.0,-0.714680016040802,-0.19984778761863708,0.15250800549983978,1.0,-3.9733860023170715,-4.478194966125488,-0.2966761070320849,-1.339204081081599,-0.5028384260514748,1.3365679534122348,0.72,-0.72,0.72,0.72,-0.72,0.72,-1.5700379813659366,-1.8288395805307198,0.6539761771698077,-1.201997294251567,-0.6856862622446007,0.7744073010327347,0.6910533125969608,-0.6915367916985016,0.691210817334751,0.691848521146491,-0.6915672565076916,0.6916406634033084
19,0.33400000000000024,-1.0,-1.0,-1.0,-0.7512491345405579,-0.29374173283576965,0.21345853805541992,1.0,-4.140086002317071,-4.644894966125488,-0.4633761070320849,-1.46443731180951,-0.5518051729151976,1.3721514917060733,0.72,-0.72,0.72,0.72,-0.72,0.72,-1.5830394209956815,-1.8282019084737413,0.5753405785990177,-1.2210832830865053,-0.675660458090776,0.823599910085168,0.7013482721495788,-0.7019010559917278,0.7015496398852673,0.7023247238962661,-0.7019537893568697,0.7020778417300959
20,0.35200000000000026,-1.0,-1.0,-1.0,-0.8257787823677063,-0.3908068537712097,0.23358085751533508,1.0,-4.306786002317071,-4.8115949661254875,-0.6300761070320849,-1.6020946348302068,-0.6169526754388582,1.4110894206538798,0.72,-0.72,0.72,0.72,-0.72,0.72,-1.5999113242024483,-1.827153351551,0.4780216978867926,-1.2531146738714332,-0.6712213182912232,0.8777152876017794,0.7120019810005145,-0.7123806059262008,0.7121280162397516,0.7127268782132068,-0.7124865009464022,0.7125465802231647
21,0.36800000000000027,-1.0,-1.0,-1.0,-0.9138939380645752,-0.4852580726146698,0.2180761843919754,1.0,-4.47348600231707,-4.978294966125487,-0.7967761070320849,-1.7544407543055716,-0.6978451961437238,1.4474427205920222,0.72,-0.72,0.72,0.72,-0.72,0.72,-1.6124140088782761,-1.8284781592549593,0.42625118449187654,-1.2857422316352312,-0.657778046057786,0.9243085176243833,0.7225849717897187,-0.7205360685049365,0.7214274082134926,0.7188918760493646,-0.72088510286205,0.7197554120938672
22,0.3840000000000003,-1.0,-0.9541053175926208,-1.0,-0.9941251277923584,-0.5772193670272827,0.19077669084072113,1.0,-4.64018600231707,-5.137344322568177,-0.963476107032085,-1.9201614131085578,-0.7940676646271718,1.4792451949551704,0.72,-0.72,0.72,0.72,-0.72,0.72,-1.6140840191998291,-1.8218784343700765,0.41498480199281557,-1.3035215934403166,-0.6506043397217005,0.9698391050054075,0.7274549467590915,-0.7284748729283315,0.7278794211968459,0.7290075801384046,-0.7279642906692736,0.7285750954483634
23,0.4020000000000003,-1.0,-0.8373533487319946,-1.0,-1.0,-0.6625041365623474,0.17152953147888184,0.9238966703414917,-4.80688600231707,-5.2769311258018,-1.130176107032085,-2.086861413108558,-0.9045071041921151,1.5078391678527,0.692602801322937,-0.692602801322937,0.692602801322937,0.692602801322937,-0.692602801322937,0.692602801322937,-1.6129806498224601,-1.8006532505950854,0.38667141175006764,-1.317469459996558,-0.6626080800988092,1.0193677519543884,0.7312438553198181,-0.7324722573373255,0.7318080877039076,0.733785367197669,-0.7327325779632857,0.7331589396275989
24,0.4180000000000003,-1.0,-0.7282001972198486,-1.0,-1.0,-0.7406429052352905,0.17114634811878204,0.7804641127586365,-4.973586002317069,-5.398322098678349,-1.2968761070320851,-2.253561413108558,-1.027972276494838,1.536369264084101,0.6409670805931091,-0.6409670805931091,0.6409670805931091,0.6409670805931091,-0.6409670805931091,0.6409670805931091,-1.612120008935336,-1.7735526321349262,0.34394798520536296,-1.328911327583796,-0.6839946230071255,1.0618995917895304,0.7296163653983697,-0.7305222580861687,0.7298430779396106,0.7312033307131544,-0.7306262194568585,0.730703740548506
25,0.43400000000000033,-1.0,-0.6294857859611511,-1.0,-1.0,-0.8114351034164429,0.18500234186649323,0.6571309566497803,-5.140286002317069,-5.5032573791980735,-1.4635761070320852,-2.420261413108558,-1.163238508234359,1.5672091544732454,0.5965671443939209,-0.5965671443939209,0.5965671443939209,0.5965671443939209,-0.5965671443939209,0.5965671443939209,-1.611848093294299,-1.7413419685961924,0.2895508123096718,-1.3401080865671475,-0.7152614603879246,1.1034619558219911,0.7230901473415992,-0.7239672488996153,0.72332282345107,0.7245409887656878,-0.7239178680249809,0.7241042234436681
26,0.45200000000000035,-1.0,-0.5340791940689087,-1.0,-1.0,-0.8755678534507751,0.20166447758674622,0.5402509570121765,-5.3069860023170685,-5.592288380849361,-1.6302761070320853,-2.586961413108558,-1.3091956694046032,1.6008266228869559,0.5544903445243835,-0.5544903445243835,0.5544903445243835,0.5544903445243835,-0.5544903445243835,0.5544903445243835,-1.6150140601878,-1.7015540449981823,0.2115181395089476,-1.379445121004337,-0.7685041278561106,1.1494128093924907,0.7098278637579146,-0.7126492986183415,0.7110575403689949,0.7141983112150918,-0.7125206673805414,0.7132585754694089
27,0.46800000000000036,-1.0,-0.44147974252700806,-1.0,-1.0,-0.9320585131645203,0.21573445200920105,0.42911800742149353,-5.473686002317068,-5.654866776,-1.7969761070320853,-2.753661413108558,-1.4645698235491287,1.6367895560368897,0.5144824826717377,-0.5144824826717377,0.5144824826717377,0.5144824826717377,-0.5144824826717377,0.5144824826717377,-1.6186405506004953,-1.6664015098579188,0.14374779902301096,-1.4246162111529705,-0.8151767644171087,1.1894012441021797,0.6985290352523992,-0.6987497700714362,0.6985217829841661,0.698959063453014,-0.6987544634713294,0.6987592729886671
28,0.4840000000000004,-1.0,-0.16159896552562714,-1.0,-1.0,-1.0,0.037685103714466095,0.05329590663313866,-5.640386002317068,-5.654866776,-1.9636761070320854,-2.9203614131085582,-1.6312698235491288,1.6430716628260913,0.3791865263879299,-0.3791865263879299,0.3791865263879299,0.3791865263879299,-0.3791865263879299,0.3791865263879299,-1.6250711421229096,-1.6290093233246026,0.06589768281854752,-1.4891779594929087,-0.8778089431416088,1.226697033473804,0.6716774736606529,-0.6719858620187392,0.6714641528776026,0.6718839661017875,-0.6723827622655936,0.6716303493469761
29,0.5020000000000003,-1.0,-0.0007883445359766483,-1.0,-1.0,-1.0,-0.0247198436409235,-0.15804265439510345,-5.654866776,-5.654866776,-2.1303761070320855,-3.0870614131085583,-1.7979698235491288,1.6389508648911493,0.30310464441776275,-0.30310464441776275,0.30310464441776275,0.30310464441776275,-0.30310464441776275,0.30310464441776275,-1.6363023611768759,-1.5862276094200976,-0.022891574881247285,-1.577979213315621,-0.9662573091653772,1.2654229063916107,0.6348321035862593,-0.635745183677831,0.635227838990072,0.6368784729960904,-0.6359472976853886,0.6362884177436404
30,0.5180000000000003,-1.0,0.14665257930755615,-1.0,-1.0,-1.0,-0.024527041241526604,-0.42844387888908386,-5.654866776,-5.630419791029431,-2.2970761070320855,-3.2537614131085584,-1.964669823549129,1.6348622071161867,0.2057602035999298,-0.2057602035999298,0.2057602035999298,0.2057602035999298,-0.2057602035999298,0.2057602035999298,-1.6514358402558393,-1.5422091950734584,-0.09611111677165154,-1.6080922224088288,-1.0605586195293675,1.299992454497902,0.5966415266989261,-0.5963386286092484,0.5963888051724194,0.597094877226855,-0.5965719962205576,0.5967841830796646
31,0.5340000000000004,-1.0,0.08308643847703934,-1.0,-1.0,-1.0,0.11784055083990097,-0.32868701219558716,-5.654866776,-5.616569281735309,-2.4637761070320856,-3.4204614131085584,-2.1313698235491287,1.654506226941198,0.2416726756095886,-0.2416726756095886,0.2416726756095886,0.2416726756095886,-0.2416726756095886,0.2416726756095886,-1.6719049108401283,-1.4943408185278313,-0.1840390763389808,-1.6090946891479154,-1.16206014189049,1.3333688510627153,0.5656042913584672,-0.5649566513959804,0.5656132311469542,0.5656929494422828,-0.5649222083905954,0.5657497141671342
32,0.5520000000000004,-1.0,0.15839755535125732,-1.0,-1.0,-1.0,0.07650585472583771,-0.46978673338890076,-5.654866776,-5.5901644092582545,-2.6304761070320857,-3.5871614131085585,-2.298069823549129,1.6672597529239952,0.19087677597999572,-0.19087677597999572,0.19087677597999572,0.19087677597999572,-0.19087677597999572,0.19087677597999572,-1.6993606823631437,-1.439614278742764,-0.29123011446144687,-1.5780716051861556,-1.2816996522500312,1.3679913565718733,0.5286924383476341,-0.5273378464391784,0.5280992779661478,0.52684380420515,-0.527699573535457,0.5273675039035125
33,0.5680000000000004,-1.0,0.2649163603782654,-1.0,-1.0,-1.0,-0.04084393382072449,-0.7112901210784912,-5.654866776,-5.546002851983197,-2.7971761070320857,-3.7538614131085586,-2.464769823549129,1.6604510691560803,0.10393555641174317,-0.10393555641174317,0.10393555641174317,0.10393555641174317,-0.10393555641174317,0.10393555641174317,-1.7292008135725447,-1.3917625350778815,-0.3900902293937186,-1.524898642393962,-1.388351095938738,1.3965249478854707,0.48971316728342457,-0.48900461760795166,0.48923061684012814,0.4895051635861625,-0.4893095370796743,0.48926930719831085
34,0.5840000000000004,-0.9691839814186096,0.28749173879623413,-1.0,-1.0,-1.0,-0.041968852281570435,-0.7516877055168152,-5.654866776,-5.498077979125865,-2.827433388,-3.9205614131085587,-2.631469823549129,1.6534548614807425,0.08939242601394654,-0.08939242601394654,0.08939242601394654,0.08939242601394654,-0.08939242601394654,0.08939242601394654,-1.7639091134247433,-1.3479988072789488,-0.48571197075969863,-1.4484669057097614,-1.5069196508231928,1.4220780360225103,0.4513657656209491,-0.4517547677221774,0.4517670385444841,0.45311411207557767,-0.4518224567404228,0.45261954510078173
35,0.6020000000000004,-0.9834055304527283,0.13617625832557678,-1.0,-1.0,-1.0,0.222346231341362,-0.4360716938972473,-5.654866776,-5.475377396862991,-2.827433388,-4.087261413108559,-2.798169823549129,1.6905199782453475,0.20301419019699096,-0.20301419019699096,0.20301419019699096,0.20301419019699096,-0.20301419019699096,0.20301419019699096,-1.8088485694258356,-1.3056922479450954,-0.5877268389021434,-1.3565634709719645,-1.638740860804014,1.449658133925612,0.4294172915431268,-0.4277362363288244,0.42924530851755865,0.4274963090208485,-0.42820431823664756,0.42845465495140345
36,0.6180000000000004,-0.9208036661148071,0.06138685718178749,-1.0,-1.0,-1.0,0.2934013605117798,-0.22859413921833038,-5.654866776,-5.465144207770788,-2.827433388,-4.253961413108558,-2.964869823549129,1.739429985042661,0.27770610988140104,-0.27770610988140104,0.27770610988140104,0.27770610988140104,-0.27770610988140104,0.27770610988140104,-1.8543958831190912,-1.2745415050752762,-0.6667759110275802,-1.2519402373912862,-1.7640865417780898,1.4778576873488716,0.4169582366218931,-0.4167907419889942,0.4174521126442494,0.41764601365769605,-0.41653586534760023,0.41752995144751937
37,0.6340000000000005,-0.9020805954933167,-0.06340120732784271,-1.0,-1.0,-0.9455147385597229,0.3767251968383789,-0.05859925597906113,-5.654866776,-5.475713189032339,-2.827433388,-4.420661413108558,-3.122487130467035,1.8022300753556189,0.33890426784753797,-0.33890426784753797,0.33890426784753797,0.33890426784753797,-0.33890426784753797,0.33890426784753797,-1.9046409066405519,-1.2480344923550442,-0.7380957684744597,-1.1469272285117242,-1.8902803123880088,1.5104910605770636,0.4124679852211605,-0.41334455911392415,0.4132893595628616,0.41474200362453983,-0.4130061238282735,0.4141825951335029
38,0.6520000000000005,-1.0,-0.17335951328277588,-1.0,-1.0,-1.0,0.3588537573814392,0.053696028888225555,-5.654866776,-5.504612219896578,-2.827433388,-4.587361413108558,-3.289187130467035,1.8620509967111047,0.3793305703997612,-0.3793305703997612,0.3793305703997612,0.3793305703997612,-0.3793305703997612,0.3793305703997612,-1.9524034530230188,-1.2176795656187736,-0.7990843380981195,-1.0649664099722838,-2.0170382068097235,1.5428010564113162,0.41555442672456294,-0.4150155709288985,0.4152910901310647,0.41339228964323294,-0.4150607248726826,0.41426244887431557
39,0.6680000000000005,-1.0,-0.08198615908622742,-1.0,-1.0,-1.0,0.2202380746603012,-0.08977174758911133,-5.654866776,-5.518279312616253,-2.827433388,-4.754061413108557,-3.455887130467035,1.898764683756977,0.3276821708679199,-0.3276821708679199,0.3276821708679199,0.3276821708679199,-0.3276821708679199,0.3276821708679199,-1.9964033135077726,-1.1945713964379385,-0.8478276076493864,-1.0667702188125017,-2.1305019168420745,1.571932639299174,0.4098149822973509,-0.41045572979636574,0.4097865277122513,0.40909763539767746,-0.41045031675122184,0.40940548061914467
40,0.6840000000000005,-1.0,-0.006230904255062342,-1.0,-1.0,-1.0,0.17213988304138184,-0.1877315193414688,-5.654866776,-5.519318004355571,-2.827433388,-4.920761413108557,-3.622587130467035,1.9274604022599753,0.2924166530370712,-0.2924166530370712,0.2924166530370712,0.2924166530370712,-0.2924166530370712,0.2924166530370712,-2.040952509237039,-1.170453721320731,-0.8883474817293145,-1.1121246379628071,-2.253267783986226,1.6022069791005156,0.40089085167296445,-0.40167361551982417,0.40116306011741387,0.40202399240782094,-0.4017525665170381,0.40163788832215686
41,0.7020000000000005,-0.8057997226715088,0.06833731383085251,-1.0,-1.0,-1.0,0.2262447029352188,-0.21361733973026276,-5.654866776,-5.507926174139968,-2.827433388,-5.0874614131085565,-3.7892871304670352,1.9651753942392762,0.2830977576971054,-0.2830977576971054,0.2830977576971054,0.2830977576971054,-0.2830977576971054,0.2830977576971054,-2.0956338882677983,-1.1395405192316725,-0.9390527132984374,-1.2029842229901304,-2.393185081606086,1.6351470353823487,0.3933316864101347,-0.3928106323932414,0.39303772425861816,0.39161926749812187,-0.3932246490941587,0.39236095551128075
42,0.7180000000000005,-0.9023387432098389,0.0166983213275671,-1.0,-1.0,-1.0,0.31632816791534424,-0.1280563920736313,-5.654866776,-5.505142563974662,-2.827433388,-5.254161413108556,-3.9559871304670353,2.0179072998307643,0.3138996988534927,-0.3138996988534927,0.3138996988534927,0.3138996988534927,-0.3138996988534927,0.3138996988534927,-2.1530888041948915,-1.119136780620729,-0.9752405286309522,-1.276657846238389,-2.5237100345330763,1.6659594119104106,0.38907306906563843,-0.38834915766495004,0.38896795982559595,0.3883700626987143,-0.3886886108231665,0.38867321697490165
43,0.7340000000000005,-1.0,-0.03424334526062012,-1.0,-1.0,-1.0,0.3255787193775177,-0.07067862898111343,-5.654866776,-5.5108509296296075,-2.827433388,-5.420861413108556,-4.122687130467035,2.0721812723509965,0.33455569356679915,-0.33455569356679915,0.33455569356679915,0.33455569356679915,-0.33455569356679915,0.33455569356679915,-2.216266764267948,-1.1014039646765614,-1.0013005643510882,-1.3226005550057571,-2.662877136386964,1.696249192775821,0.3885058934676929,-0.38729607494063367,0.38828066653103,0.387604579844033,-0.3882766341174288,0.3877258659480306
44,0.7520000000000006,-1.0,-0.17215105891227722,-1.0,-1.0,-1.0,0.2660212516784668,0.11131121963262558,-5.654866776,-5.539548511150284,-2.827433388,-5.587561413108555,-4.289387130467035,2.116527015005797,0.4000720390677452,-0.4000720390677452,0.4000720390677452,0.4000720390677452,-0.4000720390677452,0.4000720390677452,-2.2989610453792024,-1.0896272582182422,-1.0337512023409854,-1.383503965101115,-2.82589274813856,1.7193321571319777,0.40007560962061917,-0.4004628713240436,0.4000380200233493,0.4064169502704903,-0.3997542445516322,0.4011220972858721
45,0.7680000000000006,-1.0,-0.15498153865337372,-1.0,-1.0,-1.0,0.3266648054122925,0.07823406159877777,-5.654866776,-5.565383933643801,-2.827433388,-5.654866776,-4.456087130467035,2.1709820380680265,0.38816426217556,-0.38816426217556,0.38816426217556,0.38816426217556,-0.38816426217556,0.38816426217556,-2.379635517437741,-1.0842195775377088,-1.0573572827266347,-1.4323879563663577,-2.972788049156327,1.7444928722242983,0.4091007258465331,-0.4070712734770702,0.40760634266622686,0.41018871733591167,-0.4078041513362336,0.4066723235904772
46,0.7840000000000006,-1.0,-0.13011595606803894,-1.0,-1.0,-1.0,0.33204951882362366,0.041846998035907745,-5.654866776,-5.587074263520344,-2.827433388,-5.654866776,-4.622787130467034,2.2263346928559247,0.3750649192929268,-0.3750649192929268,0.3750649192929268,0.3750649192929268,-0.3750649192929268,0.3750649192929268,-2.4676010410259894,-1.0860022689703261,-1.077232975305443,-1.5251040801293656,-3.1262366272543596,1.7669912011789304,0.4137942509414688,-0.413558150863546,0.4133211904452887,0.4152512616255644,-0.41320401635001625,0.41315490184248765
47,0.8020000000000006,-1.0,-0.10058744251728058,-1.0,-1.0,-1.0,0.34110966324806213,0.01691899448633194,-5.654866776,-5.603842190187974,-2.827433388,-5.654866776,-4.789487130467034,2.2831976737193767,0.36609083801507947,-0.36609083801507947,0.36609083801507947,0.36609083801507947,-0.36609083801507947,0.36609083801507947,-2.5649033753414936,-1.10495901062909,-1.0974761417179935,-1.7311684707826496,-3.2760554640710957,1.8141213258155227,0.41493443400699237,-0.4123286329300052,0.41320240149664506,0.40974412922570036,-0.4125039949738555,0.41072779574368706
48,0.8180000000000006,-1.0,-0.11868895590305328,-1.0,-1.0,-1.0,0.3836404085159302,0.09366096556186676,-5.654866776,-5.623627639137013,-2.827433388,-5.654866776,-4.9561871304670335,2.347150529818982,0.393717947602272,-0.393717947602272,0.393717947602272,0.393717947602272,-0.393717947602272,0.393717947602272,-2.5735866732048946,-1.1382489652177368,-1.0639173467327712,-1.9290692746584994,-3.4116867108206,1.856237237092368,0.4157840827720226,-0.41405011530374985,0.415163728539359,0.4128907291065665,-0.4146931451504405,0.4140415574649403
49,0.8340000000000006,-1.0,-0.16548512876033783,-1.0,-1.0,-1.0,0.4675751030445099,0.19677630066871643,-5.654866776,-5.651214010101361,-2.827433388,-5.654866776,-5.122887130467033,2.425095299496502,0.4308394682407379,-0.4308394682407379,0.4308394682407379,0.4308394682407379,-0.4308394682407379,0.4308394682407379,-2.557834912206275,-1.1586882647645564,-1.0309664329091313,-1.9448814706937894,-3.3769432177703043,1.846237220487006,0.4449081558037675,-0.4308864699352388,0.43831024019803394,0.4198592627056592,-0.43110339876734577,0.42654938155334865
50,0.8520000000000006,-1.0,-0.20878933370113373,-1.0,-1.0,-1.0,0.5289387702941895,0.3030824363231659,-5.654866776,-5.654866776,-2.827433388,-5.654866776,-5.289587130467033,2.5132693925045433,0.4691096770763397,-0.4691096770763397,0.4691096770763397,0.4691096770763397,-0.4691096770763397,0.4691096770763397,-2.536365599772045,-1.1717078477596123,-1.0158948879366005,-1.946119452996073,-3.35255820164997,1.8125961070462495,0.44799908644765707,-0.4519662001553155,0.44903731550558357,0.4539322118504683,-0.45045351146673346,0.4518918525784513
51,0.8680000000000007,-1.0,-0.20640307664871216,-1.0,-1.0,-1.0,0.5395139455795288,0.31504228711128235,-5.654866776,-5.654866776,-2.827433388,-5.654866776,-5.456287130467032,2.6032063672326506,0.47341522336006164,-0.47341522336006164,0.47341522336006164,0.47341522336006164,-0.47341522336006164,0.47341522336006164,-2.515451470995031,-1.174072037815683,-1.025777134663199,-1.9395222308101994,-3.3689719452257116,1.800418737629995,0.4598719233923353,-0.4633498200858417,0.4615762603256531,0.4679976033001164,-0.46460527822990155,0.46581776458202157
52,0.8840000000000007,-1.0,-0.25547417998313904,-1.0,-1.0,-1.0,0.5681691765785217,0.4340984523296356,-5.654866776,-5.654866776,-2.827433388,-5.654866776,-5.622987130467032,2.6979201689682903,0.5162754428386688,-0.5162754428386688,0.5162754428386688,0.5162754428386688,-0.5162754428386688,0.5162754428386688,-2.5110325086278094,-1.1667173582442165,-1.0419925270655885,-1.9255667858900014,-3.390765881832798,1.8061702362695002,0.48450130367510086,-0.48290556229397325,0.48348772928066697,0.4847975321018156,-0.48365078121966615,0.4847462105531226
53,0.9020000000000007,-0.9709917306900024,-0.2264700084924698,-1.0,-1.0,-1.0,0.5798212885856628,0.34754112362861633,-5.654866776,-5.654866776,-2.827433388,-5.654866776,-5.654866776,2.7945763777755204,0.48511480450630184,-0.48511480450630184,0.48511480450630184,0.48511480450630184,-0.48511480450630184,0.48511480450630184,-2.5126319324387247,-1.149916847698979,-1.0670722606939067,-1.8975470936109893,-3.4174845781296534,1.8294148162863781,0.5090087667505327,-0.5083186839735869,0.5075313578386927,0.5079214655859411,-0.5075676115423731,0.5075897485631581
54,0.9180000000000007,-0.8814296722412109,-0.14994515478610992,-1.0,-1.0,-1.0,0.5189056992530823,0.2000894546508789,-5.654866776,-5.654866776,-2.827433388,-5.654866776,-5.654866776,2.881077957841009,0.4320322036743164,-0.4320322036743164,0.4320322036743164,0.4320322036743164,-0.4320322036743164,0.4320322036743164,-2.516045256182102,-1.1341194965835057,-1.0972977262142547,-1.867172295589988,-3.4454526698181196,1.8815182964573085,0.5214204100508462,-0.5190212415879893,0.5202990870202848,0.5194054948758565,-0.5196647677342637,0.5198492274064235
55,0.9340000000000007,-0.8109081387519836,-0.08025246858596802,-1.0,-1.0,-1.0,0.4497997760772705,0.08635282516479492,-5.654866776,-5.654866776,-2.827433388,-5.654866776,-5.654866776,2.9560595805130903,0.39108701705932614,-0.39108701705932614,0.39108701705932614,0.39108701705932614,-0.39108701705932614,0.39108701705932614,-2.515824093339492,-1.1214320198743921,-1.1146936308785202,-1.830299946910985,-3.4630202022453065,1.940749982986014,0.5303908424741046,-0.5285745083603949,0.5288710912077841,0.5276432478496066,-0.5282264006993497,0.5280030398347595
56,0.9520000000000007,-0.7119541168212891,0.02198469452559948,-1.0,-1.0,-1.0,0.35739606618881226,-0.09670253843069077,-5.654866776,-5.651201927422583,-2.827433388,-5.654866776,-5.654866776,3.015637504746765,0.3251870861649513,-0.3251870861649513,0.3251870861649513,0.3251870861649513,-0.3251870861649513,0.3251870861649513,-2.513884326274511,-1.10688090060404,-1.132212840312803,-1.7920286233705836,-3.4883694694867646,2.0112840255390503,0.528543568435512,-0.5273062773165127,0.527322651620874,0.5276968717790836,-0.5277132091536072,0.5276533480641579
57,0.9680000000000007,-0.6118951439857483,0.09122779220342636,-1.0,-1.0,-1.0,0.2957621216773987,-0.2290358990430832,-5.654866776,-5.635994254462272,-2.827433388,-5.654866776,-5.654866776,3.0649410504303876,0.27754707634449005,-0.27754707634449005,0.27754707634449005,0.27754707634449005,-0.27754707634449005,0.27754707634449005,-2.5117364247556284,-1.094368985870903,-1.1476823140113686,-1.7569733690593463,-3.512230332513303,2.0762608974368373,0.5218690204429978,-0.5210235417979674,0.5207997617571961,0.5210931240042972,-0.5209446968866936,0.521013189079192
58,0.9840000000000008,-0.5258897542953491,0.14109405875205994,-1.0,-1.0,-1.0,0.24910572171211243,-0.3226315379142761,-5.654866776,-5.612473874868304,-2.827433388,-5.654866776,-5.654866776,3.1064669742397966,0.2438526463508606,-0.2438526463508606,0.2438526463508606,0.2438526463508606,-0.2438526463508606,0.2438526463508606,-2.509616051512199,-1.083007257767274,-1.1626349752381213,-1.7231727858758787,-3.537873009992373,2.1431457968283216,0.5117660370383629,-0.5107966801195423,0.5107004746009123,0.5108447132815255,-0.5108081993939296,0.5107516386771098
59,1.0020000000000007,-0.4573162794113159,0.1742779165506363,-1.0,-1.0,-1.0,0.21856378018856049,-0.38249003887176514,-5.654866776,-5.5834217461793125,-2.827433388,-5.654866776,-5.654866776,3.14290155639723,0.22230358600616454,-0.22230358600616454,0.22230358600616454,0.22230358600616454,-0.22230358600616454,0.22230358600616454,-2.507869545452892,-1.0721430760974109,-1.179878604164697,-1.6865258853704743,-3.568594604116,2.2192961217917846,0.49754486075493987,-0.4967378194004914,0.49663891317216236,0.49683040066678313,-0.4967176656363385,0.49676363706974264
60,1.0180000000000007,-0.4017618000507355,0.20525150001049042,-1.0,-1.0,-1.0,0.18942046165466309,-0.4399052858352661,-5.654866776,-5.5492063211275635,-2.827433388,-5.654866776,-5.654866776,3.174477947355062,0.2016340970993042,-0.2016340970993042,0.2016340970993042,0.2016340970993042,-0.2016340970993042,0.2016340970993042,-2.5071317903620933,-1.065096238972169,-1.193444447800058,-1.6579867291060586,-3.597888248573547,2.287516935675103,0.48290310278728454,-0.48186146392474144,0.4819639719431834,0.4818768610036726,-0.4818951126437074,0.4818925969073256
61,1.0340000000000007,-0.3653613328933716,0.23728719353675842,-1.0,-1.0,-1.0,0.15669912099838257,-0.49936074018478394,-5.654866776,-5.509650545964986,-2.827433388,-5.654866776,-5.654866776,3.2005996908254923,0.18023013353347778,-0.18023013353347778,0.18023013353347778,0.18023013353347778,-0.18023013353347778,0.18023013353347778,-2.5066458662257554,-1.059626797721487,-1.2063627681425553,-1.6307635455411145,-3.6273486894922775,2.354349125352709,0.46628050679794286,-0.465565926007392,0.4654629778957069,0.46566271885572286,-0.4655219679913174,0.4655544901869345
62,1.0520000000000007,-0.3330135941505432,0.2703985869884491,-1.0,-1.0,-1.0,0.12456971406936646,-0.5686610341072083,-5.654866776,-5.464575101514011,-2.827433388,-5.654866776,-5.654866776,3.221365462160856,0.15528202772140504,-0.15528202772140504,0.15528202772140504,0.15528202772140504,-0.15528202772140504,0.15528202772140504,-2.5060196995830464,-1.0540186955667326,-1.2177731018567488,-1.605720060977593,-3.661731683115048,2.428049974625594,0.4451515409777846,-0.44425196649837845,0.4443254068383429,0.4442803544579488,-0.44424694633604683,0.4442914182749613
63,1.0680000000000007,-0.3053433895111084,0.3050056993961334,-1.0,-1.0,-1.0,0.09153525531291962,-0.6450448632240295,-5.654866776,-5.413730651424676,-2.827433388,-5.654866776,-5.654866776,3.2366243892215194,0.12778384923934935,-0.12778384923934935,0.12778384923934935,0.12778384923934935,-0.12778384923934935,0.12778384923934935,-2.5066262831345902,-1.04721687970594,-1.2278775439417806,-1.585876771893245,-3.6915786324697484,2.490788257249876,0.42334318913501934,-0.4226486614255721,0.42259588868624215,0.42272399339058225,-0.4226378968623095,0.4226491108845955
64,1.0840000000000007,-0.2812131345272064,0.3456273674964905,-1.0,-1.0,-1.0,0.052314817905426025,-0.7370957136154175,-5.654866776,-5.356114569263011,-2.827433388,-5.654866776,-5.654866776,3.245345269366354,0.0946455430984497,-0.0946455430984497,0.0946455430984497,0.0946455430984497,-0.0946455430984497,0.0946455430984497,-2.506857432960783,-1.0395865988167146,-1.2386026929453091,-1.5694122034386322,-3.724484232512139,2.551341305839228,0.39871689453653125,-0.3980768497957734,0.398112660068026,0.3982881729168087,-0.3980640035604319,0.3982405687682761
65,1.1020000000000008,-0.2612060308456421,0.3770085573196411,-1.0,-1.0,-1.0,0.021452197805047035,-0.8157476782798767,-5.654866776,-5.2932672427578265,-2.827433388,-5.654866776,-5.654866776,3.2489213507404555,0.06633083581924439,-0.06633083581924439,0.06633083581924439,0.06633083581924439,-0.06633083581924439,0.06633083581924439,-2.5048359094648984,-1.031924152191398,-1.2513528648869137,-1.5635925965141784,-3.7831879046615464,2.615940802649149,0.36676747480811817,-0.3673109294807623,0.3665680457714935,0.36860113372516023,-0.36698376043872233,0.36747777100094303
66,1.1180000000000008,-0.2628740966320038,0.3815404176712036,-1.0,-1.0,-1.0,0.011465334333479404,-0.8572463393211365,-5.654866776,-5.229664455132037,-2.827433388,-5.654866776,-5.654866776,3.2508326219738466,0.05139131784439087,-0.05139131784439087,0.05139131784439087,0.05139131784439087,-0.05139131784439087,0.05139131784439087,-2.501677615376618,-1.0264794592241728,-1.2663861861715449,-1.567709928354733,-3.867068497553221,2.669619796062622,0.34119139076965666,-0.3421548947012689,0.34068455148500554,0.3438677123550645,-0.3415564320994693,0.34307546882093176
67,1.1340000000000008,-0.2746879756450653,0.3668540418148041,-1.0,-1.0,-0.9904887676239014,0.01678624004125595,-0.8704468607902527,-5.654866776,-5.168509886361509,-2.827433388,-5.654866776,-5.654866776,3.253630888188724,0.046639130115509034,-0.046639130115509034,0.046639130115509034,0.046639130115509034,-0.046639130115509034,0.046639130115509034,-2.499949320712854,-1.0179984081304676,-1.2832840347088947,-1.5754498739509748,-3.9726386869235593,2.7203766872991286,0.32059485867195947,-0.32046579798705477,0.31909502470100903,0.3212695978025375,-0.319764069534004,0.32100126604954526
68,1.1520000000000008,-0.18210157752037048,0.5268489122390747,-1.0,-1.0,-0.9836046099662781,-0.07918620109558105,-1.0,-5.654866776,-5.080684172691255,-2.827433388,-5.654866776,-5.654866776,3.2404305484660907,0.0,0.0,0.0,0.0,0.0,0.0,-2.498629939636166,-1.013024445846626,-1.2916585241313336,-1.602139244503216,-4.109880957871556,2.7705237393324116,0.2923176892576661,-0.2924077882005014,0.2915121080581408,0.2937194645636712,-0.2918465549513614,0.2929893590668895
69,1.1680000000000008,-0.1268409937620163,0.6366921663284302,-1.0,-1.0,-0.9495468139648438,-0.1619511991739273,-1.0,-5.654866776,-4.974547588564305,-2.827433388,-5.654866776,-5.654866776,3.213433283563797,0.0,0.0,0.0,0.0,0.0,0.0,-2.4986316994298288,-1.0239748757653757,-1.284291785823167,-1.6803336639883375,-4.243382830601492,2.80683664808335,0.26307306864443175,-0.2642520970156957,0.2638894643198787,0.26685170561823884,-0.26427972980849096,0.26558224711738765
70,1.1840000000000008,-0.09316211938858032,0.6892284154891968,-1.0,-1.0,-0.8989418745040894,-0.21657989919185638,-1.0,-5.654866776,-4.859653211702256,-2.827433388,-5.654866776,-5.654866776,3.1773294143685145,0.0,0.0,0.0,0.0,0.0,0.0,-2.500262221653884,-1.035865234873214,-1.271482137069604,-1.703996081534916,-4.326617831815708,2.8392556523961896,0.2467424055823726,-0.24163013932967786,0.24514913922108397,0.24277498602481037,-0.24462906049840935,0.24387850140032274
71,1.2020000000000008,-0.034826941788196564,0.7313527464866638,-1.0,-1.0,-0.8618631958961487,-0.25393927097320557,-1.0,-5.654866776,-4.737736708862929,-2.827433388,-5.654866776,-5.654866776,3.1349977378972813,0.0,0.0,0.0,0.0,0.0,0.0,-2.501607624621369,-1.0489847360830797,-1.2514183167181636,-1.7395250771103865,-4.398728677197738,2.866463774708008,0.21828342756363855,-0.21788350785399274,0.21818812734551316,0.21792515853949646,-0.2178479023761226,0.21796118611887477
72,1.2180000000000009,0.006945078261196613,0.7445298433303833,-1.0,-1.0,-0.8251714110374451,-0.26444506645202637,-1.0,-5.653709031453859,-4.613623583979754,-2.827433388,-5.654866776,-5.654866776,3.0909147453197283,0.0,0.0,0.0,0.0,0.0,0.0,-2.5051963894870424,-1.0618008927910558,-1.2277590990638456,-1.7921420381625923,-4.462861933940201,2.8849264171552607,0.19658472128173157,-0.19706608305909473,0.19699547813617477,0.1978161190529433,-0.19694158750232563,0.1974987328113884
73,1.2340000000000009,0.028797393664717674,0.7307568788528442,-1.0,-1.0,-0.8029304146766663,-0.24849434196949005,-1.0,-5.648908505929951,-4.491806412274984,-2.827433388,-5.654866776,-5.654866776,3.0494907385134145,0.0,0.0,0.0,0.0,0.0,0.0,-2.509420196034507,-1.0761226526688539,-1.2002704821383954,-1.8636509488631328,-4.53553947170006,2.8984724765717815,0.17744080044725055,-0.17806851802680496,0.1779865477950543,0.1793133614774313,-0.17801456308371238,0.17875448317473255
74,1.252000000000001,-0.006463862955570221,0.6943973302841187,-1.0,-0.987372100353241,-0.7696248888969421,-0.235917329788208,-1.0,-5.649986031884644,-4.376050377316622,-2.827433388,-5.654866776,-5.654866776,3.01016331963772,0.0,0.0,0.0,0.0,0.0,0.0,-2.513019437509628,-1.1041303522886974,-1.1650075917806586,-1.9874773755840767,-4.643467692289501,2.908729137802167,0.15811885700653308,-0.15902386165353666,0.15888923274558775,0.16110329143970958,-0.15897703841839486,0.16013498879762375
75,1.268000000000001,-0.05095326900482178,0.6579449772834778,-1.0,-0.9474104642868042,-0.7578144073486328,-0.21955078840255737,-1.0,-5.654866776,-4.266370949603466,-2.827433388,-5.654866776,-5.654866776,2.973564203211014,0.0,0.0,0.0,0.0,0.0,0.0,-2.5140826191212162,-1.1427455395882617,-1.1173733979015108,-2.13851968357693,-4.724589129599761,2.9141189329427206,0.14304731860975983,-0.14374390017231273,0.14366449990156213,0.14568124469904054,-0.1435147437321186,0.14468621026806708
76,1.284000000000001,0.10554339736700058,0.7355737090110779,-1.0,-1.0,-0.8365967869758606,-0.1909448653459549,-1.0,-5.6372726916589215,-4.143750812311319,-2.827433388,-5.654866776,-5.654866776,2.9417336941578434,0.0,0.0,0.0,0.0,0.0,0.0,-2.5206216356250333,-1.1892417410229004,-1.0820753838461905,-2.3734603746696954,-4.806368669352725,2.916480669990492,0.12874294685547322,-0.13005846261132636,0.1298971398819907,0.13339660823229763,-0.12998679046453343,0.13181242109500452
77,1.302000000000001,0.14273570477962494,0.7310165166854858,-1.0,-1.0,-0.8468389511108398,-0.16009582579135895,-1.0,-5.6134786496721585,-4.0218903589798485,-2.827433388,-5.654866776,-5.654866776,2.9150457199984237,0.0,0.0,0.0,0.0,0.0,0.0,-2.5211332231956343,-1.2594056840992784,-1.028021971398455,-2.6594265322396335,-4.887209951477042,2.916416563613005,0.1172699835342882,-0.1166174195716983,0.11694271335806312,0.11635266006528987,-0.11700145693762545,0.1167035190553422
78,1.318000000000001,0.1401238590478897,0.6939805746078491,-1.0,-0.9730015397071838,-0.8509041666984558,-0.12057797610759735,-1.0,-5.5901200023688755,-3.90620379719272,-2.827433388,-5.654866776,-5.654866776,2.8949453713812874,0.0,0.0,0.0,0.0,0.0,0.0,-2.5230400350123636,-1.276994985857017,-0.9981542818276824,-2.8661650311498317,-4.950805262158148,2.9146637797666166,0.1066563067361174,-0.10575746575615066,0.10583486799289347,0.10355202388903698,-0.10554981016849677,0.10463062924409672
79,1.334000000000001,0.06731913983821869,0.6258611083030701,-1.0,-0.9290409088134766,-0.8511103391647339,-0.08385618031024933,-1.0,-5.578897901757845,-3.8018727504385983,-2.827433388,-5.654866776,-5.654866776,2.880966546123569,0.0,0.0,0.0,0.0,0.0,0.0,-2.52605679222272,-1.275877677354315,-0.9732196397040254,-3.0732619201499918,-5.012971575413003,2.911937014011163,0.09526172481159151,-0.09530256153489966,0.09530656161634954,0.09522300648434892,-0.09509972390320086,0.09526143427430854
80,1.352000000000001,0.04570997133851051,0.6034553647041321,-1.0,-0.9273821711540222,-0.8870996236801147,-0.05372023209929466,-1.0,-5.5712780495357155,-3.7012767411424194,-2.827433388,-5.654866776,-5.654866776,2.8720113834326164,0.0,0.0,0.0,0.0,0.0,0.0,-2.5315348172404377,-1.2631015104646268,-0.9614269537719089,-3.295048477624346,-5.075111411373641,2.9082957891481107,0.08549524843950707,-0.08512584713156675,0.08535700968161745,0.08480136120567118,-0.08530884232653994,0.08510542671989399
81,1.368000000000001,0.045039623975753784,0.6002970933914185,-1.0,-0.9358667731285095,-0.9231348633766174,-0.03139862045645714,-1.0,-5.563769944218957,-3.60120721567407,-2.827433388,-5.654866776,-5.654866776,2.866777233402525,0.0,0.0,0.0,0.0,0.0,0.0,-2.5429987332060633,-1.2426455553165627,-0.9961936619157001,-3.493934075594487,-5.119300245517517,2.9050539012915886,0.07740803568515908,-0.07742976827458155,0.07762517662060295,0.07761712178756669,-0.07743545570903854,0.07759673706226161
82,1.384000000000001,0.05451591685414314,0.6398822665214539,-1.0,-0.9226264357566833,-0.9886243939399719,-0.039175961166620255,-1.0,-5.554682140879371,-3.494538841844944,-2.827433388,-5.654866776,-5.654866776,2.8602466006760494,0.0,0.0,0.0,0.0,0.0,0.0,-2.557535392555274,-1.2245561670096616,-1.0335742074682042,-3.6568226913811483,-5.168680605649497,2.901213818681805,0.07108996155680397,-0.07020667583628587,0.07047601415928965,0.06887928541068893,-0.07040598149940497,0.0696850033120533
83,1.402000000000001,0.156088724732399,0.7221508622169495,-1.0,-0.9268512725830078,-1.0,-0.05543540045619011,-1.0,-5.52866215046648,-3.3741562931133786,-2.827433388,-5.654866776,-5.654866776,2.8510055194200024,0.0,0.0,0.0,0.0,0.0,0.0,-2.5767949112642534,-1.2044309270120146,-1.079833626345348,-3.839810323093842,-5.210974017408168,2.896680458191428,0.06303769256852076,-0.06291267417806262,0.06301553072058028,0.06272936044605104,-0.06284967821801733,0.06286073718023041
84,1.418000000000001,0.09779319912195206,0.6907751560211182,-1.0,-0.8704537749290466,-0.9814265370368958,-0.06567474454641342,-1.0,-5.5123600241728505,-3.259004074604658,-2.827433388,-5.654866776,-5.654866776,2.8400575395041154,0.0,0.0,0.0,0.0,0.0,0.0,-2.5926074154667114,-1.1889221456556867,-1.1095537145137606,-3.9786306014135873,-5.249265344658952,2.8919989787482314,0.05737580322877874,-0.05694934190154426,0.05711286231305061,0.0564943461920515,-0.056981169818941836,0.05678951528746513
85,1.434000000000001,0.14670830965042114,0.7153155207633972,-1.0,-0.8529615998268127,-0.9856762290000916,-0.07399650663137436,-1.0,-5.487903748954126,-3.1397609772934,-2.827433388,-5.654866776,-5.654866776,2.827722321848665,0.0,0.0,0.0,0.0,0.0,0.0,-2.605352844424398,-1.1822007446582952,-1.1340802484582688,-4.10289747806513,-5.282823193204063,2.8865820872778376,0.052308469410388636,-0.05171498377435723,0.05189916202503773,0.05070535757123206,-0.051843365172290524,0.05133535836665868
86,1.452000000000001,0.15057849884033203,0.7128373980522156,-1.0,-0.8270969390869141,-0.9658519625663757,-0.08245822787284851,-1.0,-5.462802313197442,-3.0209309830380957,-2.827433388,-5.654866776,-5.654866776,2.8139765352622614,0.0,0.0,0.0,0.0,0.0,0.0,-2.6065130591982086,-1.1899732129630942,-1.1214218109694611,-4.21603498529708,-5.334692472432015,2.879852116534705,0.04635072465986223,-0.046274015658098425,0.04626415776830495,0.04591228077248649,-0.0462164761459767,0.04609616063784611
87,1.468000000000001,0.15063612163066864,0.7097353339195251,-1.0,-0.802479088306427,-0.9468664526939392,-0.09158302843570709,-1.0,-5.43769127172161,-2.902618102873711,-2.827433388,-5.654866776,-5.654866776,2.798709644422029,0.0,0.0,0.0,0.0,0.0,0.0,-2.605535601327825,-1.1994771424846589,-1.1036056056527526,-4.305892706763751,-5.386305854669248,2.873159810069514,0.04195219820921146,-0.04185077347150913,0.041910353275081885,0.04166296982030863,-0.04191256878617938,0.041798967908436936
88,1.484000000000001,0.13817662000656128,0.7042073011398315,-1.0,-0.7783614993095398,-0.9260864853858948,-0.10348087549209595,-1.0,-5.414657229166516,-2.7852267457737008,-2.827433388,-5.654866776,-5.654866776,2.7814593824774967,0.0,0.0,0.0,0.0,0.0,0.0,-2.6044128143247236,-1.2076933749622558,-1.0875822718063584,-4.384217675607786,-5.435618913955389,2.865594150351967,0.03830219108223269,-0.037953299638437195,0.038089328038107925,0.03744950911491823,-0.03804134472851901,0.037774078415728
89,1.5020000000000011,0.11339838057756424,0.6980105042457581,-1.0,-0.7560014724731445,-0.9042830467224121,-0.12112239748239517,-1.0,-5.395753719124236,-2.668868394715933,-2.827433388,-5.654866776,-5.654866776,2.7612682788171816,0.0,0.0,0.0,0.0,0.0,0.0,-2.6032710720427077,-1.214369521265316,-1.0735779624497463,-4.457065675352015,-5.482388803667445,2.8559614374263496,0.03449958593786934,-0.03403420088576736,0.034188208275076425,0.033277302875632075,-0.03407726484152991,0.033725398208429014
90,1.5180000000000011,0.09950461238622665,0.7026656866073608,-1.0,-0.7460544109344482,-0.8933542370796204,-0.14222902059555054,-1.0,-5.379166300239452,-2.551734024758486,-2.827433388,-5.654866776,-5.654866776,2.7375587010839033,0.0,0.0,0.0,0.0,0.0,0.0,-2.602466180773597,-1.2185781477692745,-1.0639355363386642,-4.510118473265199,-5.514879710849143,2.846203642789632,0.03126874278613777,-0.030838581867541872,0.030988130496531582,0.030157163186526646,-0.030873202591462708,0.030557930029992252
91,1.5340000000000011,0.11549485474824905,0.7244990468025208,-1.0,-0.7537631392478943,-0.8983927965164185,-0.1655089408159256,-1.0,-5.359913307952919,-2.430960033656506,-2.827433388,-5.654866776,-5.654866776,2.7099683606498886,0.0,0.0,0.0,0.0,0.0,0.0,-2.601822291060812,-1.2219602210361364,-1.055789381517156,-4.555300055854773,-5.540214138604882,2.8349891276341257,0.028252178272034047,-0.027913708518513897,0.028047218820139455,0.02742932960975906,-0.02795265915267485,0.027722266805807732
92,1.5520000000000012,0.2280077189207077,0.7792133092880249,-0.9210129976272583,-0.7996209263801575,-0.9615246057510376,-0.17663611471652985,-1.0,-5.321904421208837,-2.301065174998192,-2.827433388,-5.654866776,-5.654866776,2.680523120326643,0.0,0.0,0.0,0.0,0.0,0.0,-2.601237099452268,-1.2252630268550724,-1.0476244582770713,-4.5997660113396535,-5.562178615424204,2.820768010893943,0.025214215476392937,-0.024955959946219575,0.025070745017329824,0.024638972135804755,-0.02499460750557745,0.024839175839238746
93,1.5680000000000012,0.3546524941921234,0.8050137162208557,-0.7413471341133118,-0.8253438472747803,-1.0,-0.18014338612556458,-1.0,-5.2627838504270095,-2.166869388504175,-2.827433388,-5.654866776,-5.654866776,2.6504932178595113,0.0,0.0,0.0,0.0,0.0,0.0,-2.600632333814237,-1.2275256588602566,-1.0413342090538629,-4.637223573421008,-5.575464302660252,2.8067813536071413,0.022843422105407803,-0.022582674236813843,0.022707508103530914,0.02236720164801742,-0.02261434326570428,0.02251696065029162
94,1.5840000000000012,0.31760838627815247,0.7740353941917419,-0.8472287058830261,-0.7406153082847595,-0.8816327452659607,-0.19558334350585938,-1.0,-5.209838532434442,-2.0378376882924116,-2.827433388,-5.654866776,-5.654866776,2.6178894744970846,0.0,0.0,0.0,0.0,0.0,0.0,-2.6005123007259137,-1.2243514683306087,-1.0410098112986879,-4.687985734278514,-5.580005754603677,2.7908182827096413,0.023422674120553363,-0.019373322768283397,0.02278430356815777,0.0224877975872256,-0.022354251277969705,0.022683039792899824
95,1.6020000000000012,0.3774699866771698,0.7910006642341614,-0.7941533923149109,-0.7497200965881348,-0.9317765831947327,-0.1777283251285553,-1.0,-5.146914285655358,-1.905977877564577,-2.827433388,-5.654866776,-5.654866776,2.5882621626981543,0.0,0.0,0.0,0.0,0.0,0.0,-2.5999960524096037,-1.2168291621535288,-1.0487074422171767,-4.705052925556751,-5.576987696680655,2.7707867044687102,0.02912574465100518,-0.023319542548536555,0.02827264461801732,0.026952590550018918,-0.028281703251630264,0.027548004913761432
96,1.6180000000000012,0.41170641779899597,0.7899730801582336,-0.7715230584144592,-0.7497392296791077,-0.9428690671920776,-0.17002324759960175,-1.0,-5.078282825808265,-1.7742893651021996,-2.827433388,-5.654866776,-5.654866776,2.5599192873233005,0.0,0.0,0.0,0.0,0.0,0.0,-2.5993255843293572,-1.213684940975444,-1.0528711922322422,-4.708742822332853,-5.573985764227277,2.7520439642203653,0.031375621047692294,-0.028243604646838814,0.030704252349100358,0.03075693650160314,-0.030758104004740678,0.03076074335821616
97,1.6340000000000012,0.4403804540634155,0.787044882774353,-0.7462496161460876,-0.7444477677345276,-0.9393911361694336,-0.1674271821975708,-1.0,-5.004871404115893,-1.643088983143715,-2.827433388,-5.654866776,-5.654866776,2.5320091760509653,0.0,0.0,0.0,0.0,0.0,0.0,-2.5986612613169564,-1.2120362023183275,-1.0557941625465188,-4.711465718637216,-5.571826083740986,2.7323347950270445,0.03401978345437905,-0.03127256679671868,0.03327874462788705,0.03329739869487577,-0.03326336120832444,0.03328227658398358
98,1.6520000000000012,0.46338340640068054,0.7822490334510803,-0.7242356538772583,-0.7338055968284607,-0.9287043809890747,-0.1649434119462967,-1.0,-4.9276253902689,-1.5126880692674198,-2.827433388,-5.654866776,-5.654866776,2.5045131092795176,0.0,0.0,0.0,0.0,0.0,0.0,-2.5977776637593677,-1.2100415963365194,-1.0595857882528952,-4.713728312865292,-5.569888450514319,2.7092891075692154,0.03644384087383848,-0.033648815705291775,0.03578216433982461,0.035861017875364255,-0.035800029118927636,0.035812792934323545
99,1.6680000000000013,0.4798509478569031,0.7765828371047974,-0.7082046866416931,-0.7207322716712952,-0.9154680371284485,-0.16248108446598053,-1.0,-4.847634237261154,-1.3832317103220502,-2.827433388,-5.654866776,-5.654866776,2.477427512499039,0.0,0.0,0.0,0.0,0.0,0.0,-2.5963712493311086,-1.2069437407828547,-1.065457423812057,-4.716243996673837,-5.568333451803866,2.688246083610409,0.039073096322404834,-0.03591019906680307,0.03835130494130666,0.03829844202168001,-0.03822791209809338,0.03835290290363886
100,1.6840000000000013,0.4908149242401123,0.7713617086410522,-0.6983214020729065,-0.7083683609962463,-0.9024465084075928,-0.16104789078235626,-1.0,-4.765815389390327,-1.2546457134915867,-2.827433388,-5.654866776,-5.654866776,2.45058082910562,0.0,0.0,0.0,0.0,0.0,0.0,-2.594677084620715,-1.2017862395984258,-1.0752986619707792,-4.718981393717081,-5.564939770328941,2.6671468703029495,0.03924202327310328,-0.03661923824538264,0.0386209756430834,0.038720363224238406,-0.038698317867147045,0.03863256629233383
101,1.7020000000000013,0.4978313446044922,0.7672633528709412,-0.6931610107421875,-0.6979685425758362,-0.8903242945671082,-0.1613650619983673,-1.0,-4.682826904244759,-1.1267429125680009,-2.827433388,-5.654866776,-5.654866776,2.423681273270492,0.0,0.0,0.0,0.0,0.0,0.0,-2.5919923891398846,-1.1929409646304978,-1.09153220169474,-4.722441985806034,-5.561525279094189,2.6427605146353064,0.04085019890489187,-0.03813439228421951,0.04015823098933064,0.04018713910324789,-0.04025733381355723,0.04014340773763379
102,1.7180000000000013,0.5027735829353333,0.7645056843757629,-0.6905779838562012,-0.689541757106781,-0.879146933555603,-0.16349424421787262,-1.0,-4.599014547969438,-0.9992998149825612,-2.827433388,-5.654866776,-5.654866776,2.396426782759373,0.0,0.0,0.0,0.0,0.0,0.0,-2.5888491672105105,-1.1833841745214764,-1.1085906121986948,-4.727313287680359,-5.5594851849979126,2.620288437215133,0.04230761001642879,-0.039566016781098313,0.0416664916359782,0.041692973445788754,-0.04161295944914198,0.04168814060658658
103,1.7340000000000013,0.5078540444374084,0.7632573843002319,-0.6884065270423889,-0.6830539703369141,-0.8692807555198669,-0.16717131435871124,-1.0,-4.514355278761722,-0.8720648090197125,-2.827433388,-5.654866776,-5.654866776,2.3685593246557755,0.0,0.0,0.0,0.0,0.0,0.0,-2.5856938137405665,-1.1719131984810836,-1.1285994945915148,-4.736606690082978,-5.55850819713191,2.597456277468066,0.04274257191597218,-0.040217003206715146,0.04183590344905393,0.041528702198316086,-0.041922116384521216,0.041568841757519605
104,1.7520000000000013,0.5125508904457092,0.762632429599762,-0.6864117980003357,-0.677301824092865,-0.8592783808708191,-0.1720438003540039,-1.0,-4.428913045324423,-0.7449339830054322,-2.827433388,-5.654866776,-5.654866776,2.339879623136763,0.0,0.0,0.0,0.0,0.0,0.0,-2.58360405638908,-1.162385140929771,-1.1426514094503581,-4.754025742291126,-5.556013702133925,2.571811494303832,0.05960543320516174,-0.05577069021439154,0.057627623325179254,0.056664038063194366,-0.05679380126719193,0.05725260426797077
105,1.7680000000000013,0.4937697947025299,0.7575737833976746,-0.7047744989395142,-0.664467453956604,-0.8345410227775574,-0.1821785420179367,-1.0,-4.346601620547511,-0.6186464333130399,-2.827433388,-5.654866776,-5.654866776,2.309510460182373,0.0,0.0,0.0,0.0,0.0,0.0,-2.5845694208136996,-1.1600033952063515,-1.143803450305711,-4.761938611432219,-5.548232018679506,2.552896262894442,0.060831296556621735,-0.05858992320376569,0.059203324699203315,0.05905657542613278,-0.06010554700551668,0.058891264809865285
106,1.7840000000000014,0.4103715717792511,0.7396459579467773,-0.7831425666809082,-0.6329915523529053,-0.7769302725791931,-0.20708930492401123,-1.0,-4.27819267953191,-0.4953474521233121,-2.827433388,-5.654866776,-5.654866776,2.2749886730515403,0.0,0.0,0.0,0.0,0.0,0.0,-2.5844105250352998,-1.1582175072613383,-1.1456892021522176,-4.765269615035163,-5.542244903383759,2.531431598741595,0.0618464500355224,-0.06017474335502898,0.061283349981599754,0.06135237161234665,-0.061070517730978206,0.06134147384081807
107,1.8020000000000014,0.3417362868785858,0.746261477470398,-0.8635920286178589,-0.6400437951087952,-0.7547348141670227,-0.24997884035110474,-1.0,-4.221225240509249,-0.37094566382899674,-2.827433388,-5.654866776,-5.654866776,2.2333172003650112,0.0,0.0,0.0,0.0,0.0,0.0,-2.5838855227720354,-1.156546218180131,-1.1478767161885626,-4.768843040376698,-5.537430197261854,2.5041775550329888,0.0644891420348182,-0.06304727761003417,0.06362320038448237,0.06369682295795376,-0.06366968192032876,0.06363299129458068
108,1.8180000000000014,0.30581745505332947,0.7699700593948364,-0.929967999458313,-0.6716247797012329,-0.7526174187660217,-0.3014943599700928,-1.0,-4.170245470751859,-0.2425916549278775,-2.827433388,-5.654866776,-5.654866776,2.1830580905579966,0.0,0.0,0.0,0.0,0.0,0.0,-2.5833477605047186,-1.1547286480741583,-1.1504697332088234,-4.7730787621144435,-5.5327990839863,2.4777501480404425,0.06715020809847144,-0.06575708545020138,0.0663478367764894,0.06636401586007,-0.06630482809536596,0.06635613388343635
109,1.8340000000000014,0.29919129610061646,0.8007448315620422,-0.9742592573165894,-0.7064971327781677,-0.7520982027053833,-0.3519059419631958,-1.0,-4.120370281691886,-0.10910749150648502,-2.827433388,-5.654866776,-5.654866776,2.124395370032732,0.0,0.0,0.0,0.0,0.0,0.0,-2.582885755562254,-1.1525224434285337,-1.1535647943237755,-4.777891900233097,-5.527121260803337,2.4487205720382392,0.07025067708128309,-0.068963952982561,0.06939865264038658,0.06939656175088647,-0.06936937410810697,0.06939903291167002
110,1.8520000000000014,0.3119887411594391,0.8312522172927856,-1.0,-0.7337906360626221,-0.7444667220115662,-0.3957202434539795,-1.0,-4.0683617585406076,0.02946225311622236,-2.827433388,-5.654866776,-5.654866776,2.0584288054489535,0.0,0.0,0.0,0.0,0.0,0.0,-2.582202485585104,-1.1495809126209244,-1.1574662601947905,-4.7843066176947975,-5.52021268812596,2.4123660159275166,0.07388537626977504,-0.07277713518856828,0.07304468064054336,0.0731488713657249,-0.07305840426435602,0.07309318265138816
111,1.8680000000000014,0.3356400728225708,0.8581348657608032,-1.0,-0.750997006893158,-0.7279711365699768,-0.4315022826194763,-1.0,-4.012410558401085,0.17251333523854828,-2.827433388,-5.654866776,-5.654866776,1.9864973749362869,0.0,0.0,0.0,0.0,0.0,0.0,-2.582194683463525,-1.1444249940605804,-1.1631726138852878,-4.794483520754349,-5.511169799865801,2.3766779924247827,0.07881747841883442,-0.07706428629442375,0.07777816210452658,0.07753154520443609,-0.0775634323298988,0.07765385375814735
112,1.8840000000000015,0.3929758369922638,0.90456223487854,-0.9944343566894531,-0.7552971243858337,-0.6895741820335388,-0.4639027416706085,-1.0,-3.946901486374475,0.3233038597928009,-2.827433388,-5.654866776,-5.654866776,1.9091647878997964,0.0,0.0,0.0,0.0,0.0,0.0,-2.5819186366372064,-1.1329821857124855,-1.1747947421101856,-4.819926715765934,-5.4995202620831565,2.3348904776487056,0.07952568137450174,-0.07867588338942803,0.07902883028497212,0.08053541161683832,-0.07937941878882167,0.07968725931890248
113,1.9020000000000015,0.4731518030166626,0.8782173991203308,-0.9935894012451172,-0.7602978348731995,-0.6489028930664062,-0.5044142603874207,-1.0,-3.868027080811597,0.46970270022616006,-2.827433388,-5.654866776,-5.654866776,1.8250789306932134,0.0,0.0,0.0,0.0,0.0,0.0,-2.583096788997836,-1.088807930370623,-1.2347771581039841,-4.883504020793057,-5.506008886229417,2.2836330023131604,0.07170515011497927,-0.07234071034068121,0.07189434312856595,0.07373491801727274,-0.07328493537575327,0.07315584365356842
114,1.9180000000000015,0.5275952219963074,0.8822495937347412,-0.9950211048126221,-0.7162782549858093,-0.5737606883049011,-0.5156397819519043,-1.0,-3.7800769573048125,0.6167737075017414,-2.827433388,-5.654866776,-5.654866776,1.739121779041831,0.0,0.0,0.0,0.0,0.0,0.0,-2.5883772672827017,-1.0292395424780658,-1.3137286144878089,-4.932984179490314,-5.516555363855138,2.2389018626332318,0.06601764752426792,-0.06613386630295294,0.0659161231029912,0.0650214089484329,-0.0667751111587283,0.06611111430376138
115,1.9340000000000015,0.5546066761016846,0.8975162506103516,-1.0,-0.6938103437423706,-0.5154308676719666,-0.533799409866333,-1.0,-3.6876240243986618,0.766389666478487,-2.827433388,-5.654866776,-5.654866776,1.6501374174171133,0.0,0.0,0.0,0.0,0.0,0.0,-2.5986494169280254,-0.9565461243658888,-1.4076336482038305,-4.985906155804846,-5.525687264884295,2.1876100061394625,0.06274791422910733,-0.06187139592786908,0.06312064660265589,0.061495894139051474,-0.061893812684331924,0.06174210150508755
116,1.9520000000000015,0.5556997060775757,0.9239961504936218,-1.0,-0.7032691836357117,-0.4689059257507324,-0.5732613801956177,-1.0,-3.59498888339553,0.9204198247657738,-2.827433388,-5.654866776,-5.654866776,1.5545747453385037,0.0,0.0,0.0,0.0,0.0,0.0,-2.615884568310451,-0.8663952386971628,-1.5067077690373556,-5.027296957241586,-5.537079244995691,2.13443245703177,0.0541295289886186,-0.054394659982526246,0.054623319965812545,0.05368721248702485,-0.05433176358155225,0.05190557677249135
117,1.9680000000000015,0.49038562178611755,0.9304969310760498,-1.0,-0.7502837181091309,-0.4961405396461487,-0.6423367261886597,-1.0,-3.5132416002437843,1.0755336631761514,-2.827433388,-5.654866776,-5.654866776,1.447497213082854,0.0,0.0,0.0,0.0,0.0,0.0,-2.636443229093293,-0.7771235158214069,-1.5927654587612963,-5.0791242158559795,-5.545686889101927,2.0780576801446813,0.04863873237038957,-0.04883129279092429,0.048762127900506554,0.049201893014492584,-0.04883578737162377,0.04829291667556577
118,1.9840000000000015,0.40418484807014465,0.9625704884529114,-1.0,-0.8164688348770142,-0.5121703743934631,-0.7024414539337158,-1.0,-3.445863986070491,1.2359941636012517,-2.827433388,-5.654866776,-5.654866776,1.3304002227121037,0.0,0.0,0.0,0.0,0.0,0.0,-2.6621616326364332,-0.6801715970770865,-1.6861303816204856,-5.129402207621475,-5.5532948316873085,2.0165745240320354,0.04425927929688594,-0.04409626680924957,0.04417926579877694,0.04403742265602153,-0.04415770436330442,0.04423874106161922
119,2.002000000000001,0.413252055644989,0.9994748830795288,-1.0,-0.8940138816833496,-0.5174036622047424,-0.8143344521522522,-1.0,-3.3769748683944716,1.4026066266106092,-2.827433388,-5.654866776,-5.654866776,1.1946506695383232,0.0,0.0,0.0,0.0,0.0,0.0,-2.697533039360226,-0.5640513661900639,-1.7906549127265363,-5.181543663878681,-5.561264603402924,1.9409148702952292,0.03967535374707138,-0.0395169968764527,0.03960878251696622,0.03934546365584152,-0.03949112115567794,0.03952958835282999
120,2.0179999999999993,0.409150630235672,0.9864646196365356,-0.9433751702308655,-0.9202082753181458,-0.603046715259552,-0.8694376945495605,-1.0,-3.308769458334185,1.5670502787040197,-2.827433388,-5.654866776,-5.654866776,1.0497154058569114,0.0,0.0,0.0,0.0,0.0,0.0,-2.7345125419076095,-0.45492502345667984,-1.8788973792685248,-5.224071690967475,-5.567924821027565,1.867608075249991,0.03598313531662625,-0.03583954986782717,0.03593212241396518,0.03569647974401458,-0.03583146079999814,0.035800565583121856
121,2.0339999999999976,0.3872624337673187,1.0,-0.9179930090904236,-0.9153855443000793,-0.6256532669067383,-0.8860599398612976,-1.0,-3.2442128106251733,1.7337502787040198,-2.827433388,-5.654866776,-5.654866776,0.902009213882033,0.0,0.0,0.0,0.0,0.0,0.0,-2.775831951922265,-0.33959606405800885,-1.9609616523252482,-5.263228979102217,-5.574263239160377,1.7881787789568728,0.0326591059126119,-0.03252313079419923,0.0326201973311083,0.03242967483457016,-0.03252576363842103,0.03250461714677528
122,2.0519999999999956,0.3564704358577728,1.0,-0.9244649410247803,-0.9200047254562378,-0.6439631581306458,-0.8966229557991028,-1.0,-3.1847891889676827,1.9004502787040198,-2.827433388,-5.654866776,-5.654866776,0.7525421671503226,0.0,0.0,0.0,0.0,0.0,0.0,-2.825563488971711,-0.20123004641555642,-2.0449347336856785,-5.303445439096041,-5.581096683074661,1.692837287114721,0.029312421348975687,-0.029198290074611846,0.029296914540459115,0.02918588791267836,-0.029195444923019002,0.029222595035746323
123,2.067999999999994,0.34252142906188965,1.0,-0.9536146521568298,-0.9423564076423645,-0.6466884016990662,-0.9046363234519958,-1.0,-3.1276908667430656,2.0671502787040197,-2.827433388,-5.654866776,-5.654866776,0.6017392920308748,0.0,0.0,0.0,0.0,0.0,0.0,-2.870034526824504,-0.06945286684820884,-2.1117885797862996,-5.335964529396983,-5.586987781782726,1.6030907785696367,0.026690112629401005,-0.026580334486667516,0.026684092005520854,0.02659304917184863,-0.02658166339272757,0.026617208757648732
124,2.083999999999992,0.33439067006111145,1.0,-1.0,-1.0,-0.5959945321083069,-0.825860321521759,-1.0,-3.071947942043878,2.2338502787040198,-2.827433388,-5.654866776,-5.654866776,0.4640683764331976,0.0,0.0,0.0,0.0,0.0,0.0,-2.911008802325018,0.07211394645427414,-2.1714126637860405,-5.365663241768105,-5.592739718221341,1.5094030574854391,0.024331707176464143,-0.024241093772490226,0.024343014083456762,0.024295232856687814,-0.024239310301279574,0.024293849482540753
125,2.10199999999999,0.3727013170719147,1.0,-1.0,-1.0,-0.5372043251991272,-0.8641736507415771,-1.0,-3.00981863248799,2.40055027870402,-2.827433388,-5.654866776,-5.654866776,0.32001062885457665,0.0,0.0,0.0,0.0,0.0,0.0,-2.9478264474493403,0.244631347942151,-2.229580092555816,-5.3957865815455,-5.598951457364147,1.3999228234955754,0.021959574103427016,-0.02188644249314184,0.021982446965945292,0.021967074733715466,-0.021885936549835307,0.021948105992301802
126,2.1179999999999883,0.35524216294288635,1.0,-1.0,-1.0,-0.5247759819030762,-0.8542041182518005,-1.0,-2.950599763925411,2.56725027870402,-2.827433388,-5.654866776,-5.654866776,0.1776148023420015,0.0,0.0,0.0,0.0,0.0,0.0,-2.96960580508537,0.40976268217736805,-2.27224997907903,-5.419645812954521,-5.60398750151119,1.2993873499789548,0.02006172563428512,-0.019989553726351382,0.020076734339955445,0.02002677359397295,-0.019997515564237154,0.020027947605599138
127,2.1339999999999866,0.34388265013694763,1.0,-1.0,-1.0,-0.5481483340263367,-0.79889315366745,-1.0,-2.893274526147582,2.73395027870402,-2.827433388,-5.654866776,-5.654866776,0.04443931362563758,0.0,0.0,0.0,0.0,0.0,0.0,-2.981709076965636,0.5846384877379949,-2.305099884592652,-5.440827289323233,-5.608318014099717,1.1961546060509014,0.018302706761622562,-0.018224625573035894,0.018302983527130678,0.018215089297061265,-0.01823469554266662,0.01823849084857744
128,2.1519999999999846,0.36728334426879883,1.0,-1.0,-1.0,-0.496230810880661,-0.822277843952179,-1.0,-2.832048392657973,2.90065027870402,-2.827433388,-5.654866776,-5.654866776,-0.09263440296119066,0.0,0.0,0.0,0.0,0.0,0.0,-2.9878809087010394,0.7899099632057542,-2.329429244610136,-5.461574287526251,-5.612361790982882,1.0775021771439848,0.01645761362124516,-0.01637745260710414,0.016449331612844686,0.016350998199733416,-0.01638747863606396,0.016383245691123302
129,2.167999999999983,0.38100650906562805,1.0,-1.0,-1.0,-0.4922313094139099,-0.8318471312522888,-1.0,-2.7685346075967328,3.06735027870402,-2.827433388,-5.654866776,-5.654866776,-0.23130331974094723,0.0,0.0,0.0,0.0,0.0,0.0,-2.9904689638410025,0.9770288302178566,-2.340278507504853,-5.477505969534746,-5.6154608401686845,0.9698368363306453,0.014927781579181131,-0.014881185175297686,0.014934750254689712,0.01485303272841994,-0.014891927585627247,0.01488267939122296
130,2.183999999999981,0.3901189863681793,1.0,-1.0,-1.0,-0.4800693392753601,-0.8229956030845642,-1.0,-2.7035017725691572,3.23405027870402,-2.827433388,-5.654866776,-5.654866776,-0.36849668677514413,0.0,0.0,0.0,0.0,0.0,0.0,-2.9920385306403348,1.1668206466820803,-2.342262833337791,-5.491377731230744,-5.6182700709559885,0.8597464287195568,0.01354124404076272,-0.013507806591495104,0.01355294473938429,0.013496890657269157,-0.013520951373617253,0.013515321987746996
131,2.201999999999979,0.3946084976196289,1.0,-1.0,-1.0,-0.4715181589126587,-0.7953705191612244,-1.0,-2.6377205360159652,3.4007502787040202,-2.827433388,-5.654866776,-5.654866776,-0.5010849523193203,0.0,0.0,0.0,0.0,0.0,0.0,-2.993499061970357,1.3820049249643946,-2.3354682604750097,-5.50477804783343,-5.621203287506884,0.7344742651090234,0.012160499193590442,-0.012098178599605465,0.012153666924162962,0.012113196452772621,-0.012114094351071176,0.012120120957139742
132,2.2179999999999773,0.4014822244644165,1.0,-1.0,-1.0,-0.46316224336624146,-0.7652382850646973,-1.0,-2.570793449197747,3.5674502787040203,-2.827433388,-5.654866776,-5.654866776,-0.6286501744396054,0.0,0.0,0.0,0.0,0.0,0.0,-2.9948946374598195,1.573445302148792,-2.3225719267530573,-5.5149312764793486,-5.6236732731129235,0.6223546226491221,0.011024901133281077,-0.010981641080254184,0.011024846161964929,0.011006768019878332,-0.010993724068855851,0.011002952542186716
133,2.2339999999999756,0.38697549700737,1.0,-1.0,-1.0,-0.4501437842845917,-0.6786540150642395,-1.0,-2.5062846338466187,3.7341502787040204,-2.827433388,-5.654866776,-5.654866776,-0.7417817987508141,0.0,0.0,0.0,0.0,0.0,0.0,-2.9962220794508356,1.7642743219024626,-2.304139557461418,-5.523649337972538,-5.626022045065442,0.5101526772493088,0.010014604031561722,-0.009956308819033153,0.010001940293599541,0.009989955501093509,-0.009970156429313481,0.009980320073232171
134,2.2519999999999736,0.40238335728645325,1.0,-1.0,-1.0,-0.4243263304233551,-0.7355450391769409,-1.0,-2.439207328186967,3.9008502787040205,-2.827433388,-5.654866776,-5.654866776,-0.8643971567816101,0.0,0.0,0.0,0.0,0.0,0.0,-2.9974469053489403,1.9016613082040574,-2.263505488341103,-5.485265237683378,-5.636913802411719,0.38384598936526815,0.006296579299308079,-0.00877964781868602,0.007610935289252689,0.009527298634542677,-0.008549724812114837,0.008775748935427891
135,2.267999999999972,0.40543365478515625,1.0,-1.0,-1.0,-0.4262903332710266,-0.7219049334526062,-1.0,-2.3716215379342813,4.0675502787040205,-2.827433388,-5.654866776,-5.654866776,-0.9847387091881595,0.0,0.0,0.0,0.0,0.0,0.0,-2.996658304527491,1.8942372810512211,-2.186274000315667,-5.46022379546074,-5.644005073730567,0.27172873692395355,0.008377003286019511,-0.006574337946363588,0.007385083496849782,0.006244605014131364,-0.007070576009836623,0.006728457686450936
136,2.28399999999997,0.42658472061157227,1.0,-1.0,-1.0,-0.42924368381500244,-0.7517839074134827,-1.0,-2.3005098650083324,4.23425027870402,-2.827433388,-5.654866776,-5.654866776,-1.110061086553987,0.0,0.0,0.0,0.0,0.0,0.0,-2.9950718391305324,1.8669017887528945,-2.121155504026065,-5.465764977476984,-5.647500471044438,0.1582592835801992,0.007017082650552749,-0.006167871233400884,0.00649416707967642,0.005632444953741253,-0.005963246728740915,0.0059695051824024455
137,2.301999999999968,0.41214337944984436,1.0,-1.0,-1.0,-0.43118345737457275,-0.7726179361343384,-1.0,-2.2318055636540435,4.40095027870402,-2.827433388,-5.654866776,-5.654866776,-1.2388564965075812,0.0,0.0,0.0,0.0,0.0,0.0,-2.9935928913447896,1.8455058823452006,-2.081856903597519,-5.475761637630125,-5.649876492877362,0.029801545931356144,0.005454225056119156,-0.00542887371250379,0.00543302227348096,0.005393292275087959,-0.00542748577721409,0.0054221426586388575
138,2.3179999999999663,0.4386172294616699,1.0,-1.0,-0.9959506392478943,-0.2967897653579712,-0.7229998707771301,-1.0,-2.158688071502783,4.567650278704019,-2.827433388,-5.654866776,-5.654866776,-1.3593805749661287,0.0,0.0,0.0,0.0,0.0,0.0,-2.9925452946522166,1.835263277225338,-2.0702395216001923,-5.4859492790902955,-5.651380739824711,-0.08436011885662421,0.004840390235601119,-0.004800094950845757,0.00480654049673045,0.004828199208498901,-0.004882414049701094,0.004830258061263101
139,2.3339999999999645,0.4537785053253174,1.0,-1.0,-0.9670549035072327,-0.22666223347187042,-0.6555947065353394,-1.0,-2.0830431946650525,4.734350278704019,-2.827433388,-5.654866776,-5.654866776,-1.46866821254557,0.0,0.0,0.0,0.0,0.0,0.0,-2.991518646003205,1.8296816935263716,-2.072504636017107,-5.4965460068628635,-5.652527782884104,-0.19814209889990986,0.00437441754754325,-0.004289313845078183,0.004304746414705686,0.0042619387819665105,-0.004329097339617595,0.004288794862151015
140,2.3519999999999626,0.45504915714263916,1.0,-1.0,-0.9555039405822754,-0.19331921637058258,-0.6041373014450073,-1.0,-2.0071865001693747,4.901050278704019,-2.827433388,-5.654866776,-5.654866776,-1.5693779006964526,0.0,0.0,0.0,0.0,0.0,0.0,-2.9896936241374354,1.8282689577881872,-2.0868584403700683,-5.5087562715052485,-5.65334401368576,-0.3242960588027324,0.0039203295540858425,-0.003773506810828317,0.0038229279635773384,0.0037091366779365754,-0.003797642986757447,0.0037621442886197802
141,2.367999999999961,0.45356833934783936,1.0,-1.0,-0.9555081129074097,-0.18287159502506256,-0.5648618936538696,-1.0,-1.93157665800009,5.067750278704018,-2.827433388,-5.654866776,-5.654866776,-1.6635403783685527,0.0,0.0,0.0,0.0,0.0,0.0,-2.987660447801401,1.8284327240201226,-2.105198903134493,-5.519190985202545,-5.653937189655043,-0.43439883081374525,0.0034884066072037962,-0.003377217180036288,0.0034208202823298194,0.0033212078995668204,-0.0033971966628215996,0.0033674850272157352
142,2.383999999999959,0.4528142809867859,1.0,-1.0,-0.9585145711898804,-0.1843796670436859,-0.5311427712440491,-1.0,-1.8560925173595928,5.234450278704018,-2.827433388,-5.654866776,-5.654866776,-1.7520818783349357,0.0,0.0,0.0,0.0,0.0,0.0,-2.985425275057078,1.8277877168913124,-2.125774634305642,-5.528844929623601,-5.6546160464645645,-0.5427283987343392,0.00311981186214923,-0.0030191159175905055,0.003062858183009583,0.0029642559207190954,-0.0030452680658945045,0.003011629508888379
143,2.401999999999957,0.4491097331047058,1.0,-1.0,-0.9605348706245422,-0.19090592861175537,-0.4963008165359497,-1.0,-1.7812259248510383,5.4011502787040175,-2.827433388,-5.654866776,-5.654866776,-1.8348152244514786,0.0,0.0,0.0,0.0,0.0,0.0,-2.9820971421834206,1.8276040311556356,-2.1516488599435415,-5.5394468629287585,-5.655024364670909,-0.6616168670723396,0.0028056992135599913,-0.002655575155828197,0.00272431590265509,0.0025905883372571697,-0.0026867465388998196,0.002648757888750855
144,2.4179999999999553,0.44154366850852966,1.0,-1.0,-0.9628673791885376,-0.20372019708156586,-0.46099233627319336,-1.0,-1.7076205953106665,5.567850278704017,-2.827433388,-5.654866776,-5.654866776,-1.9116626469082199,0.0,0.0,0.0,0.0,0.0,0.0,-2.978533165755656,1.8276805822122257,-2.17608840304929,-5.548337872019105,-5.65529779231194,-0.7643978848766022,0.0025125908512386047,-0.002387313961375226,0.0024478393668409103,0.0023268662584931474,-0.002408739984093417,0.002378371854352911
145,2.4339999999999535,0.4301377832889557,1.0,-1.0,-0.966308057308197,-0.22333282232284546,-0.4253145754337311,-1.0,-1.6359166268363976,5.654866776,-2.827433388,-5.654866776,-5.654866776,-1.9825625866330228,0.0,0.0,0.0,0.0,0.0,0.0,-2.974598940136574,1.8275534012640713,-2.2011056580831783,-5.556713117132741,-5.6554974961943385,-0.8645605614335237,0.002263519347090325,-0.002141319490633713,0.0022035233338358767,0.00208903533360667,-0.0021646218316017036,0.0021365482680355276
146,2.4519999999999516,0.41599079966545105,1.0,-1.0,-0.9709845185279846,-0.24953202903270721,-0.3894495666027069,-1.0,-1.566570960532167,5.654866776,-2.827433388,-5.654866776,-5.654866776,-2.047483829385694,0.0,0.0,0.0,0.0,0.0,0.0,-2.9692897764988726,1.828234671095535,-2.230039413056537,-5.565793908665371,-5.655513472324355,-0.9734227345261217,0.0020343830925665823,-0.0018894252325943788,0.0019654431643241314,0.0018442415285972033,-0.0019125885910238835,0.001888801844516221
147,2.46799999999995,0.40071219205856323,1.0,-1.0,-0.9760250449180603,-0.28143274784088135,-0.35345491766929626,-1.0,-1.4997722381160044,5.654866776,-2.827433388,-5.654866776,-5.654866776,-2.106404764161166,0.0,0.0,0.0,0.0,0.0,0.0,-2.964703906916989,1.8280328526122138,-2.2553540122882327,-5.573120001712811,-5.655607148303874,-1.066587543530502,0.0018267820389291077,-0.001705884515210231,0.0017722942169274409,0.0016678430744226436,-0.0017207702821428138,0.0017044166235283195
148,2.483999999999948,0.3858279883861542,1.0,-1.0,-0.9801233410835266,-0.317964643239975,-0.31723669171333313,-1.0,-1.4354547124520325,5.654866776,-2.827433388,-5.654866776,-5.654866776,-2.1592881206697783,0.0,0.0,0.0,0.0,0.0,0.0,-2.9596368967928393,1.8282237343183791,-2.280628882765171,-5.579985589581084,-5.655658563053305,-1.1564425670396816,0.0016545452532305196,-0.0015358338253280196,0.0016026434655127947,0.001502260229211357,-0.001553599935163735,0.0015371301977561362
149,2.501999999999946,0.37286049127578735,1.0,-1.0,-0.9822198152542114,-0.35829994082450867,-0.28081953525543213,-1.0,-1.3732988685563587,5.654866776,-2.827433388,-5.654866776,-5.654866776,-2.206100737196859,0.0,0.0,0.0,0.0,0.0,0.0,-2.9537146277896267,1.8282484604314957,-2.3084478319000223,-5.587093785006549,-5.655710179577256,-1.2530373949563718,0.0015008125273426088,-0.0013661827915056547,0.001440124868062094,0.0013329373144608655,-0.0013851555388147835,0.0013694492226701944
150,2.5179999999999443,0.36316800117492676,1.0,-1.0,-0.981361448764801,-0.4017210900783539,-0.24413283169269562,-1.0,-1.3127587627604984,5.654866776,-2.827433388,-5.654866776,-5.654866776,-2.2467976802400313,0.0,0.0,0.0,0.0,0.0,0.0,-2.9483695923828916,1.827975698059443,-2.3324725692848784,-5.59300370131839,-5.655694792414603,-1.3347603355045063,0.0013535393603306524,-0.0012381416158884018,0.0013038469894618527,0.0012134548356492307,-0.0012515478849260647,0.0012422487972941244
151,2.5339999999999425,0.35802173614501953,1.0,-1.0,-0.9768404960632324,-0.4474247694015503,-0.2074303925037384,-1.0,-1.2530765393451238,5.654866776,-2.827433388,-5.654866776,-5.654866776,-2.2813763266704044,0.0,0.0,0.0,0.0,0.0,0.0,-2.942674822173343,1.8279825813919812,-2.3560032031590734,-5.598487283755756,-5.655667024154859,-1.4126073008552962,0.0012298696264397655,-0.001120864222940953,0.0011836152886849469,0.0011039630506254154,-0.0011336459425337064,0.0011277532133565657
152,2.5519999999999405,0.35829898715019226,1.0,-1.0,-0.9681150913238525,-0.49438247084617615,-0.17078039050102234,-1.0,-1.1933480981871867,5.654866776,-2.827433388,-5.654866776,-5.654866776,-2.3098454177669248,0.0,0.0,0.0,0.0,0.0,0.0,-2.936349528947284,1.8275780678885019,-2.381578630133359,-5.6041713648107585,-5.655618254004717,-1.4951829050532397,0.0011107450130181707,-0.0010016427889407461,0.0010643175900738138,0.000994298863676736,-0.0010125824992731605,0.0010121712739056678
153,2.5679999999999388,0.3640437722206116,1.0,-1.0,-0.9550182819366455,-0.5414628982543945,-0.13420884311199188,-1.0,-1.1326620013580107,5.654866776,-2.827433388,-5.654866776,-5.654866776,-2.3322180319136936,0.0,0.0,0.0,0.0,0.0,0.0,-2.9302785231813844,1.827570025796916,-2.4036747689000975,-5.608851093186939,-5.655558519979597,-1.5640220954311943,0.0010078778140760194,-0.0009111314193937873,0.0009675393026753414,0.0009108366045882764,-0.0009184654014640752,0.0009227639564966163
154,2.583999999999937,0.37458711862564087,1.0,-1.0,-0.9378674626350403,-0.5870853066444397,-0.09833265841007233,-1.0,-1.0702183286831164,5.654866776,-2.827433388,-5.654866776,-5.654866776,-2.3486100860706527,0.0,0.0,0.0,0.0,0.0,0.0,-2.9235021947802187,1.828158330499929,-2.4251985816009354,-5.613435384214946,-5.655442242031207,-1.6285627387267398,0.000900695593934367,-0.0008136622419290152,0.0008664190471875949,0.0008250244949423235,-0.0008191105845718987,0.0008273659272817771
155,2.601999999999935,0.38929376006126404,1.0,-1.0,-0.9169803857803345,-0.6298999786376953,-0.06358875334262848,-1.0,-1.0053230588809037,5.654866776,-2.827433388,-5.654866776,-5.654866776,-2.3592103312528687,0.0,0.0,0.0,0.0,0.0,0.0,-2.9159864268032494,1.8282771649658793,-2.448498050043571,-5.61793034135376,-5.655363138115973,-1.6958150308624829,0.0008200777281435533,-0.0007380666442786569,0.0007904451163895867,0.0007588696712705069,-0.000741861816873744,0.0007569570612658327
156,2.6179999999999333,0.4072030484676361,0.9942872524261475,-1.0,-0.8930274844169617,-0.6690124273300171,-0.030048944056034088,-1.0,-0.9374423107013488,5.654866776,-2.827433388,-5.654866776,-5.654866776,-2.3642194902270095,0.0,0.0,0.0,0.0,0.0,0.0,-2.9093656832273043,1.828098263469444,-2.4685148860067962,-5.6216162262750915,-5.655286414328001,-1.7507933352564895,0.0007470184158238994,-0.0006726604907708653,0.0007217352858389873,0.0007004527974861725,-0.000675150581208187,0.0006938733114868364
157,2.6339999999999315,0.42746007442474365,0.9856936931610107,-1.0,-0.8665025234222412,-0.7035179734230042,0.0021816021762788296,-1.0,-0.866184716294744,5.654866776,-2.827433388,-5.654866776,-5.654866776,-2.363855817144224,0.0,0.0,0.0,0.0,0.0,0.0,-2.9022696226788334,1.8285715316833127,-2.4880423877025075,-5.625070924819377,-5.655184109288025,-1.8012210217198352,0.0006825408805119183,-0.0006161313828495042,0.0006615524626874047,0.000647936747686975,-0.0006183425912031057,0.0006386257797942326
158,2.6519999999999295,0.449173241853714,0.9769342541694641,-1.0,-0.8381296396255493,-0.7331321239471436,0.03302352502942085,-1.0,-0.7913075368777299,5.654866776,-2.827433388,-5.654866776,-5.654866776,-2.3583507955218193,0.0,0.0,0.0,0.0,0.0,0.0,-2.8950518560694127,1.828282205960042,-2.508924861645985,-5.628712415360456,-5.655052940090703,-1.8525074880475536,0.0006198371037532465,-0.0005606519900865506,0.0006023886119860717,0.0006013583688616201,-0.0005613191712138376,0.0005860764211169504
159,2.6679999999999278,0.46790674328804016,0.967801034450531,-1.0,-0.8108574151992798,-0.760164201259613,0.06065399944782257,-1.0,-0.7133074827716136,5.654866776,-2.827433388,-5.654866776,-5.654866776,-2.348239773813867,0.0,0.0,0.0,0.0,0.0,0.0,-2.888550023775002,1.8285353933362785,-2.5267544472021344,-5.631776150223844,-5.65491706862267,-1.893291303691551,0.00057212459914673,-0.000517351785261556,0.0005572287644729217,0.0005627616325135636,-0.000517653379701236,0.000544512929314955
160,2.683999999999926,0.48373714089393616,0.95830237865448,-0.9986773133277893,-0.7840965390205383,-0.7827858924865723,0.08495328575372696,-1.0,-0.6326685013845944,5.654866776,-2.827433388,-5.654866776,-5.654866776,-2.334078061078721,0.0,0.0,0.0,0.0,0.0,0.0,-2.8825485997032914,1.8284734059821686,-2.5436176792323697,-5.634669025173009,-5.6547802117624535,-1.929558729099472,0.0005319388181184962,-0.0004780221233425685,0.000517530374206137,0.0005314215387103135,-0.0004773707436975626,0.0005084419471403439
161,2.701999999999924,0.4968970715999603,0.948454737663269,-0.9647359848022461,-0.7574244141578674,-0.8003019690513611,0.10631607472896576,-1.0,-0.549835759548881,5.654866776,-2.827433388,-5.654866776,-5.654866776,-2.3163551714214026,0.0,0.0,0.0,0.0,0.0,0.0,-2.8764069603920714,1.828066036783818,-2.561427624018895,-5.637620608398147,-5.654628576553773,-1.9651717240896955,0.00048500669015782755,-0.00043446524135385886,0.00047001850939406827,0.0004894917792927567,-0.00043417759056422036,0.00046396437809944995
162,2.7179999999999223,0.5072142481803894,0.9381735920906067,-0.9309270977973938,-0.730772852897644,-0.812831699848175,0.1251423954963684,-1.0,-0.4652831443772101,5.654866776,-2.827433388,-5.654866776,-5.654866776,-2.295493934092158,0.0,0.0,0.0,0.0,0.0,0.0,-2.871121125333342,1.8279683655222219,-2.5763473575534306,-5.63985073360696,-5.6544711980116835,-1.9923433382395381,0.00045773779750670585,-0.000417385028266379,0.0004472259637275686,0.0004692618206828393,-0.00041650415890612095,0.00044541896785745634
163,2.7339999999999205,0.5145881175994873,0.9274818301200867,-0.8976731896400452,-0.7043241262435913,-0.8208030462265015,0.14172972738742828,-1.0,-0.37950130517337555,5.654866776,-2.827433388,-5.654866776,-5.654866776,-2.2718675885366735,0.0,0.0,0.0,0.0,0.0,0.0,-2.8656602602610466,1.8286556759237103,-2.5904454128497583,-5.642215341125131,-5.654322249859126,-2.015352792907099,0.00042619813987977777,-0.00039120539173115207,0.00041939029915299947,0.0004429692840986778,-0.0003902768858956261,0.0004190565980353236
164,2.7519999999999185,0.5188669562339783,0.9164448976516724,-0.8654295802116394,-0.6783408522605896,-0.8248518109321594,0.15618237853050232,-1.0,-0.29300618356917135,5.654866776,-2.827433388,-5.654866776,-5.654866776,-2.245831986035639,0.0,0.0,0.0,0.0,0.0,0.0,-2.860496248054778,1.8287535812270572,-2.605104058723703,-5.644710918532862,-5.6541697236812745,-2.036590703474439,0.000394077850148031,-0.0003633383439776103,0.00038985077043429754,0.00041729707513974557,-0.00036143180684355557,0.00039144345494678554
165,2.7679999999999167,0.5199564099311829,0.9052298665046692,-0.834623396396637,-0.6531654000282288,-0.8256028890609741,0.16846869885921478,-1.0,-0.20632945003364317,5.654866776,-2.827433388,-5.654866776,-5.654866776,-2.2177482539358078,0.0,0.0,0.0,0.0,0.0,0.0,-2.856712953674497,1.8281219322542785,-2.617046504024258,-5.646417381944762,-5.654031509561526,-2.051494743872259,0.00037498605371174366,-0.00034504339759366617,0.000368529711954395,0.00039749944386776703,-0.0003435426734126582,0.00037187249547309737
166,2.783999999999915,0.5178242325782776,0.8938984870910645,-0.8055415749549866,-0.6290197372436523,-0.8237472176551819,0.1785263568162918,-1.0,-0.12000815046284428,5.654866776,-2.827433388,-5.654866776,-5.654866776,-2.187987910254532,0.0,0.0,0.0,0.0,0.0,0.0,-2.851937541152455,1.8292079688983975,-2.6282835782326175,-5.648310852439805,-5.653906978941823,-2.06274315226048,0.0003512405753712481,-0.0003267680903279996,0.0003487566186480812,0.00037679158725408625,-0.0003253013863007802,0.00035250801308773177
167,2.801999999999913,0.5127953290939331,0.8825892806053162,-0.7784438729286194,-0.6060447692871094,-0.8199034929275513,0.18634358048439026,-1.0,-0.034525169102885625,5.654866776,-2.827433388,-5.654866776,-5.654866776,-2.156924435387784,0.0,0.0,0.0,0.0,0.0,0.0,-2.848918616294375,1.8276812866801002,-2.6395460368017982,-5.649991705790439,-5.653773421099724,-2.071423395631481,0.00033229990589016414,-0.00030893002270202376,0.00032792410523225927,0.00035582267262695196,-0.00030749630692286704,0.0003324147148446782
168,2.8179999999999112,0.5050998330116272,0.8714329600334167,-0.7535068392753601,-0.5844005346298218,-0.8146912455558777,0.19186724722385406,-1.0,0.04967497306015263,5.654866776,-2.827433388,-5.654866776,-5.654866776,-2.1249401652755675,0.0,0.0,0.0,0.0,0.0,0.0,-2.8442742150455183,1.8292504382534103,-2.648992823264359,-5.651576919644452,-5.65366825653888,-2.0758451485923053,0.000313610981462685,-0.0002940564625623905,0.00031183945164892584,0.00033892083964668154,-0.00029263798496389685,0.00031647128956949997
169,2.8339999999999095,0.49476510286331177,0.8604685664176941,-0.730729877948761,-0.5642008185386658,-0.8086931109428406,0.19497403502464294,-1.0,0.13215231570746672,5.654866776,-2.827433388,-5.654866776,-5.654866776,-2.0924379936369597,0.0,0.0,0.0,0.0,0.0,0.0,-2.8421004650855464,1.8279026124186402,-2.657379686072818,-5.652826008210639,-5.6535680267360435,-2.077223979329086,0.0003010624770914416,-0.00027873665617485476,0.00029680867098870337,0.00032447481023530105,-0.00027733238266750443,0.00030150345545053135
170,2.8519999999999075,0.4825054109096527,0.8499744534492493,-0.7102906703948975,-0.545508861541748,-0.8023052215576172,0.19568708539009094,-1.0,0.21258596770610583,5.654866776,-2.827433388,-5.654866776,-5.654866776,-2.0598169565024316,0.0,0.0,0.0,0.0,0.0,0.0,-2.837786196117658,1.8296697020883872,-2.6664697500763195,-5.6543352160924725,-5.653471551160865,-2.0756434391106064,0.0002805612638111106,-0.00026863278521129815,0.00028183504774429905,0.0003043050797256371,-0.0002673491064661778,0.00028611924193181544
171,2.8679999999999057,0.4686378538608551,0.8400470018386841,-0.6921707391738892,-0.5283538699150085,-0.7958654165267944,0.19399769604206085,-1.0,0.2907078979447104,5.654866776,-2.827433388,-5.654866776,-5.654866776,-2.02747754057222,0.0,0.0,0.0,0.0,0.0,0.0,-2.8357486338449496,1.8285145205847484,-2.673292713774733,-5.655350816039353,-5.653388132526632,-2.0716936434265785,0.0002725103968672613,-0.000254706040758107,0.00026918233361592734,0.00029254409442435906,-0.0002535748146784763,0.00027310077499405686
172,2.883999999999904,0.4535270035266876,0.8308044672012329,-0.6762229204177856,-0.5127007961273193,-0.7895915508270264,0.1898866444826126,-1.0,0.3663108494326093,5.654866776,-2.827433388,-5.654866776,-5.654866776,-1.9958234369369685,0.0,0.0,0.0,0.0,0.0,0.0,-2.833798654858278,1.8284529999775718,-2.680000846358121,-5.65657961635303,-5.653357826474365,-2.0654832458663637,0.00026602859789409797,-0.00023355615102172204,0.00025661176261961873,0.0002744631343851705,-0.0002348136797492872,0.00025538163009648177
173,2.901999999999902,0.43774116039276123,0.8224258422851562,-0.6622877717018127,-0.49846914410591125,-0.7835736870765686,0.18342375755310059,-1.0,0.4392823008700826,5.654866776,-2.827433388,-5.654866776,-5.654866776,-1.9652466965528665,0.0,0.0,0.0,0.0,0.0,0.0,-2.8302245313332692,1.82987833147171,-2.6867451449686,-5.65746145336138,-5.653245599312614,-2.0562610976260975,0.0002455702836559099,-0.00023695682753307912,0.00024624363384679915,0.00026401276409962265,-0.00023619868983267424,0.00024961140386790267
174,2.9179999999999002,0.4219522476196289,0.81511390209198,-0.6501969695091248,-0.48555395007133484,-0.7778090238571167,0.17476457357406616,-1.0,0.5096217405482747,5.654866776,-2.827433388,-5.654866776,-5.654866776,-1.9361134421380697,0.0,0.0,0.0,0.0,0.0,0.0,-2.828744393876878,1.8285618212916626,-2.691722577417424,-5.65821012694009,-5.653189034539309,-2.0463918992146817,0.00023910428210872374,-0.00022627415911629948,0.0002366681818409088,0.00025372793682799705,-0.0002252539630868042,0.00023915245605032773
175,2.9339999999998985,0.40666601061820984,0.8089972138404846,-0.6396867632865906,-0.4738084673881531,-0.7722187042236328,0.16407449543476105,-1.0,0.5774129645183302,5.654866776,-2.827433388,-5.654866776,-5.654866776,-1.908762223749095,0.0,0.0,0.0,0.0,0.0,0.0,-2.8278051730432088,1.827978263886169,-2.696840411319658,-5.658909961710638,-5.653133978535089,-2.0350866618723304,0.00022937803667873603,-0.00021839282212750703,0.00022824340088261225,0.00024480221378766196,-0.00021705427343185653,0.00023083957728614309
176,2.9519999999998965,0.39214253425598145,0.8040789365768433,-0.6303005814552307,-0.4630100131034851,-0.7666369676589966,0.15147529542446136,-1.0,0.6427831249788023,5.654866776,-2.827433388,-5.654866776,-5.654866776,-1.8835112920018373,0.0,0.0,0.0,0.0,0.0,0.0,-2.827121680833706,1.8281090833092781,-2.7025056268372065,-5.659690242378725,-5.653074044057886,-2.02114869354278,0.00021906043398486186,-0.00021253135901734408,0.00021968734090967664,0.0002332765634768579,-0.0002116005040998758,0.00022195963321107164
177,2.9679999999998947,0.4286554455757141,0.7903061509132385,-0.45258501172065735,-0.3728533387184143,-0.7900410890579224,0.16830304265022278,-1.0,0.7142399877562738,5.654866776,-2.827433388,-5.654866776,-5.654866776,-1.8554551747920451,0.0,0.0,0.0,0.0,0.0,0.0,-2.8266538291555294,1.8283886610648803,-2.7071142362422425,-5.6603369991200365,-5.653029262224782,-2.0075342239549734,0.00021367412544550347,-0.00020439440002491868,0.00021312227942401658,0.0002268533334808918,-0.00020341008346020503,0.0002147875957698675
178,2.983999999999893,0.45813894271850586,0.7491810321807861,-0.3072536885738373,-0.26714661717414856,-0.7870106101036072,0.2022893726825714,-1.0,0.7906117495074487,5.654866776,-2.827433388,-5.654866776,-5.654866776,-1.8217335363658604,0.0,0.0,0.0,0.0,0.0,0.0,-2.826227914661552,1.8285840429573033,-2.7112343328261646,-5.6609183947871085,-5.6529937404286805,-1.9922678329556742,0.00020818979247981415,-0.00019635339060760677,0.00020701990987152967,0.0002210688044763658,-0.000195262656460247,0.00020824520614196458
179,3.001999999999891,0.4675094187259674,0.7007089853286743,-0.1942792534828186,-0.16652150452136993,-0.7738146185874939,0.23880340158939362,-1.0,0.8685455696090675,5.654866776,-2.827433388,-5.654866776,-5.654866776,-1.7819250093209085,0.0,0.0,0.0,0.0,0.0,0.0,-2.8257675505637923,1.8286789964301493,-2.715370061800813,-5.661488711476995,-5.652963350277623,-1.9729250822073898,0.00019962683583256535,-0.0001904365810950441,0.00019987737513289412,0.0002127429180563853,-0.00018920621396897503,0.00020113073479983306
180,3.017999999999889,0.4578664302825928,0.6549015641212463,-0.11535492539405823,-0.08333736658096313,-0.7585895657539368,0.2699221968650818,-1.0,0.9448719035371758,5.654866776,-2.827433388,-5.654866776,-5.654866776,-1.7369289791034994,0.0,0.0,0.0,0.0,0.0,0.0,-2.82538658709306,1.8287205068474992,-2.7187252704085783,-5.661928399971839,-5.652943790435944,-1.9535342564605618,0.00019612640390688832,-0.00018180853292881506,0.00019443849686133258,0.00020854446569388522,-0.00018038787902388242,0.0001950768541787182
181,3.0339999999998875,0.4352963864803314,0.6161630749702454,-0.06618276983499527,-0.022341739386320114,-0.7454748749732971,0.2922165095806122,-1.0,1.017435811163447,5.654866776,-2.827433388,-5.654866776,-5.654866776,-1.6882164869564114,0.0,0.0,0.0,0.0,0.0,0.0,-2.8250348459856705,1.8287579356232773,-2.721853389027781,-5.6623210418673215,-5.652928279079096,-1.9317330889308746,0.00019123040889076952,-0.0001753433137695713,0.00018929036573123308,0.00020321041084290822,-0.00017367086039833608,0.00018946435163078455
182,3.0519999999998855,0.40606042742729187,0.5857421159744263,-0.037515804171562195,0.018368398770689964,-0.735093891620636,0.3050985336303711,-1.0,1.0851260844155766,5.654866776,-2.827433388,-5.651804763924926,-5.654866776,-1.6373565614002286,0.0,0.0,0.0,0.0,0.0,0.0,-2.8246625589826584,1.8288041874372918,-2.7251151114351226,-5.662468945226541,-5.652905999718624,-1.9046605067466666,0.0001817011679241527,-0.00017439019984322575,0.00018311508570138278,0.0001944698820314855,-0.00017260630749012988,0.00018397807258190883
183,3.0679999999998837,0.37429603934288025,0.5636132955551147,-0.01999518647789955,0.04356636852025986,-0.7265270948410034,0.30910545587539673,-1.0,1.1475212341740346,5.654866776,-2.827433388,-5.644542250292599,-5.654866776,-1.5858286819057998,0.0,0.0,0.0,0.0,0.0,0.0,-2.824350024002334,1.8288449764435362,-2.727802002781982,-5.662020374937539,-5.6528824258585075,-1.8784609476919796,0.0001795743613827895,-0.00017038864522506093,0.00017936981564319987,0.00018941254584345268,-0.00016888967107486847,0.00017940084667095657
184,3.083999999999882,0.3412554860115051,0.5549079775810242,-0.007941361516714096,0.05162087082862854,-0.7161597609519958,0.30114078521728516,-1.0,1.2044085236921525,5.654866776,-2.827433388,-5.635937051125466,-5.654866776,-1.5356285130100784,0.0,0.0,0.0,0.0,0.0,0.0,-2.824054589876007,1.828880686489697,-2.7302978065115835,-5.660909931068935,-5.652858456998654,-1.8502870443882016,0.000175490082485459,-0.0001683064100114306,0.0001759371579410408,0.00018488673650155095,-0.00016648513467010947,0.00017590908620594676
185,3.10199999999988,0.311639666557312,0.5508371591567993,-0.0006543789058923721,0.05163155123591423,-0.7072576284408569,0.287495493888855,-1.0,1.2563588561072563,5.654866776,-2.827433388,-5.6273300715344385,-5.654866776,-1.4877030141788063,0.0,0.0,0.0,0.0,0.0,0.0,-2.823745748755052,1.8289194725787934,-2.732865475788442,-5.658967708620946,-5.652834572573842,-1.8169363017560438,0.00016639928360558212,-0.00016899929058459341,0.00017108314824130556,0.0001801633240202044,-0.00016670111768209272,0.00017306766275736331
186,3.117999999999878,0.2859739363193512,0.5505486726760864,0.004991248715668917,0.04657179117202759,-0.6986891031265259,0.2694830298423767,-1.0,1.3040307112916922,5.654866776,-2.826601346839098,-5.619566553946061,-5.654866776,-1.4427801931040822,0.0,0.0,0.0,0.0,0.0,0.0,-2.823498715580027,1.828956352399878,-2.734936430251812,-5.65674626177746,-5.652817063828135,-1.7861832266489155,0.00016492651738552708,-0.00016520352092494069,0.00016831244071607268,0.00017751315868441643,-0.00016326616000323656,0.0001700321246567143
187,3.1339999999998764,0.26470598578453064,0.5531654953956604,0.010732918977737427,0.03911926969885826,-0.6896666884422302,0.24876701831817627,-1.0,1.3481571991219734,5.654866776,-2.8248121692455093,-5.613045371687262,-5.654866776,-1.4013107311504422,0.0,0.0,0.0,0.0,0.0,0.0,-2.823279851477647,1.828995864806173,-2.7367936696274726,-5.6541655984032175,-5.652801539068613,-1.7545468874381818,0.00016122988334233007,-0.00016322750043591892,0.00016552163324656997,0.00017506381964253436,-0.00016083666361825567,0.00016770000604608847
188,3.1519999999998745,0.24759456515312195,0.5579302310943604,0.01754024438560009,0.031027821823954582,-0.6796403527259827,0.22649286687374115,-1.0,1.3894312131329989,5.654866776,-2.8218882105064296,-5.607873033789208,-5.654866776,-1.3635543702425896,0.0,0.0,0.0,0.0,0.0,0.0,-2.823073414610596,1.8290500471985478,-2.738577328020213,-5.651034576963209,-5.6527850230976995,-1.7185759448933133,0.00015244001288719952,-0.0001639002852677217,0.00016123877335284196,0.000173199366396116,-0.0001609061132327889,0.0001662818796739498
189,3.1679999999998727,0.2346297651529312,0.5644563436508179,0.025404557585716248,0.023191262036561966,-0.6682721972465515,0.2035260796546936,-1.0,1.4285439949839924,5.654866776,-2.8176532707568906,-5.604007050407714,-5.654866776,-1.3296265727641523,0.0,0.0,0.0,0.0,0.0,0.0,-2.8229323304083853,1.8291073599741723,-2.739861424108833,-5.64817417512948,-5.652772051201927,-1.6866004630204865,0.00015157967140589827,-0.00016080508676088805,0.0001591465457404385,0.00017147199501573663,-0.00015831479017709322,0.00016410882637543048
190,3.183999999999871,0.22570602595806122,0.5722693204879761,0.034129370003938675,0.01627306640148163,-0.6554169058799744,0.18066836893558502,-1.0,1.4661691895112012,5.654866776,-2.811963904777234,-5.601294330238587,-5.654866776,-1.2995091556625902,0.0,0.0,0.0,0.0,0.0,0.0,-2.822836192004788,1.8291740723706689,-2.740820357658412,-5.645331990669815,-5.652757977013671,-1.6547760749142728,0.00014858328588756962,-0.00015958795168088426,0.00015710428663927176,0.00017040456665793873,-0.00015660140094773625,0.0001628019667208292
191,3.201999999999869,0.22066214680671692,0.5808045268058777,0.043538518249988556,0.010924800299108028,-0.6411044597625732,0.15874214470386505,-1.0,1.502953569383881,5.654866776,-2.804706033784961,-5.599473166028726,-5.654866776,-1.2730468401404558,0.0,0.0,0.0,0.0,0.0,0.0,-2.822768903937699,1.8292415264927493,-2.741514531926871,-5.642205532802165,-5.65275344763908,-1.6196522314199797,0.0001404530037477111,-0.0001600005861506896,0.00015288541054164388,0.00016852854791852415,-0.00015656249519098637,0.00016132030245283806
192,3.217999999999867,0.21891029179096222,0.589214026927948,0.05361358821392059,0.007888824678957462,-0.6255358457565308,0.13855420053005219,-1.0,1.5394459150254343,5.654866776,-2.7957686486297004,-5.598158098954744,-5.654866776,-1.249949854912096,0.0,0.0,0.0,0.0,0.0,0.0,-2.8227220542851965,1.8292675035001664,-2.7419029506255437,-5.639494997031131,-5.652767490753102,-1.5892539637520418,0.00013829192254742457,-0.00015637798684373894,0.00014950492795445466,0.00016453551501549832,-0.00015356952311226267,0.0001577431635099225
193,3.2339999999998654,0.21999727189540863,0.5965271592140198,0.06422578543424606,0.008111884817481041,-0.6090370416641235,0.12107889354228973,-1.0,1.576119460250399,5.654866776,-2.7850622101978115,-5.59680584775567,-5.654866776,-1.2297660033585962,0.0,0.0,0.0,0.0,0.0,0.0,-2.822678581704843,1.8292698183610012,-2.742169955354873,-5.636870611199029,-5.652786998637015,-1.5596944486779845,0.00013337828367344592,-0.00015362035488705842,0.00014556569171725453,0.0001616114439306467,-0.00015047352200218581,0.00015474467454619706
194,3.2519999999998634,0.22305670380592346,0.6014911532402039,0.07533111423254013,0.012654514983296394,-0.5920923352241516,0.10726835578680038,-1.0,1.6133030127748464,5.654866776,-2.7725045134552473,-5.594696340107954,-5.654866776,-1.2118843684489367,0.0,0.0,0.0,0.0,0.0,0.0,-2.8226330119296628,1.8292660842468793,-2.7423750158128737,-5.633971090341514,-5.6528097528606205,-1.5276881940297968,0.0001245671201399619,-0.00015187794741512565,0.0001402172931433731,0.0001597845304132239,-0.0001484940571664098,0.0001523779639864415
195,3.2679999999998617,0.2268790900707245,0.6032349467277527,0.08689399808645248,0.02204921469092369,-0.575024425983429,0.0974966511130333,-1.0,1.6511237570896362,5.654866776,-2.7580192839742357,-5.591020736018977,-5.654866776,-1.195631676708394,0.0,0.0,0.0,0.0,0.0,0.0,-2.822594467019322,1.8292618966214542,-2.742499181767678,-5.631319304359825,-5.65282876578123,-1.500383842981215,0.0001214699097133443,-0.00014855152801681966,0.00013680374062177578,0.0001573063500747571,-0.0001458240308579184,0.00014961401496805854
196,3.28399999999986,0.23011304438114166,0.6027781367301941,0.09872499853372574,0.03480692580342293,-0.557341456413269,0.09028183668851852,-1.0,1.6894836015879726,5.654866776,-2.7415618267186637,-5.585218421487546,-5.654866776,-1.1805816945324181,0.0,0.0,0.0,0.0,0.0,0.0,-2.822557910835664,1.8292587586429077,-2.7425628625160012,-5.628426335157797,-5.6528428231660905,-1.4740876250327006,0.00011714166015061888,-0.00014671158161930686,0.00013362774573250525,0.00015584283989434453,-0.0001438640556294451,0.00014774178890500814
197,3.301999999999858,0.23198683559894562,0.6038529276847839,0.10938901454210281,0.046581514179706573,-0.5379670262336731,0.082302525639534,-1.0,1.7281558070823169,5.654866776,-2.723326677994495,-5.5774532830737895,-5.654866776,-1.166861863508308,0.0,0.0,0.0,0.0,0.0,0.0,-2.8225193607000043,1.8292540088302014,-2.742554047768158,-5.624740584418489,-5.652857858180639,-1.445816749402944,0.00011136986639257386,-0.0001453027433638792,0.0001298723408894468,0.0001545951605430832,-0.0001425486319982669,0.00014607304410262567
198,3.317999999999856,0.23332181572914124,0.6103441119194031,0.11731811612844467,0.05306772142648697,-0.5157723426818848,0.07021984457969666,-1.0,1.7670505537643648,5.654866776,-2.7037697480358833,-5.568606893911994,-5.654866776,-1.1551562154168724,0.0,0.0,0.0,0.0,0.0,0.0,-2.822486487530218,1.8292463804406869,-2.742486519136822,-5.621028616450756,-5.652869862723073,-1.421916753697395,0.00010836099244019208,-0.00014332906288611703,0.00012729811765224637,0.00015349245658576548,-0.00014085421133400595,0.0001445051798027381
199,3.3339999999998544,0.23598763346672058,0.6238052248954773,0.12114431709051132,0.05243784934282303,-0.4906599819660187,0.05303941294550896,-1.0,1.8063896922632672,5.654866776,-2.6835749903768953,-5.559865504426545,-5.654866776,-1.1463145452788561,0.0,0.0,0.0,0.0,0.0,0.0,-2.8224548997024246,1.8292340106604192,-2.742366483247079,-5.616888075841153,-5.652884767466533,-1.3992539170761011,0.00010534816539063289,-0.00014148651026531342,0.00012474972953333772,0.00015189253327185106,-0.00013910633970928995,0.0001427387028730229
200,3.3519999999998524,0.2424108237028122,0.6428253650665283,0.12091194838285446,0.046604517847299576,-0.46321555972099304,0.03266983479261398,-1.0,1.846799576574526,5.654866776,-2.6634189685814733,-5.552096531301401,-5.654866776,-1.1408684838189274,0.0,0.0,0.0,0.0,0.0,0.0,-2.8224200082258637,1.829211616347102,-2.7421917435098644,-5.61187741072544,-5.652910237915258,-1.3754744467363709,0.00010302503033244588,-0.0001384628097842203,0.000121851289734394,0.00014863423580510572,-0.00013642662059477328,0.00013980328724169373
201,3.3679999999998507,0.2541252374649048,0.6628357768058777,0.11894335597753525,0.04139434173703194,-0.43483197689056396,0.013643988408148289,-1.0,1.8891622536599255,5.654866776,-2.6435911111400183,-5.545196094533837,-5.654866776,-1.138594030951289,0.0,0.0,0.0,0.0,0.0,0.0,-2.8223891562009773,1.829190333347189,-2.7420200372297487,-5.60723474665136,-5.652933820015607,-1.3559928508181835,9.981482555095025e-05,-0.00013606211119947216,0.00011911607693058083,0.00014676028669418894,-0.0001339295983887911,0.00013765075852734793
202,3.3859999999998487,0.2703327536582947,0.6773890852928162,0.12033640593290329,0.04561825469136238,-0.4067977964878082,0.0018438758561387658,-1.0,1.9342267236947632,5.654866776,-2.6235310322710035,-5.537591531476787,-5.654866776,-1.1382866568460706,0.0,0.0,0.0,0.0,0.0,0.0,-2.822355235641212,1.829168929547405,-2.7418018628258736,-5.601750117172142,-5.65296262399537,-1.3359552954709402,9.786687996815162e-05,-0.0001326342291728979,0.00011632587754079595,0.00014347627032996527,-0.0001312407833444931,0.00013465053396819222
203,3.401999999999847,0.28862977027893066,0.6874148845672607,0.12698857486248016,0.05883052200078964,-0.37779945135116577,-0.0040661124512553215,-1.0,1.982341306400261,5.654866776,-2.602362036841428,-5.527784483459255,-5.654866776,-1.1389644777916947,0.0,0.0,0.0,0.0,0.0,0.0,-2.822326505379531,1.829157122598881,-2.741571133753268,-5.596522623488693,-5.6529806615772955,-1.3197543032033074,9.283031371045971e-05,-0.00013153213367898576,0.00011344636304994854,0.00014344966915005007,-0.00012987946002142545,0.00013371329492775131
204,3.417999999999845,0.30708032846450806,0.6962498426437378,0.13615866005420685,0.07673730701208115,-0.3468656837940216,-0.007464569061994553,-1.0,2.0335315971552945,5.654866776,-2.5796643882103916,-5.514992374380341,-5.654866776,-1.1402088214543293,0.0,0.0,0.0,0.0,0.0,0.0,-2.8223002940564554,1.8291510700777402,-2.7412739677397697,-5.590691966014915,-5.6529942891271725,-1.3049888307042188,8.852752484199209e-05,-0.0001304947541743428,0.00011078039690901415,0.00014353069948785853,-0.00012940236562125176,0.0001330497837886243
205,3.435999999999843,0.3255687654018402,0.7042374610900879,0.1454390585422516,0.09730418026447296,-0.315253347158432,-0.009501573629677296,-1.0,2.0878039103477812,5.654866776,-2.555419697151398,-5.498771767530253,-5.654866776,-1.1417927337783966,0.0,0.0,0.0,0.0,0.0,0.0,-2.82227295177098,1.8291394988336458,-2.740855161325705,-5.583197727402825,-5.6530129530948,-1.2899701474097254,8.935064130513111e-05,-0.00012754684441906123,0.00010918755187514394,0.00014016463214561948,-0.00012778832768926121,0.00013048287466678707
206,3.4519999999998414,0.34349027276039124,0.7113900184631348,0.15405189990997314,0.12018918991088867,-0.2827465832233429,-0.010673643089830875,-1.0,2.1450637388169387,5.654866776,-2.5297392454364056,-5.4787362295721085,-5.654866776,-1.1435720300814713,0.0,0.0,0.0,0.0,0.0,0.0,-2.8222512925892405,1.8291326206811693,-2.740401085320754,-5.575515986017209,-5.653019472430859,-1.2779327487989263,8.2479895951041e-05,-0.00012861363311541458,0.00010657533731108587,0.00014262848505106564,-0.00012775330651857258,0.00013131448619992355
207,3.4679999999998397,0.3601761758327484,0.7177920341491699,0.16198407113552094,0.14489935338497162,-0.24943625926971436,-0.011714065447449684,-1.0,2.205105107328258,5.654866776,-2.502736500778114,-5.454581507362834,-5.654866776,-1.1455247647915612,0.0,0.0,0.0,0.0,0.0,0.0,-2.8222334477952478,1.8291295090985884,-2.7398445991168914,-5.566490899420196,-5.6530248004934345,-1.2670468964460073,7.765161708393181e-05,-0.00012860067852441125,0.000104129877555809,0.00014408767847963295,-0.00012867771043769975,0.00013176612048783974
208,3.4859999999998377,0.3754362165927887,0.7239353060722351,0.16880039870738983,0.17022888362407684,-0.21549764275550842,-0.01361587829887867,-1.0,2.267690324634276,5.654866776,-2.474597474313592,-5.4262043524627,-5.654866776,-1.1477945317039842,0.0,0.0,0.0,0.0,0.0,0.0,-2.822215157927817,1.82911253825395,-2.739113102625694,-5.55456437178485,-5.653042726378637,-1.2560751909183951,8.238259862211727e-05,-0.00012481475343839433,0.00010362739766755675,0.00013872254557748432,-0.00012708487248968956,0.00012836137543880996
209,3.501999999999836,0.38930025696754456,0.7297675609588623,0.17493274807929993,0.19630937278270721,-0.18085619807243347,-0.016656309366226196,-1.0,2.3325866774707658,5.654866776,-2.4454361852087727,-5.3934795800198225,-5.654866776,-1.150571138475334,0.0,0.0,0.0,0.0,0.0,0.0,-2.822171234354787,1.8290676086413395,-2.738248053812129,-5.542336140643791,-5.653031648946512,-1.2474039474885772,7.587395727487102e-05,-0.00012757600391511513,0.00010279531447819813,0.00014461633783824487,-0.00012788354728481883,0.00013155777579057463
210,3.517999999999834,0.40163689851760864,0.7352962493896484,0.18082892894744873,0.22321447730064392,-0.14531171321868896,-0.021154316142201424,-1.0,2.3995395484536512,5.654866776,-2.415292002753233,-5.356269726653805,-5.654866776,-1.154097562976239,0.0,0.0,0.0,0.0,0.0,0.0,-2.8220140323928082,1.828929510588973,-2.736757304648712,-5.528179255812412,-5.652997699291813,-1.239737864366688,7.397210388374915e-05,-0.00012994724007613247,0.00010391012327416339,0.00015052605076310295,-0.0001318100988147899,0.00013573042696322414
211,3.535999999999832,0.41240936517715454,0.7405964136123657,0.18679527938365936,0.25099292397499084,-0.1087459921836853,-0.027364321053028107,-1.0,2.468288189628683,5.654866776,-2.3841532296799772,-5.314429206227174,-5.654866776,-1.158659195295779,0.0,0.0,0.0,0.0,0.0,0.0,-2.8215564938710123,1.8285691062580842,-2.7338409728261133,-5.509850954422467,-5.652953965079319,-1.2322848132597024,8.84290866997883e-05,-0.00012893158591455197,0.00011006907649599547,0.0001479638058901772,-0.0001341022350831954,0.0001360382757563079
212,3.5519999999998304,0.42141401767730713,0.7456066012382507,0.19335786998271942,0.27973029017448425,-0.07106088101863861,-0.03553155064582825,-1.0,2.53853790637549,5.654866776,-2.351920472753858,-5.267798166855087,-5.654866776,-1.1645823047884385,0.0,0.0,0.0,0.0,0.0,0.0,-2.8207721469770375,1.8280534329582028,-2.7297902467187396,-5.491273625102994,-5.652894475184368,-1.2267279786228096,7.951222681938316e-05,-0.00013793633474134924,0.00011119560691676626,0.00015926747217737274,-0.00013983115594964172,0.00014392615803929785
213,3.5679999999998286,0.42851585149765015,0.750300943851471,0.20097625255584717,0.3095298409461975,-0.032117705792188644,-0.0458613745868206,-1.0,2.609971498820148,5.654866776,-2.3184177314527985,-5.216199542369356,-5.654866776,-1.1722273959320615,0.0,0.0,0.0,0.0,0.0,0.0,-2.818011714558511,1.829510396615423,-2.723691310864342,-5.470813467878395,-5.652736726507595,-1.222280041100974,9.758909931273173e-05,-0.0001458476009276257,0.0001311765941289978,0.00017322412863827633,-0.00014854470089672254,0.00015678823290578484
214,3.5859999999998267,0.40423354506492615,0.7354995012283325,0.18618695437908173,0.3457978367805481,-0.0006244920659810305,-0.05482744798064232,-1.0,2.677357230782471,5.654866776,-2.2873803661578056,-5.158555042978039,-5.654866776,-1.1813671315104346,0.0,0.0,0.0,0.0,0.0,0.0,-2.8154608554254894,1.830132214724671,-2.714958747462172,-5.442860341269753,-5.652748631925462,-1.2185070614943874,8.898862753451309e-05,-0.00014501145153524847,0.00011527402237352775,0.0001676152819545387,-0.00015587261734544222,0.00015298491149257662
215,3.601999999999825,0.4140653908252716,0.7338635921478271,0.2166808843612671,0.3911186158657074,0.042826440185308456,-0.06819499284029007,-0.9977572560310364,2.746381931433044,5.654866776,-2.2512596627347823,-5.093355569713225,-5.64772760842111,-1.1927352368169108,0.0008073878288269043,-0.0008073878288269043,0.0008073878288269043,0.0008073878288269043,-0.0008073878288269043,0.0008073878288269043,-2.8139578503911045,1.828544029417788,-2.705384313736691,-5.415377824367793,-5.6521605809599835,-1.2163981681280758,0.00014001426701453157,-0.0002385558536224711,0.00019630667321577676,0.0002894947459471827,-0.00024256629727330487,0.0002582252801747329
216,3.617999999999823,0.372308611869812,0.7202556729316711,0.08761639147996902,0.3961937427520752,0.1075156182050705,-0.06652073562145233,-0.8768605589866638,2.8084457770317415,5.654866776,-2.2366540102750716,-5.027310072796454,-5.629804754866324,-1.203824243445007,0.04433019876480102,-0.04433019876480102,0.04433019876480102,0.04433019876480102,-0.04433019876480102,0.04433019876480102,-2.8100353896119836,1.8292564306123864,-2.69362234872732,-5.385311036515952,-5.650100073966182,-1.2153969958915214,0.00493217481126546,-0.004955147661799861,0.005128539980071789,0.005183422024847157,-0.004955611948005403,0.005224303569749057
217,3.635999999999821,0.3520394563674927,0.73769611120224,0.03464862331748009,0.36376258730888367,0.11497566848993301,-0.11910032480955124,-0.8991498947143555,2.8671307544082025,5.654866776,-2.230878084768048,-4.966670849492063,-5.610638310929052,-1.2236782675907591,0.03630603790283203,-0.03630603790283203,0.03630603790283203,0.03630603790283203,-0.03630603790283203,0.03630603790283203,-2.806577696806701,1.8283394347731499,-2.6792633916350144,-5.34705310148913,-5.646494414189314,-1.2161434930679436,0.008704686341832572,-0.008836156901121947,0.008740280935219035,0.008874125627948067,-0.008859775328485949,0.00881491704024386
218,3.6519999999998194,0.3217444121837616,0.7460178732872009,0.00657211197540164,0.34425199031829834,0.12259972095489502,-0.17621278762817383,-0.917048454284668,2.9207655479192356,5.654866776,-2.2297825137017484,-4.909284042706003,-5.590200937445871,-1.2530529392883758,0.02986255645751953,-0.02986255645751953,0.02986255645751953,0.02986255645751953,-0.02986255645751953,0.02986255645751953,-2.801841012326746,1.8291256289042042,-2.6653183640069744,-5.312156024532389,-5.64176947287352,-1.2191907426587447,0.010992313310991632,-0.011183469899786854,0.011035642419676932,0.01120861359367776,-0.011182234639356303,0.011121011322305443
219,3.6679999999998176,0.38503193855285645,0.7740241885185242,0.07600190490484238,0.3438962996006012,0.12616784870624542,-0.23066861927509308,-1.0,2.9849503720759967,5.654866776,-2.2171129961541114,-4.851956529562583,-5.5691687570665405,-1.2915053981215339,0.0,0.0,0.0,0.0,0.0,0.0,-2.7985763396098284,1.8279126998573896,-2.651311865153845,-5.274218854259702,-5.635921098505819,-1.2251133260988736,0.009827303863011736,-0.010074017739619624,0.00982116671518705,0.010041819396019265,-0.0100901590876007,0.009915686075633305
220,3.6859999999998156,0.4422096610069275,0.798793375492096,0.15114647150039673,0.3696645200252533,0.16931049525737762,-0.26433897018432617,-1.0,3.0586667225658517,5.654866776,-2.1919168793549955,-4.790333454074373,-5.540944697507135,-1.335570704451261,0.0,0.0,0.0,0.0,0.0,0.0,-2.792834631969299,1.8287913287292996,-2.6344634394249042,-5.230250577562874,-5.627205109631054,-1.2352727270867727,0.008792166253267411,-0.00890947283700436,0.00884997586539981,0.008974725735270861,-0.008933189170746755,0.00893650987567904
221,3.701999999999814,0.496209979057312,0.8171902298927307,0.21811124682426453,0.4078245759010315,0.22520729899406433,-0.28137215971946716,-1.0,3.1413849260747058,5.654866776,-2.1555577345093906,-4.722349097271671,-5.503402640764825,-1.3824754434764963,0.0,0.0,0.0,0.0,0.0,0.0,-2.788071171970683,1.8287564692814966,-2.6186678875616805,-5.189508017299553,-5.617007909498923,-1.2473849127725265,0.007895408117434373,-0.008054581078783107,0.008005653160498295,0.00818405833992962,-0.008067151625603277,0.008122682152210334
222,3.717999999999812,0.540795624256134,0.8278273344039917,0.27006882429122925,0.45063960552215576,0.28236085176467896,-0.2862834334373474,-0.9930538535118103,3.231535556638203,5.654866776,-2.110537261500043,-4.647227475031127,-5.456333086775652,-1.4301988918305022,0.002500612735748291,-0.002500612735748291,0.002500612735748291,0.002500612735748291,-0.002500612735748291,0.002500612735748291,-2.7837705911148536,1.8278577833224972,-2.601809816819805,-5.14462780944497,-5.604038738005249,-1.2623920227696033,0.007334081979660826,-0.007563695352003827,0.007480782510679012,0.007712860761106901,-0.007590064782664234,0.00763855449642517
223,3.73599999999981,0.5718236565589905,0.8338722586631775,0.3064485490322113,0.4880019724369049,0.3342907428741455,-0.28670698404312134,-0.9584425687789917,3.326858560186587,5.654866776,-2.0594522883763733,-4.565877546225895,-5.400606819938532,-1.4779929460704906,0.014960675239562987,-0.014960675239562987,0.014960675239562987,0.014960675239562987,-0.014960675239562987,0.014960675239562987,-2.777153853089777,1.8280011135584149,-2.5804054924229947,-5.091956544587027,-5.585414414178698,-1.2822307002886355,0.00840872633011919,-0.008533511769448046,0.008523968928719719,0.008671046384311421,-0.008577625553294289,0.00864206661744495
224,3.7519999999998084,0.58990478515625,0.836230456829071,0.33250606060028076,0.5163248181343079,0.37844324111938477,-0.287048876285553,-0.9256144165992737,3.425195687872134,5.654866776,-2.0040235280743066,-4.479806199042906,-5.337520331643931,-1.5258439937472923,0.026778810024261475,-0.026778810024261475,0.026778810024261475,0.026778810024261475,-0.026778810024261475,0.026778810024261475,-2.770585654414995,1.828104978896466,-2.5590681390921852,-5.042324181086837,-5.565109458980749,-1.3022655673248622,0.010399092220303862,-0.01061904514540439,0.010568675998397887,0.010783486060405264,-0.010635292534423232,0.010725518589255103
225,3.7679999999998066,0.5953196287155151,0.8351154327392578,0.35421571135520935,0.5376401543617249,0.4161072075366974,-0.28894439339637756,-0.8959869742393494,3.5244354699790104,5.654866776,-1.9449757689913931,-4.390181585310806,-5.268155260147563,-1.5740110241264684,0.03744468927383423,-0.03744468927383423,0.03744468927383423,0.03744468927383423,-0.03744468927383423,0.03744468927383423,-2.7633115660674243,1.8282099541446801,-2.5351713960110667,-4.989180765602757,-5.5408182248335525,-1.3246072624169163,0.013366714940686903,-0.01361410755218113,0.013542734461112057,0.013790069338579115,-0.013646870066940762,0.013716457627784912
226,3.7859999999998046,0.5890251398086548,0.8305985927581787,0.37664249539375305,0.554680585861206,0.4490492343902588,-0.29334190487861633,-0.8696902394294739,3.622625960785113,5.654866776,-1.8821894650092545,-4.297716331647743,-5.193298752774707,-1.6229111196697337,0.0469115138053894,-0.0469115138053894,0.0469115138053894,0.0469115138053894,-0.0469115138053894,0.0469115138053894,-2.754766178503637,1.8274472582089691,-2.504883168718479,-4.925712639016339,-5.509022557119122,-1.3520447651312064,0.017617718399382153,-0.01773340837075336,0.017697394693567386,0.017837173303200216,-0.01779286169636216,0.017802446214550058
227,3.801999999999803,0.5725165605545044,0.8228738903999329,0.4035666584968567,0.5697072148323059,0.4788857400417328,-0.3008364737033844,-0.8467349410057068,3.7180644714295488,5.654866776,-1.8149149030378284,-4.202746138935198,-5.11346849990975,-1.673060559836088,0.055175421237945554,-0.055175421237945554,0.055175421237945554,0.055175421237945554,-0.055175421237945554,0.055175421237945554,-2.7446039897639465,1.8283599733304432,-2.474429604151871,-4.867487428584045,-5.476378455053584,-1.3784533656167415,0.021739415346117747,-0.021938928096484706,0.0218720594624575,0.022089929769680904,-0.021963141384310925,0.022016001145641523
228,3.817999999999801,0.5474357604980469,0.812245786190033,0.4381166398525238,0.5842556953430176,0.5067473649978638,-0.31201133131980896,-0.8275316953659058,3.8093220127045733,5.654866776,-1.7418808591744126,-4.105350714521517,-5.028993714164606,-1.7250728487671,0.06208858966827392,-0.06208858966827392,0.06208858966827392,0.06208858966827392,-0.06208858966827392,0.06208858966827392,-2.7332699425596845,1.829638290961273,-2.4405336587217334,-4.805989565947753,-5.439421504429888,-1.4069614082055069,0.026233602314913153,-0.02644624811136139,0.02637899672409163,0.026653137418153335,-0.02648610694381538,0.026549382563404885
229,3.835999999999799,0.5157832503318787,0.7992278933525085,0.48309099674224854,0.5994036197662354,0.5335565209388733,-0.327290803194046,-0.812523603439331,3.8953030805348976,5.654866776,-1.6613495900174797,-4.005430131106485,-4.940049842124096,-1.7796322256595476,0.06749150276184082,-0.06749150276184082,0.06749150276184082,0.06749150276184082,-0.06749150276184082,0.06749150276184082,-2.721729484917752,1.8281635437975345,-2.3982897966494567,-4.732306307034311,-5.3935279632151145,-1.4412217765053452,0.031531602665551856,-0.031600985267481535,0.03158417254651347,0.03181301570721217,-0.03164048789013434,0.03170253708752251
230,3.8519999999997974,0.4799922704696655,0.7845112681388855,0.5410655736923218,0.6158719658851624,0.5600324869155884,-0.3469493091106415,-0.8023738861083984,3.975317792022191,5.654866776,-1.5711539588829697,-3.9027642743934288,-4.8466924265552676,-1.8374686754882916,0.07114540100097656,-0.07114540100097656,0.07114540100097656,0.07114540100097656,-0.07114540100097656,0.07114540100097656,-2.7087782994298903,1.8283857257610656,-2.356293015381289,-4.664818110217591,-5.3483806097331215,-1.473789740065236,0.03598358394719646,-0.03618177514441533,0.03610423823149507,0.03641608013995839,-0.036185003812552,0.036271154527629496
231,3.8679999999997956,0.4427010416984558,0.7689346075057983,0.6142821311950684,0.6340118646621704,0.5868216156959534,-0.3711397051811218,-0.7977479696273804,4.0491160556733234,5.654866776,-1.468753127612752,-3.797074496554245,-4.748869263218752,-1.8993376643419846,0.07281073093414306,-0.07281073093414306,0.07281073093414306,0.07281073093414306,-0.07281073093414306,0.07281073093414306,-2.6947298253102288,1.8282687268801199,-2.309684880152461,-4.593829269867149,-5.298948623900404,-1.5087510914756495,0.04022944720679545,-0.04046685961770847,0.04036682796656576,0.040728674354126616,-0.040477886503819956,0.04056101098251351
232,3.8859999999997936,0.40719807147979736,0.7536439895629883,0.704191267490387,0.6537482738494873,0.6142855286598206,-0.3996254801750183,-0.7991357445716858,4.116995974189006,5.654866776,-1.3513644433221044,-3.6880946593035357,-4.64646786559116,-1.9659552318871603,0.07231113195419311,-0.07231113195419311,0.07231113195419311,0.07231113195419311,-0.07231113195419311,0.07231113195419311,-2.6768306643655277,1.8284033274095937,-2.2508478424951943,-4.510853670548031,-5.238671098339636,-1.5507832511251243,0.044672863605914034,-0.04470546148542964,0.04468113588113939,0.04482579287574292,-0.04478442223930654,0.04476811498352853
233,3.901999999999792,0.37894296646118164,0.7404534220695496,0.808189332485199,0.6734650731086731,0.6413107514381409,-0.4311186969280243,-0.8077939748764038,4.180165766698085,5.654866776,-1.2166392815968217,-3.57582803161632,-4.539561363326422,-2.037822718665062,0.06919416904449463,-0.06919416904449463,0.06919416904449463,0.06919416904449463,-0.06919416904449463,0.06919416904449463,-2.66000477645309,1.827533638306255,-2.192247668501966,-4.4337933037109805,-5.1811262702288605,-1.590771347499347,0.047702914037914705,-0.04783211679727171,0.04774177482772647,0.047850813759116796,-0.04789192920500162,0.04782969820409067
234,3.91799999999979,0.37275734543800354,0.7338235974311829,0.9023080468177795,0.6858632564544678,0.6607955098152161,-0.45760586857795715,-0.8282023668289185,4.2423044161826,5.654866776,-1.0662245301922977,-3.46149462676536,-4.429406751840226,-2.1141056169570076,0.06184714794158935,-0.06184714794158935,0.06184714794158935,0.06184714794158935,-0.06184714794158935,0.06184714794158935,-2.640127253361264,1.827694988018639,-2.126636128218229,-4.355667324402268,-5.1182704136302295,-1.633763749273462,0.04961483139102691,-0.04985912655661356,0.04972459632506374,0.0500586562310359,-0.04986345447581835,0.049906247545678906
235,3.935999999999788,0.3872305154800415,0.7342374324798584,0.9875697493553162,0.6928913593292236,0.6747324466705322,-0.4774929881095886,-0.8560366630554199,4.306855743113124,5.654866776,-0.9015966529747664,-3.3459896371651787,-4.316928852980248,-2.193703698074876,0.051826801300048825,-0.051826801300048825,0.051826801300048825,0.051826801300048825,-0.051826801300048825,0.051826801300048825,-2.615227619692538,1.8275425315688298,-2.0431800553370043,-4.264384182355557,-5.043367266559014,-1.6852241294532442,0.0505647741091933,-0.050679195794747806,0.05060918422549912,0.05096346056386714,-0.05066318948654925,0.05077355157223394
236,3.9519999999997864,0.41732364892959595,0.7399197220802307,1.0,0.6943100094795227,0.6810407638549805,-0.48902595043182373,-0.8894038796424866,4.376423595389687,5.654866776,-0.7348966529747665,-3.230248158584942,-4.203399357645623,-2.275224324011861,0.03981460332870483,-0.03981460332870483,0.03981460332870483,0.03981460332870483,-0.03981460332870483,0.03981460332870483,-2.5913491189761237,1.82645725091997,-1.9597981091763537,-4.179329468747794,-4.97387856220986,-1.73364448367634,0.049994499211067744,-0.050136923439995144,0.050024555428535254,0.05025598013037085,-0.05011504675892439,0.05014454273421511
237,3.9679999999997846,0.46691468358039856,0.7528040409088135,1.0,0.6923900246620178,0.6836106777191162,-0.49273666739463806,-0.9242732524871826,4.454258273142539,5.654866776,-0.5681966529747664,-3.1148267414737836,-4.089441457669846,-2.357363526466547,0.027261629104614257,-0.027261629104614257,0.027261629104614257,0.027261629104614257,-0.027261629104614257,0.027261629104614257,-2.563947159453476,1.8268672888379,-1.8676713159880607,-4.092189668952588,-4.9007333396381565,-1.7848307078397991,0.04841948413428082,-0.048276168033290184,0.04826725226248203,0.04797238550500347,-0.04843819072113649,0.04815443292619607
238,3.9859999999997826,0.5327073335647583,0.7712981104850769,1.0,0.6851744055747986,0.6807908415794373,-0.48855677247047424,-0.9598608613014221,4.543060585647784,5.654866776,-0.4014966529747664,-3.0006081680644647,-3.975953624378554,-2.438805940437375,0.014450089931488037,-0.014450089931488037,0.014450089931488037,0.014450089931488037,-0.014450089931488037,0.014450089931488037,-2.530061765880655,1.8285453135010477,-1.7542519209908705,-3.995958115021131,-4.813605387481788,-1.8449188256049427,0.04527574396873471,-0.04491063069196076,0.04504358357729182,0.044686869950597834,-0.045125201324843336,0.04489842264608309
239,4.001999999999781,0.6114828586578369,0.7944511771202087,1.0,0.6701486706733704,0.671112060546875,-0.47731804847717285,-0.9965317249298096,4.644994778186046,5.654866776,-0.23479665297476637,-2.888894384663214,-3.86407924388539,-2.5183748591185195,0.0012485790252685547,-0.0012485790252685547,0.0012485790252685547,0.0012485790252685547,-0.0012485790252685547,0.0012485790252685547,-2.4993798485319045,1.8286386642301748,-1.6439169370632583,-3.90790647164353,-4.73426014821348,-1.9001925948059202,0.04112534928061605,-0.04092964155992974,0.041003275934437006,0.04094531170861331,-0.0410216149286792,0.040989073591490274
240,4.0179999999997795,0.6987897753715515,0.820825457572937,1.0,0.645773708820343,0.6542485356330872,-0.46028175950050354,-1.0,4.761483033740483,5.654866776,-0.06809665297476636,-2.7812439074028625,-3.7550160129953545,-2.5951038284272534,0.0,0.0,0.0,0.0,0.0,0.0,-2.4685372352451265,1.8275489026351586,-1.5255746724119537,-3.819564084163431,-4.652060885149408,-1.9572391050598963,0.03716292946767694,-0.03725777628999433,0.037312957857389945,0.037829261840831546,-0.03718393969733482,0.037583574303540146
241,4.0359999999997775,0.7903847098350525,0.847935140132904,1.0,0.6118972301483154,0.6301724314689636,-0.43937480449676514,-1.0,4.893240164869987,5.654866776,0.09860334702523366,-2.6792406391371384,-3.6499662686694783,-2.6683476083368642,0.0,0.0,0.0,0.0,0.0,0.0,-2.432335895381519,1.8265092135979961,-1.3824064512090741,-3.7164660310534843,-4.559835639527727,-2.0225628182857545,0.03370262348656879,-0.0335411983680893,0.033686652774481865,0.033852657205250956,-0.033475526698140586,0.03376288422717022
242,4.051999999999776,0.8794852495193481,0.8732144832611084,1.0,0.5700267553329468,0.6003574728965759,-0.4162430167198181,-1.0,5.0398503559648615,5.654866776,0.26530334702523367,-2.584217179023136,-3.5498866779376193,-2.737735319224058,0.0,0.0,0.0,0.0,0.0,0.0,-2.3992552775188214,1.8267720255487427,-1.2501106465771052,-3.6266447886320745,-4.476817610782263,-2.081276927050902,0.030809697619699913,-0.030614251184072617,0.03077573349592652,0.030871683283029992,-0.030590635656975645,0.03082365012389529
243,4.067999999999774,0.9602201581001282,0.8945748209953308,0.9729665517807007,0.5216773152351379,0.5662989616394043,-0.3927868902683258,-1.0,5.1999190563201525,5.654866776,0.42749687120707647,-2.4972535705734384,-3.4554846410323306,-2.803212893831788,0.0,0.0,0.0,0.0,0.0,0.0,-2.3664238745653603,1.8263554727594942,-1.1120505413629598,-3.5372572650462883,-4.393287709288369,-2.1405588397068396,0.02817194395647034,-0.027977238660510655,0.028138531085625095,0.02823768314196246,-0.027959846520268155,0.028189718475293165
244,4.085999999999772,1.0,0.9103379845619202,0.8875868916511536,0.4696904718875885,0.529701828956604,-0.3703068792819977,-1.0,5.366619056320152,5.654866776,0.5754576060453238,-2.4189561689097774,-3.3671833461452647,-2.864943050608097,0.0,0.0,0.0,0.0,0.0,0.0,-2.328874955423495,1.8282101388547376,-0.9553165016911034,-3.438690304722926,-4.2995665153073075,-2.207140471795152,0.025578822481257382,-0.025290287112759456,0.025488357917891523,0.025498723587143675,-0.025312364107109204,0.025493211283861988
245,4.10199999999977,1.0,0.9191177487373352,0.8003897666931152,0.4172683656215668,0.4926671087741852,-0.3501977324485779,-1.0,5.533319056320152,5.654866776,0.7088825801530662,-2.3493975323606624,-3.285055739112608,-2.923321012607275,0.0,0.0,0.0,0.0,0.0,0.0,-2.296793795462622,1.8285236166199537,-0.8126677095699035,-3.3525281216497924,-4.217789317435417,-2.2659646182821525,0.023468052643205863,-0.023102619427481003,0.023324271801400304,0.02321390856714822,-0.023182946070828058,0.023269209491862664
246,4.1179999999997685,1.0,0.9201359748840332,0.7180115580558777,0.3671971261501312,0.45638328790664673,-0.33395129442214966,-1.0,5.654866776,5.654866776,0.828575106880981,-2.2881857714314355,-3.20897664501857,-2.978990693387447,0.0,0.0,0.0,0.0,0.0,0.0,-2.2523150151670843,1.8073111708792042,-0.7526099999664082,-3.364889428557996,-4.118325479602998,-2.315757223884284,0.0171198299766056,-0.019062465868241698,0.019996275826337895,0.04091016627385897,0.006798390006961623,0.02187976083389375
247,4.1359999999997665,1.0,0.9134714603424072,0.6468808650970459,0.32212594151496887,0.42204514145851135,-0.3218708634376526,-1.0,5.654866776,5.654866776,0.9364101470926586,-2.23448737698089,-3.138621719937436,-3.0326465663225037,0.0,0.0,0.0,0.0,0.0,0.0,-2.1926773912561552,1.785246597364316,-0.675863208844511,-3.3884344002750755,-3.994262203380564,-2.3810763468032192,0.02681882481900244,-0.0251535075144556,0.026208625609796955,0.03259055011787495,-0.022469210279006852,0.02635881322713901
248,4.151999999999765,1.0,0.8999875783920288,0.5920023322105408,0.28394055366516113,0.39030471444129944,-0.31346267461776733,-1.0,5.654866776,5.654866776,1.0350969358721558,-2.187154486684908,-3.073557924040071,-3.0849007941812854,0.0,0.0,0.0,0.0,0.0,0.0,-2.134130133108948,1.76975591771308,-0.6054938179494453,-3.416845824484892,-3.8678348066126915,-2.437543812274679,0.03379270186315716,-0.033853345471534235,0.03325758538341667,0.04370950660573834,-0.030831718130851147,0.03375130549401357
249,4.167999999999763,1.0,0.8182483315467834,0.7784202694892883,0.46463218331336975,0.4259697198867798,-0.13152632117271423,-1.0,5.654866776,5.654866776,1.16485959479602,-2.109700301726569,-3.002548771734945,-3.1068262319207767,0.0,0.0,0.0,0.0,0.0,0.0,-2.0701337385632397,1.7573031848208984,-0.5294124240842631,-3.4231716877701985,-3.7359313667581966,-2.4900803714804876,0.04103319433689271,-0.039711185704726974,0.04018425889474275,0.04781948818675412,-0.036203603225701854,0.04014192051184894
250,4.185999999999761,1.0,0.7497555017471313,0.7989735007286072,0.518596887588501,0.390534907579422,-0.02405749261379242,-1.0,5.654866776,5.654866776,1.298048477367479,-2.023250200565566,-2.9374466026414554,-3.110836615939496,0.0,0.0,0.0,0.0,0.0,0.0,-1.9912836620062158,1.7464245676960826,-0.43532463459664844,-3.3773686863944765,-3.5882801559895885,-2.5441435689810055,0.047765034579602475,-0.04445238929833213,0.04505478138416035,0.045654320128665604,-0.04422921024881758,0.04284228120064467
251,4.201999999999759,1.0,0.7030790448188782,0.7595344185829163,0.5005980730056763,0.31343427300453186,0.02714710496366024,-1.0,5.654866776,5.654866776,1.424662864945251,-1.9398005017955198,-2.8851971093316,-3.1063111935420538,0.0,0.0,0.0,0.0,0.0,0.0,-1.9331546071107546,1.7200817603083192,-0.3721266191454856,-3.3301494310528206,-3.6200505780758196,-2.5863405354063462,0.09752478734261362,-0.08907925677506652,0.09049802893385235,0.08913847671986272,-0.08994429938290197,0.08373596227663961
252,4.2179999999997575,1.0,0.6686920523643494,0.7283179759979248,0.46056637167930603,0.22334875166416168,0.04966595768928528,-1.0,5.654866776,5.654866776,1.5460734715441051,-1.8630240876365796,-2.847964872429184,-3.09803187839525,0.0,0.0,0.0,0.0,0.0,0.0,-1.8831749447254353,1.677790294839546,-0.2920018646862703,-3.3258507130356527,-3.6576480233623654,-2.620153281387027,0.0964992122898636,-0.09875596397781332,0.09583339587174203,0.10807397915932325,-0.09385822023525854,0.09700407105143705
253,4.2359999999997555,1.0,0.6391671299934387,0.731146514415741,0.42556917667388916,0.13643422722816467,0.06237592548131943,-1.0,5.654866776,5.654866776,1.6679555954972092,-1.7920817058850422,-2.8252212867502493,-3.087633811617514,0.0,0.0,0.0,0.0,0.0,0.0,-1.820293501756736,1.6345361233749318,-0.17711085906156931,-3.311284654238154,-3.638789860746607,-2.661943288246129,0.08535307494869622,-0.08668634858895967,0.08606700560479799,0.08938598867416438,-0.08692682604987872,0.08769209384625255
254,4.251999999999754,0.982459545135498,0.6126910448074341,0.7660709619522095,0.40374746918678284,0.05762762203812599,0.07478512823581696,-1.0,5.654866776,5.654866776,1.7956596248546426,-1.7247770027716056,-2.8156147621564935,-3.075167130740603,0.0,0.0,0.0,0.0,0.0,0.0,-1.7715742555321914,1.5874430673389246,-0.07175510060080931,-3.3112415180766104,-3.645078186551311,-2.6934357517794756,0.08844000361858743,-0.08654410601779305,0.08599122606989022,0.10674781031203005,-0.07650821938826191,0.08551919546597067
255,4.267999999999752,0.9382550716400146,0.5884636640548706,0.8210793137550354,0.3959675431251526,-0.010725745931267738,0.09035322815179825,-1.0,5.654866776,5.654866776,1.932533546457607,-1.6587692133326426,-2.817402744003236,-3.0601052476076984,0.0,0.0,0.0,0.0,0.0,0.0,-1.71956466293198,1.5468067243262098,0.03539369162161701,-3.300492440345561,-3.658987180430816,-2.723238395831965,0.08069084152770556,-0.07999719190857123,0.07963301877187066,0.08139880632102679,-0.07911854631516389,0.0788244133414112
256,4.28599999999975,0.9046832919120789,0.5721950531005859,0.8804718255996704,0.3933873176574707,-0.07306249439716339,0.10933253914117813,-1.0,5.654866776,5.654866776,2.079308199785072,-1.5931915474791423,-2.829582261819243,-3.041879513332864,0.0,0.0,0.0,0.0,0.0,0.0,-1.662442164819736,1.5005471562433594,0.16133464776560905,-3.334227830073918,-3.6390660550810483,-2.7505431822855204,0.07840782775133565,-0.07942921377536431,0.07861044209406567,0.08883510233679226,-0.07785727821199488,0.08094565155693224
257,4.301999999999748,0.8839457035064697,0.5677950382232666,0.9302930235862732,0.38827815651893616,-0.13249623775482178,0.13125105202198029,-1.0,5.654866776,5.654866776,2.234388046816904,-1.5284655787874355,-2.851669384652972,-3.0199999629608,0.0,0.0,0.0,0.0,0.0,0.0,-1.6126768596474066,1.4609464011883069,0.2744268249996773,-3.390239168128707,-3.5946491088089485,-2.770347056384273,0.0773564781565613,-0.07702989668837551,0.07641102577448518,0.08110592298380194,-0.07507198936430272,0.07800308293436889
258,4.3179999999997465,0.8764431476593018,0.5744701027870178,0.9650141596794128,0.37957438826560974,-0.18765634298324585,0.15582901239395142,-1.0,5.654866776,5.654866776,2.3952559072354624,-1.4651905282635584,-2.882951697028279,-2.994023266594728,0.0,0.0,0.0,0.0,0.0,0.0,-1.5633631718888659,1.4225685666546675,0.39137716832458824,-3.4659957176560496,-3.533242160836577,-2.787231849181318,0.07832478545753624,-0.07798366766283132,0.07833880048634308,0.08491937959699668,-0.07671876756111846,0.07931324126834031
259,4.3359999999997445,0.8804923295974731,0.5897406935691833,0.9847621917724609,0.36885860562324524,-0.23597390949726105,0.18235750496387482,-1.0,5.654866776,5.654866776,2.5594157646039317,-1.4037017987061635,-2.922288547741472,-2.96362427051725,0.0,0.0,0.0,0.0,0.0,0.0,-1.511752059903121,1.3781674944048616,0.5234581426114914,-3.5738287166124154,-3.4609561319160647,-2.8027838777275003,0.07899185914846137,-0.07823240412253511,0.07789557635283459,0.0845562676021945,-0.07750500858168452,0.07772734207461623
260,4.351999999999743,0.8952365517616272,0.6110910177230835,0.9893366098403931,0.3575359582901001,-0.2765079140663147,0.21115410327911377,-1.0,5.654866776,5.654866776,2.7243381774643254,-1.3441005544592037,-2.968382417016327,-2.928424881500622,0.0,0.0,0.0,0.0,0.0,0.0,-1.464758611115318,1.3464784000833667,0.6301525634052331,-3.6288609616730496,-3.4127277517492027,-2.8134295314320554,0.10152285865243674,-0.0965739321917189,0.09998216856571368,0.10578892427658289,-0.09376119168246642,0.09851061526614653
261,4.367999999999741,0.9184539914131165,0.6359937787055969,0.980292797088623,0.3467433750629425,-0.3090771436691284,0.24182464182376862,-1.0,5.654866776,5.654866776,2.827433388,-1.2862984338362111,-3.0199055768659706,-2.8881127137086,0.0,0.0,0.0,0.0,0.0,0.0,-1.4197487974202037,1.3160928620564034,0.7256959257342117,-3.635472698469074,-3.4057949006042634,-2.8267383158129076,0.1332126411567405,-0.12983895913655089,0.12942731095738788,0.13771954193541086,-0.1257612007379276,0.12788533859280482
262,4.385999999999739,0.9482114911079407,0.6632685661315918,0.9584700465202332,0.3361879289150238,-0.3352353572845459,0.27347278594970703,-1.0,5.654866776,5.654866776,2.827433388,-1.2302559060860767,-3.0757893109253045,-2.8425248002907835,0.0,0.0,0.0,0.0,0.0,0.0,-1.3681337031187133,1.2830921227979217,0.8329194736018485,-3.6363332213879644,-3.401599272031554,-2.8396167005772512,0.14204163204792514,-0.14132266546771077,0.13906642976792963,0.14502173943237856,-0.1398572846753099,0.13842277234342723
263,4.401999999999737,0.9827221035957336,0.6919313669204712,0.9249985814094543,0.325418621301651,-0.35675475001335144,0.3048890233039856,-1.0,5.654866776,5.654866776,2.827433388,-1.1760086219150916,-3.13526032775253,-2.791699800106009,0.0,0.0,0.0,0.0,0.0,0.0,-1.323656121716629,1.25240261559882,0.9251783293443218,-3.6516718428293946,-3.390265785299844,-2.8411707045187575,0.15301994597490204,-0.15193860214630897,0.15113259613731525,0.15709008703662705,-0.15138682907705217,0.15061717906034008
264,4.4179999999997355,1.0,0.7203561663627625,0.8831698894500732,0.3156469762325287,-0.37345635890960693,0.335305392742157,-1.0,5.654866776,5.654866776,2.827433388,-1.123390270977129,-3.1975155027827618,-2.7358043911358916,0.0,0.0,0.0,0.0,0.0,0.0,-1.27766277523508,1.2241579066733517,1.0179141521961488,-3.6656363353027994,-3.3815894063123237,-2.835089614411398,0.1651027006942001,-0.16533119079153288,0.1648542208278331,0.1756418518443037,-0.1630678100572246,0.16654734866704918
265,4.4359999999997335,1.0,0.7472658157348633,0.8350570797920227,0.3080131411552429,-0.3853045105934143,0.3639531433582306,-1.0,5.654866776,5.654866776,2.827433388,-1.07204448034655,-3.261745764698684,-2.6751334021380746,0.0,0.0,0.0,0.0,0.0,0.0,-1.221144522990949,1.2008779752767054,1.1130018328865865,-3.6427354013200266,-3.400083711637588,-2.823036747367158,0.16972289620524902,-0.1662010398748616,0.16727539849517334,0.16820832831860677,-0.16692845344442356,0.1662832407761337
266,4.451999999999732,1.0,0.7716056704521179,0.7819042801856995,0.30263662338256836,-0.3928634822368622,0.39077264070510864,-1.0,5.654866776,5.654866776,2.827433388,-1.021594955228676,-3.3272361071875687,-2.609991602932533,0.0,0.0,0.0,0.0,0.0,0.0,-1.171899703110287,1.1785859910365897,1.1955593609026762,-3.656524747313517,-3.3894691955599336,-2.8086991811553776,0.17794132820143874,-0.17403472599242287,0.17557468040455199,0.18007121641247922,-0.1755038535827489,0.17433287883444964
267,4.46799999999973,0.9862914681434631,0.7177453637123108,0.8853540420532227,0.3945554792881012,-0.398858904838562,0.44157874584198,-1.0,5.654866776,5.654866776,2.827433388,-0.9558225568313495,-3.393725886624157,-2.536380426000675,0.0,0.0,0.0,0.0,0.0,0.0,-1.1348719404472165,1.1488174453847961,1.2516371409955593,-3.6785154049867685,-3.391364446496834,-2.7913804598917906,0.1736442589202711,-0.17319438194167042,0.1716868519774093,0.17505298546822542,-0.17347842541156436,0.17126578251054525
268,4.485999999999728,0.9225780963897705,0.6821966171264648,0.9743611216545105,0.46508103609085083,-0.39352935552597046,0.47210583090782166,-1.0,5.654866776,5.654866776,2.827433388,-0.8782935481150047,-3.459327230190336,-2.457680383988341,0.0,0.0,0.0,0.0,0.0,0.0,-1.0896094508716163,1.1272925927648854,1.3115404985626713,-3.6067650539489797,-3.419791942342021,-2.762325997495594,0.161903193550393,-0.16004986963687065,0.16052879611605167,0.1574140427648402,-0.15961287509353828,0.15886590460004169
269,4.501999999999726,0.8352035880088806,0.6288239359855652,1.0,0.5595487952232361,-0.36821624636650085,0.5154117345809937,-1.0,5.654866776,5.654866776,2.827433388,-0.7850167639512913,-3.5207088784596317,-2.3717612478336894,0.0,0.0,0.0,0.0,0.0,0.0,-1.0556001713806593,1.10642682607153,1.3543631679426715,-3.581724459798449,-3.451537898135825,-2.734437167536163,0.14451349214580939,-0.14450109045411866,0.1444991360221395,0.14438868806935568,-0.14438250827290172,0.14462474944978285
270,4.5179999999997245,0.7872909307479858,0.5962051153182983,1.0,0.6181067824363708,-0.3538688123226166,0.5419516563415527,-0.9411071538925171,5.654866776,5.654866776,2.827433388,-0.6819783633191483,-3.579698809473812,-2.2814179067215523,0.021201424598693848,-0.021201424598693848,0.021201424598693848,0.021201424598693848,-0.021201424598693848,0.021201424598693848,-1.0219572201800704,1.0900262373840204,1.3907171590902616,-3.5612788023696496,-3.4693220237008693,-2.70266366902323,0.13127583237550933,-0.1327362795201846,0.1323741488900072,0.1345974491876676,-0.13255415188990566,0.1336478001366678
271,4.5359999999997225,0.7670183777809143,0.5739697217941284,1.0,0.6570479273796082,-0.33942896127700806,0.5607075691223145,-0.8913639187812805,5.654866776,5.654866776,2.827433388,-0.5724484738249676,-3.6362816173186894,-2.1879479549488625,0.03910898923873901,-0.03910898923873901,0.03910898923873901,0.03910898923873901,-0.03910898923873901,0.03910898923873901,-0.9841334258452066,1.0771392550431198,1.4300853205340525,-3.5049234000477365,-3.507178906892198,-2.6633496528273883,0.12433300254083454,-0.12346453240016304,0.12383697402905437,0.12240013338081243,-0.12334834687735186,0.12301202873761401
272,4.551999999999721,0.7666933536529541,0.5593001842498779,1.0,0.6827265620231628,-0.3251478970050812,0.5729671716690063,-0.8524954915046692,5.654866776,5.654866776,2.827433388,-0.4586379559357063,-3.6904837717494363,-2.092434327431639,0.05310162305831909,-0.05310162305831909,0.05310162305831909,0.05310162305831909,-0.05310162305831909,0.05310162305831909,-0.9591862643098499,1.0616580432726634,1.4573854905012429,-3.4816555435648215,-3.532023677333109,-2.6229879346388714,0.11715332256119408,-0.11722932554858649,0.1173209486231664,0.11740149802352755,-0.11728145836412977,0.1174562690166588
273,4.567999999999719,0.7804903984069824,0.5502025485038757,1.0,0.6991996765136719,-0.3112330734729767,0.5807827115058899,-0.822355329990387,5.654866776,5.654866776,2.827433388,-0.34208136986087717,-3.7423663250973815,-1.9956178494236072,0.06395208120346069,-0.06395208120346069,0.06395208120346069,0.06395208120346069,-0.06395208120346069,0.06395208120346069,-0.9353222548008959,1.0499440029036393,1.483393142676425,-3.433648805064731,-3.5598463254839974,-2.577413455440288,0.11300562806515435,-0.11287753125080928,0.11298041802851032,0.1128011238146676,-0.11280552520891947,0.11286014980252292
274,4.585999999999717,0.8029208183288574,0.5447350740432739,1.0,0.7086837887763977,-0.2977571189403534,0.5854669213294983,-0.7989909052848816,5.654866776,5.654866776,2.827433388,-0.22394378227185166,-3.7920024368247383,-1.8980205136379797,0.07236327409744263,-0.07236327409744263,0.07236327409744263,0.07236327409744263,-0.07236327409744263,0.07236327409744263,-0.9115981837434846,1.038599966807013,1.5088938649718715,-3.385147674110051,-3.6019331823933856,-2.5257560794597635,0.10907257825755635,-0.1094350521813996,0.10931731044902247,0.1099493884873473,-0.10916717393711846,0.10962863970810593
275,4.601999999999715,0.8318535089492798,0.5431621670722961,1.0,0.7100138664245605,-0.285475492477417,0.5868088006973267,-0.7835601568222046,5.654866776,5.654866776,2.827433388,-0.1055844707388774,-3.8395912014207236,-1.8001994865617355,0.07791834354400634,-0.07791834354400634,0.07791834354400634,0.07791834354400634,-0.07791834354400634,0.07791834354400634,-0.8921536917409723,1.0309383274212212,1.529232435983535,-3.3544014353727905,-3.637969139509107,-2.474959663374822,0.10599130357475575,-0.10734873254427367,0.10684534056328275,0.10865337496054846,-0.10688616948398641,0.10778603927760254
276,4.6179999999997134,0.865429162979126,0.5454495549201965,1.0,0.7018234729766846,-0.2752280533313751,0.5844705104827881,-0.7764282822608948,5.654866776,5.654866776,2.827433388,0.011409502206335922,-3.885471717911064,-1.7027682524642547,0.08048581838607788,-0.08048581838607788,0.08048581838607788,0.08048581838607788,-0.08048581838607788,0.08048581838607788,-0.8751528958866926,1.025398888287635,1.5438804529786156,-3.297037186249061,-3.665614040327402,-2.4115645201674494,0.10648598456169653,-0.1056174925306265,0.10597309010042592,0.10438398760997665,-0.10593852574066927,0.10511887996103489
277,4.6359999999997115,0.8967124819755554,0.5497469305992126,1.0,0.6855332255363464,-0.2657315731048584,0.5796899795532227,-0.7737019658088684,5.654866776,5.654866776,2.827433388,0.1256878909032449,-3.929769171147644,-1.6061339328727324,0.08146729230880737,-0.08146729230880737,0.08146729230880737,0.08146729230880737,-0.08146729230880737,0.08146729230880737,-0.8616643986042706,1.0182730854896906,1.5563588415518026,-3.2360790213234516,-3.707141577532125,-2.3442914943704203,0.10449770662010588,-0.1040124007373789,0.10416937911355469,0.10348650104502283,-0.10391652498250512,0.10376595720491204
278,4.65199999999971,0.9318947196006775,0.5596326589584351,1.0,0.6560803651809692,-0.2602351903915405,0.5698570013046265,-0.7822583317756653,5.654866776,5.654866776,2.827433388,0.23505648777891247,-3.9731503773859136,-1.5111387707552513,0.07838700056076049,-0.07838700056076049,0.07838700056076049,0.07838700056076049,-0.07838700056076049,0.07838700056076049,-0.8523243888136159,1.012977908764599,1.5663263642189293,-3.196643655167713,-3.7474915377338016,-2.2855205040615294,0.10182976774947287,-0.10231551375397076,0.10215422753526678,0.10299121190576727,-0.10213854266328141,0.10258060352709837
279,4.667999999999708,0.9661273956298828,0.5733433365821838,1.0,0.6144223213195801,-0.25857236981391907,0.5557429790496826,-0.7988428473472595,5.654866776,5.654866776,2.827433388,0.3374806887428865,-4.016254391433894,-1.4184964161476692,0.07241657495498657,-0.07241657495498657,0.07241657495498657,0.07241657495498657,-0.07241657495498657,0.07241657495498657,-0.8443857892976718,1.009595606869866,1.5736875119191391,-3.1705092919757716,-3.782281998170945,-2.2214427056693475,0.09878658394745261,-0.10038773983563458,0.09976850559598997,0.10180779752392513,-0.1000491028095402,0.1008581294807377
280,4.685999999999706,0.9944917559623718,0.5884265899658203,0.9361841678619385,0.5658091902732849,-0.2567877173423767,0.5406768918037415,-0.8168159127235413,5.654866776,5.654866776,2.827433388,0.4318010807614431,-4.059060903914868,-1.3283655782839854,0.06594627141952514,-0.06594627141952514,0.06594627141952514,0.06594627141952514,-0.06594627141952514,0.06594627141952514,-0.8370674093777711,1.0083301126897772,1.5759989388617504,-3.104777306305578,-3.8161520005601743,-2.1397428191762584,0.09857881521891776,-0.09743516159197,0.09782577496661324,0.09600104928256328,-0.09778824821395386,0.09685556645570596
281,4.701999999999704,1.0,0.6050437688827515,0.8145490884780884,0.5083172917366028,-0.25894805788993835,0.5229055285453796,-0.8391144275665283,5.654866776,5.654866776,2.827433388,0.5165375732939348,-4.102227545165121,-1.2411972266754705,0.0579188060760498,-0.0579188060760498,0.0579188060760498,0.0579188060760498,-0.0579188060760498,0.0579188060760498,-0.8337577480495053,1.0072306355619045,1.5770853030463372,-3.0563444199836116,-3.853042718952188,-2.0725347330706665,0.09413623147774428,-0.09429803977181017,0.09416964774433426,0.09447986899573313,-0.09393335170527348,0.09426557357556609
282,4.717999999999702,0.7906051874160767,0.5164639353752136,0.754645824432373,0.582417368888855,-0.14717714488506317,0.5829020738601685,-0.6464253067970276,5.654866776,5.654866776,2.827433388,0.6136265486877069,-4.126761975217462,-1.1440274509629804,0.12728688955307008,-0.12728688955307008,0.12728688955307008,0.12728688955307008,-0.12728688955307008,0.12728688955307008,-0.8327664809257587,1.0066238173417663,1.5776366398941708,-3.026223210414377,-3.891353469914663,-2.006067921304713,0.09840122340973298,-0.09861317434290547,0.09890014729443279,0.09967288083844979,-0.09851226794085141,0.09939755314521191
283,4.7359999999997004,0.6809352040290833,0.482170045375824,0.6796734929084778,0.5703008770942688,-0.15171900391578674,0.5866352915763855,-0.6195617914199829,5.654866776,5.654866776,2.827433388,0.7086957048993215,-4.152053533170223,-1.0462353478571969,0.13695775508880614,-0.13695775508880614,0.13695775508880614,0.13695775508880614,-0.13695775508880614,0.13695775508880614,-0.831649787648677,1.008326257155694,1.5696772408689077,-2.983568729883569,-3.9202006204440996,-1.9197862143876612,0.10469847495364704,-0.1047232631955381,0.10477363232673707,0.10445928439698032,-0.10514783308800019,0.1047175251805601
284,4.751999999999699,0.6443729996681213,0.48142409324645996,0.6095125675201416,0.503470242023468,-0.20691213011741638,0.545775294303894,-0.6883572936058044,5.654866776,5.654866776,2.827433388,0.7926241942446337,-4.186545785260797,-0.9552546062967378,0.1121913743019104,-0.1121913743019104,0.1121913743019104,0.1121913743019104,-0.1121913743019104,0.1121913743019104,-0.8308031215299035,1.0110588549512947,1.566080485721399,-2.9345686225797842,-3.956191051661721,-1.8479385151220626,0.10708344753726487,-0.10671398867875283,0.10662632744964692,0.10607625397003505,-0.10654374133540888,0.10619466791125558
285,4.767999999999697,0.6537580490112305,0.4964653253555298,0.525911271572113,0.42396917939186096,-0.2723451554775238,0.505221426486969,-0.7711487412452698,5.654866776,5.654866776,2.827433388,0.8632998564492569,-4.2319457226788995,-0.87103419450136,0.08238645315170288,-0.08238645315170288,0.08238645315170288,0.08238645315170288,-0.08238645315170288,0.08238645315170288,-0.8310539319226555,1.0126135357832462,1.561328156913355,-2.896833545721819,-3.9883648377518646,-1.773037424878236,0.10431005479181864,-0.10529997754776886,0.10476527687224294,0.10579146369017753,-0.10504725778999033,0.10529823310840757
286,4.785999999999695,0.6676012277603149,0.5064599514007568,0.42721474170684814,0.36780643463134766,-0.3119773864746094,0.4943270981311798,-0.8081061840057373,5.654866776,5.654866776,2.827433388,0.9246131891023025,-4.283952353004217,-0.7886298672428923,0.06908177375793456,-0.06908177375793456,0.06908177375793456,0.06908177375793456,-0.06908177375793456,0.06908177375793456,-0.831630734816761,1.0152250240038625,1.5508090846151934,-2.841305604013222,-4.025868505640517,-1.6861460968208488,0.10225025168713678,-0.10209117644098843,0.10212671140155798,0.10173847555278727,-0.10225387201985507,0.10193482987240428
287,4.801999999999693,0.6816054582595825,0.5141255855560303,0.31420785188674927,0.32203689217567444,-0.3387548327445984,0.4975608289241791,-0.8250846862792969,5.654866776,5.654866776,2.827433388,0.9782967390279874,-4.340422783622742,-0.7056864770612317,0.06296951293945312,-0.06296951293945312,0.06296951293945312,0.06296951293945312,-0.06296951293945312,0.06296951293945312,-0.8320979880699679,1.0184163240709072,1.5396785935310073,-2.782848359153709,-4.0620767194655185,-1.6084740118253018,0.09941194043750144,-0.09906656762746305,0.09916777164957126,0.09855588517605043,-0.09911234896880841,0.09883365307638052
288,4.817999999999691,0.6599129438400269,0.5050626993179321,0.2004503309726715,0.29484236240386963,-0.3504006862640381,0.5135788321495056,-0.810354471206665,5.654866776,5.654866776,2.827433388,1.0274469608407124,-4.398834578022957,-0.6200728857419091,0.06827239036560058,-0.06827239036560058,0.06827239036560058,0.06827239036560058,-0.06827239036560058,0.06827239036560058,-0.8322202242475104,1.0177204851994488,1.5454352784163679,-2.7624090784560487,-4.094826434151343,-1.5439404217715627,0.11175075627028522,-0.11075426153824391,0.1103764184395513,0.11260284820810994,-0.11041466563199676,0.1108635118690094
289,4.835999999999689,0.6530628800392151,0.5061087012290955,0.0703965276479721,0.25492143630981445,-0.375414103269577,0.5238510966300964,-0.8166216015815735,5.654866776,5.654866776,2.827433388,1.0699423642735584,-4.461416109037996,-0.532746907933672,0.06601622343063354,-0.06601622343063354,0.06601622343063354,0.06601622343063354,-0.06601622343063354,0.06601622343063354,-0.8317921677341028,1.0146552717447457,1.5506565340491365,-2.7738662976193327,-4.128626207305072,-1.4535286582613545,0.10844934734200846,-0.10907279687576116,0.10771375265148489,0.10818653243262609,-0.10906858961369098,0.10723597042432123
290,4.851999999999688,0.6489611864089966,0.5108147263526917,-0.07600349187850952,0.20673638582229614,-0.40694543719291687,0.53148353099823,-0.8297418355941772,5.654866776,5.654866776,2.8147636059038526,1.1044053197901351,-4.529253913418056,-0.44414860331626704,0.06129293918609619,-0.06129293918609619,0.06129293918609619,0.06129293918609619,-0.06129293918609619,0.06129293918609619,-0.8289191925041867,1.0158700607474755,1.547833417759651,-2.7240440015477057,-4.163496884950527,-1.3723850607252892,0.11036720286309487,-0.10908540718531622,0.10970111918556208,0.10843481274652432,-0.10941405142846168,0.10913867337171049
291,4.867999999999686,0.644645094871521,0.5161632895469666,-0.23369161784648895,0.1547645628452301,-0.4433690011501312,0.5385297536849976,-0.8434045314788818,5.654866776,5.654866776,2.775807213208843,1.130204572416435,-4.603163525909783,-0.35437569337697794,0.05637436866760254,-0.05637436866760254,0.05637436866760254,0.05637436866760254,-0.05637436866760254,0.05637436866760254,-0.8271054154648403,1.011959771633934,1.5651442226524523,-2.7225838811193173,-4.205476122124264,-1.2992921723672268,0.11283927327075695,-0.11186722374002801,0.11112836710707007,0.11241995017995134,-0.11153037322464945,0.11161808114857383
292,4.885999999999684,0.6379498839378357,0.5194928050041199,-0.40049082040786743,0.10192202031612396,-0.4833550751209259,0.5474136471748352,-0.853751003742218,5.654866776,5.654866776,2.7090453934468512,1.1471949732031328,-4.683738816932441,-0.2631218383929329,0.05264963865280151,-0.05264963865280151,0.05264963865280151,0.05264963865280151,-0.05264963865280151,0.05264963865280151,-0.8255550666352302,1.0107565143935693,1.5585385736178465,-2.6864833198048177,-4.249372530469737,-1.2038659403709917,0.10567775950678475,-0.1069760873191455,0.10611637489943111,0.10660415954226593,-0.10697216426025336,0.10641570198318137
293,4.901999999999682,0.6929309964179993,0.473816454410553,-0.4377116560935974,0.19563820958137512,-0.48190900683403015,0.6312373876571655,-0.7410563826560974,5.654866776,5.654866776,2.6360788603760485,1.179807862740348,-4.764073048371674,-0.1578945658704834,0.09321970224380492,-0.09321970224380492,0.09321970224380492,0.09321970224380492,-0.09321970224380492,0.09321970224380492,-0.8217745102806617,1.0133094869013697,1.5517478978022028,-2.6453069539335154,-4.303173330327268,-1.1254243543548434,0.11372605776243765,-0.11090292489776661,0.11188991813154693,0.1106740488112595,-0.11113449922829341,0.11118379964925365
294,4.91799999999968,0.7158419489860535,0.4681323170661926,-0.60451340675354,0.16978658735752106,-0.5330964922904968,0.6360652446746826,-0.7324991226196289,5.654866776,5.654866776,2.5353064754702332,1.208111286852847,-4.8529402336365,-0.051862489583213794,0.09630031585693359,-0.09630031585693359,0.09630031585693359,0.09630031585693359,-0.09630031585693359,0.09630031585693359,-0.8197410047424938,1.0163097329544037,1.540653232357684,-2.600165708225316,-4.349021710273521,-1.037103944734568,0.11051974607371316,-0.11201372595100623,0.11090322530440781,0.11208360587155543,-0.11163807822383971,0.11162394431542481
295,4.935999999999678,0.7207854390144348,0.48713377118110657,-0.7634071707725525,0.09618604183197021,-0.603999674320221,0.5993452072143555,-0.7781293988227844,5.654866776,5.654866776,2.408046500102449,1.2241455000262365,-4.953626979345681,0.04804835645941927,0.07987341642379761,-0.07987341642379761,0.07987341642379761,0.07987341642379761,-0.07987341642379761,0.07987341642379761,-0.8166596045953342,1.019477823739125,1.5366935383328224,-2.5341073095650524,-4.423253243585339,-0.9471382240337058,0.11541274797171866,-0.11351556817297238,0.11371128315845976,0.11297966244261647,-0.11341550337189521,0.11326687988044074
296,4.951999999999677,0.7136895060539246,0.5111281871795654,-0.8856220245361328,0.020067933946847916,-0.6761796474456787,0.5585696697235107,-0.8302887678146362,5.654866776,5.654866776,2.2604133086122755,1.2274908246151761,-5.066346126574875,0.1411619204023285,0.06109604358673096,-0.06109604358673096,0.06109604358673096,0.06109604358673096,-0.06109604358673096,0.06109604358673096,-0.8149990038093039,1.0237842760067508,1.5215708155576102,-2.461583310889,-4.477377905376938,-0.8576212501379479,0.10799791235555889,-0.11029653452448542,0.10886318970603275,0.11061541848278521,-0.10987327762914635,0.10993581764869341
297,4.967999999999675,0.7055522799491882,0.53395015001297,-0.9859373569488525,-0.046445127576589584,-0.7463528513908386,0.5257902145385742,-0.8740686178207397,5.654866776,5.654866776,2.0960575512089017,1.2197484218481587,-5.190763146901728,0.22881114916590883,0.04533529758453369,-0.04533529758453369,0.04533529758453369,0.04533529758453369,-0.04533529758453369,0.04533529758453369,-0.8097974662995125,1.035923337553611,1.493095896026707,-2.3105281082249203,-4.537395582791665,-0.7682339966807051,0.10208929903440798,-0.10499477743047038,0.1035379406200143,0.10517039149059752,-0.10501480286666012,0.1047000010521933
298,4.985999999999673,0.6993470191955566,0.5507251024246216,-1.0,-0.10426918417215347,-0.8148699402809143,0.5033729076385498,-0.9026787281036377,5.654866776,5.654866776,1.9293575512089016,1.2023667488466607,-5.326601965946556,0.3127234128692551,0.035035657882690426,-0.035035657882690426,0.035035657882690426,0.035035657882690426,-0.035035657882690426,0.035035657882690426,-0.8012158520781375,1.056309190606856,1.4442488071571842,-2.046728567905916,-4.612731124910186,-0.668717222860714,0.09554534576991969,-0.098494112633393,0.09698514361605183,0.0987710560053683,-0.09830002272953868,0.09823221902509484
299,5.001999999999671,0.6909486055374146,0.5634692907333374,-1.0,-0.15832315385341644,-0.8801632523536682,0.4843566119670868,-0.9237204790115356,5.654866776,5.654866776,1.7626575512089016,1.1759742790992962,-5.473325180113912,0.3934656600841685,0.027460627555847168,-0.027460627555847168,0.027460627555847168,0.027460627555847168,-0.027460627555847168,0.027460627555847168,-0.7905758667009829,1.080067676126166,1.3955311443020675,-1.7790786832380516,-4.688478222955956,-0.5813654099514354,0.0917900815241229,-0.09143831140148176,0.09155197965142009,0.09119536797270164,-0.09162158941289515,0.09137193858929403
300,5.017999999999669,0.6805622577667236,0.5712229609489441,-1.0,-0.2085983008146286,-0.9410561323165894,0.47009551525115967,-0.9352389574050903,5.654866776,5.654866776,1.5959575512089015,1.1412009423534977,-5.630199237371087,0.4718305824765368,0.02331397533416748,-0.02331397533416748,0.02331397533416748,0.02331397533416748,-0.02331397533416748,0.02331397533416748,-0.7823089560881142,1.1043128147854855,1.3470749354288443,-1.5307900517065123,-4.772396771028215,-0.49476242234674334,0.08647058919712448,-0.08517133662114111,0.08578142982914616,0.08471327383482634,-0.08506182267279132,0.08507778474955305
301,5.035999999999667,0.6686911582946777,0.5751993060112,-1.0,-0.25457990169525146,-0.9950163960456848,0.4606626033782959,-0.9388736486434937,5.654866776,5.654866776,1.4292575512089014,1.0987624727408993,-5.654866776,0.5486230384596987,0.022005486488342284,-0.022005486488342284,0.022005486488342284,0.022005486488342284,-0.022005486488342284,0.022005486488342284,-0.7755022074667595,1.1315596827068404,1.2959001492010613,-1.272899816790172,-4.866190511229865,-0.39872477249009464,0.07944112637826023,-0.07882900866763164,0.0791913237102978,0.0787339265344674,-0.07877548276408729,0.07887858402344729
302,5.051999999999666,0.6620403528213501,0.5860346555709839,-1.0,-0.2973577380180359,-1.0,0.4473668932914734,-0.953364372253418,5.654866776,5.654866776,1.2625575512089013,1.0491929378132927,-5.654866776,0.6231990995713873,0.016788825988769532,-0.016788825988769532,0.016788825988769532,0.016788825988769532,-0.016788825988769532,0.016788825988769532,-0.7714946121278957,1.1529650880253661,1.2562293486913203,-1.06351952489085,-4.941778959421752,-0.3146768788074819,0.07362368702786115,-0.07304595732509078,0.07339416316527708,0.07310831058156195,-0.07314120788732116,0.07317771042399977
303,5.067999999999664,0.6602491140365601,0.6013643145561218,-1.0,-0.3336026966571808,-1.0,0.432792991399765,-0.9740928411483765,5.654866776,5.654866776,1.0958575512089013,0.9935813682805407,-5.654866776,0.6953456912377282,0.009326577186584473,-0.009326577186584473,0.009326577186584473,0.009326577186584473,-0.009326577186584473,0.009326577186584473,-0.766536488948229,1.166046863826975,1.2278766075740786,-0.8963748157106904,-5.0136989327104775,-0.2315561965501667,0.06917683885834136,-0.06621308445614879,0.06758281840606035,0.06536248880638401,-0.06669811243418243,0.06621568784270797
304,5.085999999999662,0.6617535352706909,0.6182368397712708,-1.0,-0.36152929067611694,-1.0,0.41867274045944214,-0.9963073134422302,5.654866776,5.654866776,0.9291575512089012,0.933314435524832,-5.654866776,0.7651384370723172,0.001329367160797119,-0.001329367160797119,0.001329367160797119,0.001329367160797119,-0.001329367160797119,0.001329367160797119,-0.7600623398489598,1.1581821886038093,1.2088423266465482,-0.7536584281818697,-5.096112365691651,-0.13981428517632627,0.06014041320407022,-0.05964929305473315,0.05984596429877104,0.059156347994084424,-0.059343609397217584,0.05940463903166747
305,5.10199999999966,0.6630167961120605,0.6328008770942688,-1.0,-0.38130101561546326,-1.0,0.4054466187953949,-1.0,5.654866776,5.654866776,0.7624575512089011,0.8697515562217342,-5.654866776,0.8327263884255095,0.0,0.0,0.0,0.0,0.0,0.0,-0.7536647802729483,1.1481322138218912,1.1800244608703825,-0.6321211585193235,-5.157664110449467,-0.059826078315032824,0.053518315882805714,-0.053715287332008636,0.05367093034369169,0.053849069524542915,-0.05375048372725041,0.05380152713553445
306,5.117999999999658,0.666385293006897,0.6434192061424255,-1.0,-0.3948019742965698,-1.0,0.39531442523002625,-1.0,5.654866776,5.654866776,0.5957575512089011,0.803938067106496,-5.654866776,0.8986253031113549,0.0,0.0,0.0,0.0,0.0,0.0,-0.7395912889682026,1.1542593598969872,1.1224401591515811,-0.5186181564088466,-5.199681254547674,0.018966768381020044,0.04854892244784004,-0.04844823595915349,0.04853585555098864,0.04861172385906015,-0.048537818310531076,0.04858639319882585
307,5.135999999999656,0.6734562516212463,0.6547385454177856,-1.0,-0.40538033843040466,-1.0,0.3846956193447113,-1.0,5.654866776,5.654866776,0.42905755120890104,0.7363611646901475,-5.654866776,0.9627540628561183,0.0,0.0,0.0,0.0,0.0,0.0,-0.707791263935544,1.1991650378866214,1.0148175773039205,-0.40809790067438273,-5.237589835601115,0.10579019988872802,0.04389415685614074,-0.043250232614964766,0.043562451208468946,0.04312136587887085,-0.0432639705525917,0.043282929424921235
308,5.151999999999655,0.680938184261322,0.6644033789634705,-1.0,-0.4122980535030365,-1.0,0.3751659691333771,-1.0,5.654866776,5.654866776,0.26235755120890103,0.6676310791711912,-5.654866776,1.0252942299106522,0.0,0.0,0.0,0.0,0.0,0.0,-0.674679389386164,1.242783939311967,0.9187654358278508,-0.3232745965941549,-5.300696817445802,0.1814518087217665,0.03928635895460545,-0.03896270335771596,0.039121089459210036,0.038939167679913074,-0.03889657979101305,0.03898051710391254
309,5.167999999999653,0.6854771375656128,0.6693456768989563,-1.0,-0.41474297642707825,-1.0,0.36864715814590454,-1.0,5.654866776,5.654866776,0.09565755120890101,0.5984934250007973,-5.654866776,1.0867477111735746,0.0,0.0,0.0,0.0,0.0,0.0,-0.642091637554343,1.2823145624502208,0.819952975488173,-0.24980871328916207,-5.341336941064934,0.25590804559559954,0.03600729534211158,-0.03517591534631243,0.03550535574784416,0.034509029980174424,-0.03528722028886282,0.034979375759043405
310,5.185999999999651,0.6847955584526062,0.6690192222595215,-1.0,-0.41408881545066833,-1.0,0.36439961194992065,-1.0,5.654866776,5.654866776,-0.071042448791099,0.5294648194651709,-5.654866776,1.1474931264856263,0.0,0.0,0.0,0.0,0.0,0.0,-0.5976128575258058,1.3466072941056193,0.6839601084296559,-0.18062119313597302,-5.390106040592722,0.33799742410137507,0.03103528547514593,-0.03136299453029867,0.03126083307310813,0.0317308997600817,-0.031172583780965657,0.031480887428718546
311,5.201999999999649,0.6852525472640991,0.6714650988578796,-1.0,-0.4154394567012787,-1.0,0.35624194145202637,-1.0,5.654866776,5.654866776,-0.23774244879109901,0.4602110620330677,-5.654866776,1.2068786581256792,0.0,0.0,0.0,0.0,0.0,0.0,-0.5544289218215241,1.4125381908394148,0.5511360489045886,-0.13185114674594517,-5.410000691131367,0.40944138419554504,0.029164793203140277,-0.02825122149056468,0.028631736252890137,0.027658805544949462,-0.02835949350849599,0.028113060122558396
312,5.217999999999647,0.6822226047515869,0.673072099685669,-1.0,-0.41387155652046204,-1.0,0.3475928008556366,-1.0,5.654866776,5.654866776,-0.40444244879109903,0.3912186735611067,-5.654866776,1.2648223780283139,0.0,0.0,0.0,0.0,0.0,0.0,-0.5109959416740602,1.4791549422028099,0.4104420625732748,-0.09149079275799842,-5.454658704727413,0.479835807681154,0.026082453864808303,-0.025345376637603428,0.025698927995214955,0.02498456212877765,-0.0256406664300556,0.025362616747692617
313,5.235999999999645,0.6796486973762512,0.6741979718208313,-1.0,-0.4118635952472687,-1.0,0.3392486572265625,-1.0,5.654866776,5.654866776,-0.571142448791099,0.32256101223338696,-5.654866776,1.3213751291879818,0.0,0.0,0.0,0.0,0.0,0.0,-0.45699206470198517,1.56987014899664,0.23893601279822296,-0.0586277554432581,-5.4846344673118095,0.55729812521063,0.022119398581733923,-0.023132476033934153,0.022709630956394566,0.023832878496243298,-0.022487328395802524,0.023212350094187276
314,5.251999999999644,0.6782928109169006,0.6767346262931824,-1.0,-0.41005274653434753,-1.0,0.3297722041606903,-1.0,5.654866776,5.654866776,-0.7378424487910991,0.25420521938611124,-5.654866776,1.3763481556215689,0.0,0.0,0.0,0.0,0.0,0.0,-0.4397169118734018,1.6406351282743228,0.08463560283439436,0.0023395400515084583,-5.561368137517436,0.6247043275080696,0.019411774059944653,-0.02113461955011339,0.020592428353321916,0.022722112705273436,-0.02140958220459906,0.02186003286258899
315,5.267999999999642,0.6781840324401855,0.680499792098999,-1.0,-0.4082089364528656,-1.0,0.31956106424331665,-1.0,5.654866776,5.654866776,-0.9045424487910991,0.18615678967941854,-5.654866776,1.4296189850309298,0.0,0.0,0.0,0.0,0.0,0.0,-0.4415893585298086,1.7062592029804724,-0.06830515955027511,0.05793298047755734,-5.588435969519359,0.691012563374825,0.021822284981256133,-0.018936228451287025,0.020073771892424288,0.0166228895367746,-0.019545089132727424,0.018216210430103043
316,5.28599999999964,0.678378164768219,0.6842011213302612,-1.0,-0.40608617663383484,-1.0,0.30984681844711304,-1.0,5.654866776,5.654866776,-1.0712424487910992,0.11846222403455826,-5.654866776,1.4812704496660636,0.0,0.0,0.0,0.0,0.0,0.0,-0.4431119586879825,1.7423197701612885,-0.16680559876489393,0.07776181693094421,-5.5962012114518265,0.7636594461938957,0.01903982079766239,-0.01703048205515321,0.01781245127720654,0.01529650035203858,-0.0168341169437867,0.016355032470332584
317,5.301999999999638,0.6782872080802917,0.6879622340202332,-1.0,-0.40397652983665466,-1.0,0.30025824904441833,-1.0,5.654866776,5.654866776,-1.2379424487910993,0.05111933651078793,-5.654866776,1.5313234997817682,0.0,0.0,0.0,0.0,0.0,0.0,-0.4421498326067554,1.737188562626632,-0.17907892426855393,0.07753703285232477,-5.601441096065676,0.8267108072548258,0.015439600559095231,-0.01538858177231037,0.015436182293438712,0.015136969760089599,-0.015307380753984481,0.015268418098381219
318,5.317999999999636,0.6786738038063049,0.6932212114334106,-1.0,-0.40371590852737427,-1.0,0.28990694880485535,-1.0,5.654866776,5.654866776,-1.4046424487910993,-0.016180105440725373,-5.654866776,1.5796509881475376,0.0,0.0,0.0,0.0,0.0,0.0,-0.43995818995214087,1.7239140958336023,-0.18509425432526522,0.07647206524564922,-5.607480351075976,0.8886664194650222,0.013492455570579551,-0.013676044793881981,0.013630086944291093,0.013823578405484887,-0.013829570673417689,0.013761440261211472
319,5.335999999999634,0.6771673560142517,0.6957771182060242,-1.0,-0.4012833535671234,-1.0,0.2821440100669861,-1.0,5.654866776,5.654866776,-1.5713424487910994,-0.08307404048036485,-5.654866776,1.6266843946257041,0.0,0.0,0.0,0.0,0.0,0.0,-0.4364699928165065,1.7103508864846884,-0.20849285414815677,0.06972365018583498,-5.6137919914084415,0.9566538408777975,0.012062081393478667,-0.012069935292033656,0.012025821875331829,0.012045599225037909,-0.012107507545249129,0.012056729184968716
320,5.351999999999633,0.6718993186950684,0.6949458122253418,-1.0,-0.3978380262851715,-1.0,0.2768652141094208,-1.0,5.654866776,5.654866776,-1.7380424487910995,-0.14939363946210293,-5.654866776,1.6728378258177445,0.0,0.0,0.0,0.0,0.0,0.0,-0.4318203365582219,1.712024653526926,-0.26700606588145576,0.05885541143022517,-5.618590059640067,1.0156627692510314,0.010812202893822877,-0.01075838775769617,0.010736170304931507,0.010775209908474217,-0.010752782002928193,0.010774888531967574
321,5.367999999999631,0.66302090883255,0.6927458047866821,-1.0,-0.3950878083705902,-1.0,0.2716948688030243,-1.0,5.654866776,5.654866776,-1.9047424487910996,-0.2152547771174803,-5.654866776,1.7181293604472088,0.0,0.0,0.0,0.0,0.0,0.0,-0.4271087367422011,1.7095950673118905,-0.3217489639952654,0.039654663599566826,-5.622593704737347,1.0733993333832657,0.009768866205815557,-0.009685852910089589,0.009701978520868425,0.009558406289480287,-0.009674781773933048,0.009631618910239668
322,5.385999999999629,0.6508893370628357,0.6896148324012756,-1.0,-0.3935747742652893,-1.0,0.266262948513031,-1.0,5.654866776,5.654866776,-2.0714424487910996,-0.28086369198750405,-5.654866776,1.762515393964331,0.0,0.0,0.0,0.0,0.0,0.0,-0.42075754515692493,1.7124250476957135,-0.40441324963505076,0.016871111496827778,-5.626966555481295,1.1368919074331822,0.008548325137438955,-0.00850467778621414,0.008507017685786707,0.008486440105053604,-0.008528275126009345,0.008508848429484482
323,5.401999999999627,0.6366077661514282,0.687052845954895,-1.0,-0.3935500383377075,-1.0,0.25915515422821045,-1.0,5.654866776,5.654866776,-2.2381424487910997,-0.3464684833783999,-5.654866776,1.8057165581741736,0.0,0.0,0.0,0.0,0.0,0.0,-0.4151639221521646,1.7070951907690026,-0.4690032056625998,-0.008960274811649153,-5.630415934942694,1.1918710495077056,0.007660523212423505,-0.007644503514412632,0.00763407324796431,0.007539973933687777,-0.0076480007386081185,0.0075919659798364975
324,5.417999999999625,0.6718834638595581,0.7546286582946777,-1.0,-0.40955832600593567,-1.0,0.20380572974681854,-1.0,5.654866776,5.654866776,-2.4048424487910998,-0.4147418563235894,-5.654866776,1.8396909733229683,0.0,0.0,0.0,0.0,0.0,0.0,-0.40838608591049497,1.7100676819920528,-0.5581534650584102,-0.03674546381187953,-5.6335999646601405,1.2451976126957738,0.006877129341103479,-0.006786122131556883,0.00680974230889845,0.006742002625022117,-0.006815513003970229,0.0067841346338854145
325,5.435999999999623,0.6397390961647034,0.7478370666503906,-1.0,-0.3897284269332886,-1.0,0.18440863490104675,-1.0,5.654866776,5.654866776,-2.5715424487911,-0.4797095850933686,-5.654866776,1.8704318927609727,0.0,0.0,0.0,0.0,0.0,0.0,-0.4001592527083747,1.7099902901207402,-0.6610482063711931,-0.07113752936602151,-5.6369127038392275,1.3027848345114923,0.006008360526021387,-0.005974483144536376,0.005968855406551361,0.005929757400244494,-0.005989918551845904,0.005960859710222853
326,5.451999999999622,0.5975662469863892,0.7129465341567993,-1.0,-0.3413824737071991,-1.0,0.18888145685195923,-1.0,5.654866776,5.654866776,-2.7382424487911,-0.5366180434603587,-5.654866776,1.9019184316181943,0.0,0.0,0.0,0.0,0.0,0.0,-0.39173023082187586,1.710432377874573,-0.7619415384770255,-0.10197307536685472,-5.639707039794196,1.352112836105629,0.005197841501283184,-0.005333395094099565,0.005235212824956559,0.005267070906857943,-0.0053133898754278396,0.005272708185538201
327,5.46799999999962,0.5539360642433167,0.6778170466423035,-1.0,-0.2987293004989624,-1.0,0.19481387734413147,-1.0,5.654866776,5.654866776,-2.827433388,-0.5864162178535357,-5.654866776,1.934393904971461,0.0,0.0,0.0,0.0,0.0,0.0,-0.3826536774386628,1.7070165693045725,-0.8618205969137211,-0.1395067739306239,-5.641643076590433,1.3999490678480604,0.00476477735248879,-0.004757916270772372,0.004740320517689941,0.004657463350134749,-0.004765024302433372,0.004707336637931785
328,5.485999999999618,0.5129057765007019,0.6522848010063171,-1.0,-0.2706425189971924,-1.0,0.19074390828609467,-1.0,5.654866776,5.654866776,-2.827433388,-0.6315323257703677,-5.654866776,1.966190914482753,0.0,0.0,0.0,0.0,0.0,0.0,-0.3696440631512323,1.7077015191038885,-0.9889598427744778,-0.17924993478175824,-5.643684220598754,1.4520823705528323,0.004162332715997566,-0.0041759850939295596,0.004141528128471498,0.004060361888741823,-0.0041856135227529324,0.004114245769274217
329,5.501999999999616,0.4801746904850006,0.63828045129776,-1.0,-0.2530292272567749,-1.0,0.17570772767066956,-1.0,5.654866776,5.654866776,-2.827433388,-0.6737122979540721,-5.654866776,1.9954813926854535,0.0,0.0,0.0,0.0,0.0,0.0,-0.35543589068696,1.7085866785510484,-1.1045400365327054,-0.2167222817149542,-5.645070221274696,1.4967972810876051,0.003760610902573262,-0.0037563739572159236,0.003740744335940663,0.0036950145221467975,-0.003759595270161482,0.003730063632388512
330,5.517999999999614,0.45739588141441345,0.6336041688919067,-1.0,-0.2393132597208023,-1.0,0.1533300280570984,-1.0,5.654866776,5.654866776,-2.827433388,-0.7136058183495299,-5.654866776,2.021041508362572,0.0,0.0,0.0,0.0,0.0,0.0,-0.33807844387028596,1.7090936070982423,-1.2194165894199696,-0.25478039663317553,-5.6461648834144444,1.5399096818738365,0.0033666285491987537,-0.0033819772140509935,0.0033556018306729416,0.0033147045504864103,-0.003381366769750899,0.003349141305351237
331,5.535999999999612,0.44342052936553955,0.635299801826477,-1.0,-0.2250392735004425,-1.0,0.12711793184280396,-1.0,5.654866776,5.654866776,-2.827433388,-0.7511198652420537,-5.654866776,2.0422320676007675,0.0,0.0,0.0,0.0,0.0,0.0,-0.3146759349924,1.7076492935933292,-1.343922995107236,-0.29815225436858206,-5.647140163171941,1.5860977503816076,0.0029559829426131974,-0.0029929703427999457,0.0029410339015632034,0.0028435783994833694,-0.0030056100784561614,0.0029076797411923348
332,5.551999999999611,0.4363899827003479,0.6411268711090088,-1.0,-0.20855894684791565,-1.0,0.09920869767665863,-1.0,5.654866776,5.654866776,-2.827433388,-0.7858866416816012,-5.654866776,2.0587701575034663,0.0,0.0,0.0,0.0,0.0,0.0,-0.2895532532826065,1.7057805735612852,-1.4504919592212062,-0.33988999531689645,-5.647608815432243,1.624948002142285,0.002850070026131911,-0.0027814508667267845,0.0028244209244718205,0.0027471397484611247,-0.0028032498698676847,0.0027836133479276787
333,5.567999999999609,0.4345974624156952,0.6498841643333435,-1.0,-0.19006870687007904,-0.9910314083099365,0.07024377584457397,-1.0,5.654866776,5.654866776,-2.827433388,-0.8175710951168433,-5.654866776,2.0704797949367566,0.0,0.0,0.0,0.0,0.0,0.0,-0.25787561753990396,1.7065694591363356,-1.5561183021845422,-0.37944019662488676,-5.64826458118136,1.6616180475956575,0.002707621287053391,-0.0025996995005123256,0.002681825112101261,0.0026904974658060704,-0.002601286801816757,0.002677607304556894
334,5.585999999999607,0.43705976009368896,0.6610925793647766,-1.0,-0.17037330567836761,-0.9712541103363037,0.04024617746472359,-1.0,5.654866776,5.654866776,-2.827433388,-0.8459723251734272,-5.654866776,2.077188832720126,0.0,0.0,0.0,0.0,0.0,0.0,-0.21541389812191783,1.70809688158056,-1.6695001015486124,-0.42196707409884826,-5.649001762304421,1.6998611076734904,0.0024979795541907033,-0.0023901411065943524,0.002468569583078909,0.0024704431636889445,-0.002388202868700066,0.002461096387701954
335,5.601999999999605,0.44318610429763794,0.6744903922080994,-1.0,-0.15018972754478455,-0.9502589702606201,0.009177256375551224,-1.0,5.654866776,5.654866776,-2.827433388,-0.8710089527551428,-5.654866776,2.078718681357931,0.0,0.0,0.0,0.0,0.0,0.0,-0.17246339514563186,1.7090996898286954,-1.7641426951068877,-0.4577189217146802,-5.649762276492764,1.730999284674754,0.0022530660263365954,-0.002219197414228199,0.002234413086653094,0.0021902708602663935,-0.002218033668550539,0.0022132209795800977
336,5.617999999999603,0.45264893770217896,0.6898680329322815,-1.0,-0.12993764877319336,-0.9279999136924744,-0.02296426333487034,-1.0,5.654866776,5.654866776,-2.827433388,-0.8926695588056341,-5.654866776,2.074890538660008,0.0,0.0,0.0,0.0,0.0,0.0,-0.1280414720427601,1.706767993269332,-1.8512025995272936,-0.49447262486661026,-5.65015609748573,1.759239587800227,0.002088571894963828,-0.002071458767541259,0.0020720782406103253,0.0019767195912368135,-0.0020846062293145193,0.002020734988631245
337,5.635999999999601,0.4651758074760437,0.7069315910339355,-1.0,-0.10978730022907257,-0.9044042229652405,-0.05604555830359459,-1.0,5.654866776,5.654866776,-2.827433388,-0.9109711017538206,-5.654866776,2.0655477440907988,0.0,0.0,0.0,0.0,0.0,0.0,-0.07051021188072079,1.7077949886642267,-1.9447769845202396,-0.5350532347158137,-5.6504353658695,1.7874341073684659,0.002065539042597023,-0.0019926196617641107,0.0020417757769822477,0.0019605208155741966,-0.0020040505253419135,0.001987815307364744
338,5.6519999999996,0.4806923270225525,0.7253894805908203,-0.9922131896018982,-0.08989887684583664,-0.8794645071029663,-0.08980574458837509,-1.0,5.654866776,5.654866776,-2.827433388,-0.9259572445240215,-5.654866776,2.0505771264679167,0.0,0.0,0.0,0.0,0.0,0.0,-0.01780427174075021,1.7075709686652283,-2.0224480411829906,-0.5685504434514081,-5.65072411534391,1.8090607170659285,0.0019792665225741145,-0.0019247742564187872,0.0019616083665675095,0.0018629887717620756,-0.0019357779692715524,0.0018994065063588509
339,5.667999999999598,0.4984227418899536,0.7444897890090942,-0.9574456214904785,-0.07039108872413635,-0.8532862067222595,-0.12347245961427689,-1.0,5.654866776,5.654866776,-2.827433388,-0.937691439014335,-5.654866776,2.029994267450217,0.0,0.0,0.0,0.0,0.0,0.0,0.03808444615304807,1.7088017186268398,-2.095526166657316,-0.6006263665957309,-5.650896080002412,1.8272217261514723,0.0019034833883910503,-0.001863449000238189,0.001890311272988175,0.0017912035513055367,-0.001870379529385493,0.001828654888231777
340,5.685999999999596,0.5176917910575867,0.7638617157936096,-0.9241810441017151,-0.05160574987530708,-0.8260079622268677,-0.15698999166488647,-1.0,5.654866776,5.654866776,-2.827433388,-0.9462941175185487,-5.654866776,2.0038240358396804,0.0,0.0,0.0,0.0,0.0,0.0,0.09988905072443809,1.7082548818547225,-2.171576919051115,-0.6355718001813077,-5.650716750526266,1.8434997289781039,0.0019668186599609092,-0.0018630744491077212,0.0019433561594713227,0.0018444884932854765,-0.0018733488094751234,0.0018771077984262212
341,5.701999999999594,0.5381944179534912,0.7833611369132996,-0.8927962183952332,-0.0338139608502388,-0.7975578904151917,-0.19039948284626007,-1.0,5.654866776,5.654866776,-2.827433388,-0.9519309047922836,-5.654866776,1.9720844420492087,0.0,0.0,0.0,0.0,0.0,0.0,0.15454191987052035,1.7077127372867105,-2.2347337755851915,-0.6641431574890316,-5.650534093449204,1.8540702656338162,0.0019532151322994165,-0.0018219854326310652,0.0019212278715461826,0.001798537849017633,-0.0018383577779878678,0.0018408651042951584
342,5.717999999999592,0.5596560835838318,0.802903950214386,-0.863284707069397,-0.01708749309182167,-0.767859697341919,-0.22384890913963318,-1.0,5.654866776,5.654866776,-2.827433388,-0.9547793898906902,-5.654866776,1.934768828895632,0.0,0.0,0.0,0.0,0.0,0.0,0.20981303570244453,1.708792680731502,-2.2940796857221017,-0.6898633356319867,-5.6505621607213445,1.8606942086574716,0.0018445608341700031,-0.0017538195850514172,0.0018179480984433982,0.001705219692225418,-0.0017650309639731388,0.0017483151152463254
343,5.73599999999959,0.5815632343292236,0.8220956921577454,-0.8364284634590149,-0.0014782223151996732,-0.736857533454895,-0.2570377290248871,-1.0,5.654866776,5.654866776,-2.827433388,-0.955025809550634,-5.654866776,1.8919206394671833,0.0,0.0,0.0,0.0,0.0,0.0,0.2674925684780313,1.7074850968456943,-2.3559720708286287,-0.7171659489532395,-5.650228919296462,1.8635601636693397,0.0018089272575134516,-0.0017062360739912052,0.0017848449783530544,0.0016586853370002316,-0.001718922129743806,0.001705688488270248
344,5.7519999999995886,0.6034621000289917,0.8407446146011353,-0.8124315142631531,0.012837515212595463,-0.7045096755027771,-0.2899453639984131,-1.0,5.654866776,5.654866776,-2.827433388,-0.9528857957646943,-5.654866776,1.8435867472886478,0.0,0.0,0.0,0.0,0.0,0.0,0.31745131385197767,1.707500441460186,-2.4073744077048893,-0.7386956454728403,-5.650104417924346,1.861889876466979,0.0016823797372174498,-0.0016287444236159233,0.0016725984495209179,0.0015587639902851025,-0.001632857169422783,0.0016014114785524937
345,5.767999999999587,0.6249357461929321,0.8587011694908142,-0.7912237048149109,0.02575712278485298,-0.6707931160926819,-0.32256972789764404,-1.0,5.654866776,5.654866776,-2.827433388,-0.9485920833964594,-5.654866776,1.7898143736481105,0.0,0.0,0.0,0.0,0.0,0.0,0.3647067518338461,1.7075783126548654,-2.4551409435923985,-0.758357978072228,-5.649862666274563,1.8559502231945457,0.0016142452888798433,-0.001573212902999343,0.0016076588347231143,0.0015000528562112907,-0.0015721122354123995,0.0015401326716864162
346,5.785999999999585,0.6453624367713928,0.8756386041641235,-0.7731194496154785,0.03733506426215172,-0.6357313990592957,-0.35468024015426636,-1.0,5.654866776,5.654866776,-2.827433388,-0.9423683281839587,-5.654866776,1.7306891776143942,0.0,0.0,0.0,0.0,0.0,0.0,0.4139706155215822,1.7075302834876347,-2.5044875176665977,-0.7780356616761112,-5.6495424223403585,1.8444097415259013,0.0015439914847081362,-0.00150990496427216,0.001542423904640643,0.001455233309412011,-0.0015049179402971595,0.0014851031072932977
347,5.801999999999583,0.663984477519989,0.8911888003349304,-0.7587936520576477,0.047456126660108566,-0.5994805693626404,-0.38595080375671387,-1.0,5.654866776,5.654866776,-2.827433388,-0.9344573918697185,-5.654866776,1.66635117862815,0.0,0.0,0.0,0.0,0.0,0.0,0.4546141851215693,1.7073839882772903,-2.544565714093032,-0.7933138164677304,-5.649249285405002,1.8297696454489245,0.0015037162118892518,-0.0014575126218191498,0.0014951371763723392,0.0013904026010148254,-0.0014587939155265752,0.0014303833907804776
348,5.817999999999581,0.6802339553833008,0.9050191044807434,-0.7486780285835266,0.05581910163164139,-0.562351644039154,-0.41619381308555603,-1.0,5.654866776,5.654866776,-2.827433388,-0.9251523476277239,-5.654866776,1.5969716699867877,0.0,0.0,0.0,0.0,0.0,0.0,0.5142022600557283,1.7252699697470102,-2.580863908317796,-0.8077306314717456,-5.648902420512675,1.8106307560868176,0.0014406545514252956,-0.0013800575728642177,0.0014166862376102515,0.0013274243366260005,-0.0013815510798891736,0.0013608747642240547
349,5.835999999999579,0.6932935118675232,0.9168056845664978,-0.7439351677894592,0.06212739273905754,-0.5244519114494324,-0.4449150562286377,-1.0,5.654866776,5.654866776,-2.827433388,-0.914795711258123,-5.654866776,1.522804330113474,0.0,0.0,0.0,0.0,0.0,0.0,0.6220012833253291,1.7889720664775788,-2.6155930735118416,-0.8228016519181021,-5.648590268344217,1.7840348984038088,0.0013629646178819203,-0.001312368015099346,0.001349305732048099,0.0013160454668049713,-0.0013052115042436181,0.0013176734359802954
350,5.8519999999995775,0.7025830149650574,0.9264987707138062,-0.745300829410553,0.06575042009353638,-0.48608511686325073,-0.4717731773853302,-1.0,5.654866776,5.654866776,-2.827433388,-0.9038351162285304,-5.654866776,1.4441597414433394,0.0,0.0,0.0,0.0,0.0,0.0,0.7298059616164396,1.866317764346904,-2.63863183930156,-0.83247492940736,-5.648212684700042,1.756141763423111,0.0015323314935807057,-0.001407437335712591,0.0015128694521240361,0.001314832931224036,-0.0014313406059080474,0.0013928367084610808
351,5.867999999999576,0.7080517411231995,0.9342692494392395,-0.7513916492462158,0.06617659330368042,-0.4477461278438568,-0.49723777174949646,-1.0,5.654866776,5.654866776,-2.827433388,-0.8928034781248069,-5.654866776,1.3612702048926983,0.0,0.0,0.0,0.0,0.0,0.0,0.7644145591078085,1.8581165567938633,-2.6525726198061665,-0.8377622283571557,-5.657255987803995,1.7240732005236643,0.0008266141022618364,-0.0012347524618232342,0.001218046232053769,0.0012403987677472646,-0.0013049838046314312,0.001376836786975029
352,5.885999999999574,0.7101611495018005,0.9402974247932434,-0.7611365914344788,0.06342069804668427,-0.4097270965576172,-0.5212451219558716,-1.0,5.654866776,5.654866776,-2.827433388,-0.8822312477604246,-5.654866776,1.2743786430626545,0.0,0.0,0.0,0.0,0.0,0.0,0.7834208707131038,1.831353859594706,-2.662501019693427,-0.842008854633245,-5.661150146127917,1.6828893329346666,0.0014598385786037526,-0.0011180040100562945,0.0012641083270025267,0.0006870995460313907,-0.0011394440198253248,0.0009874938918137518
353,5.901999999999572,0.7093839049339294,0.9446721076965332,-0.7736562490463257,0.05775176361203194,-0.3722758889198303,-0.5435765981674194,-1.0,5.654866776,5.654866776,-2.827433388,-0.8726040287662988,-5.654866776,1.1837644241481455,0.0,0.0,0.0,0.0,0.0,0.0,0.8112709215211172,1.8299299352611447,-2.671369433289458,-0.8466615044411215,-5.661135519473216,1.6418373791315344,0.001327192546347043,-0.001029457549075058,0.0011228175916844533,0.0007324152467752135,-0.0010098785467073817,0.0008927557518174406
354,5.91799999999957,0.7061812877655029,0.9473854899406433,-0.7882293462753296,0.04950676113367081,-0.3357314467430115,-0.5638629794120789,-1.0,5.654866776,5.654866776,-2.827433388,-0.8643512516853159,-5.654866776,1.089768465480152,0.0,0.0,0.0,0.0,0.0,0.0,0.8349138502056729,1.8323371728495297,-2.68221492241372,-0.8482600452578778,-5.660387121439525,1.5964848231802622,0.0010181014458382244,-0.000997482383315272,0.0010135530849148255,0.0009115324088154347,-0.0009854830824609642,0.0009444067393260195
355,5.935999999999568,0.7009668350219727,0.9484984874725342,-0.804102897644043,0.03906218335032463,-0.30055680871009827,-0.5817099213600159,-1.0,5.654866776,5.654866776,-2.827433388,-0.8578395857208168,-5.654866776,0.9927974215894374,0.0,0.0,0.0,0.0,0.0,0.0,0.8483801386751286,1.8292325197310657,-2.6892885673311864,-0.8404065190031477,-5.6669037261250965,1.542823275376954,0.0007804836613222563,-0.0009507392947075466,0.0009308101380360843,0.0011430505418036393,-0.0010161834841461799,0.0010548529238082701
356,5.9519999999995665,0.6924681663513184,0.9513937830924988,-0.8235055208206177,0.026126153767108917,-0.2594323456287384,-0.5987673401832581,-1.0,5.654866776,5.654866776,-2.827433388,-0.8534843558878397,-5.654866776,0.8929829059808883,0.0,0.0,0.0,0.0,0.0,0.0,0.8559904603435592,1.8299769275643833,-2.690925547460326,-0.8297369888721065,-5.6764027434209785,1.492632715708871,0.0008673783514396996,-0.0009047334567620256,0.0009109831787992017,0.001016328488346467,-0.0009648059696214399,0.0009795597580758697
357,5.967999999999565,0.690974771976471,0.9553838968276978,-0.8407065868377686,0.0047121671959757805,-0.23256854712963104,-0.6077199578285217,-1.0,5.654866776,5.654866776,-2.827433388,-0.8526988376162705,-5.654866776,0.7916759890108737,0.0,0.0,0.0,0.0,0.0,0.0,0.8576084309831182,1.8292508382201615,-2.691435005359908,-0.8244465857604683,-5.680935409546024,1.4368919357744987,0.0016816238056569274,-0.0007424850091797895,0.0010963342729715239,0.0001561197920803864,-0.0009313861673945866,0.000609291050394336
358,5.985999999999563,0.6946210861206055,0.9593334197998047,-0.851201593875885,-0.015055757947266102,-0.2043551802635193,-0.6155490279197693,-1.0,5.654866776,5.654866776,-2.827433388,-0.8552086324660798,-5.654866776,0.6890639660566481,0.0,0.0,0.0,0.0,0.0,0.0,0.8581417373722475,1.828861018294173,-2.6925325448548807,-0.8236526094337865,-5.681423523092523,1.3685802281121275,0.0010425647938836833,-0.0008662812371433429,0.0009086038984772732,0.0006279089698435708,-0.000784667381504026,0.0007460323936995108
359,6.001999999999561,0.7010704874992371,0.9619327783584595,-0.8568187952041626,-0.03006584383547306,-0.17586515843868256,-0.6198156476020813,-1.0,5.654866776,5.654866776,-2.827433388,-0.8602206086334532,-5.654866776,0.5857406976013811,0.0,0.0,0.0,0.0,0.0,0.0,0.8583953599234195,1.8288650132204112,-2.693188190045394,-0.8200590776582318,-5.684168889191693,1.3055925314064,0.0008122277078673134,-0.0007441778361958719,0.0008093229791840663,0.0007448693872060692,-0.000842700438908118,0.0007863211731535637
360,6.017999999999559,0.7075789570808411,0.962363600730896,-0.8610493540763855,-0.04099579155445099,-0.14866748452186584,-0.6194125413894653,-1.0,5.654866776,5.654866776,-2.827433388,-0.8670546070855801,-5.654866776,0.48248462695175726,0.0,0.0,0.0,0.0,0.0,0.0,0.858570858108418,1.82886242793291,-2.6936933021093417,-0.818199049899267,-5.685026809086572,1.2383353791255556,0.0008892805206106496,-0.0007252723154367437,0.0008004446095619482,0.0006372351014623051,-0.0007687804528860733,0.0007111523071189074
361,6.035999999999557,0.7122389078140259,0.9604864120483398,-0.8664360046386719,-0.04993242025375366,-0.12445083260536194,-0.614463746547699,-1.0,5.654866776,5.654866776,-2.827433388,-0.8753783415418809,-5.654866776,0.3800535204022558,0.0,0.0,0.0,0.0,0.0,0.0,0.8587009587346914,1.828897206337946,-2.694239794409383,-0.818715026722159,-5.685106760435153,1.159548825704426,0.0008015257952611465,-0.0006991705844680111,0.0007459220334460277,0.0006646524934207884,-0.0006895501741784823,0.0006932969687080348
362,6.0519999999995555,0.7142321467399597,0.9565595984458923,-0.8740540742874146,-0.058590538799762726,-0.1042749434709549,-0.6054365634918213,-1.0,5.654866776,5.654866776,-2.827433388,-0.8851453843598013,-5.654866776,0.27912724526816923,0.0,0.0,0.0,0.0,0.0,0.0,0.8588298306996286,1.8289576560130698,-2.6947305258354413,-0.8178464328480818,-5.687205955119988,1.0886057802279807,0.0008172674708366754,-0.0006115996035820252,0.0007188985721593161,0.0005637079793860224,-0.000710249584729792,0.000651109816256811
363,6.067999999999554,0.7133564352989197,0.9509069323539734,-0.8839148879051208,-0.06780606508255005,-0.0887591540813446,-0.5927917957305908,-1.0,5.654866776,5.654866776,-2.827433388,-0.8964486554090624,-5.654866776,0.18030885291987975,0.0,0.0,0.0,0.0,0.0,0.0,0.8589893444659198,1.8289785376152392,-2.6953125828518076,-0.8169171749086366,-5.689568330310187,1.0154221499122307,0.0007958966634809373,-0.0006149415846320755,0.000698547797624395,0.0005351900053042333,-0.0006786061863427309,0.0006186640254469964
364,6.085999999999552,0.7099195718765259,0.9437779188156128,-0.8956465721130371,-0.07770689576864243,-0.07807331532239914,-0.5766340494155884,-1.0,5.654866776,5.654866776,-2.827433388,-0.9094023949336951,-5.654866776,0.08418395688230115,0.0,0.0,0.0,0.0,0.0,0.0,0.8591215850462237,1.8289368825270238,-2.695452959684749,-0.8174141880494745,-5.690850833985237,0.9306584205856954,0.0007918100584023942,-0.0006005520458337659,0.0006812515534067404,0.0005168486939094839,-0.0006209739530251581,0.0005868306358768447
365,6.10199999999955,0.7041339874267578,0.9353673458099365,-0.9087910652160645,-0.08814944326877594,-0.07230478525161743,-0.5570281147956848,-1.0,5.654866776,5.654866776,-2.827433388,-0.9240969071266001,-5.654866776,-0.00867262985413951,0.0,0.0,0.0,0.0,0.0,0.0,0.8592133631330335,1.8289191838687069,-2.6955848537872837,-0.8202384911095915,-5.691430479846836,0.8542171588668654,0.0007520325749613665,-0.0005627357346053917,0.0006486385597274929,0.0005086894226963044,-0.000590485899134397,0.0005687285157885301
366,6.117999999999548,0.6961659789085388,0.9257833957672119,-0.9230718612670898,-0.0989370048046112,-0.07151667773723602,-0.5339539051055908,-1.0,5.654866776,5.654866776,-2.827433388,-0.9405897058275288,-5.654866776,-0.0976827458352415,0.0,0.0,0.0,0.0,0.0,0.0,0.8593221756900904,1.8289897253660639,-2.6957055385213056,-0.8207764197471981,-5.694333080350811,0.7780441143203254,0.0006118589246520971,-0.0005351771585108896,0.0005918257289195057,0.0005756129094134258,-0.0005987289849278459,0.0005888933906346922
367,6.135999999999546,0.6860470771789551,0.915133535861969,-0.9383745193481445,-0.10996440052986145,-0.0757693201303482,-0.507527232170105,-1.0,5.654866776,5.654866776,-2.827433388,-0.9589207713958566,-5.654866776,-0.18228753543799803,0.0,0.0,0.0,0.0,0.0,0.0,0.8593874440239129,1.828982700398941,-2.695867390618258,-0.8243222062469808,-5.695733764367061,0.6910175512166264,0.0007587950999624095,-0.0005185079060630271,0.0006203938000184628,0.0004340502717242598,-0.0005589228845200617,0.0005175958777864456
368,6.1519999999995445,0.673844575881958,0.9035316109657288,-0.9546335339546204,-0.12123454362154007,-0.08522134274244308,-0.47790032625198364,-1.0,5.654866776,5.654866776,-2.827433388,-0.9791305698175674,-5.654866776,-0.2619535198242037,0.0,0.0,0.0,0.0,0.0,0.0,0.8594880020103219,1.8289483442287193,-2.695655578441915,-0.8269799517965494,-5.69810348085691,0.6146431752347091,0.0006598245375380751,-0.0004955939479461487,0.000577299140700343,0.00048011683201721424,-0.0005401523177725572,0.0005234660117712912
369,6.167999999999543,0.6598280668258667,0.8911476731300354,-0.9717278480529785,-0.13278326392173767,-0.09990371763706207,-0.4452478289604187,-1.0,5.654866776,5.654866776,-2.827433388,-1.001265539913321,-5.654866776,-0.33617633291190546,0.0,0.0,0.0,0.0,0.0,0.0,0.8595559357407992,1.8289589200194012,-2.6956592655336347,-0.83032620053696,-5.700577658584985,0.5387240055558302,0.0006481513712057302,-0.00047264892118188884,0.0005599810439299006,0.0004627952831144697,-0.0005259431520324932,0.0005060677414107889
370,6.185999999999541,0.644170343875885,0.8781734704971313,-0.9894230961799622,-0.14463408291339874,-0.11978983879089355,-0.4098617136478424,-1.0,5.654866776,5.654866776,-2.827433388,-1.0253760415349846,-5.654866776,-0.4045002805770008,0.0,0.0,0.0,0.0,0.0,0.0,0.8596312509397864,1.8289875921608494,-2.695545972168785,-0.8338848871382747,-5.703743601564478,0.4549593853721098,0.0005546569965535471,-0.0004955771314277727,0.0005367312065213387,0.0005284038709309169,-0.0005041647277807021,0.000524785343422927
371,6.201999999999539,0.6272017359733582,0.8647726774215698,-1.0,-0.15676966309547424,-0.14464940130710602,-0.3720382750034332,-1.0,5.654866776,5.654866776,-2.827433388,-1.0515095443730003,-5.654866776,-0.4665190610200731,0.0,0.0,0.0,0.0,0.0,0.0,0.8596846046702391,1.8288509051022597,-2.6953562994385942,-0.8426839227210653,-5.704267175424003,0.3803856350586219,0.000762938547721114,-0.0004315464602816666,0.000571091277604458,0.00033768642632311556,-0.0004735296194112134,0.0004373320276092831
372,6.217999999999537,0.6092296838760376,0.851121723651886,-1.0,-0.16911597549915314,-0.17410412430763245,-0.3322339355945587,-1.0,5.654866776,5.654866776,-2.827433388,-1.079701177488709,-5.654866776,-0.5219024580836861,0.0,0.0,0.0,0.0,0.0,0.0,0.8598849310287131,1.828792790347469,-2.6945393588087767,-0.8490309776485007,-5.70644268435737,0.3087657114597447,0.0004812202957029007,-0.0004894713001828195,0.0005078549921458307,0.0005445941207846949,-0.0004709812280636814,0.0005158967627452235
373,6.235999999999535,0.590614914894104,0.8374216556549072,-1.0,-0.18160274624824524,-0.20771263539791107,-0.2909466326236725,-1.0,5.654866776,5.654866776,-2.827433388,-1.1099743552882915,-5.654866776,-0.5704032617420522,0.0,0.0,0.0,0.0,0.0,0.0,0.8602096536663523,1.828551814711154,-2.69311922110896,-0.856820315528475,-5.710128896992291,0.2309921282620159,0.0006755107541609448,-0.0003904453309147532,0.0005266641724817797,0.00037724345133162624,-0.00046841938768598897,0.00044004715645222774
374,6.2519999999995335,0.5718095302581787,0.823839545249939,-1.0,-0.1941508799791336,-0.24495430290699005,-0.24868243932724,-1.0,5.654866776,5.654866776,-2.827433388,-1.142339306980813,-5.654866776,-0.6118586243779032,0.0,0.0,0.0,0.0,0.0,0.0,0.8605779986699894,1.8284009170514808,-2.6917631305290195,-0.8662022433864669,-5.7121829119765035,0.16441740691275722,0.0005737140770270774,-0.00044739042995820086,0.0005117115551402586,0.00044104070091139215,-0.0004361463797155222,0.00045929384905312224
375,6.267999999999532,0.5531785488128662,0.8105455636978149,-1.0,-0.2066359668970108,-0.28530606627464294,-0.2059699296951294,-1.0,5.654866776,5.654866776,-2.827433388,-1.1767855226625448,-5.654866776,-0.6461938116580812,0.0,0.0,0.0,0.0,0.0,0.0,0.8610726319963323,1.8281175655075246,-2.689976506962097,-0.8799643383263095,-5.712681521855433,0.09948717848954852,0.0006402065252572469,-0.0004073685974072188,0.0005180385580508445,0.0003707623305522451,-0.0004258059410942197,0.0004252025141151334
376,6.28599999999953,0.5349797010421753,0.7976694703102112,-1.0,-0.21886305510997772,-0.32813477516174316,-0.1633913666009903,-1.0,5.654866776,5.654866776,-2.827433388,-1.213269993949378,-5.654866776,-0.6734311524704663,0.0,0.0,0.0,0.0,0.0,0.0,0.8617820963621913,1.8278622329234195,-2.6875649924327205,-0.8958530825886483,-5.714149591677028,0.030969905535181617,0.000592039866710491,-0.00038994616032709975,0.0004950153664267822,0.000384336877585475,-0.00041569155851301593,0.0004207425774473965
377,6.301999999999528,0.5176459550857544,0.7852859497070312,-1.0,-0.23065057396888733,-0.37271782755851746,-0.12150971591472626,-1.0,5.654866776,5.654866776,-2.827433388,-1.2517194446299915,-5.654866776,-0.6936868221134511,0.0,0.0,0.0,0.0,0.0,0.0,0.8636405523515794,1.829228092640236,-2.6850510807171024,-0.9122487035790078,-5.715071896103326,-0.02627415948581441,0.0005802247067913681,-0.0003964942148824546,0.0005007252731181166,0.0003843173267218632,-0.00041130449658512255,0.00042013631237491206
378,6.317999999999526,0.5014123320579529,0.7735482454299927,-1.0,-0.24189768731594086,-0.4184412360191345,-0.08100350201129913,-1.0,5.654866776,5.654866776,-2.827433388,-1.292043789105559,-5.654866776,-0.7071901058987347,0.0,0.0,0.0,0.0,0.0,0.0,0.8656154416150711,1.831002961691094,-2.6824264061392658,-0.9316378909217119,-5.715029957217759,-0.08063857204997646,0.0005698890441084224,-0.0003913285329659862,0.00048268186766829474,0.0003834046904407475,-0.0003975978910840152,0.0004128186458221942
379,6.335999999999524,0.4864378571510315,0.7626237869262695,-1.0,-0.25241976976394653,-0.46456292271614075,-0.04232054948806763,-1.0,5.654866776,5.654866776,-2.827433388,-1.3341221647252088,-5.654866776,-0.7142449414983956,0.0,0.0,0.0,0.0,0.0,0.0,0.8659635107008624,1.8303693643922394,-2.6788401141086613,-0.954756445303986,-5.715501463097229,-0.1367399555564088,0.000573615242427502,-0.0003718744179366097,0.00047314066317213075,0.000365254983804671,-0.00038391196362972876,0.0003964794478228477
380,6.3519999999995225,0.47296687960624695,0.7525800466537476,-1.0,-0.26208484172821045,-0.5102843046188354,-0.005770720541477203,-1.0,5.654866776,5.654866776,-2.827433388,-1.3778117078413015,-5.654866776,-0.7152069206126598,0.0,0.0,0.0,0.0,0.0,0.0,0.8661212720669635,1.829514356921561,-2.675581025802951,-0.9788523914390728,-5.714724405499786,-0.18287801035617804,0.0005704546364296173,-0.00036582689054280907,0.00047024527021649447,0.00035172620875848897,-0.0003746943358544517,0.00038700515574052036
381,6.367999999999521,0.4612256586551666,0.7434883713722229,-1.0,-0.2707369029521942,-0.5547854900360107,0.028353143483400345,-1.0,5.654866776,5.654866776,-2.827433388,-1.4229435495634322,-5.654866776,-0.710480451593977,0.0,0.0,0.0,0.0,0.0,0.0,0.8665151583146486,1.8287181358400406,-2.6719843980552853,-1.0044271826454572,-5.7141244288220845,-0.22475828146939222,0.0005603076442462376,-0.00036311881501895657,0.00046694229103556737,0.00034682140381814166,-0.00037169901830978323,0.00038165122624038894
382,6.385999999999519,0.45127612352371216,0.7354340553283691,-1.0,-0.27840515971183777,-0.5976636409759521,0.05989224463701248,-1.0,5.654866776,5.654866776,-2.827433388,-1.4693536896873955,-5.654866776,-0.700496414412987,0.0,0.0,0.0,0.0,0.0,0.0,0.8672154723302856,1.8280704625861401,-2.6681661691792167,-1.0367899281989335,-5.712338626024401,-0.2673820645022776,0.0005176659939025493,-0.00037947485665915505,0.00045865211876917986,0.00036497271457500445,-0.0003758535557450911,0.0003902966214506829
383,6.401999999999517,0.44309860467910767,0.728446900844574,-1.0,-0.2851022481918335,-0.638609766960144,0.08877527713775635,-1.0,5.654866776,5.654866776,-2.827433388,-1.5168802344609742,-5.654866776,-0.685697575714123,0.0,0.0,0.0,0.0,0.0,0.0,0.8690962168277186,1.8292124704393882,-2.664811036898787,-1.0678781826356556,-5.71064414137029,-0.3007673889471932,0.0005588074168461023,-0.00034047697852638366,0.000456651349639582,0.00031883820788699175,-0.0003530778651306014,0.0003603520357434543
384,6.417999999999515,0.43660277128219604,0.7224700450897217,-1.0,-0.2908337712287903,-0.6772910356521606,0.11496773362159729,-1.0,5.654866776,5.654866776,-2.827433388,-1.5653622241248135,-5.654866776,-0.6665324545194028,0.0,0.0,0.0,0.0,0.0,0.0,0.8712000509378336,1.8308178247869713,-2.661167394940919,-1.1000793420765116,-5.708956915228028,-0.3299099410199577,0.0005558660309909438,-0.0003305066527649827,0.0004463120801255847,0.0003247568055890256,-0.00034396080547962964,0.0003566848755217697
385,6.435999999999513,0.4318569302558899,0.7174599766731262,-1.0,-0.2953602373600006,-0.7132181525230408,0.1382053941488266,-1.0,5.654866776,5.654866776,-2.827433388,-1.6145987756927256,-5.654866776,-0.6434936153147934,0.0,0.0,0.0,0.0,0.0,0.0,0.8716201490340313,1.8302131576307268,-2.657503078670772,-1.1421095099340015,-5.705364587344146,-0.3583679889067739,0.0005191799466881389,-0.000353876573285646,0.0004417773903254743,0.0003400105404782603,-0.0003448214557662093,0.0003659477997407349
386,6.4519999999995115,0.4311150908470154,0.7125928997993469,-1.0,-0.2983553409576416,-0.7480124235153198,0.1598038375377655,-1.0,5.654866776,5.654866776,-2.827433388,-1.6643346110303645,-5.654866776,-0.6168543155972479,0.0,0.0,0.0,0.0,0.0,0.0,0.871827416768024,1.829485754815233,-2.6544590161357693,-1.1794255799875093,-5.702585115058725,-0.3792195107325541,0.0004700496832890765,-0.0003466023125468386,0.0004170550055039301,0.00033569186431719854,-0.00034777878264304676,0.0003546919237991473
387,6.46799999999951,0.4332093298435211,0.7071653008460999,-1.0,-0.2988045811653137,-0.7824973464012146,0.1795666366815567,-1.0,5.654866776,5.654866776,-2.827433388,-1.7141453347106224,-5.654866776,-0.5869205572624324,0.0,0.0,0.0,0.0,0.0,0.0,0.8720248162960578,1.8289951077182922,-2.6521256537607503,-1.2192883548935487,-5.69928395825309,-0.39615784322102976,0.0004756224446071092,-0.00036057933848222085,0.00042709601955222536,0.00034845960002631544,-0.00034995545129959486,0.00036611235628336905
388,6.485999999999508,0.4331298768520355,0.7018569111824036,-1.0,-0.2998279929161072,-0.8160830736160278,0.19773216545581818,-1.0,5.654866776,5.654866776,-2.827433388,-1.7641266611297375,-5.654866776,-0.5539586052809475,0.0,0.0,0.0,0.0,0.0,0.0,0.8723299066544139,1.8287370546950008,-2.650295091111218,-1.2655214962550856,-5.695798809600203,-0.410555970509433,0.00046490007171031317,-0.00035616141467902844,0.0004174311917457473,0.0003429040863765862,-0.00033894114424739007,0.0003587784551772817
389,6.501999999999506,0.4324110746383667,0.6976397037506104,-1.0,-0.3029038608074188,-0.8483923077583313,0.21367712318897247,-1.0,5.654866776,5.654866776,-2.827433388,-1.8146207347263341,-5.654866776,-0.5183386288453459,0.0,0.0,0.0,0.0,0.0,0.0,0.872671852905647,1.828628701893468,-2.648785900947731,-1.3046586408571916,-5.694399638914994,-0.41963926577248944,0.000499193166494012,-0.00032111888488002305,0.0004159171559067326,0.0003257545385543047,-0.0003311880093868663,0.0003439570584367356
390,6.517999999999504,0.4322238564491272,0.6950583457946777,-1.0,-0.3077913522720337,-0.8779709935188293,0.22768189013004303,-1.0,5.654866776,5.654866776,-2.827433388,-1.8659295531500821,-5.654866776,-0.4803840577606677,0.0,0.0,0.0,0.0,0.0,0.0,0.8728779378622719,1.82873714451189,-2.6482191239435284,-1.3463306487870061,-5.692357248339437,-0.42486257930219756,0.0004537034238830338,-0.0003468165259183476,0.0004088406433542014,0.0003496949586435184,-0.0003283936366056378,0.0003567705457126586
391,6.535999999999502,0.43359512090682983,0.6939198970794678,-1.0,-0.312981516122818,-0.9043751358985901,0.23980452120304108,-1.0,5.654866776,5.654866776,-2.827433388,-1.918103571887756,-5.654866776,-0.4404086440761208,0.0,0.0,0.0,0.0,0.0,0.0,0.873121396834659,1.8287943218750393,-2.6473968831359658,-1.392954779206254,-5.690761770942417,-0.42627185599071654,0.0005131482536836882,-0.0002855523343560173,0.0004023339032214226,0.00030412917380128477,-0.00030059373664881854,0.0003208885042802866
392,6.5519999999995004,0.43652305006980896,0.6939293146133423,-1.0,-0.317842036485672,-0.926864743232727,0.2509583830833435,-1.0,5.654866776,5.654866776,-2.827433388,-1.9710878393699174,-5.654866776,-0.39857388161612745,0.0,0.0,0.0,0.0,0.0,0.0,0.8733805357483291,1.8288644344058,-2.647753653712668,-1.4342438983896513,-5.689340566490943,-0.4240403705278225,0.00030798151292785105,-0.00038822626440880337,0.0003644543039848617,0.0003812930465046786,-0.0003602192952765524,0.00036941801299365145
393,6.567999999999499,0.44070345163345337,0.6945770978927612,-1.0,-0.3215174674987793,-0.946234405040741,0.26076987385749817,-1.0,5.654866776,5.654866776,-2.827433388,-2.024684801201964,-5.654866776,-0.3551035436440825,0.0,0.0,0.0,0.0,0.0,0.0,0.8734079882210523,1.8289755459370607,-2.64883956192449,-1.4823338329704303,-5.686477992779452,-0.41836340562571483,0.00048344925893522027,-0.0003134441367726049,0.00040140688820267806,0.0003172015717502893,-0.0003032512000037916,0.0003310870032665635
394,6.585999999999497,0.44559168815612793,0.695698082447052,-1.0,-0.32437536120414734,-0.9620864987373352,0.26991087198257446,-1.0,5.654866776,5.654866776,-2.827433388,-2.078758173914695,-5.654866776,-0.3101094012845873,0.0,0.0,0.0,0.0,0.0,0.0,0.8736781048824241,1.8289066618763943,-2.64959888728639,-1.5341224083568619,-5.684090942561249,-0.408398457120077,0.00044323202165203764,-0.00030400054378571087,0.0003797694602341316,0.00031505882756625186,-0.0003049236601560253,0.0003236042056485165
395,6.601999999999495,0.45106616616249084,0.6970033049583435,-1.0,-0.32613369822502136,-0.9754484295845032,0.2777709364891052,-1.0,5.654866776,5.654866776,-2.827433388,-2.1331246614088064,-5.654866776,-0.26380498617185344,0.0,0.0,0.0,0.0,0.0,0.0,0.8740623306876812,1.8287468109452756,-2.6523757218456216,-1.5837489239009084,-5.681355924447969,-0.39653414310981855,0.00037190649173804067,-0.00034800366623036,0.0003712333046569266,0.00034910950642293083,-0.0003188525893283935,0.0003460332487494377
396,6.617999999999493,0.45679762959480286,0.6984984874725342,-1.0,-0.327298104763031,-0.9859854578971863,0.2848600745201111,-1.0,5.654866776,5.654866776,-2.827433388,-2.187685255472804,-5.654866776,-0.21631881174935091,0.0,0.0,0.0,0.0,0.0,0.0,0.8748203309582632,1.8284544593207377,-2.652312266356354,-1.613180773599656,-5.682541684149503,-0.3818385925938961,-4.035012356632413e-06,-0.000507155180764536,0.00028997568966309626,0.0005578892787980089,-0.0004800173984808851,0.00047049768836193267
397,6.635999999999491,0.46252742409706116,0.7001836895942688,-1.0,-0.32826733589172363,-0.9941577315330505,0.29100605845451355,-1.0,5.654866776,5.654866776,-2.827433388,-2.242407420365954,-5.654866776,-0.1678081018049835,0.0,0.0,0.0,0.0,0.0,0.0,0.8773418268886445,1.8288856819596566,-2.6465319000461665,-1.6444525048763505,-5.685749043992134,-0.36206904313845933,0.0007507432829421225,-0.0001329329797340747,0.0004104538838350612,0.00014980102096336925,-0.0002676743144335111,0.00022646985992056377
398,6.651999999999489,0.46832701563835144,0.7019035220146179,-1.0,-0.3285737931728363,-1.0,0.2957550585269928,-1.0,5.654866776,5.654866776,-2.827433388,-2.2971806716878658,-5.654866776,-0.1185057335485338,0.0,0.0,0.0,0.0,0.0,0.0,0.8795090099714772,1.8304824827584965,-2.645425089673613,-1.696602740203034,-5.68345151451257,-0.34204717644200333,0.0005998690937514567,-0.00030593739482741376,0.0004234057738362811,0.00019675606906897295,-0.00019289946077258674,0.0002640830984579058
399,6.667999999999488,0.47432979941368103,0.703684389591217,-1.0,-0.32849255204200745,-1.0,0.2998366951942444,-1.0,5.654866776,5.654866776,-2.827433388,-2.3519403801132683,-5.654866776,-0.06852295645965326,0.0,0.0,0.0,0.0,0.0,0.0,0.8804260431594919,1.8298536073937344,-2.6428820696427353,-1.728419503245981,-5.684801742154339,-0.31965558243049647,-8.210419453612072e-05,-0.0004961004367329862,0.00025023538294116366,0.0005601330808013895,-0.00044162742807588707,0.0004543501052492937
400,6.685999999999486,0.4801746904850006,0.7055275440216064,-1.0,-0.328450471162796,-1.0,0.30333584547042847,-1.0,5.654866776,5.654866776,-2.827433388,-2.4066930736561063,-5.654866776,-0.017956871019732826,0.0,0.0,0.0,0.0,0.0,0.0,0.8808754440777617,1.8289464617351658,-2.6414658950255148,-1.780331780079678,-5.6839001463805054,-0.2918634463653183,0.0003594920791073077,-0.0003983302437626805,0.00036832965664979165,0.0003891054851880649,-0.00033051312560651857,0.0003680926114400497
401,6.701999999999484,0.486068993806839,0.7073017358779907,-1.0,-0.3278356194496155,-1.0,0.3056511878967285,-1.0,5.654866776,5.654866776,-2.827433388,-2.4613432714183574,-5.654866776,0.03299518200265182,0.0,0.0,0.0,0.0,0.0,0.0,0.8814716130827517,1.8283492194328983,-2.6392384322190736,-1.8204498093136656,-5.684006021686523,-0.26508554737286494,0.0006459861558707081,-0.00017761684625300367,0.0003966021960558969,0.00018320403264912555,-0.000280400424145003,0.0002502499993875144
402,6.719999999999482,0.49201521277427673,0.709051787853241,-1.0,-0.32703155279159546,-1.0,0.307649165391922,-1.0,5.654866776,5.654866776,-2.827433388,-2.5158594312687166,-5.654866776,0.08428029787348523,0.0,0.0,0.0,0.0,0.0,0.0,0.88227199927588,1.8280363226848815,-2.6374907555625122,-1.8613233383217727,-5.683727267020936,-0.23306192255353314,7.718368783650315e-06,-0.000475581400348007,0.0002715660454383173,0.0005288001452226505,-0.00038791695242598615,0.0004313469592781818
403,6.73599999999948,0.4978197515010834,0.7107183933258057,-1.0,-0.3259955942630768,-1.0,0.3090144097805023,-1.0,5.654866776,5.654866776,-2.827433388,-2.5702028968323716,-5.654866776,0.135792999983895,0.0,0.0,0.0,0.0,0.0,0.0,0.882732150393827,1.8280174215369736,-2.6375144166867255,-1.9133906426728302,-5.68242250616863,-0.20267195338096278,0.0005431892003233808,-0.0002716522108724191,0.0003841513742989737,0.0002124807252759345,-0.00023573061578295278,0.0002621280217560379
404,6.751999999999478,0.5034882426261902,0.7123539447784424,-1.0,-0.3249148726463318,-1.0,0.30994293093681335,-1.0,5.654866776,5.654866776,-2.827433388,-2.6243662061025153,-5.654866776,0.1874604865710618,0.0,0.0,0.0,0.0,0.0,0.0,0.883714335803766,1.8276659862465188,-2.635130213849449,-1.9483895923741088,-5.682028302912639,-0.17061348479617225,0.00010937538570250508,-0.0003844397475017303,0.00027745433419733767,0.00046441915935315577,-0.00039176927227000215,0.0003986159689960343
405,6.769999999999476,0.5089499950408936,0.7139477133750916,-1.0,-0.3237394392490387,-1.0,0.3102678060531616,-1.0,5.654866776,5.654866776,-2.827433388,-2.67833357062533,-5.654866776,0.23918212984012382,0.0,0.0,0.0,0.0,0.0,0.0,0.8872666150979809,1.8304527923051344,-2.634814890711802,-2.0147525605176337,-5.679554755501447,-0.13284653902613508,0.0006619307283654745,-0.00022943763628606708,0.00040474355299247494,0.00011761786151276475,-0.00019196134838890333,0.00021164395422125257
406,6.785999999999475,0.5142778158187866,0.7155404090881348,-1.0,-0.32253873348236084,-1.0,0.3101690709590912,-1.0,5.654866776,5.654866776,-2.827433388,-2.7321007774968393,-5.654866776,0.29088731396900436,0.0,0.0,0.0,0.0,0.0,0.0,0.8883676058111184,1.8296570476431235,-2.6361090167942898,-2.066943255729738,-5.677252446956069,-0.09809184957026906,-0.00012369986319860413,-0.0004993661562299084,0.0002256659855119157,0.000539303547095813,-0.00035127547821791087,0.00042034706529993327
407,6.801999999999473,0.5194515585899353,0.7170959115028381,-1.0,-0.32117772102355957,-1.0,0.309537798166275,-1.0,5.654866776,5.654866776,-2.827433388,-2.7856411035914665,-5.654866776,0.34248726492332243,0.0,0.0,0.0,0.0,0.0,0.0,0.8891107829397791,1.8286673806066636,-2.6351648693994534,-2.1142258358355597,-5.675883856149472,-0.06179939584095842,0.0006276516235295128,-0.0001544244333622829,0.0003859267028829213,0.000189885671847102,-0.00032881375117363524,0.00026379534326540394
408,6.819999999999471,0.5244898200035095,0.7186408638954163,-1.0,-0.3197750747203827,-0.9956326484680176,0.3086077570915222,-1.0,5.654866776,5.654866776,-2.827433388,-2.8389476085473544,-5.654866776,0.3939321780304792,0.0,0.0,0.0,0.0,0.0,0.0,0.8896692364933139,1.8284161184289915,-2.637874446257956,-2.178100748847052,-5.673626780352633,-0.019922553926124065,0.00018925567545368123,-0.00043947370060730417,0.0003108121794121252,0.00039114001081612425,-0.0002886934396855111,0.0003522746114361089
409,6.835999999999469,0.5293157696723938,0.7201360464096069,-1.0,-0.31817886233329773,-0.9903371334075928,0.3071678876876831,-1.0,5.654866776,5.654866776,-2.827433388,-2.891988024898315,-5.654866776,0.44513706490801597,0.0,0.0,0.0,0.0,0.0,0.0,0.8904915745139883,1.8280182603478483,-2.637401476456967,-2.2203624604808496,-5.672373870620123,0.018346099956221707,0.0003543922935748483,-0.0002474339766864765,0.0003212993337302077,0.00033463528885137,-0.00037966732684915796,0.0003364276541947531
410,6.851999999999467,0.5339604616165161,0.7216195464134216,-1.0,-0.3165523111820221,-0.9842496514320374,0.30549055337905884,-1.0,5.654866776,5.654866776,-2.827433388,-2.944757295172358,-5.654866776,0.49606234015630507,0.0,0.0,0.0,0.0,0.0,0.0,0.890906101749688,1.8282124612980026,-2.6398815027704563,-2.27974826144851,-5.670846546707684,0.05763173097403161,0.0005902294119739029,-0.0002574396461800729,0.00038787773234054586,0.0001675692037303911,-0.00022539943250299817,0.00023839529213414822
411,6.869999999999465,0.5383641123771667,0.7230483293533325,-1.0,-0.3146838843822479,-0.9777330160140991,0.3032721281051636,-1.0,5.654866776,5.654866776,-2.827433388,-2.997215098698879,-5.654866776,0.5466178039114359,0.0,0.0,0.0,0.0,0.0,0.0,0.8913745604523271,1.8285647867792052,-2.64431139153387,-2.34511525937687,-5.669267384384877,0.10259881171437332,0.00015685279231285697,-0.0003650074496461901,0.00027767719212345657,0.00036584438407816477,-0.00029314097787285165,0.00032814577477927623
412,6.885999999999464,0.5426309108734131,0.7244722843170166,-1.0,-0.31279969215393066,-0.9704258441925049,0.3009466826915741,-1.0,5.654866776,5.654866776,-2.827433388,-3.0493588073809392,-5.654866776,0.5967856159161213,0.0,0.0,0.0,0.0,0.0,0.0,0.8919920069833769,1.828426790299132,-2.6462015960568936,-2.3899836568684685,-5.6686995796707444,0.14323409138072798,0.00020833411877979268,-0.0002583343402358606,0.0002581190313513082,0.0003606593360939314,-0.00035978283052499736,0.00032772629926988353
413,6.901999999999462,0.5466035604476929,0.7259333729743958,-1.0,-0.3111219108104706,-0.9624680280685425,0.2984112501144409,-1.0,5.654866776,5.654866776,-2.827433388,-3.101222829913045,-5.654866776,0.6465307713101986,0.0,0.0,0.0,0.0,0.0,0.0,0.8925258818565758,1.8283158361656489,-2.6496526316090523,-2.4479418075477173,-5.6675654171306835,0.18461741735185644,0.0004742767416967323,-0.0002341953342293894,0.00032342692799123917,0.00017004390057966318,-0.00021347947561771807,0.000220111012561054
414,6.91999999999946,0.5502325892448425,0.7273516654968262,-1.0,-0.30900511145591736,-0.954505443572998,0.29494228959083557,-1.0,5.654866776,5.654866776,-2.827433388,-3.1527339819927462,-5.654866776,0.6956976509849909,0.0,0.0,0.0,0.0,0.0,0.0,0.8930365103437009,1.8285303510849407,-2.6542931398601497,-2.51222712836982,-5.666372550211458,0.2316325065895821,0.00016091759381957267,-0.0002918476826165404,0.0002350494872212827,0.0002824120040771092,-0.00023953692375529748,0.0002611064292347701
415,6.935999999999458,0.5538858771324158,0.7287222146987915,-1.0,-0.30663344264030457,-0.9458336234092712,0.2915032207965851,-1.0,5.654866776,5.654866776,-2.827433388,-3.203849776880885,-5.654866776,0.7442912378917816,0.0,0.0,0.0,0.0,0.0,0.0,0.8935131547961196,1.8286217064044954,-2.6584294454858246,-2.5683638782394005,-5.665467374586723,0.27377445528960986,0.00013405653013281231,-0.00024100764702524686,0.00019767460489002105,0.00026683220827277906,-0.0002349110927611462,0.0002373431440321357
416,6.951999999999456,0.5572661757469177,0.7299866080284119,-1.0,-0.30395033955574036,-0.9367725849151611,0.28778472542762756,-1.0,5.654866776,5.654866776,-2.827433388,-3.2545182984848267,-5.654866776,0.7922649516205672,0.0,0.0,0.0,0.0,0.0,0.0,0.8939923460832516,1.8286439462230426,-2.6624130487513606,-2.6239330823440725,-5.664681658382678,0.31639558754407815,0.00013220950140388458,-0.00021377801416508845,0.00017447045196110553,0.0002265078689562908,-0.00020113371225033324,0.0002034971022361607
417,6.969999999999454,0.5604422688484192,0.7311967015266418,-1.0,-0.3011412024497986,-0.9272072315216064,0.2839873135089874,-1.0,5.654866776,5.654866776,-2.827433388,-3.304718536933208,-5.654866776,0.8396056367825154,0.0,0.0,0.0,0.0,0.0,0.0,0.8944775789711171,1.8287047099835634,-2.66661509752773,-2.6855488142070065,-5.663913637667279,0.3645260830629422,7.897349170112077e-05,-0.00019822893983311533,0.00014043210865278565,0.00020497073209253689,-0.00017345608628440288,0.00017871615562442357
418,6.985999999999453,0.5633247494697571,0.7323557138442993,-1.0,-0.29812905192375183,-0.9173665642738342,0.27984607219696045,-1.0,5.654866776,5.654866776,-2.827433388,-3.3544166498888974,-5.654866776,0.8862559770177487,0.0,0.0,0.0,0.0,0.0,0.0,0.8948616919696972,1.8287759925255742,-2.670013757548203,-2.739469782932894,-5.663338235532648,0.407413762999719,7.211454692956316e-05,-0.00016218306615660362,0.00011733486410763551,0.00016725576611218289,-0.00014645993928263603,0.00014691009974587404
419,7.001999999999451,0.5659946203231812,0.7334967851638794,-1.0,-0.2950896620750427,-0.907126247882843,0.27561742067337036,-1.0,5.654866776,5.654866776,-2.827433388,-3.403608096556807,-5.654866776,0.9322014010439995,0.0,0.0,0.0,0.0,0.0,0.0,0.8952049406837088,1.8288443618823793,-2.6730794861941596,-2.7929147371628704,-5.662842810633065,0.4505531605571342,5.471740109433085e-05,-0.00013475836938710284,9.346458883295898e-05,0.00013345879557652703,-0.0001181372539739518,0.00011717383784498439
420,7.019999999999449,0.5683927536010742,0.7346143126487732,-1.0,-0.2918969392776489,-0.896698534488678,0.27105921506881714,-1.0,5.654866776,5.654866776,-2.827433388,-3.452267316334391,-5.654866776,0.9773869721959714,0.0,0.0,0.0,0.0,0.0,0.0,0.8955266280967014,1.828937456821593,-2.6761204265543515,-2.852239920883633,-5.66236027397901,0.49901815596802945,3.375377461056166e-06,-0.00011510541610087026,5.975873811267502e-05,0.00011264130964263192,-9.489224641706434e-05,9.255193418000439e-05
421,7.035999999999447,0.5706160068511963,0.7357187271118164,-1.0,-0.28867673873901367,-0.8859699964523315,0.2664634883403778,-1.0,5.654866776,5.654866776,-2.827433388,-3.5003897286821846,-5.654866776,1.0218064357023124,0.0,0.0,0.0,0.0,0.0,0.0,0.8957764345516699,1.8289970664649333,-2.678446644024562,-2.9042033096673965,-5.662006820452284,0.5419941046869969,-3.1877520854995452e-06,-8.069688513760602e-05,3.71032563178284e-05,7.684842417762547e-05,-6.856153738576971e-05,6.204271181704728e-05
422,7.051999999999445,0.5725692510604858,0.7367812395095825,-1.0,-0.2852475345134735,-0.87518310546875,0.2615256607532501,-1.0,5.654866776,5.654866776,-2.827433388,-3.5479404926855804,-5.654866776,1.0654027633498793,0.0,0.0,0.0,0.0,0.0,0.0,0.89599559939974,1.8290409016756464,-2.680471722424781,-2.955748691824225,-5.661706050593636,0.5850215067330635,-8.928259966759786e-06,-6.257066587355157e-05,2.2081674640542982e-05,5.176510735612082e-05,-4.9161809014932946e-05,4.110267697703585e-05
423,7.069999999999443,0.5743865370750427,0.7378144860267639,-1.0,-0.2818480134010315,-0.8641359806060791,0.2567315399646759,-1.0,5.654866776,5.654866776,-2.827433388,-3.5949245565195325,-5.654866776,1.1081999110619907,0.0,0.0,0.0,0.0,0.0,0.0,0.8961923320175638,1.8291053771406998,-2.6824534339092616,-3.0130033326869765,-5.661411241570083,0.6331519857183607,-4.5286222873157904e-05,-5.130741754259127e-05,-4.85267412875103e-07,3.625373322087583e-05,-3.5230214327117685e-05,2.4046241114555208e-05
424,7.085999999999442,0.5759100317955017,0.738794207572937,-0.9996795058250427,-0.27821487188339233,-0.8531774282455444,0.25154924392700195,-1.0,5.654866776,5.654866776,-2.827433388,-3.641302975662494,-5.654866776,1.150133170024622,0.0,0.0,0.0,0.0,0.0,0.0,0.8963525120799714,1.8291350423250865,-2.683983391843444,-3.063163510398838,-5.661204329742934,0.6756520385481963,-3.861845514228572e-05,-3.193127868175771e-05,-3.560903201478311e-06,1.6618934392756564e-05,-2.285666506096424e-05,8.419546081196125e-06
425,7.10199999999944,0.5773212909698486,0.7397408485412598,-0.9960240721702576,-0.2747128903865814,-0.8420132994651794,0.24667727947235107,-1.0,5.654866776,5.654866776,-2.827433388,-3.6870976144899372,-5.654866776,1.191254272512663,0.0,0.0,0.0,0.0,0.0,0.0,0.8965008378451299,1.8291500190787677,-2.6853571370523857,-3.1129294664454585,-5.661031516308174,0.7180391610317527,-3.9241335933440095e-05,-2.0427817860281357e-05,-1.0503952574761306e-05,-1.0035929212019734e-06,-1.08254822928207e-05,-5.0758581574266485e-06
426,7.119999999999438,0.5762128233909607,0.7785516381263733,-0.8875019550323486,-0.2450118511915207,-0.8500102162361145,0.17895857989788055,-1.0,5.654866776,5.654866776,-2.827433388,-3.7279410900835637,-5.654866776,1.2210866677816397,0.0,0.0,0.0,0.0,0.0,0.0,0.8966142657813837,1.8292056672741785,-2.686780134682435,-3.167834490428498,-5.660859285956208,0.7643212523867023,-7.415379377459103e-05,-2.037032031916873e-05,-2.674112096214259e-05,-3.3859999336286157e-06,-9.625322770392682e-06,-7.092174284252129e-06
427,7.135999999999436,0.582122802734375,0.7934147715568542,-0.7950826287269592,-0.21330812573432922,-0.8409382700920105,0.13953746855258942,-1.0,5.654866776,5.654866776,-2.827433388,-3.7634995546434764,-5.654866776,1.2443475637893564,0.0,0.0,0.0,0.0,0.0,0.0,0.8966895300699821,1.8292494649879247,-2.6878880503408125,-3.215238302673628,-5.660746199790254,0.8037869342934243,-7.824418986890405e-05,-9.407300057859998e-06,-3.342504506808414e-05,-1.2634075561649599e-05,-4.056927167415704e-06,-1.2792328606693923e-05
428,7.151999999999434,0.5871285796165466,0.7996547818183899,-0.728404700756073,-0.18702352046966553,-0.8259111642837524,0.11370262503623962,-1.0,5.654866776,5.654866776,-2.827433388,-3.7946763755057695,-5.654866776,1.2633017913828974,0.0,0.0,0.0,0.0,0.0,0.0,0.8967447720048959,1.8292838280170582,-2.6888462097128984,-3.261304596775459,-5.660653309352562,0.8415665353120126,-7.863595387173317e-05,-3.614829825876618e-06,-3.8497354146638516e-05,-1.7575364612076304e-05,1.6490699873020796e-06,-2.0962834125366712e-05
429,7.169999999999432,0.5921220183372498,0.8035687208175659,-0.6814993023872375,-0.1675083339214325,-0.8088132739067078,0.09543334692716599,-1.0,5.654866776,5.654866776,-2.827433388,-3.8226000147704724,-5.654866776,1.279210530315656,0.0,0.0,0.0,0.0,0.0,0.0,0.89678253315452,1.8293242003626937,-2.689785778717565,-3.3112050334713254,-5.660565572097142,0.8818322464035966,-8.564971216751048e-05,-3.3690530311644714e-06,-4.4421078217784145e-05,-2.55173714176342e-05,7.678099951552942e-07,-2.8163165975339437e-05
430,7.185999999999431,0.5976109504699707,0.8072869181632996,-0.6455289125442505,-0.15244467556476593,-0.7915847897529602,0.08113958686590195,-1.0,5.654866776,5.654866776,-2.827433388,-3.848012542187119,-5.654866776,1.2927364994462018,0.0,0.0,0.0,0.0,0.0,0.0,0.896807112506046,1.8293459631454385,-2.6904981695628805,-3.3537263023885844,-5.660517164591057,0.9156155228740248,-7.676331714403343e-05,6.616253537484156e-07,-4.156315888412053e-05,-2.8486459751698044e-05,1.4387801002617805e-06,-2.8717647881675683e-05
431,7.201999999999429,0.6040127873420715,0.8112596869468689,-0.6172369718551636,-0.13995523750782013,-0.7745615243911743,0.07030867040157318,-1.0,5.654866776,5.654866776,-2.827433388,-3.8713430802796727,-5.654866776,1.304456954802144,0.0,0.0,0.0,0.0,0.0,0.0,0.8968243996391878,1.82935939595851,-2.691116266144723,-3.3946596838924306,-5.660483562852128,0.9475849676399879,-6.877265544076924e-05,-4.824381740345331e-07,-3.822228424464361e-05,-3.304836645339333e-05,1.90682209218894e-06,-2.9855352212507374e-05
432,7.219999999999427,0.6107200980186462,0.8153532147407532,-0.5935614109039307,-0.12893499433994293,-0.758388340473175,0.06163698807358742,-1.0,5.654866776,5.654866776,-2.827433388,-3.892836543836141,-5.654866776,1.3147318407140112,0.0,0.0,0.0,0.0,0.0,0.0,0.8968326374308749,1.8293785068704551,-2.691736797913497,-3.4386887920305327,-5.660456780429158,0.9813647094327436,-6.797544498226654e-05,-9.327902026719503e-07,-3.8292949533142684e-05,-3.986943933375145e-05,1.4248841215174412e-06,-3.332818867366676e-05
433,7.235999999999425,0.6175329685211182,0.8194760084152222,-0.5732542872428894,-0.11890561133623123,-0.7432315349578857,0.054480135440826416,-1.0,5.654866776,5.654866776,-2.827433388,-3.9126581092458905,-5.654866776,1.323813679291997,0.0,0.0,0.0,0.0,0.0,0.0,0.8968377107671415,1.8293876285179993,-2.692219483219671,-3.475998801039399,-5.66045364660832,1.009519847214918,-6.058988612682407e-05,1.8388220072895857e-06,-3.530947678259512e-05,-4.054972759473343e-05,1.6932088514042653e-06,-3.283465763104378e-05
434,7.251999999999423,0.6242842078208923,0.823573112487793,-0.5558488368988037,-0.10983981937170029,-0.7291125059127808,0.04842349886894226,-1.0,5.654866776,5.654866776,-2.827433388,-3.930968407135153,-5.654866776,1.3318858765534496,0.0,0.0,0.0,0.0,0.0,0.0,0.8968410419680628,1.8293915935846823,-2.69264994150818,-3.5117401054675232,-5.6604593662699525,1.0360238013601633,-5.403083330623972e-05,1.0719391122131112e-06,-3.256632985136063e-05,-4.283810988092753e-05,1.4946502870635978e-06,-3.307765571073496e-05
435,7.269999999999421,0.6308887600898743,0.8276206254959106,-0.5407590270042419,-0.10173492878675461,-0.716037392616272,0.04306618496775627,-1.0,5.654866776,5.654866776,-2.827433388,-3.947927619763905,-5.654866776,1.3390650095875745,0.0,0.0,0.0,0.0,0.0,0.0,0.8968400300068331,1.829400237870111,-2.6930967136198505,-3.550019783080895,-5.660471092043991,1.063905265134142,-5.209344818328414e-05,4.66541970911091e-07,-3.205040896080106e-05,-4.787328953665171e-05,1.000008964177792e-06,-3.5432815777289296e-05
436,7.28599999999942,0.6372979879379272,0.8315722346305847,-0.527190625667572,-0.0944327712059021,-0.7039919495582581,0.03806789219379425,-1.0,5.654866776,5.654866776,-2.827433388,-3.963669562723929,-5.654866776,1.34541092721628,0.0,0.0,0.0,0.0,0.0,0.0,0.8968394516178376,1.8294030930236058,-2.6934539842432774,-3.5823409893360845,-5.6604949795588615,1.0870497131830814,-4.665181622679813e-05,1.6549151604622042e-06,-2.9717309980031874e-05,-4.6990334602781384e-05,1.4246858726202523e-06,-3.431897799239811e-05
437,7.301999999999418,0.6437188386917114,0.8354769945144653,-0.5154126286506653,-0.08791910111904144,-0.6927049160003662,0.03368918225169182,-1.0,5.654866776,5.654866776,-2.827433388,-3.9783256768804733,-5.654866776,1.351026913897637,0.0,0.0,0.0,0.0,0.0,0.0,0.8968392050843449,1.8294025114612635,-2.6937808790805264,-3.6132065714078543,-5.660523308895307,1.108753020753279,-4.188511134244802e-05,1.9885557897455977e-06,-2.7598718843676386e-05,-4.7630483903073424e-05,1.2940654415178282e-06,-3.39010824132645e-05
438,7.319999999999416,0.6499438881874084,0.8392112851142883,-0.5040952563285828,-0.08187536895275116,-0.682357907295227,0.029361160472035408,-1.0,5.654866776,5.654866776,-2.827433388,-3.991974300884897,-5.654866776,1.3559214193483253,0.0,0.0,0.0,0.0,0.0,0.0,0.8968369418523103,1.8294058329979686,-2.6941297259875268,-3.6461751096867823,-5.6605562648490695,1.131493767861327,-4.013314692303057e-05,1.785764963678517e-06,-2.700511293465997e-05,-5.1055476576563076e-05,9.043803813677015e-07,-3.5414085478607086e-05
439,7.335999999999414,0.656154215335846,0.8428637981414795,-0.4944024682044983,-0.0764332115650177,-0.672510027885437,0.025739220902323723,-1.0,5.654866776,5.654866776,-2.827433388,-4.004715717252785,-5.654866776,1.3602121474727427,0.0,0.0,0.0,0.0,0.0,0.0,0.8968364528178342,1.8294053010512616,-2.6944166706240424,-3.673949686465042,-5.660593702282102,1.1502981700418027,-3.6340492573206264e-05,2.492416341558942e-06,-2.5278035335820672e-05,-4.9179548651603605e-05,1.401575001654012e-06,-3.398829246417441e-05
440,7.351999999999412,0.6621370315551758,0.846452534198761,-0.48633530735969543,-0.07180851697921753,-0.6632485389709473,0.022627444937825203,-1.0,5.654866776,5.654866776,-2.827433388,-4.016686197033221,-5.654866776,1.3639841425438781,0.0,0.0,0.0,0.0,0.0,0.0,0.8968379871922123,1.8294014606130715,-2.6946893218846615,-3.70042462883052,-5.660632440828104,1.1678666652736598,-3.28787079415153e-05,2.7078696104265595e-06,-2.366120869852024e-05,-4.86337518692035e-05,1.3209815040140332e-06,-3.3123996347616723e-05
441,7.36999999999941,0.6677213311195374,0.8497647643089294,-0.47698402404785156,-0.06728474795818329,-0.6551257371902466,0.018781036138534546,-1.0,5.654866776,5.654866776,-2.827433388,-4.02790256451785,-5.654866776,1.3671149412681718,0.0,0.0,0.0,0.0,0.0,0.0,0.8968399196017568,1.8294005088273664,-2.6949934190559808,-3.728661090645591,-5.66067431771752,1.1861984698099963,-3.147106598947536e-05,2.539051781306282e-06,-2.312750721963306e-05,-5.0779869706743264e-05,1.0130037964655773e-06,-3.400780618085758e-05
442,7.385999999999409,0.6735818386077881,0.8530052304267883,-0.46856218576431274,-0.06285867094993591,-0.6472077369689941,0.01564585044980049,-1.0,5.654866776,5.654866776,-2.827433388,-4.038381104965205,-5.654866776,1.3697231045381535,0.0,0.0,0.0,0.0,0.0,0.0,0.8968439146204314,1.8293974292921664,-2.6952556382444066,-3.7524175048875636,-5.660716030660098,1.2012872216287749,-2.8968063691977922e-05,2.9846528227492283e-06,-2.1889325609967937e-05,-4.8454655782531814e-05,1.5103951952403003e-06,-3.250745085007137e-05
443,7.401999999999407,0.6792076826095581,0.8559882044792175,-0.4599812924861908,-0.05842214450240135,-0.6398605704307556,0.012540585361421108,-1.0,5.654866776,5.654866776,-2.827433388,-4.048120076453755,-5.654866776,1.3718136201179023,0.0,0.0,0.0,0.0,0.0,0.0,0.8968498459753139,1.8293928436970575,-2.6955135111968906,-3.775024525640843,-5.660757009648959,1.215307294529842,-2.666407480233974e-05,3.1307058348124593e-06,-2.075765097914889e-05,-4.7459538607000214e-05,1.4659778015277433e-06,-3.158164853886403e-05
444,7.419999999999405,0.6847957968711853,0.8588899970054626,-0.45255398750305176,-0.05425664409995079,-0.6327351927757263,0.010033529251813889,-1.0,5.654866776,5.654866776,-2.827433388,-4.057164659025217,-5.654866776,1.3734862094441798,0.0,0.0,0.0,0.0,0.0,0.0,0.8968574043884682,1.8293910181531758,-2.6958053677713716,-3.79908927156961,-5.660799962802061,1.229860392989375,-2.558095026636941e-05,3.0024946084976555e-06,-2.0310283817456608e-05,-4.8636433414515235e-05,1.258101689986914e-06,-3.200955589008862e-05
445,7.435999999999403,0.6900199055671692,0.8615747094154358,-0.4448680877685547,-0.05024460330605507,-0.6262520551681519,0.007302906364202499,-1.0,5.654866776,5.654866776,-2.827433388,-4.065540434396336,-5.654866776,1.3747036039350924,0.0,0.0,0.0,0.0,0.0,0.0,0.8968661931952494,1.829387837559108,-2.696061368953501,-3.8192938713176896,-5.660840205842474,1.2417688236064472,-2.3960323814165993e-05,3.2710787947289e-06,-1.9431120460524728e-05,-4.627950794825222e-05,1.7079661249781527e-06,-3.060040230562247e-05
446,7.451999999999401,0.695250928401947,0.8642672300338745,-0.4384707510471344,-0.04662063345313072,-0.6199004054069519,0.005145846866071224,-1.0,5.654866776,5.654866776,-2.827433388,-4.073312093992973,-5.654866776,1.3755614166076664,0.0,0.0,0.0,0.0,0.0,0.0,0.8968769506001829,1.829383295703367,-2.6963159461951056,-3.8384805677591083,-5.660878764269937,1.2527686818999275,-2.2338000921049405e-05,3.3764638128691327e-06,-1.8575816366836098e-05,-4.4919828235171725e-05,1.6997889519624556e-06,-2.9588374530635884e-05
447,7.469999999999399,0.7001303434371948,0.8667383193969727,-0.43136507272720337,-0.04307613521814346,-0.6142333149909973,0.002555194543674588,-1.0,5.654866776,5.654866776,-2.827433388,-4.080492885733838,-5.654866776,1.375987367538097,0.0,0.0,0.0,0.0,0.0,0.0,0.8968901009329323,1.8293809255348412,-2.696605962243166,-3.8588604625923733,-5.66091840318777,1.2641051777922039,-2.152443142825799e-05,3.268443495403336e-06,-1.8200492855872398e-05,-4.5396972742953926e-05,1.562170433938696e-06,-2.969170102994924e-05
448,7.485999999999398,0.705028235912323,0.8691486716270447,-0.4247898459434509,-0.03958568722009659,-0.6086946725845337,0.00032694428227841854,-1.0,5.654866776,5.654866776,-2.827433388,-4.087091819793428,-5.654866776,1.3760418691499527,0.0,0.0,0.0,0.0,0.0,0.0,0.8969036126421693,1.8293777093210495,-2.69686328893861,-3.8759332600483614,-5.660954230000048,1.273308101188662,-2.0475635019370715e-05,3.4243403235474194e-06,-1.7565965684165634e-05,-4.318414621419447e-05,1.945621373136053e-06,-2.8423460317698664e-05
449,7.501999999999396,0.7097951769828796,0.8714905381202698,-0.4189133644104004,-0.03634145110845566,-0.6033801436424255,-0.00161519437097013,-1.0,5.654866776,5.654866776,-2.827433388,-4.093149939693207,-5.654866776,1.375772616248312,0.0,0.0,0.0,0.0,0.0,0.0,0.8969188227987394,1.8293735432754101,-2.6971214407809687,-3.8921056174116053,-5.660987921614647,1.2817322297859643,-1.9373265442612788e-05,3.492486353360792e-06,-1.6939081297254347e-05,-4.177728412286774e-05,1.962404653019358e-06,-2.747376097552336e-05
450,7.519999999999394,0.714340090751648,0.8737784028053284,-0.41365134716033936,-0.03346022963523865,-0.598363995552063,-0.0034357744734734297,-1.0,5.654866776,5.654866776,-2.827433388,-4.098727759973402,-5.654866776,1.375199872643584,0.0,0.0,0.0,0.0,0.0,0.0,0.8969373199678038,1.8293707752236377,-2.697415932199771,-3.909240671137505,-5.661022166810011,1.2903313943500223,-1.871825234597482e-05,3.4129535797897236e-06,-1.6590272301917616e-05,-4.159662328588879e-05,1.8947665730109458e-06,-2.7256639605732074e-05
451,7.535999999999392,0.7186790108680725,0.8759444952011108,-0.40809178352355957,-0.030701620504260063,-0.5938065052032471,-0.00549133587628603,-1.0,5.654866776,5.654866776,-2.827433388,-4.103845720111462,-5.654866776,1.374284466953007,0.0,0.0,0.0,0.0,0.0,0.0,0.896955317838049,1.8293675271910688,-2.697679356486416,-3.9235614199719646,-5.661052418556819,1.297233579370706,-1.8028913388125924e-05,3.4945244097025034e-06,-1.611832265117372e-05,-3.9615006148330305e-05,2.1930834758025287e-06,-2.614325068839904e-05
452,7.55199999999939,0.7230345606803894,0.8781410455703735,-0.40349724888801575,-0.02818966843187809,-0.5892689824104309,-0.007104965858161449,-1.0,5.654866776,5.654866776,-2.827433388,-4.1085449378390555,-5.654866776,1.3731000691444515,0.0,0.0,0.0,0.0,0.0,0.0,0.8969748359434332,1.8293635537646413,-2.697945221232278,-3.937095967467196,-5.661080571381723,1.303470903908631,-1.724798121373904e-05,3.536575599790515e-06,-1.5633097063194055e-05,-3.819689593016912e-05,2.229568803204288e-06,-2.5243701956617245e-05
453,7.569999999999388,0.7271156907081604,0.8801394104957581,-0.3981821537017822,-0.025657108053565025,-0.5852579474449158,-0.009114444255828857,-1.0,5.654866776,5.654866776,-2.827433388,-4.112821977751585,-5.654866776,1.3715806912870048,0.0,0.0,0.0,0.0,0.0,0.0,0.8969981284895769,1.8293606805046048,-2.6982491747427253,-3.951400882791882,-5.661108855727494,1.3097370148832959,-1.675309109792242e-05,3.471798623683007e-06,-1.5333001446432648e-05,-3.766069835239266e-05,2.2155510548377127e-06,-2.4869061940292974e-05
454,7.585999999999387,0.7312057018280029,0.8821452260017395,-0.3937092423439026,-0.0232243575155735,-0.5811825394630432,-0.010676863603293896,-1.0,5.654866776,5.654866776,-2.827433388,-4.116693478149431,-5.654866776,1.3698008581243357,0.0,0.0,0.0,0.0,0.0,0.0,0.8970201342453493,1.8293576978031094,-2.69852219439856,-3.963324844010229,-5.661133359085103,1.3146751160364152,-1.6316098801488855e-05,3.5084235053690537e-06,-1.499058948638295e-05,-3.599446976060537e-05,2.437099686909606e-06,-2.394435147281928e-05
455,7.601999999999385,0.7350974082946777,0.8840205669403076,-0.38903263211250305,-0.020843783393502235,-0.5774635076522827,-0.012401033192873001,-1.0,5.654866776,5.654866776,-2.827433388,-4.120168136841127,-5.654866776,1.3677336058910838,0.0,0.0,0.0,0.0,0.0,0.0,0.8970432805944056,1.829354377985033,-2.698798353379808,-3.9745590324599633,-5.661155867765508,1.3190372612601793,-1.5800629752575836e-05,3.5280458173263538e-06,-1.4641294119939522e-05,-3.477930826304487e-05,2.485867414734982e-06,-2.3203412704595594e-05
456,7.619999999999383,0.7389261722564697,0.8858969211578369,-0.38504558801651,-0.018624307587742805,-0.5737692713737488,-0.013841569423675537,-1.0,5.654866776,5.654866776,-2.827433388,-4.1232728089160045,-5.654866776,1.3654262162681572,0.0,0.0,0.0,0.0,0.0,0.0,0.8970708111533421,1.8293515521693668,-2.6991131261035832,-3.9863917937273556,-5.661178314727354,1.3233049205729672,-1.5395830291167563e-05,3.4872589852643054e-06,-1.435869283071198e-05,-3.3859943071900766e-05,2.5288284985844782e-06,-2.264520978729533e-05
457,7.635999999999381,0.7425188422203064,0.8876181244850159,-0.38057172298431396,-0.016395198181271553,-0.5704599618911743,-0.01557911280542612,-1.0,5.654866776,5.654866776,-2.827433388,-4.126005888452823,-5.654866776,1.3628291781634927,0.0,0.0,0.0,0.0,0.0,0.0,0.897096184083509,1.8293489718946692,-2.699396345040019,-3.996217855290735,-5.661197372475179,1.3265543453035078,-1.5142104428085489e-05,3.4896710332457074e-06,-1.4125738077886238e-05,-3.261694164955554e-05,2.66434927498185e-06,-2.1957727243985847e-05
458,7.651999999999379,0.7461640238761902,0.8894026875495911,-0.377033531665802,-0.014320042915642262,-0.5670372247695923,-0.016873296350240707,-1.0,5.654866776,5.654866776,-2.827433388,-4.12839303960686,-5.654866776,1.3600163996619075,0.0,0.0,0.0,0.0,0.0,0.0,0.8971225230340969,1.8293461524002785,-2.6996826667257947,-4.005436644539988,-5.661214740724436,1.3293053425342878,-1.478680222239754e-05,3.4976627714373626e-06,-1.3860272957554594e-05,-3.1525664537924635e-05,2.732410064556629e-06,-2.131662264402854e-05
459,7.669999999999377,0.7495588660240173,0.8909986615180969,-0.37272152304649353,-0.012179008685052395,-0.5640699863433838,-0.018590768799185753,-1.0,5.654866776,5.654866776,-2.827433388,-4.130423280354658,-5.654866776,1.3569173185030832,0.0,0.0,0.0,0.0,0.0,0.0,0.8971535333377748,1.8293435048898894,-2.7000082933977296,-4.015099063344776,-5.661231929889254,1.3318454324090485,-1.4465264602869483e-05,3.47318971565701e-06,-1.3604508253895363e-05,-3.0399304033170542e-05,2.820430757083614e-06,-2.0668619623971573e-05
460,7.6859999999993756,0.7530590295791626,0.8926283717155457,-0.368994802236557,-0.010023114271461964,-0.5609883069992065,-0.019940434023737907,-1.0,5.654866776,5.654866776,-2.827433388,-4.132094133503711,-5.654866776,1.353593248151326,0.0,0.0,0.0,0.0,0.0,0.0,0.8971817531150116,1.8293413331987052,-2.7003011708471982,-4.02307806153978,-5.661246180453938,1.3336333415711037,-1.4330520523850012e-05,3.455277622265602e-06,-1.3452164901391264e-05,-2.9533843598874844e-05,2.880030634209348e-06,-2.0185818357760247e-05
461,7.701999999999374,0.7563796043395996,0.8942083716392517,-0.36564773321151733,-0.00801486149430275,-0.558020293712616,-0.021206341683864594,-1.0,5.654866776,5.654866776,-2.827433388,-4.133430210914811,-5.654866776,1.3500581509926257,0.0,0.0,0.0,0.0,0.0,0.0,0.8972106598642008,1.8293391331499316,-2.700596898351975,-4.030514735535588,-5.661259045336493,1.3349835977079607,-1.410874113417121e-05,3.4517258122742375e-06,-1.3265885863177953e-05,-2.8656638083485353e-05,2.9595988504834956e-06,-1.9688626784610686e-05
462,7.719999999999372,0.7595629692077637,0.8957213759422302,-0.36218324303627014,-0.006069863215088844,-0.5552935004234314,-0.02260861173272133,-1.0,5.654866776,5.654866776,-2.827433388,-4.134442057112766,-5.654866776,1.346289295416781,0.0,0.0,0.0,0.0,0.0,0.0,0.8972446661759506,1.8293365406214257,-2.7009320133660246,-4.038251110673095,-5.661271807235456,1.336023408510472,-1.3817080004855486e-05,3.450101913195484e-06,-1.3007038024143957e-05,-2.7238507552480895e-05,3.095795205835335e-06,-1.889592688869714e-05
463,7.73599999999937,0.7627251744270325,0.8972558379173279,-0.3591914176940918,-0.004238601308315992,-0.5525626540184021,-0.023824477568268776,-1.0,5.654866776,5.654866776,-2.827433388,-4.135148631950862,-5.654866776,1.3423177550061507,0.0,0.0,0.0,0.0,0.0,0.0,0.897275342181821,1.8293345732732422,-2.701233413155145,-4.0445886646316405,-5.6612821168286,1.3365407911612033,-1.3749723795113659e-05,3.41725884066373e-06,-1.2908310296497489e-05,-2.6703776878493443e-05,3.0768132296091107e-06,-1.858377239143503e-05
464,7.751999999999368,0.7657356262207031,0.8986704349517822,-0.3557412028312683,-0.002359824487939477,-0.5501161813735962,-0.025284212082624435,-1.0,5.654866776,5.654866776,-2.827433388,-4.1355420146930015,-5.654866776,1.3381028768519772,0.0,0.0,0.0,0.0,0.0,0.0,0.8973064082028995,1.8293328532588022,-2.7015376877959247,-4.050440620330869,-5.661291368358551,1.3366691074360064,-1.3625264558666064e-05,3.401747293058855e-06,-1.2785459825878854e-05,-2.605701256719536e-05,3.1654862138420857e-06,-1.8233402151573316e-05
465,7.769999999999366,0.768842875957489,0.9001399278640747,-0.3528693914413452,-0.0005204416811466217,-0.5475627779960632,-0.026423709467053413,-1.0,5.654866776,5.654866776,-2.827433388,-4.135628772321248,-5.654866776,1.3336980444838193,0.0,0.0,0.0,0.0,0.0,0.0,0.8973429316204262,1.8293303074190135,-2.7018815739644846,-4.056462370748884,-5.661300658107944,1.3363953834592053,-1.3347230665332303e-05,3.4218172069043114e-06,-1.2520086689003087e-05,-2.4396593429667505e-05,3.3485650929516136e-06,-1.732026843263049e-05
466,7.7859999999993645,0.7717534899711609,0.901489794254303,-0.3496697247028351,0.0013418624876067042,-0.545251190662384,-0.02776229754090309,-1.0,5.654866776,5.654866776,-2.827433388,-4.135405083844565,-5.654866776,1.3290700694837507,0.0,0.0,0.0,0.0,0.0,0.0,0.8973755357710618,1.8293287292045723,-2.702190796925308,-4.061333053242885,-5.661307807894268,1.3357930197799803,-1.3352908293664682e-05,3.374043454272173e-06,-1.2484824255065615e-05,-2.4269742341187972e-05,3.2548787428937406e-06,-1.722388207277676e-05
467,7.801999999999363,0.7747048735618591,0.9028880000114441,-0.3470041751861572,0.0031328052282333374,-0.5428694486618042,-0.028844596818089485,-1.0,5.654866776,5.654866776,-2.827433388,-4.134882845213018,-5.654866776,1.3242616751941751,0.0,0.0,0.0,0.0,0.0,0.0,0.8974084132841138,1.8293274748417503,-2.7025023833637714,-4.065762646584287,-5.661314228878974,1.3348448338164183,-1.3295051531018412e-05,3.3547842240150005e-06,-1.2406345195924253e-05,-2.3762863572901506e-05,3.3595825802403455e-06,-1.696679608585202e-05
468,7.819999999999361,0.7775218486785889,0.9041777849197388,-0.3439221978187561,0.004959366749972105,-0.5407522320747375,-0.030155368149280548,-1.0,5.654866776,5.654866776,-2.827433388,-4.134056118775797,-5.654866776,1.3192347753236902,0.0,0.0,0.0,0.0,0.0,0.0,0.8974469511392194,1.8293250308349478,-2.702853583725723,-4.070237621206985,-5.661320875371571,1.3334082574932862,-1.3022034309263933e-05,3.3946994833407057e-06,-1.2135094786502674e-05,-2.192457701581562e-05,3.5808278202409582e-06,-1.5966119998758593e-05
469,7.835999999999359,0.7803908586502075,0.9055353999137878,-0.34150683879852295,0.006699382793158293,-0.538496732711792,-0.031144268810749054,-1.0,5.654866776,5.654866776,-2.827433388,-4.132939331664178,-5.654866776,1.3140430257129383,0.0,0.0,0.0,0.0,0.0,0.0,0.8974812205350899,1.829323671660111,-2.7031691052760998,-4.07378031652618,-5.661325649370957,1.3318160054319057,-1.3066784402087334e-05,3.3370826206346914e-06,-1.213932265172956e-05,-2.2088714028353228e-05,3.4212929574112416e-06,-1.6017388758623972e-05
470,7.851999999999357,0.7830812931060791,0.9067534804344177,-0.33848288655281067,0.008498689159750938,-0.5365683436393738,-0.03245922178030014,-1.0,5.654866776,5.654866776,-2.827433388,-4.131522600181248,-5.654866776,1.3086320734421624,0.0,0.0,0.0,0.0,0.0,0.0,0.897515496097504,1.829322893362137,-2.703486769108822,-4.076916830101183,-5.661329960521973,1.3299097903326131,-1.307910378450344e-05,3.3098214850170355e-06,-1.2112107262281312e-05,-2.1803205849505133e-05,3.5326028220171216e-06,-1.5897234334792006e-05
471,7.869999999999355,0.7858672738075256,0.9080659747123718,-0.3362314701080322,0.010218859650194645,-0.5344296097755432,-0.033380623906850815,-1.0,5.654866776,5.654866776,-2.827433388,-4.12981911627756,-5.654866776,1.3030675234368903,0.0,0.0,0.0,0.0,0.0,0.0,0.8975557779390585,1.8293204088621802,-2.7038438165495173,-4.079980976777176,-5.661334786142059,1.3274397768143693,-1.2775462875352785e-05,3.375113676895316e-06,-1.1813413296090756e-05,-1.9707119351303058e-05,3.7974202312015804e-06,-1.4760190204842064e-05
472,7.8859999999993535,0.7885152101516724,0.9092312455177307,-0.33323347568511963,0.012028766795992851,-0.5326626300811768,-0.03467068448662758,-1.0,5.654866776,5.654866776,-2.827433388,-4.1278139208526685,-5.654866776,1.2972879203329695,0.0,0.0,0.0,0.0,0.0,0.0,0.8975912998513689,1.8293193643744114,-2.7041645848403535,-4.082306546025319,-5.66133783572619,1.324960690389521,-1.287771717582348e-05,3.301704043954162e-06,-1.1871512377274122e-05,-2.02512415423164e-05,3.5690825708621643e-06,-1.5011118888074406e-05
473,7.901999999999352,0.7912330031394958,0.9104393124580383,-0.3307017385959625,0.013880060985684395,-0.5307196378707886,-0.03565778583288193,-1.0,5.654866776,5.654866776,-2.827433388,-4.125500114686355,-5.654866776,1.291343767434628,0.0,0.0,0.0,0.0,0.0,0.0,0.8976267227419364,1.829319019525542,-2.7044870031413355,-4.084251490570045,-5.66134066875618,1.3221966913013294,-1.2943129114893937e-05,3.2722256565675228e-06,-1.1882640782158275e-05,-2.0102139870686988e-05,3.6966111991689763e-06,-1.4980306481635642e-05
474,7.91999999999935,0.7939063906669617,0.911649763584137,-0.32844114303588867,0.015625275671482086,-0.5288474559783936,-0.03656778484582901,-1.0,5.654866776,5.654866776,-2.827433388,-4.12289538123192,-5.654866776,1.2852479177008282,0.0,0.0,0.0,0.0,0.0,0.0,0.897668361522652,1.8293165548701102,-2.704848447056794,-4.086006925627856,-5.6613443136550154,1.3187968060403819,-1.2605064564837348e-05,3.362089558290156e-06,-1.1559237505487505e-05,-1.7807239654131606e-05,3.997956671774758e-06,-1.3737811842516074e-05
475,7.935999999999348,0.796440839767456,0.9127950072288513,-0.3260086178779602,0.017336128279566765,-0.5271463394165039,-0.03761672601103783,-1.0,5.654866776,5.654866776,-2.827433388,-4.120005448647716,-5.654866776,1.2789772094747882,0.0,0.0,0.0,0.0,0.0,0.0,0.8977049912603552,1.8293156508837243,-2.7051729984176403,-4.087198236305779,-5.6613462380248665,1.315522845373245,-1.2740233747986346e-05,3.2764120773512842e-06,-1.1650077663611216e-05,-1.860316971122693e-05,3.709150601516278e-06,-1.4115192342490242e-05
476,7.951999999999346,0.7990321516990662,0.9139707684516907,-0.3238014280796051,0.019012242555618286,-0.5254362225532532,-0.03854399174451828,-1.0,5.654866776,5.654866776,-2.827433388,-4.116836107813695,-5.654866776,1.272551926050977,0.0,0.0,0.0,0.0,0.0,0.0,0.8977414170548423,1.8293155457161216,-2.7054990526353455,-4.088030744089505,-5.661348216500257,1.3119897749143086,-1.2843613116698933e-05,3.2445676381620073e-06,-1.1688954240932562e-05,-1.856020732109782e-05,3.844708239399314e-06,-1.4152651906360628e-05
477,7.969999999999344,0.8015767335891724,0.9151086211204529,-0.3215228319168091,0.020685553550720215,-0.5238403081893921,-0.039502959698438644,-1.0,5.654866776,5.654866776,-2.827433388,-4.1133878260367895,-5.654866776,1.2659667826692473,0.0,0.0,0.0,0.0,0.0,0.0,0.8977842512959504,1.829312968191287,-2.705864108056023,-4.088563973991294,-5.661351350816011,1.3077550056990295,-1.2448518113469683e-05,3.3581104430914494e-06,-1.1331447964074184e-05,-1.608614501499308e-05,4.1790927833712335e-06,-1.2811421370191243e-05
478,7.9859999999993425,0.8041247129440308,0.9162399768829346,-0.3193294107913971,0.022359276190400124,-0.5222782492637634,-0.04039686173200607,-1.0,5.654866776,5.654866776,-2.827433388,-4.10966053469585,-5.654866776,1.259232625818522,0.0,0.0,0.0,0.0,0.0,0.0,0.8978218290494786,1.8293121855003573,-2.706192016059096,-4.088695134585603,-5.661352704570409,1.3037655166549498,-1.262429731196118e-05,3.2571239094686205e-06,-1.1457585092932146e-05,-1.7129570424413265e-05,3.836428324307442e-06,-1.331551402861142e-05
479,8.001999999999342,0.8066421151161194,0.9173296093940735,-0.31704872846603394,0.02405979111790657,-0.5208077430725098,-0.0413103848695755,-1.0,5.654866776,5.654866776,-2.827433388,-4.105649767516495,-5.654866776,1.2523461846607638,0.0,0.0,0.0,0.0,0.0,0.0,0.8978590619442703,1.8293124074910474,-2.7065213065514437,-4.0884846759115785,-5.661354289307729,1.299537829850939,-1.2778383302288669e-05,3.22300204637117e-06,-1.1532968822568735e-05,-1.7224050294884952e-05,3.9789905701693336e-06,-1.3440309344381664e-05
480,8.019999999999348,0.8091661334037781,0.9184309244155884,-0.31498977541923523,0.025739192962646484,-0.5193266272544861,-0.04209835082292557,-1.0,5.654866776,5.654866776,-2.827433388,-4.101359044049622,-5.654866776,1.245328389578582,0.0,0.0,0.0,0.0,0.0,0.0,0.8979029266599833,1.8293097705295174,-2.7068892772513737,-4.087867261183977,-5.6613573781718936,1.2945498411079375,-1.231119152034555e-05,3.364214170955031e-06,-1.1135446131986814e-05,-1.4568243043653555e-05,4.346013448487057e-06,-1.1996739764725444e-05
481,8.035999999999353,0.8116222023963928,0.9194772839546204,-0.3127651810646057,0.027428902685642242,-0.5179855227470398,-0.04296198487281799,-1.0,5.654866776,5.654866776,-2.827433388,-4.0967866459719255,-5.654866776,1.2381666267002833,0.0,0.0,0.0,0.0,0.0,0.0,0.8979412820697555,1.8293091477433538,-2.707219806160206,-4.086995761392007,-5.6613585294763045,1.2899140352511878,-1.2538608639571835e-05,3.2447833813721062e-06,-1.1301053172298362e-05,-1.5856675659320297e-05,3.952235448363515e-06,-1.2628635321667831e-05
482,8.051999999999358,0.8140981793403625,0.9205155372619629,-0.31058844923973083,0.02914309874176979,-0.5166630744934082,-0.04375913366675377,-1.0,5.654866776,5.654866776,-2.827433388,-4.0919284914116725,-5.654866776,1.2308719791180354,0.0,0.0,0.0,0.0,0.0,0.0,0.8979791932965476,1.829309667760452,-2.707551492804942,-4.085794585349599,-5.66136006733843,1.2850596020096048,-1.2740282632929935e-05,3.2106112492368917e-06,-1.1409374358730703e-05,-1.6056582187540757e-05,4.102687641136768e-06,-1.2822770621648769e-05
483,8.069999999999364,0.8165562748908997,0.9215492010116577,-0.3085622489452362,0.030834147706627846,-0.5153620839118958,-0.04447026550769806,-1.0,5.654866776,5.654866776,-2.827433388,-4.086788438988978,-5.654866776,1.223458785857902,0.0,0.0,0.0,0.0,0.0,0.0,0.8980239219827159,1.8293069543140261,-2.7079214695112457,-4.084079561638185,-5.661363467256841,1.2793915382784942,-1.218519715644301e-05,3.3809103776872363e-06,-1.0966498729095729e-05,-1.3240888205721868e-05,4.49836093748448e-06,-1.1285912215262218e-05
484,8.08599999999937,0.8189647197723389,0.9225609302520752,-0.3065698444843292,0.03248896077275276,-0.5141481757164001,-0.04517228156328201,-1.0,5.654866776,5.654866776,-2.827433388,-4.08137252922816,-5.654866776,1.2159285665213029,0.0,0.0,0.0,0.0,0.0,0.0,0.8980629671058297,1.829306416375707,-2.7082538336214435,-4.0822485024354505,-5.661364721658517,1.2741736199599456,-1.246247590341605e-05,3.2412270049632396e-06,-1.1166031995086278e-05,-1.4723667764106074e-05,4.059297575269123e-06,-1.201842654085205e-05
485,8.101999999999375,0.8213517069816589,0.9235438704490662,-0.30451324582099915,0.03414303436875343,-0.5130244493484497,-0.0458863191306591,-1.0,5.654866776,5.654866776,-2.827433388,-4.075680885398889,-5.654866776,1.208279317122222,0.0,0.0,0.0,0.0,0.0,0.0,0.898101489102194,1.8293071474219078,-2.708587284190573,-4.080097224810311,-5.661366510444773,1.2687557803173155,-1.2707850551604419e-05,3.2079830601350492e-06,-1.1303204853819765e-05,-1.5004027982291976e-05,4.214556870077717e-06,-1.2266682623694938e-05
486,8.119999999999381,0.8237497210502625,0.9245366454124451,-0.3026469349861145,0.03576553612947464,-0.5119020342826843,-0.046484801918268204,-1.0,5.654866776,5.654866776,-2.827433388,-4.069718770526105,-5.654866776,1.2005303006424466,0.0,0.0,0.0,0.0,0.0,0.0,0.8981470304126352,1.8293042746843085,-2.7089587635530785,-4.077328763601365,-5.661370540186017,1.2624781818910709,-1.2040570019073126e-05,3.408964720854954e-06,-1.0804451024139493e-05,-1.2036721949441094e-05,4.634212557627602e-06,-1.0636446781741982e-05
487,8.135999999999386,0.8260893821716309,0.925477921962738,-0.3006267249584198,0.037395283579826355,-0.5109156370162964,-0.047138746827840805,-1.0,5.654866776,5.654866776,-2.827433388,-4.063484976753348,-5.654866776,1.1926722715462454,0.0,0.0,0.0,0.0,0.0,0.0,0.898186700150893,1.8293038002010253,-2.7092927003123117,-4.074576111430397,-5.661372153952932,1.2567387327571269,-1.2378609896171365e-05,3.2447786663409106e-06,-1.1041085748950512e-05,-1.3704765775006736e-05,4.1553429304547656e-06,-1.1467486811443538e-05
488,8.151999999999392,0.8284558057785034,0.9264341592788696,-0.2988189458847046,0.0389968566596508,-0.5099169015884399,-0.047656599432229996,-1.0,5.654866776,5.654866776,-2.827433388,-4.056984200748184,-5.654866776,1.1847279164208928,0.0,0.0,0.0,0.0,0.0,0.0,0.898225806059017,1.8293047108001868,-2.7096276986778576,-4.0715116347232465,-5.661374420046655,1.2508179710610992,-1.2666023791974455e-05,3.2145895057701224e-06,-1.1204833410533402e-05,-1.4042297188192696e-05,4.315189521259876e-06,-1.1756507145499114e-05
489,8.169999999999398,0.8307602405548096,0.9273113012313843,-0.2966894805431366,0.040650006383657455,-0.5090950727462769,-0.04828793555498123,-1.0,5.654866776,5.654866776,-2.827433388,-4.050207844684029,-5.654866776,1.1766783175638775,0.0,0.0,0.0,0.0,0.0,0.0,0.8982720622045912,1.8293017519098562,-2.7100004858031355,-4.06772858117295,-5.661379265066449,1.243996207454231,-1.1883166868288054e-05,3.446377684625765e-06,-1.0653619512336561e-05,-1.098297465891688e-05,4.753707701483054e-06,-1.006461358539959e-05
490,8.185999999999403,0.8331925868988037,0.928263783454895,-0.29506924748420715,0.04224643483757973,-0.5081663131713867,-0.04861545190215111,-1.0,5.654866776,5.654866776,-2.827433388,-4.0431653639966045,-5.654866776,1.1685741217317889,0.0,0.0,0.0,0.0,0.0,0.0,0.8983123555617432,1.8293013135593323,-2.7103356697957244,-4.064086621786913,-5.661381388343479,1.2377949612744616,-1.2279548241175398e-05,3.2569562071035544e-06,-1.0921374243421412e-05,-1.2777824082507911e-05,4.243356444129281e-06,-1.096314020298798e-05
491,8.201999999999408,0.8354646563529968,0.9290995001792908,-0.2930314540863037,0.04386068135499954,-0.5074945092201233,-0.04914333298802376,-1.0,5.654866776,5.654866776,-2.827433388,-4.035853788414726,-5.654866776,1.1603819281226853,0.0,0.0,0.0,0.0,0.0,0.0,0.8983519875633752,1.8293024348144964,-2.710671939691072,-4.06013858575105,-5.661384232872609,1.2314299970821867,-1.26239917140335e-05,3.228449799399837e-06,-1.111995741811079e-05,-1.3196256891951295e-05,4.402205069716263e-06,-1.1307080571067877e-05
492,8.219999999999414,0.8378105759620667,0.9300081729888916,-0.29155445098876953,0.04538498446345329,-0.5066995620727539,-0.049371685832738876,-1.0,5.654866776,5.654866776,-2.827433388,-4.0282881115046685,-5.654866776,1.1521516680943678,0.0,0.0,0.0,0.0,0.0,0.0,0.8983990417011948,1.8292992694410595,-2.711045626035065,-4.055373505867278,-5.661390032213516,1.2241353958737837,-1.1682028389385485e-05,3.496354640182864e-06,-1.0493482128992633e-05,-1.0001003968818826e-05,4.8574153503230815e-06,-9.521950448110546e-06
493,8.23599999999942,0.8400093913078308,0.9307822585105896,-0.28948917984962463,0.04695291817188263,-0.5062111616134644,-0.049868956208229065,-1.0,5.654866776,5.654866776,-2.827433388,-4.020461060045416,-5.654866776,1.143838513094456,0.0,0.0,0.0,0.0,0.0,0.0,0.8984399143861003,1.8292988769992304,-2.711381969764923,-4.05087069202147,-5.661392759260102,1.2175333135333426,-1.2161945699680727e-05,3.2742530198304168e-06,-1.0804385496336762e-05,-1.1953503746992515e-05,4.317355657090264e-06,-1.0509579042262612e-05
494,8.251999999999425,0.8423246741294861,0.9316249489784241,-0.2879241108894348,0.04849374294281006,-0.5055786967277527,-0.05004115402698517,-1.0,5.654866776,5.654866776,-2.827433388,-4.01237715309685,-5.654866776,1.1354966527181576,0.0,0.0,0.0,0.0,0.0,0.0,0.8984801441919127,1.8293001138563951,-2.711719405499678,-4.046068310400813,-5.661396283971059,1.210788147969822,-1.2544668793760234e-05,3.2525884993535082e-06,-1.102502813470445e-05,-1.238839011669324e-05,4.479338219444757e-06,-1.08706133974953e-05
495,8.269999999999431,0.8445253968238831,0.9323874711990356,-0.2861452102661133,0.05001075938344002,-0.5051479339599609,-0.050311364233493805,-1.0,5.654866776,5.654866776,-2.827433388,-4.004040359507631,-5.654866776,1.1271097483004342,0.0,0.0,0.0,0.0,0.0,0.0,0.8985279106205848,1.829296848855116,-2.7120940851036144,-4.040353203165175,-5.661403067142479,1.203088676934315,-1.1456192418248368e-05,3.553575140618271e-06,-1.0336605848065073e-05,-9.1590308583321e-06,4.94208770920506e-06,-9.048840660563074e-06
496,8.285999999999436,0.8467085361480713,0.9331659078598022,-0.2846876382827759,0.05144856497645378,-0.5046916007995605,-0.050411056727170944,-1.0,5.654866776,5.654866776,-2.827433388,-3.995463883726056,-5.654866776,1.1187062251440147,0.0,0.0,0.0,0.0,0.0,0.0,0.8985694608056545,1.829296411115688,-2.7124314497630477,-4.035018278792743,-5.661406448109877,1.1961506251373675,-1.1995763709359388e-05,3.3015091442862186e-06,-1.067196835577827e-05,-1.1166424265851353e-05,4.384508609811185e-06,-1.0067558583540313e-05
497,8.301999999999442,0.8488205075263977,0.933874249458313,-0.2829730212688446,0.05287569761276245,-0.5044431686401367,-0.05061081796884537,-1.0,5.654866776,5.654866776,-2.827433388,-3.9866495049340083,-5.654866776,1.1102694017886081,0.0,0.0,0.0,0.0,0.0,0.0,0.8986103032337323,1.829297740440951,-2.712770118462296,-4.029391422780301,-5.661410676448271,1.1890893172208479,-1.2430302716326637e-05,3.283820375460951e-06,-1.0921573969573717e-05,-1.1643744138519354e-05,4.540135265136908e-06,-1.0459796777539747e-05
498,8.319999999999448,0.8510006070137024,0.9346116185188293,-0.2815565764904022,0.05425620824098587,-0.5041636824607849,-0.05060523748397827,-1.0,5.654866776,5.654866776,-2.827433388,-3.977604995020236,-5.654866776,1.1018335087000288,0.0,0.0,0.0,0.0,0.0,0.0,0.8986588897198061,1.829294293312667,-2.7131459048843256,-4.022762789096254,-5.661418468992003,1.1810606616380033,-1.1161839148235815e-05,3.6206514963375237e-06,-1.0155628664840477e-05,-8.37439924056188e-06,5.007700335874843e-06,-8.592396818796904e-06
499,8.335999999999453,0.8531004786491394,0.9352661371231079,-0.2798903286457062,0.055649273097515106,-0.5040764808654785,-0.050673555582761765,-1.0,5.654866776,5.654866776,-2.827433388,-3.96832826119488,-5.654866776,1.0933862269843824,0.0,0.0,0.0,0.0,0.0,0.0,0.8987011116439085,1.8292938636681015,-2.713484587793353,-4.016629571029181,-5.661422485251375,1.173851897915987,-1.1789769903289493e-05,3.3323835180947476e-06,-1.0529337145209603e-05,-1.0463498856766969e-05,4.437046517057304e-06,-9.662687203353426e-06
500,8.351999999999459,0.8552083373069763,0.9359514713287354,-0.2786731719970703,0.05695062503218651,-0.5039272904396057,-0.050491224974393845,-1.0,5.654866776,5.654866776,-2.827433388,-3.9588345920020145,-5.654866776,1.0849693397811508,0.0,0.0,0.0,0.0,0.0,0.0,0.8987426778611788,1.82929524227764,-2.713824641761769,-4.0102135688180605,-5.661427384124417,1.1665437602779902,-1.2257480885982322e-05,3.3236457716328534e-06,-1.079621236749972e-05,-1.0930774631628795e-05,4.589297968628679e-06,-1.0054661249554074e-05
501,8.369999999999465,0.8572012186050415,0.9365099668502808,-0.2769138813018799,0.058294422924518585,-0.5040803551673889,-0.0505281463265419,-1.0,5.654866776,5.654866776,-2.827433388,-3.9491169117004974,-5.654866776,1.0765462977885163,0.0,0.0,0.0,0.0,0.0,0.0,0.8987920765655959,1.8292917250525704,-2.7142017915546117,-4.002711210198866,-5.661436070834136,1.1582628173948142,-1.0826937612897161e-05,3.69259585212499e-06,-9.966908570167214e-06,-7.70672060925223e-06,5.052260462366926e-06,-8.189649355586877e-06
502,8.38599999999947,0.8592498898506165,0.9370898008346558,-0.2755071520805359,0.05964241921901703,-0.5041379928588867,-0.0502910353243351,-1.0,5.654866776,5.654866776,-2.827433388,-3.939174520416687,-5.654866776,1.0681627821999495,0.0,0.0,0.0,0.0,0.0,0.0,0.8988350372151155,1.8292913074065071,-2.714541798093568,-3.99581487876475,-5.661440619745862,1.1508545561437602,-1.1536438209107143e-05,3.3692016255823188e-06,-1.0372274422674178e-05,-9.827345249464801e-06,4.479272598379131e-06,-9.285299663282339e-06
503,8.401999999999475,0.8612260818481445,0.9376654624938965,-0.2744390368461609,0.060834139585494995,-0.5042630434036255,-0.04991144686937332,-1.0,5.654866776,5.654866776,-2.827433388,-3.929033469347785,-5.654866776,1.059842544006825,0.0,0.0,0.0,0.0,0.0,0.0,0.898877348164582,1.8292927562923422,-2.7148832369949467,-3.988644776653027,-5.661446056176965,1.1433712673016136,-1.2048103789298911e-05,3.368348231789742e-06,-1.0661886464114799e-05,-1.0297960137276696e-05,4.6233946787965735e-06,-9.684745000698894e-06
504,8.419999999999481,0.8630598187446594,0.9381283521652222,-0.2729547917842865,0.062009088695049286,-0.504664957523346,-0.04972076043486595,-1.0,5.654866776,5.654866776,-2.827433388,-3.91869655426232,-5.654866776,1.0515540932423328,0.0,0.0,0.0,0.0,0.0,0.0,0.8989276598694004,1.8292891070251431,-2.715261665150834,-3.9803096347701703,-5.6614554979327885,1.1349228500786595,-1.0426033774336687e-05,3.771402313094993e-06,-9.755053691410759e-06,-7.1115599578631386e-06,5.078125033458336e-06,-7.812489555372307e-06
505,8.435999999999487,0.8649881482124329,0.9386723041534424,-0.272152304649353,0.06304625421762466,-0.5049391984939575,-0.049152154475450516,-1.0,5.654866776,5.654866776,-2.827433388,-3.9081867436842423,-5.654866776,1.0433604290912752,0.0,0.0,0.0,0.0,0.0,0.0,0.898971523796291,1.8292885306433695,-2.7156030292413873,-3.9726911767519373,-5.661460524887061,1.1273942836967716,-1.1184185465022903e-05,3.413340351582978e-06,-1.0170581602424394e-05,-9.195088579310302e-06,4.50868856569e-06,-8.891948434508237e-06
506,8.451999999999492,0.866714596748352,0.9390503764152527,-0.27069562673568726,0.06410738825798035,-0.5055795311927795,-0.04887543246150017,-1.0,5.654866776,5.654866776,-2.827433388,-3.897500042061637,-5.654866776,1.0352128944999432,0.0,0.0,0.0,0.0,0.0,0.0,0.8990146701305559,1.8292899928105435,-2.7159462714705183,-3.964813104943909,-5.6614664082702175,1.1198147975763417,-1.175565326669852e-05,3.415966671334737e-06,-1.04904385400214e-05,-9.693912309224795e-06,4.6387049891306255e-06,-9.313403439200528e-06
507,8.469999999999498,0.868550717830658,0.9394509792327881,-0.26955485343933105,0.06518735736608505,-0.5061373710632324,-0.04830895736813545,-1.0,5.654866776,5.654866776,-2.827433388,-3.8866333095887104,-5.654866776,1.027159791306675,0.0,0.0,0.0,0.0,0.0,0.0,0.8990659837254728,1.8292862796857026,-2.7163265630297073,-3.955701186040271,-5.661476430225598,1.111289250773547,-9.950458068531248e-06,3.8515345056491834e-06,-9.513794272381212e-06,-6.59530660911369e-06,5.082202115930361e-06,-7.462137304209027e-06
508,8.485999999999503,0.870291531085968,0.9398430585861206,-0.2688436210155487,0.06609677523374557,-0.5067347288131714,-0.04754938557744026,-1.0,5.654866776,5.654866776,-2.827433388,-3.875614977157245,-5.654866776,1.0192333087309158,0.0,0.0,0.0,0.0,0.0,0.0,0.8991107650561966,1.8292856867903715,-2.7166697104366015,-3.9474111651154096,-5.6614817349985405,1.1037200378752074,-1.0784483908879622e-05,3.4573207052515035e-06,-9.953624405819128e-06,-8.658876485171396e-06,4.523501493239449e-06,-8.541149739432862e-06
509,8.501999999999509,0.8718866109848022,0.9401124715805054,-0.26768267154693604,0.06698474287986755,-0.5076443552970886,-0.0469912514090538,-1.0,5.654866776,5.654866776,-2.827433388,-3.864448620519171,-5.654866776,1.0113998671210265,0.0,0.0,0.0,0.0,0.0,0.0,0.8991548782342619,1.8292871461535631,-2.7170148273691193,-3.9388770225562766,-5.661487866352072,1.0961290666135557,-1.1387929590182158e-05,3.4684558859661375e-06,-1.0287881042853543e-05,-9.134406031911971e-06,4.641628120117428e-06,-8.952120493790896e-06
510,8.519999999999515,0.8735287189483643,0.9404191970825195,-0.2670573890209198,0.06777062267065048,-0.5084670782089233,-0.04610833153128624,-1.0,5.654866776,5.654866776,-2.827433388,-3.853151257719974,-5.654866776,1.003713608254761,0.0,0.0,0.0,0.0,0.0,0.0,0.8992073312492938,1.8292833136555484,-2.7173970772155713,-3.9290507519236284,-5.661498251537434,1.087625514774936,-9.389570746382423e-06,3.932024219503522e-06,-9.236320154636062e-06,-6.143379105214367e-06,5.064075485313237e-06,-7.128583936237988e-06
511,8.53599999999952,0.8749939203262329,0.9406061768531799,-0.2661226987838745,0.0685172751545906,-0.5095492601394653,-0.045359015464782715,-1.0,5.654866776,5.654866776,-2.827433388,-3.8417294279517034,-5.654866776,0.9961522603767818,0.0,0.0,0.0,0.0,0.0,0.0,0.899253110295474,1.829282681687671,-2.7177422318721383,-3.920148440012364,-5.661503656889092,1.0801041486432919,-1.0304275349248808e-05,3.5011309447888675e-06,-9.701578338883732e-06,-8.177577014432864e-06,4.522558149091494e-06,-8.20486950509568e-06
512,8.551999999999525,0.8764564990997314,0.9408196210861206,-0.2657242715358734,0.06912198662757874,-0.5105725526809692,-0.04431778937578201,-1.0,5.654866776,5.654866776,-2.827433388,-3.830206792780886,-5.654866776,0.988764484887839,0.0,0.0,0.0,0.0,0.0,0.0,0.8992983476344646,1.8292840460480098,-2.7180894401057816,-3.9110227848821,-5.661509869596962,1.0725937197023043,-1.0908535811121691e-05,3.5236693796627497e-06,-1.0033422613010556e-05,-8.596983281295469e-06,4.6296694227908486e-06,-8.582186812150198e-06
513,8.569999999999531,0.8777574896812439,0.9408965110778809,-0.26485466957092285,0.06972140073776245,-0.5119041800498962,-0.04347240552306175,-1.0,5.654866776,5.654866776,-2.827433388,-3.8185842352779007,-5.654866776,0.9815176348871446,0.0,0.0,0.0,0.0,0.0,0.0,0.8993519510262813,1.8292802208342556,-2.718474168556533,-3.900558676350079,-5.661520333514863,1.0642133741098099,-8.77514938904597e-06,4.005647913429102e-06,-8.938077995647087e-06,-5.796601546843977e-06,5.023466146894624e-06,-6.839226667075732e-06
514,8.585999999999537,0.8791138529777527,0.9410312175750732,-0.26471325755119324,0.07016586512327194,-0.5131112337112427,-0.042223136872053146,-1.0,5.654866776,5.654866776,-2.827433388,-3.806887585561851,-5.654866776,0.9744790379705733,0.0,0.0,0.0,0.0,0.0,0.0,0.8993989022265542,1.8292794770881622,-2.718821467558276,-3.89111654148266,-5.661525658830228,1.056834908817693,-9.710199100671265e-06,3.548197969733459e-06,-9.397040425736421e-06,-7.722241165538647e-06,4.510297093924618e-06,-7.862898481097523e-06
515,8.601999999999542,0.8802129626274109,0.9409735798835754,-0.2638593316078186,0.07063773274421692,-0.5146992802619934,-0.0412956066429615,-1.0,5.654866776,5.654866776,-2.827433388,-3.7951122755133904,-5.654866776,0.9675950603431916,0.0,0.0,0.0,0.0,0.0,0.0,0.8994452578993438,1.8292808430265222,-2.7191711319650547,-3.881474818985938,-5.661531687166804,1.0494970705557565,-1.0372477739563434e-05,3.5720840267439075e-06,-9.755339347401852e-06,-8.150712324024218e-06,4.59830992867493e-06,-8.249022996132615e-06
516,8.619999999999548,0.881384015083313,0.9408716559410095,-0.26301831007003784,0.07122998684644699,-0.5162585377693176,-0.04017660766839981,-1.0,5.654866776,5.654866776,-2.827433388,-3.7832382367060875,-5.654866776,0.9608976198448694,0.0,0.0,0.0,0.0,0.0,0.0,0.8995000123450788,1.8292771825862437,-2.719558488598277,-3.870457656948054,-5.661541854501639,1.041344558940293,-8.137882501287752e-06,4.071351117056276e-06,-8.634257425961775e-06,-5.564546098314457e-06,4.966280160729217e-06,-6.605631322865268e-06
517,8.635999999999553,0.8824508190155029,0.9405936002731323,-0.26158228516578674,0.07205626368522644,-0.5179732441902161,-0.039156198501586914,-1.0,5.654866776,5.654866776,-2.827433388,-3.7712264575497603,-5.654866776,0.9543702815546549,0.0,0.0,0.0,0.0,0.0,0.0,0.8995478226298986,1.8292767838007595,-2.719907954724695,-3.860542142864448,-5.661546585559595,1.0341929488317068,-9.232764082367632e-06,3.5801038952176706e-06,-9.161115345780715e-06,-7.500779423100167e-06,4.482648914438987e-06,-7.665036289774698e-06
518,8.651999999999559,0.884443998336792,0.9401910305023193,-0.25857260823249817,0.07340674847364426,-0.5196670293807983,-0.0383957177400589,-1.0,5.654866776,5.654866776,-2.827433388,-3.758989552579204,-5.654866776,0.9479697154073871,0.0,0.0,0.0,0.0,0.0,0.0,0.8995947773903132,1.8292788080587878,-2.720259291359567,-3.8504295466841176,-5.66155166339977,1.0271030249634854,-1.0106687848383706e-05,3.6037816432738323e-06,-9.628536243002871e-06,-8.041097347407169e-06,4.5604747067586655e-06,-8.143285483427988e-06
519,8.669999999999565,0.8863875269889832,0.9397166967391968,-0.2560967803001404,0.07529325038194656,-0.5210922360420227,-0.03687458857893944,-1.0,5.654866776,5.654866776,-2.827433388,-3.7464381677405334,-5.654866776,0.9418227214912779,0.0,0.0,0.0,0.0,0.0,0.0,0.8996499297318005,1.8292760741413072,-2.7206467125308342,-3.8388678985659226,-5.661560453719981,1.0192557418473853,-7.900382992647183e-06,4.128460195708961e-06,-8.551083239717346e-06,-5.706380541104717e-06,4.920966436874983e-06,-6.646395373462098e-06
520,8.68599999999957,0.8878865838050842,0.9391790628433228,-0.2544369101524353,0.07698981463909149,-0.5225837826728821,-0.035037651658058167,-1.0,5.654866776,5.654866776,-2.827433388,-3.7336039656401967,-5.654866776,0.9359819449598796,0.0,0.0,0.0,0.0,0.0,0.0,0.89969815650603,1.829276300155277,-2.720994221697613,-3.8284452346203866,-5.66156347540252,1.01240809912267,-9.138854085842307e-06,3.603191369723844e-06,-9.138193109240585e-06,-7.624904165407687e-06,4.466946746830637e-06,-7.722235114835504e-06
521,8.701999999999575,0.8890252709388733,0.9386553168296814,-0.253597617149353,0.07812449336051941,-0.5243104696273804,-0.03310173377394676,-1.0,5.654866776,5.654866776,-2.827433388,-3.720580612596998,-5.654866776,0.9304638859397627,0.0,0.0,0.0,0.0,0.0,0.0,0.899745885777185,1.8292783355931967,-2.7213419092473803,-3.8178022918134715,-5.6615669193112454,1.0056696696422942,-9.942031991060892e-06,3.6440185072633973e-06,-9.563943527980753e-06,-8.009631474464442e-06,4.540761492847604e-06,-8.102828526201332e-06
522,8.719999999999581,0.8898601531982422,0.9381380677223206,-0.25330474972724915,0.0787070095539093,-0.5262376666069031,-0.031163282692432404,-1.0,5.654866776,5.654866776,-2.827433388,-3.7074601541043615,-5.654866776,0.9252689667149342,0.0,0.0,0.0,0.0,0.0,0.0,0.8998021304342437,1.829274856528179,-2.721724844294566,-3.8056411870883444,-5.661574376541956,0.9982711476927705,-7.391101883786397e-06,4.191811656094987e-06,-8.323726994000588e-06,-5.645623559141741e-06,4.870084880821636e-06,-6.531841210312132e-06
523,8.735999999999587,0.8905206322669983,0.9376134872436523,-0.25330162048339844,0.07884985208511353,-0.5283900499343872,-0.029226431623101234,-1.0,5.654866776,5.654866776,-2.827433388,-3.694315883761773,-5.654866776,0.9203969205633632,0.0,0.0,0.0,0.0,0.0,0.0,0.899851664699605,1.829274033659647,-2.7220694983667375,-3.7947056789846525,-5.661576388497728,0.9918672955285766,-8.438769272580154e-06,3.6417129656783143e-06,-8.79147838521396e-06,-7.32883099270703e-06,4.437506954733453e-06,-7.451090241521477e-06
524,8.751999999999592,0.8910897374153137,0.9370594620704651,-0.2534833550453186,0.07874452322721481,-0.5306528806686401,-0.027202706784009933,-1.0,5.654866776,5.654866776,-2.827433388,-3.6811891717397964,-5.654866776,0.9158622293424687,0.0,0.0,0.0,0.0,0.0,0.0,0.899900931277889,1.8292750905537793,-2.7224163508532238,-3.783582453342305,-5.66157903898618,0.9856170899876344,-9.10748559064928e-06,3.6807807906321263e-06,-9.136375170353502e-06,-7.5789487005689576e-06,4.4889278745268405e-06,-7.72933690341962e-06
525,8.769999999999598,0.8914509415626526,0.9364783763885498,-0.25418493151664734,0.07830952852964401,-0.5330992937088013,-0.02497011609375477,-1.0,5.654866776,5.654866776,-2.827433388,-3.668134973333905,-5.654866776,0.9116997109896399,0.0,0.0,0.0,0.0,0.0,0.0,0.8999588855136396,1.829271017167351,-2.7228007204346287,-3.770933556761909,-5.661585718936369,0.9788150880151544,-6.418288810921854e-06,4.221173794832557e-06,-7.8377759039381e-06,-5.391339226261149e-06,4.773808752455483e-06,-6.223664534982662e-06
526,8.785999999999603,0.8917425870895386,0.9357907772064209,-0.2545914649963379,0.07773074507713318,-0.5357381701469421,-0.022868070751428604,-1.0,5.654866776,5.654866776,-2.827433388,-3.6551772581295467,-5.654866776,0.9078876035953767,0.0,0.0,0.0,0.0,0.0,0.0,0.9000101190553421,1.8292697830902633,-2.7231478431408624,-3.7596173291884627,-5.661587104503263,0.9729823649744367,-7.375004311154598e-06,3.6663479626342317e-06,-8.2467549499176e-06,-6.9123665628841725e-06,4.3798829963523106e-06,-7.049034921772517e-06
527,8.801999999999609,0.8919670581817627,0.9350221157073975,-0.2551109194755554,0.07713131606578827,-0.5384566783905029,-0.02058982290327549,-1.0,5.654866776,5.654866776,-2.827433388,-3.64231946774138,-5.654866776,0.9044552801174006,0.0,0.0,0.0,0.0,0.0,0.0,0.9000612028447549,1.8292705467519168,-2.7234979710942513,-3.7481671023816405,-5.661589046428308,0.9673469741687474,-8.002603902673644e-06,3.7019904305527416e-06,-8.564730578865594e-06,-7.120154414554162e-06,4.413107559645437e-06,-7.2908738155788195e-06
528,8.819999999999615,0.8920274972915649,0.9341564774513245,-0.255801796913147,0.07642349600791931,-0.5412997007369995,-0.018196387216448784,-1.0,5.654866776,5.654866776,-2.827433388,-3.62957967095686,-5.654866776,0.9014219423684187,0.0,0.0,0.0,0.0,0.0,0.0,0.9001209004616944,1.8292667370121865,-2.7238868879922613,-3.7352124671371993,-5.661594665697793,0.9612803661294764,-5.4111972244495975e-06,4.216258384367204e-06,-7.326357168486612e-06,-5.229802443349734e-06,4.654843493834395e-06,-5.953264728931509e-06
529,8.83599999999962,0.8919296264648438,0.9332083463668823,-0.2566986680030823,0.07558707147836685,-0.5442548394203186,-0.015695370733737946,-1.0,5.654866776,5.654866776,-2.827433388,-3.6169793061414164,-5.654866776,0.8988055240671046,0.0,0.0,0.0,0.0,0.0,0.0,0.9001738228127893,1.8292655869348535,-2.7242374727705236,-3.7236777718936858,-5.661595103446034,0.9561425759169798,-6.297966519359106e-06,3.675943454665807e-06,-7.695985581240274e-06,-6.6091457458126885e-06,4.308447134733221e-06,-6.7037780681547255e-06
530,8.851999999999626,0.8916685581207275,0.93217933177948,-0.2578012943267822,0.07457845658063889,-0.5473425984382629,-0.013119041919708252,-1.0,5.654866776,5.654866776,-2.827433388,-3.604547077429424,-5.654866776,0.8966185797790892,0.0,0.0,0.0,0.0,0.0,0.0,0.9002267055713059,1.8292662548397334,-2.724590652042196,-3.7120626519890965,-5.661595967068194,0.9512473781912254,-6.8752053156219235e-06,3.70697310151596e-06,-7.983948131891964e-06,-6.7769370752616775e-06,4.327599519886083e-06,-6.909783798089722e-06
531,8.869999999999632,0.8912226557731628,0.9310645461082458,-0.25907817482948303,0.07342647761106491,-0.5505229830741882,-0.0104756411164999,-1.0,5.654866776,5.654866776,-2.827433388,-3.5923068836116596,-5.654866776,0.8948722904049686,0.0,0.0,0.0,0.0,0.0,0.0,0.9002881328068487,1.8292627165665145,-2.724983285243218,-3.6989859737185724,-5.661600104122379,0.9460594682166311,-4.424233399857032e-06,4.181732807558031e-06,-6.819802420000565e-06,-5.1562975370546564e-06,4.526038274224717e-06,-5.7301171227356325e-06
532,8.885999999999637,0.8906500339508057,0.9298791289329529,-0.2605351209640503,0.07211082428693771,-0.5538314580917358,-0.007760782726109028,-1.0,5.654866776,5.654866776,-2.827433388,-3.5802860092030273,-5.654866776,0.8935785679245263,0.0,0.0,0.0,0.0,0.0,0.0,0.9003427310335506,1.8292615443611893,-2.7253364814253844,-3.687399686063988,-5.661599356264636,0.9417433507537903,-5.181856665198532e-06,3.67111120283824e-06,-7.124245325653521e-06,-6.373267105966707e-06,4.225810980785694e-06,-6.38665068695293e-06
533,8.901999999999642,0.8899219036102295,0.9286088347434998,-0.262144535779953,0.07068337500095367,-0.5572023987770081,-0.004968949593603611,-1.0,5.654866776,5.654866776,-2.827433388,-3.5685030905903683,-5.654866776,0.8927502440272725,0.0,0.0,0.0,0.0,0.0,0.0,0.9003973854724985,1.8292620414319745,-2.725691995056735,-3.6757913799655575,-5.6615989011260375,0.9377139807934806,-5.6975240231791785e-06,3.6916554272246255e-06,-7.375511145144974e-06,-6.505836245581229e-06,4.231838363703951e-06,-6.557374297353945e-06
534,8.919999999999648,0.8889527320861816,0.9272547960281372,-0.2640222907066345,0.06906253099441528,-0.5607019066810608,-0.002101771766319871,-1.0,5.654866776,5.654866776,-2.827433388,-3.5569903666735994,-5.654866776,0.892399878673827,0.0,0.0,0.0,0.0,0.0,0.0,0.9004604659014869,1.82925880428741,-2.726087857928833,-3.6627903317687256,-5.661601254135969,0.9335438182601342,-3.4798538862630013e-06,4.111920575155436e-06,-6.324367967024148e-06,-5.148840496679745e-06,4.3877744963775535e-06,-5.545089654481419e-06
535,8.935999999999654,0.8878634572029114,0.9258158206939697,-0.26589342951774597,0.06733434647321701,-0.564281702041626,0.0007501272484660149,-1.0,5.654866776,5.654866776,-2.827433388,-3.5457657311165143,-5.654866776,0.8925249248861462,0.0,0.0,0.0,0.0,0.0,0.0,0.9005166504263262,1.829257661134316,-2.7264432024937673,-3.6513304872546732,-5.661599144995685,0.9301700960828327,-4.086370210769598e-06,3.6479045607235507e-06,-6.558273028054137e-06,-6.204300925522207e-06,4.133155157007752e-06,-6.106457619681895e-06
536,8.951999999999659,0.8866847157478333,0.9243026971817017,-0.2678920030593872,0.0655331090092659,-0.5679094791412354,0.0036909307818859816,-1.0,5.654866776,5.654866776,-2.827433388,-3.5348413618446695,-5.654866776,0.8931402030474866,0.0,0.0,0.0,0.0,0.0,0.0,0.9005729660837732,1.829258023065252,-2.7268004788050124,-3.639909738289054,-5.661597198711057,0.9271243383134875,-4.537142438227836e-06,3.654697693938334e-06,-6.7715373322178854e-06,-6.308627886530965e-06,4.129150639445987e-06,-6.245661335515347e-06
537,8.969999999999665,0.885342001914978,0.9227016568183899,-0.2700503170490265,0.06364334374666214,-0.5715813040733337,0.006706340238451958,-1.0,5.654866776,5.654866776,-2.827433388,-3.524232016442101,-5.654866776,0.8942581499652366,0.0,0.0,0.0,0.0,0.0,0.0,0.9006374968665383,1.8292552244060436,-2.727199025968263,-3.6271867186748015,-5.661597487407182,0.9240995434223308,-2.676489168129293e-06,4.0048428821809505e-06,-5.887553762724781e-06,-5.213460142174869e-06,4.244959996731113e-06,-5.417812048966397e-06
538,8.98599999999967,0.8837987184524536,0.9210101962089539,-0.2723366320133209,0.061636436730623245,-0.5753247141838074,0.00974233914166689,-1.0,5.654866776,5.654866776,-2.827433388,-3.5139572224391062,-5.654866776,0.8958821979001524,0.0,0.0,0.0,0.0,0.0,0.0,0.9006950866686844,1.829254205053803,-2.7275557488239612,-3.616030063316683,-5.661593844626827,0.921778352588525,-3.1119961686165312e-06,3.6049675666863572e-06,-6.047316163538268e-06,-6.11031319071249e-06,4.034894138469854e-06,-5.8840803902964034e-06
539,9.001999999999676,0.8821148872375488,0.9192505478858948,-0.2748090922832489,0.05951971188187599,-0.5790895223617554,0.012837427668273449,-1.0,5.654866776,5.654866776,-2.827433388,-3.5040352864683975,-5.654866776,0.8980221970924537,0.0,0.0,0.0,0.0,0.0,0.0,0.9007528858360325,1.8292544669158828,-2.727913757014225,-3.6049709945090336,-5.661590249862341,0.9198239543935829,-3.48459992917546e-06,3.5953366640390556e-06,-6.216475909690388e-06,-6.187452402063806e-06,4.024374928854833e-06,-5.99086361620803e-06
540,9.019999999999682,0.8802422881126404,0.9174108505249023,-0.27741628885269165,0.05726473405957222,-0.5829221606254578,0.015935499221086502,-1.0,5.654866776,5.654866776,-2.827433388,-3.4944892553006666,-5.654866776,0.9006786448126088,0.0,0.0,0.0,0.0,0.0,0.0,0.9008186567469996,1.8292520844051003,-2.7283138884476457,-3.5927195614465073,-5.661588328279561,0.9180616567468204,-2.0398961219799133e-06,3.864508955440845e-06,-5.5218917881717155e-06,-5.322709702834356e-06,4.102396736409593e-06,-5.338282904136382e-06
541,9.035999999999687,0.8782423138618469,0.9155066609382629,-0.2801542282104492,0.05491848289966583,-0.5867632031440735,0.01906813308596611,-1.0,5.654866776,5.654866776,-2.827433388,-3.4853343442012923,-5.654866776,0.9038573025980394,0.0,0.0,0.0,0.0,0.0,0.0,0.9008774657188292,1.8292511406040317,-2.728671026098746,-3.582036742798716,-5.661583144638877,0.9168926157882966,-2.2639502636342146e-06,3.544041988984677e-06,-5.5921275119026734e-06,-6.054669733096049e-06,3.933105865236519e-06,-5.7003329773535015e-06
542,9.051999999999692,0.8760721683502197,0.9135278463363647,-0.2830187678337097,0.052454881370067596,-0.5906445980072021,0.022205522283911705,-1.0,5.654866776,5.654866776,-2.827433388,-3.476590115476902,-5.654866776,0.9075589631627675,0.0,0.0,0.0,0.0,0.0,0.0,0.9009365484718417,1.8292512553775062,-2.729028893562657,-3.5715103061807874,-5.661577931673213,0.9161240502284045,-2.5450000332624928e-06,3.515275296760162e-06,-5.710472613215019e-06,-6.1054880321500816e-06,3.917865879211588e-06,-5.773277285810334e-06
543,9.069999999999698,0.8737881183624268,0.9114876389503479,-0.2860064208507538,0.049919493496418,-0.5945091247558594,0.02537524327635765,-1.0,5.654866776,5.654866776,-2.827433388,-3.4682685359110494,-5.654866776,0.9117890162169363,0.0,0.0,0.0,0.0,0.0,0.0,0.9010033242646022,1.8292492978333008,-2.729429893938805,-3.559921121868137,-5.66157380205506,0.9157244981793705,-1.5921228933949476e-06,3.6924566804856982e-06,-5.2371130883456964e-06,-5.457046106797063e-06,3.95983088895844e-06,-5.2987654501018555e-06
544,9.085999999999704,0.871178388595581,0.9094136953353882,-0.28971564769744873,0.04708777368068695,-0.598395049571991,0.02873407118022442,-1.0,5.654866776,5.654866776,-2.827433388,-3.460419004038479,-5.654866776,0.9165789858826797,0.0,0.0,0.0,0.0,0.0,0.0,0.9010632097709542,1.829248365836693,-2.7297866627065934,-3.5498815222463738,-5.661567239933952,0.9157936102114868,-2.2001740070157425e-06,3.666872255625835e-06,-5.388464582368583e-06,-6.199333118032436e-06,4.0317940076304695e-06,-5.737710676332276e-06
545,9.101999999999709,0.8681545853614807,0.9073535799980164,-0.2944425940513611,0.04370196908712387,-0.6023268699645996,0.03224638104438782,-1.0,5.654866776,5.654866776,-2.827433388,-3.4531338857916554,-5.654866776,0.9219544576027792,0.0,0.0,0.0,0.0,0.0,0.0,0.901123616613376,1.8292480439951067,-2.730143296615313,-3.5400654620395295,-5.661560767548986,0.9162990396528565,-1.6982231850147331e-06,3.5402688994970886e-06,-5.228737257064156e-06,-6.045416581744208e-06,3.888425039408333e-06,-5.580205606771714e-06
546,9.119999999999715,0.8650951385498047,0.905209481716156,-0.2983602285385132,0.04015415906906128,-0.6064212918281555,0.035177815705537796,-1.0,5.654866776,5.654866776,-2.827433388,-3.4464401874748427,-5.654866776,0.9278185994808923,0.0,0.0,0.0,0.0,0.0,0.0,0.9011914626258887,1.8292461536149365,-2.7305447558229266,-3.5293576177017356,-5.661554940017365,0.9173583966664908,-1.682588048252093e-06,3.6850583195631886e-06,-5.10111198342103e-06,-5.717034992218494e-06,4.004770445188012e-06,-5.402839356665076e-06
547,9.13599999999972,0.8615455627441406,0.9031718373298645,-0.30459168553352356,0.03601693734526634,-0.6103083491325378,0.038999512791633606,-1.0,5.654866776,5.654866776,-2.827433388,-3.440436164019387,-5.654866776,0.9343198182632576,0.0,0.0,0.0,0.0,0.0,0.0,0.9012526640513464,1.8292447977371953,-2.7309010656849178,-3.520181729449501,-5.661547832111856,0.9187519368801019,-2.647470019149624e-06,4.07001686621202e-06,-5.294896611550783e-06,-6.4532948340503834e-06,4.384328269485065e-06,-5.905279871386972e-06
548,9.151999999999726,0.8577475547790527,0.9010154604911804,-0.3098444938659668,0.03163386508822441,-0.6144147515296936,0.04196542873978615,-1.0,5.654866776,5.654866776,-2.827433388,-3.43516279870918,-5.654866776,0.9413154552341799,0.0,0.0,0.0,0.0,0.0,0.0,0.9013144195733566,1.8292439012244093,-2.731257679865694,-3.5113239409284898,-5.6615408688802695,0.9206061861653209,-2.2276893166537376e-06,4.044378556481968e-06,-5.13707780207881e-06,-6.3621241920951075e-06,4.341125036126852e-06,-5.789315322133036e-06
549,9.169999999999732,0.85411137342453,0.898841381072998,-0.31484171748161316,0.027346309274435043,-0.6184592843055725,0.04487428814172745,-1.0,5.654866776,5.654866776,-2.827433388,-3.4306041689531317,-5.654866776,0.9487959990674059,0.0,0.0,0.0,0.0,0.0,0.0,0.901383333021178,1.8292422826831545,-2.731661605733815,-3.501799740348513,-5.661533980483927,0.9231996033926372,-2.7797542333025313e-06,4.022007186272745e-06,-5.292397085528502e-06,-6.2838165073041345e-06,4.392135897270816e-06,-5.824652274415552e-06
550,9.185999999999737,0.8504645228385925,0.8965460062026978,-0.3192233145236969,0.023364219814538956,-0.622477114200592,0.047624215483665466,-1.0,5.654866776,5.654866776,-2.827433388,-3.426709353510048,-5.654866776,0.9567349557885328,0.0,0.0,0.0,0.0,0.0,0.0,0.9014452656485871,1.8292412721891593,-2.732020366187868,-3.4937558158483504,-5.661526614764743,0.9259560879343844,-2.4629980736253687e-06,4.125074981223334e-06,-5.116706927949723e-06,-6.50305846763295e-06,4.425952380329112e-06,-5.88830248847785e-06
551,9.201999999999742,0.8469063639640808,0.8942065834999084,-0.3236105740070343,0.019618883728981018,-0.6262874603271484,0.05050872266292572,-1.0,5.654866776,5.654866776,-2.827433388,-3.423438885592427,-5.654866776,0.9651547598564426,0.0,0.0,0.0,0.0,0.0,0.0,0.9015076484127369,1.8292407038529743,-2.7323787532170742,-3.4861037089334905,-5.661519069995291,0.929178263470665,-3.1465548217842093e-06,4.233361062236166e-06,-5.280759572175018e-06,-6.729384444957108e-06,4.629847309683853e-06,-6.098907586733631e-06
552,9.219999999999748,0.8432611227035522,0.8917639255523682,-0.3277149796485901,0.016091037541627884,-0.6300380825996399,0.05329257249832153,-1.0,5.654866776,5.654866776,-2.827433388,-3.4207565096342374,-5.654866776,0.9740386316919128,0.0,0.0,0.0,0.0,0.0,0.0,0.9015766754771265,1.829240210218498,-2.732785450884923,-3.4779949470946185,-5.661510739494061,0.9333056797439828,-3.5421084221251955e-06,4.065272656361704e-06,-5.5176189949898245e-06,-6.702379245129305e-06,4.430531507905084e-06,-6.109653329575795e-06
553,9.235999999999754,0.8395724296569824,0.889314591884613,-0.33218827843666077,0.012577605433762074,-0.633581817150116,0.05620467662811279,-1.0,5.654866776,5.654866776,-2.827433388,-3.4186598228084293,-5.654866776,0.9834079512858193,0.0,0.0,0.0,0.0,0.0,0.0,0.9016387745739336,1.8292397644562433,-2.7331445123984555,-3.471245734220805,-5.6615027714193475,0.9374243667025769,-3.1925536623860213e-06,4.140296220655805e-06,-5.341956975836076e-06,-6.772612583969877e-06,4.4958167782294925e-06,-6.12725388075097e-06
554,9.251999999999759,0.8356437087059021,0.8867504596710205,-0.336125910282135,0.00919401366263628,-0.6371690034866333,0.058763276785612106,-1.0,5.654866776,5.654866776,-2.827433388,-3.417127180730868,-5.654866776,0.9932037895259808,0.0,0.0,0.0,0.0,0.0,0.0,0.901701266762441,1.8292393916878602,-2.733501832923749,-3.4649260964494366,-5.661494484955545,0.9420098768636844,-3.545345066649159e-06,4.230632311836991e-06,-5.383572189893252e-06,-6.913114988812912e-06,4.619364211048369e-06,-6.223253495798812e-06
555,9.269999999999765,0.8317959904670715,0.884250819683075,-0.3405879735946655,0.005778775550425053,-0.6404528021812439,0.06153358519077301,-1.0,5.654866776,5.654866776,-2.827433388,-3.416163858846612,-5.654866776,1.0034614381772826,0.0,0.0,0.0,0.0,0.0,0.0,0.901770035221518,1.829239463345788,-2.733907933849345,-3.4583469011966366,-5.661484893406043,0.9476639067506446,-4.8835861870343e-06,3.991253114104771e-06,-5.997962663329146e-06,-7.241050505852665e-06,4.467460860313145e-06,-6.556998982776759e-06
556,9.28599999999977,0.8277681469917297,0.881668210029602,-0.34453508257865906,0.0024687955155968666,-0.643764078617096,0.0639655739068985,-1.0,5.654866776,5.654866776,-2.827433388,-3.4157523106341623,-5.654866776,1.0141244993475627,0.0,0.0,0.0,0.0,0.0,0.0,0.9018319011488278,1.8292392278532377,-2.734265543703941,-3.4529752433896306,-5.661476569607691,0.9531276279566426,-3.980302329401489e-06,4.155735115625526e-06,-5.6469293928635425e-06,-7.010024883370947e-06,4.478809683036967e-06,-6.341544700697157e-06
557,9.301999999999776,0.823866605758667,0.8791742920875549,-0.34907859563827515,-0.0009097525617107749,-0.646754264831543,0.06664082407951355,-1.0,5.654866776,5.654866776,-2.827433388,-3.4159039663861996,-5.654866776,1.0252335247216176,0.0,0.0,0.0,0.0,0.0,0.0,0.9018942752572954,1.8292387279343783,-2.734620414057955,-3.4480588232794993,-5.661467988104654,0.959055540260986,-3.9210591162562105e-06,4.112782836980745e-06,-5.541799613140634e-06,-7.041999984217958e-06,4.505668497881072e-06,-6.318368204152056e-06
558,9.319999999999782,0.8197304010391235,0.8765875697135925,-0.35301047563552856,-0.00419227872043848,-0.6498165726661682,0.06890702992677689,-1.0,5.654866776,5.654866776,-2.827433388,-3.416602819248897,-5.654866776,1.0367203266104112,0.0,0.0,0.0,0.0,0.0,0.0,0.9019624868378431,1.8292391786998932,-2.735025423492579,-3.4430762887889164,-5.661457682949911,0.9662014088084007,-5.771906737603262e-06,3.7538432978999393e-06,-6.3878747376607065e-06,-7.643607909667103e-06,4.290201052713898e-06,-6.858540811547129e-06
559,9.335999999999787,0.8157092928886414,0.8740798234939575,-0.35739973187446594,-0.007497936021536589,-0.6525734663009644,0.07136088609695435,-1.0,5.654866776,5.654866776,-2.827433388,-3.417852725183687,-5.654866776,1.0486161863227736,0.0,0.0,0.0,0.0,0.0,0.0,0.9020240084982184,1.8292389862899705,-2.7353811844088356,-3.4391341751607145,-5.661449585133414,0.9729769205689518,-3.9498450879943655e-06,3.827259990779828e-06,-5.733501850702971e-06,-6.974595558223373e-06,4.1319761997075725e-06,-6.28729607188185e-06
560,9.351999999999792,0.8115749359130859,0.871536910533905,-0.3614755868911743,-0.010757151059806347,-0.6553062796592712,0.07356446981430054,-1.0,5.654866776,5.654866776,-2.827433388,-3.419645942265357,-5.654866776,1.0608793834408174,0.0,0.0,0.0,0.0,0.0,0.0,0.9020860250349374,1.8292383506825811,-2.7357339672233985,-3.435665153802682,-5.661441251209045,0.9802036829470396,-4.380950617912024e-06,3.872082081388665e-06,-5.749574682915729e-06,-7.139066382070156e-06,4.284961163143635e-06,-6.396772531697685e-06
561,9.369999999999798,0.8074662685394287,0.8690683245658875,-0.3660348057746887,-0.014118003658950329,-0.6577839255332947,0.07589635252952576,-1.0,5.654866776,5.654866776,-2.827433388,-3.421999413475304,-5.654866776,1.0735313054074893,0.0,0.0,0.0,0.0,0.0,0.0,0.902153618429235,1.8292390465353503,-2.736137853874638,-3.432323315960547,-5.6614309632555555,0.9887907349990894,-6.766964828292345e-06,3.582581800871627e-06,-6.8224071352549995e-06,-8.111362485812436e-06,4.109332880143073e-06,-7.197879006944022e-06
562,9.385999999999804,0.8031796216964722,0.8665170073509216,-0.36977025866508484,-0.017316672950983047,-0.660351037979126,0.07773934304714203,-1.0,5.654866776,5.654866776,-2.827433388,-3.4248861028562327,-5.654866776,1.086490453893448,0.0,0.0,0.0,0.0,0.0,0.0,0.9022146056454752,1.8292388937038635,-2.73649240171084,-3.429844516523534,-5.66142366469758,0.9968230389361841,-4.827243401677847e-06,3.7430325292669777e-06,-6.135260663123127e-06,-7.22354818606848e-06,4.007323049997717e-06,-6.514454351264525e-06
563,9.40199999999981,0.7989566326141357,0.8639329671859741,-0.3730262219905853,-0.020168552175164223,-0.6627238392829895,0.079460009932518,-1.0,5.654866776,5.654866776,-2.827433388,-3.4282482005038326,-5.654866776,1.0997364375491987,0.0,0.0,0.0,0.0,0.0,0.0,0.9022760363889568,1.8292382182099451,-2.7368439349750684,-3.4278481123493973,-5.661416078235823,1.0052840663421616,-5.234398187678433e-06,3.775175316005195e-06,-6.1486915294333905e-06,-7.3978529544650145e-06,4.144821351770755e-06,-6.623030970496956e-06
564,9.419999999999815,0.7957097887992859,0.861381471157074,-0.3746039867401123,-0.0224232729524374,-0.664854109287262,0.08074775338172913,-1.0,5.654866776,5.654866776,-2.827433388,-3.431986160105004,-5.654866776,1.113197088037933,0.0,0.0,0.0,0.0,0.0,0.0,0.9023423797968171,1.8292396251220215,-2.7372485233394497,-3.426149280198049,-5.6614060550916685,1.0152131770884059,-7.439251487813904e-06,3.1988965452233266e-06,-7.275945033381646e-06,-8.623020235798021e-06,3.7074972718409525e-06,-7.531365481002909e-06
565,9.43599999999982,0.7925201058387756,0.8587580323219299,-0.3763798773288727,-0.024018479511141777,-0.6665270924568176,0.08255627751350403,-1.0,5.654866776,5.654866776,-2.827433388,-3.4359900406395116,-5.654866776,1.126959219499434,0.0,0.0,0.0,0.0,0.0,0.0,0.9024021951903006,1.8292401431309013,-2.7376028947075044,-3.4250950419850454,-5.661399323151653,1.0244003329417803,-4.883050778617324e-06,3.2463443015518833e-06,-6.415559198215078e-06,-7.384305475106746e-06,3.4445911395995674e-06,-6.577869470329644e-06
566,9.451999999999826,0.789027988910675,0.856111466884613,-0.3788163363933563,-0.025608958676457405,-0.668002724647522,0.0845726802945137,-1.0,5.654866776,5.654866776,-2.827433388,-3.4402590540508773,-5.654866776,1.1410574853045294,0.0,0.0,0.0,0.0,0.0,0.0,0.9024625034749021,1.829239924825734,-2.7379526729899686,-3.4244819444736043,-5.661392141879666,1.0339912506218505,-6.219786120175706e-06,3.4108100915888436e-06,-6.712195500165656e-06,-7.833003720754264e-06,3.7961947468337205e-06,-6.971080296571672e-06
567,9.469999999999832,0.7852405905723572,0.853532612323761,-0.3818799555301666,-0.02755856327712536,-0.6694214344024658,0.08650898188352585,-1.0,5.654866776,5.654866776,-2.827433388,-3.444853066549174,-5.654866776,1.1554785325845132,0.0,0.0,0.0,0.0,0.0,0.0,0.9025276274809129,1.8292416521443031,-2.7383541303040118,-3.4242834087856053,-5.661382546139557,1.0451691561451055,-8.320429422839225e-06,2.9809809941984698e-06,-7.822939415625456e-06,-9.350966050915404e-06,3.3584462068431125e-06,-8.002297078981502e-06
568,9.485999999999837,0.7812220454216003,0.8510487079620361,-0.38532206416130066,-0.029907943680882454,-0.6708044409751892,0.08824267983436584,-1.0,5.654866776,5.654866776,-2.827433388,-3.449838720760777,-5.654866776,1.1701885873129019,0.0,0.0,0.0,0.0,0.0,0.0,0.9025866338366865,1.82924180385822,-2.738704340600335,-3.4245241616415436,-5.661377016329444,1.055447533263611,-5.2269485090720295e-06,2.951090859147067e-06,-6.762144939807232e-06,-7.71676103669501e-06,3.062743852949851e-06,-6.778047488093588e-06
569,9.501999999999843,0.7770983576774597,0.8486708402633667,-0.38902124762535095,-0.032580021768808365,-0.6721275448799133,0.08982108533382416,-1.0,5.654866776,5.654866776,-2.827433388,-3.4552698103896375,-5.654866776,1.1851617622380504,0.0,0.0,0.0,0.0,0.0,0.0,0.9026463065627163,1.8292408033164407,-2.7390499525034344,-3.425193343155574,-5.661371438784769,1.0661119819932605,-6.180913660271643e-06,3.013617519045712e-06,-6.886748804407015e-06,-7.96647806310493e-06,3.3203774275793824e-06,-6.999717441804619e-06
570,9.519999999999849,0.7729916572570801,0.8463717103004456,-0.3926023244857788,-0.03539275750517845,-0.6733781099319458,0.09119528532028198,-1.0,5.654866776,5.654866776,-2.827433388,-3.461169783065751,-5.654866776,1.2003640163009415,0.0,0.0,0.0,0.0,0.0,0.0,0.902710565860777,1.829242044521288,-2.7394490989987172,-3.4264318666459275,-5.661363655361507,1.0784644250455921,-8.771865727452655e-06,2.726309126907898e-06,-8.111187392452463e-06,-1.2189536522644412e-05,2.932327857999313e-06,-8.332269597767472e-06
571,9.535999999999854,0.7689284086227417,0.8441255688667297,-0.3961350619792938,-0.03822734206914902,-0.6745168566703796,0.09249783307313919,-1.0,5.654866776,5.654866776,-2.827433388,-3.467542280988678,-5.654866776,1.2157834050742338,0.0,0.0,0.0,0.0,0.0,0.0,0.9027689350324487,1.8292417518518276,-2.739798145225432,-3.4279496771003664,-5.661360457881217,1.0897541683318113,-6.010430494560522e-06,2.9244445326286163e-06,-7.153771733160216e-06,-8.614712878605118e-06,3.0638470186669316e-06,-7.092038598813806e-06
572,9.55199999999986,0.764888346195221,0.8419167399406433,-0.39963898062705994,-0.04105879366397858,-0.675549328327179,0.09373758733272552,-1.0,5.654866776,5.654866776,-2.827433388,-3.474386781892463,-5.654866776,1.2314094608825992,0.0,0.0,0.0,0.0,0.0,0.0,0.9028280423273525,1.8292403478155737,-2.7401433408766227,-3.4299067965723737,-5.661357242095504,1.101400527974972,-6.782467435885102e-06,3.055066556804141e-06,-7.206756758649857e-06,-1.0665727921040502e-05,3.0515871705568907e-06,-7.2171808901649275e-06
573,9.569999999999865,0.7607734203338623,0.8397229313850403,-0.4031045138835907,-0.043890561908483505,-0.6765050888061523,0.0948704332113266,-1.0,5.654866776,5.654866776,-2.827433388,-3.4817033385626073,-5.654866776,1.2472243620989274,0.0,0.0,0.0,0.0,0.0,0.0,0.9028914761261264,1.8292417379294554,-2.740543690633431,-3.432599877804952,-5.661351758611373,1.1148177985843728,-8.305151329687025e-06,2.4139805490210464e-06,-8.204699396280538e-06,-1.0883219762125114e-05,2.5181980613846147e-06,-8.56289644254235e-06
574,9.58599999999987,0.7566981911659241,0.8375793099403381,-0.4065738022327423,-0.04672054946422577,-0.677351176738739,0.09593334794044495,-1.0,5.654866776,5.654866776,-2.827433388,-3.489491654158294,-5.654866776,1.2632164512005997,0.0,0.0,0.0,0.0,0.0,0.0,0.902949209600765,1.8292414182464423,-2.7408936671340345,-3.435411973026284,-5.661351155996374,1.1270186286166222,-6.849506871162784e-06,2.8424512066925e-06,-7.560290073414349e-06,-1.0939661769078785e-05,2.557615706491117e-06,-7.477020365357456e-06
575,9.601999999999876,0.7525712251663208,0.8354619741439819,-0.41000896692276,-0.04955349117517471,-0.6781143546104431,0.09688006341457367,-1.0,5.654866776,5.654866776,-2.827433388,-3.4977522211371954,-5.654866776,1.279366357771809,0.0,0.0,0.0,0.0,0.0,0.0,0.9030077409697388,1.8292398217874712,-2.74123965858096,-3.4386733639770735,-5.6613504615037575,1.139544244702396,-6.232132487494346e-06,2.8244627983598744e-06,-7.180711211860656e-06,-1.1372723175875671e-05,2.6306559548694363e-06,-7.140210772476447e-06
576,9.619999999999882,0.7484250068664551,0.8333826661109924,-0.4133964478969574,-0.05237628147006035,-0.6787851452827454,0.09771689027547836,-1.0,5.654866776,5.654866776,-2.827433388,-3.5064833472582544,-5.654866776,1.2956557633807313,0.0,0.0,0.0,0.0,0.0,0.0,0.9030703178536982,1.8292414535694734,-2.741641897443962,-3.442837736884119,-5.661347404836006,1.153908194894307,-8.916012966881642e-06,2.343686368204758e-06,-8.553001119500713e-06,-1.41880740151095e-05,2.1973982679021457e-06,-9.148818749885397e-06
577,9.635999999999887,0.7442732453346252,0.8313448429107666,-0.4167276620864868,-0.055175457149744034,-0.6793531775474548,0.09845096617937088,-1.0,5.654866776,5.654866776,-2.827433388,-3.5156810959651166,-5.654866776,1.3120675394428325,0.0,0.0,0.0,0.0,0.0,0.0,0.9031273616847486,1.82924112609117,-2.7419932549024275,-3.4469573419560806,-5.661349440802474,1.166911680996155,-7.234133314694104e-06,2.8861496494441504e-06,-7.878931939874682e-06,-9.671431559590058e-06,2.5871898408621546e-06,-7.859397681426063e-06
578,9.651999999999893,0.7401218414306641,0.8293482661247253,-0.41999292373657227,-0.0579429529607296,-0.6798205375671387,0.09908443689346313,-1.0,5.654866776,5.654866776,-2.827433388,-3.52534018622367,-5.654866776,1.3285849150729727,0.0,0.0,0.0,0.0,0.0,0.0,0.9031852420548544,1.8292393513628225,-2.7423405187796726,-3.4515338554807076,-5.661351281350514,1.1802041766913756,-7.480484925333251e-06,3.035132391384049e-06,-7.721071059682377e-06,-1.568030098868872e-05,2.1804481850394447e-06,-7.68620895703633e-06
579,9.669999999999899,0.7360391020774841,0.8274120092391968,-0.42322179675102234,-0.060671452432870865,-0.6801719069480896,0.09965570271015167,-1.0,5.654866776,5.654866776,-2.827433388,-3.5354541173442295,-5.654866776,1.345197520714755,0.0,0.0,0.0,0.0,0.0,0.0,0.9032468963460049,1.8292412677913465,-2.742744937614601,-3.45717787289742,-5.6613506294127465,1.1953854525386762,-9.11890721296909e-06,2.445128189205559e-06,-8.850453769401083e-06,-1.4144011164429118e-05,2.232612848049506e-06,-9.800358342694835e-06
580,9.685999999999904,0.7319157123565674,0.8255103230476379,-0.4264100193977356,-0.06338220834732056,-0.6804394721984863,0.10012580454349518,-1.0,5.654866776,5.654866776,-2.827433388,-3.546019931475728,-5.654866776,1.3618884923321557,0.0,0.0,0.0,0.0,0.0,0.0,0.9033031899061769,1.8292409536022718,-2.7430978833497455,-3.462608601406376,-5.661355233083727,1.2090750886839345,-8.43835417401503e-06,3.069032719112667e-06,-8.436917948773246e-06,-1.444455507070956e-05,2.1264107102220986e-06,-8.562813502044286e-06
581,9.70199999999991,0.7277854084968567,0.8236508369445801,-0.4294854998588562,-0.06605254113674164,-0.6806174516677856,0.10047368705272675,-1.0,5.654866776,5.654866776,-2.827433388,-3.557030890083223,-5.654866776,1.3786374559638452,0.0,0.0,0.0,0.0,0.0,0.0,0.9033603710469982,1.8292390109351995,-2.7434465471246416,-3.468499808868916,-5.661359496857897,1.2230163626044508,-7.5299798388741836e-06,3.1060602371055414e-06,-7.963031815719611e-06,-1.3491565987710064e-05,2.3696979512329716e-06,-8.027357279388942e-06
582,9.719999999999915,0.7235857248306274,0.8218395709991455,-0.43267837166786194,-0.06874231994152069,-0.6807060241699219,0.10078307241201401,-1.0,5.654866776,5.654866776,-2.827433388,-3.5684902348174745,-5.654866776,1.395437994134928,0.0,0.0,0.0,0.0,0.0,0.0,0.9034210594399505,1.8292412012351802,-2.743853119558504,-3.4756195371921166,-5.661361172997077,1.2388812181471374,-9.952216864727387e-06,2.6810457843780167e-06,-9.28415044078397e-06,-1.9213707729677794e-05,1.771217346847059e-06,-1.069477276771601e-05
583,9.73599999999992,0.7194541692733765,0.8200790882110596,-0.43550145626068115,-0.07136497646570206,-0.6807341575622559,0.10084974765777588,-1.0,5.654866776,5.654866776,-2.827433388,-3.580386776394307,-5.654866776,1.4122496470694792,0.0,0.0,0.0,0.0,0.0,0.0,0.903476531995103,1.8292408949168029,-2.7442077290677753,-3.4823553273852674,-5.661368194257331,1.2531354696785113,-8.280352614247729e-06,3.111036681896246e-06,-8.622366810879639e-06,-1.193375243665901e-05,2.40200154236074e-06,-9.013870099491382e-06
584,9.751999999999926,0.7154219746589661,0.8183775544166565,-0.4382324516773224,-0.07386776059865952,-0.6806314587593079,0.10089738667011261,-1.0,5.654866776,5.654866776,-2.827433388,-3.5927005320861034,-5.654866776,1.429069241427387,0.0,0.0,0.0,0.0,0.0,0.0,0.903532918028983,1.8292387996550308,-2.7445580093577315,-3.489551823727827,-5.66137472958783,1.2676007416485526,-8.474719909158258e-06,3.290940486433552e-06,-8.45237751001429e-06,-1.73351199338941e-05,1.7077939233204212e-06,-8.68968650291089e-06
585,9.769999999999932,0.7111887335777283,0.8167130351066589,-0.4414028227329254,-0.07646506279706955,-0.6804391741752625,0.1010272204875946,-1.0,5.654866776,5.654866776,-2.827433388,-3.605447258054375,-5.654866776,1.445910479082669,0.0,0.0,0.0,0.0,0.0,0.0,0.9035925720665493,1.8292412931217534,-2.744966659452609,-3.4981323655923924,-5.6613785232148714,1.2840074589484423,-9.820372262160958e-06,2.831126417714697e-06,-9.470953170110878e-06,-1.9520304506024287e-05,1.6606711158167182e-06,-1.1470038009266101e-05
586,9.785999999999937,0.7066718339920044,0.8151513934135437,-0.44539356231689453,-0.07944737374782562,-0.6802022457122803,0.10123977065086365,-1.0,5.654866776,5.654866776,-2.827433388,-3.6186911352581377,-5.654866776,1.4627871488501678,0.0,0.0,0.0,0.0,0.0,0.0,0.9036473450991415,1.8292408049342017,-2.7453223723353912,-3.5061621245201757,-5.661387873406409,1.2987067582851404,-9.201971623347626e-06,3.348909733050866e-06,-9.063588274673926e-06,-1.7129265923081937e-05,1.9776525339190737e-06,-9.769470077775544e-06
587,9.801999999999943,0.7022975087165833,0.8136978149414062,-0.44865474104881287,-0.08253596723079681,-0.6800413727760315,0.1008848249912262,-1.0,5.654866776,5.654866776,-2.827433388,-3.6324498809955115,-5.654866776,1.4796046491762052,0.0,0.0,0.0,0.0,0.0,0.0,0.9037031539780866,1.829238199018303,-2.745673834666701,-3.5146645932516454,-5.661396712326659,1.3135803615487607,-8.637357929017775e-06,3.525787662085689e-06,-8.668496580782029e-06,-1.7929309123918117e-05,1.976704096402395e-06,-9.116112842243022e-06
588,9.819999999999949,0.6983344554901123,0.8122924566268921,-0.4507535696029663,-0.08518955111503601,-0.6797971725463867,0.10018034279346466,-1.0,5.654866776,5.654866776,-2.827433388,-3.646650979166388,-5.654866776,1.4963047123198756,0.0,0.0,0.0,0.0,0.0,0.0,0.903761845903486,1.8292408708281578,-2.746085239235852,-3.5247223667324206,-5.661402589474544,1.3303934428496513,-1.0374961455213752e-05,3.212549726151044e-06,-9.800184268825116e-06,-2.334928570868856e-05,1.3892867761759606e-06,-1.4727451248701948e-05
589,9.835999999999954,0.6942009925842285,0.8108909130096436,-0.4536587595939636,-0.08770868927240372,-0.6793103218078613,0.09998796880245209,-1.0,5.654866776,5.654866776,-2.827433388,-3.661272017668098,-5.654866776,1.5129727067192444,0.0,0.0,0.0,0.0,0.0,0.0,0.903815715936242,1.8292405112400691,-2.7464436870366495,-3.5340630857352204,-5.661413948279796,1.3454053474898344,-9.17736654274187e-06,3.541784694626033e-06,-9.276056567040374e-06,-1.6856536308399264e-05,2.04354275301652e-06,-1.0943422338208104e-05
590,9.85199999999996,0.690114438533783,0.8095390796661377,-0.45615845918655396,-0.09022006392478943,-0.6788434982299805,0.09947545826435089,-1.0,5.654866776,5.654866776,-2.827433388,-3.6763117023243606,-5.654866776,1.5295552656119118,0.0,0.0,0.0,0.0,0.0,0.0,0.9038706212950908,1.8292379616740422,-2.746797778391704,-3.54387532306544,-5.661424485430744,1.3605464994574372,-9.064736733625187e-06,3.732411695451564e-06,-9.03454453016836e-06,-2.0252539991490896e-05,1.471831974887374e-06,-9.667214808401778e-06
591,9.869999999999965,0.6862234473228455,0.808241069316864,-0.45806998014450073,-0.09250395745038986,-0.6783204674720764,0.09873104840517044,-1.0,5.654866776,5.654866776,-2.827433388,-3.6917321120313407,-5.654866776,1.5460137313810538,0.0,0.0,0.0,0.0,0.0,0.0,0.903928169321342,1.8292411809662592,-2.74721156672745,-3.555392942197642,-5.661431746706534,1.3776120385522361,-1.015398422601825e-05,3.4338099382411625e-06,-9.942228311274431e-06,-2.53360771016692e-05,1.0652322072024324e-06,-1.5714898917485762e-05
592,9.88599999999997,0.6816937923431396,0.8069450259208679,-0.46163061261177063,-0.09495451301336288,-0.6775108575820923,0.09862609952688217,-1.0,5.654866776,5.654866776,-2.827433388,-3.7075610293506682,-5.654866776,1.562454702172185,0.0,0.0,0.0,0.0,0.0,0.0,0.9039811585571005,1.8292408570680505,-2.747571155104329,-3.5660165388031895,-5.6614445282222645,1.3928101609197105,-9.218890961561971e-06,3.6952037368767856e-06,-9.473512065421246e-06,-1.8446025626717517e-05,1.8681090179541538e-06,-1.1715605737612739e-05
593,9.901999999999976,0.6771778464317322,0.8057546615600586,-0.4643498957157135,-0.09772132337093353,-0.677058219909668,0.0977034941315651,-1.0,5.654866776,5.654866776,-2.827433388,-3.7238511739566027,-5.654866776,1.578741874643917,0.0,0.0,0.0,0.0,0.0,0.0,0.9040352458526404,1.82923798918852,-2.747926252228673,-3.5771093031725814,-5.661456373408395,1.4080979656184702,-9.145348279772284e-06,3.931949975588623e-06,-9.246842157684035e-06,-2.153940242443589e-05,1.2453516958318412e-06,-1.0287307109803303e-05
594,9.919999999999982,0.6733156442642212,0.8047735691070557,-0.46640652418136597,-0.1004037857055664,-0.6765233874320984,0.09657464921474457,-1.0,5.654866776,5.654866776,-2.827433388,-3.7405884850337205,-5.654866776,1.5948408686680149,0.0,0.0,0.0,0.0,0.0,0.0,0.9040917661834589,1.8292412936682443,-2.7483413339132285,-3.590064992044829,-5.661464739346084,1.4252810108250844,-9.719860302595177e-06,3.687032760547219e-06,-9.989418724466247e-06,-2.7197074634999936e-05,7.273318000118991e-07,-1.6611515116898898e-05
595,9.935999999999988,0.6694641709327698,0.8038132190704346,-0.4686105251312256,-0.10285414755344391,-0.6757689118385315,0.09570249170064926,-1.0,5.654866776,5.654866776,-2.827433388,-3.7577342714308797,-5.654866776,1.610794474034513,0.0,0.0,0.0,0.0,0.0,0.0,0.9041437523776817,1.8292408812933352,-2.7487025729167156,-3.60196292080363,-5.66147863838528,1.440534513350785,-9.414594303539442e-06,3.91350232809115e-06,-9.684166749252805e-06,-2.1970839747512037e-05,1.5923268026943985e-06,-1.2534013459555008e-05
596,9.951999999999993,0.6655706167221069,0.8028620481491089,-0.4706466495990753,-0.10510171949863434,-0.6748756766319275,0.09478654712438583,-1.0,5.654866776,5.654866776,-2.827433388,-3.7752547280713022,-5.654866776,1.626595391440148,0.0,0.0,0.0,0.0,0.0,0.0,0.9041968859841896,1.8292379113213442,-2.749059527144078,-3.614328028331329,-5.661491231548408,1.4558331194915328,-9.23654811417304e-06,4.193772351433651e-06,-9.445276731752641e-06,-2.3756928364221948e-05,1.2223975876446297e-06,-1.0992971782176509e-05
597,9.969999999999999,0.6617172360420227,0.8019469380378723,-0.4722474217414856,-0.10722840577363968,-0.6740639209747314,0.09363008290529251,-1.0,5.654866776,5.654866776,-2.827433388,-3.793129703313768,-5.654866776,1.6422035262604604,0.0,0.0,0.0,0.0,0.0,0.0,0.9042522152683578,1.8292417859875194,-2.7494762040423204,-3.6286983416180125,-5.661499842820554,1.472981969443996,-9.226065552369882e-06,3.966238208335056e-06,-1.004455465322477e-05,-2.923253348503096e-05,4.054765087980326e-07,-1.764649214307445e-05
598,9.986000000000004,0.6580298542976379,0.801110565662384,-0.4736526906490326,-0.10921893268823624,-0.6731905937194824,0.09243036061525345,-1.0,5.654866776,5.654866776,-2.827433388,-3.811336499392897,-5.654866776,1.6576116673750232,0.0,0.0,0.0,0.0,0.0,0.0,0.9043030809099126,1.829241628973251,-2.7498383243566673,-3.641831557878701,-5.661513923779254,1.4881629420872027,-8.864349328579432e-06,4.011530274528185e-06,-9.718591820232951e-06,-2.1618955705270062e-05,1.425838917258993e-06,-1.3332811341462219e-05
