step,sim_time,action_0,action_1,action_2,action_3,action_4,action_5,action_6,target_0,target_1,target_2,target_3,target_4,target_5,target_6,target_7,target_8,target_9,target_10,target_11,q_0,q_1,q_2,q_3,q_4,q_5,q_6,q_7,q_8,q_9,q_10,q_11
0,0.018000000000000002,-0.4336186647415161,-0.19411467015743256,0.05035417899489403,-0.13729028403759003,-0.37424546480178833,0.007154237478971481,-0.3646183907985687,-1.5713518555555557,-1.5713518555555557,-1.5702407444444444,-1.5713518555555557,1.5702407444444444,0.00011923729131619135,0.22873737931251525,-0.22873737931251525,0.22873737931251525,0.22873737931251525,-0.22873737931251525,0.22873737931251525,-1.5708021100666574,-1.5707937807322179,-1.5706763440141085,-1.570813834540778,1.5707487588907738,1.0867495498255547e-05,0.027873362206953422,-0.027314773346492925,0.028318339119263278,0.02784376998959634,-0.027308058358091768,0.028319512714902628
1,0.034000000000000016,-0.42543843388557434,-0.19616343080997467,0.06136709451675415,-0.13981211185455322,-0.3778572678565979,0.007053392939269543,-0.3749473989009857,-1.5724629666666667,-1.5724629666666667,-1.5692179595358318,-1.5724629666666667,1.5691296333333333,0.00023679384030401708,0.22501893639564513,-0.22501893639564513,0.22501893639564513,0.22501893639564513,-0.22501893639564513,0.22501893639564513,-1.5708334911909654,-1.5708134364664388,-1.570559531876636,-1.570947652460452,1.5706246232459382,2.922044331133385e-05,0.04899103956456533,-0.04910228056541291,0.04897392501153104,0.04901577956204556,-0.0491018642187948,0.048977335499457035
2,0.05000000000000003,-0.4225039780139923,-0.19704322516918182,0.06383932381868362,-0.14055126905441284,-0.378848135471344,0.007025270722806454,-0.37848156690597534,-1.5741296333333334,-1.5741296333333334,-1.5681539708055203,-1.5741296333333334,1.5674629666666666,0.0003538816856841246,0.22374663591384886,-0.22374663591384886,0.22374663591384886,0.22374663591384886,-0.22374663591384886,0.22374663591384886,-1.570919954133478,-1.570882627116909,-1.5703814847471227,-1.571208890213375,1.5703797119567808,5.5545073133534945e-05,0.06805753048500501,-0.06820598153652384,0.06794267228797707,0.06808010544707296,-0.06820901960487027,0.06794811516853747
3,0.06800000000000005,-0.41954338550567627,-0.19824251532554626,0.06602261960506439,-0.14155849814414978,-0.3797232210636139,0.0072768814861774445,-0.3820234537124634,-1.5763518555555556,-1.5763518555555556,-1.5670535938121026,-1.5763518555555556,1.5652407444444445,0.00047516304378708205,0.22247155666351318,-0.22247155666351318,0.22247155666351318,0.22247155666351318,-0.22247155666351318,0.22247155666351318,-1.5711209758683062,-1.5710500526516646,-1.5700760155378417,-1.5716795185132957,1.5699290879561587,9.358455631896125e-05,0.08716714018606266,-0.08727240206273472,0.08710410251640999,0.08718555613333903,-0.08727332734286454,0.08710988381524151
4,0.08400000000000006,-0.4185616374015808,-0.19830872118473053,0.06773129105567932,-0.14186985790729523,-0.38040459156036377,0.0069876424968242645,-0.38307666778564453,-1.5791296333333333,-1.5791296333333333,-1.5659247389611746,-1.5787163531873438,1.5624629666666667,0.0005916237520674865,0.22209239959716795,-0.22209239959716795,0.22209239959716795,0.22209239959716795,-0.22209239959716795,0.22209239959716795,-1.5714208182522618,-1.5712992360577818,-1.5697004650972706,-1.5722506771751206,1.569341991267027,0.0001338715384822112,0.10239334638743063,-0.10248455557629925,0.10235427969579379,0.10241693733177674,-0.10248447459945972,0.10236232976420451
5,0.10000000000000007,-0.41858774423599243,-0.19839157164096832,0.06780436635017395,-0.14199398458003998,-0.3804648220539093,0.006987548433244228,-0.38271626830101013,-1.5824629666666667,-1.5824361595273495,-1.5647946661886716,-1.581082919597011,1.5591296333333333,0.000708082892621557,0.22222214341163635,-0.22222214341163635,0.22222214341163635,0.22222214341163635,-0.22222214341163635,0.22222214341163635,-1.5718700001869432,-1.5716684372692105,-1.5692147773561747,-1.5729651244542713,1.5685353330346523,0.0001802562435976586,0.11618502788242187,-0.11626886918825527,0.11615138152006521,0.1162122512801927,-0.11626942301328878,0.11616134204397985
6,0.11800000000000009,-0.4186011254787445,-0.1984773725271225,0.06787911057472229,-0.1421506404876709,-0.380532443523407,0.0070128669030964375,-0.3823038637638092,-1.5863518555555556,-1.585744115736135,-1.5636633476790929,-1.5834520969384722,1.5552407444444445,0.0008249640076731643,0.22237060904502867,-0.22237060904502867,0.22237060904502867,0.22237060904502867,-0.22237060904502867,0.22237060904502867,-1.572593120091521,-1.572250150974506,-1.5685400052034666,-1.5739103671584025,1.567352704912688,0.0002385147003278696,0.13015486996485726,-0.13022909403603614,0.13012228250845878,0.13017773284340603,-0.13023075033186868,0.13013113636092205
7,0.1340000000000001,-0.4186289310455322,-0.1985839456319809,0.0679505467414856,-0.14232638478279114,-0.38059404492378235,0.00704990653321147,-0.3817659318447113,-1.5907963,-1.5890538481633347,-1.5625308385667347,-1.5858242033515186,1.5507963,0.0009424624498933555,0.22256426453590392,-0.22256426453590392,0.22256426453590392,0.22256426453590392,-0.22256426453590392,0.22256426453590392,-1.573451781668055,-1.5729229531406252,-1.5678409826788817,-1.5748633389298161,1.5660343478892136,0.0002953248494524932,0.14133061575102307,-0.14140303095886936,0.1413040977649252,0.14136017858429065,-0.1414036084857024,0.14131557519979485
8,0.1500000000000001,-0.4192729890346527,-0.19856224954128265,0.06689892709255219,-0.1422916203737259,-0.3802991807460785,0.00714299688115716,-0.3803747296333313,-1.5957963,-1.5923632189890227,-1.5614158564485254,-1.5881957303577474,1.5457963000000001,0.0010615123979126413,0.22306509733200072,-0.22306509733200072,0.22306509733200072,0.22306509733200072,-0.22306509733200072,0.22306509733200072,-1.5745441362943007,-1.573754209645317,-1.5670536690732504,-1.5759261772872317,1.5644185273371485,0.0003571167085443404,0.15149467104549214,-0.15156246055405012,0.15147353250845486,0.15152817287448417,-0.15156369549610485,0.15148698761554624
9,0.16800000000000012,-0.41901376843452454,-0.1990058720111847,0.06929454207420349,-0.14317481219768524,-0.3804033398628235,0.007172954734414816,-0.3802875876426697,-1.6013518555555555,-1.5956799835225424,-1.5602609474139553,-1.5905819772277088,1.5402407444444446,0.0011810616434862215,0.2230964684486389,-0.2230964684486389,0.2230964684486389,0.2230964684486389,-0.2230964684486389,0.2230964684486389,-1.5760859049786478,-1.5748868121593584,-1.5660779657368031,-1.57723080392091,1.5622493418999501,0.00043148336115725815,0.16178237195648784,-0.16184121123636305,0.16176037734212473,0.16180753951043964,-0.1618439104669253,0.16177114312616195
10,0.18400000000000014,-0.42010095715522766,-0.19908607006072998,0.06788164377212524,-0.14316225051879883,-0.3798864781856537,0.00732786301523447,-0.37886881828308105,-1.6074629666666667,-1.5989980846902212,-1.55912958668442,-1.5929680147363554,1.5341296333333334,0.0013031926937401295,0.2236072254180908,-0.2236072254180908,0.2236072254180908,0.2236072254180908,-0.2236072254180908,0.2236072254180908,-1.5777490958828304,-1.5760662265765273,-1.5651505946177464,-1.5784776300948262,1.5599932430085135,0.0005017784380302336,0.17004956676533883,-0.1701078374574975,0.17003415593847557,0.17008268554010997,-0.17010891867046862,0.17004794678843954
11,0.20000000000000015,-0.4209781289100647,-0.19893589615821838,0.06610244512557983,-0.14283327758312225,-0.37943363189697266,0.007314346730709076,-0.3774951696395874,-1.6141296333333333,-1.6023136829595248,-1.5580278792656603,-1.5953485693627407,1.527805739468384,0.0014250984725852807,0.22410173892974852,-0.22410173892974852,0.22410173892974852,0.22410173892974852,-0.22410173892974852,0.22410173892974852,-1.5797157195388525,-1.577413207833437,-1.5641724223563742,-1.5798125777066365,1.5574060168943453,0.000576197984709241,0.17758311711132965,-0.1776373576338086,0.17757050838666502,0.17761713554764488,-0.17763935571995032,0.1775850180770805
12,0.21800000000000017,-0.42187750339508057,-0.1987442970275879,0.0641946792602539,-0.14245173335075378,-0.37895289063453674,0.0072917635552585125,-0.37605923414230347,-1.6207962999999999,-1.6056260879099846,-1.5569579679446561,-1.5977227649185866,1.5214898579578082,0.0015466278651729225,0.22461867570877075,-0.22461867570877075,0.22461867570877075,0.22461867570877075,-0.22461867570877075,0.22461867570877075,-1.5823131212990489,-1.5791275860011234,-1.5630285321722592,-1.581397578216127,1.5541637817136855,0.0006638068098987192,0.1852723291587654,-0.18531372767657125,0.18525616586075627,0.18529005164955165,-0.18531718197756764,0.18526461457903773
13,0.23400000000000018,-0.4228794276714325,-0.19852083921432495,0.06207127869129181,-0.14202556014060974,-0.3784027695655823,0.007264257408678532,-0.37445202469825745,-1.6274629666666665,-1.6089347685635567,-1.5559234466331346,-1.6000898575875968,1.5151831451317153,0.0016676988219842313,0.2251972711086273,-0.2251972711086273,0.2251972711086273,0.2251972711086273,-0.2251972711086273,0.2251972711086273,-1.5849569174919265,-1.5808159350505697,-1.5619951860264905,-1.5828730148790155,1.5510159591652417,0.0007448784735644638,0.19146823531427354,-0.19150944869513978,0.1914560649695718,0.19148974734782281,-0.19151089960520176,0.19146554807046826
14,0.25000000000000017,-0.42388787865638733,-0.1983204483985901,0.06002730876207352,-0.14164504408836365,-0.37786808609962463,0.007265374530106783,-0.3728749454021454,-1.634129633333333,-1.6122401093702,-1.5549229914871001,-1.6024506083224028,1.5088853436967216,0.001788788397486011,0.22576501965522766,-0.22576501965522766,0.22576501965522766,0.22576501965522766,-0.22576501965522766,0.22576501965522766,-1.5879176101062504,-1.582655537436666,-1.5609523456819276,-1.5844192590149804,1.5476080296089223,0.0008292577332874751,0.1971347712966044,-0.1971726891562521,0.1971244308204189,0.19715621869170893,-0.19717507771908205,0.19713404711817625
15,0.2680000000000002,-0.42494139075279236,-0.19813299179077148,0.05794903263449669,-0.14128181338310242,-0.3773244321346283,0.007302459795027971,-0.3712555766105652,-1.6407962999999997,-1.615542325900046,-1.5539571742765252,-1.6048053052121212,1.5025966031611444,0.0019104960607364773,0.22634799242019651,-0.22634799242019651,0.22634799242019651,0.22634799242019651,-0.22634799242019651,0.22634799242019651,-1.5916201028287527,-1.584897209393255,-1.5597818797558165,-1.5862235788550456,1.5435222804463666,0.0009272297713042919,0.20294254175187024,-0.2029692373460966,0.20292846835777892,0.202948929926224,-0.20297320313034328,0.20293237986674012
16,0.2840000000000002,-0.4260939955711365,-0.1979375183582306,0.05570771545171738,-0.14089860022068024,-0.3767310082912445,0.00735701248049736,-0.36954963207244873,-1.6474629666666663,-1.6188412845393498,-1.5530287123523299,-1.6071536152157992,1.496317753022957,0.0020331129354114333,0.22696213245391844,-0.22696213245391844,0.22696213245391844,0.22696213245391844,-0.22696213245391844,0.22696213245391844,-1.5952157912184435,-1.587026918017317,-1.5587603468521554,-1.5878789039485794,1.539690427234971,0.0010169119654655453,0.2076390964935916,-0.20766696774215074,0.2076287430164585,0.2076503743134798,-0.2076689700246314,0.2076341400409555
17,0.3000000000000002,-0.42721015214920044,-0.1977621167898178,0.05357946455478668,-0.14054200053215027,-0.3761671781539917,0.007425773423165083,-0.3679591715335846,-1.6541296333333328,-1.6221373198191802,-1.5521357212764169,-1.609495981891335,1.490048300053724,0.002156875825797518,0.22753469824790953,-0.22753469824790953,0.22753469824790953,0.22753469824790953,-0.22753469824790953,0.22753469824790953,-1.5990872731654426,-1.5892804981162885,-1.5577570381834334,-1.5895915589101897,1.5356558450246083,0.0011094612723552316,0.21194996189468873,-0.21197578037875323,0.21194110861859708,0.21196203976812236,-0.21197867765599457,0.21194698915985605
18,0.3180000000000002,-0.42831951379776,-0.1976008266210556,0.051479537039995193,-0.1401965320110321,-0.3756192922592163,0.0074967285618186,-0.36639904975891113,-1.6607962999999994,-1.625430666929531,-1.551277728992417,-1.6118325907581856,1.4837879785160704,0.0022818213018278278,0.22809634208679197,-0.22809634208679197,0.22809634208679197,0.22809634208679197,-0.22809634208679197,0.22809634208679197,-1.6037554258697189,-1.5919546282900747,-1.556657295055287,-1.5915680091439128,1.5309282740179893,0.0012161559132183115,0.2163841504563402,-0.21639996185578939,0.21637126799297896,0.21638198606837286,-0.2164043681950063,0.21637172235561616
19,0.33400000000000024,-0.42945778369903564,-0.19743473827838898,0.04933106154203415,-0.13984200358390808,-0.3750501275062561,0.007572995498776436,-0.364803671836853,-1.667462966666666,-1.6287212459008376,-1.550455544633383,-1.6141632908179175,1.4775371430576327,0.0024080378934741016,0.2286706781387329,-0.2286706781387329,0.2286706781387329,0.2286706781387329,-0.2286706781387329,0.2286706781387329,-1.6081518318951882,-1.594439561506538,-1.5557161084261826,-1.5933636400319506,1.526577600301456,0.0013132289458962117,0.21997902875340306,-0.21999703772985585,0.21996966073470903,0.21998249130492453,-0.2199994332432701,0.21997189867866335
20,0.35000000000000026,-0.4305838644504547,-0.19727304577827454,0.047231316566467285,-0.1395052969455719,-0.3744814693927765,0.007663548458367586,-0.3632330596446991,-1.6741296333333326,-1.6320091299971422,-1.549668356023942,-1.6164883791003437,1.4712957852344197,0.002535763701113561,0.22923609852790833,-0.22923609852790833,0.22923609852790833,0.22923609852790833,-0.22923609852790833,0.22923609852790833,-1.6127670368096565,-1.5970214736569976,-1.5548052154048915,-1.5952050927106372,1.5220690901690317,0.0014128932710296544,0.22329277748201037,-0.22330948408976123,0.22328484204770654,0.22329770027868484,-0.22331274314476196,0.22328783197119045
21,0.36800000000000027,-0.4317467510700226,-0.19710403680801392,0.045063577592372894,-0.1391618698835373,-0.37388256192207336,0.007759494241327047,-0.3615999221801758,-1.6807962999999992,-1.6352941972772759,-1.5489172963974023,-1.6188077435984027,1.4650644092023852,0.0026650886051356785,0.2298240280151367,-0.2298240280151367,0.2298240280151367,0.2298240280151367,-0.2298240280151367,0.2298240280151367,-1.6182028161400035,-1.6000338745537883,-1.553819361257215,-1.5973135525061055,1.5168576213837817,0.0015272937035168141,0.22672178507967194,-0.22672923618328888,0.22670977287619137,0.22671310185385685,-0.22673396460385337,0.22670756044943818
22,0.3840000000000003,-0.43311288952827454,-0.19692814350128174,0.04248957335948944,-0.13874973356723785,-0.3731670379638672,0.007878144271671772,-0.35966756939888,-1.6874629666666658,-1.6385763330022973,-1.5482091368414108,-1.6211202391578567,1.4588449585696541,0.0027963910096635413,0.2305196750164032,-0.2305196750164032,0.2305196750164032,0.2305196750164032,-0.2305196750164032,0.2305196750164032,-1.6232210093832038,-1.602793007261686,-1.5529848876174497,-1.5992155586218022,1.5121172059894081,0.0016310291515682133,0.2295268061301187,-0.22953685114853492,0.22951840240685104,0.22952425994930745,-0.2295395358082626,0.22951819179814897
23,0.4000000000000003,-0.43435969948768616,-0.19677244126796722,0.040151335299015045,-0.1383809745311737,-0.37252339720726013,0.007989267818629742,-0.3579166829586029,-1.6941296333333324,-1.6418558736900968,-1.5475399479197605,-1.6234265887333763,1.4526362352828666,0.0029295454733073703,0.23114999413490295,-0.23114999413490295,0.23114999413490295,0.23114999413490295,-0.23114999413490295,0.23114999413490295,-1.6284025592942184,-1.6056251304524387,-1.55218397863705,-1.6011534645902417,1.5072540737909403,0.0017372426339672458,0.232132727102323,-0.23214233015663316,0.2321255443503894,0.23213215319077504,-0.23214585366327065,0.23212628679945552
24,0.4180000000000003,-0.43554189801216125,-0.19662721455097198,0.03793933987617493,-0.13803480565547943,-0.371916800737381,0.008097188547253609,-0.3562662899494171,-1.700796299999999,-1.645132993932613,-1.5469076255884908,-1.6257271688276342,1.4464376219372435,0.0030644986157615972,0.23174413561820983,-0.23174413561820983,0.23174413561820983,0.23174413561820983,-0.23174413561820983,0.23174413561820983,-1.6344120583302668,-1.6088916509548776,-1.5513238212090492,-1.603359528558619,1.5016820101229462,0.0018588670717420567,0.2348463967672925,-0.23484769404603084,0.23483484662633303,0.23483274608191196,-0.23485266007201966,0.2348305704606058
25,0.43400000000000033,-0.43672260642051697,-0.19648368656635284,0.0357266440987587,-0.13768918812274933,-0.371307373046875,0.008206724189221859,-0.3546231687068939,-1.7074629666666656,-1.648407722042052,-1.5463121815201781,-1.62802198862968,1.4402491657197956,0.003201277352248628,0.2323356592655182,-0.2323356592655182,0.2323356592655182,0.2323356592655182,-0.2323356592655182,0.2323356592655182,-1.6398871868679408,-1.6118537667535284,-1.5506010904428031,-1.6053394158424525,1.4966521387028073,0.0019688964493646912,0.23706849467007313,-0.23707330320809297,0.2370602295877166,0.23706143179920153,-0.23707620833385856,0.2370581375861772
26,0.45000000000000034,-0.43779632449150085,-0.19636204838752747,0.033734168857336044,-0.13738952577114105,-0.37076452374458313,0.008313331753015518,-0.35314178466796875,-1.7141296333333322,-1.651680422848511,-1.5457499453725558,-1.630311814059199,1.4340697569907193,0.0033398328814655534,0.23286895751953124,-0.23286895751953124,0.23286895751953124,0.23286895751953124,-0.23286895751953124,0.23286895751953124,-1.6454789342334226,-1.614868500458666,-1.5499109355425822,-1.6073473818308193,1.4915263201510698,0.002081312524534897,0.23913690233835738,-0.23914173331149566,0.2391298121039077,0.23913220372056412,-0.2391454594633789,0.2391288397421844
27,0.46800000000000036,-0.438810259103775,-0.1962500512599945,0.03185677155852318,-0.1371086835861206,-0.37025538086891174,0.00841590203344822,-0.3517483174800873,-1.7207962999999988,-1.6549512570361775,-1.5452189991799137,-1.6325969587856344,1.4278988339762373,0.003480097915356357,0.23337060570716858,-0.23337060570716858,0.23337060570716858,0.23337060570716858,-0.23337060570716858,0.23337060570716858,-1.6518981327367341,-1.6183176192600215,-1.5491730001030877,-1.6096238747621725,1.4856877282547483,0.002209771630318168,0.24129603013854042,-0.24129291819679924,0.24128463767260733,0.24127865242816438,-0.24129806290826822,0.241278795135154
28,0.4840000000000004,-0.43980535864830017,-0.1961430013179779,0.030005652457475662,-0.1368284523487091,-0.3697534203529358,0.008515387773513794,-0.3503822982311249,-1.7274629666666654,-1.6582203070581438,-1.5447189049722891,-1.6348774329914462,1.421736276970355,0.00362202104491492,0.23386237263679505,-0.23386237263679505,0.23386237263679505,0.23386237263679505,-0.23386237263679505,0.23386237263679505,-1.6576953459531485,-1.6214232196866054,-1.5485557300321031,-1.6116595796385593,1.480444336354,0.002325750305576815,0.24306441844503357,-0.24306526119475566,0.2430562645630887,0.24305396086812942,-0.24306833012694004,0.24305274637795177
29,0.5000000000000003,-0.44071146845817566,-0.19604888558387756,0.028321634978055954,-0.13657647371292114,-0.3693014681339264,0.008610808290541172,-0.3491416871547699,-1.734129633333332,-1.6614877884845418,-1.5442468777226548,-1.6371537075533282,1.4155812525014562,0.0037655345164239393,0.23430899262428284,-0.23430899262428284,0.23430899262428284,0.23430899262428284,-0.23430899262428284,0.23430899262428284,-1.6635729252549654,-1.6245648768359635,-1.547967640644424,-1.6137173921917172,1.4751251001251997,0.002444016450706678,0.24471327557840356,-0.24471445816522294,0.24470629040390318,0.24470548057231004,-0.24471833505767565,0.2447040189033742
30,0.5180000000000003,-0.4415685534477234,-0.1959587037563324,0.02672658860683441,-0.13633808493614197,-0.3688719868659973,0.008699817582964897,-0.34796544909477234,-1.7407962999999986,-1.6647537668804806,-1.5438014345792075,-1.6394260089689305,1.4094333860536896,0.003910531476140021,0.23473243832588195,-0.23473243832588195,0.23473243832588195,0.23473243832588195,-0.23473243832588195,0.23473243832588195,-1.6702743222371792,-1.6281383898928181,-1.5473399599227138,-1.6160435794728218,1.4690906360833134,0.0025788964130375428,0.246438862947954,-0.246432369310916,0.2464276226902592,0.24641868773199785,-0.24643764773299603,0.2464205928894745
31,0.5340000000000004,-0.44239193201065063,-0.19586962461471558,0.025179050862789154,-0.1360986977815628,-0.36845123767852783,0.008781412616372108,-0.34684422612190247,-1.7474629666666652,-1.6680182606240592,-1.5433817837314943,-1.6416943205986232,1.4032925320923808,0.004056888353079556,0.2351360785961151,-0.2351360785961151,0.2351360785961151,0.2351360785961151,-0.2351360785961151,0.2351360785961151,-1.6762909955373433,-1.6313395385276945,-1.5468161421281208,-1.6181183099521594,1.4636906319798022,0.00270043265631624,0.2478514384030258,-0.24784926022446122,0.24784338610443507,0.2478384344791064,-0.24785245190924524,0.2478387870590314
32,0.5500000000000004,-0.44314855337142944,-0.19578775763511658,0.023761523887515068,-0.13588082790374756,-0.3680689334869385,0.00885557010769844,-0.34581634402275085,-1.7541296333333318,-1.671281389917978,-1.542985758333369,-1.6439590010636858,1.3971580498675984,0.004204481188207863,0.2355061161518097,-0.2355061161518097,0.2355061161518097,0.2355061161518097,-0.2355061161518097,0.2355061161518097,-1.68236142415438,-1.6345636226260802,-1.5463172268582617,-1.6202106248041237,1.4582298034101207,0.002824119929273701,0.249170359099078,-0.24916876140882005,0.24916347074277975,0.24916024085951152,-0.24917275147872744,0.24916021488593157
33,0.5680000000000004,-0.4438644349575043,-0.19570961594581604,0.02242550440132618,-0.13567495346069336,-0.36771002411842346,0.008922678418457508,-0.34485191106796265,-1.7607962999999984,-1.6745432168504082,-1.5426119999266803,-1.6462202502880305,1.3910295494656246,0.0043531924951821545,0.23585331201553345,-0.23585331201553345,0.23585331201553345,0.23585331201553345,-0.23585331201553345,0.23585331201553345,-1.6892512999135878,-1.6382154048644986,-1.5457846552787364,-1.6225708293294185,1.4520522397825923,0.0029648902761964815,0.2505532351913401,-0.25054417458957223,0.25054212197348313,0.2505309615526024,-0.25054955367156473,0.2505341924442828
34,0.5840000000000004,-0.4445485472679138,-0.19563661515712738,0.021146686747670174,-0.13547557592391968,-0.36736467480659485,0.008984314277768135,-0.34393930435180664,-1.767462966666665,-1.677803827103027,-1.5422595551475524,-1.648478176553429,1.3849068048855147,0.00450293106647829,0.2361818504333496,-0.2361818504333496,0.2361818504333496,0.2361818504333496,-0.2361818504333496,0.2361818504333496,-1.6954131697187742,-1.6414744264906793,-1.5453405715036188,-1.6246719631946944,1.4465380408292343,0.003091470814190639,0.2516839870660947,-0.2516794972267577,0.2516760389286136,0.2516690743260947,-0.25168278114223297,0.2516706221592839
35,0.6000000000000004,-0.4451928436756134,-0.19556890428066254,0.01994832418859005,-0.13529126346111298,-0.367046058177948,0.00904320552945137,-0.34308478236198425,-1.7741296333333316,-1.6810633088410378,-1.5419270830777425,-1.6507330309444477,1.378789370582549,0.004653651158635813,0.23648947834968567,-0.23648947834968567,0.23648947834968567,0.23648947834968567,-0.23648947834968567,0.23648947834968567,-1.7016100757496415,-1.6447462490975475,-1.5449170710629787,-1.626787324226319,1.4409741590890992,0.0032200332411545848,0.25274140001232237,-0.2527376616695464,0.2527346225209758,0.2527295414037832,-0.25274173689397206,0.2527306232341056
36,0.6180000000000004,-0.4458031952381134,-0.19550666213035583,0.018814414739608765,-0.13511788845062256,-0.3667471706867218,0.009098644368350506,-0.34227919578552246,-1.7807962999999982,-1.684321753209877,-1.541613509498749,-1.652984995751958,1.3726769177377702,0.004805295231441654,0.2367794895172119,-0.2367794895172119,0.2367794895172119,0.2367794895172119,-0.2367794895172119,0.2367794895172119,-1.7086224377327797,-1.6484406682154236,-1.5444642910871997,-1.6291699286748191,1.434692648662902,0.0033660652960416588,0.25385304242124207,-0.2538419906978218,0.25384207209563625,0.25382919492308276,-0.2538474456898537,0.2538334625283452
37,0.6340000000000005,-0.44637495279312134,-0.1954510658979416,0.0177460964769125,-0.13495224714279175,-0.3664645254611969,0.009149324148893356,-0.3415308892726898,-1.7874629666666648,-1.6875792709748427,-1.541317741224134,-1.6552341998710045,1.3665691756467502,0.004957783967256543,0.23704887986183165,-0.23704887986183165,0.23704887986183165,0.23704887986183165,-0.23704887986183165,0.23704887986183165,-1.714877883557457,-1.6517287380267047,-1.5440866538179308,-1.6312881783312956,1.42909566165526,0.003497131701471898,0.2547607663554974,-0.25475449352557655,0.25475293447130565,0.2547444243711574,-0.2547578468560542,0.2547469006520591
38,0.6500000000000005,-0.4469277858734131,-0.19539988040924072,0.0167216993868351,-0.1347980946302414,-0.3662000894546509,0.00919946376234293,-0.3408131003379822,-1.7941296333333314,-1.69083593564833,-1.5410390462343533,-1.6574808347815084,1.360465840822506,0.005111108363295592,0.23730728387832642,-0.23730728387832642,0.23730728387832642,0.23730728387832642,-0.23730728387832642,0.23730728387832642,-1.7211556657829719,-1.655022018876007,-1.5437256876871164,-1.633418213063809,1.4234572121284153,0.003630016972616391,0.25561124450511297,-0.2556058580084236,0.2556045835071044,0.2555980837274069,-0.25560999760901204,0.2556000242427263
39,0.6680000000000005,-0.4474533796310425,-0.19535304605960846,0.01574777252972126,-0.13465292751789093,-0.3659481704235077,0.009247558191418648,-0.34012988209724426,-1.800796299999998,-1.6940918197493235,-1.540776583358858,-1.65972505024014,1.354366704648781,0.0052652343331525695,0.23755324244499207,-0.23755324244499207,0.23755324244499207,0.23755324244499207,-0.23755324244499207,0.23755324244499207,-1.7282457102464446,-1.6587323874892363,-1.543338794650801,-1.635814785187431,1.4171006491453761,0.0037807056357510474,0.2565084002338904,-0.2564958125052718,0.25649757094060927,0.2564833722786079,-0.25650132512401197,0.25648844815802774
40,0.6840000000000005,-0.4479357898235321,-0.19531166553497314,0.014845503494143486,-0.13451480865478516,-0.36571168899536133,0.009290513582527637,-0.33950600028038025,-1.8074629666666646,-1.6973470141749065,-1.5405291583006222,-1.6619669637177197,1.3482715098321918,0.005420076226194697,0.2377778398990631,-0.2377778398990631,0.2377778398990631,0.2377778398990631,-0.2377778398990631,0.2377778398990631,-1.734560088944911,-1.662028190688324,-1.5430158515828818,-1.637943456004493,1.4114440254684797,0.003915737426035133,0.257239968389907,-0.2572323183645112,0.2572322565915197,0.2572225548896347,-0.2572357240618903,0.2572257576649674
41,0.7000000000000005,-0.4484189450740814,-0.19526906311511993,0.013953208923339844,-0.13438229262828827,-0.36548131704330444,0.009334622882306576,-0.3388851284980774,-1.8141296333333312,-1.7006014985601585,-1.5402966048185665,-1.6642066685948578,1.3421801545481367,0.0055756532742331395,0.23800135374069212,-0.23800135374069212,0.23800135374069212,0.23800135374069212,-0.23800135374069212,0.23800135374069212,-1.7408884676519425,-1.6653237551953122,-1.5427062713801407,-1.6400821645739838,1.4057520004376272,0.004052441636525799,0.2579274306077715,-0.2579207641383932,0.25792089167124577,0.2579132919375505,-0.2579249524532969,0.2579159103765859
42,0.7180000000000005,-0.44887927174568176,-0.19522957503795624,0.013103596866130829,-0.13425666093826294,-0.3652638792991638,0.009376478381454945,-0.33829525113105774,-1.8207962999999978,-1.703855324810791,-1.5400782115374643,-1.6664442796104955,1.336092423226484,0.005731927913924055,0.2382137095928192,-0.2382137095928192,0.2382137095928192,0.2382137095928192,-0.2382137095928192,0.2382137095928192,-1.748026770970696,-1.6690309083428956,-1.5423734820996453,-1.642486692758625,1.399341679525481,0.004207241694224946,0.2586557381953294,-0.258641968197755,0.2586450405823324,0.2586298216003243,-0.25864752466821467,0.2586355299066562
43,0.7340000000000005,-0.4492957592010498,-0.19519780576229095,0.012329268269240856,-0.1341402381658554,-0.36506518721580505,0.009413063526153564,-0.3377702236175537,-1.8274629666666644,-1.7071086215734959,-1.539872723732977,-1.668679950246593,1.3300080034395538,0.005888812306026614,0.23840271949768066,-0.23840271949768066,0.23840271949768066,0.23840271949768066,-0.23840271949768066,0.23840271949768066,-1.7543775754999917,-1.672319409741183,-1.542095467514365,-1.644621035949317,1.3936424796622622,0.004345773438548974,0.25924859336657186,-0.25923989010308945,0.2592409906650522,0.25923037471939436,-0.2592433355175352,0.25923414107658166
44,0.7500000000000006,-0.44956260919570923,-0.1951824128627777,0.011834191158413887,-0.1340676248073578,-0.36494338512420654,0.00944014173001051,-0.33744531869888306,-1.834129633333331,-1.7103616617878754,-1.5396754872136702,-1.6709144106600489,1.3239256136874837,0.006046148001526789,0.2385196852684021,-0.2385196852684021,0.2385196852684021,0.2385196852684021,-0.2385196852684021,0.2385196852684021,-1.7607370896154833,-1.675604029160856,-1.5418280891918172,-1.646764296263946,1.3879122365488155,0.004485830830234983,0.25979901977855685,-0.2597916386695646,0.25979242120475166,0.2597841765124661,-0.25979586581816605,0.2597871284497995
45,0.7680000000000006,-0.4495578408241272,-0.19520068168640137,0.01183297298848629,-0.1340712010860443,-0.3649594187736511,0.009443765506148338,-0.33748573064804077,-1.8407962999999976,-1.7136150064826488,-1.5394782709971955,-1.6731489306781495,1.3178429567079228,0.006203544093295928,0.2385051369667053,-0.2385051369667053,0.2385051369667053,0.2385051369667053,-0.2385051369667053,0.2385051369667053,-1.7679050105933012,-1.679295266445352,-1.5415393269985942,-1.6491730828888322,1.381463307362063,0.0046441713404998105,0.2603615036228118,-0.26034737152438836,0.260350531248716,0.2603349854543474,-0.2603529696366406,0.2603407467469163
46,0.7840000000000006,-0.44955798983573914,-0.1952223926782608,0.011826458387076855,-0.13407787680625916,-0.3649738132953644,0.009449483826756477,-0.33752745389938354,-1.8474629666666642,-1.7168687130272864,-1.5392811633574108,-1.6753835619582538,1.3117600598196668,0.006361035490408536,0.2384901165962219,-0.2384901165962219,0.2384901165962219,0.2384901165962219,-0.2384901165962219,0.2384901165962219,-1.7742782406864854,-1.682567164088414,-1.541296926856932,-1.6513107487112233,1.37573303957469,0.004785623279476342,0.2608002202603042,-0.2607912292393788,0.26079237519673104,0.26078149200368017,-0.26079471031326024,0.2607852951285988
47,0.8000000000000006,-0.4495585858821869,-0.19524216651916504,0.011825517751276493,-0.13408787548542023,-0.3649924397468567,0.009458503685891628,-0.3375683128833771,-1.8541296333333308,-1.7201227491359392,-1.5390840713948895,-1.6776183598830108,1.3056768524905524,0.00651867721850673,0.23847540736198425,-0.23847540736198425,0.23847540736198425,0.23847540736198425,-0.23847540736198425,0.23847540736198425,-1.7806570269234279,-1.6858334340504464,-1.5410615186906058,-1.6534570254974303,1.3699743018733033,0.0049283835082032205,0.26119752140302327,-0.2611896280311681,0.261190883121783,0.26118222189223056,-0.2611938881044073,0.26118539314561606
48,0.8180000000000006,-0.44955897331237793,-0.19526080787181854,0.011824770830571651,-0.1340986043214798,-0.3650113344192505,0.009467310272157192,-0.3376053273677826,-1.8607962999999974,-1.7233770959338028,-1.5388869918810466,-1.679853336621702,1.2995933302502316,0.0066764657230426825,0.23846208214759826,-0.23846208214759826,0.23846208214759826,0.23846208214759826,-0.23846208214759826,0.23846208214759826,-1.7878433773172198,-1.6895024643927257,-1.5408041616300356,-1.6558687809949937,1.363496122418339,0.005089531097678303,0.26160578641066023,-0.26159067969499605,0.2615951286962708,0.26157880273181,-0.26159630630481706,0.261585152732249
49,0.8340000000000006,-0.44956231117248535,-0.19528606534004211,0.01181776262819767,-0.13411130011081696,-0.3650285601615906,0.00947795994579792,-0.3376438319683075,-1.867462966666664,-1.7266318636894702,-1.5386900291705767,-1.6820885249568824,1.2935095209142051,0.006834431722139315,0.2384482204914093,-0.2384482204914093,0.2384482204914093,0.2384482204914093,-0.2384482204914093,0.2384482204914093,-1.7942306493191864,-1.6927536196329889,-1.5405857597778134,-1.6580087431418182,1.3577421102738867,0.005233299087892638,0.2619213438000654,-0.26191144643267916,0.2619138189821647,0.26190220567410594,-0.2619149496018395,0.2619065680402169
50,0.8500000000000006,-0.449563592672348,-0.19530697166919708,0.011816360056400299,-0.13412383198738098,-0.3650479316711426,0.009488553740084171,-0.33768293261528015,-1.8741296333333306,-1.729886979883957,-1.5384930898363034,-1.6843239221566721,1.287425388719686,0.006992574284474051,0.23843414425849913,-0.23843414425849913,0.23843414425849913,0.23843414425849913,-0.23843414425849913,0.23843414425849913,-1.800621513172307,-1.6959984438380493,-1.5403709406884492,-1.6601570076118355,1.3519615335211632,0.005378225179641498,0.2622073074504786,-0.26219861432829006,0.26220092682460205,0.2621916395471784,-0.2622028982219222,0.2621952837754089
51,0.8680000000000007,-0.4495641589164734,-0.19532766938209534,0.011815426871180534,-0.13413666188716888,-0.3650684654712677,0.009499140083789825,-0.33772024512290955,-1.8807962999999972,-1.733142441040325,-1.538296166055117,-1.686559533188125,1.2813409142951648,0.007150893285870548,0.23842071175575255,-0.23842071175575255,0.23842071175575255,0.23842071175575255,-0.23842071175575255,0.23842071175575255,-1.8078193700162015,-1.6996427532380098,-1.5401329921400606,-1.6625706409509016,1.3454608905115575,0.005541642494956151,0.2625029567561735,-0.2624871342352792,0.26249251138016216,0.2624756151742719,-0.262492785639892,0.2624823854128494
52,0.8840000000000007,-0.44956836104393005,-0.19535581767559052,0.011808749288320541,-0.13415350019931793,-0.36508679389953613,0.009514899924397469,-0.3377617299556732,-1.8874629666666638,-1.7363983713349183,-1.5380993535669785,-1.6887954248581136,1.2752561343968392,0.007309474951277172,0.23840577721595763,-0.23840577721595763,0.23840577721595763,0.23840577721595763,-0.23840577721595763,0.23840577721595763,-1.8142153981304248,-1.7028716389988126,-1.5399288290086386,-1.6647120108044946,1.339688608875421,0.005687303075773618,0.2627284031031661,-0.2627178654048852,0.2627210713794557,0.2627089474107716,-0.2627213881429435,0.2627136876879047
53,0.9000000000000007,-0.44957128167152405,-0.195378378033638,0.011807594448328018,-0.1341705471277237,-0.3651065230369568,0.00952882319688797,-0.3378053605556488,-1.8941296333333304,-1.7396546776354789,-1.537902560326173,-1.6910316006435757,1.2691710256795565,0.007468288671225305,0.23839007019996641,-0.23839007019996641,0.23839007019996641,0.23839007019996641,-0.23839007019996641,0.23839007019996641,-1.8206137534642988,-1.7060940633292891,-1.5397257578755716,-1.666861470474118,1.3338911941308225,0.005834021054511887,0.262932678073486,-0.2629234074131447,0.26292647079936216,0.2629167223524301,-0.26292771119528024,0.2629207093162789
54,0.9180000000000007,-0.44957342743873596,-0.195404514670372,0.011807329021394253,-0.13418883085250854,-0.3651270270347595,0.00954361166805029,-0.3378453552722931,-1.900796299999997,-1.7429114195466517,-1.5377057715091496,-1.6932680811577843,1.2630855752289771,0.00762734886569281,0.23837567210197447,-0.23837567210197447,0.23837567210197447,0.23837567210197447,-0.23837567210197447,0.23837567210197447,-1.827818679636298,-1.7097131869433615,-1.539498371091566,-1.6692762147914109,1.327373203158059,0.005999344038329194,0.2631456046381595,-0.2631292549032748,0.26313530979480004,0.26311797773950135,-0.26313492722731674,0.2631250661220665
55,0.9340000000000007,-0.4495816230773926,-0.19543921947479248,0.011808102019131184,-0.134214848279953,-0.365144819021225,0.009563969448208809,-0.33788278698921204,-1.9074629666666636,-1.7461687398712316,-1.5375089698088307,-1.6955049952957835,1.25699982824529,0.00778674835649629,0.23836219668388367,-0.23836219668388367,0.23836219668388367,0.23836219668388367,-0.23836219668388367,0.23836219668388367,-1.8342200729613967,-1.7129198798399181,-1.5393015209126009,-1.671418427966021,1.3215867892662931,0.0061466189312353375,0.2633051057527367,-0.2632940871170426,0.2632979171123599,0.2632853973749415,-0.26329762610973423,0.2632904297624964
56,0.9500000000000007,-0.4495871961116791,-0.19546522200107574,0.011818263679742813,-0.13423945009708405,-0.3651678264141083,0.009575741365551949,-0.3379146456718445,-1.9141296333333302,-1.7494264935712496,-1.5373119987475017,-1.6977423194640682,1.250913697805055,0.007946344045922156,0.23835072755813597,-0.23835072755813597,0.23835072755813597,0.23835072755813597,-0.23835072755813597,0.23835072755813597,-1.8406229847856856,-1.7161204054719879,-1.5391040947393966,-1.6735686300660972,1.3157763196602466,0.006294882914974,0.2634501846126871,-0.2634404697320267,0.2634441131188892,0.26343400006236783,-0.26344479024260037,0.2634382597672465
57,0.9680000000000007,-0.44959285855293274,-0.19549031555652618,0.011830923147499561,-0.13426457345485687,-0.3651902973651886,0.009588026441633701,-0.3379439115524292,-1.9207962999999968,-1.7526846654971917,-1.5371148166950435,-1.6999800623549826,1.2448271928489685,0.00810614448661605,0.23834019184112548,-0.23834019184112548,0.23834019184112548,0.23834019184112548,-0.23834019184112548,0.23834019184112548,-1.8478321536311495,-1.7197153756668069,-1.5388813053626598,-1.6759841013148233,1.3092448485835129,0.006461859366596149,0.2636037020258013,-0.26358695224926293,0.26359352090122057,0.2635758449568081,-0.2635926427008061,0.2635831844605732
58,0.9840000000000008,-0.44960200786590576,-0.1955246776342392,0.011838473379611969,-0.1342918574810028,-0.3652117848396301,0.009605524130165577,-0.33796951174736023,-1.9274629666666634,-1.7559434101244291,-1.5369175088053832,-1.702218259979666,1.238740329768308,0.008266236555452144,0.2383309757709503,-0.2383309757709503,0.2383309757709503,0.2383309757709503,-0.2383309757709503,0.2383309757709503,-1.8542367617196476,-1.722901173234314,-1.538687197190648,-1.678126907991984,1.3034474204827744,0.006610533971658639,0.2637161789165683,-0.2637048006206668,0.26370909529376857,0.263696269144676,-0.26370835351189176,0.2637015272277725
59,1.0000000000000007,-0.44960737228393555,-0.1955527514219284,0.011849808506667614,-0.13431546092033386,-0.36523371934890747,0.009621753357350826,-0.33799153566360474,-1.93412963333333,-1.7592026226481279,-1.5367200119969389,-1.7044568509950049,1.2326531011124928,0.00842659911140799,0.23832304716110228,-0.23832304716110228,0.23832304716110228,0.23832304716110228,-0.23832304716110228,0.23832304716110228,-1.86064237621686,-1.726081421308988,-1.538491470245371,-1.6802776689329397,1.297626744455917,0.006760145926013198,0.2638190927219853,-0.2638090551170976,0.2638131142974527,0.26380272612001593,-0.26381339023178574,0.2638071896729685
60,1.0180000000000007,-0.4496118724346161,-0.19557981193065643,0.011863374151289463,-0.13434039056301117,-0.3652552664279938,0.009637469425797462,-0.33801233768463135,-1.9407962999999966,-1.7624622861803054,-1.5365222890944175,-1.7066958575043885,1.226565513338693,0.008587223601837947,0.2383155584335327,-0.2383155584335327,0.2383155584335327,0.2383155584335327,-0.2383155584335327,0.2383155584335327,-1.8678540062632136,-1.7296544061228296,-1.5382695195165859,-1.6826937168490994,1.2910847090031732,0.006928580353117961,0.26393033162995294,-0.2639132915549757,0.26392022488251565,0.2639022862778393,-0.26391899817868725,0.2639098144777702
61,1.0340000000000007,-0.44962263107299805,-0.19561083614826202,0.011876328848302364,-0.13437135517597198,-0.36527401208877563,0.009655099362134933,-0.33803659677505493,-1.9474629666666632,-1.7657224667827764,-1.536324350280279,-1.7089353800906546,1.2204776131372135,0.008748141924540195,0.23830682516098023,-0.23830682516098023,0.23830682516098023,0.23830682516098023,-0.23830682516098023,0.23830682516098023,-1.874260472453943,-1.732821503430792,-1.5380753603075332,-1.6848370313856307,1.2852786332048216,0.0070785072005772574,0.26400906087232523,-0.2639974310901462,0.26400204050433873,0.2639889874912801,-0.26400099615857625,0.26399440834544396
62,1.0500000000000007,-0.4496277868747711,-0.19563451409339905,0.011889956891536713,-0.1343972384929657,-0.3652917742729187,0.00967029295861721,-0.3380633294582367,-1.9541296333333298,-1.7689830420176664,-1.5361261843320868,-1.7111753340655373,1.2143894168993314,0.008909313473850482,0.23829720139503477,-0.23829720139503477,0.23829720139503477,0.23829720139503477,-0.23829720139503477,0.23829720139503477,-1.88066761650128,-1.7359838873028428,-1.5378790023863258,-1.6869883098747587,1.279449929314802,0.007229335406247277,0.2640812609430477,-0.2640710035847152,0.2640753333355575,0.264064746387378,-0.2640753517407738,0.26406935225643774
63,1.0680000000000007,-0.4496336579322815,-0.19565874338150024,0.01190366130322218,-0.13442449271678925,-0.36531034111976624,0.009686860255897045,-0.33809009194374084,-1.9607962999999964,-1.7722440210740247,-1.5359277899770332,-1.7134157422774838,1.208300911214002,0.0090707611447821,0.2382875669002533,-0.2382875669002533,0.2382875669002533,0.2382875669002533,-0.2382875669002533,0.2382875669002533,-1.8878805732696973,-1.7395378217792195,-1.5376557625701184,-1.6894049373505695,1.272899578272324,0.007399092590147303,0.2641611913501699,-0.26414394888438264,0.26415112341568864,0.2641329883417223,-0.2641496702701937,0.2641406526948594
64,1.0840000000000007,-0.4496444761753082,-0.19568827748298645,0.011914430186152458,-0.13445745408535004,-0.3653273284435272,0.009705795906484127,-0.33811819553375244,-1.967462966666663,-1.775505492365408,-1.5357292161405973,-1.715656699845573,1.2022121224066098,0.009232524409890168,0.2382774496078491,-0.2382774496078491,0.2382774496078491,0.2382774496078491,-0.2382774496078491,0.2382774496078491,-1.8942880232814903,-1.7426889865997932,-1.5374600523061095,-1.6915487981346589,1.2670866886932535,0.007550163582211929,0.2642147490423885,-0.2642029377272776,0.26420776705337856,0.2641945396376973,-0.2642065136548857,0.26420008322265787
65,1.1000000000000008,-0.44965043663978577,-0.19571256637573242,0.011927615851163864,-0.13448652625083923,-0.3653462529182434,0.009724555537104607,-0.33814549446105957,-1.9741296333333296,-1.77876736847167,-1.535530422543078,-1.7178981419497537,1.1961230181913058,0.009394600335508577,0.23826762199401855,-0.23826762199401855,0.23826762199401855,0.23826762199401855,-0.23826762199401855,0.23826762199401855,-1.9006959298708463,-1.7458363921376907,-1.5372618897029957,-1.6937006628552163,1.2612516434257979,0.007702116697952525,0.26426416247499374,-0.2642537370883431,0.26425827198693247,0.26424752557208914,-0.2642580969959475,0.2642522461169386
66,1.1180000000000008,-0.44965633749961853,-0.1957363337278366,0.011940999887883663,-0.13451533019542694,-0.3653649091720581,0.009744306094944477,-0.33817315101623535,-1.9807962999999962,-1.7820296407004674,-1.5353314058782799,-1.7201400641196773,1.1900336030384382,0.009557005437090985,0.23825766563415526,-0.23825766563415526,0.23825766563415526,0.23825766563415526,-0.23825766563415526,0.23825766563415526,-1.9079094582829985,-1.7493746294950296,-1.537036384789433,-1.6961179770124355,1.2546947082664244,0.007873115218612295,0.26432101781981016,-0.2643036189445299,0.2643109777013101,0.26429268129331845,-0.2643093540066303,0.264300457672638
67,1.1340000000000008,-0.44966796040534973,-0.19576528668403625,0.011951121501624584,-0.13454896211624146,-0.3653841018676758,0.009765110909938812,-0.3382051885128021,-1.9874629666666628,-1.7852923954785347,-1.5351322205199194,-1.7223825468216147,1.1839438680073102,0.009719757285589966,0.23824613213539123,-0.23824613213539123,0.23824613213539123,0.23824613213539123,-0.23824613213539123,0.23824613213539123,-1.9143172983520622,-1.7525129083993214,-1.5368385234058919,-1.69826250122634,1.2488764042004052,0.008025276117201807,0.26435597384963816,-0.2643440287241236,0.26434901601330957,0.26433565174887685,-0.2643476146028523,0.26434129085056607
68,1.1500000000000008,-0.4496796727180481,-0.1957886815071106,0.011963102966547012,-0.13457491993904114,-0.365407258272171,0.009775415062904358,-0.3382430076599121,-1.9941296333333294,-1.78855554017032,-1.534932835470477,-1.724625462153932,1.1778537470361075,0.009882680869971705,0.23823251724243164,-0.23823251724243164,0.23823251724243164,0.23823251724243164,-0.23823251724243164,0.23823251724243164,-1.920725437494535,-1.7556484197180293,-1.536638175165753,-1.700415078881842,1.2430362925563694,0.008178299764347056,0.26438815233111657,-0.26437761459709885,0.2643822775949008,0.2643714156710105,-0.2643819855366455,0.26437621657222804
69,1.1680000000000008,-0.449690580368042,-0.19581271708011627,0.011974879540503025,-0.13460032641887665,-0.36543020606040955,0.009785769507288933,-0.338278591632843,-2.000796299999996,-1.7918190854549885,-1.534733254144802,-1.72686880092758,1.1717632436017673,0.01004577702842652,0.2382197070121765,-0.2382197070121765,0.2382197070121765,0.2382197070121765,-0.2382197070121765,0.2382197070121765,-1.927939005805539,-1.7591744464871522,-1.5364102008546168,-1.7028332217400368,1.2364740662140175,0.00835045932133294,0.26442725516717847,-0.26440974510613335,0.26441722605253043,0.2643988052600621,-0.264415493287563,0.26440666562422926
70,1.1840000000000008,-0.44970786571502686,-0.19584006071090698,0.011984888464212418,-0.1346302181482315,-0.36545050144195557,0.009797576814889908,-0.33831605315208435,-2.007462966666663,-1.795083086466837,-1.5345335060037317,-1.7291126378967172,1.165672401911068,0.010209069975341352,0.23820622086524962,-0.23820622086524962,0.23820622086524962,0.23820622086524962,-0.23820622086524962,0.23820622086524962,-1.9343468087293885,-1.7623029297678345,-1.5362101751835124,-1.7049785281109804,1.2306513833928074,0.008503608227109542,0.2644478107031942,-0.26443576619174275,0.2644408671796787,0.26442739407463084,-0.2644393613598814,0.2644331087672921
71,1.2000000000000008,-0.4497184157371521,-0.19585774838924408,0.012001709081232548,-0.13465338945388794,-0.3654683828353882,0.009804636240005493,-0.33834660053253174,-2.01412963333333,-1.7983473822733245,-1.5343334775190445,-1.731356861054282,1.1595812621971449,0.010372480579341445,0.23819522380828856,-0.23819522380828856,0.23819522380828856,0.23819522380828856,-0.23819522380828856,0.23819522380828856,-1.9407547913135514,-1.7654296088112695,-1.5360077563137944,-1.707131928167982,1.2248071555187374,0.008657579158900832,0.26446725911815483,-0.2644566159058018,0.2644614067324312,0.26445043636160953,-0.26446099713515586,0.2644553171444125
72,1.2180000000000009,-0.4497130513191223,-0.1958639770746231,0.012025504373013973,-0.13466434180736542,-0.3654820919036865,0.009790997952222824,-0.3383548855781555,-2.0207962999999967,-1.801611781891235,-1.534133052446161,-1.7336012667510714,1.1534898939987501,0.010535663878545157,0.238192241191864,-0.238192241191864,0.238192241191864,0.238192241191864,-0.238192241191864,0.238192241191864,-1.9479680011300988,-1.7689468121248408,-1.5357775627024346,-1.7095509976094723,1.2182406344092114,0.008830717610113711,0.26449468455194597,-0.26447705407417,0.26448468449903173,0.2644661307747785,-0.26448281437386695,0.26447408844927295
73,1.2340000000000009,-0.44971686601638794,-0.19586589932441711,0.012035351246595383,-0.13467863202095032,-0.36548277735710144,0.009795689024031162,-0.3383723199367523,-2.0274629666666635,-1.8048762135466418,-1.5339324632587177,-1.7358459106180872,1.1473985143761318,0.01069892536227901,0.23818596482276916,-0.23818596482276916,0.23818596482276916,0.23818596482276916,-0.23818596482276916,0.23818596482276916,-1.9543754405391716,-1.772068436181926,-1.5355756822852082,-1.7116971361713897,1.2124144272620254,0.008984659593416778,0.26450665893469666,-0.2644945112526433,0.2644997395736484,0.264486153462926,-0.26449811496800607,0.2644919505282796
74,1.2500000000000009,-0.44971340894699097,-0.19586296379566193,0.012051300145685673,-0.13469068706035614,-0.36548668146133423,0.009790207259356976,-0.3383795917034149,-2.0341296333333303,-1.8081405962765695,-1.5337316082562895,-1.7380907554024265,1.1413070696851095,0.010862095483268294,0.23818334698677063,-0.23818334698677063,0.23818334698677063,0.23818334698677063,-0.23818334698677063,0.23818334698677063,-1.9607829638699499,-1.7751891259212051,-1.5353715710234568,-1.7138513602872907,1.2065669262627445,0.0091393390742285,0.26451924012116584,-0.26450850028628325,0.2645134092309573,0.2645023354627201,-0.26451289112172577,0.2645072924982397
75,1.268000000000001,-0.44971007108688354,-0.1958591639995575,0.012068807147443295,-0.13470342755317688,-0.36548998951911926,0.009782916866242886,-0.3383784890174866,-2.040796299999997,-1.8114049156765621,-1.5335304614704988,-1.7403358125283128,1.1352155698597908,0.011025144097705676,0.2381837439537048,-0.2381837439537048,0.2381837439537048,0.2381837439537048,-0.2381837439537048,0.2381837439537048,-1.9679954994269788,-1.7787005667418727,-1.535139656093129,-1.716271328104915,1.1999970445682289,0.009313190572756588,0.26454010897238206,-0.26452240580335085,0.2645301098140228,0.2645114588146068,-0.2645281778495244,0.26451948000692105
76,1.284000000000001,-0.44971734285354614,-0.1958596259355545,0.012078482657670975,-0.1347206085920334,-0.36548951268196106,0.009786023758351803,-0.33839502930641174,-2.047462966666664,-1.814669242775488,-1.5333291534262043,-1.7425811560048468,1.1291240779817582,0.011188244493678206,0.23817778944969176,-0.23817778944969176,0.23817778944969176,0.23817778944969176,-0.23817778944969176,0.23817778944969176,-1.974402311303027,-1.7818179143569626,-1.5349364116610116,-1.71841827413578,1.1941681076319757,0.009467699225210242,0.26454686199012173,-0.264534661746814,0.26453993691974337,0.2645262772467298,-0.2645382739348392,0.26453212019634015
77,1.300000000000001,-0.44971901178359985,-0.19585400819778442,0.012093929573893547,-0.1347319334745407,-0.3654898703098297,0.009786928072571754,-0.3384110629558563,-2.0541296333333308,-1.817933476245451,-1.5331275879333062,-1.7448266882294223,1.123032580143261,0.011351359961554402,0.23817201733589172,-0.23817201733589172,0.23817201733589172,0.23817201733589172,-0.23817201733589172,0.23817201733589172,-1.9808091296612453,-1.7849350597285132,-1.5347311295281556,-1.7205733114999235,1.1883180850166495,0.009622894583271787,0.26455437644649704,-0.2645436001640265,0.26454853202976064,0.26453740144965493,-0.26454800063920986,0.2645423918089666
78,1.318000000000001,-0.4497207999229431,-0.19584673643112183,0.012111618183553219,-0.1347433477640152,-0.3654906451702118,0.009790590964257717,-0.33842936158180237,-2.0607962999999976,-1.821197588519303,-1.532925727630247,-1.747072410692156,1.1169410693904243,0.011514536477625363,0.23816542983055114,-0.23816542983055114,0.23816542983055114,0.23816542983055114,-0.23816542983055114,0.23816542983055114,-1.9880207378306094,-1.7884433194376845,-1.5344980966859387,-1.722994175636404,1.181745627538225,0.009797285328943537,0.26456929388741746,-0.2645515606933523,0.2645592703427739,0.2645405579724714,-0.2645573445632294,0.26454861066664404
79,1.334000000000001,-0.4497276544570923,-0.19584530591964722,0.012122050859034061,-0.13475871086120605,-0.3654894232749939,0.00980001874268055,-0.3384515047073364,-2.0674629666666644,-1.8244616769512971,-1.5327236934492632,-1.7493183892065094,1.1108495790025077,0.011677870123336705,0.23815745830535887,-0.23815745830535887,0.23815745830535887,0.23815745830535887,-0.23815745830535887,0.23815745830535887,-1.9944267157210698,-1.7915585316173133,-1.5342940220708656,-1.7251419274696305,1.1759146076688496,0.009952251943232977,0.2645710832945611,-0.2645588452546978,0.2645641474162099,0.2645504277792365,-0.26456246566515873,0.2645563065787193
80,1.350000000000001,-0.4497278034687042,-0.1958375871181488,0.012137910351157188,-0.1347685307264328,-0.36548876762390137,0.0098031684756279,-0.3384682834148407,-2.0741296333333312,-1.8277256367365997,-1.5325213949434107,-1.7515645313852832,1.1047580995421094,0.01184125626459717,0.23815141797065734,-0.23815141797065734,0.23815141797065734,0.23815141797065734,-0.23815141797065734,0.23815141797065734,-2.000832642396207,-1.7946741272615503,-1.5340880884802297,-1.7272977732989128,1.1700626638645373,0.010107890150357183,0.26457408620673484,-0.2645632676171926,0.2645682379488847,0.2645570482049165,-0.2645676773441944,0.2645620775590013
81,1.368000000000001,-0.44972649216651917,-0.19583404064178467,0.012153351679444313,-0.13477690517902374,-0.3654807507991791,0.00980110839009285,-0.33847740292549133,-2.080796299999998,-1.8309895374139629,-1.5323188390820865,-1.753810813138267,1.0986667536954564,0.012004608071098717,0.2381481349468231,-0.2381481349468231,0.2381481349468231,0.2381481349468231,-0.2381481349468231,0.2381481349468231,-2.0080431373891026,-1.7981812740785268,-1.5338544939029775,-1.7297195204828177,1.1634882637042316,0.010282749597843975,0.264584855872497,-0.2645670680160738,0.26457483061479947,0.264556038856813,-0.2645728632218849,0.26456414345261436
82,1.384000000000001,-0.4497182369232178,-0.19583208858966827,0.01214518491178751,-0.13476908206939697,-0.3654395043849945,0.009790648706257343,-0.3384838104248047,-2.087462966666665,-1.834253405557124,-1.5321164193335568,-1.7560569645060904,1.0925760952890398,0.012167785549536339,0.2381458282470703,-0.2381458282470703,0.2381458282470703,0.2381458282470703,-0.2381458282470703,0.2381458282470703,-2.0144481371645657,-1.8012960313676347,-1.533650063086661,-1.7318680304424057,1.1576557402704688,0.010438085003365084,0.2645839341835603,-0.2645716366229215,0.26457700256567435,0.26456320569337455,-0.26457526487316885,0.2645691367072578
83,1.400000000000001,-0.44970282912254333,-0.19582654535770416,0.012143459171056747,-0.13475561141967773,-0.365398645401001,0.009772173129022121,-0.33848610520362854,-2.0941296333333317,-1.8375171813130857,-1.5319140283473724,-1.758302891363085,1.0864861178656897,0.012330655101686707,0.2381450021266937,-0.2381450021266937,0.2381450021266937,0.2381450021266937,-0.2381450021266937,0.2381450021266937,-2.020853050519179,-1.804411607865642,-1.5334439441040308,-1.734024571773126,1.151802526503797,0.010594019565414909,0.26458503725793064,-0.26457416229009634,0.2645791900805735,0.26456792707007554,-0.26457858065777984,0.26457300514866766
84,1.418000000000001,-0.4496871531009674,-0.1958211064338684,0.012142033316195011,-0.13474184274673462,-0.3653545379638672,0.009752593003213406,-0.3384813964366913,-2.1007962999999985,-1.840780866420317,-1.5317116611254358,-1.7605485887421972,1.0803968755662918,0.01249319831840693,0.23814669728279114,-0.23814669728279114,0.23814669728279114,0.23814669728279114,-0.23814669728279114,0.23814669728279114,-2.0280623224327616,-1.8079191833626653,-1.5332103193408213,-1.7364469773085094,1.1452270298246647,0.010769106721219815,0.2645944804750857,-0.2645766410340263,0.26458444706200984,0.26456557314907614,-0.26458244650144314,0.2645737273071395
85,1.434000000000001,-0.44967809319496155,-0.1958221048116684,0.012130264192819595,-0.1347314566373825,-0.3653045892715454,0.009751129895448685,-0.338481605052948,-2.1074629666666653,-1.844044568167178,-1.5315094900555555,-1.7627941130194869,1.0743084657450994,0.012655717149997742,0.2381466221809387,-0.2381466221809387,0.2381466221809387,0.2381466221809387,-0.2381466221809387,0.2381466221809387,-2.0344662672825558,-1.811034699781554,-1.533006009881584,-1.73859599606982,1.1393938071183993,0.010924573924614081,0.26459271933387096,-0.2645803835404557,0.2645857756025374,0.26457191432297467,-0.2645840193589004,0.2645778818043928
86,1.450000000000001,-0.4496627748012543,-0.19582043588161469,0.012126635760068893,-0.1347147673368454,-0.36525487899780273,0.009746602736413479,-0.3384804129600525,-2.114129633333332,-1.8473082420985383,-1.5313073794595544,-1.7650393591417677,1.0682208844284693,0.012818160528937967,0.2381470513343811,-0.2381470513343811,0.2381470513343811,0.2381470513343811,-0.2381470513343811,0.2381470513343811,-2.0408701118023513,-1.8141513320977989,-1.532800177946782,-1.7407529650660185,1.133540137533763,0.011080594562277186,0.26459319497108225,-0.26458228795873734,0.2645873332718373,0.2645760152492553,-0.26458671496526587,0.2645811238148472
87,1.468000000000001,-0.4496465027332306,-0.19581849873065948,0.01212253887206316,-0.13469713926315308,-0.36520394682884216,0.00974124763160944,-0.33847707509994507,-2.120796299999999,-1.8505718837440492,-1.53110533714502,-1.7672843114628203,1.0621341519813219,0.012980514656131457,0.23814825296401976,-0.23814825296401976,0.23814825296401976,0.23814825296401976,-0.23814825296401976,0.23814825296401976,-2.0480781245131032,-1.8176603923573658,-1.5325670307674661,-1.7431757395118848,1.1269644206721297,0.01125575031286334,0.2646019469449603,-0.2645840805189889,0.2645918927287921,0.2645729579544995,-0.2645898963459232,0.2645811432995088
88,1.484000000000001,-0.44963905215263367,-0.19582368433475494,0.012110128067433834,-0.13468709588050842,-0.3651575744152069,0.009742740541696548,-0.3384779691696167,-2.127462966666666,-1.853835611816295,-1.5309035016772294,-1.7695290963941621,1.0560481924077352,0.013142893665159732,0.23814793109893798,-0.23814793109893798,0.23814793109893798,0.23814793109893798,-0.23814793109893798,0.23814793109893798,-2.054481003579994,-1.8207774806628991,-1.5323632602796178,-1.7453250238437585,1.1211312269161415,0.01141126288159876,0.2645996007908694,-0.26458724198606187,0.2645926397143983,0.2645787286523672,-0.26459088538885395,0.2645847216404506
89,1.500000000000001,-0.4496241509914398,-0.19582025706768036,0.0121091827750206,-0.1346684992313385,-0.3651094436645508,0.009731840342283249,-0.3384723961353302,-2.1341296333333326,-1.857099282767423,-1.5307016819643124,-1.7717735713813512,1.049963035013326,0.013305091004197786,0.23814993739128112,-0.23814993739128112,0.23814993739128112,0.23814993739128112,-0.23814993739128112,0.23814993739128112,-2.0608837894391114,-1.823895871598059,-1.5321580937576957,-1.7474821895758785,1.1152777727772885,0.011567305211059866,0.2645997225295562,-0.26458878783371986,0.2645938491945127,0.26458248279021646,-0.264593223291648,0.26458761919889645
90,1.5180000000000011,-0.44960567355155945,-0.1958145797252655,0.01211300864815712,-0.13465091586112976,-0.36506298184394836,0.009714051149785519,-0.3384576439857483,-2.1407962999999994,-1.8603628590961776,-1.5304997984868431,-1.77401775331237,1.0438786519825936,0.013466991856694211,0.23815524816513062,-0.23815524816513062,0.23815524816513062,0.23815524816513062,-0.23815524816513062,0.23815524816513062,-2.068090578143694,-1.8274070846075743,-1.5319257943969198,-1.749905092786746,1.1087025109702076,0.01174243931835716,0.2646086188919729,-0.2645907176778632,0.2645985559782502,0.2645795573740457,-0.2645965436669743,0.264587780945778
91,1.5340000000000011,-0.4495963752269745,-0.1958141177892685,0.012109215371310711,-0.13464321196079254,-0.36502155661582947,0.009704677388072014,-0.3384464383125305,-2.1474629666666663,-1.8636264277259988,-1.5302979782306547,-1.77626180684505,1.0377949593723297,0.013628736479828745,0.238159282207489,-0.238159282207489,0.238159282207489,0.238159282207489,-0.238159282207489,0.238159282207489,-2.0744924405546055,-1.8305262355162044,-1.531722837506911,-1.7520544491746197,1.1028698788154903,0.01189788345693942,0.26460684463867384,-0.26459445383738,0.2645998787410071,0.2645859144306073,-0.26459810460140615,0.26459194037414896
92,1.5500000000000012,-0.4495794475078583,-0.19580967724323273,0.012114197015762329,-0.1346292495727539,-0.36497730016708374,0.009683695621788502,-0.3384305238723755,-2.154129633333333,-1.8668899223467195,-1.5300960749470587,-1.7785056276712625,1.031712004369545,0.013790131406858553,0.23816501140594482,-0.23816501140594482,0.23816501140594482,0.23816501140594482,-0.23816501140594482,0.23816501140594482,-2.0808942342682206,-1.8336467846107682,-1.5315185550481596,-1.7542116436302446,1.0970171106877011,0.012053797310195721,0.2646078776547774,-0.2645969159616572,0.26460199824452185,0.26459058727342943,-0.26460135976848526,0.2645957515577597
93,1.5680000000000012,-0.44956281781196594,-0.1958063691854477,0.012115918099880219,-0.1346147209405899,-0.36493054032325745,0.009664340876042843,-0.3384181261062622,-2.1607963,-1.8701533618331436,-1.5298941429787274,-1.7807492063536057,1.0256298286974905,0.0139512037547926,0.2381694746017456,-0.2381694746017456,0.2381694746017456,0.2381694746017456,-0.2381694746017456,0.2381694746017456,-2.088099894120537,-1.8371604968654456,-1.5312872862701568,-1.7566345165386137,1.0904427729362334,0.012228720931987402,0.26461758733290475,-0.2645996732682154,0.26460750367636315,0.2645884614219057,-0.2646055096571553,0.26459670591180373
94,1.5840000000000012,-0.449555903673172,-0.19581054151058197,0.012102484703063965,-0.1346074789762497,-0.36488640308380127,0.0096576027572155,-0.33841994404792786,-2.1674629666666667,-1.87341687085832,-1.529692434900343,-1.7829926643365432,1.0195483886460939,0.014112163800746192,0.23816882014274596,-0.23816882014274596,0.23816882014274596,0.23816882014274596,-0.23816882014274596,0.23816882014274596,-2.0945008386034263,-1.8402819305595712,-1.5310852592241397,-1.758783823307708,1.0846110800488524,0.012383931008105647,0.26461594519949344,-0.2646035585921099,0.26460895175236077,0.2645949642444275,-0.2646072168697987,0.2646009953582759
95,1.6000000000000012,-0.44954419136047363,-0.1958075612783432,0.012102179229259491,-0.13459739089012146,-0.36484792828559875,0.009643163532018661,-0.33841484785079956,-2.1741296333333335,-1.876680330212959,-1.5294907319131885,-1.785235954184712,1.013467589841334,0.014272883192946503,0.23817065477371216,-0.23817065477371216,0.23817065477371216,0.23817065477371216,-0.23817065477371216,0.23817065477371216,-2.1009017509904533,-1.843404779230947,-1.5308819448524573,-1.7609409395726912,1.0787593397573856,0.012539574721017842,0.26461669013747113,-0.2646057298603477,0.26461078654929227,0.26459935562916176,-0.26461018215387533,0.26460452542759993
96,1.6180000000000012,-0.44953063130378723,-0.1958053708076477,0.012101035565137863,-0.13458551466464996,-0.3648090064525604,0.00963046494871378,-0.3384072184562683,-2.1807963000000004,-1.8799437530597531,-1.5292890479871029,-1.7874790460957894,1.0073874397337912,0.014433390942091732,0.23817340135574339,-0.23817340135574339,0.23817340135574339,0.23817340135574339,-0.23817340135574339,0.23817340135574339,-2.1081064176133806,-1.846921061084431,-1.5306517731189042,-1.763363676956352,1.0721862597864045,0.012714166652560213,0.26462592273533875,-0.2646079950900309,0.2646158208299569,0.2645967372489915,-0.26461384199453586,0.26460500264321396
97,1.6340000000000012,-0.4495229423046112,-0.1958092451095581,0.012086363509297371,-0.1345776617527008,-0.3647683262825012,0.009628032334148884,-0.3384104073047638,-2.187462966666667,-1.8832072404782458,-1.5290876085952811,-1.789722007125001,1.0013079676290828,0.01459385814766088,0.23817225337028503,-0.23817225337028503,0.23817225337028503,0.23817225337028503,-0.23817225337028503,0.23817225337028503,-2.1145065704117685,-1.8500447672578852,-1.530450714152359,-1.7655128537899434,1.0663557532092727,0.012869068313427991,0.26462384070984263,-0.2646114403073945,0.2646168358929822,0.2646028142204557,-0.2646151060055259,0.264608864245566
98,1.6500000000000012,-0.4495033025741577,-0.19580425322055817,0.012082025408744812,-0.13456378877162933,-0.36472994089126587,0.009615334682166576,-0.33841225504875183,-2.194129633333334,-1.8864706446985884,-1.5288862415051354,-1.7919647369378615,0.9952291352808951,0.01475411372569699,0.23817158818244932,-0.23817158818244932,0.23817158818244932,0.23817158818244932,-0.23817158818244932,0.23817158818244932,-2.1209067345546546,-1.8531698432522739,-1.5302483914152984,-1.767669814557554,1.0605052510213209,0.013024391083062744,0.26462391757488507,-0.2646129506231686,0.2646179987696933,0.26460654373309644,-0.2646174115005666,0.2646117254275518
99,1.6680000000000013,-0.44948306679725647,-0.1957988440990448,0.01207725889980793,-0.13454991579055786,-0.364690899848938,0.00960314366966486,-0.33841314911842346,-2.200796300000001,-1.8897339587669058,-1.5286849538568053,-1.7942072355343708,0.9891509536167461,0.014914166120191403,0.23817126631736754,-0.23817126631736754,0.23817126631736754,0.23817126631736754,-0.23817126631736754,0.23817126631736754,-2.128110565840538,-1.8566885466949583,-1.5300193304297862,-1.7700923252561214,1.053933638296567,0.013198609275478081,0.2646321208138066,-0.2646141818556684,0.2646219989081507,0.26460287815843525,-0.26462003952550084,0.2646111612523003
100,1.6840000000000013,-0.44947683811187744,-0.1958024650812149,0.012058922089636326,-0.1345435380935669,-0.3646479547023773,0.009606492705643177,-0.3384288549423218,-2.2074629666666676,-1.892997333184926,-1.528483971821978,-1.7964496278359303,0.9830734877050398,0.015074274331952122,0.23816561222076416,-0.23816561222076416,0.23816561222076416,0.23816561222076416,-0.23816561222076416,0.23816561222076416,-2.1345100718304972,-1.8598143401733318,-1.5298192431027966,-1.7722412903160185,1.0481044900021874,0.013353179411884549,0.26462872190701675,-0.2646163192950617,0.2646216972758267,0.26460765188634866,-0.2646199925567075,0.2646137109228544
101,1.7000000000000013,-0.4494609832763672,-0.19579990208148956,0.012053446844220161,-0.13453179597854614,-0.3646070659160614,0.009597748517990112,-0.33843469619750977,-2.2141296333333345,-1.896260664886284,-1.528283081041241,-1.7986918244355727,0.9769967032731054,0.015234236807251958,0.23816350936889646,-0.23816350936889646,0.23816350936889646,0.23816350936889646,-0.23816350936889646,0.23816350936889646,-2.1409096365250373,-1.862941413920673,-1.5296179059899502,-1.7743980197653075,1.0422553898989122,0.01350817408023907,0.2646274690093984,-0.26461648922771974,0.2646215378461879,0.26461005605138466,-0.2646209587815977,0.26461525258459057
102,1.7180000000000013,-0.4494452476501465,-0.19579754769802094,0.012047158554196358,-0.13451872766017914,-0.3645637333393097,0.00959062110632658,-0.3384387493133545,-2.2207963000000013,-1.8995239573479177,-1.5280822950653379,-1.8009338032299091,0.9709206410507836,0.0153940804923574,0.23816205024719236,-0.23816205024719236,0.23816205024719236,0.23816205024719236,-0.23816205024719236,0.23816205024719236,-2.148112804319419,-1.8664622364956394,-1.5293899370216841,-1.7768202304600045,1.0356854260981034,0.013682033901315756,0.26463420259557036,-0.26461624210054185,0.2646240674866065,0.2646049019574283,-0.26462211058384955,0.26461321019162265
103,1.7340000000000013,-0.4494423568248749,-0.19580408930778503,0.012028845027089119,-0.1345127522945404,-0.36452189087867737,0.009596012532711029,-0.33845457434654236,-2.227462966666668,-1.9027873588363808,-1.5278818143148865,-1.8031756824348182,0.9648452762028056,0.015554014034569252,0.23815635323524476,-0.23815635323524476,0.23815635323524476,0.23815635323524476,-0.23815635323524476,0.23815635323524476,-2.154511817358884,-1.8695898169598182,-1.5291907920751762,-1.778968927723604,1.029857791027584,0.013836300160453596,0.2646296174762293,-0.26461719512128395,0.2646225847263603,0.2646085033342257,-0.26462087596181083,0.2646145837405906
104,1.7500000000000013,-0.44942963123321533,-0.19580335915088654,0.012021344155073166,-0.13450144231319427,-0.36448290944099426,0.009591830894351006,-0.3384639620780945,-2.234129633333335,-1.9060507481555622,-1.5276814585789686,-1.805417373140038,0.9587705610454557,0.015713877882808435,0.23815297365188598,-0.23815297365188598,0.23815297365188598,0.23815297365188598,-0.23815297365188598,0.23815297365188598,-2.160910939074808,-1.872718565992172,-1.5289904007346407,-1.7811253759597967,1.0240102369208097,0.013991008096525148,0.2646271534186503,-0.2646161590858135,0.2646212120691453,0.26460970275639,-0.2646206374837805,0.2646149153804543
105,1.7680000000000013,-0.4494165778160095,-0.19580210745334625,0.012012675404548645,-0.13448920845985413,-0.36444324254989624,0.009588109329342842,-0.3384728729724884,-2.2407963000000017,-1.909314116613118,-1.5274812473222261,-1.8076588599477024,0.9526965070029574,0.015873679704964148,0.23814976572990418,-0.23814976572990418,0.23814976572990418,0.23814976572990418,-0.23814976572990418,0.23814976572990418,-2.168113621655501,-1.8762411256781195,-1.5287634683000215,-1.7835472360866604,1.0174420595704865,0.014164567449939823,0.2646324645001595,-0.26461448551661787,0.2646223139237142,0.2646031078789592,-0.26462036520974713,0.2646114378000168
106,1.7840000000000014,-0.4494166374206543,-0.19580674171447754,0.011993811465799809,-0.13448472321033478,-0.36440199613571167,0.009598656557500362,-0.33849260210990906,-2.2474629666666686,-1.9125775623083594,-1.527281350464463,-1.8099002720012078,0.9466231404006955,0.01603365731425582,0.23814266324043273,-0.23814266324043273,0.23814266324043273,0.23814266324043273,-0.23814266324043273,0.23814266324043273,-2.1745122990793164,-1.8793701408623897,-1.5285652092082345,-1.7856956267189241,1.0116160401428818,0.014318594789868527,0.2646265834308991,-0.2646141467742209,0.2646195392327374,0.26460542746461807,-0.26461783545458667,0.26461152455285675
107,1.8000000000000014,-0.44940632581710815,-0.19580474495887756,0.011986488476395607,-0.13447564840316772,-0.36436405777931213,0.009598379954695702,-0.3385053873062134,-2.2541296333333354,-1.9158409747243408,-1.527081575656523,-1.8121415328079273,0.9405504061043737,0.016193630313500747,0.23813806056976317,-0.23813806056976317,0.23813806056976317,0.23813806056976317,-0.23813806056976317,0.23813806056976317,-2.1809111340288836,-1.882500204633844,-1.5283657013516603,-1.7878517627111685,1.0057701183419345,0.014473092717515212,0.2646228202882679,-0.2646118114857137,0.26461686884202706,0.2646053334887678,-0.26461629895019245,0.2646105615232966
108,1.8180000000000014,-0.44939255714416504,-0.1957971751689911,0.011975904926657677,-0.13445989787578583,-0.3643184304237366,0.009596939198672771,-0.33851858973503113,-2.260796300000002,-1.9191042609771574,-1.5268819772410787,-1.814382531105857,0.9344784322639781,0.016353579300145294,0.2381333076953888,-0.2381333076953888,0.2381333076953888,0.2381333076953888,-0.2381333076953888,0.2381333076953888,-2.1881135049709766,-1.8860240888372526,-1.528139732090323,-1.790273239584657,0.9992038216662447,0.014646447835948782,0.264626644968836,-0.26460864516793026,0.2646164794062267,0.2645972314100809,-0.26461453628469744,0.264605584173311
109,1.8340000000000014,-0.44939011335372925,-0.19579273462295532,0.011952096596360207,-0.13444800674915314,-0.36426886916160583,0.009607810527086258,-0.3385435938835144,-2.267462966666669,-1.9223674732208733,-1.5266827756311394,-1.8166233312183429,0.928407284444618,0.01651370947559673,0.2381243062019348,-0.2381243062019348,0.2381243062019348,0.2381243062019348,-0.2381243062019348,0.2381243062019348,-2.194511996011116,-1.8891541660984865,-1.527942296140746,-1.7924212846101957,0.993379511344516,0.014800323262353773,0.2646193618203085,-0.2646069104968706,0.26461230454626045,0.2645981617838082,-0.2646106071361197,0.2646042751982814
110,1.8500000000000014,-0.4493756592273712,-0.19578240811824799,0.011943046003580093,-0.1344381868839264,-0.36422106623649597,0.00960858166217804,-0.3385561406612396,-2.274129633333336,-1.9256305133561775,-1.526483724864413,-1.8188639676664082,0.9223369333406763,0.016673852503299696,0.23811978936195372,-0.23811978936195372,0.23811978936195372,0.23811978936195372,-0.23811978936195372,0.23811978936195372,-2.2009106883545946,-1.8922851655421828,-1.5277436157291753,-1.7945770551013742,0.9875353398060929,0.014954696055412721,0.2646143493639692,-0.2646033191431963,0.2646083892995447,0.2645968219713443,-0.2646078157629494,0.2646020695465082
111,1.8680000000000014,-0.4493626654148102,-0.1957719326019287,0.011934424750506878,-0.1344306319952011,-0.3641732335090637,0.009610803797841072,-0.3385659158229828,-2.2807963000000027,-1.928893378899543,-1.526284817785238,-1.8211044781996615,0.9162673794488586,0.01683403256659705,0.23811627030372617,-0.23811627030372617,0.23811627030372617,0.23811627030372617,-0.23811627030372617,0.23811627030372617,-2.20811290253053,-1.8958099407040554,-1.5275185546801628,-1.7969980921143525,0.9809710765428961,0.015127941894545525,0.26461706926796863,-0.2645990389335283,0.2646068936962928,0.26458759540029714,-0.2646049414685443,0.26459597798490625
112,1.8840000000000015,-0.4493601620197296,-0.1957634687423706,0.011915449053049088,-0.13442550599575043,-0.36412379145622253,0.00962640717625618,-0.3385888934135437,-2.2874629666666695,-1.9321561033785826,-1.5260862269676871,-1.8233449032995908,0.9101986495912548,0.016994472686201318,0.23810799837112426,-0.23810799837112426,0.23810799837112426,0.23810799837112426,-0.23810799837112426,0.23810799837112426,-2.214511336327156,-1.8989406912545261,-1.5273218946777432,-1.799145764989006,0.9751486160176828,0.015281755392811363,0.26460896774616627,-0.26459649299385823,0.26460190260673006,0.2645877223188119,-0.26460019774213167,0.26459385810202624
113,1.9000000000000015,-0.44934895634651184,-0.195754274725914,0.011907024309039116,-0.13441970944404602,-0.3640808165073395,0.009630069136619568,-0.3386017084121704,-2.2941296333333363,-1.9354186746240145,-1.5258877765625365,-1.825585231790325,0.9041306359827992,0.01715497383847831,0.23810338497161865,-0.23810338497161865,0.23810338497161865,0.23810338497161865,-0.23810338497161865,0.23810338497161865,-2.2209100092214653,-1.9020722387079423,-1.527123991214803,-1.8013011727034256,0.9693063213310426,0.015436101097503043,0.2646032040743987,-0.26459215521781293,0.2645972344890798,0.26458563822118697,-0.2645966612818125,0.26459090307197286
114,1.9180000000000015,-0.44933775067329407,-0.19574472308158875,0.011898698285222054,-0.13441333174705505,-0.364037424325943,0.00963266845792532,-0.3386130630970001,-2.300796300000003,-1.9386810866753743,-1.5256894649244495,-1.8278254539861092,0.8980633455773668,0.017315518312777067,0.23809929728507995,-0.23809929728507995,0.23809929728507995,0.23809929728507995,-0.23809929728507995,0.23809929728507995,-2.228112199240809,-1.9055974750479088,-1.5268997759724965,-1.8037217925150253,0.9627442076300995,0.015609350646061745,0.2646051066343453,-0.2645870536561228,0.26459491556469905,0.2645755748812404,-0.2645929681348146,0.26458398034005953
115,1.9340000000000015,-0.44933605194091797,-0.1957409679889679,0.011877160519361496,-0.13441133499145508,-0.36398690938949585,0.009653715416789055,-0.33863911032676697,-2.30746296666667,-1.941943436141857,-1.5254915122491268,-1.8300656429026334,0.8919968970875418,0.01747641356972355,0.2380899202823639,-0.2380899202823639,0.2380899202823639,0.2380899202823639,-0.2380899202823639,0.2380899202823639,-2.234510686767791,-1.9087285258666864,-1.5267038315645594,-1.8058691225550112,0.9569236795117715,0.015763205813464794,0.26459622111516823,-0.2645837311154817,0.26458914285516705,0.2645749326257846,-0.26458744425712766,0.26458108415352993
116,1.9500000000000015,-0.44932422041893005,-0.19573664665222168,0.011867855675518513,-0.1344090849161148,-0.3639459013938904,0.00965932197868824,-0.3386543393135071,-2.3141296333333368,-1.9452057135860608,-1.525293714654535,-1.832305794317902,0.8859311320643103,0.017637402269368354,0.23808443784713745,-0.23808443784713745,0.23808443784713745,0.23808443784713745,-0.23808443784713745,0.23808443784713745,-2.240909445999593,-1.911860260423431,-1.5265066403856626,-1.8080242038986336,0.9510833298088822,0.01591763016080124,0.2645896596538669,-0.26457859550334534,0.26458367826374435,0.26457205666055467,-0.264583111249898,0.2645773358377002
117,1.9680000000000015,-0.4493117928504944,-0.19573237001895905,0.011859611608088017,-0.13440893590450287,-0.36391139030456543,0.00966305285692215,-0.338665634393692,-2.3207963000000036,-1.9484679197530435,-1.5250960544610668,-1.8345459432496436,0.8798659422259009,0.017798453150317056,0.23808037161827086,-0.23808037161827086,0.23808037161827086,0.23808037161827086,-0.23808037161827086,0.23808037161827086,-2.2481117248748683,-1.915385570936373,-1.5262831937131263,-1.810444461688945,0.9445234205245449,0.01609100512856763,0.26459077207292075,-0.26457269417999424,0.2645805669554391,0.2645611831258448,-0.2645786208992108,0.26456961272438345
118,1.9840000000000015,-0.4493101239204407,-0.19573159515857697,0.011839721351861954,-0.13441132009029388,-0.36387360095977783,0.009682579897344112,-0.3386886715888977,-2.3274629666666704,-1.9517301130056863,-1.5248987257718691,-1.8367861319178151,0.8738013822099046,0.017959829481939457,0.2380720782279968,-0.2380720782279968,0.2380720782279968,0.2380720782279968,-0.2380720782279968,0.2380720782279968,-2.2545103590375217,-1.9185165979527643,-1.5260878925001256,-1.8125915123379135,0.9387048376054681,0.016245002901000966,0.26458136015805195,-0.2645688487545906,0.2645742748905148,0.2645600318470782,-0.26457257047696814,0.26456620366676115
119,2.0000000000000013,-0.44929471611976624,-0.19572614133358002,0.0118384575471282,-0.13441331684589386,-0.3638405203819275,0.009682324714958668,-0.3386997580528259,-2.3341296333333372,-1.954992215361246,-1.5247014181460836,-1.8390263538652467,0.8677373735368724,0.0181212015605221,0.23806808710098265,-0.23806808710098265,0.23806808710098265,0.23806808710098265,-0.23806808710098265,0.23806808710098265,-2.260909291926449,-1.9216482176163507,-1.525891335056249,-1.8147463464081248,0.9328664046392134,0.0163995900078765,0.2645744850418819,-0.26456339973762416,0.26456849849574743,0.264556849200869,-0.2645679255354627,0.26456214721894444
120,2.0179999999999993,-0.4492782950401306,-0.19571910798549652,0.011838757432997227,-0.13441509008407593,-0.36380574107170105,0.009680881164968014,-0.33870965242385864,-2.340796300000004,-1.9582542004943375,-1.5245041055222004,-1.841266605366648,0.8616739445190107,0.018282549579938235,0.2380645251274109,-0.2380645251274109,0.2380645251274109,0.2380645251274109,-0.2380645251274109,0.2380645251274109,-2.2681117527637302,-1.925173291632282,-1.5256685580814282,-1.8171663415883001,0.9263086389025381,0.0165731575521364,0.26457534911081265,-0.26455724643621487,0.26456512968760054,0.26454570408155204,-0.26456318592450795,0.26455415710173696
121,2.0339999999999976,-0.4492703378200531,-0.19571135938167572,0.011826949194073677,-0.13441920280456543,-0.36376339197158813,0.009696748107671738,-0.33873307704925537,-2.347462966666671,-1.9615160564840322,-1.5243069897022992,-1.8435069254133907,0.8556112213194842,0.01844416204839943,0.23805609226226807,-0.23805609226226807,0.23805609226226807,0.23805609226226807,-0.23805609226226807,0.23805609226226807,-2.2745106103908252,-1.9283040443237212,-1.5254737995679957,-1.8193132061947508,0.9204919467442453,0.016727332270513345,0.26456570873166874,-0.26455318099660885,0.2645586110452029,0.2645443392584039,-0.26455691154594535,0.2645505266714354
122,2.049999999999996,-0.44924265146255493,-0.1956520825624466,0.011848315596580505,-0.13443423807621002,-0.36371999979019165,0.009694990701973438,-0.3387305438518524,-2.3541296333333377,-1.9647769245267397,-1.5241095177756896,-1.8457474960479943,0.849549221322981,0.018605745226765655,0.23805700421333312,-0.23805700421333312,0.23805700421333312,0.23805700421333312,-0.23805700421333312,0.23805700421333312,-2.2809097873103457,-1.9314353168529108,-1.5252777577269176,-1.8214679022853966,0.9146554007029154,0.016882099454222314,0.26455916875062774,-0.26454805021942285,0.2645531810463921,0.2645414945837713,-0.26455258617727184,0.2645468188619203
123,2.067999999999994,-0.4491967260837555,-0.19554093480110168,0.011892721056938171,-0.13445770740509033,-0.3636588156223297,0.009682519361376762,-0.3386983275413513,-2.3607963000000045,-1.968035940106758,-1.523911305758074,-1.8479884578380792,0.8434882410626089,0.018767120549455268,0.23806860208511352,-0.23806860208511352,0.23806860208511352,0.23806860208511352,-0.23806860208511352,0.23806860208511352,-2.288112495847647,-1.9349598925959732,-1.5250554895762825,-1.8238878057621066,0.9080998111013879,0.017055852569690062,0.2645622127088003,-0.26454404215958444,0.2645520050631956,0.2645325009420845,-0.2645499939784201,0.2645410101967573
124,2.083999999999992,-0.4491516649723053,-0.19543501734733582,0.011927677318453789,-0.13447724282741547,-0.36358219385147095,0.009679839015007019,-0.33867642283439636,-2.3674629666666713,-1.9712931903958801,-1.5237125111360998,-1.8502297452185361,0.8374285378317511,0.018928451199705383,0.2380764877796173,-0.2380764877796173,0.2380764877796173,0.2380764877796173,-0.2380764877796173,0.2380764877796173,-2.2945116175965667,-1.9380901083237843,-1.5248611005657156,-1.8260346988444038,0.902285133432513,0.017210156009159778,0.2645560411359481,-0.26454344163311755,0.26454896181980797,0.2645346146094636,-0.2645471806873488,0.2645408580368591
125,2.0999999999999903,-0.44910117983818054,-0.19532452523708344,0.011974308639764786,-0.13450181484222412,-0.3635227382183075,0.009665780700743198,-0.3386451005935669,-2.374129633333338,-1.9745485991498315,-1.5235129393254372,-1.8524714421325732,0.8313698255281127,0.01908954754471777,0.2380877637863159,-0.2380877637863159,0.2380877637863159,0.2380877637863159,-0.2380877637863159,0.2380877637863159,-2.300911062398993,-1.9412207119532954,-1.5246653684047546,-1.8281895293302906,0.8964506957197808,0.017365001537973955,0.26455371721395926,-0.2645425517903214,0.26454773177882734,0.26453599144913714,-0.26454709769081197,0.2645413521012221
126,2.1179999999999883,-0.44905102252960205,-0.19521252810955048,0.012020645663142204,-0.13452692329883575,-0.36346375942230225,0.009651398286223412,-0.33861154317855835,-2.380796300000005,-1.9778021412849907,-1.5233125952310516,-1.854713557520887,0.8253120962044076,0.019250404182821493,0.238099844455719,-0.238099844455719,0.238099844455719,0.238099844455719,-0.238099844455719,0.238099844455719,-2.3081140292683617,-1.944744336225833,-1.5244433428346436,-1.8306096726187586,0.8898975883314068,0.017538785230209915,0.26456105652556583,-0.2645428739687157,0.2645508171803872,0.26453127623229733,-0.2645488386872407,0.2645397969191092
127,2.1339999999999866,-0.44900721311569214,-0.19511562585830688,0.012051444500684738,-0.13454459607601166,-0.363394170999527,0.009648514911532402,-0.33859509229660034,-2.387462966666672,-1.9810540683826292,-1.5231117378227068,-1.8569559674554872,0.8192555266877488,0.019411212764680365,0.23810576677322387,-0.23810576677322387,0.23810576677322387,0.23810576677322387,-0.23810576677322387,0.23810576677322387,-2.314513411326338,-1.94787353106717,-1.5242490588584356,-1.832756877119819,0.8840851855051117,0.017693071703427706,0.2645580907445913,-0.2645454945636991,0.26455097768211056,0.2645366131584299,-0.26454924309008215,0.2645428550014154
128,2.149999999999985,-0.44896239042282104,-0.195014089345932,0.012093808501958847,-0.13456501066684723,-0.3633408546447754,0.009632773697376251,-0.3385675251483917,-2.3941296333333386,-1.9843043032050613,-1.522910174347674,-1.859198717633268,0.8131998457770026,0.01957175899296997,0.23811569094657897,-0.23811569094657897,0.23811569094657897,0.23811569094657897,-0.23811569094657897,0.23811569094657897,-2.320913111749464,-1.9510029159568671,-1.5240533488687802,-1.8349120916427273,0.878253075091615,0.017847856565971074,0.26455852946476355,-0.26454736349098057,0.2645525159705294,0.26454075951943656,-0.26455192013193746,0.26454612118692156
129,2.167999999999983,-0.4489181637763977,-0.1949131041765213,0.012135510332882404,-0.13458581268787384,-0.3632894456386566,0.009616450406610966,-0.3385372757911682,-2.4007963000000054,-1.9875528549413366,-1.522707915842126,-1.8614418145113993,0.8071450216830249,0.019732033166413483,0.23812658071517945,-0.23812658071517945,0.23812658071517945,0.23812658071517945,-0.23812658071517945,0.23812658071517945,-2.3281163166055823,-1.9545249083864153,-1.523831219425832,-1.8373327076433315,0.8717026421162979,0.018021522248387312,0.26456853492834953,-0.26455033963495667,0.26455826633325846,0.26453868968304506,-0.26455631762906495,0.26454722262014935
130,2.183999999999981,-0.44887977838516235,-0.1948316991329193,0.012160110287368298,-0.1345987170934677,-0.36323049664497375,0.00961066409945488,-0.3385263681411743,-2.4074629666666723,-1.9908000499268852,-1.5225052473373364,-1.863685126462957,0.8010911800722754,0.0198922109014044,0.23813050746917724,-0.23813050746917724,0.23813050746917724,0.23813050746917724,-0.23813050746917724,0.23813050746917724,-2.3345159372856488,-1.9576524372345,-1.5236367187117126,-1.839480388722375,0.8658926357734167,0.01817566230549542,0.2645674696953352,-0.2645548700444201,0.2645603314859791,0.2645459454792016,-0.26455862805039504,0.26455219207729785
131,2.1999999999999793,-0.4488336443901062,-0.19473233819007874,0.012202092446386814,-0.13462010025978088,-0.3631836473941803,0.009595927782356739,-0.3385075330734253,-2.414129633333339,-1.99404558889672,-1.5223018791298966,-1.86592879480062,0.7950381192823724,0.020052143031110345,0.23813728809356688,-0.23813728809356688,0.23813728809356688,0.23813728809356688,-0.23813728809356688,0.23813728809356688,-2.3409158728967854,-1.9607799341304026,-1.5234407006472546,-1.841636122433806,0.8600629294269425,0.018330262480814093,0.2645692944171537,-0.2645581286549234,0.2645632549099695,0.2645514853379058,-0.26456269631625834,0.26455684722133993
132,2.2179999999999773,-0.448788583278656,-0.19463218748569489,0.012244071811437607,-0.13464264571666718,-0.3631373643875122,0.0095814298838377,-0.33848682045936584,-2.420796300000006,-1.9972894586881482,-1.5220978112663726,-1.8681728388958978,0.7889858298759139,0.020211833529174307,0.23814474463462829,-0.23814474463462829,0.23814474463462829,0.23814474463462829,-0.23814474463462829,0.23814474463462829,-2.3481192972886067,-1.9642995265361318,-1.523218089762223,-1.8440573412716204,0.8535152139917784,0.018503682741151738,0.26458030919820497,-0.26456210148003234,0.26457001025049953,0.26455040165715565,-0.26456809326607816,0.2645589443657442
133,2.2339999999999756,-0.4487502872943878,-0.19455361366271973,0.012267030775547028,-0.13465894758701324,-0.3630857765674591,0.009576503187417984,-0.33848533034324646,-2.4274629666666727,-2.00053201891586,-1.5218933607534468,-1.8704171546890147,0.7829344002664562,0.020371441915631273,0.23814528107643126,-0.23814528107643126,0.23814528107643126,0.23814528107643126,-0.23814528107643126,0.23814528107643126,-2.354519143489729,-1.9674247012987653,-1.5230230341053845,-1.8462056087101228,0.8477076119533502,0.018657578098638862,0.26457967326233844,-0.264567068604425,0.2645725108603911,0.2645581048682499,-0.264570836301867,0.26456435592892574
134,2.249999999999974,-0.4487055838108063,-0.1944606900215149,0.012298891320824623,-0.13468053936958313,-0.3630453646183014,0.009561094455420971,-0.33846160769462585,-2.4341296333333395,-2.0037730304162187,-1.521688379231433,-1.8726618303451745,0.7768836441894845,0.020530793489888288,0.23815382122993467,-0.23815382122993467,0.23815382122993467,0.23815382122993467,-0.23815382122993467,0.23815382122993467,-2.3609193045094257,-1.970549622943437,-1.5228263724621494,-1.848361964890876,0.8418802899482779,0.018811906190132288,0.2645820952101431,-0.264570907265173,0.26457604486270897,0.2645642479783127,-0.2645754861005137,0.26456962538592815
135,2.267999999999972,-0.4486615061759949,-0.19436612725257874,0.012330361641943455,-0.13470274209976196,-0.36300575733184814,0.009545191191136837,-0.3384351432323456,-2.4407963000000064,-2.0070124658704285,-1.5214828732040673,-1.8749068760468373,0.7708335482339537,0.02068988000974057,0.2381633484363556,-0.2381633484363556,0.2381633484363556,0.2381633484363556,-0.2381633484363556,0.2381633484363556,-2.3681229420512158,-1.9740660493350397,-1.5226029191970423,-1.850783892314118,0.8353352388014483,0.018984989500219082,0.26459397110319977,-0.2645757300110131,0.264583657036555,0.26456400144064113,-0.2645817358536704,0.26457256957634806
136,2.28399999999997,-0.44862377643585205,-0.19429121911525726,0.012344146147370338,-0.13471804559230804,-0.3629581034183502,0.009540343657135963,-0.338429719209671,-2.447462966666673,-2.010250652855683,-1.5212771374349445,-1.877152176806709,0.7647842465103145,0.020848885737359504,0.23816530108451842,-0.23816530108451842,0.23816530108451842,0.23816530108451842,-0.23816530108451842,0.23816530108451842,-2.3745230107357447,-1.9771882002342527,-1.522407013546442,-1.85293282606978,0.8295299729629946,0.019138563193297358,0.26459415577943457,-0.2645815285540168,0.264586981126733,0.2645725435029683,-0.26458530613818704,0.2645788112140037
137,2.2999999999999683,-0.44858285784721375,-0.19420070946216583,0.01237550936639309,-0.13474246859550476,-0.3629230856895447,0.009526091627776623,-0.3384073078632355,-2.45412963333334,-2.013487331346719,-1.5210708789455047,-1.8793978846166342,0.7587355284154887,0.021007653931155782,0.23817336916923523,-0.23817336916923523,0.23817336916923523,0.23817336916923523,-0.23817336916923523,0.23817336916923523,-2.380923399215916,-1.9803098932719947,-1.5222094436560676,-1.855089878416965,0.8237049501077913,0.019292548363407273,0.2645972671739197,-0.2645860647247508,0.2645912009779713,0.2645793835717499,-0.26459065513226676,0.2645847702815931
138,2.3179999999999663,-0.44854310154914856,-0.19410930573940277,0.012407233938574791,-0.13476768136024475,-0.36288952827453613,0.009512524120509624,-0.3383844494819641,-2.460796300000007,-2.016722486442376,-1.5208640917131953,-1.8816440126393048,0.7526873696109131,0.021166195999830942,0.2381815981864929,-0.2381815981864929,0.2381815981864929,0.2381815981864929,-0.2381815981864929,0.2381815981864929,-2.388127259353389,-1.9838224465854046,-1.521984883206928,-1.8575125972963191,0.8171624517337629,0.019465227482234934,0.26460969961597336,-0.2645914349437528,0.26459936064316386,0.2645796679407875,-0.2645974554711446,0.2645882516295494
139,2.3339999999999645,-0.44851037859916687,-0.19403773546218872,0.012420608662068844,-0.1347855031490326,-0.36284810304641724,0.009508957155048847,-0.33838000893592834,-2.4674629666666736,-2.019956448700079,-1.5206570815688274,-1.8838904376917887,0.7466399012268061,0.021324678619081758,0.2381831967830658,-0.2381831967830658,0.2381831967830658,0.2381831967830658,-0.2381831967830658,0.2381831967830658,-2.39452756357376,-1.986940976583961,-1.5217879140536263,-1.8596622766553406,0.8113594075328973,0.019618431499321545,0.26461027636294004,-0.2645976314417261,0.2646030850384497,0.26458862085800805,-0.2646014192243318,0.2645949005261863
140,2.349999999999963,-0.4484745264053345,-0.19395074248313904,0.012453270144760609,-0.1348121017217636,-0.36282017827033997,0.009497086517512798,-0.338360071182251,-2.4741296333333405,-2.0231889610747977,-1.5204495270664147,-1.886137306053818,0.7405928982556338,0.02148296339437364,0.23819037437438964,-0.23819037437438964,0.23819037437438964,0.23819037437438964,-0.23819037437438964,0.23819037437438964,-2.4009281977400194,-1.9900588791122737,-1.5215892369827466,-1.8618201090209403,0.8055365523403453,0.019772037896255274,0.26461364993111275,-0.2646024322640065,0.2646075680814172,0.26459573076061377,-0.26460703460756735,0.2646011267399152
141,2.367999999999961,-0.44843989610671997,-0.1938643753528595,0.012484519742429256,-0.1348395198583603,-0.3627922832965851,0.009487049654126167,-0.3383413851261139,-2.4807963000000073,-2.0264200339973453,-1.5202414517373741,-1.8883846313847907,0.7345463602006908,0.021641080888609075,0.23819710135459898,-0.23819710135459898,0.23819710135459898,0.23819710135459898,-0.23819710135459898,0.23819710135459898,-2.408132307125432,-1.9935669741296616,-1.5213633600078214,-1.8642437162638146,0.798996442183948,0.019944287065549533,0.26462618424338474,-0.2646078927912924,0.2646158208576487,0.2645960898604475,-0.2646139285249167,0.26460469026866196
142,2.383999999999959,-0.44840747117996216,-0.19380736351013184,0.012492887675762177,-0.13484510779380798,-0.36275243759155273,0.009480397216975689,-0.33833637833595276,-2.487462966666674,-2.0296501567225143,-1.520033236942778,-1.890632049848021,0.7285004862408315,0.021799087508892003,0.238198903799057,-0.238198903799057,0.238198903799057,0.238198903799057,-0.238198903799057,0.238198903799057,-2.41453287377985,-1.9966814077353165,-1.5211651550163965,-1.8663942099084192,0.7931954660359011,0.02009710435704864,0.2646268508164879,-0.2646141831677155,0.26461964460601206,0.26460515085199,-0.26461798144440696,0.2646114452104199
143,2.3999999999999573,-0.4483667016029358,-0.19374136626720428,0.012515642680227757,-0.1348455548286438,-0.3627212643623352,0.009459897875785828,-0.33831343054771423,-2.494129633333341,-2.0328791794936345,-1.5198246428981075,-1.8928794757618317,0.7224551318347926,0.021956752473488432,0.23820716500282288,-0.23820716500282288,0.23820716500282288,0.23820716500282288,-0.23820716500282288,0.23820716500282288,-2.420933784177738,-1.9997950904520831,-1.5209652153640456,-1.8685528364494606,0.7873746313448713,0.02025030509796809,0.2646304280862931,-0.26461918503175347,0.26462433490803006,0.2646124696851808,-0.264623799596784,0.26461788165945066
144,2.4179999999999553,-0.44832688570022583,-0.19367127120494843,0.012537914328277111,-0.13484886288642883,-0.36269205808639526,0.009439690969884396,-0.3382902443408966,-2.5007963000000077,-2.036107034013717,-1.5196156776593028,-1.895126956809939,0.7164102642000193,0.02211408065631984,0.2382155120372772,-0.2382155120372772,0.2382155120372772,0.2382155120372772,-0.2382155120372772,0.2382155120372772,-2.4281381815573106,-2.003298305545169,-1.5207378737167712,-1.8709772499098385,0.7808367618525742,0.02042206321334063,0.26464337751606476,-0.2646250469997239,0.2646329948727889,0.2646132147701389,-0.2646310981111014,0.26462184050401666
145,2.4339999999999535,-0.4482908248901367,-0.19363285601139069,0.012538153678178787,-0.13483044505119324,-0.362651526927948,0.009423398412764072,-0.3382774889469147,-2.5074629666666746,-2.0393342482805736,-1.5194067084313332,-1.8973741308941254,0.7103660720845535,0.022271137296532576,0.2382201039791107,-0.2382201039791107,0.2382201039791107,0.2382201039791107,-0.2382201039791107,0.2382201039791107,-2.434539046922809,-2.006408327012859,-1.5205383286341925,-1.8731283888445946,0.7750377404928479,0.020574405236878642,0.26464465686558014,-0.26463195614449897,0.26463743975028314,0.2646229068066644,-0.264635765093724,0.2646292231675848
146,2.4499999999999518,-0.4482501745223999,-0.19354906678199768,0.012570011429488659,-0.13484011590480804,-0.3626229166984558,0.009406146593391895,-0.33823856711387634,-2.5141296333333414,-2.0425600660602736,-1.5191972082408418,-1.8996214661592055,0.7043223568062459,0.022427906406422442,0.2382341158390045,-0.2382341158390045,0.2382341158390045,0.2382341158390045,-0.2382341158390045,0.2382341158390045,-2.4409402707248966,-2.009517532418525,-1.5203370418720987,-1.8752875973387302,0.7692188215334111,0.02072709644124427,0.26464941238243117,-0.26463812855120433,0.264643316175223,0.26463141080322694,-0.26464275552603506,0.26463684960368145
147,2.46799999999995,-0.4482060372829437,-0.19344568252563477,0.012609878554940224,-0.13485181331634521,-0.3625878691673279,0.009388844482600689,-0.33817997574806213,-2.520796300000008,-2.0457841607690344,-1.5189870435982595,-1.9018689963811446,0.6982792256534571,0.02258438714779912,0.2382552087306976,-0.2382552087306976,0.2382552087306976,0.2382552087306976,-0.2382552087306976,0.2382552087306976,-2.44814499567445,-2.013015642135774,-1.5201081532595966,-1.877712587987493,0.7626830911706544,0.020898251524449737,0.2646651014817374,-0.2646467024052161,0.26465471844386185,0.26463486562286515,-0.26465276898701495,0.26464353882826747
148,2.483999999999948,-0.44816070795059204,-0.19336172938346863,0.012632138095796108,-0.13483361899852753,-0.3625352382659912,0.009368336759507656,-0.33811867237091064,-2.527462966666675,-2.049006856258759,-1.5187765079633295,-1.9041162233644533,0.6922369716823573,0.022740526093790916,0.23827727794647216,-0.23827727794647216,0.23827727794647216,0.23827727794647216,-0.23827727794647216,0.23827727794647216,-2.454546188220926,-2.016121094982959,-1.5199071971165505,-1.879864213469437,0.7568859636720106,0.021050030067233466,0.2646704254765745,-0.26465764710696044,0.2646632249611992,0.26464861843996296,-0.26466146667508955,0.26465498904426704
149,2.4999999999999463,-0.44811853766441345,-0.19325818121433258,0.012673704884946346,-0.13484391570091248,-0.3625037372112274,0.009350662119686604,-0.3380619287490845,-2.534129633333342,-2.0522278259456646,-1.5185652795485804,-1.9063636219594684,0.6861952427288368,0.02289637046245236,0.2382977056503296,-0.2382977056503296,0.2382977056503296,0.2382977056503296,-0.2382977056503296,0.2382977056503296,-2.460947749262522,-2.01922569179661,-1.5197044935347395,-1.8820238783998673,0.7510689344664216,0.02120212831462678,0.2646794817860256,-0.2646681623426824,0.2646733778701881,0.2646614329709321,-0.264672801867108,0.26466689551571804
150,2.5179999999999443,-0.44807901978492737,-0.1931525021791458,0.012716347351670265,-0.13485749065876007,-0.36247432231903076,0.009335195645689964,-0.3380041718482971,-2.5407963000000087,-2.055447034315317,-1.5183533404260525,-1.908611246803781,0.6801540040235197,0.023051957056547192,0.23831849813461303,-0.23831849813461303,0.23831849813461303,0.23831849813461303,-0.23831849813461303,0.23831849813461303,-2.4681528244101973,-2.022718564300184,-1.5194739817840477,-1.8844493281047052,0.7445353331552637,0.02137259033771666,0.26469948113303193,-0.2646810632155674,0.2646890584419633,0.26466917243266214,-0.2646871460402599,0.26467785220736567
151,2.5339999999999425,-0.44804033637046814,-0.19307003915309906,0.01274027954787016,-0.13484704494476318,-0.3624304533004761,0.009319446980953217,-0.33794769644737244,-2.5474629666666755,-2.058664868301202,-1.518141002433588,-1.9108586975528603,0.6741134964685117,0.023207281172896412,0.23833882927894592,-0.23833882927894592,0.23833882927894592,0.23833882927894592,-0.23833882927894592,0.23833882927894592,-2.4745543591700896,-2.0258193398495363,-1.519271547235865,-1.8866013599849356,0.7387400770540518,0.02152374075744431,0.2647080408321211,-0.264695258812592,0.26470080511229777,0.264686182428862,-0.2646990898236147,0.2646925505901881
152,2.5499999999999408,-0.44800400733947754,-0.1929675042629242,0.012783791869878769,-0.13486410677433014,-0.3624066114425659,0.009305261075496674,-0.3378952145576477,-2.5541296333333423,-2.0618809933722506,-1.5179279392357568,-1.9131064326657659,0.6680733862778023,0.023362368857488023,0.23835772275924683,-0.23835772275924683,0.23835772275924683,0.23835772275924683,-0.23835772275924683,0.23835772275924683,-2.4809562663187874,-2.028919226385929,-1.5190673545600755,-1.8887614289170016,0.7329248877162587,0.021675200527817417,0.2647198677404293,-0.2647085428457875,0.2647137338878962,0.2647017759301997,-0.26471319559470435,0.2647072374054724
153,2.5679999999999388,-0.44796887040138245,-0.19286300241947174,0.012826761230826378,-0.1348840892314911,-0.3623834252357483,0.009291047230362892,-0.33784204721450806,-2.560796300000009,-2.0650953767459086,-1.5177141598819097,-1.915354500819624,0.6620336625238732,0.023517219644660737,0.23837686300277708,-0.23837686300277708,0.23837686300277708,0.23837686300277708,-0.23837686300277708,0.23837686300277708,-2.4881616940849907,-2.032406755980081,-1.5188351318332387,-1.891187314372822,0.7263933292001512,0.021844937364110122,0.26474249210103556,-0.26472404996116483,0.2647320332294741,0.26471211143799994,-0.26473014940115597,0.26472080127281283
154,2.583999999999937,-0.44793498516082764,-0.19278572499752045,0.012849485501646996,-0.1348789930343628,-0.3623465895652771,0.009275778196752071,-0.33779191970825195,-2.567462966666676,-2.068308472162534,-1.5175000017902156,-1.9176024840368633,0.6559945526977853,0.023671815947939937,0.2383949089050293,-0.2383949089050293,0.2383949089050293,0.2383949089050293,-0.2383949089050293,0.2383949089050293,-2.494563565911563,-2.035502767929535,-1.5186311379577804,-1.8933397581929443,0.7205998455775385,0.021995440762702188,0.26475288187862583,-0.26474008883026073,0.2647456165971877,0.26473097343977076,-0.2647439314121831,0.2647373443101975
155,2.5999999999999353,-0.44790470600128174,-0.19269877672195435,0.012887854129076004,-0.13489824533462524,-0.36233237385749817,0.009262393228709698,-0.3377476632595062,-2.5741296333333428,-2.0715201184412333,-1.5172852042213976,-1.9198507881257738,0.6499556798001603,0.023826189168418433,0.23841084122657774,-0.23841084122657774,0.23841084122657774,0.23841084122657774,-0.23841084122657774,0.23841084122657774,-2.5009658093103946,-2.038597866830514,-1.518425375660074,-1.895500254476303,0.7147863738901508,0.02214624818836767,0.26476605356733357,-0.2647547206901688,0.26475989115115894,0.2647479208049345,-0.26475938700225216,0.2647533815156385
156,2.6179999999999333,-0.4478784203529358,-0.19261203706264496,0.012926007620990276,-0.13492147624492645,-0.3623187839984894,0.009250683709979057,-0.3377014994621277,-2.5807963000000096,-2.074730319058944,-1.5170697707610477,-1.9220994793965225,0.6439170334001855,0.023980367230251418,0.23842746019363403,-0.23842746019363403,0.23842746019363403,0.23842746019363403,-0.23842746019363403,0.23842746019363403,-2.5081715748763505,-2.04207998215013,-1.518191355356812,-1.8979266149493292,0.7082566919182925,0.02231525142665128,0.2647897616417296,-0.2647712899750789,0.26477926789603523,0.26475930979489465,-0.2647774065913044,0.26476801078943274
157,2.6339999999999315,-0.44785642623901367,-0.19254128634929657,0.012949780561029911,-0.13492456078529358,-0.3622894585132599,0.009238900616765022,-0.33765819668769836,-2.5874629666666764,-2.077939340498099,-1.5168539410850306,-1.9243482220762773,0.6378788757582978,0.0241343489071975,0.2384430491924286,-0.2384430491924286,0.2384430491924286,0.2384430491924286,-0.2384430491924286,0.2384430491924286,-2.514573767089988,-2.0451711856254975,-1.5179857289531262,-1.9000795197007154,0.7024648089586428,0.022465110286293336,0.26480073227622986,-0.2647879218444907,0.2647934408881401,0.26477877531480304,-0.26479177629159467,0.26478515171522027
158,2.6499999999999297,-0.4478397071361542,-0.19247980415821075,0.01298116147518158,-0.1349441260099411,-0.36228272318840027,0.009230305440723896,-0.337633341550827,-2.5941296333333432,-2.081147337234069,-1.5166375883937775,-1.9265972908431097,0.6318408303718245,0.024288187331209566,0.23845199704170225,-0.23845199704170225,0.23845199704170225,0.23845199704170225,-0.23845199704170225,0.23845199704170225,-2.520976329818708,-2.048261475281791,-1.5177783278962265,-1.9022405036457541,0.6966528630960127,0.022615282399905484,0.2648136788651505,-0.26480234461044827,0.26480748275484256,0.2647955073024574,-0.264807024952335,0.26480096080269394
159,2.6679999999999278,-0.44783300161361694,-0.19246868789196014,0.01299203746020794,-0.13494905829429626,-0.36228036880493164,0.009224760346114635,-0.3376375734806061,-2.60079630000001,-2.0843551486989353,-1.5164210544361074,-1.9288464418146813,0.6258028242250756,0.024441933336978142,0.2384504735469818,-0.2384504735469818,0.2384504735469818,0.2384504735469818,-0.2384504735469818,0.2384504735469818,-2.5281824189600326,-2.0517381920045006,-1.517542445491172,-1.9046673856846743,0.690124819327936,0.02278359165805564,0.2648349964111478,-0.26481652981589937,0.26482443909406056,0.2648044754958971,-0.26482266460004883,0.26481315717463105
160,2.683999999999926,-0.44782719016075134,-0.19246906042099,0.012989294715225697,-0.13493575155735016,-0.3622630536556244,0.00921828206628561,-0.33763864636421204,-2.607462966666677,-2.0875629663726185,-1.5162045661908536,-1.9310953710073038,0.6197651066641485,0.024595571371416235,0.23845008730888365,-0.23845008730888365,0.23845008730888365,0.23845008730888365,-0.23845008730888365,0.23845008730888365,-2.534584922972793,-2.054824652055336,-1.517335147582612,-1.9068207387435676,0.684334300441324,0.022932860349051395,0.2648423397306033,-0.26482954539139564,0.2648349962382418,0.26482033696785623,-0.26483341233185387,0.26482669098632067
161,2.6999999999999242,-0.4478229880332947,-0.19245898723602295,0.013000809587538242,-0.13494455814361572,-0.3622669577598572,0.009213733486831188,-0.3376450836658478,-2.6141296333333437,-2.0907706161598854,-1.5159878860310614,-1.933344446976364,0.6137273240348176,0.024749133596196755,0.23844776988029479,-0.23844776988029479,0.23844776988029479,0.23844776988029479,-0.23844776988029479,0.23844776988029479,-2.5409878012128795,-2.0579102662093067,-1.5171260910893836,-1.9089821296862255,0.6785236151199702,0.023082468380491297,0.26485083384686947,-0.2648394963556042,0.26484460271090354,0.26483262430848215,-0.26484419118638536,0.264838069441237
162,2.7179999999999223,-0.4478199779987335,-0.19244733452796936,0.013011428527534008,-0.1349574476480484,-0.3622739017009735,0.009210281074047089,-0.33765044808387756,-2.6207963000000105,-2.0939780717353513,-1.515771028888936,-1.9355937377704981,0.6076894256731347,0.024902638280764205,0.23844583868980407,-0.23844583868980407,0.23844583868980407,0.23844583868980407,-0.23844583868980407,0.23844583868980407,-2.548194210875971,-2.061381831867029,-1.5168883518727498,-1.9114094110927349,0.6719968857118634,0.02325017466777386,0.26486766186075267,-0.26484912912667724,0.26485708915798467,0.2648370671485083,-0.26485528199918174,0.2648457825502417
163,2.7339999999999205,-0.4478181302547455,-0.192447230219841,0.013008811511099339,-0.1349533051252365,-0.36226674914360046,0.009206228889524937,-0.3376538157463074,-2.6274629666666773,-2.097185525572349,-1.515554215363751,-1.9378429595225855,0.6016516465207413,0.025056075428922953,0.23844462633132935,-0.23844462633132935,0.23844462633132935,0.23844462633132935,-0.23844462633132935,0.23844462633132935,-2.5545970231470143,-2.0644638533372093,-1.5166794123525162,-1.9135631187516473,0.666207426029501,0.023398938893863658,0.26487129849229546,-0.26485845401346675,0.26486394917115086,0.264849247274494,-0.2648623332812946,0.26485562818742814
164,2.7499999999999187,-0.44781768321990967,-0.19243697822093964,0.013020589016377926,-0.13497048616409302,-0.3622798025608063,0.009204345755279064,-0.3376629948616028,-2.634129633333344,-2.100392808542698,-1.5153372055468113,-1.9400924676253204,0.5956136498113945,0.025209481191510938,0.238441321849823,-0.238441321849823,0.238441321849823,0.238441321849823,-0.238441321849823,0.238441321849823,-2.5610002121561144,-2.0675451678469607,-1.5164687553527543,-1.9157248659104404,0.6603976822824312,0.023548071414529886,0.264876341951669,-0.26486496094435513,0.2648701027801266,0.2648580938163107,-0.26486967052896854,0.2648635586956572
165,2.7679999999999167,-0.4478197395801544,-0.19242307543754578,0.013033091090619564,-0.1349906623363495,-0.3622908592224121,0.009203500114381313,-0.33766791224479675,-2.640796300000011,-2.1035998597999903,-1.5151199873619676,-1.9423423119975929,0.5895754688243543,0.02536287286008396,0.23843955159187316,-0.23843955159187316,0.23843955159187316,0.23843955159187316,-0.23843955159187316,0.23843955159187316,-2.568206936347048,-2.0710120768139135,-1.5162292547727048,-1.9181525373387869,0.6538719039329672,0.02371527747741522,0.2648897265434294,-0.2648711277479793,0.2648791347167626,0.2648590574207921,-0.26487729941894755,0.26486780309393837
166,2.783999999999915,-0.4478241503238678,-0.19241683185100555,0.013034854084253311,-0.13499340415000916,-0.3622863292694092,0.009204263798892498,-0.33767011761665344,-2.647462966666678,-2.106806806997507,-1.5149027397938968,-1.9445922020667596,0.5835373633365308,0.025516277256732167,0.23843875765800476,-0.23843875765800476,0.23843875765800476,0.23843875765800476,-0.23843875765800476,0.23843875765800476,-2.5746100479639615,-2.0740901513979706,-1.516018785024355,-1.920306626500603,0.6480831876618892,0.023863634340248446,0.26489062983634043,-0.264877734856504,0.2648832704017845,0.26486852819078016,-0.26488162685816485,0.26487493293414505
167,2.7999999999999132,-0.44783106446266174,-0.19240175187587738,0.013050158508121967,-0.1350167989730835,-0.36229926347732544,0.009207573719322681,-0.3376763164997101,-2.6541296333333446,-2.110013502862105,-1.5146852371520947,-1.9468424820496444,0.5774990422785754,0.025669736818720878,0.23843652606010435,-0.23843652606010435,0.23843652606010435,0.23843652606010435,-0.23843652606010435,0.23843652606010435,-2.5810135351768784,-2.0771676971515554,-1.5158066583554395,-1.9224687863176255,0.6422740874005004,0.024012397667834934,0.2648933242191173,-0.26488189428534026,0.26488707712989124,0.26487503374489485,-0.2648866188996291,0.26488052079555074
168,2.8179999999999112,-0.44784116744995117,-0.1923833042383194,0.01306661032140255,-0.13504301011562347,-0.3623105585575104,0.009214711375534534,-0.3376815617084503,-2.6607963000000114,-2.1132198912660773,-1.5144674603134047,-1.9490931988849047,0.5714605329692836,0.025823315341646454,0.23843463778495788,-0.23843463778495788,0.23843463778495788,0.23843463778495788,-0.23843463778495788,0.23843463778495788,-2.588220555726285,-2.0806305822172333,-1.5155655622288533,-1.9248969402473597,0.6357489509784533,0.024179240221121317,0.26490433738780733,-0.26488567388909445,0.2648937214680968,0.26487358967043534,-0.264891864723968,0.2648823629405574
169,2.8339999999999095,-0.4476042091846466,-0.19239921867847443,0.013514125719666481,-0.13511575758457184,-0.36243271827697754,0.009198698215186596,-0.33801987767219543,-2.6674629666666783,-2.1164265449107185,-1.5142422248847436,-1.951345128177981,0.5654199876646673,0.02597662697856623,0.23831284403800965,-0.23831284403800965,0.23831284403800965,0.23831284403800965,-0.23831284403800965,0.23831284403800965,-2.594623985149751,-2.0837053510699857,-1.515353583204261,-1.927051670309109,0.6299605791914907,0.024327295628562146,0.2648900484605048,-0.2648775143943227,0.26488241515299576,0.26486794121950435,-0.2648814222134716,0.2648740698283984
170,2.8499999999999077,-0.4467053711414337,-0.19248461723327637,0.015172399580478668,-0.13538232445716858,-0.36290085315704346,0.00912853330373764,-0.33925238251686096,-2.674129633333345,-2.1196346218646065,-1.5139893515584022,-1.953601500252267,0.5593716401120499,0.02612876920029519,0.23786914229393005,-0.23786914229393005,0.23786914229393005,0.23786914229393005,-0.23786914229393005,0.23786914229393005,-2.6010279530862888,-2.0867800973482518,-1.5151391621322512,-1.929215203490138,0.624151063793715,0.024475673596478422,0.2648310868400983,-0.2648211063113673,0.2648238601574217,0.26481294178129344,-0.2648258589050126,0.2648173371926177
171,2.8679999999999057,-0.4459054470062256,-0.19255778193473816,0.01664310321211815,-0.13561619818210602,-0.36331263184547424,0.009069038555026054,-0.3403470814228058,-2.680796300000012,-2.1228439182301853,-1.5137119665048668,-1.955861770221969,0.553316429581292,0.026279919842878956,0.2374750506877899,-0.2374750506877899,0.2374750506877899,0.2374750506877899,-0.2374750506877899,0.2374750506877899,-2.608235745084174,-2.0902408866261704,-1.5148930077249099,-1.9316460074509396,0.6176241154749256,0.024641892316513044,0.2647338502664798,-0.26471607554825644,0.2647224962456022,0.2647031870289049,-0.2647223071025902,0.2647111726416237
172,2.883999999999904,-0.4450345039367676,-0.19264653325080872,0.018230434507131577,-0.1358524113893509,-0.36374595761299133,0.009005538187921047,-0.3415375053882599,-2.6874629666666787,-2.1260546937843654,-1.513408125929748,-1.958125977078458,0.5472539969544088,0.026430012146010973,0.23704649806022643,-0.23704649806022643,0.23704649806022643,0.23704649806022643,-0.23704649806022643,0.23704649806022643,-2.614640152544425,-2.093315066503438,-1.514673099901245,-1.933804260138276,0.6118326078953955,0.024789175680687232,0.26460054114067105,-0.2645886471560746,0.2645924975153521,0.2645785867260309,-0.264592575777212,0.26458421755166334
173,2.899999999999902,-0.4442214369773865,-0.19272111356258392,0.019724369049072266,-0.13608846068382263,-0.3641645610332489,0.008948582224547863,-0.342654824256897,-2.6941296333333455,-2.1292667123437417,-1.513079386445597,-1.960394118089855,0.5411845876038547,0.02657915518308677,0.23664426326751709,-0.23664426326751709,0.23664426326751709,0.23664426326751709,-0.23664426326751709,0.23664426326751709,-2.6210453009132175,-2.0963905879348412,-1.5144465824097864,-1.93597217072942,0.6060185321531691,0.024936595418178036,0.26443960557731927,-0.264429021066368,0.26443278201743853,0.2644215262774502,-0.26443379284628654,0.2644263169958265
174,2.9179999999999002,-0.4434049129486084,-0.1927928924560547,0.021225571632385254,-0.13632872700691223,-0.3645871877670288,0.008893114514648914,-0.34377774596214294,-2.7007963000000124,-2.132479927218009,-1.5127256269183904,-1.96266626353997,0.5351081344744042,0.02672737375833092,0.23624001145362852,-0.23624001145362852,0.23624001145362852,0.23624001145362852,-0.23624001145362852,0.23624001145362852,-2.62825459308819,-2.099853820720851,-1.514181519529516,-1.9384086154923135,0.5994849642473109,0.025101556509141032,0.2642377070765876,-0.2642193856038731,0.26422671541935316,0.26420704353605945,-0.2642256427640183,0.26421541129043213
175,2.9339999999998985,-0.4424843192100525,-0.19288460910320282,0.022908246144652367,-0.13658498227596283,-0.365052729845047,0.008829034864902496,-0.3450455665588379,-2.707462966666679,-2.1356946707030624,-1.5123438228159796,-1.9649426799112362,0.52902392231032,0.02687452433941263,0.23578359603881835,-0.23578359603881835,0.23578359603881835,0.23578359603881835,-0.23578359603881835,0.23578359603881835,-2.63466044670061,-2.1029313864472288,-1.5139402330847664,-1.9405724846571883,0.5936863108905045,0.02524757885253944,0.26401773198812784,-0.26400548858615425,0.2640099083927682,0.2639958309454965,-0.2640094353463018,0.2640016611667063
176,2.9499999999998967,-0.44163092970848083,-0.19296325743198395,0.024481739848852158,-0.13683713972568512,-0.3654981553554535,0.008772708475589752,-0.34622684121131897,-2.714129633333346,-2.1389107249935955,-1.5119357938184987,-1.9672232989066643,0.5229322863877292,0.027020736147339127,0.23535833716392515,-0.23535833716392515,0.23535833716392515,0.23535833716392515,-0.23535833716392515,0.23535833716392515,-2.6410670747593326,-2.1060113126281843,-1.5136879876332594,-1.942746615257823,0.5878638515743313,0.02539359955166402,0.2637759979304574,-0.2637650954009089,0.2637693648004965,0.26375798166007514,-0.26376989150141844,0.2637629375818379
177,2.9679999999998947,-0.44077545404434204,-0.19303908944129944,0.026060516014695168,-0.13709291815757751,-0.36594682931900024,0.008717306889593601,-0.3474113643169403,-2.720796300000013,-2.1421280431509504,-1.5115014518849206,-1.9695081808759571,0.5168331725657458,0.027166024595499022,0.23493190884590148,-0.23493190884590148,0.23493190884590148,0.23493190884590148,-0.23493190884590148,0.23493190884590148,-2.6482779620037005,-2.1094805170217277,-1.5133889048183389,-1.945190562810445,0.5813195786567669,0.025556851714252517,0.263489809678053,-0.26347112636175524,0.2634789838795338,0.2634591212853849,-0.2634774167513344,0.263467684377775
178,2.983999999999893,-0.43981489539146423,-0.19313141703605652,0.02782062441110611,-0.1373656839132309,-0.3664364814758301,0.008653162978589535,-0.3487398624420166,-2.7274629666666796,-2.1453469001015515,-1.5110377748114021,-1.9717976089411777,0.510725897874482,0.027310243978475514,0.23445364952087402,-0.23445364952087402,0.23445364952087402,0.23445364952087402,-0.23445364952087402,0.23445364952087402,-2.654685138930179,-2.112564063516304,-1.5131132365937383,-1.9473615663992143,0.5755103439319111,0.02570124841365556,0.2632001059420778,-0.2631875665616407,0.2631924496316694,0.26317822438076266,-0.26319153335159445,0.2631842204263035
179,2.999999999999891,-0.43892478942871094,-0.19321097433567047,0.029466189444065094,-0.13763293623924255,-0.3669039011001587,0.008596733212471008,-0.3499782681465149,-2.7341296333333465,-2.148567083007146,-1.510546671654001,-1.9740914912118317,0.5046108328561459,0.027453522865350032,0.23400782346725463,-0.23400782346725463,0.23400782346725463,0.23400782346725463,-0.23400782346725463,0.23400782346725463,-2.6610929555632956,-2.115650483095066,-1.512822768039009,-1.9495433439405248,0.5696762414500387,0.025845535639884554,0.262893139894225,-0.2628819673510443,0.2628866616052627,0.2628751552610216,-0.26288678908624874,0.26288025788507535
180,3.017999999999889,-0.43803736567497253,-0.19328662753105164,0.031109148636460304,-0.13790223002433777,-0.3673720061779022,0.008540848270058632,-0.35121461749076843,-2.7407963000000133,-2.15178852679933,-1.5100281858433933,-1.9763898617122373,0.49848796608651424,0.027595870336517676,0.23356273770332336,-0.23356273770332336,0.23356273770332336,0.23356273770332336,-0.23356273770332336,0.23356273770332336,-2.6683049449748864,-2.1191274334458194,-1.5124762750858864,-1.951996304040356,0.5631178084286729,0.026006734669542283,0.2625388325386412,-0.26251983315245436,0.2625281271225511,0.26250808775475093,-0.2625261590716182,0.26251681855948805
181,3.0339999999998875,-0.4370456039905548,-0.19337992370128632,0.03293275833129883,-0.13818828761577606,-0.36788269877433777,0.008476275019347668,-0.3525928854942322,-2.74746296666668,-2.155011525527685,-1.5094793065378715,-1.978692999839167,0.49235658777360863,0.02773714158684014,0.23306656122207642,-0.23306656122207642,0.23306656122207642,0.23306656122207642,-0.23306656122207642,0.23306656122207642,-2.674712891518318,-2.122218062873984,-1.5121549427310332,-1.9541757104396686,0.5572951004313508,0.026149225282641377,0.2621927349840152,-0.2621799396115572,0.2621852040683399,0.26217084378604344,-0.262183928435468,0.2621769801138226
182,3.0499999999998857,-0.43612492084503174,-0.19346092641353607,0.03463989496231079,-0.13846799731254578,-0.36837056279182434,0.008419341407716274,-0.353879451751709,-2.754129633333347,-2.1582358743012438,-1.5089019749551664,-1.981000799794376,0.4862170783937449,0.02787746394363541,0.23260339736938476,-0.23260339736938476,0.23260339736938476,0.23260339736938476,-0.23260339736938476,0.23260339736938476,-2.6811212651430103,-2.1253116767181095,-1.5118155427678543,-1.9563663463525343,0.551446616333703,0.026291519800512798,0.2618329375764153,-0.26182153321640383,0.26182657554552496,0.261814957636434,-0.2618263825230004,0.26182018342385815
183,3.0679999999998837,-0.4352053701877594,-0.19353902339935303,0.0363461971282959,-0.1387500762939453,-0.36885979771614075,0.008363338187336922,-0.35516464710235596,-2.7607963000000137,-2.1614615246912328,-1.5082962050030282,-1.9833133010659416,0.4800694150984759,0.02801685291342436,0.23214072704315183,-0.23214072704315183,0.23214072704315183,0.23214072704315183,-0.23214072704315183,0.23214072704315183,-2.688333586912783,-2.128796739418661,-1.511410256773016,-1.958829617467998,0.5448711132979891,0.026450397936555917,0.2614231720580945,-0.2614038979814971,0.26141254560933413,0.2613923452069377,-0.26141026156341995,0.2614012170941866
184,3.083999999999882,-0.4341839849948883,-0.19363422691822052,0.03822873532772064,-0.13904836773872375,-0.36939048767089844,0.008298620581626892,-0.35658830404281616,-2.7674629666666806,-2.1646887618065365,-1.507659059414233,-1.985630773861587,0.4739129069706276,0.028155163256451475,0.23162821054458618,-0.23162821054458618,0.23162821054458618,0.23162821054458618,-0.23162821054458618,0.23162821054458618,-2.694741590976111,-2.131894451174809,-1.5110337116809265,-1.9610185294433866,0.5390324864558502,0.02659076428256919,0.26103096478640625,-0.2610179500761817,0.2610235225278162,0.2610090405949412,-0.2610219626862588,0.26101529389356054
185,3.09999999999988,-0.43323269486427307,-0.19371576607227325,0.03999629616737366,-0.13933899998664856,-0.36989814043045044,0.008241836912930012,-0.3579234480857849,-2.7741296333333474,-2.167917357907741,-1.5069924544781101,-1.9879530905280312,0.46774793796345343,0.02829252720500031,0.23114755868911743,-0.23114755868911743,0.23114755868911743,0.23114755868911743,-0.23114755868911743,0.23114755868911743,-2.7011498056779066,-2.13499500051674,-1.5106363312736388,-1.9632190864128252,0.5331672934903664,0.026730865718857758,0.260627616244598,-0.2606160184094606,0.2606213340318162,0.260609619670011,-0.2606208970157958,0.26061494433154786
186,3.117999999999878,-0.4322831332683563,-0.1937922239303589,0.04176195710897446,-0.1396305412054062,-0.37040647864341736,0.00818633008748293,-0.3592584431171417,-2.780796300000014,-2.1711472283065802,-1.5062964218596273,-1.9902802662147878,0.4615744966527298,0.02842896603979169,0.23066696047782898,-0.23066696047782898,0.23066696047782898,0.23066696047782898,-0.23066696047782898,0.23066696047782898,-2.7083616709059455,-2.1384876281610072,-1.510162632830696,-1.9656938101491015,0.526572239027627,0.02688721798484585,0.26017173926407194,-0.26015222377585284,0.2601611566894444,0.26014080851405413,-0.26015862690623826,0.2601497994005787
187,3.1339999999998764,-0.43123647570610046,-0.19388766586780548,0.04369368404150009,-0.13993653655052185,-0.37095484137535095,0.008121554739773273,-0.36072224378585815,-2.787462966666681,-2.174378689404377,-1.505568193792269,-1.992612541823963,0.45539191596314066,0.028564325285454578,0.23013999223709106,-0.23013999223709106,0.23013999223709106,0.23013999223709106,-0.23013999223709106,0.23013999223709106,-2.714769059218497,-2.1415917467858647,-1.5097228017840492,-1.967893192514752,0.520715602209272,0.027025294646128965,0.259741095810483,-0.2597278851507668,0.25973371570508014,0.25971911826795224,-0.25973192297495157,0.259725474211514
188,3.1499999999998747,-0.4302571415901184,-0.19397233426570892,0.04551012068986893,-0.1402347981929779,-0.3714824914932251,0.008063824847340584,-0.3620929718017578,-2.794129633333348,-2.1776115616421388,-1.5048096917807712,-1.9949497884605127,0.44920054110492025,0.028698722366243587,0.22964653015136718,-0.22964653015136718,0.22964653015136718,0.22964653015136718,-0.22964653015136718,0.22964653015136718,-2.721176478860396,-2.144698415126041,-1.5092597878077174,-1.9701045908929027,0.5148317035886464,0.027163050520953944,0.25930164235449765,-0.2592898623491886,0.2592954231226163,0.2592836098809237,-0.2592947716006467,0.25928902830172973
189,3.1679999999998727,-0.42928168177604675,-0.19405381381511688,0.04732056334614754,-0.1405346393585205,-0.3720097839832306,0.008007101714611053,-0.3634583353996277,-2.8007963000000147,-2.180845791872391,-1.504021015725002,-1.9972920324498213,0.4430003780385331,0.028832174061487106,0.22915499925613403,-0.22915499925613403,0.22915499925613403,0.22915499925613403,-0.22915499925613403,0.22915499925613403,-2.728387225613587,-2.1481975588599207,-1.5087095458310307,-1.9725917471764205,0.508214958281063,0.0273167170109984,0.25880801962746214,-0.2587882676887972,0.25879746825720057,0.25877696562036484,-0.2587947118108738,0.25878607500581896
190,3.183999999999871,-0.4282153248786926,-0.19415368139743805,0.0492955707013607,-0.14084941148757935,-0.3725764751434326,0.007942534051835537,-0.36495643854141235,-2.8074629666666815,-2.1840816865623482,-1.5031994228799794,-1.999639522641281,0.43679077011947587,0.028964549629017698,0.22861568212509153,-0.22861568212509153,0.22861568212509153,0.22861568212509153,-0.22861568212509153,0.22861568212509153,-2.73479346431204,-2.1513070659380436,-1.508199613705604,-1.9748024289163473,0.5023384964395232,0.027452371685483368,0.25834583069335276,-0.25833244315053705,0.25833849191985087,0.25832378397880085,-0.258336507454877,0.25833023129941807
191,3.199999999999869,-0.42721566557884216,-0.1942422240972519,0.05116095021367073,-0.14115752279758453,-0.3731215298175812,0.007886677980422974,-0.36637020111083984,-2.8141296333333483,-2.187319056963969,-1.5023467403764184,-2.001992148021241,0.4305720779558495,0.02909599426202475,0.22810672760009765,-0.22810672760009765,0.22810672760009765,0.22810672760009765,-0.22810672760009765,0.22810672760009765,-2.7411996120555986,-2.1544187837935818,-1.5076645129061854,-1.9770254686846191,0.4964341513775285,0.02758766178868257,0.2578762063406431,-0.25786427871517376,0.2578700184079637,0.2578581241397951,-0.25786922006971547,0.25786361271223424
192,3.217999999999867,-0.4262229800224304,-0.1943274885416031,0.053018540143966675,-0.1414661556482315,-0.3736622929573059,0.007830226793885231,-0.3677802085876465,-2.820796300000015,-2.1905578484396626,-1.5014630980406856,-2.004349917282045,0.42434437307322775,0.029226498041922837,0.22759912490844725,-0.22759912490844725,0.22759912490844725,0.22759912490844725,-0.22759912490844725,0.22759912490844725,-2.748408775538694,-2.1579232106982995,-1.5070308722028223,-1.9795259234816096,0.4897938507204719,0.027738522704859634,0.2573502270717865,-0.25733027294354816,0.2573396717512878,0.25731903442820186,-0.257336759674473,0.2573282365651708
193,3.2339999999998654,-0.4251405596733093,-0.1944289654493332,0.05503257364034653,-0.1417882889509201,-0.37423843145370483,0.007763669826090336,-0.3693128824234009,-2.827462966666682,-2.1937983311971516,-1.5005458884800131,-2.006713055431227,0.41810706588233265,0.029355892539024344,0.22704736232757566,-0.22704736232757566,0.22704736232757566,0.22704736232757566,-0.22704736232757566,0.22704736232757566,-2.754813514095273,-2.1610370051198284,-1.506445088184515,-1.981748644658702,0.48389599529481647,0.02787165848652603,0.25686080242331527,-0.256847254074267,0.2568534838367048,0.2568386702821792,-0.25685134590992925,0.2568451979834951
194,3.2499999999998637,-0.42415109276771545,-0.19450710713863373,0.05687542259693146,-0.14209574460983276,-0.3747738003730774,0.00770586496219039,-0.3707112669944763,-2.8341296333333488,-2.197040116316129,-1.4995979647700644,-2.009081317841391,0.4118608358761147,0.029484323621727516,0.2265439438819885,-0.2265439438819885,0.2265439438819885,0.2265439438819885,-0.2265439438819885,0.2265439438819885,-2.7612180912334443,-2.16415267688825,-1.505832470958104,-1.9839840188438882,0.47796974221145955,0.02800438890443684,0.25636721078563807,-0.25635507623697806,0.2563610822220257,0.2563490544678508,-0.2563600501847442,0.2563546577129087
195,3.2679999999998617,-0.42320311069488525,-0.1945665180683136,0.058630045503377914,-0.1423942595720291,-0.3752839267253876,0.007649451494216919,-0.3720380663871765,-2.8407963000000156,-2.2002828916172676,-1.498620797345008,-2.011454555500925,0.40560610376402495,0.029611814479964464,0.22606629610061646,-0.22606629610061646,0.22606629610061646,0.22606629610061646,-0.22606629610061646,0.22606629610061646,-2.7684253820545672,-2.1676611437655144,-1.5051097836426721,-1.9864984517131756,0.4713044204711151,0.028152342037813596,0.2558206705751658,-0.255800398516873,0.25581018426510443,0.2557893077405283,-0.2558069270145356,0.25579869675201916
196,3.28399999999986,-0.42217665910720825,-0.19463716447353363,0.060516320168972015,-0.14270371198654175,-0.3758232295513153,0.0075837718322873116,-0.3734660744667053,-2.8474629666666824,-2.203526844358493,-1.4976121920088585,-2.0138329507007007,0.399342383271503,0.029738210677169252,0.22555221319198607,-0.22555221319198607,0.22555221319198607,0.22555221319198607,-0.22555221319198607,0.22555221319198607,-2.7748283923503907,-2.170778078821731,-1.5044436537005594,-1.9887336965756977,0.4653840727020677,0.028282874871307567,0.25531878227049054,-0.2553049318476593,0.25531156609117217,0.25529652599198976,-0.2553090506868398,0.2553032415895927
197,3.299999999999858,-0.4212057292461395,-0.19470295310020447,0.06231299415230751,-0.14300748705863953,-0.3763464689254761,0.007525677792727947,-0.37482786178588867,-2.8541296333333492,-2.2067718935768297,-1.49657364210632,-2.0162164088183445,0.3930699421227451,0.029863638640381385,0.22506196975708007,-0.22506196975708007,0.22506196975708007,0.22506196975708007,-0.22506196975708007,0.22506196975708007,-2.781231198772833,-2.1738964944157475,-1.5037496231280911,-1.9909817944244985,0.4594350041695271,0.02841296963883513,0.254815235241739,-0.25480290892642443,0.25480914766145785,0.25479697892675124,-0.25480791562939703,0.2548026920237058
198,3.317999999999856,-0.4202430546283722,-0.19476741552352905,0.06409823149442673,-0.1433119773864746,-0.37686705589294434,0.00746833486482501,-0.37617942690849304,-2.860796300000016,-2.2100180171688883,-1.4955053382480796,-2.0186049417747856,0.38678882452452934,0.02998811088812847,0.2245754063129425,-0.2245754063129425,0.2245754063129425,0.2245754063129425,-0.2245754063129425,0.2245754063129425,-2.788436438697346,-2.177407585794702,-1.5029342051162715,-1.9935106056860799,0.4527437947176011,0.02855793664122535,0.25425755294535834,-0.2542371329343054,0.2542470026631443,0.2542260131939606,-0.25424370536338337,0.2542354564086281
199,3.3339999999998544,-0.4192027449607849,-0.1948392242193222,0.0660155862569809,-0.14362917840480804,-0.3774160146713257,0.007403308060020208,-0.37763017416000366,-2.867462966666683,-2.2132653375725435,-1.49440507847713,-2.020998761414866,0.38049855761334056,0.030111499355795473,0.22405313730239867,-0.22405313730239867,0.22405313730239867,0.22405313730239867,-0.22405313730239867,0.22405313730239867,-2.794837615428796,-2.180526410685701,-1.502184952009764,-1.9957587475533638,0.4468002535302764,0.028685802022363958,0.2537458320271029,-0.25373188102733013,0.25373857126226856,0.2537234536248819,-0.2537360291237319,0.2537302059227637
200,3.3499999999998527,-0.41821718215942383,-0.19490762054920197,0.06784317642450333,-0.14393861591815948,-0.377949059009552,0.0073433248326182365,-0.3790147006511688,-2.8741296333333497,-2.21651379791503,-1.4932743588700548,-2.0233977383468353,0.374199406629848,0.030233888103005778,0.2235547077655792,-0.2235547077655792,0.2235547077655792,0.2235547077655792,-0.2235547077655792,0.2235547077655792,-2.8012385999005445,-2.1836463820836047,-1.5014070544736968,-1.998019969965345,0.4408276975264502,0.028813198690706764,0.2532325389414366,-0.2532201182719348,0.2532264184972604,0.253214181049296,-0.2532251590519494,0.253219931140682
201,3.3679999999998507,-0.4172397553920746,-0.19497168064117432,0.06965576112270355,-0.14424754679203033,-0.3784785866737366,0.007282575126737356,-0.38038673996925354,-2.8807963000000165,-2.219763325925716,-1.4921134295180096,-2.0258018641267026,0.36789143018528575,0.030355264355118067,0.2230607736110687,-0.2230607736110687,0.2230607736110687,0.2230607736110687,-0.2230607736110687,0.2230607736110687,-2.808441794419008,-2.18715887997127,-1.5004964106740666,-2.0005636222241936,0.4341098739971547,0.02895510804575103,0.252664189494387,-0.2526436122912947,0.2526535789556457,0.25263246485939145,-0.25265022881699967,0.252641972645657
202,3.383999999999849,-0.4162350296974182,-0.19504398107528687,0.07150523364543915,-0.14455492794513702,-0.3790093660354614,0.007221581414341927,-0.38179194927215576,-2.8874629666666833,-2.2230140589436376,-1.490921675623919,-2.028211112925788,0.36157460741802805,0.0304756240453571,0.22255489826202393,-0.22255489826202393,0.22255489826202393,0.22255489826202393,-0.22255489826202393,0.22255489826202393,-2.8148411889878764,-2.1902786243129015,-1.4996620259613254,-2.0028250377503665,0.4281425478916177,0.029080246078473163,0.2521456974514344,-0.2521315556405042,0.2521384488874576,0.25212318126593253,-0.25213573249821786,0.2521300391739168
203,3.399999999999847,-0.41530728340148926,-0.1951134204864502,0.07322298735380173,-0.1448478251695633,-0.3795115649700165,0.007169725373387337,-0.38310161232948303,-2.89412963333335,-2.2262659492850783,-1.4897012925013555,-2.030625243345281,0.3552494146685278,0.03059511946824689,0.2220834195613861,-0.2220834195613861,0.2220834195613861,0.2220834195613861,-0.2220834195613861,0.2220834195613861,-2.8212404337754595,-2.1933992692384274,-1.4987984959316991,-2.0050996834972548,0.42214600821390946,0.029204901658744856,0.25162918288798874,-0.2516165457153058,0.2516231061772887,0.25161070112206635,-0.2516216197200491,0.25161658058621306
204,3.417999999999845,-0.4143885672092438,-0.1951787769794464,0.07492607831954956,-0.14514054358005524,-0.38000965118408203,0.0071187131106853485,-0.38440001010894775,-2.900796300000017,-2.2295189289014026,-1.488452524529363,-2.0330442524049483,0.3489159204821264,0.03071376468675831,0.2216159963607788,-0.2216159963607788,0.2216159963607788,0.2216159963607788,-0.2216159963607788,0.2216159963607788,-2.8284416977062237,-2.1969122493347766,-1.497791045128071,-2.0076583903315584,0.41540117183334024,0.02934374305158682,0.25106075378659004,-0.25103994046313494,0.2510501319751509,0.2510288229650389,-0.2510465998545287,0.2510384577046166
205,3.4339999999998434,-0.4133751690387726,-0.1952519565820694,0.07679517567157745,-0.14545218646526337,-0.3805466890335083,0.0070568169467151165,-0.3858232796192169,-2.907462966666684,-2.2327731281777705,-1.4871726049348366,-2.035468455512703,0.34257347566490126,0.030831378302536898,0.2211036193370819,-0.2211036193370819,0.2211036193370819,0.2211036193370819,-0.2211036193370819,0.2211036193370819,-2.834839438915808,-2.200032146537983,-1.4968705178210073,-2.0099332148665887,0.4094098131822043,0.02946616881120713,0.2505413366704589,-0.2505271130267914,0.25053402169760314,0.2505186779195816,-0.25053131943354456,0.25052556221040395
206,3.4499999999998416,-0.4124341607093811,-0.1953236609697342,0.07853998243808746,-0.1457504779100418,-0.3810584247112274,0.007004931569099426,-0.3871566355228424,-2.9141296333333506,-2.236028522527266,-1.4858636052275351,-2.037897630144537,0.33622250191971415,0.030948127162021888,0.22062361121177673,-0.22062361121177673,0.22062361121177673,0.22062361121177673,-0.22062361121177673,0.22062361121177673,-2.8412371004912176,-2.2031527693319752,-1.4959206621079273,-2.0122214186513636,0.4033890927534568,0.02958810925148927,0.25002310269528216,-0.2500104079732049,0.25001695033097127,0.25000450049780115,-0.2500155169270498,0.2500103849439732
207,3.4679999999998397,-0.41150280833244324,-0.19539277255535126,0.08026900887489319,-0.14604878425598145,-0.38156744837760925,0.00695444643497467,-0.3884766697883606,-2.9207963000000174,-2.239285068736522,-1.4845257884129537,-2.0403317765488036,0.329863044446754,0.0310640346026048,0.22014839887619017,-0.22014839887619017,0.22014839887619017,0.22014839887619017,-0.22014839887619017,0.22014839887619017,-2.8484366476943017,-2.2066655770357415,-1.4948158649547532,-2.014795379455465,0.39661701532892757,0.02972390855228358,0.24945207334379174,-0.2494311317126286,0.24944135722727362,0.24941994240802504,-0.24943783541862563,0.24942961686212184
208,3.483999999999838,-0.4104804992675781,-0.19546787440776825,0.08215661346912384,-0.14636512100696564,-0.38211360573768616,0.006892543286085129,-0.3899138569831848,-2.9274629666666843,-2.2425428666433183,-1.4831565115218017,-2.042771195232253,0.32349448435112593,0.031178910324039553,0.21963101148605346,-0.21963101148605346,0.21963101148605346,0.21963101148605346,-0.21963101148605346,0.21963101148605346,-2.8548329531148595,-2.209785183042758,-1.493808828358203,-2.017083817594908,0.3906014066992977,0.029843643401225074,0.24892998357209048,-0.24891566598745535,0.24892260841249558,0.24890718177492543,-0.24891990195128152,0.2489141009798454
209,3.499999999999836,-0.409528911113739,-0.19554255902767181,0.08392389118671417,-0.14666828513145447,-0.3826346695423126,0.006839817389845848,-0.39126428961753845,-2.934129633333351,-2.2458019092937795,-1.4817577800020232,-2.0452156666511105,0.31711723985875406,0.031292907280536984,0.21914485573768616,-0.21914485573768616,0.21914485573768616,0.21914485573768616,-0.21914485573768616,0.21914485573768616,-2.861229273431964,-2.2129054787944464,-1.492772327859255,-2.0193858019135704,0.38455627036034956,0.029962887669607387,0.2484086938503206,-0.24839591754822635,0.2484024864861234,0.24838997168738847,-0.24840106108497734,0.24839588277800437
210,3.517999999999834,-0.40857502818107605,-0.1956048458814621,0.08567258715629578,-0.14696255326271057,-0.3831433653831482,0.00678038178011775,-0.3926019072532654,-2.940796300000018,-2.2490619900584705,-1.4803299035494182,-2.0476650425388225,0.31073151710236824,0.031405913643538945,0.21866331338882444,-0.21866331338882444,0.21866331338882444,0.21866331338882444,-0.21866331338882444,0.21866331338882444,-2.8684273997715604,-2.216417933075629,-1.491569850748089,-2.0219752640315396,0.377756684649641,0.03009564922527635,0.24783388539407541,-0.2478128002743454,0.24782308181829873,0.24780155302192405,-0.24781954839374634,0.24781127551736037
211,3.5339999999998324,-0.4075348377227783,-0.1956741064786911,0.08757549524307251,-0.1472751349210739,-0.38368910551071167,0.0067103090696036816,-0.3940528929233551,-2.9474629666666847,-2.2523232251664487,-1.4788703119620337,-2.0501196281208403,0.3043366986771897,0.03151775212803234,0.21814095854759216,-0.21814095854759216,0.21814095854759216,0.21814095854759216,-0.21814095854759216,0.21814095854759216,-2.874822547148756,-2.2195372185507387,-1.4904760213609944,-2.0242775189634994,0.37171659900547144,0.03021267199231607,0.24730818066560528,-0.24729376083165205,0.24730074568914107,0.24728523303968705,-0.24729802640774196,0.24729218948970866
212,3.5499999999998306,-0.4065573215484619,-0.19574126601219177,0.08936472237110138,-0.14757384359836578,-0.38420993089675903,0.006648777984082699,-0.3954234719276428,-2.9541296333333515,-2.2555855795999853,-1.4773808999225153,-2.052579192180813,0.29793319982891037,0.031628565094433715,0.21764755010604858,-0.21764755010604858,0.21764755010604858,0.21764755010604858,-0.21764755010604858,0.21764755010604858,-2.8812178119235807,-2.2226572686302055,-1.4893525955819444,-2.0265934589360306,0.3656468411596917,0.030329165033696422,0.2467828620405704,-0.24676999984751774,0.24677659696840246,0.2467640155255798,-0.24677517798398563,0.2467699532130757
213,3.5679999999998286,-0.4055907726287842,-0.19580373167991638,0.09113548696041107,-0.14787201583385468,-0.3847259283065796,0.006588157266378403,-0.39677950739860535,-2.9607963000000184,-2.258848975127984,-1.4758619751398419,-2.0550437257780443,0.2915211010238007,0.03173836771554002,0.21715937733650206,-0.21715937733650206,0.21715937733650206,0.21715937733650206,-0.21715937733650206,0.21715937733650206,-2.888414841302092,-2.226169577054377,-1.4880521189905225,-2.0291985999943196,0.35881952775816883,0.03045880438478725,0.2462032571836441,-0.24618202138394657,0.24619236602011751,0.2461707212227895,-0.24618881386212574,0.2461804931165891
214,3.583999999999827,-0.404541015625,-0.19587267935276031,0.09305760264396667,-0.14818918704986572,-0.38527950644493103,0.006518295966088772,-0.398247092962265,-2.967462966666685,-2.2621135197838633,-1.4743110150957757,-2.057513545562209,0.2850997759163852,0.0318470059816415,0.2166310465335846,-0.2166310465335846,0.2166310465335846,0.2166310465335846,-0.2166310465335846,0.2166310465335846,-2.8948091159283336,-2.2292888157985384,-1.486871205258539,-2.031514825451183,0.35275476869693945,0.030573033058959136,0.2456730140823948,-0.2456584888571948,0.24566551901134176,0.24564992093738866,-0.24566278414792356,0.24565691431243117
215,3.599999999999825,-0.40355125069618225,-0.19592951238155365,0.09486560523509979,-0.14848428964614868,-0.3857971429824829,0.006451860535889864,-0.39962631464004517,-2.974129633333352,-2.265379011656889,-1.4727299216751906,-2.059988283722978,0.2786698235333438,0.031954536990573,0.21613452672958372,-0.21613452672958372,0.21613452672958372,0.21613452672958372,-0.21613452672958372,0.21613452672958372,-2.9012036028580424,-2.232408966817705,-1.4856605470943132,-2.0338448719895728,0.3466601940573695,0.030686691446338458,0.24514329070802562,-0.245130322753707,0.24513697826067085,0.24512431866425793,-0.24513553551966763,0.2451302945449727
216,3.617999999999823,-0.4026365280151367,-0.19599555432796478,0.09651818871498108,-0.14873449504375458,-0.3862682580947876,0.006380192004144192,-0.40087857842445374,-2.980796300000019,-2.2686456042290217,-1.4711212851966076,-2.0624671919737074,0.272232019231764,0.0320608735239754,0.21568371176719664,-0.21568371176719664,0.21568371176719664,0.21568371176719664,-0.21568371176719664,0.21568371176719664,-2.9083998201971277,-2.2359215711499467,-1.4842617672151424,-2.036465759143955,0.3398050061611648,0.030813098706612398,0.24456385964067545,-0.24454234252701842,0.24455296672101426,0.24453110389313765,-0.24454917767496342,0.24454102316600115
217,3.6339999999998214,-0.40164247155189514,-0.19607140123844147,0.09831491112709045,-0.14900439977645874,-0.3867780864238739,0.006299841217696667,-0.40224316716194153,-2.9874629666666856,-2.271913460916329,-1.4694827033444895,-2.0649505986366483,0.2657857177913661,0.032165870877603676,0.21519245982170104,-0.21519245982170104,0.21519245982170104,0.21519245982170104,-0.21519245982170104,0.21519245982170104,-2.914793443054089,-2.239041159796537,-1.4829936419560072,-2.0387958495478213,0.3337155684583208,0.03092440793378212,0.24403762180970365,-0.24402284645630953,0.24403015737699227,0.24401435692855314,-0.24402716982968717,0.24402149521120012
218,3.6499999999998196,-0.4007236361503601,-0.19615040719509125,0.09996844828128815,-0.1492462009191513,-0.3872508704662323,0.006223559379577637,-0.4034968316555023,-2.9941296333333525,-2.275182634369581,-1.4678165625398014,-2.0674380353186343,0.2593315366169289,0.0322695968672633,0.21474114060401917,-0.21474114060401917,0.21474114060401917,0.21474114060401917,-0.21474114060401917,0.21474114060401917,-2.9211873312972845,-2.2421617663166864,-1.4816958996590142,-2.041139666358464,0.32759634047842306,0.031035073828220492,0.24351636018936146,-0.24350314005595824,0.24351008786094538,0.24349722983423167,-0.2435083855694013,0.2435033519537894
219,3.6679999999998176,-0.39982372522354126,-0.19622768461704254,0.10159444808959961,-0.14948770403862,-0.3877175450325012,0.006152802146971226,-0.40472713112831116,-3.0007933620870784,-2.2784530957798648,-1.466123321738308,-2.069929497052611,0.2528695775330539,0.03237214356971282,0.21429823279380797,-0.21429823279380797,0.21429823279380797,0.21429823279380797,-0.21429823279380797,0.21429823279380797,-2.928382887530595,-2.2456749997910204,-1.480199393472742,-2.0437757799055123,0.3207135871648283,0.031158057720524407,0.24294632204144012,-0.24292465156910203,0.24293533589236013,0.24291334681145849,-0.24293152931943196,0.24292331669668404
220,3.683999999999816,-0.39883145689964294,-0.1963091492652893,0.10340139269828796,-0.14976491034030914,-0.38823333382606506,0.006081261672079563,-0.40609827637672424,-3.007440553035406,-2.281724914934286,-1.4643999651933366,-2.0724255788916164,0.24639902196928615,0.03247349793091414,0.21380462050437926,-0.21380462050437926,0.21380462050437926,0.21380462050437926,-0.21380462050437926,0.21380462050437926,-2.934775838383525,-2.248795179629814,-1.4788449132447625,-2.046119261958924,0.31459978819590056,0.03126629241189337,0.24242725682790786,-0.24241241519585652,0.24241968916294232,0.24240383092985038,-0.24241676833433115,0.24241096940370932
221,3.699999999999814,-0.3979122042655945,-0.1963939517736435,0.10507085919380188,-0.15001581609249115,-0.38871484994888306,0.006013920530676842,-0.407362163066864,-3.0140724231064993,-2.2849981474638468,-1.4626487842067732,-2.074925842493158,0.23992044113680477,0.03257372993975875,0.21334962129592894,-0.21334962129592894,0.21334962129592894,0.21334962129592894,-0.21334962129592894,0.21334962129592894,-2.9411687141933394,-2.2519164298157284,-1.477461216067611,-2.0484764761203986,0.3084562001557325,0.03137384933463784,0.2419121133881457,-0.2418988349171519,0.24190574958610023,0.24189284629281363,-0.24190411446559798,0.24189896585097723
222,3.717999999999812,-0.39702290296554565,-0.1964731365442276,0.10670152306556702,-0.1502651572227478,-0.38918784260749817,0.005951147060841322,-0.4085952937602997,-3.0206894714892583,-2.2882726997395837,-1.4608704254890137,-2.0774302617802034,0.23343397709334648,0.032672915724106105,0.2129056942462921,-0.2129056942462921,0.2129056942462921,0.2129056942462921,-0.2129056942462921,0.2129056942462921,-2.948362270458597,-2.255430428033474,-1.47586851569368,-2.051127536861745,0.30154616986503857,0.0314933297168425,0.24134821724762875,-0.24132641158453005,0.24133712306179042,0.24131503487297906,-0.24133333213415759,0.24132503217152915
223,3.7339999999998104,-0.3960438668727875,-0.19655363261699677,0.10849656164646149,-0.15054431557655334,-0.3897046446800232,0.005884093232452869,-0.4099564552307129,-3.0272902026038047,-2.291548593616534,-1.4590621494615728,-2.0799393337064793,0.22693889968201275,0.03277098394464699,0.21241567611694334,-0.21241567611694334,0.21241567611694334,0.21241567611694334,-0.21241567611694334,0.21241567611694334,-2.9547523763090147,-2.2585512628685325,-1.474429198122127,-2.053484255329129,0.2954082382294462,0.0315984538132378,0.24083439256499062,-0.24081944089517876,0.24082675687780344,0.24081081439318444,-0.24082382301198518,0.24081798159129014
224,3.7499999999998086,-0.3951384425163269,-0.1966378390789032,0.11016109585762024,-0.15079905092716217,-0.39018866419792175,0.005821905564516783,-0.4112154543399811,-3.0338758433124102,-2.2948258909345154,-1.4572261311972792,-2.082452651221932,0.22043575527871406,0.0328680157040556,0.21196243643760682,-0.21196243643760682,0.21196243643760682,0.21196243643760682,-0.21196243643760682,0.21196243643760682,-2.961141108863551,-2.2616731959935272,-1.4729611230747577,-2.0558547687196516,0.2892404992296693,0.031702892374613524,0.24032419053822499,-0.24031081535489007,0.24031776465312457,0.24030479480970557,-0.2403161284280387,0.2403109337749536
225,3.7679999999998066,-0.3942760229110718,-0.1967216283082962,0.11174711585044861,-0.1510416567325592,-0.3906494677066803,0.005761772394180298,-0.41241684556007385,-3.0404471103609283,-2.2981045847396535,-1.4553636792664384,-2.0849700121674744,0.21392493081693606,0.0329640452439586,0.2115299355983734,-0.2115299355983734,0.2115299355983734,0.2115299355983734,-0.2115299355983734,0.2115299355983734,-2.9683281366908183,-2.2651880165517726,-1.4712739851282737,-2.0585206794337725,0.28230342767280714,0.03181887797009314,0.23976674181416635,-0.23974475377030832,0.23975556982459342,0.23973335604316956,-0.23975171651847724,0.23974340635736185
226,3.783999999999805,-0.3933084011077881,-0.19680632650852203,0.11352452635765076,-0.15131661295890808,-0.39116132259368896,0.0056936973705887794,-0.4137636423110962,-3.0470022503793914,-2.3013846901814623,-1.4534716038271442,-2.0874919557167897,0.20740557544037458,0.03305894020013508,0.21104508876800537,-0.21104508876800537,0.21104508876800537,0.21104508876800537,-0.21104508876800537,0.21104508876800537,-2.974710646038705,-2.2683095977789813,-1.4697513285632824,-2.0608905402326956,0.2761415777932927,0.03192090755655702,0.23925853039799136,-0.23924345657515722,0.23925083345705261,0.2392348035630338,-0.23924786735576645,0.23924200109799335
227,3.799999999999803,-0.3924262225627899,-0.19689565896987915,0.11514979600906372,-0.15156324207782745,-0.3916327655315399,0.0056299506686627865,-0.4149909019470215,-3.0535426874221048,-2.304666284497627,-1.4515524405603266,-2.0900180097514203,0.20087836268151557,0.033152772711279456,0.21060327529907225,-0.21060327529907225,0.21060327529907225,0.21060327529907225,-0.21060327529907225,0.21060327529907225,-2.9810899391974033,-2.2714323544488297,-1.4682003052305672,-2.063274225838212,0.2699499242212926,0.032022242473376275,0.23875466347577584,-0.23874115676531024,0.23874819386793913,0.23873513712508612,-0.2387465029229847,0.23874131311470115
228,3.817999999999801,-0.3915623128414154,-0.19698096811771393,0.11674220860004425,-0.15180571377277374,-0.3920954465866089,0.0055674477480351925,-0.41619259119033813,-3.0600687259694617,-2.307949300632922,-1.4496067370836592,-2.0925481049809664,0.19434343857173875,0.03324556350708004,0.21017066717147825,-0.21017066717147825,0.21017066717147825,0.21017066717147825,-0.21017066717147825,0.21017066717147825,-2.9882639861010425,-2.2749482259770555,-1.4664202455221031,-2.0659548284844815,0.262986079624134,0.03213474082906843,0.23820361726787254,-0.2381814787480801,0.2381923446835025,0.23817003419163035,-0.23818848337103063,0.23818010798870776
229,3.8339999999997993,-0.39059287309646606,-0.1970672458410263,0.11853021383285522,-0.15208204090595245,-0.3926118314266205,0.0054976558312773705,-0.4175467789173126,-3.066578607187736,-2.311233754730272,-1.4476312335197783,-2.095082805662732,0.18779990804796173,0.033337191104268,0.20968315958976744,-0.20968315958976744,0.20968315958976744,0.20968315958976744,-0.20968315958976744,0.20968315958976744,-2.994632840463256,-2.2780708275892056,-1.4648154955991939,-2.068337687116375,0.25680053890312116,0.03223367415921626,0.2377001670502758,-0.2376849994038004,0.2376923871567622,0.2376762971904465,-0.23768943893896402,0.2376834978684542
230,3.8499999999997976,-0.3897111117839813,-0.19715730845928192,0.1201581358909607,-0.15232960879802704,-0.39308592677116394,0.005434326361864805,-0.41877996921539307,-3.0730737923841356,-2.31451970987126,-1.4456285979215957,-2.0976216324760326,0.181248475935109,0.033427763210299076,0.2092392110824585,-0.2092392110824585,0.2092392110824585,0.2092392110824585,-0.2092392110824585,0.2092392110824585,-3.0009964312268242,-2.2811947561634334,-1.4631826485992256,-2.070734412213634,0.2505851691270339,0.032331898693561706,0.23720040255294936,-0.23718680736570807,0.2371938615563055,0.23718075415093254,-0.23719218652931542,0.2371869323645942
231,3.8679999999997956,-0.38884761929512024,-0.1972438246011734,0.12175454199314117,-0.15257331728935242,-0.3935511112213135,0.005372879095375538,-0.4199884533882141,-3.079554586039054,-2.3178071069479462,-1.4435993555550433,-2.100164521097522,0.17468929074808712,0.033517311195222,0.20880415678024292,-0.20880415678024292,0.20880415678024292,0.20880415678024292,-0.20880415678024292,0.20880415678024292,-3.0081503051563443,-2.2847121598312103,-1.461310773385735,-2.073429567995717,0.24359473940848844,0.0324409024316397,0.23665327179855764,-0.2366309805702343,0.23664189919819167,0.2366194972372111,-0.23663802664612138,0.2366295911879323
232,3.883999999999794,-0.38787731528282166,-0.19733275473117828,0.12354947626590729,-0.15285123884677887,-0.3940699100494385,0.005306241102516651,-0.42134833335876465,-3.0860192079604345,-2.3210959861934657,-1.4415401976172781,-2.1027120417449683,0.16812145891392982,0.03360574854693061,0.20831459999084473,-0.20831459999084473,0.20831459999084473,0.20831459999084473,-0.20831459999084473,0.20831459999084473,-3.01449906023485,-2.287836282139677,-1.4596247763492993,-2.075825307765661,0.23738564799930845,0.03253673974230833,0.2361526635457876,-0.236137388008621,0.236144812210989,0.236128654898723,-0.23614185568603113,0.2361358675337047
233,3.899999999999792,-0.3869941830635071,-0.1974230706691742,0.12519071996212006,-0.15310083329677582,-0.3945487141609192,0.005242596380412579,-0.4225965738296509,-3.092469111011493,-2.3243863707046186,-1.4394536856179094,-2.1052637222999144,0.16154564701124782,0.03369312515327082,0.20786523342132568,-0.20786523342132568,0.20786523342132568,0.20786523342132568,-0.20786523342132568,0.20786523342132568,-3.0208405229827715,-2.290961945942327,-1.4579108236929217,-2.0782349647626788,0.23114667578734197,0.03263185940512658,0.2356549015937527,-0.2356412190946458,0.2356482904955427,0.23563513628781782,-0.2356466307408267,0.23564131448440043
234,3.91799999999979,-0.3861313760280609,-0.19750848412513733,0.1267968863248825,-0.15334555506706238,-0.3950181007385254,0.005179025232791901,-0.4238192141056061,-3.0989046339452937,-2.327678178773371,-1.4373404041791613,-2.107819481551032,0.15496201199893905,0.033779442240484014,0.2074250829219818,-0.2074250829219818,0.2074250829219818,0.2074250829219818,-0.2074250829219818,0.2074250829219818,-3.027967085598105,-2.2944815816641824,-1.4559477944021824,-2.0809445620968208,0.2241297575056111,0.03273737531845536,0.2351092535080006,-0.23508680824743014,0.23509778094721173,0.2350752927941355,-0.23509389525728236,0.2350854037496051
235,3.9339999999997883,-0.3851661682128906,-0.19759544730186462,0.1285918802022934,-0.15362226963043213,-0.3955390453338623,0.005107826553285122,-0.42518705129623413,-3.105324070082175,-2.330971436228402,-1.4351972061757898,-2.110379852711539,0.148369694576708,0.03386457268303877,0.2069326615333557,-0.2069326615333557,0.2069326615333557,0.2069326615333557,-0.2069326615333557,0.2069326615333557,-3.034289528336956,-2.2976078933646784,-1.4541810224944307,-2.0833530862474494,0.2178971757295136,0.03283011251661453,0.2346094605744263,-0.23459407085951084,0.23460154238167982,0.2345853168930362,-0.23459856615695576,0.23459254408643218
236,3.9499999999997866,-0.38428252935409546,-0.19768482446670532,0.13024306297302246,-0.15387384593486786,-0.3960217237472534,0.005042979493737221,-0.42644593119621277,-3.111728778904743,-2.334266183302847,-1.4330264884595727,-2.1129444168104534,0.14176933251425378,0.03394862234126772,0.2064794647693634,-0.2064794647693634,0.2064794647693634,0.2064794647693634,-0.2064794647693634,0.2064794647693634,-3.0406028166970125,-2.3007359947948944,-1.4523863369996362,-2.0857755808831318,0.21163463946334363,0.032922112733820924,0.23411204363792318,-0.23409825998743364,0.23410537253329955,0.234092164016936,-0.23410370343300987,0.23409835127780743
237,3.9679999999997846,-0.3834189176559448,-0.19776920974254608,0.13185793161392212,-0.15411844849586487,-0.3964901566505432,0.004979381337761879,-0.4276803135871887,-3.118119094199009,-2.3375623367985563,-1.4308288562660074,-2.1155130576187178,0.13516116323674474,0.03403161203023042,0.20603508710861204,-0.20603508710861204,0.20603508710861204,0.20603508710861204,-0.20603508710861204,0.20603508710861204,-3.0476955082261794,-2.3042586799764364,-1.450332471075324,-2.088499515629506,0.20459125982234136,0.03302411701316221,0.2335663001158181,-0.2335436904059879,0.23355473486518738,0.23353215628002466,-0.23355081751179324,0.23354229026774045
238,3.983999999999783,-0.382449209690094,-0.19785360991954803,0.13366888463497162,-0.15439265966415405,-0.39700770378112793,0.004903949797153473,-0.4290706217288971,-3.124493247693844,-2.3408598969638823,-1.4286010415220913,-2.1180862686131205,0.12854436817372594,0.034113344526849644,0.20553457617759704,-0.20553457617759704,0.20553457617759704,0.20553457617759704,-0.20553457617759704,0.20553457617759704,-3.053986055051999,-2.3073879216505797,-1.448485125768379,-2.090920734235839,0.19833520779172575,0.033113727244038924,0.2330654866738448,-0.2330499937518998,0.2330574938182615,0.23304121026728017,-0.23305451616271797,0.23304844296624974
239,3.999999999999781,-0.38143524527549744,-0.19776485860347748,0.13559213280677795,-0.15463650226593018,-0.3975349962711334,0.004625586327165365,-0.43084651231765747,-3.1308505017817687,-2.344155977940607,-1.4263411726419783,-2.120663543650886,0.12191878490254039,0.0341904376323024,0.2048952555656433,-0.2048952555656433,0.2048952555656433,0.2048952555656433,-0.2048952555656433,0.2048952555656433,-3.0602658743361473,-2.3105192203092617,-1.446609768267684,-2.093356003792694,0.1920490811980976,0.033202285894114156,0.23254679601149247,-0.23253350905857048,0.23253966866625508,0.23252684201809712,-0.23253898765893102,0.23253260429224878
240,4.0179999999997795,-0.3804488182067871,-0.19767701625823975,0.13746336102485657,-0.15487442910671234,-0.3980483412742615,0.004355245735496283,-0.4325736165046692,-3.1371913154185487,-2.3474505948782443,-1.4240501166248973,-2.123244784135998,0.1152846458813027,0.03426302506122734,0.2042734980583191,-0.2042734980583191,0.2042734980583191,0.2042734980583191,-0.2042734980583191,0.2042734980583191,-3.0673190607550747,-2.3140458227599185,-1.4444648049721565,-2.096094241244058,0.18497910362695139,0.03329979700747492,0.23195878123491703,-0.2319364335116871,0.231946774429164,0.23192447388152643,-0.23194360561870633,0.23193426553936444
241,4.033999999999778,-0.3793393075466156,-0.19755801558494568,0.13956612348556519,-0.15514150261878967,-0.39861857891082764,0.004040299449115992,-0.4345319867134094,-3.1435136372109924,-2.3507432284713268,-1.4217240145668046,-2.1258304758463114,0.10864100289945558,0.03433036338537927,0.2035684847831726,-0.2035684847831726,0.2035684847831726,0.2035684847831726,-0.2035684847831726,0.2035684847831726,-3.073572966486649,-2.3171787540179687,-1.4425361979592315,-2.0985281665871534,0.17869930398755057,0.03338458045561578,0.23140222465115645,-0.231387126595753,0.23139380965872533,0.23137784219427318,-0.23139167850318543,0.23138470944046077
242,4.049999999999776,-0.37832319736480713,-0.1974671185016632,0.1414846032857895,-0.15538518130779266,-0.39914095401763916,0.003761383704841137,-0.4362969696521759,-3.1498190238337394,-2.354034347113021,-1.419365937845375,-2.1284202288681078,0.10198865366582827,0.034393053113793294,0.20293309092521666,-0.20293309092521666,0.20293309092521666,0.20293309092521666,-0.20293309092521666,0.20293309092521666,-3.079814696294463,-2.320313938201528,-1.440578964770099,-2.1009762094776954,0.17238921272599983,0.033467523112143474,0.23083432019156064,-0.2308207013963284,0.23082724929714563,0.23081422922603406,-0.2308262099007234,0.23082014106639379
243,4.067999999999774,-0.37732839584350586,-0.19737468659877777,0.1433567851781845,-0.15562328696250916,-0.39964836835861206,0.0034871655516326427,-0.43801671266555786,-3.156107830431131,-2.3573239252230005,-1.4169766580924053,-2.1310139503174828,0.09532784752651807,0.03445117253965384,0.20231398344039916,-0.20231398344039916,0.20231398344039916,0.20231398344039916,-0.20231398344039916,0.20231398344039916,-3.086823329763356,-2.323845072422186,-1.4383410335573046,-2.1037287070392026,0.16529217139102437,0.03355793212146115,0.23019678497010648,-0.2301739829855402,0.2301848934373462,0.23016228507616038,-0.2301811905347097,0.23017232043392258
244,4.083999999999772,-0.3762143850326538,-0.19724979996681213,0.1454487293958664,-0.1558869630098343,-0.400206059217453,0.003164110705256462,-0.4399551749229431,-3.162378070181675,-2.360611421889114,-1.414552512602474,-2.1336120663676468,0.0886611808598514,0.03450390771807478,0.20161613702774048,-0.20161613702774048,0.20161613702774048,0.20161613702774048,-0.20161613702774048,0.20161613702774048,-3.0930362356925083,-2.3269820346775236,-1.4363292233382314,-2.106175236001348,0.15898852282016682,0.03363575399702967,0.22960140346924077,-0.2295859135506524,0.22959307352042713,0.22957684164082773,-0.22959049080507343,0.2295839065158935
245,4.0999999999997705,-0.37519747018814087,-0.19716079533100128,0.1473623365163803,-0.1561308205127716,-0.4007221460342407,0.002888211514800787,-0.4417073428630829,-3.1686313613514776,-2.3638974351446307,-1.4120964736605344,-2.1362142467095264,0.08199451419318474,0.03455204457665479,0.20098535656929015,-0.20098535656929015,0.20098535656929015,0.20098535656929015,-0.20098535656929015,0.20098535656929015,-3.0992356978390285,-2.330121233193281,-1.4342880379452936,-2.1086359087990387,0.15265534869550904,0.03371110956664272,0.22899890379017346,-0.22898489735541494,0.2289918638153644,0.22897856072537548,-0.22899043310238937,0.22898465564033463
246,4.1179999999997685,-0.37420716881752014,-0.19707423448562622,0.1492243856191635,-0.15637072920799255,-0.4012252986431122,0.002624223940074444,-0.44340771436691284,-3.174868147498436,-2.3671820057193913,-1.4096094005668816,-2.1388204255296595,0.07532784752651807,0.0345957816423227,0.20037322282791137,-0.20037322282791137,0.20037322282791137,0.20037322282791137,-0.20037322282791137,0.20037322282791137,-3.106195299518709,-2.333656779652851,-1.4319547439853184,-2.1114024745664257,0.14553402967867252,0.03379240039411105,0.22832723591081946,-0.22830399395002118,0.22831532339920782,0.22829237887921008,-0.22831122642872512,0.22830260858620263
247,4.133999999999767,-0.3731018304824829,-0.19695742428302765,0.15130029618740082,-0.15663813054561615,-0.4017796218395233,0.0023207073099911213,-0.4453169107437134,-3.181086511339811,-2.370464629457442,-1.4070877289637582,-2.141431061038753,0.0686611808598514,0.03463446009748922,0.19968591213226317,-0.19968591213226317,0.19968591213226317,0.19968591213226317,-0.19968591213226317,0.19968591213226317,-3.1123634348859683,-2.3367974374096696,-1.4298576206483826,-2.1138614313604154,0.13921066394938444,0.033861669993506816,0.22770566807484952,-0.22768975146045156,0.22769732368072618,0.22768072591638103,-0.22769434802039995,0.2276879985621805
248,4.149999999999765,-0.372093141078949,-0.19687309861183167,0.1532035917043686,-0.15688516199588776,-0.4022939205169678,0.00205501401796937,-0.4470548927783966,-3.1872880636911267,-2.373745847767639,-1.4045343357686855,-2.1440458137386846,0.06199451419318473,0.03466871033112204,0.1990602385997772,-0.1990602385997772,0.1990602385997772,0.1990602385997772,-0.1990602385997772,0.1990602385997772,-3.1185170727924874,-2.3399401138116884,-1.4277304560536057,-2.1163345806470657,0.13285940713582703,0.033928033750742013,0.2270799785982063,-0.22706560324467956,0.2270729183865656,0.22705928981128107,-0.22707115887839047,0.22706556303638198
249,4.167999999999763,-0.3711105287075043,-0.19679002463817596,0.15505671501159668,-0.15712684392929077,-0.40279436111450195,0.0017971578054130077,-0.4487440884113312,-3.193473239169585,-2.3770256815116086,-1.4019500571851589,-2.1466645944708396,0.055327847526518065,0.034698662961212254,0.19845212817192076,-0.19845212817192076,0.19845212817192076,0.19845212817192076,-0.19845212817192076,0.19845212817192076,-3.1254239173537197,-2.343479256311349,-1.4252996709641326,-2.119115074318509,0.12571952061140076,0.033998819201653215,0.22638534458755888,-0.22636175032724445,0.22637339161623582,0.22635017314147557,-0.22636900563773021,0.22636054848120948
250,4.183999999999761,-0.3701649010181427,-0.19660861790180206,0.15682832896709442,-0.15733398497104645,-0.4032489061355591,0.0014440217055380344,-0.4504430890083313,-3.199642654186554,-2.380302491809972,-1.399336251702374,-2.1492868275536905,0.0486611808598514,0.034722729989637886,0.19784048795700074,-0.19784048795700074,0.19784048795700074,0.19784048795700074,-0.19784048795700074,0.19784048795700074,-3.131544217604173,-2.3466226819494196,-1.4231156092833008,-2.121586234029256,0.11938107432669982,0.034058365980524856,0.22575368944444188,-0.22573722695798562,0.2257454715863253,0.2257284462095348,-0.2257418423149854,0.22573602698687154
251,4.1999999999997595,-0.3693438172340393,-0.19644030928611755,0.15836896002292633,-0.1575060933828354,-0.4036450982093811,0.0011120187118649483,-0.4519336223602295,-3.205798384473788,-2.383576496964741,-1.3966967690353251,-2.1519119291100712,0.04199451419318473,0.03474126363483564,0.1973038959503174,-0.1973038959503174,0.1973038959503174,0.1973038959503174,-0.1973038959503174,0.1973038959503174,-3.137649222576594,-2.3497676584927314,-1.4209013348929294,-2.1240713975677235,0.1130159603243661,0.03411451410554866,0.2251283416575551,-0.22511340595420892,0.2251214566236778,0.2251073728248703,-0.22511897737668268,0.22511398896143014
252,4.2179999999997575,-0.36854833364486694,-0.19627372920513153,0.15986019372940063,-0.15767231583595276,-0.40402787923812866,0.000787719152867794,-0.4533764719963074,-3.2119408567012027,-2.3868477257848264,-1.3940324324731685,-2.1545398010406704,0.03532784752651806,0.03475439228738343,0.19678447008132935,-0.19678447008132935,0.19678447008132935,0.19678447008132935,-0.19678447008132935,0.19678447008132935,-3.144500510137917,-2.353308669007165,-1.4183727593122541,-2.1268649233571866,0.10586180489426414,0.03417325897550654,0.22444452804054915,-0.2244204821375425,0.22443267085011145,0.2244091052665136,-0.22442775285126218,0.22441972966971466
253,4.233999999999756,-0.367632657289505,-0.19608470797538757,0.16157323122024536,-0.157867893576622,-0.4044652581214905,0.0004280693829059601,-0.45503267645835876,-3.2180680676560276,-2.390115804251083,-1.3913395452861645,-2.157170932600281,0.028661180859851393,0.03476152677709853,0.19618823647499084,-0.19618823647499084,0.19618823647499084,0.19618823647499084,-0.19618823647499084,0.19618823647499084,-3.1505708902778378,-2.356452972252818,-1.4161024353425642,-2.1293473164528414,0.09951175229726436,0.03422164685932608,0.22382292211742186,-0.2238062804946937,0.22381463845817018,0.22379746355773084,-0.22381091182467966,0.2238051029489884
254,4.249999999999754,-0.3668102025985718,-0.1959170699119568,0.16311419010162354,-0.158039391040802,-0.40486156940460205,9.524822235107422e-05,-0.4565263092517853,-3.2241815710326707,-2.3933810887496154,-1.3886209754511374,-2.159804922450961,0.021994514193184725,0.03476311424747105,0.19565052866935728,-0.19565052866935728,0.19565052866935728,0.19565052866935728,-0.19565052866935728,0.19565052866935728,-3.1566255971030626,-2.359598101763161,-1.4138024791081312,-2.1318435168229977,0.09313597807634667,0.034266160080602306,0.2232065162436195,-0.22319149257594956,0.22319950861513646,0.22318534871705592,-0.22319707918726597,0.22319195631203484
255,4.267999999999752,-0.3660123944282532,-0.19575068354606628,0.1646082103252411,-0.1582055389881134,-0.40524446964263916,-0.00023049861192703247,-0.4579734802246094,-3.230281777606475,-2.39664360014205,-1.38587750527905,-2.162441681434096,0.015327847526518057,0.034759272603938934,0.19512954711914063,-0.19512954711914063,0.19512954711914063,0.19512954711914063,-0.19512954711914063,0.19512954711914063,-3.1634199672580996,-2.3631384228027814,-1.4111782410414107,-2.1346491371841547,0.08597086535231245,0.03431139245075609,0.22253157480162888,-0.2225074171311165,0.2225195999750452,0.22249596900721363,-0.22251470131967319,0.22250658778064508
256,4.28399999999975,-0.3650968670845032,-0.19556908309459686,0.16631358861923218,-0.15839959681034088,-0.405678927898407,-0.0005881022661924362,-0.4596239924430847,-3.2363667253912167,-2.399903084860293,-1.3831056121353962,-2.1650816747142683,0.008661180859851389,0.034749470899502394,0.1945353627204895,-0.1945353627204895,0.1945353627204895,0.1945353627204895,-0.1945353627204895,0.1945353627204895,-3.1694396435832966,-2.366281324902117,-1.4088237276778475,-2.1371420547976996,0.07961191308259966,0.034347426134231314,0.2219172658105927,-0.2219005201013924,0.2219088967388888,0.221891639692569,-0.2219051632079654,0.22189929441602482
257,4.2999999999997485,-0.36426442861557007,-0.19540907442569733,0.16786505281925201,-0.15857267379760742,-0.4060773551464081,-0.0009204847738146782,-0.46112868189811707,-3.2424377992014763,-2.403159902767388,-1.3803078612550752,-2.167724552610895,0.001994514193184722,0.03473412948660548,0.19399367451667784,-0.19399367451667784,0.19399367451667784,0.19399367451667784,-0.19399367451667784,0.19399367451667784,-3.1754436428338746,-2.3694243977601266,-1.4064401650834417,-2.13964867327174,0.07322797303270821,0.03437920847863046,0.22130702158889923,-0.2212919215322258,0.22129992404932863,0.22128569978187024,-0.2212975187792621,0.22129230894557786
258,4.3179999999997465,-0.36346346139907837,-0.19525612890720367,0.16935963928699493,-0.15874060988426208,-0.4064611792564392,-0.0012386608868837357,-0.4625737965106964,-3.2484955235581277,-2.406414171582508,-1.377485200600292,-2.1703702294422995,-0.004672152473481945,0.03471348513849075,0.1934734332561493,-0.1934734332561493,0.1934734332561493,0.1934734332561493,-0.1934734332561493,0.1934734332561493,-3.1821810416016274,-2.372961675172304,-1.403722498287327,-2.142465776865315,0.06605447087943084,0.03440981795363871,0.2206384308360781,-0.22061416224709832,0.22062636814994432,0.22060268640435526,-0.220621456202268,0.2206133058624677
259,4.333999999999745,-0.3625507950782776,-0.1950819343328476,0.1710623949766159,-0.15893720090389252,-0.4068988561630249,-0.001586979255080223,-0.4642198085784912,-3.254538036809432,-2.409665537154722,-1.3746341606840151,-2.1730191827906977,-0.011338819140148611,0.03468703548423941,0.19288086891174316,-0.19288086891174316,0.19288086891174316,0.19288086891174316,-0.19288086891174316,0.19288086891174316,-3.1881502889241324,-2.3761012228152536,-1.4012856457225409,-2.144968740709352,0.059688705474446505,0.03443262003450859,0.2200293497584209,-0.22001251131939706,0.22002091195182097,0.22000359742986036,-0.22001716330887225,0.22001126188236508
260,4.349999999999743,-0.3617272675037384,-0.19492828845977783,0.17260123789310455,-0.15911118686199188,-0.4072950780391693,-0.0019101379439234734,-0.46570903062820435,-3.260566824601161,-2.412914341962385,-1.3717574733857967,-2.175671035905064,-0.01800548580681528,0.034655199851840686,0.19234474897384643,-0.19234474897384643,0.19234474897384643,0.19234474897384643,-0.19234474897384643,0.19234474897384643,-3.1941041202442704,-2.379240426248321,-1.3988201846203425,-2.147485347217466,0.05329851461467383,0.03445090194347353,0.21942444420396637,-0.21940924734289494,0.21941729197645343,0.21940300437103052,-0.21941485214468107,0.21940963162126267
261,4.367999999999741,-0.36093640327453613,-0.19477960467338562,0.17408105731010437,-0.15928004682064056,-0.4076763391494751,-0.0022190529853105545,-0.4671381115913391,-3.2665824313224032,-2.4161606687069415,-1.3688561224306284,-2.178325703352075,-0.024672152473481947,0.03461821563541884,0.19183027982711792,-0.19183027982711792,0.19183027982711792,0.19183027982711792,-0.19183027982711792,0.19183027982711792,-3.2007854319522724,-2.3827727859719166,-1.396010856557302,-2.150313497067284,0.04611858794335517,0.0344661408963905,0.21876194250265538,-0.218737561973432,0.21874981727923082,0.21872609656822448,-0.21874486249805486,0.21873672183939957
262,4.383999999999739,-0.36003726720809937,-0.1946130394935608,0.175761416554451,-0.15947529673576355,-0.4081091284751892,-0.0025572432205080986,-0.468755841255188,-3.2725830524425383,-2.4194042193651675,-1.3659267654880543,-2.1809836249643375,-0.03133881914014861,0.03457559491507704,0.1912478971481323,-0.1912478971481323,0.1912478971481323,0.1912478971481323,-0.1912478971481323,0.1912478971481323,-3.2067052471478674,-2.38590745099835,-1.3934931260574284,-2.1528261484336815,0.03974760200486306,0.03447514398519081,0.2181588080852178,-0.21814186485851714,0.2181503294613676,0.21813296192713488,-0.21814652310254495,0.21814064688958573
263,4.3999999999997375,-0.35922276973724365,-0.19446416199207306,0.17728474736213684,-0.15964826941490173,-0.4085026979446411,-0.0028742775321006775,-0.4702274799346924,-3.278570098604826,-2.422645288731702,-1.3629720196986852,-2.183644429454586,-0.03800548580681528,0.03452769028954203,0.19071810722351074,-0.19071810722351074,0.19071810722351074,0.19071810722351074,-0.19071810722351074,0.19071810722351074,-3.2126100782749143,-2.3890413805845903,-1.3909471437711212,-2.15535240834281,0.03335262026772849,0.03447943979337918,0.217559942252485,-0.21754466261147778,0.21755274580033818,0.21753841562916773,-0.2175502724256441,0.21754505406888552
264,4.4179999999997355,-0.3584403991699219,-0.19431859254837036,0.17874836921691895,-0.15981480479240417,-0.4088805615901947,-0.0031804805621504784,-0.4716396927833557,-3.284544105257658,-2.425883931940841,-1.3599928802117365,-2.1863080095344594,-0.04467215247348195,0.03447468228017286,0.19020971059799194,-0.19020971059799194,0.19020971059799194,0.19020971059799194,-0.19020971059799194,0.19020971059799194,-3.21923678845295,-2.3925673824163898,-1.3880476278010097,-2.158191251778644,0.026167767202737422,0.03447883871275438,0.21690427604607512,-0.2168798026422546,0.21689209288396097,0.21686835910361318,-0.21688710718748527,0.21687897768412254
265,4.433999999999734,-0.3575532138347626,-0.19415515661239624,0.18040622770786285,-0.1600068360567093,-0.4093080759048462,-0.0035152724012732506,-0.4732343554496765,-3.2905033254882374,-2.4291198512177146,-1.3569861097499387,-2.1889747901354046,-0.051338819140148616,0.0344160944068183,0.18963563203811645,-0.18963563203811645,0.18963563203811645,0.18963563203811645,-0.18963563203811645,0.18963563203811645,-3.225108617449506,-2.3956960014729565,-1.3854502777081845,-2.1607132939632567,0.01979277614501783,0.034473678637008155,0.2163074796388553,-0.21629045495123142,0.21629896040555657,0.21628156675045423,-0.21629511734581394,0.21628925716824338
266,4.449999999999732,-0.3567482531070709,-0.19400756061077118,0.18191280961036682,-0.16017721593379974,-0.4096980690956116,-0.0038306722417473793,-0.4746891260147095,-3.2964491297066885,-2.4323533105612274,-1.353954229589766,-2.191644410400968,-0.058005485806815284,0.03435224986945585,0.1891119146347046,-0.1891119146347046,0.1891119146347046,0.1891119146347046,-0.1891119146347046,0.1891119146347046,-3.2309659885387685,-2.3988235991205973,-1.3828249933757224,-2.1632489230046383,0.013394118715240908,0.03446366479420492,0.21571498689641302,-0.2156996406171483,0.21570774969407427,0.21569339762749207,-0.21570525328229054,0.21570003724865336
267,4.46799999999973,-0.3559757471084595,-0.19386257231235504,0.1833588182926178,-0.16034074127674103,-0.41007158160209656,-0.004134523682296276,-0.47608450055122375,-3.3023820588251627,-2.4355843534331,-1.350898249284889,-2.194316756088914,-0.06467215247348194,0.03428334114141758,0.18860957980155943,-0.18860957980155943,0.18860957980155943,0.18860957980155943,-0.18860957980155943,0.18860957980155943,-3.2375399174233523,-2.4023421711359254,-1.3798366279558432,-2.1660981549784903,0.006205484487433383,0.03444690282004339,0.21506649137049527,-0.2150419388324878,0.21505425606336384,0.21503052787297625,-0.215049245053083,0.2150411317163367
268,4.483999999999728,-0.35510218143463135,-0.19369791448116302,0.18499159812927246,-0.1605277955532074,-0.4104914665222168,-0.004464072175323963,-0.47765791416168213,-3.30830042851574,-2.438812652007786,-1.3478150559827347,-2.196992219348134,-0.07133881914014861,0.03420893993849552,0.18804315090179444,-0.18804315090179444,0.18804315090179444,0.18804315090179444,-0.18804315090179444,0.18804315090179444,-3.2433654351483567,-2.405463889117458,-1.377160828915641,-2.1686293258046194,-0.00017258184052872853,0.03442733181217557,0.21447623082962086,-0.21445913893914936,0.21446767453395635,0.21445027290388624,-0.2144638036452524,0.21445796002286716
269,4.499999999999726,-0.3543052673339844,-0.1935480833053589,0.18648217618465424,-0.16069412231445312,-0.4108753502368927,-0.0047750771045684814,-0.47910255193710327,-3.3142055163046393,-2.4420384533962087,-1.3447070197129904,-2.199670454720042,-0.07800548580681528,0.03412935532008604,0.1875230813026428,-0.1875230813026428,0.1875230813026428,0.1875230813026428,-0.1875230813026428,0.1875230813026428,-3.249177057818795,-2.4085843868154213,-1.3744573993566653,-2.1711740673624362,-0.0065740612759515584,0.03440279734508108,0.2138900269540198,-0.2138746332438994,0.2138827479450366,0.2138683952162476,-0.2138802469284173,0.21387502330458835
270,4.5179999999997245,-0.3535422086715698,-0.1934015154838562,0.18791154026985168,-0.16085447371006012,-0.41124391555786133,-0.005074664950370789,-0.48048466444015503,-3.3200978864491657,-2.4452618119876064,-1.341575160708493,-2.2023513626152096,-0.08467215247348195,0.0340447775709132,0.1870255208015442,-0.1870255208015442,0.1870255208015442,0.1870255208015442,-0.1870255208015442,0.1870255208015442,-3.2557001561998073,-2.4120947616816895,-1.371381476956014,-2.174033407642134,-0.013765599210643058,0.03436967919966965,0.21324846937602213,-0.2132238516290044,0.21323618430468436,0.2132124798465618,-0.21323115750355168,0.2132230594915758
271,4.533999999999723,-0.3526817262172699,-0.19323930144309998,0.18952077627182007,-0.16103801131248474,-0.41165822744369507,-0.005401697941124439,-0.4820355176925659,-3.3259759152194537,-2.448482467011658,-1.3384164811039625,-2.2050353294704177,-0.09133881914014862,0.03395474927189446,0.18646721363067625,-0.18646721363067625,0.18646721363067625,0.18646721363067625,-0.18646721363067625,0.18646721363067625,-3.2614811034339812,-2.4152089764137874,-1.3686283725092352,-2.176573466403572,-0.02014602745729809,0.034335554059937975,0.2126646155010828,-0.21264746259729694,0.2126560285796786,0.21263863005246197,-0.21265212796495545,0.2126463103678095
272,4.549999999999721,-0.3518940210342407,-0.19309057295322418,0.1909959465265274,-0.161202535033226,-0.4120391607284546,-0.005710931494832039,-0.4834643602371216,-3.3318408155700245,-2.451700643227545,-1.3352332153285205,-2.207722038387638,-0.09800548580681528,0.03385956708031392,0.18595283031463622,-0.18595283031463622,0.18595283031463622,0.18595283031463622,-0.18595283031463622,0.18595283031463622,-3.2672487125679206,-2.418321844669004,-1.365847933301639,-2.1791270892752914,-0.026549673464054374,0.0342963792829515,0.21208480451849923,-0.21206936352114578,0.21207749362116948,0.21206314600001713,-0.21207497647476653,0.21206976358507287
273,4.567999999999719,-0.3511405885219574,-0.1929454505443573,0.19240818917751312,-0.1613607257604599,-0.4124036431312561,-0.006008310243487358,-0.4848281145095825,-3.337693158712057,-2.454916400736618,-1.3320264121755618,-2.2104113838169788,-0.10467215247348195,0.0337594285762558,0.1854618787765503,-0.1854618787765503,0.1854618787765503,0.1854618787765503,-0.1854618787765503,0.1854618787765503,-3.273722913299004,-2.4218235090282016,-1.3626857240239543,-2.1819962913600963,-0.03374344105993854,0.03424679209364927,0.21145050417421882,-0.21142582459819434,0.2114381781753161,0.21141450561865072,-0.21143312820837679,0.21142505996536828
274,4.583999999999717,-0.3502909243106842,-0.19278569519519806,0.19399696588516235,-0.16154098510742188,-0.4128130078315735,-0.00633311178535223,-0.4863598048686981,-3.343531340783902,-2.458129495656538,-1.328793129410809,-2.213103733568769,-0.11133881914014862,0.033653876713166594,0.18491047024726867,-0.18491047024726867,0.18491047024726867,0.18491047024726867,-0.18491047024726867,0.18491047024726867,-3.2794609816268157,-2.4249298329606774,-1.359856436620807,-2.1845450297306663,-0.04012568283343549,0.03419802965410069,0.21087317445731155,-0.210855972879052,0.2108645577011454,0.2108471766831353,-0.21086063751991882,0.2108548418973416
275,4.599999999999715,-0.3495207726955414,-0.1926451474428177,0.19543932378292084,-0.1617036759853363,-0.4131881892681122,-0.006628651171922684,-0.4877520799636841,-3.3493566869954945,-2.461340248113918,-1.3255358073477603,-2.2157987948351914,-0.11800548580681529,0.03354339919363455,0.18440925121307372,-0.18440925121307372,0.18440925121307372,0.18440925121307372,-0.18440925121307372,0.18440925121307372,-3.285186234264399,-2.428034745427099,-1.3570001065975825,-2.1871073321227894,-0.04653099211232463,0.03414416302418419,0.21030068712959804,-0.21028518250013456,0.2102933630238907,0.2102790142007129,-0.21029079308890206,0.21028563325380056
276,4.6179999999997134,-0.34879109263420105,-0.19251222908496857,0.19680838286876678,-0.16186079382896423,-0.41354554891586304,-0.0069052670150995255,-0.48906996846199036,-3.355169871872731,-2.4645487852653343,-1.3222556676332808,-2.2184964747323406,-0.12467215247348196,0.03342831141004955,0.18393481135368348,-0.18393481135368348,0.18393481135368348,0.18393481135368348,-0.18393481135368348,0.18393481135368348,-3.2916133541914427,-2.431527397592613,-1.353752883339376,-2.1899861763017547,-0.05372647364264122,0.034078110151864925,0.20967575789553347,-0.20965099928663858,0.20966341547469666,0.20963976490894926,-0.20965829866247307,0.2096503101650943
277,4.633999999999712,-0.3479737341403961,-0.1923648566007614,0.19834186136722565,-0.16203944385051727,-0.4139431416988373,-0.00720602460205555,-0.49054062366485596,-3.360969434108404,-2.46775486620868,-1.3189499699438272,-2.2211971321298494,-0.1313388191401486,0.03330821100001529,0.18340537548065186,-0.18340537548065186,0.18340537548065186,0.18340537548065186,-0.18340537548065186,0.18340537548065186,-3.2973101122353046,-2.434625612156992,-1.3508485802289703,-2.19254340317996,-0.060110112174648296,0.03401479315732931,0.20910826473176097,-0.2090909788492809,0.209099652170074,0.20908226697518564,-0.2090956412203111,0.20908994466493724
278,4.64999999999971,-0.34721922874450684,-0.1922307163476944,0.19975803792476654,-0.16220173239707947,-0.4143131673336029,-0.0074891094118356705,-0.4919041395187378,-3.366756421254146,-2.4709587114811415,-1.3156206693117478,-2.2239004943364673,-0.13800548580681526,0.03318339250981803,0.18291450977325438,-0.18291450977325438,0.18291450977325438,0.18291450977325438,-0.18291450977325438,0.18291450977325438,-3.3029945375559904,-2.437722394559088,-1.3479175722564363,-2.195114201667402,-0.06651670379397262,0.03394638917487117,0.2085457326087485,-0.20853019055377392,0.20853838916544123,0.20852406036336138,-0.20853579751581533,0.20853066500552983
279,4.667999999999708,-0.34649795293807983,-0.19210198521614075,0.20111317932605743,-0.16235849261283875,-0.4146682024002075,-0.007759179919958115,-0.493203341960907,-3.3725313871364473,-2.474160411234744,-1.3122687829896469,-2.226606469213348,-0.14467215247348192,0.033054072844485395,0.18244679689407348,-0.18244679689407348,0.18244679689407348,0.18244679689407348,-0.18244679689407348,0.18244679689407348,-3.309376251677895,-2.4412058923795072,-1.344586752155888,-2.1980024993643625,-0.07371350698332466,0.03386409552665159,0.2079316625151741,-0.20790687419566345,0.2079192759422572,0.2078956905080442,-0.2079141682897359,0.20790618879632036
280,4.683999999999706,-0.3456936478614807,-0.19196254014968872,0.20262253284454346,-0.16253484785556793,-0.41506099700927734,-0.00805467925965786,-0.4946504235267639,-3.378292947934139,-2.4773597869039055,-1.3088917407755711,-2.2293153833442743,-0.15133881914014857,0.03291982819015776,0.18192584753036498,-0.18192584753036498,0.18192584753036498,0.18192584753036498,-0.18192584753036498,0.18192584753036498,-3.3150331468227425,-2.444295923121142,-1.3416087207133236,-2.200568063502672,-0.08009822100034474,0.033786439639853186,0.2073737491447776,-0.20735643823280903,0.20736510645757136,0.2073477643522795,-0.20736109746233294,0.20735541142006322
281,4.699999999999704,-0.34494704008102417,-0.1918358951807022,0.204021617770195,-0.16269627213478088,-0.41542714834213257,-0.008332300931215286,-0.495994508266449,-3.3840420652688223,-2.4805570518235838,-1.3054913804794013,-2.2320269878798538,-0.15800548580681523,0.03278095650797084,0.18144197702407835,-0.18144197702407835,0.18144197702407835,0.18144197702407835,-0.18144197702407835,0.18144197702407835,-3.320678148678731,-2.4473845548458084,-1.3386043268654817,-2.203147219740326,-0.0865057979888125,0.03370371987550638,0.20682062152299904,-0.2068050616276909,0.20681324985640515,0.20679895900234613,-0.20681066377186055,0.2068055348642052
282,4.717999999999702,-0.34423479437828064,-0.19171565771102905,0.20535458624362946,-0.16285091638565063,-0.41577595472335815,-0.008596396073698997,-0.4972724914550781,-3.3897793118417936,-2.4837523127854344,-1.3020688040420074,-2.2347411698196145,-0.16467215247348188,0.032637683240075856,0.18098190307617187,-0.18098190307617187,0.18098190307617187,0.18098190307617187,-0.18098190307617187,0.18098190307617187,-3.3270159806858355,-2.4508589393011104,-1.3351913605584993,-2.206044824680264,-0.09370361639068978,0.03360543865378775,0.20621697147373655,-0.20619215264732652,0.20620454975836486,0.2061810302144569,-0.20619943987730346,0.20619148474007903
283,4.733999999999701,-0.3434412181377411,-0.19158555567264557,0.20683495700359344,-0.16302438080310822,-0.41616111993789673,-0.008883150294423103,-0.4986923635005951,-3.3955033321440893,-2.4869454053799784,-1.2986215547586142,-2.2374582428329997,-0.17133881914014853,0.032489630735168806,0.18047074913978575,-0.18047074913978575,0.18047074913978575,0.18047074913978575,-0.18047074913978575,0.18047074913978575,-3.3326343145392374,-2.4539408761634,-1.3321408862140045,-2.208618600365502,-0.10008915597707534,0.033513676830414146,0.20566842807569732,-0.20565108915282362,0.2056597640253739,0.20564246471009628,-0.2056557441352898,0.205650084830175
284,4.749999999999699,-0.342703253030777,-0.19146211445331573,0.20821568369865417,-0.1631835550069809,-0.4165226221084595,-0.009157111868262291,-0.5000193119049072,-3.4012150530279355,-2.490136440620867,-1.2951512933636367,-2.2401779687497827,-0.1780054858068152,0.0323370122040311,0.17999304771423338,-0.17999304771423338,0.17999304771423338,0.17999304771423338,-0.17999304771423338,0.17999304771423338,-3.338241143243456,-2.457021495585876,-1.3290643857030617,-2.211205989533449,-0.10649748871370701,0.03341688026947222,0.20512441964630093,-0.20510884708692775,0.2051170216767724,0.20510277495965498,-0.20511444334650036,0.20510931881014666
285,4.767999999999697,-0.34200042486190796,-0.19134336709976196,0.2095310240983963,-0.16333584487438202,-0.41686707735061646,-0.009418744593858719,-0.501280665397644,-3.4069150601089673,-2.4933254967391965,-1.2916591096286634,-2.2429002328310226,-0.18467215247348184,0.03218003312746679,0.17953896045684814,-0.17953896045684814,0.17953896045684814,0.17953896045684814,-0.17953896045684814,0.17953896045684814,-3.3445364372518065,-2.460486974631847,-1.3255707077220924,-2.214112764108616,-0.11369608579106866,0.033302879815730525,0.20453070261549108,-0.20450586196496792,0.2045182455726251,0.2044948014698467,-0.20451314110675708,0.20450520603840422
286,4.783999999999695,-0.3412180542945862,-0.19121550023555756,0.21098944544792175,-0.16350595653057098,-0.4172467887401581,-0.009702848270535469,-0.5026804208755493,-3.4126020276805438,-2.4965124217431223,-1.288142618871198,-2.245625332106532,-0.1913388191401485,0.03201831898962453,0.17903504848480223,-0.17903504848480223,0.17903504848480223,0.17903504848480223,-0.17903504848480223,0.17903504848480223,-3.3501173479408966,-2.463561043327147,-1.3224490602757952,-2.2166946305670994,-0.12008225759266196,0.03319724170644531,0.20399086689704346,-0.2039735105813551,0.20398217896918341,0.2039649325815195,-0.2039781604191344,0.20397251827361906
287,4.799999999999693,-0.34048688411712646,-0.19109363853931427,0.2123553603887558,-0.163662388920784,-0.41760462522506714,-0.00997595302760601,-0.5039949417114258,-3.4182768090824958,-2.4996973157187776,-1.2846033628647187,-2.248353038588545,-0.19800548580681515,0.0318520531058311,0.1785618209838867,-0.1785618209838867,0.1785618209838867,0.1785618209838867,-0.1785618209838867,0.1785618209838867,-3.355687088059641,-2.466633911921583,-1.319301711416898,-2.21929013219858,-0.12649116795590631,0.03308658728027623,0.2034552019191973,-0.2034396235119116,0.2034477770342091,0.20343358154467842,-0.20344521288391887,0.2034400885593237
288,4.817999999999691,-0.3397897481918335,-0.19097648561000824,0.21365612745285034,-0.1638113260269165,-0.41794553399086,-0.010238444432616234,-0.5052433609962463,-3.4239399715523597,-2.5028802571456112,-1.2810424274071712,-2.2510832273556605,-0.2046721524734818,0.031681412365287494,0.17811239004135132,-0.17811239004135132,0.17811239004135132,0.17811239004135132,-0.17811239004135132,0.17811239004135132,-3.3619410004743164,-2.470090816881997,-1.3157287223113083,-2.2222059413265325,-0.13369035975682877,0.03295709656347075,0.20287047600314528,-0.20284561811810556,0.2028579860294711,0.20283462270972194,-0.20285288795322975,0.20284497472336627
289,4.83399999999969,-0.33901792764663696,-0.19085030257701874,0.21509289741516113,-0.16397790610790253,-0.4183200001716614,-0.010521790012717247,-0.5066201090812683,-3.4295902703464702,-2.5060610955218947,-1.2774575457835853,-2.253816192457459,-0.21133881914014846,0.031506049198408874,0.1776167607307434,-0.1776167607307434,0.1776167607307434,0.1776167607307434,-0.1776167607307434,0.1776167607307434,-3.3674854583993596,-2.4731573391444632,-1.3125371323642745,-2.2247957773678797,-0.1400770132063954,0.032837768868427625,0.20233871487182373,-0.20232133719071294,0.20233000997002593,0.2023128153304701,-0.20232598096703272,0.2023203699389629
290,4.849999999999688,-0.33829379081726074,-0.19072814285755157,0.2164427638053894,-0.16413147747516632,-0.41867393255233765,-0.01079462468624115,-0.5079193115234375,-3.4352285001934244,-2.509239897902854,-1.2738501663868287,-2.256551717082045,-0.2180054858068151,0.03132613878697152,0.1771490478515625,-0.1771490478515625,0.1771490478515625,0.1771490478515625,-0.1771490478515625,0.1771490478515625,-3.3730190268610634,-2.4762228012358514,-1.3093201479123058,-2.2273992679087296,-0.14648636275873478,0.032713428137652635,0.20181092959414657,-0.2017953412249567,0.2018034848802351,0.20178933871907698,-0.20180092269465655,0.2017958126602945
291,4.867999999999686,-0.33760395646095276,-0.19060984253883362,0.21772637963294983,-0.16427743434906006,-0.41901054978370667,-0.011055899783968925,-0.5091535449028015,-3.440855232801107,-2.5124167286118344,-1.2702213933929463,-2.2592896743211957,-0.22467215247348177,0.031141873790572035,0.17670472383499145,-0.17670472383499145,0.17670472383499145,0.17670472383499145,-0.17670472383499145,0.17670472383499145,-3.3792325270108035,-2.479671539333065,-1.3056691949169037,-2.230323971585604,-0.15368600685148445,0.03256862684369129,0.20123477543569313,-0.2012099011371186,0.20122225770991167,0.2011989770738364,-0.20121716050898042,0.20120927709045078
292,4.883999999999684,-0.3368425965309143,-0.1904841661453247,0.21914108097553253,-0.16444051265716553,-0.41937947273254395,-0.011336958035826683,-0.5105103254318237,-3.446469276076622,-2.5155914647142565,-1.266569042043354,-2.2620303495321483,-0.23133881914014842,0.030952924489974925,0.17621628284454344,-0.17621628284454344,0.17621628284454344,0.17621628284454344,-0.17621628284454344,0.17621628284454344,-3.3847413397143815,-2.4827308880988723,-1.3024088476942728,-2.232921651208253,-0.16007302562902853,0.03243576040648813,0.20071063443585285,-0.20069324066885902,0.20070191322047726,0.2006847755820232,-0.20069787760609364,0.20069229582103768
293,4.899999999999682,-0.3361259698867798,-0.1903633028268814,0.22047314047813416,-0.16459138691425323,-0.4197293519973755,-0.011607557535171509,-0.5117939710617065,-3.452071375574735,-2.518764186428038,-1.2628944897020518,-2.2647735393140525,-0.23800548580681508,0.030759465197722068,0.17575417041778563,-0.17575417041778563,0.17575417041778563,0.17575417041778563,-0.17575417041778563,0.17575417041778563,-3.390239494696522,-2.4857893238090982,-1.2991233994161862,-2.235533002813414,-0.16648270772462195,0.03229787965636463,0.2001903311440376,-0.20017473413129175,0.200182869293379,0.20016877478363243,-0.20018030680800286,0.2001752150589989
294,4.91799999999968,-0.3354450464248657,-0.19024774432182312,0.2217380404472351,-0.16473494470119476,-0.4200618267059326,-0.011865807697176933,-0.5130108594894409,-3.457662126348483,-2.521934982166735,-1.2591988556945979,-2.267519121725739,-0.24467215247348173,0.030561701736102453,0.17531609058380127,-0.17531609058380127,0.17531609058380127,0.17531609058380127,-0.17531609058380127,0.17531609058380127,-3.3964133793934956,-2.4892303260742747,-1.2953957886308085,-2.2384664576281743,-0.17368269449706156,0.03213792966266024,0.1996224828610946,-0.19959759145506817,0.19960994371422763,0.19958674583160488,-0.1996048392397942,0.19959699606643144
295,4.933999999999679,-0.3346971571445465,-0.19012776017189026,0.22312813997268677,-0.164896160364151,-0.4204261004924774,-0.012140117585659027,-0.5143445134162903,-3.463240412300892,-2.5251037781696,-1.2554800533617199,-2.270267391065141,-0.2513388191401484,0.030359366443008136,0.1748359751701355,-0.1748359751701355,0.1748359751701355,0.1748359751701355,-0.1748359751701355,0.1748359751701355,-3.4018872076970497,-2.492282883650707,-1.2920678358891267,-2.2410718547790998,-0.18006998922533268,0.031991672159833916,0.19910587192700227,-0.19908846031502828,0.19909714021871,0.1990800589917321,-0.1990930896178174,0.1990875473437633
296,4.949999999999677,-0.3339911997318268,-0.1900104433298111,0.2244427502155304,-0.16504594683647156,-0.4207724332809448,-0.012405605986714363,-0.5156118869781494,-3.4688069322964226,-2.5282706188917636,-1.2517393408581277,-2.2730181568457493,-0.25800548580681504,0.030152606343229565,0.1743797206878662,-0.1743797206878662,0.1743797206878662,0.1743797206878662,-0.1743797206878662,0.1743797206878662,-3.4073505690072228,-2.495334674650073,-1.2887150629936253,-2.2436909442714237,-0.1864799222776081,0.03184040731486774,0.1985929927971549,-0.19857738876084377,0.19858551701181998,0.19857147591753585,-0.198582951803433,0.19857788246669103
297,4.967999999999675,-0.3333215117454529,-0.18989868462085724,0.22568929195404053,-0.16518840193748474,-0.4211012125015259,-0.012658368796110153,-0.5168114900588989,-3.4743622908255136,-2.531435596968778,-1.2479778526588936,-2.2757712968780406,-0.2646721524734817,0.029941633529961063,0.17394786357879638,-0.17394786357879638,0.17394786357879638,0.17394786357879638,-0.17394786357879638,0.17394786357879638,-3.413485491464726,-2.4987683675833194,-1.2849120634098394,-2.246633018102033,-0.19368016814941716,0.03166549544150225,0.19803338750503158,-0.19800848347209965,0.19802082947663244,0.19799771814630993,-0.1980157186916009,0.19800791699709708
298,4.983999999999673,-0.33258771896362305,-0.18978258967399597,0.22705668210983276,-0.16534779965877533,-0.4214601218700409,-0.012928605079650879,-0.5181227326393127,-3.4799054194749073,-2.534598640130011,-1.2441935746237298,-2.27852709353902,-0.27133881914014835,0.02972615677863355,0.1734758162498474,-0.1734758162498474,0.1734758162498474,0.1734758162498474,-0.1734758162498474,0.1734758162498474,-3.4189248803285,-2.5018145082951095,-1.2815176225422316,-2.249246020047691,-0.20006767064648728,0.031506018471747534,0.19752422979363887,-0.19750680447375427,0.19751548906335548,0.1974984677456635,-0.19751142543981817,0.19750592244017748
299,4.999999999999671,-0.33188900351524353,-0.18966753780841827,0.2283630073070526,-0.1654980331659317,-0.42180466651916504,-0.013193061575293541,-0.5193833708763123,-3.485436902866828,-2.5377597657601516,-1.2403875245019456,-2.2812853940917854,-0.278005485806815,0.029506272419045323,0.17302198648452757,-0.17302198648452757,0.17302198648452757,0.17302198648452757,-0.17302198648452757,0.17302198648452757,-3.4243539637898857,-2.504860026381586,-1.278098624308724,-2.251872741384523,-0.20647779223051152,0.03134154156318194,0.19701832961714844,-0.19700273274245997,0.1970108342548409,0.19699685706880665,-0.19700828543599505,0.1970032208253985
