step,sim_time,action_0,action_1,action_2,action_3,action_4,action_5,action_6,target_0,target_1,target_2,target_3,target_4,target_5,target_6,target_7,target_8,target_9,target_10,target_11,q_0,q_1,q_2,q_3,q_4,q_5,q_6,q_7,q_8,q_9,q_10,q_11
0,0.018000000000000002,-0.6439539194107056,-1.0,-0.003983546979725361,0.811479926109314,0.32629287242889404,1.0,1.0,-1.6781471183657646,-1.7375,1.5701359427184798,-1.4355262963175774,-1.5164069781661034,0.16670000000000001,0.72,-0.72,0.72,0.72,-0.72,0.72,-1.5716140283535949,-1.577111328769153,1.575157186397442,-1.558656796828567,-1.5661728247222182,0.015282404563935308,0.07790392433828516,-0.07521905800368317,0.07927875710824898,0.07740173603272113,-0.07520474629863784,0.07914535126269591
1,0.034000000000000016,-0.278764933347702,-1.0,-0.26917603611946106,0.535087525844574,0.33504724502563477,1.0,1.0,-1.7246172327548266,-1.9042000000000001,1.5252642974973656,-1.346327205759287,-1.46055460242033,0.33340000000000003,0.72,-0.72,0.72,0.72,-0.72,0.72,-1.5738996794106683,-1.5906462155996106,1.5825970561676705,-1.5403951192514809,-1.5579259831073644,0.04138809719099591,0.14648140001162827,-0.146476902726616,0.14637503023357396,0.14609647668788822,-0.146459534500222,0.14621508189976934
2,0.05200000000000003,-0.2683730125427246,-1.0,-0.44413870573043823,0.34598273038864136,0.3183421790599823,1.0,1.0,-1.7693550139456988,-2.0709,1.4512263752521015,-1.2886518846035004,-1.407486961171031,0.5001,0.72,-0.72,0.72,0.72,-0.72,0.72,-1.5787718781236664,-1.614083520380495,1.5907799417509907,-1.515234007171627,-1.5445928007360692,0.08355549734426505,0.21620630806093594,-0.21656570840844175,0.2157902127535027,0.2160340771105112,-0.21656443467162426,0.21570263063700953
3,0.06800000000000005,-0.3434033691883087,-1.0,-0.5190832614898682,0.22100016474723816,0.31400492787361145,1.0,1.0,-1.82660035558939,-2.2376,1.3646951955617406,-1.2518111571401358,-1.3551423396945,0.6668000000000001,0.72,-0.72,0.72,0.72,-0.72,0.72,-1.5854300859857517,-1.6417675812203,1.5950784416298194,-1.4910580186524602,-1.5295528652880885,0.13147452957567454,0.27192993552888994,-0.27217310667537,0.27171628335818543,0.2718112847284184,-0.2721829985737388,0.27165124285959374
4,0.08400000000000006,-0.453684002161026,-1.0,-0.4819202125072479,0.1511353701353073,0.3211855888366699,1.0,1.0,-1.902229478749633,-2.4043,1.2843590961367823,-1.2266168909385802,-1.301600702035427,0.8335000000000001,0.72,-0.72,0.72,0.72,-0.72,0.72,-1.5945584213432666,-1.675855212127705,1.5947434325573933,-1.4661462458442716,-1.5114384239228316,0.1891669383019718,0.32236170142942444,-0.32257980746406945,0.32224014161740416,0.32227726981249905,-0.32258189920855657,0.32217002029037783
5,0.10200000000000008,-0.5908388495445251,-1.0,-0.3475077152252197,0.12383857369422913,0.33373257517814636,1.0,1.0,-2.0007223149687055,-2.571,1.2264295600087383,-1.2059730007037521,-1.24596748175323,1.0002000000000002,0.72,-0.72,0.72,0.72,-0.72,0.72,-1.6080652596407212,-1.7220608107769306,1.5880399078327752,-1.4381458638469442,-1.4878251082581142,0.2637744291903312,0.37338227375174804,-0.3736169635136099,0.37329324790194013,0.3733621278002539,-0.37360979336054984,0.3732394089651828
6,0.11800000000000009,-0.7493435740470886,-1.0,-0.13719375431537628,0.11834223568439484,0.3389699161052704,1.0,1.0,-2.125637888762355,-2.7377000000000002,1.2035593611643651,-1.1862453500151635,-1.1894611967384814,1.1669000000000003,0.72,-0.72,0.72,0.72,-0.72,0.72,-1.6230876515138541,-1.7703633510140842,1.5768769982383455,-1.4135959205336217,-1.464202009964188,0.3380128701844205,0.41419963084530115,-0.41439164515552857,0.4141034528861225,0.4141685876273759,-0.4143886850783026,0.41404845292984044
7,0.1340000000000001,-0.8988555073738098,-1.0,0.041879311203956604,0.09954674541950226,0.31245362758636475,1.0,1.0,-2.2754771018415694,-2.9044000000000003,1.2105406423420646,-1.1696509075537325,-1.1373751770198344,1.3336000000000003,0.72,-0.72,0.72,0.72,-0.72,0.72,-1.641224563059345,-1.82591228325754,1.5618999923826904,-1.3895477130457525,-1.4384194207935646,0.4198584924964454,0.4511106790678864,-0.4512908615999694,0.4510245688897361,0.4511198897898326,-0.45128193498562114,0.4509937238658008
8,0.1520000000000001,-1.0,-1.0,0.002969435416162014,-0.023297613486647606,0.2258988618850708,1.0,1.0,-2.4421771018415694,-3.0711000000000004,1.2110356472259387,-1.1735346197219567,-1.0997178367435931,1.5003000000000004,0.72,-0.72,0.72,0.72,-0.72,0.72,-1.6527479251352886,-1.852310451978783,1.513098805618851,-1.3887868112600614,-1.4037757436450167,0.5191772664396046,0.4870423316538055,-0.48806225475253673,0.48735690989012653,0.4882810725109421,-0.4881038818283707,0.48793798403064137
9,0.16800000000000012,-1.0,-1.0,-0.3656926155090332,-0.3574133515357971,0.0068023428320884705,1.0,1.0,-2.6088771018415695,-3.2378000000000005,1.1500746882205828,-1.2331154254229741,-1.098583886193484,1.6670000000000005,0.72,-0.72,0.72,0.72,-0.72,0.72,-1.65465186692514,-1.845432670876609,1.455480852923794,-1.3843317586078279,-1.3776403973034674,0.6134993986409454,0.5173750215117496,-0.5174943460744323,0.5172189396703746,0.5175528877887653,-0.5175650238756236,0.5174202546639393
10,0.18400000000000014,-1.0,-1.0,-0.8036062121391296,-0.7057136297225952,-0.26459547877311707,1.0,0.9626125693321228,-2.7755771018415696,-3.4045000000000005,1.01611353265699,-1.3507578874977308,-1.1426919525049626,1.8337000000000006,0.7065405249595642,-0.7065405249595642,0.7065405249595642,0.7065405249595642,-0.7065405249595642,0.7065405249595642,-1.6555113275796458,-1.8369789973909312,1.4072912289048518,-1.3842500327937963,-1.3579197378488832,0.7137982217512603,0.5424338622144814,-0.5431137114365248,0.5425244221097537,0.5432554221051729,-0.5430731395177761,0.5429779689762991
11,0.20200000000000015,-1.0,-0.8602867126464844,-1.0,-0.9621736407279968,-0.4682331681251526,0.9427930116653442,0.756712019443512,-2.9422771018415697,-3.5479097949981693,0.8494135326569898,-1.511152233407088,-1.2207464216314254,1.9908635950446134,0.6324163269996643,-0.6324163269996643,0.6324163269996643,0.6324163269996643,-0.6324163269996643,0.6324163269996643,-1.6568865774016162,-1.829820577318092,1.3609913456337501,-1.3963487151400393,-1.3450285125354973,0.8312942239151274,0.5590170564036059,-0.5600053878505991,0.5591339160813618,0.5602390766663663,-0.5600788868712803,0.5597611549846577
12,0.21800000000000017,-1.0,-0.7251297831535339,-1.0,-1.0,-0.6197676658630371,0.80459064245224,0.5532727241516113,-3.1089771018415697,-3.6687889298498635,0.6827135326569898,-1.677852233407088,-1.3240616915307937,2.124988855141402,0.55917818069458,-0.55917818069458,0.55917818069458,0.55917818069458,-0.55917818069458,0.55917818069458,-1.6602941141586616,-1.828523997559167,1.323887474593407,-1.4159467732175604,-1.3439978007792608,0.9376722294942688,0.5646251219162343,-0.5656881775076134,0.5647984371096975,0.5661044500905361,-0.5657485077621627,0.5655638063152377
13,0.23400000000000018,-1.0,-0.6388427019119263,-1.0,-1.0,-0.7307403087615967,0.6864831447601318,0.39243319630622864,-3.27567710184157,-3.7752840082585815,0.5160135326569897,-1.844552233407088,-1.4458761010013519,2.2394255953729156,0.5012759506702423,-0.5012759506702423,0.5012759506702423,0.5012759506702423,-0.5012759506702423,0.5012759506702423,-1.6655153331033172,-1.8281160097015794,1.2813783437699044,-1.4497706175668883,-1.3522564759789273,1.044703292819631,0.5635028964169962,-0.5646580928895737,0.5638401313601898,0.5652859391475091,-0.564680663501169,0.5647387125698792
14,0.25200000000000017,-1.0,-0.5570803284645081,-1.0,-1.0,-0.8360609412193298,0.5639066100120544,0.24931006133556366,-3.44237710184157,-3.868149299013615,0.34931353265698967,-2.011252233407088,-1.585247459902614,2.3334288272619252,0.4497516220808029,-0.4497516220808029,0.4497516220808029,0.4497516220808029,-0.4497516220808029,0.4497516220808029,-1.6741312505966406,-1.8276981937458474,1.2234934780779099,-1.4992861844057392,-1.3738188358004546,1.1632866045292638,0.556740473383149,-0.5574608830405828,0.5569648387866386,0.5579927212100713,-0.5575811279556245,0.5576384479027674
15,0.2680000000000002,-1.0,-0.5123629570007324,-1.0,-1.0,-0.9124650955200195,0.4865392744541168,0.179842010140419,-3.60907710184157,-3.9535602039456372,0.18261353265698965,-2.177952233407088,-1.7373553913258013,2.4145349243134264,0.42474312365055084,-0.42474312365055084,0.42474312365055084,0.42474312365055084,-0.42474312365055084,0.42474312365055084,-1.6850489017510752,-1.8275247200718099,1.1622937019625603,-1.5524941769490785,-1.4041196147599762,1.2661566856536683,0.5484879813350074,-0.5492517875756231,0.5488249573194603,0.5498580298696198,-0.5493234399849397,0.5495328274410065
16,0.2840000000000002,-1.0,-0.47119492292404175,-1.0,-1.0,-0.9685371518135071,0.4291248619556427,0.1263371706008911,-3.77577710184157,-4.032108397597075,0.015913532656989637,-2.3446522334070883,-1.898810534533113,2.486070038801432,0.4054813814163208,-0.4054813814163208,0.4054813814163208,0.4054813814163208,-0.4054813814163208,0.4054813814163208,-1.6995310193649462,-1.8281820495206769,1.0919183216150063,-1.6133340695256109,-1.4460158081509162,1.3664357705948613,0.539037431958874,-0.5398745663492699,0.5394477899803843,0.5407015538675249,-0.5399249151935491,0.540290675889796
17,0.3020000000000002,-1.0,-0.43003785610198975,-1.0,-1.0,-1.0,0.37921997904777527,0.06433755904436111,-3.94247710184157,-4.103795708209277,-0.15078646734301038,-2.5113522334070884,-2.065510534533113,2.5492860093086964,0.38316152125597,-0.38316152125597,0.38316152125597,0.38316152125597,-0.38316152125597,0.38316152125597,-1.7191938114464569,-1.8288691164622994,1.000314342709248,-1.6919196624998665,-1.5037194086239687,1.4752206024265953,0.5273632010503936,-0.5276931672311723,0.5275062325865851,0.5281625699176478,-0.5278698771580577,0.5279739546909781
18,0.3180000000000002,-1.0,-0.3966541588306427,-1.0,-1.0,-1.0,0.3361748158931732,0.03271135315299034,-4.10917710184157,-4.169917956486345,-0.3174864673430104,-2.6780522334070884,-2.232210534533113,2.605326351118088,0.3717760871350765,-0.3717760871350765,0.3717760871350765,0.3717760871350765,-0.3717760871350765,0.3717760871350765,-1.73867860551084,-1.8280775881433367,0.9066497371741562,-1.76919890133653,-1.5640272400267385,1.5680676755230933,0.5164968400795108,-0.5169144017291366,0.5167330261530517,0.5174188755418518,-0.5169987275874418,0.5172088446856573
19,0.33400000000000024,-1.0,-0.3471895158290863,-1.0,-1.0,-1.0,0.29312244057655334,-0.008630312979221344,-4.275877101841569,-4.227794448775054,-0.4841864673430104,-2.8447522334070885,-2.398910534533113,2.6541898619621995,0.3568930873274803,-0.3568930873274803,0.3568930873274803,0.3568930873274803,-0.3568930873274803,0.3568930873274803,-1.760289207318576,-1.8277931881668987,0.8044287445103321,-1.852805651621837,-1.6332052461974036,1.657286326116016,0.5051555227284735,-0.5056450372841405,0.5054343318623028,0.5062409065512243,-0.5057047339721477,0.5059710885643875
20,0.35200000000000026,-1.0,-0.3031271696090698,-1.0,-1.0,-1.0,0.2661301791667938,-0.04863850772380829,-4.442577101841569,-4.278325747948886,-0.6508864673430104,-3.0114522334070886,-2.5656105345331133,2.698553762829304,0.342490137219429,-0.342490137219429,0.342490137219429,0.342490137219429,-0.342490137219429,0.342490137219429,-1.786582887163816,-1.8277196802737794,0.6790785459959765,-1.9542461093741155,-1.7187332588731161,1.752978213768486,0.4924728763145297,-0.49246137415874347,0.49248814432701726,0.4926962346736864,-0.4926253260301124,0.49265782657324336
21,0.36800000000000027,-1.0,-0.27735403180122375,-1.0,-1.0,-1.0,0.2658168375492096,-0.046551190316677094,-4.609277101841569,-4.32456066505015,-0.8175864673430104,-3.1781522334070886,-2.7323105345331133,2.7428654296487576,0.3432415714859962,-0.3432415714859962,0.3432415714859962,0.3432415714859962,-0.3432415714859962,0.3432415714859962,-1.8112100916313372,-1.828069165646122,0.5603116823316194,-2.049161801629965,-1.8016502430160708,1.834267842702449,0.48204608434435,-0.4822128775810167,0.48223962554617206,0.48259782222197084,-0.48222963550608255,0.48250881863751766
22,0.3840000000000003,-1.0,-0.2515709400177002,-1.0,-1.0,-0.9896163940429688,0.2718653976917267,-0.04243750870227814,-4.775977101841568,-4.366497540751101,-0.9842864673430105,-3.3448522334070887,-2.8972795874200763,2.7881853914439683,0.3447224968671799,-0.3447224968671799,0.3447224968671799,0.3447224968671799,-0.3447224968671799,0.3447224968671799,-1.8399075410825865,-1.8252873242233871,0.53584621090433,-2.023445595450532,-1.9012533189825325,1.8850954826784847,0.47927232076931053,-0.4783794351486976,0.4790148284010826,0.4907976835083853,-0.46506800796741726,0.48237204405501016
23,0.4020000000000003,-1.0,-0.2744186520576477,-1.0,-1.0,-1.0,0.3987322449684143,-0.09014889597892761,-4.942677101841568,-4.41224313004911,-1.1509864673430106,-3.5115522334070888,-3.0639795874200764,2.854654056680203,0.32754639744758607,-0.32754639744758607,0.32754639744758607,0.32754639744758607,-0.32754639744758607,0.32754639744758607,-1.8813351255167117,-1.8089334254440166,0.4942945396102442,-1.9922867592570015,-2.0375081379309172,1.9672541731615396,0.46421796915640423,-0.46936314412247476,0.4665576176068575,0.47450964984373917,-0.46757438827449244,0.47083771058444684
24,0.4180000000000003,-1.0,-0.34110844135284424,-1.0,-1.0,-1.0,0.5589006543159485,0.04826240614056587,-5.1093771018415675,-4.469105907222629,-1.3176864673430106,-3.678252233407089,-3.2306795874200764,2.9478227957546714,0.3773744662106037,-0.3773744662106037,0.3773744662106037,0.3773744662106037,-0.3773744662106037,0.3773744662106037,-1.9205082768341515,-1.790885898546448,0.4534573655930284,-1.936619797838675,-2.1766106268609002,2.0412393897405874,0.46725987041233574,-0.4668520410255774,0.4672305270450012,0.47010754027336865,-0.4682825808208156,0.4677530297719727
25,0.43400000000000033,-1.0,-0.40609854459762573,-1.0,-1.0,-1.0,0.6902856230735779,0.17626549303531647,-5.276077101841567,-4.5368025346070535,-1.4843864673430107,-3.844952233407089,-3.3973795874200765,3.062893409121037,0.4234555774927139,-0.4234555774927139,0.4234555774927139,0.4234555774927139,-0.4234555774927139,0.4234555774927139,-1.9607710281015376,-1.7682382989990326,0.39703138524661274,-1.85729047031519,-2.3126278002498646,2.119287205889817,0.47339347458196307,-0.47257890468053904,0.47260335224580363,0.4764155448862186,-0.47244143238398617,0.472994571725047
26,0.45200000000000035,-1.0,-0.4753759503364563,-1.0,-1.0,-1.0,0.8252168893814087,0.33598634600639343,-5.442777101841567,-4.616047705528141,-1.6510864673430108,-4.011652233407089,-3.5640795874200766,3.2004570645809176,0.4809550845623016,-0.4809550845623016,0.4809550845623016,0.4809550845623016,-0.4809550845623016,0.4809550845623016,-2.0067160376104716,-1.7396086144443008,0.3230736576233977,-1.7378901224676342,-2.466548521510356,2.2125938738262003,0.48437435735399587,-0.4851878469383987,0.48433388687444756,0.490991111846422,-0.48462542737006825,0.4859604736714546
27,0.46800000000000036,-1.0,-0.4958665370941162,-1.0,-1.0,-1.0,0.8666480183601379,0.39500001072883606,-5.609477101841566,-4.69870865726173,-1.8177864673430109,-4.178352233407089,-3.7307795874200766,3.3449272892415527,0.502200003862381,-0.502200003862381,0.502200003862381,0.502200003862381,-0.502200003862381,0.502200003862381,-2.0478302878992625,-1.711486709184768,0.2479866961399041,-1.618538628986209,-2.595358882018749,2.300523606842909,0.5002232992263038,-0.49880470711561026,0.4990462413753397,0.5021439043463027,-0.4990548241988178,0.4989216871640658
28,0.4840000000000004,-1.0,-0.45374947786331177,-1.0,-1.0,-1.0,0.8473135828971863,0.35806241631507874,-5.654866776,-4.774348695221544,-1.984486467343011,-4.345052233407088,-3.8974795874200767,3.4861744635105136,0.48890246987342834,-0.48890246987342834,0.48890246987342834,0.48890246987342834,-0.48890246987342834,0.48890246987342834,-2.087997538623576,-1.6804997312825605,0.16797074632359402,-1.480544902033642,-2.716307658355689,2.3918151468501443,0.5122510960860487,-0.5105654552565146,0.5111114333669158,0.5131094514979785,-0.5106922826786179,0.5102337177909105
29,0.5020000000000003,-1.0,-0.45697787404060364,-1.0,-1.0,-1.0,0.8772141337394714,0.4344404339790344,-5.654866776,-4.850526906824113,-2.151186467343011,-4.511752233407088,-4.064179587420076,3.6324060596048837,0.5163985562324523,-0.5163985562324523,0.5163985562324523,0.5163985562324523,-0.5163985562324523,0.5163985562324523,-2.1260343963427406,-1.6358527380603067,0.07699861654450402,-1.3822799281667348,-2.8438336403097404,2.497715772089367,0.5276633744591654,-0.5260843237811881,0.5271116327352874,0.5281199844062833,-0.5257265791837284,0.5260679170038578
30,0.5180000000000003,-0.8851985931396484,-0.40751227736473083,-1.0,-1.0,-1.0,0.8686054348945618,0.4584537744522095,-5.654866776,-4.918459203460814,-2.317886467343011,-4.6784522334070875,-4.230879587420076,3.777202585601807,0.5250433588027954,-0.5250433588027954,0.5250433588027954,0.5250433588027954,-0.5250433588027954,0.5250433588027954,-2.158098736949342,-1.5902475236777813,-0.011994366663891044,-1.2794647317603691,-2.959138329048465,2.5930046049367586,0.5414271672775596,-0.5398200794466748,0.5407821106842295,0.5464870025944553,-0.5398974731194335,0.5409103360039765
31,0.5340000000000004,-0.7733094096183777,-0.3187354803085327,-1.0,-1.0,-1.0,0.8056046962738037,0.3565109968185425,-5.654866776,-4.971592408028246,-2.484586467343011,-4.845152233407087,-4.397579587420076,3.91149688847065,0.4883439588546753,-0.4883439588546753,0.4883439588546753,0.4883439588546753,-0.4883439588546753,0.4883439588546753,-2.1881308400045043,-1.5386509592257331,-0.10791501276523457,-1.1825066238553539,-3.071563616464598,2.691639795565462,0.5507729945058983,-0.5486980894369107,0.5495594893419787,0.5529284171077934,-0.5489166190823555,0.5485336329411513
32,0.5520000000000004,-0.7258255481719971,-0.2567210793495178,-1.0,-1.0,-1.0,0.7398101687431335,0.268157958984375,-5.654866776,-5.01438781195581,-2.651286467343011,-5.011852233407087,-4.564279587420075,4.034823243600131,0.456536865234375,-0.456536865234375,0.456536865234375,0.456536865234375,-0.456536865234375,0.456536865234375,-2.2191391794830375,-1.4741759638742,-0.21933547441648862,-1.1055857653976673,-3.1899776469468635,2.8013910891776654,0.5558311200178694,-0.5537058444976336,0.5545383880902547,0.5577291681149805,-0.5538414541449231,0.5538854294023238
33,0.5680000000000004,-0.8386372923851013,-0.2818448841571808,-1.0,-1.0,-1.0,0.7036803364753723,0.27133217453956604,-5.654866776,-5.061371354144812,-2.8179864673430113,-5.178552233407086,-4.730979587420075,4.152126755690575,0.45767958283424376,-0.45767958283424376,0.45767958283424376,0.45767958283424376,-0.45767958283424376,0.45767958283424376,-2.246109472721699,-1.4118746983033492,-0.3252919085877751,-1.0890725668297183,-3.288359669561994,2.9032504245568505,0.5577720616317073,-0.556245982367327,0.5565108216368465,0.5602020853882693,-0.5564047817205091,0.5559771140123477
34,0.5840000000000004,-0.873961329460144,-0.2539175748825073,-1.0,-1.0,-1.0,0.6178268194198608,0.22271667420864105,-5.654866776,-5.1036994138777265,-2.827433388,-5.345252233407086,-4.8976795874200745,4.2551184864878655,0.44017800271511076,-0.44017800271511076,0.44017800271511076,0.44017800271511076,-0.44017800271511076,0.44017800271511076,-2.276381052511245,-1.3515921036874163,-0.4321332049359384,-1.1317481507834142,-3.3958357996217936,3.0071016232005103,0.5538889640400874,-0.5537913911766579,0.5536492282441482,0.5577434600978998,-0.5537263028750328,0.5544259234042356
35,0.6020000000000004,-0.8513496518135071,-0.2755918800830841,-1.0,-1.0,-1.0,0.5956083536148071,0.28734132647514343,-5.654866776,-5.149640580287577,-2.827433388,-5.511952233407086,-5.064379587420074,4.354406399035454,0.4634428775310516,-0.4634428775310516,0.4634428775310516,0.4634428775310516,-0.4634428775310516,0.4634428775310516,-2.3210603042301186,-1.2967796919280836,-0.5543353906978882,-1.2813403735302735,-3.540522175773904,3.1304817573506023,0.5479086385023918,-0.5497208958879486,0.5489473545835525,0.5528927502113808,-0.5495263437838224,0.5512731397178603
36,0.6180000000000004,-0.8513190150260925,-0.3312320411205292,-1.0,-1.0,-0.9841305613517761,0.5988055467605591,0.4045760929584503,-5.654866776,-5.204856961542369,-2.827433388,-5.654866776,-5.228434151997416,4.454227283680439,0.5056473934650421,-0.5056473934650421,0.5056473934650421,0.5056473934650421,-0.5056473934650421,0.5056473934650421,-2.374402853957443,-1.2694563610687728,-0.6631818327950151,-1.5255937407544917,-3.6760891139878513,3.238894815299211,0.5482001457942749,-0.5507329302499222,0.5498407488196734,0.5547588556978473,-0.5504374077001523,0.5531597425340381
37,0.6340000000000005,-0.8296419978141785,-0.29951533675193787,-1.0,-1.0,-0.9670395255088806,0.5489274859428406,0.35381758213043213,-5.654866776,-5.254786168178917,-2.827433388,-5.654866776,-5.389639640899746,4.54573349558711,0.48737432956695553,-0.48737432956695553,0.48737432956695553,0.48737432956695553,-0.48737432956695553,0.48737432956695553,-2.429077368245317,-1.2367286341610528,-0.7977431063642354,-1.5826646971028755,-3.785793970343354,3.3653790350593895,0.606709990981703,-0.5933667188353796,0.6014311999324939,0.5863552544554927,-0.5952429875614526,0.5931991480865206
38,0.6520000000000005,-0.5500351190567017,0.0052300067618489265,-1.0,-1.0,-1.0,0.3380076587200165,-0.06607723236083984,-5.654866776,-5.253914326051717,-2.827433388,-5.654866776,-5.556339640899745,4.602079372295737,0.33621219635009764,-0.33621219635009764,0.33621219635009764,0.33621219635009764,-0.33621219635009764,0.33621219635009764,-2.456463988058502,-1.1763217027451212,-0.9036967738484695,-1.5003205793130627,-3.8932114054079303,3.4927401568390763,0.5958110930168512,-0.5958093459873713,0.5913713773724644,0.5890905070173666,-0.5945177832688945,0.5885819925353513
39,0.6680000000000005,-0.6001573204994202,0.08483894169330597,-1.0,-1.0,-1.0,0.3071204125881195,-0.29983168840408325,-5.654866776,-5.239771674471443,-2.827433388,-5.654866776,-5.654866776,4.653276345074176,0.25206059217453003,-0.25206059217453003,0.25206059217453003,0.25206059217453003,-0.25206059217453003,0.25206059217453003,-2.4861758293542287,-1.1404333712814632,-0.9699674938949349,-1.5135581378896572,-4.036177006960925,3.587799444495965,0.5582467639308923,-0.5627533355633761,0.5597502536941891,0.5673902706985208,-0.5622246835115083,0.5640644983610611
40,0.6840000000000005,-0.666271984577179,0.0867738202214241,-1.0,-1.0,-1.0,0.286163330078125,-0.3491763174533844,-5.654866776,-5.225306478640532,-2.827433388,-5.654866776,-5.654866776,4.7009797721982,0.2342965257167816,-0.2342965257167816,0.2342965257167816,0.2342965257167816,-0.2342965257167816,0.2342965257167816,-2.5279133265439064,-1.1202831246650538,-1.0451454137422773,-1.6188317378275157,-4.169533190240826,3.686478245507445,0.5241727571673727,-0.5258606880481705,0.5253211695776646,0.5285036363277272,-0.5276715716667129,0.5276966426010804
41,0.7020000000000005,-0.7347873449325562,0.06937544792890549,-1.0,-1.0,-1.0,0.2565901279449463,-0.3888230323791504,-5.654866776,-5.213741591470784,-2.827433388,-5.654866776,-5.654866776,4.743753346526622,0.22002370834350585,-0.22002370834350585,0.22002370834350585,0.22002370834350585,-0.22002370834350585,0.22002370834350585,-2.5579222174159635,-1.0825902064666038,-1.118055139273383,-1.6494135071082627,-4.314220132339907,3.789888338514419,0.49548578212357425,-0.49562269599551,0.4960872024238031,0.4949916681544368,-0.4945454876871205,0.49531620918548286
42,0.7180000000000005,-0.6781577467918396,0.17656011879444122,-1.0,-1.0,-1.0,0.17425350844860077,-0.5991939306259155,-5.654866776,-5.184309019667751,-2.827433388,-5.654866776,-5.654866776,4.772801406385004,0.14429018497467042,-0.14429018497467042,0.14429018497467042,0.14429018497467042,-0.14429018497467042,0.14429018497467042,-2.5616380801273646,-1.0750471111198028,-1.1329874143929661,-1.6900812611004408,-4.434601198474347,3.8707326942640945,0.46236309358862004,-0.4635400013550859,0.46291947315444265,0.4642883205666288,-0.4630894140804496,0.4637311393241088
43,0.7340000000000005,-0.5932002663612366,0.349253386259079,-1.0,-1.0,-1.0,0.05076369270682335,-0.9133434891700745,-5.654866776,-5.126088480178362,-2.827433388,-5.654866776,-5.654866776,4.781263713959231,0.031196343898773193,-0.031196343898773193,0.031196343898773193,0.031196343898773193,-0.031196343898773193,0.031196343898773193,-2.557120363766802,-1.085868194663781,-1.1176748345664178,-1.74752561907855,-4.541695655725268,3.9456231293146353,0.42045607872475244,-0.42220269100353314,0.4211391696544937,0.4240391070881583,-0.4222034104652072,0.4228298842908888
44,0.7520000000000006,-0.5364649295806885,0.4696137011051178,-1.0,-1.0,-1.0,-0.051455605775117874,-1.0,-5.654866776,-5.047803876204139,-2.827433388,-5.654866776,-5.654866776,4.772686064476519,0.0,0.0,0.0,0.0,0.0,0.0,-2.552080461826211,-1.1149108423260683,-1.0791705687573352,-1.853612404329185,-4.650020195884645,4.0217738941193835,0.37552920203126977,-0.376697137088464,0.376380500140696,0.3790808271819485,-0.37666111530525187,0.3780541211341311
45,0.7680000000000006,-0.5221716165542603,0.543444037437439,-1.0,-1.0,-1.0,-0.14234507083892822,-1.0,-5.654866776,-4.957211755163318,-2.827433388,-5.654866776,-5.654866776,4.74895714116767,0.0,0.0,0.0,0.0,0.0,0.0,-2.5487576507482674,-1.156414341834211,-1.0291689617136652,-1.9942256975213715,-4.737619079785436,4.08163427196508,0.33980240203248413,-0.34071324300449923,0.340649913492579,0.3430996045584106,-0.34055806452579657,0.34217473206250715
46,0.7840000000000006,-0.5446751117706299,0.5887038111686707,-1.0,-1.0,-1.0,-0.23119308054447174,-1.0,-5.654866776,-4.8590748298415,-2.827433388,-5.654866776,-5.654866776,4.710417254640907,0.0,0.0,0.0,0.0,0.0,0.0,-2.5462318821565244,-1.2072837856962646,-0.9611853988753021,-2.170241863642161,-4.804522190469601,4.133415723219743,0.3065376204356212,-0.3082475187518351,0.3077013630220894,0.3109473653309049,-0.30808363383751686,0.3097308149450771
47,0.8020000000000006,-0.5762946009635925,0.6083098649978638,-1.0,-1.0,-1.0,-0.3019619882106781,-1.0,-5.654866776,-4.757669575346356,-2.827433388,-5.654866776,-5.654866776,4.660080191206187,0.0,0.0,0.0,0.0,0.0,0.0,-2.5544638169907787,-1.2615592262491035,-0.9062553910728882,-2.461649347657465,-4.880506966890104,4.182072140832637,0.2748328287800211,-0.27507665709534884,0.27543377510239286,0.27793431268172175,-0.27494271479417404,0.27679817992817607
48,0.8180000000000006,-0.6472595930099487,0.5498495697975159,-1.0,-1.0,-1.0,-0.30692753195762634,-1.0,-5.654866776,-4.666009652061111,-2.827433388,-5.654866776,-5.654866776,4.60891537162885,0.0,0.0,0.0,0.0,0.0,0.0,-2.559449805975201,-1.3119413711710595,-0.8832840298020399,-2.7275151495750563,-4.947086801096407,4.217110781259381,0.2501016242314681,-0.24980957227441214,0.2501858371014847,0.2498642580526043,-0.24975492588947307,0.2500614062029041
49,0.8340000000000006,-0.6891278028488159,0.5198387503623962,-1.0,-1.0,-1.0,-0.32554498314857483,-1.0,-5.654866776,-4.579352532375699,-2.827433388,-5.654866776,-5.654866776,4.554647022937982,0.0,0.0,0.0,0.0,0.0,0.0,-2.5605885163424102,-1.3340230083545783,-0.8710222763145313,-2.891095939170467,-5.009026076851805,4.24470848516736,0.2274505518384705,-0.22669190783678864,0.22667938903054963,0.22310999736037648,-0.22696736082071786,0.22500870986339436
50,0.8520000000000006,-0.5943301916122437,0.5776751637458801,-1.0,-1.0,-1.0,-0.32865071296691895,-1.0,-5.654866776,-4.483054082579261,-2.827433388,-5.654866776,-5.654866776,4.499860949086397,0.0,0.0,0.0,0.0,0.0,0.0,-2.562205824110256,-1.3294402879502851,-0.8715699496599381,-2.9502337747273684,-5.0829485177805145,4.268120706391098,0.20238531702930906,-0.2026158774269944,0.20221642522970318,0.20035916212848384,-0.20225072640910532,0.20128120898483218
51,0.8680000000000007,-0.3829582929611206,0.6914065480232239,-1.0,-1.0,-1.0,-0.321336030960083,-1.0,-5.654866776,-4.367796611023789,-2.827433388,-5.654866776,-5.654866776,4.446294232725351,0.0,0.0,0.0,0.0,0.0,0.0,-2.5640980962762456,-1.3158210330974083,-0.8774418393326054,-2.997213398344821,-5.134512954402207,4.282872364850922,0.1812780075473737,-0.18222932114740015,0.18201805284466593,0.18359850800334274,-0.18220980602338407,0.18293507743607598
52,0.8840000000000007,-0.28033581376075745,0.729353129863739,-1.0,-1.0,-1.0,-0.3092862069606781,-1.0,-5.654866776,-4.2462134442755035,-2.827433388,-5.654866776,-5.654866776,4.394736222025006,0.0,0.0,0.0,0.0,0.0,0.0,-2.5691199107596363,-1.2946619956446603,-0.8921873251334603,-3.081118180671835,-5.180816936838345,4.29227384738029,0.16404576332097084,-0.16437844007164049,0.1645466854907205,0.16618939617384715,-0.16446028375223667,0.1654406424270883
53,0.9020000000000007,-0.2706589102745056,0.6998412609100342,-1.0,-1.0,-1.0,-0.2902697026729584,-1.0,-5.654866776,-4.129549906081801,-2.827433388,-5.654866776,-5.654866776,4.346348262589424,0.0,0.0,0.0,0.0,0.0,0.0,-2.5836871947741504,-1.267616043690312,-0.953870118844985,-3.2838700092989295,-5.226536966601141,4.297450836422689,0.14734836726390138,-0.14659080734175514,0.14728434454190742,0.1479234664907996,-0.1469158495564276,0.147608947445688
54,0.9180000000000007,-0.3634277880191803,0.5953824520111084,-1.0,-1.0,-1.0,-0.2541239261627197,-1.0,-5.654866776,-4.030299651331549,-2.827433388,-5.654866776,-5.654866776,4.303985804098098,0.0,0.0,0.0,0.0,0.0,0.0,-2.597064371858684,-1.2453144831677723,-0.9892800855238076,-3.468052334543484,-5.264000951775562,4.298116130033814,0.13252094337330214,-0.13342360514320425,0.13314253905222798,0.13423790357097404,-0.13296260752641517,0.13371613455545817
55,0.9340000000000007,-0.4146480858325958,0.5387707948684692,-1.0,-1.0,-1.0,-0.2249290496110916,-1.0,-5.654866776,-3.9404865598269754,-2.827433388,-5.654866776,-5.654866776,4.266490131527929,0.0,0.0,0.0,0.0,0.0,0.0,-2.6141802773624723,-1.224699820626391,-1.0328035275210998,-3.6366328955928493,-5.300300391210135,4.295337625647624,0.12107176323266038,-0.12079037450656174,0.12089090952884882,0.11989155911993599,-0.1209693728612933,0.12044140920780967
56,0.9520000000000007,-0.39034503698349,0.5565261840820312,-1.0,-1.0,-1.0,-0.2077854573726654,-1.0,-5.654866776,-3.8477136449405007,-2.827433388,-5.654866776,-5.654866776,4.231852295783906,0.0,0.0,0.0,0.0,0.0,0.0,-2.6183211109742652,-1.2204738676483022,-1.0395285433075516,-3.807690186423316,-5.326567975164604,4.289470430030776,0.10697703828216258,-0.10805246769959057,0.10768879152412757,0.10876303150562314,-0.1078663270122956,0.10829282877895272
57,0.9680000000000007,-0.3524191379547119,0.6195225715637207,-1.0,-1.0,-1.0,-0.2174101322889328,-1.0,-5.654866776,-3.7444392322608286,-2.827433388,-5.654866776,-5.654866776,4.195610026731341,0.0,0.0,0.0,0.0,0.0,0.0,-2.6184716390877574,-1.2277021703597022,-1.0262963011839015,-3.940413338590303,-5.356220819156594,4.281658505891831,0.09885123885545342,-0.09757161650816186,0.098119080920767,0.09636443922395185,-0.0980089284713401,0.0972495275774849
58,0.9840000000000008,-0.2648555338382721,0.6852436661720276,-1.0,-1.0,-1.0,-0.20398037135601044,-1.0,-5.654866776,-3.6302091131099514,-2.827433388,-5.654866776,-5.654866776,4.161606498826294,0.0,0.0,0.0,0.0,0.0,0.0,-2.6186274532370284,-1.2371413726660094,-1.0059503479918297,-4.050424458095761,-5.400275884148584,4.2717641247918126,0.08924582555134672,-0.08864470233956985,0.08880009600332586,0.08743968403956143,-0.08843911849443666,0.0880571383453309
59,1.0020000000000007,-0.17123301327228546,0.7370511889457703,-1.0,-1.0,-1.0,-0.1754814237356186,-1.0,-5.654866776,-3.5073426799126914,-2.827433388,-5.654866776,-5.654866776,4.132353745489566,0.0,0.0,0.0,0.0,0.0,0.0,-2.617711676768063,-1.2471152691063565,-0.9829735816727494,-4.160851446260826,-5.44633730820619,4.258934424666596,0.07852530186216128,-0.07916337378751855,0.07894531341382423,0.07941650978594177,-0.07905554886504278,0.07923851689163168
60,1.0180000000000007,-0.09596027433872223,0.7684243321418762,-1.0,-1.0,-1.0,-0.142173171043396,-1.0,-5.654866776,-3.3792463437446405,-2.827433388,-5.654866776,-5.654866776,4.108653477876632,0.0,0.0,0.0,0.0,0.0,0.0,-2.617328484879115,-1.2539129655948646,-0.9633635750257272,-4.26346379668808,-5.468659423759894,4.246627259895038,0.06987167572746814,-0.07150206000157393,0.07093298747519444,0.07320521908192515,-0.07136832795248792,0.07220613073481107
61,1.0340000000000007,-0.06680084019899368,0.774025022983551,-1.0,-1.0,-1.0,-0.11323480308055878,-1.0,-5.654866776,-3.2502163724132824,-2.827433388,-5.654866776,-5.654866776,4.089777236203103,0.0,0.0,0.0,0.0,0.0,0.0,-2.6193918362914146,-1.2545266243177293,-0.9637415937531725,-4.367176324673857,-5.480896624916759,4.233707616025926,0.064319346007008,-0.06475176187682535,0.06461120473331149,0.06505905818453782,-0.06499452459627353,0.06497468988034923
62,1.0520000000000007,-0.027380013838410378,0.7827315330505371,-1.0,-1.0,-1.0,-0.0862114205956459,-1.0,-5.654866776,-3.1197350258537577,-2.827433388,-5.654866776,-5.654866776,4.075405792389809,0.0,0.0,0.0,0.0,0.0,0.0,-2.619484689995375,-1.2608290530281732,-0.9521618853777103,-4.457625717759203,-5.50137942076949,4.219082143418493,0.05844266646507969,-0.0580147395504391,0.05809932851222078,0.05728291372016244,-0.057962981703517054,0.057677806476598016
63,1.0680000000000007,0.011539441533386707,0.7970120310783386,-1.0,-1.0,-1.0,-0.06072878837585449,-1.0,-5.652943151096385,-2.986873120272999,-2.827433388,-5.654866776,-5.654866776,4.065282303367554,0.0,0.0,0.0,0.0,0.0,0.0,-2.61889710829619,-1.2685426012350605,-0.9365193192623295,-4.531574283005935,-5.5211577961879765,4.206420097851336,0.05244662357648865,-0.05250546218152608,0.052478977110325425,0.05237172531258949,-0.05236624686604237,0.052416177458348534
64,1.0840000000000007,0.04360207915306091,0.8073835372924805,-1.0,-1.0,-1.0,-0.0383104532957077,-1.0,-5.64567468450157,-2.8522822846063423,-2.827433388,-5.654866776,-5.654866776,4.0588959508031595,0.0,0.0,0.0,0.0,0.0,0.0,-2.6194119540725054,-1.2710759927066382,-0.9299714911963064,-4.611371026296541,-5.53063800300977,4.194370421137575,0.046490434548294296,-0.047448665898276336,0.04716357407045527,0.048446154396953954,-0.04730805986905102,0.047843236033032345
65,1.1020000000000008,0.05652496591210365,0.8086789846420288,-1.0,-1.0,-1.0,-0.02358292229473591,-1.0,-5.636251972684022,-2.717475497866516,-2.827433388,-5.654866776,-5.654866776,4.054964677656627,0.0,0.0,0.0,0.0,0.0,0.0,-2.6186492825368863,-1.2717955696762342,-0.9303675408951029,-4.690191180539999,-5.533800850281782,4.182466984301828,0.04301784412209839,-0.04247686733998872,0.042876531221731094,0.04229287987157413,-0.04317324372733189,0.04273396035417693
66,1.1180000000000008,0.09531570971012115,0.824266791343689,-1.0,-1.0,-1.0,-0.005487823858857155,-1.0,-5.620362843875345,-2.580070223749523,-2.827433388,-5.654866776,-5.654866776,4.054049857419355,0.0,0.0,0.0,0.0,0.0,0.0,-2.617538295378244,-1.266062794142043,-0.9362066331609626,-4.696469898097296,-5.542492240114401,4.179240376619412,0.04370084672776476,-0.04332375822556164,0.043159416981169346,0.043307866274168105,-0.04326651970035534,0.043416489718277565
67,1.1340000000000008,0.15042689442634583,0.8432146906852722,-1.0,-1.0,-1.0,0.010615464299917221,-1.0,-5.595286680574473,-2.4395063348122883,-2.827433388,-5.654866776,-5.654866776,4.055819455318152,0.0,0.0,0.0,0.0,0.0,0.0,-2.6165963980995697,-1.2638548049024163,-0.9400689968614545,-4.701029037508166,-5.547070738643462,4.173756849306085,0.043661884841380984,-0.0426221082443327,0.04291048179403487,0.042810411278093964,-0.0427913850279578,0.04279458839072483
68,1.1520000000000008,0.18423083424568176,0.846752941608429,-1.0,-1.0,-1.0,0.025627529248595238,-1.0,-5.564575400505718,-2.298352619446163,-2.827433388,-5.654866776,-5.654866776,4.060091564443892,0.0,0.0,0.0,0.0,0.0,0.0,-2.6164910720291177,-1.2614433215740797,-0.9441994095628408,-4.6995158897669524,-5.548244398673948,4.170741839592958,0.042535917277101785,-0.0421107287544643,0.042007584964296775,0.04225525941786109,-0.042101287949360126,0.042128094871235
69,1.1680000000000008,0.2016381472349167,0.8446706533432007,-1.0,-1.0,-1.0,0.03536481037735939,-1.0,-5.530962321361657,-2.1575460215338516,-2.827433388,-5.654866776,-5.654866776,4.065986878333798,0.0,0.0,0.0,0.0,0.0,0.0,-2.61614210104963,-1.2603441357718181,-0.9466218503862638,-4.698893120273559,-5.548837161429614,4.168304067214772,0.0425008678665768,-0.0417627446846094,0.04184293164691365,0.041704241203327753,-0.0417473353447076,0.041764795872604066
70,1.1840000000000008,0.21307648718357086,0.841949462890625,-1.0,-1.0,-1.0,0.04288216307759285,-1.0,-5.495442470948156,-2.0171930460699845,-2.827433388,-5.654866776,-5.654866776,4.073135334918833,0.0,0.0,0.0,0.0,0.0,0.0,-2.615565876737587,-1.2590758749225028,-0.9493293821025904,-4.697604946965964,-5.550091401607028,4.166146293389079,0.04239015549652271,-0.041749452953153986,0.04175346885553236,0.04178734936666235,-0.04176055059433715,0.041765979961581816
71,1.2020000000000008,0.2204158455133438,0.8394582867622375,-1.0,-1.0,-1.0,0.0482182502746582,-1.0,-5.458699149501081,-1.8772553496667195,-2.827433388,-5.654866776,-5.654866776,4.081173317239618,0.0,0.0,0.0,0.0,0.0,0.0,-2.6145733461562646,-1.2569977269130064,-0.9537614596228343,-4.695951814427185,-5.552298110205318,4.16409934683188,0.042736225442353136,-0.042076479075588084,0.0420849588266022,0.042082927106090684,-0.042065286494483635,0.04207646679228455
72,1.2180000000000009,0.2254525125026703,0.8374501466751099,-1.0,-1.0,-1.0,0.05216498300433159,-1.0,-5.421116215666886,-1.7376524102159787,-2.827433388,-5.654866776,-5.654866776,4.089869219906441,0.0,0.0,0.0,0.0,0.0,0.0,-2.6133865729122916,-1.2537277759927206,-0.9610479253772083,-4.696534351912075,-5.55425240131151,4.1622418932675025,0.041847505186388294,-0.04137516954914555,0.04120495871669097,0.041356850182123955,-0.04136611809813002,0.04122589927242835
73,1.2340000000000009,0.21424823999404907,0.8271806836128235,-1.0,-1.0,-1.0,0.05622805282473564,-1.0,-5.3854010340598775,-1.599761390257721,-2.827433388,-5.654866776,-5.654866776,4.099242436312324,0.0,0.0,0.0,0.0,0.0,0.0,-2.612284361455518,-1.2463992683257021,-0.9748421785106467,-4.6931724137544935,-5.554956724558302,4.1619963722867706,0.04085892902205461,-0.04133701741380833,0.04068138367798688,0.04149387660094241,-0.0410984299576058,0.04110689135223668
74,1.252000000000001,0.20614217221736908,0.8282462954521179,-1.0,-1.0,-1.0,0.05082545429468155,-1.0,-5.351037133951242,-1.4616927328058529,-2.827433388,-5.654866776,-5.654866776,4.107715039543248,0.0,0.0,0.0,0.0,0.0,0.0,-2.6100563747825745,-1.2388162644339147,-0.9901610240696939,-4.690093757192192,-5.562885288839744,4.163721014587567,0.04470549096275551,-0.043541432533604284,0.04376398134466128,0.04332340285329611,-0.04349109208625951,0.043452834954783456
75,1.268000000000001,0.22478172183036804,0.8321523070335388,-1.0,-1.0,-1.0,0.05430084839463234,-1.0,-5.31356602092212,-1.322972943223362,-2.827433388,-5.654866776,-5.654866776,4.116766990970633,0.0,0.0,0.0,0.0,0.0,0.0,-2.607227324184871,-1.2313385491648743,-1.0046153421525628,-4.68942446224012,-5.563147881256043,4.16234772044953,0.04421050152348102,-0.04303605088880368,0.043196801294900576,0.043271269500534414,-0.04310080262287962,0.04309690325028832
76,1.284000000000001,0.2302699089050293,0.8348786234855652,-1.0,-1.0,-1.0,0.05586882680654526,-1.0,-5.275180027107652,-1.1837986766883182,-2.827433388,-5.654866776,-5.654866776,4.126080324399284,0.0,0.0,0.0,0.0,0.0,0.0,-2.6050901813606187,-1.2219881733721927,-1.0223646145456327,-4.6894662225929435,-5.568867877035852,4.164162569931093,0.04542763627013328,-0.04441920571874798,0.04473960245186279,0.04430268981828079,-0.04449966722875191,0.04452007835705334
77,1.302000000000001,0.23919296264648438,0.8344277143478394,-1.0,-1.0,-1.0,0.06011594831943512,-1.0,-5.235306560234483,-1.0446995767065332,-2.827433388,-5.654866776,-5.654866776,4.136101652984134,0.0,0.0,0.0,0.0,0.0,0.0,-2.601619205775698,-1.2113213967371241,-1.0422563548030117,-4.690565643495809,-5.570593432649903,4.165879869396387,0.04576605057988194,-0.044106000373387695,0.044535094143381186,0.04431444535834673,-0.04427875208932301,0.044346494183886066
78,1.318000000000001,0.2451818585395813,0.8338343501091003,-1.0,-1.0,-1.0,0.06261217594146729,-1.0,-5.194434744415935,-0.9056993905433461,-2.827433388,-5.654866776,-5.654866776,4.146539102713577,0.0,0.0,0.0,0.0,0.0,0.0,-2.5978286516044893,-1.200707980025718,-1.0610203897807895,-4.69155740324867,-5.569936028761215,4.166804102492491,0.04469011514415854,-0.043551016254481864,0.04383511138279933,0.04378312762231309,-0.04367523601066883,0.04367733739175005
79,1.334000000000001,0.23828545212745667,0.8348567485809326,-1.0,-1.0,-1.0,0.06117699667811394,-1.0,-5.154712559546288,-0.7665287705549046,-2.827433388,-5.654866776,-5.654866776,4.156737308059818,0.0,0.0,0.0,0.0,0.0,0.0,-2.594782506018707,-1.1859575139634049,-1.087326520916801,-4.695453482730534,-5.56997880199619,4.1690293860062155,0.04216539110256472,-0.04213331997923958,0.042169402823405686,0.04301019360731801,-0.04248946434048866,0.04252274575334438
80,1.352000000000001,0.22039301693439484,0.8344351649284363,-1.0,-1.0,-1.0,0.05318693816661835,-1.0,-5.117973043623325,-0.6274284285613343,-2.827433388,-5.654866776,-5.654866776,4.165603570652194,0.0,0.0,0.0,0.0,0.0,0.0,-2.5904378430375705,-1.1669423856065486,-1.1195457064416983,-4.70229670925416,-5.5729948088827825,4.172432356747062,0.04335691467194113,-0.0411696863234207,0.04283655096156733,0.04323649495750036,-0.042873758708767855,0.042973856348043946
81,1.368000000000001,0.22086887061595917,0.8392524123191833,-1.0,-1.0,-1.0,0.049183040857315063,-1.0,-5.0811542028916445,-0.4875250514277264,-2.827433388,-5.654866776,-5.654866776,4.173802383563109,0.0,0.0,0.0,0.0,0.0,0.0,-2.5859309989819397,-1.1458545290631312,-1.1531674753242214,-4.715991982133199,-5.576397229856195,4.175925881112971,0.043120334657071935,-0.0405910437901214,0.04204756674856528,0.041637597697450436,-0.041790236275876594,0.041744189338076665
82,1.384000000000001,0.22068525850772858,0.8293514847755432,-1.0,-1.0,-1.0,0.05793263390660286,-1.0,-5.044365970298406,-0.34927215891564334,-2.827433388,-5.654866776,-5.654866776,4.183459753635339,0.0,0.0,0.0,0.0,0.0,0.0,-2.582016992098816,-1.1172536452967892,-1.1962117695615146,-4.744571388034515,-5.577291918354866,4.177997367526828,0.03981037397334644,-0.0385818251043768,0.03934438250739541,0.03965588214688109,-0.03940153004120156,0.03940085509753448
83,1.402000000000001,0.19214291870594025,0.8178262710571289,-1.0,-1.0,-1.0,0.05576109513640404,-1.0,-5.012335745750126,-0.21294051953041992,-2.827433388,-5.654866776,-5.654866776,4.192755128194578,0.0,0.0,0.0,0.0,0.0,0.0,-2.5861510455421275,-1.0681686843681448,-1.2672313767572974,-4.790273032354941,-5.5841518740116225,4.1850035763787385,0.04037056710351164,-0.038630395659451255,0.03992576715772818,0.04027883547161578,-0.03981157466397924,0.040082394732602104
84,1.418000000000001,0.18931883573532104,0.8126379251480103,-1.0,-1.0,-1.0,0.05365786701440811,-1.0,-4.9807762958330475,-0.0774737774082466,-2.827433388,-5.654866776,-5.654866776,4.20169989462588,0.0,0.0,0.0,0.0,0.0,0.0,-2.600310753539364,-1.0153315331230452,-1.3420814956935343,-4.847141175085005,-5.583997336827191,4.197292348941886,0.04384513403252747,-0.03963797706262778,0.043161042614667626,0.04373821565358754,-0.04223585830115683,0.04354448660097114
85,1.434000000000001,0.2096400260925293,0.8233591914176941,-1.0,-1.0,-1.0,0.05184444412589073,-1.0,-4.945829303483423,0.05978019980108301,-2.827433388,-5.654866776,-5.654866776,4.210342363461666,0.0,0.0,0.0,0.0,0.0,0.0,-2.620647276017896,-0.990625489007168,-1.345592901793093,-4.88294596270143,-5.48648378406681,4.292157909132088,0.043219132680914714,-0.041951506563488415,0.044937241034226964,0.053956373968219354,-0.04750947005743293,0.049754865026769464
86,1.452000000000001,0.13336366415023804,0.8135383129119873,-1.0,-1.0,-1.0,0.018371611833572388,-1.0,-4.923597580669578,0.19539703656351132,-2.827433388,-5.654866776,-5.654866776,4.213404911154322,0.0,0.0,0.0,0.0,0.0,0.0,-2.642756920126176,-0.9553138722356703,-1.3636086795150355,-4.9374907628184905,-5.397635737932436,4.339026847146439,0.04846186553574497,-0.04161348114655222,0.04591020516339443,0.040862242531954106,-0.04597141837423585,0.043213661643608126
87,1.468000000000001,0.15890121459960938,0.8370604515075684,-1.0,-1.0,-1.0,-0.0031164938118308783,-1.0,-4.897108748195823,0.33493501382982294,-2.827433388,-5.654866776,-5.654866776,4.21288539163589,0.0,0.0,0.0,0.0,0.0,0.0,-2.6657885696648234,-0.9315215333032426,-1.370345689635812,-4.935809601467235,-5.2891770241317015,4.396083398793134,0.04563351221581457,-0.04932737579303161,0.04680700285884533,0.05052711668229735,-0.04745485544205855,0.04910582495281445
88,1.484000000000001,0.14946995675563812,0.8463897705078125,-1.0,-1.0,-1.0,-0.030810445547103882,-1.0,-4.872192106404658,0.4760281885734753,-2.827433388,-5.654866776,-5.654866776,4.2077492903631875,0.0,0.0,0.0,0.0,0.0,0.0,-2.6922121730269186,-0.8998588264015184,-1.3910076326459928,-4.947585254758322,-5.212186558929363,4.412802513133252,0.050355170296520334,-0.045763862786339475,0.047254005671777816,0.042602629778947916,-0.0466053185339396,0.04480532583842866
89,1.5020000000000011,0.1896045207977295,0.8556445240974426,-1.0,-1.0,-1.0,-0.02665119618177414,-1.0,-4.8405850327876765,0.618664130740519,-2.827433388,-5.654866776,-5.654866776,4.203306535959686,0.0,0.0,0.0,0.0,0.0,0.0,-2.7301571099873128,-0.8459555213232206,-1.4423606580271766,-4.983109483231569,-5.230226678024515,4.404327998666312,0.047780125567535456,-0.0428320263813723,0.04474733783866301,0.037621964615404326,-0.042366615168227456,0.04055533772321693
90,1.5180000000000011,0.26048463582992554,0.8323798775672913,-1.0,-1.0,-1.0,0.036578770726919174,-1.0,-4.797162243994828,0.7574218563309865,-2.827433388,-5.654866776,-5.654866776,4.209404217039864,0.0,0.0,0.0,0.0,0.0,0.0,-2.7755535773876243,-0.7844630991313924,-1.5079254099633395,-5.033938197167094,-5.2628355690700985,4.388412459341648,0.0388057469031242,-0.03870151659918258,0.038764836069160064,0.038605269990542146,-0.03837338987066751,0.03857836692947549
91,1.5340000000000011,0.2898959219455719,0.7930673360824585,-1.0,-1.0,-1.0,0.08798588067293167,-1.0,-4.748836593806502,0.8896261812559323,-2.827433388,-5.654866776,-5.654866776,4.224071463348041,0.0,0.0,0.0,0.0,0.0,0.0,-2.832950604099944,-0.7160506148103666,-1.5810420520536648,-5.059803750883915,-5.286595626095061,4.380624633720696,0.0340914559195617,-0.034326598980981636,0.03473725964539373,0.03557068811003705,-0.03555419540812161,0.035357818191545265
92,1.5520000000000012,0.30430227518081665,0.739503800868988,-1.0,-1.0,-1.0,0.1408250629901886,-1.0,-4.698109404533859,1.0129014648607926,-2.827433388,-5.654866776,-5.654866776,4.247547001348505,0.0,0.0,0.0,0.0,0.0,0.0,-2.912422009563323,-0.6313865076129966,-1.6641180165269847,-5.115114410091976,-5.3184215580263405,4.368365306186149,0.031418294305755295,-0.030960920096476986,0.03135693117623297,0.03139485464346939,-0.031169651636577464,0.03131339303637935
93,1.5680000000000012,0.3487452268600464,0.7302547097206116,-1.0,-1.0,-1.0,0.155732661485672,-1.0,-4.63997357521629,1.1346349249712184,-2.827433388,-5.654866776,-5.654866776,4.2735076360181665,0.0,0.0,0.0,0.0,0.0,0.0,-2.9987121082009374,-0.5533930065692948,-1.740164123544811,-5.1618181245814085,-5.344423332445056,4.360495336324165,0.028286009254922386,-0.02842628219108204,0.028362648001878096,0.028512650964514753,-0.028255684480079524,0.02843419612575406
94,1.5840000000000012,0.43756672739982605,0.7725409865379333,-1.0,-1.0,-1.0,0.14551308751106262,-1.0,-4.567031201758739,1.263417507427092,-2.827433388,-5.654866776,-5.654866776,4.297764667706261,0.0,0.0,0.0,0.0,0.0,0.0,-3.0994878487832205,-0.4747505286601291,-1.8125901194006937,-5.205024225467608,-5.368765428723117,4.35526393167902,0.02567201216462316,-0.025799769236075874,0.025771554509382393,0.025982531103263498,-0.025741362944591645,0.02588817281641893
95,1.6020000000000012,0.5379001498222351,0.8094513416290283,-1.0,-1.0,-1.0,0.1436017006635666,-1.0,-4.477363246783372,1.398353046076651,-2.827433388,-5.654866776,-5.654866776,4.321703071206877,0.0,0.0,0.0,0.0,0.0,0.0,-3.2280612822538703,-0.38593625100194057,-1.8871485819138878,-5.249604711210617,-5.394463701579374,4.352102375224857,0.023164575827169957,-0.0232081827829328,0.023253026413365636,0.023453409930611027,-0.023203756458368054,0.023356659418945026
96,1.6180000000000012,0.6426287889480591,0.8421154022216797,-1.0,-0.9978792667388916,-1.0,0.14322680234909058,-1.0,-4.3702370276657305,1.538733683627005,-2.827433388,-5.654866776,-5.654866776,4.3455789791584705,0.0,0.0,0.0,0.0,0.0,0.0,-3.3523468457950774,-0.30598754131785577,-1.9472027414594795,-5.285901194471237,-5.416027391159902,4.351515085838747,0.021232562382793318,-0.021227724970201457,0.0213102532735167,0.02149583890055141,-0.021220061310170225,0.02139848717765323
97,1.6340000000000012,0.7222074866294861,0.8577433228492737,-1.0,-0.9435364007949829,-1.0,0.15128152072429657,-1.0,-4.249845039644595,1.6817194955459789,-2.827433388,-5.654866776,-5.654866776,4.370797608663211,0.0,0.0,0.0,0.0,0.0,0.0,-3.480904671277336,-0.2230696600626431,-2.0030433088087496,-5.319383660985663,-5.436534991455066,4.35306948127119,0.019546459757131686,-0.01950592739273562,0.019620051544771863,0.01979739534529714,-0.019495711033920567,0.019696577150685117
98,1.6520000000000012,0.7836904525756836,0.8681859970092773,-1.0,-0.8957592844963074,-1.0,0.15746699273586273,-1.0,-4.119203841200228,1.8264461012474253,-2.827433388,-5.654866776,-5.654866776,4.397047356352279,0.0,0.0,0.0,0.0,0.0,0.0,-3.6228399005534064,-0.12258353939102457,-2.0636687072659163,-5.3540160916445245,-5.458416358012829,4.357107221077333,0.017906027924597855,-0.017841442372695235,0.017981934370581938,0.018151263308588177,-0.017833593632447235,0.018047028927952156
99,1.6680000000000013,0.8312824964523315,0.8768894672393799,-1.0,-0.8552919030189514,-0.9846380949020386,0.1575523167848587,-1.0,-3.9806290490416245,1.97262357543623,-2.827433388,-5.654866776,-5.654866776,4.423311327560315,0.0,0.0,0.0,0.0,0.0,0.0,-3.7387627218683566,-0.023014807289370574,-2.117900137641964,-5.3823898486666035,-5.476845923298628,4.362562361911858,0.016654787325984247,-0.016568221701900494,0.016728764468883606,0.01687996632839729,-0.016563885779050384,0.016777471955744784
100,1.6840000000000013,0.8606866598129272,0.8860110640525818,-0.9411455392837524,-0.824944257736206,-0.9451790452003479,0.15017341077327728,-1.0,-3.8371525828508095,2.1203216198137955,-2.827433388,-5.654866776,-5.654866776,4.4483452351362205,0.0,0.0,0.0,0.0,0.0,0.0,-3.836420993715185,0.09049059148082755,-2.1738578071335244,-5.408718747707903,-5.494279823340858,4.369641015095623,0.015541443602854487,-0.015457568029922455,0.015620605785238882,0.0157501140765426,-0.0154537767734558,0.015652982551892708
101,1.7020000000000013,0.8706591725349426,0.8996491432189941,-0.8930107951164246,-0.8064330220222473,-0.9096580147743225,0.13519980013370514,-1.0,-3.6920136987892347,2.2702931319884017,-2.827433388,-5.654866776,-5.654866776,4.470883041818509,0.0,0.0,0.0,0.0,0.0,0.0,-3.9145056067637958,0.23916627954349937,-2.2379367001532637,-5.435866487752222,-5.512396345551729,4.378984759371638,0.014356637576561337,-0.014330531149766257,0.014458772540163279,0.014577922429880208,-0.014323660413680363,0.014487329441183052
102,1.7180000000000013,0.8579009175300598,0.917064368724823,-0.8689900040626526,-0.8006744384765625,-0.8851431012153625,0.11650260537862778,-1.0,-3.549001615836974,2.4231677622548298,-2.827433388,-5.654866776,-5.654866776,4.490304026135126,0.0,0.0,0.0,0.0,0.0,0.0,-3.9509207452511657,0.3910104740560303,-2.291992509436323,-5.457564530648375,-5.526673545267984,4.388138974971496,0.013294372169555875,-0.013351230140890966,0.013421729206214997,0.01355110427061082,-0.013340437223691727,0.013464144289882287
103,1.7340000000000013,0.8170072436332703,0.9222329258918762,-0.9013680219650269,-0.8101198077201843,-0.8844614624977112,0.10620608925819397,-1.0,-3.4128065083233077,2.5769039910010054,-2.827433388,-5.654866776,-5.654866776,4.508008581214467,0.0,0.0,0.0,0.0,0.0,0.0,-3.9588077025224595,0.5589448415251128,-2.3380861064309686,-5.4766964456316565,-5.538761748305865,4.397957894274169,0.01218425747345734,-0.012335685751097156,0.012333824353911577,0.012494932415262885,-0.012319940298303442,0.012406295655053743
104,1.7520000000000013,0.7749544978141785,0.9253261089324951,-0.9489859342575073,-0.8291089534759521,-0.892073929309845,0.09575504809617996,-1.0,-3.283621593537684,2.731155853360052,-2.827433388,-5.654866776,-5.654866776,4.5239709477321,0.0,0.0,0.0,0.0,0.0,0.0,-3.944903723808972,0.7606703776179704,-2.3756249201081827,-5.495005487633059,-5.549855203243856,4.4094760311555765,0.010962806694715147,-0.011150546940008046,0.011099598116251453,0.01125495655748001,-0.011137158302544477,0.011181709646522998
105,1.7680000000000013,0.7530505061149597,0.9329922199249268,-0.9760553240776062,-0.8470554351806641,-0.8919753432273865,0.08159077167510986,-1.0,-3.15808807416832,2.8866856564215375,-2.827433388,-5.654866776,-5.654866776,4.537572129370341,0.0,0.0,0.0,0.0,0.0,0.0,-3.922311789226655,0.9457511509968763,-2.3954401038095012,-5.508642199086934,-5.558159031388715,4.419931507831111,0.009965216694067813,-0.010115397255274846,0.010064713478482418,0.0101598298083072,-0.01010536813949289,0.010117923457430204
106,1.7840000000000014,0.7565428018569946,0.9467887878417969,-0.9720938801765442,-0.8577674031257629,-0.8779823780059814,0.06409287452697754,-1.0,-3.031972389098759,3.044515347354765,-2.827433388,-5.654866776,-5.654866776,4.5482564115539885,0.0,0.0,0.0,0.0,0.0,0.0,-3.8948170725432685,1.133271145684101,-2.4040826958777917,-5.520165401407758,-5.56550393976183,4.4304116298419824,0.009020847970017053,-0.009143103070569404,0.009099230705119195,0.009136929678097195,-0.00913252950849585,0.009122094523165609
107,1.8020000000000014,0.7817121744155884,0.9651685953140259,-0.9414600729942322,-0.857972264289856,-0.8493585586547852,0.04561638832092285,-1.0,-2.9016609696236806,3.205408952193613,-2.827433388,-5.654866776,-5.654866776,4.555860663487087,0.0,0.0,0.0,0.0,0.0,0.0,-3.860129430489971,1.345098869295719,-2.4028538416710274,-5.530947121280492,-5.572915056141863,4.441886473168752,0.0080172525769569,-0.008129408684856235,0.008087412684868388,0.008083711985427205,-0.00812112316413378,0.00808931686454147
108,1.8180000000000014,0.826102614402771,0.987995982170105,-0.8906081914901733,-0.8471590876579285,-0.8058876395225525,0.026419339701533318,-1.0,-2.7639496638027388,3.3701078824213697,-2.827433388,-5.654866776,-5.654866776,4.560264767415332,0.0,0.0,0.0,0.0,0.0,0.0,-3.8264684753557776,1.5327573500036002,-2.3937947724331674,-5.538859485140641,-5.57888964913438,4.451568038328733,0.00718514576173566,-0.00729274782636537,0.007249652309057278,0.007222227686843342,-0.007287308492699752,0.007240125305622127
109,1.8340000000000014,0.8790279030799866,1.0,-0.8348467350006104,-0.8297436833381653,-0.7550616264343262,0.008387943729758263,-1.0,-2.617415712359305,3.53680788242137,-2.827433388,-5.654866776,-5.654866776,4.561663037635083,0.0,0.0,0.0,0.0,0.0,0.0,-3.789468719279922,1.7191239583437155,-2.3784093377576174,-5.545425416760483,-5.584337573138337,4.460574328352591,0.006399332166376394,-0.006511246739262922,0.006461287317623479,0.006418819694045103,-0.006507144267637692,0.006446066211907685
110,1.8520000000000014,0.9339831471443176,1.0,-0.783844530582428,-0.8087888360023499,-0.700638473033905,-0.008166274055838585,-1.0,-2.461720721730347,3.70350788242137,-2.827433388,-5.654866776,-5.654866776,4.560301719749974,0.0,0.0,0.0,0.0,0.0,0.0,-3.7522809275507396,1.8880400376113635,-2.349981478164735,-5.529678605409143,-5.595050939004354,4.4699117659621885,0.0056665429137999716,-0.005575540479563325,0.005394524101926153,0.004434411035871357,-0.005731938089537299,0.0050289069820904884
111,1.8680000000000014,0.9713118672370911,1.0,-0.755406379699707,-0.7832974195480347,-0.6740951538085938,-0.010930739343166351,-1.0,-2.299803033461924,3.87020788242137,-2.827433388,-5.654866776,-5.654866776,4.558479565501468,0.0,0.0,0.0,0.0,0.0,0.0,-3.7445294612771405,1.8966661712919635,-2.2879217799640634,-5.514744213399499,-5.605471122663372,4.477591377710238,0.004440318318882774,-0.004502964235554145,0.004390678698815562,0.004460085670680499,-0.004411613985787897,0.004366940772475357
112,1.8840000000000015,0.9457368850708008,1.0,-0.7556033730506897,-0.7479221224784851,-0.6394151449203491,-0.004931000992655754,-1.0,-2.1421486947206216,4.03690788242137,-2.827433388,-5.654866776,-5.654866776,4.557657567635992,0.0,0.0,0.0,0.0,0.0,0.0,-3.7405101219461767,1.8699756456854233,-2.2299364807756454,-5.516170632311081,-5.612165714874772,4.484302762366544,0.0036299394736807457,-0.0038188543929752487,0.003757779792984691,0.003960074641917753,-0.0038353747982000546,0.0038758000251700856
113,1.9020000000000015,0.9260693192481995,1.0,-0.7727739214897156,-0.7030484080314636,-0.5980026125907898,0.017789309844374657,-1.0,-1.9877729392019468,4.20360788242137,-2.827433388,-5.654866776,-5.654866776,4.560623045587049,0.0,0.0,0.0,0.0,0.0,0.0,-3.736720634333778,1.8458990201520884,-2.193718908880205,-5.521699302098539,-5.6177698416485695,4.4914029354500915,0.003207388723008263,-0.00330134638617992,0.0032573258267742473,0.0032994448931524625,-0.003321927168136567,0.003306999554414938
114,1.9180000000000015,0.9170652031898499,0.9702150225639343,-0.8110820055007935,-0.6516533493995667,-0.5526238679885864,0.05584369972348213,-1.0,-1.8348981698301987,4.365342726682777,-2.827433388,-5.654866776,-5.654866776,4.569932190330954,0.0,0.0,0.0,0.0,0.0,0.0,-3.733766017424889,1.8338947805137336,-2.184316264530093,-5.528129305674701,-5.621899686388999,4.4979044598495665,0.0028668011654055985,-0.0029218415877527108,0.0028794007468606777,0.002867982585875264,-0.002913316425948206,0.002892204814848821
115,1.9340000000000015,0.9058384299278259,0.9200290441513062,-0.862072229385376,-0.6012703776359558,-0.5118123888969421,0.09834825247526169,-1.0,-1.68389490356123,4.5187115683428,-2.827433388,-5.654866776,-5.654866776,4.58632684401858,0.0,0.0,0.0,0.0,0.0,0.0,-3.7310616829106977,1.8275072767733398,-2.1893215694505233,-5.5353927395314315,-5.625426537929653,4.50520222399432,0.002533400058432652,-0.0025812433562733203,0.0025481018028307434,0.002543070959470999,-0.002571747550017437,0.0025584651796938273
116,1.9520000000000015,0.8854056000709534,0.8690604567527771,-0.922355592250824,-0.5605381727218628,-0.4822431206703186,0.13726559281349182,-1.0,-1.5362977900294021,4.663583946483488,-2.827433388,-5.654866776,-5.654866776,4.609209018340589,0.0,0.0,0.0,0.0,0.0,0.0,-3.7237327633339645,1.8287729218237623,-2.207234915106511,-5.5442435591534736,-5.628751820024962,4.514781918595007,0.0022380013658528995,-0.002243394184388276,0.0022325003642167203,0.002196941613552888,-0.0022495076349458095,0.002224700905830656
117,1.9680000000000015,0.8579462766647339,0.8246705532073975,-0.9861153960227966,-0.5353586077690125,-0.4667574167251587,0.16823817789554596,-1.0,-1.393278145709391,4.801056527703161,-2.827433388,-5.654866776,-5.654866776,4.637254322595777,0.0,0.0,0.0,0.0,0.0,0.0,-3.717155275621253,1.8295495174058856,-2.227386732710266,-5.5522536234629944,-5.631194070964127,4.5248409399252765,0.001938760150672923,-0.0019871660296310015,0.0019660186356565187,0.0019839856618076544,-0.001984811364787698,0.0019829015724477225
118,1.9840000000000015,0.8317046761512756,0.7918930053710938,-1.0,-0.5268202424049377,-0.4633252024650574,0.19130955636501312,-1.0,-1.2546329761949733,4.933065091698523,-2.827433388,-5.654866776,-5.654866776,4.669145625641825,0.0,0.0,0.0,0.0,0.0,0.0,-3.711505840843212,1.8276274392538066,-2.248837173559958,-5.559264479680756,-5.633765323369293,4.536724069095612,0.0017642003366953672,-0.001778044544963272,0.001766919166561619,0.0017660347117009678,-0.0017737872077161479,0.0017713875180855579
119,2.002000000000001,0.7972629070281982,0.7622930407524109,-1.0,-0.5264073014259338,-0.46890202164649963,0.20401786267757416,-1.0,-1.1217292495933726,5.06013934159195,-2.827433388,-5.654866776,-5.654866776,4.703155403350176,0.0,0.0,0.0,0.0,0.0,0.0,-3.702605784532585,1.828111104506378,-2.27625751598032,-5.5675355243338185,-5.635946376625259,4.55202737732713,0.00155217011029294,-0.0015637960853772744,0.0015586253159184716,0.001554408772498889,-0.0015681264469610736,0.0015619615676383044
120,2.0179999999999993,0.7735876441001892,0.741814374923706,-1.0,-0.5315408110618591,-0.4776558578014374,0.21437320113182068,-1.0,-0.9927721893218711,5.183799797891732,-2.827433388,-5.654866776,-5.654866776,4.73889141597885,0.0,0.0,0.0,0.0,0.0,0.0,-3.6947009466001797,1.8280228543363488,-2.301619519380173,-5.574612041957288,-5.637639542308129,4.567377256660141,0.0013633330318815022,-0.0013922994140507727,0.0013794487229007533,0.0014048798859390506,-0.0013840783441643524,0.0013925708478566136
121,2.0339999999999976,0.7546062469482422,0.7281191349029541,-1.0,-0.5395573973655701,-0.4871516823768616,0.22218595445156097,-1.0,-0.8669793279555991,5.305177257680055,-2.827433388,-5.654866776,-5.654866776,4.7759298145859255,0.0,0.0,0.0,0.0,0.0,0.0,-3.6861782154172142,1.8282001320882146,-2.327519256864786,-5.581147300949428,-5.639223397854748,4.584517358535357,0.0012502744508002003,-0.0012630823970599852,0.001260090092027443,0.0012726068547106052,-0.00125948700648532,0.0012670799803661506
122,2.0519999999999956,0.739216685295105,0.7175015807151794,-1.0,-0.5504446029663086,-0.5005850195884705,0.22670507431030273,-1.0,-0.743751906516905,5.4247847711852755,-2.827433388,-5.654866776,-5.654866776,4.813721550473453,0.0,0.0,0.0,0.0,0.0,0.0,-3.676538776468045,1.8280595210601658,-2.356509069937891,-5.588273021330166,-5.640730058815629,4.6055931058843935,0.0010957965292183191,-0.00112110299660863,0.0011117380371686197,0.0011374247835477986,-0.001114046749164026,0.0011240987676670313
123,2.067999999999994,0.7264513373374939,0.7123647332191467,-1.0,-0.5619897842407227,-0.5131585001945496,0.22867482900619507,-1.0,-0.6226524685827448,5.543535972212907,-2.827433388,-5.654866776,-5.654866776,4.851841644468785,0.0,0.0,0.0,0.0,0.0,0.0,-3.667543604349269,1.8282462959755086,-2.3819735825056165,-5.594101706423267,-5.64194098921693,4.625830701730858,0.0010158117245476876,-0.001026963368459022,0.0010258156961569578,0.0010421167774555661,-0.0010235173070231255,0.0010336266147620403
124,2.083999999999992,0.717338502407074,0.7088065147399902,-1.0,-0.5745909214019775,-0.5276729464530945,0.2286355048418045,-1.0,-0.5030721402314856,5.654866776,-2.827433388,-5.654866776,-5.654866776,4.889955183125914,0.0,0.0,0.0,0.0,0.0,0.0,-3.6590877189259725,1.8277803525492415,-2.406667198618244,-5.599536599295482,-5.643022347575903,4.647541330333433,0.0009340302702677145,-0.000940674876419015,0.0009409805658291665,0.0009544230319758653,-0.0009378171173842512,0.0009475664997323597
125,2.10199999999999,0.7100405693054199,0.7065936326980591,-1.0,-0.585425078868866,-0.5406357645988464,0.22692079842090607,-1.0,-0.3847083773282721,5.654866776,-2.827433388,-5.654866776,-5.654866776,4.927782880222679,0.0,0.0,0.0,0.0,0.0,0.0,-3.649065122398866,1.828131755685566,-2.433684476414121,-5.60559114225382,-5.644016894687139,4.673305823281039,0.0008352087346535664,-0.0008515996484327179,0.0008491897825201216,0.0008712840318978394,-0.0008462198789350986,0.0008593976597312437
126,2.1179999999999883,0.7084248661994934,0.7087677717208862,-1.0,-0.5968282222747803,-0.5511811375617981,0.22579790651798248,-1.0,-0.2666139521328166,5.654866776,-2.827433388,-5.654866776,-5.654866776,4.965423391239227,0.0,0.0,0.0,0.0,0.0,0.0,-3.640487856779439,1.8283279477115224,-2.4566830068831123,-5.610348407536032,-5.644840807308282,4.697316795510681,0.0007737524412383204,-0.0007854081306352239,0.0007843696305988653,0.0008023145320667469,-0.0007816409408948949,0.0007929143963966025
127,2.1339999999999866,0.7057757377624512,0.710132896900177,-1.0,-0.6062148809432983,-0.5616039633750916,0.2226698249578476,-1.0,-0.14896113664781596,5.654866776,-2.827433388,-5.654866776,-5.654866776,5.002542451059701,0.0,0.0,0.0,0.0,0.0,0.0,-3.632619897967245,1.8280050588833836,-2.478502658268499,-5.614825939757499,-5.6455638069197445,4.722403994808594,0.0007143267376365789,-0.0007265973094954523,0.0007246619286153493,0.0007442973704743125,-0.0007216468829708495,0.0007339996664912804
128,2.1519999999999846,0.7040537595748901,0.7119861245155334,-1.0,-0.6140425205230713,-0.5701406598091125,0.2187080830335617,-1.0,-0.03159537492668177,5.654866776,-2.827433388,-5.654866776,-5.654866776,5.039001088501395,0.0,0.0,0.0,0.0,0.0,0.0,-3.6243587660725645,1.8275566567796497,-2.5017598503237313,-5.619491765781261,-5.646276138054524,4.751527417372978,0.0006480145335538517,-0.0006711027613237812,0.0006630553483425985,0.0006898654358757623,-0.0006647682387367367,0.0006775588837804613
129,2.167999999999983,0.7032660841941833,0.7144295573234558,-1.0,-0.6207675337791443,-0.5767686367034912,0.21381491422653198,-1.0,0.0856390813084886,5.654866776,-2.827433388,-5.654866776,-5.654866776,5.074644034702958,0.0,0.0,0.0,0.0,0.0,0.0,-3.6170947285629436,1.8275576224173244,-2.521244295687224,-5.62338286309698,-5.646828330010553,4.778084594048517,0.0006047643320210832,-0.0006220622444353961,0.000616361894358581,0.000643201295623254,-0.0006168126871693475,0.0006301515131340934
130,2.183999999999981,0.7039493322372437,0.7174707651138306,-1.0,-0.6263327598571777,-0.5817808508872986,0.2088611125946045,-1.0,0.20298743499243713,5.654866776,-2.827433388,-5.654866776,-5.654866776,5.1094611821724785,0.0,0.0,0.0,0.0,0.0,0.0,-3.61018727504999,1.827645402001782,-2.539556249649169,-5.627013076648996,-5.647318661369095,4.805320152133996,0.0005622064108382312,-0.0005801759238130112,0.0005742860419729409,0.0006008595359014023,-0.0005740464426150267,0.0005877858755608393
131,2.201999999999979,0.7057852745056152,0.7211865782737732,-1.0,-0.6313116550445557,-0.5856250524520874,0.2037753462791443,-1.0,0.3206418402525232,5.654866776,-2.827433388,-5.654866776,-5.654866776,5.143430532397212,0.0,0.0,0.0,0.0,0.0,0.0,-3.6029632905321414,1.8276768318107928,-2.5587152328373426,-5.630759221716025,-5.647810457349785,4.836421739155835,0.0005121329739211888,-0.0005404826617853358,0.0005293369265912514,0.0005617912822231006,-0.0005334171763227105,0.0005472313403165243
132,2.2179999999999773,0.7079858183860779,0.7256641983985901,-1.0,-0.636119544506073,-0.5884327292442322,0.19783923029899597,-1.0,0.43866307617748235,5.654866776,-2.827433388,-5.654866776,-5.654866776,5.176410332088055,0.0,0.0,0.0,0.0,0.0,0.0,-3.5966385271547114,1.8281162038637646,-2.57453910456595,-5.633860400616099,-5.648200119581955,4.864365446510098,0.00048038738945094256,-0.0005051459309674942,0.000496178578404763,0.0005260165043517733,-0.0004989124453833128,0.0005122087174491711
133,2.2339999999999756,0.710984468460083,0.7307271957397461,-1.0,-0.640632152557373,-0.5905240774154663,0.19186121225357056,-1.0,0.5571841870697782,5.654866776,-2.827433388,-5.654866776,-5.654866776,5.208393596170724,0.0,0.0,0.0,0.0,0.0,0.0,-3.5907821311678325,1.8286285889688947,-2.589291551802557,-5.636753424943635,-5.648552860860634,4.892639722002116,0.00044885237310181433,-0.00047525585666060693,0.00046655215754377595,0.0004926805697207898,-0.000467282927550714,0.0004803051108435775
134,2.2519999999999736,0.7149293422698975,0.7366153597831726,-1.0,-0.6453297734260559,-0.5921887755393982,0.18585820496082306,-1.0,0.6763629084261702,5.654866776,-2.827433388,-5.654866776,-5.654866776,5.239376158937693,0.0,0.0,0.0,0.0,0.0,0.0,-3.5850100926554482,1.828880587016004,-2.604570583806221,-5.639755820289008,-5.648915524346748,4.924530635691091,0.0004153002162365234,-0.0004446000025235954,0.0004354341731674063,0.0004587164516549884,-0.0004367832385867336,0.00044805478716792034
135,2.267999999999972,0.7196018099784851,0.7438005805015564,-1.0,-0.6508377194404602,-0.5935428142547607,0.17932794988155365,-1.0,0.7963205301495837,5.654866776,-2.827433388,-5.654866776,-5.654866776,5.269270128182948,0.0,0.0,0.0,0.0,0.0,0.0,-3.5813297890952405,1.827749097420967,-2.61689165125797,-5.641920312482252,-5.649195181555798,4.952878069100231,0.00039309212395315633,-0.0004170204000897353,0.0004075944737345227,0.0004388529329348518,-0.0004123332245925973,0.0004249113947843621
136,2.28399999999997,0.7209945917129517,0.7483710646629333,-1.0,-0.6542568802833557,-0.5937601327896118,0.17151808738708496,-1.0,0.9165103285881327,5.654866776,-2.827433388,-5.654866776,-5.654866776,5.297862193350375,0.0,0.0,0.0,0.0,0.0,0.0,-3.576304458444367,1.8289288251008222,-2.6285140280375314,-5.644191348016633,-5.64946099494722,4.981232249369172,0.0003639295314922353,-0.00039767588883735165,0.00038553825512895507,0.00041498187243673394,-0.0003886305611963775,0.0004018379166182542
137,2.301999999999968,0.7250490188598633,0.7544292211532593,-1.0,-0.65741366147995,-0.5931625962257385,0.16448354721069336,-1.0,1.037376000032072,5.654866776,-2.827433388,-5.654866776,-5.654866776,5.325281600670397,0.0,0.0,0.0,0.0,0.0,0.0,-3.5721913678542587,1.8287817749994215,-2.640270307961452,-5.646607363680159,-5.649759833841705,5.012872079360879,0.0003640094072685531,-0.00036417136049024534,0.0003687541936395959,0.00037162949565694664,-0.000365871713247115,0.0003698012454513007
138,2.3179999999999663,0.7312211990356445,0.7627682685852051,-1.0,-0.6619434952735901,-0.5916629433631897,0.15817394852638245,-1.0,1.1592705739113138,5.654866776,-2.827433388,-5.654866776,-5.654866776,5.351649197889746,0.0,0.0,0.0,0.0,0.0,0.0,-3.568459680929176,1.8289002323275523,-2.6497232841000917,-5.648180835058047,-5.649947446229774,5.040734681468536,0.00031942138142874684,-0.0003535828017488537,0.0003402830506947937,0.000374621285231577,-0.0003473145480795825,0.0003601566973468022
139,2.3339999999999645,0.731861412525177,0.7669363617897034,-1.0,-0.6640529036521912,-0.5906639099121094,0.1498725414276123,-1.0,1.2812718713792608,5.654866776,-2.827433388,-5.654866776,-5.654866776,5.376632950545728,0.0,0.0,0.0,0.0,0.0,0.0,-3.565770726893345,1.8283028146272546,-2.6583615975033923,-5.650008011311081,-5.650194448392998,5.0683362685235265,0.0003393416285037051,-0.0003166921550513287,0.00033015371102715585,0.0003199385712434592,-0.00032578020778511075,0.00032360130244068336
140,2.3519999999999626,0.7371125221252441,0.7749273180961609,-1.0,-0.665242612361908,-0.5859271287918091,0.14306120574474335,-1.0,1.404148528817539,5.654866776,-2.827433388,-5.654866776,-5.654866776,5.400481253543377,0.0,0.0,0.0,0.0,0.0,0.0,-3.5616692468519853,1.8292553896320038,-2.6672849724174976,-5.651502998955055,-5.650362512270093,5.098904874199477,0.00027586407718747756,-0.00032044007280437615,0.00030264697298996995,0.0003415067790964718,-0.00031231384414444097,0.0003259077381088136
141,2.367999999999961,0.7378688454627991,0.7790130972862244,-1.0,-0.6673301458358765,-0.5850297808647156,0.13450492918491364,-1.0,1.5271512653561876,5.654866776,-2.827433388,-5.654866776,-5.654866776,5.422903225238501,0.0,0.0,0.0,0.0,0.0,0.0,-3.5598962777552003,1.8279704791059945,-2.674261811944253,-5.652761401816807,-5.650533251195999,5.125542237276798,0.0002733311977269089,-0.0003008030613890762,0.0002893823780965743,0.0003202503926513887,-0.0002969969871886588,0.0003077117195939926
142,2.383999999999959,0.7411589026451111,0.7834182381629944,-1.0,-0.6682981252670288,-0.5825436115264893,0.1268617957830429,-1.0,1.6507024544271276,5.654866776,-2.827433388,-5.654866776,-5.654866776,5.444051086595534,0.0,0.0,0.0,0.0,0.0,0.0,-3.556440761698831,1.8298866422564082,-2.6811631906793414,-5.65417849063908,-5.650712794131431,5.151718688228858,0.00025337280180405704,-0.0002929105163886953,0.0002796883970022771,0.00030372366219581656,-0.0002818459253633646,0.0002934451845030448
143,2.401999999999957,0.7472981810569763,0.7892405986785889,-1.0,-0.6693097352981567,-0.5794070959091187,0.12107646465301514,-1.0,1.7752770612093256,5.654866776,-2.827433388,-5.654866776,-5.654866776,5.464234533253192,0.0,0.0,0.0,0.0,0.0,0.0,-3.5540739348585637,1.8291019588886812,-2.6874317749908365,-5.655291986072433,-5.650865255689804,5.180481266627651,0.0002368836943844209,-0.0002751769401710956,0.0002592103134790421,0.0002966614528831433,-0.0002702268261955729,0.0002821966202723626
144,2.4179999999999553,0.7490671873092651,0.7925645112991333,-1.0,-0.6686405539512634,-0.5751394629478455,0.11394920200109482,-1.0,1.90014656133378,5.654866776,-2.827433388,-5.654866776,-5.654866776,5.483229865226774,0.0,0.0,0.0,0.0,0.0,0.0,-3.5528404639054663,1.8280667393462144,-2.6926835178897557,-5.656215219254775,-5.651003335820382,5.205371164377251,0.00023264582347128535,-0.0002618836570490785,0.0002498597429474919,0.00027993755916846334,-0.0002575944936024319,0.0002680240037330756
145,2.4339999999999535,0.7531108260154724,0.7962603569030762,-1.0,-0.6676326394081116,-0.5703740119934082,0.10767621546983719,-1.0,2.0256901360305593,5.654866776,-2.827433388,-5.654866776,-5.654866776,5.501179490345597,0.0,0.0,0.0,0.0,0.0,0.0,-3.5520445148556785,1.8279082178829469,-2.6980201226429426,-5.657113832673886,-5.651125193955261,5.229690529185293,0.0002241212707064547,-0.0002516890513390545,0.00024140272262644733,0.00026768481822064653,-0.00024649611360076326,0.00025702184104569415
146,2.4519999999999516,0.7579971551895142,0.8000499606132507,-1.0,-0.666293203830719,-0.5653641223907471,0.10200563073158264,-1.0,2.152048261800651,5.654866776,-2.827433388,-5.654866776,-5.654866776,5.518183828988551,0.0,0.0,0.0,0.0,0.0,0.0,-3.551406091421871,1.8281821959286155,-2.7036649709203013,-5.658072362240458,-5.651251875651038,5.256234468138972,0.0002080412402129641,-0.00024289861246959361,0.00022987902350866493,0.0002595248738854954,-0.00023716081162539234,0.0002480084475242542
147,2.46799999999995,0.7624242305755615,0.8040966987609863,-1.0,-0.664995551109314,-0.5603115558624268,0.0961228609085083,-1.0,2.279144381037597,5.654866776,-2.827433388,-5.654866776,-5.654866776,5.534207509901999,0.0,0.0,0.0,0.0,0.0,0.0,-3.5509266747029753,1.8284450568594028,-2.7081585253120313,-5.658847560359956,-5.651359612830342,5.279088948817043,0.00020228143156849056,-0.0002328065104443295,0.00022181025939548832,0.00024909153791341683,-0.0002286352095187627,0.00023855359147181585
148,2.483999999999948,0.7660902738571167,0.8079802393913269,-1.0,-0.6637728810310364,-0.55558842420578,0.09043481945991516,-1.0,2.4068516296895783,5.654866776,-2.827433388,-5.654866776,-5.654866776,5.549282994305967,0.0,0.0,0.0,0.0,0.0,0.0,-3.5504765200231896,1.8286029141859907,-2.7121427081133427,-5.659544087212051,-5.651462748783998,5.301304300683449,0.00019489481801202182,-0.00022471214059588065,0.0002139268589388156,0.00024021337833291738,-0.00022017625398203095,0.00023010508159500704
149,2.501999999999946,0.7692127227783203,0.8117532134056091,-1.0,-0.6627042889595032,-0.5510936975479126,0.08485186845064163,-1.0,2.5350793905767244,5.654866776,-2.827433388,-5.654866776,-5.654866776,5.563427800776689,0.0,0.0,0.0,0.0,0.0,0.0,-3.5500009138639848,1.8286914216937615,-2.71610495001191,-5.660240589913083,-5.651571887131378,5.325423391057361,0.0001821740821993956,-0.00021743553928335013,0.00020419389240715726,0.00023396288382894218,-0.00021228841876378722,0.00022277102116856598
150,2.5179999999999443,0.7721192836761475,0.8156560659408569,-1.0,-0.6617803573608398,-0.5465107560157776,0.07907107472419739,-1.0,2.6637916751655384,5.654866776,-2.827433388,-5.654866776,-5.654866776,5.576608948933213,0.0,0.0,0.0,0.0,0.0,0.0,-3.5496179070014917,1.828750308299189,-2.719249886325982,-5.660793728691109,-5.651662398874604,5.346076358673341,0.00017854418942014595,-0.0002090409060098292,0.00019794804104476528,0.00022527952549144064,-0.00020517030018228207,0.000214978496065312
151,2.5339999999999425,0.7750016450881958,0.8193187117576599,-1.0,-0.6607510447502136,-0.542009711265564,0.07367356866598129,-1.0,2.792984449401741,5.654866776,-2.827433388,-5.654866776,-5.654866776,5.588890332829832,0.0,0.0,0.0,0.0,0.0,0.0,-3.5492734058109052,1.8288088541647867,-2.722087815580642,-5.661293369633352,-5.651747104532187,5.366041288682587,0.00017334342791433112,-0.00020251398699732204,0.00019197584931079697,0.00021798223103886951,-0.00019835118877209056,0.00020817441229733895
152,2.5519999999999405,0.7777922749519348,0.8227576613426208,-1.0,-0.6596166491508484,-0.5375779271125793,0.06857438385486603,-1.0,2.9226424216362283,5.654866776,-2.827433388,-5.654866776,-5.654866776,5.600321682618438,0.0,0.0,0.0,0.0,0.0,0.0,-3.5489245494982486,1.828869088231584,-2.724948183010738,-5.66179797432285,-5.65183589238315,5.387599208997506,0.00016352266604330608,-0.0001967931980095423,0.00018448215086375056,0.00021303597546217602,-0.0001921813457244408,0.00020243541946769232
153,2.5679999999999388,0.7804470658302307,0.8262075781822205,-1.0,-0.6584665179252625,-0.5330718755722046,0.06340689212083817,-1.0,3.052742947510128,5.654866776,-2.827433388,-5.654866776,-5.654866776,5.610891611534982,0.0,0.0,0.0,0.0,0.0,0.0,-3.5486455897363705,1.8289153207750544,-2.7272259884995784,-5.662200638486264,-5.651909367460972,5.405959494273137,0.00016104483702715006,-0.00019014750603835021,0.0001797443860028483,0.000206034196180891,-0.00018666158173665992,0.00019628218890761163
154,2.583999999999937,0.78299880027771,0.8294032216072083,-1.0,-0.657219648361206,-0.5287252068519592,0.058607812970876694,-1.0,3.1832688475164224,5.654866776,-2.827433388,-5.654866776,-5.654866776,5.620661533957227,0.0,0.0,0.0,0.0,0.0,0.0,-3.5483924980247457,1.8289550824123255,-2.729281157444931,-5.662564505190533,-5.651977985485996,5.4236136633519205,0.00015725238033326586,-0.0001850244708653057,0.000175195799521815,0.00020020733936704287,-0.00018134029787897167,0.00019093440202917373
155,2.601999999999935,0.7854035496711731,0.8324002027511597,-1.0,-0.6559374332427979,-0.524536669254303,0.054074957966804504,-1.0,3.314195619246607,5.654866776,-2.827433388,-5.654866776,-5.654866776,5.629675829450293,0.0,0.0,0.0,0.0,0.0,0.0,-3.548134633136892,1.8289936664508888,-2.7313552175203872,-5.66293195029414,-5.65204964744255,5.44257565763207,0.00014980041839993992,-0.00018053841414666878,0.00016945259355811263,0.00019631028515528802,-0.0001765355033440095,0.00018646166249814027
156,2.6179999999999333,0.7876627445220947,0.8354135751724243,-1.0,-0.6547015905380249,-0.5203618407249451,0.049487922340631485,-1.0,3.44549899875844,5.654866776,-2.827433388,-5.654866776,-5.654866776,5.637925466104476,0.0,0.0,0.0,0.0,0.0,0.0,-3.5479284304795744,1.8290252298827716,-2.733011546128563,-5.663225417591095,-5.652108726040495,5.458638933903201,0.00014823084474743323,-0.00017530616443371555,0.00016590291480928228,0.00019068934365451632,-0.00017225698536294047,0.00018162260705716852
157,2.6339999999999315,0.7898402810096741,0.8382146954536438,-1.0,-0.6534267067909241,-0.5163761377334595,0.04523957520723343,-1.0,3.5771653736027527,5.654866776,-2.827433388,-5.654866776,-5.654866776,5.6454669032915215,0.0,0.0,0.0,0.0,0.0,0.0,-3.54774145663283,1.8290543419297887,-2.734510051265983,-5.663490960361803,-5.65216373288152,5.474001661899525,0.0001455801162837784,-0.00017130041500726476,0.00016249762251435262,0.0001860270627484298,-0.00016812770583264996,0.0001774323315974436
158,2.6519999999999295,0.7919014096260071,0.8408410549163818,-1.0,-0.6521444320678711,-0.5125617980957031,0.04124876856803894,-1.0,3.709175338587408,5.654866776,-2.827433388,-5.654866776,-5.654866776,5.652343073011814,0.0,0.0,0.0,0.0,0.0,0.0,-3.5475507106402286,1.8290836545002689,-2.7360259633479123,-5.663759450695725,-5.652221024652955,5.490413292590469,0.0001400968729647733,-0.00016778183121068975,0.00015817660976667864,0.00018288983099719783,-0.00016440643420939036,0.00017393596918615836
159,2.6679999999999278,0.7938371300697327,0.8434698581695557,-1.0,-0.6509131193161011,-0.5087898373603821,0.037240661680698395,-1.0,3.8415079881700325,5.654866776,-2.827433388,-5.654866776,-5.654866776,5.654866776,0.0,0.0,0.0,0.0,0.0,0.0,-3.547394482428382,1.8291065306540735,-2.737236050253122,-5.663973286388659,-5.652268079970488,5.50393792913141,0.00013349956866511638,-0.00016482964665853728,0.0001536174923206986,0.0001820008608315548,-0.00016227197919601536,0.0001718604767486139
160,2.683999999999926,0.7957279682159424,0.8459679484367371,-1.0,-0.6495990753173828,-0.5050004720687866,0.03355557098984718,-1.0,3.97415584047163,5.654866776,-2.827433388,-5.654866776,-5.654866776,5.654866776,0.0,0.0,0.0,0.0,0.0,0.0,-3.547250474326961,1.8291277398152392,-2.7383310329492123,-5.664166373043583,-5.652311774018355,5.516351263778792,0.0001290600600721986,-0.0001619843346696159,0.000149834759244306,0.00018027776803221303,-0.00015985458472714424,0.0001694693983278684
161,2.701999999999924,0.7975562810897827,0.8483525514602661,-1.0,-0.648209810256958,-0.5011789202690125,0.03017696924507618,-1.0,4.107108472529297,5.654866776,-2.827433388,-5.654866776,-5.654866776,5.654866776,0.0,0.0,0.0,0.0,0.0,0.0,-3.5471041575423143,1.829150429178325,-2.739441574302327,-5.664361990579222,-5.652357241746632,5.529100184508631,0.00012905740520359162,-0.00015833519280108798,0.00014762143112537774,0.0001754909803946215,-0.00015630024273682297,0.00016562141728916654
162,2.7179999999999223,0.7992873787879944,0.8507059812545776,-1.0,-0.646834671497345,-0.4973812401294708,0.02692309394478798,-1.0,4.2403496785732555,5.654866776,-2.827433388,-5.654866776,-5.654866776,5.654866776,0.0,0.0,0.0,0.0,0.0,0.0,-3.5469866934722227,1.829168829041744,-2.7403319679425837,-5.664518700284775,-5.652394593716935,5.53944403883859,0.00012911795865862773,-0.00015543766769090942,0.00014611341749264488,0.0001713565764986189,-0.0001533278875828158,0.0001624407479514529
163,2.7339999999999205,0.8009359836578369,0.852855384349823,-1.0,-0.6454583406448364,-0.4937986731529236,0.024042528122663498,-1.0,4.373865707049017,5.654866776,-2.827433388,-5.654866776,-5.654866776,5.654866776,0.0,0.0,0.0,0.0,0.0,0.0,-3.5468798136058814,1.8291854280603985,-2.741140717647193,-5.664660869999739,-5.6524292418737705,5.5489371546071595,0.00012890854154224579,-0.0001526947692446847,0.00014467857612637943,0.000167724872067408,-0.0001507704083390516,0.00015961011453254607
164,2.7519999999999185,0.8024620413780212,0.8548141121864319,-1.0,-0.644129753112793,-0.4904596507549286,0.021458864212036133,-1.0,4.507636129346733,5.654866776,-2.827433388,-5.654866776,-5.654866776,5.654866776,0.0,0.0,0.0,0.0,0.0,0.0,-3.5467709661619686,1.829202243016984,-2.7419631389086776,-5.664805186537351,-5.652465198960963,5.558686902954779,0.0001286939466681526,-0.00014983912253185462,0.00014317703144387897,0.00016403048207643743,-0.00014820064872182715,0.00015671499371200202
165,2.7679999999999167,0.8038500547409058,0.8566904067993164,-1.0,-0.6429036259651184,-0.48730936646461487,0.01898283325135708,-1.0,4.641637933472042,5.654866776,-2.827433388,-5.654866776,-5.654866776,5.654866776,0.0,0.0,0.0,0.0,0.0,0.0,-3.5466833422533064,1.829215771934527,-2.7426244715854105,-5.664920981815358,-5.652494655315657,5.566597370183442,0.00012856286577276772,-0.0001475390160972851,0.00014196774239380992,0.00016101630141211474,-0.0001461082259283288,0.00015436163153501837
166,2.783999999999915,0.8051442503929138,0.858378529548645,-1.0,-0.6417429447174072,-0.4844242334365845,0.016789980232715607,-1.0,4.775855480012541,5.654866776,-2.827433388,-5.654866776,-5.654866776,5.654866776,0.0,0.0,0.0,0.0,0.0,0.0,-3.546603456918134,1.8292281035806377,-2.7432268414362455,-5.6650262013518065,-5.652521916464602,5.573857231947582,0.00012846193253238474,-0.00014544096739485844,0.00014087053950364046,0.00015824334218357298,-0.00014418793608805803,0.0001522045631844191
167,2.801999999999913,0.8063307404518127,0.8599008321762085,-1.0,-0.6406598687171936,-0.48178398609161377,0.014820460230112076,-1.0,4.910270814445858,5.654866776,-2.827433388,-5.654866776,-5.654866776,5.654866776,0.0,0.0,0.0,0.0,0.0,0.0,-3.54652192335302,1.8292406734061133,-2.7438410564281726,-5.665133182347,-5.652550146084233,5.581313350945471,0.00012837298519913123,-0.0001432934000017448,0.0001397558845657756,0.0001553964917936935,-0.00014222512298832073,0.0001499954343290735
168,2.8179999999999112,0.8074079751968384,0.8613454103469849,-1.0,-0.6396774649620056,-0.47932252287864685,0.012932204641401768,-1.0,5.044865723911171,5.654866776,-2.827433388,-5.654866776,-5.654866776,5.654866776,0.0,0.0,0.0,0.0,0.0,0.0,-3.5464561380163664,1.8292507975831813,-2.744336193699532,-5.665219146813451,-5.652573226442289,5.5873628779050835,0.0001283139497143305,-0.0001415571017618843,0.00013886117154930723,0.00015308921910050502,-0.0001406414336511538,0.00014820879806162762
169,2.8339999999999095,0.8084138035774231,0.862636387348175,-1.0,-0.6387563943862915,-0.4770812392234802,0.011259808205068111,-1.0,5.179628304967527,5.654866776,-2.827433388,-5.654866776,-5.654866776,5.654866776,0.0,0.0,0.0,0.0,0.0,0.0,-3.5463960418906,1.8292600314953713,-2.7447881680405795,-5.665297359087759,-5.652594550751397,5.592914852938719,0.00012827180528631382,-0.0001399702863254836,0.0001380488003476644,0.0001509744844817182,-0.00013919544872697674,0.00014657467735693525
170,2.8519999999999075,0.809339165687561,0.8637945055961609,-1.0,-0.6378995180130005,-0.4750368297100067,0.00975765846669674,-1.0,5.314545143887643,5.654866776,-2.827433388,-5.654866776,-5.654866776,5.654866776,0.0,0.0,0.0,0.0,0.0,0.0,-3.546334587351682,1.8292694593235823,-2.7452500258364845,-5.665376980460938,-5.652616596800536,5.598616913948522,0.00012824161345697608,-0.00013834866486218497,0.0001372244679528217,0.00014880660260945525,-0.00013771885513588967,0.00014490324539681262
171,2.8679999999999057,0.8101815581321716,0.8648892045021057,-1.0,-0.6371240019798279,-0.4731352925300598,0.008317144587635994,-1.0,5.449602409628276,5.654866776,-2.827433388,-5.654866776,-5.654866776,5.654866776,0.0,0.0,0.0,0.0,0.0,0.0,-3.5462846417686116,1.8292767515559611,-2.745623910630277,-5.665439992955873,-5.652634874249082,5.6032432879285246,0.00012815167598270085,-0.00013703906814386827,0.00013652145426778153,0.00014704872459942356,-0.0001365151669431354,0.0001435389738091923
172,2.883999999999904,0.8109675049781799,0.8658629059791565,-1.0,-0.6363978981971741,-0.47140830755233765,0.007041185162961483,-1.0,5.584790692708139,5.654866776,-2.827433388,-5.654866776,-5.654866776,5.654866776,0.0,0.0,0.0,0.0,0.0,0.0,-3.5462364240865285,1.8292805473668556,-2.7459756214041127,-5.665492388468725,-5.652653058972664,5.607489214183188,0.00012795709759071963,-0.00013576148803062508,0.00013576345894499324,0.00014534657517415228,-0.0001353482599266055,0.00014220108821860023
173,2.901999999999902,0.8116757869720459,0.8667218089103699,-1.0,-0.6357219815254211,-0.46983852982521057,0.005901736207306385,-1.0,5.654866776,5.654866776,-2.827433388,-5.654866776,-5.654866776,5.654866776,0.0,0.0,0.0,0.0,0.0,0.0,-3.5461824368880333,1.829280904624219,-2.746360553567438,-5.665542292459507,-5.652672691343416,5.611849960719647,0.00012782300506465952,-0.00013436455475929134,0.00013497182081213786,0.00014349247627675233,-0.00013406808121066202,0.00014074911672015976
174,2.9179999999999002,0.8122973442077637,0.8675178289413452,-1.0,-0.6351152062416077,-0.4683893322944641,0.004818116780370474,-1.0,5.654866776,5.654866776,-2.827433388,-5.654866776,-5.654866776,5.654866776,0.0,0.0,0.0,0.0,0.0,0.0,-3.546134373753322,1.8292798116759101,-2.7467017363486073,-5.6655812811940995,-5.652688956347321,5.615388067410559,0.0001277107172964719,-0.00013321745584469018,0.0001343339538500477,0.0001419782110947092,-0.00013300760567856013,0.00013956151302008902
175,2.9339999999998985,0.8128640055656433,0.8682183623313904,-1.0,-0.6345592141151428,-0.46708372235298157,0.0038641744758933783,-1.0,5.654866776,5.654866776,-2.827433388,-5.654866776,-5.654866776,5.654866776,0.0,0.0,0.0,0.0,0.0,0.0,-3.546086188126556,1.8292785335776451,-2.7470457413798384,-5.665616956759717,-5.65270387456463,5.618635176573751,0.0001276123100524776,-0.0001321733193074056,0.00013376479468414464,0.00014061071018383405,-0.00013204744771297666,0.0001384888394882807
176,2.9519999999998965,0.8133741617202759,0.8688402771949768,-1.0,-0.6340546607971191,-0.46590620279312134,0.0030133123509585857,-1.0,5.654866776,5.654866776,-2.827433388,-5.654866776,-5.654866776,5.654866776,0.0,0.0,0.0,0.0,0.0,0.0,-3.5460318382816265,1.8292772973071927,-2.7474371408694136,-5.665654310405031,-5.652718974955157,5.621970055041828,0.00012753138071162367,-0.00013112835564437332,0.0001332086667606582,0.00013924443374149892,-0.00013109093104943386,0.00013741978096781806
177,2.9679999999998947,0.8138260245323181,0.8694232106208801,-1.0,-0.6336118578910828,-0.46482738852500916,0.00220361165702343,-1.0,5.654866776,5.654866776,-2.827433388,-5.654866776,-5.654866776,5.654866776,0.0,0.0,0.0,0.0,0.0,0.0,-3.5459834195041764,1.8292763945628443,-2.747788635234567,-5.665685505671793,-5.652730965000312,5.624675799372135,0.00012748924692467615,-0.00013031007435166934,0.00013278500865789486,0.00013816987217168104,-0.00013034407998190224,0.00013658330981642318
178,2.983999999999893,0.81424480676651,0.8699417114257812,-1.0,-0.6332091689109802,-0.4638601243495941,0.0014896017964929342,-1.0,5.654866776,5.654866776,-2.827433388,-5.654866776,-5.654866776,5.654866776,0.0,0.0,0.0,0.0,0.0,0.0,-3.545934914650013,1.8292756098259677,-2.748142962839248,-5.665714987707905,-5.652741716887051,5.627158995602073,0.0001274752408276201,-0.00012958593627705734,0.0001324218601305766,0.00013721201653413918,-0.00012968508618921133,0.0001358427659700723
179,3.001999999999891,0.8146276473999023,0.8704047203063965,-1.0,-0.6328471302986145,-0.46299105882644653,0.0008514092187397182,-1.0,5.654866776,5.654866776,-2.827433388,-5.654866776,-5.654866776,5.654866776,0.0,0.0,0.0,0.0,0.0,0.0,-3.545880257791367,1.8292748049147198,-2.7485444355110618,-5.665746226290179,-5.652752471630937,5.629709309037831,0.00012749056047908557,-0.0001288714719789922,0.00013207814192769254,0.0001362580357364629,-0.00012903725343188507,0.00013511160138819008
180,3.017999999999889,0.8149715662002563,0.8708423972129822,-1.0,-0.6325320601463318,-0.4621979296207428,0.0002445533173158765,-1.0,5.654866776,5.654866776,-2.827433388,-5.654866776,-5.654866776,5.654866776,0.0,0.0,0.0,0.0,0.0,0.0,-3.5458316045234657,1.8292741314322993,-2.7489034976344966,-5.665772381780387,-5.652760951207858,5.631778498625891,0.0001275284040816976,-0.00012831583492976405,0.00013182399725215687,0.00013550839526192397,-0.00012853557653052242,0.00013454267297049812
181,3.0339999999998875,0.8152939081192017,0.8712319135665894,-1.0,-0.6322473287582397,-0.46148842573165894,-0.0002904395805671811,-1.0,5.654866776,5.654866776,-2.827433388,-5.654866776,-5.654866776,5.6548183597219195,0.0,0.0,0.0,0.0,0.0,0.0,-3.545782908392716,1.829273539653606,-2.7492641042118158,-5.6657971904785525,-5.652768485739595,5.633673533998053,0.0001275063016029781,-0.0001278446504198272,0.00013158728646554035,0.00013489563419693455,-0.00012811316364376346,0.00013406785421919343
182,3.0519999999998855,0.8155924081802368,0.8715808391571045,-1.0,-0.6319915056228638,-0.46084949374198914,-0.0007676344830542803,-1.0,5.654866776,5.654866776,-2.827433388,-5.654866776,-5.654866776,5.654690395053595,0.0,0.0,0.0,0.0,0.0,0.0,-3.545728091542478,1.8292729584780525,-2.749671111746855,-5.665823546916864,-5.652775948376515,5.635608041042841,0.0001275016175002707,-0.00012737858734492358,0.00013135865827868646,0.0001343038281701641,-0.0001277137295399065,0.00013361008116132337
183,3.0679999999998837,0.8158627152442932,0.871912956237793,-1.0,-0.6317712664604187,-0.46026238799095154,-0.0012196025345474482,-1.0,5.654866776,5.654866776,-2.827433388,-5.654866776,-5.654866776,5.654487087311086,0.0,0.0,0.0,0.0,0.0,0.0,-3.5456793453968127,1.8292724994071146,-2.7500337420157246,-5.6658457443996415,-5.652781747086364,5.6371609119720185,0.00012746296687354383,-0.0001270451865512251,0.00013117867614089945,0.0001338819697659769,-0.0001274133646088028,0.0001332770371062675
184,3.083999999999882,0.8161199688911438,0.8722103238105774,-1.0,-0.6315691471099854,-0.4597302973270416,-0.0016152800526469946,-1.0,5.654866776,5.654866776,-2.827433388,-5.654866776,-5.654866776,5.65421782012631,0.0,0.0,0.0,0.0,0.0,0.0,-3.545630584237956,1.8292720634617061,-2.7503969844673835,-5.665866764008794,-5.652786859261112,5.638563939964594,0.00012748224368050475,-0.00012674264975274862,0.00013103945171937496,0.00013349416775667092,-0.0001271557747263044,0.00013298086566760955
185,3.10199999999988,0.8163602352142334,0.8724769353866577,-1.0,-0.6313876509666443,-0.4592469036579132,-0.0019639015663415194,-1.0,5.654866776,5.654866776,-2.827433388,-5.654866776,-5.654866776,5.653890437735201,0.0,0.0,0.0,0.0,0.0,0.0,-3.5455756979681246,1.8292715250694036,-2.7508065044927723,-5.665889010653671,-5.652791893198148,5.639974768423278,0.00012767129125470763,-0.0001264131283216176,0.000130961086403811,0.00013302269148802857,-0.00012688880289332753,0.00013265273888730342
186,3.117999999999878,0.8165781497955322,0.872728705406189,-1.0,-0.6312321424484253,-0.45880264043807983,-0.0022872176486998796,-1.0,5.654866776,5.654866776,-2.827433388,-5.654866776,-5.654866776,5.653509158553162,0.0,0.0,0.0,0.0,0.0,0.0,-3.545526895199235,1.8292710798365477,-2.751171139550859,-5.665907896521813,-5.6527957140109955,5.641088115823951,0.00012768009015006056,-0.00012622456907424606,0.00013088002025227788,0.0001327564477855417,-0.0001267017795201423,0.00013245255958230099
187,3.1339999999998764,0.8167855143547058,0.8729538321495056,-1.0,-0.6310908198356628,-0.4584013819694519,-0.002564627444371581,-1.0,5.654866776,5.654866776,-2.827433388,-5.654866776,-5.654866776,5.653081635158186,0.0,0.0,0.0,0.0,0.0,0.0,-3.545478082261934,1.8292706610679579,-2.751536252723895,-5.665925821011207,-5.65279902598175,5.6420747470544725,0.00012776046484824118,-0.0001260325598532106,0.00013082983061951368,0.00013250175804627488,-0.00012655545158046105,0.0001322724086342675
188,3.1519999999998745,0.8169781565666199,0.8731539845466614,-1.0,-0.630966067314148,-0.4580385982990265,-0.0028034427668899298,-1.0,5.654866776,5.654866776,-2.827433388,-5.654866776,-5.654866776,5.652614301248946,0.0,0.0,0.0,0.0,0.0,0.0,-3.54542313705457,1.8292701223877388,-2.751947844665403,-5.665944837062435,-5.652802226654591,5.643045027161844,0.0001280701075651748,-0.00012580117678672722,0.00013085718729331515,0.00013212806725440676,-0.00012639001241574398,0.00013204320542513665
189,3.1679999999998727,0.8171519637107849,0.8733404874801636,-1.0,-0.6308635473251343,-0.4577111005783081,-0.0030179761815816164,-1.0,5.654866776,5.654866776,-2.827433388,-5.654866776,-5.654866776,5.652111204619476,0.0,0.0,0.0,0.0,0.0,0.0,-3.545374285958915,1.8292696919747622,-2.752314237558159,-5.665961164175319,-5.65280454314901,5.643790915423026,0.00012810289922360568,-0.00012571826155665747,0.00013084388081626263,0.00013198332255211733,-0.0001262889178819264,0.00013194316521128742
190,3.183999999999871,0.8173156380653381,0.8735046982765198,-1.0,-0.6307736039161682,-0.4574184715747833,-0.0031965116504579782,-1.0,5.654866776,5.654866776,-2.827433388,-5.654866776,-5.654866776,5.651578346127344,0.0,0.0,0.0,0.0,0.0,0.0,-3.5453254294471583,1.8292692973320848,-2.752681001890907,-5.665976720332962,-5.652806480097179,5.644431640619836,0.0001282206817331034,-0.00012560939092775154,0.0001308557901055746,0.00013183155621731952,-0.0001262246768340852,0.0001318501324764137
191,3.201999999999869,0.8174681067466736,0.8736493587493896,-1.0,-0.6306966543197632,-0.4571583867073059,-0.0033437905367463827,-1.0,5.654866776,5.654866776,-2.827433388,-5.654866776,-5.654866776,5.651020936244869,0.0,0.0,0.0,0.0,0.0,0.0,-3.54527043685421,1.8292687716294862,-2.753094374707161,-5.665993275784634,-5.6528082771260895,5.645038362818957,0.00012860592399185864,-0.00012545399491901564,0.00013095644067094765,0.00013153813789091562,-0.00012613487122669481,0.0001316972554044468
192,3.217999999999867,0.8176037073135376,0.8737809062004089,-1.0,-0.6306401491165161,-0.4569302797317505,-0.003468102542683482,-1.0,5.654866776,5.654866776,-2.827433388,-5.654866776,-5.654866776,5.6504428035510035,0.0,0.0,0.0,0.0,0.0,0.0,-3.5452215479040854,1.8292683596900585,-2.7534622448004105,-5.666007644647178,-5.6528094442129175,5.645483104984436,0.00012865202147513787,-0.00012544921061851774,0.00013099082017278601,0.00013148574626382507,-0.000126097522815635,0.00013167190641712436
193,3.2339999999998654,0.8177308440208435,0.8738940358161926,-1.0,-0.6305940747261047,-0.45673108100891113,-0.003564634593203664,-1.0,5.654866776,5.654866776,-2.827433388,-5.654866776,-5.654866776,5.649848578964316,0.0,0.0,0.0,0.0,0.0,0.0,-3.5451726579716993,1.8292679876859794,-2.7538303749897883,-5.666021388069627,-5.652810330366013,5.64584240047537,0.00012879141429946735,-0.00012540309324436934,0.00013104618483375795,0.00013141334721643205,-0.0001260938128197554,0.00013164432393121195
194,3.2519999999998634,0.8178486227989197,0.873991847038269,-1.0,-0.6305586695671082,-0.4565586447715759,-0.00363718974404037,-1.0,5.654866776,5.654866776,-2.827433388,-5.654866776,-5.654866776,5.649242259433985,0.0,0.0,0.0,0.0,0.0,0.0,-3.545117630810744,1.8292674790216361,-2.754245182531693,-5.666036064447516,-5.6528110531283025,5.646155576223279,0.00012921838240078932,-0.00012530722233465146,0.00013119622108716023,0.00013118770587742867,-0.00012606106081469056,0.00013155139001341058
195,3.2679999999998617,0.8179517388343811,0.8740770220756531,-1.0,-0.6305413842201233,-0.4564158618450165,-0.003688177792355418,-1.0,5.654866776,5.654866776,-2.827433388,-5.654866776,-5.654866776,5.648627440195999,0.0,0.0,0.0,0.0,0.0,0.0,-3.5450687152229032,1.8292670855170934,-2.7546142192764846,-5.666048927037905,-5.652811343312146,5.646359129676894,0.0001292718589297476,-0.00012535955330037263,0.0001312639901641464,0.0001312050245216131,-0.00012607111680228248,0.00013158147537589585
196,3.28399999999986,0.8180481195449829,0.8741481304168701,-1.0,-0.6305323839187622,-0.45629626512527466,-0.003718770807608962,-1.0,5.654866776,5.654866776,-2.827433388,-5.654866776,-5.654866776,5.648007521102371,0.0,0.0,0.0,0.0,0.0,0.0,-3.5450198026598136,1.8292667338574695,-2.7549834099794737,-5.666061278034191,-5.652811427125906,5.646494956360641,0.00012942227276177746,-0.00012536105590716957,0.0001313494727995998,0.00013119395169741618,-0.00012611190826883838,0.0001316031266900285
197,3.301999999999858,0.81813645362854,0.8742069005966187,-1.0,-0.6305332183837891,-0.4561994671821594,-0.0037312640342861414,-1.0,5.654866776,5.654866776,-2.827433388,-5.654866776,-5.654866776,5.647385519387855,0.0,0.0,0.0,0.0,0.0,0.0,-3.5449647540024256,1.8292662449653312,-2.7553992951377766,-5.666074516832143,-5.652811327686754,5.646577174294505,0.00012986611929504554,-0.0001253126652973165,0.00013153144606836215,0.0001310268152667335,-0.00012612259007136544,0.00013155812805572552
198,3.317999999999856,0.8182137608528137,0.8742539882659912,-1.0,-0.630548894405365,-0.4561285376548767,-0.003723717527464032,-1.0,5.654866776,5.654866776,-2.827433388,-5.654866776,-5.654866776,5.646764775676027,0.0,0.0,0.0,0.0,0.0,0.0,-3.544915823121209,1.829265869455711,-2.7557691828053184,-5.666086215799546,-5.652810949660794,5.646592850031226,0.00012992423544806646,-0.0001254061365981312,0.00013162257266564827,0.0001310961790475013,-0.00012616796460823343,0.00013162906300665458
199,3.3339999999998544,0.8182840347290039,0.8742907047271729,-1.0,-0.630571722984314,-0.45607662200927734,-0.003702643094584346,-1.0,5.654866776,5.654866776,-2.827433388,-5.654866776,-5.654866776,5.646147545072159,0.0,0.0,0.0,0.0,0.0,0.0,-3.544866898822939,1.8292655358799579,-2.7561391253668805,-5.666097493422298,-5.652810421345207,5.646556469487054,0.000130078918713958,-0.000125443943151555,0.00013172875388175624,0.00013113245503763442,-0.00012624133583721549,0.00013168774152651553
200,3.3519999999998524,0.8183484673500061,0.8743178248405457,-1.0,-0.630602240562439,-0.4560428857803345,-0.0036684705410152674,-1.0,5.654866776,5.654866776,-2.827433388,-5.654866776,-5.654866776,5.645536011032972,0.0,0.0,0.0,0.0,0.0,0.0,-3.5448118415449357,1.8292650684494018,-2.756555733147604,-5.666109630097189,-5.65280969263347,5.646462785958057,0.0001305215925755281,-0.0001254341454467464,0.00013192998263232485,0.0001310168135595473,-0.00012628547189051905,0.00013168182091553238
201,3.3679999999998507,0.8184031844139099,0.8743339776992798,-1.0,-0.6306459903717041,-0.4560328423976898,-0.0036166964564472437,-1.0,5.654866776,5.654866776,-2.827433388,-5.654866776,-5.654866776,5.644933107733682,0.0,0.0,0.0,0.0,0.0,0.0,-3.5447629065571813,1.8292647103704223,-2.756926159142716,-5.666120425592206,-5.652808806180432,5.6463372083991965,0.00013058318624159434,-0.0001255566987765662,0.0001320373360832105,0.00013112469196607189,-0.00012635728961957586,0.00013178266790924022
202,3.3859999999998487,0.8184531331062317,0.874343752861023,-1.0,-0.6306955814361572,-0.45603716373443604,-0.003555841976776719,-1.0,5.654866776,5.654866776,-2.827433388,-5.654866776,-5.654866776,5.644340348876153,0.0,0.0,0.0,0.0,0.0,0.0,-3.5447078496101856,1.8292642825640042,-2.757343146967738,-5.666131985875761,-5.652807729519728,5.646153645329293,0.00013094790823824198,-0.00012557201044688393,0.00013222479146391468,0.00013108587523165822,-0.00012644241091954657,0.00013182231386569515
203,3.401999999999847,0.8184958696365356,0.874343991279602,-1.0,-0.6307558417320251,-0.4560624361038208,-0.0034796439576894045,-1.0,5.654866776,5.654866776,-2.827433388,-5.654866776,-5.654866776,5.643760292228406,0.0,0.0,0.0,0.0,0.0,0.0,-3.544658918099964,1.8292639511963429,-2.7577138015882072,-5.666142296970072,-5.65280656539643,5.6459570211116406,0.00013101783073865252,-0.00012570446514893223,0.00013233791570063191,0.00013121450136519033,-0.00012653083063131205,0.00013193787757562634
204,3.417999999999845,0.8185335993766785,0.8743377327919006,-1.0,-0.630820631980896,-0.45609980821609497,-0.0033982095774263144,-1.0,5.654866776,5.654866776,-2.827433388,-5.654866776,-5.654866776,5.643193810691849,0.0,0.0,0.0,0.0,0.0,0.0,-3.544609998484122,1.8292636489761858,-2.758084330279091,-5.666152294357037,-5.652805316696596,5.645729972120191,0.00013117725335934634,-0.0001257869153335414,0.00013246633046721178,0.0001313036987275815,-0.00012663732649761679,0.0001320374520124674
205,3.435999999999843,0.8185669183731079,0.874326229095459,-1.0,-0.6308902502059937,-0.4561491012573242,-0.003310794709250331,-1.0,5.654866776,5.654866776,-2.827433388,-5.654866776,-5.654866776,5.642641901213817,0.0,0.0,0.0,0.0,0.0,0.0,-3.544554954913838,1.8292632195141056,-2.7585013686437088,-5.666163122359143,-5.652803845000944,5.645445953404951,0.00013159237009428818,-0.00012582855269484134,0.0001326816415500796,0.00013126139840356586,-0.00012672113262481008,0.00013208270960897903
206,3.4519999999998414,0.8185941576957703,0.8743063807487488,-1.0,-0.6309704780578613,-0.45621711015701294,-0.0032091799657791853,-1.0,5.654866776,5.654866776,-2.827433388,-5.654866776,-5.654866776,5.6421069309135214,0.0,0.0,0.0,0.0,0.0,0.0,-3.544506037227105,1.8292628872314922,-2.758872014345967,-5.666172817469963,-5.65280236557041,5.645171529575656,0.0001316607464807439,-0.00012598013041697646,0.00013280621824502537,0.0001314109587300069,-0.00012682344936761072,0.00013221597966398175
207,3.4679999999998397,0.8186179399490356,0.8742830753326416,-1.0,-0.6310538649559021,-0.4562937915325165,-0.0031056327279657125,-1.0,5.654866776,5.654866776,-2.827433388,-5.654866776,-5.654866776,5.641589221937769,0.0,0.0,0.0,0.0,0.0,0.0,-3.5444571333596246,1.8292625906414426,-2.7592424933825246,-5.666182254988346,-5.65280082571781,5.644877089860477,0.00013181217805060093,-0.0001260783101388544,0.00013294068250223993,0.00013152620499501386,-0.00012694630796576345,0.00013233400793165578
208,3.4859999999998377,0.8186384439468384,0.8742552399635315,-1.0,-0.6311405301094055,-0.4563790261745453,-0.002999171381816268,-1.0,5.654866776,5.654866776,-2.827433388,-5.654866776,-5.654866776,5.64108926006842,0.0,0.0,0.0,0.0,0.0,0.0,-3.544402112265722,1.8292621814996037,-2.759659376803965,-5.666192526836573,-5.652799049171516,5.64452864130581,0.00013220115853210742,-0.00012614279390353312,0.00013315606186256872,0.00013152259013221574,-0.00012704835814647073,0.0001324035393471516
209,3.501999999999836,0.8186541199684143,0.8742207288742065,-1.0,-0.631236732006073,-0.45648109912872314,-0.002880023093894124,-1.0,5.654866776,5.654866776,-2.827433388,-5.654866776,-5.654866776,5.640609160218668,0.0,0.0,0.0,0.0,0.0,0.0,-3.544353217120864,1.829261863886852,-2.760029806439007,-5.666201745453319,-5.652797329070702,5.644206452248423,0.00013227518727276327,-0.00012630385187541816,0.00013328696702124667,0.00013168681061813872,-0.00012716255851497683,0.0001325484495169117
210,3.517999999999834,0.8186670541763306,0.8741847276687622,-1.0,-0.6313342452049255,-0.4565891921520233,-0.0027619933243840933,-1.0,5.654866776,5.654866776,-2.827433388,-5.654866776,-5.654866776,5.6401487359314935,0.0,0.0,0.0,0.0,0.0,0.0,-3.544304337778785,1.829261578366692,-2.760400003394701,-5.66621075026669,-5.652795566799923,5.643872886492693,0.00013242358690919995,-0.00012641581893767064,0.00013342630835698217,0.00013181926096765878,-0.00012729479205709351,0.00013267895442279433
211,3.535999999999832,0.8186774253845215,0.8741452097892761,-1.0,-0.6314348578453064,-0.45670291781425476,-0.0026435835752636194,-1.0,5.654866776,5.654866776,-2.827433388,-5.654866776,-5.654866776,5.639708050549497,0.0,0.0,0.0,0.0,0.0,0.0,-3.544249349103994,1.829261190313507,-2.7608164542762093,-5.666220592297796,-5.652793556963643,5.643489712285085,0.00013278316105832586,-0.00012650060121492405,0.0001336391084143915,0.000131849836856449,-0.0001274108787119009,0.00013276919371271894
212,3.5519999999998304,0.8186834454536438,0.874100923538208,-1.0,-0.6315426230430603,-0.456831157207489,-0.002514410763978958,-1.0,5.654866776,5.654866776,-2.827433388,-5.654866776,-5.654866776,5.639288898275142,0.0,0.0,0.0,0.0,0.0,0.0,-3.544200485031545,1.8292608855500947,-2.761186423042019,-5.666229430071735,-5.6527916560798195,5.643144358518331,0.00013286347004867413,-0.00012666668730188015,0.0001337745849828044,0.00013202353884822179,-0.00012753419480992232,0.00013292191911700558
213,3.5679999999998286,0.8186886310577393,0.8740552663803101,-1.0,-0.6316519975662231,-0.45696261525154114,-0.0023887278512120247,-1.0,5.654866776,5.654866776,-2.827433388,-5.654866776,-5.654866776,5.638890697342345,0.0,0.0,0.0,0.0,0.0,0.0,-3.5441516383616904,1.8292606087696806,-2.7615561016951813,-5.666238089710119,-5.652789726443386,5.642794650527294,0.00013300893191327793,-0.00012678910028660528,0.00013391711562791338,0.00013216869928132542,-0.00012767291282538975,0.0001330614812674819
214,3.5859999999998267,0.818692147731781,0.8740090131759644,-1.0,-0.6317622065544128,-0.45709842443466187,-0.0022644458804279566,-1.0,5.654866776,5.654866776,-2.827433388,-5.654866776,-5.654866776,5.638513214214077,0.0,0.0,0.0,0.0,0.0,0.0,-3.5440966909684195,1.829260240116783,-2.761971863874398,-5.6662475926148135,-5.652787539663889,5.64240071770738,0.00013333773491029112,-0.00012689123914708103,0.0001341252358969286,0.0001322297707208839,-0.00012780028471770955,0.000133169417738171
215,3.601999999999825,0.8186925053596497,0.873958170413971,-1.0,-0.631879448890686,-0.45724597573280334,-0.0021315489429980516,-1.0,5.654866776,5.654866776,-2.827433388,-5.654866776,-5.654866776,5.638157885005279,0.0,0.0,0.0,0.0,0.0,0.0,-3.5440478655106804,1.8292599467195811,-2.762341153608396,-5.666256121587443,-5.652785504192654,5.6420518816097305,0.00013342517026222303,-0.0001270592653715648,0.00013426406642074088,0.00013240883436415774,-0.0001279303765811995,0.00013332698937524565
216,3.617999999999823,0.8186915516853333,0.8739067912101746,-1.0,-0.6319965124130249,-0.4573947787284851,-0.002003348432481289,-1.0,5.654866776,5.654866776,-2.827433388,-5.654866776,-5.654866776,5.637823926821585,0.0,0.0,0.0,0.0,0.0,0.0,-3.543999058708214,1.8292596770791814,-2.762710105048906,-5.666264502730148,-5.652783449494222,5.641704261330757,0.00013356824348836825,-0.00012718959843448701,0.00013440872760227542,0.0001325630275691044,-0.00012807332031710536,0.0001334729493822917
217,3.635999999999821,0.8186901211738586,0.8738564848899841,-1.0,-0.6321145296096802,-0.4575459957122803,-0.0018780564423650503,-1.0,5.654866776,5.654866776,-2.827433388,-5.654866776,-5.654866776,5.637510854812643,0.0,0.0,0.0,0.0,0.0,0.0,-3.543944160337714,1.8292593262783305,-2.763124953328249,-5.666273735361051,-5.652781129173352,5.641318404285043,0.00013386635797645017,-0.00012730659719662594,0.00013461097432982083,0.00013265114455551062,-0.00012820981626370485,0.00013359603538483863
218,3.6519999999998194,0.8186856508255005,0.8738020062446594,-1.0,-0.6322377324104309,-0.4577069878578186,-0.0017457993235439062,-1.0,5.654866776,5.654866776,-2.827433388,-5.654866776,-5.654866776,5.6372198300654075,0.0,0.0,0.0,0.0,0.0,0.0,-3.543895380040328,1.829259042789143,-2.7634933732039424,-5.6662820108803,-5.652778994531105,5.64098140693443,0.00013396173581462314,-0.00012747429585769414,0.00013475239061502055,0.00013283235550031201,-0.00012834488263300015,0.00013375619151581133
219,3.6679999999998176,0.8186811208724976,0.8737487196922302,-1.0,-0.6323606371879578,-0.45786792039871216,-0.0016195748466998339,-1.0,5.654866776,5.654866776,-2.827433388,-5.654866776,-5.654866776,5.636949846938463,0.0,0.0,0.0,0.0,0.0,0.0,-3.5438466193646714,1.829258778910261,-2.7638614147330176,-5.666290164653589,-5.652776847237907,5.640649913577081,0.00013410297679555916,-0.00012761060003875673,0.00013489846368666905,0.00013299275596112154,-0.0001284904040921058,0.00013390654575313362
220,3.6859999999998156,0.8186765313148499,0.8736962080001831,-1.0,-0.6324829459190369,-0.45802927017211914,-0.001497585792094469,-1.0,5.654866776,5.654866776,-2.827433388,-5.654866776,-5.654866776,5.636700199386921,0.0,0.0,0.0,0.0,0.0,0.0,-3.5437917766942233,1.829258444402645,-2.7642751532120613,-5.66629917925712,-5.652774426859015,5.640286460449924,0.00013437139550915724,-0.0001277403195196546,0.00013509422089989445,0.0001331047751182847,-0.00012863433097702,0.0001340426227765808
221,3.701999999999814,0.8186696767807007,0.8736416697502136,-1.0,-0.6326104998588562,-0.4581991136074066,-0.0013693827204406261,-1.0,5.654866776,5.654866776,-2.827433388,-5.654866776,-5.654866776,5.636471923287423,0.0,0.0,0.0,0.0,0.0,0.0,-3.543743047195709,1.829258169501397,-2.7646425376611434,-5.666307244136582,-5.652772220153398,5.639972799260222,0.00013447525635140777,-0.00012790610836880035,0.00013523769518160417,0.00013328575934323997,-0.00012877299473859968,0.00013420370208016536
222,3.717999999999812,0.8186625242233276,0.8735880851745605,-1.0,-0.63273686170578,-0.45836684107780457,-0.0012483505997806787,-1.0,5.654866776,5.654866776,-2.827433388,-5.654866776,-5.654866776,5.636263823242439,0.0,0.0,0.0,0.0,0.0,0.0,-3.5436943380259565,1.829257910162459,-2.7650095112373463,-5.66631520973712,-5.652770005223061,5.639667812738077,0.00013461535767629742,-0.0001280468318690741,0.000135384742343328,0.0001334500934056296,-0.0001289198659625669,0.00013435688970979003
223,3.73599999999981,0.8186569809913635,0.8735359311103821,-1.0,-0.6328619122505188,-0.45853400230407715,-0.0011320062913000584,-1.0,5.654866776,5.654866776,-2.827433388,-5.654866776,-5.654866776,5.63607511779368,0.0,0.0,0.0,0.0,0.0,0.0,-3.5436395566601795,1.8292575901123762,-2.765421973148792,-5.666324045641129,-5.652767510760949,5.639337195582158,0.0001348560729107534,-0.00012818734746823752,0.0001355739403952474,0.00013358286646971134,-0.0001290697802113448,0.00013450397344228377
224,3.7519999999998084,0.8186486959457397,0.8734821081161499,-1.0,-0.6329914331436157,-0.45870813727378845,-0.0010111380834132433,-1.0,5.654866776,5.654866776,-2.827433388,-5.654866776,-5.654866776,5.635906561075175,0.0,0.0,0.0,0.0,0.0,0.0,-3.543590882701749,1.8292573225961226,-2.765788181741627,-5.6663319332836055,-5.652765252704573,5.6390550857366195,0.00013496848916368434,-0.00012835020985144913,0.00013571905746796172,0.00013376202868094886,-0.0001292110198124071,0.00013466483499400343
225,3.7679999999998066,0.8186415433883667,0.873430073261261,-1.0,-0.6331186294555664,-0.4588795006275177,-0.0008975272066891193,-1.0,5.654866776,5.654866776,-2.827433388,-5.654866776,-5.654866776,5.63575694328982,0.0,0.0,0.0,0.0,0.0,0.0,-3.5435422295570085,1.8292570667820045,-2.7661539537325304,-5.666339740990156,-5.652762989299953,5.638783865980461,0.00013510811966193864,-0.00012849410484644746,0.00013586679877250498,0.0001339285263033061,-0.00012935836049178984,0.00013481966407614168
226,3.7859999999998046,0.8186346292495728,0.8733795881271362,-1.0,-0.6332451701164246,-0.4590485990047455,-0.0007893529254943132,-1.0,5.654866776,5.654866776,-2.827433388,-5.654866776,-5.654866776,5.6356253581571405,0.0,0.0,0.0,0.0,0.0,0.0,-3.5434875141789792,1.8292567595478273,-2.76656499850285,-5.666348428228986,-5.652760440810606,5.638493189194326,0.00013532337690651023,-0.0001286437527846895,0.0001360495998457661,0.00013407924508244875,-0.00012951311024698257,0.00013497605900391054
227,3.801999999999803,0.8186269402503967,0.8733291029930115,-1.0,-0.6333755254745483,-0.4592239558696747,-0.0006774137727916241,-1.0,5.654866776,5.654866776,-2.827433388,-5.654866776,-5.654866776,5.6355124332812165,0.0,0.0,0.0,0.0,0.0,0.0,-3.5434388996792605,1.8292564982525787,-2.766929913865261,-5.666356164740742,-5.652758147249162,5.6382480588942645,0.00013544441555657073,-0.00012880302345429038,0.00013619611546401242,0.0001342553616857127,-0.00012965609724951884,0.00013513584309673133
228,3.817999999999801,0.818619430065155,0.8732799291610718,-1.0,-0.6335030794143677,-0.45939552783966064,-0.0005727510433644056,-1.0,5.654866776,5.654866776,-2.827433388,-5.654866776,-5.654866776,5.635416955682287,0.0,0.0,0.0,0.0,0.0,0.0,-3.5433903062860916,1.8292562450523593,-2.7672943730686663,-5.666363838046738,-5.65275585008516,5.638015230616944,0.00013558418200998378,-0.00012894910709245768,0.00013634439197299038,0.00013442263715393766,-0.00012980326352913255,0.00013529140154676516
229,3.835999999999799,0.8186133503913879,0.8732327818870544,-1.0,-0.6336287260055542,-0.45956435799598694,-0.0004738337593153119,-1.0,5.654866776,5.654866776,-2.827433388,-5.654866776,-5.654866776,5.63533796759461,0.0,0.0,0.0,0.0,0.0,0.0,-3.543335660654772,1.8292559488861821,-2.7677038858995533,-5.666372399326188,-5.652753263163846,5.637768827445403,0.00013577665185505986,-0.0001291063686090842,0.00013652121854062694,0.00013458857644948338,-0.00012996185135740065,0.00013545554424356282
230,3.8519999999997974,0.8186062574386597,0.8731855750083923,-1.0,-0.6337581276893616,-0.4597379267215729,-0.00037193833850324154,-1.0,5.654866776,5.654866776,-2.827433388,-5.654866776,-5.654866776,5.635275965473581,0.0,0.0,0.0,0.0,0.0,0.0,-3.5432871087422515,1.8292556927221368,-2.768067413080115,-5.666380005390543,-5.6527509461748195,5.637563805393502,0.00013590612626865255,-0.00012926169122132243,0.0001366689459748031,0.00013476085514701837,-0.00013010594965284195,0.00013561367500243245
231,3.8679999999997956,0.8186005353927612,0.8731400370597839,-1.0,-0.6338845491409302,-0.4599069058895111,-0.0002775345928966999,-1.0,5.654866776,5.654866776,-2.827433388,-5.654866776,-5.654866776,5.635229700456946,0.0,0.0,0.0,0.0,0.0,0.0,-3.543238578089654,1.8292554414518187,-2.768430469630059,-5.666387562844718,-5.652748626490378,5.637371834767646,0.00013604640716043681,-0.0001294092058640292,0.00013681761878199064,0.00013492794324698314,-0.00013025252128181939,0.0001357693198226971
232,3.8859999999997936,0.8185949921607971,0.8730968236923218,-1.0,-0.6340087056159973,-0.4600730538368225,-0.0001888015540316701,-1.0,5.654866776,5.654866776,-2.827433388,-5.654866776,-5.654866776,5.635198227237889,0.0,0.0,0.0,0.0,0.0,0.0,-3.543184005180766,1.8292551548274227,-2.76883835845373,-5.666396015680208,-5.6527460131864435,5.637171770088306,0.00013621876679916796,-0.0001295727403632465,0.00013698897226032747,0.00013510666361298305,-0.00013041413172901865,0.0001359398486493437
233,3.901999999999792,0.8185895681381226,0.8730539679527283,-1.0,-0.6341366767883301,-0.4602430462837219,-9.743263944983482e-05,-1.0,5.654866776,5.654866776,-2.827433388,-5.654866776,-5.654866776,5.635181985216892,0.0,0.0,0.0,0.0,0.0,0.0,-3.5431355183199984,1.8292549028605771,-2.769200421732849,-5.666403507909326,-5.652743681925702,5.637008107228365,0.00013635634532878103,-0.00012972398385401317,0.000137137765668165,0.00013527461969544235,-0.0001305588407883299,0.00013609595164124094
234,3.91799999999979,0.8185847997665405,0.8730132579803467,-1.0,-0.6342609524726868,-0.46040821075439453,-1.3660406693816185e-05,-1.0,5.654866776,5.654866776,-2.827433388,-5.654866776,-5.654866776,5.6351797080270964,0.0,0.0,0.0,0.0,0.0,0.0,-3.543087052743928,1.8292546529019258,-2.7695620045761804,-5.666410964114852,-5.652741348333377,5.636857712611263,0.00013649754886361872,-0.0001298723093667683,0.0001372867760294349,0.00013544073223296533,-0.0001307045103512984,0.00013625117419030302
235,3.935999999999788,0.8185820579528809,0.8729740381240845,-1.0,-0.6343830227851868,-0.46057018637657166,6.50257570669055e-05,-1.0,5.654866776,5.654866776,-2.827433388,-5.654866776,-5.654866776,5.635190547820799,0.0,0.0,0.0,0.0,0.0,0.0,-3.543032554787859,1.8292543742493759,-2.769968198600831,-5.666419321863531,-5.652738718029554,5.636704245142719,0.00013665259693279136,-0.00013004090266791212,0.0001374532755655087,0.00013562990788473008,-0.0001308684141102098,0.00013642683152853964
236,3.9519999999997864,0.8185778856277466,0.872935950756073,-1.0,-0.6345082521438599,-0.4607347548007965,0.0001449425471946597,-1.0,5.654866776,5.654866776,-2.827433388,-5.654866776,-5.654866776,5.635214709743416,0.0,0.0,0.0,0.0,0.0,0.0,-3.5429841348378384,1.82925412575273,-2.7703287399217684,-5.666426713884672,-5.652736379370223,5.6365817111102166,0.00013679756885966215,-0.00013018814753132726,0.0001376029382947796,0.00013579345932884012,-0.0001310133967849576,0.00013658076650850375
237,3.9679999999997846,0.8185755014419556,0.8729000687599182,-1.0,-0.6346303224563599,-0.4608948528766632,0.00021816487424075603,-1.0,5.654866776,5.654866776,-2.827433388,-5.654866776,-5.654866776,5.635251077827952,0.0,0.0,0.0,0.0,0.0,0.0,-3.5429357360975544,1.8292538766782973,-2.77068879477091,-5.666434080579727,-5.6527340384161455,5.6364722416705515,0.0001369400016316231,-0.00013033678119549975,0.00013775223241852788,0.0001359580381587293,-0.00013115797912818767,0.0001367352016439817
238,3.9859999999997826,0.8185737133026123,0.8728660345077515,-1.0,-0.6347494721412659,-0.4610506296157837,0.0002862547989934683,-1.0,5.654866776,5.654866776,-2.827433388,-5.654866776,-5.654866776,5.635298796502944,0.0,0.0,0.0,0.0,0.0,0.0,-3.54288131476271,1.8292536047598744,-2.7710932399997223,-5.666442353818363,-5.652731398311637,5.636364202592608,0.00013708022965365038,-0.00013050940054104335,0.00013791444102910364,0.00013615570939136954,-0.00013132359927365035,0.00013691493949827602
239,4.001999999999781,0.8185721635818481,0.8728330135345459,-1.0,-0.6348719596862793,-0.46120983362197876,0.00035538990050554276,-1.0,5.654866776,5.654866776,-2.827433388,-5.654866776,-5.654866776,5.635358039999359,0.0,0.0,0.0,0.0,0.0,0.0,-3.542832963066542,1.8292533589886877,-2.7714522162253843,-5.6664496566085365,-5.652729057467378,5.636281411480145,0.00013723211066590297,-0.00013065277715737077,0.00013806488243312145,0.00013631475205948265,-0.00013146853719606244,0.00013706658232021004
240,4.0179999999997795,0.8185714483261108,0.8728011846542358,-1.0,-0.6349906921386719,-0.46136340498924255,0.00041868630796670914,-1.0,5.654866776,5.654866776,-2.827433388,-5.654866776,-5.654866776,5.6354278350068965,0.0,0.0,0.0,0.0,0.0,0.0,-3.542784632409173,1.829253110332912,-2.7718107036269264,-5.6664569431503775,-5.652726714158317,5.636211166063935,0.00013737606708273792,-0.0001308013207431491,0.00013821445813466717,0.00013647733868776314,-0.00013161189132860512,0.0001372199410855467
241,4.0359999999997775,0.8185722827911377,0.8727716207504272,-1.0,-0.6351066827774048,-0.4615134298801422,0.0004768921062350273,-1.0,5.654866776,5.654866776,-2.827433388,-5.654866776,-5.654866776,5.635507332921006,0.0,0.0,0.0,0.0,0.0,0.0,-3.542730288766524,1.8292528438199251,-2.772213363299566,-5.6664651399849495,-5.652724069881731,5.636146338554102,0.00013750398279856673,-0.00013097702139616541,0.00013837299950975529,0.00013668163251886589,-0.00013177869681938283,0.00013740278027198687
242,4.051999999999776,0.8185722231864929,0.8727441430091858,-1.0,-0.6352260708808899,-0.46166539192199707,0.0005355628672987223,-1.0,5.654866776,5.654866776,-2.827433388,-5.654866776,-5.654866776,5.6355966112509845,0.0,0.0,0.0,0.0,0.0,0.0,-3.54268200617467,1.829252600156203,-2.772570745872338,-5.66647236272791,-5.652721730725484,5.636101076835754,0.00013766206102226998,-0.0001311167647461445,0.00013852408974796885,0.00013683630048526668,-0.00013192337736598738,0.00013755214320200043
243,4.067999999999774,0.8185741305351257,0.8727177977561951,-1.0,-0.6353415846824646,-0.46181273460388184,0.0005890384200029075,-1.0,5.654866776,5.654866776,-2.827433388,-5.654866776,-5.654866776,5.635694803955599,0.0,0.0,0.0,0.0,0.0,0.0,-3.5426337444153733,1.8292523517282209,-2.7729276395410585,-5.666479577033843,-5.652719388769593,5.636067610329844,0.00013780751433291612,-0.00013126494931649647,0.00013867386134143963,0.00013699674374958028,-0.00013206548134214366,0.0001377043012446325
244,4.085999999999772,0.818577229976654,0.8726924061775208,-1.0,-0.6354542970657349,-0.46195557713508606,0.0006376204546540976,-1.0,5.654866776,5.654866776,-2.827433388,-5.654866776,-5.654866776,5.63580109528539,0.0,0.0,0.0,0.0,0.0,0.0,-3.542579479130562,1.829252089664804,-2.773328489624436,-5.6664877041420665,-5.652716744586409,5.636043024013799,0.00013792529050139866,-0.00013144292841827117,0.00013882926397713953,0.00013720611364155896,-0.00013223306102861754,0.0001378894354976346
245,4.10199999999977,0.8185790181159973,0.8726692795753479,-1.0,-0.6355702877044678,-0.4621008336544037,0.0006867123884148896,-1.0,5.654866776,5.654866776,-2.827433388,-5.654866776,-5.654866776,5.635915570240539,0.0,0.0,0.0,0.0,0.0,0.0,-3.5425312661456254,1.829251847610035,-2.7736842604697087,-5.666494854529147,-5.652714409973243,5.636032483883621,0.0001380889303127639,-0.0001315793100842422,0.00013898090401999415,0.00013735657225518377,-0.00013237729834572097,0.0001380365593954904
246,4.1179999999997685,0.8185831904411316,0.8726474642753601,-1.0,-0.6356824636459351,-0.46224120259284973,0.0007308889762498438,-1.0,5.654866776,5.654866776,-2.827433388,-5.654866776,-5.654866776,5.63603740943288,0.0,0.0,0.0,0.0,0.0,0.0,-3.542483073754284,1.8292515992299812,-2.774039544263798,-5.666502003075089,-5.652712072161006,5.636032828613088,0.0001382358721823643,-0.00013172692664033126,0.0001391308181691668,0.00013751476253002072,-0.00013251814528268267,0.00013818742711720495
247,4.1359999999997665,0.8185877799987793,0.8726271986961365,-1.0,-0.6357919573783875,-0.46237748861312866,0.0007711576763540506,-1.0,5.654866776,5.654866776,-2.827433388,-5.654866776,-5.654866776,5.636165961417528,0.0,0.0,0.0,0.0,0.0,0.0,-3.542428887088057,1.8292513405853323,-2.774438572476283,-5.6665100656044665,-5.652709431409399,5.636045018076314,0.0001383456777231849,-0.000131906447321511,0.00013928364689945382,0.00013772771088752187,-0.00013268610181620867,0.00013837408884171166
248,4.151999999999765,0.8185921907424927,0.8726086616516113,-1.0,-0.6359045505523682,-0.46251586079597473,0.0008111664210446179,-1.0,5.654866776,5.654866776,-2.827433388,-5.654866776,-5.654866776,5.636301182859916,0.0,0.0,0.0,0.0,0.0,0.0,-3.5423807438851935,1.8292510997237206,-2.774792723380775,-5.666517150164594,-5.6527071034130465,5.63606602200128,0.00013851409201884435,-0.00013203979091774414,0.000139435704903959,0.00013787427348765818,-0.00013282978063687927,0.00013851909797445286
249,4.167999999999763,0.8185977935791016,0.8725910782814026,-1.0,-0.636013388633728,-0.46264922618865967,0.0008468455635011196,-1.0,5.654866776,5.654866776,-2.827433388,-5.654866776,-5.654866776,5.636442352015352,0.0,0.0,0.0,0.0,0.0,0.0,-3.542332621013831,1.8292508512786685,-2.7751463907144305,-5.666524238371434,-5.652704771813176,5.636096906707786,0.00013866247608390728,-0.0001321866715407986,0.00013958570482930518,0.00013803017807943735,-0.00013296939903489267,0.00013866863121021023
250,4.185999999999761,0.818604588508606,0.8725744485855103,-1.0,-0.6361190676689148,-0.46277904510498047,0.0008789420826360583,-1.0,5.654866776,5.654866776,-2.827433388,-5.654866776,-5.654866776,5.6365888716605275,0.0,0.0,0.0,0.0,0.0,0.0,-3.5422785129677594,1.8292505953877367,-2.775543593378233,-5.66653224080795,-5.652702136954226,5.636142116910866,0.00013876593823214278,-0.00013236716418354888,0.00013973636696300475,0.00013824561579216767,-0.00013313746377562145,0.0001388562588390402
251,4.201999999999759,0.8186108469963074,0.8725605010986328,-1.0,-0.6362287402153015,-0.46291056275367737,0.0009112141560763121,-1.0,5.654866776,5.654866776,-2.827433388,-5.654866776,-5.654866776,5.636740771060345,0.0,0.0,0.0,0.0,0.0,0.0,-3.5422304394842925,1.8292503553709643,-2.775896123410682,-5.666539265026058,-5.652699817077689,5.636191283697267,0.0001389385467818833,-0.0001324977587305524,0.00013988876209782076,0.00013838851923335312,-0.00013328046802695852,0.00013899924588790628
252,4.2179999999997575,0.8186185956001282,0.8725471496582031,-1.0,-0.6363339424133301,-0.4630376100540161,0.0009392300853505731,-1.0,5.654866776,5.654866776,-2.827433388,-5.654866776,-5.654866776,5.636897340715573,0.0,0.0,0.0,0.0,0.0,0.0,-3.542182386054959,1.829250106763204,-2.7762481746034116,-5.666546297437455,-5.652697493208946,5.636249282044353,0.0001390883007174632,-0.00013264379353235592,0.00014003880297435846,0.00013854214565003933,-0.00013341888800344378,0.00013914742844342473
253,4.2359999999997555,0.8186272382736206,0.8725342154502869,-1.0,-0.6364368200302124,-0.46316078305244446,0.0009646089165471494,-1.0,5.654866776,5.654866776,-2.827433388,-5.654866776,-5.654866776,5.637058141021962,0.0,0.0,0.0,0.0,0.0,0.0,-3.542128356338947,1.8292498528417231,-2.776643556508696,-5.666554243243624,-5.652694866177708,5.6363236543897814,0.00013918710207892627,-0.00013282472269211964,0.00014018775207791446,0.00013875896452970367,-0.00013358677717007167,0.0001393354604312504
254,4.251999999999754,0.8186348676681519,0.872523844242096,-1.0,-0.6365431547164917,-0.4632856547832489,0.000989206018857658,-1.0,5.654866776,5.654866776,-2.827433388,-5.654866776,-5.654866776,5.6372230416653055,0.0,0.0,0.0,0.0,0.0,0.0,-3.542080352315576,1.8292496135033935,-2.7769944711011383,-5.666561212014792,-5.652692555417665,5.636397551104052,0.00013936300152588664,-0.00013295292598903543,0.00014034030762489195,0.00013889868532928766,-0.00013372908791421583,0.00013947664099634718
255,4.267999999999752,0.8186444044113159,0.8725138902664185,-1.0,-0.6366448402404785,-0.46340644359588623,0.0010109905852004886,-1.0,5.654866776,5.654866776,-2.827433388,-5.654866776,-5.654866776,5.637391573795859,0.0,0.0,0.0,0.0,0.0,0.0,-3.5420323680467645,1.8292493646829315,-2.7773449127404644,-5.666568192446509,-5.6526902403878685,5.636479229654292,0.00013951414847093263,-0.00013309799349839183,0.00014049036544497526,0.0001390500191968109,-0.00013386634568674345,0.00013962344845657796
256,4.28599999999975,0.8186548352241516,0.8725050687789917,-1.0,-0.6367446184158325,-0.4635239541530609,0.001029933337122202,-1.0,5.654866776,5.654866776,-2.827433388,-5.654866776,-5.654866776,5.637563263683157,0.0,0.0,0.0,0.0,0.0,0.0,-3.5419784162277876,1.8292491122561674,-2.7777384838116763,-5.666576084780412,-5.652687622557329,5.636578925586866,0.00013960947976663482,-0.00013327897611825417,0.0001406379120162848,0.00013926745857165113,-0.00013403387248864273,0.00013981149633441754
257,4.301999999999748,0.8186635971069336,0.8724982142448425,-1.0,-0.6368482708930969,-0.46364274621009827,0.0010484601370990276,-1.0,5.654866776,5.654866776,-2.827433388,-5.654866776,-5.654866776,5.637738041988012,0.0,0.0,0.0,0.0,0.0,0.0,-3.5419304812291625,1.8292488733262888,-2.778087793545229,-5.666583002059054,-5.652685321654722,5.636674180943354,0.00013978820677968483,-0.0001334050428032056,0.00014079057365718579,0.00013940422049421358,-0.00013417541384189773,0.00013995096698502757
258,4.3179999999997465,0.8186742067337036,0.8724914789199829,-1.0,-0.6369472146034241,-0.4637579321861267,0.0010644426802173257,-1.0,5.654866776,5.654866776,-2.827433388,-5.654866776,-5.654866776,5.637915484582804,0.0,0.0,0.0,0.0,0.0,0.0,-3.541882565704588,1.8292486243232893,-2.778436636532814,-5.666589933919873,-5.652683016200842,5.636776194646697,0.0001399404870379531,-0.00013354912942526866,0.00014094056138734567,0.00013955343135848297,-0.0001343115841404317,0.00014009647034604614
259,4.3359999999997445,0.8186860680580139,0.8724851608276367,-1.0,-0.6370446085929871,-0.4638698399066925,0.0010780991287901998,-1.0,5.654866776,5.654866776,-2.827433388,-5.654866776,-5.654866776,5.638095203707573,0.0,0.0,0.0,0.0,0.0,0.0,-3.541828691189465,1.8292483729300555,-2.7788284116677118,-5.666597775344632,-5.652680408613469,5.636897515203487,0.000140033505270883,-0.00013372980322153024,0.00014108701114556326,0.00013977077145000706,-0.00013447857789289027,0.0001402841689132746
260,4.351999999999743,0.8186962008476257,0.8724812865257263,-1.0,-0.6371451616287231,-0.46398353576660156,0.0010913953883573413,-1.0,5.654866776,5.654866776,-2.827433388,-5.654866776,-5.654866776,5.638277139318813,0.0,0.0,0.0,0.0,0.0,0.0,-3.541780824674542,1.8292481342634423,-2.7791761307302405,-5.666604644644092,-5.652678118021727,5.63701090436582,0.00014021446826578576,-0.00013385401173708,0.00014123967950882405,0.00013990490215265599,-0.00013461932174011458,0.00014042207973820025
261,4.367999999999741,0.8187081217765808,0.8724773526191711,-1.0,-0.6372417211532593,-0.46409302949905396,0.0011024881387129426,-1.0,5.654866776,5.654866776,-2.827433388,-5.654866776,-5.654866776,5.638460924091536,0.0,0.0,0.0,0.0,0.0,0.0,-3.5417329773596564,1.8292478851022627,-2.779523389634434,-5.666611530801586,-5.6526758226569775,5.637130082331617,0.00014036773348823138,-0.00013399709085583385,0.00014138954184188352,0.0001400521047356976,-0.00013475446495350834,0.00014056632551035728
262,4.385999999999739,0.8187202215194702,0.8724740743637085,-1.0,-0.6373363733291626,-0.4641999900341034,0.0011113816872239113,-1.0,5.654866776,5.654866776,-2.827433388,-5.654866776,-5.654866776,5.638646191418796,0.0,0.0,0.0,0.0,0.0,0.0,-3.5416791794724065,1.8292476344502706,-2.779913386780284,-5.6666193236500835,-5.652673226024719,5.637269542391789,0.00014045925387895,-0.00013417720056168003,0.00014153510662698123,0.0001402688555873916,-0.00013492081428203003,0.00014075342446208936
263,4.401999999999737,0.8187313079833984,0.8724727034568787,-1.0,-0.6374342441558838,-0.46430864930152893,0.0011200659209862351,-1.0,5.654866776,5.654866776,-2.827433388,-5.654866776,-5.654866776,5.638832906407824,0.0,0.0,0.0,0.0,0.0,0.0,-3.5416313808477162,1.8292473960224453,-2.7802595313811147,-5.666626148067776,-5.652670945987667,5.637398042189043,0.00014064185385618392,-0.0001342998140907098,0.00014168766327106298,0.00014040071357798465,-0.00013506076371653755,0.00014088994151338004
264,4.4179999999997355,0.8187442421913147,0.8724707365036011,-1.0,-0.6375285387039185,-0.4644135534763336,0.0011271466501057148,-1.0,5.654866776,5.654866776,-2.827433388,-5.654866776,-5.654866776,5.639020801754397,0.0,0.0,0.0,0.0,0.0,0.0,-3.5415836011609674,1.8292471467743918,-2.780605222433864,-5.666632990988146,-5.652668661036462,5.637531426299571,0.00014079596839401744,-0.0001344418737093328,0.00014183734710639584,0.00014054602572487177,-0.00013519493694364837,0.00014103297899176008
265,4.4359999999997335,0.8187575936317444,0.8724696636199951,-1.0,-0.6376205682754517,-0.4645163416862488,0.0011322979116812348,-1.0,5.654866776,5.654866776,-2.827433388,-5.654866776,-5.654866776,5.639209555816274,0.0,0.0,0.0,0.0,0.0,0.0,-3.5415298791640497,1.829246896548321,-2.780993461498951,-5.666640737137379,-5.652666075889905,5.6376857978694055,0.00014088679459664063,-0.0001346211927756672,0.000141982247090133,0.00014076170354429912,-0.00013536052052216284,0.00014121923434156752
266,4.451999999999732,0.8187693357467651,0.8724704384803772,-1.0,-0.6377167105674744,-0.46462032198905945,0.0011371534783393145,-1.0,5.654866776,5.654866776,-2.827433388,-5.654866776,-5.654866776,5.639399119301113,0.0,0.0,0.0,0.0,0.0,0.0,-3.541482147770715,1.8292466582741622,-2.7813380498217857,-5.666647519229476,-5.652663806552742,5.637826630490986,0.00014107055092243742,-0.00013474243619763154,0.00014213460956244016,0.00014089157419073256,-0.00013549967020360594,0.00014135449151433214
267,4.46799999999973,0.8187820911407471,0.8724709153175354,-1.0,-0.6378087401390076,-0.4647212326526642,0.0011409067083150148,-1.0,5.654866776,5.654866776,-2.827433388,-5.654866776,-5.654866776,5.6395893084493895,0.0,0.0,0.0,0.0,0.0,0.0,-3.54143443507067,1.8292464090060492,-2.781682191176449,-5.666654321043139,-5.652661532203508,5.63797152193851,0.00014122532154604256,-0.0001348834870751487,0.00014228405113983193,0.00014103515090766895,-0.0001356329393666487,0.0001414963901219605
268,4.485999999999728,0.818796694278717,0.8724716901779175,-1.0,-0.6378991007804871,-0.46482014656066895,0.0011427573626860976,-1.0,5.654866776,5.654866776,-2.827433388,-5.654866776,-5.654866776,5.63977980610175,0.0,0.0,0.0,0.0,0.0,0.0,-3.5413807882054713,1.8292461590681592,-2.7820686932872434,-5.666662022264692,-5.65265895885875,5.638137872700221,0.00014131594794136355,-0.00013506186581278842,0.00014242841110283396,0.00014124948232449808,-0.0001357977002561931,0.0001416816606676431
269,4.501999999999726,0.8188086152076721,0.8724737167358398,-1.0,-0.6379926800727844,-0.46492066979408264,0.0011446457356214523,-1.0,5.654866776,5.654866776,-2.827433388,-5.654866776,-5.654866776,5.639970618545878,0.0,0.0,0.0,0.0,0.0,0.0,-3.5413331233697334,1.8292459209260985,-2.7824117442799565,-5.666668764237006,-5.652656700265118,5.638288527468309,0.00014150047627463358,-0.00013518192851830627,0.00014258050948807294,0.00014137760751739304,-0.00013593604729887534,0.00014181577064926776
270,4.5179999999997245,0.8188214898109436,0.8724773526191711,-1.0,-0.6380848288536072,-0.4650189280509949,0.0011454364284873009,-1.0,5.654866776,5.654866776,-2.827433388,-5.654866776,-5.654866776,5.6401615627985064,0.0,0.0,0.0,0.0,0.0,0.0,-3.5412854770128077,1.8292456717589964,-2.782754354419419,-5.666675526837293,-5.652654436586425,5.638442495497966,0.000141655658559308,-0.0001353220103288529,0.00014272963129775918,0.00014151963890689326,-0.00013606848131153743,0.00014195661824718532
271,4.5359999999997225,0.8188368082046509,0.8724794983863831,-1.0,-0.6381717920303345,-0.46511343121528625,0.0011447349097579718,-1.0,5.654866776,5.654866776,-2.827433388,-5.654866776,-5.654866776,5.640352390107963,0.0,0.0,0.0,0.0,0.0,0.0,-3.5412319045158394,1.8292454219792924,-2.7831391410244364,-5.666683184596371,-5.652651875253442,5.63861819872844,0.00014174655321976882,-0.0001354993171978348,0.0001428735728684589,0.00014173236671592197,-0.00013623236228015154,0.00014214077248230964
272,4.551999999999721,0.8188502788543701,0.8724832534790039,-1.0,-0.6382632851600647,-0.4652097523212433,0.0011444661067798734,-1.0,5.654866776,5.654866776,-2.827433388,-5.654866776,-5.654866776,5.640543172607963,0.0,0.0,0.0,0.0,0.0,0.0,-3.541184305558009,1.8292451839319472,-2.783480673919156,-5.666689888284263,-5.652649627394164,5.638776439270333,0.0001419315349377357,-0.00013561836283485174,0.00014302535385214284,0.00014185894831084432,-0.00013636990233895262,0.00014227383026890481
273,4.567999999999719,0.8188642263412476,0.8724864721298218,-1.0,-0.6383512616157532,-0.46530401706695557,0.0011430038139224052,-1.0,5.654866776,5.654866776,-2.827433388,-5.654866776,-5.654866776,5.640733711343744,0.0,0.0,0.0,0.0,0.0,0.0,-3.541136724875257,1.8292449349038222,-2.7838217720232494,-5.666696613193272,-5.65264737441858,5.638937335944502,0.00014208699626235303,-0.00013575749625124384,0.00014317411737415744,0.00014199954784717428,-0.00013650154428610767,0.00014241367916881484
274,4.585999999999717,0.8188785910606384,0.8724900484085083,-1.0,-0.6384381651878357,-0.4653967320919037,0.001140679232776165,-1.0,5.654866776,5.654866776,-2.827433388,-5.654866776,-5.654866776,5.640923862571848,0.0,0.0,0.0,0.0,0.0,0.0,-3.541083225952993,1.8292446851235014,-2.7842048655548153,-5.66670422874019,-5.652644825224854,5.639120092959082,0.00014217853123902122,-0.0001359336383840958,0.0001433177469744499,0.0001422104666387401,-0.00013666449323514933,0.00014259661315919943
275,4.601999999999715,0.8188908696174622,0.8724950551986694,-1.0,-0.6385287642478943,-0.46549153327941895,0.0011383180972188711,-1.0,5.654866776,5.654866776,-2.827433388,-5.654866776,-5.654866776,5.641113620198654,0.0,0.0,0.0,0.0,0.0,0.0,-3.5410356921976716,1.8292444472445,-2.7845448998560363,-5.66671089584787,-5.652642588005977,5.6392839724429535,0.0001423635180646221,-0.0001360518383773148,0.0001434691077435594,0.00014233580001897774,-0.00013680126859626923,0.00014272875986422144
276,4.6179999999997134,0.8189043402671814,0.872499406337738,-1.0,-0.6386166214942932,-0.46558356285095215,0.001135091995820403,-1.0,5.654866776,5.654866776,-2.827433388,-5.654866776,-5.654866776,5.641302840034357,0.0,0.0,0.0,0.0,0.0,0.0,-3.5409881765374775,1.8292441984866892,-2.7848845049312985,-5.6667175844721935,-5.652640345684958,5.639449935900541,0.00014251908935286004,-0.00013619005216151036,0.00014361745284380384,0.00014247511671304595,-0.0001369321755951598,0.00014286767850283185
277,4.6359999999997115,0.8189188241958618,0.872503936290741,-1.0,-0.6387022733688354,-0.46567386388778687,0.0011314889416098595,-1.0,5.654866776,5.654866776,-2.827433388,-5.654866776,-5.654866776,5.641491459240924,0.0,0.0,0.0,0.0,0.0,0.0,-3.540934750453839,1.8292439487135879,-2.7852659266152404,-5.666725159033683,-5.65263780864024,5.639637755662197,0.0001426114449294872,-0.00013636498924411518,0.00014376081255963594,0.0001426841524523434,-0.00013709417729347532,0.00014304935205515387
278,4.65199999999971,0.8189312815666199,0.8725104928016663,-1.0,-0.6387923359870911,-0.46576589345932007,0.0011282173218205571,-1.0,5.654866776,5.654866776,-2.827433388,-5.654866776,-5.654866776,5.641679533068471,0.0,0.0,0.0,0.0,0.0,0.0,-3.5408872812292644,1.8292437109323922,-2.7856044815185736,-5.666731790776172,-5.652635582010853,5.639805604425471,0.0001427963621310621,-0.0001364824252416168,0.00014391175850610397,0.00014280829279129928,-0.00013723016308529566,0.00014318061334465056
279,4.667999999999708,0.8189449310302734,0.8725153207778931,-1.0,-0.6388781070709229,-0.4658556878566742,0.0011237445287406445,-1.0,5.654866776,5.654866776,-2.827433388,-5.654866776,-5.654866776,5.641866861281412,0.0,0.0,0.0,0.0,0.0,0.0,-3.540839829928357,1.8292434624456657,-2.785942612724056,-5.66673844422676,-5.652633350294937,5.639975055192051,0.00014295191837136425,-0.00013661975771999971,0.00014405965875251132,0.0001429464255246615,-0.00013736036314054514,0.00014331864972535273
280,4.685999999999706,0.8189591765403748,0.8725208044052124,-1.0,-0.6389625072479248,-0.465943843126297,0.0011191077064722776,-1.0,5.654866776,5.654866776,-2.827433388,-5.654866776,-5.654866776,5.642053416536081,0.0,0.0,0.0,0.0,0.0,0.0,-3.540786475944598,1.8292432126937173,-2.7863223839929123,-5.666745978921233,-5.65263082535239,5.640166266528063,0.00014304510206807392,-0.000136793486738795,0.00014420274745084125,0.00014315360790679823,-0.00013752143457421587,0.00014349907468736125
281,4.701999999999704,0.8189714550971985,0.8725274801254272,-1.0,-0.6390508413314819,-0.4660339057445526,0.0011143374722450972,-1.0,5.654866776,5.654866776,-2.827433388,-5.654866776,-5.654866776,5.642239176592704,0.0,0.0,0.0,0.0,0.0,0.0,-3.5407390706550856,1.829242975250495,-2.7866594772062228,-5.666752576702766,-5.652628609124179,5.640336676911904,0.0001432294604667571,-0.0001369103102038538,0.0001443531377430415,0.00014327689822990925,-0.00013765671258490647,0.00014362961374602142
282,4.717999999999702,0.8189849257469177,0.8725332617759705,-1.0,-0.6391353607177734,-0.46612200140953064,0.0011094845831394196,-1.0,5.654866776,5.654866776,-2.827433388,-5.654866776,-5.654866776,5.642424127672713,0.0,0.0,0.0,0.0,0.0,0.0,-3.540691683122239,1.8292427271379315,-2.7869961518594426,-5.6667591959276375,-5.652626387932367,5.640508283121859,0.00014338502303329917,-0.00013704675834827075,0.0001445005850527001,0.00014341387485247535,-0.0001377862211033195,0.00014376677789688794
283,4.7359999999997004,0.8189988136291504,0.872538685798645,-1.0,-0.6392190456390381,-0.46620842814445496,0.0011043656850233674,-1.0,5.654866776,5.654866776,-2.827433388,-5.654866776,-5.654866776,5.642608225432407,0.0,0.0,0.0,0.0,0.0,0.0,-3.54063840056248,1.8292424773641054,-2.7873742921969953,-5.6667666915966945,-5.6526238750447995,5.640701481883473,0.00014347916971363788,-0.00013721927524731976,0.00014464344857180046,0.0001436191395165725,-0.00013794633242886702,0.0001439459226215059
284,4.751999999999699,0.8190105557441711,0.8725461959838867,-1.0,-0.6393066048622131,-0.4662970304489136,0.0010987514397129416,-1.0,5.654866776,5.654866776,-2.827433388,-5.654866776,-5.654866776,5.642791387297407,0.0,0.0,0.0,0.0,0.0,0.0,-3.5405910586035434,1.8292422402180917,-2.7877099411267725,-5.666773256252402,-5.652621669135968,5.640873291213627,0.00014366287061039546,-0.0001373355457587691,0.00014479327404417886,0.00014374165111891672,-0.0001380809032095985,0.0001440757748017848
285,4.767999999999697,0.8190240859985352,0.8725522756576538,-1.0,-0.6393906474113464,-0.4663837254047394,0.0010937039041891694,-1.0,5.654866776,5.654866776,-2.827433388,-5.654866776,-5.654866776,5.642973707738236,0.0,0.0,0.0,0.0,0.0,0.0,-3.540543734251913,1.8292419925289143,-2.788045176338888,-5.6667798420848365,-5.652619458369689,5.641045964958242,0.0001438182787974465,-0.0001374711531875777,0.00014494022497132266,0.0001438775960518032,-0.0001382097587172657,0.00014421212662893263
286,4.785999999999695,0.819037139415741,0.8725583553314209,-1.0,-0.6394732594490051,-0.46646901965141296,0.0010876492597162724,-1.0,5.654866776,5.654866776,-2.827433388,-5.654866776,-5.654866776,5.64315501886983,0.0,0.0,0.0,0.0,0.0,0.0,-3.54049052250231,1.8292417429128436,-2.788421703920937,-5.666787299705201,-5.652616957392359,5.641240003552824,0.00014391317531484133,-0.0001376425073366976,0.0001450827881879504,0.00014408111861217393,-0.0001383689709008272,0.00014439007358728226
287,4.801999999999693,0.8190485835075378,0.8725656867027283,-1.0,-0.6395601034164429,-0.46655648946762085,0.0010820066090673208,-1.0,5.654866776,5.654866776,-2.827433388,-5.654866776,-5.654866776,5.643335389371562,0.0,0.0,0.0,0.0,0.0,0.0,-3.540443243325274,1.8292415061009533,-2.7887559245325693,-5.66679383195727,-5.6526147617045615,5.641412264806051,0.0001440962235105012,-0.00013775825393684554,0.00014523205108906738,0.0001442028731387835,-0.00013850282704176768,0.00014451924735574284
288,4.817999999999691,0.8190613985061646,0.8725726008415222,-1.0,-0.6396436095237732,-0.46664199233055115,0.0010763740865513682,-1.0,5.654866776,5.654866776,-2.827433388,-5.654866776,-5.654866776,5.64351482093179,0.0,0.0,0.0,0.0,0.0,0.0,-3.540395981645442,1.8292412589791638,-2.789089735320373,-5.66680038521901,-5.65261256121934,5.6415851157382635,0.0001442512193874039,-0.00013789310109235288,0.00014537843201164848,0.00014433797220581734,-0.00013863107773121053,0.00014465487715636677
289,4.835999999999689,0.8190745115280151,0.8725784420967102,-1.0,-0.6397249698638916,-0.46672630310058594,0.001070462865754962,-1.0,5.654866776,5.654866776,-2.827433388,-5.654866776,-5.654866776,5.643693267091511,0.0,0.0,0.0,0.0,0.0,0.0,-3.540342840108066,1.8292410094676634,-2.789464667361003,-5.666807805306923,-5.65261007209781,5.641779072461513,0.00014434704112342679,-0.0001380632626395735,0.0001455207464681425,0.00014453966433542487,-0.00013878936461750075,0.00014483158274014292
290,4.851999999999688,0.8190852403640747,0.8725863695144653,-1.0,-0.6398115158081055,-0.4668130874633789,0.001064772135578096,-1.0,5.654866776,5.654866776,-2.827433388,-5.654866776,-5.654866776,5.643870764606512,0.0,0.0,0.0,0.0,0.0,0.0,-3.54029562319697,1.829240773015557,-2.7897974746308507,-5.6668143057863585,-5.652607886523199,5.641951031103598,0.0001445292800302136,-0.00013817854855472885,0.00014566941308559342,0.00014466077121307998,-0.00013892252569614464,0.00014496013231354044
291,4.867999999999686,0.8190967440605164,0.8725928068161011,-1.0,-0.6398941278457642,-0.46689799427986145,0.001059022848494351,-1.0,5.654866776,5.654866776,-2.827433388,-5.654866776,-5.654866776,5.6440473037153565,0.0,0.0,0.0,0.0,0.0,0.0,-3.5402484236743166,1.8292405264735951,-2.790129875920793,-5.666820826997471,-5.652605696235027,5.642123366425183,0.00014468383298261008,-0.00013831264759528417,0.0001458152161826116,0.00014479506320739383,-0.00013905018583784402,0.00014509505890662565
292,4.885999999999684,0.8191092014312744,0.8725991249084473,-1.0,-0.6399756669998169,-0.46698155999183655,0.0010528642451390624,-1.0,5.654866776,5.654866776,-2.827433388,-5.654866776,-5.654866776,5.644222816185021,0.0,0.0,0.0,0.0,0.0,0.0,-3.5401953518101896,1.8292402772088352,-2.7905032283122853,-5.666828210291624,-5.652603218817413,5.642316523451394,0.0001447803490765243,-0.0001384816822298703,0.00014595721104088445,0.00014499509837200968,-0.00013920759837952686,0.00014527060653777717
293,4.901999999999682,0.8191195726394653,0.8726065158843994,-1.0,-0.6400614976882935,-0.4670676290988922,0.0010472438298165798,-1.0,5.654866776,5.654866776,-2.827433388,-5.654866776,-5.654866776,5.644397391731451,0.0,0.0,0.0,0.0,0.0,0.0,-3.5401481967058466,1.829240041229656,-2.790834635726486,-5.666834679578075,-5.652601043233192,5.642487593043348,0.00014496167668656302,-0.0001385965427174831,0.00014610524482174832,0.00014511564913859246,-0.00013934009099770612,0.00014539857500613527
294,4.91799999999968,0.8191308975219727,0.872613251209259,-1.0,-0.6401439905166626,-0.4671517610549927,0.0010418796446174383,-1.0,5.654866776,5.654866776,-2.827433388,-5.654866776,-5.654866776,5.644571073068209,0.0,0.0,0.0,0.0,0.0,0.0,-3.540101058878306,1.8292397952811177,-2.7911656408731953,-5.666841169155343,-5.652598863060168,5.642658877369806,0.00014511582609219562,-0.00013872990194907934,0.00014625048262756064,0.00014524912596656185,-0.0001394671531368094,0.0001455327946304609
295,4.935999999999678,0.8191424012184143,0.8726187944412231,-1.0,-0.6402249336242676,-0.46723467111587524,0.001035737106576562,-1.0,5.654866776,5.654866776,-2.827433388,-5.654866776,-5.654866776,5.644743730443875,0.0,0.0,0.0,0.0,0.0,0.0,-3.54004805617307,1.8292395462683009,-2.7915374284666035,-5.66684851613793,-5.652596397244348,5.642850692061079,0.00014521297247459074,-0.00013889784725062702,0.0001463921486690697,0.00014544755572242895,-0.00013962369759914597,0.00014570721091257556
296,4.951999999999677,0.8191523551940918,0.8726267218589783,-1.0,-0.6403101086616516,-0.46732059121131897,0.0010302800219506025,-1.0,5.654866776,5.654866776,-2.827433388,-5.654866776,-5.654866776,5.644915478123535,0.0,0.0,0.0,0.0,0.0,0.0,-3.540000962428955,1.8292393107951646,-2.7918674489626203,-5.666854954641898,-5.652594231558868,5.643020440064768,0.00014539331731027962,-0.00013901230400924054,0.00014653952998138224,0.00014556761123919024,-0.00013975554246943892,0.00014583462852381658
297,4.967999999999675,0.8191625475883484,0.8726332783699036,-1.0,-0.6403922438621521,-0.4674041271209717,0.0010252288775518537,-1.0,5.654866776,5.654866776,-2.827433388,-5.654866776,-5.654866776,5.645086383777422,0.0,0.0,0.0,0.0,0.0,0.0,-3.5399538858678734,1.8292390655156519,-2.7921970704501886,-5.666861413042219,-5.652592061390222,5.643190283189855,0.00014554694549832395,-0.00013914496033108105,0.00014668416651988721,0.0001457003662938813,-0.000139882034071842,0.00014596818635443198
298,4.985999999999673,0.8191739916801453,0.872639536857605,-1.0,-0.6404724717140198,-0.4674872159957886,0.001019575516693294,-1.0,5.654866776,5.654866776,-2.827433388,-5.654866776,-5.654866776,5.645256347016055,0.0,0.0,0.0,0.0,0.0,0.0,-3.539900951840057,1.8292388167805225,-2.7925673071630377,-5.666868724135204,-5.652589607074443,5.643380369581556,0.00014564470198069919,-0.00013931183921100007,0.00014682549990728604,0.00014589722010578812,-0.00014003771370959376,0.00014614148593118615
299,5.001999999999671,0.8191825151443481,0.872646689414978,-1.0,-0.6405569911003113,-0.46757224202156067,0.0010143655817955732,-1.0,5.654866776,5.654866776,-2.827433388,-5.654866776,-5.654866776,5.64542544175854,0.0,0.0,0.0,0.0,0.0,0.0,-3.5398539190357177,1.8292385818359655,-2.792895952879842,-5.666875132191108,-5.652587451204452,5.643548497220378,0.00014582403602683694,-0.00013942590674159719,0.0001469722224996086,0.00014601681074157132,-0.00014016892098265554,0.00014626836889495147
300,5.017999999999669,0.8191931843757629,0.8726530075073242,-1.0,-0.6406391263008118,-0.4676559567451477,0.0010094998870044947,-1.0,5.654866776,5.654866776,-2.827433388,-5.654866776,-5.654866776,5.645593725389704,0.0,0.0,0.0,0.0,0.0,0.0,-3.5398069033377966,1.8292383372921683,-2.793224202408813,-5.666881559819476,-5.652585290932167,5.643716637587674,0.00014597702529968015,-0.000139557897934608,0.0001471162240590709,0.00014614893380614997,-0.0001402948677932966,0.00014640130920456955
301,5.035999999999667,0.819202721118927,0.8726587295532227,-1.0,-0.6407193541526794,-0.46773841977119446,0.0010043415240943432,-1.0,5.654866776,5.654866776,-2.827433388,-5.654866776,-5.654866776,5.64576114912177,0.0,0.0,0.0,0.0,0.0,0.0,-3.53975403755589,1.8292380889379811,-2.79359290080419,-5.666888835489029,-5.652582847986143,5.643904741293739,0.00014607525039222848,-0.00013972375546192467,0.00014725718062156775,0.00014634432185115548,-0.00014044971420987574,0.00014657354561368796
302,5.051999999999666,0.8192110657691956,0.8726655840873718,-1.0,-0.6408039927482605,-0.4678235948085785,0.000999632989987731,-1.0,5.654866776,5.654866776,-2.827433388,-5.654866776,-5.654866776,5.6459277879412015,0.0,0.0,0.0,0.0,0.0,0.0,-3.5397070653095297,1.8292378545458317,-2.793920182702584,-5.66689521334835,-5.652580701859412,5.644071058354051,0.00014625361495628516,-0.00013983742895981176,0.00014740325328361858,0.00014646343700706457,-0.00014058028437466123,0.00014669988949046671
303,5.067999999999664,0.8192203640937805,0.8726720809936523,-1.0,-0.6408849954605103,-0.4679071009159088,0.0009949214290827513,-1.0,5.654866776,5.654866776,-2.827433388,-5.654866776,-5.654866776,5.6460936413434295,0.0,0.0,0.0,0.0,0.0,0.0,-3.539660110101957,1.829237610766849,-2.7942470709478635,-5.666901610508348,-5.652578551393927,5.644237337170967,0.00014640590436131037,-0.00013996878514779977,0.00014754660631562756,0.00014659497588807142,-0.00014070569550558897,0.00014683223692747862
304,5.085999999999662,0.8192299604415894,0.8726773262023926,-1.0,-0.6409655809402466,-0.4679895043373108,0.0009901970624923706,-1.0,5.654866776,5.654866776,-2.827433388,-5.654866776,-5.654866776,5.646258707193747,0.0,0.0,0.0,0.0,0.0,0.0,-3.5396073121680915,1.829237362879252,-2.794614242498838,-5.666908851153176,-5.65257611969612,5.644423311837337,0.00014650444115964684,-0.000140133669235744,0.0001476871407809662,0.00014678901268944775,-0.0001408597412645337,0.000147003466682334
305,5.10199999999966,0.8192374110221863,0.8726848363876343,-1.0,-0.6410496830940247,-0.46807441115379333,0.0009857543045654893,-1.0,5.654866776,5.654866776,-2.827433388,-5.654866776,-5.654866776,5.646423032436318,0.0,0.0,0.0,0.0,0.0,0.0,-3.539560400146751,1.829237129135433,-2.794940170175982,-5.666915199107589,-5.652573983217556,5.644587711291233,0.0001466817598607715,-0.00014024696431851592,0.00014783253286306978,0.00014690772013466397,-0.0001409897025874739,0.0001471293045021178
306,5.117999999999658,0.8192458152770996,0.8726901412010193,-1.0,-0.6411306262016296,-0.46815773844718933,0.0009816448437049985,-1.0,5.654866776,5.654866776,-2.827433388,-5.654866776,-5.654866776,5.646586672631764,0.0,0.0,0.0,0.0,0.0,0.0,-3.539513505086291,1.8292368861041313,-2.7952657067884448,-5.666921565951365,-5.652571842504717,5.644752048154313,0.00014683344231149122,-0.00014037767607624093,0.00014797526497665458,0.0001470386259082645,-0.0001411145609787517,0.0001472610360861637
307,5.135999999999656,0.8192546367645264,0.8726958632469177,-1.0,-0.6412105560302734,-0.4682403802871704,0.0009772279299795628,-1.0,5.654866776,5.654866776,-2.827433388,-5.654866776,-5.654866776,5.646749576527691,0.0,0.0,0.0,0.0,0.0,0.0,-3.5394607746315137,1.8292366387282173,-2.7956313619575686,-5.666928771893163,-5.652569421948823,5.644935829255595,0.0001469321421221552,-0.00014054164129486681,0.00014811534211943615,0.00014723141102023353,-0.00014126782732938798,0.00014743130975778938
308,5.151999999999655,0.8192611932754517,0.872702419757843,-1.0,-0.641294538974762,-0.46832552552223206,0.0009734603809192777,-1.0,5.654866776,5.654866776,-2.827433388,-5.654866776,-5.654866776,5.64691185237319,0.0,0.0,0.0,0.0,0.0,0.0,-3.53941392249738,1.8292364055997195,-2.7959559448666065,-5.666935090026811,-5.652567295082297,5.645098280445162,0.00014710852058481095,-0.00014065452790197608,0.00014826008268292208,0.00014734965393539546,-0.00014139717238574349,0.00014755661528791767
309,5.167999999999653,0.8192694187164307,0.872708261013031,-1.0,-0.6413761377334595,-0.4684087634086609,0.0009696873603388667,-1.0,5.654866776,5.654866776,-2.827433388,-5.654866776,-5.654866776,5.647073499256159,0.0,0.0,0.0,0.0,0.0,0.0,-3.5393670872592384,1.8292361633466336,-2.7962801390140744,-5.666941426805205,-5.652565164037598,5.645260665319843,0.00014725949611348792,-0.0001407846322842963,0.00014840216972189117,0.00014747999580019561,-0.000141521493976358,0.00014768776614133543
310,5.185999999999651,0.8192773461341858,0.8727132678031921,-1.0,-0.6414554119110107,-0.4684911072254181,0.0009654508903622627,-1.0,5.654866776,5.654866776,-2.827433388,-5.654866776,-5.654866776,5.647234439919583,0.0,0.0,0.0,0.0,0.0,0.0,-3.539314423940994,1.8292359165832952,-2.7966442875630575,-5.666948598386754,-5.65256275450811,5.645442260860562,0.00014735819722380176,-0.00014094772264849046,0.00014854173967599653,0.00014767164714136113,-0.00014167401761449772,0.00014785714169571085
311,5.201999999999649,0.819283127784729,0.8727197051048279,-1.0,-0.6415388584136963,-0.4685761034488678,0.0009620895143598318,-1.0,5.654866776,5.654866776,-2.827433388,-5.654866776,-5.654866776,5.647394820241626,0.0,0.0,0.0,0.0,0.0,0.0,-3.539267631408713,1.8292356841663007,-2.7969675337962934,-5.6669548869289335,-5.6525606371686985,5.645602782946184,0.00014753358218643137,-0.0001410602098430022,0.00014868580355283125,0.00014778947737423756,-0.000141802770620261,0.00014798194034340359
312,5.217999999999647,0.8192898035049438,0.8727245330810547,-1.0,-0.6416199803352356,-0.46865975856781006,0.0009586764499545097,-1.0,5.654866776,5.654866776,-2.827433388,-5.654866776,-5.654866776,5.647554631605834,0.0,0.0,0.0,0.0,0.0,0.0,-3.539220855712339,1.8292354427330255,-2.797290393276913,-5.666961193819662,-5.652558515721332,5.6457632463943845,0.0001476838529115802,-0.00014118971686217984,0.00014882724390437004,0.00014791926488045445,-0.0001419265567266729,0.0001481125158254655
313,5.235999999999645,0.819297194480896,0.8727298378944397,-1.0,-0.6416992545127869,-0.4687420427799225,0.0009551108814775944,-1.0,5.654866776,5.654866776,-2.827433388,-5.654866776,-5.654866776,5.647713848589776,0.0,0.0,0.0,0.0,0.0,0.0,-3.5391682592023304,1.829235196538494,-2.7976530441685976,-5.666968331162538,-5.652556117163733,5.6459427097880965,0.00014778259954980645,-0.0001413519416143724,0.00014896632881268996,0.00014810975503044884,-0.00014207832100635685,0.00014828098230083858
314,5.251999999999644,0.8193029165267944,0.8727360963821411,-1.0,-0.6417831182479858,-0.4688272476196289,0.0009522537002339959,-1.0,5.654866776,5.654866776,-2.827433388,-5.654866776,-5.654866776,5.647872589281604,0.0,0.0,0.0,0.0,0.0,0.0,-3.5391215259746205,1.8292349647857884,-2.7979749618452567,-5.666974590159524,-5.65255400932173,5.646101367136783,0.00014795704464342185,-0.00014146401437316428,0.00014910973611823703,0.000148227140191258,-0.00014220647879327326,0.00014840526109950362
315,5.267999999999642,0.819308876991272,0.8727410435676575,-1.0,-0.6418634057044983,-0.4689107835292816,0.0009492032695561647,-1.0,5.654866776,5.654866776,-2.827433388,-5.654866776,-5.654866776,5.648030821466639,0.0,0.0,0.0,0.0,0.0,0.0,-3.539074809522553,1.8292347241530431,-2.7982964948307774,-5.666980867298044,-5.652551897418577,5.646259989313854,0.0001481065900263186,-0.00014159293479673642,0.00014925052896508755,0.0001483563895554983,-0.00014232973427001552,0.00014853527081610813
316,5.28599999999964,0.8193156719207764,0.8727457523345947,-1.0,-0.6419427394866943,-0.4689936935901642,0.0009461381705477834,-1.0,5.654866776,5.654866776,-2.827433388,-5.654866776,-5.654866776,5.648188542699669,0.0,0.0,0.0,0.0,0.0,0.0,-3.539022279505735,1.829234478601433,-2.7986576568645503,-5.6669879707020225,-5.65254950972982,5.646437423884704,0.00014820521968427202,-0.0001417543402097803,0.00014938908246856926,0.00014854583160136447,-0.00014248077219799606,0.00014870288431085063
317,5.301999999999638,0.819320797920227,0.8727514147758484,-1.0,-0.6420267224311829,-0.4690789580345154,0.0009437359403818846,-1.0,5.654866776,5.654866776,-2.827433388,-5.654866776,-5.654866776,5.648345863480931,0.0,0.0,0.0,0.0,0.0,0.0,-3.538975605309875,1.8292342475599077,-2.7989782535444205,-5.666994200299051,-5.652547411326893,5.646594318394493,0.00014837874550062966,-0.00014186598720307284,0.00014953183149415942,0.0001486627730316138,-0.0001426083459149824,0.00014882664475386107
318,5.317999999999636,0.8193257451057434,0.8727566003799438,-1.0,-0.642106831073761,-0.46916213631629944,0.000940956873819232,-1.0,5.654866776,5.654866776,-2.827433388,-5.654866776,-5.654866776,5.648502720991797,0.0,0.0,0.0,0.0,0.0,0.0,-3.5389289478350734,1.8292340077581475,-2.7992984673554666,-5.667000447864918,-5.6525453088998665,5.6467512096434485,0.00014852754620654546,-0.00014199433727591246,0.0001496719721176726,0.0001487915037359562,-0.0001427310738946071,0.00014895609953175252
319,5.335999999999634,0.8193318843841553,0.8727606534957886,-1.0,-0.6421861052513123,-0.46924489736557007,0.0009379873517900705,-1.0,5.654866776,5.654866776,-2.827433388,-5.654866776,-5.654866776,5.64865908348334,0.0,0.0,0.0,0.0,0.0,0.0,-3.5388764840393505,1.8292337629623228,-2.799658148039975,-5.667007517634216,-5.652542931970014,5.646926741364138,0.000148625881033952,-0.00014215497200887394,0.00014980994028850698,0.00014898002218646274,-0.0001428814233198174,0.00014912292187648478
320,5.351999999999633,0.8193354606628418,0.8727662563323975,-1.0,-0.6422693729400635,-0.4693300724029541,0.0009358751121908426,-1.0,5.654866776,5.654866776,-2.827433388,-5.654866776,-5.654866776,5.648815093864542,0.0,0.0,0.0,0.0,0.0,0.0,-3.538829868645735,1.8292335327046172,-2.7999774299396227,-5.667013717977773,-5.6525408429413115,5.647081984256361,0.00014879847554484025,-0.00014226619099600528,0.00014995201830373672,0.00014909654259122462,-0.0001430084289429929,0.00014924617530035527
321,5.367999999999631,0.8193402886390686,0.8727713823318481,-1.0,-0.6423503756523132,-0.46941402554512024,0.0009337706724181771,-1.0,5.654866776,5.654866776,-2.827433388,-5.654866776,-5.654866776,5.648970753435634,0.0,0.0,0.0,0.0,0.0,0.0,-3.53878326990269,1.8292332936834093,-2.800296331000842,-5.667019935980529,-5.652538749967904,5.647237261161471,0.0001489466656504009,-0.00014239395030847104,0.00015009154861030945,0.00014922467204920607,-0.00014313060210388684,0.00014937503656428547
322,5.385999999999629,0.8193455338478088,0.872775137424469,-1.0,-0.6424287557601929,-0.4694964587688446,0.0009313360787928104,-1.0,5.654866776,5.654866776,-2.827433388,-5.654866776,-5.654866776,5.6491260071599685,0.0,0.0,0.0,0.0,0.0,0.0,-3.5387308720331716,1.8292330495437756,-2.8006545380436267,-5.667026972159267,-5.652536383767248,5.64741103275517,0.0001490447508846597,-0.00014255382411116583,0.00015022896152738218,0.00014941222879383763,-0.00014328024114776744,0.0001495410529246086
323,5.401999999999627,0.8193489909172058,0.8727803826332092,-1.0,-0.6425119638442993,-0.4695819020271301,0.0009296034695580602,-1.0,5.654866776,5.654866776,-2.827433388,-5.654866776,-5.654866776,5.649280972058344,0.0,0.0,0.0,0.0,0.0,0.0,-3.53868431517144,1.8292328200043508,-2.800972512335917,-5.667033143256663,-5.652534304097869,5.647564761600064,0.00014921647249701127,-0.00014266459245201876,0.00015037039034810674,0.00014952829082354977,-0.00014340667779405895,0.0001496637841265226
324,5.417999999999625,0.8193532824516296,0.8727850317955017,-1.0,-0.6425922513008118,-0.4696657061576843,0.0009276519995182753,-1.0,5.654866776,5.654866776,-2.827433388,-5.654866776,-5.654866776,5.6494356116466635,0.0,0.0,0.0,0.0,0.0,0.0,-3.5386377749095024,1.8292325818243265,-2.801290107458799,-5.667039331931642,-5.652532220497431,5.647718565085687,0.00014936390091069296,-0.00014279179840354062,0.00015050926675726204,0.00014965592222952655,-0.00014352832936598018,0.00014979210306361875
325,5.435999999999623,0.8193576335906982,0.8727886080741882,-1.0,-0.6426710486412048,-0.46974843740463257,0.0009255429031327367,-1.0,5.654866776,5.654866776,-2.827433388,-5.654866776,-5.654866776,5.649589899648616,0.0,0.0,0.0,0.0,0.0,0.0,-3.5385854427059575,1.8292323384573608,-2.8016468479510457,-5.667046334806421,-5.652529864926499,5.647890734475443,0.0001494616135156928,-0.00014295094064659464,0.00015064608010422777,0.0001498426125751019,-0.00014367729188950672,0.00014995735979241243
326,5.451999999999622,0.8193603754043579,0.8727940320968628,-1.0,-0.6427541971206665,-0.46983397006988525,0.0009239037171937525,-1.0,5.654866776,5.654866776,-2.827433388,-5.654866776,-5.654866776,5.649743914398272,0.0,0.0,0.0,0.0,0.0,0.0,-3.538538944160195,1.8292321097233855,-2.80196352040493,-5.667052476839245,-5.652527794545996,5.648043085258298,0.00014963243358376331,-0.00014306126511432187,0.0001507868430330556,0.0001499582484624686,-0.00014380317516218659,0.0001500795850613981
327,5.46799999999962,0.8193639516830444,0.8727987408638,-1.0,-0.6428344249725342,-0.46991801261901855,0.0009223218075931072,-1.0,5.654866776,5.654866776,-2.827433388,-5.654866776,-5.654866776,5.649897665443597,0.0,0.0,0.0,0.0,0.0,0.0,-3.5384924621557263,1.8292318723720076,-2.802279815360754,-5.667058636250784,-5.6525257202829025,5.648195550922722,0.00014977918632904595,-0.00014318790663107783,0.00015092509147052798,0.00015008533179855087,-0.00014392428916275537,0.00015020733897468954
328,5.485999999999618,0.8193677663803101,0.8728014826774597,-1.0,-0.6429130434989929,-0.4700005352497101,0.000920336926355958,-1.0,5.654866776,5.654866776,-2.827433388,-5.654866776,-5.654866776,5.6500510856092205,0.0,0.0,0.0,0.0,0.0,0.0,-3.5384401953761766,1.8292316297967668,-2.80263509553917,-5.667065605977566,-5.6525233752770045,5.64836626640081,0.00014987645092362533,-0.00014334634492837176,0.00015106128898364007,0.00015027120453300812,-0.00014407258711199468,0.00015037186223594042
329,5.501999999999616,0.8193696141242981,0.8728066682815552,-1.0,-0.6429957747459412,-0.4700862467288971,0.0009192245779559016,-1.0,5.654866776,5.654866776,-2.827433388,-5.654866776,-5.654866776,5.650204320346366,0.0,0.0,0.0,0.0,0.0,0.0,-3.538393754912936,1.8292314017948423,-2.802950472081392,-5.6670717189055715,-5.652521314182401,5.648517373400524,0.00015004651725758218,-0.00014345618721021386,0.00015120143069155176,0.0001503863226343756,-0.0001441978965006142,0.00015049353885286413
330,5.517999999999614,0.8193727135658264,0.8728107213973999,-1.0,-0.643075168132782,-0.4701699912548065,0.0009178012842312455,-1.0,5.654866776,5.654866776,-2.827433388,-5.654866776,-5.654866776,5.650357317820447,0.0,0.0,0.0,0.0,0.0,0.0,-3.5383473309354976,1.829231165252642,-2.8032654727962654,-5.667077849159861,-5.652519249213385,5.648668635591878,0.0001501925528322376,-0.00014358228306238726,0.0001513390466748354,0.0001505128821278775,-0.00014431847716853157,0.00015062074178587412
331,5.535999999999612,0.8193759918212891,0.8728141188621521,-1.0,-0.6431534886360168,-0.4702525734901428,0.0009158356115221977,-1.0,5.654866776,5.654866776,-2.827433388,-5.654866776,-5.654866776,5.650509987616887,0.0,0.0,0.0,0.0,0.0,0.0,-3.5382951293298883,1.8292309235044184,-2.8036192991620554,-5.66708478591652,-5.652516914707215,5.648838045963374,0.0001502892904722063,-0.00014374003569707984,0.0001514746053933181,0.000150697994261442,-0.0001444661318893081,0.00015078456068442047
332,5.551999999999611,0.8193775415420532,0.872818648815155,-1.0,-0.6432363390922546,-0.47033819556236267,0.0009149740217253566,-1.0,5.654866776,5.654866776,-2.827433388,-5.654866776,-5.654866776,5.650662513786309,0.0,0.0,0.0,0.0,0.0,0.0,-3.538248746738723,1.8292306962916554,-2.8039333852482136,-5.667090869890505,-5.652514862841168,5.648988035802277,0.00015045856589414097,-0.00014384940074451758,0.0001516141094311912,0.00015081262885033368,-0.00014459088497733672,0.00015090570601932369
333,5.567999999999609,0.8193795680999756,0.8728228807449341,-1.0,-0.6433159112930298,-0.47042205929756165,0.0009139294270426035,-1.0,5.654866776,5.654866776,-2.827433388,-5.654866776,-5.654866776,5.650814865821797,0.0,0.0,0.0,0.0,0.0,0.0,-3.538202380569216,1.8292304605398064,-2.8042470972751876,-5.667096971048848,-5.6525128071365325,5.64913821960849,0.00015060396868720328,-0.0001439749370493387,0.00015175111791957156,0.00015093861562811227,-0.000144710918385688,0.00015103233554693898
334,5.585999999999607,0.81938236951828,0.8728259801864624,-1.0,-0.6433942317962646,-0.47050511837005615,0.0009126689983531833,-1.0,5.654866776,5.654866776,-2.827433388,-5.654866776,-5.654866776,5.650967007743822,0.0,0.0,0.0,0.0,0.0,0.0,-3.5381502438602443,1.8292302194868852,-2.80459947680871,-5.6671038748368145,-5.6525104831226285,5.649306473782051,0.00015070032002194707,-0.00014413199042255498,0.00015188609481953563,0.0001511228686008305,-0.00014485789107967259,0.0001511954057167463
335,5.601999999999605,0.8193835616111755,0.8728307485580444,-1.0,-0.6434769034385681,-0.4705905318260193,0.0009118398884311318,-1.0,5.654866776,5.654866776,-2.827433388,-5.654866776,-5.654866776,5.651119011453224,0.0,0.0,0.0,0.0,0.0,0.0,-3.5381039188961596,1.8292299930261664,-2.8049122787747045,-5.667109929940955,-5.652508440455342,5.649455482587338,0.00015086878306699058,-0.00014424087786357533,0.0001520249618264789,0.0001512370311820837,-0.00014498209885408026,0.00015131602872990612
336,5.617999999999603,0.8193857073783875,0.872833788394928,-1.0,-0.6435564160346985,-0.4706742465496063,0.0009107128717005253,-1.0,5.654866776,5.654866776,-2.827433388,-5.654866776,-5.654866776,5.651270827288936,0.0,0.0,0.0,0.0,0.0,0.0,-3.53805761030782,1.8292297581339616,-2.8052247080869903,-5.667116002245158,-5.652506393938854,5.6496047219533185,0.00015101342039365058,-0.00014436588187108086,0.00015216132115015323,0.00015136253972734698,-0.00014510161988812224,0.0001514421314123947
337,5.635999999999601,0.8193875551223755,0.8728369474411011,-1.0,-0.6436343789100647,-0.4707571268081665,0.000909293768927455,-1.0,5.654866776,5.654866776,-2.827433388,-5.654866776,-5.654866776,5.651422406560217,0.0,0.0,0.0,0.0,0.0,0.0,-3.5380055382866944,1.8292295179868083,-2.8055756463115875,-5.667122873449923,-5.65250408029127,5.649771954355563,0.00015110915440979928,-0.00014452228340294663,0.00015229563238506114,0.000151546104287156,-0.00014524797226311896,0.0001516045350052062
338,5.6519999999996,0.8193878531455994,0.8728412985801697,-1.0,-0.6437163949012756,-0.47084254026412964,0.000908685615286231,-1.0,5.654866776,5.654866776,-2.827433388,-5.654866776,-5.654866776,5.651573884452285,0.0,0.0,0.0,0.0,0.0,0.0,-3.5379592707635275,1.8292292923299087,-2.8058871687709264,-5.667128899802185,-5.652502046774061,5.649920090909762,0.0001512768903263113,-0.00014463067860112882,0.00015243387796488287,0.00015165975512731008,-0.00014537162511665282,0.00015172461617316555
339,5.667999999999598,0.8193895220756531,0.8728452324867249,-1.0,-0.6437957286834717,-0.47092631459236145,0.0009080292657017708,-1.0,5.654866776,5.654866776,-2.827433388,-5.654866776,-5.654866776,5.651725252930877,0.0,0.0,0.0,0.0,0.0,0.0,-3.5379130195444395,1.8292290581900588,-2.8061983204375567,-5.6671349431950935,-5.652500009450923,5.6500684929427,0.00015142096020534867,-0.00014475512008509537,0.00015256965571747063,0.00015178465350528146,-0.0001454905877181219,0.0001518501309520999
340,5.685999999999596,0.8193907141685486,0.8728479743003845,-1.0,-0.6438736319541931,-0.4710090756416321,0.0009066982893273234,-1.0,5.654866776,5.654866776,-2.827433388,-5.654866776,-5.654866776,5.651876399535708,0.0,0.0,0.0,0.0,0.0,0.0,-3.5378610119549396,1.8292288188274155,-2.806547823602502,-5.667141781829769,-5.652497706157847,5.650234825527,0.00015151611784266312,-0.00014491087257857653,0.00015270333202304663,0.00015196749051668467,-0.0001456363021478097,0.00015201185324567373
341,5.701999999999594,0.8193904161453247,0.8728522658348083,-1.0,-0.6439554691314697,-0.4710944890975952,0.0009060583543032408,-1.0,5.654866776,5.654866776,-2.827433388,-5.654866776,-5.654866776,5.652027439463371,0.0,0.0,0.0,0.0,0.0,0.0,-3.5378148016499726,1.8292285939637665,-2.806858072162784,-5.667147779529095,-5.652495681755671,5.650382196012609,0.0001516830751708301,-0.0001450187770067137,0.00015284094320604488,0.00015208066481923132,-0.00014575942089703014,0.00015213141153425216
342,5.717999999999592,0.8193915486335754,0.8728558421134949,-1.0,-0.6440342664718628,-0.47117820382118225,0.0009055263362824917,-1.0,5.654866776,5.654866776,-2.827433388,-5.654866776,-5.654866776,5.65217839070363,0.0,0.0,0.0,0.0,0.0,0.0,-3.537768607591227,1.8292283606386281,-2.807167951499937,-5.667153794210584,-5.652493653561265,5.650529860661099,0.00015182648968798412,-0.0001451426733591688,0.00015297610886139988,0.00015220501971317064,-0.0001458778510102885,0.00015225637090621414
343,5.73599999999959,0.81939297914505,0.8728587031364441,-1.0,-0.6441122889518738,-0.47126084566116333,0.0009044789476320148,-1.0,5.654866776,5.654866776,-2.827433388,-5.654866776,-5.654866776,5.6523291673442,0.0,0.0,0.0,0.0,0.0,0.0,-3.537716664193492,1.8292281220683408,-2.80751602561036,-5.667160600407779,-5.65249136057773,5.6506954018387425,0.0001519211256269854,-0.00014529777000841246,0.0001531091643975507,0.0001523871025563562,-0.00014602292069163718,0.00015241739995574538
344,5.7519999999995886,0.819391667842865,0.8728624582290649,-1.0,-0.6441936492919922,-0.4713461995124817,0.0009039128781296313,-1.0,5.654866776,5.654866776,-2.827433388,-5.654866776,-5.654866776,5.652479849620984,0.0,0.0,0.0,0.0,0.0,0.0,-3.53767051088644,1.8292278979636334,-2.8078250057374765,-5.667166569528976,-5.652489345264181,5.650842100811165,0.00015208736756845606,-0.00014540517508350684,0.0001532461644284948,0.00015249976040177673,-0.000146145493615022,0.00015253641841452977
345,5.767999999999587,0.8193921446800232,0.872866153717041,-1.0,-0.6442726254463196,-0.4714297354221344,0.0009033293463289738,-1.0,5.654866776,5.654866776,-2.827433388,-5.654866776,-5.654866776,5.652630434623017,0.0,0.0,0.0,0.0,0.0,0.0,-3.537624373771968,1.8292276654540987,-2.808133618134722,-5.667172555644736,-5.652487326151664,5.650989119059117,0.00015223008803662465,-0.00014552853886956398,0.00015338071110381168,0.0001526235979860961,-0.00014626340042047918,0.00015266083717696143
346,5.785999999999585,0.8193928599357605,0.8728683590888977,-1.0,-0.6443500518798828,-0.4715123176574707,0.0009024119935929775,-1.0,5.654866776,5.654866776,-2.827433388,-5.654866776,-5.654866776,5.652780866702349,0.0,0.0,0.0,0.0,0.0,0.0,-3.53757249433122,1.8292274277100609,-2.8084802690544115,-5.667179329589295,-5.652485043417922,5.651153964624226,0.00015232415521806557,-0.00014568298932216727,0.0001535131305895971,0.00015280496479160529,-0.0001464078422628238,0.00015282119262814312
347,5.801999999999583,0.819391131401062,0.8728722929954529,-1.0,-0.6444315314292908,-0.4715973436832428,0.000902150000911206,-1.0,5.654866776,5.654866776,-2.827433388,-5.654866776,-5.654866776,5.652931255107501,0.0,0.0,0.0,0.0,0.0,0.0,-3.5375263978039544,1.8292272043334128,-2.8087879861287615,-5.667185270200621,-5.6524830371690475,5.651300075036205,0.00015248976946017443,-0.00014578987720988677,0.00015364954577092168,0.00015291705480696225,-0.00014652985665051908,0.00015293964763514071
348,5.817999999999581,0.8193915486335754,0.8728760480880737,-1.0,-0.6445097327232361,-0.47168096899986267,0.0009017187403514981,-1.0,5.654866776,5.654866776,-2.827433388,-5.654866776,-5.654866776,5.6530815716215175,0.0,0.0,0.0,0.0,0.0,0.0,-3.5374803174037557,1.8292269725744328,-2.8090953372650245,-5.66719122781174,-5.652481027119101,5.651446531039704,0.0001526318693963662,-0.00014591270005185743,0.00015378350310040392,0.00015304032561268063,-0.0001466472231912641,0.0001530635043240681
349,5.835999999999579,0.8193915486335754,0.8728784918785095,-1.0,-0.6445875763893127,-0.4717634916305542,0.000900610932148993,-1.0,5.654866776,5.654866776,-2.827433388,-5.654866776,-5.654866776,5.653231703463907,0.0,0.0,0.0,0.0,0.0,0.0,-3.537428501674025,1.8292267356831735,-2.8094405711747372,-5.667197969724157,-5.652478754568718,5.6516107715273565,0.0001527252594907634,-0.00014606653158846377,0.0001539152591259644,0.0001532210483856886,-0.00014679106136135814,0.00015322322334270362
350,5.8519999999995775,0.8193897008895874,0.8728824853897095,-1.0,-0.6446685194969177,-0.4718485176563263,0.0009001995204016566,-1.0,5.654866776,5.654866776,-2.827433388,-5.654866776,-5.654866776,5.653381766723958,0.0,0.0,0.0,0.0,0.0,0.0,-3.537382461728027,1.829226513128685,-2.8097470301843197,-5.667203882066676,-5.65247675730912,5.651756364290227,0.00015289013637778716,-0.00014617292186589254,0.00015405104989119308,0.00015333265404987565,-0.00014691255081874496,0.0001533411555696521
351,5.867999999999576,0.819389283657074,0.8728854656219482,-1.0,-0.6447468400001526,-0.47193172574043274,0.0009000770514830947,-1.0,5.654866776,5.654866776,-2.827433388,-5.654866776,-5.654866776,5.65353180956844,0.0,0.0,0.0,0.0,0.0,0.0,-3.537336437839946,1.8292262821365752,-2.8100531249907506,-5.667209811287048,-5.652474756282902,5.6519023226931955,0.0001530316852643799,-0.0001462951901516302,0.00015418443344983852,0.00015345532395373703,-0.00014702937009806192,0.0001534644339783994
352,5.885999999999574,0.8193894028663635,0.8728881478309631,-1.0,-0.6448239684104919,-0.4720144271850586,0.0008991160430014133,-1.0,5.654866776,5.654866776,-2.827433388,-5.654866776,-5.654866776,5.653681692212809,0.0,0.0,0.0,0.0,0.0,0.0,-3.5372846855760938,1.8292260460222671,-2.8103969477929445,-5.6672165212187355,-5.652472493897175,5.652066029170388,0.00015312451158662414,-0.0001464483908246351,0.00015431556846967612,0.00015363532716545456,-0.0001471725765047258,0.00015362348268375937
353,5.901999999999572,0.8193868398666382,0.8728914856910706,-1.0,-0.6449046730995178,-0.47209906578063965,0.0008986829780042171,-1.0,5.654866776,5.654866776,-2.827433388,-5.654866776,-5.654866776,5.653831502665242,0.0,0.0,0.0,0.0,0.0,0.0,-3.5372387019830676,1.8292258242191926,-2.8107021543060213,-5.667222405341958,-5.652470505611204,5.652211167882803,0.0001532887019183194,-0.00014655427386489644,0.0001544507586508167,0.00015374641220205492,-0.0001472935320441522,0.00015374087748016286
354,5.91799999999957,0.8193858861923218,0.872894823551178,-1.0,-0.6449829936027527,-0.4721822738647461,0.0008982975268736482,-1.0,5.654866776,5.654866776,-2.827433388,-5.654866776,-5.654866776,5.653981248862972,0.0,0.0,0.0,0.0,0.0,0.0,-3.5371927343987393,1.829225594054439,-2.8110069979693897,-5.6672283064110385,-5.6524685135363555,5.652356685199259,0.00015342954156725153,-0.00014667602250818484,0.0001545835227815247,0.00015386858777422768,-0.00014740984051952509,0.00015386363053669934
355,5.935999999999568,0.8193852305412292,0.8728972673416138,-1.0,-0.6450594663619995,-0.4722645878791809,0.0008976516546681523,-1.0,5.654866776,5.654866776,-2.827433388,-5.654866776,-5.654866776,5.654130887393805,0.0,0.0,0.0,0.0,0.0,0.0,-3.537141045363249,1.8292253587340004,-2.8113494155031433,-5.667234984500743,-5.652466261271706,5.652519916165083,0.0001535218579584681,-0.00014682857619750938,0.00015471404647556005,0.0001540478495549123,-0.00014755241619878842,0.00015402199848122528
356,5.9519999999995665,0.8193828463554382,0.8729012608528137,-1.0,-0.6451396942138672,-0.47234877943992615,0.0008973028743639588,-1.0,5.654866776,5.654866776,-2.827433388,-5.654866776,-5.654866776,5.654280467782962,0.0,0.0,0.0,0.0,0.0,0.0,-3.537095117905667,1.829225137655193,-2.8116533748135204,-5.667240840505323,-5.652464281928392,5.652664650153647,0.0001536854174288628,-0.00014693394868257358,0.00015484865664300401,0.00015415837974789152,-0.00014767282519996487,0.00015413884110287187
357,5.967999999999565,0.8193812966346741,0.872904360294342,-1.0,-0.6452175378799438,-0.4724322259426117,0.0008969794725999236,-1.0,5.654866776,5.654866776,-2.827433388,-5.654866776,-5.654866776,5.654429994261044,0.0,0.0,0.0,0.0,0.0,0.0,-3.53704920639204,1.829224908239311,-2.8119569730184857,-5.6672467134684235,-5.652462298792531,5.652809777959068,0.00015382564565583434,-0.0001470551606763711,0.00015498083824266951,0.00015427999602951308,-0.0001477886032834696,0.00015426103995223886
358,5.985999999999563,0.819380521774292,0.8729060888290405,-1.0,-0.6452943086624146,-0.4725140333175659,0.0008961617713794112,-1.0,5.654866776,5.654866776,-2.827433388,-5.654866776,-5.654866776,5.654579384428333,0.0,0.0,0.0,0.0,0.0,0.0,-3.536997580340991,1.8292246737550688,-2.8122979913517456,-5.667253359965155,-5.652460056576036,5.652972586025826,0.00015391731290501066,-0.00014720710028667035,0.0001551107132942415,0.00015445860907872672,-0.0001479305795646996,0.00015441877412509882
359,6.001999999999561,0.8193773627281189,0.8729105591773987,-1.0,-0.6453745365142822,-0.4725985527038574,0.0008958890102803707,-1.0,5.654866776,5.654866776,-2.827433388,-5.654866776,-5.654866776,5.654728729126346,0.0,0.0,0.0,0.0,0.0,0.0,-3.5369517088054905,1.8292244534324387,-2.8126007087286604,-5.66725918801656,-5.652458086125806,5.653116957516229,0.00015408024243621747,-0.00014731195824032036,0.00015524473862488418,0.0001545685951965819,-0.0001480504523197245,0.00015453507001341965
360,6.017999999999559,0.8193755745887756,0.8729134202003479,-1.0,-0.6454518437385559,-0.47268146276474,0.0008954562363214791,-1.0,5.654866776,5.654866776,-2.827433388,-5.654866776,-5.654866776,5.654866776,0.0,0.0,0.0,0.0,0.0,0.0,-3.536905855865045,1.829224236124611,-2.812903000568427,-5.667265048000751,-5.652456107129625,5.6532608128039605,0.00015420129460607423,-0.00014743670763846695,0.0001553703464979616,0.00015470208856708276,-0.0001481695895755987,0.00015466267193219762
361,6.035999999999557,0.819374144077301,0.8729156255722046,-1.0,-0.6455281376838684,-0.4727625548839569,0.0008947518654167652,-1.0,5.654866776,5.654866776,-2.827433388,-5.654866776,-5.654866776,5.654866776,0.0,0.0,0.0,0.0,0.0,0.0,-3.536854331183745,1.8292241459907972,-2.8132416539440754,-5.667271811934908,-5.65245382507631,5.653408616629885,0.0001541054166501566,-0.0001476214296488269,0.00015543380836780167,0.00015500963121854237,-0.00014835717759463022,0.00015488146521417585
362,6.0519999999995555,0.8193721771240234,0.8729221224784851,-1.0,-0.6456055045127869,-0.4728383421897888,0.0008945678710006177,-1.0,5.654866776,5.654866776,-2.827433388,-5.654866776,-5.654866776,5.654866776,0.0,0.0,0.0,0.0,0.0,0.0,-3.5368085563414735,1.8292239967226551,-2.8135419133433777,-5.667277650824328,-5.652451844287862,5.653528539265446,0.0001542558037950166,-0.0001477300236390789,0.00015555440364644108,0.00015513599487295104,-0.0001484808634257975,0.00015500327041785935
363,6.067999999999554,0.8193722367286682,0.8729278445243835,-1.0,-0.6456781029701233,-0.47290849685668945,0.0008965262677520514,-1.0,5.654866776,5.654866776,-2.827433388,-5.654866776,-5.654866776,5.654866776,0.0,0.0,0.0,0.0,0.0,0.0,-3.5367627978286804,1.8292237843977937,-2.8138416701141526,-5.667283418448532,-5.652449883877594,5.653638598982142,0.00015442392663622852,-0.00014784748827599602,0.0001556917955687917,0.00015523811741157778,-0.00014858718843591796,0.00015511511794655426
364,6.085999999999552,0.8193722367286682,0.8729324340820312,-1.0,-0.6457486748695374,-0.472976416349411,0.0009011601214297116,-1.0,5.654866776,5.654866776,-2.827433388,-5.654866776,-5.654866776,5.654866776,0.0,0.0,0.0,0.0,0.0,0.0,-3.5367113372265435,1.8292235166885922,-2.8141784628454514,-5.6672898591514596,-5.6524476928686305,5.653751633981657,0.00015459062016658708,-0.00014797715174065355,0.0001558431799695135,0.00015536294132204706,-0.0001487136133368283,0.00015524641487359354
365,6.10199999999955,0.8193698525428772,0.8729372620582581,-1.0,-0.6458227634429932,-0.4730476438999176,0.0009096676949411631,-1.0,5.654866776,5.654866776,-2.827433388,-5.654866776,-5.654866776,5.654866776,0.0,0.0,0.0,0.0,0.0,0.0,-3.5366656097851696,1.8292232757551183,-2.8144775183010866,-5.6672955692208955,-5.6524457511009985,5.653843344817778,0.00015473338209946185,-0.00014808947712721945,0.0001559747570527687,0.0001554782690258468,-0.00014882943721675353,0.00015536456071022398
366,6.117999999999548,0.8193679451942444,0.8729400634765625,-1.0,-0.6458943486213684,-0.47311797738075256,0.0009193609585054219,-1.0,5.654866776,5.654866776,-2.827433388,-5.654866776,-5.654866776,5.654866776,0.0,0.0,0.0,0.0,0.0,0.0,-3.5366198969280807,1.82922303874685,-2.8147762903140605,-5.667301278907996,-5.652443811189979,5.653927512478675,0.00015487532245039398,-0.00014820230715155118,0.0001561053396069643,0.00015559450774745167,-0.00014894508534028035,0.00015548286687244015
367,6.135999999999546,0.8193649649620056,0.8729416728019714,-1.0,-0.6459655165672302,-0.47318941354751587,0.0009310620371252298,-1.0,5.654866776,5.654866776,-2.827433388,-5.654866776,-5.654866776,5.654866776,0.0,0.0,0.0,0.0,0.0,0.0,-3.536568487802102,1.8292227769883065,-2.815112060327918,-5.667307706103276,-5.652441629734045,5.654013955062961,0.00015503340446977368,-0.00014833024124014303,0.00015625162100112316,0.0001557262709241521,-0.00014907492227769924,0.0001556164177294303
368,6.1519999999995445,0.8193591237068176,0.8729426860809326,-1.0,-0.6460418105125427,-0.47326546907424927,0.0009461999870836735,-1.0,5.654866776,5.654866776,-2.827433388,-5.654866776,-5.654866776,5.654866776,0.0,0.0,0.0,0.0,0.0,0.0,-3.5365228069807095,1.8292225472559045,-2.815410200070438,-5.667313421641359,-5.652439691557446,5.654084089981239,0.00015517227123129998,-0.0001484443870026404,0.00015638108309390985,0.00015584444075182518,-0.00014919049983815302,0.00015573559042467573
369,6.167999999999543,0.8193534016609192,0.8729422092437744,-1.0,-0.6461156606674194,-0.47334209084510803,0.0009621292119845748,-1.0,5.654866776,5.654866776,-2.827433388,-5.654866776,-5.654866776,5.654866776,0.0,0.0,0.0,0.0,0.0,0.0,-3.536477140419085,1.829222318009688,-2.8157080295998953,-5.667319133656287,-5.6524377556430645,5.654148456300733,0.00015530945723423557,-0.00014855877700112303,0.00015650983872347583,0.00015596349120774487,-0.0001493062133046946,0.0001558550586391154
370,6.185999999999541,0.8193475008010864,0.8729403018951416,-1.0,-0.6461895108222961,-0.47341927886009216,0.0009789264295250177,-1.0,5.654866776,5.654866776,-2.827433388,-5.654866776,-5.654866776,5.654866776,0.0,0.0,0.0,0.0,0.0,0.0,-3.536425772695506,1.8292220501049703,-2.816042746367393,-5.667325539553407,-5.652435584492538,5.654214562562766,0.00015546193795499568,-0.00014868739806867562,0.0001566536451800333,0.00015609793923145957,-0.00014943624829134172,0.00015598943254490358
371,6.201999999999539,0.8193390369415283,0.8729379177093506,-1.0,-0.6462680101394653,-0.47350186109542847,0.0009990283288061619,-1.0,5.654866776,5.654866776,-2.827433388,-5.654866776,-5.654866776,5.654866776,0.0,0.0,0.0,0.0,0.0,0.0,-3.5363801145627263,1.8292218036137848,-2.8163399990141817,-5.66733122214025,-5.65243365862296,5.6542681978075775,0.000155596399584761,-0.00014880170124040236,0.00015678090143760232,0.00015621783726973748,-0.00014955165935446915,0.00015610889135385115
372,6.217999999999537,0.8193303942680359,0.8729339838027954,-1.0,-0.6463449001312256,-0.47358372807502747,0.0010192752815783024,-1.0,5.654866776,5.654866776,-2.827433388,-5.654866776,-5.654866776,5.654866776,0.0,0.0,0.0,0.0,0.0,0.0,-3.5363344577420968,1.8292215544696242,-2.816637011062491,-5.667336898561083,-5.652431735231913,5.654317421607769,0.00015572973373667592,-0.0001489161146733131,0.00015690768342609034,0.00015633828360068358,-0.00014966704147831628,0.00015622850669777492
373,6.235999999999535,0.8193221688270569,0.8729293942451477,-1.0,-0.646420955657959,-0.47366631031036377,0.0010403991909697652,-1.0,5.654866776,5.654866776,-2.827433388,-5.654866776,-5.654866776,5.654866776,0.0,0.0,0.0,0.0,0.0,0.0,-3.5362830953690514,1.8292212745312926,-2.8169708688675414,-5.667343280986831,-5.65242957332492,5.654367975888874,0.00015587852111784237,-0.0001490450003562824,0.0001570498209860958,0.00015647447558046274,-0.00014979691009432103,0.00015636331573582875
374,6.2519999999995335,0.8193109035491943,0.8729239702224731,-1.0,-0.6465017199516296,-0.47375383973121643,0.0010643828427419066,-1.0,5.654866776,5.654866776,-2.827433388,-5.654866776,-5.654866776,5.654866776,0.0,0.0,0.0,0.0,0.0,0.0,-3.5362374414292272,1.829221026972072,-2.817267380479796,-5.667348952615979,-5.652427652868039,5.6544089929620585,0.00015600981348288495,-0.00014915973726896495,0.00015717577643850926,0.0001565961156912405,-0.00014991242473330813,0.00015648336225251337
375,6.267999999999532,0.8192999362945557,0.8729174733161926,-1.0,-0.6465801000595093,-0.473840594291687,0.0010882447240874171,-1.0,5.654866776,5.654866776,-2.827433388,-5.654866776,-5.654866776,5.654866776,0.0,0.0,0.0,0.0,0.0,0.0,-3.5361917890415686,1.8292207806036744,-2.8175636519565788,-5.667354622770392,-5.652425733493212,5.654446636371888,0.00015614028217519207,-0.00014927462682319122,0.0001573013932635277,0.00015671824524872156,-0.00015002800301161482,0.00015660359018342587
376,6.28599999999953,0.8192891478538513,0.8729103803634644,-1.0,-0.646658182144165,-0.47392740845680237,0.001112182391807437,-1.0,5.654866776,5.654866776,-2.827433388,-5.654866776,-5.654866776,5.654866776,0.0,0.0,0.0,0.0,0.0,0.0,-3.536140432107365,1.8292205045871743,-2.817896665163596,-5.6673609992916125,-5.652423575581142,5.6544852972237285,0.00015628615668749875,-0.00014940403003007197,0.00015744232978039758,0.00015685615111469368,-0.00015015808350619985,0.000156739026475304
377,6.301999999999528,0.8192763328552246,0.8729029893875122,-1.0,-0.6467406749725342,-0.4740186333656311,0.0011391631560400128,-1.0,5.654866776,5.654866776,-2.827433388,-5.654866776,-5.654866776,5.654866776,0.0,0.0,0.0,0.0,0.0,0.0,-3.536094783389232,1.8292202600621261,-2.818192413138328,-5.667366664503628,-5.652421658783277,5.654516664588554,0.00015641508038050631,-0.0001495191627179194,0.00015756728266942018,0.00015697912784788114,-0.0001502737395326047,0.0001568595429808727
378,6.317999999999526,0.819263219833374,0.8728947639465332,-1.0,-0.6468203067779541,-0.47410938143730164,0.0011657030554488301,-1.0,5.654866776,5.654866776,-2.827433388,-5.654866776,-5.654866776,5.654866776,0.0,0.0,0.0,0.0,0.0,0.0,-3.5360491365398667,1.829220016205239,-2.818487909658489,-5.667372326521484,-5.652419743348259,5.654545451980637,0.00015654335302240708,-0.00014963437363503526,0.0001576919437633061,0.00015710242744594805,-0.00015038940650565256,0.00015698015557050478
379,6.335999999999524,0.819251298904419,0.87288498878479,-1.0,-0.6469000577926636,-0.4741997718811035,0.0011921718250960112,-1.0,5.654866776,5.654866776,-2.827433388,-5.654866776,-5.654866776,5.654866776,0.0,0.0,0.0,0.0,0.0,0.0,-3.535997786163456,1.8292197425990524,-2.8188200393812757,-5.667378691939092,-5.652417590203331,5.654575017452407,0.00015668693242724285,-0.00014976405598985092,0.0001578318532230377,0.00015724147631565385,-0.00015051952874823207,0.0001571159341555734
380,6.3519999999995225,0.819236159324646,0.8728762269020081,-1.0,-0.6469836235046387,-0.47429415583610535,0.0012214722810313106,-1.0,5.654866776,5.654866776,-2.827433388,-5.654866776,-5.654866776,5.654866776,0.0,0.0,0.0,0.0,0.0,0.0,-3.53595214353172,1.8292195000079856,-2.8191149930941863,-5.667384345826144,-5.652415677890494,5.654599005309412,0.00015681395369804033,-0.00014987937336559683,0.00015795593218352686,0.0001573653357425146,-0.0001506351778058355,0.00015723668580759306
381,6.367999999999521,0.8192220330238342,0.8728665113449097,-1.0,-0.6470649242401123,-0.47438767552375793,0.0012499820441007614,-1.0,5.654866776,5.654866776,-2.827433388,-5.654866776,-5.654866776,5.654866776,0.0,0.0,0.0,0.0,0.0,0.0,-3.5359065029871606,1.8292192579660542,-2.8194096879192267,-5.667389995384573,-5.652413767130525,5.654621020160285,0.00015694044196584893,-0.00014999471712209977,0.0001580797536000837,0.00015748940692556472,-0.00015075080221323974,0.00015735747664310894
382,6.385999999999519,0.8192082643508911,0.8728561401367188,-1.0,-0.6471456289291382,-0.4744807481765747,0.0012777368538081646,-1.0,5.654866776,5.654866776,-2.827433388,-5.654866776,-5.654866776,5.654866776,0.0,0.0,0.0,0.0,0.0,0.0,-3.53585515994148,1.8292189862916095,-2.8197409077338134,-5.667396345630884,-5.65241161943811,5.654643630039355,0.00015708214411595212,-0.00015012449398176783,0.00015821875671817646,0.00015762920372666084,-0.00015088083901352293,0.00015749339483976356
383,6.401999999999517,0.8191919922828674,0.8728463053703308,-1.0,-0.6472303867340088,-0.47457781434059143,0.0013087288243696094,-1.0,5.654866776,5.654866776,-2.827433388,-5.654866776,-5.654866776,5.654866776,0.0,0.0,0.0,0.0,0.0,0.0,-3.5358095240188687,1.829218745327602,-2.820035046184112,-5.667401985136032,-5.652409712123862,5.654661974496947,0.00015720760346826196,-0.00015023985135919474,0.00015834206172726843,0.0001577536305781005,-0.0001509963820974936,0.00015761422148715868
384,6.417999999999515,0.819176971912384,0.8728353381156921,-1.0,-0.6473128199577332,-0.47467347979545593,0.0013384908670559525,-1.0,5.654866776,5.654866776,-2.827433388,-5.654866776,-5.654866776,5.654866776,0.0,0.0,0.0,0.0,0.0,0.0,-3.535763890348947,1.8292185048311436,-2.8203289202267814,-5.667407619566042,-5.652407806491727,5.654678810119042,0.0001573326222656085,-0.00015035519750258695,0.00015846513681952494,0.00015787818539696134,-0.00015111187492599206,0.0001577350452383854
385,6.435999999999513,0.8191615343093872,0.8728237152099609,-1.0,-0.6473945379257202,-0.47476857900619507,0.001368093304336071,-1.0,5.654866776,5.654866776,-2.827433388,-5.654866776,-5.654866776,5.654866776,0.0,0.0,0.0,0.0,0.0,0.0,-3.5357125552173114,1.8292182348027923,-2.820659210676841,-5.667413952000828,-5.6524056647085725,5.654696100782469,0.0001574727727367547,-0.00015048493612828415,0.00015860333084131005,0.00015801843481504034,-0.00015124173593267034,0.0001578709546626478
386,6.4519999999995115,0.8191444277763367,0.8728123307228088,-1.0,-0.6474791169166565,-0.4748673141002655,0.0014001508243381977,-1.0,5.654866776,5.654866776,-2.827433388,-5.654866776,-5.654866776,5.654866776,0.0,0.0,0.0,0.0,0.0,0.0,-3.535666926474924,1.8292179952254823,-2.8209525182116524,-5.667419575050034,-5.652403762760277,5.654710129510297,0.00015759693556374646,-0.00015060022644597116,0.0001587259417033767,0.00015814318982125102,-0.00015135710039055315,0.00015799173648344404
387,6.46799999999951,0.8191278576850891,0.8728009462356567,-1.0,-0.6475623250007629,-0.47496479749679565,0.0014312942512333393,-1.0,5.654866776,5.654866776,-2.827433388,-5.654866776,-5.654866776,5.654866776,0.0,0.0,0.0,0.0,0.0,0.0,-3.53562130010962,1.8292177560496385,-2.821245557247271,-5.667425192506232,-5.652401862590529,5.654723004372219,0.00015772072925305706,-0.00015071547725758867,0.00015884834441711604,0.00015826800916537387,-0.00015147239554529619,0.00015811248374352578
388,6.485999999999508,0.8191118240356445,0.8727885484695435,-1.0,-0.6476442813873291,-0.4750613272190094,0.001461764215491712,-1.0,5.654866776,5.654866776,-2.827433388,-5.654866776,-5.654866776,5.654866776,0.0,0.0,0.0,0.0,0.0,0.0,-3.535569973330676,1.8292174874348277,-2.8215749039039237,-5.667431505300658,-5.652399727056595,5.6547362272220205,0.00015785957977793808,-0.00015084507795816673,0.00015898580604476148,0.00015840848685684075,-0.00015160201357897334,0.00015824827273682335
389,6.501999999999506,0.819093644618988,0.8727767467498779,-1.0,-0.6477302312850952,-0.47516167163848877,0.0014947035815566778,-1.0,5.654866776,5.654866776,-2.827433388,-5.654866776,-5.654866776,5.654866776,0.0,0.0,0.0,0.0,0.0,0.0,-3.535524352121774,1.8292172490554552,-2.821867368981576,-5.667437110466632,-5.65239783074649,5.65474695554138,0.0001579826509386061,-0.00015096022093235263,0.0001591077856193586,0.00015853338862449465,-0.00015171714551722584,0.0001583689197585304
390,6.517999999999504,0.8190761208534241,0.8727642297744751,-1.0,-0.6478137969970703,-0.4752599000930786,0.001526443986222148,-1.0,5.654866776,5.654866776,-2.827433388,-5.654866776,-5.654866776,5.654866776,0.0,0.0,0.0,0.0,0.0,0.0,-3.535478733382855,1.8292170110272163,-2.8221595625743663,-5.667442709689199,-5.652395936285535,5.654756801454043,0.00015810540807582939,-0.00015107530327335876,0.00015922957419505033,0.0001586583065773031,-0.00015183219408206058,0.00015848950850697144
391,6.535999999999502,0.8190590739250183,0.8727517127990723,-1.0,-0.647896409034729,-0.4753579795360565,0.001557759940624237,-1.0,5.654866776,5.654866776,-2.827433388,-5.654866776,-5.654866776,5.654866776,0.0,0.0,0.0,0.0,0.0,0.0,-3.535427415284211,1.829216743648449,-2.8224879549058786,-5.667449001604769,-5.652393807249909,5.654766913486582,0.00015824315291841477,-0.0001512046915312767,0.00015936636385112342,0.00015879884274763636,-0.0001519615195033454,0.00015862509343670813
392,6.5519999999995004,0.8190405368804932,0.8727388381958008,-1.0,-0.6479820013046265,-0.4754594564437866,0.001591513049788773,-1.0,5.654866776,5.654866776,-2.827433388,-5.654866776,-5.654866776,5.654866776,0.0,0.0,0.0,0.0,0.0,0.0,-3.5353818018720964,1.829216506323053,-2.8227795691467295,-5.667454587928233,-5.652391916776722,5.654775117853608,0.00015836529053466384,-0.0001513196271909066,0.00015948776166114853,0.00015892375400645785,-0.00015207637913618985,0.00015874553829733516
393,6.567999999999499,0.819021999835968,0.8727260828018188,-1.0,-0.6480662822723389,-0.47555890679359436,0.001624025171622634,-1.0,5.654866776,5.654866776,-2.827433388,-5.654866776,-5.654866776,5.654866776,0.0,0.0,0.0,0.0,0.0,0.0,-3.535336190998876,1.82921626931028,-2.8230709097618276,-5.667460168076502,-5.652390028203912,5.654782647409477,0.00015848715667737926,-0.00015143448644520385,0.0001596089819821737,0.000159048645013117,-0.0001521911450208338,0.00015886590713934496
394,6.585999999999497,0.8190044164657593,0.8727131485939026,-1.0,-0.6481490135192871,-0.4756574332714081,0.0016555428737774491,-1.0,5.654866776,5.654866776,-2.827433388,-5.654866776,-5.654866776,5.654866776,0.0,0.0,0.0,0.0,0.0,0.0,-3.535284881823566,1.8292160030317934,-2.823398340214846,-5.667466438293594,-5.652387905847353,5.654790380477525,0.00015862394581394319,-0.0001515636066310038,0.00015974514726673901,0.00015918911118060236,-0.00015232014122796948,0.00015900122541968704
395,6.601999999999495,0.8189846277236938,0.8727003931999207,-1.0,-0.6482354402542114,-0.4757595360279083,0.001690221019089222,-1.0,5.654866776,5.654866776,-2.827433388,-5.654866776,-5.654866776,5.654866776,0.0,0.0,0.0,0.0,0.0,0.0,-3.5352392764030003,1.829215766650171,-2.8236890976553535,-5.667472005145675,-5.6523860213548005,5.6547966546787825,0.00015874527196685256,-0.00015167829022175305,0.00015986600232453191,0.00015931392807202346,-0.00015243469924023815,0.00015912141772603028
396,6.617999999999493,0.8189663887023926,0.8726873397827148,-1.0,-0.6483191847801208,-0.4758598506450653,0.0017229353543370962,-1.0,5.654866776,5.654866776,-2.827433388,-5.654866776,-5.654866776,5.654866776,0.0,0.0,0.0,0.0,0.0,0.0,-3.5351936735719525,1.8292155305516777,-2.823979579975145,-5.667477565674107,-5.652384138799371,5.654802412825361,0.00015886635950226963,-0.00015179288564822429,0.00015998669053690707,0.00015943869715309464,-0.00015254915587379343,0.00015924152075033818
397,6.635999999999491,0.8189479112625122,0.8726740479469299,-1.0,-0.6484023928642273,-0.4759593904018402,0.001755128032527864,-1.0,5.654866776,5.654866776,-2.827433388,-5.654866776,-5.654866776,5.654866776,0.0,0.0,0.0,0.0,0.0,0.0,-3.5351423734985437,1.8292152652694953,-2.8243060432734577,-5.667483813667429,-5.652382023251548,5.654808326605537,0.00015900230874148447,-0.00015192169628676564,0.00016012226895163945,0.00015957899614416833,-0.00015267779594586885,0.0001593765256020977
398,6.651999999999489,0.8189274072647095,0.8726608157157898,-1.0,-0.648488461971283,-0.4760616719722748,0.0017896650824695826,-1.0,5.654866776,5.654866776,-2.827433388,-5.654866776,-5.654866776,5.654866776,0.0,0.0,0.0,0.0,0.0,0.0,-3.5350967762120376,1.8292150297472378,-2.824595939797613,-5.667489360650914,-5.65238014484221,5.65481312473298,0.0001591229177097252,-0.00015203609446191963,0.00016024261199773683,0.0001597036401362626,-0.00015279203080016007,0.00015949642770918019
399,6.667999999999488,0.818908154964447,0.8726468682289124,-1.0,-0.6485728621482849,-0.47616249322891235,0.0018229919951409101,-1.0,5.654866776,5.654866776,-2.827433388,-5.654866776,-5.654866776,5.654866776,0.0,0.0,0.0,0.0,0.0,0.0,-3.5350511815517387,1.829214794485512,-2.824885560200029,-5.667494901220424,-5.6523782683959105,5.654817528213075,0.00015924331344113388,-0.00015215039572374111,0.00016036279658931176,0.00015982821549162925,-0.00015290615868445128,0.00015961623063905002
400,6.685999999999486,0.8188892602920532,0.8726338744163513,-1.0,-0.6486562490463257,-0.47626224160194397,0.0018556461436673999,-1.0,5.654866776,5.654866776,-2.827433388,-5.654866776,-5.654866776,5.654866776,0.0,0.0,0.0,0.0,0.0,0.0,-3.534999890709659,1.8292145301199718,-2.8252110528087524,-5.6675011266699995,-5.652376159748297,5.654822050712127,0.00015937851224284328,-0.00015227886595537533,0.00016049781769892474,0.00015996827386934896,-0.00015303442289412328,0.0001597508871618709
401,6.701999999999484,0.8188685178756714,0.8726205229759216,-1.0,-0.6487429141998291,-0.4763653874397278,0.001890620100311935,-1.0,5.654866776,5.654866776,-2.827433388,-5.654866776,-5.654866776,5.654866776,0.0,0.0,0.0,0.0,0.0,0.0,-3.5349543016599028,1.8292142953923942,-2.8255000857133212,-5.667506653548791,-5.652374287494015,5.654825720027755,0.00015949847686806985,-0.00015239295392470003,0.0001606176729764823,0.0001600926856330259,-0.0001531483188329166,0.00015987047100605794
402,6.719999999999482,0.8188486099243164,0.8726066946983337,-1.0,-0.6488267183303833,-0.476466566324234,0.0019241325790062547,-1.0,5.654866776,5.654866776,-2.827433388,-5.654866776,-5.654866776,5.654866776,0.0,0.0,0.0,0.0,0.0,0.0,-3.534903017149555,1.8292140316143408,-2.8258249169271097,-5.667512863560228,-5.652372183575921,5.654829488518953,0.00015963320590472137,-0.00015252117920340586,0.00016075232876976874,0.00016023254782111636,-0.00015327631897624078,0.0001600048753836069
403,6.73599999999948,0.8188269734382629,0.8725927472114563,-1.0,-0.6489139795303345,-0.4765706956386566,0.0019596244674175978,-1.0,5.654866776,5.654866776,-2.827433388,-5.654866776,-5.654866776,5.654866776,0.0,0.0,0.0,0.0,0.0,0.0,-3.534857433743643,1.8292137973980456,-2.8261133615886105,-5.667518376691123,-5.652370315536144,5.6548325460725435,0.0001597527653877007,-0.00015263504541858565,0.0001608718635645011,0.00016035677536519981,-0.00015338997769230787,0.00016012423053287113
404,6.751999999999478,0.8188066482543945,0.872578501701355,-1.0,-0.6489989161491394,-0.47667261958122253,0.001993682701140642,-1.0,5.654866776,5.654866776,-2.827433388,-5.654866776,-5.654866776,5.654866776,0.0,0.0,0.0,0.0,0.0,0.0,-3.5348118530029757,1.8292135634155393,-2.8264015292506586,-5.667523883339998,-5.652368449485806,5.654835352141285,0.00015987214198879402,-0.00015274880481163275,0.00016099125022130576,0.00016048091013385422,-0.00015350352325406747,0.000160243475253703
405,6.769999999999476,0.8187867403030396,0.8725652098655701,-1.0,-0.6490820050239563,-0.4767734110355377,0.0020268696825951338,-1.0,5.654866776,5.654866776,-2.827433388,-5.654866776,-5.654866776,5.654866776,0.0,0.0,0.0,0.0,0.0,0.0,-3.534760577861724,1.829213300459853,-2.8267253866706787,-5.667530070565893,-5.652366352561171,5.654838234053299,0.000160006227580094,-0.0001528766547315178,0.0001611253850591191,0.00016062044659055595,-0.00015363112571323785,0.0001603774916175355
406,6.785999999999475,0.8187646865844727,0.8725513815879822,-1.0,-0.6491687297821045,-0.47687777876853943,0.002062000334262848,-1.0,5.654866776,5.654866776,-2.827433388,-5.654866776,-5.654866776,5.654866776,0.0,0.0,0.0,0.0,0.0,0.0,-3.534715002800516,1.8292130669616578,-2.827012965470782,-5.667535563426454,-5.652364490748522,5.6548405722834945,0.0001601252298705639,-0.00015299018271074493,0.00016124446191733197,0.00016074437318488582,-0.00015374442813744535,0.00016049649664193463
407,6.801999999999473,0.8187440633773804,0.87253737449646,-1.0,-0.6492530107498169,-0.4769793450832367,0.0020959079265594482,-1.0,5.654866776,5.654866776,-2.827433388,-5.654866776,-5.654866776,5.654866776,0.0,0.0,0.0,0.0,0.0,0.0,-3.5346694304181487,1.829212833686139,-2.8273002670934213,-5.667541049795531,-5.652362630933914,5.65484271819331,0.00016024406203553194,-0.00015310359997535247,0.00016136339511116927,0.0001608681972379333,-0.00015385761505443718,0.00016061538679601594
408,6.819999999999471,0.818723738193512,0.872523307800293,-1.0,-0.6493365168571472,-0.47708001732826233,0.002128747757524252,-1.0,5.654866776,5.654866776,-2.827433388,-5.654866776,-5.654866776,5.654866776,0.0,0.0,0.0,0.0,0.0,0.0,-3.5346181646940074,1.8292125715136445,-2.8276231500862155,-5.667547214201662,-5.652360541033147,5.654844922103269,0.00016037754914320849,-0.00015323106080513841,0.00016149702475530282,0.00016100737352592025,-0.00015398481152574208,0.00016074899947781946
409,6.835999999999469,0.8187018036842346,0.8725097179412842,-1.0,-0.6494228839874268,-0.47718361020088196,0.002164048608392477,-1.0,5.654866776,5.654866776,-2.827433388,-5.654866776,-5.654866776,5.654866776,0.0,0.0,0.0,0.0,0.0,0.0,-3.5345725980142184,1.8292123387017096,-2.8279098626756562,-5.667552686778453,-5.65235868547035,5.654846710238504,0.00016049603088708547,-0.00015334423956675185,0.0001616156566306344,0.00016113097139578043,-0.00015409775108031674,0.00016086764182879712
410,6.851999999999467,0.8186808228492737,0.8724957704544067,-1.0,-0.6495075225830078,-0.47728559374809265,0.002198056550696492,-1.0,5.654866776,5.654866776,-2.827433388,-5.654866776,-5.654866776,5.654866776,0.0,0.0,0.0,0.0,0.0,0.0,-3.5345270340217407,1.8292121061039037,-2.8281962980936153,-5.667558152868202,-5.652356831910525,5.654848351298763,0.00016061435239780923,-0.00015345730476818727,0.00016173414839902077,0.00016125445939305045,-0.00015421057345968678,0.00016098616604778276
411,6.869999999999465,0.818659782409668,0.8724815845489502,-1.0,-0.6495907306671143,-0.4773857891559601,0.0022311857901513577,-1.0,5.654866776,5.654866776,-2.827433388,-5.654866776,-5.654866776,5.654866776,0.0,0.0,0.0,0.0,0.0,0.0,-3.534475777744652,1.829211844684472,-2.8285182066743775,-5.667564294469529,-5.652354749051087,5.654850036713819,0.0001607472758885256,-0.00015358436646886107,0.00016186728538319218,0.00016139324965911748,-0.0001543373580554798,0.00016111936354141227
412,6.885999999999464,0.8186377286911011,0.8724676370620728,-1.0,-0.6496770977973938,-0.4774894714355469,0.002266380935907364,-1.0,5.654866776,5.654866776,-2.827433388,-5.654866776,-5.654866776,5.654866776,0.0,0.0,0.0,0.0,0.0,0.0,-3.5344302194683523,1.8292116125342952,-2.828804053230136,-5.667569746786944,-5.6523528997504595,5.654851404169748,0.00016086526552188223,-0.00015369718800844687,0.00016198548259128764,0.0001615164979760937,-0.0001544499301044008,0.0001612376340288192
413,6.901999999999462,0.8186159729957581,0.8724530935287476,-1.0,-0.6497607827186584,-0.47759169340133667,0.0023003940004855394,-1.0,5.654866776,5.654866776,-2.827433388,-5.654866776,-5.654866776,5.654866776,0.0,0.0,0.0,0.0,0.0,0.0,-3.5343846638839294,1.8292113805916614,-2.829089622761074,-5.667575192630766,-5.652351052455005,5.654852659151644,0.0001609831026093297,-0.00015380989392861587,0.0001621035425346515,0.00016163963093670456,-0.00015456238381955507,0.00016135578401073666
414,6.91999999999946,0.8185948729515076,0.8724392652511597,-1.0,-0.6498439311981201,-0.4776920676231384,0.0023333407007157803,-1.0,5.654866776,5.654866776,-2.827433388,-5.654866776,-5.654866776,5.654866776,0.0,0.0,0.0,0.0,0.0,0.0,-3.5343334170700653,1.8292111199020782,-2.8294105574409456,-5.6675813114741205,-5.652348976644731,5.654853948053205,0.0001611154895770109,-0.00015393654923431734,0.000162236196872256,0.00016177801584198005,-0.00015468875244921098,0.0001614885579422953
415,6.935999999999458,0.8185726404190063,0.8724256157875061,-1.0,-0.6499303579330444,-0.47779569029808044,0.0023685810156166553,-1.0,5.654866776,5.654866776,-2.827433388,-5.654866776,-5.654866776,5.654866776,0.0,0.0,0.0,0.0,0.0,0.0,-3.5342878672081737,1.8292108883947666,-2.829695538542358,-5.667586743580827,-5.652347133610865,5.654854993799083,0.00016123300921527066,-0.00015404900778382896,0.00016235396766993028,0.00016190089904950195,-0.00015480095380079274,0.00016160644990363817
416,6.951999999999456,0.8185506463050842,0.8724111318588257,-1.0,-0.6500141620635986,-0.4778974950313568,0.00240266602486372,-1.0,5.654866776,5.654866776,-2.827433388,-5.654866776,-5.654866776,5.654866776,0.0,0.0,0.0,0.0,0.0,0.0,-3.5342423200397493,1.829210657089913,-2.8299802428731646,-5.667592169233029,-5.652345292582352,5.654855953531634,0.00016135038229746974,-0.00015416134924543562,0.00016247160348728152,0.00016202366281924178,-0.00015491303603901993,0.00016172421965459188
417,6.969999999999454,0.8185292482376099,0.8723968863487244,-1.0,-0.6500968337059021,-0.47799813747406006,0.0024357878137379885,-1.0,5.654866776,5.654866776,-2.827433388,-5.654866776,-5.654866776,5.654866776,0.0,0.0,0.0,0.0,0.0,0.0,-3.534191082694802,1.829210397112249,-2.8303002045424583,-5.667598265385214,-5.652343223821943,5.6548569392036905,0.00016148225385296318,-0.00015428759297374497,0.0001626037832260906,0.00016216162796948131,-0.00015503898594874534,0.00016185656400804867
418,6.985999999999453,0.8185061812400818,0.8723828196525574,-1.0,-0.6501829624176025,-0.4781016409397125,0.002471341285854578,-1.0,5.654866776,5.654866776,-2.827433388,-5.654866776,-5.654866776,5.654866776,0.0,0.0,0.0,0.0,0.0,0.0,-3.5341455412497416,1.8292101662331979,-2.8305843210764636,-5.6676036773448635,-5.652341387053703,5.654857738925207,0.00016159932074664057,-0.0001543996844454415,0.00016272113426500076,0.00016228413451272754,-0.00015515081448581248,0.00016197407268373176
419,7.001999999999451,0.8184835314750671,0.8723686337471008,-1.0,-0.6502666473388672,-0.47820356488227844,0.002505234442651272,-1.0,5.654866776,5.654866776,-2.827433388,-5.654866776,-5.654866776,5.654866776,0.0,0.0,0.0,0.0,0.0,0.0,-3.5341000024974774,1.829209935552664,-2.8308681611763014,-5.66760908287245,-5.652339552289496,5.654858472868942,0.00016171624576787305,-0.0001545116578046961,0.00016283835217340337,0.00016240651860141025,-0.00015526252341190036,0.00016209145794755946
420,7.019999999999449,0.8184620141983032,0.8723545670509338,-1.0,-0.6503493189811707,-0.47830402851104736,0.0025383462198078632,-1.0,5.654866776,5.654866776,-2.827433388,-5.654866776,-5.654866776,5.654866776,0.0,0.0,0.0,0.0,0.0,0.0,-3.5340487746191585,1.8292096762730312,-2.831187151015195,-5.66761515641216,-5.6523374905743715,5.654859226649443,0.00016184761841766922,-0.00015463748633887082,0.00016297006382967944,0.00016254405335619913,-0.000155388052842525,0.00016222336848226734
421,7.035999999999447,0.8184388279914856,0.8723399639129639,-1.0,-0.6504350900650024,-0.4784076511859894,0.002573649398982525,-1.0,5.654866776,5.654866776,-2.827433388,-5.654866776,-5.654866776,5.654866776,0.0,0.0,0.0,0.0,0.0,0.0,-3.534003241586892,1.8292094460109127,-2.831470404103883,-5.6676205482971085,-5.652335660066382,5.654859838226434,0.00016196424607374638,-0.0001547492079078653,0.00016308700051124767,0.00016266617471857845,-0.00015549950724740556,0.00016234049054565018
422,7.051999999999445,0.81841641664505,0.8723254799842834,-1.0,-0.6505187749862671,-0.4785091280937195,0.0026076044887304306,-1.0,5.654866776,5.654866776,-2.827433388,-5.654866776,-5.654866776,5.654866776,0.0,0.0,0.0,0.0,0.0,0.0,-3.5339577112450287,1.8292092159442475,-2.8317533811576934,-5.667625933774263,-5.652333831560003,5.654860399500563,0.00016208073553603333,-0.0001548608106735913,0.00016320380557383862,0.00016278817141800008,-0.0001556108417535022,0.0001624574883748787
423,7.069999999999443,0.8183943629264832,0.8723120093345642,-1.0,-0.6506014466285706,-0.4786096215248108,0.0026407926343381405,-1.0,5.654866776,5.654866776,-2.827433388,-5.654866776,-5.654866776,5.654866776,0.0,0.0,0.0,0.0,0.0,0.0,-3.5339064928249804,1.8292089573518444,-2.8320714005679397,-5.667631984786682,-5.6523317768816765,5.654860975944451,0.0001622116222440777,-0.00015498622157380658,0.00016333505447165578,0.00016292526798727467,-0.00015573594968598594,0.00016258896218734978
424,7.085999999999442,0.8183704018592834,0.8722975254058838,-1.0,-0.6506869196891785,-0.47871309518814087,0.0026759644970297813,-1.0,5.654866776,5.654866776,-2.827433388,-5.654866776,-5.654866776,5.654866776,0.0,0.0,0.0,0.0,0.0,0.0,-3.5338609681965543,1.829208727697836,-2.8323537915131385,-5.667637356673833,-5.652329952625439,5.6548614436399065,0.00016232782128955427,-0.00015509757136456117,0.00016345158122436148,0.0001630469979592887,-0.00015584702923595575,0.00016270569539111957
425,7.10199999999944,0.8183479309082031,0.8722834587097168,-1.0,-0.6507707238197327,-0.4788147509098053,0.0027101458981633186,-1.0,5.654866776,5.654866776,-2.827433388,-5.654866776,-5.654866776,5.654866776,0.0,0.0,0.0,0.0,0.0,0.0,-3.5338154462548284,1.8292084982368855,-2.83263590687078,-5.667642722178286,-5.652328130367572,5.654861872866781,0.0001624438850468317,-0.00015520880191213475,0.0001635679776064966,0.0001631686016738829,-0.0001559579887554858,0.00016282230382408085
426,7.119999999999438,0.8183255791664124,0.8722691535949707,-1.0,-0.6508527994155884,-0.4789147973060608,0.0027430374175310135,-1.0,5.654866776,5.654866776,-2.827433388,-5.654866776,-5.654866776,5.654866776,0.0,0.0,0.0,0.0,0.0,0.0,-3.533764237280078,1.8292082403232708,-2.8329529574234686,-5.667648750751557,-5.65232608271469,5.654862313694376,0.0001625742960520938,-0.00015533379362344665,0.0001636987681426606,0.00016330525443224704,-0.00015608267472158735,0.00016295333901815656
427,7.135999999999436,0.818301260471344,0.8722546100616455,-1.0,-0.6509383916854858,-0.4790182113647461,0.002778364811092615,-1.0,5.654866776,5.654866776,-2.827433388,-5.654866776,-5.654866776,5.654866776,0.0,0.0,0.0,0.0,0.0,0.0,-3.5337187210428023,1.8292080112704636,-2.833234487664364,-5.667654102719659,-5.652324264699405,5.6548626713579555,0.000162690074898771,-0.00015544477047425907,0.00016381488863842494,0.00016342658855658958,-0.00015619337913669518,0.00016306968192815715
428,7.151999999999434,0.8182781338691711,0.8722404837608337,-1.0,-0.6510218381881714,-0.4791199564933777,0.002812332473695278,-1.0,5.654866776,5.654866776,-2.827433388,-5.654866776,-5.654866776,5.654866776,0.0,0.0,0.0,0.0,0.0,0.0,-3.533673207487531,1.8292077824088306,-2.833515742801728,-5.667659448330356,-5.652322448678652,5.654862999603097,0.00016280572076827625,-0.00015555562783067228,0.0001639308798075109,0.0001635477952953711,-0.00015630396350591118,0.00016318589974592305
429,7.169999999999432,0.8182552456855774,0.8722259402275085,-1.0,-0.6511038541793823,-0.4792199432849884,0.0028452156111598015,-1.0,5.654866776,5.654866776,-2.827433388,-5.654866776,-5.654866776,5.654866776,0.0,0.0,0.0,0.0,0.0,0.0,-3.5336220079415996,1.829207525167367,-2.8338318261973443,-5.667665454553347,-5.652320408037741,5.654863336719571,0.0001629356642141023,-0.00015568019946357156,0.00016406121565816032,0.00016368400026156067,-0.0001564282274473089,0.00016331649518443707
430,7.185999999999431,0.818231463432312,0.8722121119499207,-1.0,-0.651189386844635,-0.47932353615760803,0.0028805434703826904,-1.0,5.654866776,5.654866776,-2.827433388,-5.654866776,-5.654866776,5.654866776,0.0,0.0,0.0,0.0,0.0,0.0,-3.5335765000799495,1.829207296710315,-2.8341124972780705,-5.667670786681305,-5.652318596250916,5.654863610237443,0.00016305102957023197,-0.00015579080274960507,0.00016417693298103377,0.0001638049354118781,-0.0001565385567771248,0.00016343244697925632
431,7.201999999999429,0.8182079792022705,0.872197151184082,-1.0,-0.6512726545333862,-0.47942471504211426,0.002914485987275839,-1.0,5.654866776,5.654866776,-2.827433388,-5.654866776,-5.654866776,5.654866776,0.0,0.0,0.0,0.0,0.0,0.0,-3.5335309948948526,1.8292070684429451,-2.834392893767329,-5.667676112476962,-5.652316786454349,5.654863861257878,0.0001631662638030856,-0.00015590128643194192,0.00016429252186229808,0.000163925742402732,-0.00015664876613208795,0.00016354827352261928
432,7.219999999999427,0.8181847929954529,0.8721833825111389,-1.0,-0.6513544321060181,-0.47952476143836975,0.0029473635368049145,-1.0,5.654866776,5.654866776,-2.827433388,-5.654866776,-5.654866776,5.654866776,0.0,0.0,0.0,0.0,0.0,0.0,-3.533479804758604,1.8292068118683735,-2.834708011805201,-5.667682096437902,-5.652314752810393,5.65486411906238,0.00016329574622133116,-0.00015602543759745836,0.00016442240614380794,0.00016406149684453688,-0.00015677260829554808,0.0001636784286404339
433,7.235999999999425,0.8181595802307129,0.8721686601638794,-1.0,-0.6514396071434021,-0.4796278774738312,0.0029825661331415176,-1.0,5.654866776,5.654866776,-2.827433388,-5.654866776,-5.654866776,5.654866776,0.0,0.0,0.0,0.0,0.0,0.0,-3.5334343052549015,1.829206584002749,-2.8349878253500513,-5.667687408803773,-5.6523129472383,5.6548643282307225,0.00016341070348533323,-0.00015613566709770263,0.0001645377229213444,0.00016418203090560218,-0.00015688256283489643,0.000163793988960474
434,7.251999999999423,0.8181365728378296,0.8721546530723572,-1.0,-0.6515223979949951,-0.47972938418388367,0.0030163931660354137,-1.0,5.654866776,5.654866776,-2.827433388,-5.654866776,-5.654866776,5.654866776,0.0,0.0,0.0,0.0,0.0,0.0,-3.5333888084217313,1.8292063563256131,-2.835267364836905,-5.667692714862043,-5.6523111436518665,5.654864520194389,0.00016352553112851566,-0.00015624577699171484,0.00016465291201905936,0.0001643024363024237,-0.00015699239753478832,0.00016390942399208776
435,7.269999999999421,0.8181135654449463,0.8721402883529663,-1.0,-0.6516038179397583,-0.47982943058013916,0.003049456514418125,-1.0,5.654866776,5.654866776,-2.827433388,-5.654866776,-5.654866776,5.654866776,0.0,0.0,0.0,0.0,0.0,0.0,-3.5333376276740145,1.829206100413726,-2.8355815193918383,-5.667698676647749,-5.652309116988716,5.654864717345909,0.00016365455781213562,-0.00015636950767739587,0.000164782347413295,0.00016443773843655208,-0.00015711581839410557,0.00016403913865519195
436,7.28599999999942,0.8180883526802063,0.8721259236335754,-1.0,-0.6516895890235901,-0.47993212938308716,0.0030846092849969864,-1.0,5.654866776,5.654866776,-2.827433388,-5.654866776,-5.654866776,5.654866776,0.0,0.0,0.0,0.0,0.0,0.0,-3.5332921365089556,1.8292058731360554,-2.8358604770863054,-5.667703969328191,-5.652307317616726,5.654864877303637,0.0001637691113754744,-0.0001564793634746202,0.00016489726591876339,0.00016455787006134685,-0.00015722539862029258,0.00016415430748893342
437,7.301999999999418,0.8180637955665588,0.8721117973327637,-1.0,-0.6517723202705383,-0.48003336787223816,0.003118226770311594,-1.0,5.654866776,5.654866776,-2.827433388,-5.654866776,-5.654866776,5.654866776,0.0,0.0,0.0,0.0,0.0,0.0,-3.5332466480079754,1.8292056460459074,-2.836139161272589,-5.66770925572522,-5.652305520225568,5.654865024104274,0.00016388353655026096,-0.00015658909974340928,0.00016501205741054726,0.00016467787272163176,-0.00015733485919031557,0.00016426935108944748
438,7.319999999999416,0.8180410265922546,0.8720977306365967,-1.0,-0.6518537998199463,-0.48013320565223694,0.003151088487356901,-1.0,5.654866776,5.654866776,-2.827433388,-5.654866776,-5.654866776,5.654866776,0.0,0.0,0.0,0.0,0.0,0.0,-3.5331954766261164,1.8292053907933032,-2.83645235427699,-5.667715195420726,-5.652303500526251,5.654865174872079,0.0001640121118398577,-0.00015671241022007827,0.00016514104626228233,0.00016481272148584196,-0.00015745785938822257,0.00016439862548883993
439,7.335999999999414,0.8180152773857117,0.8720829486846924,-1.0,-0.6519387364387512,-0.48023638129234314,0.003186251735314727,-1.0,5.654866776,5.654866776,-2.827433388,-5.654866776,-5.654866776,5.654866776,0.0,0.0,0.0,0.0,0.0,0.0,-3.5331499937791695,1.8292051641007647,-2.8367304578532644,-5.667720468490748,-5.652301707339081,5.654865297196522,0.00016412626531995452,-0.00015682189262561534,0.00016525556849412886,0.00016493244991109198,-0.00015756706591434338,0.0001645134030871677
440,7.351999999999412,0.8179915547370911,0.8720686435699463,-1.0,-0.652021050453186,-0.4803372323513031,0.003220206592231989,-1.0,5.654866776,5.654866776,-2.827433388,-5.654866776,-5.654866776,5.654866776,0.0,0.0,0.0,0.0,0.0,0.0,-3.5331045135895223,1.8292049375949575,-2.8370082884836267,-5.667725735300995,-5.652299916127744,5.654865409459224,0.00016424029143610887,-0.000156931255640944,0.00016536996430425272,0.00016505204922695626,-0.0001576761530032129,0.0001646280555769369
441,7.36999999999941,0.8179678916931152,0.872054398059845,-1.0,-0.6521024703979492,-0.48043715953826904,0.0032530254684388638,-1.0,5.654866776,5.654866776,-2.827433388,-5.654866776,-5.654866776,5.654866776,0.0,0.0,0.0,0.0,0.0,0.0,-3.5330533515497033,1.829204682998849,-2.837320521913836,-5.66773165298941,-5.652297903374701,5.654865524755587,0.00016436841894028038,-0.00015705414639252986,0.0001654985086968343,0.00016518644410689576,-0.00015779873330809343,0.00016475689014859937
442,7.385999999999409,0.8179418444633484,0.8720399141311646,-1.0,-0.652187168598175,-0.4805396795272827,0.003288095351308584,-1.0,5.654866776,5.654866776,-2.827433388,-5.654866776,-5.654866776,5.654866776,0.0,0.0,0.0,0.0,0.0,0.0,-3.533007876999407,1.8292044568891197,-2.837597773139709,-5.667736906522305,-5.6522961163565935,5.654865618300385,0.00016448217535965437,-0.00015716325588966648,0.00016561263644042487,0.00016530576901290872,-0.00015790756684823303,0.00016487127696020708
443,7.401999999999407,0.8179174661636353,0.872025728225708,-1.0,-0.6522694826126099,-0.4806407392024994,0.0033217142336070538,-1.0,5.654866776,5.654866776,-2.827433388,-5.654866776,-5.654866776,5.654866776,0.0,0.0,0.0,0.0,0.0,0.0,-3.5329624050993886,1.8292042309654635,-2.8378747519914356,-5.667742153818524,-5.652294331309201,5.654865704150578,0.0001645958052800629,-0.000157272246180284,0.00016572663829673417,0.00016542496478275416,-0.00015801628119652022,0.00016498553884029257
444,7.419999999999405,0.8178932666778564,0.8720114231109619,-1.0,-0.6523507833480835,-0.4807399809360504,0.0033542427700012922,-1.0,5.654866776,5.654866776,-2.827433388,-5.654866776,-5.654866776,5.654866776,0.0,0.0,0.0,0.0,0.0,0.0,-3.532911252376928,1.8292039770235318,-2.83818602785726,-5.667748049581058,-5.652292325484439,5.654865792320544,0.00016472348804479523,-0.00015739471785105032,0.00016585474011083978,0.0001655589056804344,-0.00015813844247019308,0.00016511393420488447
445,7.435999999999403,0.8178678154945374,0.8719973564147949,-1.0,-0.6524354815483093,-0.4808427691459656,0.0033893263898789883,-1.0,5.654866776,5.654866776,-2.827433388,-5.654866776,-5.654866776,5.654866776,0.0,0.0,0.0,0.0,0.0,0.0,-3.532865786101131,1.8292037514946686,-2.8384624285276363,-5.667753283648456,-5.6522905446193,5.654865863856427,0.00016483684996870348,-0.00015750345505240453,0.0001659684749863234,0.0001656778270845807,-0.0001582469038134907,0.00016522793082754064
446,7.451999999999401,0.8178431987762451,0.871982753276825,-1.0,-0.6525176167488098,-0.48094338178634644,0.0034230579622089863,-1.0,5.654866776,5.654866776,-2.827433388,-5.654866776,-5.654866776,5.654866776,0.0,0.0,0.0,0.0,0.0,0.0,-3.5328203224684063,1.829203526151322,-2.838738557402855,-5.667758511501768,-5.652288765719669,5.654865929507945,0.00016495008613597357,-0.0001576120732651253,0.0001660820844644084,0.00016579661941551883,-0.0001583552462300164,0.00016534180273518562
447,7.469999999999399,0.8178187012672424,0.871968686580658,-1.0,-0.6525986790657043,-0.4810430109500885,0.0034557441249489784,-1.0,5.654866776,5.654866776,-2.827433388,-5.654866776,-5.654866776,5.654866776,0.0,0.0,0.0,0.0,0.0,0.0,-3.53276917903798,1.829203272861607,-2.83904887773957,-5.667764385417842,-5.6522867668048935,5.654865996933303,0.00016507732677488544,-0.0001577341266199178,0.00016620974542364128,0.00016593010654933945,-0.00015847698940371155,0.00016546975965254663
448,7.485999999999398,0.8177928328514099,0.8719544410705566,-1.0,-0.6526827216148376,-0.4811454713344574,0.003490738570690155,-1.0,5.654866776,5.654866776,-2.827433388,-5.654866776,-5.654866776,5.654866776,0.0,0.0,0.0,0.0,0.0,0.0,-3.5327237210140137,1.8292030479119572,-2.8393244296699733,-5.6677696000898266,-5.652284992076389,5.6548660516381135,0.0001651902964171597,-0.00015784249223539852,0.00016632308892314005,0.0001660486247251677,-0.00015858507939507652,0.0001655833667963972
449,7.501999999999396,0.8177673816680908,0.8719393610954285,-1.0,-0.6527649164199829,-0.4812459349632263,0.0035240836441516876,-1.0,5.654866776,5.654866776,-2.827433388,-5.654866776,-5.654866776,5.654866776,0.0,0.0,0.0,0.0,0.0,0.0,-3.5326782656257794,1.829202823147345,-2.8395997103896953,-5.667774808569847,-5.652283219308129,5.6548661018429245,0.00016530314095087613,-0.00015795073910582785,0.00016643630748058093,0.00016616701395890567,-0.00015869305073934608,0.00016569684947146776
450,7.519999999999394,0.8177430629730225,0.8719253540039062,-1.0,-0.6528459191322327,-0.4813450872898102,0.0035569649189710617,-1.0,5.654866776,5.654866776,-2.827433388,-5.654866776,-5.654866776,5.654866776,0.0,0.0,0.0,0.0,0.0,0.0,-3.5326271314615862,1.8292025705081594,-2.8399090772519178,-5.667780660717238,-5.652281227284831,5.654866153404078,0.0001654299417452907,-0.00015807237500013775,0.00016656352918679613,0.00016630004778765345,-0.00015881437679580735,0.0001658243688062851
451,7.535999999999392,0.8177170157432556,0.8719109296798706,-1.0,-0.6529297232627869,-0.4814474284648895,0.003591623157262802,-1.0,5.654866776,5.654866776,-2.827433388,-5.654866776,-5.654866776,5.654866776,0.0,0.0,0.0,0.0,0.0,0.0,-3.532581681666398,1.8292023461362925,-2.840183782273522,-5.667785856062489,-5.652279458676461,5.65486619523752,0.00016554252104971072,-0.0001581803698127764,0.0001666764827032154,0.0001664181632033178,-0.00015892209632150563,0.00016593758726610685
452,7.55199999999939,0.8176915645599365,0.8718966841697693,-1.0,-0.6530117988586426,-0.48154792189598083,0.0036250550765544176,-1.0,5.654866776,5.654866776,-2.827433388,-5.654866776,-5.654866776,5.654866776,0.0,0.0,0.0,0.0,0.0,0.0,-3.5325362344995024,1.8292021219490422,-2.8404582166730767,-5.667791045237482,-5.652277692023028,5.6548662336296385,0.00016565497582119026,-0.00015828824614325896,0.0001667893117061399,0.00016653614985981578,-0.00015902969749061551,0.0001660506815257735
453,7.569999999999388,0.8176668882369995,0.8718826174736023,-1.0,-0.6530923843383789,-0.481646865606308,0.0036577179562300444,-1.0,5.654866776,5.654866776,-2.827433388,-5.654866776,-5.654866776,5.654866776,0.0,0.0,0.0,0.0,0.0,0.0,-3.5324851095753917,1.8292018699589068,-2.84076663213008,-5.6677968756925114,-5.652275706872552,5.654866273058827,0.00016578133879699886,-0.0001584094655007155,0.00016691609566683006,0.0001666687310249432,-0.00015915060745077788,0.00016617776422170975
454,7.585999999999387,0.8176407217979431,0.8718681335449219,-1.0,-0.6531762480735779,-0.48174917697906494,0.0036924793384969234,-1.0,5.654866776,5.654866776,-2.827433388,-5.654866776,-5.654866776,5.654866776,0.0,0.0,0.0,0.0,0.0,0.0,-3.532439667985652,1.8292016461635603,-2.8410404920859027,-5.667802051778461,-5.652273944367694,5.654866305049039,0.0001658935294997955,-0.00015851709034845655,0.00016702866051616685,0.00016678644429641643,-0.00015925795742771238,0.00016629059485598523
455,7.601999999999385,0.8176147937774658,0.8718538284301758,-1.0,-0.6532581448554993,-0.4818493127822876,0.0037258800584822893,-1.0,5.654866776,5.654866776,-2.827433388,-5.654866776,-5.654866776,5.654866776,0.0,0.0,0.0,0.0,0.0,0.0,-3.5323942290166928,1.829201422552456,-2.841314082011446,-5.667807221715494,-5.652272183812439,5.654866334407541,0.00016600559618956359,-0.00015862459699145896,0.00016714110125982812,0.00016690402903102409,-0.00015936518934657522,0.000166403301575599
456,7.619999999999383,0.8175903558731079,0.8718395829200745,-1.0,-0.6533382534980774,-0.48194849491119385,0.003758349921554327,-1.0,5.654866776,5.654866776,-2.827433388,-5.654866776,-5.654866776,5.654866776,0.0,0.0,0.0,0.0,0.0,0.0,-3.5323431133062586,1.8292011712100504,-2.8416215481435656,-5.667813030553193,-5.652270205516028,5.654866364558953,0.00016613152317633927,-0.00015874540078684115,0.0001672674489093471,0.00016703615831272373,-0.0001594856842596257,0.0001665299486357459
457,7.635999999999381,0.8175631165504456,0.871825098991394,-1.0,-0.6534221172332764,-0.482050359249115,0.0037932295817881823,-1.0,5.654866776,5.654866776,-2.827433388,-5.654866776,-5.654866776,5.654866776,0.0,0.0,0.0,0.0,0.0,0.0,-3.5322976798984347,1.8292009479900908,-2.841894564885551,-5.66781818744618,-5.652268449097989,5.654866389021676,0.0001662433268540947,-0.00015885265654887849,0.00016737962634794692,0.00016715347016832215,-0.00015959266562734883,0.00016664239235091626
458,7.651999999999379,0.8175377249717712,0.8718108534812927,-1.0,-0.65350341796875,-0.4821503460407257,0.003826493863016367,-1.0,5.654866776,5.654866776,-2.827433388,-5.654866776,-5.654866776,5.654866776,0.0,0.0,0.0,0.0,0.0,0.0,-3.5322522491038293,1.8292007249540323,-2.842167312191386,-5.667823338211271,-5.652266694624197,5.65486641147183,0.00016635500699594858,-0.00015895979439444743,0.0001674916800725939,0.0001672706537391878,-0.00015969952924141403,0.00016675471244956047
459,7.669999999999377,0.8175123929977417,0.8717962503433228,-1.0,-0.6535836458206177,-0.4822491407394409,0.003858834272250533,-1.0,5.654866776,5.654866776,-2.827433388,-5.654866776,-5.654866776,5.654866776,0.0,0.0,0.0,0.0,0.0,0.0,-3.5322011425804876,1.829200474258157,-2.8424738310872737,-5.6678291255055475,-5.652264723163028,5.6548664345281825,0.00016648049967228916,-0.00015908018364086657,0.00016761759278852926,0.000167402332022959,-0.00015981961017734144,0.00016688092492164557
460,7.6859999999993756,0.8174850344657898,0.8717824816703796,-1.0,-0.6536672115325928,-0.48235103487968445,0.0038936359342187643,-1.0,5.654866776,5.654866776,-2.827433388,-5.654866776,-5.654866776,5.654866776,0.0,0.0,0.0,0.0,0.0,0.0,-3.5321557173309066,1.8292002516125478,-2.842746006474068,-5.6678342632709615,-5.652262972815062,5.654866453234353,0.00016659191777894307,-0.0001591870712272628,0.00016772938402649025,0.00016751924327619157,-0.00015992622389207026,0.0001669929826601393
461,7.701999999999374,0.8174591660499573,0.8717672824859619,-1.0,-0.6537483334541321,-0.4824508726596832,0.003926956094801426,-1.0,5.654866776,5.654866776,-2.827433388,-5.654866776,-5.654866776,5.654866776,0.0,0.0,0.0,0.0,0.0,0.0,-3.5321102946869467,1.8292000291505253,-2.8430179130205993,-5.667839394929223,-5.652261224405977,5.65486647040144,0.00016670321279383407,-0.00015929384119361606,0.00016784105192970753,0.00016763602651951776,-0.00016003272016189163,0.00016710491708975435
462,7.719999999999372,0.8174338340759277,0.8717530965805054,-1.0,-0.6538285613059998,-0.4825494885444641,0.003958972170948982,-1.0,5.654866776,5.654866776,-2.827433388,-5.654866776,-5.654866776,5.654866776,0.0,0.0,0.0,0.0,0.0,0.0,-3.5320591973239885,1.8291997791000731,-2.8433234867751174,-5.667845160753016,-5.652259259761186,5.654866488031935,0.00016682827272228288,-0.00015941381693288613,0.00016796653104563018,0.00016776725477079505,-0.00016015238820599992,0.0001672306960550327
463,7.73599999999937,0.8174064755439758,0.8717389702796936,-1.0,-0.6539117097854614,-0.4826509654521942,0.00399351678788662,-1.0,5.654866776,5.654866776,-2.827433388,-5.654866776,-5.654866776,5.654866776,0.0,0.0,0.0,0.0,0.0,0.0,-3.53201378020888,1.8291995570278536,-2.843594822670349,-5.667850279455425,-5.652257515466517,5.654866502335858,0.0001669393066173347,-0.00015952033727683132,0.0001680779372571103,0.00016788376629986982,-0.00016025863523618796,0.00016734236878629736
464,7.751999999999368,0.817380428314209,0.8717250227928162,-1.0,-0.653992772102356,-0.4827509820461273,0.004026949405670166,-1.0,5.654866776,5.654866776,-2.827433388,-5.654866776,-5.654866776,5.654866776,0.0,0.0,0.0,0.0,0.0,0.0,-3.5319683656917724,1.829199335138925,-2.8438658903225096,-5.66785539207119,-5.652255773105356,5.654866515462789,0.00016705021783942634,-0.0001596267403032245,0.00016818922050334276,0.00016800015011105018,-0.0001603647651333853,0.00016745391852344442
465,7.769999999999366,0.8173550367355347,0.8717105388641357,-1.0,-0.6540725827217102,-0.48284924030303955,0.004059243947267532,-1.0,5.654866776,5.654866776,-2.827433388,-5.654866776,-5.654866776,5.654866776,0.0,0.0,0.0,0.0,0.0,0.0,-3.5319172774624077,1.829199085732857,-2.8441705210351103,-5.6678611364966,-5.652253815258056,5.654866528943936,0.0001671748464931408,-0.00015974630359858008,0.0001683142673185573,0.00016813092935585072,-0.0001604840213821346,0.00016757926508824213
466,7.7859999999993645,0.8173274397850037,0.8716962933540344,-1.0,-0.654155433177948,-0.4829508066177368,0.0040937322191894054,-1.0,5.654866776,5.654866776,-2.827433388,-5.654866776,-5.654866776,5.654866776,0.0,0.0,0.0,0.0,0.0,0.0,-3.5318718684579427,1.8291988642331212,-2.8444410193060845,-5.667866236199866,-5.65225207699989,5.654866539881304,0.0001672854974634397,-0.00015985245765046433,0.00016842528964976052,0.00016824704208796016,-0.0001605899027051202,0.00016769055380189918
467,7.801999999999363,0.8173006772994995,0.8716816306114197,-1.0,-0.6542364954948425,-0.4830503463745117,0.004126828163862228,-1.0,5.654866776,5.654866776,-2.827433388,-5.654866776,-5.654866776,5.654866776,0.0,0.0,0.0,0.0,0.0,0.0,-3.531826462043843,1.829198642916396,-2.8447112499321303,-5.6678713298367915,-5.652250340669856,5.6548665499185855,0.00016739602616006754,-0.00015995849469180383,0.00016853618937765234,0.00016836302740720028,-0.00016069566720932314,0.0001678017198415074
468,7.819999999999361,0.8172754645347595,0.8716676235198975,-1.0,-0.6543164849281311,-0.4831485152244568,0.004158942028880119,-1.0,5.654866776,5.654866776,-2.827433388,-5.654866776,-5.654866776,5.654866776,0.0,0.0,0.0,0.0,0.0,0.0,-3.531775382921234,1.829198394153727,-2.845014939705621,-5.667877052935204,-5.652248389601149,5.65486656022658,0.00016752022494339832,-0.0001600776466224173,0.00016866080516481994,0.0001684933587174643,-0.00016081451276726112,0.00016792663513089042
469,7.835999999999359,0.8172472715377808,0.8716531991958618,-1.0,-0.6543989777565002,-0.4832499027252197,0.0041935034096241,-1.0,5.654866776,5.654866776,-2.827433388,-5.654866776,-5.654866776,5.654866776,0.0,0.0,0.0,0.0,0.0,0.0,-3.5317299820035446,1.8291981732256126,-2.8452846022223106,-5.667882133702583,-5.652246657362687,5.654866568589427,0.00016763049421983576,-0.00016018343534543244,0.00016877144474019247,0.00016860907361691417,-0.00016092002936681876,0.00016803754083162368
470,7.851999999999357,0.8172209858894348,0.8716385960578918,-1.0,-0.6544798612594604,-0.48334917426109314,0.004226614721119404,-1.0,5.654866776,5.654866776,-2.827433388,-5.654866776,-5.654866776,5.654866776,0.0,0.0,0.0,0.0,0.0,0.0,-3.5316845836685813,1.8291979524802395,-2.8455539976928943,-5.6678872084237515,-5.652244927046984,5.654866576263947,0.00016774064160684157,-0.00016028910736826292,0.00016888196206829296,0.0001687246614183778,-0.00016102542946344533,0.00016814832418233122
471,7.869999999999355,0.8171947598457336,0.8716244101524353,-1.0,-0.6545591950416565,-0.48344743251800537,0.004258587025105953,-1.0,5.654866776,5.654866776,-2.827433388,-5.654866776,-5.654866776,5.654866776,0.0,0.0,0.0,0.0,0.0,0.0,-3.531633513625866,1.829197704360024,-2.845856748632482,-5.667892910265932,-5.652242982737971,5.654866584145325,0.00016786441187109866,-0.00016040784902509545,0.0001690061480792653,0.0001688545459007442,-0.00016114386544090976,0.0001682728093352723
472,7.8859999999993535,0.8171666860580444,0.8716103434562683,-1.0,-0.65464186668396,-0.48354870080947876,0.004293043632060289,-1.0,5.654866776,5.654866776,-2.827433388,-5.654866776,-5.654866776,5.654866776,0.0,0.0,0.0,0.0,0.0,0.0,-3.5315881207710738,1.8291974840026992,-2.846125577266751,-5.667897972160161,-5.6522412565024185,5.654866590539351,0.0001679743006413737,-0.00016051327339188255,0.0001691164060062341,0.00016896986395989043,-0.0001612490183053809,0.00016838333303892912
473,7.901999999999352,0.8171403408050537,0.8715959191322327,-1.0,-0.6547222137451172,-0.48364752531051636,0.004326073452830315,-1.0,5.654866776,5.654866776,-2.827433388,-5.654866776,-5.654866776,5.654866776,0.0,0.0,0.0,0.0,0.0,0.0,-3.531542730491365,1.829197263827856,-2.8463941394542083,-5.667903028028157,-5.652239532184249,5.654866596406991,0.0001680840678948545,-0.0001606185813712776,0.00016922654203733916,0.00016908505524332491,-0.0001613540549839124,0.00016849373471947192
474,7.91999999999935,0.8171138167381287,0.8715816736221313,-1.0,-0.6548014283180237,-0.4837457239627838,0.004358046688139439,-1.0,5.654866776,5.654866776,-2.827433388,-5.654866776,-5.654866776,5.654866776,0.0,0.0,0.0,0.0,0.0,0.0,-3.531491669501677,1.8291970163491782,-2.8466959536667664,-5.667908708684343,-5.652237594616043,5.6548666024326595,0.00016820741095043338,-0.00016073691385394505,0.0001693502995076942,0.00016921449403060266,-0.00016147208249528913,0.00016861779088520444
475,7.935999999999348,0.8170856237411499,0.8715671300888062,-1.0,-0.6548841595649719,-0.48384639620780945,0.004392249509692192,-1.0,5.654866776,5.654866776,-2.827433388,-5.654866776,-5.654866776,5.654866776,0.0,0.0,0.0,0.0,0.0,0.0,-3.5314462846859023,1.8291967965618368,-2.846963950291774,-5.667913751767707,-5.652235874366609,5.654866607321066,0.00016831692036893003,-0.0001608419748440502,0.00016946017688036124,0.00016932941626291822,-0.0001615768726161986,0.0001687279336158405
476,7.951999999999346,0.8170583844184875,0.8715530037879944,-1.0,-0.6549643874168396,-0.48394545912742615,0.004425136372447014,-1.0,5.654866776,5.654866776,-2.827433388,-5.654866776,-5.654866776,5.654866776,0.0,0.0,0.0,0.0,0.0,0.0,-3.531400902437571,1.8291965769567229,-2.847231681069577,-5.667918788844685,-5.652234156029188,5.654866611806928,0.0001684263086342987,-0.0001609469197613473,0.00016956993270494914,0.00016944421204739287,-0.00016168154686894878,0.00016883795465241175
477,7.969999999999344,0.8170323967933655,0.8715384006500244,-1.0,-0.6550431847572327,-0.48404330015182495,0.004457186441868544,-1.0,5.654866776,5.654866776,-2.827433388,-5.654866776,-5.654866776,5.654866776,0.0,0.0,0.0,0.0,0.0,0.0,-3.5313498504740544,1.8291963301186882,-2.8475325606630815,-5.667924448384654,-5.652232225182905,5.654866616413479,0.00016854922575988598,-0.00016106484417575674,0.000169693262857431,0.00016957320629209147,-0.00016179916703140188,0.0001689615829876756
478,7.9859999999993425,0.8170040249824524,0.8715240955352783,-1.0,-0.6551253795623779,-0.4841441214084625,0.00449106702581048,-1.0,5.654866776,5.654866776,-2.827433388,-5.654866776,-5.654866776,5.654866776,0.0,0.0,0.0,0.0,0.0,0.0,-3.53130447367343,1.8291961109005412,-2.847799727152826,-5.667929472719051,-5.65223051090281,5.654866620150495,0.00016865835695521183,-0.00016116954277371846,0.00016980276075940167,0.000169687733726913,-0.0001619035954024119,0.00016907134577532427
479,8.001999999999342,0.8169768452644348,0.8715097904205322,-1.0,-0.6552055478096008,-0.48424285650253296,0.004524294286966324,-1.0,5.654866776,5.654866776,-2.827433388,-5.654866776,-5.654866776,5.654866776,0.0,0.0,0.0,0.0,0.0,0.0,-3.5312590994326154,1.8291958918643723,-2.848066628395162,-5.667934491066794,-5.652228798529363,5.654866623579675,0.0001687673673540896,-0.00016127412561474638,0.00016991213745820412,0.00016980213504596485,-0.0001620079082235581,0.0001691809871995029
480,8.019999999999348,0.8169498443603516,0.8714958429336548,-1.0,-0.6552848815917969,-0.4843405485153198,0.0045561231672763824,-1.0,5.654866776,5.654866776,-2.827433388,-5.654866776,-5.654866776,5.654866776,0.0,0.0,0.0,0.0,0.0,0.0,-3.5312080564684343,1.8291956456661043,-2.8483665754782557,-5.66794012955992,-5.652226874386136,5.654866627100991,0.00016888985980388277,-0.00016139164307130575,0.0001700350415054639,0.00016993068591534164,-0.000162125122156064,0.00016930418886646387
481,8.035999999999353,0.8169217705726624,0.8714812397956848,-1.0,-0.6553665995597839,-0.48444104194641113,0.004590209573507309,-1.0,5.654866776,5.654866776,-2.827433388,-5.654866776,-5.654866776,5.654866776,0.0,0.0,0.0,0.0,0.0,0.0,-3.5311626876591142,1.8291954270163762,-2.8486329137072155,-5.6679451352069075,-5.652225166058614,5.65486662995751,0.0001689986138846151,-0.00016149598026523533,0.00017014416101203083,0.00017004481959389286,-0.00016222918977221225,0.00016941357274546522
482,8.051999999999358,0.8168942332267761,0.8714671730995178,-1.0,-0.655446469783783,-0.48453983664512634,0.004622982814908028,-1.0,5.654866776,5.654866776,-2.827433388,-5.654866776,-5.654866776,5.654866776,0.0,0.0,0.0,0.0,0.0,0.0,-3.5311173214019806,1.8291952085483798,-2.848898987288654,-5.667950134886876,-5.652223459632378,5.654866632578621,0.00016910724752015158,-0.00016160020201899035,0.00017025315965804325,0.00017015882749186052,-0.0001623331421570975,0.00016952283559267556
483,8.069999999999364,0.816867470741272,0.8714526891708374,-1.0,-0.6555250883102417,-0.4846371114253998,0.004654782358556986,-1.0,5.654866776,5.654866776,-2.827433388,-5.654866776,-5.654866776,5.654866776,0.0,0.0,0.0,0.0,0.0,0.0,-3.5310662874103294,1.8291949629890125,-2.8491980039703075,-5.667955752402186,-5.652221542173356,5.654866635270031,0.00016922931652926036,-0.00016171731363125974,0.00017037563880467616,0.0001702869361641634,-0.00016244995097971425,0.00016964561175733813
484,8.08599999999937,0.8168385624885559,0.8714385032653809,-1.0,-0.6556066870689392,-0.484737366437912,0.004688890650868416,-1.0,5.654866776,5.654866776,-2.827433388,-5.654866776,-5.654866776,5.654866776,0.0,0.0,0.0,0.0,0.0,0.0,-3.5310209265684964,1.8291947449069368,-2.849463515813165,-5.667960739423025,-5.652219839781658,5.654866637453216,0.00016933769458837513,-0.00016182129041171844,0.00017048438098448166,0.00017040067713648826,-0.0001625536588368155,0.00016975461776504213
485,8.101999999999375,0.8168115615844727,0.8714240789413452,-1.0,-0.6556863188743591,-0.4848359525203705,0.004721546079963446,-1.0,5.654866776,5.654866776,-2.827433388,-5.654866776,-5.654866776,5.654866776,0.0,0.0,0.0,0.0,0.0,0.0,-3.5309755682712347,1.8291945270063492,-2.849728763608408,-5.6679657204963885,-5.652218139285885,5.65486663945638,0.00016944595254937342,-0.00016192515206935387,0.00017059300264453197,0.0001705142926656882,-0.0001626572517814071,0.0001698635030733715
486,8.119999999999381,0.8167840242385864,0.8714094758033752,-1.0,-0.6557645797729492,-0.4849332869052887,0.004753202199935913,-1.0,5.654866776,5.654866776,-2.827433388,-5.654866776,-5.654866776,5.654866776,0.0,0.0,0.0,0.0,0.0,0.0,-3.530924543225342,1.8291942820850269,-2.850026851997657,-5.667971317102602,-5.652216228492233,5.6548666415131486,0.00016956759933802886,-0.00016204185895301806,0.0001707150580886797,0.0001706419603272714,-0.0001627736566147313,0.00016998585490437458
487,8.135999999999386,0.816755473613739,0.8713958859443665,-1.0,-0.6558464765548706,-0.48503339290618896,0.004787355661392212,-1.0,5.654866776,5.654866776,-2.827433388,-5.654866776,-5.654866776,5.654866776,0.0,0.0,0.0,0.0,0.0,0.0,-3.5308791903272128,1.8291940645698443,-2.850291539329087,-5.667976285558286,-5.65221453201962,5.654866643181423,0.00016967560245635454,-0.00016214547631220402,0.00017082342400504756,0.0001707553096499013,-0.00016287700570895714,0.00017009448408018037
488,8.151999999999392,0.816727876663208,0.8713809251785278,-1.0,-0.6559258699417114,-0.48513153195381165,0.004819890484213829,-1.0,5.654866776,5.654866776,-2.827433388,-5.654866776,-5.654866776,5.654866776,0.0,0.0,0.0,0.0,0.0,0.0,-3.530833839966051,1.8291938472359084,-2.8505559632127677,-5.667981248085964,-5.652212837437582,5.654866644712035,0.0001697834858203061,-0.00016224897886630478,0.0001709316697409657,0.00017086853386856558,-0.00016298024020946122,0.0001702029928895241
489,8.169999999999398,0.8167004585266113,0.8713667988777161,-1.0,-0.6560043692588806,-0.4852287471294403,0.004851379431784153,-1.0,5.654866776,5.654866776,-2.827433388,-5.654866776,-5.654866776,5.654866776,0.0,0.0,0.0,0.0,0.0,0.0,-3.5307828238391865,1.82919360295178,-2.850853125418505,-5.667986823851522,-5.652210933290489,5.654866646283486,0.000169904711597013,-0.00016236528213839588,0.00017105330267551248,0.00017099576171173366,-0.00016309624217422878,0.00017032492155724026
490,8.185999999999403,0.8166712522506714,0.87135249376297,-1.0,-0.6560853123664856,-0.4853285253047943,0.004885392729192972,-1.0,5.654866776,5.654866776,-2.827433388,-5.654866776,-5.654866776,5.654866776,0.0,0.0,0.0,0.0,0.0,0.0,-3.5307374788610133,1.829193386002736,-2.851116990113003,-5.667991773802812,-5.652209242720243,5.654866647558006,0.0001700123408458205,-0.00016246854106949135,0.0001711612933874152,0.00017110872044589454,-0.00016319923350175194,0.00017043317494183538
491,8.201999999999408,0.8166429996490479,0.8713381886482239,-1.0,-0.6561645269393921,-0.48542678356170654,0.004917740356177092,-1.0,5.654866776,5.654866776,-2.827433388,-5.654866776,-5.654866776,5.654866776,0.0,0.0,0.0,0.0,0.0,0.0,-3.530692136412217,1.8291931692346974,-2.8513805919595288,-5.667996717845494,-5.652207554035227,5.654866648727253,0.00017011985068134035,-0.00016257168551346094,0.00017126916425694102,0.00017122155441646322,-0.0001633021105542864,0.00017054130829317337
492,8.219999999999414,0.8166164755821228,0.8713241815567017,-1.0,-0.6562430262565613,-0.4855237305164337,0.004949610680341721,-1.0,5.654866776,5.654866776,-2.827433388,-5.654866776,-5.654866776,5.654866776,0.0,0.0,0.0,0.0,0.0,0.0,-3.5306411291776962,1.8291929255869168,-2.8516768300903474,-5.668002272838588,-5.6522056565158945,5.6548666499275795,0.0001702406566454445,-0.00016268758629174037,0.0001713903758704924,0.00017134834363772568,-0.00016341771077103994,0.000170662814968982
493,8.23599999999942,0.8165864944458008,0.8713098764419556,-1.0,-0.6563239097595215,-0.48562338948249817,0.004983414895832539,-1.0,5.654866776,5.654866776,-2.827433388,-5.654866776,-5.654866776,5.654866776,0.0,0.0,0.0,0.0,0.0,0.0,-3.530595792095773,1.82919270920326,-2.851939874022099,-5.668007204346028,-5.652203971831316,5.654866650900996,0.00017034791308838588,-0.0001627904877884674,0.00017149799243331774,0.00017146091284803454,-0.00016352034532780122,0.00017077069360381183
494,8.251999999999425,0.8165585994720459,0.8712953925132751,-1.0,-0.656403124332428,-0.4857212007045746,0.005015692673623562,-1.0,5.654866776,5.654866776,-2.827433388,-5.654866776,-5.654866776,5.654866776,0.0,0.0,0.0,0.0,0.0,0.0,-3.530550457535649,1.8291924930003685,-2.852202655705535,-5.668012129964193,-5.6522022890266275,5.6548666517939115,0.0001704550504570598,-0.00016289327511610037,0.00017160548949082298,0.0001715733576359557,-0.00016362286592819383,0.00017087845253872517
495,8.269999999999431,0.816531240940094,0.8712812066078186,-1.0,-0.6564808487892151,-0.48581814765930176,0.005047294776886702,-1.0,5.654866776,5.654866776,-2.827433388,-5.654866776,-5.654866776,5.654866776,0.0,0.0,0.0,0.0,0.0,0.0,-3.5304994591668333,1.8291922499880913,-2.8524979718695964,-5.6680176642527895,-5.652200398116282,5.654866652710443,0.00017057543780049932,-0.00016300877451865288,0.00017172628096838688,0.0001716997094348392,-0.00016373806551706838,0.00017099953839452365
496,8.285999999999436,0.8165021538734436,0.8712672591209412,-1.0,-0.6565620303153992,-0.48591792583465576,0.005081258714199066,-1.0,5.654866776,5.654866776,-2.827433388,-5.654866776,-5.654866776,5.654866776,0.0,0.0,0.0,0.0,0.0,0.0,-3.5304541299574956,1.8291920341690722,-2.8527601969123735,-5.6680225773767345,-5.652198719300689,5.65486665345361,0.0001706823224951852,-0.00016311131957487138,0.00017183352443451554,0.00017181189018821555,-0.00016384034429857712,0.00017110704332133124
497,8.301999999999442,0.8164730668067932,0.8712522983551025,-1.0,-0.6566404700279236,-0.48601531982421875,0.0051132007502019405,-1.0,5.654866776,5.654866776,-2.827433388,-5.654866776,-5.654866776,5.654866776,0.0,0.0,0.0,0.0,0.0,0.0,-3.530408803262394,1.8291918185305789,-2.853022160306338,-5.6680274846306755,-5.652197042359651,5.65486665413522,0.00017078908845296454,-0.00016321375078002078,0.00017194064873153579,0.00017192394686098148,-0.0001639425094421706,0.00017121442888159646
498,8.319999999999448,0.8164454698562622,0.871238112449646,-1.0,-0.6567183136940002,-0.48611190915107727,0.005144726485013962,-1.0,5.654866776,5.654866776,-2.827433388,-5.654866776,-5.654866776,5.654866776,0.0,0.0,0.0,0.0,0.0,0.0,-3.530357813732694,1.8291915761529633,-2.8533165566112735,-5.668032998282533,-5.652195158039538,5.654866654834741,0.0001709090583618166,-0.00016332884992489096,0.00017206102125511807,0.00017204986243900405,-0.00016405730952271638,0.00017133509508938222
499,8.335999999999453,0.8164258003234863,0.8712236285209656,-1.0,-0.6567931175231934,-0.48620980978012085,0.005182486958801746,-1.0,5.654866776,5.654866776,-2.827433388,-5.654866776,-5.654866776,5.654866776,0.0,0.0,0.0,0.0,0.0,0.0,-3.5303124923723224,1.8291913608978334,-2.8535779646383435,-5.668037893083148,-5.652193485076266,5.654866655401842,0.00017101557236098454,-0.00016343103953434088,0.00017216789267438784,0.000172161655803898,-0.00016415923352391506,0.00017144222734989691
500,8.351999999999459,0.8163912892341614,0.8712092041969299,-1.0,-0.6568745970726013,-0.48630794882774353,0.005212407559156418,-1.0,5.654866776,5.654866776,-2.827433388,-5.654866776,-5.654866776,5.654866776,0.0,0.0,0.0,0.0,0.0,0.0,-3.530267173518638,1.82919114582299,-2.853839111615931,-5.668042782032978,-5.65219181398222,5.6548666559218725,0.00017112196795924145,-0.00016353311561065416,0.00017227464526001768,0.00017227332543030878,-0.00016426104420543843,0.00017154924057717776
501,8.369999999999465,0.8163588643074036,0.8711960315704346,-1.0,-0.6569556593894958,-0.48640555143356323,0.005241486243903637,-1.0,5.654866776,5.654866776,-2.827433388,-5.654866776,-5.654866776,5.654866776,0.0,0.0,0.0,0.0,0.0,0.0,-3.5302161928015154,1.829190904079194,-2.854132590168752,-5.668048275115662,-5.652189936233607,5.654866656455454,0.00017124152161474178,-0.00016364781561556649,0.00017239460000899128,0.0001723988059902342,-0.00016437544589646032,0.0001716694883087211
502,8.38599999999947,0.8163278698921204,0.8711822032928467,-1.0,-0.6570375561714172,-0.4865051805973053,0.005273911170661449,-1.0,5.654866776,5.654866776,-2.827433388,-5.654866776,-5.654866776,5.654866776,0.0,0.0,0.0,0.0,0.0,0.0,-3.530170879266535,1.8291906893872047,-2.854393183052817,-5.668053151652946,-5.65218826910601,5.6548666568879264,0.00017134766596712528,-0.00016374965077164123,0.00017250110042902207,0.00017251021303601855,-0.00016447701611159866,0.00017177624894439922
503,8.401999999999475,0.816299557685852,0.8711681365966797,-1.0,-0.6571167707443237,-0.4866025745868683,0.00530632957816124,-1.0,5.654866776,5.654866776,-2.827433388,-5.654866776,-5.654866776,5.654866776,0.0,0.0,0.0,0.0,0.0,0.0,-3.530125568230709,1.8291904748752623,-2.8546535154865347,-5.668058022358611,-5.65218660384232,5.6548666572844075,0.00017145369225344216,-0.00016385137271237338,0.00017260748235022326,0.00017262149668564885,-0.0001645784733250617,0.0001718828908800256
504,8.419999999999481,0.8162719011306763,0.8711532950401306,-1.0,-0.6571934223175049,-0.48669835925102234,0.005337654612958431,-1.0,5.654866776,5.654866776,-2.827433388,-5.654866776,-5.654866776,5.654866776,0.0,0.0,0.0,0.0,0.0,0.0,-3.5300745962996776,1.8291902337644446,-2.854946078393574,-5.6680634949395,-5.6521847326464965,5.654866657691108,0.00017157283083291054,-0.00016396567469453466,0.00017272702050169522,0.00017274654343090145,-0.00016469247774452672,0.0001720027213066391
505,8.435999999999487,0.8162423372268677,0.8711387515068054,-1.0,-0.6572732329368591,-0.4867970645427704,0.005371673032641411,-1.0,5.654866776,5.654866776,-2.827433388,-5.654866776,-5.654866776,5.654866776,0.0,0.0,0.0,0.0,0.0,0.0,-3.530029290566563,1.8291900196348476,-2.8552058580067103,-5.668068353273298,-5.652183071337951,5.654866658020643,0.00017167860658390548,-0.000164067156390137,0.00017283315096815432,0.00017285756522743232,-0.0001647936951670898,0.0001721091113584884
506,8.451999999999492,0.8162137866020203,0.8711245656013489,-1.0,-0.6573508381843567,-0.4868939220905304,0.005404047667980194,-1.0,5.654866776,5.654866776,-2.827433388,-5.654866776,-5.654866776,5.654866776,0.0,0.0,0.0,0.0,0.0,0.0,-3.5299839873250836,1.8291898056850582,-2.8554653777684234,-5.66807320579459,-5.652181411887993,5.654866658322657,0.0001717842646027947,-0.00016416852518797952,0.00017293916327002602,0.00017296846397015978,-0.00016489479990571318,0.00017221538304326565
507,8.469999999999498,0.8161857724189758,0.8711100220680237,-1.0,-0.6574273109436035,-0.48698994517326355,0.005435330793261528,-1.0,5.654866776,5.654866776,-2.827433388,-5.654866776,-5.654866776,5.654866776,0.0,0.0,0.0,0.0,0.0,0.0,-3.529933024153711,1.8291895652063752,-2.855757027135272,-5.66807865794089,-5.652179547226267,5.6548666586323435,0.00017190298928018396,-0.00016428243026393933,0.00017305828599904256,0.00017309307810440934,-0.00016500840817066452,0.0001723347973356247
508,8.485999999999503,0.816155731678009,0.8710957169532776,-1.0,-0.6575074195861816,-0.48708871006965637,0.005468717776238918,-1.0,5.654866776,5.654866776,-2.827433388,-5.654866776,-5.654866776,5.654866776,0.0,0.0,0.0,0.0,0.0,0.0,-3.5298877261989805,1.8291893516384212,-2.856015995348885,-5.668083498130885,-5.652177891720167,5.654866658883169,0.00017200839747242715,-0.00016438355949131104,0.00017316404755583884,0.00017320371572159319,-0.0001651092737932792,0.00017244081784400904
509,8.501999999999509,0.8161269426345825,0.8710809350013733,-1.0,-0.6575855612754822,-0.48718568682670593,0.00550074502825737,-1.0,5.654866776,5.654866776,-2.827433388,-5.654866776,-5.654866776,5.654866776,0.0,0.0,0.0,0.0,0.0,0.0,-3.5298424307283827,1.8291891382500352,-2.8562747043097754,-5.668088332527445,-5.652176238067343,5.654866659112955,0.00017211368826569083,-0.00016448457613829303,0.0001732696912817582,0.00017331423062731945,-0.00016521002704941148,0.00017254672031809153
510,8.519999999999515,0.8160987496376038,0.871067464351654,-1.0,-0.657662570476532,-0.4872814118862152,0.005532263778150082,-1.0,5.654866776,5.654866776,-2.827433388,-5.654866776,-5.654866776,5.654866776,0.0,0.0,0.0,0.0,0.0,0.0,-3.5297914762902884,1.8291888984026439,-2.8565654422412408,-5.668093764306195,-5.652174379921048,5.654866659348467,0.00017223200021213673,-0.00016459808542380086,0.00017338839976151603,0.0001734384133541348,-0.0001653232402759083,0.00017266571964609352
511,8.53599999999952,0.8160689473152161,0.8710530400276184,-1.0,-0.6577417254447937,-0.48737987875938416,0.005565452389419079,-1.0,5.654866776,5.654866776,-2.827433388,-5.654866776,-5.654866776,5.654866776,0.0,0.0,0.0,0.0,0.0,0.0,-3.529746186090511,1.8291886853955834,-2.8568236009260235,-5.668098586411927,-5.652172730200802,5.6548666595391195,0.00017233704188586698,-0.00016469886317446549,0.0001734937934509613,0.00017354866786171478,-0.00016542375509032118,0.00017277137165065966
512,8.551999999999525,0.8160393834114075,0.8710388541221619,-1.0,-0.6578198671340942,-0.487476646900177,0.005597339943051338,-1.0,5.654866776,5.654866776,-2.827433388,-5.654866776,-5.654866776,5.654866776,0.0,0.0,0.0,0.0,0.0,0.0,-3.529700898367378,1.82918847256785,-2.857081500956549,-5.668103402743248,-5.652171082328531,5.654866659713687,0.00017244196649301424,-0.0001647995286618652,0.00017359906964274207,0.0001736588000000989,-0.00016552415785541088,0.00017287690595344703
513,8.569999999999531,0.8160110712051392,0.8710247278213501,-1.0,-0.6578965187072754,-0.48757219314575195,0.005628577433526516,-1.0,5.654866776,5.654866776,-2.827433388,-5.654866776,-5.654866776,5.654866776,0.0,0.0,0.0,0.0,0.0,0.0,-3.529649952636238,1.8291882333509055,-2.8573713295566106,-5.668108814221326,-5.6521692306790206,5.654866659892496,0.0001725598668771589,-0.00016491264327178154,0.00017371736504469572,0.00017378255252267395,-0.0001656369771584668,0.00017299549148608553
514,8.585999999999537,0.8159804344177246,0.8710099458694458,-1.0,-0.6579761505126953,-0.48767074942588806,0.005661762319505215,-1.0,5.654866776,5.654866776,-2.827433388,-5.654866776,-5.654866776,5.654866776,0.0,0.0,0.0,0.0,0.0,0.0,-3.52960467016803,1.8291880209039864,-2.857628680582509,-5.668113618302196,-5.652167586728064,5.654866660037148,0.00017266454307049615,-0.00016501307053643448,0.0001738223919075879,0.00017389242498999568,-0.00016573714215546747,0.00017310077602564463
515,8.601999999999542,0.8159513473510742,0.870995819568634,-1.0,-0.6580535173416138,-0.48776698112487793,0.005693542771041393,-1.0,5.654866776,5.654866776,-2.827433388,-5.654866776,-5.654866776,5.654866776,0.0,0.0,0.0,0.0,0.0,0.0,-3.5295593901689934,1.8291878086361535,-2.857885773552372,-5.668118416627633,-5.652165944619783,5.654866660169502,0.00017276910252902813,-0.00016511338585466464,0.000173927301605563,0.00017400217543020124,-0.00016583719541999283,0.00017320594319565735
516,8.619999999999548,0.8159224987030029,0.8709820508956909,-1.0,-0.6581304669380188,-0.4878624677658081,0.005724512040615082,-1.0,5.654866776,5.654866776,-2.827433388,-5.654866776,-5.654866776,5.654866776,0.0,0.0,0.0,0.0,0.0,0.0,-3.5295084531185363,1.8291875700488094,-2.8581746949241493,-5.668123807871756,-5.652164099448433,5.654866660304961,0.00017288659251738514,-0.00016522610690286794,0.00017404518509956787,0.00017412549895112243,-0.0001659496219135207,0.00017332411610092462
517,8.635999999999553,0.8158926367759705,0.8709672689437866,-1.0,-0.6582096815109253,-0.4879607856273651,0.005757502280175686,-1.0,5.654866776,5.654866776,-2.827433388,-5.654866776,-5.654866776,5.654866776,0.0,0.0,0.0,0.0,0.0,0.0,-3.5294631783585633,1.829187358161279,-2.858431240160338,-5.668128593987025,-5.6521624612502155,5.654866660414449,0.00017299090426655729,-0.00016532618467133975,0.00017414984617529112,0.00017423499044697953,-0.00016604943808292926,0.00017342903421339718
518,8.651999999999559,0.815862774848938,0.8709536790847778,-1.0,-0.6582871079444885,-0.4880572259426117,0.005789502523839474,-1.0,5.654866776,5.654866776,-2.827433388,-5.654866776,-5.654866776,5.654866776,0.0,0.0,0.0,0.0,0.0,0.0,-3.529417906060305,1.8291871464525937,-2.8586875279384576,-5.6681333743657945,-5.652160824889385,5.654866660514537,0.00017309509961216458,-0.0001654261508099345,0.0001742543904184148,0.00017434436025759412,-0.00016614914283639715,0.00017353383528825934
519,8.669999999999565,0.815834105014801,0.8709395527839661,-1.0,-0.658363401889801,-0.4881522059440613,0.0058203404769301414,-1.0,5.654866776,5.654866776,-2.827433388,-5.654866776,-5.654866776,5.654866776,0.0,0.0,0.0,0.0,0.0,0.0,-3.5293669776643175,1.8291869084940022,-2.8589755441841773,-5.668138745442534,-5.652158986177593,5.654866660616864,0.0001732121803691944,-0.0001655384794093051,0.00017437186317275976,0.00017446725597877397,-0.0001662611776332086,0.00017365159673312145
520,8.68599999999957,0.8158035278320312,0.8709250092506409,-1.0,-0.6584422588348389,-0.48825010657310486,0.00585333164781332,-1.0,5.654866776,5.654866776,-2.827433388,-5.654866776,-5.654866776,5.654866776,0.0,0.0,0.0,0.0,0.0,0.0,-3.5293217105892944,1.8291866971651063,-2.859231285499024,-5.6681435136513265,-5.652157353715589,5.654866660699476,0.00017331612870874884,-0.0001656382086704877,0.00017447615949934438,0.0001745763675712618,-0.0001663606459638398,0.00017375614945546732
521,8.701999999999575,0.8157743215560913,0.8709108829498291,-1.0,-0.6585196852684021,-0.4883466064929962,0.0058851707726716995,-1.0,5.654866776,5.654866776,-2.827433388,-5.654866776,-5.654866776,5.654866776,0.0,0.0,0.0,0.0,0.0,0.0,-3.529276445968545,1.829186486014814,-2.8594867699535054,-5.668148276142514,-5.652155723085686,5.654866660774905,0.00017341996097546147,-0.00016573782661803178,0.00017458033932522075,0.00017468535782012352,-0.00016646000319473127,0.00017386058547181406
522,8.719999999999581,0.8157445788383484,0.8708968162536621,-1.0,-0.6585958003997803,-0.48844122886657715,0.005915822461247444,-1.0,5.654866776,5.654866776,-2.827433388,-5.654866776,-5.654866776,5.654866776,0.0,0.0,0.0,0.0,0.0,0.0,-3.529225526200865,1.8291862486841248,-2.859773883174468,-5.6681536271182855,-5.6521538908148745,5.654866660851914,0.00017353663366384146,-0.000165849763880355,0.00017469740250670797,0.00017480782694257602,-0.00016657164740646962,0.00017397793662210032
523,8.735999999999587,0.8157144784927368,0.870882511138916,-1.0,-0.6586744785308838,-0.48853904008865356,0.005948785692453384,-1.0,5.654866776,5.654866776,-2.827433388,-5.654866776,-5.654866776,5.654866776,0.0,0.0,0.0,0.0,0.0,0.0,-3.5291802667875545,1.8291860379131069,-2.860028822435513,-5.668158377479592,-5.652152264072574,5.654866660913986,0.000173640219626757,-0.00016594914562215282,0.00017480133512086463,0.00017491655969895768,-0.0001666707688860907,0.0001740821249902505
524,8.751999999999592,0.8156846165657043,0.870867908000946,-1.0,-0.6587514877319336,-0.4886350631713867,0.005980342626571655,-1.0,5.654866776,5.654866776,-2.827433388,-5.654866776,-5.654866776,5.654866776,0.0,0.0,0.0,0.0,0.0,0.0,-3.5291350098210925,1.8291858273204498,-2.860283505433629,-5.6681631221421425,-5.652150639157097,5.654866660970572,0.00017374368984704013,-0.00016604841636623944,0.00017490515156578176,0.00017502517145307335,-0.00016676977958183104,0.00017418619698368688
525,8.769999999999598,0.8156560063362122,0.8708539605140686,-1.0,-0.6588279008865356,-0.4887297451496124,0.006011041812598705,-1.0,5.654866776,5.654866776,-2.827433388,-5.654866776,-5.654866776,5.654866776,0.0,0.0,0.0,0.0,0.0,0.0,-3.5290840986556176,1.8291855906168115,-2.8605697177301943,-5.668168453083213,-5.652148813308706,5.654866661028233,0.00017385995562774662,-0.0001661599634021618,0.00017502180633974997,0.00017514721517683545,-0.0001668810343189506,0.00017430313900405035
526,8.785999999999603,0.8156248331069946,0.8708400726318359,-1.0,-0.6589064002037048,-0.4888274371623993,0.006044032052159309,-1.0,5.654866776,5.654866776,-2.827433388,-5.654866776,-5.654866776,5.654866776,0.0,0.0,0.0,0.0,0.0,0.0,-3.5290388468808316,1.829185380402914,-2.860823856804133,-5.668173185655896,-5.652147192269623,5.654866661074615,0.00017396318024547652,-0.00016625899861149844,0.0001751253762769059,0.00017525557016354846,-0.00016697980993427892,0.00017440696405291806
527,8.801999999999609,0.8155949711799622,0.8708258271217346,-1.0,-0.6589831709861755,-0.48892325162887573,0.0060755470767617226,-1.0,5.654866776,5.654866776,-2.827433388,-5.654866776,-5.654866776,5.654866776,0.0,0.0,0.0,0.0,0.0,0.0,-3.528993597545485,1.829185170367135,-2.8610777402122998,-5.66817791254863,-5.65214557305209,5.654866661116806,0.00017406628945036164,-0.00016635792313871112,0.00017522883037589468,0.000175363804489042,-0.0001670784750812542,0.00017451067305801092
528,8.819999999999615,0.815565288066864,0.8708115220069885,-1.0,-0.6590590476989746,-0.48901766538619995,0.006106143817305565,-1.0,5.654866776,5.654866776,-2.827433388,-5.654866776,-5.654866776,5.654866776,0.0,0.0,0.0,0.0,0.0,0.0,-3.5289426949561644,1.829184934289693,-2.8613630536838524,-5.6681832235211225,-5.6521437536075885,5.654866661159689,0.0001741821494827343,-0.00016646908105775665,0.0001753450779062585,0.00017548542401315078,-0.0001671893414530208,0.00017462720711192695
529,8.83599999999962,0.8155348896980286,0.8707974553108215,-1.0,-0.6591379642486572,-0.4891150891780853,0.006138894706964493,-1.0,5.654866776,5.654866776,-2.827433388,-5.654866776,-5.654866776,5.654866776,0.0,0.0,0.0,0.0,0.0,0.0,-3.528897450796766,1.8291847246321566,-2.8616163944365045,-5.66818793836391,-5.652142138255254,5.654866661194086,0.00017428501378535804,-0.000166567770720497,0.00017544828620057537,0.00017559340229564277,-0.00016728777218969517,0.0001747306698753222
530,8.851999999999626,0.815504789352417,0.8707827925682068,-1.0,-0.659214437007904,-0.4892103970050812,0.006170380860567093,-1.0,5.654866776,5.654866776,-2.827433388,-5.654866776,-5.654866776,5.654866776,0.0,0.0,0.0,0.0,0.0,0.0,-3.528852209069413,1.829184515152495,-2.861869480120262,-5.6681926475455136,-5.652140524719205,5.654866661225284,0.00017438776300447085,-0.0001666663500163717,0.00017555137898739545,0.00017570126025765338,-0.00016738609277318917,0.00017483401692553144
531,8.869999999999632,0.815475344657898,0.8707690834999084,-1.0,-0.6592898368835449,-0.4893050789833069,0.006200896576046944,-1.0,5.654866776,5.654866776,-2.827433388,-5.654866776,-5.654866776,5.654866776,0.0,0.0,0.0,0.0,0.0,0.0,-3.5288013150302544,1.8291842797003943,-2.8621538968651925,-5.6681979386154016,-5.652138711660084,5.654866661256882,0.0001745032184463031,-0.00016677711992685345,0.00017566722043664716,0.00017582245678001272,-0.00016749657188762753,0.00017495014417521799
532,8.885999999999637,0.8154441118240356,0.8707550168037415,-1.0,-0.6593679189682007,-0.48940202593803406,0.006233585998415947,-1.0,5.654866776,5.654866776,-2.827433388,-5.654866776,-5.654866776,5.654866776,0.0,0.0,0.0,0.0,0.0,0.0,-3.5287560784631564,1.8291840705984574,-2.8624064411614905,-5.668202635786897,-5.652137101978051,5.654866661282131,0.0001746057234625167,-0.00016687546502781246,0.00017577006812103714,0.0001759300594227538,-0.00016759465873019175,0.0001750532456858539
533,8.901999999999642,0.8154138326644897,0.8707407116889954,-1.0,-0.6594435572624207,-0.4894973933696747,0.006264968775212765,-1.0,5.654866776,5.654866776,-2.827433388,-5.654866776,-5.654866776,5.654866776,0.0,0.0,0.0,0.0,0.0,0.0,-3.5287108443207256,1.8291838616741511,-2.86265873098548,-5.6682073273159315,-5.6521354941070445,5.654866661304936,0.00017470811372410875,-0.0001669737000768147,0.00017587280062818776,0.00017603754208541696,-0.00016769263573439188,0.0001751562318135258
534,8.919999999999648,0.8153844475746155,0.8707260489463806,-1.0,-0.6595194339752197,-0.4895913898944855,0.006295137107372284,-1.0,5.654866776,5.654866776,-2.827433388,-5.654866776,-5.654866776,5.654866776,0.0,0.0,0.0,0.0,0.0,0.0,-3.5286599588057905,1.8291836268465336,-2.862942253101161,-5.668212598549044,-5.652133687414813,5.654866661327923,0.00017482316573171452,-0.00016708408308583779,0.00017598823715742905,0.000176158316802765,-0.0001678027286982849,0.00017527195341993465
535,8.935999999999654,0.8153535723686218,0.8707123398780823,-1.0,-0.6595979332923889,-0.4896887242794037,0.006327880546450615,-1.0,5.654866776,5.654866776,-2.827433388,-5.654866776,-5.654866776,5.654866776,0.0,0.0,0.0,0.0,0.0,0.0,-3.5286147298079533,1.8291834182994324,-2.8631940028051246,-5.668217278107716,-5.6521320833866575,5.654866661346189,0.00017492531248886091,-0.00016718208460873453,0.00017609072526353586,0.0001762655448691672,-0.00016790047263015757,0.00017537469470937475
536,8.951999999999659,0.8153230547904968,0.8706986904144287,-1.0,-0.6596739888191223,-0.48978370428085327,0.006359413266181946,-1.0,5.654866776,5.654866776,-2.827433388,-5.654866776,-5.654866776,5.654866776,0.0,0.0,0.0,0.0,0.0,0.0,-3.528569503227422,1.8291832099297174,-2.863445498633073,-5.668221952042611,-5.652130481164277,5.654866661362591,0.00017502734481988078,-0.0001672799763942251,0.0001761930985222739,0.00017637265329554824,-0.00016799810703812336,0.00017547732094570561
537,8.969999999999665,0.8152934908866882,0.8706836104393005,-1.0,-0.6597486734390259,-0.48987749218940735,0.006389426067471504,-1.0,5.654866776,5.654866776,-2.827433388,-5.654866776,-5.654866776,5.654866776,0.0,0.0,0.0,0.0,0.0,0.0,-3.5285186262108303,1.829182975725722,-2.8637281282158447,-5.6682272035046335,-5.652128680820473,5.654866661379008,0.00017514199454806534,-0.00016738997360765938,0.0001763081312911921,0.000176493007403427,-0.00016810781495698527,0.00017559263806849504
538,8.98599999999967,0.8152624368667603,0.8706700205802917,-1.0,-0.6598269939422607,-0.48997431993484497,0.0064222244545817375,-1.0,5.654866776,5.654866776,-2.827433388,-5.654866776,-5.654866776,5.654866776,0.0,0.0,0.0,0.0,0.0,0.0,-3.5284734047592643,1.829182767732692,-2.86397908519057,-5.668231865508825,-5.652127082429789,5.654866661391949,0.00017524378407221043,-0.00016748763253510648,0.00017641026084942932,0.00017659986195581732,-0.00016820521696046266,0.00017569502016714965
539,9.001999999999676,0.8152321577072144,0.8706557750701904,-1.0,-0.6599025726318359,-0.4900694489479065,0.006453562527894974,-1.0,5.654866776,5.654866776,-2.827433388,-5.654866776,-5.654866776,5.654866776,0.0,0.0,0.0,0.0,0.0,0.0,-3.5284281857176585,1.8291825599168028,-2.8642297888852704,-5.668236521907886,-5.652125485839636,5.654866661403471,0.00017534545949829337,-0.00016758518203935642,0.00017651227588977094,0.00017670659720790826,-0.00016830250975412794,0.0001757972875421856
540,9.019999999999682,0.8152021765708923,0.8706415891647339,-1.0,-0.6599778532981873,-0.49016302824020386,0.006483531557023525,-1.0,5.654866776,5.654866776,-2.827433388,-5.654866776,-5.654866776,5.654866776,0.0,0.0,0.0,0.0,0.0,0.0,-3.528377317173584,1.8291823263355682,-2.8645115280304134,-5.66824175366436,-5.652123691825818,5.65486666141488,0.00017545970810041816,-0.00016769479456181348,0.0001766269060566563,0.00017682653190061805,-0.00016841183373219853,0.0001759122013396999
541,9.035999999999687,0.8151710033416748,0.870627224445343,-1.0,-0.66005539894104,-0.4902595281600952,0.006516057997941971,-1.0,5.654866776,5.654866776,-2.827433388,-5.654866776,-5.654866776,5.654866776,0.0,0.0,0.0,0.0,0.0,0.0,-3.52833210324535,1.829182118895842,-2.864761694138047,-5.668246398172287,-5.652122099056222,5.654866661423764,0.00017556114141634228,-0.00016779211187531172,0.000176728678096199,0.00017693301400021895,-0.0001685088947884347,0.0001760142252768099
542,9.051999999999692,0.8151403665542603,0.8706133365631104,-1.0,-0.6601309180259705,-0.49035435914993286,0.006547076627612114,-1.0,5.654866776,5.654866776,-2.827433388,-5.654866776,-5.654866776,5.654866776,0.0,0.0,0.0,0.0,0.0,0.0,-3.5282868917197456,1.8291819116330104,-2.8650116075613408,-5.668251037093683,-5.652120508081917,5.654866661431566,0.00017566246096184794,-0.00016788932007944567,0.00017683033594690595,0.0001770393771388647,-0.00016860584694858256,0.0001761161348193999
543,9.069999999999698,0.815110981464386,0.8705995678901672,-1.0,-0.6602054238319397,-0.4904479384422302,0.006577242165803909,-1.0,5.654866776,5.654866776,-2.827433388,-5.654866776,-5.654866776,5.654866776,0.0,0.0,0.0,0.0,0.0,0.0,-3.5282360316224177,1.8291816786736714,-2.8652924583630557,-5.668256249210005,-5.652118720379672,5.654866661439161,0.00017577630958980197,-0.00016799854901425605,0.00017694456466862523,0.00017715889360942763,-0.00016871478808878836,0.00017623064644863557
544,9.085999999999704,0.8150792717933655,0.870585024356842,-1.0,-0.6602829694747925,-0.49054428935050964,0.006609685719013214,-1.0,5.654866776,5.654866776,-2.827433388,-5.654866776,-5.654866776,5.654866776,0.0,0.0,0.0,0.0,0.0,0.0,-3.5281908251946255,1.8291814717864798,-2.8655418354647835,-5.668260876279755,-5.652117133214801,5.654866661444957,0.00017587738772096998,-0.0001680955256941498,0.00017704598021737192,0.0001772650043163091,-0.00016881150917776833,0.0001763323132522324
545,9.101999999999709,0.8150482177734375,0.8705707788467407,-1.0,-0.6603584289550781,-0.4906388223171234,0.006640445441007614,-1.0,5.654866776,5.654866776,-2.827433388,-5.654866776,-5.654866776,5.654866776,0.0,0.0,0.0,0.0,0.0,0.0,-3.528145621162149,1.8291812650759367,-2.8657909604775433,-5.668265497781534,-5.652115547839989,5.654866661449928,0.00017597835240898245,-0.00016819239357814927,0.0001771472819059589,0.00017737099640121188,-0.00016890812168401186,0.0001764338659900276
546,9.119999999999715,0.8150182962417603,0.8705569505691528,-1.0,-0.6604331731796265,-0.4907321631908417,0.006670777685940266,-1.0,5.654866776,5.654866776,-2.827433388,-5.654866776,-5.654866776,5.654866776,0.0,0.0,0.0,0.0,0.0,0.0,-3.5280947694858535,1.8291810327376274,-2.8660709250289385,-5.668270690322957,-5.652113766430924,5.654866661454626,0.0001760918022132272,-0.00016830124002736163,0.00017726111033798398,0.00017749009584136583,-0.00016901668108798107,0.00017654797660664103
547,9.13599999999972,0.8149871230125427,0.870542585849762,-1.0,-0.6605101227760315,-0.4908280074596405,0.006703117862343788,-1.0,5.654866776,5.654866776,-2.827433388,-5.654866776,-5.654866776,5.654866776,0.0,0.0,0.0,0.0,0.0,0.0,-3.528049570535664,1.8291808264022,-2.8663195149849625,-5.66827530001249,-5.6521121848544364,5.654866661458074,0.0001761925261818651,-0.00016839787705284962,0.0001773621704225996,0.00017759583621443608,-0.00016911306318852904,0.00017664928730355423
548,9.151999999999726,0.8149560689926147,0.8705287575721741,-1.0,-0.660585343837738,-0.4909222722053528,0.006733955815434456,-1.0,5.654866776,5.654866776,-2.827433388,-5.654866776,-5.654866776,5.654866776,0.0,0.0,0.0,0.0,0.0,0.0,-3.5280043739734905,1.8291806202431733,-2.866567853447074,-5.668279904152571,-5.652110605062783,5.654866661460898,0.00017629313703415865,-0.00016849440559554127,0.00017746311697530658,0.00017770145830413333,-0.00016920933701931165,0.00017675048426299118
549,9.169999999999732,0.8149266242980957,0.8705143928527832,-1.0,-0.6606596112251282,-0.49101555347442627,0.006763863377273083,-1.0,5.654866776,5.654866776,-2.827433388,-5.654866776,-5.654866776,5.654866776,0.0,0.0,0.0,0.0,0.0,0.0,-3.5279535306925687,1.8291803885250244,-2.8668469338401392,-5.668285077184204,-5.65210882992853,5.654866661463393,0.0001764061891637489,-0.0001686028706598708,0.00017757654627168545,0.00017782014190424636,-0.00016931751578732764,0.00017686419502123657
550,9.185999999999737,0.8148944973945618,0.870500385761261,-1.0,-0.6607365608215332,-0.4911113679409027,0.006795878522098064,-1.0,5.654866776,5.654866776,-2.827433388,-5.654866776,-5.654866776,5.654866776,0.0,0.0,0.0,0.0,0.0,0.0,-3.52790833919719,1.8291801827405876,-2.8670947385096666,-5.668289669551348,-5.652107253924106,5.65486666146506,0.00017650655999075154,-0.00016869916900897125,0.00017767725191753908,0.0001779255130012221,-0.00016941355987706638,0.0001769651506370548
551,9.201999999999742,0.8148636817932129,0.8704861998558044,-1.0,-0.6608120203018188,-0.49120545387268066,0.006826852448284626,-1.0,5.654866776,5.654866776,-2.827433388,-5.654866776,-5.654866776,5.654866776,0.0,0.0,0.0,0.0,0.0,0.0,-3.5278631500825455,1.8291799771323043,-2.867342292280014,-5.668294256387521,-5.652105679699299,5.654866661466254,0.0001766068180278562,-0.00016879535918799376,0.00017777784435935062,0.00017803076615304034,-0.0001695094960096295,0.00017706599284332772
552,9.219999999999748,0.814833402633667,0.8704718351364136,-1.0,-0.660885751247406,-0.49129849672317505,0.006856841035187244,-1.0,5.654866776,5.654866776,-2.827433388,-5.654866776,-5.654866776,5.654866776,0.0,0.0,0.0,0.0,0.0,0.0,-3.5278123151713947,1.829179746033445,-2.867620490605605,-5.668299409974329,-5.652103910821514,5.654866661467082,0.0001767194736303488,-0.00016890344396684352,0.0001778908756726883,0.00017814903510216968,-0.0001696172952406411,0.00017717930489608613
553,9.235999999999754,0.8148015141487122,0.8704581260681152,-1.0,-0.660962700843811,-0.4913941025733948,0.006888893432915211,-1.0,5.654866776,5.654866776,-2.827433388,-5.654866776,-5.654866776,5.654866776,0.0,0.0,0.0,0.0,0.0,0.0,-3.527767131108086,1.829179540799224,-2.867867511846827,-5.66830398507679,-5.652102340372856,5.654866661467402,0.00017681949233536826,-0.0001689994046163948,0.00017799122790389577,0.00017825403797956137,-0.00016971300229600287,0.00017727990645516155
554,9.251999999999759,0.8147706985473633,0.8704439401626587,-1.0,-0.6610375642776489,-0.4914883077144623,0.006919701583683491,-1.0,5.654866776,5.654866776,-2.827433388,-5.654866776,-5.654866776,5.654866776,0.0,0.0,0.0,0.0,0.0,0.0,-3.527721949418245,1.8291793357409083,-2.868114282783274,-5.6683085546667185,-5.652100771698608,5.654866661467366,0.0001769193985764873,-0.00016909525740820564,0.00017809146725850198,0.00017835892324963466,-0.00016980860170639144,0.0001773803949322249
555,9.269999999999765,0.8147402405738831,0.8704298734664917,-1.0,-0.661111056804657,-0.49158066511154175,0.006949655711650848,-1.0,5.654866776,5.654866776,-2.827433388,-5.654866776,-5.654866776,5.654866776,0.0,0.0,0.0,0.0,0.0,0.0,-3.527671122851318,1.829179105260466,-2.8683916011310946,-5.668313688873524,-5.652099009058972,5.6548666614669365,0.0001770316587980432,-0.000169202962999625,0.00017820410173997693,0.00017847677873543806,-0.00016991602249798396,0.00017749330943095517
556,9.28599999999977,0.8147084712982178,0.8704159259796143,-1.0,-0.6611877679824829,-0.49167630076408386,0.006981570273637772,-1.0,5.654866776,5.654866776,-2.827433388,-5.654866776,-5.654866776,5.654866776,0.0,0.0,0.0,0.0,0.0,0.0,-3.527625946197387,1.8291789005756842,-2.8686378408011723,-5.668318246768878,-5.652097444149806,5.65486666146624,0.000177131326399435,-0.00016929858692527218,0.00017830410157937152,0.00017858141444854165,-0.00017001139349419214,0.00017759355795638891
557,9.301999999999776,0.8146777153015137,0.8704021573066711,-1.0,-0.6612628698348999,-0.4917699992656708,0.007012246176600456,-1.0,5.654866776,5.654866776,-2.827433388,-5.654866776,-5.654866776,5.654866776,0.0,0.0,0.0,0.0,0.0,0.0,-3.527580771909674,1.8291786960665584,-2.8688838307605464,-5.668322799170096,-5.652095881009845,5.654866661465276,0.0001772308818625057,-0.00016939410330511995,0.00017840398886917813,0.0001786859328917438,-0.00017010665715723306,0.00017769369372692013
558,9.319999999999782,0.8146471381187439,0.8703879117965698,-1.0,-0.6613365411758423,-0.4918627440929413,0.00704193115234375,-1.0,5.654866776,5.654866776,-2.827433388,-5.654866776,-5.654866776,5.654866776,0.0,0.0,0.0,0.0,0.0,0.0,-3.5275299536614795,1.829178466203657,-2.8691602712191266,-5.668327914061577,-5.652094124590067,5.654866661463901,0.0001773427478477998,-0.00016950143080579895,0.00017851622766850092,0.00017880337610049493,-0.00017021370060561102,0.00017780621182165378
559,9.335999999999787,0.81461501121521,0.8703736066818237,-1.0,-0.6614130139350891,-0.491957426071167,0.007073885761201382,-1.0,5.654866776,5.654866776,-2.827433388,-5.654866776,-5.654866776,5.654866776,0.0,0.0,0.0,0.0,0.0,0.0,-3.5274849131915462,1.8291761105831392,-2.869396766913699,-5.668334458575185,-5.652093531786535,5.6548665589014275,0.00017817869761486865,-0.00016971559135312825,0.000179090576932435,0.00017896812531098245,-0.0001705663036910006,0.00017813252873478567
560,9.351999999999792,0.8145966529846191,0.8703786730766296,-1.0,-0.6614813208580017,-0.4920310974121094,0.007090362720191479,-1.0,5.654866776,5.654866776,-2.827433388,-5.654866776,-5.654866776,5.654866776,0.0,0.0,0.0,0.0,0.0,0.0,-3.5274410707435893,1.829153185642992,-2.8695356054221146,-5.668366398819576,-5.6521041772615375,5.654866385923072,0.00018018826004220526,-0.00016998547218032454,0.00018018769154576336,0.00017855307155983962,-0.00017091145312351147,0.00017824262606470592
561,9.369999999999798,0.8146194815635681,0.870427668094635,-1.0,-0.661530077457428,-0.4920687973499298,0.007066182792186737,-1.0,5.654866776,5.654866776,-2.827433388,-5.654866776,-5.654866776,5.654866776,0.0,0.0,0.0,0.0,0.0,0.0,-3.527392107805878,1.8291242650010135,-2.8696421852636913,-5.668428781880668,-5.652125207993341,5.654866397812293,0.00017966762557854282,-0.00017040141207717206,0.00018013192712637447,0.00017900637411604985,-0.00017112196118316262,0.0001785203442945957
562,9.385999999999804,0.8146560192108154,0.8704472780227661,-1.0,-0.6615408658981323,-0.49207040667533875,0.00706394761800766,-1.0,5.654866776,5.654866776,-2.827433388,-5.654866776,-5.654866776,5.654866776,0.0,0.0,0.0,0.0,0.0,0.0,-3.527348578618612,1.8291041586490764,-2.8697278365623196,-5.668500359849176,-5.652148120968015,5.654866428750701,0.000179133002493019,-0.00017050702665052846,0.00017994516344229573,0.00017945372221657047,-0.0001712894739834365,0.00017874430402125389
563,9.40199999999981,0.8146853446960449,0.8704494833946228,-1.0,-0.6615438461303711,-0.4920666515827179,0.007072053849697113,-1.0,5.654866776,5.654866776,-2.827433388,-5.654866776,-5.654866776,5.654866776,0.0,0.0,0.0,0.0,0.0,0.0,-3.527305052654203,1.8290889398327526,-2.869808707803227,-5.668581130342492,-5.652172462788493,5.654866437394007,0.00017884764546244802,-0.00017059992892946263,0.00017985979491422628,0.00017978846919023225,-0.00017137885031135927,0.00017891355982495487
564,9.419999999999815,0.8147044777870178,0.8704490065574646,-1.0,-0.6615583896636963,-0.49207404255867004,0.007079845294356346,-1.0,5.654866776,5.654866776,-2.827433388,-5.654866776,-5.654866776,5.654866776,0.0,0.0,0.0,0.0,0.0,0.0,-3.527256137475593,1.8290755737112117,-2.8698914302465766,-5.668676835110185,-5.65219906602025,5.654866422706581,0.0001786462644843719,-0.00017073464756837332,0.00017983682103214028,0.00018010262157491124,-0.0001714647363028707,0.00017908888859000457
565,9.43599999999982,0.8147186040878296,0.8704524040222168,-1.0,-0.6615856885910034,-0.4920949339866638,0.007086246274411678,-1.0,5.654866776,5.654866776,-2.827433388,-5.654866776,-5.654866776,5.654866776,0.0,0.0,0.0,0.0,0.0,0.0,-3.5272127258056174,1.8290656909820138,-2.869956109946205,-5.668762234157372,-5.652220479698026,5.654866399132904,0.00017854961461985793,-0.00017084481824512285,0.00017985009990628987,0.00018032412935568625,-0.00017154923189493406,0.00017922489910011127
566,9.451999999999826,0.8147309422492981,0.8704570531845093,-1.0,-0.6616193652153015,-0.492123007774353,0.007089339196681976,-1.0,5.654866776,5.654866776,-2.827433388,-5.654866776,-5.654866776,5.654866776,0.0,0.0,0.0,0.0,0.0,0.0,-3.5271693829249324,1.8290570268553383,-2.870012395502065,-5.668845637375063,-5.6522389920403455,5.654866374145969,0.00017852569989162978,-0.00017093700654575221,0.00017988464411343907,0.00018048192597412257,-0.00017162920155915852,0.0001793323686074281
567,9.469999999999832,0.814744234085083,0.8704612851142883,-1.0,-0.6616548895835876,-0.4921550154685974,0.007090668193995953,-1.0,5.654866776,5.654866776,-2.827433388,-5.654866776,-5.654866776,5.654866776,0.0,0.0,0.0,0.0,0.0,0.0,-3.527120698733885,1.8290483923316434,-2.870066561246328,-5.66893568798171,-5.652256016682842,5.654866349876983,0.00017855822088371244,-0.00017102138390735235,0.0001799390580739337,0.00018059513707960483,-0.0001717057328077547,0.00017942181593798756
568,9.485999999999837,0.8147590756416321,0.8704646229743958,-1.0,-0.6616916656494141,-0.49218958616256714,0.007091202773153782,-1.0,5.654866776,5.654866776,-2.827433388,-5.654866776,-5.654866776,5.654866776,0.0,0.0,0.0,0.0,0.0,0.0,-3.527077483661312,1.8290415733467922,-2.870107611011685,-5.669011899768609,-5.652267817513707,5.654866333720382,0.00017861478734238124,-0.00017108153368029628,0.00017999303876547074,0.0001806566625989166,-0.00017176252193231307,0.0001794804915515961
569,9.501999999999843,0.8147740364074707,0.870465874671936,-1.0,-0.6617268323898315,-0.49222326278686523,0.007089984603226185,-1.0,5.654866776,5.654866776,-2.827433388,-5.654866776,-5.654866776,5.654866776,0.0,0.0,0.0,0.0,0.0,0.0,-3.5270343167353513,1.8290354923364254,-2.870142941521921,-5.6690844731219645,-5.652276705468141,5.654866323004504,0.0001786814947961281,-0.00017113032243555557,0.00018004690233912164,0.00018069558560852587,-0.0001718108913925679,0.00017952562838209716
570,9.519999999999849,0.8147894740104675,0.8704646825790405,-1.0,-0.6617584824562073,-0.49225518107414246,0.0070871831849217415,-1.0,5.654866776,5.654866776,-2.827433388,-5.654866776,-5.654866776,5.654866776,0.0,0.0,0.0,0.0,0.0,0.0,-3.526985802712496,1.8290294678919015,-2.8701768632947946,-5.6691619945708425,-5.652283588030638,5.654866316987981,0.0001787582277795891,-0.00017117492934912265,0.00018010394768898914,0.0001807234225118715,-0.00017185721754567516,0.00017956536861309704
571,9.535999999999854,0.8148041367530823,0.87046217918396,-1.0,-0.6617899537086487,-0.4922860264778137,0.007083195261657238,-1.0,5.654866776,5.654866776,-2.827433388,-5.654866776,-5.654866776,5.654866776,0.0,0.0,0.0,0.0,0.0,0.0,-3.5269427157169373,1.8290247800323487,-2.870202606639801,-5.669227536758728,-5.65228728383851,5.65486631631351,0.00017882326507590257,-0.00017120782560861513,0.00018015024257702887,0.00018073996334399016,-0.00017189252866395952,0.00017959394328174048
572,9.55199999999986,0.8148189783096313,0.8704581260681152,-1.0,-0.6618179082870483,-0.4923139214515686,0.007077792659401894,-1.0,5.654866776,5.654866776,-2.827433388,-5.654866776,-5.654866776,5.654866776,0.0,0.0,0.0,0.0,0.0,0.0,-3.5268996577101888,1.8290206629494625,-2.870224815089029,-5.66929022311697,-5.652289019582332,5.654866319322115,0.00017888340139909667,-0.00017123597503864262,0.00018019213785806483,0.0001807521195897235,-0.0001719233432513903,0.0001796180664559795
573,9.569999999999865,0.8148339986801147,0.8704524636268616,-1.0,-0.6618432998657227,-0.49233904480934143,0.007070404477417469,-1.0,5.654866776,5.654866776,-2.827433388,-5.654866776,-5.654866776,5.654866776,0.0,0.0,0.0,0.0,0.0,0.0,-3.526851246608426,1.8290166449502485,-2.8702461984253236,-5.669357700245645,-5.652288983047826,5.654866326286181,0.00017894453722302532,-0.0001712633275831551,0.00018023428309748283,0.0001807628886382329,-0.00017195365360605887,0.00017964139420811583
574,9.58599999999987,0.8148485422134399,0.8704468607902527,-1.0,-0.6618674397468567,-0.4923627972602844,0.0070626577362418175,-1.0,5.654866776,5.654866776,-2.827433388,-5.654866776,-5.654866776,5.654866776,0.0,0.0,0.0,0.0,0.0,0.0,-3.5268082362964024,1.8290135598061315,-2.870262479615348,-5.669415280017667,-5.652287465926894,5.6548663349911,0.0001789932038369837,-0.00017128470193833185,0.00018026776674476464,0.00018077113766327952,-0.00017197747661383553,0.00017965968323829998
575,9.601999999999876,0.8148630857467651,0.8704392313957214,-1.0,-0.6618887782096863,-0.4923831522464752,0.007053200155496597,-1.0,5.654866776,5.654866776,-2.827433388,-5.654866776,-5.654866776,5.654866776,0.0,0.0,0.0,0.0,0.0,0.0,-3.52676524319023,1.8290108797820122,-2.870276577818783,-5.669470863455293,-5.652284788040235,5.654866345507142,0.00017903694696953904,-0.00017130395973830368,0.00018029799973936757,0.0001807788812417838,-0.00017199895416339042,0.00017967631547874039
576,9.619999999999882,0.8148778676986694,0.8704314827919006,-1.0,-0.6619073748588562,-0.4924008846282959,0.0070427535101771355,-1.0,5.654866776,5.654866776,-2.827433388,-5.654866776,-5.654866776,5.654866776,0.0,0.0,0.0,0.0,0.0,0.0,-3.526716893210982,1.829008290622369,-2.8702902190155153,-5.669531287225893,-5.652280634452952,5.654866358929778,0.00017908092330779188,-0.0001713237011075052,0.00018032871438559625,0.00018078754568904442,-0.00017202089984351242,0.0001796936217921971
577,9.635999999999887,0.8148910999298096,0.8704232573509216,-1.0,-0.6619246602058411,-0.49241766333580017,0.007032014429569244,-1.0,5.654866776,5.654866776,-2.827433388,-5.654866776,-5.654866776,5.654866776,0.0,0.0,0.0,0.0,0.0,0.0,-3.5266739283279005,1.8290063201780977,-2.8703006683611387,-5.669583341839834,-5.652276118242014,5.654866371842909,0.0001791159668151562,-0.00017133996783235132,0.00018035357113039128,0.00018079552302000104,-0.00017203887145811282,0.00017970814663704034
578,9.651999999999893,0.8149060010910034,0.870414137840271,-1.0,-0.6619400978088379,-0.49243125319480896,0.007020021788775921,-1.0,5.654866776,5.654866776,-2.827433388,-5.654866776,-5.654866776,5.654866776,0.0,0.0,0.0,0.0,0.0,0.0,-3.5266309736086976,1.8290046208158581,-2.8703097784148603,-5.669634017447864,-5.652270980409572,5.654866385338587,0.00017914775249392264,-0.00017135535072209017,0.00018037653585654986,0.00018080394712739325,-0.0001720557358344909,0.0001797221447280031
579,9.669999999999899,0.8149201273918152,0.8704044818878174,-1.0,-0.6619529128074646,-0.4924432933330536,0.007007258012890816,-1.0,5.654866776,5.654866776,-2.827433388,-5.654866776,-5.654866776,5.654866776,0.0,0.0,0.0,0.0,0.0,0.0,-3.5265826597455883,1.8290029898557747,-2.8703186679887973,-5.669689563879228,-5.6522646141837045,5.654866400882676,0.00017918022157596306,-0.00017137190418491994,0.0001804005347294872,0.0001808140893774718,-0.00017207371380153466,0.00017973751756796425
580,9.685999999999904,0.814934253692627,0.8703945875167847,-1.0,-0.661965548992157,-0.4924541711807251,0.0069945985451340675,-1.0,5.654866776,5.654866776,-2.827433388,-5.654866776,-5.654866776,5.654866776,0.0,0.0,0.0,0.0,0.0,0.0,-3.526539721694211,1.8290017556189495,-2.8703255445162075,-5.66973777918569,-5.652258553040323,5.654866414779113,0.0001792066383993199,-0.00017138616348253146,0.00018042055824132552,0.00018082375767481925,-0.00017208904759537393,0.00017975102038936982
581,9.70199999999991,0.8149486780166626,0.870384156703949,-1.0,-0.6619762182235718,-0.49246305227279663,0.006981063634157181,-1.0,5.654866776,5.654866776,-2.827433388,-5.654866776,-5.654866776,5.654866776,0.0,0.0,0.0,0.0,0.0,0.0,-3.5264967896472394,1.829000695898424,-2.870331602444768,-5.669785018105264,-5.6522522080400845,5.654866428568441,0.0001792311492867266,-0.00017140015225533865,0.00018043960684772863,0.00018083406301446476,-0.00017210395220333157,0.00017976449134705704
582,9.719999999999915,0.8149633407592773,0.8703728318214417,-1.0,-0.6619856953620911,-0.49247056245803833,0.006966897286474705,-1.0,5.654866776,5.654866776,-2.827433388,-5.654866776,-5.654866776,5.654866776,0.0,0.0,0.0,0.0,0.0,0.0,-3.5264484971195325,1.8289996827785093,-2.8703375871276893,-5.669837111945773,-5.652244825742218,5.6548664437840515,0.00017925685024657652,-0.0001714157108909404,0.00018046012557031157,0.00018084641501174898,-0.0001721203759472551,0.00017977971263938297
583,9.73599999999992,0.8149767518043518,0.8703624606132507,-1.0,-0.6619945764541626,-0.49247756600379944,0.006953083910048008,-1.0,5.654866776,5.654866776,-2.827433388,-5.654866776,-5.654866776,5.654866776,0.0,0.0,0.0,0.0,0.0,0.0,-3.5264055749229777,1.8289989185142994,-2.870342280371781,-5.669882573538399,-5.652238117747477,5.65486645692916,0.00017927833548981497,-0.00017142947981619693,0.00018047774080482174,0.00018085804885658002,-0.00017213478685577726,0.00017979336788390485
584,9.751999999999926,0.8149909377098083,0.8703505992889404,-1.0,-0.662002444267273,-0.4924832582473755,0.006938491947948933,-1.0,5.654866776,5.654866776,-2.827433388,-5.654866776,-5.654866776,5.654866776,0.0,0.0,0.0,0.0,0.0,0.0,-3.5263626562753214,1.8289982638350215,-2.8703464732552857,-5.669927312646769,-5.6522313283961205,5.654866469635628,0.00017929878256182767,-0.00017144326003972144,0.00018049491165107558,0.0001808702689839642,-0.00017214910627375672,0.0001798071832957193
585,9.769999999999932,0.8150051832199097,0.870339572429657,-1.0,-0.6620088219642639,-0.49248766899108887,0.006923632696270943,-1.0,5.654866776,5.654866776,-2.827433388,-5.654866776,-5.654866776,5.654866776,0.0,0.0,0.0,0.0,0.0,0.0,-3.5263143763569436,1.8289976390909983,-2.8703506822417406,-5.669976853770657,-5.652223648620367,5.654866483337287,0.00017932078424527583,-0.00017145883513801157,0.00018051383386260213,0.00018088467377563725,-0.00017216518272713315,0.00017982294851315883
586,9.785999999999937,0.8150193691253662,0.8703272938728333,-1.0,-0.6620154976844788,-0.4924919903278351,0.006909112446010113,-1.0,5.654866776,5.654866776,-2.827433388,-5.654866776,-5.654866776,5.654866776,0.0,0.0,0.0,0.0,0.0,0.0,-3.526271463528372,1.8289971683972668,-2.87035403992195,-5.670020243486208,-5.6522168259499415,5.654866494948036,0.00017933962739010809,-0.00017147278023161373,0.00018053039870547912,0.0001808980191769715,-0.00017217949363834673,0.0001798371752634529
587,9.801999999999943,0.8150335550308228,0.870315670967102,-1.0,-0.6620211601257324,-0.49249523878097534,0.006893627345561981,-1.0,5.654866776,5.654866776,-2.827433388,-5.654866776,-5.654866776,5.654866776,0.0,0.0,0.0,0.0,0.0,0.0,-3.526228552793734,1.8289967654602146,-2.8703570907303044,-5.6700630693136675,-5.652210038612286,5.65486650600012,0.00017935793454641505,-0.00017148684202974537,0.000180546794581065,0.00018091183144713788,-0.00017219385733402046,0.00017985160757423368
588,9.819999999999949,0.8150481581687927,0.8703038692474365,-1.0,-0.6620258092880249,-0.4924973249435425,0.006878291256725788,-1.0,5.654866776,5.654866776,-2.827433388,-5.654866776,-5.654866776,5.654866776,0.0,0.0,0.0,0.0,0.0,0.0,-3.5261802803151516,1.8289963810125327,-2.8703602107330526,-5.67011062013223,-5.652202476015827,5.65486651775278,0.0001793780207763573,-0.00017150281572364054,0.00018056510279455706,0.00018092787690278194,-0.00017221010579073547,0.0001798680867333975
589,9.835999999999954,0.8150621056556702,0.8702914714813232,-1.0,-0.6620306372642517,-0.49249956011772156,0.006863303482532501,-1.0,5.654866776,5.654866776,-2.827433388,-5.654866776,-5.654866776,5.654866776,0.0,0.0,0.0,0.0,0.0,0.0,-3.526137373006732,1.8289960912601142,-2.870362747776682,-5.670152364018776,-5.652195841095966,5.654866527592915,0.0001793955166763765,-0.00017151715679696811,0.00018058129833965558,0.00018094254469286564,-0.00017222464225391223,0.00017988294251501175
590,9.85199999999996,0.8150761127471924,0.8702791929244995,-1.0,-0.6620346307754517,-0.49250125885009766,0.006848003715276718,-1.0,5.654866776,5.654866776,-2.827433388,-5.654866776,-5.654866776,5.654866776,0.0,0.0,0.0,0.0,0.0,0.0,-3.526094466927331,1.8289958430130897,-2.870365095273781,-5.670193643439909,-5.6521893053782835,5.65486653686836,0.00017941274601385732,-0.00017153163092199506,0.0001805974501247369,0.00018095755243284611,-0.0001722392729160678,0.00017989798214379613
591,9.869999999999965,0.8150907158851624,0.8702664971351624,-1.0,-0.662038266658783,-0.49250221252441406,0.006832112558186054,-1.0,5.654866776,5.654866776,-2.827433388,-5.654866776,-5.654866776,5.654866776,0.0,0.0,0.0,0.0,0.0,0.0,-3.526046198816013,1.828995605823998,-2.8703675427464774,-5.670239556549361,-5.652182087300751,5.654866546642975,0.0001794318769484125,-0.00017154806708206507,0.00018061559368262717,0.00018097479503904505,-0.00017225584598080042,0.00017991510429764927
592,9.88599999999997,0.8151047229766846,0.8702542781829834,-1.0,-0.6620420813560486,-0.4925033152103424,0.006816824898123741,-1.0,5.654866776,5.654866776,-2.827433388,-5.654866776,-5.654866776,5.654866776,0.0,0.0,0.0,0.0,0.0,0.0,-3.5260032947391737,1.828995426704961,-2.870369571251766,-5.670279922638383,-5.652175802055477,5.654866554762365,0.00017944870441437743,-0.00017156280386841473,0.0001806317119721985,0.00018099040071578115,-0.00017227067510926797,0.0001799304868701194
593,9.901999999999976,0.8151185512542725,0.870241105556488,-1.0,-0.6620451211929321,-0.49250370264053345,0.0068009644746780396,-1.0,5.654866776,5.654866776,-2.827433388,-5.654866776,-5.654866776,5.654866776,0.0,0.0,0.0,0.0,0.0,0.0,-3.525960391376582,1.8289952728739842,-2.8703714812695287,-5.670319887455744,-5.652169648022231,5.6548665623659895,0.00017946539806757122,-0.00017157764939255821,0.00018064782989456678,0.00018100623328854768,-0.0001722855897548091,0.00017994600547812257
594,9.919999999999982,0.8151331543922424,0.8702290654182434,-1.0,-0.6620476245880127,-0.4925035536289215,0.006785035133361816,-1.0,5.654866776,5.654866776,-2.827433388,-5.654866776,-5.654866776,5.654866776,0.0,0.0,0.0,0.0,0.0,0.0,-3.5259121258040325,1.828995125427711,-2.87037350845676,-5.670364386910741,-5.6521628887297535,5.654866570330107,0.00017948404854758055,-0.0001715944659541625,0.00018066596678320638,0.0001810242763248518,-0.0001723024607771637,0.0001799636052350253
595,9.935999999999988,0.8151474595069885,0.8702162504196167,-1.0,-0.662050187587738,-0.4925037622451782,0.00676956120878458,-1.0,5.654866776,5.654866776,-2.827433388,-5.654866776,-5.654866776,5.654866776,0.0,0.0,0.0,0.0,0.0,0.0,-3.5258692235969966,1.828995013647444,-2.8703752174308605,-5.670403546699901,-5.652157030798824,5.654866576910039,0.0001795005310442875,-0.00017160950253583603,0.0001806820927905576,0.00018104048727064906,-0.00017231752842091958,0.0001799793560727461
596,9.951999999999993,0.8151615858078003,0.8702034950256348,-1.0,-0.662052571773529,-0.4925033152103424,0.006753779947757721,-1.0,5.654866776,5.654866776,-2.827433388,-5.654866776,-5.654866776,5.654866776,0.0,0.0,0.0,0.0,0.0,0.0,-3.5258263217982586,1.8289949172314373,-2.870376850951303,-5.670442346361626,-5.652151317222199,5.654866583044525,0.00017951693673830485,-0.00017162460876472003,0.00018069822084807268,0.0001810568319458644,-0.00017233265207161,0.00017999518959285104
597,9.969999999999999,0.8151763677597046,0.8701905012130737,-1.0,-0.6620551943778992,-0.4925025403499603,0.006737659685313702,-1.0,5.654866776,5.654866776,-2.827433388,-5.654866776,-5.654866776,5.654866776,0.0,0.0,0.0,0.0,0.0,0.0,-3.5257780576777296,1.8289948243178005,-2.870378610617663,-5.670485577961194,-5.652145063974697,5.654866589443006,0.0001795353120082413,-0.00017164167001476241,0.0001807163626127511,0.00018107534782597548,-0.00017234971932570816,0.0001800130806280848
598,9.986000000000004,0.8151897192001343,0.8701776266098022,-1.0,-0.6620573401451111,-0.49250197410583496,0.00672175083309412,-1.0,5.654866776,5.654866776,-2.827433388,-5.654866776,-5.654866776,5.654866776,0.0,0.0,0.0,0.0,0.0,0.0,-3.5257351565320345,1.828994753434351,-2.8703801145481616,-5.670523644237767,-5.652139661390448,5.654866594709857,0.00017955157940661106,-0.00017165688037319875,0.000180732480922032,0.00018109189431641872,-0.00017236492497588274,0.00018002903587337567
599,10.00200000000001,0.8152042627334595,0.8701651096343994,-1.0,-0.6620595455169678,-0.49250128865242004,0.006705923937261105,-1.0,5.654866776,5.654866776,-2.827433388,-5.654866776,-5.654866776,5.654866776,0.0,0.0,0.0,0.0,0.0,0.0,-3.525692255613606,1.8289946918770719,-2.870381569110335,-5.670561378132244,-5.652134405371968,5.654866599605096,0.00017956778750941502,-0.00017167211957216344,0.00018074858572645917,0.00018110850116061228,-0.00017238015163678277,0.00018004502445789097
