step,sim_time,action_0,action_1,action_2,action_3,action_4,action_5,action_6,action_7,action_8,action_9,action_10,action_11,action_12,action_13,action_14,action_15,action_16,action_17,action_18,action_19,action_20,action_21,action_22,target_0,target_1,target_2,target_3,target_4,target_5,target_6,target_7,target_8,target_9,target_10,target_11,target_12,target_13,target_14,target_15,target_16,target_17,target_18,target_19,target_20,target_21,target_22
0,0.018000000000000002,-1.0,-1.0,0.14611049,-1.0,0.0068166275,0.6724997,-0.478407,-1.0,1.0,1.0,-1.0,0.7001924,-1.0,1.0,1.0,-1.0,1.0,-0.63923484,1.0,-1.0,1.0,1.0,1.0,-0.1667,0.1933,0.024356619,1.1733,0.0011363318,1.5421057,1.4910495,-0.57,1.71,1.809,-0.327,0.39910966,-0.296,1.809,1.718,-0.57,1.71,0.10173691,1.718,0.36357,1.13,1.633,1.81991
1,0.034000000000000016,1.0,0.8025985,-0.83695406,-0.19136046,-0.38089734,-1.0,0.001346583,-1.0,0.497129,-1.0,-0.55422854,-0.08342465,-1.0,-1.0,-1.0,-0.61313397,-0.77803123,0.6181737,-1.0,-0.6693254,-1.0,-0.58185714,0.07022096,0.0,0.32709315,-0.115163624,1.1414002,-0.062359255,1.3754057,1.491274,-0.57,1.2056204,-0.274,0.12880132,-0.04755205,-0.296,-0.274,-0.327,-0.34948635,-0.07336532,1.411328,-0.327,0.5509352,-0.20504288,0.112281635,0.8519589
2,0.05200000000000003,1.0,1.0,-1.0,0.63326967,-0.31934965,-0.94330686,-0.6492165,-0.77471846,0.44083434,-1.0,0.33336833,-0.6193178,-1.0,-1.0,-1.0,-0.91761947,-0.96244246,0.3494428,-1.0,-0.5642516,-1.0,-0.8688381,-0.13411497,0.1667,0.49379316,-0.28186363,1.2469662,-0.11559484,1.2181565,1.3830496,-0.44158953,1.1491568,-0.274,1.0363691,-0.35301116,-0.296,-0.274,-0.327,-0.5230431,-0.25832978,1.1314447,-0.327,0.6104716,-0.20504288,-0.16360748,0.63923395
3,0.06800000000000005,1.0,0.4897343,-1.0,0.7478375,-0.3240649,-1.0,0.09151607,-0.70430076,0.725219,-1.0,0.4846533,-0.59339154,-1.0,-1.0,-1.0,-0.8314587,-0.7273737,0.56842744,-1.0,-0.62480825,-1.0,-0.6469651,-0.10025981,0.3334,0.5754319,-0.44856364,1.3716308,-0.16961646,1.0514565,1.3983054,-0.40145144,1.4343947,-0.274,1.191058,-0.33823317,-0.296,-0.274,-0.327,-0.47393146,-0.022555841,1.3595172,-0.327,0.5761593,-0.20504288,0.049690112,0.674479
4,0.08400000000000006,1.0,0.65772045,-1.0,1.0,-0.15669294,-1.0,0.26831916,-0.7897793,0.9323597,-1.0,0.43821794,-0.505325,-1.0,-1.0,-1.0,-1.0,-0.32777116,0.754923,-0.9667423,-0.7577796,-1.0,-0.6917146,0.074724324,0.5001,0.68507385,-0.61526364,1.5383308,-0.19573717,0.88475645,1.4430342,-0.4501742,1.6421567,-0.274,1.1435778,-0.28803527,-0.296,-0.274,-0.327,-0.57,0.37824553,1.5537523,-0.292994,0.5008157,-0.20504288,0.006670184,0.85664713
5,0.10200000000000008,1.0,0.4600544,-1.0,1.0,0.2471498,-0.78960276,0.3956343,-0.97472966,1.0,-1.0,0.374232,-0.3633751,-1.0,-1.0,-1.0,-1.0,-0.093341306,0.8361029,-0.76129,-1.0,-1.0,-0.66925806,0.2039659,0.6668,0.76176494,-0.78196365,1.7050308,-0.1545373,0.75312966,1.5089864,-0.5555959,1.71,-0.274,1.0781522,-0.2071238,-0.296,-0.274,-0.327,-0.57,0.61337864,1.6383011,-0.08291904,0.36357,-0.20504288,0.028258765,0.9911947
6,0.11800000000000009,1.0,-0.25042439,-1.0,1.0,0.18872014,-0.8318047,0.42457083,-1.0,0.8328452,-1.0,0.31303608,-0.18668039,-1.0,-1.0,-1.0,-1.0,-0.140145,0.7981248,-0.68261015,-1.0,-1.0,-0.5014937,-0.015460466,0.8335,0.7200192,-0.94866365,1.8717308,-0.12307765,0.6144678,1.5797623,-0.57,1.5423437,-0.274,1.0155793,-0.10640782,-0.296,-0.274,-0.327,-0.57,0.56643456,1.598747,-0.0024688826,0.36357,-0.20504288,0.18953905,0.7627598
7,0.1340000000000001,1.0,0.09298598,0.059514042,1.0,-0.18853581,-1.0,0.13738385,-0.72911406,0.768525,-1.0,0.44187188,-0.13526897,-1.0,-1.0,-1.0,-0.9390268,-0.5620434,0.7011855,-0.8691586,-1.0,-1.0,-0.58719987,-0.29406324,1.0002,0.73551995,-0.93874264,2.0384307,-0.15450658,0.44776782,1.6026642,-0.41559502,1.4778305,-0.274,1.147314,-0.07710332,-0.296,-0.274,-0.327,-0.53524524,0.14327045,1.4977847,-0.1932147,0.36357,-0.20504288,0.10714541,0.47271898
8,0.1520000000000001,1.0,0.5906085,1.0,0.85842955,-0.50938016,-1.0,0.19395699,-0.29468173,0.807745,-1.0,0.62265545,-0.2963759,-1.0,-1.0,-1.0,-0.9356253,-0.8341548,0.7866259,-0.9484748,-1.0,-1.0,-0.6760441,-0.47205153,1.1669,0.83397436,-0.77204263,2.0933,-0.23942025,0.28106782,1.6349969,-0.16796859,1.5171682,-0.274,1.3321652,-0.16893426,-0.296,-0.274,-0.327,-0.5333064,-0.12965725,1.5867709,-0.2743155,0.36357,-0.20504288,0.021734998,0.2874234
9,0.16800000000000012,1.0,1.0,1.0,-0.8388531,0.32481518,-0.9332023,0.35791364,-0.06997848,0.9098964,-1.0,0.82918215,-0.86103004,-1.0,-1.0,-1.0,-1.0,-1.0,0.926004,-0.7615663,-1.0,-1.0,-0.85327435,-0.16502318,1.3336,1.0006744,-0.6053426,1.9534632,-0.18527356,0.125503,1.6946611,-0.039887734,1.619626,-0.274,1.5433388,-0.49078712,-0.296,-0.274,-0.327,-0.57,-0.296,1.7319331,-0.08320152,0.36357,-0.20504288,-0.1486453,0.6070568
10,0.18400000000000014,1.0,1.0,1.0,-1.0,0.36619282,-1.0,0.507444,-0.063864596,1.0,-1.0,1.0,-0.9471196,-1.0,-1.0,-1.0,-1.0,-0.92232215,0.7886842,-0.6051478,-1.0,-1.0,-0.9229742,0.3425175,1.5003,1.1673744,-0.43864262,1.7867632,-0.124229215,-0.041197002,1.779252,-0.03640282,1.71,-0.274,1.718,-0.53985816,-0.296,-0.274,-0.327,-0.57,-0.21808912,1.5889146,0.0767364,0.36357,-0.20504288,-0.21565127,1.1354345
11,0.20200000000000015,1.0,1.0,1.0,-1.0,-1.0,-0.80490834,0.4136238,-0.123496644,0.87663126,-1.0,0.7085867,-0.3900726,-0.9991385,-1.0,-1.0,-1.0,-0.68578374,0.963755,-0.10892019,-1.0,-1.0,-0.7938233,-0.14821175,1.667,1.3340744,-0.27194265,1.6200632,-0.29092923,-0.17537522,1.8482031,-0.070393085,1.5862612,-0.274,1.4200299,-0.22234139,-0.2951359,-0.274,-0.327,-0.57,0.019158905,1.7712508,0.5841291,0.36357,-0.20504288,-0.091492034,0.62455845
12,0.21800000000000017,1.0,1.0,1.0,-1.0,-0.7017967,-0.8008392,0.40569493,-0.32819775,0.8505982,-1.0,0.7223791,-0.31352785,-0.99113584,-1.0,-1.0,-1.0,-0.768289,0.9365091,-0.1509844,-1.0,-1.0,-0.72343796,-0.22678727,1.8337,1.5007744,-0.10524263,1.4533632,-0.40791872,-0.3088751,1.9158324,-0.18707271,1.56015,-0.274,1.4341326,-0.17871088,-0.28710926,-0.274,-0.327,-0.57,-0.063593894,1.7428741,0.54111844,0.36357,-0.20504288,-0.023827087,0.542757
13,0.23400000000000018,1.0,1.0,1.0,-1.0,1.0,-1.0,0.84697086,-0.64396083,1.0,-1.0,1.0,-0.43622586,-1.0,-1.0,-1.0,-1.0,-1.0,0.6237716,-0.416973,-1.0,-1.0,-0.79191035,0.47350362,2.0004,1.6674744,0.06145737,1.2866632,-0.24121873,-0.47557512,2.0570226,-0.36705768,1.71,-0.274,1.718,-0.24864875,-0.296,-0.274,-0.327,-0.57,-0.296,1.4171581,0.2691451,0.36357,-0.20504288,-0.089653015,1.2717983
14,0.25200000000000017,1.0,1.0,1.0,-1.0,1.0,-1.0,-0.26135826,-1.0,1.0,-1.0,1.0,-0.36132833,-1.0,-1.0,-1.0,-1.0,-1.0,0.41806173,-0.50184083,-1.0,-1.0,-0.931769,0.5110728,2.1671,1.8341744,0.22815737,1.1199632,-0.074518725,-0.6422751,2.013454,-0.57,1.71,-0.274,1.718,-0.20595714,-0.296,-0.274,-0.327,-0.57,-0.296,1.2029113,0.18236776,0.36357,-0.20504288,-0.22410615,1.3109099
15,0.2680000000000002,1.0,1.0,0.6213326,-1.0,0.9823596,-1.0,-0.06428691,-0.8781413,1.0,-1.0,1.0,-0.29126462,-1.0,-1.0,-1.0,-1.0,-0.71586597,0.6561498,-0.5532807,-1.0,-1.0,-1.0,-0.34201226,2.3338,2.0008743,0.33173352,0.95326316,0.08924062,-0.8089751,2.0027375,-0.50054055,1.71,-0.274,1.718,-0.16602084,-0.296,-0.274,-0.327,-0.57,-0.011013567,1.45088,0.12977047,0.36357,-0.20504288,-0.2897,0.42280143
16,0.2840000000000002,1.0,1.0,0.20270708,-0.49785277,-0.17746735,-1.0,-0.58363163,-0.6466416,1.0,-1.0,0.88885796,-0.2395028,-1.0,-1.0,-1.0,-1.0,-0.59465253,0.7364405,-0.67272204,-1.0,-1.0,-0.7575851,-0.5827458,2.5005,2.0933,0.36552477,0.87027115,0.05965681,-0.9756751,1.905446,-0.3685857,1.71,-0.274,1.6043572,-0.1365166,-0.296,-0.274,-0.327,-0.57,0.11056351,1.5345027,0.0076417127,0.36357,-0.20504288,-0.056654442,0.17218459
17,0.3020000000000002,1.0,1.0,0.6929135,0.61870664,-0.8133909,-1.0,-0.39678976,-0.63772595,1.0,-1.0,0.37558848,-0.30427843,-1.0,-1.0,-1.0,-1.0,0.026619244,0.7850296,-0.5907395,-1.0,-1.0,-0.34787852,-0.46306413,2.6672,2.0933,0.48103344,0.97340953,-0.07593545,-1.1423751,1.8393012,-0.36350378,1.71,-0.274,1.0795392,-0.17343871,-0.296,-0.274,-0.327,-0.57,0.7336991,1.5851083,0.09146887,0.36357,-0.20504288,0.337217,0.29677978
18,0.3180000000000002,1.0,0.93274105,0.49726474,0.71071696,-0.6858286,-1.0,0.17119162,-0.4814498,1.0,-1.0,0.36223617,-0.4123591,-1.0,-1.0,-1.0,-1.0,0.1616335,0.82420635,-0.6795313,-1.0,-0.9605612,-0.340805,-0.20766635,2.8339,2.0933,0.5639275,1.091886,-0.19026309,-1.3090751,1.8678389,-0.2744264,1.71,-0.274,1.0658865,-0.23504469,-0.296,-0.274,-0.327,-0.57,0.8691184,1.6259109,0.0006792701,0.36357,-0.17871666,0.34401712,0.5626629
19,0.33400000000000024,1.0,-0.07515288,0.36419946,0.82150036,-0.5903186,-1.0,0.40445942,-0.6216292,1.0,-1.0,0.27290487,-0.42409065,-1.0,-1.0,-0.9670266,-1.0,0.42999607,0.88199604,-0.5178429,-1.0,-0.7612566,-0.2301595,0.1020993,3.0006,2.080772,0.6246395,1.2288301,-0.2886692,-1.4757751,1.9352622,-0.35432863,1.71,-0.274,0.97454524,-0.24173167,-0.296,-0.274,-0.29328468,-0.57,1.1382861,1.6860988,0.16600564,0.36357,-0.045676533,0.45038617,0.88514596
20,0.35200000000000026,0.46515504,-1.0,-1.0,1.0,-0.40866196,-0.54294336,1.0,-0.92169213,1.0,-1.0,0.31723183,-0.27409276,-1.0,-0.8364841,-0.8651072,-1.0,0.9604821,0.97219336,-0.109561816,-1.0,-0.8626206,-0.07135969,0.44556108,3.0527,1.914072,0.45793954,1.3955301,-0.35679314,-1.5662838,2.1019623,-0.5253645,1.71,-0.274,1.0198696,-0.15623288,-0.296,-0.103698164,-0.18907209,-0.57,1.6703635,1.7800394,0.583473,0.36357,-0.113339186,0.6030484,1.2427086
21,0.36800000000000027,-1.0,-1.0,-1.0,1.0,-1.0,1.0,0.09874485,-1.0,1.0,-1.0,0.49687317,0.22303401,-1.0,-0.49421677,-0.92103493,-0.63778514,0.5526791,0.8266162,-0.19330256,-1.0,-0.78371906,0.09102858,0.5804561,2.886,1.747372,0.29123953,1.5622301,-0.5234932,-1.3995838,2.118423,-0.57,1.71,-0.274,1.2035528,0.12712939,-0.296,0.25277323,-0.24625821,-0.36353752,1.2613372,1.6284208,0.49784812,0.36357,-0.060670726,0.75916034,1.3831418
22,0.3840000000000003,-1.0,-1.0,-1.0,1.0,-1.0,1.0,0.56014514,-1.0,1.0,-1.0,0.6035658,0.15710084,-1.0,-0.7656968,-0.96720374,-0.56228894,0.15897346,0.6962803,-0.37990728,-1.0,-1.0,-0.044971842,0.4332371,2.7193,1.580672,0.12453954,1.7289301,-0.6901932,-1.2328838,2.2117991,-0.57,1.71,-0.274,1.312646,0.08954748,-0.296,-0.029973242,-0.29346582,-0.3205047,0.86645037,1.4926759,0.3070448,0.36357,-0.20504288,0.6284163,1.2298787
23,0.4020000000000003,-1.0,-1.0,-1.0,1.0,-0.49500537,1.0,1.0,-0.701235,1.0,-1.0,1.0,0.27385366,-1.0,-0.9680403,-1.0,-0.72130525,0.2179085,0.93160117,-0.50162524,-1.0,-1.0,-0.54607356,0.30965304,2.5526,1.413972,-0.042160463,1.8956301,-0.77271056,-1.0661838,2.3784993,-0.39970395,1.71,-0.274,1.718,0.15609659,-0.296,-0.24071395,-0.327,-0.411144,0.9255622,1.7377626,0.18258819,0.36357,-0.20504288,0.14668219,1.1012208
24,0.4180000000000003,-1.0,0.4543743,-1.0,1.0,1.0,1.0,-0.4902493,-0.7823052,1.0,-1.0,1.0,0.4081953,-1.0,-0.040692408,-0.080384865,-0.7863033,1.0,1.0,-0.3244278,-1.0,-1.0,-0.15044715,1.0,2.3859,1.4897162,-0.20886046,2.0623302,-0.60601056,-0.8994838,2.2967746,-0.44591394,1.71,-0.274,1.718,0.23267132,-0.296,0.7251189,0.61330646,-0.44819286,1.71,1.809,0.36377257,0.36357,-0.20504288,0.52701765,1.81991
25,0.43400000000000033,-1.0,1.0,-1.0,1.0,1.0,0.65835017,-1.0,-0.7726377,1.0,-1.0,1.0,0.41403493,-1.0,-0.34849468,-0.14749032,-1.0,1.0,1.0,-0.25853434,-1.0,-1.0,-0.03262483,1.0,2.2192,1.6564162,-0.37556046,2.0933,-0.43931055,-0.7897368,2.1300745,-0.4404035,1.71,-0.274,1.718,0.23599991,-0.296,0.4045428,0.54469115,-0.57,1.71,1.809,0.43114865,0.36357,-0.20504288,0.64028615,1.81991
26,0.45200000000000035,-1.0,-0.51711965,-1.0,0.96902764,1.0,0.9531916,0.6619066,-1.0,1.0,-1.0,1.0,0.90271556,-1.0,0.06864363,-0.13646033,-0.9783584,1.0,1.0,-0.00844064,-1.0,-1.0,0.28426,1.0,2.0525,1.5702124,-0.54226047,2.0933,-0.27261055,-0.63083977,2.2404144,-0.57,1.71,-0.274,1.718,0.5145479,-0.296,0.83899236,0.5559693,-0.5576643,1.71,1.809,0.68686944,0.36357,-0.20504288,0.94492334,1.81991
27,0.46800000000000036,-1.0,-1.0,-0.34117422,1.0,-0.7712992,1.0,1.0,-1.0,1.0,-1.0,0.9453801,0.66340405,-0.87307537,-0.39052162,-0.28126168,0.1619132,0.59246516,0.6156432,0.010640953,-1.0,-0.8688988,0.36198488,0.8853664,1.8858,1.4035124,-0.5991342,2.0933,-0.4011861,-0.46413976,2.4071145,-0.57,1.71,-0.274,1.6621511,0.3781403,-0.16869459,0.36077175,0.40790993,0.09229053,1.3012426,1.4086924,0.70638037,0.36357,-0.11753003,1.0196441,1.7005701
28,0.4840000000000004,-0.39726165,-1.0,1.0,0.69064057,-1.0,-0.3636606,1.0,-1.0,0.49005058,-1.0,0.668528,-0.36066723,-1.0,-1.0,-0.92274487,-0.29003495,-0.35461408,0.4814068,-0.36242792,-1.0,-0.8346541,-0.39017224,-0.029124452,1.8195765,1.2368124,-0.4324342,2.0933,-0.5678861,-0.524762,2.5738144,-0.57,1.1985208,-0.274,1.3790699,-0.20558032,-0.296,-0.274,-0.24800663,-0.16531992,0.35132208,1.2688851,0.32491747,0.36357,-0.09467095,0.2965579,0.74853486
29,0.5020000000000003,0.23302884,-1.0,0.9673668,1.0,-1.0,-1.0,0.46973556,-0.596492,0.9163785,-1.0,1.0,-0.11585363,-1.0,-1.0,-1.0,-0.48293072,-0.8780769,0.5698889,-0.69094807,-1.0,-1.0,-0.56483656,-0.37725487,1.8584224,1.0701123,-0.27117416,2.0933,-0.7345861,-0.691462,2.6521194,-0.34000045,1.6261276,-0.274,1.718,-0.06603657,-0.296,-0.274,-0.327,-0.27527052,-0.17371114,1.3610393,-0.010994401,0.36357,-0.20504288,0.12864438,0.38611192
30,0.5180000000000003,0.5067761,0.31918263,-1.0,0.6896472,1.0,-1.0,-1.0,-0.047573082,1.0,-1.0,1.0,-0.61018705,-1.0,-1.0,-0.9696364,-1.0,0.539833,1.0,-1.0,-1.0,-1.0,-0.7104869,0.465068,1.942902,1.1233201,-0.43787417,2.0933,-0.5678861,-0.858162,2.4854193,-0.027116656,1.71,-0.274,1.718,-0.34780663,-0.296,-0.274,-0.29595318,-0.57,1.2484525,1.809,-0.327,0.36357,-0.20504288,-0.011376571,1.2630163
31,0.5340000000000004,0.50521696,0.2761022,-1.0,0.4031039,1.0,-1.0,-0.6215476,-0.20758353,1.0,-1.0,0.4110088,-0.61566335,-1.0,-0.6622171,-0.609061,-1.0,1.0,1.0,-0.9251865,-1.0,-1.0,-0.37102044,1.0,2.0271215,1.1693463,-0.60457414,2.0933,-0.4011861,-1.0248619,2.3818073,-0.11832261,1.71,-0.274,1.1157565,-0.3509281,-0.296,0.07780091,0.07273512,-0.57,1.71,1.809,-0.2505032,0.36357,-0.20504288,0.3149695,1.81991
32,0.5520000000000004,1.0,-0.050493546,-1.0,0.87808335,-0.07767585,-1.0,0.6839985,-0.4060696,1.0,-1.0,0.733899,-0.4940828,-1.0,-1.0,-1.0,-1.0,0.060057182,0.9594888,-0.65793777,-1.0,-1.0,-0.5567063,0.28932905,2.1938217,1.1609291,-0.77127415,2.0933,-0.41413468,-1.1915619,2.4958298,-0.23145968,1.71,-0.274,1.4459118,-0.2816272,-0.296,-0.274,-0.327,-0.57,0.76723737,1.7668076,0.022758635,0.36357,-0.20504288,0.1364604,1.0800625
33,0.5680000000000004,1.0,0.61107653,0.13437153,0.88472605,-0.4039784,-1.0,0.76441514,-0.5493947,0.94881463,-1.0,0.8119203,-0.10227643,-1.0,-1.0,-1.0,-1.0,-0.34324417,0.7886589,-0.8159621,-1.0,-1.0,-0.5650891,-0.027159719,2.3605216,1.2627956,-0.7488744,2.0933,-0.4814779,-1.358262,2.6232579,-0.313155,1.6586611,-0.274,1.5256885,-0.058297563,-0.296,-0.274,-0.327,-0.57,0.3627261,1.5888883,-0.13882123,0.36357,-0.20504288,0.12840159,0.75058025
34,0.5840000000000004,1.0,1.0,-1.0,0.90403664,1.0,-1.0,0.7519571,-0.18315907,1.0,-1.0,1.0,-0.5111217,-1.0,-1.0,-1.0,-1.0,-0.33376378,0.883392,-1.0,-1.0,-1.0,-0.77573556,0.34363702,2.5272217,1.4294956,-0.91557443,2.0933,-0.31477788,-1.524962,2.7486093,-0.10440067,1.71,-0.274,1.718,-0.29133937,-0.296,-0.274,-0.327,-0.57,0.37223494,1.6875527,-0.327,0.36357,-0.20504288,-0.07410338,1.1366
35,0.6020000000000004,1.0,1.0,-1.0,1.0,1.0,-1.0,-0.6833272,-0.18864875,1.0,-1.0,1.0,-0.68755364,-1.0,-1.0,-0.86687744,-1.0,0.24653028,0.96630126,-1.0,-1.0,-1.0,-0.9129741,0.661568,2.6939216,1.5961956,-1.0822744,2.0933,-0.14807789,-1.691662,2.6346986,-0.10752978,1.71,-0.274,1.718,-0.39190558,-0.296,-0.274,-0.19088218,-0.57,0.9542699,1.7739028,-0.327,0.36357,-0.20504288,-0.20603767,1.4675837
36,0.6180000000000004,1.0,1.0,-1.0,0.9960787,1.0,-1.0,-0.20781146,-0.21680214,1.0,-1.0,1.0,-0.6471781,-1.0,-1.0,-0.95969486,-1.0,-0.032642823,0.825489,-1.0,-1.0,-1.0,-0.8345919,0.4896485,2.8606217,1.7628956,-1.2489744,2.0933,0.018622117,-1.858362,2.6000564,-0.123577215,1.71,-0.274,1.718,-0.36889154,-0.296,-0.274,-0.285788,-0.57,0.67425925,1.6272467,-0.327,0.36357,-0.20504288,-0.13068494,1.288606
37,0.6340000000000005,1.0,1.0,0.3287549,0.58279073,1.0,-1.0,0.24578285,-0.50479025,0.89452255,-1.0,0.9779173,-0.31720555,-1.0,-1.0,-1.0,-1.0,-0.37174323,0.76907206,-1.0,-1.0,-1.0,-0.5102449,-0.015945388,3.0273216,1.9295956,-1.194171,2.0933,0.18532212,-2.025062,2.6410284,-0.28773046,1.6042061,-0.274,1.6954205,-0.18080716,-0.296,-0.274,-0.327,-0.57,0.33414155,1.5684886,-0.327,0.36357,-0.20504288,0.18112606,0.76225495
38,0.6520000000000005,1.0,1.0,1.0,-0.78804004,-0.5575009,-0.6726946,0.25457504,-1.0,0.59894264,-1.0,0.8384872,-0.07687727,-0.6297848,-1.0,-0.6678687,-0.64959586,-0.5978899,0.9810814,-0.47701153,-1.0,-1.0,-0.31114596,-0.37957764,3.0527,2.0933,-1.027471,1.9619337,0.092386715,-2.0933,2.683466,-0.57,1.3077395,-0.274,1.5528532,-0.043820046,0.075325824,-0.274,0.012604281,-0.37026963,0.10731643,1.7892963,0.20775571,0.36357,-0.20504288,0.37252983,0.3836938
39,0.6680000000000005,1.0,1.0,1.0,-1.0,0.45741248,-0.63414544,1.0,-1.0,0.6284181,-1.0,0.89045584,0.25333577,-0.7752992,-1.0,-1.0,-0.4708007,-1.0,0.9343693,-0.966769,-1.0,-1.0,-0.49756682,-0.44817242,3.0527,2.0933,-0.860771,1.7952337,0.16863738,-2.0933,2.850166,-0.57,1.3373034,-0.274,1.6059911,0.14440139,-0.07062509,-0.274,-0.327,-0.26835638,-0.296,1.7406456,-0.2930213,0.36357,-0.20504288,0.19331414,0.31228286
40,0.6840000000000005,1.0,1.0,0.5461059,-0.08300902,1.0,-1.0,1.0,-0.33454576,0.83234096,-1.0,1.0,0.1027093,-1.0,-1.0,-1.0,-0.93818426,-1.0,0.9674302,-1.0,-1.0,-1.0,-0.77828956,-0.37324324,3.0527,2.0933,-0.7697351,1.7813962,0.33533737,-2.0933,3.016866,-0.19069108,1.5418379,-0.274,1.718,0.0585443,-0.296,-0.274,-0.327,-0.534765,-0.296,1.7750785,-0.327,0.36357,-0.20504288,-0.076558664,0.39028826
41,0.7020000000000005,1.0,1.0,-1.0,0.98743296,1.0,-1.0,-1.0,0.2976387,1.0,-1.0,1.0,-0.635381,-1.0,-1.0,-1.0,-1.0,-0.28545547,1.0,-1.0,-1.0,-1.0,-0.9638461,-0.04166862,3.0527,2.0933,-0.9364351,1.9460012,0.5020374,-2.0933,2.850166,0.16965407,1.71,-0.274,1.718,-0.36216715,-0.296,-0.274,-0.327,-0.57,0.42068818,1.809,-0.327,0.36357,-0.20504288,-0.25494343,0.73547566
42,0.7180000000000005,1.0,1.0,-1.0,0.89574707,-0.22247306,-1.0,-0.5618337,0.15745468,1.0,-1.0,0.72640204,-0.6936732,-1.0,-1.0,-0.83235157,-1.0,0.10052313,1.0,-0.85829234,-1.0,-1.0,-0.6552923,0.028060066,3.0527,2.0933,-1.1031351,2.0933,0.46495113,-2.0933,2.7565084,0.08974917,1.71,-0.274,1.4382461,-0.39539373,-0.296,-0.274,-0.15557948,-0.57,0.8078247,1.809,-0.18210392,0.36357,-0.20504288,0.041684773,0.8080671
43,0.7340000000000005,1.0,0.70190644,0.359948,0.6518786,-0.76179516,-1.0,0.26807633,-0.09649881,1.0,-1.0,0.39435762,-0.6268938,-1.0,-1.0,-0.69215274,-1.0,-0.18898843,0.811197,-0.37685263,-1.0,-0.893309,-0.4779375,-0.1533084,3.0527,2.0933,-1.0431318,2.0933,0.33795986,-2.0933,2.8011966,-0.05500432,1.71,-0.274,1.0987307,-0.3573295,-0.296,-0.274,-0.0122261755,-0.57,0.5174446,1.6123617,0.31016818,0.36357,-0.13382436,0.21218479,0.6192525
44,0.7520000000000006,1.0,1.0,0.44056794,0.2994354,-0.8716631,-1.0,0.67153513,-0.24101342,1.0,-1.0,0.6311264,-0.41004494,-0.88252234,-1.0,-0.8554957,-1.0,-0.52009845,0.7325023,-0.27669796,-1.0,-1.0,-0.55107415,-0.29595324,3.0527,2.0933,-0.96968913,2.0933,0.19265363,-2.0933,2.9131415,-0.13737765,1.71,-0.274,1.3408267,-0.2337256,-0.1781699,-0.274,-0.17924434,-0.57,0.18534125,1.5304011,0.41257632,0.36357,-0.20504288,0.14187486,0.4707514
45,0.7680000000000006,1.0,1.0,-1.0,0.40671942,0.39172456,-1.0,0.8439035,0.15441401,1.0,-1.0,1.0,-0.3606554,-0.96182895,-1.0,-1.0,-1.0,-0.58795655,0.88105047,-0.89105666,-1.0,-1.0,-0.75532734,-0.2313235,3.0527,2.0933,-1.1363891,2.0933,0.25795412,-2.0933,3.0538204,0.08801599,1.71,-0.274,1.718,-0.20557357,-0.25771442,-0.274,-0.327,-0.57,0.11727958,1.685114,-0.21560544,0.36357,-0.20504288,-0.054483943,0.5380345
46,0.7840000000000006,1.0,1.0,-1.0,0.3963906,0.7007806,-1.0,-0.023934236,0.64437884,1.0,-1.0,1.0,-0.6560624,-1.0,-1.0,-1.0,-1.0,-0.8012575,0.89483315,-1.0,-1.0,-1.0,-1.0,-0.22876514,3.0527,2.0933,-1.3030891,2.0933,0.37477422,-2.0933,3.0498304,0.36729595,1.71,-0.274,1.718,-0.37395558,-0.296,-0.274,-0.327,-0.57,-0.09666126,1.6994687,-0.327,0.36357,-0.20504288,-0.2897,0.5406979
47,0.8020000000000006,1.0,1.0,-1.0,-0.28015783,1.0,-1.0,-0.730632,0.45332178,1.0,-1.0,1.0,-0.89996237,-1.0,-1.0,-1.0,-1.0,-1.0,0.8147933,-1.0,-1.0,-1.0,-1.0,-0.18987292,3.0527,2.0933,-1.4697891,2.0465977,0.5414742,-2.0933,2.928034,0.2583934,1.71,-0.274,1.718,-0.51297855,-0.296,-0.274,-0.327,-0.57,-0.296,1.6161072,-0.327,0.36357,-0.20504288,-0.2897,0.58118683
48,0.8180000000000006,1.0,1.0,-1.0,-0.7585045,1.0,-1.0,-0.11022418,-0.6193982,1.0,-1.0,1.0,-0.60856277,-1.0,-1.0,-1.0,-1.0,-0.9818908,0.74733603,-0.95701295,-1.0,-1.0,-1.0,0.0018727357,3.0527,2.0933,-1.6364892,1.9201549,0.7081742,-2.0933,2.9096599,-0.35305697,1.71,-0.274,1.718,-0.34688076,-0.296,-0.274,-0.327,-0.57,-0.27783647,1.5458505,-0.28304574,0.36357,-0.20504288,-0.2897,0.78080463
49,0.8340000000000006,1.0,1.0,-1.0,-0.61871266,1.0,-1.0,0.20681442,-1.0,1.0,-0.9895072,-0.09029423,-0.39290342,-0.48580727,-1.0,-0.6966815,-1.0,-0.6014643,0.8655676,-0.055489685,-1.0,-1.0,-0.9449652,0.26061562,3.0527,2.0933,-1.8031892,1.8170155,0.87487423,-2.0933,2.9441357,-0.57,1.71,-0.26307175,0.60317415,-0.22395495,0.21973531,-0.274,-0.016856832,-0.57,0.103731334,1.6689887,0.6387618,0.36357,-0.20504288,-0.23679228,1.0501702
50,0.8520000000000006,1.0,1.0,-1.0,-0.25888488,1.0,-1.0,0.5670467,-1.0,1.0,-0.8936045,-0.37645844,-0.30351678,-0.50479853,-1.0,-0.80467606,-1.0,-0.32726613,0.9717141,0.096877605,-1.0,-1.0,-0.8024978,0.21008857,3.0527,2.0933,-1.9698892,1.7738595,1.0415742,-2.0933,3.0386624,-0.57,1.71,-0.1631891,0.31057125,-0.17300457,0.20068707,-0.274,-0.12728126,-0.57,0.37875208,1.7795402,0.79455733,0.36357,-0.20504288,-0.09983126,0.9975687
51,0.8680000000000007,1.0,1.0,-0.5144524,-0.123816356,1.0,-1.0,1.0,-1.0,1.0,-1.0,0.2760666,-0.35300598,-0.7517681,-1.0,-1.0,-1.0,-0.22399013,0.9395731,-0.18417494,-1.0,-1.0,-0.72650194,0.0943494,3.0527,2.0933,-2.0556483,1.7532192,1.2082742,-2.0933,3.2053623,-0.57,1.71,-0.274,0.9777781,-0.2012134,-0.047023416,-0.274,-0.327,-0.57,0.4823379,1.7460654,0.5071811,0.36357,-0.20504288,-0.026772643,0.87707794
52,0.8840000000000007,1.0,1.0,1.0,-0.91420555,0.23108962,-1.0,0.541543,-0.9284514,0.7869352,-1.0,0.68267244,-0.1858147,-1.0,-1.0,-1.0,-1.0,-0.36837086,0.84773225,-0.23736991,-1.0,-1.0,-0.30284187,-0.30409244,3.0527,2.0933,-1.8889483,1.6008213,1.2467968,-2.0933,3.2956376,-0.5292173,1.496296,-0.274,1.3935325,-0.10591438,-0.296,-0.274,-0.327,-0.57,0.33752403,1.6504132,0.45278928,0.36357,-0.20504288,0.38051295,0.46227804
53,0.9020000000000007,1.0,1.0,1.0,-1.0,-1.0,-1.0,-0.2839024,-1.0,0.6908585,-1.0,0.83351606,0.04575653,-0.43296215,-1.0,-0.5999341,-0.63219416,-0.6268647,0.9040438,-0.15921412,-1.0,-1.0,-0.18550457,-0.71388066,3.0527,2.0933,-1.7222483,1.4341213,1.0800968,-2.0933,3.248311,-0.57,1.3999311,-0.274,1.5477701,0.026081223,0.27273896,-0.274,0.082067385,-0.36035067,0.07825474,1.7090616,0.5327036,0.36357,-0.20504288,0.4933152,0.03566597
54,0.9180000000000007,1.0,1.0,1.0,-1.0,1.0,-0.9882124,1.0,-0.82696176,0.58464646,-1.0,1.0,0.26287326,-0.76421213,-1.0,-1.0,-0.48765326,-1.0,1.0,-1.0,-1.0,-1.0,-0.48555094,-0.49871722,3.0527,2.0933,-1.5555483,1.2674212,1.2467968,-2.0933,3.4150112,-0.4713682,1.2934004,-0.274,1.718,0.14983776,-0.05950477,-0.274,-0.327,-0.27796236,-0.296,1.809,-0.327,0.36357,-0.20504288,0.2048656,0.25966296
55,0.9340000000000007,1.0,1.0,-0.31671265,-1.0,1.0,-1.0,1.0,-0.2892641,0.6300943,-1.0,1.0,-0.22822024,-1.0,-1.0,-1.0,-0.7212375,-1.0,1.0,-1.0,-1.0,-1.0,-0.5741403,-0.17837206,3.0527,2.0933,-1.6083443,1.1007212,1.4134969,-2.0933,3.581711,-0.16488054,1.3389846,-0.274,1.718,-0.13008554,-0.296,-0.274,-0.327,-0.41110536,-0.296,1.809,-0.327,0.36357,-0.20504288,0.119700216,0.59315985
56,0.9520000000000007,1.0,1.0,-1.0,-0.7686381,1.0,-1.0,-0.27505326,0.31782177,1.0,-1.0,1.0,-0.70182675,-1.0,-1.0,-1.0,-1.0,-1.0,0.9449343,-1.0,-1.0,-1.0,-0.8953862,-0.16449565,3.0527,2.0933,-1.7750443,0.97258925,1.5801969,-2.0933,3.5358598,0.18115841,1.71,-0.274,1.718,-0.40004125,-0.296,-0.274,-0.327,-0.57,-0.296,1.7516491,-0.327,0.36357,-0.20504288,-0.18912955,0.607606
57,0.9680000000000007,1.0,1.0,-1.0,0.44644898,0.6824962,-1.0,-0.961073,0.8513497,1.0,-1.0,1.0,-0.9777779,-1.0,-1.0,-1.0,-1.0,-1.0,0.93829596,-1.0,-1.0,-1.0,-1.0,-0.25176224,3.0527,2.0933,-1.9417443,1.0470123,1.693969,-2.0933,3.3756487,0.48526934,1.71,-0.274,1.718,-0.5573334,-0.296,-0.274,-0.327,-0.57,-0.296,1.7447352,-0.327,0.36357,-0.20504288,-0.2897,0.51675665
58,0.9840000000000008,1.0,1.0,-1.0,1.0,-0.5623738,-1.0,-0.36584866,0.86817914,1.0,-1.0,1.0,-0.97819346,-1.0,-1.0,-1.0,-1.0,-0.6447831,0.92532647,-1.0,-1.0,-1.0,-1.0,-0.23763137,3.0527,2.0933,-2.1084442,1.2137123,1.6002213,-2.0933,3.314662,0.4948621,1.71,-0.274,1.718,-0.5575703,-0.296,-0.274,-0.327,-0.57,0.06028257,1.7312275,-0.327,0.36357,-0.20504288,-0.2897,0.5314677
59,1.0020000000000007,1.0,1.0,-1.0,1.0,-1.0,-1.0,0.30953494,0.75080675,1.0,-1.0,1.0,-0.9867174,-1.0,-1.0,-1.0,-1.0,-0.2609787,0.97429913,-0.9599154,-1.0,-1.0,-1.0,-0.12947348,3.0527,2.0933,-2.2751443,1.3804123,1.4335213,-2.0933,3.3662612,0.42795986,1.71,-0.274,1.718,-0.5624289,-0.296,-0.274,-0.327,-0.57,0.44523835,1.7822325,-0.28601348,0.36357,-0.20504288,-0.2897,0.644066
60,1.0180000000000007,1.0,1.0,-1.0,1.0,-1.0,-1.0,0.7163166,0.6825787,1.0,-1.0,1.0,-0.9991776,-1.0,-1.0,-1.0,-1.0,-0.052325737,1.0,-0.95472586,-1.0,-1.0,-1.0,-0.019185198,3.0527,2.0933,-2.4418442,1.5471123,1.2668213,-2.0933,3.4856713,0.38906986,1.71,-0.274,1.718,-0.5695312,-0.296,-0.274,-0.327,-0.57,0.6545173,1.809,-0.28070718,0.36357,-0.20504288,-0.2897,0.75888216
61,1.0340000000000007,1.0,1.0,-1.0,1.0,-1.0,-1.0,0.2759392,0.7335508,1.0,-1.0,1.0,-1.0,-1.0,-1.0,-1.0,-1.0,-0.062102955,1.0,-1.0,-1.0,-1.0,-1.0,0.085510686,3.0527,2.0933,-2.6085443,1.7138124,1.1001213,-2.0933,3.5316703,0.41812396,1.71,-0.274,1.718,-0.57,-0.296,-0.274,-0.327,-0.57,0.6447107,1.809,-0.327,0.36357,-0.20504288,-0.2897,0.86787635
62,1.0520000000000007,1.0,1.0,-1.0,1.0,0.3444453,-1.0,-0.9281983,1.0,1.0,-1.0,1.0,-1.0,-1.0,-1.0,-1.0,-1.0,-0.5167193,1.0,-1.0,-1.0,-1.0,-1.0,0.042335678,3.0527,2.0933,-2.7752442,1.8805124,1.1575403,-2.0933,3.3769398,0.57,1.71,-0.274,1.718,-0.57,-0.296,-0.274,-0.327,-0.57,0.18873057,1.809,-0.327,0.36357,-0.20504288,-0.2897,0.8229288
63,1.0680000000000007,1.0,1.0,-1.0,0.56703585,1.0,-1.0,0.5156906,0.4208986,1.0,-1.0,1.0,-0.8369457,-1.0,-1.0,-0.79918027,-1.0,-0.6723541,0.8629209,-1.0,-1.0,-1.0,-1.0,0.10403052,3.0527,2.0933,-2.9419444,1.9750372,1.3242403,-2.0933,3.4629054,0.2399122,1.71,-0.274,1.718,-0.47705907,-0.296,-0.274,-0.12166183,-0.57,0.032628834,1.6662321,-0.327,0.36357,-0.20504288,-0.2897,0.8871565
64,1.0840000000000007,1.0,1.0,-0.9952354,-0.16535665,1.0,-1.0,0.48947713,-0.7409248,1.0,-1.0,0.47317475,-0.5152435,-1.0,-1.0,-0.329859,-1.0,-0.24663807,0.8863995,-0.50170696,-1.0,-1.0,-0.9800453,0.3362211,3.0527,2.0933,-3.0527,1.9474722,1.4909403,-2.0933,3.5445013,-0.42232713,1.71,-0.274,1.1793212,-0.29368877,-0.296,-0.274,0.35821918,-0.57,0.45962203,1.690685,0.18250464,0.36357,-0.20504288,-0.27051657,1.1288797
65,1.1020000000000008,1.0,1.0,-1.0,0.0069550686,1.0,-1.0,-0.40142682,-1.0,1.0,-1.0,0.92562354,-0.4446869,-1.0,-1.0,-0.74739164,-1.0,-0.15330498,0.86659133,-0.5909873,-1.0,-1.0,-1.0,0.32025313,3.0527,2.0933,-3.0527,1.9486316,1.6576403,-2.0933,3.4775834,-0.57,1.71,-0.274,1.64195,-0.25347152,-0.296,-0.274,-0.06870795,-0.57,0.5532351,1.6700549,0.09121546,0.36357,-0.20504288,-0.2897,1.1122562
66,1.1180000000000008,1.0,1.0,-0.73291427,-0.18014552,1.0,-1.0,0.058920067,-0.9718254,1.0,-1.0,1.0,-0.34500483,-1.0,-1.0,-0.94906324,-1.0,-0.2861797,0.88976824,-0.5644503,-1.0,-1.0,-1.0,0.27315298,3.0527,2.0933,-3.0527,1.9186014,1.8243403,-2.0933,3.4874053,-0.5539405,1.71,-0.274,1.718,-0.19665276,-0.296,-0.274,-0.27491716,-0.57,0.41996178,1.6941936,0.118349545,0.36357,-0.20504288,-0.2897,1.0632223
67,1.1340000000000008,1.0,1.0,0.2469015,-0.43141237,1.0,-1.0,0.55731946,-0.95254195,1.0,-1.0,1.0,-0.30634403,-1.0,-1.0,-1.0,-1.0,-0.45587775,0.89120775,-0.5726295,-1.0,-1.0,-0.85845083,0.20421915,3.0527,2.0933,-3.0115416,1.8466849,1.9910403,-2.0933,3.5803106,-0.5429489,1.71,-0.274,1.718,-0.1746161,-0.296,-0.274,-0.327,-0.57,0.24975462,1.6956929,0.10998633,0.36357,-0.20504288,-0.1536217,0.99145836
68,1.1520000000000008,1.0,1.0,1.0,-0.7040163,1.0,-1.0,0.8648144,-0.8935739,0.8674068,-1.0,1.0,-0.18423109,-1.0,-1.0,-1.0,-1.0,-0.5751142,0.93997484,-0.8322514,-1.0,-1.0,-0.6937349,-0.3420307,3.0527,2.0933,-2.8448415,1.7293254,2.1577404,-2.0933,3.7244751,-0.5093371,1.577009,-0.274,1.718,-0.10501172,-0.296,-0.274,-0.327,-0.57,0.13016047,1.7464838,-0.15547709,0.36357,-0.20504288,0.004727969,0.4227822
69,1.1680000000000008,1.0,1.0,1.0,-0.7992512,1.0,-1.0,1.0,-0.9507824,0.79996663,-1.0,1.0,-0.15798607,-1.0,-1.0,-1.0,-1.0,-0.81415945,0.9472578,-0.8903497,-1.0,-1.0,-0.71309257,-0.14479493,3.0527,2.0933,-2.6781416,1.5960902,2.3244402,-2.0933,3.891175,-0.541946,1.5093665,-0.274,1.718,-0.09005206,-0.296,-0.274,-0.327,-0.57,-0.10960193,1.754069,-0.21488255,0.36357,-0.20504288,-0.013881538,0.62811553
70,1.1840000000000008,1.0,1.0,-0.42822474,-0.2513692,1.0,-1.0,0.26917502,-0.34620407,0.9501365,-1.0,1.0,-0.38431188,-1.0,-1.0,-1.0,-1.0,-0.60033154,0.9537795,-0.9633336,-1.0,-1.0,-0.6738541,-0.3487323,3.0527,2.0933,-2.7495265,1.5541869,2.4911404,-2.0933,3.9360466,-0.19733632,1.6599869,-0.274,1.718,-0.21905777,-0.296,-0.274,-0.327,-0.57,0.10486746,1.7608614,-0.2895086,0.36357,-0.20504288,0.02384035,0.4158055
71,1.2020000000000008,1.0,1.0,-1.0,0.33974916,1.0,-1.0,-0.3549184,0.038351618,1.0,-1.0,1.0,-0.5367306,-1.0,-1.0,-1.0,-1.0,-0.5487672,0.948176,-1.0,-1.0,-1.0,-0.7828767,-0.2753612,3.0527,2.0933,-2.9162266,1.6108232,2.6578403,-2.0933,3.8768816,0.021860423,1.71,-0.274,1.718,-0.30593643,-0.296,-0.274,-0.327,-0.57,0.15658648,1.7550254,-0.327,0.36357,-0.20504288,-0.080968484,0.49218884
72,1.2180000000000009,1.0,1.0,-1.0,0.85789186,0.92757314,-1.0,-0.64464176,0.29449376,1.0,-1.0,1.0,-0.6181701,-1.0,-1.0,-1.0,-1.0,-0.5459908,0.90699184,-1.0,-1.0,-1.0,-0.95533615,-0.21317525,3.0527,2.0933,-3.0527,1.7538338,2.8124669,-2.0933,3.76942,0.16786145,1.71,-0.274,1.718,-0.35235694,-0.296,-0.274,-0.327,-0.57,0.1593712,1.712132,-0.327,0.36357,-0.20504288,-0.24676241,0.55692786
73,1.2340000000000009,1.0,1.0,-1.0,0.9370293,0.1135056,-1.0,-0.40836427,0.39450207,1.0,-1.0,1.0,-0.740147,-1.0,-1.0,-1.0,-1.0,-0.52446926,0.8581992,-1.0,-1.0,-1.0,-0.9981483,-0.23007184,3.0527,2.0933,-3.0527,1.9100366,2.8313882,-2.0933,3.7013454,0.22486618,1.71,-0.274,1.718,-0.4218838,-0.296,-0.274,-0.327,-0.57,0.18095733,1.6613145,-0.327,0.36357,-0.20504288,-0.28791988,0.5393376
74,1.252000000000001,1.0,1.0,-0.69304323,0.05440573,-0.5493516,-1.0,-0.06754512,0.26403928,1.0,-1.0,0.6949999,-0.97716933,-1.0,-1.0,-1.0,-1.0,-0.636065,0.7701396,-0.6079594,-1.0,-1.0,-0.8061095,-0.23530304,3.0527,2.0933,-3.0527,1.919106,2.7398112,-2.0933,3.6900856,0.15050238,1.71,-0.274,1.4061373,-0.5569865,-0.296,-0.274,-0.327,-0.57,0.0690268,1.5696003,0.073861524,0.36357,-0.20504288,-0.10330336,0.5338916
75,1.268000000000001,1.0,1.0,-0.27707592,0.54728776,-0.5986311,-1.0,0.9924882,-0.021370433,1.0,-1.0,0.41493437,-0.7517387,-1.0,-1.0,-1.0,-1.0,-0.43420205,0.77261895,-0.3090618,-1.0,-1.0,-0.7916267,-0.21696775,3.0527,2.0933,-3.0527,2.0103388,2.6400194,-2.0933,3.8555336,-0.012181147,1.71,-0.274,1.1197704,-0.4284911,-0.296,-0.274,-0.327,-0.57,0.27149534,1.5721827,0.37948433,0.36357,-0.20504288,-0.089380324,0.55297965
76,1.284000000000001,1.0,1.0,-1.0,0.5656757,-0.055881947,-1.0,0.7234164,0.047208153,1.0,-1.0,1.0,-0.720517,-1.0,-1.0,-1.0,-1.0,-0.582608,0.84884405,-0.79903364,-1.0,-1.0,-1.0,-0.2789103,3.0527,2.0933,-3.0527,2.0933,2.630704,-2.0933,3.9761271,0.026908647,1.71,-0.274,1.718,-0.4106947,-0.296,-0.274,-0.327,-0.57,0.12264419,1.651571,-0.1215119,0.36357,-0.20504288,-0.2897,0.48849404
77,1.302000000000001,1.0,1.0,-1.0,0.38858217,0.3392037,-1.0,-0.45996824,0.5327102,1.0,-1.0,1.0,-1.0,-1.0,-1.0,-1.0,-1.0,-0.80758786,0.86208606,-1.0,-1.0,-1.0,-1.0,-0.11469829,3.0527,2.0933,-3.0527,2.0933,2.6872492,-2.0933,3.8994503,0.3036448,1.71,-0.274,1.718,-0.57,-0.296,-0.274,-0.327,-0.57,-0.103010625,1.6653626,-0.327,0.36357,-0.20504288,-0.2897,0.6594478
78,1.318000000000001,1.0,1.0,-0.7068705,0.11162418,-0.99578923,-1.0,-0.3495958,0.059212647,1.0,-1.0,0.9512917,-0.80193037,-1.0,-1.0,-1.0,-1.0,-0.37016633,0.7947252,-0.57362986,-1.0,-1.0,-0.69102937,-0.46811178,3.0527,2.0933,-3.0527,2.0933,2.5212512,-2.0933,3.8411727,0.03375121,1.71,-0.274,1.6681957,-0.4571003,-0.296,-0.274,-0.327,-0.57,0.33572316,1.5952063,0.108963475,0.36357,-0.20504288,0.0073289154,0.2915249
79,1.334000000000001,1.0,1.0,1.0,-1.0,-1.0,-1.0,-0.5521917,-0.7777177,1.0,-1.0,0.69461787,-0.69777304,-0.27748224,-1.0,-0.82742596,-1.0,-0.09748037,0.84998435,-0.096238226,-1.0,-1.0,-0.50627804,-0.91603434,3.0527,2.0933,-2.886,1.9266,2.354551,-2.0933,3.7491224,-0.44329908,1.71,-0.274,1.4057468,-0.39773062,0.4286853,-0.274,-0.15054303,-0.57,0.6092272,1.6527587,0.59709644,0.36357,-0.20504288,0.18493961,-0.17478713
80,1.352000000000001,1.0,1.0,1.0,-1.0,-1.0,-1.0,-0.022720551,-0.5201615,0.9879286,-1.0,0.8184319,-0.36383858,-0.088995256,-1.0,-0.55641246,-0.86580133,-0.27602407,0.9165389,-0.41287765,-1.0,-1.0,-0.44371444,-0.9908576,3.0527,2.0933,-2.7193,1.7599,2.1878512,-2.0933,3.7453349,-0.29649207,1.6978924,-0.274,1.5323466,-0.207388,0.61773777,-0.274,0.12656826,-0.49350676,0.43014786,1.7220752,0.2733326,0.36357,-0.20504288,0.24508512,-0.25268227
81,1.368000000000001,1.0,1.0,1.0,-1.0,-1.0,-1.0,0.31365332,-0.3735108,1.0,-1.0,0.8477036,-0.054929245,-0.06777469,-1.0,-0.58446425,-0.6263176,-0.57380867,0.9461883,-0.70451117,-1.0,-1.0,-0.5345479,-1.0,3.0527,2.0933,-2.5526,1.5932,2.021151,-2.0933,3.7976208,-0.21290116,1.71,-0.274,1.562277,-0.031309668,0.639022,-0.274,0.0978853,-0.35700104,0.1314699,1.7529551,-0.024862668,0.36357,-0.20504288,0.15776235,-0.2622
82,1.384000000000001,1.0,1.0,1.0,-1.0,-1.0,-0.9026698,0.47895667,-0.3620644,1.0,-1.0,0.9086429,0.13756648,-0.1803225,-1.0,-0.7225485,-0.4249929,-0.8417819,0.94752127,-0.877972,-1.0,-1.0,-0.6230513,-1.0,3.0527,2.0933,-2.3859,1.4265,1.8544511,-2.0933,3.8774629,-0.2063767,1.71,-0.274,1.6245873,0.07841289,0.5261365,-0.274,-0.043305825,-0.24224594,-0.13730726,1.7543434,-0.20222637,0.36357,-0.20504288,0.07267965,-0.2622
83,1.402000000000001,1.0,1.0,1.0,-1.0,-1.0,0.34079129,0.4118478,-0.21734793,1.0,-1.0,1.0,0.22834477,-0.7074288,-0.8205796,-1.0,-0.31052026,-1.0,0.86210805,-0.9120357,-1.0,-1.0,-0.8279241,-0.8793508,3.0527,2.0933,-2.2192,1.2598,1.687751,-2.0364902,3.9461179,-0.12388832,1.71,-0.274,1.718,0.13015652,-0.0025510995,-0.08713364,-0.327,-0.17699654,-0.296,1.6653855,-0.23705651,0.36357,-0.20504288,-0.124274805,-0.13659753
84,1.418000000000001,0.64136195,1.0,1.0,-0.8484057,-1.0,1.0,0.3609304,-0.1665015,1.0,-1.0,1.0,0.2717216,-1.0,-0.7606789,-1.0,-0.24156906,-1.0,0.7949279,-0.96110654,-1.0,-1.0,-0.90159035,-0.6957738,3.0527,2.0933,-2.0525,1.1183708,1.521051,-1.8697901,4.006285,-0.09490586,1.71,-0.274,1.718,0.15488131,-0.296,-0.02474706,-0.327,-0.13769436,-0.296,1.5954174,-0.28723145,0.36357,-0.20504288,-0.19509389,0.054516226
85,1.434000000000001,0.44922668,1.0,1.0,-0.3954493,-0.7169724,1.0,0.42997757,-0.10796847,1.0,-1.0,1.0,0.19761506,-1.0,-0.6890227,-1.0,-0.27408737,-1.0,0.74065346,-0.96635747,-1.0,-1.0,-0.9109824,-0.524781,3.0527,2.0933,-1.8858,1.0524493,1.4015318,-1.7030901,4.0779624,-0.06154203,1.71,-0.274,1.718,0.11264058,-0.296,0.049882837,-0.327,-0.1562298,-0.296,1.5388906,-0.2926005,0.36357,-0.20504288,-0.2041229,0.23252913
86,1.452000000000001,0.43167266,1.0,1.0,0.12954612,-0.017729921,1.0,0.6411078,-0.019863777,1.0,-1.0,1.0,0.07087252,-1.0,-0.66623825,-1.0,-0.363527,-1.0,0.7264592,-0.8461982,-1.0,-1.0,-0.8557386,-0.35670054,3.0527,2.0933,-1.7191,1.0740447,1.3985763,-1.5363901,4.184835,-0.011322353,1.71,-0.274,1.718,0.04039734,-0.296,0.07361286,-0.327,-0.20721039,-0.296,1.5241072,-0.16973767,0.36357,-0.20504288,-0.15101428,0.40751013
87,1.468000000000001,0.33326143,1.0,1.0,0.801099,0.599428,1.0,0.82437086,-0.02461829,1.0,-1.0,1.0,0.100986265,-1.0,-0.7278787,-1.0,-0.38865334,-1.0,0.7100508,-0.6927455,-1.0,-1.0,-0.73697007,-0.24576437,3.0527,2.0933,-1.5524,1.207588,1.4985008,-1.3696901,4.3222575,-0.014032425,1.71,-0.274,1.718,0.057562172,-0.296,0.009414345,-0.327,-0.2215324,-0.296,1.507018,-0.01283228,0.36357,-0.20504288,-0.036836173,0.5230008
88,1.484000000000001,0.1751229,1.0,1.0,1.0,1.0,1.0,0.8430391,-0.00017964002,1.0,-1.0,1.0,0.12676767,-1.0,-0.8166327,-1.0,-0.46651214,-1.0,0.6576714,-0.5626495,-1.0,-1.0,-0.62608755,-0.14671852,3.0527,2.0933,-1.3857,1.374288,1.6652008,-1.20299,4.4627924,-0.00010239481,1.71,-0.274,1.718,0.07225757,-0.296,-0.083022945,-0.327,-0.26591194,-0.296,1.4524647,0.120190896,0.36357,-0.20504288,0.06976074,0.62611294
89,1.5020000000000011,-0.03638075,1.0,1.0,1.0,1.0,1.0,0.5766439,0.291068,1.0,-1.0,1.0,-0.16033714,-1.0,-0.8673173,-1.0,-0.7661099,-1.0,0.5970147,-0.46572936,-1.0,-1.0,-0.5953578,0.1180712,3.0466354,2.0933,-1.219,1.5409878,1.8319008,-1.03629,4.558919,0.16590875,1.71,-0.274,1.718,-0.09139217,-0.296,-0.13581099,-0.327,-0.43668264,-0.296,1.3892908,0.21929173,0.36357,-0.20504288,0.099302806,0.90177363
90,1.5180000000000011,0.0016622447,1.0,0.6083126,1.0,1.0,1.0,-0.07306395,0.68774635,1.0,-1.0,1.0,-0.64713913,-1.0,-0.9952253,-1.0,-1.0,-0.85968506,0.6031134,-0.43691495,-1.0,-1.0,-0.58666974,0.48280612,3.0469124,2.0933,-1.1175942,1.7076879,1.9986008,-0.8695901,4.546739,0.39201543,1.71,-0.274,1.718,-0.3688693,-0.296,-0.26902717,-0.327,-0.57,-0.15526412,1.3956426,0.24875446,0.36357,-0.20504288,0.10765504,1.2814827
91,1.5340000000000011,1.0,1.0,1.0,1.0,1.0,-0.06064149,-0.7433431,0.34754822,1.0,-1.0,1.0,-0.34401992,-1.0,-1.0,-1.0,-0.59910774,-1.0,0.6707231,-0.701084,-1.0,-1.0,-0.39341977,0.13750575,3.0527,2.0933,-0.9508943,1.8743879,2.1653008,-0.87969905,4.422824,0.19810249,1.71,-0.274,1.718,-0.19609135,-0.296,-0.274,-0.327,-0.3414914,-0.296,1.4660581,-0.021358408,0.36357,-0.20504288,0.2934359,0.9220061
92,1.5520000000000012,1.0,1.0,1.0,0.7804177,1.0,-1.0,-1.0,-0.13793077,0.7399108,-1.0,1.0,-0.4158998,-1.0,-1.0,-1.0,-0.7014189,-1.0,0.754855,-0.84764403,-1.0,-1.0,-0.370003,-0.11561391,3.0527,2.0933,-0.7841943,2.0044835,2.332001,-1.046399,4.2561235,-0.07862054,1.4491305,-0.274,1.718,-0.23706289,-0.296,-0.274,-0.327,-0.39980876,-0.296,1.5536815,-0.17121603,0.36357,-0.20504288,0.3159476,0.6584946
93,1.5680000000000012,1.0,1.0,1.0,0.69883937,0.731274,-0.8286938,-0.3856176,-0.06266519,0.7852801,-1.0,1.0,-0.7380779,-1.0,-1.0,-1.0,-0.8973062,-1.0,0.7531592,-0.8188778,-1.0,-1.0,-0.51367366,-0.21420401,3.0527,2.0933,-0.6174943,2.0933,2.4539042,-1.1845423,4.191841,-0.035719156,1.4946359,-0.274,1.718,-0.4207044,-0.296,-0.274,-0.327,-0.51146454,-0.296,1.5519153,-0.14180256,0.36357,-0.20504288,0.17782982,0.5558568
94,1.5840000000000012,1.0,1.0,1.0,0.1436976,1.0,-0.69847804,0.3990169,0.2197678,0.8873458,-1.0,1.0,-1.0,-1.0,-1.0,-1.0,-0.6552632,-0.97796357,0.7552915,-1.0,-1.0,-1.0,-0.55324817,-0.18656789,3.0527,2.0933,-0.45079428,2.0933,2.6206043,-1.3009785,4.2583575,0.12526764,1.5970079,-0.274,1.718,-0.57,-0.296,-0.274,-0.327,-0.37350002,-0.27389747,1.5541362,-0.327,0.36357,-0.20504288,0.13978487,0.58462757
95,1.6020000000000012,1.0,1.0,0.47118926,-0.9983913,1.0,-0.41871014,0.6455444,0.45522976,1.0,-1.0,0.85191154,-1.0,-0.7391644,-0.67420197,-1.0,-0.60145324,-0.59901905,0.7439264,-0.9731628,-1.0,-1.0,-0.50714374,-0.20303388,3.0527,2.0933,-0.37224704,1.9268682,2.7873042,-1.3707776,4.3659697,0.25948095,1.71,-0.274,1.5665796,-0.57,-0.034381904,0.06531865,-0.327,-0.34282836,0.106183894,1.5422994,-0.29955894,0.36357,-0.20504288,0.18410736,0.5674856
96,1.6180000000000012,1.0,1.0,-0.63369715,-1.0,0.39707893,-0.16980986,0.607244,0.33968762,1.0,-1.0,0.7598291,-0.97343266,-0.40479675,-0.29266816,-1.0,-0.455252,-0.38127378,0.7435416,-0.9337659,-1.0,-1.0,-0.42877558,-0.26625288,3.0527,2.0933,-0.47788435,1.7601682,2.8534973,-1.3990848,4.4671974,0.19362193,1.71,-0.274,1.4724252,-0.5548566,0.30098885,0.46268612,-0.327,-0.25949365,0.3245824,1.5418986,-0.25927562,0.36357,-0.20504288,0.2594466,0.50167114
97,1.6340000000000012,1.0,1.0,-1.0,-1.0,0.18063766,-0.022218399,0.28427082,0.1848809,1.0,-1.0,0.75020784,-0.9604963,-0.3690336,-0.20242286,-1.0,-0.37178695,-0.30580303,0.7584364,-0.902929,-1.0,-1.0,-0.37243837,-0.28754,3.0527,2.0933,-0.64458436,1.5934682,2.8836095,-1.4027886,4.514585,0.105382115,1.71,-0.274,1.4625875,-0.5474829,0.3368593,0.55667657,-0.327,-0.21191856,0.40027955,1.5574114,-0.2277449,0.36357,-0.20504288,0.31360638,0.47951007
98,1.6520000000000012,1.0,1.0,-1.0,-1.0,0.13002402,-0.04893317,0.057830255,0.038075186,1.0,-1.0,0.7074761,-0.983702,-0.3931667,-0.24593303,-0.9692371,-0.36685154,-0.32518968,0.74114627,-0.9756578,-1.0,-1.0,-0.37422726,-0.2563364,3.0527,2.0933,-0.81128436,1.4267682,2.9052846,-1.4109458,4.524225,0.021702856,1.71,-0.274,1.4188943,-0.56071013,0.3126538,0.51136076,-0.29554492,-0.20910537,0.38083476,1.5394038,-0.30211014,0.36357,-0.20504288,0.31188664,0.5119947
99,1.6680000000000013,1.0,1.0,-1.0,-1.0,0.06602228,-0.1485199,0.084068365,0.0210791,1.0,-1.0,0.617263,-1.0,-0.44867912,-0.26183206,-0.97879255,-0.41540837,-0.21041755,0.7135795,-1.0,-1.0,-1.0,-0.34766757,-0.25582075,3.0527,2.0933,-0.97798437,1.2600682,2.9162905,-1.4357041,4.5382395,0.0120150875,1.71,-0.274,1.3266515,-0.57,0.25697485,0.4948019,-0.30531538,-0.23678277,0.4959512,1.5106931,-0.327,0.36357,-0.20504288,0.33741978,0.5125315
100,1.6840000000000013,1.0,1.0,-1.0,-1.0,0.052772284,-0.31060684,0.28855848,0.102852024,1.0,-1.0,0.47662866,-1.0,-0.46529362,-0.22401842,-0.98208916,-0.47561407,0.0060484298,0.6893861,-1.0,-1.0,-1.0,-0.26803964,-0.25931236,3.0527,2.0933,-1.1446843,1.0933682,2.9250877,-1.4874823,4.5863423,0.058625653,1.71,-0.274,1.1828529,-0.57,0.2403105,0.5341848,-0.30868617,-0.2711,0.7130666,1.4854957,-0.327,0.36357,-0.20504288,0.41397008,0.5088966
101,1.7020000000000013,1.0,1.0,-1.0,-1.0,0.021569075,-0.42402032,0.4338544,0.19807135,1.0,-1.0,0.32970145,-1.0,-0.4520249,-0.17526606,-0.98741007,-0.50599253,0.21703555,0.6712561,-1.0,-1.0,-1.0,-0.1718186,-0.26813784,3.0527,2.0933,-1.3113843,0.92666817,2.9286833,-1.5581664,4.6586657,0.11290067,1.71,-0.274,1.0326197,-0.57,0.25361902,0.5849604,-0.3141268,-0.28841573,0.9246867,1.4666133,-0.327,0.36357,-0.20504288,0.5064722,0.49970877
102,1.7180000000000013,1.0,1.0,-1.0,-1.0,0.08282715,-0.5937346,0.5523502,0.31647334,1.0,-1.0,0.20901588,-1.0,-0.3788293,-0.19114819,-0.8527965,-0.43486863,0.42066136,0.69387585,-0.9719462,-1.0,-1.0,0.0033298545,-0.27058154,3.0527,2.0933,-1.4780843,0.75996816,2.9424906,-1.657142,4.7507424,0.1803898,1.71,-0.274,0.9092187,-0.57,0.3270342,0.56841916,-0.17648442,-0.24787512,1.1289233,1.4901717,-0.29831496,0.36357,-0.20504288,0.6748512,0.49716473
103,1.7340000000000013,1.0,1.0,-1.0,-1.0,0.35291725,-0.38616613,0.7477968,0.66553354,0.8613201,-1.0,-0.014961053,-1.0,-0.3202893,-0.005046401,-0.880633,-0.4245801,0.7389993,0.6808327,-0.9168894,-1.0,-1.0,0.12633927,-0.24191551,3.0527,2.0933,-1.6447843,0.59326816,3.0013218,-1.7215159,4.8754005,0.37935412,1.570904,-0.274,0.6802023,-0.57,0.38574982,0.76224416,-0.20494723,-0.24201065,1.4482163,1.4765873,-0.24201944,0.36357,-0.20504288,0.79310626,0.52700764
104,1.7520000000000013,1.0,1.0,-1.0,0.03452408,0.0813247,0.25767705,0.9943064,1.0,0.6535932,-1.0,-0.26345962,-1.0,-0.32658806,0.33426845,-0.94521403,-0.2907352,1.0,0.6147688,-0.9049353,-0.7609987,-1.0,0.30719906,-0.2654146,3.0527,2.0933,-1.8114843,0.59902334,3.0148785,-1.6785611,5.041151,0.57,1.362554,-0.274,0.42611253,-0.57,0.37943217,1.1156406,-0.27098134,-0.16571906,1.71,1.4077817,-0.22979635,0.4989917,-0.20504288,0.9669758,0.5025438
105,1.7680000000000013,1.0,1.0,-1.0,0.36430284,-0.1987176,0.61297715,0.96095103,1.0,0.7082621,-1.0,-0.29121464,-1.0,-0.29848775,0.48876503,-0.9864284,-0.24967702,1.0,0.5765758,-0.95928025,-0.48509225,-1.0,0.34431314,-0.26389664,3.0527,2.0933,-1.9781843,0.6597526,2.9817524,-1.5763779,5.2013416,0.57,1.4173869,-0.274,0.39773303,-0.57,0.4076168,1.2765487,-0.31312302,-0.1423159,1.71,1.3680037,-0.28536406,0.65532446,-0.20504288,1.0026554,0.5041241
106,1.7840000000000014,1.0,1.0,-1.0,0.4345055,-0.34748062,0.7673633,0.8259928,1.0,0.8232852,-1.0,-0.23079912,-1.0,-0.30226108,0.5248311,-1.0,-0.26616758,1.0,0.5399599,-1.0,-0.43848383,-1.0,0.32270214,-0.22096051,3.0527,2.0933,-2.1448843,0.7321847,2.9238274,-1.4484584,5.3390346,0.57,1.5327551,-0.274,0.45950788,-0.57,0.40383214,1.3141116,-0.327,-0.15171552,1.71,1.3298682,-0.327,0.6817335,-0.20504288,0.9818797,0.54882294
107,1.8020000000000014,1.0,1.0,-1.0,0.4536182,-0.4606306,0.8381767,0.7338289,1.0,0.9085734,-1.0,-0.17751546,-1.0,-0.34077993,0.5297372,-1.0,-0.29906434,1.0,0.5063052,-1.0,-0.38303396,-1.0,0.30257055,-0.1560248,3.0527,2.0933,-2.3115845,0.80780286,2.8470402,-1.3087343,5.4613643,0.57,1.6182991,-0.274,0.51399046,-0.57,0.36519772,1.3192213,-0.327,-0.17046668,1.71,1.2948169,-0.327,0.7131522,-0.20504288,0.9625262,0.6164246
108,1.8180000000000014,1.0,1.0,-0.9445098,0.5215292,-0.4588669,0.9057451,0.6685771,1.0,0.99398744,-1.0,-0.08165003,-1.0,-0.4443837,0.4851307,-1.0,-0.3655991,0.90443087,0.48568866,-1.0,-0.42616084,-1.0,0.27004153,-0.057134654,3.0527,2.0933,-2.4690342,0.8947418,2.7705472,-1.1577466,5.572816,0.57,1.7039694,-0.274,0.61201286,-0.57,0.26128313,1.2727636,-0.327,-0.20839149,1.6141442,1.2733448,-0.327,0.6887159,-0.20504288,0.93125445,0.71937466
109,1.8340000000000014,1.0,1.0,-0.37930676,0.49618825,-0.41392094,0.7416014,0.69736814,1.0,1.0,-1.0,0.015124451,-1.0,-0.55355006,0.37384188,-1.0,-0.3688464,0.75868267,0.50877684,-1.0,-0.3829935,-1.0,0.21662448,0.044505227,3.0527,2.0933,-2.5322645,0.97745633,2.7015464,-1.0341216,5.6890674,0.57,1.71,-0.274,0.71096474,-0.57,0.15178928,1.1568563,-0.327,-0.21024244,1.4679587,1.297391,-0.327,0.7131751,-0.20504288,0.87990195,0.8251874
110,1.8520000000000014,1.0,1.0,0.2470619,0.44307682,-0.28370416,0.3321562,0.8252813,1.0,1.0,-1.0,0.0829121,-1.0,-0.5890792,0.23447612,-1.0,-0.31057933,0.63655686,0.5527917,-1.0,-0.19706179,-1.0,0.15376967,0.06709354,3.0527,2.0933,-2.4910793,1.0513172,2.654253,-0.97875124,5.8266416,0.57,1.71,-0.274,0.7802776,-0.57,0.11615356,1.0117068,-0.327,-0.17703022,1.3454665,1.3432325,-0.327,0.8185268,-0.20504288,0.8194765,0.8487031
111,1.8680000000000014,1.0,1.0,0.46736735,0.39986905,-0.19388103,-0.0625171,0.9081659,0.90544343,1.0,-1.0,0.10943307,-0.9079849,-0.6033199,0.1288999,-0.9730988,-0.27537936,0.5581033,0.5591927,-1.0,0.080073096,-1.0,0.095067,0.034932453,3.0527,2.0933,-2.4131691,1.1179755,2.621933,-0.9891728,5.9780326,0.51610273,1.71,-0.274,0.80739534,-0.5175514,0.10187016,0.90174925,-0.29949355,-0.15696624,1.2667776,1.3498992,-0.327,0.9755556,-0.20504288,0.7630427,0.8152216
112,1.8840000000000015,1.0,1.0,0.41057009,0.4572811,-0.2721633,-0.11087399,0.84625435,0.83847666,0.98230857,-1.0,0.053353127,-0.88771516,-0.57626265,0.12095776,-1.0,-0.2656091,0.5338996,0.5292502,-1.0,0.17387299,-1.0,0.07542213,0.0056369626,3.0527,2.0933,-2.3447273,1.1942042,2.5765634,-1.0076555,6.1191034,0.4779317,1.6922555,-0.274,0.7500536,-0.50599766,0.12900856,0.8934775,-0.327,-0.15139718,1.2425013,1.3187141,-0.327,1.028704,-0.20504288,0.7441571,0.7847234
113,1.9020000000000015,1.0,1.0,0.1886592,0.52230453,-0.3465594,-0.024436645,0.804184,0.91941965,0.9471819,-1.0,-0.10052295,-0.9840074,-0.53227746,0.21489981,-1.0,-0.29324424,0.64254403,0.4789057,-1.0,0.1883531,-1.0,0.11734719,0.034348596,3.0527,2.0933,-2.3132777,1.2812723,2.518792,-1.0117291,6.253161,0.5240692,1.6570234,-0.274,0.59271526,-0.56088424,0.1731257,0.99131817,-0.327,-0.16714922,1.3514717,1.2662803,-0.327,1.0369087,-0.20504288,0.78446174,0.81461376
114,1.9180000000000015,1.0,1.0,-0.08876626,0.59414035,-0.40661842,0.13367563,0.77208024,1.0,0.8834207,-1.0,-0.27677712,-1.0,-0.48936406,0.33327508,-1.0,-0.31145176,0.7816642,0.43652666,-1.0,0.08386765,-1.0,0.1982572,0.039678205,3.0527,2.0933,-2.328075,1.3803155,2.4510088,-0.9894454,6.283,0.57,1.593071,-0.274,0.4124954,-0.57,0.21616785,1.114606,-0.327,-0.1775275,1.4910092,1.2221425,-0.327,0.97770566,-0.20504288,0.86224455,0.8201622
115,1.9340000000000015,1.0,1.0,-0.4113372,0.66598684,-0.42253777,0.31224793,0.7305689,1.0,0.84936845,-1.0,-0.37715197,-1.0,-0.46057597,0.4281296,-1.0,-0.32753947,0.90197086,0.41063902,-1.0,-0.031842135,-1.0,0.27172875,0.03170221,3.0527,2.0933,-2.3966448,1.4913355,2.3805716,-0.93739367,6.283,0.57,1.5589166,-0.274,0.3098621,-0.57,0.24504231,1.213397,-0.327,-0.1866975,1.6116768,1.1951805,-0.327,0.91214275,-0.20504288,0.9328764,0.8118588
116,1.9520000000000015,1.0,1.0,-0.5745041,0.7122706,-0.40816295,0.40855178,0.80702454,1.0,0.8844547,-1.0,-0.44543955,-1.0,-0.50962734,0.4772307,-1.0,-0.3667788,1.0,0.38782305,-1.0,-0.038909696,-1.0,0.32274085,0.10741468,3.0527,2.0933,-2.4924147,1.6100711,2.312531,-0.8692881,6.283,0.57,1.5941081,-0.274,0.24003807,-0.57,0.19584377,1.2645358,-0.327,-0.20906392,1.71,1.1714177,-0.327,0.90813816,-0.20504288,0.9819169,0.8906796
117,1.9680000000000015,1.0,1.0,-0.5826399,0.7081991,-0.3636646,0.4313098,0.83882064,1.0,0.929298,-1.0,-0.45878905,-1.0,-0.56419253,0.47688052,-1.0,-0.38586745,1.0,0.37251323,-1.0,-0.08853837,-1.0,0.332616,0.19478898,3.0527,2.0933,-2.589541,1.7281278,2.251908,-0.79738873,6.283,0.57,1.6390859,-0.274,0.2263882,-0.57,0.14111489,1.264171,-0.327,-0.21994445,1.71,1.1554725,-0.327,0.8800178,-0.20504288,0.9914104,0.98164105
118,1.9840000000000015,1.0,1.0,-0.64688474,0.66942954,-0.3676465,0.4530336,0.8336349,1.0,0.9083003,-1.0,-0.5238678,-1.0,-0.5665405,0.5078719,-1.0,-0.39471796,1.0,0.36378527,-1.0,-0.069988154,-1.0,0.36600918,0.21154629,3.0527,2.0933,-2.6973765,1.8397218,2.1906214,-0.72186804,6.283,0.57,1.6180252,-0.274,0.15984519,-0.57,0.1387599,1.2964486,-0.327,-0.22498924,1.71,1.1463823,-0.327,0.8905287,-0.20504288,1.023513,0.9990863
119,2.002000000000001,1.0,1.0,-0.7268563,0.6697464,-0.41453648,0.5157139,0.8117285,1.0,0.90717995,-1.0,-0.56761795,-1.0,-0.5686657,0.54290605,-1.0,-0.41264272,1.0,0.35067478,-1.0,-0.049805604,-1.0,0.38496614,0.21800058,3.0527,2.0933,-2.8185434,1.9513685,2.1215181,-0.63589853,6.283,0.57,1.6169015,-0.274,0.11511064,-0.57,0.13662831,1.3329366,-0.327,-0.23520635,1.71,1.1327277,-0.327,0.9019644,-0.20504288,1.0417372,1.0058056
120,2.0179999999999993,1.0,1.0,-0.7920781,0.691527,-0.4859757,0.5926301,0.7885768,1.0,0.92273945,-1.0,-0.5835957,-1.0,-0.5694328,0.574977,-1.0,-0.4312169,1.0,0.33903372,-1.0,-0.032156847,-1.0,0.39167613,0.21564795,3.0527,2.0933,-2.950583,2.066646,2.040506,-0.53710705,6.283,0.57,1.6325077,-0.274,0.098773405,-0.57,0.13585891,1.3663385,-0.327,-0.24579363,1.71,1.1206037,-0.327,0.9119645,-0.20504288,1.0481879,1.0033563
121,2.0339999999999976,1.0,1.0,-0.83784324,0.7287109,-0.5591791,0.68055326,0.78527296,1.0,0.9501265,-1.0,-0.5829738,-1.0,-0.5867787,0.5932104,-1.0,-0.45270303,1.0,0.33147284,-1.0,-0.024166308,-1.0,0.3900984,0.22457413,3.0527,2.0933,-3.0527,2.0933,1.9472908,-0.42365885,6.283,0.57,1.659977,-0.274,0.09940931,-0.57,0.11846096,1.3853287,-0.327,-0.25804073,1.71,1.112729,-0.327,0.916492,-0.20504288,1.046671,1.012649
122,2.0519999999999956,1.0,1.0,-0.8805413,0.7697263,-0.6264348,0.76149976,0.7959577,1.0,0.97909707,-1.0,-0.57269204,-1.0,-0.60909617,0.60094184,-1.0,-0.47747797,1.0,0.32599837,-1.0,-0.018546484,-1.0,0.38141572,0.23037586,3.0527,2.0933,-3.0527,2.0933,1.8428642,-0.29671684,6.283,0.57,1.6890343,-0.274,0.109922394,-0.57,0.09607654,1.3933809,-0.327,-0.27216244,1.71,1.1070273,-0.327,0.9196763,-0.20504288,1.038324,1.0186889
123,2.067999999999994,1.0,1.0,-0.9154249,0.7981256,-0.67556816,0.81016,0.80911803,1.0,0.9959644,-1.0,-0.56674963,-1.0,-0.6196298,0.604718,-1.0,-0.4969535,1.0,0.32104564,-1.0,-0.003380857,-1.0,0.3742512,0.22638093,3.0527,2.0933,-3.0527,2.0933,1.7302469,-0.16166317,6.283,0.57,1.7059523,-0.274,0.1159985,-0.57,0.08551131,1.3973138,-0.327,-0.28326347,1.71,1.101869,-0.327,0.9282693,-0.20504288,1.0314363,1.01453
124,2.083999999999992,1.0,1.0,-0.9452208,0.81529045,-0.7058775,0.83193237,0.8176218,1.0,1.0,-1.0,-0.5650876,-1.0,-0.6210615,0.6068763,-1.0,-0.510024,1.0,0.31652495,-1.0,0.013083793,-1.0,0.36959028,0.21853344,3.0527,2.0933,-3.0527,2.0933,1.6125771,-0.022980047,6.283,0.57,1.71,-0.274,0.11769791,-0.57,0.08407531,1.3995616,-0.327,-0.2907137,1.71,1.0971607,-0.327,0.93759847,-0.20504288,1.0269556,1.0063603
125,2.10199999999999,1.0,1.0,-0.9742793,0.8297289,-0.73031586,0.8445963,0.81975853,1.0,1.0,-1.0,-0.5653951,-1.0,-0.61999846,0.6070965,-1.0,-0.51870155,1.0,0.3136346,-1.0,0.019440986,-1.0,0.36692232,0.20736708,3.0527,2.0933,-3.0527,2.0933,1.4908335,0.11781416,6.283,0.57,1.71,-0.274,0.117383495,-0.57,0.08514155,1.399791,-0.327,-0.2956599,1.71,1.0941504,-0.327,0.94120055,-0.20504288,1.0243908,0.99473554
126,2.1179999999999883,1.0,1.0,-1.0,0.84443015,-0.7555762,0.855984,0.81867975,1.0,0.99275076,-1.0,-0.5652406,-1.0,-0.61901873,0.6048971,-1.0,-0.5245789,1.0,0.31323355,-1.0,0.013529278,-1.0,0.36580986,0.1897263,3.0527,2.0933,-3.0527,2.0933,1.3648789,0.2605067,6.283,0.57,1.702729,-0.274,0.11754146,-0.57,0.08612421,1.3975003,-0.327,-0.29900998,1.71,1.0937327,-0.327,0.9378509,-0.20504288,1.0233213,0.9763705
127,2.1339999999999866,1.0,1.0,-1.0,0.8543786,-0.7734349,0.86062723,0.81793076,1.0,0.9808589,-1.0,-0.5647926,-1.0,-0.61576164,0.60208,-1.0,-0.52655166,1.0,0.31543952,-1.0,0.007846095,-1.0,0.36554834,0.17026615,3.0527,2.0933,-3.0527,2.0933,1.2359474,0.40397325,6.283,0.57,1.6908015,-0.274,0.11799959,-0.57,0.089391075,1.3945663,-0.327,-0.30013445,1.71,1.0960302,-0.327,0.9346307,-0.20504288,1.0230699,0.95611143
128,2.1519999999999846,1.0,1.0,-1.0,0.8609501,-0.78348154,0.8604285,0.81879616,1.0,0.96496177,-1.0,-0.56508934,-1.0,-0.60962045,0.5990102,-1.0,-0.5244991,1.0,0.31979257,-1.0,0.0039192815,-1.0,0.3666679,0.14956091,3.0527,2.0933,-3.0527,2.0933,1.105341,0.5474067,6.283,0.57,1.6748567,-0.274,0.11769614,-0.57,0.095550686,1.3913691,-0.327,-0.2989645,1.71,1.100564,-0.327,0.9324057,-0.20504288,1.0241462,0.9345561
129,2.167999999999983,1.0,1.0,-1.0,0.86262476,-0.78739405,0.8597072,0.8191176,1.0,0.96002173,-1.0,-0.56462777,-1.0,-0.6053769,0.5994404,-1.0,-0.521667,1.0,0.32156473,-1.0,0.0054002185,-1.0,0.36693132,0.14184791,3.0527,2.0933,-3.0527,2.0933,0.97408235,0.69071984,6.283,0.57,1.6699018,-0.274,0.11816811,-0.57,0.09980697,1.3918172,-0.327,-0.2973502,1.71,1.1024097,-0.327,0.9332448,-0.20504288,1.0243994,0.9265265
130,2.183999999999981,1.0,1.0,-1.0,0.8619929,-0.7837101,0.8559421,0.8202644,1.0,0.9510877,-1.0,-0.56715727,-1.0,-0.5979765,0.6002797,-1.0,-0.51368773,1.0,0.32400548,-1.0,0.0075137992,-1.0,0.37166747,0.13766037,3.0527,2.0933,-3.0527,2.0933,0.8434379,0.83340544,6.283,0.57,1.660941,-0.274,0.11558169,-0.57,0.10722957,1.3926913,-0.327,-0.292802,1.71,1.1049517,-0.327,0.93444246,-0.20504288,1.0289525,0.922167
131,2.201999999999979,1.0,1.0,-1.0,0.8624129,-0.7726329,0.8548859,0.81891066,1.0,0.94063413,-1.0,-0.5727189,-1.0,-0.5886264,0.60393506,-1.0,-0.5028009,1.0,0.3254304,-1.0,0.0088889375,-1.0,0.37982404,0.13471963,3.0527,2.0933,-3.0527,2.0933,0.71464,0.9759149,6.283,0.57,1.6504561,-0.274,0.10989491,-0.57,0.11660773,1.3964983,-0.327,-0.2865965,1.71,1.1064358,-0.327,0.9352216,-0.20504288,1.0367938,0.9191055
132,2.2179999999999773,1.0,1.0,-1.0,0.85821056,-0.7604415,0.8762576,0.7958702,1.0,0.93551004,-1.0,-0.5838257,-1.0,-0.57567644,0.6214735,-1.0,-0.49447906,1.0,0.31917423,-1.0,-0.008737288,-1.0,0.38796902,0.12570974,3.0527,2.0933,-3.0527,2.0933,0.5878744,1.121987,6.283,0.57,1.6453166,-0.274,0.09853821,-0.57,0.12959653,1.4147646,-0.327,-0.28185305,1.71,1.0999199,-0.327,0.9252343,-0.20504288,1.044624,0.9097258
133,2.2339999999999756,1.0,1.0,-1.0,0.853474,-0.7350752,0.90400255,0.7826913,1.0,0.9266226,-1.0,-0.6089953,-1.0,-0.56717706,0.6412158,-1.0,-0.47072297,1.0,0.31562752,-1.0,-0.032772265,-1.0,0.40594763,0.13628379,3.0527,2.0933,-3.0527,2.0933,0.46533737,1.2726842,6.283,0.57,1.6364025,-0.274,0.07280229,-0.57,0.13812141,1.4353262,-0.327,-0.2683121,1.71,1.0962261,-0.327,0.9116157,-0.20504288,1.0619078,0.9207339
134,2.2519999999999736,1.0,1.0,-1.0,0.85324776,-0.6658974,0.8996379,0.7793651,1.0,0.8990501,-1.0,-0.6342082,-1.0,-0.5528989,0.6451963,-1.0,-0.42792565,1.0,0.3173951,-1.0,-0.03176739,-1.0,0.44196633,0.16077836,3.0527,2.0933,-3.0527,2.0933,0.35433227,1.4226539,6.283,0.57,1.6087472,-0.274,0.04702211,-0.57,0.15244243,1.439472,-0.327,-0.24391761,1.71,1.098067,-0.327,0.91218513,-0.20504288,1.0965344,0.9462341
135,2.267999999999972,1.0,1.0,-1.0,0.8526671,-0.60700196,0.877686,0.7528441,1.0,0.86919117,-1.0,-0.6488804,-1.0,-0.5471104,0.6306744,-1.0,-0.40299803,1.0,0.31405503,-1.0,-0.050849818,-1.0,0.4657905,0.1766104,3.0527,2.0933,-3.0527,2.0933,0.25314504,1.5689641,6.283,0.57,1.5787988,-0.274,0.032019768,-0.57,0.15824829,1.4243474,-0.327,-0.22970888,1.71,1.0945883,-0.327,0.90137273,-0.20504288,1.1194377,0.96271616
136,2.28399999999997,1.0,1.0,-1.0,0.8461594,-0.5402604,0.8571999,0.7204546,1.0,0.8392638,-1.0,-0.66277516,-1.0,-0.5412315,0.6141272,-1.0,-0.3910474,1.0,0.30625874,-1.0,-0.07664492,-1.0,0.4858365,0.17586973,3.0527,2.0933,-3.0527,2.0933,0.16308363,1.7118593,6.283,0.57,1.5487816,-0.274,0.0178124,-0.57,0.1641448,1.4071136,-0.327,-0.22289701,1.71,1.0864685,-0.327,0.88675684,-0.20504288,1.138709,0.96194506
137,2.301999999999968,1.0,1.0,-1.0,0.84388494,-0.530391,0.8682659,0.7082563,1.0,0.8250344,-1.0,-0.6727104,-1.0,-0.53231186,0.61869496,-1.0,-0.38564843,1.0,0.30283996,-1.0,-0.09656348,-1.0,0.4975504,0.15715611,3.0527,2.0933,-3.0527,2.0933,0.07466746,1.8565993,6.283,0.57,1.5345095,-0.274,0.007653597,-0.57,0.1730912,1.4118708,-0.327,-0.2198196,1.71,1.0829078,-0.327,0.8754707,-0.20504288,1.14997,0.94246316
138,2.3179999999999663,1.0,1.0,-1.0,0.8397725,-0.50202745,0.88101095,0.7060797,1.0,0.8048513,-1.0,-0.67999136,-1.0,-0.5120506,0.6285915,-1.0,-0.3839987,1.0,0.30273408,-1.0,-0.08886387,-1.0,0.50978357,0.12185304,3.0527,2.0933,-3.0527,2.0933,-0.009020517,2.0034637,6.283,0.57,1.5142659,-0.274,0.00020882982,-0.57,0.19341321,1.422178,-0.327,-0.21887925,1.71,1.0827975,-0.327,0.8798334,-0.20504288,1.1617304,0.9057107
139,2.3339999999999645,1.0,1.0,-1.0,0.8350129,-0.463078,0.88560694,0.71843123,1.0,0.7704332,-1.0,-0.6941185,-1.0,-0.48305735,0.6374154,-1.0,-0.37686753,1.0,0.30952394,-1.0,-0.066800795,-1.0,0.52409565,0.08005996,3.0527,2.0933,-3.0527,2.0933,-0.086215615,2.0933,6.283,0.57,1.4797444,-0.274,-0.014236166,-0.57,0.22249348,1.4313681,-0.327,-0.2148145,1.71,1.0898691,-0.327,0.89233464,-0.20504288,1.1754893,0.8622018
140,2.3519999999999626,1.0,1.0,-1.0,0.82697606,-0.28482565,0.8258845,0.7958442,1.0,0.6817015,-1.0,-0.7284596,-1.0,-0.40066612,0.6494799,-1.0,-0.36223182,1.0,0.33926773,-1.0,-0.017691396,-1.0,0.5486729,-0.002644462,3.0527,2.0933,-3.0527,2.0933,-0.13369605,2.0933,6.283,0.57,1.3907466,-0.274,-0.049349938,-0.57,0.30513188,1.4439334,-0.327,-0.20647214,1.71,1.1208473,-0.327,0.9201608,-0.20504288,1.1991167,0.77610195
141,2.367999999999961,1.0,1.0,-1.0,0.8059379,-0.23772265,0.7646036,0.87324274,1.0,0.5949839,-1.0,-0.79788256,-1.0,-0.3333637,0.6875648,-1.0,-0.30028856,1.0,0.36520147,-1.0,0.026287057,-1.0,0.5953016,-0.04552416,3.0527,2.0933,-3.0527,2.0933,-0.17332442,2.0933,6.283,0.57,1.3037689,-0.274,-0.120334916,-0.57,0.3726362,1.4835987,-0.327,-0.17116448,1.71,1.1478573,-0.327,0.9450796,-0.20504288,1.2439432,0.7314618
142,2.383999999999959,1.0,1.0,-1.0,0.8519845,-0.41153783,0.76112247,0.98048306,1.0,0.6155551,-1.0,-0.83938086,-1.0,-0.3127403,0.7467802,-1.0,-0.26911935,1.0,0.37437913,-1.0,0.09907446,-1.0,0.60085404,-0.006699515,3.0527,2.0933,-3.0527,2.0933,-0.24192777,2.0933,6.283,0.57,1.3244017,-0.274,-0.16276693,-0.57,0.39332148,1.5452716,-0.327,-0.15339804,1.71,1.1574159,-0.327,0.9863221,-0.20504288,1.249281,0.77188045
143,2.401999999999957,1.0,1.0,-1.0,0.8712678,-0.4894923,0.781636,0.9951372,1.0,0.6463883,-1.0,-0.8291786,-1.0,-0.3245263,0.7427241,-1.0,-0.2694178,1.0,0.3702623,-1.0,0.12131474,-1.0,0.5893091,0.025690125,3.0527,2.0933,-3.0527,2.0933,-0.32352614,2.0933,6.283,0.57,1.3553275,-0.274,-0.15233509,-0.57,0.38150012,1.5410472,-0.327,-0.15356815,1.71,1.1531281,-0.327,0.9989238,-0.20504288,1.2381823,0.8055998
144,2.4179999999999553,1.0,1.0,-1.0,0.8756137,-0.4972099,0.8076814,0.96833754,1.0,0.6790663,-1.0,-0.7928093,-1.0,-0.3526053,0.7263344,-1.0,-0.28370452,1.0,0.36547554,-1.0,0.08384655,-1.0,0.57337344,0.035634268,3.0527,2.0933,-3.0527,2.0933,-0.40641102,2.0933,6.283,0.57,1.3881035,-0.274,-0.115147516,-0.57,0.35333687,1.5239773,-0.327,-0.16171157,1.71,1.1481428,-0.327,0.97769374,-0.20504288,1.2228626,0.81595224
145,2.4339999999999535,1.0,1.0,-1.0,0.8779383,-0.49208596,0.82243943,0.9363643,1.0,0.6937895,-1.0,-0.7677542,-1.0,-0.3720876,0.7152936,-1.0,-0.2952976,1.0,0.360869,-1.0,0.04942391,-1.0,0.5664958,0.035310734,3.0527,2.0933,-3.0527,2.0933,-0.48844177,2.0933,6.283,0.57,1.4028709,-0.274,-0.089528665,-0.57,0.33379614,1.5124782,-0.327,-0.16831963,1.71,1.143345,-0.327,0.9581893,-0.20504288,1.2162507,0.8156154
146,2.4519999999999516,1.0,1.0,-1.0,0.87786573,-0.4353594,0.8242989,0.9225075,1.0,0.68999076,-1.0,-0.75529456,-1.0,-0.36872283,0.7119477,-1.0,-0.29861206,1.0,0.36087522,-1.0,0.048877932,-1.0,0.56850433,0.020088779,3.0527,2.0933,-3.0527,2.0933,-0.5610162,2.0933,6.283,0.57,1.3990607,-0.274,-0.076788686,-0.57,0.33717102,1.5089935,-0.327,-0.17020887,1.71,1.1433516,-0.327,0.95787996,-0.20504288,1.2181816,0.7997685
147,2.46799999999995,1.0,1.0,-1.0,0.8830793,-0.483373,0.88305944,0.86954015,1.0,0.74292505,-1.0,-0.70994425,-1.0,-0.44482303,0.67796445,-1.0,-0.3401444,1.0,0.34646994,-1.0,0.0023060818,-1.0,0.5362575,0.05338097,3.0527,2.0933,-3.0527,2.0933,-0.64159447,2.0933,6.283,0.57,1.4521538,-0.274,-0.030417994,-0.57,0.2608425,1.4736,-0.327,-0.1938823,1.71,1.1283485,-0.327,0.9314917,-0.20504288,1.1871811,0.83442754
148,2.483999999999948,1.0,1.0,-1.0,0.88929474,-0.4397869,0.90966374,0.8443842,1.0,0.76307917,-1.0,-0.67811227,-1.0,-0.45757142,0.6668215,-1.0,-0.35328782,1.0,0.34223282,-1.0,-0.022085272,-1.0,0.5251212,0.043890137,3.0527,2.0933,-3.0527,2.0933,-0.71490693,2.0933,6.283,0.57,1.4723684,-0.274,0.0021302055,-0.57,0.24805588,1.4619945,-0.327,-0.20137405,1.71,1.1239355,-0.327,0.91767114,-0.20504288,1.1764753,0.82454705
149,2.501999999999946,1.0,1.0,-1.0,0.88182056,-0.39585993,0.8966128,0.8443829,1.0,0.7487261,-1.0,-0.6858053,-1.0,-0.44884408,0.6628031,-1.0,-0.33809656,1.0,0.3456174,-1.0,-0.017238878,-1.0,0.5355946,0.051965404,3.0527,2.0933,-3.0527,2.0933,-0.7808968,2.0933,6.283,0.57,1.4579723,-0.274,-0.0057359403,-0.57,0.25680938,1.4578094,-0.327,-0.19271503,1.71,1.1274605,-0.327,0.9204172,-0.20504288,1.1865438,0.8329539
150,2.5179999999999443,1.0,1.0,-1.0,0.87009573,-0.3285306,0.8869147,0.8445026,1.0,0.73092395,-1.0,-0.6906808,-1.0,-0.43553922,0.6611813,-1.0,-0.32498914,1.0,0.35032988,-1.0,-0.0099448785,-1.0,0.5488515,0.0494933,3.0527,2.0933,-3.0527,2.0933,-0.83566284,2.0933,6.283,0.57,1.4401168,-0.274,-0.01072112,-0.57,0.27015418,1.4561203,-0.327,-0.18524382,1.71,1.1323686,-0.327,0.92455006,-0.20504288,1.1992884,0.83038026
151,2.5339999999999425,1.0,1.0,-1.0,0.8609227,-0.2680563,0.88009894,0.84103906,1.0,0.7158309,-1.0,-0.6922636,-1.0,-0.425558,0.6569744,-1.0,-0.31233728,1.0,0.35482204,-1.0,-0.010797881,-1.0,0.55935776,0.04962786,3.0527,2.0933,-3.0527,2.0933,-0.8803478,2.0933,6.283,0.57,1.4249784,-0.274,-0.012339534,-0.57,0.2801653,1.4517388,-0.327,-0.17803225,1.71,1.1370472,-0.327,0.9240668,-0.20504288,1.2093886,0.83052033
152,2.5519999999999405,1.0,1.0,-1.0,0.8528,-0.20973548,0.8823615,0.83094203,1.0,0.7072276,-1.0,-0.68544084,-1.0,-0.41946387,0.6489591,-1.0,-0.30302644,1.0,0.35780376,-1.0,-0.012814485,-1.0,0.5672538,0.04876106,3.0527,2.0933,-3.0527,2.0933,-0.91531074,2.0933,6.283,0.57,1.4163493,-0.274,-0.005363257,-0.57,0.28627774,1.4433908,-0.327,-0.17272507,1.71,1.1401526,-0.327,0.9229241,-0.20504288,1.2169795,0.8296179
153,2.5679999999999388,1.0,1.0,-1.0,0.8515365,-0.15985122,0.8895585,0.81617945,1.0,0.70386094,-1.0,-0.6738558,-1.0,-0.41699037,0.63797516,-1.0,-0.29615298,1.0,0.36030036,-1.0,-0.024379157,-1.0,0.5698657,0.052815426,3.0527,2.0933,-3.0527,2.0933,-0.9419579,2.0933,6.283,0.57,1.4129726,-0.274,0.0064824633,-0.57,0.28875867,1.4319512,-0.327,-0.1688072,1.71,1.1427529,-0.327,0.9163714,-0.20504288,1.2194904,0.83383876
154,2.583999999999937,0.99828553,1.0,-1.0,0.8558154,-0.12866476,0.9029432,0.7963373,1.0,0.70391965,-1.0,-0.65932953,-1.0,-0.41846707,0.62594,-1.0,-0.29603875,1.0,0.3615024,-1.0,-0.03809073,-1.0,0.56690943,0.05405583,3.0527,2.0933,-3.0527,2.0933,-0.9634063,2.0933,6.283,0.57,1.4130315,-0.274,0.021335552,-0.57,0.28727752,1.4194165,-0.327,-0.16874209,1.71,1.1440047,-0.327,0.90860224,-0.20504288,1.2166483,0.8351301
155,2.601999999999935,1.0,1.0,-1.0,0.8744409,-0.16920994,0.92743236,0.77364254,1.0,0.7040133,-1.0,-0.6511271,-1.0,-0.42199466,0.62056416,-1.0,-0.3065693,1.0,0.36101478,-1.0,-0.051017247,-1.0,0.55528677,0.04260971,3.0527,2.0933,-3.0527,2.0933,-0.9916136,2.0933,6.283,0.57,1.4131253,-0.274,0.02972254,-0.57,0.28373936,1.4138175,-0.327,-0.1747445,1.71,1.1434969,-0.327,0.90127784,-0.20504288,1.205475,0.82321405
156,2.6179999999999333,1.0,1.0,-1.0,0.89847434,-0.2237579,0.9318935,0.772536,1.0,0.71507585,-1.0,-0.64300716,-1.0,-0.43449137,0.60960966,-1.0,-0.30436072,1.0,0.36334,-1.0,-0.056247495,-1.0,0.54186773,0.06113248,3.0527,2.0933,-3.0527,2.0933,-1.0289141,2.0933,6.283,0.57,1.424221,-0.274,0.038025178,-0.57,0.27120516,1.4024085,-0.327,-0.1734856,1.71,1.1459186,-0.327,0.8983143,-0.20504288,1.1925745,0.8424973
157,2.6339999999999315,1.0,1.0,-1.0,0.92900026,-0.28894988,0.9426025,0.7800825,1.0,0.7368846,-1.0,-0.6263505,-1.0,-0.46208352,0.58900684,-1.0,-0.3072666,1.0,0.365943,-1.0,-0.0719988,-1.0,0.52021915,0.088717565,3.0527,2.0933,-3.0527,2.0933,-1.077082,2.0933,6.283,0.57,1.4460952,-0.274,0.05505659,-0.57,0.24353023,1.3809506,-0.327,-0.17514196,1.71,1.1486297,-0.327,0.8893894,-0.20504288,1.1717627,0.87121487
158,2.6519999999999295,1.0,1.0,-1.0,0.90249944,-0.24473737,0.90016174,0.73923194,1.0,0.681636,-1.0,-0.6558879,-1.0,-0.3758974,0.6386048,-1.0,-0.28744704,1.0,0.36294073,-1.0,-0.035109542,-1.0,0.551348,0.0036117905,3.0527,2.0933,-3.0527,2.0933,-1.1178797,2.0933,6.283,0.57,1.3906809,-0.274,0.02485462,-0.57,0.3299749,1.4326069,-0.327,-0.16384481,1.71,1.1455028,-0.327,0.91029143,-0.20504288,1.2016884,0.78261507
159,2.6679999999999278,1.0,1.0,-1.0,0.9285135,-0.31844142,0.890781,0.77307594,1.0,0.6713072,-1.0,-0.6773361,-1.0,-0.3539874,0.6464438,-1.0,-0.279226,1.0,0.36469075,-1.0,-0.008887671,-1.0,0.5452645,0.005874502,3.0527,2.0933,-3.0527,2.0933,-1.1709639,2.0933,6.283,0.57,1.3803211,-0.274,0.0029238411,-0.57,0.35195065,1.4407712,-0.327,-0.15915883,1.71,1.1473254,-0.327,0.9251491,-0.20504288,1.19584,0.7849707
160,2.683999999999926,1.0,1.0,-1.0,0.92936134,-0.33736587,0.8957623,0.7571936,1.0,0.67309904,-1.0,-0.6744138,-1.0,-0.3540387,0.64705205,-1.0,-0.28966945,1.0,0.36002162,-1.0,-0.014127754,-1.0,0.543059,-0.0026176698,3.0527,2.0933,-3.0527,2.0933,-1.2272028,2.0933,6.283,0.57,1.3821183,-0.274,0.0059118895,-0.57,0.3518992,1.4414047,-0.327,-0.16511159,1.71,1.1424625,-0.327,0.92218,-0.20504288,1.1937197,0.77612984
161,2.701999999999924,1.0,1.0,-1.0,0.93460345,-0.34585625,0.89391357,0.7622218,1.0,0.6779787,-1.0,-0.66860676,-1.0,-0.35966867,0.64115673,-1.0,-0.28990373,1.0,0.36149225,-1.0,-0.019437455,-1.0,0.5372542,0.0036977106,3.0527,2.0933,-3.0527,2.0933,-1.284857,2.0933,6.283,0.57,1.3870126,-0.274,0.01184959,-0.57,0.34625232,1.4352647,-0.327,-0.16524513,1.71,1.1439942,-0.327,0.91917145,-0.20504288,1.1881393,0.78270453
162,2.7179999999999223,1.0,1.0,-1.0,0.93473566,-0.34170341,0.8961966,0.75842506,1.0,0.684775,-1.0,-0.6638644,-1.0,-0.3659493,0.63936704,-1.0,-0.29412386,1.0,0.36022088,-1.0,-0.023156546,-1.0,0.5345069,0.007971722,3.0527,2.0933,-3.0527,2.0933,-1.341819,2.0933,6.283,0.57,1.3938293,-0.274,0.016698677,-0.57,0.33995286,1.4334008,-0.327,-0.1676506,1.71,1.14267,-0.327,0.91706413,-0.20504288,1.1854982,0.787154
163,2.7339999999999205,1.0,1.0,-1.0,0.9325199,-0.33256984,0.8981657,0.75264984,1.0,0.6906478,-1.0,-0.65931547,-1.0,-0.3705463,0.63855815,-1.0,-0.29708165,1.0,0.35862014,-1.0,-0.023740314,-1.0,0.5328909,0.011080998,3.0527,2.0933,-3.0527,2.0933,-1.3972584,2.0933,6.283,0.57,1.3997197,-0.274,0.021349935,-0.57,0.33534205,1.4325583,-0.327,-0.16933654,1.71,1.1410029,-0.327,0.9167334,-0.20504288,1.1839447,0.7903909
164,2.7519999999999185,1.0,1.0,-1.0,0.9289069,-0.3202113,0.8993291,0.7452087,1.0,0.6952505,-1.0,-0.6551011,-1.0,-0.37308174,0.6383852,-1.0,-0.29911354,1.0,0.35675856,-1.0,-0.020845674,-1.0,0.53215426,0.013040471,3.0527,2.0933,-3.0527,2.0933,-1.4506376,2.0933,6.283,0.57,1.4043362,-0.274,0.025659105,-0.57,0.33279902,1.4323782,-0.327,-0.17049472,1.71,1.1390641,-0.327,0.9183735,-0.20504288,1.1832365,0.7924308
165,2.7679999999999167,1.0,1.0,-1.0,0.92471766,-0.3055868,0.8998149,0.73562634,1.0,0.6996914,-1.0,-0.6502164,-1.0,-0.3745692,0.63779086,-1.0,-0.30066243,1.0,0.35454655,-1.0,-0.015009902,-1.0,0.53130126,0.015176016,3.0527,2.0933,-3.0527,2.0933,-1.5015789,2.0933,6.283,0.57,1.4087905,-0.274,0.03065373,-0.57,0.33130708,1.4317592,-0.327,-0.17137758,1.71,1.1367602,-0.327,0.92168015,-0.20504288,1.1824164,0.7946541
166,2.783999999999915,1.0,1.0,-1.0,0.9591158,-0.37889355,0.95155054,0.78009945,1.0,0.77785325,-1.0,-0.6069281,-1.0,-0.48893893,0.56631476,-1.0,-0.3310997,1.0,0.35801065,-1.0,-0.07161977,-1.0,0.4815783,0.12860705,3.0527,2.0933,-3.0527,2.0933,-1.5647405,2.0933,6.283,0.57,1.4871868,-0.274,0.074916005,-0.57,0.21659425,1.3573169,-0.327,-0.18872683,1.71,1.1403681,-0.327,0.88960415,-0.20504288,1.1346153,0.912742
167,2.801999999999913,1.0,1.0,-1.0,0.96762437,-0.3563227,1.0,0.7525522,1.0,0.81541085,-1.0,-0.56039953,-1.0,-0.5305095,0.5338376,-1.0,-0.3648428,1.0,0.3505379,-1.0,-0.1331547,-1.0,0.45751423,0.13499384,3.0527,2.0933,-3.0527,2.0933,-1.6241395,2.0933,6.283,0.57,1.524857,-0.274,0.12249148,-0.57,0.174899,1.3234919,-0.327,-0.2079604,1.71,1.1325852,-0.327,0.8547375,-0.20504288,1.1114813,0.91939104
168,2.8179999999999112,1.0,1.0,-1.0,0.964335,-0.37593165,1.0,0.7157484,1.0,0.8340434,-1.0,-0.54146886,-1.0,-0.53963643,0.5212633,-1.0,-0.37569892,1.0,0.33878243,-1.0,-0.161891,-1.0,0.44718236,0.14781086,3.0527,2.0933,-3.0527,2.0933,-1.6868073,2.0933,6.283,0.57,1.5435455,-0.274,0.14184809,-0.57,0.16574466,1.3103957,-0.327,-0.21414839,1.71,1.1203419,-0.327,0.83845514,-0.20504288,1.1015488,0.93273425
169,2.8339999999999095,1.0,1.0,-1.0,0.97052,-0.36895248,1.0,0.6978649,1.0,0.85049224,-1.0,-0.5229687,-1.0,-0.54608405,0.51186,-1.0,-0.36837122,1.0,0.33670408,-1.0,-0.16968007,-1.0,0.4414962,0.16893588,3.0527,2.0933,-3.0527,2.0933,-1.7483116,2.0933,6.283,0.57,1.5600437,-0.274,0.1607645,-0.57,0.1592777,1.3006022,-0.327,-0.20997159,1.71,1.1181773,-0.327,0.8340417,-0.20504288,1.0960823,0.9547265
170,2.8519999999999075,1.0,1.0,-1.0,0.9764261,-0.35301015,1.0,0.68315816,1.0,0.87044036,-1.0,-0.5052988,-1.0,-0.5622418,0.4975331,-1.0,-0.3659705,1.0,0.33348572,-1.0,-0.18237777,-1.0,0.43189982,0.19349974,3.0527,2.0933,-3.0527,2.0933,-1.8071585,2.0933,6.283,0.57,1.5800517,-0.274,0.17883198,-0.57,0.14307149,1.2856808,-0.327,-0.20860317,1.71,1.1148254,-0.327,0.826847,-0.20504288,1.0868568,0.9802989
171,2.8679999999999057,0.98681104,1.0,-1.0,0.9791529,-0.34542793,1.0,0.6639725,1.0,0.8918171,-1.0,-0.48975068,-1.0,-0.5779467,0.48728344,-1.0,-0.37232333,1.0,0.32697794,-1.0,-0.1941094,-1.0,0.4216056,0.2115102,3.0527,2.0933,-3.0527,2.0933,-1.8647413,2.0933,6.283,0.57,1.6014925,-0.274,0.19472992,-0.57,0.12731944,1.2750057,-0.327,-0.2122243,1.71,1.1080475,-0.327,0.8201997,-0.20504288,1.0769606,0.99904877
172,2.883999999999904,0.97115666,1.0,-1.0,0.98144615,-0.3514977,1.0,0.6469955,1.0,0.910336,-1.0,-0.48136818,-1.0,-0.59274435,0.4798331,-1.0,-0.38055205,1.0,0.32029742,-1.0,-0.20195188,-1.0,0.41158023,0.22855408,3.0527,2.0933,-3.0527,2.0933,-1.923336,2.0933,6.283,0.57,1.620067,-0.274,0.20330103,-0.57,0.112477414,1.2672461,-0.327,-0.21691467,1.71,1.1010897,-0.327,0.815756,-0.20504288,1.0673226,1.0167924
173,2.901999999999902,0.956934,1.0,-1.0,0.98509604,-0.3610182,1.0,0.63171035,1.0,0.9306859,-1.0,-0.4740997,-1.0,-0.6096743,0.4729912,-1.0,-0.39075643,1.0,0.31353438,-1.0,-0.20993222,-1.0,0.40089935,0.24860117,3.0527,2.0933,-3.0527,2.0933,-1.9835178,2.0933,6.283,0.57,1.6404779,-0.274,0.21073306,-0.57,0.0954967,1.2601204,-0.327,-0.22273116,1.71,1.094046,-0.327,0.81123424,-0.20504288,1.0570546,1.0376625
174,2.9179999999999002,0.94290227,1.0,-1.0,0.9901955,-0.37287456,1.0,0.61789274,1.0,0.95235157,-1.0,-0.46657753,-1.0,-0.6296927,0.46464485,-1.0,-0.40194947,1.0,0.30713162,-1.0,-0.21994825,-1.0,0.3891259,0.2718363,3.0527,2.0933,-3.0527,2.0933,-2.045676,2.0933,6.283,0.57,1.6622087,-0.274,0.21842447,-0.57,0.07541825,1.2514277,-0.327,-0.2291112,1.71,1.0873775,-0.327,0.80555904,-0.20504288,1.0457362,1.0618515
175,2.9339999999998985,0.9288947,1.0,-1.0,0.9945464,-0.38459098,1.0,0.60459995,1.0,0.9740173,-1.0,-0.45817432,-1.0,-0.6498637,0.45644623,-1.0,-0.41453922,1.0,0.3007282,-1.0,-0.23026927,-1.0,0.37762523,0.29336506,3.0527,2.0933,-3.0527,2.0933,-2.1097872,2.0933,6.283,0.57,1.6839393,-0.274,0.22701676,-0.57,0.05518669,1.2428888,-0.327,-0.23628736,1.71,1.0807084,-0.327,0.799711,-0.20504288,1.03468,1.0842642
176,2.9519999999998965,0.9145508,1.0,-1.0,0.9992429,-0.39784038,1.0,0.59042287,1.0,0.9962622,-1.0,-0.44922298,-1.0,-0.67066747,0.4478383,-1.0,-0.42801386,1.0,0.29431015,-1.0,-0.24042971,-1.0,0.36564898,0.31556842,3.0527,2.0933,-3.0527,2.0933,-2.1761072,2.0933,6.283,0.57,1.706251,-0.274,0.2361695,-0.57,0.03432053,1.2339236,-0.327,-0.2439679,1.71,1.0740241,-0.327,0.7939539,-0.20504288,1.0231667,1.1073791
177,2.9679999999998947,0.89937127,1.0,-1.0,1.0,-0.41174728,1.0,0.5758661,1.0,1.0,-1.0,-0.43927783,-1.0,-0.69303393,0.43776897,-1.0,-0.44238102,1.0,0.28818673,-1.0,-0.25132075,-1.0,0.35257363,0.33883047,3.0527,2.0933,-3.0527,2.0933,-2.2447455,2.0933,6.283,0.57,1.71,-0.274,0.24633843,-0.57,0.011886965,1.2234364,-0.327,-0.25215718,1.71,1.0676465,-0.327,0.7877829,-0.20504288,1.0105966,1.1315962
178,2.983999999999893,0.88318276,1.0,-1.0,1.0,-0.42522955,1.0,0.5613836,1.0,1.0,-1.0,-0.427167,-1.0,-0.7157549,0.4271106,-1.0,-0.4578681,0.97716105,0.28220204,-1.0,-0.26267865,-1.0,0.3384447,0.35980994,3.0527,2.0933,-3.0527,2.0933,-2.3156312,2.0933,6.283,0.57,1.71,-0.274,0.25872174,-0.57,-0.010902191,1.2123357,-0.327,-0.2609848,1.6870925,1.0614134,-0.327,0.78134733,-0.20504288,0.9970138,1.1534369
179,3.001999999999891,0.86645776,1.0,-1.0,1.0,-0.43771777,1.0,0.54676205,1.0,1.0,-1.0,-0.4149527,-1.0,-0.7363455,0.41745192,-1.0,-0.47342163,0.94290555,0.2760391,-1.0,-0.27206972,-1.0,0.32464874,0.37811646,3.0527,2.0933,-3.0527,2.0933,-2.3885987,2.0933,6.283,0.57,1.71,-0.274,0.27121088,-0.57,-0.031554565,1.2022762,-0.327,-0.26985034,1.6527343,1.0549947,-0.327,0.7760262,-0.20504288,0.98375106,1.172495
180,3.017999999999889,0.8477101,1.0,-1.0,1.0,-0.4487739,1.0,0.5345154,1.0,1.0,-1.0,-0.4047624,-1.0,-0.75546044,0.40724054,-1.0,-0.48637205,0.9141996,0.2704401,-1.0,-0.27603468,-1.0,0.31360668,0.39468816,3.0527,2.0933,-3.0527,2.0933,-2.4634094,2.0933,6.283,0.57,1.71,-0.274,0.28163046,-0.57,-0.050726824,1.191641,-0.327,-0.27723208,1.6239421,1.0491633,-0.327,0.77377963,-0.20504288,0.97313577,1.1897471
181,3.0339999999998875,0.8323744,1.0,-1.0,1.0,-0.46430507,1.0,0.51621634,1.0,1.0,-1.0,-0.3930252,-1.0,-0.77250254,0.40044507,-1.0,-0.5006938,0.8842664,0.26458746,-1.0,-0.2826484,-1.0,0.30105615,0.41040128,3.0527,2.0933,-3.0527,2.0933,-2.5408092,2.0933,6.283,0.57,1.71,-0.274,0.29363173,-0.57,-0.06782005,1.1845635,-0.327,-0.28539547,1.5939192,1.0430678,-0.327,0.77003217,-0.20504288,0.9610703,1.2061054
182,3.0519999999998855,0.81692463,1.0,-1.0,1.0,-0.47425246,1.0,0.50553006,1.0,1.0,-1.0,-0.38107276,-1.0,-0.78970677,0.3914334,-1.0,-0.51156527,0.8581809,0.26044524,-1.0,-0.2903721,-1.0,0.2893744,0.42459616,3.0527,2.0933,-3.0527,2.0933,-2.6198668,2.0933,6.283,0.57,1.71,-0.274,0.3058531,-0.57,-0.085075885,1.1751779,-0.327,-0.2915922,1.5677555,1.0387537,-0.327,0.7656558,-0.20504288,0.94984007,1.220883
183,3.0679999999998837,0.80278707,1.0,-1.0,1.0,-0.48667243,1.0,0.49764422,1.0,1.0,-1.0,-0.3705399,-1.0,-0.8059354,0.383283,-1.0,-0.5212375,0.8341204,0.25672975,-1.0,-0.29772952,-1.0,0.27821013,0.43726972,3.0527,2.0933,-3.0527,2.0933,-2.7009952,2.0933,6.283,0.57,1.71,-0.274,0.31662294,-0.57,-0.10135319,1.1666893,-0.327,-0.29710537,1.5436227,1.0348841,-0.327,0.761487,-0.20504288,0.9391073,1.2340769
184,3.083999999999882,0.8485627,1.0,-1.0,1.0,-0.48828596,1.0,0.4008509,1.0,1.0,-1.0,-0.38766938,-1.0,-0.7158729,0.43520722,-1.0,-0.4556157,0.9136784,0.26492122,-1.0,-0.25677648,-1.0,0.32448828,0.32779542,3.0527,2.0933,-3.0527,2.0933,-2.7823925,2.0933,6.283,0.57,1.71,-0.274,0.29910806,-0.57,-0.011020502,1.2207683,-0.327,-0.25970095,1.6234194,1.0434154,-0.327,0.7846916,-0.20504288,0.9835968,1.120108
185,3.10199999999988,0.824016,1.0,-1.0,1.0,-0.4991172,1.0,0.37327775,1.0,1.0,-1.0,-0.41678467,-1.0,-0.69643736,0.4554474,-1.0,-0.44543058,0.92719555,0.2636579,-1.0,-0.23250128,-1.0,0.33457673,0.3412116,3.0527,2.0933,-3.0527,2.0933,-2.8655953,2.0933,6.283,0.57,1.71,-0.274,0.26933768,-0.57,0.008473329,1.2418485,-0.327,-0.25389543,1.6369771,1.0420997,-0.327,0.7984463,-0.20504288,0.9932953,1.134075
186,3.117999999999878,0.8158029,1.0,-1.0,1.0,-0.49679154,1.0,0.3638273,1.0,1.0,-1.0,-0.41754845,-1.0,-0.6959357,0.4534249,-1.0,-0.42636168,0.933865,0.26977107,-1.0,-0.23227753,-1.0,0.34217575,0.3455997,3.0527,2.0933,-3.0527,2.0933,-2.9484105,2.0933,6.283,0.57,1.71,-0.274,0.2685567,-0.57,0.008976467,1.239742,-0.327,-0.24302615,1.6436666,1.0484666,-0.327,0.7985731,-0.20504288,1.0006007,1.1386433
187,3.1339999999998764,0.8103366,1.0,-1.0,1.0,-0.51638675,1.0,0.35143894,1.0,1.0,-1.0,-0.41173878,-1.0,-0.70211875,0.4463282,-1.0,-0.41125432,0.9237026,0.27354398,-1.0,-0.24554385,-1.0,0.34058475,0.3542519,3.0527,2.0933,-3.0527,2.0933,-3.0344923,2.0933,6.283,0.57,1.71,-0.274,0.2744971,-0.57,0.0027748893,1.2323508,-0.327,-0.23441496,1.6334738,1.052396,-0.327,0.79105616,-0.20504288,0.9990712,1.1476507
188,3.1519999999998745,0.81314045,1.0,-1.0,1.0,-0.54237956,1.0,0.34270057,1.0,1.0,-1.0,-0.40080342,-1.0,-0.7109027,0.4345706,-1.0,-0.40056205,0.90631294,0.27676064,-1.0,-0.25840887,-1.0,0.33457837,0.36056137,3.0527,2.0933,-3.0527,2.0933,-3.0527,2.0933,6.283,0.57,1.71,-0.274,0.2856785,-0.57,-0.006035399,1.2201053,-0.327,-0.22832036,1.6160319,1.0557462,-0.327,0.7837666,-0.20504288,0.9932969,1.1542193
189,3.1679999999998727,0.82091755,1.0,-1.0,1.0,-0.56446874,1.0,0.33557487,1.0,0.9987912,-1.0,-0.39721125,-1.0,-0.7135083,0.42621136,-1.0,-0.39282408,0.8954617,0.2796703,-1.0,-0.2692829,-1.0,0.33112305,0.35968596,3.0527,2.0933,-3.0527,2.0933,-3.0527,2.0933,6.283,0.57,1.7087876,-0.274,0.2893515,-0.57,-0.008648833,1.2113991,-0.327,-0.22390972,1.6051481,1.0587766,-0.327,0.7776053,-0.20504288,0.98997515,1.1533079
190,3.183999999999871,0.8287151,1.0,-1.0,1.0,-0.57316226,1.0,0.32252672,1.0,0.98754275,-1.0,-0.40234998,-1.0,-0.70839804,0.42542186,-1.0,-0.38863003,0.8978102,0.28223065,-1.0,-0.28037778,-1.0,0.33419353,0.35101894,3.0527,2.0933,-3.0527,2.0933,-3.0527,2.0933,6.283,0.57,1.6975054,-0.274,0.28409714,-0.57,-0.0035232382,1.2105769,-0.327,-0.22151911,1.6075037,1.0614432,-0.327,0.77131873,-0.20504288,0.99292696,1.144285
191,3.201999999999869,0.8460711,1.0,-1.0,1.0,-0.5194655,1.0,0.26825342,1.0,0.92889905,-1.0,-0.43453157,-1.0,-0.6603209,0.44667998,-1.0,-0.3968883,0.9489933,0.28449264,-1.0,-0.3044937,-1.0,0.35948774,0.2843397,3.0527,2.0933,-3.0527,2.0933,-3.0527,2.0933,6.283,0.57,1.6386857,-0.274,0.25119147,-0.57,0.04469816,1.2327172,-0.327,-0.22622633,1.6588403,1.0637991,-0.327,0.7576543,-0.20504288,1.0172435,1.0748683
192,3.217999999999867,0.8898189,1.0,-1.0,1.0,-0.46080285,1.0,0.2852308,1.0,0.86903,-1.0,-0.46501577,-1.0,-0.60915005,0.45887068,-1.0,-0.40789977,1.0,0.29395407,-1.0,-0.28920415,-1.0,0.37525293,0.21986765,3.0527,2.0933,-3.0527,2.0933,-3.0527,2.0933,6.283,0.57,1.5786371,-0.274,0.22002138,-0.57,0.096022494,1.2454138,-0.327,-0.23250286,1.71,1.0736532,-0.327,0.7663176,-0.20504288,1.0323994,1.0077493
193,3.2339999999998654,0.9307539,1.0,-1.0,1.0,-0.42691612,1.0,0.32787487,1.0,0.82873166,-1.0,-0.49304613,-1.0,-0.5817458,0.46467376,-1.0,-0.3995775,1.0,0.30678394,-1.0,-0.2596586,-1.0,0.3893025,0.19520658,3.0527,2.0933,-3.0527,2.0933,-3.0527,2.0933,6.283,0.57,1.5382179,-0.274,0.19136032,-0.57,0.12350896,1.2514577,-0.327,-0.22775917,1.71,1.0870155,-0.327,0.7830585,-0.20504288,1.045906,0.9820758
194,3.2519999999998634,0.9665828,1.0,-1.0,0.99941796,-0.40459657,1.0,0.36386636,1.0,0.7948887,-1.0,-0.5146575,-1.0,-0.5661525,0.46893558,-1.0,-0.38699442,1.0,0.3192226,-1.0,-0.2441277,-1.0,0.40054747,0.17534658,3.0527,2.0933,-3.0527,2.0933,-3.0527,2.0933,6.283,0.57,1.5042733,-0.274,0.1692627,-0.57,0.13914903,1.2558964,-0.327,-0.22058682,1.71,1.0999703,-0.327,0.79185855,-0.20504288,1.0567163,0.96140045
195,3.2679999999998617,0.99523795,1.0,-1.0,0.9995468,-0.39423934,1.0,0.38780668,1.0,0.7736889,-1.0,-0.5276263,-1.0,-0.55815905,0.47233984,-1.0,-0.37967494,1.0,0.328068,-1.0,-0.23599853,-1.0,0.40648884,0.16092604,3.0527,2.0933,-3.0527,2.0933,-3.0527,2.0933,6.283,0.57,1.4830099,-0.274,0.15600213,-0.57,0.14716648,1.259442,-0.327,-0.21641472,1.71,1.1091828,-0.327,0.7964647,-0.20504288,1.062428,0.9463879
196,3.28399999999986,1.0,1.0,-1.0,1.0,-0.39001384,1.0,0.40584448,1.0,0.7617581,-1.0,-0.53504944,-1.0,-0.55404854,0.47433987,-1.0,-0.3754401,1.0,0.33427766,-1.0,-0.23199405,-1.0,0.4092316,0.15214418,3.0527,2.0933,-3.0527,2.0933,-3.0527,2.0933,6.283,0.57,1.4710433,-0.274,0.14841194,-0.57,0.15128931,1.261525,-0.327,-0.21400085,1.71,1.1156502,-0.327,0.7987337,-0.20504288,1.0650648,0.9372454
197,3.301999999999858,1.0,1.0,-1.0,1.0,-0.38891596,1.0,0.4214503,1.0,0.755303,-1.0,-0.53966385,-1.0,-0.5515533,0.47597453,-1.0,-0.3733725,1.0,0.33872363,-1.0,-0.2288626,-1.0,0.41021603,0.14647454,3.0527,2.0933,-3.0527,2.0933,-3.0527,2.0933,6.283,0.57,1.464569,-0.274,0.14369372,-0.57,0.15379202,1.2632275,-0.327,-0.21282232,1.71,1.1202806,-0.327,0.800508,-0.20504288,1.0660112,0.9313431
198,3.317999999999856,1.0,1.0,-1.0,1.0,-0.39008698,1.0,0.43697867,1.0,0.75255513,-1.0,-0.5428768,-1.0,-0.54965943,0.4779484,-1.0,-0.3730499,1.0,0.3420026,-1.0,-0.2251571,-1.0,0.41005832,0.14267372,3.0527,2.0933,-3.0527,2.0933,-3.0527,2.0933,6.283,0.57,1.4618129,-0.274,0.14040849,-0.57,0.1556916,1.2652832,-0.327,-0.21263845,1.71,1.1236957,-0.327,0.8026076,-0.20504288,1.0658596,0.92738616
199,3.3339999999998544,1.0,1.0,-1.0,1.0,-0.39252195,1.0,0.4513193,1.0,0.7522872,-1.0,-0.54519176,-1.0,-0.54856426,0.47963533,-1.0,-0.37413308,1.0,0.3442555,-1.0,-0.22129633,-1.0,0.4090896,0.14077763,3.0527,2.0933,-3.0527,2.0933,-3.0527,2.0933,6.283,0.57,1.461544,-0.274,0.13804142,-0.57,0.15679005,1.2670403,-0.327,-0.21325585,1.71,1.1260421,-0.327,0.8047952,-0.20504288,1.0649283,0.92541224
200,3.3519999999998524,1.0,1.0,-1.0,1.0,-0.39601013,1.0,0.4638022,1.0,0.7541276,-1.0,-0.54612327,-1.0,-0.5474291,0.4815282,-1.0,-0.37449452,1.0,0.3461589,-1.0,-0.21717204,-1.0,0.40834618,0.1409484,3.0527,2.0933,-3.0527,2.0933,-3.0527,2.0933,6.283,0.57,1.46339,-0.274,0.13708895,-0.57,0.15792863,1.2690116,-0.327,-0.21346188,1.71,1.1280245,-0.327,0.80713207,-0.20504288,1.0642136,0.92559004
201,3.3679999999998507,1.0,1.0,-1.0,1.0,-0.39821142,1.0,0.4760647,1.0,0.756,-1.0,-0.5470985,-1.0,-0.5468596,0.48254654,-1.0,-0.3749881,1.0,0.3479065,-1.0,-0.21348937,-1.0,0.40726835,0.14128001,3.0527,2.0933,-3.0527,2.0933,-3.0527,2.0933,6.283,0.57,1.465268,-0.274,0.13609177,-0.57,0.15849979,1.2700722,-0.327,-0.21374322,1.71,1.1298447,-0.327,0.8092187,-0.20504288,1.0631775,0.92593527
202,3.3859999999998487,1.0,1.0,-1.0,1.0,-0.40128267,1.0,0.4863405,1.0,0.7581812,-1.0,-0.54818714,-1.0,-0.54671854,0.48369405,-1.0,-0.3768612,1.0,0.34879032,-1.0,-0.21004124,-1.0,0.40596825,0.14162403,3.0527,2.0933,-3.0527,2.0933,-3.0527,2.0933,6.283,0.57,1.4674557,-0.274,0.13497865,-0.57,0.15864131,1.2712673,-0.327,-0.2148109,1.71,1.1307651,-0.327,0.8111725,-0.20504288,1.0619276,0.92629343
203,3.401999999999847,1.0,1.0,-1.0,1.0,-0.40411136,1.0,0.49650344,1.0,0.7608099,-1.0,-0.54888403,-1.0,-0.5465913,0.4847544,-1.0,-0.37884587,1.0,0.34955198,-1.0,-0.2063833,-1.0,0.4046049,0.14222543,3.0527,2.0933,-3.0527,2.0933,-3.0527,2.0933,6.283,0.57,1.4700923,-0.274,0.13426608,-0.57,0.15876894,1.2723718,-0.327,-0.21594214,1.71,1.1315584,-0.327,0.8132451,-0.20504288,1.060617,0.9269195
204,3.417999999999845,1.0,1.0,-1.0,1.0,-0.40805423,0.99948245,0.5026516,1.0,0.7636821,-1.0,-0.54875743,-1.0,-0.54593027,0.48628685,-1.0,-0.37917593,1.0,0.35017046,-1.0,-0.20320483,-1.0,0.40429217,0.14399394,3.0527,2.0933,-3.0527,2.0933,-3.0527,2.0933,6.283,0.57,1.4729732,-0.274,0.13439552,-0.57,0.15943195,1.2739677,-0.327,-0.21613029,1.71,1.1322025,-0.327,0.8150461,-0.20504288,1.0603163,0.9287606
205,3.435999999999843,1.0,1.0,-1.0,1.0,-0.40728304,0.99518496,0.5044966,1.0,0.76322114,-1.0,-0.5496054,-1.0,-0.54330266,0.48794428,-1.0,-0.3778769,1.0,0.3506585,-1.0,-0.20015927,-1.0,0.40578532,0.14348187,3.0527,2.0933,-3.0527,2.0933,-3.0527,2.0933,6.283,0.57,1.4725108,-0.274,0.13352846,-0.57,0.16206744,1.275694,-0.327,-0.21538983,1.71,1.1327108,-0.327,0.81677175,-0.20504288,1.0617517,0.9282275
206,3.4519999999998414,1.0,1.0,-1.0,1.0,-0.4159462,0.9842809,0.47915897,1.0,0.7552413,-1.0,-0.5499742,-1.0,-0.538338,0.4885014,-1.0,-0.3784868,1.0,0.34728855,-1.0,-0.20764424,-1.0,0.40894115,0.13589364,3.0527,2.0933,-3.0527,2.0933,-3.0527,2.0933,6.283,0.57,1.464507,-0.274,0.13315138,-0.57,0.16704698,1.2762742,-0.327,-0.21573748,1.71,1.129201,-0.327,0.81253064,-0.20504288,1.0647856,0.9203278
207,3.4679999999998397,1.0,1.0,-1.0,0.99900943,-0.4063394,0.9738167,0.48130944,1.0,0.7489214,-1.0,-0.5506326,-1.0,-0.53247964,0.48581848,-1.0,-0.36941397,1.0,0.3513619,-1.0,-0.20479609,-1.0,0.4106735,0.13653395,3.0527,2.0933,-3.0527,2.0933,-3.0527,2.0933,6.283,0.57,1.4581681,-0.274,0.13247818,-0.57,0.17292292,1.2734799,-0.327,-0.21056597,1.71,1.1334435,-0.327,0.8141445,-0.20504288,1.066451,0.92099434
208,3.4859999999998377,1.0,1.0,-1.0,0.9988586,-0.40085667,0.97077703,0.48245326,1.0,0.7459667,-1.0,-0.5511584,-1.0,-0.5302969,0.4846857,-1.0,-0.36650747,1.0,0.35321844,-1.0,-0.20455463,-1.0,0.4116624,0.13580818,3.0527,2.0933,-3.0527,2.0933,-3.0527,2.0933,6.283,0.57,1.4552046,-0.274,0.13194051,-0.57,0.17511219,1.2723001,-0.327,-0.20890926,1.71,1.135377,-0.327,0.8142813,-0.20504288,1.0674016,0.9202388
209,3.501999999999836,1.0,1.0,-1.0,0.9995816,-0.39657953,0.9697961,0.48502854,1.0,0.74468315,-1.0,-0.5514877,-1.0,-0.5286613,0.48454133,-1.0,-0.36480457,1.0,0.35446596,-1.0,-0.20378233,-1.0,0.41237238,0.13487627,3.0527,2.0933,-3.0527,2.0933,-3.0527,2.0933,6.283,0.57,1.4539171,-0.274,0.13160384,-0.57,0.1767527,1.2721498,-0.327,-0.2079386,1.71,1.1366763,-0.327,0.81471884,-0.20504288,1.0680842,0.9192686
210,3.517999999999834,1.0,1.0,-1.0,1.0,-0.3939224,0.9700734,0.4880453,1.0,0.7444393,-1.0,-0.5521265,-1.0,-0.5277695,0.48478398,-1.0,-0.36390546,1.0,0.35518062,-1.0,-0.20255925,-1.0,0.41281626,0.1350783,3.0527,2.0933,-3.0527,2.0933,-3.0527,2.0933,6.283,0.57,1.4536726,-0.274,0.13095063,-0.57,0.17764719,1.2724025,-0.327,-0.20742612,1.71,1.1374207,-0.327,0.81541187,-0.20504288,1.0685109,0.91947895
211,3.535999999999832,1.0,1.0,-1.0,1.0,-0.39149117,0.9708146,0.4903029,1.0,0.744683,-1.0,-0.5526853,-1.0,-0.52733487,0.4850702,-1.0,-0.36349067,1.0,0.355515,-1.0,-0.20125665,-1.0,0.41317767,0.13566788,3.0527,2.0933,-3.0527,2.0933,-3.0527,2.0933,6.283,0.57,1.453917,-0.274,0.13037926,-0.57,0.17808312,1.2727007,-0.327,-0.20718968,1.71,1.1377689,-0.327,0.81614995,-0.20504288,1.0688584,0.9200927
212,3.5519999999998304,1.0,1.0,-1.0,1.0,-0.3884701,0.97191125,0.49215695,1.0,0.74513257,-1.0,-0.55325234,-1.0,-0.52703506,0.48531196,-1.0,-0.3630108,1.0,0.3557066,-1.0,-0.19985296,-1.0,0.41360408,0.13670024,3.0527,2.0933,-3.0527,2.0933,-3.0527,2.0933,6.283,0.57,1.454368,-0.274,0.12979949,-0.57,0.17838384,1.2729524,-0.327,-0.20691615,1.71,1.1379684,-0.327,0.8169453,-0.20504288,1.0692682,0.9211675
213,3.5679999999998286,1.0,1.0,-1.0,1.0,-0.38564792,0.9735659,0.49369308,1.0,0.74549615,-1.0,-0.5539895,-1.0,-0.5266029,0.48593774,-1.0,-0.36268812,1.0,0.3557068,-1.0,-0.19851209,-1.0,0.41421086,0.13742165,3.0527,2.0933,-3.0527,2.0933,-3.0527,2.0933,6.283,0.57,1.4547327,-0.274,0.12904571,-0.57,0.17881727,1.2736042,-0.327,-0.20673223,1.71,1.1379687,-0.327,0.8177051,-0.20504288,1.0698516,0.9219185
214,3.5859999999998267,1.0,1.0,-1.0,1.0,-0.38236618,0.97827923,0.49255875,1.0,0.7452555,-1.0,-0.55423427,-1.0,-0.5263058,0.48585972,-1.0,-0.36443526,1.0,0.35516438,-1.0,-0.20117088,-1.0,0.41414154,0.13678944,3.0527,2.0933,-3.0527,2.0933,-3.0527,2.0933,6.283,0.57,1.4544913,-0.274,0.12879546,-0.57,0.17911528,1.2735229,-0.327,-0.2077281,1.71,1.1374037,-0.327,0.8161986,-0.20504288,1.069785,0.92126036
215,3.601999999999825,1.0,1.0,-1.0,1.0,-0.3790673,0.9821324,0.48860016,1.0,0.7441469,-1.0,-0.5552701,-1.0,-0.5245057,0.4873514,-1.0,-0.36472905,1.0,0.3541652,-1.0,-0.20268144,-1.0,0.4153161,0.1346582,3.0527,2.0933,-3.0527,2.0933,-3.0527,2.0933,6.283,0.57,1.4533793,-0.274,0.12773634,-0.57,0.18092081,1.2750765,-0.327,-0.20789556,1.71,1.136363,-0.327,0.81534266,-0.20504288,1.0709141,0.9190416
216,3.617999999999823,1.0,1.0,-1.0,1.0,-0.3754711,0.9826409,0.48777387,1.0,0.74323666,-1.0,-0.55706966,-1.0,-0.5226215,0.489202,-1.0,-0.3626759,1.0,0.3536963,-1.0,-0.1999646,-1.0,0.41731185,0.1348073,3.0527,2.0933,-3.0527,2.0933,-3.0527,2.0933,6.283,0.57,1.4524664,-0.274,0.12589628,-0.57,0.18281062,1.2770039,-0.327,-0.20672527,1.71,1.1358746,-0.327,0.8168821,-0.20504288,1.0728327,0.91919684
217,3.635999999999821,1.0,1.0,-1.0,1.0,-0.37116548,0.98337233,0.48796096,1.0,0.74320984,-1.0,-0.5581849,-1.0,-0.5219201,0.49042645,-1.0,-0.36081374,1.0,0.35347024,-1.0,-0.1973706,-1.0,0.4190393,0.13622835,3.0527,2.0933,-3.0527,2.0933,-3.0527,2.0933,6.283,0.57,1.4524394,-0.274,0.12475592,-0.57,0.18351415,1.2782792,-0.327,-0.20566383,1.71,1.1356393,-0.327,0.81835186,-0.20504288,1.0744934,0.92067623
218,3.6519999999998194,1.0,1.0,-1.0,1.0,-0.36633673,0.9843845,0.48934707,1.0,0.7445812,-1.0,-0.55831,-1.0,-0.5226798,0.49071333,-1.0,-0.35949212,1.0,0.35339853,-1.0,-0.19496997,-1.0,0.42010188,0.13913938,3.0527,2.0933,-3.0527,2.0933,-3.0527,2.0933,6.283,0.57,1.453815,-0.274,0.12462805,-0.57,0.18275216,1.2785779,-0.327,-0.20491052,1.71,1.1355646,-0.327,0.8197121,-0.20504288,1.0755149,0.92370677
219,3.6679999999998176,1.0,1.0,-1.0,1.0,-0.36252677,0.9864391,0.49078348,1.0,0.74671686,-1.0,-0.5578153,-1.0,-0.52415204,0.4908398,-1.0,-0.35921192,1.0,0.35319194,-1.0,-0.19340207,-1.0,0.42061207,0.14199996,3.0527,2.0933,-3.0527,2.0933,-3.0527,2.0933,6.283,0.57,1.455957,-0.274,0.12513384,-0.57,0.1812755,1.2787097,-0.327,-0.20475079,1.71,1.1353494,-0.327,0.8206005,-0.20504288,1.0760055,0.9266848
220,3.6859999999998156,1.0,1.0,-1.0,1.0,-0.3591864,0.9886914,0.48901865,1.0,0.7456535,-1.0,-0.5591994,-1.0,-0.5233711,0.49344727,-1.0,-0.3580079,1.0,0.35239387,-1.0,-0.18951805,-1.0,0.4239203,0.14036588,3.0527,2.0933,-3.0527,2.0933,-3.0527,2.0933,6.283,0.57,1.4548905,-0.274,0.12371862,-0.57,0.18205878,1.2814254,-0.327,-0.2040645,1.71,1.1345183,-0.327,0.82280123,-0.20504288,1.0791857,0.9249836
221,3.701999999999814,1.0,1.0,-1.0,1.0,-0.3602715,0.99186665,0.49054906,1.0,0.74798244,-1.0,-0.55823994,-1.0,-0.5255991,0.49255,-1.0,-0.3590963,1.0,0.35190994,-1.0,-0.18898238,-1.0,0.4233755,0.14328595,3.0527,2.0933,-3.0527,2.0933,-3.0527,2.0933,6.283,0.57,1.4572264,-0.274,0.12469967,-0.57,0.17982408,1.2804908,-0.327,-0.20468488,1.71,1.1340142,-0.327,0.82310474,-0.20504288,1.078662,0.9280236
222,3.717999999999812,1.0,1.0,-1.0,1.0,-0.36047068,0.99339616,0.4905618,1.0,0.7503652,-1.0,-0.55575883,-1.0,-0.5276108,0.491199,-1.0,-0.35913458,1.0,0.35218227,-1.0,-0.18885536,-1.0,0.42279315,0.14605083,3.0527,2.0933,-3.0527,2.0933,-3.0527,2.0933,6.283,0.57,1.4596163,-0.274,0.12723659,-0.57,0.17780639,1.2790837,-0.327,-0.20470671,1.71,1.1342978,-0.327,0.82317674,-0.20504288,1.0781022,0.93090194
223,3.73599999999981,1.0,1.0,-1.0,1.0,-0.358081,0.9948251,0.49106315,1.0,0.75108415,-1.0,-0.55396855,-1.0,-0.52942646,0.4886798,-1.0,-0.35821283,1.0,0.35310507,-1.0,-0.1896412,-1.0,0.42229193,0.14805385,3.0527,2.0933,-3.0527,2.0933,-3.0527,2.0933,6.283,0.57,1.4603374,-0.274,0.12906715,-0.57,0.17598526,1.27646,-0.327,-0.20418131,1.71,1.1352589,-0.327,0.82273144,-0.20504288,1.0776204,0.9329872
224,3.7519999999998084,1.0,1.0,-1.0,1.0,-0.3574223,0.99652296,0.4906591,1.0,0.75100565,-1.0,-0.552665,-1.0,-0.5308747,0.4865584,-1.0,-0.35843766,1.0,0.35367358,-1.0,-0.19107403,-1.0,0.42157906,0.14837159,3.0527,2.0933,-3.0527,2.0933,-3.0527,2.0933,6.283,0.57,1.4602587,-0.274,0.13040005,-0.57,0.17453265,1.2742506,-0.327,-0.20430946,1.71,1.135851,-0.327,0.82191956,-0.20504288,1.076935,0.93331796
225,3.7679999999998066,1.0,1.0,-1.0,1.0,-0.35800812,0.99751014,0.48767385,1.0,0.74870956,-1.0,-0.5522414,-1.0,-0.5303681,0.48544213,-1.0,-0.35923514,1.0,0.35405177,-1.0,-0.19356586,-1.0,0.42115945,0.1453276,3.0527,2.0933,-3.0527,2.0933,-3.0527,2.0933,6.283,0.57,1.4579557,-0.274,0.13083318,-0.57,0.17504081,1.273088,-0.327,-0.20476402,1.71,1.1362449,-0.327,0.8205077,-0.20504288,1.0765316,0.930149
226,3.7859999999998046,1.0,1.0,-1.0,1.0,-0.35844684,0.9970715,0.48570755,1.0,0.74663174,-1.0,-0.55196583,-1.0,-0.5297094,0.48394564,-1.0,-0.35990313,1.0,0.35463047,-1.0,-0.19533391,-1.0,0.4203961,0.1429653,3.0527,2.0933,-3.0527,2.0933,-3.0527,2.0933,6.283,0.57,1.4558716,-0.274,0.13111493,-0.57,0.17570147,1.2715294,-0.327,-0.20514478,1.71,1.1368476,-0.327,0.8195059,-0.20504288,1.0757978,0.92768973
227,3.801999999999803,1.0,1.0,-1.0,1.0,-0.35797465,0.99613994,0.48580793,1.0,0.74613535,-1.0,-0.5513303,-1.0,-0.5299042,0.48220024,-1.0,-0.36028606,1.0,0.35527948,-1.0,-0.19624306,-1.0,0.41955194,0.14293045,3.0527,2.0933,-3.0527,2.0933,-3.0527,2.0933,6.283,0.57,1.4553738,-0.274,0.13176474,-0.57,0.1755061,1.2697115,-0.327,-0.20536305,1.71,1.1375235,-0.327,0.8189907,-0.20504288,1.0749862,0.92765343
228,3.817999999999801,1.0,1.0,-1.0,1.0,-0.35726726,0.9951419,0.4858332,1.0,0.74563897,-1.0,-0.55072653,-1.0,-0.5301423,0.48074302,-1.0,-0.36041957,1.0,0.35586748,-1.0,-0.19727118,-1.0,0.4190398,0.14293154,3.0527,2.0933,-3.0527,2.0933,-3.0527,2.0933,6.283,0.57,1.4548758,-0.274,0.13238212,-0.57,0.17526726,1.2681938,-0.327,-0.20543915,1.71,1.138136,-0.327,0.8184082,-0.20504288,1.0744939,0.92765456
229,3.835999999999799,1.0,1.0,-1.0,1.0,-0.3569086,0.9942414,0.48567167,1.0,0.7453751,-1.0,-0.55006635,-1.0,-0.5304391,0.47944173,-1.0,-0.36056262,1.0,0.35634372,-1.0,-0.19831826,-1.0,0.41852397,0.14301687,3.0527,2.0933,-3.0527,2.0933,-3.0527,2.0933,6.283,0.57,1.4546112,-0.274,0.13305716,-0.57,0.1749696,1.2668386,-0.327,-0.20552069,1.71,1.1386319,-0.327,0.8178149,-0.20504288,1.073998,0.92774343
230,3.8519999999997974,1.0,1.0,-1.0,1.0,-0.3569473,0.9933205,0.48496565,1.0,0.7453816,-1.0,-0.5493417,-1.0,-0.530744,0.47829625,-1.0,-0.36093816,1.0,0.3566192,-1.0,-0.19934048,-1.0,0.41793793,0.14309368,3.0527,2.0933,-3.0527,2.0933,-3.0527,2.0933,6.283,0.57,1.4546177,-0.274,0.13379814,-0.57,0.17466375,1.2656455,-0.327,-0.20573476,1.71,1.1389189,-0.327,0.8172357,-0.20504288,1.0734346,0.92782336
231,3.8679999999997956,1.0,1.0,-1.0,1.0,-0.35735357,0.9923236,0.4839082,1.0,0.7454101,-1.0,-0.54866505,-1.0,-0.5309428,0.47730818,-1.0,-0.36132526,1.0,0.3567691,-1.0,-0.20031251,-1.0,0.41737497,0.14313886,3.0527,2.0933,-3.0527,2.0933,-3.0527,2.0933,6.283,0.57,1.4546463,-0.274,0.13448998,-0.57,0.17446437,1.2646165,-0.327,-0.2059554,1.71,1.139075,-0.327,0.8166849,-0.20504288,1.0728934,0.9278704
232,3.8859999999997936,1.0,1.0,-1.0,1.0,-0.3574302,0.9912053,0.48341277,1.0,0.7455347,-1.0,-0.54807717,-1.0,-0.5307428,0.47665825,-1.0,-0.3615791,1.0,0.3569271,-1.0,-0.20080014,-1.0,0.4169078,0.14308506,3.0527,2.0933,-3.0527,2.0933,-3.0527,2.0933,6.283,0.57,1.4547713,-0.274,0.1350911,-0.57,0.17466494,1.2639396,-0.327,-0.20610008,1.71,1.1392395,-0.327,0.81640863,-0.20504288,1.0724443,0.9278144
233,3.901999999999792,1.0,1.0,-1.0,1.0,-0.35748684,0.9896751,0.48237768,1.0,0.7455584,-1.0,-0.54765713,-1.0,-0.5299615,0.47656044,-1.0,-0.36188728,1.0,0.3568624,-1.0,-0.20087619,-1.0,0.4167245,0.14264423,3.0527,2.0933,-3.0527,2.0933,-3.0527,2.0933,6.283,0.57,1.454795,-0.274,0.13552058,-0.57,0.17544858,1.2638377,-0.327,-0.20627575,1.71,1.1391722,-0.327,0.81636554,-0.20504288,1.0722681,0.92735547
234,3.91799999999979,1.0,1.0,-1.0,1.0,-0.3575642,0.9881596,0.48164746,1.0,0.7456723,-1.0,-0.54724085,-1.0,-0.5292353,0.47636327,-1.0,-0.36204284,1.0,0.35683417,-1.0,-0.20089509,-1.0,0.41648316,0.14251362,3.0527,2.0933,-3.0527,2.0933,-3.0527,2.0933,6.283,0.57,1.4549093,-0.274,0.13594623,-0.57,0.176177,1.2636323,-0.327,-0.20636442,1.71,1.1391428,-0.327,0.8163548,-0.20504288,1.0720361,0.9272195
235,3.935999999999788,1.0,1.0,-1.0,1.0,-0.35753852,0.98688495,0.4812238,1.0,0.74598134,-1.0,-0.5467539,-1.0,-0.5287124,0.4760945,-1.0,-0.36226827,1.0,0.35684133,-1.0,-0.2009495,-1.0,0.41612232,0.14252819,3.0527,2.0933,-3.0527,2.0933,-3.0527,2.0933,6.283,0.57,1.4552193,-0.274,0.13644415,-0.57,0.17670147,1.2633524,-0.327,-0.20649292,1.71,1.1391503,-0.327,0.816324,-0.20504288,1.0716892,0.9272347
236,3.9519999999997864,1.0,1.0,-1.0,1.0,-0.35748246,0.9858407,0.48106304,1.0,0.7465235,-1.0,-0.5462408,-1.0,-0.52828896,0.47590026,-1.0,-0.3626422,1.0,0.35683697,-1.0,-0.20098396,-1.0,0.41566873,0.14260155,3.0527,2.0933,-3.0527,2.0933,-3.0527,2.0933,6.283,0.57,1.4557631,-0.274,0.13696878,-0.57,0.17712617,1.2631501,-0.327,-0.20670605,1.71,1.1391457,-0.327,0.8163045,-0.20504288,1.0712532,0.92731106
237,3.9679999999997846,1.0,1.0,-1.0,1.0,-0.35745582,0.9850135,0.48127714,1.0,0.7471781,-1.0,-0.54582447,-1.0,-0.52795565,0.4757912,-1.0,-0.36296898,1.0,0.35683954,-1.0,-0.20096464,-1.0,0.41522887,0.14282885,3.0527,2.0933,-3.0527,2.0933,-3.0527,2.0933,6.283,0.57,1.4564196,-0.274,0.13739449,-0.57,0.17746048,1.2630365,-0.327,-0.20689233,1.71,1.1391484,-0.327,0.8163154,-0.20504288,1.0708302,0.9275477
238,3.9859999999997826,1.0,1.0,-1.0,1.0,-0.35742256,0.9843855,0.4817631,1.0,0.7479427,-1.0,-0.5454614,-1.0,-0.5277191,0.47573838,-1.0,-0.36330616,1.0,0.35684562,-1.0,-0.20091744,-1.0,0.4147758,0.14312942,3.0527,2.0933,-3.0527,2.0933,-3.0527,2.0933,6.283,0.57,1.4571865,-0.274,0.1377657,-0.57,0.17769776,1.2629815,-0.327,-0.2070845,1.71,1.1391547,-0.327,0.8163422,-0.20504288,1.0703948,0.9278606
239,4.001999999999781,1.0,1.0,-1.0,1.0,-0.357343,0.9837625,0.4821947,1.0,0.7487473,-1.0,-0.54517597,-1.0,-0.5274073,0.47587153,-1.0,-0.36369497,1.0,0.35679865,-1.0,-0.20075335,-1.0,0.41437775,0.143352,3.0527,2.0933,-3.0527,2.0933,-3.0527,2.0933,6.283,0.57,1.4579935,-0.274,0.13805757,-0.57,0.1780105,1.2631202,-0.327,-0.20730613,1.71,1.1391058,-0.327,0.81643516,-0.20504288,1.0700121,0.9280923
240,4.0179999999997795,1.0,1.0,-1.0,1.0,-0.35728937,0.9831976,0.48275223,1.0,0.7495953,-1.0,-0.5449828,-1.0,-0.5271489,0.47606036,-1.0,-0.36405355,1.0,0.35672694,-1.0,-0.2004583,-1.0,0.41401526,0.14373085,3.0527,2.0933,-3.0527,2.0933,-3.0527,2.0933,6.283,0.57,1.4588441,-0.274,0.13825509,-0.57,0.17826965,1.2633169,-0.327,-0.20751052,1.71,1.1390312,-0.327,0.8166023,-0.20504288,1.0696635,0.9284867
241,4.0359999999997775,1.0,1.0,-1.0,1.0,-0.35719466,0.9827231,0.48330536,1.0,0.75044376,-1.0,-0.5448386,-1.0,-0.5268611,0.47634098,-1.0,-0.36439085,1.0,0.35662186,-1.0,-0.20012344,-1.0,0.4137277,0.1440824,3.0527,2.0933,-3.0527,2.0933,-3.0527,2.0933,6.283,0.57,1.4596951,-0.274,0.13840252,-0.57,0.17855835,1.2636092,-0.327,-0.20770279,1.71,1.1389216,-0.327,0.8167921,-0.20504288,1.0693871,0.9288527
242,4.051999999999776,1.0,1.0,-1.0,1.0,-0.35694557,0.9822033,0.4838101,1.0,0.75127685,-1.0,-0.544755,-1.0,-0.5264964,0.47670814,-1.0,-0.36470503,1.0,0.3564915,-1.0,-0.19968577,-1.0,0.4134905,0.14441432,3.0527,2.0933,-3.0527,2.0933,-3.0527,2.0933,6.283,0.57,1.4605306,-0.274,0.13848802,-0.57,0.1789241,1.2639915,-0.327,-0.20788187,1.71,1.138786,-0.327,0.81704,-0.20504288,1.0691592,0.92919827
243,4.067999999999774,1.0,1.0,-1.0,1.0,-0.3566985,0.98175913,0.48431614,1.0,0.7521011,-1.0,-0.5447333,-1.0,-0.5261949,0.47708073,-1.0,-0.3649968,1.0,0.35633886,-1.0,-0.19919099,-1.0,0.41328582,0.14485978,3.0527,2.0933,-3.0527,2.0933,-3.0527,2.0933,6.283,0.57,1.4613575,-0.274,0.13851021,-0.57,0.17922655,1.2643796,-0.327,-0.20804816,1.71,1.1386269,-0.327,0.8173204,-0.20504288,1.0689623,0.929662
244,4.085999999999772,1.0,1.0,-1.0,1.0,-0.35635456,0.9813767,0.48472503,1.0,0.75290585,-1.0,-0.54473364,-1.0,-0.52591366,0.47746304,-1.0,-0.36528465,1.0,0.35615897,-1.0,-0.19866903,-1.0,0.41312057,0.14531754,3.0527,2.0933,-3.0527,2.0933,-3.0527,2.0933,6.283,0.57,1.4621645,-0.274,0.13850985,-0.57,0.1795086,1.2647778,-0.327,-0.20821226,1.71,1.1384395,-0.327,0.81761616,-0.20504288,1.0688034,0.9301385
245,4.10199999999977,1.0,1.0,-1.0,1.0,-0.35581797,0.98101324,0.48515204,1.0,0.75369763,-1.0,-0.5447439,-1.0,-0.5255631,0.4778807,-1.0,-0.3655,1.0,0.35597986,-1.0,-0.19810523,-1.0,0.413015,0.14576952,3.0527,2.0933,-3.0527,2.0933,-3.0527,2.0933,6.283,0.57,1.4629587,-0.274,0.13849936,-0.57,0.17986019,1.2652128,-0.327,-0.208335,1.71,1.138253,-0.327,0.8179356,-0.20504288,1.068702,0.9306091
246,4.1179999999997685,1.0,1.0,-1.0,1.0,-0.35528964,0.9807401,0.48553315,1.0,0.7544322,-1.0,-0.5448083,-1.0,-0.52528346,0.47827622,-1.0,-0.36571366,1.0,0.35579234,-1.0,-0.19752367,-1.0,0.41292924,0.14627533,3.0527,2.0933,-3.0527,2.0933,-3.0527,2.0933,6.283,0.57,1.4636955,-0.274,0.13843349,-0.57,0.18014069,1.2656246,-0.327,-0.20845678,1.71,1.1380577,-0.327,0.81826514,-0.20504288,1.0686195,0.93113565
247,4.1359999999997665,1.0,1.0,-1.0,1.0,-0.35463008,0.9805353,0.4859074,1.0,0.7551061,-1.0,-0.54488957,-1.0,-0.52497256,0.47868136,-1.0,-0.36585683,1.0,0.3556127,-1.0,-0.19692989,-1.0,0.41291356,0.14675018,3.0527,2.0933,-3.0527,2.0933,-3.0527,2.0933,6.283,0.57,1.4643714,-0.274,0.13835041,-0.57,0.18045253,1.2660466,-0.327,-0.2085384,1.71,1.1378707,-0.327,0.81860155,-0.20504288,1.0686045,0.93163
248,4.151999999999765,1.0,1.0,-1.0,1.0,-0.35371745,0.98030055,0.4862269,1.0,0.7557345,-1.0,-0.5449913,-1.0,-0.52463067,0.47907647,-1.0,-0.36594087,1.0,0.35543734,-1.0,-0.19627984,-1.0,0.41294628,0.14723793,3.0527,2.0933,-3.0527,2.0933,-3.0527,2.0933,6.283,0.57,1.4650017,-0.274,0.13824639,-0.57,0.18079545,1.2664582,-0.327,-0.20858629,1.71,1.137688,-0.327,0.8189699,-0.20504288,1.068636,0.9321378
249,4.167999999999763,1.0,1.0,-1.0,1.0,-0.352897,0.9801907,0.48650226,1.0,0.7562997,-1.0,-0.54513025,-1.0,-0.5243142,0.4794905,-1.0,-0.36603302,1.0,0.35524997,-1.0,-0.19564904,-1.0,0.41301167,0.14769112,3.0527,2.0933,-3.0527,2.0933,-3.0527,2.0933,6.283,0.57,1.4655685,-0.274,0.13810432,-0.57,0.18111283,1.2668893,-0.327,-0.20863882,1.71,1.1374929,-0.327,0.8193273,-0.20504288,1.0686988,0.93260956
250,4.185999999999761,1.0,1.0,-1.0,1.0,-0.35199076,0.98011893,0.4867631,1.0,0.7567735,-1.0,-0.5452795,-1.0,-0.52396595,0.47988328,-1.0,-0.36604133,1.0,0.35508555,-1.0,-0.19503702,-1.0,0.41313863,0.14809619,3.0527,2.0933,-3.0527,2.0933,-3.0527,2.0933,6.283,0.57,1.4660438,-0.274,0.1379517,-0.57,0.18146215,1.2672985,-0.327,-0.20864356,1.71,1.1373216,-0.327,0.8196741,-0.20504288,1.0688208,0.93303126
251,4.201999999999759,1.0,1.0,-1.0,1.0,-0.35083082,0.98000544,0.48696885,1.0,0.757171,-1.0,-0.5454331,-1.0,-0.52357775,0.48022792,-1.0,-0.36595017,1.0,0.3549477,-1.0,-0.1944033,-1.0,0.41331768,0.14850022,3.0527,2.0933,-3.0527,2.0933,-3.0527,2.0933,6.283,0.57,1.4664425,-0.274,0.13779466,-0.57,0.18185152,1.2676574,-0.327,-0.2085916,1.71,1.1371781,-0.327,0.8200332,-0.20504288,1.068993,0.9334519
252,4.2179999999997575,1.0,1.0,-1.0,1.0,-0.34978768,0.979992,0.48711994,1.0,0.7574908,-1.0,-0.5456188,-1.0,-0.5232007,0.48059908,-1.0,-0.36588562,1.0,0.3548052,-1.0,-0.1938094,-1.0,0.41351932,0.14882384,3.0527,2.0933,-3.0527,2.0933,-3.0527,2.0933,6.283,0.57,1.4667633,-0.274,0.1376048,-0.57,0.18222971,1.268044,-0.327,-0.2085548,1.71,1.1370296,-0.327,0.82036966,-0.20504288,1.0691868,0.9337888
253,4.2359999999997555,1.0,1.0,-1.0,1.0,-0.3487132,0.9799582,0.48720375,1.0,0.75775915,-1.0,-0.5457984,-1.0,-0.52284706,0.48091617,-1.0,-0.3658109,1.0,0.35467166,-1.0,-0.19320436,-1.0,0.41372383,0.14914367,3.0527,2.0933,-3.0527,2.0933,-3.0527,2.0933,6.283,0.57,1.4670324,-0.274,0.13742112,-0.57,0.1825844,1.2683742,-0.327,-0.20851222,1.71,1.1368905,-0.327,0.8207125,-0.20504288,1.0693834,0.9341218
254,4.251999999999754,1.0,1.0,-1.0,1.0,-0.34744877,0.9799345,0.48724064,1.0,0.7579706,-1.0,-0.54594475,-1.0,-0.5224504,0.4811755,-1.0,-0.3656332,1.0,0.3545658,-1.0,-0.19264431,-1.0,0.41398358,0.14944191,3.0527,2.0933,-3.0527,2.0933,-3.0527,2.0933,6.283,0.57,1.4672445,-0.274,0.1372715,-0.57,0.18298227,1.2686443,-0.327,-0.20841092,1.71,1.1367803,-0.327,0.82102984,-0.20504288,1.0696331,0.93443227
255,4.267999999999752,1.0,1.0,-1.0,1.0,-0.3462995,0.97998315,0.48724625,1.0,0.75807095,-1.0,-0.54612315,-1.0,-0.52202594,0.4814827,-1.0,-0.36547863,1.0,0.35446915,-1.0,-0.19213916,-1.0,0.41427338,0.14959067,3.0527,2.0933,-3.0527,2.0933,-3.0527,2.0933,6.283,0.57,1.4673451,-0.274,0.13708909,-0.57,0.18340798,1.2689643,-0.327,-0.20832282,1.71,1.1366796,-0.327,0.82131606,-0.20504288,1.0699117,0.9345871
256,4.28599999999975,1.0,1.0,-1.0,1.0,-0.3451701,0.9800127,0.48721036,1.0,0.7581068,-1.0,-0.54630244,-1.0,-0.5215987,0.48175165,-1.0,-0.36529365,1.0,0.35438788,-1.0,-0.19163467,-1.0,0.4145826,0.14971815,3.0527,2.0933,-3.0527,2.0933,-3.0527,2.0933,6.283,0.57,1.4673811,-0.274,0.13690576,-0.57,0.1838365,1.2692443,-0.327,-0.20821738,1.71,1.136595,-0.327,0.8216019,-0.20504288,1.070209,0.9347198
257,4.301999999999748,1.0,1.0,-1.0,1.0,-0.3439597,0.98000985,0.4870502,1.0,0.7580804,-1.0,-0.546446,-1.0,-0.5211351,0.48197147,-1.0,-0.3650598,1.0,0.35431582,-1.0,-0.19113602,-1.0,0.41493273,0.1497929,3.0527,2.0933,-3.0527,2.0933,-3.0527,2.0933,6.283,0.57,1.4673547,-0.274,0.13675894,-0.57,0.1843015,1.2694733,-0.327,-0.20808408,1.71,1.1365199,-0.327,0.82188445,-0.20504288,1.0705456,0.93479764
258,4.3179999999997465,1.0,1.0,-1.0,1.0,-0.34286338,0.98006964,0.48692283,1.0,0.75797087,-1.0,-0.5466234,-1.0,-0.5206168,0.48228046,-1.0,-0.36483368,1.0,0.3542521,-1.0,-0.190654,-1.0,0.41533667,0.14972946,3.0527,2.0933,-3.0527,2.0933,-3.0527,2.0933,6.283,0.57,1.4672447,-0.274,0.13657756,-0.57,0.18482132,1.2697951,-0.327,-0.2079552,1.71,1.1364535,-0.327,0.82215756,-0.20504288,1.0709339,0.9347316
259,4.3359999999997445,1.0,1.0,-1.0,1.0,-0.3418454,0.9801162,0.4868243,1.0,0.7578288,-1.0,-0.546795,-1.0,-0.5200738,0.4825926,-1.0,-0.3646317,1.0,0.35419297,-1.0,-0.19013627,-1.0,0.4157434,0.14959612,3.0527,2.0933,-3.0527,2.0933,-3.0527,2.0933,6.283,0.57,1.4671023,-0.274,0.1364021,-0.57,0.185366,1.2701203,-0.327,-0.20784007,1.71,1.136392,-0.327,0.82245094,-0.20504288,1.071325,0.9345928
260,4.351999999999743,1.0,1.0,-1.0,1.0,-0.3409163,0.9801766,0.48668972,1.0,0.75773597,-1.0,-0.54688,-1.0,-0.5195962,0.4827893,-1.0,-0.36446804,1.0,0.35413864,-1.0,-0.18966015,-1.0,0.4160784,0.1494889,3.0527,2.0933,-3.0527,2.0933,-3.0527,2.0933,6.283,0.57,1.4670092,-0.274,0.1363152,-0.57,0.18584499,1.2703251,-0.327,-0.20774679,1.71,1.1363354,-0.327,0.8227207,-0.20504288,1.0716469,0.93448114
261,4.367999999999741,1.0,1.0,-1.0,1.0,-0.34011668,0.98031026,0.48660657,1.0,0.75766116,-1.0,-0.54693294,-1.0,-0.51920575,0.48294434,-1.0,-0.36437804,1.0,0.35410178,-1.0,-0.18927743,-1.0,0.41634637,0.14937575,3.0527,2.0933,-3.0527,2.0933,-3.0527,2.0933,6.283,0.57,1.4669342,-0.274,0.13626108,-0.57,0.18623663,1.2704865,-0.327,-0.20769548,1.71,1.136297,-0.327,0.82293755,-0.20504288,1.0719045,0.93436337
262,4.385999999999739,1.0,1.0,-1.0,1.0,-0.3394238,0.98048276,0.48658493,1.0,0.75759584,-1.0,-0.5469584,-1.0,-0.5188344,0.48308435,-1.0,-0.36430556,1.0,0.3540823,-1.0,-0.18895389,-1.0,0.41658822,0.14922549,3.0527,2.0933,-3.0527,2.0933,-3.0527,2.0933,6.283,0.57,1.4668686,-0.274,0.13623504,-0.57,0.18660909,1.2706324,-0.327,-0.20765416,1.71,1.1362767,-0.327,0.8231209,-0.20504288,1.0721371,0.93420696
263,4.401999999999737,1.0,1.0,-1.0,1.0,-0.33871707,0.9806444,0.48652282,1.0,0.7575521,-1.0,-0.5469346,-1.0,-0.51848954,0.48316047,-1.0,-0.36425638,1.0,0.35407522,-1.0,-0.18865724,-1.0,0.41679487,0.14907405,3.0527,2.0933,-3.0527,2.0933,-3.0527,2.0933,6.283,0.57,1.4668248,-0.274,0.13625936,-0.57,0.18695499,1.2707117,-0.327,-0.20762613,1.71,1.1362693,-0.327,0.823289,-0.20504288,1.0723357,0.9340493
264,4.4179999999997355,1.0,1.0,-1.0,1.0,-0.33817574,0.9808772,0.48659036,1.0,0.75754124,-1.0,-0.546908,-1.0,-0.5181797,0.48325703,-1.0,-0.36425,1.0,0.3540795,-1.0,-0.18843682,-1.0,0.41696364,0.14891107,3.0527,2.0933,-3.0527,2.0933,-3.0527,2.0933,6.283,0.57,1.4668139,-0.274,0.13628654,-0.57,0.18726574,1.2708122,-0.327,-0.2076225,1.71,1.1362739,-0.327,0.82341385,-0.20504288,1.072498,0.9338796
265,4.4359999999997335,1.0,1.0,-1.0,1.0,-0.33772025,0.9811226,0.48672858,1.0,0.75755787,-1.0,-0.5468731,-1.0,-0.5178866,0.48336086,-1.0,-0.364272,1.0,0.35409203,-1.0,-0.1882465,-1.0,0.41710925,0.14872779,3.0527,2.0933,-3.0527,2.0933,-3.0527,2.0933,6.283,0.57,1.4668305,-0.274,0.13632226,-0.57,0.18755977,1.2709203,-0.327,-0.20763505,1.71,1.1362869,-0.327,0.82352173,-0.20504288,1.072638,0.9336888
266,4.451999999999732,1.0,1.0,-1.0,1.0,-0.33732027,0.98136634,0.48686245,1.0,0.7576457,-1.0,-0.5467966,-1.0,-0.5176142,0.48344645,-1.0,-0.36434606,1.0,0.35409856,-1.0,-0.1880578,-1.0,0.41721195,0.14855112,3.0527,2.0933,-3.0527,2.0933,-3.0527,2.0933,6.283,0.57,1.4669187,-0.274,0.13640046,-0.57,0.18783297,1.2710094,-0.327,-0.20767725,1.71,1.1362936,-0.327,0.8236286,-0.20504288,1.0727367,0.9335049
267,4.46799999999973,1.0,1.0,-1.0,1.0,-0.33706635,0.98166424,0.48710886,1.0,0.75781596,-1.0,-0.54671097,-1.0,-0.51743066,0.48351416,-1.0,-0.3644805,1.0,0.35410213,-1.0,-0.18791528,-1.0,0.4172526,0.1484576,3.0527,2.0933,-3.0527,2.0933,-3.0527,2.0933,6.283,0.57,1.4670894,-0.274,0.13648804,-0.57,0.18801704,1.27108,-0.327,-0.20775388,1.71,1.1362973,-0.327,0.82370937,-0.20504288,1.0727758,0.93340755
268,4.485999999999728,1.0,1.0,-1.0,1.0,-0.3368895,0.9820124,0.48739728,1.0,0.7580687,-1.0,-0.54659796,-1.0,-0.5172941,0.48359165,-1.0,-0.36467457,1.0,0.35409045,-1.0,-0.18780275,-1.0,0.41726,0.14838056,3.0527,2.0933,-3.0527,2.0933,-3.0527,2.0933,6.283,0.57,1.4673429,-0.274,0.1366036,-0.57,0.18815401,1.2711607,-0.327,-0.20786451,1.71,1.1362852,-0.327,0.82377315,-0.20504288,1.0727829,0.9333273
269,4.501999999999726,1.0,1.0,-1.0,1.0,-0.33679256,0.98241633,0.48776254,1.0,0.7584189,-1.0,-0.5464339,-1.0,-0.51716113,0.48368165,-1.0,-0.36491117,1.0,0.35407054,-1.0,-0.18770422,-1.0,0.4172367,0.14829664,3.0527,2.0933,-3.0527,2.0933,-3.0527,2.0933,6.283,0.57,1.4676942,-0.274,0.1367713,-0.57,0.18828739,1.2712544,-0.327,-0.20799936,1.71,1.1362644,-0.327,0.823829,-0.20504288,1.0727605,0.93323994
270,4.5179999999997245,1.0,1.0,-1.0,1.0,-0.3368038,0.9828368,0.48825827,1.0,0.75882745,-1.0,-0.54628813,-1.0,-0.5170832,0.48377833,-1.0,-0.36517644,1.0,0.35404953,-1.0,-0.18762602,-1.0,0.41717434,0.14828753,3.0527,2.0933,-3.0527,2.0933,-3.0527,2.0933,6.283,0.57,1.4681039,-0.274,0.13692038,-0.57,0.18836552,1.2713552,-0.327,-0.20815057,1.71,1.1362426,-0.327,0.8238733,-0.20504288,1.0727005,0.93323046
271,4.5359999999997225,1.0,1.0,-1.0,1.0,-0.33686915,0.98328334,0.48881057,1.0,0.7593012,-1.0,-0.5461408,-1.0,-0.51703435,0.48390445,-1.0,-0.36548427,1.0,0.35401365,-1.0,-0.18756826,-1.0,0.41708994,0.14828826,3.0527,2.0933,-3.0527,2.0933,-3.0527,2.0933,6.283,0.57,1.468579,-0.274,0.13707104,-0.57,0.18841454,1.2714865,-0.327,-0.20832603,1.71,1.1362052,-0.327,0.823906,-0.20504288,1.0726194,0.93323123
272,4.551999999999721,1.0,1.0,-1.0,1.0,-0.3370878,0.9837908,0.48939738,1.0,0.7598971,-1.0,-0.54592586,-1.0,-0.5170642,0.48397097,-1.0,-0.36587676,1.0,0.35396323,-1.0,-0.18755092,-1.0,0.4169162,0.1483419,3.0527,2.0933,-3.0527,2.0933,-3.0527,2.0933,6.283,0.57,1.4691768,-0.274,0.1372908,-0.57,0.18838459,1.2715558,-0.327,-0.20854975,1.71,1.1361527,-0.327,0.82391584,-0.20504288,1.0724524,0.9332871
273,4.567999999999719,1.0,1.0,-1.0,1.0,-0.33730006,0.98431224,0.4901059,1.0,0.76052356,-1.0,-0.5457289,-1.0,-0.51712257,0.484044,-1.0,-0.36624083,1.0,0.35392743,-1.0,-0.18756278,-1.0,0.41674092,0.14846934,3.0527,2.0933,-3.0527,2.0933,-3.0527,2.0933,6.283,0.57,1.4698051,-0.274,0.13749218,-0.57,0.18832606,1.2716318,-0.327,-0.20875727,1.71,1.1361154,-0.327,0.8239091,-0.20504288,1.0722839,0.93341976
274,4.585999999999717,1.0,1.0,-1.0,1.0,-0.33756328,0.98485696,0.49085543,1.0,0.7611879,-1.0,-0.54555327,-1.0,-0.51722074,0.48412833,-1.0,-0.36662063,1.0,0.35388154,-1.0,-0.18763168,-1.0,0.41654432,0.14862122,3.0527,2.0933,-3.0527,2.0933,-3.0527,2.0933,6.283,0.57,1.4704715,-0.274,0.13767178,-0.57,0.18822761,1.2717197,-0.327,-0.20897377,1.71,1.1360676,-0.327,0.82387006,-0.20504288,1.0720949,0.93357784
275,4.601999999999715,1.0,1.0,-1.0,1.0,-0.3377892,0.98539156,0.49163643,1.0,0.76189697,-1.0,-0.54538035,-1.0,-0.5172919,0.48426113,-1.0,-0.36700442,1.0,0.35383016,-1.0,-0.18771233,-1.0,0.41635108,0.14874616,3.0527,2.0933,-3.0527,2.0933,-3.0527,2.0933,6.283,0.57,1.4711827,-0.274,0.13784859,-0.57,0.18815622,1.271858,-0.327,-0.20919251,1.71,1.1360141,-0.327,0.8238244,-0.20504288,1.0719091,0.93370795
276,4.6179999999997134,1.0,1.0,-1.0,1.0,-0.33803034,0.98591787,0.49251112,1.0,0.76260555,-1.0,-0.54527795,-1.0,-0.51735646,0.48445085,-1.0,-0.36735225,1.0,0.35377517,-1.0,-0.18779327,-1.0,0.41618615,0.1489218,3.0527,2.0933,-3.0527,2.0933,-3.0527,2.0933,6.283,0.57,1.4718933,-0.274,0.1379533,-0.57,0.18809147,1.2720555,-0.327,-0.20939077,1.71,1.1359569,-0.327,0.8237785,-0.20504288,1.0717505,0.93389076
277,4.6359999999997115,1.0,1.0,-1.0,1.0,-0.33827353,0.9864542,0.4934058,1.0,0.76334643,-1.0,-0.5452085,-1.0,-0.51740867,0.48470977,-1.0,-0.36770618,1.0,0.35369658,-1.0,-0.18787678,-1.0,0.41604236,0.1490896,3.0527,2.0933,-3.0527,2.0933,-3.0527,2.0933,6.283,0.57,1.4726365,-0.274,0.1380243,-0.57,0.18803911,1.2723253,-0.327,-0.20959252,1.71,1.135875,-0.327,0.8237312,-0.20504288,1.0716124,0.93406546
278,4.65199999999971,1.0,1.0,-1.0,1.0,-0.33848062,0.98697144,0.4943137,1.0,0.7641462,-1.0,-0.54514635,-1.0,-0.51743084,0.48502824,-1.0,-0.36808196,1.0,0.3535952,-1.0,-0.18793334,-1.0,0.4159018,0.14924742,3.0527,2.0933,-3.0527,2.0933,-3.0527,2.0933,6.283,0.57,1.4734386,-0.274,0.13808785,-0.57,0.18801686,1.2726569,-0.327,-0.20980671,1.71,1.1357694,-0.327,0.8236992,-0.20504288,1.0714772,0.9342298
279,4.667999999999708,1.0,1.0,-1.0,1.0,-0.33872005,0.98749036,0.49527094,1.0,0.7649446,-1.0,-0.5451409,-1.0,-0.51746225,0.48538163,-1.0,-0.36842886,1.0,0.35348272,-1.0,-0.18799366,-1.0,0.41578305,0.14946398,3.0527,2.0933,-3.0527,2.0933,-3.0527,2.0933,6.283,0.57,1.4742395,-0.274,0.13809341,-0.57,0.18798536,1.2730249,-0.327,-0.21000445,1.71,1.1356523,-0.327,0.82366496,-0.20504288,1.0713631,0.9344552
280,4.685999999999706,1.0,1.0,-1.0,1.0,-0.33893672,0.98801506,0.4962037,1.0,0.76574564,-1.0,-0.54516894,-1.0,-0.51747555,0.4857926,-1.0,-0.36877546,1.0,0.3533468,-1.0,-0.18805827,-1.0,0.41569364,0.1496595,3.0527,2.0933,-3.0527,2.0933,-3.0527,2.0933,6.283,0.57,1.4750428,-0.274,0.13806476,-0.57,0.18797202,1.273453,-0.327,-0.21020201,1.71,1.1355107,-0.327,0.82362837,-0.20504288,1.071277,0.93465877
281,4.701999999999704,1.0,1.0,-1.0,1.0,-0.3390913,0.9885159,0.4971287,1.0,0.7665669,-1.0,-0.54521465,-1.0,-0.51743424,0.48626944,-1.0,-0.36911997,1.0,0.35319173,-1.0,-0.18809487,-1.0,0.41562998,0.14981987,3.0527,2.0933,-3.0527,2.0933,-3.0527,2.0933,6.283,0.57,1.4758666,-0.274,0.13801801,-0.57,0.18801346,1.2739496,-0.327,-0.21039839,1.71,1.1353492,-0.327,0.8236076,-0.20504288,1.0712159,0.9348257
282,4.717999999999702,1.0,1.0,-1.0,1.0,-0.33926675,0.98901945,0.49808434,1.0,0.76734793,-1.0,-0.54532397,-1.0,-0.51738876,0.4867737,-1.0,-0.36942145,1.0,0.3530325,-1.0,-0.18814231,-1.0,0.415599,0.15001781,3.0527,2.0933,-3.0527,2.0933,-3.0527,2.0933,6.283,0.57,1.47665,-0.274,0.13790624,-0.57,0.18805908,1.2744749,-0.327,-0.21057023,1.71,1.1351833,-0.327,0.82358074,-0.20504288,1.0711861,0.9350318
283,4.7359999999997004,1.0,1.0,-1.0,1.0,-0.3394199,0.9895352,0.49901018,1.0,0.768116,-1.0,-0.5454576,-1.0,-0.51733726,0.48730257,-1.0,-0.36971685,1.0,0.3528581,-1.0,-0.18820776,-1.0,0.41558787,0.1501968,3.0527,2.0933,-3.0527,2.0933,-3.0527,2.0933,6.283,0.57,1.4774203,-0.274,0.13776961,-0.57,0.18811072,1.2750256,-0.327,-0.2107386,1.71,1.1350017,-0.327,0.82354367,-0.20504288,1.0711755,0.93521816
284,4.751999999999699,1.0,1.0,-1.0,1.0,-0.33947068,0.99002767,0.49991986,1.0,0.76888317,-1.0,-0.54560614,-1.0,-0.51722455,0.48788914,-1.0,-0.36999345,1.0,0.35267246,-1.0,-0.1882552,-1.0,0.41561198,0.15032925,3.0527,2.0933,-3.0527,2.0933,-3.0527,2.0933,6.283,0.57,1.4781898,-0.274,0.13761772,-0.57,0.18822378,1.2756366,-0.327,-0.21089627,1.71,1.1348084,-0.327,0.8235168,-0.20504288,1.0711986,0.935356
285,4.767999999999697,1.0,1.0,-1.0,1.0,-0.3395308,0.990545,0.5008876,1.0,0.76959866,-1.0,-0.5458153,-1.0,-0.5171026,0.48849818,-1.0,-0.37021917,1.0,0.3524935,-1.0,-0.18832023,-1.0,0.41567034,0.15048702,3.0527,2.0933,-3.0527,2.0933,-3.0527,2.0933,6.283,0.57,1.4789075,-0.274,0.13740386,-0.57,0.18834609,1.2762709,-0.327,-0.21102493,1.71,1.134622,-0.327,0.82347995,-0.20504288,1.0712547,0.9355203
286,4.785999999999695,1.0,1.0,-1.0,1.0,-0.33954534,0.99107456,0.5018267,1.0,0.7702836,-1.0,-0.54605347,-1.0,-0.5169584,0.4891419,-1.0,-0.37042832,1.0,0.35230422,-1.0,-0.18840511,-1.0,0.41576308,0.15060529,3.0527,2.0933,-3.0527,2.0933,-3.0527,2.0933,6.283,0.57,1.4795945,-0.274,0.13716033,-0.57,0.1884907,1.2769413,-0.327,-0.21114415,1.71,1.1344248,-0.327,0.82343185,-0.20504288,1.0713438,0.9356434
287,4.801999999999693,1.0,1.0,-1.0,1.0,-0.33946237,0.9915765,0.50273687,1.0,0.7709589,-1.0,-0.54630446,-1.0,-0.5167607,0.489827,-1.0,-0.37061393,1.0,0.35210592,-1.0,-0.188482,-1.0,0.41588748,0.15068303,3.0527,2.0933,-3.0527,2.0933,-3.0527,2.0933,6.283,0.57,1.4802718,-0.274,0.13690369,-0.57,0.18868901,1.2776549,-0.327,-0.21124995,1.71,1.1342183,-0.327,0.8233883,-0.20504288,1.0714635,0.9357243
288,4.817999999999691,1.0,1.0,-1.0,1.0,-0.33940017,0.9921158,0.5036987,1.0,0.7715826,-1.0,-0.5466057,-1.0,-0.51656604,0.49051854,-1.0,-0.37075529,1.0,0.35191777,-1.0,-0.18859132,-1.0,0.41603482,0.15078473,3.0527,2.0933,-3.0527,2.0933,-3.0527,2.0933,6.283,0.57,1.4808973,-0.274,0.13659567,-0.57,0.18888426,1.278375,-0.327,-0.21133052,1.71,1.1340224,-0.327,0.82332635,-0.20504288,1.0716051,0.9358302
289,4.835999999999689,1.0,1.0,-1.0,1.0,-0.33928677,0.9926728,0.5046398,1.0,0.77217203,-1.0,-0.54693234,-1.0,-0.5163471,0.49124202,-1.0,-0.3708757,1.0,0.3517243,-1.0,-0.18872376,-1.0,0.41621733,0.15084223,3.0527,2.0933,-3.0527,2.0933,-3.0527,2.0933,6.283,0.57,1.4814886,-0.274,0.13626169,-0.57,0.18910384,1.2791286,-0.327,-0.21139914,1.71,1.1338209,-0.327,0.8232513,-0.20504288,1.0717806,0.9358901
290,4.851999999999688,1.0,1.0,-1.0,1.0,-0.33906314,0.9932175,0.5055737,1.0,0.7727345,-1.0,-0.5472686,-1.0,-0.5160649,0.49199608,-1.0,-0.37094662,1.0,0.35153276,-1.0,-0.18886639,-1.0,0.41644326,0.15085058,3.0527,2.0933,-3.0527,2.0933,-3.0527,2.0933,6.283,0.57,1.4820527,-0.274,0.13591783,-0.57,0.18938692,1.2799139,-0.327,-0.21143956,1.71,1.1336213,-0.327,0.8231705,-0.20504288,1.0719978,0.9358987
291,4.867999999999686,1.0,1.0,-1.0,1.0,-0.3388749,0.9937975,0.5065588,1.0,0.7732426,-1.0,-0.5476533,-1.0,-0.5157876,0.49275574,-1.0,-0.37098396,1.0,0.35135305,-1.0,-0.18903632,-1.0,0.41668528,0.15087137,3.0527,2.0933,-3.0527,2.0933,-3.0527,2.0933,6.283,0.57,1.4825623,-0.274,0.13552448,-0.57,0.18966503,1.2807051,-0.327,-0.21146086,1.71,1.1334342,-0.327,0.82307416,-0.20504288,1.0722303,0.9359204
292,4.885999999999684,1.0,1.0,-1.0,1.0,-0.33865342,0.9944008,0.50753033,1.0,0.7737204,-1.0,-0.548053,-1.0,-0.51549804,0.4935269,-1.0,-0.3710001,1.0,0.35117236,-1.0,-0.18923719,-1.0,0.41695383,0.1508591,3.0527,2.0933,-3.0527,2.0933,-3.0527,2.0933,6.283,0.57,1.4830415,-0.274,0.13511579,-0.57,0.18995546,1.2815083,-0.327,-0.21147007,1.71,1.1332461,-0.327,0.8229604,-0.20504288,1.0724885,0.9359076
293,4.901999999999682,1.0,1.0,-1.0,1.0,-0.33833346,0.99498004,0.5084786,1.0,0.7741847,-1.0,-0.54845434,-1.0,-0.5151581,0.4943253,-1.0,-0.37098783,1.0,0.3509894,-1.0,-0.18943305,-1.0,0.4172513,0.15080425,3.0527,2.0933,-3.0527,2.0933,-3.0527,2.0933,6.283,0.57,1.4835073,-0.274,0.13470544,-0.57,0.19029641,1.2823398,-0.327,-0.21146306,1.71,1.1330554,-0.327,0.8228494,-0.20504288,1.0727745,0.9358505
294,4.91799999999968,1.0,1.0,-1.0,1.0,-0.33807868,0.9956056,0.5094816,1.0,0.77461964,-1.0,-0.5488882,-1.0,-0.5148426,0.4951177,-1.0,-0.37096402,1.0,0.35081518,-1.0,-0.18965371,-1.0,0.4175462,0.1507742,3.0527,2.0933,-3.0527,2.0933,-3.0527,2.0933,6.283,0.57,1.4839435,-0.274,0.1342618,-0.57,0.19061284,1.2831651,-0.327,-0.21144949,1.71,1.132874,-0.327,0.82272434,-0.20504288,1.073058,0.9358192
295,4.935999999999678,1.0,1.0,-1.0,1.0,-0.33781356,0.9962508,0.51046973,1.0,0.77504504,-1.0,-0.54932654,-1.0,-0.5145255,0.495923,-1.0,-0.37094378,1.0,0.3506356,-1.0,-0.18989028,-1.0,0.41785288,0.15071476,3.0527,2.0933,-3.0527,2.0933,-3.0527,2.0933,6.283,0.57,1.4843702,-0.274,0.13381362,-0.57,0.19093095,1.2840039,-0.327,-0.21143796,1.71,1.132687,-0.327,0.8225903,-0.20504288,1.0733528,0.93575734
296,4.951999999999677,1.0,1.0,-1.0,1.0,-0.33748066,0.996866,0.5114324,1.0,0.77548635,-1.0,-0.54975456,-1.0,-0.5141819,0.4967446,-1.0,-0.37092534,1.0,0.35044733,-1.0,-0.19010337,-1.0,0.41816357,0.1506354,3.0527,2.0933,-3.0527,2.0933,-3.0527,2.0933,6.283,0.57,1.4848129,-0.274,0.13337596,-0.57,0.19127554,1.2848595,-0.327,-0.21142744,1.71,1.1324909,-0.327,0.8224696,-0.20504288,1.0736516,0.9356747
297,4.967999999999675,1.0,1.0,-1.0,1.0,-0.33720323,0.997555,0.5124827,1.0,0.77589965,-1.0,-0.5501993,-1.0,-0.5138562,0.49755427,-1.0,-0.3708859,1.0,0.35027677,-1.0,-0.19036235,-1.0,0.41847798,0.15056531,3.0527,2.0933,-3.0527,2.0933,-3.0527,2.0933,6.283,0.57,1.4852273,-0.274,0.13292125,-0.57,0.19160226,1.2857028,-0.327,-0.21140496,1.71,1.1323133,-0.327,0.82232285,-0.20504288,1.0739539,0.9356018
298,4.985999999999673,1.0,1.0,-1.0,1.0,-0.3369293,0.9982665,0.5135321,1.0,0.7762936,-1.0,-0.550647,-1.0,-0.51352584,0.498368,-1.0,-0.3708437,1.0,0.3501073,-1.0,-0.19064088,-1.0,0.41880375,0.1504601,3.0527,2.0933,-3.0527,2.0933,-3.0527,2.0933,6.283,0.57,1.4856224,-0.274,0.13246343,-0.57,0.19193357,1.2865503,-0.327,-0.21138091,1.71,1.1321368,-0.327,0.822165,-0.20504288,1.074267,0.9354922
299,5.001999999999671,1.0,1.0,-1.0,1.0,-0.33659783,0.9989467,0.514571,1.0,0.77669746,-1.0,-0.5510769,-1.0,-0.5131726,0.4991794,-1.0,-0.37079138,1.0,0.34993812,-1.0,-0.19089957,-1.0,0.41913182,0.15034097,3.0527,2.0933,-3.0527,2.0933,-3.0527,2.0933,6.283,0.57,1.4860276,-0.274,0.13202389,-0.57,0.19228786,1.2873954,-0.327,-0.21135108,1.71,1.1319605,-0.327,0.82201844,-0.20504288,1.0745823,0.93536824
300,5.017999999999669,1.0,1.0,-1.0,1.0,-0.33635715,0.9996783,0.5156573,1.0,0.77709645,-1.0,-0.5515139,-1.0,-0.51285714,0.49997368,-1.0,-0.37075144,1.0,0.349776,-1.0,-0.19118048,-1.0,0.41944176,0.15024686,3.0527,2.0933,-3.0527,2.0933,-3.0527,2.0933,6.283,0.57,1.4864278,-0.274,0.13157703,-0.57,0.19260429,1.2882226,-0.327,-0.21132833,1.71,1.1317917,-0.327,0.8218593,-0.20504288,1.0748804,0.93527025
301,5.035999999999667,1.0,1.0,-1.0,1.0,-0.33613306,1.0,0.51673347,1.0,0.77750045,-1.0,-0.55193806,-1.0,-0.512556,0.50075865,-1.0,-0.37072915,1.0,0.34961155,-1.0,-0.1914679,-1.0,0.41974497,0.15013932,3.0527,2.0933,-3.0527,2.0933,-3.0527,2.0933,6.283,0.57,1.486833,-0.274,0.13114333,-0.57,0.19290632,1.2890401,-0.327,-0.21131562,1.71,1.1316204,-0.327,0.8216964,-0.20504288,1.0751718,0.9351583
302,5.051999999999666,1.0,1.0,-1.0,1.0,-0.33585945,1.0,0.5178049,1.0,0.7779211,-1.0,-0.5523368,-1.0,-0.5122307,0.5015447,-1.0,-0.37070662,1.0,0.34944713,-1.0,-0.19173057,-1.0,0.42004803,0.15001091,3.0527,2.0933,-3.0527,2.0933,-3.0527,2.0933,6.283,0.57,1.4872549,-0.274,0.1307356,-0.57,0.19323261,1.2898588,-0.327,-0.21130277,1.71,1.1314492,-0.327,0.82154757,-0.20504288,1.0754632,0.9350246
303,5.067999999999664,1.0,1.0,-1.0,1.0,-0.33568862,1.0,0.51891375,1.0,0.7783439,-1.0,-0.55273205,-1.0,-0.5119538,0.5022958,-1.0,-0.37070593,1.0,0.3492897,-1.0,-0.19200994,-1.0,0.4203212,0.14991777,3.0527,2.0933,-3.0527,2.0933,-3.0527,2.0933,6.283,0.57,1.487679,-0.274,0.13033147,-0.57,0.19351037,1.2906411,-0.327,-0.21130238,1.71,1.1312852,-0.327,0.82138926,-0.20504288,1.0757258,0.93492764
304,5.085999999999662,1.0,1.0,-1.0,1.0,-0.3355306,1.0,0.5200163,1.0,0.7787703,-1.0,-0.5531109,-1.0,-0.51168305,0.50304127,-1.0,-0.37072086,1.0,0.34913212,-1.0,-0.19228812,-1.0,0.42059052,0.14980467,3.0527,2.0933,-3.0527,2.0933,-3.0527,2.0933,6.283,0.57,1.4881066,-0.274,0.1299441,-0.57,0.1937819,1.2914175,-0.327,-0.2113109,1.71,1.1311212,-0.327,0.82123166,-0.20504288,1.0759847,0.9348099
305,5.10199999999966,1.0,1.0,-1.0,1.0,-0.33535308,1.0,0.5211215,1.0,0.779214,-1.0,-0.55345774,-1.0,-0.511398,0.5037711,-1.0,-0.37073952,1.0,0.34897766,-1.0,-0.19254352,-1.0,0.4208496,0.1496751,3.0527,2.0933,-3.0527,2.0933,-3.0527,2.0933,6.283,0.57,1.4885516,-0.274,0.12958947,-0.57,0.19406779,1.2921777,-0.327,-0.21132153,1.71,1.1309602,-0.327,0.82108694,-0.20504288,1.0762337,0.93467504
306,5.117999999999658,1.0,1.0,-1.0,1.0,-0.3352628,1.0,0.5222582,1.0,0.77965724,-1.0,-0.55379367,-1.0,-0.511159,0.5044598,-1.0,-0.37077546,1.0,0.34883395,-1.0,-0.19281311,-1.0,0.42107928,0.14957924,3.0527,2.0933,-3.0527,2.0933,-3.0527,2.0933,6.283,0.57,1.4889963,-0.274,0.12924597,-0.57,0.19430752,1.2928948,-0.327,-0.211342,1.71,1.1308105,-0.327,0.8209342,-0.20504288,1.0764545,0.9345752
307,5.135999999999656,1.0,1.0,-1.0,1.0,-0.33519235,1.0,0.52337295,1.0,0.7800993,-1.0,-0.5541083,-1.0,-0.5109324,0.5051289,-1.0,-0.37082818,1.0,0.34869164,-1.0,-0.19308658,-1.0,0.4213,0.14946699,3.0527,2.0933,-3.0527,2.0933,-3.0527,2.0933,6.283,0.57,1.4894396,-0.274,0.12892424,-0.57,0.19453482,1.2935917,-0.327,-0.21137206,1.71,1.1306623,-0.327,0.82077926,-0.20504288,1.0766667,0.9344584
308,5.151999999999655,1.0,1.0,-1.0,1.0,-0.33510435,1.0,0.52444994,1.0,0.780568,-1.0,-0.5543953,-1.0,-0.5106925,0.5058012,-1.0,-0.37091362,1.0,0.3485408,-1.0,-0.19330962,-1.0,0.42150286,0.14933395,3.0527,2.0933,-3.0527,2.0933,-3.0527,2.0933,6.283,0.57,1.4899096,-0.274,0.12863079,-0.57,0.19477545,1.294292,-0.327,-0.21142076,1.71,1.1305052,-0.327,0.82065284,-0.20504288,1.0768617,0.93431985
309,5.167999999999653,1.0,1.0,-1.0,1.0,-0.33523747,1.0,0.5254717,1.0,0.78112245,-1.0,-0.5545864,-1.0,-0.51057285,0.50633174,-1.0,-0.3708369,1.0,0.34841704,-1.0,-0.1936012,-1.0,0.42175367,0.14949632,3.0527,2.0933,-3.0527,2.0933,-3.0527,2.0933,6.283,0.57,1.4904658,-0.274,0.12843539,-0.57,0.19489543,1.2948445,-0.327,-0.21137704,1.71,1.1303763,-0.327,0.8204877,-0.20504288,1.0771029,0.9344889
310,5.185999999999651,1.0,1.0,-1.0,1.0,-0.33525077,1.0,0.5264981,1.0,0.7817414,-1.0,-0.55462646,-1.0,-0.51056534,0.5066872,-1.0,-0.37080657,1.0,0.34832078,-1.0,-0.19383754,-1.0,0.42190486,0.149745,3.0527,2.0933,-3.0527,2.0933,-3.0527,2.0933,6.283,0.57,1.4910866,-0.274,0.12839444,-0.57,0.19490296,1.2952148,-0.327,-0.21135975,1.71,1.1302761,-0.327,0.82035375,-0.20504288,1.0772482,0.93474776
311,5.201999999999649,1.0,1.0,-1.0,1.0,-0.3351583,1.0,0.52740777,1.0,0.78240085,-1.0,-0.55459785,-1.0,-0.51056015,0.5070387,-1.0,-0.37092525,1.0,0.34819844,-1.0,-0.19409038,-1.0,0.42197984,0.14986663,3.0527,2.0933,-3.0527,2.0933,-3.0527,2.0933,6.283,0.57,1.4917481,-0.274,0.12842369,-0.57,0.19490817,1.2955809,-0.327,-0.21142739,1.71,1.1301486,-0.327,0.82021046,-0.20504288,1.0773203,0.9348744
312,5.217999999999647,1.0,1.0,-1.0,1.0,-0.33515447,1.0,0.5283274,1.0,0.7830405,-1.0,-0.5545996,-1.0,-0.51054156,0.50742286,-1.0,-0.37110782,1.0,0.34806362,-1.0,-0.1943282,-1.0,0.4220269,0.1499394,3.0527,2.0933,-3.0527,2.0933,-3.0527,2.0933,6.283,0.57,1.4923897,-0.274,0.12842193,-0.57,0.19492681,1.2959809,-0.327,-0.21153146,1.71,1.1300082,-0.327,0.82007575,-0.20504288,1.0773655,0.9349502
313,5.235999999999645,1.0,1.0,-1.0,1.0,-0.33516097,1.0,0.5292552,1.0,0.78361714,-1.0,-0.55463696,-1.0,-0.51046413,0.5078477,-1.0,-0.3712923,1.0,0.34792972,-1.0,-0.1945286,-1.0,0.42209736,0.14992735,3.0527,2.0933,-3.0527,2.0933,-3.0527,2.0933,6.283,0.57,1.492968,-0.274,0.12838371,-0.57,0.19500448,1.2964234,-0.327,-0.2116366,1.71,1.1298687,-0.327,0.8199622,-0.20504288,1.0774333,0.9349376
314,5.251999999999644,1.0,1.0,-1.0,1.0,-0.33510512,1.0,0.53019035,1.0,0.7841264,-1.0,-0.5546985,-1.0,-0.5102677,0.5083451,-1.0,-0.37145472,1.0,0.34780055,-1.0,-0.19465657,-1.0,0.42222705,0.14979567,3.0527,2.0933,-3.0527,2.0933,-3.0527,2.0933,6.283,0.57,1.4934788,-0.274,0.12832075,-0.57,0.19520152,1.2969414,-0.327,-0.21172918,1.71,1.1297343,-0.327,0.81988966,-0.20504288,1.0775579,0.9348005
315,5.267999999999642,1.0,1.0,-1.0,1.0,-0.33510208,1.0,0.5311601,1.0,0.7845908,-1.0,-0.55478823,-1.0,-0.51007146,0.50882643,-1.0,-0.3716082,1.0,0.34768516,-1.0,-0.19475593,-1.0,0.42234802,0.14968556,3.0527,2.0933,-3.0527,2.0933,-3.0527,2.0933,6.283,0.57,1.4939445,-0.274,0.12822904,-0.57,0.19539833,1.2974427,-0.327,-0.21181667,1.71,1.1296141,-0.327,0.8198334,-0.20504288,1.0776743,0.9346859
316,5.28599999999964,1.0,1.0,-1.0,1.0,-0.33502284,1.0,0.5321552,1.0,0.7850085,-1.0,-0.5549087,-1.0,-0.5098638,0.509327,-1.0,-0.37185973,1.0,0.34756583,-1.0,-0.19482584,-1.0,0.42241308,0.14946124,3.0527,2.0933,-3.0527,2.0933,-3.0527,2.0933,6.283,0.57,1.4943635,-0.274,0.12810586,-0.57,0.19560662,1.2979641,-0.327,-0.21196005,1.71,1.1294898,-0.327,0.81979376,-0.20504288,1.0777369,0.93445235
317,5.301999999999638,1.0,1.0,-1.0,1.0,-0.3349449,1.0,0.5330806,1.0,0.7853159,-1.0,-0.5551134,-1.0,-0.5095361,0.5099396,-1.0,-0.3721693,1.0,0.34743056,-1.0,-0.1949187,-1.0,0.4224965,0.14899682,3.0527,2.0933,-3.0527,2.0933,-3.0527,2.0933,6.283,0.57,1.4946718,-0.274,0.12789658,-0.57,0.19593531,1.2986021,-0.327,-0.21213649,1.71,1.1293489,-0.327,0.81974113,-0.20504288,1.077817,0.9339689
318,5.317999999999636,1.0,1.0,-1.0,1.0,-0.3349647,1.0,0.5340942,1.0,0.78559405,-1.0,-0.55536836,-1.0,-0.50922084,0.510542,-1.0,-0.37233478,1.0,0.34732813,-1.0,-0.19502087,-1.0,0.42264417,0.14868544,3.0527,2.0933,-3.0527,2.0933,-3.0527,2.0933,6.283,0.57,1.4949508,-0.274,0.12763585,-0.57,0.1962515,1.2992295,-0.327,-0.21223082,1.71,1.1292423,-0.327,0.81968325,-0.20504288,1.077959,0.9336447
319,5.335999999999634,1.0,1.0,-1.0,1.0,-0.33498245,1.0,0.535094,1.0,0.78582,-1.0,-0.55560416,-1.0,-0.50890833,0.51109755,-1.0,-0.37242526,1.0,0.34725237,-1.0,-0.19514944,-1.0,0.4228251,0.14838003,3.0527,2.0933,-3.0527,2.0933,-3.0527,2.0933,6.283,0.57,1.4951775,-0.274,0.12739475,-0.57,0.19656494,1.2998081,-0.327,-0.2122824,1.71,1.1291634,-0.327,0.8196104,-0.20504288,1.0781329,0.9333268
320,5.351999999999633,1.0,1.0,-1.0,1.0,-0.33496937,1.0,0.535982,1.0,0.7861195,-1.0,-0.55577874,-1.0,-0.5086576,0.5116078,-1.0,-0.37256002,1.0,0.34716606,-1.0,-0.19525047,-1.0,0.42295304,0.14813736,3.0527,2.0933,-3.0527,2.0933,-3.0527,2.0933,6.283,0.57,1.4954779,-0.274,0.12721623,-0.57,0.19681646,1.3003396,-0.327,-0.21235922,1.71,1.1290735,-0.327,0.81955314,-0.20504288,1.0782559,0.9330741
321,5.367999999999631,1.0,1.0,-1.0,1.0,-0.33493888,1.0,0.53691125,1.0,0.78642094,-1.0,-0.5559424,-1.0,-0.50843424,0.5120934,-1.0,-0.37272725,1.0,0.34708837,-1.0,-0.19537975,-1.0,0.4230402,0.14789268,3.0527,2.0933,-3.0527,2.0933,-3.0527,2.0933,6.283,0.57,1.4957802,-0.274,0.12704888,-0.57,0.19704047,1.3008453,-0.327,-0.21245453,1.71,1.1289926,-0.327,0.8194799,-0.20504288,1.0783397,0.9328194
322,5.385999999999629,1.0,1.0,-1.0,1.0,-0.3349229,1.0,0.5378242,1.0,0.7867016,-1.0,-0.5561156,-1.0,-0.50818837,0.51260656,-1.0,-0.37287107,1.0,0.3470123,-1.0,-0.19555111,-1.0,0.423163,0.14761317,3.0527,2.0933,-3.0527,2.0933,-3.0527,2.0933,6.283,0.57,1.4960617,-0.274,0.12687176,-0.57,0.19728707,1.3013797,-0.327,-0.21253651,1.71,1.1289133,-0.327,0.8193828,-0.20504288,1.0784577,0.93252844
323,5.401999999999627,1.0,1.0,-1.0,1.0,-0.33486545,1.0,0.53875816,1.0,0.78697443,-1.0,-0.5562701,-1.0,-0.5079089,0.51311177,-1.0,-0.37296143,1.0,0.34695226,-1.0,-0.19569488,-1.0,0.42330706,0.14733255,3.0527,2.0933,-3.0527,2.0933,-3.0527,2.0933,6.283,0.57,1.4963354,-0.274,0.1267138,-0.57,0.19756739,1.3019059,-0.327,-0.21258801,1.71,1.1288508,-0.327,0.81930137,-0.20504288,1.0785962,0.9322363
324,5.417999999999625,1.0,1.0,-1.0,1.0,-0.3348174,1.0,0.5397285,1.0,0.7872166,-1.0,-0.5564207,-1.0,-0.5076532,0.5135587,-1.0,-0.37299088,1.0,0.3469201,-1.0,-0.19587244,-1.0,0.42345604,0.1471111,3.0527,2.0933,-3.0527,2.0933,-3.0527,2.0933,6.283,0.57,1.4965782,-0.274,0.12655985,-0.57,0.19782387,1.3023714,-0.327,-0.2126048,1.71,1.1288173,-0.327,0.81920075,-0.20504288,1.0787395,0.93200576
325,5.435999999999623,1.0,1.0,-1.0,1.0,-0.3347583,1.0,0.54065806,1.0,0.78744924,-1.0,-0.5565523,-1.0,-0.5074147,0.5139728,-1.0,-0.3730111,1.0,0.34689415,-1.0,-0.1960708,-1.0,0.42360115,0.14688931,3.0527,2.0933,-3.0527,2.0933,-3.0527,2.0933,6.283,0.57,1.4968116,-0.274,0.12642528,-0.57,0.19806306,1.3028027,-0.327,-0.21261634,1.71,1.1287903,-0.327,0.81908834,-0.20504288,1.078879,0.93177485
326,5.451999999999622,1.0,1.0,-1.0,1.0,-0.33466375,1.0,0.541515,1.0,0.7877306,-1.0,-0.5566574,-1.0,-0.50717914,0.51439375,-1.0,-0.37307164,1.0,0.34685284,-1.0,-0.19621159,-1.0,0.4237178,0.14667131,3.0527,2.0933,-3.0527,2.0933,-3.0527,2.0933,6.283,0.57,1.4970938,-0.274,0.12631783,-0.57,0.19829932,1.3032411,-0.327,-0.21265084,1.71,1.1287472,-0.327,0.8190086,-0.20504288,1.078991,0.9315479
327,5.46799999999962,1.0,1.0,-1.0,1.0,-0.33461186,1.0,0.5423701,1.0,0.7880348,-1.0,-0.5567567,-1.0,-0.50698787,0.51478285,-1.0,-0.37313858,1.0,0.3468117,-1.0,-0.19634457,-1.0,0.42380995,0.1465253,3.0527,2.0933,-3.0527,2.0933,-3.0527,2.0933,6.283,0.57,1.4973989,-0.274,0.12621629,-0.57,0.19849117,1.3036463,-0.327,-0.21268898,1.71,1.1287044,-0.327,0.81893325,-0.20504288,1.0790797,0.9313959
328,5.485999999999618,1.0,1.0,-1.0,1.0,-0.3345445,1.0,0.5431791,1.0,0.78834873,-1.0,-0.55684483,-1.0,-0.50680155,0.5151759,-1.0,-0.37323287,1.0,0.34676012,-1.0,-0.19646718,-1.0,0.42389774,0.14636007,3.0527,2.0933,-3.0527,2.0933,-3.0527,2.0933,6.283,0.57,1.4977138,-0.274,0.12612616,-0.57,0.19867805,1.3040557,-0.327,-0.21274273,1.71,1.1286507,-0.327,0.81886375,-0.20504288,1.0791641,0.93122387
329,5.501999999999616,1.0,1.0,-1.0,1.0,-0.33444077,1.0,0.5439652,1.0,0.7886772,-1.0,-0.55691105,-1.0,-0.506588,0.515578,-1.0,-0.37332314,1.0,0.34670496,-1.0,-0.19656159,-1.0,0.4239918,0.14617181,3.0527,2.0933,-3.0527,2.0933,-3.0527,2.0933,6.283,0.57,1.4980433,-0.274,0.12605844,-0.57,0.19889225,1.3044745,-0.327,-0.21279418,1.71,1.1285932,-0.327,0.8188103,-0.20504288,1.0792545,0.9310279
330,5.517999999999614,1.0,1.0,-1.0,1.0,-0.33436242,1.0,0.5447754,1.0,0.78897655,-1.0,-0.55698335,-1.0,-0.50638217,0.5159492,-1.0,-0.373373,1.0,0.34666696,-1.0,-0.19666494,-1.0,0.42409307,0.14602186,3.0527,2.0933,-3.0527,2.0933,-3.0527,2.0933,6.283,0.57,1.4983435,-0.274,0.12598452,-0.57,0.19909869,1.3048611,-0.327,-0.21282262,1.71,1.1285536,-0.327,0.8187517,-0.20504288,1.0793519,0.9308718
331,5.535999999999612,1.0,1.0,-1.0,1.0,-0.33428168,1.0,0.54551905,1.0,0.78927964,-1.0,-0.5570537,-1.0,-0.5061854,0.5163204,-1.0,-0.37344643,1.0,0.34661806,-1.0,-0.19673951,-1.0,0.42418492,0.1458683,3.0527,2.0933,-3.0527,2.0933,-3.0527,2.0933,6.283,0.57,1.4986475,-0.274,0.1259126,-0.57,0.19929603,1.3052477,-0.327,-0.21286447,1.71,1.1285027,-0.327,0.81870943,-0.20504288,1.0794401,0.9307119
332,5.551999999999611,1.0,1.0,-1.0,1.0,-0.3341612,1.0,0.546203,1.0,0.78961396,-1.0,-0.5570978,-1.0,-0.5059781,0.51669496,-1.0,-0.37353677,1.0,0.34655732,-1.0,-0.19677742,-1.0,0.42426944,0.14570682,3.0527,2.0933,-3.0527,2.0933,-3.0527,2.0933,6.283,0.57,1.4989828,-0.274,0.1258675,-0.57,0.19950396,1.3056378,-0.327,-0.21291596,1.71,1.1284394,-0.327,0.818688,-0.20504288,1.0795214,0.93054384
333,5.567999999999609,1.0,1.0,-1.0,1.0,-0.33411473,1.0,0.54686266,1.0,0.7899538,-1.0,-0.5571351,-1.0,-0.5058056,0.51703733,-1.0,-0.37361765,1.0,0.3464989,-1.0,-0.19682057,-1.0,0.4243418,0.1456035,3.0527,2.0933,-3.0527,2.0933,-3.0527,2.0933,6.283,0.57,1.4993237,-0.274,0.12582935,-0.57,0.19967698,1.3059944,-0.327,-0.21296206,1.71,1.1283786,-0.327,0.81866354,-0.20504288,1.079591,0.93043625
334,5.585999999999607,1.0,1.0,-1.0,1.0,-0.3340688,1.0,0.5474857,1.0,0.79035926,-1.0,-0.557113,-1.0,-0.50569004,0.51732785,-1.0,-0.37364715,1.0,0.34644204,-1.0,-0.1968645,-1.0,0.4244313,0.1456278,3.0527,2.0933,-3.0527,2.0933,-3.0527,2.0933,6.283,0.57,1.4997303,-0.274,0.12585196,-0.57,0.19979289,1.306297,-0.327,-0.21297888,1.71,1.1283194,-0.327,0.8186386,-0.20504288,1.079677,0.9304615
335,5.601999999999605,1.0,1.0,-1.0,1.0,-0.3339308,1.0,0.5480331,1.0,0.79078805,-1.0,-0.55704135,-1.0,-0.50557035,0.5175981,-1.0,-0.37373912,1.0,0.34637272,-1.0,-0.19686098,-1.0,0.4244808,0.14559866,3.0527,2.0933,-3.0527,2.0933,-3.0527,2.0933,6.283,0.57,1.5001605,-0.274,0.12592523,-0.57,0.19991294,1.3065784,-0.327,-0.2130313,1.71,1.1282471,-0.327,0.8186406,-0.20504288,1.0797247,0.93043125
336,5.617999999999603,1.0,1.0,-1.0,1.0,-0.3338449,1.0,0.54856795,1.0,0.7912346,-1.0,-0.5569683,-1.0,-0.505473,0.51786786,-1.0,-0.37387288,1.0,0.34629434,-1.0,-0.1968564,-1.0,0.4244995,0.14558534,3.0527,2.0933,-3.0527,2.0933,-3.0527,2.0933,6.283,0.57,1.5006083,-0.274,0.12599994,-0.57,0.20001057,1.3068594,-0.327,-0.21310754,1.71,1.1281656,-0.327,0.8186432,-0.20504288,1.0797426,0.93041736
337,5.635999999999601,1.0,1.0,-1.0,1.0,-0.33374768,1.0,0.54907024,1.0,0.79166853,-1.0,-0.55690396,-1.0,-0.50535834,0.5181555,-1.0,-0.37402418,1.0,0.34620756,-1.0,-0.19682457,-1.0,0.42452532,0.14553995,3.0527,2.0933,-3.0527,2.0933,-3.0527,2.0933,6.283,0.57,1.5010436,-0.274,0.1260657,-0.57,0.20012559,1.307159,-0.327,-0.21319379,1.71,1.1280751,-0.327,0.8186613,-0.20504288,1.0797675,0.9303701
338,5.6519999999996,1.0,1.0,-1.0,1.0,-0.33362153,1.0,0.5495528,1.0,0.7920789,-1.0,-0.55684274,-1.0,-0.505178,0.51848304,-1.0,-0.37416515,1.0,0.3461166,-1.0,-0.19675131,-1.0,0.42457694,0.14542554,3.0527,2.0933,-3.0527,2.0933,-3.0527,2.0933,6.283,0.57,1.5014552,-0.274,0.1261283,-0.57,0.20030649,1.3075001,-0.327,-0.21327414,1.71,1.1279805,-0.327,0.81870276,-0.20504288,1.079817,0.930251
339,5.667999999999598,1.0,1.0,-1.0,1.0,-0.3335309,1.0,0.55002636,1.0,0.7924709,-1.0,-0.55679536,-1.0,-0.50502205,0.51878184,-1.0,-0.37430143,1.0,0.34603265,-1.0,-0.1966591,-1.0,0.4246114,0.14535804,3.0527,2.0933,-3.0527,2.0933,-3.0527,2.0933,6.283,0.57,1.5018483,-0.274,0.12617674,-0.57,0.20046288,1.3078113,-0.327,-0.21335182,1.71,1.127893,-0.327,0.81875503,-0.20504288,1.0798502,0.9301807
340,5.685999999999596,1.0,1.0,-1.0,1.0,-0.3334257,1.0,0.5504402,1.0,0.79286736,-1.0,-0.55674255,-1.0,-0.50487393,0.5190814,-1.0,-0.37446126,1.0,0.34593776,-1.0,-0.19655378,-1.0,0.42464355,0.14528435,3.0527,2.0933,-3.0527,2.0933,-3.0527,2.0933,6.283,0.57,1.502246,-0.274,0.12623075,-0.57,0.20061144,1.3081234,-0.327,-0.21344292,1.71,1.1277941,-0.327,0.8188147,-0.20504288,1.0798811,0.930104
341,5.701999999999594,1.0,1.0,-1.0,1.0,-0.33329332,1.0,0.5508216,1.0,0.79326475,-1.0,-0.5566733,-1.0,-0.504685,0.5194049,-1.0,-0.37462193,1.0,0.34583575,-1.0,-0.19642176,-1.0,0.42469192,0.14516376,3.0527,2.0933,-3.0527,2.0933,-3.0527,2.0933,6.283,0.57,1.5026445,-0.274,0.12630156,-0.57,0.20080096,1.3084602,-0.327,-0.2135345,1.71,1.1276879,-0.327,0.8188895,-0.20504288,1.0799276,0.92997843
342,5.717999999999592,1.0,1.0,-1.0,1.0,-0.3331977,1.0,0.5512278,1.0,0.7936392,-1.0,-0.55660737,-1.0,-0.5045099,0.5196998,-1.0,-0.3747577,1.0,0.34574872,-1.0,-0.19629075,-1.0,0.42473444,0.14507812,3.0527,2.0933,-3.0527,2.0933,-3.0527,2.0933,6.283,0.57,1.50302,-0.274,0.12636897,-0.57,0.20097655,1.3087673,-0.327,-0.21361189,1.71,1.1275973,-0.327,0.8189637,-0.20504288,1.0799685,0.9298893
343,5.73599999999959,1.0,1.0,-1.0,1.0,-0.33307648,1.0,0.55160624,1.0,0.79399955,-1.0,-0.55653894,-1.0,-0.50433356,0.5199887,-1.0,-0.37489352,1.0,0.34566328,-1.0,-0.196158,-1.0,0.42478392,0.14498079,3.0527,2.0933,-3.0527,2.0933,-3.0527,2.0933,6.283,0.57,1.5033816,-0.274,0.12643893,-0.57,0.20115344,1.3090682,-0.327,-0.2136893,1.71,1.1275083,-0.327,0.8190389,-0.20504288,1.080016,0.929788
344,5.7519999999995886,1.0,1.0,-1.0,1.0,-0.33291805,1.0,0.5519656,1.0,0.7943497,-1.0,-0.556462,-1.0,-0.5041072,0.5203064,-1.0,-0.3750203,1.0,0.3455759,-1.0,-0.19599862,-1.0,0.42485532,0.14482962,3.0527,2.0933,-3.0527,2.0933,-3.0527,2.0933,6.283,0.57,1.5037327,-0.274,0.12651761,-0.57,0.2013805,1.3093991,-0.327,-0.21376157,1.71,1.1274173,-0.327,0.8191292,-0.20504288,1.0800847,0.9296306
345,5.767999999999587,1.0,1.0,-1.0,1.0,-0.33279765,1.0,0.5523405,1.0,0.79468894,-1.0,-0.55638915,-1.0,-0.50391203,0.52058595,-1.0,-0.37513524,1.0,0.3455008,-1.0,-0.19583608,-1.0,0.42490652,0.14473262,3.0527,2.0933,-3.0527,2.0933,-3.0527,2.0933,6.283,0.57,1.504073,-0.274,0.12659208,-0.57,0.20157623,1.3096902,-0.327,-0.21382709,1.71,1.1273391,-0.327,0.8192213,-0.20504288,1.0801339,0.9295296
346,5.785999999999585,1.0,1.0,-1.0,1.0,-0.33266565,1.0,0.55266935,1.0,0.7950398,-1.0,-0.5563045,-1.0,-0.5037372,0.5208519,-1.0,-0.37527308,1.0,0.3454189,-1.0,-0.19567396,-1.0,0.42494875,0.14464194,3.0527,2.0933,-3.0527,2.0933,-3.0527,2.0933,6.283,0.57,1.5044249,-0.274,0.12667863,-0.57,0.20175157,1.3099673,-0.327,-0.21390566,1.71,1.1272538,-0.327,0.8193132,-0.20504288,1.0801744,0.9294352
347,5.801999999999583,1.0,1.0,-1.0,1.0,-0.33251315,1.0,0.55297464,1.0,0.7954027,-1.0,-0.55620146,-1.0,-0.50352865,0.52114254,-1.0,-0.37541887,1.0,0.34532908,-1.0,-0.19548543,-1.0,0.42500135,0.14451042,3.0527,2.0933,-3.0527,2.0933,-3.0527,2.0933,6.283,0.57,1.5047889,-0.274,0.12678401,-0.57,0.20196076,1.31027,-0.327,-0.21398875,1.71,1.1271602,-0.327,0.81942004,-0.20504288,1.0802251,0.9292983
348,5.817999999999581,1.0,1.0,-1.0,1.0,-0.33239874,1.0,0.5532986,1.0,0.79577553,-1.0,-0.55609334,-1.0,-0.50336397,0.52139133,-1.0,-0.37556404,1.0,0.34524846,-1.0,-0.19528897,-1.0,0.42502525,0.14444797,3.0527,2.0933,-3.0527,2.0933,-3.0527,2.0933,6.283,0.57,1.5051628,-0.274,0.12689456,-0.57,0.20212594,1.3105291,-0.327,-0.2140715,1.71,1.1270763,-0.327,0.8195313,-0.20504288,1.080248,0.92923325
349,5.835999999999579,1.0,1.0,-1.0,1.0,-0.33227924,1.0,0.55360085,1.0,0.79615927,-1.0,-0.55597514,-1.0,-0.5032074,0.5216416,-1.0,-0.3757271,1.0,0.34516156,-1.0,-0.1950927,-1.0,0.42504922,0.14437851,3.0527,2.0933,-3.0527,2.0933,-3.0527,2.0933,6.283,0.57,1.5055478,-0.274,0.12701543,-0.57,0.202283,1.3107897,-0.327,-0.21416444,1.71,1.1269858,-0.327,0.81964254,-0.20504288,1.080271,0.92916095
350,5.8519999999995775,1.0,1.0,-1.0,1.0,-0.332117,1.0,0.55390215,1.0,0.7965497,-1.0,-0.5558496,-1.0,-0.5030177,0.52192074,-1.0,-0.37592545,1.0,0.3450663,-1.0,-0.19484766,-1.0,0.42506534,0.14425325,3.0527,2.0933,-3.0527,2.0933,-3.0527,2.0933,6.283,0.57,1.5059394,-0.274,0.12714377,-0.57,0.20247322,1.3110805,-0.327,-0.2142775,1.71,1.1268866,-0.327,0.8197814,-0.20504288,1.0802866,0.9290306
351,5.867999999999576,1.0,1.0,-1.0,1.0,-0.3319949,1.0,0.55421615,1.0,0.7969017,-1.0,-0.55575967,-1.0,-0.50282633,0.5222003,-1.0,-0.3761554,1.0,0.34497517,-1.0,-0.19459046,-1.0,0.42505255,0.14410096,3.0527,2.0933,-3.0527,2.0933,-3.0527,2.0933,6.283,0.57,1.5062925,-0.274,0.12723574,-0.57,0.2026652,1.3113716,-0.327,-0.21440858,1.71,1.1267916,-0.327,0.8199271,-0.20504288,1.0802742,0.92887205
352,5.885999999999574,1.0,1.0,-1.0,1.0,-0.33189213,1.0,0.55451995,1.0,0.79726267,-1.0,-0.55567616,-1.0,-0.50264096,0.52248955,-1.0,-0.3763628,1.0,0.3448822,-1.0,-0.19433858,-1.0,0.42506737,0.14398271,3.0527,2.0933,-3.0527,2.0933,-3.0527,2.0933,6.283,0.57,1.5066545,-0.274,0.12732112,-0.57,0.20285112,1.3116728,-0.327,-0.2145268,1.71,1.1266948,-0.327,0.82006985,-0.20504288,1.0802885,0.9287489
353,5.901999999999572,1.0,1.0,-1.0,1.0,-0.33177873,1.0,0.55481035,1.0,0.79763794,-1.0,-0.5555739,-1.0,-0.502432,0.5227945,-1.0,-0.3765627,1.0,0.34478533,-1.0,-0.19404687,-1.0,0.42509478,0.14384808,3.0527,2.0933,-3.0527,2.0933,-3.0527,2.0933,6.283,0.57,1.5070308,-0.274,0.1274257,-0.57,0.20306072,1.3119905,-0.327,-0.21464075,1.71,1.126594,-0.327,0.82023513,-0.20504288,1.0803149,0.9286088
354,5.91799999999957,1.0,1.0,-1.0,1.0,-0.3317019,1.0,0.55512,1.0,0.798041,-1.0,-0.55545336,-1.0,-0.5022842,0.5230438,-1.0,-0.37675488,1.0,0.34469876,-1.0,-0.19375898,-1.0,0.4250905,0.14380686,3.0527,2.0933,-3.0527,2.0933,-3.0527,2.0933,6.283,0.57,1.5074351,-0.274,0.12754893,-0.57,0.20320892,1.3122501,-0.327,-0.21475028,1.71,1.1265037,-0.327,0.8203983,-0.20504288,1.0803107,0.92856586
355,5.935999999999568,1.0,1.0,-1.0,1.0,-0.33160385,1.0,0.55540884,1.0,0.7984586,-1.0,-0.5553087,-1.0,-0.5021624,0.5232686,-1.0,-0.37695214,1.0,0.34461224,-1.0,-0.19350244,-1.0,0.42508644,0.14377709,3.0527,2.0933,-3.0527,2.0933,-3.0527,2.0933,6.283,0.57,1.507854,-0.274,0.12769686,-0.57,0.20333111,1.3124843,-0.327,-0.21486272,1.71,1.1264137,-0.327,0.8205436,-0.20504288,1.0803069,0.92853487
356,5.9519999999995665,1.0,1.0,-1.0,1.0,-0.3314824,1.0,0.5556929,1.0,0.7988918,-1.0,-0.5551432,-1.0,-0.5020153,0.523512,-1.0,-0.37715703,1.0,0.34452188,-1.0,-0.19322653,-1.0,0.42508757,0.14371353,3.0527,2.0933,-3.0527,2.0933,-3.0527,2.0933,6.283,0.57,1.5082885,-0.274,0.1278661,-0.57,0.20347866,1.3127377,-0.327,-0.21497951,1.71,1.1263195,-0.327,0.82069993,-0.20504288,1.080308,0.9284687
357,5.967999999999565,1.0,1.0,-1.0,1.0,-0.3314033,1.0,0.5560002,1.0,0.7993253,-1.0,-0.554982,-1.0,-0.50189936,0.5237228,-1.0,-0.3773604,1.0,0.34444028,-1.0,-0.19294514,-1.0,0.4250625,0.14370055,3.0527,2.0933,-3.0527,2.0933,-3.0527,2.0933,6.283,0.57,1.5087233,-0.274,0.1280309,-0.57,0.20359494,1.3129573,-0.327,-0.21509543,1.71,1.1262345,-0.327,0.8208594,-0.20504288,1.0802839,0.9284552
358,5.985999999999563,1.0,1.0,-1.0,1.0,-0.331321,1.0,0.55628765,1.0,0.79976404,-1.0,-0.5548192,-1.0,-0.5017908,0.5239368,-1.0,-0.37757272,1.0,0.3443546,-1.0,-0.19266899,-1.0,0.4250419,0.14368443,3.0527,2.0933,-3.0527,2.0933,-3.0527,2.0933,6.283,0.57,1.5091634,-0.274,0.12819734,-0.57,0.2037038,1.3131802,-0.327,-0.21521644,1.71,1.1261454,-0.327,0.82101583,-0.20504288,1.0802641,0.9284384
359,6.001999999999561,1.0,1.0,-1.0,1.0,-0.33121434,1.0,0.5565487,1.0,0.80022365,-1.0,-0.5546392,-1.0,-0.5016708,0.52416104,-1.0,-0.3778001,1.0,0.34426132,-1.0,-0.19236584,-1.0,0.42501965,0.14365347,3.0527,2.0933,-3.0527,2.0933,-3.0527,2.0933,6.283,0.57,1.5096244,-0.274,0.1283814,-0.57,0.2038242,1.3134137,-0.327,-0.21534607,1.71,1.1260482,-0.327,0.8211876,-0.20504288,1.0802426,0.9284062
360,6.017999999999559,1.0,1.0,-1.0,1.0,-0.3311557,1.0,0.5568236,1.0,0.80068994,-1.0,-0.55445725,-1.0,-0.501584,0.52435374,-1.0,-0.37802052,1.0,0.344174,-1.0,-0.19206668,-1.0,0.42497838,0.14367758,3.0527,2.0933,-3.0527,2.0933,-3.0527,2.0933,6.283,0.57,1.510092,-0.274,0.12856747,-0.57,0.20391126,1.3136144,-0.327,-0.2154717,1.71,1.1259573,-0.327,0.82135713,-0.20504288,1.0802029,0.9284313
361,6.035999999999557,1.0,1.0,-1.0,1.0,-0.3310906,1.0,0.557076,1.0,0.8011595,-1.0,-0.55427146,-1.0,-0.5015042,0.5245469,-1.0,-0.37825447,1.0,0.34408265,-1.0,-0.19176926,-1.0,0.42493773,0.14369391,3.0527,2.0933,-3.0527,2.0933,-3.0527,2.0933,6.283,0.57,1.510563,-0.274,0.12875743,-0.57,0.20399131,1.3138156,-0.327,-0.21560505,1.71,1.1258621,-0.327,0.82152563,-0.20504288,1.0801638,0.92844826
362,6.0519999999995555,1.0,1.0,-1.0,1.0,-0.3310027,1.0,0.55731094,1.0,0.8016376,-1.0,-0.5540748,-1.0,-0.5013972,0.5247617,-1.0,-0.37849575,1.0,0.34398586,-1.0,-0.19144799,-1.0,0.42490488,0.1436758,3.0527,2.0933,-3.0527,2.0933,-3.0527,2.0933,6.283,0.57,1.5110425,-0.274,0.1289585,-0.57,0.20409861,1.3140392,-0.327,-0.21574257,1.71,1.1257613,-0.327,0.8217077,-0.20504288,1.0801324,0.9284294
363,6.067999999999554,1.0,1.0,-1.0,1.0,-0.3309538,1.0,0.5575615,1.0,0.8021123,-1.0,-0.5538822,-1.0,-0.50131917,0.52494454,-1.0,-0.37872475,1.0,0.343898,-1.0,-0.19112857,-1.0,0.42485455,0.14371087,3.0527,2.0933,-3.0527,2.0933,-3.0527,2.0933,6.283,0.57,1.5115186,-0.274,0.12915547,-0.57,0.20417687,1.3142297,-0.327,-0.2158731,1.71,1.1256697,-0.327,0.8218887,-0.20504288,1.080084,0.9284659
364,6.085999999999552,1.0,1.0,-1.0,1.0,-0.33089516,1.0,0.55778825,1.0,0.8025832,-1.0,-0.5536895,-1.0,-0.50124276,0.52513045,-1.0,-0.37896258,1.0,0.3438065,-1.0,-0.19081451,-1.0,0.42480928,0.14373215,3.0527,2.0933,-3.0527,2.0933,-3.0527,2.0933,6.283,0.57,1.511991,-0.274,0.12935251,-0.57,0.20425351,1.3144233,-0.327,-0.21600866,1.71,1.1255745,-0.327,0.82206666,-0.20504288,1.0800405,0.9284881
365,6.10199999999955,1.0,1.0,-1.0,1.0,-0.33095363,1.0,0.5579183,1.0,0.80319524,-1.0,-0.55336183,-1.0,-0.5012658,0.5252097,-1.0,-0.3789672,1.0,0.34372944,-1.0,-0.19064136,-1.0,0.42487603,0.14406669,3.0527,2.0933,-3.0527,2.0933,-3.0527,2.0933,6.283,0.57,1.5126048,-0.274,0.12968753,-0.57,0.20423038,1.3145059,-0.327,-0.2160113,1.71,1.1254942,-0.327,0.8221648,-0.20504288,1.0801046,0.92883635
366,6.117999999999548,1.0,1.0,-1.0,1.0,-0.33087605,1.0,0.5580846,1.0,0.80384195,-1.0,-0.55296683,-1.0,-0.50137115,0.525177,-1.0,-0.37910092,1.0,0.3436597,-1.0,-0.19036575,-1.0,0.42478812,0.14440198,3.0527,2.0933,-3.0527,2.0933,-3.0527,2.0933,6.283,0.57,1.5132535,-0.274,0.13009141,-0.57,0.20412475,1.3144718,-0.327,-0.21608752,1.71,1.1254215,-0.327,0.82232094,-0.20504288,1.0800201,0.9291854
367,6.135999999999546,1.0,1.0,-1.0,1.0,-0.33078182,1.0,0.55817425,1.0,0.8045543,-1.0,-0.5525664,-1.0,-0.50149685,0.5251972,-1.0,-0.37939134,1.0,0.34354565,-1.0,-0.19013096,-1.0,0.4246468,0.14466263,3.0527,2.0933,-3.0527,2.0933,-3.0527,2.0933,6.283,0.57,1.513968,-0.274,0.13050085,-0.57,0.20399866,1.314493,-0.327,-0.21625307,1.71,1.1253028,-0.327,0.8224539,-0.20504288,1.0798842,0.9294568
368,6.1519999999995445,1.0,1.0,-1.0,1.0,-0.33068925,1.0,0.5582768,1.0,0.80524004,-1.0,-0.5522059,-1.0,-0.5015433,0.5252978,-1.0,-0.37971973,1.0,0.34341535,-1.0,-0.18983175,-1.0,0.42451987,0.14482118,3.0527,2.0933,-3.0527,2.0933,-3.0527,2.0933,6.283,0.57,1.5146557,-0.274,0.13086945,-0.57,0.20395209,1.3145977,-0.327,-0.21644025,1.71,1.1251671,-0.327,0.8226235,-0.20504288,1.0797622,0.9296218
369,6.167999999999543,1.0,1.0,-1.0,1.0,-0.33064106,1.0,0.5584098,1.0,0.8058683,-1.0,-0.55189383,-1.0,-0.50156486,0.52540696,-1.0,-0.3800299,1.0,0.3432925,-1.0,-0.18950738,-1.0,0.42439976,0.14497305,3.0527,2.0933,-3.0527,2.0933,-3.0527,2.0933,6.283,0.57,1.515286,-0.274,0.13118856,-0.57,0.20393045,1.3147113,-0.327,-0.21661703,1.71,1.1250391,-0.327,0.82280725,-0.20504288,1.0796467,0.92977995
370,6.185999999999541,1.0,1.0,-1.0,1.0,-0.33057576,1.0,0.55854017,1.0,0.80642784,-1.0,-0.5516219,-1.0,-0.50154006,0.52554536,-1.0,-0.3803188,1.0,0.34317464,-1.0,-0.18917622,-1.0,0.42431623,0.14506353,3.0527,2.0933,-3.0527,2.0933,-3.0527,2.0933,6.283,0.57,1.5158471,-0.274,0.1314666,-0.57,0.20395531,1.3148555,-0.327,-0.2167817,1.71,1.1249164,-0.327,0.82299495,-0.20504288,1.0795664,0.9298741
371,6.201999999999539,1.0,1.0,-1.0,1.0,-0.33047256,1.0,0.558637,1.0,0.8069407,-1.0,-0.55137,-1.0,-0.5014641,0.52571154,-1.0,-0.38059336,1.0,0.3430571,-1.0,-0.18882419,-1.0,0.42426062,0.14509578,3.0527,2.0933,-3.0527,2.0933,-3.0527,2.0933,6.283,0.57,1.5163615,-0.274,0.13172415,-0.57,0.20403148,1.3150285,-0.327,-0.21693821,1.71,1.124794,-0.327,0.8231944,-0.20504288,1.079513,0.9299077
372,6.217999999999537,1.0,1.0,-1.0,1.0,-0.3303897,1.0,0.55874693,1.0,0.8074127,-1.0,-0.5511384,-1.0,-0.50139266,0.52585787,-1.0,-0.38083246,1.0,0.34295404,-1.0,-0.188482,-1.0,0.42420796,0.1451524,3.0527,2.0933,-3.0527,2.0933,-3.0527,2.0933,6.283,0.57,1.516835,-0.274,0.13196099,-0.57,0.20410316,1.315181,-0.327,-0.2170745,1.71,1.1246866,-0.327,0.8233883,-0.20504288,1.0794623,0.9299666
373,6.235999999999535,1.0,1.0,-1.0,1.0,-0.3302897,1.0,0.5588541,1.0,0.80783504,-1.0,-0.5509285,-1.0,-0.5012915,0.5260243,-1.0,-0.3810487,1.0,0.34285808,-1.0,-0.18815441,-1.0,0.42418602,0.14516164,3.0527,2.0933,-3.0527,2.0933,-3.0527,2.0933,6.283,0.57,1.5172585,-0.274,0.13217564,-0.57,0.20420462,1.3153543,-0.327,-0.21719776,1.71,1.1245867,-0.327,0.8235739,-0.20504288,1.0794412,0.9299763
374,6.2519999999995335,1.0,1.0,-1.0,1.0,-0.3301538,1.0,0.55894345,1.0,0.80822235,-1.0,-0.55072963,-1.0,-0.50114346,0.5262177,-1.0,-0.38124567,1.0,0.34276533,-1.0,-0.18781365,-1.0,0.42418993,0.1451172,3.0527,2.0933,-3.0527,2.0933,-3.0527,2.0933,6.283,0.57,1.517647,-0.274,0.13237895,-0.57,0.20435311,1.3155557,-0.327,-0.21731003,1.71,1.1244901,-0.327,0.82376695,-0.20504288,1.079445,0.92993
375,6.267999999999532,1.0,1.0,-1.0,1.0,-0.329906,1.0,0.55913675,1.0,0.8084579,-1.0,-0.5506698,-1.0,-0.5008903,0.52650815,-1.0,-0.38164747,1.0,0.34266913,-1.0,-0.18731554,-1.0,0.42408258,0.14478146,3.0527,2.0933,-3.0527,2.0933,-3.0527,2.0933,6.283,0.57,1.5178833,-0.274,0.13244013,-0.57,0.20460701,1.3158582,-0.327,-0.21753906,1.71,1.1243899,-0.327,0.82404923,-0.20504288,1.0793418,0.92958045
376,6.28599999999953,1.0,1.0,-1.0,1.0,-0.32980612,1.0,0.5592729,1.0,0.8086547,-1.0,-0.5506753,-1.0,-0.500601,0.5268678,-1.0,-0.3819282,1.0,0.34257078,-1.0,-0.18693675,-1.0,0.42410553,0.14448942,3.0527,2.0933,-3.0527,2.0933,-3.0527,2.0933,6.283,0.57,1.5180807,-0.274,0.13243453,-0.57,0.20489721,1.3162328,-0.327,-0.21769908,1.71,1.1242875,-0.327,0.8242638,-0.20504288,1.0793638,0.9292764
377,6.301999999999528,1.0,1.0,-1.0,1.0,-0.32970017,1.0,0.55944043,1.0,0.8087895,-1.0,-0.5506785,-1.0,-0.5002558,0.52721924,-1.0,-0.38207284,1.0,0.34250334,-1.0,-0.18650968,-1.0,0.4242028,0.14420262,3.0527,2.0933,-3.0527,2.0933,-3.0527,2.0933,6.283,0.57,1.5182159,-0.274,0.13243124,-0.57,0.20524341,1.3165989,-0.327,-0.21778151,1.71,1.1242173,-0.327,0.8245058,-0.20504288,1.0794574,0.92897785
378,6.317999999999526,1.0,1.0,-1.0,1.0,-0.32960898,1.0,0.55962217,1.0,0.8089647,-1.0,-0.55063415,-1.0,-0.49999768,0.5274764,-1.0,-0.38215822,1.0,0.3424602,-1.0,-0.18613096,-1.0,0.4242798,0.1440586,3.0527,2.0933,-3.0527,2.0933,-3.0527,2.0933,6.283,0.57,1.5183916,-0.274,0.13247658,-0.57,0.20550233,1.3168666,-0.327,-0.21783018,1.71,1.1241723,-0.327,0.8247204,-0.20504288,1.0795314,0.92882794
379,6.335999999999524,1.0,1.0,-1.0,1.0,-0.3295045,1.0,0.5597633,1.0,0.8092158,-1.0,-0.55053216,-1.0,-0.49981546,0.5276877,-1.0,-0.38226655,1.0,0.34241015,-1.0,-0.1857924,-1.0,0.4243294,0.14398102,3.0527,2.0933,-3.0527,2.0933,-3.0527,2.0933,6.283,0.57,1.5186434,-0.274,0.13258086,-0.57,0.2056851,1.3170868,-0.327,-0.21789193,1.71,1.1241201,-0.327,0.82491225,-0.20504288,1.0795791,0.9287472
380,6.3519999999995225,1.0,1.0,-1.0,1.0,-0.3294508,1.0,0.55984306,1.0,0.8095646,-1.0,-0.5503361,-1.0,-0.49967918,0.5278556,-1.0,-0.38229713,1.0,0.34236056,-1.0,-0.18554099,-1.0,0.42441636,0.14400972,3.0527,2.0933,-3.0527,2.0933,-3.0527,2.0933,6.283,0.57,1.5189933,-0.274,0.13278131,-0.57,0.20582178,1.3172616,-0.327,-0.21790937,1.71,1.1240685,-0.327,0.8250547,-0.20504288,1.0796627,0.92877704
381,6.367999999999521,1.0,1.0,-1.0,1.0,-0.32941583,1.0,0.55997056,1.0,0.81008804,-1.0,-0.5500243,-1.0,-0.49970862,0.52789253,-1.0,-0.3823172,1.0,0.34231478,-1.0,-0.18528111,-1.0,0.424426,0.14430721,3.0527,2.0933,-3.0527,2.0933,-3.0527,2.0933,6.283,0.57,1.5195183,-0.274,0.13310018,-0.57,0.20579225,1.3173001,-0.327,-0.2179208,1.71,1.1240208,-0.327,0.8252019,-0.20504288,1.079672,0.92908674
382,6.385999999999519,1.0,1.0,-1.0,1.0,-0.3293224,1.0,0.560053,1.0,0.8106998,-1.0,-0.54966486,-1.0,-0.49979475,0.52791697,-1.0,-0.3825121,1.0,0.34223324,-1.0,-0.18500622,-1.0,0.42433375,0.14455023,3.0527,2.0933,-3.0527,2.0933,-3.0527,2.0933,6.283,0.57,1.520132,-0.274,0.13346769,-0.57,0.20570587,1.3173255,-0.327,-0.2180319,1.71,1.1239359,-0.327,0.8253577,-0.20504288,1.0795833,0.92933977
383,6.401999999999517,1.0,1.0,-1.0,1.0,-0.32924405,1.0,0.56013584,1.0,0.81138396,-1.0,-0.5493,-1.0,-0.49986735,0.52800494,-1.0,-0.38281944,1.0,0.34211707,-1.0,-0.1846961,-1.0,0.42420447,0.14473678,3.0527,2.0933,-3.0527,2.0933,-3.0527,2.0933,6.283,0.57,1.5208181,-0.274,0.13384074,-0.57,0.20563304,1.3174171,-0.327,-0.21820708,1.71,1.123815,-0.327,0.82553345,-0.20504288,1.079459,0.92953396
384,6.417999999999515,1.0,1.0,-1.0,1.0,-0.3291142,1.0,0.5603299,1.0,0.8119505,-1.0,-0.5490769,-1.0,-0.4998316,0.5282078,-1.0,-0.38334495,1.0,0.34198013,-1.0,-0.18420567,-1.0,0.4239723,0.14465444,3.0527,2.0933,-3.0527,2.0933,-3.0527,2.0933,6.283,0.57,1.5213864,-0.274,0.13406886,-0.57,0.20566891,1.3176284,-0.327,-0.21850662,1.71,1.1236722,-0.327,0.8258113,-0.20504288,1.0792358,0.92944825
385,6.435999999999513,1.0,1.0,-1.0,1.0,-0.32912114,1.0,0.56049436,1.0,0.81245863,-1.0,-0.54893315,-1.0,-0.49973384,0.52849114,-1.0,-0.38377112,1.0,0.3418378,-1.0,-0.18379255,-1.0,0.4238646,0.14457814,3.0527,2.0933,-3.0527,2.0933,-3.0527,2.0933,6.283,0.57,1.521896,-0.274,0.13421586,-0.57,0.20576696,1.3179235,-0.327,-0.21874954,1.71,1.1235241,-0.327,0.8260454,-0.20504288,1.0791322,0.9293688
386,6.4519999999995115,1.0,1.0,-1.0,1.0,-0.32914865,1.0,0.56067264,1.0,0.81289124,-1.0,-0.54879385,-1.0,-0.49957433,0.5287633,-1.0,-0.3840372,1.0,0.3417259,-1.0,-0.18335517,-1.0,0.42385298,0.14451669,3.0527,2.0933,-3.0527,2.0933,-3.0527,2.0933,6.283,0.57,1.5223299,-0.274,0.13435829,-0.57,0.20592694,1.318207,-0.327,-0.2189012,1.71,1.1234075,-0.327,0.82629323,-0.20504288,1.0791211,0.92930484
387,6.46799999999951,1.0,1.0,-1.0,1.0,-0.32913846,1.0,0.56087875,1.0,0.8133492,-1.0,-0.548613,-1.0,-0.49949482,0.52894014,-1.0,-0.38425642,1.0,0.3416367,-1.0,-0.1829281,-1.0,0.4238143,0.14459063,3.0527,2.0933,-3.0527,2.0933,-3.0527,2.0933,6.283,0.57,1.5227892,-0.274,0.1345432,-0.57,0.20600669,1.3183912,-0.327,-0.21902616,1.71,1.1233146,-0.327,0.82653517,-0.20504288,1.0790839,0.9293818
388,6.485999999999508,1.0,1.0,-1.0,1.0,-0.32908472,1.0,0.5610384,1.0,0.81376284,-1.0,-0.5484466,-1.0,-0.49939784,0.5291305,-1.0,-0.38454545,1.0,0.34154096,-1.0,-0.18252982,-1.0,0.4237516,0.14454408,3.0527,2.0933,-3.0527,2.0933,-3.0527,2.0933,6.283,0.57,1.5232041,-0.274,0.13471335,-0.57,0.20610397,1.3185894,-0.327,-0.21919091,1.71,1.123215,-0.327,0.8267609,-0.20504288,1.0790236,0.9293333
389,6.501999999999506,1.0,1.0,-1.0,1.0,-0.32904285,1.0,0.56118673,1.0,0.8141749,-1.0,-0.54828215,-1.0,-0.49926552,0.52935714,-1.0,-0.38480383,1.0,0.34144467,-1.0,-0.18214919,-1.0,0.4237275,0.14447877,3.0527,2.0933,-3.0527,2.0933,-3.0527,2.0933,6.283,0.57,1.5236174,-0.274,0.13488151,-0.57,0.20623668,1.3188255,-0.327,-0.21933818,1.71,1.1231146,-0.327,0.82697654,-0.20504288,1.0790005,0.9292653
390,6.517999999999504,1.0,1.0,-1.0,1.0,-0.32907972,1.0,0.56132483,1.0,0.814618,-1.0,-0.5480741,-1.0,-0.49919844,0.5295002,-1.0,-0.38494143,1.0,0.34136975,-1.0,-0.18182553,-1.0,0.4237308,0.14458658,3.0527,2.0933,-3.0527,2.0933,-3.0527,2.0933,6.283,0.57,1.5240618,-0.274,0.13509421,-0.57,0.20630397,1.3189745,-0.327,-0.21941662,1.71,1.1230366,-0.327,0.82715994,-0.20504288,1.0790036,0.92937756
391,6.535999999999502,1.0,1.0,-1.0,1.0,-0.32905886,1.0,0.5614427,1.0,0.8151023,-1.0,-0.5478296,-1.0,-0.49917123,0.52961534,-1.0,-0.3851363,1.0,0.34128684,-1.0,-0.1814741,-1.0,0.4236868,0.14469878,3.0527,2.0933,-3.0527,2.0933,-3.0527,2.0933,6.283,0.57,1.5245476,-0.274,0.1353442,-0.57,0.20633125,1.3190944,-0.327,-0.21952769,1.71,1.1229502,-0.327,0.827359,-0.20504288,1.0789613,0.9294944
392,6.5519999999995004,1.0,1.0,-1.0,1.0,-0.32902667,1.0,0.5615115,1.0,0.815652,-1.0,-0.547557,-1.0,-0.49915296,0.52975863,-1.0,-0.38541293,1.0,0.34117702,-1.0,-0.18111016,-1.0,0.42361078,0.14477998,3.0527,2.0933,-3.0527,2.0933,-3.0527,2.0933,6.283,0.57,1.5250989,-0.274,0.13562298,-0.57,0.20634958,1.3192437,-0.327,-0.21968538,1.71,1.1228359,-0.327,0.82756525,-0.20504288,1.0788882,0.9295789
393,6.567999999999499,1.0,1.0,-1.0,1.0,-0.32903424,1.0,0.5616052,1.0,0.8162103,-1.0,-0.5472873,-1.0,-0.49915162,0.529888,-1.0,-0.3856938,1.0,0.3410689,-1.0,-0.18074478,-1.0,0.42351496,0.14489335,3.0527,2.0933,-3.0527,2.0933,-3.0527,2.0933,6.283,0.57,1.525659,-0.274,0.13589875,-0.57,0.20635092,1.3193784,-0.327,-0.21984546,1.71,1.1227232,-0.327,0.8277723,-0.20504288,1.0787961,0.9296969
394,6.585999999999497,1.0,1.0,-1.0,1.0,-0.32903004,1.0,0.561698,1.0,0.8167572,-1.0,-0.54702896,-1.0,-0.49913862,0.53003186,-1.0,-0.38598377,1.0,0.3409572,-1.0,-0.1803763,-1.0,0.4234291,0.14498225,3.0527,2.0933,-3.0527,2.0933,-3.0527,2.0933,6.283,0.57,1.5262074,-0.274,0.13616289,-0.57,0.20636396,1.3195282,-0.327,-0.22001074,1.71,1.1226069,-0.327,0.82798105,-0.20504288,1.0787135,0.9297895
395,6.601999999999495,1.0,1.0,-1.0,1.0,-0.3289995,1.0,0.56178474,1.0,0.817292,-1.0,-0.546778,-1.0,-0.4990774,0.53021836,-1.0,-0.3862753,1.0,0.34083956,-1.0,-0.17998107,-1.0,0.4233678,0.14501418,3.0527,2.0933,-3.0527,2.0933,-3.0527,2.0933,6.283,0.57,1.5267439,-0.274,0.13641948,-0.57,0.20642535,1.3197224,-0.327,-0.22017692,1.71,1.1224844,-0.327,0.82820505,-0.20504288,1.0786546,0.92982274
396,6.617999999999493,1.0,1.0,-1.0,1.0,-0.32899487,1.0,0.5618957,1.0,0.81780875,-1.0,-0.5465406,-1.0,-0.49902967,0.53038067,-1.0,-0.3865423,1.0,0.34073198,-1.0,-0.17958875,-1.0,0.42329895,0.14508657,3.0527,2.0933,-3.0527,2.0933,-3.0527,2.0933,6.283,0.57,1.5272622,-0.274,0.13666221,-0.57,0.20647325,1.3198915,-0.327,-0.2203291,1.71,1.1223724,-0.327,0.8284273,-0.20504288,1.0785885,0.9298981
397,6.635999999999491,1.0,1.0,-1.0,1.0,-0.32898134,1.0,0.5619992,1.0,0.8183027,-1.0,-0.5463148,-1.0,-0.49897203,0.5305504,-1.0,-0.38680214,1.0,0.34062517,-1.0,-0.17920943,-1.0,0.4232462,0.14513545,3.0527,2.0933,-3.0527,2.0933,-3.0527,2.0933,6.283,0.57,1.5277576,-0.274,0.13689314,-0.57,0.20653106,1.3200682,-0.327,-0.22047722,1.71,1.1222612,-0.327,0.82864225,-0.20504288,1.0785377,0.929949
398,6.651999999999489,1.0,1.0,-1.0,1.0,-0.32894316,1.0,0.5620885,1.0,0.81878376,-1.0,-0.54608953,-1.0,-0.4988806,0.5307454,-1.0,-0.38705266,1.0,0.34051678,-1.0,-0.1788186,-1.0,0.42321444,0.14514378,3.0527,2.0933,-3.0527,2.0933,-3.0527,2.0933,6.283,0.57,1.5282401,-0.274,0.13712345,-0.57,0.20662276,1.3202714,-0.327,-0.22062,1.71,1.1221483,-0.327,0.8288637,-0.20504288,1.0785072,0.9299576
399,6.667999999999488,1.0,1.0,-1.0,1.0,-0.32893458,1.0,0.5622124,1.0,0.81922615,-1.0,-0.54588187,-1.0,-0.49878785,0.5309179,-1.0,-0.38726515,1.0,0.34042588,-1.0,-0.17843916,-1.0,0.42318076,0.14516924,3.0527,2.0933,-3.0527,2.0933,-3.0527,2.0933,6.283,0.57,1.5286838,-0.274,0.13733579,-0.57,0.20671579,1.320451,-0.327,-0.22074114,1.71,1.1220535,-0.327,0.8290787,-0.20504288,1.0784749,0.92998415
400,6.685999999999486,1.0,1.0,-1.0,1.0,-0.32889816,1.0,0.56231695,1.0,0.8196446,-1.0,-0.5456875,-1.0,-0.4986911,0.53108937,-1.0,-0.38747695,1.0,0.34033793,-1.0,-0.17807074,-1.0,0.4231535,0.14517981,3.0527,2.0933,-3.0527,2.0933,-3.0527,2.0933,6.283,0.57,1.5291035,-0.274,0.13753453,-0.57,0.20681281,1.3206296,-0.327,-0.22086187,1.71,1.121962,-0.327,0.82928747,-0.20504288,1.0784487,0.9299952
401,6.701999999999484,1.0,1.0,-1.0,1.0,-0.3288381,1.0,0.56238496,1.0,0.82006615,-1.0,-0.54548967,-1.0,-0.49856895,0.53128636,-1.0,-0.38770354,1.0,0.34024096,-1.0,-0.17768832,-1.0,0.42313492,0.1451525,3.0527,2.0933,-3.0527,2.0933,-3.0527,2.0933,6.283,0.57,1.5295264,-0.274,0.13773681,-0.57,0.20693535,1.3208348,-0.327,-0.22099102,1.71,1.121861,-0.327,0.82950413,-0.20504288,1.0784308,0.92996675
402,6.719999999999482,1.0,1.0,-1.0,1.0,-0.32880822,1.0,0.5624778,1.0,0.8204824,-1.0,-0.54529303,-1.0,-0.49846467,0.53145546,-1.0,-0.38790834,1.0,0.34015435,-1.0,-0.17731579,-1.0,0.4231049,0.14516814,3.0527,2.0933,-3.0527,2.0933,-3.0527,2.0933,6.283,0.57,1.5299438,-0.274,0.13793787,-0.57,0.20703994,1.3210108,-0.327,-0.22110775,1.71,1.1217707,-0.327,0.8297152,-0.20504288,1.0784019,0.929983
403,6.73599999999948,1.0,1.0,-1.0,1.0,-0.32872385,1.0,0.5625615,1.0,0.82087445,-1.0,-0.5450959,-1.0,-0.49832204,0.5316462,-1.0,-0.38810238,1.0,0.3400694,-1.0,-0.17695995,-1.0,0.42311195,0.14512466,3.0527,2.0933,-3.0527,2.0933,-3.0527,2.0933,6.283,0.57,1.5303371,-0.274,0.13813943,-0.57,0.20718299,1.3212095,-0.327,-0.22121836,1.71,1.1216823,-0.327,0.82991683,-0.20504288,1.0784087,0.9299378
404,6.751999999999478,1.0,1.0,-1.0,1.0,-0.3286742,1.0,0.56265926,1.0,0.8212737,-1.0,-0.54489994,-1.0,-0.49821404,0.53180104,-1.0,-0.38828743,1.0,0.33999145,-1.0,-0.17659594,-1.0,0.42308855,0.1451453,3.0527,2.0933,-3.0527,2.0933,-3.0527,2.0933,6.283,0.57,1.5307375,-0.274,0.13833982,-0.57,0.20729132,1.3213708,-0.327,-0.22132383,1.71,1.1216011,-0.327,0.83012307,-0.20504288,1.0783862,0.92995924
405,6.769999999999476,1.0,1.0,-1.0,1.0,-0.3286204,1.0,0.56272435,1.0,0.82169914,-1.0,-0.54469717,-1.0,-0.49812585,0.5319608,-1.0,-0.38850504,1.0,0.3399006,-1.0,-0.1762364,-1.0,0.4230567,0.14517018,3.0527,2.0933,-3.0527,2.0933,-3.0527,2.0933,6.283,0.57,1.5311643,-0.274,0.13854715,-0.57,0.20737977,1.3215371,-0.327,-0.22144787,1.71,1.1215065,-0.327,0.8303268,-0.20504288,1.0783556,0.92998517
406,6.785999999999475,1.0,1.0,-1.0,1.0,-0.32855934,1.0,0.5627641,1.0,0.8221619,-1.0,-0.54447794,-1.0,-0.4980279,0.53214973,-1.0,-0.38875508,1.0,0.33979404,-1.0,-0.17585094,-1.0,0.42302322,0.1451746,3.0527,2.0933,-3.0527,2.0933,-3.0527,2.0933,6.283,0.57,1.5316284,-0.274,0.13877131,-0.57,0.20747803,1.321734,-0.327,-0.2215904,1.71,1.1213955,-0.327,0.83054525,-0.20504288,1.0783234,0.92998976
407,6.801999999999473,1.0,1.0,-1.0,1.0,-0.32853013,1.0,0.5628256,1.0,0.82264304,-1.0,-0.5442505,-1.0,-0.4979653,0.53230804,-1.0,-0.38899353,1.0,0.33969295,-1.0,-0.17546923,-1.0,0.4229706,0.14524274,3.0527,2.0933,-3.0527,2.0933,-3.0527,2.0933,6.283,0.57,1.5321109,-0.274,0.13900387,-0.57,0.2075408,1.3218988,-0.327,-0.22172631,1.71,1.1212902,-0.327,0.8307615,-0.20504288,1.0782728,0.9300607
408,6.819999999999471,1.0,1.0,-1.0,1.0,-0.32848248,1.0,0.5628686,1.0,0.8230805,-1.0,-0.54403245,-1.0,-0.49788395,0.5324754,-1.0,-0.38918954,1.0,0.33960092,-1.0,-0.17513247,-1.0,0.42296183,0.14528343,3.0527,2.0933,-3.0527,2.0933,-3.0527,2.0933,6.283,0.57,1.5325497,-0.274,0.13922681,-0.57,0.20762241,1.3220731,-0.327,-0.22183804,1.71,1.1211944,-0.327,0.8309523,-0.20504288,1.0782644,0.93010306
409,6.835999999999469,1.0,1.0,-1.0,1.0,-0.32839036,1.0,0.56294644,1.0,0.82347053,-1.0,-0.54383713,-1.0,-0.49773583,0.5326902,-1.0,-0.3893422,1.0,0.33951962,-1.0,-0.17477025,-1.0,0.42299616,0.14525397,3.0527,2.0933,-3.0527,2.0933,-3.0527,2.0933,6.283,0.57,1.532941,-0.274,0.13942653,-0.57,0.20777096,1.3222969,-0.327,-0.22192505,1.71,1.1211097,-0.327,0.83115757,-0.20504288,1.0782974,0.93007237
410,6.851999999999467,1.0,1.0,-1.0,1.0,-0.32831782,1.0,0.56306636,1.0,0.82381994,-1.0,-0.54367507,-1.0,-0.49758837,0.532884,-1.0,-0.38946322,1.0,0.33945557,-1.0,-0.17440511,-1.0,0.42302075,0.14525053,3.0527,2.0933,-3.0527,2.0933,-3.0527,2.0933,6.283,0.57,1.5332913,-0.274,0.13959225,-0.57,0.20791887,1.3224987,-0.327,-0.22199403,1.71,1.121043,-0.327,0.83136445,-0.20504288,1.078321,0.9300688
411,6.869999999999465,1.0,1.0,-1.0,1.0,-0.32823563,1.0,0.5631511,1.0,0.8241731,-1.0,-0.5435231,-1.0,-0.49745706,0.5330749,-1.0,-0.38961872,1.0,0.33938286,-1.0,-0.17404552,-1.0,0.4230311,0.14524582,3.0527,2.0933,-3.0527,2.0933,-3.0527,2.0933,6.283,0.57,1.5336456,-0.274,0.13974766,-0.57,0.20805058,1.3226975,-0.327,-0.22208267,1.71,1.1209673,-0.327,0.8315682,-0.20504288,1.078331,0.9300639
412,6.885999999999464,1.0,1.0,-1.0,1.0,-0.32816604,1.0,0.5631887,1.0,0.824577,-1.0,-0.543351,-1.0,-0.4973295,0.5332838,-1.0,-0.38983357,1.0,0.33928698,-1.0,-0.17366429,-1.0,0.4230201,0.14522773,3.0527,2.0933,-3.0527,2.0933,-3.0527,2.0933,6.283,0.57,1.5340507,-0.274,0.1399236,-0.57,0.2081785,1.3229151,-0.327,-0.22220513,1.71,1.1208674,-0.327,0.8317842,-0.20504288,1.0783204,0.93004507
413,6.901999999999462,1.0,1.0,-1.0,1.0,-0.32815138,1.0,0.56324023,1.0,0.825037,-1.0,-0.543154,-1.0,-0.49725935,0.5334528,-1.0,-0.39007393,1.0,0.33918616,-1.0,-0.17327704,-1.0,0.4229638,0.14528976,3.0527,2.0933,-3.0527,2.0933,-3.0527,2.0933,6.283,0.57,1.5345122,-0.274,0.14012504,-0.57,0.20824887,1.3230911,-0.327,-0.22234213,1.71,1.1207623,-0.327,0.83200365,-0.20504288,1.0782663,0.9301096
414,6.91999999999946,1.0,1.0,-1.0,1.0,-0.3281454,1.0,0.56327635,1.0,0.8255519,-1.0,-0.542935,-1.0,-0.49722233,0.5336208,-1.0,-0.39036575,1.0,0.33906788,-1.0,-0.17288674,-1.0,0.4228863,0.14537014,3.0527,2.0933,-3.0527,2.0933,-3.0527,2.0933,6.283,0.57,1.5350286,-0.274,0.14034894,-0.57,0.208286,1.323266,-0.327,-0.22250848,1.71,1.1206392,-0.327,0.8322248,-0.20504288,1.0781918,0.9301933
415,6.935999999999458,1.0,1.0,-1.0,1.0,-0.32814735,1.0,0.5632992,1.0,0.8261353,-1.0,-0.5426893,-1.0,-0.49719045,0.5338158,-1.0,-0.3907153,1.0,0.33892667,-1.0,-0.172457,-1.0,0.42279,0.14544474,3.0527,2.0933,-3.0527,2.0933,-3.0527,2.0933,6.283,0.57,1.5356137,-0.274,0.14060016,-0.57,0.20831798,1.3234692,-0.327,-0.22270772,1.71,1.1204921,-0.327,0.8324683,-0.20504288,1.0780991,0.93027097
416,6.951999999999456,1.0,1.0,-1.0,1.0,-0.32818282,1.0,0.5633553,1.0,0.826758,-1.0,-0.5424212,-1.0,-0.49721047,0.5339648,-1.0,-0.3910661,1.0,0.33878857,-1.0,-0.17203285,-1.0,0.42266345,0.14559893,3.0527,2.0933,-3.0527,2.0933,-3.0527,2.0933,6.283,0.57,1.5362383,-0.274,0.1408743,-0.57,0.2082979,1.3236244,-0.327,-0.22290768,1.71,1.1203483,-0.327,0.8327086,-0.20504288,1.0779775,0.9304315
417,6.969999999999454,1.0,1.0,-1.0,1.0,-0.32820457,1.0,0.5634261,1.0,0.8273827,-1.0,-0.5421498,-1.0,-0.49723127,0.5341186,-1.0,-0.39142206,1.0,0.33864868,-1.0,-0.17162229,-1.0,0.4225477,0.14573857,3.0527,2.0933,-3.0527,2.0933,-3.0527,2.0933,6.283,0.57,1.5368649,-0.274,0.14115185,-0.57,0.20827703,1.3237845,-0.327,-0.22311057,1.71,1.1202025,-0.327,0.83294123,-0.20504288,1.0778662,0.93057686
418,6.985999999999453,1.0,1.0,-1.0,1.0,-0.32819608,1.0,0.5635177,1.0,0.827994,-1.0,-0.5418823,-1.0,-0.49721214,0.5343036,-1.0,-0.39176866,1.0,0.33850968,-1.0,-0.17119552,-1.0,0.42245704,0.14583187,3.0527,2.0933,-3.0527,2.0933,-3.0527,2.0933,6.283,0.57,1.537478,-0.274,0.14142537,-0.57,0.20829622,1.3239772,-0.327,-0.22330815,1.71,1.1200578,-0.327,0.83318305,-0.20504288,1.077779,0.930674
419,7.001999999999451,1.0,1.0,-1.0,1.0,-0.32819676,1.0,0.56364805,1.0,0.8285624,-1.0,-0.54163027,-1.0,-0.49719587,0.5344559,-1.0,-0.3920625,1.0,0.33839136,-1.0,-0.17079134,-1.0,0.4223745,0.14595515,3.0527,2.0933,-3.0527,2.0933,-3.0527,2.0933,6.283,0.57,1.538048,-0.274,0.14168306,-0.57,0.20831254,1.3241358,-0.327,-0.22347562,1.71,1.1199346,-0.327,0.83341205,-0.20504288,1.0776997,0.93080235
420,7.019999999999449,1.0,1.0,-1.0,1.0,-0.32810444,1.0,0.5638398,1.0,0.8290154,-1.0,-0.5414478,-1.0,-0.49710885,0.53464484,-1.0,-0.39236918,1.0,0.33828896,-1.0,-0.1703703,-1.0,0.42230675,0.14594291,3.0527,2.0933,-3.0527,2.0933,-3.0527,2.0933,6.283,0.57,1.5385025,-0.274,0.1418696,-0.57,0.20839983,1.3243326,-0.327,-0.22365043,1.71,1.119828,-0.327,0.83365065,-0.20504288,1.0776346,0.9307896
421,7.035999999999447,1.0,1.0,-1.0,1.0,-0.32802904,1.0,0.5640347,1.0,0.829334,-1.0,-0.54134,-1.0,-0.49689135,0.5349239,-1.0,-0.3925844,1.0,0.33820271,-1.0,-0.16998483,-1.0,0.42234445,0.14579092,3.0527,2.0933,-3.0527,2.0933,-3.0527,2.0933,6.283,0.57,1.538822,-0.274,0.14197986,-0.57,0.20861797,1.3246232,-0.327,-0.22377312,1.71,1.1197381,-0.327,0.83386904,-0.20504288,1.0776708,0.93063134
422,7.051999999999445,1.0,1.0,-1.0,1.0,-0.32799286,1.0,0.5642195,1.0,0.8295994,-1.0,-0.54125273,-1.0,-0.4966964,0.53513867,-1.0,-0.39269692,1.0,0.3381477,-1.0,-0.16961308,-1.0,0.42239383,0.14573629,3.0527,2.0933,-3.0527,2.0933,-3.0527,2.0933,6.283,0.57,1.5390881,-0.274,0.14206909,-0.57,0.2088135,1.3248469,-0.327,-0.22383724,1.71,1.1196809,-0.327,0.8340797,-0.20504288,1.0777183,0.9305745
423,7.069999999999443,1.0,1.0,-1.0,1.0,-0.32796648,1.0,0.56433153,1.0,0.82991624,-1.0,-0.5411079,-1.0,-0.49656364,0.5353016,-1.0,-0.39274728,1.0,0.33809268,-1.0,-0.16930719,-1.0,0.4224703,0.14579348,3.0527,2.0933,-3.0527,2.0933,-3.0527,2.0933,6.283,0.57,1.539406,-0.274,0.14221717,-0.57,0.20894666,1.3250166,-0.327,-0.22386596,1.71,1.1196235,-0.327,0.834253,-0.20504288,1.0777918,0.930634
424,7.085999999999442,1.0,1.0,-1.0,1.0,-0.3279012,1.0,0.5644183,1.0,0.8302502,-1.0,-0.5409384,-1.0,-0.4964181,0.5354783,-1.0,-0.39285064,1.0,0.3380295,-1.0,-0.1689653,-1.0,0.42251503,0.14578274,3.0527,2.0933,-3.0527,2.0933,-3.0527,2.0933,6.283,0.57,1.5397409,-0.274,0.1423905,-0.57,0.20909266,1.3252007,-0.327,-0.22392486,1.71,1.1195577,-0.327,0.8344467,-0.20504288,1.0778348,0.9306229
425,7.10199999999944,1.0,1.0,-1.0,1.0,-0.32786003,1.0,0.5645,1.0,0.83062756,-1.0,-0.5407606,-1.0,-0.496318,0.53563094,-1.0,-0.39299548,1.0,0.3379622,-1.0,-0.16862775,-1.0,0.42250508,0.14582558,3.0527,2.0933,-3.0527,2.0933,-3.0527,2.0933,6.283,0.57,1.5401194,-0.274,0.14257231,-0.57,0.20919304,1.3253596,-0.327,-0.22400743,1.71,1.1194876,-0.327,0.834638,-0.20504288,1.0778253,0.93066746
426,7.119999999999438,1.0,1.0,-1.0,1.0,-0.3278343,1.0,0.56453645,1.0,0.83105934,-1.0,-0.5405762,-1.0,-0.49624488,0.535799,-1.0,-0.39321262,1.0,0.3378699,-1.0,-0.16827442,-1.0,0.42246422,0.14587624,3.0527,2.0933,-3.0527,2.0933,-3.0527,2.0933,6.283,0.57,1.5405525,-0.274,0.14276081,-0.57,0.2092664,1.3255347,-0.327,-0.2241312,1.71,1.1193916,-0.327,0.8348382,-0.20504288,1.077786,0.9307202
427,7.135999999999436,1.0,1.0,-1.0,1.0,-0.32783225,1.0,0.5645272,1.0,0.83158094,-1.0,-0.5403619,-1.0,-0.49618647,0.53599817,-1.0,-0.393514,1.0,0.3377445,-1.0,-0.16787113,-1.0,0.42239004,0.14592953,3.0527,2.0933,-3.0527,2.0933,-3.0527,2.0933,6.283,0.57,1.5410757,-0.274,0.14297998,-0.57,0.20932497,1.3257421,-0.327,-0.22430298,1.71,1.1192609,-0.327,0.8350667,-0.20504288,1.0777147,0.93077564
428,7.151999999999434,1.0,1.0,-1.0,1.0,-0.32787117,1.0,0.5645501,1.0,0.8321558,-1.0,-0.54011786,-1.0,-0.49617884,0.5361574,-1.0,-0.3938236,1.0,0.33761838,-1.0,-0.16746809,-1.0,0.42228436,0.14605947,3.0527,2.0933,-3.0527,2.0933,-3.0527,2.0933,6.283,0.57,1.5416523,-0.274,0.14322948,-0.57,0.20933263,1.325908,-0.327,-0.22447945,1.71,1.1191295,-0.327,0.8352951,-0.20504288,1.0776131,0.93091094
429,7.169999999999432,1.0,1.0,-1.0,1.0,-0.32786328,1.0,0.564633,1.0,0.832682,-1.0,-0.539881,-1.0,-0.49614066,0.5363157,-1.0,-0.39407897,1.0,0.33751085,-1.0,-0.16710807,-1.0,0.42223012,0.14615206,3.0527,2.0933,-3.0527,2.0933,-3.0527,2.0933,6.283,0.57,1.5421801,-0.274,0.14347169,-0.57,0.20937093,1.3260728,-0.327,-0.224625,1.71,1.1190176,-0.327,0.83549905,-0.20504288,1.0775609,0.9310073
430,7.185999999999431,1.0,1.0,-1.0,1.0,-0.32780075,1.0,0.56477284,1.0,0.8331281,-1.0,-0.53970224,-1.0,-0.49601135,0.5365434,-1.0,-0.39434624,1.0,0.33740973,-1.0,-0.1666906,-1.0,0.42219636,0.1461127,3.0527,2.0933,-3.0527,2.0933,-3.0527,2.0933,6.283,0.57,1.5426275,-0.274,0.14365447,-0.57,0.20950063,1.32631,-0.327,-0.22477736,1.71,1.1189122,-0.327,0.8357356,-0.20504288,1.0775285,0.9309664
431,7.201999999999429,1.0,1.0,-1.0,1.0,-0.32776976,1.0,0.56488985,1.0,0.8334824,-1.0,-0.5395703,-1.0,-0.49586242,0.5367547,-1.0,-0.39452544,1.0,0.33733302,-1.0,-0.16633023,-1.0,0.42220297,0.14608733,3.0527,2.0933,-3.0527,2.0933,-3.0527,2.0933,6.283,0.57,1.5429828,-0.274,0.1437894,-0.57,0.20965,1.3265301,-0.327,-0.2248795,1.71,1.1188323,-0.327,0.8359398,-0.20504288,1.0775348,0.93094
432,7.219999999999427,1.0,1.0,-1.0,1.0,-0.32771635,1.0,0.56498617,1.0,0.8338076,-1.0,-0.53945583,-1.0,-0.4957118,0.5369647,-1.0,-0.39466977,1.0,0.3372623,-1.0,-0.16597088,-1.0,0.4222325,0.14607225,3.0527,2.0933,-3.0527,2.0933,-3.0527,2.0933,6.283,0.57,1.543309,-0.274,0.14390641,-0.57,0.20980106,1.3267487,-0.327,-0.22496177,1.71,1.1187587,-0.327,0.83614343,-0.20504288,1.0775632,0.93092424
433,7.235999999999425,1.0,1.0,-1.0,1.0,-0.32765642,1.0,0.5650262,1.0,0.8341725,-1.0,-0.53931725,-1.0,-0.49557194,0.5371815,-1.0,-0.39484406,1.0,0.33717665,-1.0,-0.16559912,-1.0,0.42225417,0.14605956,3.0527,2.0933,-3.0527,2.0933,-3.0527,2.0933,6.283,0.57,1.543675,-0.274,0.14404811,-0.57,0.20994134,1.3269745,-0.327,-0.22506112,1.71,1.1186695,-0.327,0.8363541,-0.20504288,1.077584,0.930911
434,7.251999999999423,1.0,1.0,-1.0,1.0,-0.32763994,1.0,0.56507796,1.0,0.8345909,-1.0,-0.5391424,-1.0,-0.49549025,0.5373518,-1.0,-0.3950221,1.0,0.3370906,-1.0,-0.16523649,-1.0,0.42224115,0.1461301,3.0527,2.0933,-3.0527,2.0933,-3.0527,2.0933,6.283,0.57,1.5440947,-0.274,0.14422692,-0.57,0.21002327,1.3271519,-0.327,-0.2251626,1.71,1.1185799,-0.327,0.83655953,-0.20504288,1.0775715,0.9309845
435,7.269999999999421,1.0,1.0,-1.0,1.0,-0.32761773,1.0,0.5651275,1.0,0.8350439,-1.0,-0.53894943,-1.0,-0.49543065,0.53752077,-1.0,-0.39523903,1.0,0.3369944,-1.0,-0.16487576,-1.0,0.42221266,0.14619988,3.0527,2.0933,-3.0527,2.0933,-3.0527,2.0933,6.283,0.57,1.544549,-0.274,0.14442421,-0.57,0.21008305,1.3273278,-0.327,-0.22528625,1.71,1.1184797,-0.327,0.8367639,-0.20504288,1.0775441,0.9310571
436,7.28599999999942,1.0,1.0,-1.0,1.0,-0.32758456,1.0,0.5651715,1.0,0.8355491,-1.0,-0.5387331,-1.0,-0.49537224,0.53771114,-1.0,-0.3955009,1.0,0.33688235,-1.0,-0.16449101,-1.0,0.42217326,0.14626001,3.0527,2.0933,-3.0527,2.0933,-3.0527,2.0933,6.283,0.57,1.5450557,-0.274,0.14464538,-0.57,0.21014164,1.3275262,-0.327,-0.22543551,1.71,1.118363,-0.327,0.83698195,-0.20504288,1.0775063,0.93111974
437,7.301999999999418,1.0,1.0,-1.0,1.0,-0.3275868,1.0,0.5652453,1.0,0.8360804,-1.0,-0.5385078,-1.0,-0.4953419,0.5378799,-1.0,-0.3957641,1.0,0.33676988,-1.0,-0.16410406,-1.0,0.42211273,0.14637052,3.0527,2.0933,-3.0527,2.0933,-3.0527,2.0933,6.283,0.57,1.5455886,-0.274,0.14487575,-0.57,0.21017207,1.3277019,-0.327,-0.22558555,1.71,1.1182458,-0.327,0.8372012,-0.20504288,1.0774481,0.9312348
438,7.319999999999416,1.0,1.0,-1.0,1.0,-0.3275828,1.0,0.5653316,1.0,0.8366142,-1.0,-0.5382867,-1.0,-0.49531576,0.5380544,-1.0,-0.39603907,1.0,0.3366534,-1.0,-0.16372062,-1.0,0.42205638,0.14647305,3.0527,2.0933,-3.0527,2.0933,-3.0527,2.0933,6.283,0.57,1.546124,-0.274,0.14510186,-0.57,0.2101983,1.3278837,-0.327,-0.22574227,1.71,1.1181245,-0.327,0.83741844,-0.20504288,1.0773939,0.9313415
439,7.335999999999414,1.0,1.0,-1.0,1.0,-0.32756066,1.0,0.5654318,1.0,0.8371432,-1.0,-0.5380689,-1.0,-0.49525633,0.5382615,-1.0,-0.3963152,1.0,0.3365339,-1.0,-0.1633202,-1.0,0.42201942,0.1465311,3.0527,2.0933,-3.0527,2.0933,-3.0527,2.0933,6.283,0.57,1.5466546,-0.274,0.14532456,-0.57,0.2102579,1.3280994,-0.327,-0.22589965,1.71,1.118,-0.327,0.83764535,-0.20504288,1.0773584,0.93140197
440,7.351999999999412,1.0,1.0,-1.0,1.0,-0.32755834,1.0,0.5655524,1.0,0.8376605,-1.0,-0.53785664,-1.0,-0.49521813,0.53843373,-1.0,-0.3965655,1.0,0.33642536,-1.0,-0.16292758,-1.0,0.42196995,0.14663684,3.0527,2.0933,-3.0527,2.0933,-3.0527,2.0933,6.283,0.57,1.5471735,-0.274,0.1455416,-0.57,0.21029621,1.3282788,-0.327,-0.22604233,1.71,1.117887,-0.327,0.8378678,-0.20504288,1.0773108,0.931512
441,7.36999999999941,1.0,1.0,-1.0,1.0,-0.32753322,1.0,0.56567013,1.0,0.8381518,-1.0,-0.53765833,-1.0,-0.49516717,0.5386167,-1.0,-0.39680982,1.0,0.3363182,-1.0,-0.16254891,-1.0,0.42193863,0.14671567,3.0527,2.0933,-3.0527,2.0933,-3.0527,2.0933,6.283,0.57,1.5476663,-0.274,0.14574435,-0.57,0.21034734,1.3284693,-0.327,-0.2261816,1.71,1.1177754,-0.327,0.8380824,-0.20504288,1.0772806,0.9315941
442,7.385999999999409,1.0,1.0,-1.0,1.0,-0.3274859,1.0,0.56578803,1.0,0.8386173,-1.0,-0.53747207,-1.0,-0.4950723,0.53883564,-1.0,-0.39704528,1.0,0.33621097,-1.0,-0.1621585,-1.0,0.4219346,0.14673814,3.0527,2.0933,-3.0527,2.0933,-3.0527,2.0933,6.283,0.57,1.5481331,-0.274,0.1459348,-0.57,0.21044248,1.3286973,-0.327,-0.22631581,1.71,1.1176637,-0.327,0.83830357,-0.20504288,1.0772768,0.9316175
443,7.401999999999407,1.0,1.0,-1.0,1.0,-0.32745498,1.0,0.56591785,1.0,0.8390666,-1.0,-0.53729177,-1.0,-0.4949956,0.53901976,-1.0,-0.3972528,1.0,0.33611587,-1.0,-0.16177703,-1.0,0.42191818,0.14680591,3.0527,2.0933,-3.0527,2.0933,-3.0527,2.0933,6.283,0.57,1.5485839,-0.274,0.14611918,-0.57,0.21051942,1.3288891,-0.327,-0.2264341,1.71,1.1175647,-0.327,0.8385197,-0.20504288,1.0772611,0.931688
444,7.419999999999405,1.0,1.0,-1.0,1.0,-0.32740664,1.0,0.566037,1.0,0.83949417,-1.0,-0.5371226,-1.0,-0.49490997,0.53921264,-1.0,-0.3974588,1.0,0.33602098,-1.0,-0.16141017,-1.0,0.42191583,0.14684877,3.0527,2.0933,-3.0527,2.0933,-3.0527,2.0933,6.283,0.57,1.5490127,-0.274,0.14629214,-0.57,0.2106053,1.32909,-0.327,-0.22655152,1.71,1.1174659,-0.327,0.8387276,-0.20504288,1.0772588,0.93173265
445,7.435999999999403,1.0,1.0,-1.0,1.0,-0.32734007,1.0,0.5661469,1.0,0.8399052,-1.0,-0.5369598,-1.0,-0.494787,0.53943807,-1.0,-0.39766198,1.0,0.3359242,-1.0,-0.16103192,-1.0,0.42193538,0.14684074,3.0527,2.0933,-3.0527,2.0933,-3.0527,2.0933,6.283,0.57,1.5494249,-0.274,0.14645858,-0.57,0.21072863,1.3293247,-0.327,-0.22666733,1.71,1.1173651,-0.327,0.8389419,-0.20504288,1.0772775,0.9317243
446,7.451999999999401,1.0,1.0,-1.0,1.0,-0.32729304,1.0,0.5662645,1.0,0.8403133,-1.0,-0.5367954,-1.0,-0.4946907,0.53962463,-1.0,-0.3978455,1.0,0.3358374,-1.0,-0.16066171,-1.0,0.42193493,0.14688715,3.0527,2.0933,-3.0527,2.0933,-3.0527,2.0933,6.283,0.57,1.5498343,-0.274,0.14662673,-0.57,0.21082523,1.329519,-0.327,-0.22677194,1.71,1.1172746,-0.327,0.8391517,-0.20504288,1.0772772,0.9317726
447,7.469999999999399,1.0,1.0,-1.0,1.0,-0.3272309,1.0,0.5663674,1.0,0.8407142,-1.0,-0.5366348,-1.0,-0.49459353,0.539818,-1.0,-0.398036,1.0,0.335748,-1.0,-0.16030462,-1.0,0.42194265,0.14691646,3.0527,2.0933,-3.0527,2.0933,-3.0527,2.0933,6.283,0.57,1.5502363,-0.274,0.1467909,-0.57,0.21092269,1.3297204,-0.327,-0.22688052,1.71,1.1171815,-0.327,0.839354,-0.20504288,1.0772846,0.9318031
448,7.485999999999398,1.0,1.0,-1.0,1.0,-0.32715604,1.0,0.5664633,1.0,0.8411164,-1.0,-0.53647184,-1.0,-0.4944696,0.54004115,-1.0,-0.39823395,1.0,0.3356538,-1.0,-0.15993293,-1.0,0.4219643,0.14690627,3.0527,2.0933,-3.0527,2.0933,-3.0527,2.0933,6.283,0.57,1.5506397,-0.274,0.14695755,-0.57,0.21104698,1.3299528,-0.327,-0.22699335,1.71,1.1170834,-0.327,0.8395646,-0.20504288,1.0773053,0.9317925
449,7.501999999999396,1.0,1.0,-1.0,1.0,-0.32710332,1.0,0.56657517,1.0,0.8415239,-1.0,-0.5363037,-1.0,-0.49437433,0.54022664,-1.0,-0.39841396,1.0,0.33556885,-1.0,-0.15956803,-1.0,0.42196518,0.14695168,3.0527,2.0933,-3.0527,2.0933,-3.0527,2.0933,6.283,0.57,1.5510484,-0.274,0.14712946,-0.57,0.21114254,1.3301461,-0.327,-0.22709596,1.71,1.116995,-0.327,0.8397714,-0.20504288,1.0773063,0.93183976
450,7.519999999999394,1.0,1.0,-1.0,1.0,-0.32703522,1.0,0.56668264,1.0,0.8419229,-1.0,-0.53614163,-1.0,-0.49427512,0.54042155,-1.0,-0.39859897,1.0,0.33548245,-1.0,-0.1592132,-1.0,0.42197594,0.1469784,3.0527,2.0933,-3.0527,2.0933,-3.0527,2.0933,6.283,0.57,1.5514487,-0.274,0.14729518,-0.57,0.21124205,1.3303491,-0.327,-0.22720142,1.71,1.116905,-0.327,0.83997244,-0.20504288,1.0773165,0.9318676
451,7.535999999999392,1.0,1.0,-1.0,1.0,-0.32695368,1.0,0.56680554,1.0,0.84229815,-1.0,-0.53599346,-1.0,-0.4941242,0.5406629,-1.0,-0.39877182,1.0,0.3353967,-1.0,-0.15884198,-1.0,0.42201802,0.14694197,3.0527,2.0933,-3.0527,2.0933,-3.0527,2.0933,6.283,0.57,1.551825,-0.274,0.14744669,-0.57,0.21139343,1.3306004,-0.327,-0.22729994,1.71,1.1168157,-0.327,0.8401827,-0.20504288,1.077357,0.9318297
452,7.55199999999939,1.0,1.0,-1.0,1.0,-0.3268923,1.0,0.5669559,1.0,0.84264874,-1.0,-0.5358597,-1.0,-0.49398354,0.540872,-1.0,-0.39891067,1.0,0.33532685,-1.0,-0.15847667,-1.0,0.42204863,0.14694552,3.0527,2.0933,-3.0527,2.0933,-3.0527,2.0933,6.283,0.57,1.5521767,-0.274,0.14758345,-0.57,0.21153452,1.3308182,-0.327,-0.22737908,1.71,1.116743,-0.327,0.8403897,-0.20504288,1.0773865,0.9318334
453,7.569999999999388,1.0,1.0,-1.0,1.0,-0.32681385,1.0,0.56708765,1.0,0.8429922,-1.0,-0.5357347,-1.0,-0.4938474,0.5410817,-1.0,-0.3990605,1.0,0.3352548,-1.0,-0.15812226,-1.0,0.42207992,0.14694212,3.0527,2.0933,-3.0527,2.0933,-3.0527,2.0933,6.283,0.57,1.5525211,-0.274,0.14771126,-0.57,0.21167105,1.3310366,-0.327,-0.22746448,1.71,1.1166679,-0.327,0.84059054,-0.20504288,1.0774165,0.9318298
454,7.585999999999387,1.0,1.0,-1.0,1.0,-0.32672143,1.0,0.56717205,1.0,0.84338653,-1.0,-0.53558546,-1.0,-0.49372616,0.54129905,-1.0,-0.39925915,1.0,0.33516496,-1.0,-0.15775473,-1.0,0.42209357,0.14694282,3.0527,2.0933,-3.0527,2.0933,-3.0527,2.0933,6.283,0.57,1.5529166,-0.274,0.14786386,-0.57,0.21179266,1.331263,-0.327,-0.22757772,1.71,1.1165743,-0.327,0.8407988,-0.20504288,1.0774297,0.9318306
455,7.601999999999385,1.0,1.0,-1.0,1.0,-0.3266905,1.0,0.5672963,1.0,0.8437767,-1.0,-0.5354358,-1.0,-0.49360383,0.5415091,-1.0,-0.3994316,1.0,0.33508173,-1.0,-0.15739615,-1.0,0.42210472,0.14695872,3.0527,2.0933,-3.0527,2.0933,-3.0527,2.0933,6.283,0.57,1.553308,-0.274,0.1480169,-0.57,0.21191536,1.3314817,-0.327,-0.227676,1.71,1.1164876,-0.327,0.841002,-0.20504288,1.0774404,0.9318471
456,7.619999999999383,1.0,1.0,-1.0,1.0,-0.32664272,1.0,0.5674518,1.0,0.84412396,-1.0,-0.53531444,-1.0,-0.49345335,0.5417327,-1.0,-0.3995816,1.0,0.33500922,-1.0,-0.15703823,-1.0,0.4221377,0.14694129,3.0527,2.0933,-3.0527,2.0933,-3.0527,2.0933,6.283,0.57,1.5536563,-0.274,0.14814098,-0.57,0.2120663,1.3317146,-0.327,-0.22776152,1.71,1.116412,-0.327,0.84120476,-0.20504288,1.0774721,0.931829
457,7.635999999999381,1.0,1.0,-1.0,1.0,-0.3265679,1.0,0.5675842,1.0,0.8444828,-1.0,-0.53519297,-1.0,-0.49329656,0.54196405,-1.0,-0.39975336,1.0,0.33493203,-1.0,-0.15666522,-1.0,0.42216402,0.14691512,3.0527,2.0933,-3.0527,2.0933,-3.0527,2.0933,6.283,0.57,1.5540162,-0.274,0.1482652,-0.57,0.21222354,1.3319556,-0.327,-0.22785942,1.71,1.1163317,-0.327,0.8414161,-0.20504288,1.0774974,0.93180174
458,7.651999999999379,1.0,1.0,-1.0,1.0,-0.3265287,1.0,0.5676953,1.0,0.8448844,-1.0,-0.5350484,-1.0,-0.49319455,0.54214954,-1.0,-0.39994165,1.0,0.33485055,-1.0,-0.15630485,-1.0,0.42214933,0.14696555,3.0527,2.0933,-3.0527,2.0933,-3.0527,2.0933,6.283,0.57,1.554419,-0.274,0.14841299,-0.57,0.21232587,1.3321488,-0.327,-0.22796674,1.71,1.1162468,-0.327,0.8416203,-0.20504288,1.0774833,0.93185425
459,7.669999999999377,1.0,1.0,-1.0,1.0,-0.32649633,1.0,0.56777716,1.0,0.8453289,-1.0,-0.53488314,-1.0,-0.49312127,0.5423314,-1.0,-0.40017188,1.0,0.33475378,-1.0,-0.1559539,-1.0,0.4221193,0.14702894,3.0527,2.0933,-3.0527,2.0933,-3.0527,2.0933,6.283,0.57,1.5548649,-0.274,0.14858198,-0.57,0.21239936,1.3323381,-0.327,-0.22809798,1.71,1.1161461,-0.327,0.84181917,-0.20504288,1.0774543,0.93192023
460,7.6859999999993756,1.0,1.0,-1.0,1.0,-0.3264649,1.0,0.5678455,1.0,0.8458267,-1.0,-0.5346901,-1.0,-0.49305323,0.5425294,-1.0,-0.4004425,1.0,0.3346412,-1.0,-0.15558423,-1.0,0.4220793,0.14708821,3.0527,2.0933,-3.0527,2.0933,-3.0527,2.0933,6.283,0.57,1.5553641,-0.274,0.14877939,-0.57,0.21246761,1.3325443,-0.327,-0.22825223,1.71,1.1160288,-0.327,0.8420286,-0.20504288,1.077416,0.9319819
461,7.701999999999374,1.0,1.0,-1.0,1.0,-0.32646275,1.0,0.5679366,1.0,0.8463603,-1.0,-0.53447604,-1.0,-0.49302664,0.54269034,-1.0,-0.4007094,1.0,0.3345307,-1.0,-0.15521629,-1.0,0.4220132,0.14721644,3.0527,2.0933,-3.0527,2.0933,-3.0527,2.0933,6.283,0.57,1.5558994,-0.274,0.14899825,-0.57,0.21249427,1.3327119,-0.327,-0.22840436,1.71,1.1159137,-0.327,0.8422371,-0.20504288,1.0773524,0.93211544
462,7.719999999999372,1.0,1.0,-1.0,1.0,-0.3264471,1.0,0.56803286,1.0,0.8469025,-1.0,-0.5342605,-1.0,-0.49300817,0.54285735,-1.0,-0.4009871,1.0,0.33441573,-1.0,-0.15485515,-1.0,0.42195338,0.14734115,3.0527,2.0933,-3.0527,2.0933,-3.0527,2.0933,6.283,0.57,1.5564432,-0.274,0.14921863,-0.57,0.2125128,1.332886,-0.327,-0.22856264,1.71,1.115794,-0.327,0.84244174,-0.20504288,1.0772948,0.93224525
463,7.73599999999937,1.0,1.0,-1.0,1.0,-0.32640994,1.0,0.5681401,1.0,0.84744805,-1.0,-0.5340446,-1.0,-0.49296603,0.54305285,-1.0,-0.40126905,1.0,0.334297,-1.0,-0.15448,-1.0,0.42191142,0.14743397,3.0527,2.0933,-3.0527,2.0933,-3.0527,2.0933,6.283,0.57,1.5569904,-0.274,0.14943938,-0.57,0.21255508,1.3330896,-0.327,-0.22872336,1.71,1.1156703,-0.327,0.8426543,-0.20504288,1.0772545,0.9323419
464,7.751999999999368,1.0,1.0,-1.0,1.0,-0.3263923,1.0,0.5682719,1.0,0.84797883,-1.0,-0.5338341,-1.0,-0.4929392,0.5432197,-1.0,-0.4015174,1.0,0.33418941,-1.0,-0.15411402,-1.0,0.4218642,0.14756706,3.0527,2.0933,-3.0527,2.0933,-3.0527,2.0933,6.283,0.57,1.5575228,-0.274,0.14965463,-0.57,0.21258198,1.3332633,-0.327,-0.22886491,1.71,1.1155583,-0.327,0.8428617,-0.20504288,1.0772091,0.93248045
465,7.769999999999366,1.0,1.0,-1.0,1.0,-0.32634887,1.0,0.5684098,1.0,0.84847456,-1.0,-0.53364325,-1.0,-0.49289748,0.5433975,-1.0,-0.40175042,1.0,0.33408684,-1.0,-0.15375973,-1.0,0.42183962,0.14767319,3.0527,2.0933,-3.0527,2.0933,-3.0527,2.0933,6.283,0.57,1.55802,-0.274,0.14984979,-0.57,0.21262382,1.3334485,-0.327,-0.22899774,1.71,1.1154515,-0.327,0.8430624,-0.20504288,1.0771855,0.9325909
466,7.7859999999993645,1.0,1.0,-1.0,1.0,-0.32626122,1.0,0.56856525,1.0,0.8489275,-1.0,-0.53348315,-1.0,-0.49280354,0.5436219,-1.0,-0.40198854,1.0,0.33398563,-1.0,-0.15337993,-1.0,0.42183754,0.14770137,3.0527,2.0933,-3.0527,2.0933,-3.0527,2.0933,6.283,0.57,1.5584743,-0.274,0.15001348,-0.57,0.21271804,1.3336822,-0.327,-0.22913347,1.71,1.1153461,-0.327,0.84327763,-0.20504288,1.0771835,0.9326202
467,7.801999999999363,1.0,1.0,-1.0,1.0,-0.3261942,1.0,0.5687432,1.0,0.84931445,-1.0,-0.5333511,-1.0,-0.4926971,0.5438223,-1.0,-0.40215924,1.0,0.33390647,-1.0,-0.15303351,-1.0,0.42185584,0.14774026,3.0527,2.0933,-3.0527,2.0933,-3.0527,2.0933,6.283,0.57,1.5588624,-0.274,0.15014848,-0.57,0.21282482,1.3338909,-0.327,-0.22923076,1.71,1.1152636,-0.327,0.8434739,-0.20504288,1.0772011,0.93266076
468,7.819999999999361,1.0,1.0,-1.0,1.0,-0.3260927,1.0,0.56892973,1.0,0.84961617,-1.0,-0.5332516,-1.0,-0.4925517,0.5440269,-1.0,-0.40226287,1.0,0.333848,-1.0,-0.1527194,-1.0,0.4219264,0.14773862,3.0527,2.0933,-3.0527,2.0933,-3.0527,2.0933,6.283,0.57,1.559165,-0.274,0.15025026,-0.57,0.21297063,1.3341041,-0.327,-0.22928983,1.71,1.1152027,-0.327,0.8436519,-0.20504288,1.077269,0.93265903
469,7.835999999999359,1.0,1.0,-1.0,1.0,-0.32605147,1.0,0.5689992,1.0,0.8499496,-1.0,-0.53306895,-1.0,-0.49243763,0.54417646,-1.0,-0.40219182,1.0,0.3338034,-1.0,-0.15253116,-1.0,0.42209867,0.14787115,3.0527,2.0933,-3.0527,2.0933,-3.0527,2.0933,6.283,0.57,1.5594995,-0.274,0.150437,-0.57,0.21308506,1.3342597,-0.327,-0.22924934,1.71,1.1151562,-0.327,0.8437586,-0.20504288,1.0774345,0.932797
470,7.851999999999357,1.0,1.0,-1.0,1.0,-0.32586,1.0,0.56920725,1.0,0.85026646,-1.0,-0.5329366,-1.0,-0.49232498,0.54432994,-1.0,-0.4023011,1.0,0.33375862,-1.0,-0.15214033,-1.0,0.42210972,0.1479054,3.0527,2.0933,-3.0527,2.0933,-3.0527,2.0933,6.283,0.57,1.5598173,-0.274,0.15057236,-0.57,0.21319805,1.3344196,-0.327,-0.22931163,1.71,1.1151096,-0.327,0.84398,-0.20504288,1.0774451,0.93283266
471,7.869999999999355,1.0,1.0,-1.0,1.0,-0.32571885,1.0,0.5693284,1.0,0.85056555,-1.0,-0.53285927,-1.0,-0.4921877,0.5445595,-1.0,-0.40249836,1.0,0.33368388,-1.0,-0.15183438,-1.0,0.42212832,0.14784078,3.0527,2.0933,-3.0527,2.0933,-3.0527,2.0933,6.283,0.57,1.5601172,-0.274,0.1506514,-0.57,0.21333572,1.3346587,-0.327,-0.22942407,1.71,1.1150317,-0.327,0.84415334,-0.20504288,1.077463,0.93276536
472,7.8859999999993535,1.0,1.0,-1.0,0.99987125,-0.32561478,1.0,0.5694557,1.0,0.8508317,-1.0,-0.53280276,-1.0,-0.4919912,0.5448377,-1.0,-0.4026454,1.0,0.33361262,-1.0,-0.15149702,-1.0,0.42220122,0.1477425,3.0527,2.0933,-3.0527,2.0933,-3.0527,2.0933,6.283,0.57,1.5603842,-0.274,0.15070918,-0.57,0.21353284,1.3349484,-0.327,-0.22950788,1.71,1.1149576,-0.327,0.8443445,-0.20504288,1.0775331,0.9326631
473,7.901999999999352,1.0,1.0,-1.0,0.99972534,-0.32553738,1.0,0.56960046,1.0,0.85109985,-1.0,-0.53273535,-1.0,-0.49182346,0.54506904,-1.0,-0.4027449,1.0,0.33355504,-1.0,-0.15115638,-1.0,0.422268,0.1477197,3.0527,2.0933,-3.0527,2.0933,-3.0527,2.0933,6.283,0.57,1.5606531,-0.274,0.1507781,-0.57,0.21370107,1.3351895,-0.327,-0.22956459,1.71,1.1148976,-0.327,0.84453756,-0.20504288,1.0775974,0.9326393
474,7.91999999999935,1.0,1.0,-1.0,0.99958366,-0.32543725,1.0,0.56972635,1.0,0.85138184,-1.0,-0.53265685,-1.0,-0.49167022,0.5452992,-1.0,-0.40285218,1.0,0.33349398,-1.0,-0.15082712,-1.0,0.4223386,0.1477003,3.0527,2.0933,-3.0527,2.0933,-3.0527,2.0933,6.283,0.57,1.560936,-0.274,0.15085837,-0.57,0.21385477,1.3354291,-0.327,-0.22962575,1.71,1.114834,-0.327,0.84472406,-0.20504288,1.0776652,0.93261915
475,7.935999999999348,1.0,1.0,-1.0,0.99943256,-0.32532835,1.0,0.5698441,1.0,0.8516938,-1.0,-0.5325642,-1.0,-0.49151093,0.54555434,-1.0,-0.4029792,1.0,0.33342403,-1.0,-0.15048613,-1.0,0.422413,0.14766444,3.0527,2.0933,-3.0527,2.0933,-3.0527,2.0933,6.283,0.57,1.5612489,-0.274,0.15095308,-0.57,0.21401455,1.3356948,-0.327,-0.22969814,1.71,1.1147611,-0.327,0.8449173,-0.20504288,1.0777367,0.9325818
476,7.951999999999346,1.0,1.0,-1.0,0.9993049,-0.32526007,1.0,0.5699805,1.0,0.85203624,-1.0,-0.53245354,-1.0,-0.49139705,0.5457634,-1.0,-0.4031015,1.0,0.33335865,-1.0,-0.15015204,-1.0,0.42245254,0.14769773,3.0527,2.0933,-3.0527,2.0933,-3.0527,2.0933,6.283,0.57,1.5615923,-0.274,0.15106626,-0.57,0.21412876,1.3359126,-0.327,-0.22976786,1.71,1.114693,-0.327,0.8451066,-0.20504288,1.0777748,0.9326165
477,7.969999999999344,1.0,1.0,-1.0,0.9991812,-0.32518232,1.0,0.57010895,1.0,0.85239494,-1.0,-0.532335,-1.0,-0.49129698,0.54597133,-1.0,-0.40324223,1.0,0.33328825,-1.0,-0.14982833,-1.0,0.42248815,0.14773071,3.0527,2.0933,-3.0527,2.0933,-3.0527,2.0933,6.283,0.57,1.5619521,-0.274,0.15118748,-0.57,0.21422914,1.3361292,-0.327,-0.22984807,1.71,1.1146197,-0.327,0.84529,-0.20504288,1.077809,0.9326508
478,7.9859999999993425,1.0,1.0,-1.0,0.9990432,-0.32509032,1.0,0.5702372,1.0,0.85277474,-1.0,-0.53220975,-1.0,-0.49118006,0.54620904,-1.0,-0.40340185,1.0,0.33321005,-1.0,-0.14948817,-1.0,0.42253187,0.14773794,3.0527,2.0933,-3.0527,2.0933,-3.0527,2.0933,6.283,0.57,1.5623331,-0.274,0.15131553,-0.57,0.2143464,1.3363767,-0.327,-0.22993906,1.71,1.1145383,-0.327,0.84548277,-0.20504288,1.077851,0.9326583
479,8.001999999999342,1.0,1.0,-1.0,0.9989222,-0.32502833,1.0,0.5703911,1.0,0.8531561,-1.0,-0.5320804,-1.0,-0.4910859,0.5464087,-1.0,-0.40353855,1.0,0.33314073,-1.0,-0.14915814,-1.0,0.4225601,0.14779499,3.0527,2.0933,-3.0527,2.0933,-3.0527,2.0933,6.283,0.57,1.5627155,-0.274,0.15144777,-0.57,0.21444085,1.3365847,-0.327,-0.23001698,1.71,1.1144661,-0.327,0.84566975,-0.20504288,1.0778781,0.93271774
480,8.019999999999348,1.0,1.0,-1.0,0.99880385,-0.32494003,1.0,0.57056195,1.0,0.8534982,-1.0,-0.53196484,-1.0,-0.49097535,0.54660696,-1.0,-0.40365005,1.0,0.33308092,-1.0,-0.14885415,-1.0,0.42261502,0.14782603,3.0527,2.0933,-3.0527,2.0933,-3.0527,2.0933,6.283,0.57,1.5630587,-0.274,0.15156595,-0.57,0.21455172,1.3367912,-0.327,-0.23008053,1.71,1.1144037,-0.327,0.845842,-0.20504288,1.0779309,0.93275005
481,8.035999999999353,1.0,1.0,-1.0,0.9986734,-0.32483461,1.0,0.5707277,1.0,0.85383576,-1.0,-0.53185624,-1.0,-0.49083838,0.5468341,-1.0,-0.40377095,1.0,0.3330174,-1.0,-0.14853211,-1.0,0.42268118,0.14782141,3.0527,2.0933,-3.0527,2.0933,-3.0527,2.0933,6.283,0.57,1.5633973,-0.274,0.151677,-0.57,0.2146891,1.3370277,-0.327,-0.23014945,1.71,1.1143377,-0.327,0.84602445,-0.20504288,1.0779946,0.9327452
482,8.051999999999358,1.0,1.0,-1.0,0.998558,-0.3247691,1.0,0.5708884,1.0,0.85419166,-1.0,-0.53174114,-1.0,-0.4907368,0.5470249,-1.0,-0.40389323,1.0,0.3329543,-1.0,-0.1482097,-1.0,0.42271495,0.14787565,3.0527,2.0933,-3.0527,2.0933,-3.0527,2.0933,6.283,0.57,1.5637542,-0.274,0.15179469,-0.57,0.21479097,1.3372264,-0.327,-0.23021914,1.71,1.1142719,-0.327,0.84620714,-0.20504288,1.078027,0.93280166
483,8.069999999999364,1.0,1.0,-1.0,0.99844176,-0.32469755,1.0,0.5710289,1.0,0.8545611,-1.0,-0.5316229,-1.0,-0.49064472,0.5472223,-1.0,-0.40404123,1.0,0.33288252,-1.0,-0.14789118,-1.0,0.42274538,0.14792322,3.0527,2.0933,-3.0527,2.0933,-3.0527,2.0933,6.283,0.57,1.5641248,-0.274,0.1519156,-0.57,0.21488334,1.337432,-0.327,-0.2303035,1.71,1.1141971,-0.327,0.8463876,-0.20504288,1.0780562,0.9328512
484,8.08599999999937,1.0,1.0,-1.0,0.9983101,-0.32462025,1.0,0.5711584,1.0,0.8549557,-1.0,-0.5314963,-1.0,-0.49053976,0.54744947,-1.0,-0.40421665,1.0,0.33279952,-1.0,-0.1475537,-1.0,0.42277923,0.14794588,3.0527,2.0933,-3.0527,2.0933,-3.0527,2.0933,6.283,0.57,1.5645206,-0.274,0.15204504,-0.57,0.21498862,1.3376687,-0.327,-0.23040348,1.71,1.1141107,-0.327,0.84657884,-0.20504288,1.0780888,0.9328748
485,8.101999999999375,1.0,1.0,-1.0,0.9981751,-0.32458794,1.0,0.5713278,1.0,0.8553226,-1.0,-0.531384,-1.0,-0.4904221,0.5476686,-1.0,-0.4043517,1.0,0.33272797,-1.0,-0.14721622,-1.0,0.42281657,0.1479775,3.0527,2.0933,-3.0527,2.0933,-3.0527,2.0933,6.283,0.57,1.5648886,-0.274,0.15215987,-0.57,0.21510664,1.3378968,-0.327,-0.23048048,1.71,1.1140362,-0.327,0.8467701,-0.20504288,1.0781248,0.9329077
486,8.119999999999381,1.0,1.0,-1.0,0.99804175,-0.32452652,1.0,0.5715092,1.0,0.8556459,-1.0,-0.53130066,-1.0,-0.49028066,0.54789776,-1.0,-0.4044705,1.0,0.33266485,-1.0,-0.14688064,-1.0,0.4228724,0.14798087,3.0527,2.0933,-3.0527,2.0933,-3.0527,2.0933,6.283,0.57,1.5652128,-0.274,0.15224507,-0.57,0.2152485,1.3381355,-0.327,-0.23054819,1.71,1.1139704,-0.327,0.84696025,-0.20504288,1.0781784,0.9329112
487,8.135999999999386,1.0,1.0,-1.0,0.9979011,-0.32444313,1.0,0.57166487,1.0,0.8559755,-1.0,-0.5312202,-1.0,-0.4901256,0.54814476,-1.0,-0.40461227,1.0,0.332595,-1.0,-0.14653464,-1.0,0.42292786,0.1479622,3.0527,2.0933,-3.0527,2.0933,-3.0527,2.0933,6.283,0.57,1.5655434,-0.274,0.15232734,-0.57,0.21540403,1.3383927,-0.327,-0.230629,1.71,1.1138977,-0.327,0.8471563,-0.20504288,1.0782317,0.9328918
488,8.151999999999392,1.0,1.0,-1.0,0.997782,-0.32437935,1.0,0.57181346,1.0,0.8562614,-1.0,-0.5311407,-1.0,-0.4899762,0.5483491,-1.0,-0.4046874,1.0,0.33254504,-1.0,-0.14623977,-1.0,0.4230008,0.1479765,3.0527,2.0933,-3.0527,2.0933,-3.0527,2.0933,6.283,0.57,1.5658301,-0.274,0.15240864,-0.57,0.21555388,1.3386055,-0.327,-0.23067182,1.71,1.1138457,-0.327,0.84732336,-0.20504288,1.0783018,0.9329067
489,8.169999999999398,1.0,1.0,-1.0,0.9976747,-0.3242758,1.0,0.57195216,1.0,0.85650545,-1.0,-0.5310722,-1.0,-0.48981616,0.548547,-1.0,-0.4047314,1.0,0.3325059,-1.0,-0.14597048,-1.0,0.4230986,0.14797457,3.0527,2.0933,-3.0527,2.0933,-3.0527,2.0933,6.283,0.57,1.566075,-0.274,0.15247868,-0.57,0.2157144,1.3388118,-0.327,-0.23069689,1.71,1.1138049,-0.327,0.84747595,-0.20504288,1.0783958,0.93290466
490,8.185999999999403,1.0,1.0,-1.0,0.9975611,-0.3241524,1.0,0.57206464,1.0,0.8567779,-1.0,-0.53099257,-1.0,-0.48965517,0.54876024,-1.0,-0.4048095,1.0,0.33245623,-1.0,-0.14568229,-1.0,0.42318693,0.14796175,3.0527,2.0933,-3.0527,2.0933,-3.0527,2.0933,6.283,0.57,1.5663482,-0.274,0.1525601,-0.57,0.21587586,1.3390338,-0.327,-0.23074141,1.71,1.1137532,-0.327,0.8476392,-0.20504288,1.0784807,0.9328913
491,8.201999999999408,1.0,1.0,-1.0,0.9974631,-0.32407796,1.0,0.5721697,1.0,0.85711247,-1.0,-0.53088284,-1.0,-0.4895518,0.54893464,-1.0,-0.40492108,1.0,0.33239704,-1.0,-0.14538456,-1.0,0.4232223,0.14802171,3.0527,2.0933,-3.0527,2.0933,-3.0527,2.0933,6.283,0.57,1.5666838,-0.274,0.1526723,-0.57,0.21597953,1.3392154,-0.327,-0.23080502,1.71,1.1136916,-0.327,0.84780794,-0.20504288,1.0785148,0.9329537
492,8.219999999999414,1.0,1.0,-1.0,0.9973663,-0.32402337,1.0,0.5722457,1.0,0.85752094,-1.0,-0.5307452,-1.0,-0.4894894,0.54911375,-1.0,-0.40510827,1.0,0.33231315,-1.0,-0.1450726,-1.0,0.42322218,0.14810035,3.0527,2.0933,-3.0527,2.0933,-3.0527,2.0933,6.283,0.57,1.5670935,-0.274,0.15281302,-0.57,0.21604213,1.339402,-0.327,-0.23091172,1.71,1.1136042,-0.327,0.8479847,-0.20504288,1.0785147,0.9330356
493,8.23599999999942,1.0,1.0,-1.0,0.99725366,-0.32396248,1.0,0.57233727,1.0,0.85797393,-1.0,-0.53058285,-1.0,-0.48942572,0.5493126,-1.0,-0.40532288,1.0,0.3322187,-1.0,-0.14474685,-1.0,0.4232263,0.14816624,3.0527,2.0933,-3.0527,2.0933,-3.0527,2.0933,6.283,0.57,1.5675478,-0.274,0.15297905,-0.57,0.216106,1.339609,-0.327,-0.23103404,1.71,1.1135058,-0.327,0.84816927,-0.20504288,1.0785186,0.9331042
494,8.251999999999425,1.0,1.0,-1.0,0.99713737,-0.32394797,1.0,0.5724845,1.0,0.8584064,-1.0,-0.53043354,-1.0,-0.48934898,0.5495081,-1.0,-0.40550062,1.0,0.332134,-1.0,-0.14441247,-1.0,0.42323318,0.1482404,3.0527,2.0933,-3.0527,2.0933,-3.0527,2.0933,6.283,0.57,1.5679816,-0.274,0.15313171,-0.57,0.21618298,1.3398126,-0.327,-0.23113535,1.71,1.1134176,-0.327,0.84835875,-0.20504288,1.0785252,0.9331814
495,8.269999999999431,1.0,1.0,-1.0,0.99701434,-0.32390848,1.0,0.572667,1.0,0.8587948,-1.0,-0.53032094,-1.0,-0.48924074,0.5497252,-1.0,-0.40566176,1.0,0.33205777,-1.0,-0.14406581,-1.0,0.4232598,0.14828007,3.0527,2.0933,-3.0527,2.0933,-3.0527,2.0933,6.283,0.57,1.5683712,-0.274,0.15324683,-0.57,0.21629155,1.3400388,-0.327,-0.2312272,1.71,1.1133381,-0.327,0.84855515,-0.20504288,1.0785508,0.9332227
496,8.285999999999436,1.0,1.0,-1.0,0.9968823,-0.32382384,1.0,0.5728517,1.0,0.85914445,-1.0,-0.5302279,-1.0,-0.489098,0.54995555,-1.0,-0.4058063,1.0,0.3319888,-1.0,-0.14372827,-1.0,0.4233145,0.14828083,3.0527,2.0933,-3.0527,2.0933,-3.0527,2.0933,6.283,0.57,1.5687219,-0.274,0.15334198,-0.57,0.21643469,1.3402787,-0.327,-0.2313096,1.71,1.1132663,-0.327,0.8487464,-0.20504288,1.0786034,0.9332235
497,8.301999999999442,1.0,1.0,-1.0,0.9967722,-0.32377017,1.0,0.57301956,1.0,0.85950637,-1.0,-0.53012806,-1.0,-0.48899105,0.5501453,-1.0,-0.40595204,1.0,0.33192062,-1.0,-0.14339818,-1.0,0.42333543,0.14833888,3.0527,2.0933,-3.0527,2.0933,-3.0527,2.0933,6.283,0.57,1.5690849,-0.274,0.15344405,-0.57,0.21654198,1.3404764,-0.327,-0.23139267,1.71,1.1131953,-0.327,0.84893346,-0.20504288,1.0786235,0.9332839
498,8.319999999999448,1.0,1.0,-1.0,0.99666476,-0.32371747,1.0,0.5731535,1.0,0.8598948,-1.0,-0.5300156,-1.0,-0.48890477,0.5503333,-1.0,-0.4061346,1.0,0.33183983,-1.0,-0.14307709,-1.0,0.42334294,0.14840047,3.0527,2.0933,-3.0527,2.0933,-3.0527,2.0933,6.283,0.57,1.5694745,-0.274,0.15355906,-0.57,0.2166285,1.3406721,-0.327,-0.23149672,1.71,1.1131111,-0.327,0.8491154,-0.20504288,1.0786307,0.93334806
499,8.335999999999453,1.0,1.0,-1.0,0.99653304,-0.32366243,1.0,0.57327884,1.0,0.8603015,-1.0,-0.52989936,-1.0,-0.4887888,0.55056655,-1.0,-0.4063396,1.0,0.33174688,-1.0,-0.14273883,-1.0,0.42336458,0.14841971,3.0527,2.0933,-3.0527,2.0933,-3.0527,2.0933,6.283,0.57,1.5698824,-0.274,0.15367791,-0.57,0.21674483,1.3409151,-0.327,-0.23161356,1.71,1.1130143,-0.327,0.84930706,-0.20504288,1.0786515,0.9333681
500,8.351999999999459,1.0,1.0,-1.0,0.9964252,-0.32363665,1.0,0.5734237,1.0,0.8607315,-1.0,-0.5297712,-1.0,-0.48871347,0.5507569,-1.0,-0.40653533,1.0,0.33165896,-1.0,-0.14239569,-1.0,0.42335567,0.14851098,3.0527,2.0933,-3.0527,2.0933,-3.0527,2.0933,6.283,0.57,1.5703137,-0.274,0.15380894,-0.57,0.21682039,1.3411133,-0.327,-0.23172514,1.71,1.1129228,-0.327,0.8495015,-0.20504288,1.078643,0.9334631
501,8.369999999999465,1.0,1.0,-1.0,0.99631846,-0.32359645,1.0,0.5735545,1.0,0.8611763,-1.0,-0.52963674,-1.0,-0.48865312,0.5509478,-1.0,-0.4067508,1.0,0.33156425,-1.0,-0.14206369,-1.0,0.42334488,0.14860259,3.0527,2.0933,-3.0527,2.0933,-3.0527,2.0933,6.283,0.57,1.5707599,-0.274,0.15394643,-0.57,0.21688092,1.3413122,-0.327,-0.23184796,1.71,1.1128242,-0.327,0.8496896,-0.20504288,1.0786326,0.93355846
502,8.38599999999947,1.0,1.0,-1.0,0.99619555,-0.32353973,1.0,0.5736817,1.0,0.8616407,-1.0,-0.5294949,-1.0,-0.4885807,0.5511659,-1.0,-0.40698424,1.0,0.33146158,-1.0,-0.14172013,-1.0,0.42334366,0.14867136,3.0527,2.0933,-3.0527,2.0933,-3.0527,2.0933,6.283,0.57,1.5712256,-0.274,0.15409148,-0.57,0.21695356,1.3415393,-0.327,-0.23198101,1.71,1.1127173,-0.327,0.8498843,-0.20504288,1.0786314,0.93363005
503,8.401999999999475,1.0,1.0,-1.0,0.9960849,-0.3235075,1.0,0.573826,1.0,0.8621096,-1.0,-0.5293466,-1.0,-0.4885321,0.55135167,-1.0,-0.40719366,1.0,0.33136603,-1.0,-0.14138211,-1.0,0.42332852,0.14878888,3.0527,2.0933,-3.0527,2.0933,-3.0527,2.0933,6.283,0.57,1.5716959,-0.274,0.15424311,-0.57,0.2170023,1.3417327,-0.327,-0.23210038,1.71,1.1126177,-0.327,0.8500758,-0.20504288,1.0786169,0.9337524
504,8.419999999999481,1.0,1.0,-1.0,0.9959707,-0.3234503,1.0,0.5739747,1.0,0.86255974,-1.0,-0.52920914,-1.0,-0.48847517,0.5515481,-1.0,-0.40739626,1.0,0.3312724,-1.0,-0.14105351,-1.0,0.42333093,0.14888774,3.0527,2.0933,-3.0527,2.0933,-3.0527,2.0933,6.283,0.57,1.5721474,-0.274,0.15438366,-0.57,0.2170594,1.3419374,-0.327,-0.23221587,1.71,1.1125202,-0.327,0.850262,-0.20504288,1.0786192,0.9338553
505,8.435999999999487,1.0,1.0,-1.0,0.99583554,-0.32335913,1.0,0.5741407,1.0,0.86296856,-1.0,-0.529089,-1.0,-0.48837498,0.5517745,-1.0,-0.40756845,1.0,0.3311868,-1.0,-0.14072974,-1.0,0.42337525,0.1489351,3.0527,2.0933,-3.0527,2.0933,-3.0527,2.0933,6.283,0.57,1.5725574,-0.274,0.15450652,-0.57,0.2171599,1.3421731,-0.327,-0.23231402,1.71,1.112431,-0.327,0.8504454,-0.20504288,1.0786618,0.93390465
506,8.451999999999492,1.0,1.0,-1.0,0.99571216,-0.3232767,1.0,0.57432956,1.0,0.8633385,-1.0,-0.52898353,-1.0,-0.48827633,0.551972,-1.0,-0.4076903,1.0,0.33111852,-1.0,-0.14041598,-1.0,0.423421,0.1490103,3.0527,2.0933,-3.0527,2.0933,-3.0527,2.0933,6.283,0.57,1.5729284,-0.274,0.15461434,-0.57,0.21725884,1.3423789,-0.327,-0.23238346,1.71,1.11236,-0.327,0.8506232,-0.20504288,1.0787058,0.9339829
507,8.469999999999498,1.0,1.0,-1.0,0.99558437,-0.32317007,1.0,0.5745105,1.0,0.86366796,-1.0,-0.5288991,-1.0,-0.48816344,0.55217856,-1.0,-0.40779775,1.0,0.33105567,-1.0,-0.14011712,-1.0,0.42348638,0.149057,3.0527,2.0933,-3.0527,2.0933,-3.0527,2.0933,6.283,0.57,1.573259,-0.274,0.1547007,-0.57,0.21737207,1.342594,-0.327,-0.23244472,1.71,1.1122944,-0.327,0.8507925,-0.20504288,1.0787686,0.93403155
508,8.485999999999503,1.0,1.0,-1.0,0.9954357,-0.32303768,1.0,0.5746826,1.0,0.86397386,-1.0,-0.52882725,-1.0,-0.48801655,0.5524178,-1.0,-0.40789646,1.0,0.3309943,-1.0,-0.13981564,-1.0,0.4235788,0.14905752,3.0527,2.0933,-3.0527,2.0933,-3.0527,2.0933,6.283,0.57,1.5735657,-0.274,0.15477414,-0.57,0.2175194,1.3428432,-0.327,-0.23250099,1.71,1.1122305,-0.327,0.85096335,-0.20504288,1.0788574,0.9340321
509,8.501999999999509,1.0,1.0,-1.0,0.9953014,-0.3229394,1.0,0.57484543,1.0,0.86429447,-1.0,-0.5287471,-1.0,-0.48790023,0.5526262,-1.0,-0.40798664,1.0,0.33093503,-1.0,-0.13951208,-1.0,0.42364383,0.1491132,3.0527,2.0933,-3.0527,2.0933,-3.0527,2.0933,6.283,0.57,1.5738873,-0.274,0.15485612,-0.57,0.21763608,1.3430601,-0.327,-0.23255238,1.71,1.1121688,-0.327,0.8511354,-0.20504288,1.07892,0.93409
510,8.519999999999515,1.0,1.0,-1.0,0.99516344,-0.32283667,1.0,0.5749863,1.0,0.8646407,-1.0,-0.52866197,-1.0,-0.4878002,0.5528452,-1.0,-0.40811697,1.0,0.330864,-1.0,-0.13920088,-1.0,0.42369297,0.14916411,3.0527,2.0933,-3.0527,2.0933,-3.0527,2.0933,6.283,0.57,1.5742346,-0.274,0.15494314,-0.57,0.2177364,1.3432883,-0.327,-0.23262668,1.71,1.1120949,-0.327,0.8513117,-0.20504288,1.0789672,0.93414307
511,8.53599999999952,1.0,1.0,-1.0,0.99500406,-0.32271737,1.0,0.57512933,1.0,0.86499697,-1.0,-0.52857375,-1.0,-0.48767984,0.5530969,-1.0,-0.4082585,1.0,0.33078796,-1.0,-0.13888325,-1.0,0.4237593,0.14918081,3.0527,2.0933,-3.0527,2.0933,-3.0527,2.0933,6.283,0.57,1.574592,-0.274,0.15503334,-0.57,0.21785712,1.3435504,-0.327,-0.23270734,1.71,1.1120156,-0.327,0.8514917,-0.20504288,1.079031,0.9341604
512,8.551999999999525,1.0,1.0,-1.0,0.9948604,-0.32262337,1.0,0.5752994,1.0,0.86534274,-1.0,-0.52848566,-1.0,-0.48757318,0.55331534,-1.0,-0.40836844,1.0,0.3307234,-1.0,-0.13857336,-1.0,0.4238149,0.14923543,3.0527,2.0933,-3.0527,2.0933,-3.0527,2.0933,6.283,0.57,1.5749388,-0.274,0.15512341,-0.57,0.2179641,1.3437779,-0.327,-0.23277001,1.71,1.1119484,-0.327,0.8516672,-0.20504288,1.0790844,0.9342173
513,8.569999999999531,1.0,1.0,-1.0,0.99471736,-0.32250723,1.0,0.5754796,1.0,0.8656623,-1.0,-0.52841127,-1.0,-0.48745555,0.5535391,-1.0,-0.4084678,1.0,0.33066398,-1.0,-0.1382754,-1.0,0.42388624,0.14926945,3.0527,2.0933,-3.0527,2.0933,-3.0527,2.0933,6.283,0.57,1.5752592,-0.274,0.15519948,-0.57,0.21808209,1.344011,-0.327,-0.23282665,1.71,1.1118865,-0.327,0.8518361,-0.20504288,1.0791531,0.9342527
514,8.585999999999537,1.0,1.0,-1.0,0.99455726,-0.3223656,1.0,0.57566917,1.0,0.86596346,-1.0,-0.5283488,-1.0,-0.48730585,0.55379313,-1.0,-0.40855986,1.0,0.33060685,-1.0,-0.13797165,-1.0,0.42398238,0.14926189,3.0527,2.0933,-3.0527,2.0933,-3.0527,2.0933,6.283,0.57,1.5755614,-0.274,0.15526335,-0.57,0.21823223,1.3442756,-0.327,-0.23287912,1.71,1.111827,-0.327,0.85200816,-0.20504288,1.0792454,0.9342448
515,8.601999999999542,1.0,1.0,-1.0,0.99441373,-0.3222372,1.0,0.57588977,1.0,0.8662179,-1.0,-0.5282983,-1.0,-0.48715517,0.55400866,-1.0,-0.40859002,1.0,0.33057112,-1.0,-0.13769354,-1.0,0.4240876,0.14928052,3.0527,2.0933,-3.0527,2.0933,-3.0527,2.0933,6.283,0.57,1.5758165,-0.274,0.15531497,-0.57,0.21838337,1.3445001,-0.327,-0.23289631,1.71,1.1117898,-0.327,0.85216576,-0.20504288,1.0793467,0.93426424
516,8.619999999999548,1.0,1.0,-1.0,0.99427354,-0.32208225,1.0,0.5761126,1.0,0.86642253,-1.0,-0.5282706,-1.0,-0.48698488,0.55422705,-1.0,-0.4085961,1.0,0.33054549,-1.0,-0.13743503,-1.0,0.42421606,0.14926891,3.0527,2.0933,-3.0527,2.0933,-3.0527,2.0933,6.283,0.57,1.5760218,-0.274,0.15534331,-0.57,0.21855417,1.3447275,-0.327,-0.23289977,1.71,1.1117631,-0.327,0.85231227,-0.20504288,1.0794702,0.93425214
517,8.635999999999553,1.0,1.0,-1.0,0.9941204,-0.3219097,1.0,0.57632387,1.0,0.86661994,-1.0,-0.5282504,-1.0,-0.48679307,0.5544712,-1.0,-0.4086101,1.0,0.33051795,-1.0,-0.13716812,-1.0,0.42435613,0.14922468,3.0527,2.0933,-3.0527,2.0933,-3.0527,2.0933,6.283,0.57,1.5762198,-0.274,0.15536398,-0.57,0.21874654,1.3449818,-0.327,-0.23290776,1.71,1.1117344,-0.327,0.8524635,-0.20504288,1.0796047,0.9342061
518,8.651999999999559,1.0,1.0,-1.0,0.9939848,-0.32177806,1.0,0.5765261,1.0,0.86684096,-1.0,-0.5282179,-1.0,-0.48663884,0.5546787,-1.0,-0.4086282,1.0,0.33049035,-1.0,-0.13690026,-1.0,0.42446026,0.14923662,3.0527,2.0933,-3.0527,2.0933,-3.0527,2.0933,6.283,0.57,1.5764415,-0.274,0.15539719,-0.57,0.21890125,1.3451978,-0.327,-0.23291807,1.71,1.1117057,-0.327,0.85261524,-0.20504288,1.0797049,0.9342185
519,8.669999999999565,1.0,1.0,-1.0,0.99385005,-0.32164615,1.0,0.5767055,1.0,0.86708456,-1.0,-0.5281767,-1.0,-0.48650077,0.5548893,-1.0,-0.40867728,1.0,0.33045334,-1.0,-0.13663717,-1.0,0.4245552,0.14924772,3.0527,2.0933,-3.0527,2.0933,-3.0527,2.0933,6.283,0.57,1.5766858,-0.274,0.1554393,-0.57,0.21903972,1.3454173,-0.327,-0.23294605,1.71,1.1116672,-0.327,0.8527643,-0.20504288,1.0797962,0.9342301
520,8.68599999999957,1.0,1.0,-1.0,0.99370813,-0.32151443,1.0,0.57688147,1.0,0.8673603,-1.0,-0.52812195,-1.0,-0.48637176,0.55511147,-1.0,-0.40875298,1.0,0.3304096,-1.0,-0.13636555,-1.0,0.42464173,0.14925124,3.0527,2.0933,-3.0527,2.0933,-3.0527,2.0933,6.283,0.57,1.5769624,-0.274,0.1554953,-0.57,0.21916912,1.3456486,-0.327,-0.23298919,1.71,1.1116216,-0.327,0.8529182,-0.20504288,1.0798793,0.9342337
521,8.701999999999575,1.0,1.0,-1.0,0.9935769,-0.32142,1.0,0.5770447,1.0,0.8676694,-1.0,-0.52804744,-1.0,-0.4862776,0.5553038,-1.0,-0.40883487,1.0,0.33036274,-1.0,-0.13609524,-1.0,0.4246986,0.14930695,3.0527,2.0933,-3.0527,2.0933,-3.0527,2.0933,6.283,0.57,1.5772724,-0.274,0.15557149,-0.57,0.21926355,1.3458489,-0.327,-0.23303588,1.71,1.1115727,-0.327,0.8530714,-0.20504288,1.079934,0.9342917
522,8.719999999999581,1.0,1.0,-1.0,0.993446,-0.32132435,1.0,0.57720155,1.0,0.8679937,-1.0,-0.52796984,-1.0,-0.48619005,0.5555047,-1.0,-0.40893865,1.0,0.330308,-1.0,-0.13582642,-1.0,0.42475465,0.14935817,3.0527,2.0933,-3.0527,2.0933,-3.0527,2.0933,6.283,0.57,1.5775977,-0.274,0.15565084,-0.57,0.21935138,1.3460581,-0.327,-0.23309503,1.71,1.1115158,-0.327,0.8532237,-0.20504288,1.0799879,0.93434507
523,8.735999999999587,1.0,1.0,-1.0,0.9932987,-0.3212242,1.0,0.5773519,1.0,0.86835843,-1.0,-0.52788156,-1.0,-0.48609927,0.5557355,-1.0,-0.40908194,1.0,0.33023936,-1.0,-0.13553162,-1.0,0.4248054,0.14939432,3.0527,2.0933,-3.0527,2.0933,-3.0527,2.0933,6.283,0.57,1.5779635,-0.274,0.1557411,-0.57,0.21944243,1.3462986,-0.327,-0.23317671,1.71,1.1114442,-0.327,0.85339075,-0.20504288,1.0800366,0.9343827
524,8.751999999999592,1.0,1.0,-1.0,0.99316525,-0.321166,1.0,0.57751083,1.0,0.8687571,-1.0,-0.5277773,-1.0,-0.48604324,0.55593425,-1.0,-0.40923047,1.0,0.33016795,-1.0,-0.13523097,-1.0,0.42482457,0.14948858,3.0527,2.0933,-3.0527,2.0933,-3.0527,2.0933,6.283,0.57,1.5783634,-0.274,0.1558477,-0.57,0.21949862,1.3465055,-0.327,-0.23326136,1.71,1.11137,-0.327,0.8535611,-0.20504288,1.0800551,0.93448085
525,8.769999999999598,1.0,1.0,-1.0,0.99303,-0.32109657,1.0,0.5776748,1.0,0.8691571,-1.0,-0.5276744,-1.0,-0.48598763,0.55613846,-1.0,-0.40938747,1.0,0.33009368,-1.0,-0.13493623,-1.0,0.42485052,0.14957245,3.0527,2.0933,-3.0527,2.0933,-3.0527,2.0933,6.283,0.57,1.5787646,-0.274,0.15595295,-0.57,0.21955441,1.3467182,-0.327,-0.23335086,1.71,1.1112926,-0.327,0.8537281,-0.20504288,1.08008,0.93456817
526,8.785999999999603,1.0,1.0,-1.0,0.9928769,-0.32100454,1.0,0.5778539,1.0,0.8695549,-1.0,-0.52757704,-1.0,-0.48590687,0.5563715,-1.0,-0.4095473,1.0,0.33001804,-1.0,-0.13462879,-1.0,0.42489552,0.14962383,3.0527,2.0933,-3.0527,2.0933,-3.0527,2.0933,6.283,0.57,1.5791636,-0.274,0.15605247,-0.57,0.21963541,1.3469609,-0.327,-0.23344196,1.71,1.1112138,-0.327,0.8539023,-0.20504288,1.0801233,0.93462163
527,8.801999999999609,1.0,1.0,-1.0,0.9927378,-0.32093567,1.0,0.5780525,1.0,0.86993504,-1.0,-0.5274843,-1.0,-0.48583525,0.5565724,-1.0,-0.40967333,1.0,0.329953,-1.0,-0.13433047,-1.0,0.4249337,0.14971082,3.0527,2.0933,-3.0527,2.0933,-3.0527,2.0933,6.283,0.57,1.5795448,-0.274,0.1561473,-0.57,0.21970724,1.3471701,-0.327,-0.2335138,1.71,1.1111461,-0.327,0.8540713,-0.20504288,1.08016,0.9347122
528,8.819999999999615,1.0,1.0,-1.0,0.9925977,-0.32082835,1.0,0.5782738,1.0,0.87024117,-1.0,-0.5274199,-1.0,-0.48572648,0.5567768,-1.0,-0.40974638,1.0,0.3299054,-1.0,-0.13406296,-1.0,0.4250191,0.14975654,3.0527,2.0933,-3.0527,2.0933,-3.0527,2.0933,6.283,0.57,1.5798519,-0.274,0.15621312,-0.57,0.21981634,1.347383,-0.327,-0.23355544,1.71,1.1110965,-0.327,0.8542229,-0.20504288,1.0802422,0.9347598
529,8.83599999999962,1.0,1.0,-1.0,0.99244285,-0.32068995,1.0,0.57849807,1.0,0.8705088,-1.0,-0.52737844,-1.0,-0.4855787,0.5570097,-1.0,-0.40980557,1.0,0.32986307,-1.0,-0.13378908,-1.0,0.42513046,0.1497552,3.0527,2.0933,-3.0527,2.0933,-3.0527,2.0933,6.283,0.57,1.5801203,-0.274,0.15625554,-0.57,0.21996458,1.3476256,-0.327,-0.23358917,1.71,1.1110524,-0.327,0.8543781,-0.20504288,1.0803492,0.93475837
530,8.851999999999626,1.0,1.0,-1.0,0.9922813,-0.3205919,1.0,0.5787532,1.0,0.8707117,-1.0,-0.5273721,-1.0,-0.48539332,0.55724496,-1.0,-0.40980533,1.0,0.32983726,-1.0,-0.13351275,-1.0,0.425257,0.1497369,3.0527,2.0933,-3.0527,2.0933,-3.0527,2.0933,6.283,0.57,1.5803238,-0.274,0.15626201,-0.57,0.2201505,1.3478706,-0.327,-0.23358904,1.71,1.1110255,-0.327,0.8545347,-0.20504288,1.0804708,0.93473935
531,8.869999999999632,1.0,1.0,-1.0,0.9921217,-0.32048222,1.0,0.5789816,1.0,0.8709015,-1.0,-0.5273907,-1.0,-0.4852015,0.5574953,-1.0,-0.4098325,1.0,0.32980666,-1.0,-0.13321932,-1.0,0.42536995,0.14970236,3.0527,2.0933,-3.0527,2.0933,-3.0527,2.0933,6.283,0.57,1.5805142,-0.274,0.156243,-0.57,0.22034289,1.3481313,-0.327,-0.23360454,1.71,1.1109936,-0.327,0.8547009,-0.20504288,1.0805794,0.9347034
532,8.885999999999637,1.0,1.0,-1.0,0.9919536,-0.32035965,1.0,0.57916516,1.0,0.8711376,-1.0,-0.527393,-1.0,-0.48502037,0.5577585,-1.0,-0.40991333,1.0,0.32976097,-1.0,-0.13291688,-1.0,0.42546397,0.14966647,3.0527,2.0933,-3.0527,2.0933,-3.0527,2.0933,6.283,0.57,1.5807511,-0.274,0.15624067,-0.57,0.22052456,1.3484055,-0.327,-0.2336506,1.71,1.110946,-0.327,0.8548723,-0.20504288,1.0806698,0.93466604
533,8.901999999999642,1.0,1.0,-1.0,0.99181235,-0.32028568,1.0,0.57932675,1.0,0.8714318,-1.0,-0.5273576,-1.0,-0.48489454,0.5579747,-1.0,-0.41001758,1.0,0.32970735,-1.0,-0.13262554,-1.0,0.42551243,0.14970271,3.0527,2.0933,-3.0527,2.0933,-3.0527,2.0933,6.283,0.57,1.5810461,-0.274,0.15627688,-0.57,0.22065078,1.3486307,-0.327,-0.23371002,1.71,1.1108902,-0.327,0.8550374,-0.20504288,1.0807164,0.93470377
534,8.919999999999648,1.0,1.0,-1.0,0.99168193,-0.32020092,1.0,0.57946765,1.0,0.8716829,-1.0,-0.5273216,-1.0,-0.4847523,0.55818707,-1.0,-0.41007483,1.0,0.32966465,-1.0,-0.13238724,-1.0,0.42560762,0.14971757,3.0527,2.0933,-3.0527,2.0933,-3.0527,2.0933,6.283,0.57,1.5812979,-0.274,0.15631369,-0.57,0.22079344,1.3488518,-0.327,-0.23374265,1.71,1.1108457,-0.327,0.8551724,-0.20504288,1.0808079,0.9347192
535,8.935999999999654,1.0,1.0,-1.0,0.9915645,-0.32008848,1.0,0.5796031,1.0,0.8719561,-1.0,-0.527251,-1.0,-0.48460788,0.5583938,-1.0,-0.41006723,1.0,0.32962966,-1.0,-0.13216604,-1.0,0.42574728,0.14977531,3.0527,2.0933,-3.0527,2.0933,-3.0527,2.0933,6.283,0.57,1.5815719,-0.274,0.15638585,-0.57,0.2209383,1.3490671,-0.327,-0.23373832,1.71,1.1108093,-0.327,0.85529774,-0.20504288,1.0809422,0.93477935
536,8.951999999999659,1.0,1.0,-1.0,0.99144024,-0.31996965,1.0,0.5798241,1.0,0.87221295,-1.0,-0.5272191,-1.0,-0.48446152,0.5585964,-1.0,-0.41012663,1.0,0.32959682,-1.0,-0.13186468,-1.0,0.42580935,0.14979541,3.0527,2.0933,-3.0527,2.0933,-3.0527,2.0933,6.283,0.57,1.5818295,-0.274,0.15641846,-0.57,0.2210851,1.3492781,-0.327,-0.23377217,1.71,1.1107751,-0.327,0.8554685,-0.20504288,1.0810019,0.93480027
537,8.969999999999665,1.0,1.0,-1.0,0.9913198,-0.31986,1.0,0.5800107,1.0,0.8724812,-1.0,-0.52719605,-1.0,-0.48432449,0.5588135,-1.0,-0.41021317,1.0,0.329553,-1.0,-0.13160415,-1.0,0.42587838,0.14981511,3.0527,2.0933,-3.0527,2.0933,-3.0527,2.0933,6.283,0.57,1.5820987,-0.274,0.15644205,-0.57,0.22122253,1.3495042,-0.327,-0.23382151,1.71,1.1107295,-0.327,0.8556161,-0.20504288,1.0810682,0.9348208
538,8.98599999999967,1.0,1.0,-1.0,0.9911814,-0.3197681,1.0,0.58018047,1.0,0.87279534,-1.0,-0.5271584,-1.0,-0.48418906,0.55905044,-1.0,-0.41034383,1.0,0.32949293,-1.0,-0.13130988,-1.0,0.42593345,0.14982995,3.0527,2.0933,-3.0527,2.0933,-3.0527,2.0933,6.283,0.57,1.5824137,-0.274,0.15648055,-0.57,0.22135837,1.349751,-0.327,-0.23389599,1.71,1.1106669,-0.327,0.85578287,-0.20504288,1.0811211,0.9348362
539,9.001999999999676,1.0,1.0,-1.0,0.9910655,-0.3197019,1.0,0.580373,1.0,0.87311804,-1.0,-0.5270984,-1.0,-0.48408464,0.559234,-1.0,-0.41044152,1.0,0.3294429,-1.0,-0.13103731,-1.0,0.42597923,0.1499042,3.0527,2.0933,-3.0527,2.0933,-3.0527,2.0933,6.283,0.57,1.5827374,-0.274,0.15654187,-0.57,0.22146311,1.3499422,-0.327,-0.23395166,1.71,1.1106148,-0.327,0.8559373,-0.20504288,1.0811651,0.9349135
540,9.019999999999682,1.0,1.0,-1.0,0.990957,-0.3196245,1.0,0.58055896,1.0,0.87346137,-1.0,-0.5270284,-1.0,-0.48399982,0.5594135,-1.0,-0.41056466,1.0,0.32938576,-1.0,-0.13076665,-1.0,0.42601588,0.14998461,3.0527,2.0933,-3.0527,2.0933,-3.0527,2.0933,6.283,0.57,1.5830817,-0.274,0.15661348,-0.57,0.22154818,1.3501291,-0.327,-0.23402186,1.71,1.1105553,-0.327,0.85609066,-0.20504288,1.0812004,0.93499726
541,9.035999999999687,1.0,1.0,-1.0,0.99085045,-0.31956393,1.0,0.5807068,1.0,0.8738528,-1.0,-0.52692115,-1.0,-0.48392934,0.5595929,-1.0,-0.41068685,1.0,0.32931966,-1.0,-0.13051762,-1.0,0.42606556,0.15008985,3.0527,2.0933,-3.0527,2.0933,-3.0527,2.0933,6.283,0.57,1.5834744,-0.274,0.15672313,-0.57,0.22161888,1.350316,-0.327,-0.2340915,1.71,1.1104864,-0.327,0.85623175,-0.20504288,1.0812482,0.93510675
542,9.051999999999692,1.0,1.0,-1.0,0.9907637,-0.31952477,1.0,0.58085793,1.0,0.8743032,-1.0,-0.5267685,-1.0,-0.48391467,0.55972284,-1.0,-0.41079122,1.0,0.32925195,-1.0,-0.13025685,-1.0,0.42608884,0.15029323,3.0527,2.0933,-3.0527,2.0933,-3.0527,2.0933,6.283,0.57,1.5839261,-0.274,0.1568792,-0.57,0.22163358,1.3504514,-0.327,-0.23415099,1.71,1.1104159,-0.327,0.8563795,-0.20504288,1.0812705,0.9353185
543,9.069999999999698,1.0,1.0,-1.0,0.99067163,-0.31945673,1.0,0.5810196,1.0,0.8747668,-1.0,-0.5266191,-1.0,-0.48390934,0.55986446,-1.0,-0.41094536,1.0,0.32917434,-1.0,-0.12998183,-1.0,0.42609167,0.15047014,3.0527,2.0933,-3.0527,2.0933,-3.0527,2.0933,6.283,0.57,1.5843911,-0.274,0.157032,-0.57,0.22163893,1.3505988,-0.327,-0.23423885,1.71,1.1103351,-0.327,0.8565353,-0.20504288,1.0812732,0.9355027
544,9.085999999999704,1.0,1.0,-1.0,0.9905555,-0.31937438,1.0,0.5811803,1.0,0.8752589,-1.0,-0.5264763,-1.0,-0.48389354,0.5600501,-1.0,-0.41115168,1.0,0.32908124,-1.0,-0.12968351,-1.0,0.42608735,0.1506152,3.0527,2.0933,-3.0527,2.0933,-3.0527,2.0933,6.283,0.57,1.5848846,-0.274,0.15717795,-0.57,0.22165477,1.3507922,-0.327,-0.23435646,1.71,1.1102381,-0.327,0.85670435,-0.20504288,1.081269,0.9356537
545,9.101999999999709,1.0,1.0,-1.0,0.99043643,-0.31932262,1.0,0.58135736,1.0,0.8757299,-1.0,-0.52634627,-1.0,-0.4838775,0.5602216,-1.0,-0.4113315,1.0,0.32899332,-1.0,-0.12938692,-1.0,0.42608106,0.15077707,3.0527,2.0933,-3.0527,2.0933,-3.0527,2.0933,6.283,0.57,1.5853571,-0.274,0.15731095,-0.57,0.22167085,1.3509709,-0.327,-0.23445895,1.71,1.1101465,-0.327,0.85687244,-0.20504288,1.0812631,0.93582225
546,9.119999999999715,1.0,1.0,-1.0,0.9903065,-0.31924036,1.0,0.58155286,1.0,0.876144,-1.0,-0.526247,-1.0,-0.48382938,0.56041074,-1.0,-0.41148388,1.0,0.32891482,-1.0,-0.12909652,-1.0,0.42610738,0.15089814,3.0527,2.0933,-3.0527,2.0933,-3.0527,2.0933,6.283,0.57,1.5857724,-0.274,0.15741242,-0.57,0.22171913,1.3511678,-0.327,-0.23454581,1.71,1.1100647,-0.327,0.85703695,-0.20504288,1.0812883,0.93594825
547,9.13599999999972,1.0,1.0,-1.0,0.9901508,-0.31911528,1.0,0.58176583,1.0,0.8765005,-1.0,-0.52617985,-1.0,-0.48372856,0.5606381,-1.0,-0.41160506,1.0,0.32884607,-1.0,-0.12880255,-1.0,0.4261778,0.15095928,3.0527,2.0933,-3.0527,2.0933,-3.0527,2.0933,6.283,0.57,1.58613,-0.274,0.1574811,-0.57,0.22182025,1.3514047,-0.327,-0.23461488,1.71,1.1099932,-0.327,0.85720354,-0.20504288,1.081356,0.9360119
548,9.151999999999726,1.0,1.0,-1.0,0.9900015,-0.31900653,1.0,0.58197796,1.0,0.876825,-1.0,-0.52613014,-1.0,-0.48362654,0.5608485,-1.0,-0.41169566,1.0,0.32878613,-1.0,-0.12850995,-1.0,0.4262423,0.1510386,3.0527,2.0933,-3.0527,2.0933,-3.0527,2.0933,6.283,0.57,1.5864555,-0.274,0.15753193,-0.57,0.22192258,1.3516237,-0.327,-0.23466653,1.71,1.1099308,-0.327,0.8573693,-0.20504288,1.081418,0.93609446
549,9.169999999999732,1.0,1.0,-1.0,0.9898249,-0.31882742,1.0,0.58224905,1.0,0.87705255,-1.0,-0.526146,-1.0,-0.48346922,0.56109506,-1.0,-0.41178894,1.0,0.3287408,-1.0,-0.1281981,-1.0,0.4263255,0.15101837,3.0527,2.0933,-3.0527,2.0933,-3.0527,2.0933,6.283,0.57,1.5866838,-0.274,0.15751572,-0.57,0.22208038,1.3518806,-0.327,-0.2347197,1.71,1.1098835,-0.327,0.85754603,-0.20504288,1.081498,0.9360734
550,9.185999999999737,1.0,1.0,-1.0,0.98962426,-0.31861824,1.0,0.58252805,1.0,0.87714094,-1.0,-0.5262255,-1.0,-0.48321596,0.5613858,-1.0,-0.41179016,1.0,0.3287236,-1.0,-0.12794973,-1.0,0.4265041,0.15089089,3.0527,2.0933,-3.0527,2.0933,-3.0527,2.0933,6.283,0.57,1.5867723,-0.274,0.15743442,-0.57,0.2223344,1.3521833,-0.327,-0.2347204,1.71,1.1098657,-0.327,0.85768676,-0.20504288,1.0816697,0.9359407
551,9.201999999999742,1.0,1.0,-1.0,0.98944646,-0.31842935,1.0,0.58281046,1.0,0.87717414,-1.0,-0.5263195,-1.0,-0.48295662,0.56164074,-1.0,-0.4117025,1.0,0.32873127,-1.0,-0.1277091,-1.0,0.42669782,0.15080895,3.0527,2.0933,-3.0527,2.0933,-3.0527,2.0933,6.283,0.57,1.5868057,-0.274,0.1573383,-0.57,0.22259451,1.3524488,-0.327,-0.23467043,1.71,1.1098737,-0.327,0.85782313,-0.20504288,1.0818559,0.9358554
552,9.219999999999748,1.0,1.0,-1.0,0.9892732,-0.3182224,1.0,0.5830576,1.0,0.8771957,-1.0,-0.52641165,-1.0,-0.4827036,0.5618911,-1.0,-0.41161048,1.0,0.32874095,-1.0,-0.12748326,-1.0,0.42689794,0.15072237,3.0527,2.0933,-3.0527,2.0933,-3.0527,2.0933,6.283,0.57,1.5868273,-0.274,0.15724409,-0.57,0.2228483,1.3527095,-0.327,-0.23461798,1.71,1.1098837,-0.327,0.85795105,-0.20504288,1.0820483,0.93576527
553,9.235999999999754,1.0,1.0,-1.0,0.9890901,-0.31800377,1.0,0.5832732,1.0,0.8772488,-1.0,-0.5264858,-1.0,-0.48245355,0.56216186,-1.0,-0.4115416,1.0,0.3287434,-1.0,-0.1272582,-1.0,0.42709875,0.15062399,3.0527,2.0933,-3.0527,2.0933,-3.0527,2.0933,6.283,0.57,1.5868806,-0.274,0.15716827,-0.57,0.22309908,1.3529916,-0.327,-0.23457871,1.71,1.1098863,-0.327,0.8580786,-0.20504288,1.0822414,0.93566287
554,9.251999999999759,1.0,1.0,-1.0,0.9889315,-0.31783313,1.0,0.58348143,1.0,0.87735456,-1.0,-0.52652913,-1.0,-0.4822533,0.5623933,-1.0,-0.41148412,1.0,0.32874233,-1.0,-0.12703212,-1.0,0.42725474,0.15059362,3.0527,2.0933,-3.0527,2.0933,-3.0527,2.0933,6.283,0.57,1.5869867,-0.274,0.15712397,-0.57,0.22329992,1.3532326,-0.327,-0.23454595,1.71,1.1098851,-0.327,0.8582067,-0.20504288,1.0823914,0.9356312
555,9.269999999999765,1.0,1.0,-1.0,0.9887848,-0.31767115,1.0,0.5836818,1.0,0.8775021,-1.0,-0.52655303,-1.0,-0.48208898,0.56261414,-1.0,-0.4114582,1.0,0.32873425,-1.0,-0.12681432,-1.0,0.42738712,0.15058164,3.0527,2.0933,-3.0527,2.0933,-3.0527,2.0933,6.283,0.57,1.5871346,-0.274,0.15709952,-0.57,0.22346476,1.3534626,-0.327,-0.23453116,1.71,1.1098768,-0.327,0.85833013,-0.20504288,1.0825186,0.93561876
556,9.28599999999977,1.0,1.0,-1.0,0.9886284,-0.3175053,1.0,0.5838671,1.0,0.87768203,-1.0,-0.52656484,-1.0,-0.48194227,0.5628455,-1.0,-0.41145188,1.0,0.32872045,-1.0,-0.1266075,-1.0,0.42751205,0.15056573,3.0527,2.0933,-3.0527,2.0933,-3.0527,2.0933,6.283,0.57,1.5873151,-0.274,0.15708746,-0.57,0.2236119,1.3537036,-0.327,-0.23452757,1.71,1.1098623,-0.327,0.8584473,-0.20504288,1.0826387,0.9356022
557,9.301999999999776,1.0,1.0,-1.0,0.9885032,-0.3174379,1.0,0.5839749,1.0,0.87789565,-1.0,-0.5265287,-1.0,-0.48183903,0.5630228,-1.0,-0.41139516,1.0,0.32870638,-1.0,-0.12646975,-1.0,0.42764014,0.15062988,3.0527,2.0933,-3.0527,2.0933,-3.0527,2.0933,6.283,0.57,1.5875293,-0.274,0.15712439,-0.57,0.22371545,1.3538883,-0.327,-0.23449524,1.71,1.1098477,-0.327,0.85852534,-0.20504288,1.0827619,0.935669
558,9.319999999999782,1.0,1.0,-1.0,0.98840487,-0.31735438,1.0,0.5840473,1.0,0.8781904,-1.0,-0.52641106,-1.0,-0.4817877,0.56315595,-1.0,-0.41128525,1.0,0.32868803,-1.0,-0.1263441,-1.0,0.4277907,0.1508113,3.0527,2.0933,-3.0527,2.0933,-3.0527,2.0933,6.283,0.57,1.587825,-0.274,0.1572447,-0.57,0.22376692,1.3540269,-0.327,-0.2344326,1.71,1.1098286,-0.327,0.85859656,-0.20504288,1.0829066,0.93585783
559,9.335999999999787,1.0,1.0,-1.0,0.9882901,-0.31722224,1.0,0.5841657,1.0,0.87854236,-1.0,-0.52628624,-1.0,-0.48174593,0.56331563,-1.0,-0.41128904,1.0,0.32864994,-1.0,-0.126143,-1.0,0.42787865,0.1509424,3.0527,2.0933,-3.0527,2.0933,-3.0527,2.0933,6.283,0.57,1.588178,-0.274,0.15737231,-0.57,0.22380884,1.3541932,-0.327,-0.23443475,1.71,1.1097889,-0.327,0.85871047,-0.20504288,1.0829911,0.9359943
560,9.351999999999792,1.0,1.0,-1.0,0.9881846,-0.31713262,1.0,0.5842951,1.0,0.87893474,-1.0,-0.5261662,-1.0,-0.4817334,0.56346905,-1.0,-0.4113587,1.0,0.32859647,-1.0,-0.12593944,-1.0,0.4279123,0.15109222,3.0527,2.0933,-3.0527,2.0933,-3.0527,2.0933,6.283,0.57,1.5885715,-0.274,0.15749507,-0.57,0.22382139,1.3543531,-0.327,-0.23447447,1.71,1.1097332,-0.327,0.8588258,-0.20504288,1.0830234,0.9361503
561,9.369999999999798,1.0,1.0,-1.0,0.98806554,-0.31705767,1.0,0.5844311,1.0,0.87934184,-1.0,-0.52606165,-1.0,-0.48171803,0.56364596,-1.0,-0.41147667,1.0,0.32852864,-1.0,-0.12571253,-1.0,0.4279322,0.15122376,3.0527,2.0933,-3.0527,2.0933,-3.0527,2.0933,6.283,0.57,1.5889798,-0.274,0.15760195,-0.57,0.22383681,1.3545372,-0.327,-0.2345417,1.71,1.1096625,-0.327,0.85895437,-0.20504288,1.0830426,0.9362873
562,9.385999999999804,1.0,1.0,-1.0,0.9879186,-0.31698966,1.0,0.5845647,1.0,0.8798119,-1.0,-0.5259534,-1.0,-0.48170897,0.563862,-1.0,-0.41167232,1.0,0.32843643,-1.0,-0.12543131,-1.0,0.42792597,0.15134674,3.0527,2.0933,-3.0527,2.0933,-3.0527,2.0933,6.283,0.57,1.5894513,-0.274,0.15771264,-0.57,0.2238459,1.3547623,-0.327,-0.23465322,1.71,1.1095666,-0.327,0.85911375,-0.20504288,1.0830367,0.93641526
563,9.40199999999981,1.0,1.0,-1.0,0.9877737,-0.3169548,1.0,0.58472115,1.0,0.8802754,-1.0,-0.52584153,-1.0,-0.48170957,0.56404907,-1.0,-0.41184628,1.0,0.32834888,-1.0,-0.12515731,-1.0,0.4279178,0.15149656,3.0527,2.0933,-3.0527,2.0933,-3.0527,2.0933,6.283,0.57,1.5899162,-0.274,0.15782703,-0.57,0.2238453,1.3549571,-0.327,-0.23475239,1.71,1.1094754,-0.327,0.85926896,-0.20504288,1.0830288,0.93657124
564,9.419999999999815,1.0,1.0,-1.0,0.9876275,-0.31688553,1.0,0.58491385,1.0,0.8806797,-1.0,-0.5257542,-1.0,-0.48167697,0.5642421,-1.0,-0.4119833,1.0,0.32827523,-1.0,-0.12489381,-1.0,0.42794675,0.15161021,3.0527,2.0933,-3.0527,2.0933,-3.0527,2.0933,6.283,0.57,1.5903218,-0.274,0.15791632,-0.57,0.223878,1.3551582,-0.327,-0.23483048,1.71,1.1093986,-0.327,0.8594183,-0.20504288,1.0830566,0.93668956
565,9.43599999999982,1.0,1.0,-1.0,0.98746634,-0.31677678,1.0,0.5851345,1.0,0.8810334,-1.0,-0.52569485,-1.0,-0.48160127,0.56445974,-1.0,-0.41209394,1.0,0.32821226,-1.0,-0.12462523,-1.0,0.4280113,0.15167771,3.0527,2.0933,-3.0527,2.0933,-3.0527,2.0933,6.283,0.57,1.5906765,-0.274,0.15797701,-0.57,0.22395393,1.3553848,-0.327,-0.23489355,1.71,1.109333,-0.327,0.8595705,-0.20504288,1.0831187,0.9367598
566,9.451999999999826,1.0,1.0,-1.0,0.98731804,-0.31668118,1.0,0.5853637,1.0,0.8813486,-1.0,-0.5256497,-1.0,-0.48152402,0.56464994,-1.0,-0.4121675,1.0,0.3281619,-1.0,-0.12436619,-1.0,0.42807463,0.15176381,3.0527,2.0933,-3.0527,2.0933,-3.0527,2.0933,6.283,0.57,1.5909927,-0.274,0.15802315,-0.57,0.2240314,1.355583,-0.327,-0.23493546,1.71,1.1092806,-0.327,0.85971725,-0.20504288,1.0831796,0.9368495
567,9.469999999999832,1.0,1.0,-1.0,0.98716956,-0.3165617,1.0,0.5855874,1.0,0.8816203,-1.0,-0.52562284,-1.0,-0.4814293,0.5648442,-1.0,-0.41222602,1.0,0.32811868,-1.0,-0.12412193,-1.0,0.4281567,0.15182163,3.0527,2.0933,-3.0527,2.0933,-3.0527,2.0933,6.283,0.57,1.5912652,-0.274,0.15805064,-0.57,0.2241264,1.3557853,-0.327,-0.23496883,1.71,1.1092356,-0.327,0.85985565,-0.20504288,1.0832584,0.9369097
568,9.485999999999837,1.0,1.0,-1.0,0.9870055,-0.31641302,1.0,0.5858102,1.0,0.88186884,-1.0,-0.5256071,-1.0,-0.4813054,0.5650633,-1.0,-0.4122781,1.0,0.32807913,-1.0,-0.12387677,-1.0,0.4282624,0.1518411,3.0527,2.0933,-3.0527,2.0933,-3.0527,2.0933,6.283,0.57,1.5915145,-0.274,0.15806673,-0.57,0.22425069,1.3560134,-0.327,-0.23499851,1.71,1.1091944,-0.327,0.8599946,-0.20504288,1.0833601,0.93692994
569,9.501999999999843,1.0,1.0,-1.0,0.9868569,-0.3162871,1.0,0.5860376,1.0,0.88209885,-1.0,-0.5255941,-1.0,-0.48118943,0.5652543,-1.0,-0.41230088,1.0,0.3280489,-1.0,-0.12364086,-1.0,0.4283597,0.15188807,3.0527,2.0933,-3.0527,2.0933,-3.0527,2.0933,6.283,0.57,1.5917451,-0.274,0.15808001,-0.57,0.22436701,1.3562124,-0.327,-0.2350115,1.71,1.1091629,-0.327,0.8601282,-0.20504288,1.0834535,0.9369788
570,9.519999999999849,1.0,1.0,-1.0,0.9867108,-0.31614006,1.0,0.5862652,1.0,0.8822913,-1.0,-0.5255935,-1.0,-0.48105863,0.56544626,-1.0,-0.41230446,1.0,0.3280269,-1.0,-0.123422526,-1.0,0.42847705,0.15191172,3.0527,2.0933,-3.0527,2.0933,-3.0527,2.0933,6.283,0.57,1.5919381,-0.274,0.15808062,-0.57,0.2244982,1.3564123,-0.327,-0.23501354,1.71,1.10914,-0.327,0.86025196,-0.20504288,1.0835664,0.93700343
571,9.535999999999854,1.0,1.0,-1.0,0.98655283,-0.31596833,1.0,0.58648795,1.0,0.8824769,-1.0,-0.5255979,-1.0,-0.4809086,0.56566054,-1.0,-0.4123109,1.0,0.3280055,-1.0,-0.12319907,-1.0,0.4286086,0.1519084,3.0527,2.0933,-3.0527,2.0933,-3.0527,2.0933,6.283,0.57,1.5921243,-0.274,0.15807618,-0.57,0.22464867,1.3566355,-0.327,-0.23501721,1.71,1.1091177,-0.327,0.86037856,-0.20504288,1.0836929,0.937
572,9.55199999999986,1.0,1.0,-1.0,0.98641056,-0.31582853,1.0,0.58670914,1.0,0.8826741,-1.0,-0.5255955,-1.0,-0.48078158,0.5658477,-1.0,-0.41231006,1.0,0.32798576,-1.0,-0.12297394,-1.0,0.42871547,0.15194693,3.0527,2.0933,-3.0527,2.0933,-3.0527,2.0933,6.283,0.57,1.5923221,-0.274,0.15807861,-0.57,0.22477607,1.3568304,-0.327,-0.23501673,1.71,1.1090971,-0.327,0.8605061,-0.20504288,1.0837957,0.9370401
573,9.569999999999865,1.0,1.0,-1.0,0.98626924,-0.31568766,1.0,0.5869108,1.0,0.882889,-1.0,-0.5255878,-1.0,-0.48066655,0.56603974,-1.0,-0.4123366,1.0,0.3279584,-1.0,-0.12274935,-1.0,0.42881233,0.1519841,3.0527,2.0933,-3.0527,2.0933,-3.0527,2.0933,6.283,0.57,1.5925376,-0.274,0.15808648,-0.57,0.22489145,1.3570304,-0.327,-0.23503186,1.71,1.1090686,-0.327,0.8606334,-0.20504288,1.0838888,0.9370788
574,9.58599999999987,1.0,1.0,-1.0,0.98611283,-0.31554064,1.0,0.5871024,1.0,0.883146,-1.0,-0.52556765,-1.0,-0.48055515,0.5662571,-1.0,-0.41240028,1.0,0.32791883,-1.0,-0.122506104,-1.0,0.42890206,0.15201479,3.0527,2.0933,-3.0527,2.0933,-3.0527,2.0933,6.283,0.57,1.5927954,-0.274,0.15810707,-0.57,0.22500318,1.3572568,-0.327,-0.23506816,1.71,1.1090275,-0.327,0.8607712,-0.20504288,1.083975,0.9371108
575,9.601999999999876,1.0,1.0,-1.0,0.98597014,-0.315433,1.0,0.58730215,1.0,0.8834244,-1.0,-0.52553505,-1.0,-0.48046884,0.56644636,-1.0,-0.4124571,1.0,0.32787937,-1.0,-0.12226351,-1.0,0.42896944,0.15209028,3.0527,2.0933,-3.0527,2.0933,-3.0527,2.0933,6.283,0.57,1.5930747,-0.274,0.15814042,-0.57,0.22508976,1.357454,-0.327,-0.23510055,1.71,1.1089864,-0.327,0.8609087,-0.20504288,1.0840398,0.93718934
576,9.619999999999882,1.0,1.0,-1.0,0.98582995,-0.3153177,1.0,0.58750534,1.0,0.88370013,-1.0,-0.5255042,-1.0,-0.48038283,0.56663865,-1.0,-0.41251478,1.0,0.32783943,-1.0,-0.12202766,-1.0,0.42904347,0.15216011,3.0527,2.0933,-3.0527,2.0933,-3.0527,2.0933,6.283,0.57,1.5933512,-0.274,0.15817198,-0.57,0.22517602,1.3576541,-0.327,-0.23513342,1.71,1.1089448,-0.327,0.8610423,-0.20504288,1.084111,0.93726206
577,9.635999999999887,1.0,1.0,-1.0,0.9856767,-0.31518084,1.0,0.5877234,1.0,0.8839779,-1.0,-0.52547723,-1.0,-0.48028058,0.5668528,-1.0,-0.41257533,1.0,0.3277995,-1.0,-0.12178191,-1.0,0.42913088,0.1522099,3.0527,2.0933,-3.0527,2.0933,-3.0527,2.0933,6.283,0.57,1.5936298,-0.274,0.15819953,-0.57,0.22527859,1.3578773,-0.327,-0.23516794,1.71,1.1089032,-0.327,0.86118156,-0.20504288,1.084195,0.93731385
578,9.651999999999893,1.0,1.0,-1.0,0.9855371,-0.31507307,1.0,0.58795017,1.0,0.8842498,-1.0,-0.5254531,-1.0,-0.48019072,0.56704146,-1.0,-0.41261625,1.0,0.32776415,-1.0,-0.12153985,-1.0,0.4292044,0.15229176,3.0527,2.0933,-3.0527,2.0933,-3.0527,2.0933,6.283,0.57,1.5939026,-0.274,0.15822421,-0.57,0.22536871,1.3580737,-0.327,-0.23519127,1.71,1.1088663,-0.327,0.8613187,-0.20504288,1.0842657,0.9373991
579,9.669999999999899,1.0,1.0,-1.0,0.98539615,-0.31495297,1.0,0.58817494,1.0,0.88449955,-1.0,-0.5254414,-1.0,-0.4800916,0.5672356,-1.0,-0.4126535,1.0,0.32773042,-1.0,-0.12130847,-1.0,0.429289,0.15235521,3.0527,2.0933,-3.0527,2.0933,-3.0527,2.0933,6.283,0.57,1.594153,-0.274,0.15823616,-0.57,0.22546813,1.3582759,-0.327,-0.2352125,1.71,1.1088313,-0.327,0.8614498,-0.20504288,1.084347,0.93746513
580,9.685999999999904,1.0,1.0,-1.0,0.9852407,-0.31480986,1.0,0.588409,1.0,0.88473886,-1.0,-0.52543986,-1.0,-0.47996873,0.56745577,-1.0,-0.4126895,1.0,0.32769823,-1.0,-0.12107172,-1.0,0.42939174,0.15238947,3.0527,2.0933,-3.0527,2.0933,-3.0527,2.0933,6.283,0.57,1.5943931,-0.274,0.15823774,-0.57,0.22559136,1.3585051,-0.327,-0.23523302,1.71,1.1087977,-0.327,0.86158395,-0.20504288,1.0844457,0.93750083
581,9.70199999999991,1.0,1.0,-1.0,0.9850995,-0.3146978,1.0,0.58864576,1.0,0.8849699,-1.0,-0.5254417,-1.0,-0.47985753,0.5676504,-1.0,-0.41270503,1.0,0.3276708,-1.0,-0.12083974,-1.0,0.42948154,0.15245466,3.0527,2.0933,-3.0527,2.0933,-3.0527,2.0933,6.283,0.57,1.5946248,-0.274,0.15823586,-0.57,0.2257029,1.3587079,-0.327,-0.23524188,1.71,1.1087692,-0.327,0.8617154,-0.20504288,1.084532,0.93756866
582,9.719999999999915,1.0,1.0,-1.0,0.9849577,-0.31457475,1.0,0.58887684,1.0,0.88518286,-1.0,-0.5254524,-1.0,-0.47974023,0.56784934,-1.0,-0.41271955,1.0,0.32764453,-1.0,-0.12061759,-1.0,0.4295798,0.15250313,3.0527,2.0933,-3.0527,2.0933,-3.0527,2.0933,6.283,0.57,1.5948384,-0.274,0.15822494,-0.57,0.22582054,1.3589151,-0.327,-0.23525015,1.71,1.1087418,-0.327,0.86184126,-0.20504288,1.0846266,0.93761915
583,9.73599999999992,1.0,1.0,-1.0,0.98480135,-0.31443137,1.0,0.5891109,1.0,0.88539064,-1.0,-0.5254693,-1.0,-0.47960332,0.5680725,-1.0,-0.4127367,1.0,0.3276185,-1.0,-0.12039252,-1.0,0.4296934,0.15252449,3.0527,2.0933,-3.0527,2.0933,-3.0527,2.0933,6.283,0.57,1.5950468,-0.274,0.15820764,-0.57,0.22595787,1.3591475,-0.327,-0.23525992,1.71,1.1087147,-0.327,0.8619688,-0.20504288,1.0847358,0.9376414
584,9.751999999999926,1.0,1.0,-1.0,0.98465997,-0.3143198,1.0,0.58934546,1.0,0.88559735,-1.0,-0.52548456,-1.0,-0.47948202,0.5682687,-1.0,-0.4127372,1.0,0.32759628,-1.0,-0.120170794,-1.0,0.42979085,0.15257971,3.0527,2.0933,-3.0527,2.0933,-3.0527,2.0933,6.283,0.57,1.5952542,-0.274,0.15819204,-0.57,0.22607952,1.3593519,-0.327,-0.2352602,1.71,1.1086916,-0.327,0.8620944,-0.20504288,1.0848294,0.93769884
585,9.769999999999932,1.0,1.0,-1.0,0.9844962,-0.31421727,1.0,0.58960885,1.0,0.88571954,-1.0,-0.525545,-1.0,-0.47929013,0.568506,-1.0,-0.41268718,1.0,0.32758668,-1.0,-0.11995592,-1.0,0.42993772,0.15255181,3.0527,2.0933,-3.0527,2.0933,-3.0527,2.0933,6.283,0.57,1.5953767,-0.274,0.15813024,-0.57,0.226272,1.359599,-0.327,-0.2352317,1.71,1.1086816,-0.327,0.8622162,-0.20504288,1.0849706,0.9376698
586,9.785999999999937,1.0,1.0,-1.0,0.9842958,-0.31400537,1.0,0.5899797,1.0,0.88578606,-1.0,-0.5257001,-1.0,-0.47904584,0.5688108,-1.0,-0.41274482,1.0,0.32757932,-1.0,-0.1196303,-1.0,0.4300355,0.15240914,3.0527,2.0933,-3.0527,2.0933,-3.0527,2.0933,6.283,0.57,1.5954434,-0.274,0.15797165,-0.57,0.22651702,1.3599164,-0.327,-0.23526455,1.71,1.1086738,-0.327,0.86240065,-0.20504288,1.0850646,0.9375213
587,9.801999999999943,1.0,1.0,-1.0,0.98411566,-0.3138762,1.0,0.5902715,1.0,0.8858371,-1.0,-0.5258615,-1.0,-0.47881505,0.5690915,-1.0,-0.4127723,1.0,0.3275715,-1.0,-0.119400404,-1.0,0.43014675,0.15230225,3.0527,2.0933,-3.0527,2.0933,-3.0527,2.0933,6.283,0.57,1.5954946,-0.274,0.15780662,-0.57,0.22674851,1.3602087,-0.327,-0.23528022,1.71,1.1086657,-0.327,0.86253095,-0.20504288,1.0851716,0.93741
588,9.819999999999949,1.0,1.0,-1.0,0.9839438,-0.31377393,1.0,0.5905243,1.0,0.8859,-1.0,-0.52599096,-1.0,-0.47859886,0.5693477,-1.0,-0.41276568,1.0,0.32756606,-1.0,-0.1191838,-1.0,0.43027526,0.1522292,3.0527,2.0933,-3.0527,2.0933,-3.0527,2.0933,6.283,0.57,1.5955577,-0.274,0.15767424,-0.57,0.22696534,1.3604757,-0.327,-0.23527645,1.71,1.1086601,-0.327,0.8626537,-0.20504288,1.0852951,0.937334
589,9.835999999999954,1.0,1.0,-1.0,0.98377645,-0.3136577,1.0,0.59076035,1.0,0.8860178,-1.0,-0.5260766,-1.0,-0.4784054,0.56959563,-1.0,-0.4127705,1.0,0.3275569,-1.0,-0.11896976,-1.0,0.4304032,0.15218137,3.0527,2.0933,-3.0527,2.0933,-3.0527,2.0933,6.283,0.57,1.5956758,-0.274,0.15758666,-0.57,0.2271594,1.3607339,-0.327,-0.23527919,1.71,1.1086506,-0.327,0.86277497,-0.20504288,1.0854181,0.9372842
590,9.85199999999996,1.0,1.0,-1.0,0.9836421,-0.31357613,1.0,0.59099007,1.0,0.8861917,-1.0,-0.52611685,-1.0,-0.47826704,0.56979245,-1.0,-0.41276944,1.0,0.32754713,-1.0,-0.11876597,-1.0,0.43049937,0.15221205,3.0527,2.0933,-3.0527,2.0933,-3.0527,2.0933,6.283,0.57,1.5958503,-0.274,0.15754552,-0.57,0.22729816,1.3609388,-0.327,-0.23527858,1.71,1.1086403,-0.327,0.8628904,-0.20504288,1.0855106,0.9373161
591,9.869999999999965,1.0,1.0,-1.0,0.98351765,-0.31349486,1.0,0.5912049,1.0,0.88641167,-1.0,-0.5261305,-1.0,-0.478161,0.56998116,-1.0,-0.41279685,1.0,0.32752767,-1.0,-0.11857011,-1.0,0.43058062,0.15226422,3.0527,2.0933,-3.0527,2.0933,-3.0527,2.0933,6.283,0.57,1.5960709,-0.274,0.15753156,-0.57,0.2274045,1.3611354,-0.327,-0.23529421,1.71,1.10862,-0.327,0.8630014,-0.20504288,1.0855887,0.9373704
592,9.88599999999997,1.0,1.0,-1.0,0.9833847,-0.31340662,1.0,0.59142286,1.0,0.88668287,-1.0,-0.52612436,-1.0,-0.47806683,0.5701856,-1.0,-0.41285378,1.0,0.32749933,-1.0,-0.1183643,-1.0,0.43065655,0.15232298,3.0527,2.0933,-3.0527,2.0933,-3.0527,2.0933,6.283,0.57,1.5963429,-0.274,0.15753785,-0.57,0.22749896,1.3613483,-0.327,-0.23532665,1.71,1.1085906,-0.327,0.863118,-0.20504288,1.0856616,0.9374316
593,9.901999999999976,1.0,1.0,-1.0,0.9832648,-0.31335956,1.0,0.5916399,1.0,0.88698965,-1.0,-0.52609897,-1.0,-0.47800645,0.5703611,-1.0,-0.4129104,1.0,0.32746577,-1.0,-0.11815377,-1.0,0.43070668,0.1524357,3.0527,2.0933,-3.0527,2.0933,-3.0527,2.0933,6.283,0.57,1.5966506,-0.274,0.1575638,-0.57,0.22755952,1.361531,-0.327,-0.23535892,1.71,1.1085556,-0.327,0.8632373,-0.20504288,1.0857098,0.93754894
594,9.919999999999982,1.0,1.0,-1.0,0.9831425,-0.31330335,1.0,0.59185857,1.0,0.887303,-1.0,-0.5260723,-1.0,-0.47795144,0.5705408,-1.0,-0.4129756,1.0,0.32742864,-1.0,-0.11794414,-1.0,0.43076038,0.1525451,3.0527,2.0933,-3.0527,2.0933,-3.0527,2.0933,6.283,0.57,1.596965,-0.274,0.15759104,-0.57,0.22761472,1.3617182,-0.327,-0.2353961,1.71,1.1085169,-0.327,0.86335605,-0.20504288,1.0857615,0.93766284
595,9.935999999999988,1.0,1.0,-1.0,0.98300034,-0.3132309,1.0,0.5920799,1.0,0.88763326,-1.0,-0.52604747,-1.0,-0.47788692,0.57074815,-1.0,-0.41305983,1.0,0.3273852,-1.0,-0.11772104,-1.0,0.43082106,0.15263744,3.0527,2.0933,-3.0527,2.0933,-3.0527,2.0933,6.283,0.57,1.5972961,-0.274,0.15761647,-0.57,0.22767943,1.3619342,-0.327,-0.2354441,1.71,1.1084716,-0.327,0.8634825,-0.20504288,1.0858198,0.937759
596,9.951999999999993,1.0,1.0,-1.0,0.9828626,-0.31318665,1.0,0.5922955,1.0,0.8879725,-1.0,-0.5260192,-1.0,-0.47783467,0.57094,-1.0,-0.41313374,1.0,0.32733905,-1.0,-0.11749192,-1.0,0.43086904,0.15276237,3.0527,2.0933,-3.0527,2.0933,-3.0527,2.0933,6.283,0.57,1.5976363,-0.274,0.15764534,-0.57,0.22773182,1.362134,-0.327,-0.23548624,1.71,1.1084236,-0.327,0.8636123,-0.20504288,1.085866,0.93788904
597,9.969999999999999,1.0,1.0,-1.0,0.9827205,-0.3131276,1.0,0.5925202,1.0,0.8882837,-1.0,-0.5260053,-1.0,-0.4777691,0.57114005,-1.0,-0.41319695,1.0,0.3272959,-1.0,-0.11726948,-1.0,0.4309354,0.1528646,3.0527,2.0933,-3.0527,2.0933,-3.0527,2.0933,6.283,0.57,1.5979486,-0.274,0.15765955,-0.57,0.22779758,1.3623424,-0.327,-0.23552226,1.71,1.1083786,-0.327,0.86373836,-0.20504288,1.0859298,0.93799543
598,9.986000000000004,1.0,1.0,-1.0,0.98255765,-0.31303433,1.0,0.5927607,1.0,0.88856316,-1.0,-0.5260091,-1.0,-0.4776701,0.5713661,-1.0,-0.4132422,1.0,0.32725972,-1.0,-0.11704739,-1.0,0.43103224,0.15292601,3.0527,2.0933,-3.0527,2.0933,-3.0527,2.0933,6.283,0.57,1.5982288,-0.274,0.15765572,-0.57,0.22789688,1.3625778,-0.327,-0.23554805,1.71,1.108341,-0.327,0.8638642,-0.20504288,1.0860229,0.9380594
599,10.00200000000001,1.0,1.0,-1.0,0.98240626,-0.31295732,1.0,0.592999,1.0,0.8888143,-1.0,-0.52601826,-1.0,-0.4775716,0.57156515,-1.0,-0.41324693,1.0,0.32723308,-1.0,-0.11683389,-1.0,0.4311296,0.15301056,3.0527,2.0933,-3.0527,2.0933,-3.0527,2.0933,6.283,0.57,1.5984807,-0.274,0.15764633,-0.57,0.22799568,1.3627851,-0.327,-0.23555075,1.71,1.1083132,-0.327,0.8639852,-0.20504288,1.0861164,0.9381474
