progress,observation_00,observation_01,observation_02,observation_03,observation_04,observation_05,observation_06,observation_07,observation_08,observation_09,observation_10,observation_11,observation_12,observation_13,observation_14,observation_15,observation_16,observation_17,observation_18,observation_19,observation_20,observation_21,observation_22,observation_23,observation_24,observation_25,observation_26,observation_27,observation_28,observation_29,observation_30,observation_31,observation_32,observation_33,observation_34,observation_35,observation_36,observation_37,observation_38,observation_39,observation_40,observation_41,observation_42,observation_43,observation_44,observation_45,observation_46,observation_47,observation_48,observation_49,observation_50,observation_51,observation_52,observation_53,observation_54,observation_55,observation_56,observation_57,observation_58,observation_59,observation_60,observation_61,observation_62,observation_63,observation_64,observation_65,observation_66,observation_67,observation_68
0,-0.277772635,-0.277774483,0.555563569,-0.277785838,0.277766496,3.87887303e-06,-0.97647059,0.978504598,-0.978504598,-0.976761103,0.978504598,-0.978504598,0,0,0,-0,-0,0,0,-0,0,0,-0,0,0.134000331,0.524986684,0.310007453,1,3.58231182e-06,3.18666862e-05,2.21469463e-06,0,0,0,0,0,0,0,0,0,0,0,0,0,0,0,0,-1.24339306e-06,0.0458152406,0.0143588493,-5.86909039e-07,-0.0458151102,0.0143592553,0,0,0,0,0,0,0,0,0,0,0,0,0,0,0,0
1,-0.277783096,-0.277774483,0.555563569,-0.277787954,0.27776441,3.87887303e-06,-0.97647059,0.978504598,-0.978504598,-0.976761103,0.978504598,-0.978504598,0,0,0,-0,-0,0,0,-0,0,0,-0,0,0.134034306,0.524975836,0.310006261,1,-2.59813532e-05,3.78270597e-05,8.17612545e-06,0,0,0,0,0,0,0,0,0,0,0,0,0,0,0,0,1.29439343e-06,0.045815412,0.0143583035,-3.46702427e-06,-0.0458149388,0.0143598011,0,0,0,0,0,0,0,0,0,0,0,0,0,0.0953101814,0,0
2,-0.277779043,-0.277778685,0.555559516,-0.277783722,0.277768701,1.77078982e-06,-0.97647059,0.978504598,-0.978504598,-0.976761103,0.978504598,-0.978504598,0,0,0,-0,-0,0,0,-0,0,0,-0,0,0.13401632,0.524989903,0.309995085,1,-8.5767515e-06,2.56677667e-05,1.38105588e-05,0,0,0,0,0,0,0,0,0,0,0,0,0,0,0,0,4.87970802e-08,0.0458155721,0.0143577866,-1.52304949e-06,-0.0458147787,0.014360318,0,0,0,0,0,0,0,0,0,0,0,0,0,0.182321563,0,0
3,-0.277787477,-0.277782977,0.555567563,-0.277781636,0.277766496,1.77078982e-06,-0.97647059,0.978504598,-0.978504598,-0.976761103,0.978504598,-0.978504598,0,0,0,-0,-0,0,0,-0,0,0,-0,0,0.134044394,0.524986625,0.309985787,1,-3.24186913e-05,3.18664388e-05,8.56610041e-06,0,0,0,0,0,0,0,0,0,0,0,0,0,0,0,0,2.05542528e-06,0.0458154231,0.0143582672,-3.88569697e-06,-0.0458149277,0.0143598374,0,0,0,0,0,0,0,0,0,0,0,0,0,0.262364268,0,0
4,-0.277783096,-0.277776688,0.555563569,-0.277783722,0.277766496,3.87887303e-06,-0.97647059,0.978504598,-0.978504598,-0.976761103,0.978504598,-0.978504598,0,-0.00082407915,0.000496465538,-0,-0,0,0,-0,0,0,-0,0,0.134031385,0.524983466,0.310002148,1,-2.59815843e-05,3.18666207e-05,2.45405522e-06,2.56331201e-09,8.53617385e-05,-0.000382992614,-0.000327613612,9.83784876e-09,0,0,0,0,0,0,0,0,0,0,0,1.46556181e-06,0.0458152443,0.0143588278,-3.295856e-06,-0.0458151065,0.0143592767,0,0,0,0,0,0,0,0,0,0,0,0,0,0.336472243,0,0
5,-0.277783096,-0.27778095,0.555580735,-0.277777344,0.277766496,5.98695578e-06,-0.97647059,0.978504598,-0.978504598,-0.976761103,0.978504598,-0.978504598,0,-0.0022610547,0.00175398588,-0,-0,0,0,-0,0,0,-0,0,0.134031385,0.524988711,0.309997946,1,-3.19430146e-05,3.1866577e-05,-2.78252937e-05,3.96687749e-09,0.000132102359,-0.00101165066,-0.00050706882,1.52266768e-08,9.73657755e-20,0,0,0,0,0,0,0,0,0,0,2.01169519e-06,0.0458143763,0.0143616023,-3.84204168e-06,-0.0458159745,0.0143565023,0,0,0,0,0,0,0,0,0,0,0,0,0,0.405465096,0,0
6,-0.277779043,-0.277791739,0.555602312,-0.27777952,0.277770817,3.87887303e-06,-0.97647059,0.978504598,-0.978504598,-0.976761103,0.978504598,-0.978504598,0,-0.00521351956,0.00443803892,-0,-0,0,0,-0,0,0,-0,0,0.134013399,0.52498883,0.309970766,1,-1.4537999e-05,1.97071204e-05,-2.17139186e-05,1.44154977e-09,0.000201879855,-0.00229328568,-0.000775480643,5.53742208e-09,0,0,0,0,0,0,0,0,0,0,0,7.66122469e-07,0.0458145514,0.0143610416,-1.89804291e-06,-0.0458157994,0.014357063,0,0,0,0,0,0,0,0,0,0,0,0,0,0.470003635,0,0
7,-0.277779043,-0.277806669,0.555627644,-0.277775347,0.277768701,1.77078982e-06,-0.97647059,0.978504598,-0.978504598,-0.976761103,0.978504598,-0.978504598,0,-0.00697798282,0.00615421077,-0,-0,0,0,-0,0,0,-0,0,0.13401632,0.524996459,0.309935987,1,-8.57780196e-06,2.56677067e-05,-2.71100143e-05,1.52919322e-09,0.000214153741,-0.00304801646,-0.000823772047,5.88225335e-09,-3.41627325e-19,0,0,0,0,0,0,0,0,0,0,4.87886886e-08,0.0458143987,0.0143615361,-1.5230579e-06,-0.0458159521,0.0143565685,0,0,0,0,0,0,0,0,0,0,0,0,0,0.530628264,0,0
8,-0.277783096,-0.277830184,0.555670798,-0.27777952,0.277770817,3.87887303e-06,-0.97647059,0.978504598,-0.978504598,-0.976761103,0.978504598,-0.978504598,0,-0.00967937987,0.00815935712,-0,-0,0,0,-0,0,0,-0,0,0.134025425,0.524989247,0.309875995,1,-2.59818553e-05,1.97073205e-05,-9.7927641e-06,1.18561427e-08,0.000394825533,-0.00426573213,-0.00152002275,4.56444837e-08,0,0,0,0,0,0,0,0,0,0,0,1.81474468e-06,0.0458148941,0.0143599501,-2.94667302e-06,-0.0458154567,0.0143581545,0,0,0,0,0,0,0,0,0,0,0,0,0,0.587786674,0,0
9,-0.277779043,-0.277861983,0.555712938,-0.277783722,0.277772903,3.87887303e-06,-0.97647059,0.978504598,-0.978504598,-0.976761103,0.978504598,-0.978504598,0,-0.0103033371,0.00956527889,-0,-0,0,0,-0,0,0,-0,0,0.134010479,0.524995327,0.309791148,1,-1.4537125e-05,1.3747057e-05,3.24071443e-05,1.35822764e-09,0.000190211111,-0.0044527296,-0.000738058239,5.2702025e-09,0,0,0,0,0,0,0,0,0,0,0,9.37306822e-07,0.0458161049,0.0143560832,-1.72685861e-06,-0.0458142459,0.0143620213,0,0,0,0,0,0,0,0,0,0,0,0,0,0.641853869,0,0
10,-0.277783096,-0.277900189,0.555759847,-0.27777952,0.277766496,5.98695578e-06,-0.97647059,0.978504598,-0.978504598,-0.976761103,0.978504598,-0.978504598,0,-0.01203469,0.0104864761,-0,-0,0,0,-0,0,0,-0,0,0.134031385,0.525010288,0.309693366,1,-3.19401443e-05,3.1866748e-05,6.22095031e-05,1.20063453e-08,0.000399827462,-0.00526961498,-0.00154821388,4.64910315e-08,5.82116362e-19,0,0,0,0,0,0,0,0,0,0,2.01177272e-06,0.0458169617,0.0143533517,-3.84196392e-06,-0.0458133891,0.014364752,0,0,0,0,0,0,0,0,0,0,0,0,0,0.693147182,0,0
11,-0.277781069,-0.277932048,0.555836082,-0.27777952,0.277766496,3.87887303e-06,-0.97647059,0.978504598,-0.978504598,-0.976761103,0.978504598,-0.978504598,0,-0.0133362822,0.0115256719,-0,-0,0,0,-0,0,0,-0,0,0.134025365,0.525006592,0.309620291,1,-2.02581959e-05,3.18667044e-05,4.45665391e-05,8.67522765e-09,0.000466793455,-0.00584902242,-0.00181061029,3.36496946e-08,-6.39803317e-19,0,0,0,0,0,0,0,0,0,0,9.412704e-07,0.045816455,0.0143549684,-2.77152117e-06,-0.0458138958,0.0143631361,0,0,0,0,0,0,0,0,0,0,0,0,0,0.741937339,0,0
12,-0.277783096,-0.277978688,0.555907905,-0.277781636,0.277768701,5.98695578e-06,-0.97647059,0.978504598,-0.978504598,-0.976761103,0.978504598,-0.978504598,0,-0.013360545,0.0111872079,-0,-0,0,0,-0,0,0,-0,0,0.134028345,0.525010943,0.309500992,1,-3.19400533e-05,2.56679014e-05,8.08061668e-05,1.68094303e-08,0.000559776672,-0.00589564489,-0.00217333715,6.52627392e-08,6.21014789e-19,0,0,0,0,0,0,0,0,0,0,2.18980904e-06,0.0458174944,0.0143516483,-3.6639276e-06,-0.0458128527,0.0143664563,0,0,0,0,0,0,0,0,0,0,0,0,0,0.788457334,0,0
13,-0.277779043,-0.278021008,0.555984139,-0.277781636,0.277772903,1.77078982e-06,-0.97647059,0.978504598,-0.978504598,-0.976761103,0.978504598,-0.978504598,0,-0.0134517187,0.0112857437,-0,-0,0,0,-0,0,0,-0,0,0.134010479,0.525017381,0.309396863,1,-8.575832e-06,1.37469506e-05,9.27271249e-05,3.97333988e-09,0.000556440908,-0.00593366893,-0.00216597505,1.54664317e-08,0,0,0,0,0,0,0,0,0,0,0,3.91159745e-07,0.0458178371,0.0143505558,-1.18068681e-06,-0.04581251,0.0143675487,0,0,0,0,0,0,0,0,0,0,0,0,0,0.832909107,0,0
14,-0.277774662,-0.278059036,0.55602628,-0.277783722,0.277772903,1.77078982e-06,-0.97647059,0.978504598,-0.978504598,-0.976761103,0.978504598,-0.978504598,0,-0.0119580235,0.0112812873,-0,-0,0,0,-0,0,0,-0,0,0.13399747,0.525031745,0.309294701,1,3.8226749e-06,1.3748845e-05,0.000146609556,-2.96991298e-09,0.000168220329,-0.00514987297,-0.000676736236,-1.19477104e-08,0,0,0,0,0,0,0,0,0,0,0,-7.44945226e-07,0.0458193831,0.014345618,-4.4768516e-08,-0.045810964,0.0143724857,0,0,0,0,0,0,0,0,0,0,0,0,0,0.875468731,0,0
15,-0.277781069,-0.278092861,0.556102514,-0.277785838,0.277775019,1.02031217e-05,-0.97647059,0.978504598,-0.978504598,-0.976761103,0.978504598,-0.978504598,0,-0.0111824675,0.0113741877,-0,-0,0,0,-0,0,0,-0,0,0.134013578,0.525020242,0.309214681,1,-3.8139915e-05,7.78909816e-06,0.000140410702,-1.08563114e-09,-5.84152367e-05,-0.00473335758,0.000191720203,-3.56306717e-09,0,0,0,0,0,0,0,0,0,0,0,3.27133966e-06,0.0458192043,0.0143461861,-3.71840838e-06,-0.0458111428,0.0143719176,0,0,0,0,0,0,0,0,0,0,0,0,0,0.91629076,0,0
16,-0.277781069,-0.278120339,0.556179106,-0.277781636,0.277766496,3.87887303e-06,-0.97647059,0.978504598,-0.978504598,-0.976761103,0.978504598,-0.978504598,0,-0.00973532721,0.0120891789,-0,-0,0,0,-0,0,0,-0,0,0.134025365,0.525016963,0.309157103,1,-2.02564952e-05,3.18667917e-05,9.79722972e-05,-1.15460423e-08,-0.00062126515,-0.00390201015,0.00235385168,-4.37456862e-08,0,0,0,0,0,0,0,0,0,0,0,9.41298879e-07,0.0458179899,0.0143500753,-2.77149275e-06,-0.0458123609,0.0143680293,0,0,0,0,0,0,0,0,0,0,0,0,0,0.955511451,0,0
17,-0.277781069,-0.278147757,0.556246877,-0.277785838,0.277768701,3.87887303e-06,-0.97647059,0.978504598,-0.978504598,-0.976761103,0.978504598,-0.978504598,0,-0.00871582981,0.0129099721,-0,-0,0,0,-0,0,0,-0,0,0.13402234,0.525005639,0.309092522,1,-2.02572664e-05,2.56678995e-05,9.15350101e-05,-2.04516883e-08,-0.00110045692,-0.00328466063,0.0041941423,-7.79469786e-08,0,0,0,0,0,0,0,0,0,0,0,1.11931558e-06,0.0458178036,0.0143506648,-2.59347598e-06,-0.0458125472,0.0143674398,0,0,0,0,0,0,0,0,0,0,0,0,0,0.993251801,0,0
18,-0.277781069,-0.278171033,0.556323111,-0.277783722,0.277768701,3.87887303e-06,-0.97647059,0.978504598,-0.978504598,-0.976761103,0.978504598,-0.978504598,0,-0.00684247771,0.0130443498,-0,-0,0,0,-0,0,0,-0,0,0.13402234,0.524996102,0.309046179,1,-2.02584979e-05,2.56678195e-05,4.36128757e-05,-3.01501935e-08,-0.00162231061,-0.00228777062,0.00620187214,-1.15260086e-07,7.24106877e-19,0,0,0,0,0,0,0,0,0,0,1.11929e-06,0.045816429,0.014355056,-2.59350145e-06,-0.0458139218,0.0143630486,0,0,0,0,0,0,0,0,0,0,0,0,0,1.02961946,0,0
19,-0.277787477,-0.278190017,0.556382477,-0.277785838,0.277770817,5.98695578e-06,-0.97647059,0.978504598,-0.978504598,-0.976761103,0.978504598,-0.978504598,0,-0.00611473015,0.0134789413,-0,-0,0,0,-0,0,0,-0,0,0.134038433,0.524979293,0.309005439,1,-4.43395147e-05,1.97070785e-05,1.92944299e-05,-1.05524521e-07,-0.00192477473,-0.00186235539,0.00736421114,-4.03738085e-07,0,0,0,0,0,0,0,0,0,0,0,3.4969546e-06,0.0458157286,0.0143572846,-4.62880553e-06,-0.0458146222,0.0143608199,0,0,0,0,0,0,0,0,0,0,0,0,0,1.06471074,0,0
20,-0.277783096,-0.27820906,0.556479633,-0.27777952,0.277770817,1.77078982e-06,-0.97647059,0.978504598,-0.978504598,-0.976761103,0.978504598,-0.978504598,0,-0.00603679614,0.0126278615,-0,-0,0,0,-0,0,0,-0,0,0.134025425,0.524966717,0.308979899,1,-2.00228151e-05,1.97081026e-05,-8.20334753e-05,-5.17596916e-08,-0.00172366737,-0.00190680067,0.00659106532,-1.97921892e-07,0,0,0,0,0,0,0,0,0,0,0,1.26852285e-06,0.0458128192,0.014366569,-2.40057602e-06,-0.0458175316,0.0143515356,0,0,0,0,0,0,0,0,0,0,0,0,0,1.09861231,0,0
21,-0.277783096,-0.27822414,0.556551814,-0.277787954,0.277772903,1.77078982e-06,-0.97647059,0.978504598,-0.978504598,-0.976761103,0.978504598,-0.978504598,0,-0.0108075272,0.0121889608,-0,-0,0,0,-0,0,0,-0,0,0.134022504,0.52493751,0.308950722,1,-2.00228133e-05,1.37479938e-05,-0.000117557902,-1.11574803e-08,-0.000371559116,-0.00445515057,0.00138143357,-4.14828136e-08,1.35324649e-18,0,0,0,0,0,0,0,0,0,0,1.43966543e-06,0.0458117984,0.014369824,-2.22943322e-06,-0.0458185486,0.0143482797,0,0,0,0,0,0,0,0,0,0,0,0,0,1.13140213,0,0
22,-0.277774662,-0.278249443,0.556615233,-0.277783722,0.277766496,5.98695578e-06,-0.97647059,0.978504598,-0.978504598,-0.976761103,0.978504598,-0.978504598,0,-0.00846099947,0.0121236723,-0,-0,0,0,-0,0,0,-0,0,0.134006351,0.524944246,0.308895916,1,-8.10497295e-06,3.18628263e-05,-0.000147599596,1.70194774e-08,-0.000964008679,-0.00322995777,0.00366267283,6.46641212e-08,6.72999006e-19,0,0,0,0,0,0,0,0,0,0,-1.72843812e-07,0.0458109342,0.014372576,-1.65730489e-06,-0.0458194129,0.0143455267,0,0,0,0,0,0,0,0,0,0,0,0,0,1.16315079,0,0
23,-0.277781069,-0.278272897,0.556691468,-0.27777952,0.277770817,8.17936234e-06,-0.97647059,0.978504598,-0.978504598,-0.976761103,0.978504598,-0.978504598,0,-0.0099269934,0.0115784714,-0,-0,0,0,-0,0,0,-0,0,0.13401942,0.524932861,0.308850259,1,-3.24229259e-05,1.9704501e-05,-0.000201004819,-8.21763102e-09,-0.000442171266,-0.00405397965,0.001651478,-3.0692263e-08,0,0,0,0,0,0,0,0,0,0,0,2.40449799e-06,0.0458093993,0.0143774692,-3.53662404e-06,-0.045820944,0.0143406326,0,0,0,0,0,0,0,0,0,0,0,0,0,1.19392252,0,0
24,-0.277783096,-0.278308809,0.556767702,-0.277777344,0.277768701,1.77078982e-06,-0.97647059,0.978504598,-0.978504598,-0.976761103,0.978504598,-0.978504598,0,-0.00974568073,0.0115897758,-0,-0,0,0,-0,0,0,-0,0,0.134028345,0.524932265,0.308766395,1,-2.00266732e-05,2.56698804e-05,-0.000213314634,-1.48040717e-08,-0.000492995547,-0.00395768089,0.00184409507,-5.53759918e-08,-6.43361797e-19,0,0,0,0,0,0,0,0,0,0,1.09723635e-06,0.0458090454,0.014378597,-2.5718623e-06,-0.0458212979,0.0143395048,0,0,0,0,0,0,0,0,0,0,0,0,0,1.22377539,0,0
25,-0.277783096,-0.278327882,0.556814194,-0.277781636,0.277768701,1.77078982e-06,-0.97647059,0.978504598,-0.978504598,-0.976761103,0.978504598,-0.978504598,0,-0.00912520103,0.0104006846,-0,-0,0,0,-0,0,0,-0,0,0.134028345,0.524922729,0.308720559,1,-2.00266695e-05,2.56698786e-05,-0.000213163628,-1.03432924e-08,-0.000344445551,-0.00375078991,0.00127548352,-3.83012591e-08,5.77353973e-19,0,0,0,0,0,0,0,0,0,0,1.09723646e-06,0.0458090492,0.0143785831,-2.57186207e-06,-0.0458212942,0.0143395187,0,0,0,0,0,0,0,0,0,0,0,0,0,1.25276291,0,0
26,-0.277779043,-0.278359652,0.556877613,-0.277783722,0.277768701,8.17936234e-06,-0.97647059,0.978504598,-0.978504598,-0.976761103,0.978504598,-0.978504598,0,-0.00921731815,0.00955355447,-0,-0,0,0,-0,0,0,-0,0,0.13401632,0.524922669,0.308642924,1,-2.67022297e-05,2.56636977e-05,-0.000206965502,-7.17706727e-10,-0.000100510246,-0.0038837546,0.00033623632,-2.40093989e-09,0,0,0,0,0,0,0,0,0,0,0,1.70907651e-06,0.045809228,0.0143780159,-3.18341949e-06,-0.0458211154,0.0143400868,0,0,0,0,0,0,0,0,0,0,0,0,0,1.28093386,0,0
27,-0.277783096,-0.278380841,0.556928217,-0.277785838,0.277766496,3.87887303e-06,-0.97647059,0.978504598,-0.978504598,-0.976761103,0.978504598,-0.978504598,0,-0.00884440262,0.00859099906,-0,-0,0,0,-0,0,0,-0,0,0.13403137,0.524913073,0.308593214,1,-2.598844e-05,3.18674902e-05,-0.000212686922,1.59803526e-09,5.32167251e-05,-0.00378415827,-0.000253403559,7.6094091e-09,-4.76896248e-19,0,0,0,0,0,0,0,0,0,0,1.46537616e-06,0.0458090641,0.0143785393,-3.29604131e-06,-0.0458212793,0.0143395625,0,0,0,0,0,0,0,0,0,0,0,0,0,1.3083328,0,0
28,-0.277783096,-0.278408408,0.556979179,-0.277781636,0.277770817,1.77078982e-06,-0.97647059,0.978504598,-0.978504598,-0.976761103,0.978504598,-0.978504598,0,-0.00964027271,0.00893058814,-0,-0,0,0,-0,0,0,-0,0,0.134025425,0.524920464,0.308528125,1,-2.00255072e-05,1.97094687e-05,-0.000218647314,5.11476861e-09,0.000170328669,-0.00416797446,-0.000709684566,2.13109868e-08,4.95747229e-19,0,0,0,0,0,0,0,0,0,0,1.26840496e-06,0.0458088927,0.014379086,-2.40069357e-06,-0.0458214507,0.0143390158,0,0,0,0,0,0,0,0,0,0,0,0,0,1.33500111,0,0
29,-0.277776837,-0.278440177,0.557042599,-0.277785838,0.277770817,-3.90697124e-07,-0.97647059,0.978504598,-0.978504598,-0.976761103,0.978504598,-0.978504598,0,-0.0103695123,0.00959463511,-0,-0,0,0,-0,0,0,-0,0,0.134006903,0.524919152,0.308449298,1,3.72916747e-06,1.97069658e-05,-0.000206488199,-9.74767711e-10,0.000185418103,-0.00448440574,-0.000774877146,-4.07363254e-09,5.3260924e-19,0,0,0,0,0,0,0,0,0,0,-9.08002391e-07,0.0458092429,0.0143779721,-2.23846811e-07,-0.0458211005,0.0143401306,0,0,0,0,0,0,0,0,0,0,0,0,0,1.36097658,0,0
30,-0.277781069,-0.27845934,0.557093501,-0.277785838,0.277775019,1.77078982e-06,-0.97647059,0.978504598,-0.978504598,-0.976761103,0.978504598,-0.978504598,0,-0.0102396263,0.0108706625,-0,-0,0,0,-0,0,0,-0,0,0.134013563,0.52491051,0.30840686,1,-1.43008992e-05,7.78731373e-06,-0.000224369534,-3.36787132e-09,-0.000181217183,-0.00428878749,0.000631036237,-1.17276349e-08,0,0,0,0,0,0,0,0,0,0,0,1.08650727e-06,0.0458087288,0.0143796103,-1.53396525e-06,-0.0458216146,0.0143384915,0,0,0,0,0,0,0,0,0,0,0,0,0,1.38629436,0,0
31,-0.277781069,-0.278499544,0.557174444,-0.277787954,0.277768701,3.87887303e-06,-0.97647059,0.978504598,-0.978504598,-0.976761103,0.978504598,-0.978504598,0,-0.0112399366,0.011702084,-0,-0,0,0,-0,0,0,-0,0,0.134022325,0.524906993,0.308309138,1,-2.02652409e-05,2.56673793e-05,-0.000219124398,-2.60056332e-09,-0.000139930155,-0.00473077968,0.000462147407,-8.58888249e-09,-6.49596154e-19,0,0,0,0,0,0,0,0,0,0,1.11914972e-06,0.0458088778,0.0143791297,-2.59364174e-06,-0.0458214656,0.014338972,0,0,0,0,0,0,0,0,0,0,0,0,0,1.41098702,0,0
32,-0.277787477,-0.278525025,0.557216287,-0.277783722,0.277772903,5.98695578e-06,-0.97647059,0.978504598,-0.978504598,-0.976761103,0.978504598,-0.978504598,0,-0.0119720958,0.0108574573,-0,-0,0,0,-0,0,0,-0,0,0.134035513,0.524911523,0.308247745,1,-4.43428908e-05,1.37491043e-05,-0.000218170535,1.47459689e-08,0.000268967502,-0.00519942306,-0.00111463852,6.11093327e-08,0,0,0,0,0,0,0,0,0,0,0,3.66775362e-06,0.0458089039,0.0143790422,-4.45800561e-06,-0.0458214357,0.0143390596,0,0,0,0,0,0,0,0,0,0,0,0,0,1.43508458,0,0
33,-0.277781069,-0.278569549,0.557301283,-0.277773142,0.277775019,1.77078982e-06,-0.97647059,0.978504598,-0.978504598,-0.976761103,0.978504598,-0.978504598,0,-0.0129855294,0.0112223439,-0,-0,0,0,-0,0,0,-0,0,0.134013578,0.524932265,0.308145612,1,-1.43010393e-05,7.78739104e-06,-0.000242401919,8.08015166e-09,0.000434773799,-0.00569491694,-0.00176318549,3.27683161e-08,6.22965229e-19,0,0,0,0,0,0,0,0,0,0,1.0864976e-06,0.0458082072,0.0143812625,-1.53397491e-06,-0.0458221324,0.0143368393,0,0,0,0,0,0,0,0,0,0,0,0,0,1.45861506,0,0
34,-0.277779043,-0.278603345,0.557368755,-0.277781636,0.27776441,3.87887303e-06,-0.97647059,0.978504598,-0.978504598,-0.976761103,0.978504598,-0.978504598,0,-0.0110127172,0.0107180802,-0,-0,0,0,-0,0,0,-0,0,0.134022281,0.524921715,0.308059484,1,-1.45458234e-05,3.78254808e-05,-0.000218170957,3.92234467e-10,5.4929933e-05,-0.00470978301,-0.000294636935,2.10389417e-09,-5.94972972e-19,0,0,0,0,0,0,0,0,0,0,2.45715512e-07,0.0458089039,0.0143790422,-2.41844987e-06,-0.0458214357,0.0143390596,0,0,0,0,0,0,0,0,0,0,0,0,0,1.48160458,0,0
35,-0.277783096,-0.278633028,0.557424068,-0.277787954,0.277770817,3.87887303e-06,-0.97647059,0.978504598,-0.978504598,-0.976761103,0.978504598,-0.978504598,0,-0.0118480464,0.0107130399,-0,-0,0,0,-0,0,0,-0,0,0.134025425,0.524911225,0.307983428,1,-2.59854969e-05,1.97080681e-05,-0.000194567168,8.15033019e-09,0.000271416968,-0.00514872605,-0.00113500655,3.40829018e-08,5.94693178e-19,0,0,0,0,0,0,0,0,0,0,1.81458518e-06,0.0458095856,0.0143768797,-2.94683241e-06,-0.0458207577,0.0143412231,0,0,0,0,0,0,0,0,0,0,0,0,0,1.50407743,0,0
36,-0.27778545,-0.278671145,0.557491481,-0.277785838,0.277772903,-2.4987803e-06,-0.97647059,0.978504598,-0.978504598,-0.976761103,0.978504598,-0.978504598,0,-0.0116205467,0.0100555383,-0,-0,0,0,-0,0,0,-0,0,0.134029508,0.524915576,0.307890564,1,-1.46275797e-05,1.37522266e-05,-0.000188129547,1.66090786e-08,0.000382871833,-0.00509499619,-0.00156500842,6.78904684e-08,0,0,0,0,0,0,0,0,0,0,0,9.45076238e-07,0.0458097681,0.0143762901,-1.73511012e-06,-0.0458205752,0.0143418126,0,0,0,0,0,0,0,0,0,0,0,0,0,1.52605629,0,0
37,-0.277776837,-0.278709352,0.557538033,-0.277787954,0.277766496,5.98695578e-06,-0.97647059,0.978504598,-0.978504598,-0.976761103,0.978504598,-0.978504598,0,-0.0119335614,0.0098878378,-0,-0,0,0,-0,0,0,-0,0,0.134012848,0.524931133,0.307789117,1,-1.43036123e-05,3.18638922e-05,-0.000139970012,-2.66196531e-09,0.000506352982,-0.00527607976,-0.00204572361,-1.07546425e-08,5.4888526e-19,0,0,0,0,0,0,0,0,0,0,3.95108287e-07,0.0458111539,0.0143718775,-2.22536437e-06,-0.0458191931,0.0143462261,0,0,0,0,0,0,0,0,0,0,0,0,0,1.54756248,0,0
38,-0.277781069,-0.278743178,0.557605505,-0.277783722,0.277766496,5.98695578e-06,-0.97647059,0.978504598,-0.978504598,-0.976761103,0.978504598,-0.978504598,0,-0.0110576358,0.00871419907,-0,-0,0,0,-0,0,0,-0,0,0.134025365,0.524933398,0.307710201,1,-2.62249141e-05,3.18654711e-05,-0.000151652144,1.08720348e-08,0.000584998401,-0.00493356353,-0.0023434367,4.35521237e-08,4.83735222e-19,0,0,0,0,0,0,0,0,0,0,1.48732511e-06,0.0458108187,0.0143729476,-3.31778529e-06,-0.0458195284,0.014345156,0,0,0,0,0,0,0,0,0,0,0,0,0,1.56861591,0,0
39,-0.277776837,-0.278779089,0.557652414,-0.277792156,0.277768701,3.87887303e-06,-0.97647059,0.978504598,-0.978504598,-0.976761103,0.978504598,-0.978504598,0,-0.0107857548,0.00939255673,-0,-0,0,0,-0,0,0,-0,0,0.134009823,0.524934769,0.307612032,1,-8.34106231e-06,2.5666488e-05,-9.25244385e-05,-1.7720122e-09,0.000337068137,-0.00472308695,-0.00139319804,-7.32422833e-09,1.04278327e-18,0,0,0,0,0,0,0,0,0,0,2.69618425e-08,0.0458125174,0.0143675301,-1.50119195e-06,-0.0458178334,0.0143505735,0,0,0,0,0,0,0,0,0,0,0,0,0,1.58923519,0,0
40,-0.27778545,-0.278806657,0.557690501,-0.277785838,0.277770817,3.87887303e-06,-0.952941179,0.957009196,-0.957009196,-0.953522146,0.957009196,-0.957009196,0,-0.011234276,0.00915021449,-0,-0,0,0.409623623,-0.409623623,0.409623623,0.409623623,-0.409623623,0.409623623,0.134032428,0.524943709,0.307544529,1,-3.26590853e-05,1.97082081e-05,-8.63249952e-05,2.23520669e-08,0.000515258987,-0.00498277135,-0.0020840615,9.040712e-08,5.07938941e-19,0,0,0,0,0,0,0,0,0,0,2.4146641e-06,0.0454444997,0.0140530588,-3.5220462e-06,-0.0454493463,0.014037366,0,0,0,0,0,0,0,0,0,0,0,0,0,1.60943794,0,0
41,-0.277787477,-0.278842658,0.557737052,-0.27777952,0.277775019,3.87887303e-06,-0.952941179,0.957009196,-0.957009196,-0.953522146,0.957009196,-0.957009196,0,-0.0101686893,0.0100795683,-0,-0,0,0,-0,0,0,-0,0,0.134032592,0.524961054,0.307454377,1,-3.83799597e-05,7.78747471e-06,-6.82052705e-05,-1.5364611e-10,-2.80251584e-06,-0.00433052378,-8.91210511e-05,4.8860036e-09,-1.11905688e-18,0,0,0,0,0,0,0,0,0,0,3.26962686e-06,0.0454450063,0.0140514122,-3.70728094e-06,-0.0454488397,0.0140390126,0,0,0,0,0,0,0,0,0,0,0,0,0,1.62924051,0,0
42,-0.277779043,-0.278870076,0.557804883,-0.27777952,0.27776441,1.77078982e-06,-0.952941179,0.957009196,-0.957009196,-0.953522146,0.957009196,-0.957009196,0,-0.00959520601,0.0100380508,-0,-0,0,0,-0,0,0,-0,0,0.134022281,0.52496165,0.30739221,1,-8.58038038e-06,3.78269688e-05,-8.6563683e-05,-1.00382569e-09,-0.000140579374,-0.00403362,0.000442844816,-3.16219206e-09,-1.11444751e-18,0,0,0,0,0,0,0,0,0,0,-2.829903e-07,0.0454444923,0.0140530802,-1.84220266e-06,-0.0454493538,0.0140373446,0,0,0,0,0,0,0,0,0,0,0,0,0,1.64865863,0,0
43,-0.277774662,-0.278899759,0.5578686,-0.277785838,0.277770817,3.87887303e-06,-0.952941179,0.957009196,-0.957009196,-0.953522146,0.957009196,-0.957009196,0,-0.00975845847,0.010662457,-0,-0,0,0,-0,0,0,-0,0,0.134000391,0.524953902,0.307318538,1,-2.14128045e-06,1.97057998e-05,-7.48815073e-05,4.62317384e-09,-0.00026186349,-0.00405690866,0.000903998502,1.59600031e-08,0,0,0,0,0,0,0,0,0,0,0,-3.59053701e-07,0.0454448201,0.0140520185,-7.48043874e-07,-0.0454490259,0.0140384063,0,0,0,0,0,0,0,0,0,0,0,0,0,1.66770685,0,0
44,-0.277781069,-0.278927326,0.557927608,-0.277785838,0.277768701,5.98695578e-06,-0.952941179,0.957009196,-0.957009196,-0.953522146,0.957009196,-0.957009196,0,-0.00939684547,0.00953360181,-0,-0,0,0,-0,0,0,-0,0,0.13402234,0.524947047,0.307253361,1,-2.62221438e-05,2.56671319e-05,-8.03649382e-05,-1.14472321e-09,-6.15948447e-05,-0.00397990691,0.000136756338,-2.54157895e-09,0,0,0,0,0,0,0,0,0,0,0,1.66218422e-06,0.0454446673,0.0140525168,-3.10430391e-06,-0.0454491824,0.0140379081,0,0,0,0,0,0,0,0,0,0,0,0,0,1.68639898,0,0
45,-0.277779043,-0.278954804,0.557982624,-0.277781636,0.277770817,3.87887303e-06,-0.952941179,0.957009196,-0.957009196,-0.953522146,0.957009196,-0.957009196,0,-0.00856353156,0.0097096758,-0,-0,0,0,-0,0,0,-0,0,0.134013399,0.524953961,0.307189673,1,-1.45393897e-05,1.97065983e-05,-9.22858162e-05,-2.30552e-09,-0.000322873355,-0.00352486549,0.00114614423,-8.18419466e-09,-5.38995282e-19,0,0,0,0,0,0,0,0,0,0,7.67771326e-07,0.0454443321,0.0140536008,-1.87498017e-06,-0.0454495139,0.014036824,0,0,0,0,0,0,0,0,0,0,0,0,0,1.70474803,0,0
46,-0.277779043,-0.278975993,0.558046341,-0.277783722,0.277760178,1.77078982e-06,-0.866666675,0.878192663,-0.878192663,-0.868312776,0.878192663,-0.878192663,0,-0.00908346195,0.00992197916,-0,-0,0,1.79836249,-1.79836249,1.79836249,1.79836249,-1.79836249,1.79836249,0.134028122,0.524941802,0.307143658,1,-8.58290696e-06,4.97478541e-05,-0.000116604439,-1.74697234e-09,-0.000244652329,-0.00377658918,0.000838517211,-5.98754335e-09,5.50780486e-19,0,0,0,0,0,0,0,0,0,0,-5.29592739e-07,0.0440712273,0.012931698,-2.04171056e-06,-0.0440772548,0.0129111409,0,0,0,0,0,0,0,0,0,0,0,0,0,1.72276664,0,0
47,-0.277779043,-0.279005677,0.55809325,-0.27777952,0.277772903,1.77078982e-06,-0.866666675,0.878192663,-0.878192663,-0.868312776,0.878192663,-0.878192663,0,-0.00916609168,0.0103344796,-0,-0,0,0,-0,0,0,-0,0,0.134010479,0.524952352,0.307071209,1,-8.57863051e-06,1.37466577e-05,-0.000110882342,-2.3671074e-09,-0.000331498304,-0.00377872284,0.00116838794,-8.34302849e-09,0,0,0,0,0,0,0,0,0,0,0,4.00781659e-07,0.0440713726,0.0129311932,-1.11133613e-06,-0.0440771058,0.0129116448,0,0,0,0,0,0,0,0,0,0,0,0,0,1.74046612,0,0
48,-0.277783096,-0.27903536,0.558181942,-0.277787954,0.277770817,1.77078982e-06,-0.866666675,0.878192663,-0.878192663,-0.868312776,0.878192663,-0.878192663,0,-0.00970876869,0.0104701435,-0,-0,0,0,-0,0,0,-0,0,0.134025425,0.524924874,0.307003379,1,-2.002373e-05,1.97085683e-05,-0.000128525106,-6.83872248e-09,-0.000227738667,-0.00405004947,0.000761374831,-2.28631851e-08,5.8120972e-19,0,0,0,0,0,0,0,0,0,0,1.25544636e-06,0.0440709181,0.0129327485,-2.27422993e-06,-0.0440775603,0.0129100895,0,0,0,0,0,0,0,0,0,0,0,0,0,1.75785792,0,0
49,-0.277779043,-0.279062927,0.558228493,-0.277781636,0.277770817,3.87887303e-06,-0.866666675,0.878192663,-0.878192663,-0.868312776,0.878192663,-0.878192663,0,-0.0101106418,0.0108215641,-0,-0,0,0,-0,0,0,-0,0,0.134013399,0.524939835,0.306938261,1,-1.45402164e-05,1.97062891e-05,-0.000134247486,-1.54578528e-09,-0.000216477361,-0.00422586966,0.000710922293,-5.07643483e-09,0,0,0,0,0,0,0,0,0,0,0,7.72147928e-07,0.0440707691,0.0129332524,-1.79078165e-06,-0.0440777093,0.0129095856,0,0,0,0,0,0,0,0,0,0,0,0,0,1.77495229,0,0
50,-0.277783096,-0.279094636,0.558296263,-0.277783722,0.277768701,5.98695578e-06,-0.866666675,0.878192663,-0.878192663,-0.868312776,0.878192663,-0.878192663,0,-0.00963341631,0.0111598214,-0,-0,0,0,-0,0,0,-0,0,0.134028345,0.524931431,0.306862116,1,-3.19455794e-05,2.56674884e-05,-0.000134485803,-1.28593438e-08,-0.000428233441,-0.00394156808,0.0015264051,-4.58361384e-08,6.19494534e-19,0,0,0,0,0,0,0,0,0,0,2.15221826e-06,0.0440707654,0.0129332738,-3.47908167e-06,-0.044077713,0.0129095642,0,0,0,0,0,0,0,0,0,0,0,0,0,1.79175949,0,0
51,-0.277779043,-0.279118061,0.558368444,-0.277783722,0.277766496,3.87887303e-06,-0.866666675,0.878192663,-0.878192663,-0.868312776,0.878192663,-0.878192663,0,-0.0117846457,0.011928292,-0,-0,0,0,-0,0,0,-0,0,0.13401936,0.524923563,0.306812942,1,-1.45429958e-05,3.18653692e-05,-0.000170248779,-5.38343314e-10,-7.53915447e-05,-0.00499397982,0.000143646263,-1.02572517e-09,0,0,0,0,0,0,0,0,0,0,0,4.57909209e-07,0.0440698378,0.0129364263,-2.10502026e-06,-0.0440786369,0.0129064117,0,0,0,0,0,0,0,0,0,0,0,0,0,1.80828881,0,0
52,-0.277781069,-0.279151887,0.558457494,-0.27777952,0.277772903,1.77078982e-06,-0.796078444,0.813706458,-0.813706458,-0.798595965,0.813706458,-0.813706458,0,-0.0111612026,0.0131722651,-0,-0,0,1.47239804,-1.47239804,1.47239804,1.47239804,-1.47239804,1.47239804,0.134016484,0.524918377,0.306740105,1,-1.43020725e-05,1.37477273e-05,-0.000212448576,-1.04246585e-08,-0.000560926215,-0.00454248255,0.00201106258,-3.73750453e-08,0,0,0,0,0,0,0,0,0,0,0,8.96645815e-07,0.0429204926,0.012052252,-1.55855344e-06,-0.0429307185,0.0120157739,0,0,0,0,0,0,0,0,0,0,0,0,0,1.82454932,0,0
53,-0.277781069,-0.27918157,0.558512509,-0.27777952,0.277766496,3.87887303e-06,-0.796078444,0.813706458,-0.813706458,-0.798595965,0.813706458,-0.813706458,0,-0.010670892,0.0124287065,-0,-0,0,0,-0,0,0,-0,0,0.134025365,0.524919629,0.306667536,1,-2.02661886e-05,3.18662824e-05,-0.00020624981,-9.18218213e-09,-0.000494071457,-0.00435939245,0.00175781455,-3.2668499e-08,0,0,0,0,0,0,0,0,0,0,0,9.72253588e-07,0.0429206416,0.0120517202,-2.50637186e-06,-0.0429305695,0.0120163057,0,0,0,0,0,0,0,0,0,0,0,0,0,1.84054959,0,0
54,-0.277783096,-0.279217482,0.558592796,-0.277785838,0.277766496,3.87887303e-06,-0.796078444,0.813706458,-0.813706458,-0.798595965,0.813706458,-0.813706458,0,-0.0103429174,0.0120843751,-0,-0,0,0,-0,0,0,-0,0,0.13403137,0.524905145,0.306580007,1,-2.59880453e-05,3.18674392e-05,-0.000200289156,-1.4701909e-08,-0.000489593367,-0.0042216531,0.00174145773,-5.22939132e-08,-6.70817576e-19,0,0,0,0,0,0,0,0,0,0,1.46344576e-06,0.0429207869,0.0120512079,-2.99766907e-06,-0.0429304279,0.0120168179,0,0,0,0,0,0,0,0,0,0,0,0,0,1.85629797,0,0
55,-0.27778545,-0.279244959,0.558668971,-0.277781636,0.277766496,3.87887303e-06,-0.796078444,0.813706458,-0.813706458,-0.798595965,0.813706458,-0.813706458,0,-0.00833274238,0.0113713769,-0,-0,0,0,-0,0,0,-0,0,0.134038389,0.524899781,0.30652234,0.99999994,-3.26651025e-05,3.18692255e-05,-0.000242250608,-3.56258347e-08,-0.000821245427,-0.00323782559,0.00303863455,-1.31816748e-07,-6.31238224e-19,0,0,0,0,0,0,0,0,0,0,2.03645618e-06,0.0429197736,0.0120548103,-3.57089584e-06,-0.0429314375,0.0120132146,0,0,0,0,0,0,0,0,0,0,0,0,0,1.87180221,0,0
56,-0.27778545,-0.279268235,0.558723986,-0.277783722,0.277766496,3.87887303e-06,-0.796078444,0.813706458,-0.813706458,-0.798595965,0.813706458,-0.813706458,0,-0.00816881936,0.0100170942,-0,-0,0,0,-0,0,0,-0,0,0.134038389,0.524892926,0.306467593,0.99999994,-3.26652917e-05,3.1869291e-05,-0.000248211087,-2.21638672e-08,-0.000510920654,-0.00328705227,0.00184827484,-8.01786371e-08,0,0,0,0,0,0,0,0,0,0,0,2.03644981e-06,0.042919632,0.0120553216,-3.57090198e-06,-0.0429315791,0.0120127033,0,0,0,0,0,0,0,0,0,0,0,0,0,1.8870697,0,0
57,-0.277779043,-0.279289335,0.558787405,-0.277781636,0.277768701,1.77078982e-06,-0.796078444,0.813706458,-0.813706458,-0.798595965,0.813706458,-0.813706458,0,-0.00803541578,0.00884884503,-0,-0,0,0,-0,0,0,-0,0,0.13401632,0.524891436,0.306424111,0.99999994,-8.58440126e-06,2.56673375e-05,-0.000284212671,-1.72214465e-09,-0.000241175367,-0.00333370757,0.000813429244,-5.8083991e-09,-9.82419149e-19,0,0,0,0,0,0,0,0,0,0,1.18534139e-07,0.0429187641,0.0120584117,-1.35417588e-06,-0.0429324433,0.0120096123,0,0,0,0,0,0,0,0,0,0,0,0,0,1.90210748,0,0
58,-0.277781069,-0.279306263,0.558829188,-0.277783722,0.277772903,5.98695578e-06,-0.717647076,0.742055118,-0.742055118,-0.721132874,0.742055118,-0.742055118,0,-0.00670477888,0.00801510643,-0,-0,0,1.64821088,-1.64821088,1.64821088,1.64821088,-1.64821088,1.64821088,0.134016484,0.52488333,0.306384444,0.99999994,-2.62240592e-05,1.37446068e-05,-0.000289457937,-6.80407419e-09,-0.000366111111,-0.00271860068,0.00131032756,-2.43520759e-08,4.44927785e-19,0,0,0,0,0,0,0,0,0,0,1.87791647e-06,0.0416169539,0.0111066923,-2.48755669e-06,-0.0416297875,0.0110585,0,0,0,0,0,0,0,0,0,0,0,0,0,1.91692257,0,0
59,-0.277779043,-0.279329538,0.558867693,-0.277781636,0.27776441,-3.90697124e-07,-0.717647076,0.742055118,-0.742055118,-0.721132874,0.742055118,-0.742055118,0,-0.00709197996,0.00852548704,-0,-0,0,0,-0,0,0,-0,0,0.134022281,0.524890661,0.306327403,0.99999994,-2.47638786e-06,3.78284203e-05,-0.000283974019,-2.85646795e-09,-0.000400030112,-0.00287084235,0.00143350707,-1.0236147e-08,0,0,0,0,0,0,0,0,0,0,0,-6.33232901e-07,0.0416170768,0.0111062359,-1.04374692e-06,-0.0416296646,0.0110589564,0,0,0,0,0,0,0,0,0,0,0,0,0,1.93152142,0,0
60,-0.277781069,-0.279346585,0.558927,-0.277781636,0.277762294,5.98695578e-06,-0.717647076,0.742055118,-0.742055118,-0.721132874,0.742055118,-0.742055118,0,-0.00710042799,0.00766854221,-0,-0,0,0,-0,0,0,-0,0,0.134031206,0.524878204,0.306293637,0.99999994,-2.623408e-05,4.37851158e-05,-0.00031973733,-3.24915095e-09,-0.000174829111,-0.00296084862,0.000568114221,-1.05582458e-08,4.25689606e-19,0,0,0,0,0,0,0,0,0,0,1.21204505e-06,0.0416162834,0.0111092133,-3.153428e-06,-0.0416304581,0.0110559789,0,0,0,0,0,0,0,0,0,0,0,0,0,1.9459101,0,0
61,-0.277783096,-0.279365629,0.558968842,-0.277785838,0.277772903,8.17936234e-06,-0.717647076,0.742055118,-0.742055118,-0.721132874,0.742055118,-0.742055118,0,-0.00724244304,0.00730789965,-0,-0,0,0,-0,0,0,-0,0,0.134022504,0.524868906,0.306246489,0.99999994,-3.81453137e-05,1.37442767e-05,-0.000313061377,-1.34218592e-09,-4.46965969e-05,-0.00307138008,6.54566102e-05,-1.96558458e-09,-8.11339845e-19,0,0,0,0,0,0,0,0,0,0,2.87020589e-06,0.0416164286,0.0111086573,-3.48002436e-06,-0.0416303091,0.0110565349,0,0,0,0,0,0,0,0,0,0,0,0,0,1.96009481,0,0
62,-0.277776837,-0.279393226,0.559015751,-0.277785838,0.277772903,-3.90697124e-07,-0.717647076,0.742055118,-0.742055118,-0.721132874,0.742055118,-0.742055118,0,-0.0082636904,0.00832977518,-0,-0,0,0,-0,0,0,-0,0,0.134003982,0.524876475,0.306177884,0.99999994,3.72909381e-06,1.37463576e-05,-0.000301378779,2.59202548e-10,-4.93049229e-05,-0.00350532471,6.60847872e-05,3.47416568e-10,0,0,0,0,0,0,0,0,0,0,0,-6.15445629e-07,0.0416166894,0.011107685,6.11403905e-09,-0.041630052,0.0110575072,0,0,0,0,0,0,0,0,0,0,0,0,0,1.97408104,0,0
63,-0.27778545,-0.279416472,0.5590626,-0.277783722,0.277770817,5.98695578e-06,-0.717647076,0.742055118,-0.742055118,-0.721132874,0.742055118,-0.742055118,0,-0.00806581974,0.00832332019,-0,-0,0,0,-0,0,0,-0,0,0.134032428,0.524872243,0.306123257,0.99999994,-3.86239117e-05,1.97087465e-05,-0.000307815964,-4.28913838e-09,-9.88730535e-05,-0.00340211974,0.000257500447,-1.11704352e-08,4.62037086e-19,0,0,0,0,0,0,0,0,0,0,2.77769846e-06,0.0416165479,0.0111082206,-3.65192182e-06,-0.0416301936,0.0110569708,0,0,0,0,0,0,0,0,0,0,0,0,0,1.98787439,0,0
64,-0.27778545,-0.279439837,0.559117258,-0.277775347,0.277766496,1.77078982e-06,-0.639215708,0.670403719,-0.670403719,-0.643669784,0.670403719,-0.670403719,0,-0.00907005742,0.00772098266,-0,-0,0,1.64904797,-1.64904797,1.64904797,1.64904797,-1.64904797,1.64904797,0.134038389,0.524880052,0.306074113,0.99999994,-2.67078394e-05,3.18723469e-05,-0.000342775631,1.36805829e-08,0.000315364276,-0.00398928439,-0.00134907477,5.85232094e-08,4.28600636e-19,0,0,0,0,0,0,0,0,0,0,1.50313087e-06,0.0402878225,0.0101959473,-2.7998567e-06,-0.0403017662,0.0101406993,0,0,0,0,0,0,0,0,0,0,0,0,0,2.0014801,0,0
65,-0.277779043,-0.279463112,0.559146941,-0.277785838,0.277770817,8.17936234e-06,-0.639215708,0.670403719,-0.670403719,-0.643669784,0.670403719,-0.670403719,0,-0.00824816804,0.00750263268,-0,-0,0,0,-0,0,0,-0,0,0.134013399,0.524876833,0.306007475,0.99999994,-2.67026171e-05,1.97016252e-05,-0.00028921981,1.14881626e-09,0.000160884389,-0.00357974344,-0.000745535363,5.32359401e-09,0,0,0,0,0,0,0,0,0,0,0,1.75067203e-06,0.040288914,0.0101916324,-2.55231635e-06,-0.0403006785,0.010145016,0,0,0,0,0,0,0,0,0,0,0,0,0,2.01490307,0,0
66,-0.277783096,-0.279488593,0.559197903,-0.277783722,0.277768701,5.98695578e-06,-0.639215708,0.670403719,-0.670403719,-0.643669784,0.670403719,-0.670403719,0,-0.00917409267,0.00825319346,-0,-0,0,0,-0,0,0,-0,0,0.134028345,0.524876058,0.305947453,0.99999994,-3.19497012e-05,2.5667181e-05,-0.000295179925,6.07407635e-09,0.00020227491,-0.0039907475,-0.000920899212,2.76535133e-08,4.5814427e-19,0,0,0,0,0,0,0,0,0,0,2.05202696e-06,0.0402887948,0.0101921121,-3.09637949e-06,-0.0403008014,0.0101445355,0,0,0,0,0,0,0,0,0,0,0,0,0,2.02814817,0,0
67,-0.277781069,-0.279520303,0.55923599,-0.277783722,0.27776441,3.87887303e-06,-0.639215708,0.670403719,-0.670403719,-0.643669784,0.670403719,-0.670403719,0,-0.00869926717,0.00806278922,-0,-0,0,0,-0,0,0,-0,0,0.134028286,0.524887383,0.305864125,0.99999994,-2.02694282e-05,3.78266595e-05,-0.000259417167,2.40555198e-09,0.00012943706,-0.00376056531,-0.000636477955,1.18287673e-08,8.95149423e-19,0,0,0,0,0,0,0,0,0,0,8.63340006e-07,0.0402895212,0.0101892306,-2.40208897e-06,-0.040300075,0.0101474179,0,0,0,0,0,0,0,0,0,0,0,0,0,2.04122043,0,0
68,-0.277776837,-0.279543638,0.559282541,-0.277781636,0.277772903,1.77078982e-06,-0.639215708,0.670403719,-0.670403719,-0.643669784,0.670403719,-0.670403719,0,-0.00929545518,0.00784204248,-0,-0,0,0,-0,0,0,-0,0,0.134003982,0.524893045,0.30580914,0.99999994,-2.38186817e-06,1.37447923e-05,-0.000265139242,-1.78382409e-09,0.000339314953,-0.00409550639,-0.0014534127,-7.64078489e-09,4.35320806e-19,0,0,0,0,0,0,0,0,0,0,-8.78757618e-08,0.0402894057,0.0101896916,-4.71195989e-07,-0.0403001904,0.0101469569,0,0,0,0,0,0,0,0,0,0,0,0,0,2.05412364,0,0
69,-0.27778545,-0.279571146,0.559341908,-0.277783722,0.277772903,1.77078982e-06,-0.56078434,0.598752379,-0.598752379,-0.566206753,0.598752379,-0.598752379,0,-0.00873716827,0.00882310979,-0,-0,0,1.57206023,-1.57206023,1.57206023,1.57206023,-1.57206023,1.57206023,0.134029508,0.524881065,0.305743098,0.99999994,-2.67005653e-05,1.37512443e-05,-0.000265377341,-2.60512545e-09,-6.00532512e-05,-0.00370452413,8.59415159e-05,-3.72816489e-09,-4.89780982e-19,0,0,0,0,0,0,0,0,0,0,1.82352369e-06,0.0389360115,0.00931259152,-2.33488913e-06,-0.0389458723,0.00927125569,0,0,0,0,0,0,0,0,0,0,0,0,0,2.06686282,0,0
70,-0.277783096,-0.279596508,0.559388459,-0.277777344,0.277770817,3.87887303e-06,-0.56078434,0.598752379,-0.598752379,-0.566206753,0.598752379,-0.598752379,0,-0.00806851592,0.00759592047,-0,-0,0,0,-0,0,0,-0,0,0.134025425,0.524892867,0.305684537,0.99999994,-2.59871304e-05,1.97084046e-05,-0.000277449406,2.6393534e-09,8.78940191e-05,-0.00347613171,-0.00047259545,1.41914818e-08,4.2165829e-19,0,0,0,0,0,0,0,0,0,0,1.65710901e-06,0.0389357843,0.00931353215,-2.38989287e-06,-0.0389460996,0.00927031506,0,0,0,0,0,0,0,0,0,0,0,0,0,2.07944155,0,0
71,-0.277776837,-0.279617667,0.559430599,-0.277781636,0.277770817,1.77078982e-06,-0.56078434,0.598752379,-0.598752379,-0.566206753,0.598752379,-0.598752379,0,-0.00808646064,0.00747729745,-0,-0,0,0,-0,0,0,-0,0,0.134006903,0.524891198,0.30563122,0.99999994,-2.38344842e-06,1.97052559e-05,-0.000265139301,-6.46591058e-10,0.000122993079,-0.00349738961,-0.000609163195,-3.2024523e-09,0,0,0,0,0,0,0,0,0,0,0,-1.80990696e-07,0.0389360152,0.00931257289,-5.51431867e-07,-0.0389458686,0.00927127432,0,0,0,0,0,0,0,0,0,0,0,0,0,2.09186411,0,0
72,-0.277781069,-0.279645264,0.55947715,-0.277781636,0.277768701,8.17936234e-06,-0.56078434,0.598752379,-0.598752379,-0.566206753,0.598752379,-0.598752379,0,-0.00814772025,0.00705710333,-0,-0,0,0,-0,0,0,-0,0,0.134022325,0.5248909,0.305562526,0.99999994,-3.24254579e-05,2.56642452e-05,-0.000252980157,4.60246818e-09,0.000247647928,-0.0035715017,-0.00109061692,2.02688142e-08,-3.9174793e-19,0,0,0,0,0,0,0,0,0,0,2.04775733e-06,0.0389362425,0.00931162667,-3.00194324e-06,-0.0389456451,0.00927222148,0,0,0,0,0,0,0,0,0,0,0,0,0,2.10413408,0,0
73,-0.277787477,-0.279666245,0.559515297,-0.27777952,0.277768701,-3.90697124e-07,-0.56078434,0.598752379,-0.598752379,-0.566206753,0.598752379,-0.598752379,0,-0.00638867356,0.00681852689,-0,-0,0,0,-0,0,0,-0,0,0.134041354,0.524890006,0.30551216,0.99999994,-2.63140082e-05,2.56749736e-05,-0.000253455888,-7.73106468e-09,-0.000141015174,-0.00267210254,0.000429853331,-2.35664288e-08,0,0,0,0,0,0,0,0,0,0,0,1.57161423e-06,0.0389362313,0.00931166392,-2.52614177e-06,-0.0389456525,0.00927218422,0,0,0,0,0,0,0,0,0,0,0,0,0,2.11625552,0,0
74,-0.277787477,-0.279678971,0.559544921,-0.277777344,0.27776441,8.17936234e-06,-0.56078434,0.598752379,-0.598752379,-0.566206753,0.598752379,-0.598752379,0,-0.00645719329,0.00737034623,-0,-0,0,0,-0,0,0,-0,0,0.134047315,0.524890959,0.305483967,0.99999994,-5.05488169e-05,3.78282311e-05,-0.00026552839,-1.46640957e-08,-0.000267474126,-0.00265295454,0.000913152937,-5.00630151e-08,-4.09136404e-19,0,0,0,0,0,0,0,0,0,0,3.23281188e-06,0.0389360078,0.00931260362,-4.63929882e-06,-0.0389458761,0.00927124359,0,0,0,0,0,0,0,0,0,0,0,0,0,2.12823176,0,0
75,-0.277781069,-0.27970016,0.559595883,-0.27777952,0.277768701,8.17936234e-06,-0.56078434,0.598752379,-0.598752379,-0.566206753,0.598752379,-0.598752379,0,-0.0060418332,0.00685680984,-0,-0,0,0,-0,0,0,-0,0,0.134022325,0.524888694,0.305434316,0.99999994,-3.24259345e-05,2.56639887e-05,-0.000271576806,-4.46590098e-09,-0.00024029956,-0.00248624431,0.000814976636,-1.51461155e-08,3.80629408e-19,0,0,0,0,0,0,0,0,0,0,2.04775097e-06,0.038935896,0.00931307487,-3.00194961e-06,-0.0389459878,0.00927077234,0,0,0,0,0,0,0,0,0,0,0,0,0,2.14006615,0,0
76,-0.277781069,-0.279710531,0.559633315,-0.277785838,0.277768701,1.77078982e-06,-0.490196079,0.534266174,-0.534266174,-0.496489942,0.534266174,-0.534266174,0,-0.00181279087,0.00249914103,-0,-0,0,1.44914365,-1.44914365,1.44914365,1.44914365,-1.44914365,1.44914365,0.134022325,0.52487272,0.305410534,0.99999994,-1.43062698e-05,2.56689327e-05,-0.000277298386,-3.48067375e-09,-0.000187286816,-0.000701863377,0.000686350162,-1.27556286e-08,1.38730196e-19,0,0,0,0,0,0,0,0,0,0,6.39912059e-07,0.0376970135,0.00855703093,-1.51650022e-06,-0.0377064832,0.00851521268,0,0,0,0,0,0,0,0,0,0,0,0,0,2.15176225,0,0
77,-0.27778545,-0.279716253,0.559619486,-0.277783722,0.277768701,-3.90697124e-07,-0.490196079,0.534266174,-0.534266174,-0.496489942,0.534266174,-0.534266174,0,0.00769197429,-0.00754186651,-0,-0,0,0,-0,0,0,-0,0,0.134035349,0.524882674,0.305390775,0.99999994,-2.05918095e-05,2.56733874e-05,-0.000247495569,-1.42439505e-10,-3.28350984e-06,0.00328388275,0.000150107779,-6.51171383e-09,0,0,0,0,0,0,0,0,0,0,0,1.1138261e-06,0.0376975238,0.00855478458,-1.99060491e-06,-0.0377059728,0.00851745997,0,0,0,0,0,0,0,0,0,0,0,0,0,2.16332293,0,0
78,-0.277776837,-0.279659927,0.559524059,-0.277792156,0.277768701,1.77078982e-06,-0.490196079,0.534266174,-0.534266174,-0.496489942,0.534266174,-0.534266174,0,0.026220182,-0.0253348686,-0,-0,0,0,-0,0,0,-0,0,0.134009823,0.524871826,0.305526227,0.99999994,-2.38458824e-06,2.56658514e-05,-0.000247973192,5.89377158e-10,-0.000112109985,0.0112313386,0.000885313377,4.65421079e-09,1.40636772e-18,0,0,0,0,0,0,0,0,0,0,-2.58857426e-07,0.0376975164,0.00855481997,-6.17510238e-07,-0.037705984,0.00851742458,0,0,0,0,0,0,0,0,0,0,0,0,0,2.17475176,0,0
79,-0.277779043,-0.279567927,0.559343934,-0.27777952,0.277768701,1.77078982e-06,-0.490196079,0.534266174,-0.534266174,-0.496489942,0.534266174,-0.534266174,0,0.0417532176,-0.0417452343,-0,-0,0,0,-0,0,0,-0,0,0.13401632,0.524888337,0.305755585,0.99999994,-8.5845295e-06,2.56673302e-05,-0.000289219461,1.26783095e-09,0.000177551628,0.017745005,7.98329711e-06,-5.7005782e-11,4.63465203e-18,0,0,0,0,0,0,0,0,0,0,2.08502499e-07,0.0376968086,0.00855793059,-1.08498523e-06,-0.0377066843,0.00851431396,0,0,0,0,0,0,0,0,0,0,0,0,0,2.18605137,0,0
80,-0.27778545,-0.279424757,0.559036672,-0.277785838,0.277772903,-3.90697124e-07,-0.490196079,0.534266174,-0.534266174,-0.496489942,0.534266174,-0.534266174,0,0.0614196472,-0.061575748,-0,-0,0,0,-0,0,0,-0,0,0.134029508,0.524886787,0.306090176,1,-2.05887809e-05,1.37523284e-05,-0.0002417738,1.23107649e-08,0.00028378726,0.0260866303,-0.000156100839,6.77169432e-09,-3.41814066e-18,0,0,0,0,0,0,0,0,0,0,1.31734748e-06,0.0376976207,0.00855435338,-1.78708365e-06,-0.0377058759,0.0085178921,0,0,0,0,0,0,0,0,0,0,0,0,0,2.19722462,0,0
81,-0.277776837,-0.279196829,0.558598518,-0.277785838,0.27776441,1.77078982e-06,-0.411764711,0.462614775,-0.462614775,-0.419026881,0.462614775,-0.462614775,0,0.0806501135,-0.0798543692,-0,-0,0,1.6875329,-1.6875329,1.6875329,1.6875329,-1.6875329,1.6875329,0.134015769,0.524890661,0.30664295,0.99999994,-2.38831581e-06,3.78250552e-05,-0.000266808347,-3.55772301e-10,6.76741984e-05,0.0343546495,0.000795744359,4.18333457e-09,-4.43280796e-18,0,0,0,0,0,0,0,0,0,0,-4.12383372e-07,0.0362987183,0.00775294984,-7.57728571e-07,-0.0363069735,0.00771420635,0,0,0,0,0,0,0,0,0,0,0,0,0,2.20827436,0,0
82,-0.277783096,-0.278937101,0.558074355,-0.277792156,0.277770817,1.77078982e-06,-0.411764711,0.462614775,-0.462614775,-0.419026881,0.462614775,-0.462614775,0,0.100393318,-0.102614373,-0,-0,0,0,-0,0,0,-0,0,0.134025425,0.524883687,0.307262182,1,-2.0025971e-05,1.97097052e-05,-0.000242250753,2.57803805e-08,0.00085852138,0.0424444787,-0.00222105533,6.66956623e-08,-5.69624198e-18,0,0,0,0,0,0,0,0,0,0,1.14872489e-06,0.036299102,0.00775116729,-1.75858122e-06,-0.0363065936,0.00771598984,0,0,0,0,0,0,0,0,0,0,0,0,0,2.21920347,0,0
83,-0.277779043,-0.278626621,0.557437539,-0.277785838,0.277768701,5.98695578e-06,-0.411764711,0.462614775,-0.462614775,-0.419026881,0.462614775,-0.462614775,0,0.12139187,-0.118363373,-0,-0,0,0,-0,0,0,-0,0,0.13401632,0.524906397,0.308007479,1,-2.0504136e-05,2.56645708e-05,-0.000237721353,-3.8671728e-09,-0.000541572866,0.0518933833,0.0030284971,-2.16253842e-08,-1.31409742e-17,0,0,0,0,0,0,0,0,0,0,1.09124085e-06,0.0362991691,0.00775083853,-1.8853076e-06,-0.0363065228,0.00771631859,0,0,0,0,0,0,0,0,0,0,0,0,0,2.23001432,0,0
84,-0.277770609,-0.278203994,0.556626022,-0.277785838,0.277770817,3.87887303e-06,-0.411764711,0.462614775,-0.462614775,-0.419026881,0.462614775,-0.462614775,0,0.138462737,-0.138059244,-0,-0,0,0,-0,0,0,-0,0,0.13398838,0.524902403,0.309032708,0.99999994,9.29866201e-06,1.96983656e-05,-0.000285405345,-1.48716084e-09,3.66809982e-05,0.0588867776,0.000403493643,1.63588769e-08,0,0,0,0,0,0,0,0,0,0,0,-9.80180744e-07,0.0362984315,0.00775430026,3.70907372e-07,-0.0363072604,0.00771285594,0,0,0,0,0,0,0,0,0,0,0,0,0,2.24070978,0,0
85,-0.277783096,-0.277792245,0.555785477,-0.277792156,0.277775019,3.87887303e-06,-0.411764711,0.462614775,-0.462614775,-0.419026881,0.462614775,-0.462614775,0,0.151732698,-0.155455679,-0,-0,0,0,-0,0,0,-0,0,0.134019583,0.524892509,0.31001386,0.99999994,-2.59835579e-05,7.78733738e-06,-0.000243443021,2.92925506e-08,0.000975481351,0.0641146749,-0.00372298062,1.11796702e-07,0,0,0,0,0,0,0,0,0,0,0,1.76587093e-06,0.0362990834,0.0077512539,-2.00696263e-06,-0.0363066122,0.00771590322,0,0,0,0,0,0,0,0,0,0,0,0,0,2.25129175,0,0
86,-0.277779043,-0.277333558,0.554886937,-0.27777952,0.277768701,5.98695578e-06,-0.411764711,0.462614775,-0.462614775,-0.419026881,0.462614775,-0.462614775,0,0.170845479,-0.164135695,-0,-0,0,0,-0,0,0,-0,0,0.13401632,0.524903893,0.311128736,0.99999994,-2.05058841e-05,2.56636595e-05,-0.000305821624,-1.3788827e-08,-0.00193103717,0.0732790157,0.00670978427,-4.79121027e-08,1.82227227e-17,0,0,0,0,0,0,0,0,0,0,1.09123334e-06,0.0362981148,0.00775578246,-1.8853151e-06,-0.0363075733,0.00771137327,0,0,0,0,0,0,0,0,0,0,0,0,0,2.2617631,0,0
87,-0.277779043,-0.276779979,0.553774536,-0.277787954,0.277768701,5.98695578e-06,-0.34117648,0.398128569,-0.398128569,-0.3493101,0.398128569,-0.398128569,0,0.182762444,-0.18499516,-0,-0,0,1.51862764,-1.51862764,1.51862764,1.51862764,-1.51862764,1.51862764,0.13401632,0.524888992,0.312452883,0.99999994,-2.05050819e-05,2.56640778e-05,-0.00027458879,1.02532183e-09,0.000143589772,0.077449888,-0.00223271549,1.59430016e-08,0,0,0,0,0,0,0,0,0,0,0,1.07418157e-06,0.0350210369,0.00706454599,-1.79758592e-06,-0.035028778,0.00702607632,0,0,0,0,0,0,0,0,0,0,0,0,0,2.27212596,0,0
88,-0.277781069,-0.276247382,0.552693486,-0.27777952,0.277770817,3.87887303e-06,-0.34117648,0.398128569,-0.398128569,-0.3493101,0.398128569,-0.398128569,0,0.198373318,-0.194227934,-0,-0,0,0,-0,0,0,-0,0,0.134019405,0.524896562,0.313733131,0.99999994,-2.02650554e-05,1.97068184e-05,-0.000276019011,-3.36367982e-08,-0.00180991634,0.0847194493,0.00414538383,-7.70408164e-08,1.07818162e-17,0,0,0,0,0,0,0,0,0,0,1.14142233e-06,0.0350210182,0.00706464611,-1.69694272e-06,-0.0350287966,0.0070259762,0,0,0,0,0,0,0,0,0,0,0,0,0,2.28238249,0,0
89,-0.277781069,-0.275685787,0.551545024,-0.277785838,0.277766496,-2.4987803e-06,-0.34117648,0.398128569,-0.398128569,-0.3493101,0.398128569,-0.398128569,0,0.203114465,-0.203814059,-0,-0,0,0,-0,0,0,-0,0,0.134025365,0.524884522,0.31507203,1,-2.2343138e-06,3.1870266e-05,-0.000222374278,-1.55900146e-08,-0.000838861743,0.0862477347,-0.000699594617,1.3001773e-08,-2.26279062e-17,0,0,0,0,0,0,0,0,0,0,-2.93062101e-07,0.0350217745,0.00706088869,-6.05095806e-07,-0.0350280441,0.00702973409,0,0,0,0,0,0,0,0,0,0,0,0,0,2.29253483,0,0
90,-0.277779043,-0.275020152,0.550235629,-0.277783722,0.277772903,1.77078982e-06,-0.34117648,0.398128569,-0.398128569,-0.3493101,0.398128569,-0.398128569,0,0.211935386,-0.211929694,-0,-0,0,0,-0,0,0,-0,0,0.134010479,0.524857938,0.316679031,0.99999994,-8.58067142e-06,1.3746444e-05,-0.000259329681,-1.00398587e-08,-0.00140601816,0.0900621563,5.69224358e-06,-4.0646219e-11,0,0,0,0,0,0,0,0,0,0,0,4.07097446e-07,0.0350212529,0.0070634773,-7.94552079e-07,-0.0350285619,0.00702714548,0,0,0,0,0,0,0,0,0,0,0,0,0,2.30258512,0,0
91,-0.277779043,-0.274409831,0.549023747,-0.277787954,0.277768701,5.98695578e-06,-0.34117648,0.398128569,-0.398128569,-0.3493101,0.398128569,-0.398128569,0,0.217474133,-0.216470391,-0,-0,0,0,-0,0,0,-0,0,0.13401632,0.52482301,0.318145722,0.99999994,-2.05047036e-05,2.56642743e-05,-0.000259806839,-1.44366892e-08,-0.00202176603,0.0925099626,0.00100374222,-7.16735427e-09,0,0,0,0,0,0,0,0,0,0,0,1.07418305e-06,0.0350212455,0.00706351083,-1.79758445e-06,-0.0350285694,0.00702711195,0,0,0,0,0,0,0,0,0,0,0,0,0,2.31253552,0,0
92,-0.277781069,-0.273778141,0.547769368,-0.27777952,0.277770817,3.87887303e-06,-0.34117648,0.398128569,-0.398128569,-0.3493101,0.398128569,-0.398128569,0,0.225569129,-0.226775512,-0,-0,0,0,-0,0,0,-0,0,0.134019405,0.524797857,0.319670767,0.99999994,-2.02654555e-05,1.97067839e-05,-0.00029628459,-3.44500286e-08,-0.00185367442,0.0957219079,-0.00120638311,2.24202967e-08,-1.25885697e-17,0,0,0,0,0,0,0,0,0,0,1.14141699e-06,0.0350207314,0.00706606591,-1.69694795e-06,-0.0350290798,0.0070245564,0,0,0,0,0,0,0,0,0,0,0,0,0,2.3223877,0,0
93,-0.277781069,-0.273055404,0.546312273,-0.27777952,0.277762294,3.87887303e-06,-0.34117648,0.398128569,-0.398128569,-0.3493101,0.398128569,-0.398128569,0,0.233087242,-0.229717329,-0,-0,0,0,-0,0,0,-0,0,0.134031206,0.524759829,0.321403921,0.99999994,-2.02718693e-05,4.37870876e-05,-0.000279833737,-6.54793624e-08,-0.00352328923,0.09936326,0.00336991251,-6.26288923e-08,-1.27518734e-17,0,0,0,0,0,0,0,0,0,0,8.0211521e-07,0.0350209624,0.0070649134,-2.03624973e-06,-0.0350288488,0.00702570891,0,0,0,0,0,0,0,0,0,0,0,0,0,2.33214378,0,0
94,-0.277783096,-0.272386223,0.545006931,-0.27777952,0.277766496,1.02031217e-05,-0.262745112,0.3264772,-0.3264772,-0.27184701,0.3264772,-0.3264772,0,0.230985761,-0.237790436,-0,-0,0,1.65498638,-1.65498638,1.65498638,1.65498638,-1.65498638,1.65498638,0.13403137,0.524698555,0.323020875,0.99999994,-4.38734605e-05,3.18621096e-05,-0.000326564157,-3.66098512e-08,-0.00121915736,0.0974440128,-0.00680467486,2.04336331e-07,0,0,0,0,0,0,0,0,0,0,0,2.54343013e-06,0.0335808545,0.00634086784,-3.34913057e-06,-0.0335891098,0.00629699696,0,0,0,0,0,0,0,0,0,0,0,0,0,2.3418057,0,0
95,-0.277781069,-0.271710455,0.54367733,-0.277781636,0.277768701,1.77078982e-06,-0.262745112,0.3264772,-0.3264772,-0.27184701,0.3264772,-0.3264772,0,0.243545443,-0.236938134,-0,-0,0,0,-0,0,0,-0,0,0.134022325,0.524635434,0.324649096,0.99999994,-1.43081761e-05,2.5669251e-05,-0.000351597555,-9.79899397e-08,-0.00527260639,0.104105391,0.00660730898,-1.22795015e-07,-2.63054172e-17,0,0,0,0,0,0,0,0,0,0,6.36005439e-07,0.0335805379,0.00634254888,-1.28494173e-06,-0.0335894264,0.00629531546,0,0,0,0,0,0,0,0,0,0,0,0,0,2.35137534,0,0
96,-0.277783096,-0.270957708,0.542148709,-0.277785838,0.277772903,3.87887303e-06,-0.262745112,0.3264772,-0.3264772,-0.27184701,0.3264772,-0.3264772,0,0.246465594,-0.23968944,-0,-0,0,0,-0,0,0,-0,0,0.134022489,0.524571776,0.326448113,0.99999994,-2.59858825e-05,1.37480592e-05,-0.000307013339,-1.74308553e-07,-0.00580470962,0.105346426,0.00677615404,-2.03479885e-07,-1.33054367e-17,0,0,0,0,0,0,0,0,0,0,1.57134059e-06,0.0335811041,0.00633955467,-1.9190345e-06,-0.0335888639,0.00629831059,0,0,0,0,0,0,0,0,0,0,0,0,0,2.36085391,0,0
97,-0.277770609,-0.270278484,0.540754318,-0.277792156,0.277775019,1.77078982e-06,-0.262745112,0.3264772,-0.3264772,-0.27184701,0.3264772,-0.3264772,0,0.236457631,-0.244471565,-0,-0,0,0,-0,0,0,-0,0,0.133982554,0.524521351,0.328065425,1,1.52628945e-05,7.78032791e-06,-0.000238349035,8.80608795e-08,-0.00217203214,0.0996039659,-0.0080139339,-3.24909593e-07,1.3570898e-17,0,0,0,0,0,0,0,0,0,0,-1.12361363e-06,0.0335819721,0.00633494277,9.27052099e-07,-0.0335879996,0.00630292296,0,0,0,0,0,0,0,0,0,0,0,0,0,2.37024379,0,0
98,-0.277789503,-0.269580871,0.539369404,-0.27777952,0.27776441,8.17936234e-06,-0.262745112,0.3264772,-0.3264772,-0.27184701,0.3264772,-0.3264772,0,0.247468472,-0.247224122,-0,-0,0,0,-0,0,0,-0,0,0.13405329,0.524445891,0.329750419,0.99999994,-5.62717396e-05,3.7829981e-05,-0.000288654788,-3.27167584e-07,-0.0049370043,0.105085537,0.000244349241,-1.61926437e-08,1.37236956e-17,0,0,0,0,0,0,0,0,0,0,3.30074226e-06,0.0335813351,0.0063383216,-4.25733333e-06,-0.0335886329,0.00629954366,0,0,0,0,0,0,0,0,0,0,0,0,0,2.37954617,0,0
99,-0.27778545,-0.268783271,0.537788868,-0.277783722,0.277770817,5.98695578e-06,-0.262745112,0.3264772,-0.3264772,-0.27184701,0.3264772,-0.3264772,0,0.249185771,-0.248470962,-0,-0,0,0,-0,0,0,-0,0,0.134032398,0.524343908,0.331666827,0.99999994,-3.8623708e-05,1.97086974e-05,-0.000297476538,-2.41651207e-07,-0.00557053415,0.105838358,0.000714808702,-3.10085859e-08,-1.37929092e-17,0,0,0,0,0,0,0,0,0,0,2.34473873e-06,0.0335812233,0.00633891439,-2.84318094e-06,-0.0335887447,0.00629895087,0,0,0,0,0,0,0,0,0,0,0,0,0,2.38876271,0,0
100,-0.277779043,-0.268075705,0.536385715,-0.277783722,0.277768701,-3.90697124e-07,-0.262745112,0.3264772,-0.3264772,-0.27184701,0.3264772,-0.3264772,0,0.247647583,-0.246566221,-0,-0,0,0,-0,0,0,-0,0,0.13401632,0.524253905,0.333368331,0.99999994,-2.47371599e-06,2.56692147e-05,-0.000314404228,-4.32248264e-08,-0.00605336111,0.105199806,0.00108136237,-7.72161091e-09,1.36871748e-17,0,0,0,0,0,0,0,0,0,0,-1.58796595e-07,0.033581011,0.00634005107,-4.90031312e-07,-0.033588957,0.00629781419,0,0,0,0,0,0,0,0,0,0,0,0,0,2.39789534,0,0
101,-0.277779043,-0.267366379,0.534961343,-0.277783722,0.277770817,1.77078982e-06,-0.262745112,0.3264772,-0.3264772,-0.27184701,0.3264772,-0.3264772,0,0.249976426,-0.246214718,-0,-0,0,0,-0,0,0,-0,0,0.134013399,0.524159372,0.335068673,0.99999994,-8.58314252e-06,1.97068402e-05,-0.00030629817,-5.16383274e-08,-0.00723161828,0.106431447,0.00376170874,-2.68609792e-08,-1.36676624e-17,0,0,0,0,0,0,0,0,0,0,3.2703835e-07,0.0335811116,0.00633950671,-8.25209668e-07,-0.0335888527,0.00629835855,0,0,0,0,0,0,0,0,0,0,0,0,0,2.40694499,0,0
102,-0.277776837,-0.266574323,0.53338784,-0.277794272,0.277772903,1.77078982e-06,-0.262745112,0.3264772,-0.3264772,-0.27184701,0.3264772,-0.3264772,0,0.25365606,-0.251406252,8.48003708e-07,-0,0,0,-0,0,0,-0,0,0.134003982,0.524025798,0.33696571,0.99999994,-2.3822306e-06,1.37445904e-05,-0.000291516277,3.8962952e-08,-0.00741144409,0.107812203,0.00225065509,1.18319949e-08,1.39558306e-17,0,0,0,0,0,0,0,0,0,0,-1.39658427e-08,0.0335813016,0.00633851392,-3.33456342e-07,-0.0335886702,0.00629935134,0,0,0,0,0,0,0,0,0,0,0,0,0,2.41591382,0,0
103,-0.277781069,-0.265867621,0.531992793,-0.277787954,0.277772903,5.98695578e-06,-0.152941182,0.22616528,-0.22616528,-0.163398698,0.22616528,-0.22616528,0,0.250080705,-0.256821811,2.80106384e-16,-0,0,2.31200075,-2.31200075,2.31200075,2.31200075,-2.31200075,2.31200075,0.134016469,0.523912787,0.3386693,0.99999994,-2.62246904e-05,1.37442557e-05,-0.000335385295,-1.00283749e-07,-0.00539603131,0.105370522,-0.00674110651,1.25281602e-07,1.42564744e-17,0,0,0,0,0,0,0,0,0,0,1.50601329e-06,0.0315322615,0.00539206015,-1.80147879e-06,-0.0315394662,0.00534975342,0,0,0,0,0,0,0,0,0,0,0,0,0,2.42480278,0,0
104,-0.277776837,-0.26515922,0.530569077,-0.277775347,0.277770817,5.98695578e-06,-0.152941182,0.22616528,-0.22616528,-0.163398698,0.22616528,-0.22616528,0,0.248736978,-0.248863623,-6.85776058e-08,-0,0,0,-0,0,0,-0,0,0.134006903,0.523818374,0.34037292,0.99999994,-1.43062716e-05,1.97002155e-05,-0.000361285784,3.94490378e-08,-0.00750390626,0.105431549,-0.000126713552,-6.6615008e-10,-1.3814712e-17,0,0,0,0,0,0,0,0,0,0,6.9020092e-07,0.0315319821,0.00539369322,-1.11354404e-06,-0.0315397419,0.00534811942,0,0,0,0,0,0,0,0,0,0,0,0,0,2.4336133,0,0
105,-0.277783096,-0.264375508,0.528957844,-0.277785838,0.27776441,3.87887303e-06,-0.152941182,0.22616528,-0.22616528,-0.163398698,0.22616528,-0.22616528,0,0.252778709,-0.250038594,-1.47901703e-18,-0,0,0,-0,0,0,-0,0,0.134034261,0.523678839,0.342232972,0.99999994,-2.59918597e-05,3.78281838e-05,-0.000269581506,-2.65703108e-07,-0.00884827133,0.107396156,0.00274011493,-8.22824049e-08,2.77598604e-17,0,0,0,0,0,0,0,0,0,0,1.23228995e-06,0.0315329693,0.00538791018,-2.0451273e-06,-0.0315387622,0.00535390386,0,0,0,0,0,0,0,0,0,0,0,0,0,2.44234705,0,0
106,-0.277776837,-0.263662398,0.527545929,-0.277794272,0.277766496,-3.90697124e-07,-0.152941182,0.22616528,-0.22616528,-0.163398698,0.22616528,-0.22616528,0,0.248690277,-0.251787454,-4.88537938e-28,-0,0,0,-0,0,0,-0,0,0.134012863,0.523532748,0.343940914,0.99999994,3.72476006e-06,3.18662242e-05,-0.000266005431,4.00615754e-08,-0.0076204217,0.105047651,-0.00309717655,-1.62822715e-08,1.54142831e-44,0,0,0,0,0,0,0,0,0,0,-5.77752189e-07,0.0315330103,0.00538768433,-1.06828708e-07,-0.0315387249,0.00535412971,0,0,0,0,0,0,0,0,0,0,0,0,0,2.45100498,0,0
107,-0.277787477,-0.262946904,0.526113808,-0.277785838,0.27776441,3.87887303e-06,-0.152941182,0.22616528,-0.22616528,-0.163398698,0.22616528,-0.22616528,0,0.249066904,-0.247512206,-1.61370291e-37,-0,0,0,-0,0,0,-0,0,0.134047225,0.523396254,0.345659137,0.99999994,-3.8390328e-05,3.78318327e-05,-0.000288177689,-5.08349444e-07,-0.00927233044,0.105636604,0.00155469775,-8.52352926e-08,-2.7479375e-17,0,0,0,0,0,0,0,0,0,0,2.01415583e-06,0.0315327719,0.00538908271,-2.8271586e-06,-0.0315389596,0.00535273086,0,0,0,0,0,0,0,0,0,0,0,0,0,2.45958877,0,0
108,-0.277789503,-0.262140006,0.524527848,-0.277794272,0.277770817,3.87887303e-06,-0.152941182,0.22616528,-0.22616528,-0.163398698,0.22616528,-0.22616528,0,0.253404081,-0.25146687,-0,-0,0,0,-0,0,0,-0,0,0.134044334,0.523204625,0.347594231,0.99999994,-4.4107459e-05,1.97140125e-05,-0.0003036751,-6.63745595e-07,-0.0100160139,0.107469283,0.00193721056,-1.28375916e-07,-2.79184309e-17,0,0,0,0,0,0,0,0,0,0,2.56964836e-06,0.0315326042,0.00539006013,-2.9934647e-06,-0.0315391272,0.00535175344,0,0,0,0,0,0,0,0,0,0,0,0,0,2.46809959,0,0
109,-0.277779043,-0.261427313,0.523103118,-0.277777344,0.277772903,5.98695578e-06,-0.152941182,0.22616528,-0.22616528,-0.163398698,0.22616528,-0.22616528,0,0.242623091,-0.25227055,-0,-0,0,0,-0,0,0,-0,0,0.134010464,0.523081005,0.349309862,0.99999994,-2.05028791e-05,1.37421084e-05,-0.000352464092,-5.00276975e-08,-0.0070060594,0.101711348,-0.00964745879,6.88889585e-08,0,0,0,0,0,0,0,0,0,0,0,1.14515387e-06,0.0315320753,0.00539313722,-1.44053956e-06,-0.0315396488,0.00534867588,0,0,0,0,0,0,0,0,0,0,0,0,0,2.47653842,0,0
110,-0.277779043,-0.260715365,0.521708727,-0.277781636,0.277766496,5.98695578e-06,-0.152941182,0.22616528,-0.22616528,-0.163398698,0.22616528,-0.22616528,0,0.25468263,-0.247173503,-0,-0,0,0,-0,0,0,-0,0,0.134019345,0.522901416,0.351019174,0.99999994,-2.05102115e-05,3.18615239e-05,-0.000382115657,-8.84331186e-08,-0.0123844938,0.108486071,0.00750912726,-5.36199174e-08,0,0,0,0,0,0,0,0,0,0,0,9.50511946e-07,0.0315317586,0.00539500685,-1.63518155e-06,-0.0315399654,0.00534680532,0,0,0,0,0,0,0,0,0,0,0,0,0,2.48490667,0,0
111,-0.277776837,-0.259929985,0.520110965,-0.277787954,0.277770817,1.02031217e-05,-0.152941182,0.22616528,-0.22616528,-0.163398698,0.22616528,-0.22616528,0,0.252888083,-0.248565897,-0,-0,0,0,-0,0,0,-0,0,0.134006903,0.522719502,0.352886319,0.99999994,-2.62265057e-05,1.96970159e-05,-0.000326087495,6.28510435e-08,-0.0119553823,0.107361913,0.00432218611,2.27223094e-08,1.37981791e-17,0,0,0,0,0,0,0,0,0,0,1.44207263e-06,0.0315323621,0.00539147388,-1.86541979e-06,-0.0315393656,0.00535033969,0,0,0,0,0,0,0,0,0,0,0,0,0,2.49320555,0,0
112,-0.277783096,-0.259235919,0.518685579,-0.277783722,0.277772903,1.77078982e-06,-0.0352941193,0.118688241,-0.118688241,-0.0472040661,0.118688241,-0.118688241,0,0.247900531,-0.253945529,-0,-0,0,2.64515281,-2.64515281,2.64515281,2.64515281,-2.64515281,2.64515281,0.13402243,0.522564828,0.354537398,0.99999994,-2.00251197e-05,1.37496718e-05,-0.000285317161,-2.8381254e-07,-0.00945133995,0.10417556,-0.00604499876,1.81524157e-07,-1.40968087e-17,0,0,0,0,0,0,0,0,0,0,1.05095933e-06,0.0292981323,0.00446260581,-1.29557884e-06,-0.0293032061,0.00442916574,0,0,0,0,0,0,0,0,0,0,0,0,0,2.501436,0,0
113,-0.277781069,-0.258528948,0.517261505,-0.277783722,0.277766496,8.17936234e-06,-0.0352941193,0.118688241,-0.118688241,-0.0472040661,0.118688241,-0.118688241,0,0.247594774,-0.249267533,-0,-0,0,0,-0,0,0,-0,0,0.13402532,0.522389352,0.356223911,0.99999994,-3.24276007e-05,3.18628772e-05,-0.000271012628,-2.04347614e-07,-0.0109954607,0.104437985,-0.00167275965,3.10877759e-08,-2.76742555e-17,0,0,0,0,0,0,0,0,0,0,1.61639923e-06,0.0292982589,0.00446176762,-2.18319042e-06,-0.0293030795,0.00443000393,0,0,0,0,0,0,0,0,0,0,0,0,0,2.50959921,0,0
114,-0.277781069,-0.257728308,0.515667498,-0.277794272,0.277768701,5.98695578e-06,-0.0352941193,0.118688241,-0.118688241,-0.0472040661,0.118688241,-0.118688241,0,0.248630166,-0.245264038,-0,-0,0,0,-0,0,0,-0,0,0.134022281,0.522158384,0.358132362,0.99999994,-2.62265348e-05,2.56658259e-05,-0.000251462043,-2.38476844e-07,-0.0128318742,0.105325468,0.00336612761,-6.25585557e-08,0,0,0,0,0,0,0,0,0,0,0,1.30825867e-06,0.029298434,0.00446062209,-1.76480535e-06,-0.0293029062,0.00443114992,0,0,0,0,0,0,0,0,0,0,0,0,0,2.51769638,0,0
115,-0.277787477,-0.257012308,0.514253855,-0.277783722,0.277766496,3.87887303e-06,-0.0352941193,0.118688241,-0.118688241,-0.0472040661,0.118688241,-0.118688241,0,0.248321012,-0.250361085,-0,-0,0,0,-0,0,0,-0,0,0.13404423,0.521962345,0.359852821,0.99999994,-3.83892184e-05,3.18716811e-05,-0.000307251292,-6.48713751e-07,-0.0118325856,0.104605988,-0.00204007328,1.11845686e-07,0,0,0,0,0,0,0,0,0,0,0,1.9655854e-06,0.0292979367,0.00446389103,-2.53258645e-06,-0.0293033998,0.00442788005,0,0,0,0,0,0,0,0,0,0,0,0,0,2.5257287,0,0
116,-0.277779043,-0.256207198,0.512655139,-0.277792156,0.277772903,-3.90697124e-07,-0.0352941193,0.118688241,-0.118688241,-0.0472040661,0.118688241,-0.118688241,0,0.252740651,-0.248384312,-0,-0,0,0,-0,0,0,-0,0,0.134010464,0.521721184,0.361772388,0.99999994,-2.46976492e-06,1.37482175e-05,-0.000299622334,-1.0143382e-07,-0.0142051596,0.107051499,0.00435633957,-3.1107021e-08,1.37880991e-17,0,0,0,0,0,0,0,0,0,0,2.22375451e-08,0.0292980038,0.004463444,-2.66742745e-07,-0.0293033328,0.00442832755,0,0,0,0,0,0,0,0,0,0,0,0,0,2.53369689,0,0
117,-0.277781069,-0.255506128,0.511247277,-0.277798563,0.277768701,-3.90697124e-07,-0.0352941193,0.118688241,-0.118688241,-0.0472040661,0.118688241,-0.118688241,0,0.25325346,-0.247138575,-0,-0,0,0,-0,0,0,-0,0,0.134022266,0.521504879,0.363439083,0.99999994,-8.19470915e-06,2.5670588e-05,-0.000273396086,-2.80877771e-07,-0.0151133677,0.107390597,0.00611488521,-1.13643459e-07,-1.37189468e-17,0,0,0,0,0,0,0,0,0,0,2.51532754e-07,0.0292982385,0.00446190732,-7.08086645e-07,-0.0293031,0.00442986423,0,0,0,0,0,0,0,0,0,0,0,0,0,2.5416019,0,0
118,-0.277787477,-0.25481391,0.509855211,-0.277787954,0.277768701,3.87887303e-06,0.0431372561,0.0470368788,-0.0470368788,0.0302590169,0.0470368788,-0.0470368788,0,0.246323049,-0.253500193,-0,-0,0,1.77005768,-1.77005768,1.77005768,1.77005768,-1.77005768,1.77005768,0.13404116,0.52130568,0.365092993,0.99999994,-3.8386941e-05,2.5672558e-05,-0.000292707846,-6.40668304e-07,-0.0116858352,0.103089377,-0.00717714429,3.93482253e-07,1.40720876e-17,0,0,0,0,0,0,0,0,0,0,1.93368464e-06,0.0277873687,0.00389841618,-2.33251785e-06,-0.0277919155,0.00386587903,0,0,0,0,0,0,0,0,0,0,0,0,0,2.54944515,0,0
119,-0.277781069,-0.254119009,0.508446693,-0.277792156,0.277768701,3.87887303e-06,0.0431372561,0.0470368788,-0.0470368788,0.0302590169,0.0470368788,-0.0470368788,0,0.250553668,-0.251631647,5.43910646e-05,-0,0,0,-0,0,0,-0,0,0.134022266,0.521092951,0.366740912,0.99999994,-2.02661431e-05,2.56673193e-05,-0.00025432292,-2.58621981e-07,-0.0139158359,0.105431557,-0.0010235887,1.90231138e-08,1.39695188e-17,0,0,0,0,0,0,0,0,0,0,9.26686425e-07,0.0277876686,0.00389628275,-1.32534376e-06,-0.0277916174,0.00386801269,0,0,0,0,0,0,0,0,0,0,0,0,0,2.55722737,0,0
120,-0.277787477,-0.253324598,0.506835103,-0.277792156,0.277768701,3.87887303e-06,0.0431372561,0.0470368788,-0.0470368788,0.0302590169,0.0470368788,-0.0470368788,0,0.252624661,-0.24905622,5.30215329e-05,-0,0,0,-0,0,0,-0,0,0.134041131,0.520838678,0.368626058,1,-3.83851293e-05,2.56713993e-05,-0.000222135946,-8.61954902e-07,-0.0157221183,0.106702276,0.00362146227,-1.98544299e-07,1.38193616e-17,0,0,0,0,0,0,0,0,0,0,1.93371488e-06,0.0277879201,0.00389449415,-2.33248784e-06,-0.0277913678,0.00386980153,0,0,0,0,0,0,0,0,0,0,0,0,0,2.56494927,0,0
121,-0.277776837,-0.252608627,0.505430281,-0.277787954,0.277770817,8.17936234e-06,0.0431372561,0.0470368788,-0.0470368788,0.0302590169,0.0470368788,-0.0470368788,0,0.252827078,-0.254358649,1.0701249e-07,-0,0,0,-0,0,0,-0,0,0.134006917,0.520600617,0.37033996,0.99999994,-2.0503403e-05,1.97002646e-05,-0.000272443198,7.80298279e-08,-0.0148426564,0.106212102,-0.00153146416,-8.05111178e-09,-3.24284763e-24,0,0,0,0,0,0,0,0,0,0,9.8626424e-07,0.0277875271,0.00389728975,-1.29226839e-06,-0.0277917571,0.00386700546,0,0,0,0,0,0,0,0,0,0,0,0,0,2.57261229,0,0
122,-0.277779043,-0.251892865,0.503975868,-0.277787954,0.277770817,5.98695578e-06,0.0431372561,0.0470368788,-0.0470368788,0.0302590169,0.0470368788,-0.0470368788,0,0.25088793,-0.250101298,3.53475816e-17,-0,0,0,-0,0,0,-0,0,0.13401337,0.520361066,0.372035712,1,-2.05027645e-05,1.97040754e-05,-0.000240018024,-1.12514741e-07,-0.0157569721,0.105565667,0.000786632299,-5.61705216e-09,2.7766822e-17,0,0,0,0,0,0,0,0,0,0,9.86239797e-07,0.0277877804,0.00389548787,-1.29229284e-06,-0.0277915075,0.00386880781,0,0,0,0,0,0,0,0,0,0,0,0,0,2.58021688,0,0
123,-0.277781069,-0.251081347,0.502385199,-0.277796388,0.277762294,3.87887303e-06,0.0431372561,0.0470368788,-0.0470368788,0.0302590169,0.0470368788,-0.0470368788,0,0.255369723,-0.250766635,7.62343305e-28,-0,0,0,-0,0,0,-0,0,0.134031117,0.520045459,0.373968929,0.99999994,-2.02710871e-05,4.37871167e-05,-0.000261952344,-3.25640343e-07,-0.0175219364,0.107757248,0.0046030879,-8.55471214e-08,1.39203446e-17,0,0,0,0,0,0,0,0,0,0,7.85997713e-07,0.027787609,0.00389670674,-1.46603247e-06,-0.027791677,0.00386758847,0,0,0,0,0,0,0,0,0,0,0,0,0,2.58776402,0,0
124,-0.277783096,-0.250368059,0.500946283,-0.277787954,0.277768701,3.87887303e-06,0.113725491,-0.0174493454,0.0174493454,0.0999757946,-0.0174493454,0.0174493454,0,0.247687161,-0.255295485,0.000105712672,-0,0,1.58422577,-1.58422577,1.58422577,1.58422577,-1.58422577,1.58422577,0.134028181,0.519799531,0.375664473,0.99999994,-2.5988551e-05,2.56688309e-05,-0.000268389471,-4.28040153e-07,-0.014254313,0.103256024,-0.00750261173,2.25294542e-07,-1.41569728e-17,0,0,0,0,0,0,0,0,0,0,1.19751121e-06,0.0264147595,0.00342561631,-1.54787676e-06,-0.0264184233,0.00339725637,0,0,0,0,0,0,0,0,0,0,0,0,0,2.59525466,0,0
125,-0.277787477,-0.24965629,0.499564081,-0.27777943,0.277770817,1.77078982e-06,0.113725491,-0.0174493454,0.0174493454,0.0999757946,-0.0174493454,0.0174493454,0,0.252054542,-0.250458926,0.000106631785,-0,0,0,-0,0,0,-0,0,0.134038135,0.519523323,0.377370536,0.99999994,-3.24258763e-05,1.97151421e-05,-0.00035088195,-9.52036487e-07,-0.0173652135,0.105941489,0.00170224812,-9.3324644e-08,-2.60123423e-21,0,0,0,0,0,0,0,0,0,0,1.57820546e-06,0.0264141951,0.0034299742,-1.84738849e-06,-0.0264189821,0.00339289778,0,0,0,0,0,0,0,0,0,0,0,0,0,2.60268974,0,0
126,-0.277789503,-0.248865917,0.497974098,-0.277787954,0.277770817,5.98695578e-06,0.113725491,-0.0174493454,0.0174493454,0.0999757946,-0.0174493454,0.0174493454,0,0.255895823,-0.249484167,0.000129358814,-0,0,0,-0,0,0,-0,0,0.134044066,0.519208848,0.37923795,0.99999994,-5.00681199e-05,1.97123645e-05,-0.000313688797,-1.28266674e-06,-0.0193556212,0.107958399,0.00654101558,-4.33462901e-07,1.38438585e-17,0,0,0,0,0,0,0,0,0,0,2.51032952e-06,0.0264144503,0.00342800934,-2.77953382e-06,-0.0264187306,0.00339486287,0,0,0,0,0,0,0,0,0,0,0,0,0,2.61006975,0,0
127,-0.277783096,-0.24817574,0.496564865,-0.277798504,0.277772903,1.77078982e-06,0.113725491,-0.0174493454,0.0174493454,0.0999757946,-0.0174493454,0.0174493454,0,0.248996541,-0.251152843,9.36162687e-05,-0,0,0,-0,0,0,-0,0,0.134022325,0.518937945,0.380859911,0.99999994,-2.00245395e-05,1.37492498e-05,-0.000243117072,-5.1221798e-07,-0.0170575473,0.104138434,-0.00206268602,6.19400211e-08,1.39403061e-17,0,0,0,0,0,0,0,0,0,0,9.63941034e-07,0.0264149327,0.00342428125,-1.15162629e-06,-0.0264182501,0.00339859189,0,0,0,0,0,0,0,0,0,0,0,0,0,2.61739588,0,0
128,-0.277779043,-0.247370452,0.494948566,-0.277787954,0.27776441,3.87887303e-06,0.113725491,-0.0174493454,0.0174493454,0.0999757946,-0.0174493454,0.0174493454,0,0.253379434,-0.253668338,8.92801254e-05,-0,0,0,-0,0,0,-0,0,0.134022236,0.51863116,0.38277185,0.99999994,-1.45475879e-05,3.78251352e-05,-0.000264813571,-1.30948166e-07,-0.0183384549,0.106078312,-0.000199623581,1.42543877e-09,1.40719982e-17,0,0,0,0,0,0,0,0,0,0,5.09963854e-07,0.0264147855,0.00342542748,-1.02616866e-06,-0.0264183991,0.00339744543,0,0,0,0,0,0,0,0,0,0,0,0,0,2.6246686,0,0
129,-0.277781069,-0.246657923,0.493532598,-0.277794272,0.27776441,5.98695578e-06,0.113725491,-0.0174493454,0.0174493454,0.0999757946,-0.0174493454,0.0174493454,0,0.252319872,-0.251129538,6.38899146e-05,-0,0,0,-0,0,0,-0,0,0.134028167,0.51832068,0.384457409,0.99999994,-2.62299072e-05,3.78251098e-05,-0.000259806809,-3.54518392e-07,-0.0190757941,0.105704986,0.00125422445,-2.33094166e-08,1.39363754e-17,0,0,0,0,0,0,0,0,0,0,1.12716805e-06,0.0264148191,0.00342516298,-1.64341293e-06,-0.0264183637,0.00339770992,0,0,0,0,0,0,0,0,0,0,0,0,0,2.63188887,0,0
130,-0.277774662,-0.245934933,0.492115974,-0.277785838,0.277768701,-3.90697124e-07,0.192156866,-0.089100711,0.089100711,0.17743887,-0.089100711,0.089100711,0,0.248681858,-0.253060669,0.000122727215,-0,0,1.76530969,-1.76530969,1.76530969,1.76530969,-1.76530969,1.76530969,0.134003431,0.518017352,0.38618058,0.99999994,9.92377409e-06,2.56652347e-05,-0.000325133384,3.13749865e-07,-0.0177712627,0.103556164,-0.00425608316,-7.51407256e-08,-1.40434837e-17,0,0,0,0,0,0,0,0,0,0,-6.445282e-07,0.0248756036,0.00294570928,3.43817419e-07,-0.0248794127,0.00291335536,0,0,0,0,0,0,0,0,0,0,0,0,0,2.6390574,0,0
131,-0.277781069,-0.245219693,0.49069193,-0.277781636,0.277770817,-3.90697124e-07,0.192156866,-0.089100711,0.089100711,0.17743887,-0.089100711,0.089100711,0,0.256355911,-0.251353621,0.000236039312,-0,0,0,-0,0,0,-0,0,0.134019271,0.517704368,0.387875289,0.99999994,-8.1945127e-06,1.97108784e-05,-0.000346113811,-3.94344426e-07,-0.0212187394,0.107632838,0.00523832953,-9.73529097e-08,1.39277859e-17,0,0,0,0,0,0,0,0,0,0,2.91874784e-07,0.0248754807,0.00294675305,-5.22882658e-07,-0.0248795357,0.00291231135,0,0,0,0,0,0,0,0,0,0,0,0,0,2.64617491,0,0
132,-0.277783096,-0.244426548,0.489085048,-0.277785838,0.277766496,5.98695578e-06,0.192156866,-0.089100711,0.089100711,0.17743887,-0.089100711,0.089100711,0,0.255904019,-0.249688685,0.000416724128,-0,0,0,-0,0,0,-0,0,0.134031147,0.517352402,0.389740288,0.99999994,-3.19518476e-05,3.18660423e-05,-0.000305106107,-6.59291118e-07,-0.0219552815,0.107492894,0.00663205795,-1.99152851e-07,-1.38260104e-17,0,0,0,0,0,0,0,0,0,0,1.40251893e-06,0.024875721,0.00294471299,-1.77604363e-06,-0.0248792972,0.00291435164,0,0,0,0,0,0,0,0,0,0,0,0,0,2.65324187,0,0
133,-0.277781069,-0.243720934,0.487677187,-0.277781636,0.277768701,3.87887303e-06,0.192156866,-0.089100711,0.089100711,0.17743887,-0.089100711,0.089100711,0,0.246744171,-0.252290785,0.000239310844,-0,0,0,-0,0,0,-0,0,0.134022191,0.517037094,0.391408741,0.99999994,-2.02678748e-05,2.56672065e-05,-0.000321795378,-3.45569731e-07,-0.0185942892,0.102397792,-0.00530730374,9.86347786e-08,-1.39742966e-17,0,0,0,0,0,0,0,0,0,0,8.57593648e-07,0.0248756241,0.00294554327,-1.15844171e-06,-0.0248793941,0.00291352137,0,0,0,0,0,0,0,0,0,0,0,0,0,2.66025949,0,0
134,-0.277779043,-0.242931753,0.48608315,-0.277783722,0.277766496,3.87887303e-06,0.192156866,-0.089100711,0.089100711,0.17743887,-0.089100711,0.089100711,0,0.250555277,-0.25217551,0.000194125794,-0,0,0,-0,0,0,-0,0,0.1340193,0.516675055,0.393263876,0.99999994,-1.45469285e-05,3.18644561e-05,-0.00029366219,-1.45667073e-07,-0.0203997437,0.10428299,-0.00142610725,1.01833075e-08,1.39728127e-17,0,0,0,0,0,0,0,0,0,0,5.36596247e-07,0.0248757899,0.00294414349,-9.10038182e-07,-0.0248792302,0.00291492115,0,0,0,0,0,0,0,0,0,0,0,0,0,2.66722822,0,0
135,-0.277776837,-0.242227569,0.484650314,-0.277785838,0.277766496,5.98695578e-06,0.192156866,-0.089100711,0.089100711,0.17743887,-0.089100711,0.089100711,0,0.253303051,-0.248633042,0.000150804874,-0,0,0,-0,0,0,-0,0,0.134012893,0.516349375,0.394914746,0.99999994,-1.43072184e-05,3.18616767e-05,-0.000253131409,1.19302968e-07,-0.022693539,0.105967179,0.00482081389,2.53436632e-08,2.75971341e-17,0,0,0,0,0,0,0,0,0,0,5.2475383e-07,0.0248760283,0.00294212718,-8.98155633e-07,-0.0248789936,0.00291693793,0,0,0,0,0,0,0,0,0,0,0,0,0,2.67414856,0,0
136,-0.277781069,-0.241521358,0.48323369,-0.277787954,0.277770817,3.87887303e-06,0.262745112,-0.153586939,0.153586939,0.247155651,-0.153586939,0.153586939,0,0.252842903,-0.25215894,0.000123266873,-0,0,1.58828735,-1.58828735,1.58828735,1.58828735,-1.58828735,1.58828735,0.134019241,0.516002774,0.396574736,1,-2.02643696e-05,1.97068766e-05,-0.000241209898,-4.09601e-07,-0.0220396612,0.105288245,0.000807230186,-1.50021506e-08,-1.79754163e-21,0,0,0,0,0,0,0,0,0,0,8.51575408e-07,0.023479972,0.00254445104,-1.05130471e-06,-0.0234824177,0.00252179545,0,0,0,0,0,0,0,0,0,0,0,0,0,2.68102145,0,0
137,-0.277781069,-0.240713462,0.4816356,-0.277781636,0.277768701,3.87887303e-06,0.262745112,-0.153586939,0.153586939,0.247155651,-0.153586939,0.153586939,0,0.252528191,-0.252216309,0.000127648746,-0,0,0,-0,0,0,-0,0,0.134022161,0.515604496,0.398483396,0.99999994,-2.02669089e-05,2.56672702e-05,-0.000284125243,-4.16199583e-07,-0.0223947149,0.105019659,0.000439530035,-8.16854495e-09,2.71950207e-21,0,0,0,0,0,0,0,0,0,0,8.21374158e-07,0.0234797541,0.00254646642,-1.08150596e-06,-0.0234826338,0.00251977984,0,0,0,0,0,0,0,0,0,0,0,0,0,2.68784738,0,0
138,-0.277779043,-0.239996463,0.480215579,-0.277783722,0.277766496,1.77078982e-06,0.262745112,-0.153586939,0.153586939,0.247155651,-0.153586939,0.153586939,0,0.253688693,-0.24846819,0.000118278411,-0,0,0,-0,0,0,-0,0,0.1340193,0.515235364,0.400170892,0.99999994,-8.58660042e-06,3.18661987e-05,-0.00029795352,-1.7284043e-07,-0.0242051985,0.105899371,0.00533878105,-3.81222733e-08,-1.37885813e-17,0,0,0,0,0,0,0,0,0,0,2.41346441e-07,0.0234796833,0.00254711579,-5.64256425e-07,-0.0234827027,0.00251913047,0,0,0,0,0,0,0,0,0,0,0,0,0,2.69462729,0,0
139,-0.277781069,-0.239284262,0.478815824,-0.277781636,0.277768701,3.87887303e-06,0.262745112,-0.153586939,0.153586939,0.247155651,-0.153586939,0.153586939,0,0.249732181,-0.254972368,8.68777934e-05,-0,0,0,-0,0,0,-0,0,0.134022146,0.514860213,0.401851028,0.99999994,-2.02683095e-05,2.56671774e-05,-0.000338723097,-4.00392054e-07,-0.0215441473,0.103117205,-0.00515330909,9.57728332e-08,1.41460392e-17,0,0,0,0,0,0,0,0,0,0,8.21368985e-07,0.0234794766,0.00254903035,-1.08151107e-06,-0.0234829076,0.00251721567,0,0,0,0,0,0,0,0,0,0,0,0,0,2.70136118,0,0
140,-0.27778545,-0.23848699,0.477259547,-0.277785838,0.277766496,8.17936234e-06,0.262745112,-0.153586939,0.153586939,0.247155651,-0.153586939,0.153586939,0,0.24713634,-0.25293225,9.85711813e-05,-0,0,0,-0,0,0,-0,0,0.134037927,0.514417112,0.403729409,0.99999994,-4.48288665e-05,3.18660786e-05,-0.000380923186,-9.37951029e-07,-0.021621611,0.101882577,-0.00569733977,2.47152059e-07,1.40328279e-17,0,0,0,0,0,0,0,0,0,0,1.94317272e-06,0.0234792605,0.00255101197,-2.26622865e-06,-0.0234831199,0.00251523382,0,0,0,0,0,0,0,0,0,0,0,0,0,2.70805025,0,0
141,-0.277783096,-0.237795278,0.475836188,-0.277785838,0.277768701,3.87887303e-06,0.34117648,-0.225238293,0.225238293,0.324618727,-0.225238293,0.225238293,0,0.251880705,-0.24969539,5.25174e-05,-0,0,1.76544917,-1.76544917,1.76544917,1.76544917,-1.76544917,1.76544917,0.134028018,0.514066041,0.405338913,0.99999994,-2.5989988e-05,2.56690582e-05,-0.000324417837,-7.37517496e-07,-0.0245603267,0.104548186,0.00223783241,-6.71994513e-08,-1.6911025e-21,0,0,0,0,0,0,0,0,0,0,1.02934337e-06,0.021917101,0.00214866153,-1.24857161e-06,-0.0219198707,0.00212021847,0,0,0,0,0,0,0,0,0,0,0,0,0,2.71469474,0,0
142,-0.277779043,-0.237014696,0.474245489,-0.277787954,0.27776441,-3.90697124e-07,0.34117648,-0.225238293,0.225238293,0.324618727,-0.225238293,0.225238293,0,0.2538867,-0.251421005,6.88607543e-05,-0,0,0,-0,0,0,-0,0,0.134022206,0.513653874,0.407156676,0.99999994,-2.4761141e-06,3.78283876e-05,-0.000276734063,-1.80559979e-07,-0.025286274,0.105300911,0.00253455597,-1.80983317e-08,2.60559833e-21,0,0,0,0,0,0,0,0,0,0,-5.34013402e-08,0.0219173059,0.00214657141,-2.69574258e-07,-0.0219196677,0.00212230906,0,0,0,0,0,0,0,0,0,0,0,0,0,2.72129536,0,0
143,-0.277787477,-0.236315995,0.472820759,-0.277781636,0.277770817,-3.90697124e-07,0.34117648,-0.225238293,0.225238293,0.324618727,-0.225238293,0.225238293,0,0.244227111,-0.250711799,7.8965284e-05,-0,0,0,-0,0,0,-0,0,0.134037793,0.513280749,0.408786595,0.99999994,-2.63125476e-05,1.97145819e-05,-0.000255991239,-1.22880931e-06,-0.0224135704,0.100316949,-0.00640572188,3.51189527e-07,1.3910516e-17,0,0,0,0,0,0,0,0,0,0,1.06905338e-06,0.0219173934,0.00214566221,-1.23742927e-06,-0.0219195802,0.00212321826,0,0,0,0,0,0,0,0,0,0,0,0,0,2.72785282,0,0
144,-0.277783096,-0.235602617,0.471404493,-0.277785838,0.277760178,5.98695578e-06,0.34117648,-0.225238293,0.225238293,0.324618727,-0.225238293,0.225238293,0,0.2533319,-0.249300703,7.21718825e-05,-0,0,0,-0,0,0,-0,0,0.134039775,0.512872219,0.410453886,0.99999994,-3.19550018e-05,4.97475266e-05,-0.000258852931,-7.95046617e-07,-0.0264761224,0.105028279,0.00410336815,-1.2321928e-07,1.38330026e-17,0,0,0,0,0,0,0,0,0,0,1.18784476e-06,0.0219173823,0.0021457877,-1.61264791e-06,-0.0219195914,0.00212309277,0,0,0,0,0,0,0,0,0,0,0,0,0,2.73436761,0,0
145,-0.277783096,-0.234809563,0.469816834,-0.27779007,0.277768701,1.77078982e-06,0.34117648,-0.225238293,0.225238293,0.324618727,-0.225238293,0.225238293,0,0.246417359,-0.251062244,5.9494243e-05,-0,0,0,-0,0,0,-0,0,0.134027958,0.512412608,0.412302107,0.99999994,-2.00274808e-05,2.56701951e-05,-0.000244785886,-7.2005156e-07,-0.023978686,0.101193219,-0.00458539138,1.37693874e-07,3.17681158e-21,0,0,0,0,0,0,0,0,0,0,7.68064865e-07,0.0219174419,0.00214517093,-9.87272756e-07,-0.0219195317,0.00212370954,0,0,0,0,0,0,0,0,0,0,0,0,0,2.74083996,0,0
146,-0.277776837,-0.234092221,0.468392462,-0.27777943,0.277766496,-2.4987803e-06,0.34117648,-0.225238293,0.225238293,0.324618727,-0.225238293,0.225238293,0,0.247866377,-0.245688483,6.749975e-05,-0,0,0,-0,0,0,-0,0,0.134012923,0.512009561,0.413983524,0.99999994,9.68447966e-06,3.18679122e-05,-0.000289370277,1.38359283e-07,-0.0263183881,0.102369368,0.00224539381,1.18043353e-08,5.92785324e-22,0,0,0,0,0,0,0,0,0,0,-5.60970932e-07,0.0219172519,0.00214712531,2.88914208e-07,-0.0219197217,0.00212175492,0,0,0,0,0,0,0,0,0,0,0,0,0,2.74727082,0,0
147,-0.277789503,-0.233298406,0.466809869,-0.277785838,0.277770817,1.77078982e-06,0.34117648,-0.225238293,0.225238293,0.324618727,-0.225238293,0.225238293,0,0.255248845,-0.246709257,8.35781975e-05,-0,0,0,-0,0,0,-0,0,0.134043559,0.511518359,0.415830165,0.99999994,-3.81464961e-05,1.97151112e-05,-0.000278402615,-1.93591995e-06,-0.0292133037,0.105928279,0.00862316508,-5.71443707e-07,7.21300686e-21,0,0,0,0,0,0,0,0,0,0,1.58777971e-06,0.0219172984,0.00214664452,-1.75619323e-06,-0.0219196752,0.00212223572,0,0,0,0,0,0,0,0,0,0,0,0,0,2.75366068,0,0
148,-0.277783096,-0.232604682,0.465456307,-0.27779007,0.277770817,-2.4987803e-06,0.419607848,-0.296889663,0.296889663,0.402081817,-0.296889663,0.296889663,0,0.248948485,-0.249932766,8.94258628e-05,-0,0,1.62406468,-1.62406468,1.62406468,1.62406468,-1.62406468,1.62406468,0.134025007,0.511085153,0.417451322,0.99999994,-7.9554693e-06,1.97142235e-05,-0.000314403936,-7.94740629e-07,-0.0264659319,0.102280527,-0.000894855417,2.68714491e-08,2.78747689e-21,0,0,0,0,0,0,0,0,0,0,2.53265313e-07,0.0203440264,0.00179282681,-3.93651078e-07,-0.0203462653,0.00176724035,0,0,0,0,0,0,0,0,0,0,0,0,0,2.76001,0,0
149,-0.277772635,-0.231919721,0.464060605,-0.277783722,0.277775019,5.98695578e-06,0.419607848,-0.296889663,0.296889663,0.402081817,-0.296889663,0.296889663,0,0.242564589,-0.246972486,9.32451803e-05,-0,0,0,-0,0,0,-0,0,0.133988962,0.51069355,0.419039547,0.99999994,-2.38052644e-06,7.77704099e-06,-0.000295807957,7.35442143e-07,-0.0252738018,0.0992123187,-0.00431465218,-1.25552035e-07,1.59227189e-21,0,0,0,0,0,0,0,0,0,0,6.90814232e-08,0.0203440934,0.00179207011,-1.2446003e-07,-0.0203462001,0.00176799716,0,0,0,0,0,0,0,0,0,0,0,0,0,2.76631904,0,0
150,-0.277787477,-0.23114495,0.46249488,-0.27777943,0.277766496,5.98695578e-06,0.419607848,-0.296889663,0.296889663,0.402081817,-0.296889663,0.296889663,0,0.249765158,-0.249200016,7.86363235e-05,-0,0,0,-0,0,0,-0,0,0.134043589,0.510213554,0.420836091,0.99999994,-4.43489771e-05,3.18696184e-05,-0.000285078539,-1.52442999e-06,-0.0278057102,0.102545045,0.000643777777,-3.52946969e-08,3.05222477e-21,0,0,0,0,0,0,0,0,0,0,1.6907004e-06,0.0203441307,0.00179163367,-1.91770641e-06,-0.020346161,0.00176843361,0,0,0,0,0,0,0,0,0,0,0,0,0,2.77258873,0,0
151,-0.277783096,-0.230442792,0.461112648,-0.277787954,0.277768701,5.98695578e-06,0.419607848,-0.296889663,0.296889663,0.402081817,-0.296889663,0.296889663,0,0.246141955,-0.245976955,0.000107544191,-0,0,0,-0,0,0,-0,0,0.134027883,0.50975281,0.422465831,0.99999994,-3.19496285e-05,2.56671865e-05,-0.000292231474,-8.31709656e-07,-0.0276970509,0.100912288,0.000272544741,-8.18419643e-09,-1.36437486e-17,0,0,0,0,0,0,0,0,0,0,1.20832442e-06,0.0203441065,0.0017919247,-1.39114479e-06,-0.0203461871,0.00176814257,0,0,0,0,0,0,0,0,0,0,0,0,0,2.77881932,0,0
152,-0.277779043,-0.229642898,0.459517241,-0.277783722,0.277762294,1.77078982e-06,0.419607848,-0.296889663,0.296889663,0.402081817,-0.296889663,0.296889663,0,0.245941013,-0.246698096,0.000106208063,-0,0,0,-0,0,0,-0,0,0.134025097,0.509247243,0.424322218,0.99999994,-8.59069587e-06,4.37871095e-05,-0.000310351315,-1.99152296e-07,-0.0278900079,0.100611664,-0.000650875212,4.64766092e-09,6.27573005e-22,0,0,0,0,0,0,0,0,0,0,1.93110438e-07,0.0203440413,0.00179266185,-5.0489956e-07,-0.0203462504,0.00176740531,0,0,0,0,0,0,0,0,0,0,0,0,0,2.78501129,0,0
153,-0.27778545,-0.228937715,0.458103985,-0.277783722,0.27776441,3.87887303e-06,0.419607848,-0.296889663,0.296889663,0.402081817,-0.296889663,0.296889663,0,0.255059987,-0.248989061,9.1768743e-05,-0,0,0,-0,0,0,-0,0,0.134040609,0.508784711,0.425952911,0.99999994,-3.2668966e-05,3.78303776e-05,-0.000306297734,-1.35040261e-06,-0.0311294273,0.104907699,0.00616269559,-2.67339317e-07,-2.13916131e-22,0,0,0,0,0,0,0,0,0,0,1.19412425e-06,0.0203440562,0.001792497,-1.46355285e-06,-0.0203462373,0.00176757015,0,0,0,0,0,0,0,0,0,0,0,0,0,2.79116511,0,0
154,-0.277787477,-0.228233784,0.456695467,-0.277781636,0.277766496,3.87887303e-06,0.490196079,-0.361375898,0.361375898,0.471798599,-0.361375898,0.361375898,0,0.250603646,-0.254684478,8.07855031e-05,-0,0,1.52972889,-1.52972889,1.52972889,1.52972889,-1.52972889,1.52972889,0.134043485,0.508321762,0.427580655,0.99999994,-3.83893457e-05,3.18717466e-05,-0.000311304408,-1.55571865e-06,-0.0283764172,0.101954527,-0.00400004629,2.19299949e-07,3.79693188e-21,0,0,0,0,0,0,0,0,0,0,1.35676351e-06,0.0189201515,0.00151093898,-1.54795839e-06,-0.0189220197,0.00148737791,0,0,0,0,0,0,0,0,0,0,0,0,0,2.79728127,0,0
155,-0.277787477,-0.227440551,0.455134451,-0.277777344,0.277766496,8.17936234e-06,0.490196079,-0.361375898,0.361375898,0.471798599,-0.361375898,0.361375898,0,0.246036574,-0.252366573,8.30393183e-05,-0,0,0,-0,0,0,-0,0,0.134043455,0.507785857,0.429421127,0.99999994,-5.05502248e-05,3.18681668e-05,-0.000359377911,-1.51883432e-06,-0.0277036466,0.0997342765,-0.00624695886,3.42485464e-07,-1.40059048e-17,0,0,0,0,0,0,0,0,0,0,1.81689177e-06,0.0189200062,0.00151275808,-2.00810246e-06,-0.0189221613,0.00148555869,0,0,0,0,0,0,0,0,0,0,0,0,0,2.80336046,0,0
156,-0.277781069,-0.226739734,0.453718513,-0.277783722,0.277775019,3.87887303e-06,0.490196079,-0.361375898,0.361375898,0.471798599,-0.361375898,0.361375898,0,0.251226366,-0.247507989,5.35935142e-05,-0,0,0,-0,0,0,-0,0,0.13401325,0.507311642,0.431029022,0.99999994,-2.02621159e-05,7.78581489e-06,-0.000321080093,-5.82660448e-07,-0.0313515775,0.102731638,0.00377196958,-7.01010165e-08,-1.14469225e-21,0,0,0,0,0,0,0,0,0,0,7.43304099e-07,0.0189201236,0.00151130883,-7.90031834e-07,-0.0189220477,0.00148700806,0,0,0,0,0,0,0,0,0,0,0,0,0,2.8094027,0,0
157,-0.277781069,-0.225961179,0.452131212,-0.277792156,0.277775019,8.17936234e-06,0.490196079,-0.361375898,0.361375898,0.471798599,-0.361375898,0.361375898,0,0.252040386,-0.24800691,4.59098956e-05,-0,0,0,-0,0,0,-0,0,0.134013236,0.506776035,0.43280828,0.99999994,-3.24209468e-05,7.78283083e-06,-0.000254561397,-5.94430844e-07,-0.0319849178,0.102958813,0.00407938613,-7.58142633e-08,-5.56242409e-21,0,0,0,0,0,0,0,0,0,0,1.20344407e-06,0.0189203229,0.0015087917,-1.25016436e-06,-0.0189218502,0.00148952543,0,0,0,0,0,0,0,0,0,0,0,0,0,2.81540871,0,0
158,-0.277774662,-0.225251004,0.450717956,-0.277777344,0.277766496,-3.90697124e-07,0.490196079,-0.361375898,0.361375898,0.471798599,-0.361375898,0.361375898,0,0.246839538,-0.251202166,5.38815402e-05,-0,0,0,-0,0,0,-0,0,0.134006679,0.506302178,0.434451699,0.99999994,9.92235437e-06,3.18642597e-05,-0.000306449365,5.21886705e-07,-0.0295604467,0.0998826772,-0.0043087462,-7.6070485e-08,1.39479509e-17,0,0,0,0,0,0,0,0,0,0,-4.71383032e-07,0.0189201664,0.00151075516,2.80322951e-07,-0.0189220048,0.00148756173,0,0,0,0,0,0,0,0,0,0,0,0,0,2.82137895,0,0
159,-0.277783096,-0.224547416,0.449298948,-0.277781636,0.277772903,3.87887303e-06,0.568627477,-0.433027238,0.433027238,0.549261689,-0.433027238,0.433027238,0,0.24606055,-0.246116072,4.77175927e-05,-0,0,1.75824547,-1.75824547,1.75824547,1.75824547,-1.75824547,1.75824547,0.134021923,0.505796671,0.436061859,0.99999994,-2.59854787e-05,1.3747941e-05,-0.000277687854,-9.30426438e-07,-0.030984452,0.0998729616,-7.80413393e-06,2.34348901e-10,-1.12783431e-21,0,0,0,0,0,0,0,0,0,0,8.6674936e-07,0.0173303224,0.00123925169,-9.3440417e-07,-0.0173316896,0.00122000126,0,0,0,0,0,0,0,0,0,0,0,0,0,2.82731366,0,0
160,-0.277776837,-0.223746091,0.447705239,-0.27779007,0.27776441,1.02031217e-05,0.568627477,-0.433027238,0.433027238,0.549261689,-0.433027238,0.433027238,0,0.250072777,-0.251803964,4.60531737e-05,-0,0,0,-0,0,0,-0,0,0.134015873,0.505210817,0.437897563,0.99999994,-2.62301601e-05,3.78187033e-05,-0.000266483432,1.65668965e-07,-0.0315131731,0.101190202,-0.0016851339,-8.858974e-09,1.39765317e-17,0,0,0,0,0,0,0,0,0,0,8.15817998e-07,0.0173303504,0.00123886333,-1.00186389e-06,-0.0173316617,0.00122038962,0,0,0,0,0,0,0,0,0,0,0,0,0,2.83321333,0,0
161,-0.277779043,-0.223042667,0.446306825,-0.277785838,0.277775019,3.87887303e-06,0.568627477,-0.433027238,0.433027238,0.549261689,-0.433027238,0.433027238,0,0.247298181,-0.249673203,5.66942399e-05,-0,0,0,-0,0,0,-0,0,0.134007424,0.504699767,0.439513564,0.99999994,-1.45398308e-05,7.78420508e-06,-0.000290324155,-2.24128172e-07,-0.0313877203,0.0998758525,-0.00231832732,1.65543241e-08,-1.38588818e-17,0,0,0,0,0,0,0,0,0,0,4.84747829e-07,0.0173302926,0.00123968965,-5.23055235e-07,-0.0173317194,0.00121956319,0,0,0,0,0,0,0,0,0,0,0,0,0,2.83907843,0,0
162,-0.277781069,-0.222251624,0.444739074,-0.27777943,0.277766496,5.98695578e-06,0.568627477,-0.433027238,0.433027238,0.549261689,-0.433027238,0.433027238,0,0.256915659,-0.250153542,6.36456243e-05,-0,0,0,-0,0,0,-0,0,0.134024978,0.504118025,0.441330701,0.99999994,-2.62305548e-05,3.18641178e-05,-0.000328709721,-6.59348643e-07,-0.0354779884,0.1045321,0.0068257628,-1.26854914e-07,-1.3880367e-17,0,0,0,0,0,0,0,0,0,0,8.30457736e-07,0.0173301976,0.00124102016,-9.87223984e-07,-0.0173318144,0.00121823268,0,0,0,0,0,0,0,0,0,0,0,0,0,2.84490943,0,0
163,-0.277781069,-0.221728489,0.443705291,-0.277783722,0.277770817,5.98695578e-06,0.568627477,-0.433027238,0.433027238,0.549261689,-0.433027238,0.433027238,0,0.244061172,-0.25033313,5.79842708e-05,-0,0,0,-0,0,0,-0,0,0.134019017,0.503716767,0.442527026,0.99999994,-2.62266658e-05,1.97047284e-05,-0.000334193261,-5.70294674e-07,-0.0306862053,0.0979391634,-0.00621397421,1.15484994e-07,1.38961893e-17,0,0,0,0,0,0,0,0,0,0,8.60360387e-07,0.0173301827,0.00124121027,-9.57321276e-07,-0.0173318274,0.00121804257,0,0,0,0,0,0,0,0,0,0,0,0,0,2.85070658,0,0
164,-0.277779043,-0.220946893,0.442129433,-0.277785838,0.277766496,1.77078982e-06,0.568627477,-0.433027238,0.433027238,0.549261689,-0.433027238,0.433027238,0,0.240748659,-0.247997805,5.06430333e-05,-0,0,0,-0,0,0,-0,0,0.134019211,0.50313127,0.444305807,0.99999994,-8.58699605e-06,3.18661805e-05,-0.000310351286,-2.17240483e-07,-0.0304231439,0.0963612422,-0.00719850371,5.14018694e-08,1.37606557e-17,0,0,0,0,0,0,0,0,0,0,2.18926232e-07,0.0173302423,0.00124038383,-3.75673352e-07,-0.0173317697,0.001218869,0,0,0,0,0,0,0,0,0,0,0,0,0,2.85647011,0,0
165,-0.277779043,-0.220255703,0.44073239,-0.277777344,0.277770817,8.17936234e-06,0.568627477,-0.433027238,0.433027238,0.549261689,-0.433027238,0.433027238,0,0.241145566,-0.237100586,4.55204463e-05,-0,0,0,-0,0,0,-0,0,0.13401325,0.502621353,0.445881575,0.99999994,-2.67030973e-05,1.97011486e-05,-0.000313602068,-2.41355622e-07,-0.0338003151,0.0975210071,0.00409050006,-2.92087599e-08,1.72243258e-21,0,0,0,0,0,0,0,0,0,0,8.76898355e-07,0.0173302349,0.00124049652,-9.73839747e-07,-0.0173317771,0.00121875631,0,0,0,0,0,0,0,0,0,0,0,0,0,2.86220098,0,0
166,-0.27778545,-0.219573855,0.43940714,-0.277781636,0.27776441,-3.90697124e-07,0.647058845,-0.504678607,0.504678607,0.62672478,-0.504678607,0.504678607,0,0.229802728,-0.230416611,4.13504604e-05,-0,0,1.9259764,-1.9259764,1.9259764,1.9259764,-1.9259764,1.9259764,0.134040311,0.502067924,0.447441757,0.99999994,-2.05989199e-05,3.78352051e-05,-0.000355888333,-1.36225799e-06,-0.0314027183,0.0923665166,-0.000572532648,2.48366145e-08,1.2790353e-17,0,0,0,0,0,0,0,0,0,0,5.71710586e-07,0.0157332327,0.00101629121,-7.23851599e-07,-0.0157346651,0.000993893133,0,0,0,0,0,0,0,0,0,0,0,0,0,2.86789894,0,0
167,-0.277789503,-0.218849778,0.437956125,-0.277771026,0.277772903,3.87887303e-06,0.647058845,-0.504678607,0.504678607,0.62672478,-0.504678607,0.504678607,0,0.218448877,-0.212982967,1.20505507e-11,-0,0,0,-0,0,0,-0,0,0.134039968,0.501514852,0.449092567,0.99999994,-4.41067205e-05,1.37552797e-05,-0.000381789083,-2.1068397e-06,-0.0317925029,0.0882792845,0.00546590984,-3.62217321e-07,-1.18229297e-17,0,0,0,0,0,0,0,0,0,0,1.36009623e-06,0.0157331806,0.00101710623,-1.41546525e-06,-0.0157347154,0.000993077992,0,0,0,0,0,0,0,0,0,0,0,0,0,2.87356472,0,0
168,-0.277787477,-0.21825318,0.436809659,-0.277773142,0.277766496,5.98695578e-06,0.647058845,-0.504678607,0.504678607,0.62672478,-0.504678607,0.504678607,0,0.194515601,-0.195846498,3.98045006e-21,-0,0,0,-0,0,0,-0,0,0.134043083,0.501022756,0.450458705,0.999999881,-4.43539684e-05,3.18712591e-05,-0.000441870536,-1.47791889e-06,-0.0269573461,0.0778970867,-0.00133089721,7.29655696e-08,-1.08321873e-37,0,0,0,0,0,0,0,0,0,0,1.33117669e-06,0.0157330576,0.00101899682,-1.45938975e-06,-0.0157348346,0.000991187291,0,0,0,0,0,0,0,0,0,0,0,0,0,2.87919855,0,0
169,-0.277789503,-0.21771504,0.435753256,-0.277771026,0.27776441,1.77078982e-06,0.647058845,-0.504678607,0.504678607,0.62672478,-0.504678607,0.504678607,0,0.182125703,-0.174202368,1.31479325e-30,-0,0,0,-0,0,0,-0,0,0.13405171,0.500586867,0.451685637,0.999999881,-3.81590107e-05,3.78404766e-05,-0.000475963665,-1.84573821e-06,-0.0278524458,0.0737720728,0.00792333484,-5.25067037e-07,0,0,0,0,0,0,0,0,0,0,0,1.12411442e-06,0.0157329887,0.00102006958,-1.27632006e-06,-0.0157349017,0.000990114408,0,0,0,0,0,0,0,0,0,0,0,0,0,2.88480067,0,0
170,-0.277783096,-0.217195094,0.43470493,-0.277777344,0.277772903,5.98695578e-06,0.647058845,-0.504678607,0.504678607,0.62672478,-0.504678607,0.504678607,0,0.152702034,-0.154357776,2.83566757e-41,-0,0,0,-0,0,0,-0,0,0.134021759,0.500168443,0.452857256,0.999999881,-3.19482569e-05,1.3745962e-05,-0.000446162419,-6.41698477e-07,-0.0213694237,0.0609618425,-0.00165574253,4.97199864e-08,-8.56857785e-18,0,0,0,0,0,0,0,0,0,0,9.7749114e-07,0.0157330502,0.00101913186,-1.03281229e-06,-0.0157348439,0.000991052249,0,0,0,0,0,0,0,0,0,0,0,0,0,2.8903718,0,0
171,-0.277783096,-0.216792196,0.433907241,-0.277781636,0.277770817,8.17936234e-06,0.647058845,-0.504678607,0.504678607,0.62672478,-0.504678607,0.504678607,0,0.139241323,-0.13144803,0,-0,0,0,-0,0,0,-0,0,0.134024665,0.499832839,0.45376876,0.999999881,-3.81497885e-05,1.97036661e-05,-0.000445534737,-6.61756758e-07,-0.0220373906,0.0564707369,0.0077932924,-2.34023346e-07,0,0,0,0,0,0,0,0,0,0,0,1.16057538e-06,0.0157330502,0.00101911207,-1.23985967e-06,-0.015734842,0.000991071924,0,0,0,0,0,0,0,0,0,0,0,0,0,2.89591193,0,0
172,-0.27778545,-0.216451526,0.433230639,-0.277777344,0.277768701,1.77078982e-06,0.717647076,-0.569164813,0.569164813,0.696441531,-0.569164813,0.569164813,0,0.111340761,-0.118485145,1.05141275e-12,-0,0,2.02099943,-2.02099943,2.02099943,2.02099943,-2.02099943,2.02099943,0.134034246,0.499557465,0.454542786,0.999999881,-2.67088326e-05,2.56754884e-05,-0.000464281795,-6.16912303e-07,-0.0142210387,0.0437900275,-0.00714438409,3.09925213e-07,-6.57724682e-18,0,0,0,0,0,0,0,0,0,0,7.19848344e-07,0.0142909028,0.00085490389,-8.06327478e-07,-0.0142924655,0.000828362361,0,0,0,0,0,0,0,0,0,0,0,0,0,2.90142155,0,0
173,-0.277787477,-0.216128916,0.432525694,-0.277775347,0.27776441,3.87887303e-06,0.717647076,-0.569164813,0.569164813,0.696441531,-0.569164813,0.569164813,0,0.100892469,-0.100857452,2.26758777e-23,-0,0,0,-0,0,0,-0,0,0.134045914,0.499319375,0.455256015,0.99999994,-3.83940132e-05,3.78334335e-05,-0.00038560346,-8.03537887e-07,-0.0146565884,0.0403034464,3.50177288e-05,-1.91982408e-09,2.09220307e-39,0,0,0,0,0,0,0,0,0,0,1.0333049e-06,0.0142910369,0.000852655096,-1.16072226e-06,-0.0142923351,0.00083061133,0,0,0,0,0,0,0,0,0,0,0,0,0,2.90690112,0,0
174,-0.277787477,-0.215858996,0.432036281,-0.277773142,0.277768701,5.98695578e-06,0.717647076,-0.569164813,0.569164813,0.696441531,-0.569164813,0.569164813,0,0.0911715478,-0.0813947245,7.49013025e-33,-0,0,0,-0,0,0,-0,0,0.134039938,0.499079376,0.455881,0.999999881,-4.43517747e-05,2.5672598e-05,-0.000463089847,-8.68418454e-07,-0.0158400144,0.0373723023,0.00977682322,-5.36007974e-07,0,0,0,0,0,0,0,0,0,0,0,1.2241353e-06,0.0142909046,0.000854869839,-1.31063211e-06,-0.0142924637,0.000828396413,0,0,0,0,0,0,0,0,0,0,0,0,0,2.91235065,0,0
175,-0.277783096,-0.215621114,0.431618363,-0.277777344,0.277766496,8.17936234e-06,0.717647076,-0.569164813,0.569164813,0.696441531,-0.569164813,0.569164813,0,0.0764742568,-0.0698539466,2.47469309e-42,-0,0,0,-0,0,0,-0,0,0.134030595,0.498856336,0.456431836,0.999999881,-3.81579885e-05,3.18623024e-05,-0.000532947015,-3.8784458e-07,-0.0129157463,0.0311746933,0.00662031025,-1.9880008e-07,0,0,0,0,0,0,0,0,0,0,0,1.03653178e-06,0.0142907854,0.000856866478,-1.1438658e-06,-0.0142925791,0.000826399541,0,0,0,0,0,0,0,0,0,0,0,0,0,2.91777062,0,0
176,-0.277783096,-0.215400189,0.431182593,-0.27777952,0.277770817,8.17936234e-06,0.717647076,-0.569164813,0.569164813,0.696441531,-0.569164813,0.569164813,0,0.0607115589,-0.0632877126,0,-0,0,0,-0,0,0,-0,0,0.134024635,0.498667687,0.456930697,0.999999881,-3.81515565e-05,1.97029349e-05,-0.000535418512,-2.47509632e-07,-0.00824240316,0.0239568781,-0.00257615373,7.73588482e-08,-3.51317379e-18,0,0,0,0,0,0,0,0,0,0,1.05699917e-06,0.0142907808,0.000856937084,-1.12339842e-06,-0.0142925838,0.000826328876,0,0,0,0,0,0,0,0,0,0,0,0,0,2.92316151,0,0
177,-0.27778545,-0.215250686,0.430858105,-0.277783722,0.277770817,5.98695578e-06,0.717647076,-0.569164813,0.569164813,0.696441531,-0.569164813,0.569164813,0,0.0519112125,-0.0518530421,0,-0,0,0,-0,0,0,-0,0,0.134031281,0.498546392,0.457258254,0.999999881,-3.86274514e-05,1.97096015e-05,-0.000487496145,-3.32052423e-07,-0.00765445922,0.020703258,5.8170408e-05,-2.52344723e-09,0,0,0,0,0,0,0,0,0,0,0,1.0706201e-06,0.0142908636,0.000855567399,-1.13703652e-06,-0.0142925046,0.000827698794,0,0,0,0,0,0,0,0,0,0,0,0,0,2.92852354,0,0
178,-0.277783096,-0.215132892,0.430605143,-0.277783722,0.277777225,3.87887303e-06,0.78039217,-0.626485944,0.626485944,0.758412004,-0.626485944,0.626485944,0,0.0436292961,-0.0400817618,0,-0,0,1.41122067,-1.41122067,1.41122067,1.41122067,-1.41122067,1.41122067,0.134015739,0.498457283,0.457518905,0.999999881,-2.59823955e-05,1.58934313e-06,-0.000462939119,-2.20914444e-07,-0.00735674798,0.0177449696,0.00354753435,-1.06528255e-07,2.22498474e-18,0,0,0,0,0,0,0,0,0,0,6.73534828e-07,0.013005876,0.000739185314,-6.78192521e-07,-0.0130072227,0.000715100323,0,0,0,0,0,0,0,0,0,0,0,0,0,2.93385696,0,0
179,-0.27778545,-0.215012982,0.430369049,-0.277783722,0.277770817,5.98695578e-06,0.78039217,-0.626485944,0.626485944,0.758412004,-0.626485944,0.626485944,0,0.0355821066,-0.0322102942,0,-0,0,0,-0,0,0,-0,0,0.134031281,0.498353899,0.457790196,0.999999881,-3.86270694e-05,1.97095087e-05,-0.00046818424,-2.66103115e-07,-0.00613419898,0.0145161767,0.0033718124,-1.46270082e-07,-1.78803051e-18,0,0,0,0,0,0,0,0,0,0,9.75880539e-07,0.0130058685,0.000739321753,-1.03325965e-06,-0.0130072301,0.000714963884,0,0,0,0,0,0,0,0,0,0,0,0,0,2.93916202,0,0
180,-0.277783096,-0.214922577,0.430226028,-0.277785838,0.277766496,8.17936234e-06,0.78039217,-0.626485944,0.626485944,0.758412004,-0.626485944,0.626485944,0,0.0279140472,-0.0234934743,0,-0,0,0,-0,0,0,-0,0,0.134030581,0.498261511,0.458003372,0.999999881,-3.81574355e-05,3.18624407e-05,-0.000515629887,-1.58574139e-07,-0.00528073264,0.011562746,0.00442057289,-1.32744574e-07,-1.30414981e-18,0,0,0,0,0,0,0,0,0,0,9.45800366e-07,0.0130057978,0.00074055593,-1.03853176e-06,-0.0130072981,0.000713729591,0,0,0,0,0,0,0,0,0,0,0,0,0,2.94443893,0,0
181,-0.277783096,-0.214848891,0.430133283,-0.277790129,0.277766496,3.87887303e-06,0.78039217,-0.626485944,0.626485944,0.758412004,-0.626485944,0.626485944,0,0.0229304433,-0.0184498262,0,-0,0,0,-0,0,0,-0,0,0.134030581,0.498171151,0.458182395,0.999999821,-2.60001634e-05,3.18689745e-05,-0.000580717751,-1.37026646e-07,-0.00456317188,0.00958148204,0.00448061712,-1.34547633e-07,1.02417109e-18,0,0,0,0,0,0,0,0,0,0,6.29494991e-07,0.0130057018,0.000742248958,-7.2223213e-07,-0.0130073903,0.00071203633,0,0,0,0,0,0,0,0,0,0,0,0,0,2.94968843,0,0
182,-0.277779043,-0.214790106,0.430015564,-0.277787954,0.27776441,5.98695578e-06,0.78039217,-0.626485944,0.626485944,0.758412004,-0.626485944,0.626485944,0,0.0170342829,-0.0135838231,0,-0,0,0,-0,0,0,-0,0,0.134022087,0.498128086,0.458315969,0.999999821,-2.0520225e-05,3.7819249e-05,-0.000586678856,-2.44486777e-08,-0.00342388125,0.00712909549,0.0034504598,-2.46384655e-08,0,0,0,0,0,0,0,0,0,0,0,4.78200036e-07,0.0130056925,0.000742403965,-5.88235082e-07,-0.0130073987,0.000711881265,0,0,0,0,0,0,0,0,0,0,0,0,0,2.95491028,0,0
183,-0.277779043,-0.214748114,0.429960907,-0.277785838,0.277768701,3.87887303e-06,0.78039217,-0.626485944,0.626485944,0.758412004,-0.626485944,0.626485944,0,0.0125373276,-0.00911847875,0,-0,0,0,-0,0,0,-0,0,0.134016126,0.498083591,0.458420038,0.999999821,-1.45538443e-05,2.56630501e-05,-0.000634123804,-1.96397121e-08,-0.00275041629,0.0053341887,0.00341884885,-2.44127438e-08,0,0,0,0,0,0,0,0,0,0,0,3.40832514e-07,0.0130056227,0.000743638084,-4.155022e-07,-0.0130074667,0.000710647029,0,0,0,0,0,0,0,0,0,0,0,0,0,2.96010518,0,0
184,-0.277787477,-0.214718774,0.429910332,-0.277783722,0.277766496,3.87887303e-06,0.78039217,-0.626485944,0.626485944,0.758412004,-0.626485944,0.626485944,0,0.008857009,-0.0053203837,0,-0,0,0,-0,0,0,-0,0,0.134042919,0.49805215,0.458489597,0.999999762,-3.84001833e-05,3.18773382e-05,-0.000651527662,-1.22584424e-07,-0.00223594857,0.00387986214,0.0035366253,-1.93893172e-07,-2.95340624e-19,0,0,0,0,0,0,0,0,0,0,9.51972538e-07,0.0130055966,0.000744090823,-1.04476283e-06,-0.0130074909,0.000710194232,0,0,0,0,0,0,0,0,0,0,0,0,0,2.96527314,0,0
185,-0.277776837,-0.214704186,0.429902554,-0.277785838,0.277768701,1.77078982e-06,0.78039217,-0.626485944,0.626485944,0.758412004,-0.626485944,0.626485944,0,0.00482296059,-0.00194924301,0,-0,0,0,-0,0,0,-0,0,0.134009957,0.498036116,0.458527297,0.999999762,-2.39557016e-06,2.56625808e-05,-0.000675847055,7.70078046e-09,-0.00146482501,0.00220707548,0.00287371757,1.5107517e-08,-1.08204724e-19,0,0,0,0,0,0,0,0,0,0,2.45419631e-08,0.0130055603,0.000744723366,-9.91881279e-08,-0.0130075263,0.000709561573,0,0,0,0,0,0,0,0,0,0,0,0,0,2.9704144,0,0
186,-0.277783096,-0.214698121,0.429902911,-0.277785838,0.277766496,5.98695578e-06,0.78039217,-0.626485944,0.626485944,0.758412004,-0.626485944,0.626485944,0,0.00103722967,-0.000469702529,0,-0,0,0,-0,0,0,-0,0,0.134030566,0.498021126,0.458544493,0.999999762,-3.19642204e-05,3.18652965e-05,-0.000693489914,-9.06506425e-09,-0.000301878841,0.000469613675,0.000567527139,-1.70421686e-08,0,0,0,0,0,0,0,0,0,0,0,7.84540191e-07,0.0130055342,0.000745182275,-8.77287164e-07,-0.0130075505,0.000709102605,0,0,0,0,0,0,0,0,0,0,0,0,0,2.97552967,0,0
187,-0.277781069,-0.214710847,0.429902911,-0.277783722,0.277768701,5.98695578e-06,0.78039217,-0.626485944,0.626485944,0.758412004,-0.626485944,0.626485944,0,-0.000165208185,-0.000153558838,0,-0,0,0,-0,0,0,-0,0,0.134021834,0.498046845,0.458509833,0.999999762,-2.6237105e-05,2.56626754e-05,-0.000663449289,1.99990424e-09,0.000107610111,-9.75591756e-05,-0.000318767008,5.92419713e-09,8.52422788e-21,0,0,0,0,0,0,0,0,0,0,6.44719478e-07,0.0130055789,0.000744400895,-7.19411844e-07,-0.0130075086,0.000709884102,0,0,0,0,0,0,0,0,0,0,0,0,0,2.98061872,0,0
188,-0.277787477,-0.214710847,0.429902911,-0.277787954,0.277775019,5.98695578e-06,0.78039217,-0.626485944,0.626485944,0.758412004,-0.626485944,0.626485944,0,-0.000554599741,0.000156742142,0,-0,0,0,-0,0,0,-0,0,0.134031117,0.498036146,0.458507448,0.999999762,-4.43449571e-05,7.79318179e-06,-0.000651528127,1.01975237e-08,0.000186003555,-0.000260517147,-0.000397857599,2.18122835e-08,1.74018735e-20,0,0,0,0,0,0,0,0,0,0,1.14204238e-06,0.0130055966,0.000744090823,-1.16479339e-06,-0.0130074909,0.000710194232,0,0,0,0,0,0,0,0,0,0,0,0,0,2.98568201,0,0
189,-0.277776837,-0.214702412,0.429898173,-0.277781636,0.277770817,5.98695578e-06,0.78039217,-0.626485944,0.626485944,0.758412004,-0.626485944,0.626485944,0,-0.000304417015,0.00033754966,0,-0,0,0,-0,0,0,-0,0,0.134007037,0.498040825,0.458533436,0.999999762,-1.43126799e-05,1.96938508e-05,-0.000686576124,-1.92080421e-10,3.65371016e-05,-0.000117932985,3.31326446e-05,1.74182738e-10,1.87377702e-20,0,0,0,0,0,0,0,0,0,0,3.43310717e-07,0.0130055444,0.000745002413,-4.00620252e-07,-0.0130075412,0.000709282467,0,0,0,0,0,0,0,0,0,0,0,0,0,2.9907198,0,0
190,-0.277781069,-0.214700311,0.429910988,-0.277785838,0.277770817,3.87887303e-06,0.78039217,-0.626485944,0.626485944,0.758412004,-0.626485944,0.626485944,0,-0.000209792735,0.000262515969,0,-0,0,0,-0,0,0,-0,0,0.134018913,0.498022944,0.458540618,0.999999762,-2.02733827e-05,1.97061072e-05,-0.000698735064,3.2317099e-10,1.73890658e-05,-7.82972857e-05,5.27232332e-05,-9.79846759e-10,0,0,0,0,0,0,0,0,0,0,0,4.98336476e-07,0.0130055258,0.000745318714,-5.55694328e-07,-0.013007558,0.000708966167,0,0,0,0,0,0,0,0,0,0,0,0,0,2.99573231,0,0
191,-0.277783096,-0.214700311,0.429919779,-0.277783722,0.277768701,5.98695578e-06,0.78039217,-0.626485944,0.626485944,0.758412004,-0.626485944,0.626485944,0,-0.000179576848,0.00031658943,0,-0,0,0,-0,0,0,-0,0,0.134027526,0.498020679,0.458544284,0.999999762,-3.19605242e-05,2.56663679e-05,-0.000717093353,-2.72326856e-10,-9.06885089e-06,-5.78673971e-05,0.000137012583,-4.11432577e-09,0,0,0,0,0,0,0,0,0,0,0,7.93554079e-07,0.0130054988,0.000745796249,-8.68273219e-07,-0.013007584,0.000708488515,0,0,0,0,0,0,0,0,0,0,0,0,0,3.00071979,0,0
192,-0.27778545,-0.21470882,0.429928184,-0.277792156,0.277770817,5.98695578e-06,0.78039217,-0.626485944,0.626485944,0.758412004,-0.626485944,0.626485944,0,-0.000787509314,0.000655724958,0,-0,0,0,-0,0,0,-0,0,0.134031266,0.498017937,0.458517879,0.999999762,-3.86312604e-05,1.97105201e-05,-0.000681091973,6.55937304e-09,0.000151206419,-0.000326758367,-0.000131784356,5.716839e-09,3.64000473e-20,0,0,0,0,0,0,0,0,0,0,9.75866783e-07,0.0130055519,0.000744859804,-1.03327272e-06,-0.0130075337,0.000709425134,0,0,0,0,0,0,0,0,0,0,0,0,0,3.00568271,0,0
193,-0.27778545,-0.214710936,0.429936618,-0.277785838,0.277766496,5.98695578e-06,0.78039217,-0.626485944,0.626485944,0.758412004,-0.626485944,0.626485944,0,-0.000746481586,0.000653399562,0,-0,0,0,-0,0,0,-0,0,0.134037226,0.498026699,0.458517909,0.999999762,-3.86403008e-05,3.18699786e-05,-0.000704933773,5.85747939e-09,0.000135026392,-0.000306564849,-9.30820243e-05,4.037922e-09,-3.62709619e-20,0,0,0,0,0,0,0,0,0,0,9.58182113e-07,0.0130055165,0.000745479949,-1.05095739e-06,-0.0130075673,0.000708804873,0,0,0,0,0,0,0,0,0,0,0,0,0,3.01062083,0,0
194,-0.27778545,-0.214710847,0.429936618,-0.277790129,0.277775019,3.87887303e-06,0.78039217,-0.626485944,0.626485944,0.758412004,-0.626485944,0.626485944,0,-0.000359199621,0.000513996172,0,-0,0,0,-0,0,0,-0,0,0.134025425,0.498020619,0.458515704,0.999999762,-3.26627705e-05,7.79378206e-06,-0.000693012902,5.61488633e-10,1.29434138e-05,-0.000127633786,0.000154796551,-6.71511424e-09,0,0,0,0,0,0,0,0,0,0,0,8.38152232e-07,0.0130055342,0.000745169877,-8.60886871e-07,-0.0130075505,0.000709115004,0,0,0,0,0,0,0,0,0,0,0,0,0,3.01553488,0,0
