progress,observation_00,observation_01,observation_02,observation_03,observation_04,observation_05,observation_06,observation_07,observation_08,observation_09,observation_10,observation_11,observation_12,observation_13,observation_14,observation_15,observation_16,observation_17,observation_18,observation_19,observation_20,observation_21,observation_22,observation_23,observation_24,observation_25,observation_26,observation_27,observation_28,observation_29,observation_30,observation_31,observation_32,observation_33,observation_34,observation_35,observation_36,observation_37,observation_38,observation_39,observation_40,observation_41,observation_42,observation_43,observation_44,observation_45,observation_46,observation_47,observation_48,observation_49,observation_50,observation_51,observation_52,observation_53,observation_54,observation_55,observation_56,observation_57,observation_58,observation_59,observation_60,observation_61,observation_62,observation_63,observation_64,observation_65,observation_66,observation_67,observation_68
0,-0.277774662,-0.278585643,0.555258632,-0.277333051,0.276042759,0.000458128605,-0.97647059,0.978504598,-0.978504598,-0.976761103,0.978504598,-0.978504598,0,0,0,0,-0,0,0,-0,0,0,-0,0,0.136394426,0.526408672,0.307776213,0.999986112,-0.00127938727,0.00490747672,0.00144013844,0,0,0,0,0,0,0,0,0,0,0,0,0,0,0,0,-2.30018886e-05,0.0458563715,0.0142269181,-0.00025875523,-0.0457732975,0.0144896843,0,0,0,0,0,0,0,0,0,0,0,0,0,0,0,0
1,-0.277774662,-0.278579324,0.5552755,-0.277337343,0.276049167,0.000458128605,-0.97647059,0.978504598,-0.978504598,-0.976761103,0.978504598,-0.978504598,0,0,0,0,-0,0,0,-0,0,0,-0,0,0.136385545,0.526390553,0.307797372,0.999986231,-0.00127955817,0.00488931872,0.00141059875,0,0,0,0,0,0,0,0,0,0,0,0,0,0,0,0,-2.24814903e-05,0.0458555333,0.0142296301,-0.000258234912,-0.0457741544,0.0144869871,0,0,0,0,0,0,0,0,0,0,0,0,0,0.0953101814,0,0
2,-0.277772635,-0.278570205,0.555284262,-0.277344197,0.276082575,0.000446997932,-0.97647059,0.978504598,-0.978504598,-0.976761103,0.978504598,-0.978504598,0,0.00969370548,0.00173803896,-0.00904058944,0.0229556616,-0.00813121814,0,-0,0,0,-0,0,0.136333257,0.526371539,0.307822704,0.999986768,-0.00124259002,0.00479484629,0.00139201118,-0.00301730027,-0.00414791843,0.00435262034,0.00231254031,0.0229783747,0.00806662161,0,0,0,0,0,0,0,0,0,0,-2.31783561e-05,0.0458550043,0.0142313335,-0.000252116442,-0.0457747094,0.0144853396,0,0,0,0,0,0,0,0,0,0,0,0,0,0.182321563,0,0
3,-0.277774662,-0.278536141,0.555297732,-0.277371854,0.27615729,0.000425495498,-0.97647059,0.978504598,-0.978504598,-0.976761103,0.978504598,-0.978504598,0,0.0125527456,0.00547868665,-0.0115161324,0.031979315,-0.0126709556,0,-0,0,0,-0,0,0.136235788,0.526298106,0.307911456,0.9999879,-0.00118798309,0.00458347239,0.0013553946,-0.00420345413,-0.0061873612,0.00598103506,0.00639862334,0.0320137963,0.0125833312,0,0,0,0,0,0,0,0,0,0,-2.21575719e-05,0.0458539575,0.0142347012,-0.000241004032,-0.0457757972,0.0144820912,0,0,0,0,0,0,0,0,0,0,0,0,0,0.262364268,0,0
4,-0.277779043,-0.278499991,0.555339932,-0.277401537,0.276261836,0.00040002985,-0.97647059,0.978504598,-0.978504598,-0.976761103,0.978504598,-0.978504598,0,0.0155921951,0.00615787087,-0.0110367006,0.0400491469,-0.0116770389,0,-0,0,0,-0,0,0.136103973,0.526206434,0.308013231,0.999989331,-0.00112911733,0.00428763498,0.00127815455,-0.0052643721,-0.00708798133,0.0076892823,0.0106135523,0.0400789008,0.0115738055,0,0,0,0,0,0,0,0,0,0,-1.9127523e-05,0.0458517522,0.0142418044,-0.000227052456,-0.0457780659,0.01447515,0,0,0,0,0,0,0,0,0,0,0,0,0,0.336472243,0,0
5,-0.277776837,-0.278447032,0.555373967,-0.277435333,0.276389748,0.000359807629,-0.97647059,0.978504598,-0.978504598,-0.976761103,0.978504598,-0.978504598,0,0.0160119254,0.00819663052,-0.0109906727,0.0473748557,-0.0105625298,0,-0,0,0,-0,0,0.135920227,0.526103616,0.308160067,0.999991119,-0.00101006113,0.00392571604,0.0011767057,-0.00622724136,-0.00772350607,0.00811466482,0.0131347291,0.0473997332,0.0104503026,0,0,0,0,0,0,0,0,0,0,-1.97292866e-05,0.0458488613,0.014251112,-0.000205678691,-0.0457810499,0.0144660277,0,0,0,0,0,0,0,0,0,0,0,0,0,0.405465096,0,0
6,-0.277776837,-0.278400391,0.555412412,-0.27745229,0.276527703,0.000327849091,-0.97647059,0.978504598,-0.978504598,-0.976761103,0.978504598,-0.978504598,0,0.0163871013,0.00986261293,-0.0114323292,0.0472848155,-0.0116569344,0,-0,0,0,-0,0,0.135729119,0.526025832,0.308298826,0.999992788,-0.000920652004,0.00353543228,0.00103914295,-0.0062154443,-0.00831463002,0.00843866915,0.0147347348,0.0473090932,0.0115580354,0,0,0,0,0,0,0,0,0,0,-1.68070146e-05,0.0458449349,0.0142637445,-0.000186198391,-0.045785062,0.0144535806,0,0,0,0,0,0,0,0,0,0,0,0,0,0.470003635,0,0
7,-0.277774662,-0.278351814,0.555471778,-0.277484089,0.276665837,0.000302383443,-0.97647059,0.978504598,-0.978504598,-0.976761103,0.978504598,-0.978504598,0,0.0151092624,0.0109022353,-0.0120202741,0.0495323837,-0.0124993948,0,-0,0,0,-0,0,0.135531232,0.525918901,0.308441043,0.999994278,-0.000843272603,0.0031447236,0.000908346439,-0.00651081419,-0.00833413284,0.00781180523,0.0139117548,0.049555324,0.0124088721,0,0,0,0,0,0,0,0,0,0,-1.27573248e-05,0.0458411984,0.0142757557,-0.000167818653,-0.045788873,0.0144417332,0,0,0,0,0,0,0,0,0,0,0,0,0,0.530628264,0,0
8,-0.277781069,-0.278307468,0.555535197,-0.277528524,0.276824623,0.000268401142,-0.97647059,0.978504598,-0.978504598,-0.976761103,0.978504598,-0.978504598,0,0.0128550474,0.0106099099,-0.0117863361,0.0430620499,-0.011771339,0,-0,0,0,-0,0,0.135330319,0.525789559,0.308564723,0.999995708,-0.000765961187,0.00269561308,0.000819636683,-0.00566062098,-0.00764475018,0.00662632938,0.0116159748,0.0430811197,0.0117003871,0,0,0,0,0,0,0,0,0,0,-7.00709597e-06,0.0458386578,0.0142839104,-0.00014778199,-0.0457914621,0.0144337388,0,0,0,0,0,0,0,0,0,0,0,0,0,0.587786674,0,0
9,-0.277774662,-0.278273731,0.55559051,-0.2775518,0.27694124,0.000238719324,-0.97647059,0.978504598,-0.978504598,-0.976761103,0.978504598,-0.978504598,0,0.0100967679,0.0103858756,-0.0112654949,0.0404619649,-0.0118692135,0,-0,0,0,-0,0,0.135149702,0.525711417,0.308666825,0.999996722,-0.000664444931,0.00236575399,0.000712275389,-0.00531860068,-0.0068043652,0.00520769693,0.00916028675,0.0404790305,0.0118112974,0,0,0,0,0,0,0,0,0,0,-6.88863383e-06,0.0458355881,0.0142937554,-0.000128963686,-0.0457945876,0.014423999,0,0,0,0,0,0,0,0,0,0,0,0,0,0.641853869,0,0
10,-0.277776837,-0.278250635,0.555641115,-0.277581304,0.277059883,0.000196304696,-0.97647059,0.978504598,-0.978504598,-0.976761103,0.978504598,-0.978504598,0,0.00664639287,0.010754236,-0.0106344782,0.0363853239,-0.0105776209,0,-0,0,0,-0,0,0.13499184,0.525628805,0.308732569,0.999997556,-0.000551067933,0.00203018053,0.000659355719,-0.00478282943,-0.00592322694,0.00349734677,0.00672301836,0.0363993011,0.0105294604,0,0,0,0,0,0,0,0,0,0,-7.67527763e-06,0.0458340757,0.0142986076,-0.000108909444,-0.045796141,0.0144192362,0,0,0,0,0,0,0,0,0,0,0,0,0,0.693147182,0,0
11,-0.277774662,-0.278236032,0.555713296,-0.277612925,0.277167737,0.000175308189,-0.97647059,0.978504598,-0.978504598,-0.976761103,0.978504598,-0.978504598,0,0.00324668689,0.011164316,-0.00886001717,0.0315458216,-0.00865947269,0,-0,0,0,-0,0,0.134835914,0.525544643,0.308778048,0.999998212,-0.000485797616,0.00172518159,0.000605735404,-0.00414662715,-0.00491526863,0.00193188782,0.00552055566,0.0315564014,0.00862114318,0,0,0,0,0,0,0,0,0,0,-4.92592517e-06,0.0458325408,0.0143035296,-9.41448889e-05,-0.0457977019,0.0144143831,0,0,0,0,0,0,0,0,0,0,0,0,0,0.741937339,0,0
12,-0.277779043,-0.278234035,0.5557639,-0.277629793,0.277241856,0.000151950633,-0.97647059,0.978504598,-0.978504598,-0.976761103,0.978504598,-0.978504598,0,0.00132455141,0.0106763132,-0.00751744304,0.02779378,-0.00796046387,0,-0,0,0,-0,0,0.134746253,0.525495231,0.308788598,0.999998569,-0.000432325614,0.00151555194,0.000576396356,-0.00365354214,-0.00411300315,0.00100890617,0.00445949519,0.0278029162,0.00792834535,0,0,0,0,0,0,0,0,0,0,-3.82242433e-06,0.0458316989,0.0143062212,-8.32106962e-05,-0.045798555,0.0144117326,0,0,0,0,0,0,0,0,0,0,0,0,0,0.788457334,0,0
13,-0.277774662,-0.278231919,0.555848897,-0.277653068,0.277328879,0.000132893561,-0.97647059,0.978504598,-0.978504598,-0.976761103,0.978504598,-0.978504598,0,0.000503439631,0.0115023702,-0.00713740848,0.0281076189,-0.00701459218,0,-0,0,0,-0,0,0.134612665,0.525429308,0.308805555,0.999998987,-0.000366264023,0.00126945716,0.000516234199,-0.00369469542,-0.00406534318,0.000698963297,0.0048500984,0.0281149391,0.00698551815,0,0,0,0,0,0,0,0,0,0,-2.83002123e-06,0.0458299778,0.0143117383,-7.0071852e-05,-0.0458002985,0.0144062582,0,0,0,0,0,0,0,0,0,0,0,0,0,0.832909107,0,0
14,-0.277781069,-0.278227687,0.555899501,-0.277674139,0.277411342,0.000116028896,-0.97647059,0.978504598,-0.978504598,-0.976761103,0.978504598,-0.978504598,0,6.87300781e-05,0.0124299787,-0.0069154189,0.0230106879,-0.00585145596,0,-0,0,0,-0,0,0.134517446,0.525370717,0.308820277,0.999999285,-0.000336845435,0.00103624247,0.000492550374,-0.00302485307,-0.00416489085,0.000588272524,0.0055715926,0.023016341,0.0058287573,0,0,0,0,0,0,0,0,0,0,1.15787861e-06,0.0458292998,0.0143139139,-6.06661451e-05,-0.0458009876,0.0144041153,0,0,0,0,0,0,0,0,0,0,0,0,0,0.875468731,0,0
15,-0.277779043,-0.278232068,0.555971682,-0.277688891,0.277472734,0.000101187987,-0.97647059,0.978504598,-0.978504598,-0.976761103,0.978504598,-0.978504598,0,-0.00157257088,0.0127418796,-0.00534866517,0.0194678996,-0.00557695422,0,-0,0,0,-0,0,0.134426385,0.525325418,0.308819264,0.999999464,-0.000289288699,0.000862642424,0.000444714911,-0.0025591033,-0.00361442682,-8.52494195e-05,0.00581116229,0.0194728132,0.00555961905,0,0,0,0,0,0,0,0,0,0,1.77301365e-06,0.0458279289,0.0143182985,-5.13125124e-05,-0.0458023697,0.014399752,0,0,0,0,0,0,0,0,0,0,0,0,0,0.91629076,0,0
16,-0.277772635,-0.278238416,0.556047916,-0.277703732,0.277519286,8.20465939e-05,-0.97647059,0.978504598,-0.978504598,-0.976761103,0.978504598,-0.978504598,0,-0.000733282184,0.0132732121,-0.00537616201,0.0168153103,-0.00533802668,0,-0,0,0,-0,0,0.134342864,0.525283277,0.308813602,0.999999642,-0.000217141511,0.000731007662,0.000396856369,-0.00221027946,-0.00397428218,0.000406747014,0.00715547521,0.0168197528,0.00532466685,0,0,0,0,0,0,0,0,0,0,-1.06734387e-06,0.045826558,0.0143226832,-4.09139975e-05,-0.0458037555,0.0143953823,0,0,0,0,0,0,0,0,0,0,0,0,0,0.955511451,0,0
17,-0.277774662,-0.278240502,0.556120098,-0.277722627,0.277576536,6.72056849e-05,-0.97647059,0.978504598,-0.978504598,-0.976761103,0.978504598,-0.978504598,0,-0.000779576891,0.0141616957,-0.00439676363,0.0155704506,-0.0049101864,0,-0,0,0,-0,0,0.13426955,0.525227308,0.308817059,0.999999762,-0.000180990479,0.000569094089,0.000354246527,-0.00204668543,-0.00406493153,0.000569444033,0.00897949189,0.0155740855,0.00489914697,0,0,0,0,0,0,0,0,0,0,2.61231605e-07,0.0458253361,0.0143265892,-3.29441464e-05,-0.0458049849,0.0143914893,0,0,0,0,0,0,0,0,0,0,0,0,0,0.993251801,0,0
18,-0.277774662,-0.278244734,0.556213498,-0.277735353,0.277614385,5.45571893e-05,-0.97647059,0.978504598,-0.978504598,-0.976761103,0.978504598,-0.978504598,-8.28098637e-05,-0.0010026939,0.0146633293,-0.00391258998,0.0122651849,-0.00415260997,0,-0,0,0,-0,0,0.134217098,0.52517432,0.308823735,0.999999821,-0.000145304526,0.000462017779,0.000270122604,-0.0015687102,-0.00408532098,0.000550701399,0.00974399224,0.0122675989,0.00406316947,0,0,0,0,0,0,0,0,0,0,5.85926969e-08,0.0458229259,0.0143342987,-2.65928829e-05,-0.0458074063,0.0143837892,0,0,0,0,0,0,0,0,0,0,0,0,0,1.02961946,0,0
19,-0.277776837,-0.278246909,0.556315005,-0.277741611,0.277650476,4.61248565e-05,-0.97647059,0.978504598,-0.978504598,-0.976761103,0.978504598,-0.978504598,-0.000101056248,-0.00169437088,0.0166497007,-0.00317854458,0.0108367596,-0.00337932096,0,-0,0,0,-0,0,0.134173602,0.525123656,0.308842421,0.99999994,-0.000127732215,0.000359950616,0.000150463966,-0.00137141382,-0.00432954496,0.000459099829,0.0117742959,0.0108378381,0.00327500165,0,0,0,0,0,0,0,0,0,0,1.37256279e-06,0.0458194949,0.014345265,-2.2045655e-05,-0.0458108485,0.0143728312,0,0,0,0,0,0,0,0,0,0,0,0,0,1.06471074,0,0
20,-0.277779043,-0.278251231,0.556412816,-0.277745813,0.277671486,3.33920361e-05,-0.97647059,0.978504598,-0.978504598,-0.976761103,0.978504598,-0.978504598,-0.000203946998,-0.00325797452,0.0174275413,-0.00263292249,0.00658611394,-0.00286896457,0,-0,0,0,-0,0,0.134151027,0.525079012,0.308854938,0.99999994,-9.79731558e-05,0.000300567655,3.62820574e-05,-0.000758695824,-0.00406894088,-0.000230140009,0.0115349665,0.00658623967,0.0026645388,0,0,0,0,0,0,0,0,0,0,3.46682413e-07,0.0458162166,0.0143557275,-1.76099438e-05,-0.0458141305,0.0143623715,0,0,0,0,0,0,0,0,0,0,0,0,0,1.09861231,0,0
21,-0.277774662,-0.278259724,0.556492805,-0.277758539,0.277696848,2.91758697e-05,-0.97647059,0.978504598,-0.978504598,-0.976761103,0.978504598,-0.978504598,-0.000209546532,-0.00386679871,0.0144863399,-0.00263751624,0.00462174602,-0.00244347285,0,-0,0,0,-0,0,0.134102836,0.52503854,0.308845043,1,-7.366918e-05,0.000228798861,-1.66404534e-05,-0.000497464614,-0.00314622885,-0.000845073024,0.00798082538,0.00462180562,0.00223407964,0,0,0,0,0,0,0,0,0,0,1.79279198e-07,0.0458146967,0.0143605769,-1.33206886e-05,-0.0458156541,0.0143575249,0,0,0,0,0,0,0,0,0,0,0,0,0,1.13140213,0,0
22,-0.277772635,-0.278281063,0.556568682,-0.27776286,0.277705282,2.28516201e-05,-0.97647059,0.978504598,-0.978504598,-0.976761103,0.978504598,-0.978504598,-0.000216499408,-0.00623382069,0.0137800127,-0.00334917498,0.00476879533,-0.0022363367,0,-0,0,0,-0,0,0.134085149,0.525020123,0.308800727,1,-5.00724782e-05,0.000204954442,-5.14448948e-05,-0.000513133244,-0.00244303024,-0.00222989707,0.00419596164,0.0047686873,0.00202032761,0,0,0,0,0,0,0,0,0,0,-1.29878447e-06,0.0458136983,0.0143637657,-1.04731698e-05,-0.0458166525,0.0143543361,0,0,0,0,0,0,0,0,0,0,0,0,0,1.16315079,0,0
23,-0.277779043,-0.278293818,0.556657732,-0.277777523,0.277717948,1.44192882e-05,-0.97647059,0.978504598,-0.978504598,-0.976761103,0.978504598,-0.978504598,-0.000417493808,-0.00690364977,0.0134598194,-0.00249656034,0.00390645722,-0.00144396501,0,-0,0,0,-0,0,0.134086654,0.524968445,0.308779806,1,-4.43567842e-05,0.000169192019,-9.98339383e-05,-0.000294361555,-0.0021009862,-0.00252863578,0.00405914849,0.00390613987,0.00102725101,0,0,0,0,0,0,0,0,0,0,-7.96121299e-07,0.0458123088,0.0143681997,-8.92188109e-06,-0.045818042,0.014349903,0,0,0,0,0,0,0,0,0,0,0,0,0,1.19392252,0,0
24,-0.277779043,-0.278315067,0.556733966,-0.277775407,0.27772215,1.2311205e-05,-0.97647059,0.978504598,-0.978504598,-0.976761103,0.978504598,-0.978504598,-0.000383385865,-0.00697872369,0.0131578371,-0.00129711663,0.0034056583,-0.000852009282,0,-0,0,0,-0,0,0.134080812,0.52495718,0.308739454,1,-3.84035666e-05,0.000157269998,-0.000153476736,-0.000246440934,-0.00184102275,-0.00247837673,0.00488175312,0.00340536167,0.000469668681,0,0,0,0,0,0,0,0,0,0,-9.99945314e-07,0.0458107665,0.0143731143,-8.03338571e-06,-0.0458195806,0.0143449875,0,0,0,0,0,0,0,0,0,0,0,0,0,1.22377539,0,0
25,-0.27778545,-0.278338343,0.5568102,-0.27777952,0.277736992,1.2311205e-05,-0.97647059,0.978504598,-0.978504598,-0.976761103,0.978504598,-0.978504598,-0.000259172084,-0.00727514364,0.0120419255,-0.000526544289,0.00270586018,-0.00068418181,0,-0,0,0,-0,0,0.134079278,0.524934113,0.308689594,1,-5.65204391e-05,0.000115310715,-0.000183839918,-0.000219707144,-0.00135588332,-0.0026684599,0.00424019713,0.00270542456,0.000426004553,0,0,0,0,0,0,0,0,0,0,1.86524142e-06,0.0458098911,0.0143758971,-8.48884883e-06,-0.0458204523,0.0143422047,0,0,0,0,0,0,0,0,0,0,0,0,0,1.25276291,0,0
26,-0.277781069,-0.27835536,0.556877613,-0.27777952,0.277741224,5.98695578e-06,-0.97647059,0.978504598,-0.978504598,-0.976761103,0.978504598,-0.978504598,-0.000201224568,-0.00813894998,0.011163258,-0.000394637551,0.00235703005,-0.000562872621,0,-0,0,0,-0,0,0.134060413,0.524923444,0.308658093,0.99999994,-2.6243968e-05,0.000103390434,-0.00023104607,-0.000204232158,-0.000878243474,-0.00319652003,0.0026295979,0.00235672086,0.000362737133,0,0,0,0,0,0,0,0,0,0,-5.66796245e-07,0.0458085351,0.0143802213,-5.37190635e-06,-0.0458218046,0.0143378796,0,0,0,0,0,0,0,0,0,0,0,0,0,1.28093386,0,0
27,-0.277781069,-0.278378636,0.556936979,-0.27777952,0.277749628,8.09503945e-06,-0.97647059,0.978504598,-0.978504598,-0.976761103,0.978504598,-0.978504598,-0.000164455298,-0.00804222561,0.0105254753,-0.000248170167,0.00205809949,-0.000604789879,0,-0,0,0,-0,0,0.13404873,0.52491796,0.30860576,0.99999994,-3.22003652e-05,7.95469532e-05,-0.000249166187,-0.000184235847,-0.000713394315,-0.00319479941,0.00223502144,0.0020577563,0.000441360113,0,0,0,0,0,0,0,0,0,0,6.64046468e-07,0.0458080135,0.0143818818,-5.23338258e-06,-0.0458223261,0.0143362191,0,0,0,0,0,0,0,0,0,0,0,0,0,1.3083328,0,0
28,-0.277776837,-0.278406292,0.556983531,-0.277777433,0.277755976,5.98695578e-06,-0.97647059,0.978504598,-0.978504598,-0.976761103,0.978504598,-0.978504598,-0.000136413117,-0.00928282179,0.0104759149,-0.000217949564,0.00174931996,-0.000461921823,0,-0,0,0,-0,0,0.134027451,0.524927437,0.30853799,0.99999994,-1.43141151e-05,6.16642064e-05,-0.000242641574,-0.000158348295,-0.000371861417,-0.00384784793,0.00097507739,0.00174910075,0.000326357549,0,0,0,0,0,0,0,0,0,0,-4.60742399e-07,0.0458082035,0.0143812839,-3.08121503e-06,-0.0458221398,0.014336817,0,0,0,0,0,0,0,0,0,0,0,0,0,1.33500111,0,0
29,-0.277779043,-0.278429478,0.55704695,-0.277788043,0.277762383,5.98695578e-06,-0.97647059,0.978504598,-0.978504598,-0.976761103,0.978504598,-0.978504598,-0.000118458549,-0.00885056891,0.00998543296,-0.000195066285,0.00146612024,-0.000368186418,0,-0,0,0,-0,0,0.134025082,0.524903774,0.308481067,1,-2.05083452e-05,4.3545977e-05,-0.000236767912,-0.000130552085,-0.000351110793,-0.00366767705,0.00093977619,0.00146593899,0.000250422076,0,0,0,0,0,0,0,0,0,0,6.27544807e-07,0.0458083712,0.0143807456,-3.1289394e-06,-0.0458219685,0.0143373553,0,0,0,0,0,0,0,0,0,0,0,0,0,1.36097658,0,0
30,-0.277783096,-0.278450817,0.557106316,-0.277785838,0.277766585,1.77078982e-06,-0.97647059,0.978504598,-0.978504598,-0.976761103,0.978504598,-0.978504598,-0.00010468065,-0.0098733427,0.00983619224,-0.000149623185,0.00120168971,-0.000284805923,0,-0,0,0,-0,0,0.134031266,0.524896622,0.308435768,0.99999994,-2.0029629e-05,3.1630876e-05,-0.000266569346,-0.000103023543,-3.99737546e-05,-0.00421483302,-0.000186755584,0.00120154326,0.000180765899,0,0,0,0,0,0,0,0,0,0,9.26017094e-07,0.0458075143,0.0143834762,-2.74308127e-06,-0.0458228253,0.0143346246,0,0,0,0,0,0,0,0,0,0,0,0,0,1.38629436,0,0
31,-0.277779043,-0.278489023,0.557186604,-0.277785838,0.277764469,1.77078982e-06,-0.97647059,0.978504598,-0.978504598,-0.976761103,0.978504598,-0.978504598,-9.25682107e-05,-0.0111737167,0.00972517859,-0.000138178963,0.000846394512,-0.000225308249,0,-0,0,0,-0,0,0.134022161,0.524897754,0.30834505,0.99999994,-8.58733256e-06,3.75882846e-05,-0.000272053323,-6.26736219e-05,0.00032783518,-0.00490725739,-0.00158672803,0.000846283103,0.000133200534,0,0,0,0,0,0,0,0,0,0,-2.93608082e-07,0.0458073542,0.0143839782,-1.86545446e-06,-0.0458229817,0.0143341217,0,0,0,0,0,0,0,0,0,0,0,0,0,1.41098702,0,0
32,-0.277779043,-0.278512359,0.557258785,-0.277788043,0.277772903,5.98695578e-06,-0.97647059,0.978504598,-0.978504598,-0.976761103,0.978504598,-0.978504598,-8.39354179e-05,-0.0125328507,0.00960178208,-0.000133172522,0.000709449465,-0.0001997738,0,-0,0,0,-0,0,0.134010479,0.524883866,0.308294863,0.99999994,-2.05021843e-05,1.37427842e-05,-0.000301855791,-4.92019062e-05,0.000712995708,-0.00563233951,-0.00306424149,0.000709350628,0.000116266645,0,0,0,0,0,0,0,0,0,0,1.48339768e-06,0.0458064973,0.0143867088,-2.27308647e-06,-0.0458238348,0.0143313901,0,0,0,0,0,0,0,0,0,0,0,0,0,1.43508458,0,0
33,-0.277779043,-0.278558999,0.557300925,-0.277788043,0.277775019,3.87887303e-06,-0.97647059,0.978504598,-0.978504598,-0.976761103,0.978504598,-0.978504598,-8.76960776e-13,-0.0134292515,0.00987702515,-0.000112343267,0.000435123831,-0.000160133102,0,-0,0,0,-0,0,0.134007558,0.524904668,0.308168381,1,-1.45393587e-05,7.78465437e-06,-0.00022961483,-5.71914497e-05,0.000885719899,-0.00607335195,-0.003664569,0.000435076421,0.0001603329,0,0,0,0,0,0,0,0,0,0,1.10842632e-06,0.045808576,0.0143800909,-1.55573912e-06,-0.0458217636,0.0143380109,0,0,0,0,0,0,0,0,0,0,0,0,0,1.45861506,0,0
34,-0.277783096,-0.278592974,0.557360291,-0.277785838,0.277775019,-2.4987803e-06,-0.97647059,0.978504598,-0.978504598,-0.976761103,0.978504598,-0.978504598,-1.57517134e-05,-0.0140550053,0.0100438194,-0.000112363196,0.000320298626,-0.000135944938,0,-0,0,0,-0,0,0.134019583,0.524907827,0.308085501,1,-7.9510146e-06,7.79129095e-06,-0.000223654133,-3.38062964e-05,0.00100088248,-0.00638515595,-0.00412354153,0.000320361607,0.000120336481,0,0,0,0,0,0,0,0,0,0,5.04592435e-07,0.0458087474,0.0143795442,-9.52196729e-07,-0.0458215922,0.0143385576,0,0,0,0,0,0,0,0,0,0,0,0,0,1.48160458,0,0
35,-0.277774662,-0.278630942,0.557411253,-0.277781636,0.277781427,1.77078982e-06,-0.97647059,0.978504598,-0.978504598,-0.976761103,0.978504598,-0.978504598,-1.65342176e-20,-0.0121418284,0.0106723914,-9.98919131e-05,0.000180496849,-0.000118105119,0,-0,0,0,-0,0,0.133985668,0.52493,0.307989657,1,3.82272947e-06,-1.03362299e-05,-0.000200289142,-2.37329496e-05,0.00034489797,-0.00531699602,-0.00156932964,0.000180421819,0.000118177413,0,0,0,0,0,0,0,0,0,0,-5.32294102e-08,0.0458094217,0.014377404,6.46947228e-07,-0.0458209254,0.0143406987,0,0,0,0,0,0,0,0,0,0,0,0,0,1.50407743,0,0
36,-0.277781069,-0.278669059,0.557474673,-0.277785838,0.277775019,3.87887303e-06,-0.97647059,0.978504598,-0.978504598,-0.976761103,0.978504598,-0.978504598,-1.29362272e-33,-0.0118631069,0.00996595714,-9.10495364e-05,0.000140847405,-0.000105940875,0,-0,0,0,-0,0,0.134013578,0.524924159,0.307892054,1,-2.02609426e-05,7.78606773e-06,-0.000170248561,-1.85063927e-05,0.000456991285,-0.00524038775,-0.00198819838,0.000140848279,0.000105988824,0,0,0,0,0,0,0,0,0,0,1.63269556e-06,0.0458102822,0.014374651,-2.08009601e-06,-0.0458200611,0.0143434517,0,0,0,0,0,0,0,0,0,0,0,0,0,1.52605629,0,0
37,-0.277783096,-0.278700829,0.557525218,-0.277790129,0.277772903,-3.90697124e-07,-0.97647059,0.978504598,-0.978504598,-0.976761103,0.978504598,-0.978504598,0,-0.01214281,0.00957178418,-7.56561276e-05,0.00011264081,-9.47838271e-05,0,-0,0,0,-0,0,0.134022504,0.524921715,0.307809532,1,-1.39116582e-05,1.37490697e-05,-0.00013973075,-1.47880655e-05,0.00063307269,-0.00542504992,-0.00264668115,0.000112693793,9.48153029e-05,0,0,0,0,0,0,0,0,0,0,8.79651054e-07,0.0458111614,0.0143718552,-1.66945711e-06,-0.0458191857,0.0143462485,0,0,0,0,0,0,0,0,0,0,0,0,0,1.54756248,0,0
38,-0.277779043,-0.278728336,0.55757618,-0.277785838,0.277770817,-2.4987803e-06,-0.97647059,0.978504598,-0.978504598,-0.976761103,0.978504598,-0.978504598,0,-0.0106324647,0.00997778773,-6.57129785e-05,0.00011031601,-8.47436895e-05,0,-0,0,0,-0,0,0.134013399,0.524932027,0.307744771,1,3.49193783e-06,1.97088357e-05,-0.000146168066,-1.45004515e-05,0.000137669893,-0.00459071621,-0.000720392447,0.000110296372,8.47759366e-05,0,0,0,0,0,0,0,0,0,0,-8.86217208e-07,0.0458109751,0.0143724447,-2.45754308e-07,-0.0458193719,0.014345658,0,0,0,0,0,0,0,0,0,0,0,0,0,1.56861591,0,0
39,-0.277783096,-0.278764337,0.557639897,-0.277788043,0.277779311,-2.4987803e-06,-0.97647059,0.978504598,-0.978504598,-0.976761103,0.978504598,-0.978504598,0,-0.0106419399,0.00972962845,-5.88393013e-05,9.48196321e-05,-8.6702336e-08,0,-0,0,0,-0,0,0.134013623,0.524928927,0.307654649,1,-7.94871266e-06,-4.37016206e-06,-0.000128286978,-1.24578919e-05,0.000204761716,-0.00461979397,-0.000971147965,9.48487723e-05,1.11030559e-07,0,0,0,0,0,0,0,0,0,0,8.53868187e-07,0.0458114892,0.0143708065,-6.02921205e-07,-0.0458188578,0.0143472971,0,0,0,0,0,0,0,0,0,0,0,0,0,1.58923519,0,0
40,-0.277783096,-0.278798133,0.557690501,-0.277781636,0.277775019,1.77078982e-06,-0.952941179,0.957009196,-0.957009196,-0.953522146,0.957009196,-0.957009196,0,-0.0105233025,0.00962159783,-5.32675003e-05,8.3140585e-05,-2.86388821e-17,0.644109249,-0.644109249,0.644109249,0.644109249,-0.644109249,0.644109249,0.134019583,0.524944425,0.307572216,1,-2.00221511e-05,7.78757658e-06,-0.000122326339,-1.09227594e-05,0.000202155046,-0.00456776749,-0.00095496967,8.31692596e-05,2.0340579e-08,0,0,0,0,0,0,0,0,0,0,1.60097852e-06,0.0454434864,0.0140563305,-2.03862896e-06,-0.0454503596,0.0140340934,0,0,0,0,0,0,0,0,0,0,0,0,0,1.60943794,0,0
41,-0.277781069,-0.278834164,0.557753921,-0.277787954,0.277777225,1.77078982e-06,-0.952941179,0.957009196,-0.957009196,-0.953522146,0.957009196,-0.957009196,0,-0.0104590785,0.010175705,-1.38439669e-08,7.30221218e-05,-6.17656229e-28,0,-0,0,0,-0,0,0.134010538,0.524940252,0.30747968,1,-1.42992985e-05,1.5878652e-06,-9.22856634e-05,-9.5978794e-06,4.72832326e-05,-0.00447334908,-0.000283386005,7.30273896e-05,1.34777913e-08,0,0,0,0,0,0,0,0,0,0,1.25506403e-06,0.0454443321,0.0140536008,-1.34434583e-06,-0.0454495139,0.014036824,0,0,0,0,0,0,0,0,0,0,0,0,0,1.62924051,0,0
42,-0.277781069,-0.278859615,0.557813287,-0.277787954,0.277775019,3.87887303e-06,-0.952941179,0.957009196,-0.957009196,-0.953522146,0.957009196,-0.957009196,0,-0.0105158119,0.0101558464,-4.57283682e-18,6.58938297e-05,-2.04019685e-37,0,-0,0,0,-0,0,0.134013578,0.524936378,0.30742085,1,-2.02604278e-05,7.78617778e-06,-0.000104206614,-8.66050868e-06,6.64557301e-05,-0.00450510718,-0.000359964266,6.59005163e-05,1.37331444e-08,0,0,0,0,0,0,0,0,0,0,1.62269816e-06,0.0454439968,0.014054684,-2.06025084e-06,-0.0454498492,0.0140357409,0,0,0,0,0,0,0,0,0,0,0,0,0,1.64865863,0,0
43,-0.277783096,-0.278893441,0.557868242,-0.277783722,0.277770817,-3.90697124e-07,-0.952941179,0.957009196,-0.957009196,-0.953522146,0.957009196,-0.957009196,0,-0.00998442993,0.00942839682,-1.51046583e-27,5.00335918e-05,-0,0,-0,0,0,-0,0,0.134025425,0.524945438,0.307338387,1,-1.39116737e-05,1.97088648e-05,-9.82458223e-05,-6.57336886e-06,0.000118114825,-0.00429886859,-0.000556031591,5.00502865e-05,9.83121407e-09,0,0,0,0,0,0,0,0,0,0,7.10640791e-07,0.0454441644,0.0140541419,-1.81797839e-06,-0.0454496816,0.014036282,0,0,0,0,0,0,0,0,0,0,0,0,0,1.66770685,0,0
44,-0.277774662,-0.278923124,0.557927608,-0.277794272,0.277772903,-2.4987803e-06,-0.952941179,0.957009196,-0.957009196,-0.953522146,0.957009196,-0.957009196,0,-0.00988467503,0.00998749118,-3.25763021e-38,4.19928908e-15,-0,0,-0,0,0,-0,0,0.13399747,0.524936736,0.307261109,1,1.58916428e-05,1.37466968e-05,-6.84438419e-05,9.53337853e-10,-5.39985158e-05,-0.00419062423,0.00010281615,1.81521298e-09,5.7483071e-19,0,0,0,0,0,0,0,0,0,0,-1.83065811e-06,0.0454450026,0.0140514337,1.05841821e-06,-0.0454488471,0.0140389912,0,0,0,0,0,0,0,0,0,0,0,0,0,1.68639898,0,0
45,-0.277776837,-0.278952718,0.557982624,-0.277792156,0.277775019,3.87887303e-06,-0.952941179,0.957009196,-0.957009196,-0.953522146,0.957009196,-0.957009196,0,-0.00996118505,0.00984292571,-0,1.38707849e-24,-0,0,-0,0,0,-0,0,0.134001061,0.524939299,0.307189971,1,-8.33922059e-06,7.78542199e-06,-6.84439219e-05,-1.41237274e-11,2.68658323e-06,-0.0042452286,-0.000118259341,-6.21705132e-10,1.89873882e-28,0,0,0,0,0,0,0,0,0,0,5.39223549e-07,0.0454450026,0.0140514337,-9.76647243e-07,-0.0454488471,0.0140389912,0,0,0,0,0,0,0,0,0,0,0,0,0,1.70474803,0,0
46,-0.277774662,-0.278982401,0.558046341,-0.277783722,0.277768701,1.77078982e-06,-0.866666675,0.878192663,-0.878192663,-0.868312776,0.878192663,-0.878192663,0,-0.00996587146,0.0101633128,-0,4.58169632e-34,-0,1.92175937,-1.92175937,1.92175937,1.92175937,-1.92175937,1.92175937,0.134003311,0.524950325,0.307124645,1,3.81813197e-06,2.56663843e-05,-9.84849103e-05,1.41766832e-09,-8.02988579e-05,-0.0042156647,0.000197441317,3.48580675e-09,5.64177193e-19,0,0,0,0,0,0,0,0,0,0,-1.00006787e-06,0.0440716967,0.0129301008,-3.26497144e-07,-0.0440767854,0.0129127381,0,0,0,0,0,0,0,0,0,0,0,0,0,1.72276664,0,0
47,-0.277779043,-0.279009879,0.558110118,-0.277785838,0.277775019,1.77078982e-06,-0.866666675,0.878192663,-0.878192663,-0.868312776,0.878192663,-0.878192663,0,-0.00975130312,0.0111531541,-0,9.80908925e-45,-0,0,-0,0,0,-0,0,0.134007558,0.524940014,0.307059854,1,-8.57792293e-06,7.78620233e-06,-0.00010492187,-2.8145255e-09,-0.000394156348,-0.00400411338,0.00140185095,-1.00101021e-08,6.19124423e-19,0,0,0,0,0,0,0,0,0,0,5.54818087e-07,0.0440715291,0.012930668,-9.57299676e-07,-0.0440769531,0.01291217,0,0,0,0,0,0,0,0,0,0,0,0,0,1.74046612,0,0
48,-0.277783096,-0.279033244,0.558173537,-0.277783722,0.277770817,1.77078982e-06,-0.866666675,0.878192663,-0.878192663,-0.868312776,0.878192663,-0.878192663,0,-0.00940810703,0.0105700083,-0,0,-0,0,-0,0,0,-0,0,0.134025425,0.524932504,0.307009637,1,-2.00238483e-05,1.97086283e-05,-0.00013448557,-9.94407756e-09,-0.000331151154,-0.00388224586,0.00116190128,-3.48905189e-08,5.8675333e-19,0,0,0,0,0,0,0,0,0,0,1.2554417e-06,0.0440707654,0.0129332738,-2.2742347e-06,-0.044077713,0.0129095642,0,0,0,0,0,0,0,0,0,0,0,0,0,1.75785792,0,0
49,-0.277779043,-0.279065013,0.558232903,-0.277787954,0.277777225,1.77078982e-06,-0.866666675,0.878192663,-0.878192663,-0.868312776,0.878192663,-0.878192663,0,-0.00964394305,0.0110178925,-0,0,-7.62587362e-08,0,-0,0,0,-0,0,0.134004533,0.524930954,0.306929678,1,-8.57729174e-06,1.58730222e-06,-0.000116604373,-2.76984569e-09,-0.000387849461,-0.00396128045,0.00137394946,-9.82865256e-09,7.62587362e-08,0,0,0,0,0,0,0,0,0,0,7.15012675e-07,0.0440712273,0.012931698,-7.97105145e-07,-0.0440772548,0.0129111409,0,0,0,0,0,0,0,0,0,0,0,0,0,1.77495229,0,0
50,-0.277781069,-0.27909252,0.558300674,-0.277794272,0.277768701,-3.90697124e-07,-0.866666675,0.878192663,-0.878192663,-0.868312776,0.878192663,-0.878192663,0,-0.00957729109,0.0120287854,-0,0,-1.64467659e-18,0,-0,0,0,-0,0,0.134022325,0.524914861,0.306863636,1,-8.19069101e-06,2.566896e-05,-0.000116842522,-1.24342128e-08,-0.000669055502,-0.00382531434,0.00245149434,-4.55603448e-08,2.31240822e-18,0,0,0,0,0,0,0,0,0,0,5.83490518e-08,0.0440712199,0.0129317185,-1.38511609e-06,-0.0440772586,0.0129111195,0,0,0,0,0,0,0,0,0,0,0,0,0,1.79175949,0,0
51,-0.277776837,-0.279117912,0.558372498,-0.277787954,0.277777225,1.77078982e-06,-0.788235307,0.806541324,-0.806541324,-0.790849686,0.806541324,-0.806541324,0,-0.00977326185,0.0121745272,-0,4.30328191e-06,-5.43257411e-28,1.64759159,-1.64759159,1.64759159,1.64759159,-1.64759159,1.64759159,0.133998021,0.524917603,0.306812197,1,-2.3784844e-06,1.58621344e-06,-0.000164526515,-5.62211369e-07,-0.000657205412,-0.00391363911,0.00240126532,4.31590524e-06,1.41600787e-09,0,0,0,0,0,0,0,0,0,0,1.65680461e-07,0.0427926742,0.011951304,-2.41439068e-07,-0.0428005271,0.011923139,0,0,0,0,0,0,0,0,0,0,0,0,0,1.80828881,0,0
52,-0.277779043,-0.279143363,0.558440626,-0.277787954,0.277775019,1.77078982e-06,-0.788235307,0.806541324,-0.806541324,-0.790849686,0.806541324,-0.806541324,0,-0.00964683574,0.0135201188,-0,1.42142822e-15,-1.79444811e-37,0,-0,0,0,-0,0,0.134007558,0.524908304,0.306755841,1,-8.57857685e-06,7.78608137e-06,-0.00018884521,-7.43332773e-09,-0.00104099012,-0.00371290511,0.00387328304,-2.76576895e-08,5.3685976e-19,0,0,0,0,0,0,0,0,0,0,5.48214985e-07,0.0427920893,0.0119533855,-9.20069056e-07,-0.0428011082,0.0119210575,0,0,0,0,0,0,0,0,0,0,0,0,0,1.82454932,0,0
53,-0.277776837,-0.279173046,0.558524966,-0.277783722,0.277770817,1.77078982e-06,-0.788235307,0.806541324,-0.806541324,-0.790849686,0.806541324,-0.806541324,0,-0.00959207956,0.0123183932,-0,-0.000245845265,-0,0,-0,0,0,-0,0,0.134006903,0.524904847,0.306693941,1,-2.38287521e-06,1.97054796e-05,-0.000236052219,3.23202657e-05,-0.000742634002,-0.00380423293,0.00272631506,-0.000245830917,-1.1606457e-07,0,0,0,0,0,0,0,0,0,0,-2.66911002e-07,0.0427909605,0.0119574256,-6.74030559e-07,-0.0428022332,0.0119170165,0,0,0,0,0,0,0,0,0,0,0,0,0,1.84054959,0,0
54,-0.277787477,-0.279206932,0.558588743,-0.277790129,0.277775019,1.77078982e-06,-0.788235307,0.806541324,-0.806541324,-0.790849686,0.806541324,-0.806541324,0,-0.00991031434,0.0121268909,-0,-0.000215080072,-0,0,-0,0,0,-0,0,0.134032592,0.524888992,0.306607723,1,-3.24206158e-05,7.79110724e-06,-0.000212210041,2.82387409e-05,-0.000611663563,-0.00399038335,0.00221656472,-0.00021520158,-9.12843774e-08,0,0,0,0,0,0,0,0,0,0,2.58867021e-06,0.0427915342,0.0119553851,-2.96101553e-06,-0.042801667,0.0119190579,0,0,0,0,0,0,0,0,0,0,0,0,0,1.85629797,0,0
55,-0.277776837,-0.279236555,0.55866462,-0.277785838,0.277772903,3.87887303e-06,-0.788235307,0.806541324,-0.806541324,-0.790849686,0.806541324,-0.806541324,0,-0.00902201608,0.0112365847,-0,-0.000216554967,0.000191702362,0,-0,0,0,-0,0,0.134003982,0.52489543,0.306543738,0.99999994,-8.34209641e-06,1.37434454e-05,-0.000247973192,2.84702437e-05,-0.000608745147,-0.00361308409,0.00221457519,-0.000216448228,-0.00019180974,0,0,0,0,0,0,0,0,0,0,3.85568541e-07,0.0427906774,0.0119584454,-1.04190156e-06,-0.0428025164,0.0119159957,0,0,0,0,0,0,0,0,0,0,0,0,0,1.87180221,0,0
56,-0.277781069,-0.279263943,0.558719933,-0.277798563,0.277772903,1.77078982e-06,-0.788235307,0.806541324,-0.806541324,-0.790849686,0.806541324,-0.806541324,0,-0.00793598499,0.0109770577,-0,-0.000205480159,0.000166281316,0,-0,0,0,-0,0,0.134016484,0.524873853,0.306470811,1,-1.43020761e-05,1.37477282e-05,-0.000212686995,2.69958873e-05,-0.000820826157,-0.00306902966,0.00304107345,-0.000205465927,-0.0001663687,0,0,0,0,0,0,0,0,0,0,8.956182e-07,0.0427915193,0.0119554261,-1.55220221e-06,-0.0428016782,0.0119190169,0,0,0,0,0,0,0,0,0,0,0,0,0,1.8870697,0,0
57,-0.277781069,-0.279280901,0.55877459,-0.277790129,0.277770817,1.77078982e-06,-0.717647076,0.742055118,-0.742055118,-0.721132874,0.742055118,-0.742055118,0,-0.00743590482,0.00917899143,-0,-0.000185384357,0.000155635644,1.48260963,-1.48260963,1.48260963,1.48260963,-1.48260963,1.48260963,0.134019405,0.524876595,0.306440711,0.99999994,-1.43043908e-05,1.9708421e-05,-0.000265854324,2.43605573e-05,-0.000481115916,-0.0029861168,0.00174308929,-0.000185333978,-0.000155734189,0,0,0,0,0,0,0,0,0,0,7.5343263e-07,0.0416174792,0.0111047281,-1.62728315e-06,-0.041629266,0.0110604651,0,0,0,0,0,0,0,0,0,0,0,0,0,1.90210748,0,0
58,-0.277783096,-0.279304087,0.558817089,-0.277781636,0.277770817,1.77078982e-06,-0.717647076,0.742055118,-0.742055118,-0.721132874,0.742055118,-0.742055118,0,-0.00668266369,0.00824349094,-0,-0.00017149518,0.000129961147,0,-0,0,0,-0,0,0.134025425,0.524887979,0.306388706,0.99999994,-2.00268023e-05,1.97101272e-05,-0.000284450856,2.25306958e-05,-0.000431275985,-0.00268418016,0.00156082725,-0.000171468084,-0.000130058688,0,0,0,0,0,0,0,0,0,0,1.22969448e-06,0.0416170657,0.011106276,-2.10370467e-06,-0.0416296758,0.0110589163,0,0,0,0,0,0,0,0,0,0,0,0,0,1.91692257,0,0
59,-0.277781069,-0.279325247,0.558871686,-0.277783722,0.277772903,1.77078982e-06,-0.717647076,0.742055118,-0.742055118,-0.721132874,0.742055118,-0.742055118,0,-0.00610686513,0.00802105293,-0,-0.000154620458,0.000127487307,0,-0,0,0,-0,0,0.134016484,0.524881005,0.306340128,0.99999994,-1.43032194e-05,1.37480847e-05,-0.000295895064,2.03157597e-05,-0.000521566719,-0.00240421039,0.00191418838,-0.000154580557,-0.00012757878,0,0,0,0,0,0,0,0,0,0,8.85535087e-07,0.0416168123,0.0111072287,-1.49518064e-06,-0.0416299291,0.0110579636,0,0,0,0,0,0,0,0,0,0,0,0,0,1.93152142,0,0
60,-0.27778545,-0.27934438,0.558918238,-0.27777952,0.277772903,1.77078982e-06,-0.717647076,0.742055118,-0.742055118,-0.721132874,0.742055118,-0.742055118,0,-0.00685943058,0.00746457884,-0,-0.000141715587,0.000109963599,0,-0,0,0,-0,0,0.134029508,0.524879694,0.306298852,0.99999994,-2.67013093e-05,1.37521465e-05,-0.000319498329,1.86210636e-05,-0.000183536715,-0.00285472861,0.00060514512,-0.000141671539,-0.000110054134,0,0,0,0,0,0,0,0,0,0,1.91742333e-06,0.0416162871,0.0111091929,-2.52743962e-06,-0.0416304506,0.0110559985,0,0,0,0,0,0,0,0,0,0,0,0,0,1.9459101,0,0
61,-0.277783096,-0.279365629,0.558968842,-0.277787954,0.277772903,1.77078982e-06,-0.717647076,0.742055118,-0.742055118,-0.721132874,0.742055118,-0.742055118,0,-0.00757748261,0.00753938453,-0,-0.000114638366,8.15339226e-05,0,-0,0,0,-0,0,0.134022504,0.524865985,0.306245297,0.99999994,-2.00254181e-05,1.37498901e-05,-0.000307100679,1.5069023e-05,-1.89879902e-05,-0.00322410278,-3.80992788e-05,-0.000114587121,-8.16043175e-05,0,0,0,0,0,0,0,0,0,0,1.36179426e-06,0.0416165628,0.011108161,-1.97160489e-06,-0.0416301787,0.0110570304,0,0,0,0,0,0,0,0,0,0,0,0,0,1.96009481,0,0
62,-0.277781069,-0.279393226,0.559007287,-0.277785838,0.277766496,6.07127913e-06,-0.717647076,0.742055118,-0.742055118,-0.721132874,0.742055118,-0.742055118,0,-0.00870696735,0.00805267505,-6.43828798e-07,-0.00011432809,7.12101682e-05,0,-0,0,0,-0,0,0.134025365,0.524876773,0.3061755,0.99999994,-2.64677219e-05,3.18643506e-05,-0.000289458083,1.50312981e-05,0.000136625313,-0.003765692,-0.000654933683,-0.000114274677,-7.12763431e-05,0,0,0,0,0,0,0,0,0,0,1.49613481e-06,0.0416169539,0.0111066932,-2.90903336e-06,-0.0416297875,0.0110585,0,0,0,0,0,0,0,0,0,0,0,0,0,1.97408104,0,0
63,-0.277781069,-0.279410154,0.5590626,-0.277783722,0.277772903,-3.06373806e-07,-0.717647076,0.742055118,-0.742055118,-0.721132874,0.742055118,-0.742055118,0,-0.00821305905,0.00829416234,-2.126648e-16,-9.98343021e-05,6.32082665e-05,0,-0,0,0,-0,0,0.134016484,0.524870396,0.306142002,0.99999994,-8.43058751e-06,1.37501247e-05,-0.000325697329,1.31225215e-05,-5.33575076e-05,-0.00348230521,8.11031787e-05,-9.97946117e-05,-6.32732845e-05,0,0,0,0,0,0,0,0,0,0,3.96611142e-07,0.0416161492,0.0111097088,-1.00628131e-06,-0.0416305885,0.0110554826,0,0,0,0,0,0,0,0,0,0,0,0,0,1.98787439,0,0
64,-0.277781069,-0.279439837,0.559100389,-0.277792156,0.277770817,-2.4987803e-06,-0.639215708,0.670403719,-0.670403719,-0.643669784,0.670403719,-0.670403719,0,-0.00894929189,0.00773445843,-7.02458696e-26,-0.000101259495,6.81624588e-05,1.73296535,-1.73296535,1.73296535,1.73296535,-1.73296535,1.73296535,0.134019405,0.524867058,0.306059808,0.99999994,-2.23257484e-06,1.97117188e-05,-0.000271337689,1.33160975e-05,0.000280843291,-0.00392455887,-0.00121483265,-0.000101199912,-6.82173995e-05,0,0,0,0,0,0,0,0,0,0,-2.21391375e-07,0.0402892791,0.0101901907,-5.80373921e-07,-0.0403003171,0.0101464568,0,0,0,0,0,0,0,0,0,0,0,0,0,2.0014801,0,0
65,-0.277779043,-0.279465228,0.559134126,-0.277794272,0.277766496,3.87887303e-06,-0.639215708,0.670403719,-0.670403719,-0.643669784,0.670403719,-0.670403719,0,-0.00870598387,0.00839569233,-1.51499655e-36,-8.9882742e-05,6.12292861e-05,0,-0,0,0,-0,0,0.13401936,0.524872184,0.305992812,1,-1.45452595e-05,3.18648417e-05,-0.000241297515,1.18156968e-05,4.5554978e-05,-0.00373085425,-0.000310288277,-8.98509679e-05,-6.12726581e-05,0,0,0,0,0,0,0,0,0,0,5.2348156e-07,0.04028989,0.0101877702,-1.81967266e-06,-0.0402997062,0.0101488782,0,0,0,0,0,0,0,0,0,0,0,0,0,2.01490307,0,0
66,-0.277781069,-0.279486388,0.559193492,-0.277790129,0.277775019,1.77078982e-06,-0.639215708,0.670403719,-0.670403719,-0.643669784,0.670403719,-0.670403719,0,-0.00849027745,0.00842752308,-0,-7.0080001e-05,9.15164645e-12,0,-0,0,0,-0,0,0.134013563,0.524868786,0.305949092,0.99999994,-1.43013094e-05,7.7875402e-06,-0.000277060026,9.21167248e-06,-1.85094686e-05,-0.00361446431,-6.27556801e-05,-7.00788223e-05,-3.88418897e-08,0,0,0,0,0,0,0,0,0,0,9.93909907e-07,0.0402891636,0.0101906518,-1.31081606e-06,-0.0403004326,0.0101459958,0,0,0,0,0,0,0,0,0,0,0,0,0,2.02814817,0,0
67,-0.277783096,-0.279518187,0.559252858,-0.277787954,0.277770817,-3.90697124e-07,-0.639215708,0.670403719,-0.670403719,-0.643669784,0.670403719,-0.670403719,0,-0.0089916531,0.00844248105,-0,-6.23163505e-05,3.0229055e-21,0,-0,0,0,-0,0,0.134025425,0.52487129,0.305872738,0.99999994,-1.39152025e-05,1.97117515e-05,-0.000277298182,8.19465276e-06,0.00010550781,-0.00387609517,-0.000549173914,-6.22998487e-05,-3.45604576e-08,0,0,0,0,0,0,0,0,0,0,7.20030698e-07,0.0402891599,0.0101906713,-1.52192956e-06,-0.0403004363,0.0101459762,0,0,0,0,0,0,0,0,0,0,0,0,0,2.04122043,0,0
68,-0.277774662,-0.279543638,0.559282541,-0.277790129,0.277768701,1.77078982e-06,-0.639215708,0.670403719,-0.670403719,-0.643669784,0.670403719,-0.670403719,0,-0.00891741458,0.0077996254,-0,-5.54104554e-05,6.5195156e-32,0,-0,0,0,-0,0,0.134003311,0.524882913,0.305804312,1,3.81447217e-06,2.56644107e-05,-0.000241059213,7.27922952e-06,0.000253449572,-0.00390132493,-0.00111778826,-5.54301841e-05,-2.67143623e-08,0,0,0,0,0,0,0,0,0,0,-8.29814837e-07,0.0402898975,0.0101877516,-2.14004061e-07,-0.0402997024,0.0101488978,0,0,0,0,0,0,0,0,0,0,0,0,0,2.05412364,0,0
69,-0.277776837,-0.279573321,0.559325039,-0.27779007,0.277768701,1.77078982e-06,-0.639215708,0.670403719,-0.670403719,-0.643669784,0.670403719,-0.670403719,0,-0.0090388516,0.00792225264,6.77892749e-05,-6.05300193e-05,2.15351548e-41,0,-0,0,0,-0,0,0.134009823,0.524887621,0.305728257,1,-2.38380494e-06,2.5666086e-05,-0.000217455614,7.95529922e-06,0.000260881876,-0.00394603843,-0.00104880938,-6.05355272e-05,-2.63251607e-08,0,0,0,0,0,0,0,0,0,0,-3.30312645e-07,0.040290378,0.0101858489,-7.13632858e-07,-0.0402992219,0.0101507995,0,0,0,0,0,0,0,0,0,0,0,0,0,2.06686282,0,0
70,-0.277783096,-0.279592305,0.559384406,-0.277787954,0.277770817,3.87887303e-06,-0.56078434,0.598752379,-0.598752379,-0.566206753,0.598752379,-0.598752379,0,-0.00812254194,0.00817309599,6.75619958e-05,-5.97401469e-13,5.83842266e-05,1.73598504,-1.73598504,1.73598504,1.73598504,-1.73598504,1.73598504,0.134025425,0.524876475,0.305689901,0.99999994,-2.59866611e-05,1.97083082e-05,-0.000253694976,-9.20623022e-10,-3.97176045e-05,-0.00344008976,0.000118118347,2.60760249e-08,-5.83842193e-05,0,0,0,0,0,0,0,0,0,0,1.6571222e-06,0.0389362276,0.00931168254,-2.38987968e-06,-0.0389456563,0.0092721656,0,0,0,0,0,0,0,0,0,0,0,0,0,2.07944155,0,0
71,-0.277781069,-0.279615581,0.559422195,-0.277783722,0.277770817,3.87887303e-06,-0.56078434,0.598752379,-0.598752379,-0.566206753,0.598752379,-0.598752379,0,-0.0088856034,0.00731930509,7.14233829e-05,-1.28841938e-23,5.22797127e-05,0,-0,0,0,-0,0,0.134019405,0.524886906,0.305633903,0.99999994,-2.02646061e-05,1.97068566e-05,-0.000253218255,7.27446947e-09,0.000378317956,-0.0039254399,-0.00149487285,5.42581482e-08,-5.22797054e-05,0,0,0,0,0,0,0,0,0,0,1.21153266e-06,0.0389362387,0.00931164529,-1.9441818e-06,-0.0389456488,0.00927220285,0,0,0,0,0,0,0,0,0,0,0,0,0,2.09186411,0,0
72,-0.277774662,-0.279641032,0.55947715,-0.277785838,0.277766496,8.17936234e-06,-0.56078434,0.598752379,-0.598752379,-0.566206753,0.598752379,-0.598752379,0,-0.00854324829,0.0071633663,6.45892142e-05,-4.25581264e-33,3.53372087e-09,0,-0,0,0,-0,0,0.134006351,0.524886489,0.305572629,0.99999994,-1.43072139e-05,3.18585444e-05,-0.000252980797,-5.82308068e-09,0.000329828938,-0.0037620035,-0.00131529279,-2.32195738e-08,-3.53372043e-09,0,0,0,0,0,0,0,0,0,0,5.21523532e-07,0.0389362425,0.00931162667,-1.70576686e-06,-0.0389456451,0.00927222148,0,0,0,0,0,0,0,0,0,0,0,0,0,2.10413408,0,0
73,-0.277781069,-0.279661953,0.559519649,-0.277783722,0.277770817,8.17936234e-06,-0.56078434,0.598752379,-0.598752379,-0.566206753,0.598752379,-0.598752379,0,-0.00527594844,0.0074321921,4.53988105e-06,-1.40550236e-42,1.1672326e-18,0,-0,0,0,-0,0,0.134019405,0.524883747,0.305523783,0.99999994,-3.24240864e-05,1.97036861e-05,-0.000259894208,-1.08760636e-08,-0.000585215224,-0.0020263826,0.00216078362,-4.01575662e-08,-1.57978645e-18,0,0,0,0,0,0,0,0,0,0,2.15852333e-06,0.0389361121,0.00931216497,-2.89117725e-06,-0.0389457718,0.00927168317,0,0,0,0,0,0,0,0,0,0,0,0,0,2.11625552,0,0
74,-0.277776837,-0.279685408,0.559553742,-0.277781636,0.277766496,1.77078982e-06,-0.56078434,0.598752379,-0.598752379,-0.566206753,0.598752379,-0.598752379,0,-0.0066134599,0.00753329927,9.79118603e-17,-0,2.51737671e-29,0,-0,0,0,-0,0,0.134012848,0.524894595,0.305465013,0.99999994,-2.38611779e-06,3.18647362e-05,-0.000247734832,1.41957968e-09,-0.00027002921,-0.00271869521,0.000919839367,4.83571849e-09,4.18182115e-19,0,0,0,0,0,0,0,0,0,0,-4.06959884e-07,0.0389363393,0.00931121781,-7.77401056e-07,-0.0389455482,0.00927263033,0,0,0,0,0,0,0,0,0,0,0,0,0,2.12823176,0,0
75,-0.277783096,-0.279698044,0.559596241,-0.27777952,0.27776441,1.02031217e-05,-0.490196079,0.534266174,-0.534266174,-0.496489942,0.534266174,-0.534266174,0,-0.0061433916,0.00757675664,3.23415314e-26,-0,8.3152154e-39,1.58614719,-1.58614719,1.58614719,1.58614719,-1.58614719,1.58614719,0.134034291,0.524885297,0.305440664,0.99999994,-4.38735697e-05,3.78232471e-05,-0.000278014253,-1.20684049e-08,-0.000401894125,-0.00246765744,0.00143336505,-4.3042256e-08,-4.20594484e-19,0,0,0,0,0,0,0,0,0,0,2.66149209e-06,0.0376970023,0.00855708588,-3.95336428e-06,-0.0377064943,0.00851515867,0,0,0,0,0,0,0,0,0,0,0,0,0,2.14006615,0,0
76,-0.277783096,-0.279719114,0.559638023,-0.27777952,0.277766496,3.87887303e-06,-0.490196079,0.534266174,-0.534266174,-0.496489942,0.534266174,-0.534266174,0,-0.00473497063,0.00571955601,1.06828157e-35,-0,0,0,-0,0,0,-0,0,0.13403137,0.52488488,0.305389911,0.99999994,-2.59905064e-05,3.18677521e-05,-0.000277536776,-8.36842151e-09,-0.000278679712,-0.00191392435,0.000984585378,-2.95659337e-08,0,0,0,0,0,0,0,0,0,0,0,1.41493103e-06,0.0376970097,0.00855704956,-2.50328549e-06,-0.0377064869,0.00851519499,0,0,0,0,0,0,0,0,0,0,0,0,0,2.15176225,0,0
77,-0.277781069,-0.279717863,0.559635341,-0.277783722,0.27776441,1.02031217e-05,-0.490196079,0.534266174,-0.534266174,-0.496489942,0.534266174,-0.534266174,0,0.0141569516,-0.0132194087,6.66624037e-05,-0,0,0,-0,0,0,-0,0,0.134028286,0.524880707,0.305390507,0.99999994,-3.81510472e-05,3.78219011e-05,-0.000265378301,-3.1512255e-09,-0.000169559979,0.00611663004,0.00100420532,-1.86628775e-08,-7.32234547e-19,0,0,0,0,0,0,0,0,0,0,2.23008806e-06,0.0376972184,0.00855613314,-3.52184338e-06,-0.0377062783,0.00851611141,0,0,0,0,0,0,0,0,0,0,0,0,0,2.16332293,0,0
78,-0.277783096,-0.279677123,0.559553742,-0.27779007,0.277768701,1.77078982e-06,-0.490196079,0.534266174,-0.534266174,-0.496489942,0.534266174,-0.534266174,0,0.0233020317,-0.0237007774,7.11190733e-05,-0,0,0,-0,0,0,-0,0,0.134028345,0.524871528,0.305484772,0.99999994,-2.00275445e-05,2.56702206e-05,-0.0002472575,6.59504407e-09,0.000219623835,0.00987009518,-0.00032762668,9.83824133e-09,1.31186378e-18,0,0,0,0,0,0,0,0,0,0,1.07133553e-06,0.0376975276,0.00855476689,-1.94800123e-06,-0.0377059691,0.00851747859,0,0,0,0,0,0,0,0,0,0,0,0,0,2.17475176,0,0
79,-0.277779043,-0.279591113,0.559378326,-0.277792156,0.277770817,8.17936234e-06,-0.490196079,0.534266174,-0.534266174,-0.496489942,0.534266174,-0.534266174,0,0.0427099392,-0.0407318734,8.61308872e-05,-9.85391213e-11,0,0,-0,0,0,-0,0,0.134013399,0.524875283,0.305689305,1,-2.67015785e-05,1.97026548e-05,-0.000236529289,-2.25799957e-09,-0.000318032398,0.0183568969,0.00206419663,-1.48382089e-08,-4.66124467e-14,0,0,0,0,0,0,0,0,0,0,1.67656481e-06,0.0376977101,0.00855395757,-2.34951767e-06,-0.0377057865,0.00851828698,0,0,0,0,0,0,0,0,0,0,0,0,0,2.18605137,0,0
80,-0.277779043,-0.279424667,0.559045076,-0.277787954,0.277768701,1.77078982e-06,-0.490196079,0.534266174,-0.534266174,-0.496489942,0.534266174,-0.534266174,0,0.0625615641,-0.0634476691,0.000434465474,-2.12519865e-21,0,0,-0,0,0,-0,0,0.13401632,0.524885118,0.306091636,0.99999994,-8.58347084e-06,2.56673884e-05,-0.000247973046,3.82468235e-09,0.000535622356,0.026542509,-0.000451639527,3.22499183e-09,3.52878806e-18,0,0,0,0,0,0,0,0,0,0,2.08507544e-07,0.0376975164,0.00855481997,-1.08498023e-06,-0.037705984,0.00851742458,0,0,0,0,0,0,0,0,0,0,0,0,0,2.19722462,0,0
81,-0.277774662,-0.279226929,0.55864507,-0.27779007,0.277770817,-2.4987803e-06,-0.411764711,0.462614775,-0.462614775,-0.419026881,0.462614775,-0.462614775,0,0.0746736526,-0.0776782632,0.000323200802,-7.0197993e-31,0,1.76484907,-1.76484907,1.76484907,1.76484907,-1.76484907,1.76484907,0.134000391,0.524891615,0.306564361,1,1.58879411e-05,1.97068657e-05,-0.000235575266,-1.91649292e-08,0.00108553038,0.0314675532,-0.00268140971,-4.73400199e-08,-4.29780051e-18,0,0,0,0,0,0,0,0,0,0,-1.45864351e-06,0.0362992026,0.00775068253,8.49140861e-07,-0.036306493,0.00771647459,0,0,0,0,0,0,0,0,0,0,0,0,0,2.20827436,0,0
82,-0.277776837,-0.278975487,0.558129668,-0.277781636,0.277768701,5.98695578e-06,-0.411764711,0.462614775,-0.462614775,-0.419026881,0.462614775,-0.462614775,0,0.0980829671,-0.104083069,0.000254954415,-2.31872857e-40,0,0,-0,0,0,-0,0,0.134009823,0.524911344,0.307169914,1,-1.43053576e-05,2.56630174e-05,-0.000241774615,-9.88048043e-09,0.00187944248,0.0411105864,-0.00574514735,-3.02030045e-08,5.75632052e-18,0,0,0,0,0,0,0,0,0,0,6.4121258e-07,0.0362991095,0.00775113283,-1.43518753e-06,-0.0363065861,0.00771602429,0,0,0,0,0,0,0,0,0,0,0,0,0,2.21920347,0,0
83,-0.277781069,-0.278613806,0.557399094,-0.27779007,0.277775019,3.87887303e-06,-0.411764711,0.462614775,-0.462614775,-0.419026881,0.462614775,-0.462614775,0,0.122107685,-0.11934112,0.00023897615,-0,0,0,-0,0,0,-0,0,0.134013563,0.52490449,0.308032274,1,-2.02612337e-05,7.78600497e-06,-0.000207680278,-8.25523738e-09,-0.000444194797,0.0521953925,0.0030055407,-5.58571429e-08,-1.10570266e-20,0,0,0,0,0,0,0,0,0,0,1.35047117e-06,0.0362996347,0.00774865737,-1.59145611e-06,-0.0363060609,0.00771849975,0,0,0,0,0,0,0,0,0,0,0,0,0,2.23001432,0,0
84,-0.277779043,-0.278239995,0.556677282,-0.27779007,0.277770817,1.77078982e-06,-0.411764711,0.462614775,-0.462614775,-0.419026881,0.462614775,-0.462614775,0,0.137959465,-0.13735646,0.000208904326,-0,0,0,-0,0,0,-0,0,0.134013399,0.524898589,0.308937907,0.99999994,-8.58191743e-06,1.97069312e-05,-0.00024415832,1.68267039e-10,2.3564724e-05,0.0587136857,0.000811909616,-5.79754822e-09,7.61276569e-18,0,0,0,0,0,0,0,0,0,0,3.17904181e-07,0.0362990722,0.00775130559,-9.2758944e-07,-0.0363066234,0.00771585107,0,0,0,0,0,0,0,0,0,0,0,0,0,2.24070978,0,0
85,-0.277781069,-0.277821839,0.555827618,-0.277787954,0.27776441,1.77078982e-06,-0.411764711,0.462614775,-0.462614775,-0.419026881,0.462614775,-0.462614775,0,0.153130874,-0.158205926,0.000314409408,-0,0,0,-0,0,0,-0,0,0.134028286,0.524906933,0.309940308,1,-1.43079005e-05,3.78280856e-05,-0.000231283542,2.56482728e-08,0.00138007291,0.0646052808,-0.004760643,8.84752396e-08,1.75418704e-17,0,0,0,0,0,0,0,0,0,0,4.53055776e-07,0.0362992696,0.00775037101,-1.62334413e-06,-0.0363064259,0.00771678612,0,0,0,0,0,0,0,0,0,0,0,0,0,2.25129175,0,0
86,-0.277776837,-0.27729544,0.554805994,-0.277785838,0.277772903,5.98695578e-06,-0.411764711,0.462614775,-0.462614775,-0.419026881,0.462614775,-0.462614775,0,0.171011031,-0.16829443,0.00043205719,-0,0,0,-0,0,0,-0,0,0.134003982,0.524898529,0.311215401,0.99999994,-1.43030184e-05,1.37413163e-05,-0.000281264452,4.46555459e-09,-0.000849427655,0.072993882,0.00314865797,1.65529155e-08,-9.3213486e-18,0,0,0,0,0,0,0,0,0,0,8.25598704e-07,0.0362984948,0.00775399944,-1.25080135e-06,-0.0363071971,0.00771315675,0,0,0,0,0,0,0,0,0,0,0,0,0,2.2617631,0,0
87,-0.277774662,-0.276807398,0.553817034,-0.277785838,0.27776441,3.87887303e-06,-0.411764711,0.462614775,-0.462614775,-0.419026881,0.462614775,-0.462614775,0,0.183678076,-0.185310736,0.00026351781,-0,0,0,-0,0,0,-0,0,0.134009272,0.524900734,0.312384754,0.99999994,-2.14975876e-06,3.78218829e-05,-0.000263145106,-5.60297697e-10,3.17361046e-05,0.0779253542,-0.00136914279,-2.41720794e-08,-1.7570954e-21,0,0,0,0,0,0,0,0,0,0,-4.29643677e-07,0.0362987779,0.00775268395,-7.40367909e-07,-0.0363069177,0.00771447225,0,0,0,0,0,0,0,0,0,0,0,0,0,2.27212596,0,0
88,-0.277779043,-0.276273102,0.552740753,-0.277777344,0.27776441,3.87887303e-06,-0.333333343,0.390963405,-0.390963405,-0.341563791,0.390963405,-0.390963405,0,0.193871275,-0.191711009,0.000251588965,-0,0,1.72326338,-1.72326338,1.72326338,1.72326338,-1.72326338,1.72326338,0.134022281,0.524903357,0.31367135,0.99999994,-1.45480171e-05,3.78250479e-05,-0.000276170234,-8.79001849e-09,-0.00123098597,0.0826332122,0.00241185492,-1.72221704e-08,-5.25088598e-21,0,0,0,0,0,0,0,0,0,0,4.8679334e-07,0.0348779932,0.00699011376,-1.54159602e-06,-0.0348856933,0.00695158076,0,0,0,0,0,0,0,0,0,0,0,0,0,2.28238249,0,0
89,-0.277774662,-0.275632679,0.55146879,-0.277787954,0.277766496,3.87887303e-06,-0.333333343,0.390963405,-0.390963405,-0.341563791,0.390963405,-0.390963405,0,0.205883995,-0.204642251,0.000155375426,-0,0,0,-0,0,0,-0,0,0.134006351,0.524872422,0.315206975,0.99999994,-2.14805345e-06,3.18615057e-05,-0.000258853455,2.40912517e-08,-0.00136456464,0.087633796,0.00139711902,2.46659955e-08,-2.27140587e-17,0,0,0,0,0,0,0,0,0,0,-2.94930373e-07,0.0348782353,0.00698890584,-5.93491961e-07,-0.0348854549,0.00695278868,0,0,0,0,0,0,0,0,0,0,0,0,0,2.29253483,0,0
90,-0.277779043,-0.275043249,0.550278127,-0.27777943,0.277762294,3.87887303e-06,-0.333333343,0.390963405,-0.390963405,-0.341563791,0.390963405,-0.390963405,0,0.214886621,-0.210912973,0.000321778265,-0,0,0,-0,0,0,-0,0,0.134025201,0.524866283,0.31662488,0.99999994,-1.45492286e-05,4.37855888e-05,-0.00026624414,-1.71762711e-08,-0.00240542716,0.0917449147,0.00429542642,-3.06720587e-08,1.25245299e-20,0,0,0,0,0,0,0,0,0,0,4.03695338e-07,0.0348781347,0.00698942132,-1.62469405e-06,-0.0348855555,0.00695227319,0,0,0,0,0,0,0,0,0,0,0,0,0,2.30258512,0,0
91,-0.277781069,-0.274439335,0.549078763,-0.27779007,0.277770817,3.87887303e-06,-0.333333343,0.390963405,-0.390963405,-0.341563791,0.390963405,-0.390963405,0,0.21870634,-0.219614521,0.000218963192,-0,0,0,-0,0,0,-0,0,0.134019405,0.524821579,0.318072468,0.99999994,-2.0264506e-05,1.97068657e-05,-0.000248124037,-2.76765348e-08,-0.00148920878,0.0928648636,-0.000689217879,1.28089246e-08,-3.18116498e-21,0,0,0,0,0,0,0,0,0,0,1.13856856e-06,0.034878388,0.00698815752,-1.68820304e-06,-0.0348853059,0.00695353746,0,0,0,0,0,0,0,0,0,0,0,0,0,2.31253552,0,0
92,-0.277776837,-0.273733556,0.547650993,-0.277783722,0.277768701,1.77078982e-06,-0.333333343,0.390963405,-0.390963405,-0.341563791,0.390963405,-0.390963405,0,0.226347178,-0.226242676,0.000187149606,-0,0,0,-0,0,0,-0,0,0.134009823,0.52480489,0.319767326,0.99999994,-2.38446364e-06,2.56658896e-05,-0.000243117407,1.15785621e-08,-0.00220244774,0.0962015614,0.000291651435,1.53325064e-09,-1.25441998e-17,0,0,0,0,0,0,0,0,0,0,-1.91920435e-07,0.0348784551,0.00698780827,-5.23747815e-07,-0.0348852351,0.00695388671,0,0,0,0,0,0,0,0,0,0,0,0,0,2.3223877,0,0
93,-0.277783096,-0.273080617,0.546367586,-0.277783722,0.277762294,8.17936234e-06,-0.333333343,0.390963405,-0.390963405,-0.341563791,0.390963405,-0.390963405,0,0.233688653,-0.227422282,9.9238212e-05,-0,0,0,-0,0,0,-0,0,0.134037212,0.524752021,0.321342349,0.99999994,-3.81530444e-05,4.37853269e-05,-0.000274827238,-1.27855117e-07,-0.00425774744,0.0999182612,0.00636560842,-1.91151685e-07,-1.03828484e-21,0,0,0,0,0,0,0,0,0,0,2.05027004e-06,0.0348780118,0.00699002016,-3.27144585e-06,-0.0348856747,0.00695167435,0,0,0,0,0,0,0,0,0,0,0,0,0,2.33214378,0,0
94,-0.277781069,-0.272333622,0.544883847,-0.277781636,0.277766496,8.17936234e-06,-0.262745112,0.3264772,-0.3264772,-0.27184701,0.3264772,-0.3264772,0,0.234640613,-0.24051179,7.52207488e-05,-0,0,1.55083084,-1.55083084,1.55083084,1.55083084,-1.55083084,1.55083084,0.134025365,0.524700761,0.323141038,0.99999994,-3.24283756e-05,3.18625425e-05,-0.000295331323,-2.8427257e-08,-0.00152960338,0.0990963429,-0.00579595612,1.07716247e-07,-4.00414907e-17,0,0,0,0,0,0,0,0,0,0,1.77478546e-06,0.0335812531,0.00633877004,-2.58037676e-06,-0.0335887149,0.00629909523,0,0,0,0,0,0,0,0,0,0,0,0,0,2.3418057,0,0
95,-0.277781069,-0.271661967,0.543545783,-0.277771026,0.27776441,8.17936234e-06,-0.262745112,0.3264772,-0.3264772,-0.27184701,0.3264772,-0.3264772,0,0.23871915,-0.240085974,7.93196523e-05,-0,0,0,-0,0,0,-0,0,0.134028286,0.524660468,0.324761808,0.99999994,-3.24315479e-05,3.78224904e-05,-0.0003326757,-5.83822164e-08,-0.00314140879,0.101266436,-0.00128750422,2.39279121e-08,2.66533492e-17,0,0,0,0,0,0,0,0,0,0,1.69944906e-06,0.0335807763,0.00634127809,-2.65571293e-06,-0.033589188,0.00629658625,0,0,0,0,0,0,0,0,0,0,0,0,0,2.35137534,0,0
96,-0.277774662,-0.270987988,0.542195261,-0.27779007,0.277768701,5.98695578e-06,-0.262745112,0.3264772,-0.3264772,-0.27184701,0.3264772,-0.3264772,0,0.246144027,-0.237267748,5.20281501e-05,-0,0,0,-0,0,0,-0,0,0.134003311,0.524580956,0.326369047,0.99999994,-8.10733582e-06,2.56606545e-05,-0.000275304366,1.11613737e-07,-0.00632196944,0.10542547,0.00892830733,1.57628364e-07,-1.31687749e-17,0,0,0,0,0,0,0,0,0,0,2.19770854e-07,0.0335815065,0.00633742521,-8.68419136e-07,-0.0335884653,0.00630044052,0,0,0,0,0,0,0,0,0,0,0,0,0,2.36085391,0,0
97,-0.277783096,-0.270310521,0.540801585,-0.277781636,0.277777225,3.87887303e-06,-0.262745112,0.3264772,-0.3264772,-0.27184701,0.3264772,-0.3264772,0,0.2386401,-0.247437626,4.5078792e-05,-0,0,0,-0,0,0,-0,0,0.134016529,0.524536788,0.327989697,0.99999994,-2.59820499e-05,1.58845842e-06,-0.000244309282,-5.95428773e-08,-0.00198285794,0.100457549,-0.00875244755,2.62825637e-07,-1.37343009e-17,0,0,0,0,0,0,0,0,0,0,1.72503269e-06,0.0335818976,0.00633534323,-1.76534263e-06,-0.0335880741,0.00630252296,0,0,0,0,0,0,0,0,0,0,0,0,0,2.37024379,0,0
98,-0.277774662,-0.269520074,0.539264202,-0.277775258,0.27776441,3.87887303e-06,-0.262745112,0.3264772,-0.3264772,-0.27184701,0.3264772,-0.3264772,0,0.24601391,-0.244384199,5.13877749e-05,-0,0,0,-0,0,0,-0,0,0.134009272,0.524449468,0.329903424,0.99999994,-2.152055e-06,3.78206823e-05,-0.000323854416,9.35456015e-08,-0.00529856281,0.104609795,0.00168109802,2.9679617e-08,2.71271467e-17,0,0,0,0,0,0,0,0,0,0,-3.34250785e-07,0.0335808918,0.00634068577,-6.21712331e-07,-0.0335890763,0.00629717903,0,0,0,0,0,0,0,0,0,0,0,0,0,2.37954617,0,0
99,-0.277781069,-0.268815398,0.537861347,-0.277781636,0.277768701,3.87887303e-06,-0.192156866,0.261990964,-0.261990964,-0.202130228,0.261990964,-0.261990964,0,0.242842197,-0.244337216,3.51127892e-05,-0,0,1.58886671,-1.58886671,1.58886671,1.58886671,-1.58886671,1.58886671,0.134022325,0.524350584,0.331593245,0.99999994,-2.02677038e-05,2.56672174e-05,-0.000315119658,-8.98426364e-08,-0.00483421935,0.102929674,-0.00145990576,2.71319465e-08,1.35618429e-17,0,0,0,0,0,0,0,0,0,0,1.01494754e-06,0.0322683863,0.00572051946,-1.60032437e-06,-0.0322755687,0.00567984162,0,0,0,0,0,0,0,0,0,0,0,0,0,2.38876271,0,0
100,-0.277779043,-0.268114567,0.53644979,-0.277787954,0.277775019,3.87887303e-06,-0.192156866,0.261990964,-0.261990964,-0.202130228,0.261990964,-0.261990964,0,0.244007528,-0.246136442,3.18275088e-05,-0,0,0,-0,0,0,-0,0,0.134007558,0.524258852,0.333268791,0.99999994,-1.45397753e-05,7.78425783e-06,-0.000283171597,-3.64526294e-08,-0.00510495808,0.103339054,-0.00209708652,1.49745247e-08,-1.36615951e-17,0,0,0,0,0,0,0,0,0,0,8.49522166e-07,0.0322687514,0.00571845798,-1.02710271e-06,-0.0322752073,0.00568190357,0,0,0,0,0,0,0,0,0,0,0,0,0,2.39789534,0,0
101,-0.277783096,-0.26732254,0.53487736,-0.277781636,0.277762294,3.87887303e-06,-0.192156866,0.261990964,-0.261990964,-0.202130228,0.261990964,-0.261990964,0,0.248788312,-0.244386345,2.12446705e-09,-0,0,0,-0,0,0,-0,0,0.134037197,0.524151504,0.33517611,0.99999994,-2.59955632e-05,4.37888411e-05,-0.000317503611,-2.22061487e-07,-0.00739494665,0.105989739,0.00440196926,-1.32185917e-07,8.06173138e-28,0,0,0,0,0,0,0,0,0,0,1.1776566e-06,0.0322683565,0.00572067359,-2.17626211e-06,-0.0322755985,0.00567968749,0,0,0,0,0,0,0,0,0,0,0,0,0,2.40694499,0,0
102,-0.277781069,-0.26662603,0.533511281,-0.277785838,0.277766496,1.77078982e-06,-0.192156866,0.261990964,-0.261990964,-0.202130228,0.261990964,-0.261990964,0,0.250307351,-0.247432917,7.01738518e-19,-0,0,0,-0,0,0,-0,0,0.13402535,0.524033785,0.336852163,0.99999994,-1.43101051e-05,3.18681014e-05,-0.000343729713,-1.38516228e-07,-0.00745323021,0.106456056,0.00287443399,-5.3420564e-08,1.37352861e-17,0,0,0,0,0,0,0,0,0,0,5.59559908e-07,0.0322680585,0.00572236581,-1.2862879e-06,-0.0322758965,0.00567799481,0,0,0,0,0,0,0,0,0,0,0,0,0,2.41591382,0,0
103,-0.277776837,-0.265838683,0.531938195,-0.277781636,0.277768701,5.98695578e-06,-0.192156866,0.261990964,-0.261990964,-0.202130228,0.261990964,-0.261990964,0,0.246878967,-0.252478331,1.51344345e-29,-0,0,0,-0,0,0,-0,0,0.134009823,0.523918748,0.33874315,0.99999994,-1.43083353e-05,2.56607473e-05,-0.000357797049,2.95404021e-08,-0.00561910821,0.104125656,-0.00559936464,-2.94366078e-08,1.40153628e-17,0,0,0,0,0,0,0,0,0,0,6.30323882e-07,0.0322678983,0.00572327385,-1.21552421e-06,-0.032276053,0.0056770863,0,0,0,0,0,0,0,0,0,0,0,0,0,2.42480278,0,0
104,-0.277783096,-0.265139908,0.530514121,-0.277783722,0.277770817,3.87887303e-06,-0.192156866,0.261990964,-0.261990964,-0.202130228,0.261990964,-0.261990964,0,0.250367016,-0.251636654,4.99909584e-39,-0,0,0,-0,0,0,-0,0,0.13402538,0.523805499,0.340409845,0.99999994,-2.5987858e-05,1.97085537e-05,-0.000314404286,-2.18219412e-07,-0.00726700062,0.106007628,-0.00126963854,3.81257408e-08,1.39686404e-17,0,0,0,0,0,0,0,0,0,0,1.45218155e-06,0.0322683938,0.00572047336,-1.90173716e-06,-0.0322755612,0.00567988772,0,0,0,0,0,0,0,0,0,0,0,0,0,2.4336133,0,0
105,-0.277781069,-0.264449894,0.529102862,-0.277792156,0.277766496,-3.90697124e-07,-0.192156866,0.261990964,-0.261990964,-0.202130228,0.261990964,-0.261990964,0,0.248953089,-0.247028127,0,-0,0,0,-0,0,0,-0,0,0.13402535,0.523686647,0.342050105,0.99999994,-8.19554589e-06,3.18691891e-05,-0.000246454729,-1.57382033e-07,-0.00846835412,0.105696902,0.00192496181,-3.57748853e-08,0,0,0,0,0,0,0,0,0,0,0,1.65122685e-07,0.0322691686,0.00571608823,-8.91809407e-07,-0.0322747901,0.00568427378,0,0,0,0,0,0,0,0,0,0,0,0,0,2.44234705,0,0
106,-0.277779043,-0.263645262,0.527512193,-0.277787954,0.277770817,3.87887303e-06,-0.192156866,0.261990964,-0.261990964,-0.202130228,0.261990964,-0.261990964,0,0.251609504,-0.2537705,0,-0,0,0,-0,0,0,-0,0,0.134013399,0.523536325,0.343985647,0.99999994,-1.45431786e-05,1.97051759e-05,-0.000284602196,-5.69367558e-08,-0.00797362905,0.106376998,-0.0021609962,1.54308797e-08,-1.40870926e-17,0,0,0,0,0,0,0,0,0,0,7.13619102e-07,0.0322687328,0.00571855018,-1.16300578e-06,-0.0322752222,0.00568181137,0,0,0,0,0,0,0,0,0,0,0,0,0,2.45100498,0,0
107,-0.277783096,-0.262927502,0.526075363,-0.27777952,0.277768701,-3.90697124e-07,-0.192156866,0.261990964,-0.261990964,-0.202130228,0.261990964,-0.261990964,0,0.255476922,-0.253487349,0,-0,0,0,-0,0,0,-0,0,0.134028301,0.5234043,0.345709264,0.99999994,-1.39176054e-05,2.56726853e-05,-0.000306536123,-2.89049638e-07,-0.00962574128,0.108393714,0.00198957324,-5.97445293e-08,0,0,0,0,0,0,0,0,0,0,0,6.05062894e-07,0.0322684832,0.00571996579,-1.19051606e-06,-0.0322754718,0.00568039529,0,0,0,0,0,0,0,0,0,0,0,0,0,2.45958877,0,0
108,-0.277781069,-0.26221016,0.524664104,-0.277790129,0.277766496,5.98695578e-06,-0.192156866,0.261990964,-0.261990964,-0.202130228,0.261990964,-0.261990964,0,0.248419538,-0.248499349,0,-0,0,0,-0,0,0,-0,0,0.134025335,0.523233294,0.347427487,0.99999994,-2.62299473e-05,3.18642633e-05,-0.000309636234,-1.72123279e-07,-0.00926154573,0.105161496,-7.98106194e-05,1.48325829e-09,0,0,0,0,0,0,0,0,0,0,0,1.32899117e-06,0.0322684459,0.00572016556,-2.05570473e-06,-0.0322755091,0.00568019552,0,0,0,0,0,0,0,0,0,0,0,0,0,2.46809959,0,0
109,-0.277776837,-0.26140362,0.523068726,-0.277785838,0.277766496,8.17936234e-06,-0.0745098069,0.154513925,-0.154513925,-0.0859356076,0.154513925,-0.154513925,0,0.248271644,-0.257793307,0,-0,0,2.55753016,-2.55753016,2.55753016,2.55753016,-2.55753016,2.55753016,0.134012863,0.523060262,0.349365413,0.99999994,-2.05090855e-05,3.18576931e-05,-0.000346830115,3.82434315e-08,-0.00727457879,0.104113132,-0.00952166319,-5.00566557e-08,-1.43104033e-17,0,0,0,0,0,0,0,0,0,0,9.29620739e-07,0.0300467703,0.00476454105,-1.53424878e-06,-0.0300533511,0.00472285226,0,0,0,0,0,0,0,0,0,0,0,0,0,2.47653842,0,0
110,-0.277781069,-0.260692179,0.521649718,-0.277781636,0.277768701,5.98695578e-06,-0.0745098069,0.154513925,-0.154513925,-0.0859356076,0.154513925,-0.154513925,0,0.254665405,-0.249992564,1.36635379e-06,-0,0,0,-0,0,0,-0,0,0.134022295,0.522899747,0.35107106,0.99999994,-2.62294288e-05,2.56649637e-05,-0.000364234031,-2.16670159e-07,-0.0116585083,0.108194537,0.00467420649,-8.68688375e-08,1.38773585e-17,0,0,0,0,0,0,0,0,0,0,1.33224603e-06,0.0300466046,0.00476558693,-1.81941459e-06,-0.030053515,0.00472180592,0,0,0,0,0,0,0,0,0,0,0,0,0,2.48490667,0,0
111,-0.277776837,-0.259989172,0.520233393,-0.277792156,0.27776441,3.87887303e-06,-0.0745098069,0.154513925,-0.154513925,-0.0859356076,0.154513925,-0.154513925,0,0.254526019,-0.251414061,4.5132393e-16,-0,0,0,-0,0,0,-0,0,0.134015784,0.522726297,0.352743536,0.99999994,-8.35078754e-06,3.78227414e-05,-0.000319888495,6.13722335e-08,-0.0116740875,0.107937321,0.0031119585,1.63599818e-08,4.18688518e-17,0,0,0,0,0,0,0,0,0,0,1.42291654e-07,0.0300470274,0.00476292195,-8.60020975e-07,-0.0300530959,0.00472447136,0,0,0,0,0,0,0,0,0,0,0,0,0,2.49320555,0,0
112,-0.277781069,-0.259201944,0.518621802,-0.277785838,0.277770817,5.98695578e-06,-0.0745098069,0.154513925,-0.154513925,-0.0859356076,0.154513925,-0.154513925,0,0.249831587,-0.25509125,9.73372775e-27,-0,3.9028291e-11,0,-0,0,0,-0,0,0.134019375,0.522553146,0.354618639,0.99999994,-2.62257036e-05,1.97051031e-05,-0.000285317452,-1.81427595e-07,-0.00976218935,0.10506805,-0.00525966287,9.77494068e-08,-3.90282841e-11,0,0,0,0,0,0,0,0,0,0,1.38880932e-06,0.0300473552,0.00476084463,-1.76285141e-06,-0.0300527699,0.00472654914,0,0,0,0,0,0,0,0,0,0,0,0,0,2.501436,0,0
113,-0.277783096,-0.258494973,0.517197788,-0.277790129,0.277772903,1.77078982e-06,-0.0745098069,0.154513925,-0.154513925,-0.0859356076,0.154513925,-0.154513925,0,0.249067545,-0.252666563,3.21517328e-36,-0,1.28915404e-20,0,-0,0,0,-0,0,0.134022415,0.522368312,0.356302679,0.99999994,-2.00247559e-05,1.37494071e-05,-0.000258852699,-3.1775582e-07,-0.0105816973,0.104865693,-0.00359901786,1.08074246e-07,1.4012921e-17,0,0,0,0,0,0,0,0,0,0,1.0727814e-06,0.0300476085,0.0047592544,-1.33377182e-06,-0.0300525203,0.00472813984,0,0,0,0,0,0,0,0,0,0,0,0,0,2.50959921,0,0
114,-0.277787477,-0.257787764,0.515782475,-0.277790129,0.277768701,5.98695578e-06,-0.0745098069,0.154513925,-0.154513925,-0.0859356076,0.154513925,-0.154513925,0,0.246256724,-0.246653453,1.40129846e-45,-0,4.25823938e-30,0,-0,0,0,-0,0,0.134041205,0.522176981,0.357991636,0.99999994,-4.43465069e-05,2.56704461e-05,-0.00025766046,-6.4156518e-07,-0.0117021939,0.103951529,-0.000396728516,2.17503828e-08,-1.36920171e-17,0,0,0,0,0,0,0,0,0,0,2.42117926e-06,0.0300476197,0.00475918269,-2.90848743e-06,-0.0300525092,0.00472821156,0,0,0,0,0,0,0,0,0,0,0,0,0,2.51769638,0,0
115,-0.277781069,-0.256976217,0.514178336,-0.277787954,0.277772903,8.17936234e-06,-0.0745098069,0.154513925,-0.154513925,-0.0859356076,0.154513925,-0.154513925,0,0.24989447,-0.252298892,0.000728005078,-0,9.18382988e-41,0,-0,0,0,-0,0,0.134016439,0.521952569,0.359935611,0.99999994,-3.24229586e-05,1.37427969e-05,-0.00029056269,-2.18219157e-07,-0.0117418561,0.105304047,-0.00167641649,3.11557393e-08,1.21158267e-20,0,0,0,0,0,0,0,0,0,0,1.81791131e-06,0.0300473068,0.00476115989,-2.07885682e-06,-0.0300528202,0.00472623389,0,0,0,0,0,0,0,0,0,0,0,0,0,2.5257287,0,0
116,-0.27778545,-0.256260067,0.512761354,-0.27777943,0.277766496,3.87887303e-06,-0.0745098069,0.154513925,-0.154513925,-0.0859356076,0.154513925,-0.154513925,0,0.254811198,-0.250449806,0.000492629304,-0,0,0,-0,0,0,-0,0,0.134038255,0.521749198,0.361653626,0.99999994,-3.26681002e-05,3.18702332e-05,-0.000336338533,-6.16724947e-07,-0.0142167201,0.107978731,0.0048540202,-2.10568643e-07,-4.01383479e-20,0,0,0,0,0,0,0,0,0,0,1.66024313e-06,0.0300468709,0.00476391055,-2.2651825e-06,-0.0300532524,0.00472348277,0,0,0,0,0,0,0,0,0,0,0,0,0,2.53369689,0,0
117,-0.277781069,-0.255559176,0.511336267,-0.277787954,0.277770817,5.98695578e-06,-0.0745098069,0.154513925,-0.154513925,-0.0859356076,0.154513925,-0.154513925,0,0.251072407,-0.248450965,0.000421927107,-0,0,0,-0,0,0,-0,0,0.134019345,0.521542668,0.363313824,0.99999994,-2.62255853e-05,1.97051486e-05,-0.000279356987,-2.60173863e-07,-0.0139993383,0.106168583,0.00304336916,-5.65601788e-08,1.58736638e-20,0,0,0,0,0,0,0,0,0,0,1.38881035e-06,0.030047413,0.00476048654,-1.76285039e-06,-0.030052714,0.0047269077,0,0,0,0,0,0,0,0,0,0,0,0,0,2.5416019,0,0
118,-0.277779043,-0.254848003,0.509948671,-0.277781546,0.277770817,3.87887303e-06,0.0431372561,0.0470368788,-0.0470368788,0.0302590169,0.0470368788,-0.0470368788,0,0.244215295,-0.251961052,0.00112253358,-0,0,2.57081389,-2.57081389,2.57081389,2.57081389,-2.57081389,2.57081389,0.134013385,0.521320999,0.36502257,0.99999994,-1.45444001e-05,1.97047175e-05,-0.000346591027,-8.03625468e-08,-0.0112542612,0.102259412,-0.00662322389,4.72940087e-08,-1.39801365e-17,0,0,0,0,0,0,0,0,0,0,6.549555e-07,0.0277869496,0.00390141062,-9.61020305e-07,-0.0277923308,0.0038628839,0,0,0,0,0,0,0,0,0,0,0,0,0,2.54944515,0,0
119,-0.277783096,-0.254070193,0.508341134,-0.277781546,0.277768701,8.17936234e-06,0.0431372561,0.0470368788,-0.0470368788,0.0302590169,0.0470368788,-0.0470368788,0,0.251289517,-0.253592789,0.0012982206,-0,0,0,-0,0,0,-0,0,0.134028226,0.521093786,0.366860956,0.99999994,-3.81480204e-05,2.56655294e-05,-0.000273158163,-4.05509695e-07,-0.013504019,0.105739675,-0.00100505189,3.01805194e-08,-1.40554116e-17,0,0,0,0,0,0,0,0,0,0,1.9204947e-06,0.0277875215,0.00389732956,-2.31920603e-06,-0.0277917627,0.00386696565,0,0,0,0,0,0,0,0,0,0,0,0,0,2.55722737,0,0
120,-0.277781069,-0.253364742,0.506932914,-0.277785748,0.27776441,3.87887303e-06,0.0431372561,0.0470368788,-0.0470368788,0.0302590169,0.0470368788,-0.0470368788,0,0.253009915,-0.250746667,0.000692663831,-0,0,0,-0,0,0,-0,0,0.134028211,0.520858407,0.368539095,0.99999994,-2.02696428e-05,3.78266486e-05,-0.000265051785,-2.84278627e-07,-0.0152963605,0.106801473,0.00295591168,-5.49348051e-08,1.38388433e-17,0,0,0,0,0,0,0,0,0,0,8.322761e-07,0.0277875848,0.00389687903,-1.41975408e-06,-0.0277917013,0.00386741618,0,0,0,0,0,0,0,0,0,0,0,0,0,2.56494927,0,0
121,-0.277774662,-0.252560288,0.505325079,-0.277781636,0.27776441,8.17936234e-06,0.0431372561,0.0470368788,-0.0470368788,0.0302590169,0.0470368788,-0.0470368788,0,0.246995315,-0.251309246,0.000262660295,-0,0,0,-0,0,0,-0,0,0.134009346,0.520598114,0.37045604,0.99999994,-1.4309674e-05,3.78182049e-05,-0.000278165942,2.42929275e-07,-0.0137598785,0.103503026,-0.00405127043,-7.15247737e-08,2.0076768e-21,0,0,0,0,0,0,0,0,0,0,5.01074226e-07,0.0277874824,0.00389760779,-1.08839947e-06,-0.0277918018,0.00386668742,0,0,0,0,0,0,0,0,0,0,0,0,0,2.57261229,0,0
122,-0.277781069,-0.25184381,0.503895581,-0.277775258,0.277768701,3.87887303e-06,0.0431372561,0.0470368788,-0.0470368788,0.0302590169,0.0470368788,-0.0470368788,0,0.256893486,-0.25382176,0.00024579739,-0,0,0,-0,0,0,-0,0,0.134022251,0.520352483,0.372164637,0.99999994,-2.02673473e-05,2.56672411e-05,-0.000301203952,-3.10782127e-07,-0.01672245,0.108339086,0.00331752282,-6.16552427e-08,1.40808507e-17,0,0,0,0,0,0,0,0,0,0,9.26679661e-07,0.0277873036,0.00389888813,-1.32535058e-06,-0.0277919807,0.00386540685,0,0,0,0,0,0,0,0,0,0,0,0,0,2.58021688,0,0
123,-0.27778545,-0.251125962,0.502462089,-0.277787954,0.27776441,1.77078982e-06,0.113725491,-0.0174493454,0.0174493454,0.0999757946,-0.0174493454,0.0174493454,0,0.253264427,-0.250965923,0.000217289431,-0,0,1.58569908,-1.58569908,1.58569908,1.58569908,-1.58569908,1.58569908,0.134041101,0.520075083,0.373864233,0.99999994,-2.670707e-05,3.78315708e-05,-0.000268388947,-7.25812527e-07,-0.0167314019,0.106668472,0.00251579355,-1.09135769e-07,1.87290606e-20,0,0,0,0,0,0,0,0,0,0,1.15231433e-06,0.0264147595,0.00342561631,-1.66865209e-06,-0.0264184233,0.00339725637,0,0,0,0,0,0,0,0,0,0,0,0,0,2.58776402,0,0
124,-0.277781069,-0.250316948,0.500862002,-0.277775258,0.277768701,8.17936234e-06,0.113725491,-0.0174493454,0.0174493454,0.0999757946,-0.0174493454,0.0174493454,0,0.251633584,-0.256319165,0.000170874977,-0,0,0,-0,0,0,-0,0,0.134022236,0.519792259,0.375798047,0.99999994,-3.24274224e-05,2.56631847e-05,-0.000329576083,-2.84287438e-07,-0.0152968327,0.105206728,-0.00451470586,8.39045597e-08,-1.42067112e-17,0,0,0,0,0,0,0,0,0,0,1.53762767e-06,0.0264143404,0.00342884869,-1.88796685e-06,-0.0264188386,0.00339402352,0,0,0,0,0,0,0,0,0,0,0,0,0,2.59525466,0,0
125,-0.277783096,-0.249609575,0.499446034,-0.277785838,0.277766496,3.87887303e-06,0.113725491,-0.0174493454,0.0174493454,0.0999757946,-0.0174493454,0.0174493454,0,0.253091842,-0.252461731,0.000143605954,-0,0,0,-0,0,0,-0,0,0.134031221,0.51951021,0.377470821,0.99999994,-2.59911558e-05,3.18678321e-05,-0.000297953346,-5.16693319e-07,-0.0172065832,0.106279612,0.000773716427,-2.32337882e-08,-1.4005488e-17,0,0,0,0,0,0,0,0,0,0,1.15521095e-06,0.0264145583,0.00342717813,-1.59017702e-06,-0.0264186244,0.00339569431,0,0,0,0,0,0,0,0,0,0,0,0,0,2.60268974,0,0
126,-0.277783096,-0.248916849,0.498059422,-0.277785838,0.277770817,5.98695578e-06,0.113725491,-0.0174493454,0.0174493454,0.0999757946,-0.0174493454,0.0174493454,0,0.254155248,-0.248170942,0.000108374741,-0,0,0,-0,0,0,-0,0,0.134025246,0.519243419,0.379113704,0.99999994,-3.19479659e-05,1.97067147e-05,-0.00029628459,-5.73426746e-07,-0.0190958828,0.107188903,0.00609268108,-1.82956001e-07,1.37717251e-17,0,0,0,0,0,0,0,0,0,0,1.55308339e-06,0.0264145695,0.00342708989,-1.82212534e-06,-0.0264186114,0.00339578255,0,0,0,0,0,0,0,0,0,0,0,0,0,2.61006975,0,0
127,-0.277781069,-0.248120338,0.496450186,-0.277785838,0.277768701,5.98695578e-06,0.113725491,-0.0174493454,0.0174493454,0.0999757946,-0.0174493454,0.0174493454,0,0.256443143,-0.256078333,9.38687226e-05,-0,0,0,-0,0,0,-0,0,0.134022221,0.518936396,0.38099727,0.99999994,-2.62270969e-05,2.56656585e-05,-0.000273396552,-3.39644856e-07,-0.0182754844,0.107505023,0.000458678958,-8.52442206e-09,-1.42137373e-17,0,0,0,0,0,0,0,0,0,0,1.21012806e-06,0.0264147259,0.0034258808,-1.56045292e-06,-0.0264184568,0.00339699187,0,0,0,0,0,0,0,0,0,0,0,0,0,2.61739588,0,0
128,-0.277776837,-0.24741523,0.495029509,-0.27777943,0.277768701,3.87887303e-06,0.113725491,-0.0174493454,0.0174493454,0.0999757946,-0.0174493454,0.0174493454,0,0.249730855,-0.255350173,9.58190212e-05,-0,0,0,-0,0,0,-0,0,0.134009853,0.518666625,0.382668197,0.99999994,-8.34579077e-06,2.56639833e-05,-0.000276734587,8.75663062e-08,-0.0166566633,0.104023501,-0.00552349817,-2.90377677e-08,-2.83456333e-17,0,0,0,0,0,0,0,0,0,0,2.65441628e-07,0.0264147036,0.00342605705,-6.15677379e-07,-0.0264184792,0.00339681562,0,0,0,0,0,0,0,0,0,0,0,0,0,2.6246686,0,0
129,-0.277781069,-0.246691898,0.493617952,-0.277781636,0.277762294,-3.90697124e-07,0.192156866,-0.089100711,0.089100711,0.17743887,-0.089100711,0.089100711,0,0.251333714,-0.248849317,7.57793459e-05,-0,0,1.76530683,-1.76530683,1.76530683,1.76530683,-1.76530683,1.76530683,0.134031087,0.518345296,0.384389073,0.99999994,-8.20170953e-06,4.37908857e-05,-0.000320125953,-3.59018088e-07,-0.0193179138,0.105426304,0.00256017549,-4.75801549e-08,1.95130311e-21,0,0,0,0,0,0,0,0,0,0,1.50789703e-07,0.0248756334,0.00294546015,-6.63967796e-07,-0.0248793848,0.00291360449,0,0,0,0,0,0,0,0,0,0,0,0,0,2.63188887,0,0
130,-0.27778545,-0.245892346,0.49199757,-0.277775347,0.277768701,8.17936234e-06,0.192156866,-0.089100711,0.089100711,0.17743887,-0.089100711,0.089100711,0,0.252141178,-0.255455822,1.15968157e-06,-0,0,0,-0,0,0,-0,0,0.134035051,0.518019199,0.386277854,0.99999994,-4.48246319e-05,2.56673029e-05,-0.000307879673,-7.96169957e-07,-0.0183532797,0.105091929,-0.00331348437,1.43739797e-07,-1.41806997e-17,0,0,0,0,0,0,0,0,0,0,2.07939024e-06,0.0248757061,0.00294485106,-2.38032476e-06,-0.0248793121,0.00291421381,0,0,0,0,0,0,0,0,0,0,0,0,0,2.6390574,0,0
131,-0.277781069,-0.245166913,0.490577579,-0.277777344,0.277775019,3.87887303e-06,0.192156866,-0.089100711,0.089100711,0.17743887,-0.089100711,0.089100711,0,0.252329439,-0.251186907,3.83057521e-16,-0,0,0,-0,0,0,-0,0,0.134013429,0.517690718,0.387999952,0.99999994,-2.02623087e-05,7.78577305e-06,-0.000345788198,-3.70988431e-07,-0.019962009,0.105535768,0.00114253163,-2.12336353e-08,-1.64048153e-33,0,0,0,0,0,0,0,0,0,0,9.62359309e-07,0.0248754825,0.00294673699,-1.0536761e-06,-0.0248795338,0.00291232741,0,0,0,0,0,0,0,0,0,0,0,0,0,2.64617491,0,0
132,-0.277783096,-0.244471505,0.489162624,-0.277781636,0.277768701,1.77078982e-06,0.192156866,-0.089100711,0.089100711,0.17743887,-0.089100711,0.089100711,0,0.250475407,-0.245078713,1.26528741e-25,-0,0,0,-0,0,0,-0,0,0.134028107,0.517383575,0.389633089,0.99999994,-2.00288887e-05,2.56707444e-05,-0.000299622159,-6.40741632e-07,-0.0213375594,0.105108343,0.00539669394,-1.62056324e-07,-1.36046015e-17,0,0,0,0,0,0,0,0,0,0,8.4571343e-07,0.0248757545,0.00294444012,-1.1465969e-06,-0.0248792656,0.00291462452,0,0,0,0,0,0,0,0,0,0,0,0,0,2.65324187,0,0
133,-0.277787477,-0.243680805,0.487605691,-0.277785838,0.277768701,-3.90697124e-07,0.192156866,-0.089100711,0.089100711,0.17743887,-0.089100711,0.089100711,0,0.244787872,-0.25026539,2.72885249e-36,-0,0,0,-0,0,0,-0,0,0.134040922,0.517004311,0.391503513,0.99999994,-2.63157744e-05,2.56769345e-05,-0.000322271429,-1.01467697e-06,-0.0185077805,0.101560205,-0.00547751784,3.00301338e-07,-1.38925199e-17,0,0,0,0,0,0,0,0,0,0,1.15843773e-06,0.0248756204,0.00294556702,-1.45942283e-06,-0.024879396,0.00291349762,0,0,0,0,0,0,0,0,0,0,0,0,0,2.66025949,0,0
134,-0.277774662,-0.242983028,0.48617658,-0.277781636,0.277770817,1.77078982e-06,0.192156866,-0.089100711,0.089100711,0.17743887,-0.089100711,0.089100711,0,0.246609241,-0.251320899,1.5583989e-11,-0,0,0,-0,0,0,-0,0,0.13400054,0.516709208,0.393141657,0.99999994,3.81500831e-06,1.97033132e-05,-0.00028674808,3.40059415e-07,-0.0192614757,0.102316216,-0.00471165776,-8.3183842e-08,-2.078232e-28,0,0,0,0,0,0,0,0,0,0,-3.05533547e-07,0.024875829,0.0029437996,7.46603561e-08,-0.0248791892,0.00291526527,0,0,0,0,0,0,0,0,0,0,0,0,0,2.66722822,0,0
135,-0.277779043,-0.242291406,0.484752864,-0.277785838,0.277768701,5.98695578e-06,0.192156866,-0.089100711,0.089100711,0.17743887,-0.089100711,0.089100711,0,0.250961334,-0.246232972,-6.8135043e-05,-0,0,0,-0,0,0,-0,0,0.134016261,0.516388774,0.39475733,1,-2.05036195e-05,2.56648382e-05,-0.000217606765,-1.60671561e-07,-0.0225010272,0.10498368,0.00466022687,-3.32769687e-08,-4.14422818e-21,0,0,0,0,0,0,0,0,0,0,8.69482164e-07,0.0248762369,0.00294035976,-1.17027844e-06,-0.0248787869,0.00291870558,0,0,0,0,0,0,0,0,0,0,0,0,0,2.67414856,0,0
136,-0.277779043,-0.24148941,0.483170629,-0.277787954,0.277768701,1.77078982e-06,0.262745112,-0.153586939,0.153586939,0.247155651,-0.153586939,0.153586939,0,0.253703743,-0.250562966,-2.9933567e-13,-0,0,1.53381848,-1.53381848,1.53381848,1.53381848,-1.53381848,1.53381848,0.134016261,0.51598829,0.396650165,1,-8.58332805e-06,2.56673975e-05,-0.000242401991,-1.62732604e-07,-0.0227896627,0.105875462,0.00314077735,-2.24271375e-08,1.39090387e-17,0,0,0,0,0,0,0,0,0,0,2.72753539e-07,0.0234799664,0.00254450715,-5.32849356e-07,-0.0234824233,0.00252173957,0,0,0,0,0,0,0,0,0,0,0,0,0,2.68102145,0,0
137,-0.277787477,-0.240774676,0.481741518,-0.27777952,0.277768701,5.98695578e-06,0.262745112,-0.153586939,0.153586939,0.247155651,-0.153586939,0.153586939,-5.78009824e-19,0.25619325,-0.253063232,-9.88743428e-23,-0,0,0,-0,0,0,-0,0,0.134040847,0.51564002,0.398335993,0.99999994,-4.43467361e-05,2.56705425e-05,-0.000266720366,-1.2847056e-06,-0.0234331209,0.106819704,0.00313001871,-1.71601229e-07,-1.46258403e-17,0,0,0,0,0,0,0,0,0,0,1.95219422e-06,0.0234798435,0.00254564919,-2.21242067e-06,-0.0234825462,0.00252059731,0,0,0,0,0,0,0,0,0,0,0,0,0,2.68784738,0,0
138,-0.277776837,-0.240051687,0.480330259,-0.277783722,0.27776441,1.77078982e-06,0.262745112,-0.153586939,0.153586939,0.247155651,-0.153586939,0.153586939,-6.06724016e-34,0.253822595,-0.248966068,-3.26594384e-32,-0,0,0,-0,0,0,-0,0,0.134015828,0.515263379,0.400042355,0.99999994,-2.38971938e-06,3.78247714e-05,-0.000303914218,1.26723364e-07,-0.0241050292,0.10591393,0.00485652685,2.55314099e-08,-6.06724016e-34,0,0,0,0,0,0,0,0,0,0,-7.99462256e-08,0.0234796535,0.00254739565,-3.03320405e-07,-0.0234827325,0.00251885061,0,0,0,0,0,0,0,0,0,0,0,0,0,2.69462729,0,0
139,-0.277787477,-0.239246234,0.478756785,-0.27777952,0.277768701,8.17936234e-06,0.262745112,-0.153586939,0.153586939,0.247155651,-0.153586939,0.153586939,0,0.24930568,-0.253972381,-7.04853128e-43,-0,0,0,-0,0,0,-0,0,0.134040803,0.514831483,0.401946276,0.99999994,-5.05482385e-05,2.56693256e-05,-0.000368763693,-1.18903574e-06,-0.0216880962,0.102983892,-0.00466670096,2.55848846e-07,0,0,0,0,0,0,0,0,0,0,0,2.24328005e-06,0.023479322,0.00255044107,-2.50356311e-06,-0.0234830603,0.00251580472,0,0,0,0,0,0,0,0,0,0,0,0,0,2.70136118,0,0
140,-0.277783096,-0.238544166,0.477353662,-0.277781636,0.277766496,3.87887303e-06,0.262745112,-0.153586939,0.153586939,0.247155651,-0.153586939,0.153586939,0,0.247347593,-0.251747221,-0,-0,0,0,-0,0,0,-0,0,0.134031057,0.514463425,0.40359205,0.99999994,-2.59932676e-05,3.18681014e-05,-0.000364233711,-6.60187027e-07,-0.0219851173,0.102107026,-0.00439962745,1.32115602e-07,1.3974778e-17,0,0,0,0,0,0,0,0,0,0,1.05866127e-06,0.0234793462,0.00255022827,-1.38166058e-06,-0.0234830361,0.00251601753,0,0,0,0,0,0,0,0,0,0,0,0,0,2.70805025,0,0
141,-0.277781069,-0.237848327,0.475942761,-0.277792156,0.277766496,3.87887303e-06,0.262745112,-0.153586939,0.153586939,0.247155651,-0.153586939,0.153586939,0,0.252322555,-0.246427104,-0,-0,0,0,-0,0,0,-0,0,0.134025171,0.5140872,0.40521124,0.99999994,-2.02694064e-05,3.18661114e-05,-0.000307251845,-4.74744411e-07,-0.0255448725,0.105103448,0.00589545071,-1.09565327e-07,-1.36794522e-17,0,0,0,0,0,0,0,0,0,0,7.89966919e-07,0.0234796368,0.00254755234,-1.1129132e-06,-0.0234827492,0.00251869368,0,0,0,0,0,0,0,0,0,0,0,0,0,2.71469474,0,0
142,-0.27778545,-0.237069935,0.474347353,-0.277787954,0.277770817,5.98695578e-06,0.34117648,-0.225238293,0.225238293,0.324618727,-0.225238293,0.225238293,0,0.249610901,-0.252335846,-0,-0,0,1.6171037,-1.6171037,1.6171037,1.6171037,-1.6171037,1.6171037,0.134031937,0.513682902,0.407025039,0.99999994,-3.86230604e-05,1.9708541e-05,-0.000264574774,-1.01922672e-06,-0.0234951749,0.103014193,-0.00272494555,1.18208838e-07,0,0,0,0,0,0,0,0,0,0,0,1.60871264e-06,0.021917358,0.00214603846,-1.7770667e-06,-0.0219196156,0.00212284201,0,0,0,0,0,0,0,0,0,0,0,0,0,2.72129536,0,0
143,-0.277783096,-0.23636651,0.472931415,-0.277783722,0.277766496,5.98695578e-06,0.34117648,-0.225238293,0.225238293,0.324618727,-0.225238293,0.225238293,0,0.250377953,-0.251141191,-0,-0,0,0,-0,0,0,-0,0,0.134031028,0.513305306,0.408670038,0.99999994,-3.1950527e-05,3.18661223e-05,-0.000263621274,-7.35486879e-07,-0.0244927034,0.103430055,-0.000763237476,2.29191173e-08,0,0,0,0,0,0,0,0,0,0,0,1.26417763e-06,0.0219173618,0.00214599655,-1.53631493e-06,-0.0219196118,0.00212288368,0,0,0,0,0,0,0,0,0,0,0,0,0,2.72785282,0,0
144,-0.277779043,-0.235566705,0.471331954,-0.277785838,0.277766496,8.17936234e-06,0.34117648,-0.225238293,0.225238293,0.324618727,-0.225238293,0.225238293,0,0.250465989,-0.251642257,-0,-0,0,0,-0,0,0,-0,0,0.134019271,0.512855172,0.410537601,0.99999994,-2.67051364e-05,3.18615857e-05,-0.000257899781,-1.77528975e-07,-0.0248617996,0.103312433,-0.00117626786,8.39929637e-09,0,0,0,0,0,0,0,0,0,0,0,1.03426953e-06,0.021917386,0.00214574579,-1.30635499e-06,-0.0219195876,0.00212313468,0,0,0,0,0,0,0,0,0,0,0,0,0,2.73436761,0,0
145,-0.277783096,-0.234855935,0.469907224,-0.277787954,0.277768701,3.87887303e-06,0.34117648,-0.225238293,0.225238293,0.324618727,-0.225238293,0.225238293,0,0.247551009,-0.249649569,-0,-0,0,0,-0,0,0,-0,0,0.134027958,0.512443304,0.412194431,0.99999994,-2.59880126e-05,2.56687472e-05,-0.000247408636,-7.42889142e-07,-0.0247392096,0.101915792,-0.00209856033,6.30172821e-08,0,0,0,0,0,0,0,0,0,0,0,1.02935326e-06,0.0219174307,0.00214528595,-1.24856183e-06,-0.0219195429,0.00212359452,0,0,0,0,0,0,0,0,0,0,0,0,0,2.74083996,0,0
146,-0.277787477,-0.234138608,0.468464971,-0.277783722,0.277766496,3.87887303e-06,0.34117648,-0.225238293,0.225238293,0.324618727,-0.225238293,0.225238293,0,0.249837548,-0.251334965,-0,-0,0,0,-0,0,0,-0,0,0.134043694,0.512031198,0.413867295,0.99999994,-3.83873485e-05,3.18707171e-05,-0.000248600321,-1.40061445e-06,-0.025547307,0.102814734,-0.00149741769,8.20949495e-08,0,0,0,0,0,0,0,0,0,0,0,1.54634506e-06,0.0219174251,0.00214533811,-1.81853113e-06,-0.0219195485,0.00212354236,0,0,0,0,0,0,0,0,0,0,0,0,0,2.74727082,0,0
147,-0.277779043,-0.233342588,0.466899604,-0.277783722,0.277768701,-3.90697124e-07,0.419607848,-0.296889663,0.296889663,0.402081817,-0.296889663,0.296889663,0,0.255663067,-0.24706015,-0,-0,0,1.62117064,-1.62117064,1.62117064,1.62117064,-1.62117064,1.62117064,0.134016231,0.511555016,0.415728867,0.99999994,-2.47299386e-06,2.56690837e-05,-0.000286270835,-2.08922913e-07,-0.0292583201,0.106103502,0.00860291719,-6.14302706e-08,-2.74291867e-17,0,0,0,0,0,0,0,0,0,0,8.94165986e-09,0.020344127,0.00179168209,-1.91714051e-07,-0.0203461666,0.00176838518,0,0,0,0,0,0,0,0,0,0,0,0,0,2.75366068,0,0
148,-0.277783096,-0.232647344,0.465512305,-0.277787954,0.277775019,3.87887303e-06,0.419607848,-0.296889663,0.296889663,0.402081817,-0.296889663,0.296889663,0,0.245461613,-0.247801691,-0,-0,0,0,-0,0,0,-0,0,0.134019166,0.511126161,0.417344987,0.99999994,-2.59838325e-05,7.78748108e-06,-0.000278879976,-7.72507974e-07,-0.0257255565,0.100708716,-0.00234007835,7.02697847e-08,-1.37557572e-17,0,0,0,0,0,0,0,0,0,0,1.02945182e-06,0.020344153,0.00179138139,-1.08495135e-06,-0.0203461386,0.00176868599,0,0,0,0,0,0,0,0,0,0,0,0,0,2.76001,0,0
149,-0.277783096,-0.231870726,0.463946581,-0.277785838,0.277772903,-3.90697124e-07,0.419607848,-0.296889663,0.296889663,0.402081817,-0.296889663,0.296889663,0,0.24790366,-0.250233412,-0,-0,0,0,-0,0,0,-0,0,0.134022072,0.510659158,0.41914764,0.99999994,-1.39134108e-05,1.37511233e-05,-0.000267197262,-7.93893321e-07,-0.0264377166,0.101596192,-0.00232975185,6.99596896e-08,-1.38907448e-17,0,0,0,0,0,0,0,0,0,0,5.17023125e-07,0.0203441959,0.00179090607,-6.14959504e-07,-0.0203460976,0.00176916132,0,0,0,0,0,0,0,0,0,0,0,0,0,2.76631904,0,0
150,-0.277779043,-0.231183246,0.462555587,-0.27777952,0.277770817,5.98695578e-06,0.419607848,-0.296889663,0.296889663,0.402081817,-0.296889663,0.296889663,0,0.243861079,-0.243654191,-0,-0,0,0,-0,0,0,-0,0,0.134013295,0.51025039,0.42074275,0.99999994,-2.05032065e-05,1.97037753e-05,-0.000262429385,-1.9313245e-07,-0.0270469673,0.100084759,0.000206887722,-1.47730916e-09,0,0,0,0,0,0,0,0,0,0,0,7.63905234e-07,0.0203442127,0.00179071201,-9.0423714e-07,-0.0203460809,0.00176935538,0,0,0,0,0,0,0,0,0,0,0,0,0,2.77258873,0,0
151,-0.277781069,-0.230471805,0.461188883,-0.277785838,0.27776441,5.98695578e-06,0.419607848,-0.296889663,0.296889663,0.402081817,-0.296889663,0.296889663,0,0.251407713,-0.248478487,-0,-0,0,0,-0,0,0,-0,0,0.134028003,0.509768128,0.422404915,0.99999994,-2.62323338e-05,3.78246186e-05,-0.000323941378,-5.39079451e-07,-0.0290065873,0.10334032,0.00292922556,-5.44388499e-08,-1.37933269e-17,0,0,0,0,0,0,0,0,0,0,9.32214448e-07,0.0203439929,0.00179321482,-1.20159132e-06,-0.0203462988,0.00176685222,0,0,0,0,0,0,0,0,0,0,0,0,0,2.77881932,0,0
152,-0.277776837,-0.229676381,0.459576607,-0.27777952,0.277766496,1.77078982e-06,0.419607848,-0.296889663,0.296889663,0.402081817,-0.296889663,0.296889663,0,0.252004832,-0.252569407,-0,-0,0,0,-0,0,0,-0,0,0.134012938,0.509279549,0.42424497,0.99999994,-2.38815096e-06,3.18642487e-05,-0.000311543583,1.50498366e-07,-0.0286274571,0.103107937,-0.000564575195,-2.96804714e-09,0,0,0,0,0,0,0,0,0,0,0,-1.66708904e-08,0.0203440376,0.00179271039,-2.10212178e-07,-0.0203462541,0.00176735676,0,0,0,0,0,0,0,0,0,0,0,0,0,2.78501129,0,0
153,-0.277787477,-0.228974223,0.458177537,-0.277783722,0.277766496,3.87887303e-06,0.498039216,-0.368541032,0.368541032,0.479544908,-0.368541032,0.368541032,0,0.248213395,-0.244583994,-0,-0,0,1.76197469,-1.76197469,1.76197469,1.76197469,-1.76197469,1.76197469,0.134043515,0.508806884,0.42586863,0.99999994,-3.83892111e-05,3.18716775e-05,-0.000307012873,-1.62777758e-06,-0.0296907779,0.101861179,0.00362940133,-1.98979563e-07,0,0,0,0,0,0,0,0,0,0,0,1.34643335e-06,0.0187615249,0.00148170686,-1.53393182e-06,-0.0187633298,0.00145866559,0,0,0,0,0,0,0,0,0,0,0,0,0,2.79116511,0,0
154,-0.277779043,-0.228178799,0.456590205,-0.277792156,0.277772903,3.87887303e-06,0.498039216,-0.368541032,0.368541032,0.479544908,-0.368541032,0.368541032,0,0.249578044,-0.251422405,-0,-0,0,0,-0,0,0,-0,0,0.13401036,0.508275032,0.427702993,0.99999994,-1.45415315e-05,1.3744685e-05,-0.000288178417,-2.06229004e-07,-0.0288810544,0.101741731,-0.00184436142,1.31699069e-08,0,0,0,0,0,0,0,0,0,0,0,5.0509351e-07,0.0187615808,0.0014810001,-5.85947134e-07,-0.0187632758,0.00145937235,0,0,0,0,0,0,0,0,0,0,0,0,0,2.79728127,0,0
155,-0.277779043,-0.227476552,0.455198884,-0.27777952,0.277772903,1.77078982e-06,0.498039216,-0.368541032,0.368541032,0.479544908,-0.368541032,0.368541032,0,0.243944511,-0.248523772,-0,-0,0,0,-0,0,0,-0,0,0.13401036,0.507816732,0.4293347,0.99999994,-8.58181465e-06,1.37463248e-05,-0.000342537765,-1.99230101e-07,-0.0279009044,0.0990532786,-0.00457926095,3.26988179e-08,0,0,0,0,0,0,0,0,0,0,0,2.81426736e-07,0.0187614206,0.00148303981,-3.62282663e-07,-0.0187634341,0.0014573324,0,0,0,0,0,0,0,0,0,0,0,0,0,2.80336046,0,0
156,-0.277779043,-0.226782158,0.453812271,-0.277785838,0.277768701,-3.90697124e-07,0.498039216,-0.368541032,0.368541032,0.479544908,-0.368541032,0.368541032,0,0.252553582,-0.248503312,-0,-0,0,0,-0,0,0,-0,0,0.134016201,0.507335544,0.430932641,0.99999994,-2.47405865e-06,2.56692765e-05,-0.000327755668,-2.25508231e-07,-0.0315809883,0.103307433,0.00405026972,-2.89214874e-08,-1.3794705e-17,0,0,0,0,0,0,0,0,0,0,1.70433747e-08,0.0187614635,0.0014824851,-1.68002629e-07,-0.0187633913,0.00145788712,0,0,0,0,0,0,0,0,0,0,0,0,0,2.8094027,0,0
157,-0.277787477,-0.225999206,0.45222497,-0.277790129,0.277770817,3.87887303e-06,0.498039216,-0.368541032,0.368541032,0.479544908,-0.368541032,0.368541032,0,0.251957774,-0.25045985,-0,-0,0,0,-0,0,0,-0,0,0.134037435,0.506793022,0.43272692,0.99999994,-3.83850493e-05,1.97119734e-05,-0.000285316957,-1.71589261e-06,-0.0312980041,0.102674089,0.00149792433,-8.21227246e-08,-2.78066292e-17,0,0,0,0,0,0,0,0,0,0,1.38218991e-06,0.0187615901,0.00148089277,-1.49817538e-06,-0.0187632665,0.00145947968,0,0,0,0,0,0,0,0,0,0,0,0,0,2.81540871,0,0
158,-0.27778545,-0.22529991,0.45078674,-0.277785838,0.277772903,1.77078982e-06,0.498039216,-0.368541032,0.368541032,0.479544908,-0.368541032,0.368541032,0,0.242136434,-0.248330444,0.000144878257,-0,0,0,-0,0,0,-0,0,0.134028703,0.506328702,0.434326291,1,-2.6700236e-05,1.3750845e-05,-0.000241448055,-1.23456107e-06,-0.0284590535,0.0978058651,-0.00604913197,2.62412897e-07,1.37982958e-17,0,0,0,0,0,0,0,0,0,0,9.61346586e-07,0.0187617186,0.00147924665,-1.04224966e-06,-0.0187631398,0.00146112603,0,0,0,0,0,0,0,0,0,0,0,0,0,2.82137895,0,0
159,-0.277781069,-0.224500448,0.449197412,-0.277777344,0.277766496,3.87887303e-06,0.498039216,-0.368541032,0.368541032,0.479544908,-0.368541032,0.368541032,0,0.25224635,-0.250604659,0.000157318515,-0,0,0,-0,0,0,-0,0,0.134025007,0.505773783,0.436169922,0.99999994,-2.02685078e-05,3.18661623e-05,-0.000279031054,-5.98781185e-07,-0.0322189964,0.102555729,0.00179900927,-3.34340911e-08,1.38980653e-17,0,0,0,0,0,0,0,0,0,0,6.66524272e-07,0.0187616087,0.00148065691,-8.53954305e-07,-0.0187632497,0.00145971566,0,0,0,0,0,0,0,0,0,0,0,0,0,2.82731366,0,0
160,-0.277783096,-0.223797023,0.447798669,-0.277785838,0.277766496,3.87887303e-06,0.568627477,-0.433027238,0.433027238,0.549261689,-0.433027238,0.433027238,0,0.248221934,-0.251266658,0.000300659944,-0,0,1.4817729,-1.4817729,1.4817729,1.4817729,-1.4817729,1.4817729,0.134030789,0.505252242,0.437780827,0.99999994,-2.59901535e-05,3.18677048e-05,-0.000266482093,-9.27043914e-07,-0.0308718104,0.100343466,-0.00274406443,8.24010087e-08,1.39274021e-17,0,0,0,0,0,0,0,0,0,0,8.22189008e-07,0.0173303504,0.00123886333,-9.78964522e-07,-0.0173316617,0.00122038962,0,0,0,0,0,0,0,0,0,0,0,0,0,2.83321333,0,0
161,-0.277787477,-0.223086938,0.446380019,-0.277781636,0.277768701,1.77078982e-06,0.568627477,-0.433027238,0.433027238,0.549261689,-0.433027238,0.433027238,0,0.246878177,-0.246198222,0.000276706793,-0,0,0,-0,0,0,-0,0,0.134040251,0.504737973,0.439410269,0.99999994,-3.24261637e-05,2.56740313e-05,-0.000280548353,-1.75852222e-06,-0.032075569,0.100040853,0.00095666165,-5.24483532e-08,-1.01702066e-20,0,0,0,0,0,0,0,0,0,0,1.06054529e-06,0.0173303168,0.00123935088,-1.18686785e-06,-0.0173316952,0.00121990207,0,0,0,0,0,0,0,0,0,0,0,0,0,2.83907843,0,0
162,-0.277781069,-0.222287551,0.444807559,-0.277775258,0.277772903,5.98695578e-06,0.568627477,-0.433027238,0.433027238,0.549261689,-0.433027238,0.433027238,0,0.258697689,-0.247120842,0.00028815493,-0,0,0,-0,0,0,-0,0,0.134016111,0.504151881,0.441250026,0.99999994,-2.62246958e-05,1.3744253e-05,-0.000335774705,-6.86073236e-07,-0.0369159766,0.105762519,0.0118650012,-2.20507772e-07,1.37058873e-17,0,0,0,0,0,0,0,0,0,0,8.750186e-07,0.017330179,0.00124126498,-9.42663121e-07,-0.0173318312,0.00121798774,0,0,0,0,0,0,0,0,0,0,0,0,0,2.84490943,0,0
163,-0.277781069,-0.221590877,0.443426013,-0.277785838,0.277766496,1.77078982e-06,0.568627477,-0.433027238,0.433027238,0.549261689,-0.433027238,0.433027238,0,0.246096104,-0.250400215,0.000278868247,-0,0,0,-0,0,0,-0,0,0.134024978,0.503612339,0.442838907,0.99999994,-1.43094285e-05,3.18680104e-05,-0.000322510459,-5.85733346e-07,-0.0315169245,0.0989540592,-0.00402524276,7.48080282e-08,-1.08392318e-20,0,0,0,0,0,0,0,0,0,0,4.1725454e-07,0.0173302125,0.00124080526,-5.74020248e-07,-0.0173317976,0.00121844758,0,0,0,0,0,0,0,0,0,0,0,0,0,2.85070658,0,0
164,-0.277783096,-0.220811382,0.441871405,-0.277787954,0.27776441,8.17936234e-06,0.568627477,-0.433027238,0.433027238,0.549261689,-0.433027238,0.433027238,0,0.241652533,-0.246523187,0.000214540501,-0,0,0,-0,0,0,-0,0,0.134033635,0.503016889,0.444617242,0.99999994,-3.81532154e-05,3.78244731e-05,-0.000322749314,-9.37423408e-07,-0.0312174615,0.0969547257,-0.00465611275,1.39817544e-07,-1.36821108e-17,0,0,0,0,0,0,0,0,0,0,1.22899405e-06,0.0173302107,0.00124081364,-1.41509452e-06,-0.0173317995,0.0012184392,0,0,0,0,0,0,0,0,0,0,0,0,0,2.85647011,0,0
165,-0.277781069,-0.220127016,0.440482438,-0.27777943,0.277775019,3.87887303e-06,0.568627477,-0.433027238,0.433027238,0.549261689,-0.433027238,0.433027238,0,0.239436701,-0.240083739,0.000162550685,-2.9137394e-13,0,0,-0,0,0,-0,0,0.134013161,0.502514899,0.446175486,0.99999994,-2.0262094e-05,7.78581943e-06,-0.00031821907,-6.02148702e-07,-0.0324001946,0.0963523984,-0.000484487537,9.0037755e-09,-1.85441439e-16,0,0,0,0,0,0,0,0,0,0,6.83075996e-07,0.0173302237,0.00124065648,-7.21402273e-07,-0.0173317883,0.00121859624,0,0,0,0,0,0,0,0,0,0,0,0,0,2.86220098,0,0
166,-0.277781069,-0.219533712,0.439318448,-0.277781636,0.277768701,5.98695578e-06,0.647058845,-0.504678607,0.504678607,0.62672478,-0.504678607,0.504678607,0,0.228862926,-0.22948271,0.000114968105,-1.47404312e-21,0,1.77291906,-1.77291906,1.77291906,1.77291906,-1.77291906,1.77291906,0.134021908,0.502043545,0.447530657,0.99999994,-2.62289086e-05,2.56651183e-05,-0.000343968451,-5.81391532e-07,-0.0312833004,0.0919881761,-0.000504815893,9.38186417e-09,8.70569548e-21,0,0,0,0,0,0,0,0,0,0,7.7348119e-07,0.0157332569,0.00101591623,-8.76700767e-07,-0.0157346409,0.000994268223,0,0,0,0,0,0,0,0,0,0,0,0,0,2.86789894,0,0
167,-0.277783096,-0.218896061,0.438053578,-0.277775258,0.277766496,3.87887303e-06,0.647058845,-0.504678607,0.504678607,0.62672478,-0.504678607,0.504678607,0,0.219994798,-0.214626089,0.000112098322,-4.8689512e-31,0,0,-0,0,0,-0,0,0.13403067,0.501548231,0.448986441,0.99999994,-2.59936678e-05,3.18681523e-05,-0.000376782467,-9.59247018e-07,-0.0319442153,0.0889096409,0.00548080774,-1.64582175e-07,-5.54817502e-21,0,0,0,0,0,0,0,0,0,0,7.53507834e-07,0.0157331917,0.00101694872,-8.81668939e-07,-0.0157347061,0.000993235619,0,0,0,0,0,0,0,0,0,0,0,0,0,2.87356472,0,0
168,-0.277783096,-0.218288943,0.436877459,-0.277783722,0.277762294,3.87887303e-06,0.647058845,-0.504678607,0.504678607,0.62672478,-0.504678607,0.504678607,0,0.196676463,-0.196823895,9.61331098e-05,-1.60827025e-40,0,0,-0,0,0,-0,0,0.134036496,0.501041353,0.45037055,0.99999994,-2.59994686e-05,4.37892013e-05,-0.000406672159,-8.27009899e-07,-0.027540544,0.0788972154,-5.12989791e-05,1.54044766e-09,-5.01856496e-21,0,0,0,0,0,0,0,0,0,0,7.29542705e-07,0.0157331303,0.00101788924,-9.0563401e-07,-0.0157347657,0.000992294983,0,0,0,0,0,0,0,0,0,0,0,0,0,2.87919855,0,0
169,-0.277783096,-0.217689902,0.435685456,-0.277771026,0.27776441,1.77078982e-06,0.647058845,-0.504678607,0.504678607,0.62672478,-0.504678607,0.504678607,0,0.17907913,-0.173781425,8.28573538e-05,-0,0,0,-0,0,0,-0,0,0.134033561,0.50057888,0.451737612,0.999999881,-2.00382619e-05,3.78316035e-05,-0.000451168802,-8.02850707e-07,-0.0267360099,0.072294049,0.00538056297,-1.61571933e-07,9.64404003e-18,0,0,0,0,0,0,0,0,0,0,5.53958273e-07,0.015733039,0.00101928937,-7.06091669e-07,-0.0157348532,0.000990894623,0,0,0,0,0,0,0,0,0,0,0,0,0,2.88480067,0,0
170,-0.277789503,-0.21722047,0.434768349,-0.277781636,0.277768701,1.77078982e-06,0.647058845,-0.504678607,0.504678607,0.62672478,-0.504678607,0.504678607,0,0.152852848,-0.156761736,4.91994906e-05,-0,0,0,-0,0,0,-0,0,0.13404572,0.500172913,0.45280093,0.999999881,-3.81526079e-05,2.5680456e-05,-0.000451971136,-1.37761799e-06,-0.0207884479,0.0608055182,-0.00385968806,2.5577549e-07,-8.7001037e-18,0,0,0,0,0,0,0,0,0,0,1.14856016e-06,0.0157330371,0.00101931463,-1.25187444e-06,-0.0157348551,0.000990869361,0,0,0,0,0,0,0,0,0,0,0,0,0,2.8903718,0,0
171,-0.277787477,-0.216815382,0.433961898,-0.277771026,0.277768701,3.87887303e-06,0.717647076,-0.569164813,0.569164813,0.696441531,-0.569164813,0.569164813,0,0.141016588,-0.133282363,4.43501522e-05,-0,0,1.96941245,-1.96941245,1.96941245,1.96941245,-1.96941245,1.96941245,0.134039983,0.499859601,0.453724653,0.999999881,-3.83919287e-05,2.56757539e-05,-0.000487169978,-1.22060419e-06,-0.0222639069,0.0571820177,0.00777857425,-4.26455273e-07,-1.47909241e-17,0,0,0,0,0,0,0,0,0,0,1.05376284e-06,0.0142908636,0.000855558086,-1.14026409e-06,-0.0142925037,0.000827708107,0,0,0,0,0,0,0,0,0,0,0,0,0,2.89591193,0,0
172,-0.277781069,-0.21643053,0.433184773,-0.277781725,0.277770817,5.98695578e-06,0.717647076,-0.569164813,0.569164813,0.696441531,-0.569164813,0.569164813,0,0.109750785,-0.115777537,-0.00100279483,-0,0,0,-0,0,0,-0,0,0.134018943,0.499539226,0.454586655,0.999999881,-2.62288777e-05,1.97038698e-05,-0.000446488382,-2.67984774e-07,-0.0144196264,0.0431637354,-0.00702954689,1.30642192e-07,-6.87130857e-20,0,0,0,0,0,0,0,0,0,0,7.1627187e-07,0.0142909335,0.00085439533,-7.82645031e-07,-0.0142924367,0.00082887098,0,0,0,0,0,0,0,0,0,0,0,0,0,2.90142155,0,0
173,-0.27778545,-0.216137424,0.432585061,-0.277781636,0.27776441,8.17936234e-06,0.717647076,-0.569164813,0.569164813,0.696441531,-0.569164813,0.569164813,0,0.099552907,-0.101675883,-0.000359668804,-0,0,0,-0,0,0,-0,0,0.134040192,0.499301583,0.455245167,0.999999881,-4.48329047e-05,3.78264776e-05,-0.000427653227,-6.04937497e-07,-0.0139449956,0.0395177566,-0.00248264475,1.07697765e-07,-5.64535424e-18,0,0,0,0,0,0,0,0,0,0,1.21730909e-06,0.0142909652,0.000853856967,-1.34471782e-06,-0.014292405,0.000829409342,0,0,0,0,0,0,0,0,0,0,0,0,0,2.90690112,0,0
174,-0.277783096,-0.215875864,0.432069659,-0.277785838,0.277770817,5.98695578e-06,0.717647076,-0.569164813,0.569164813,0.696441531,-0.569164813,0.569164813,0,0.0920630842,-0.0847322419,-0.00021934406,-0,0,0,-0,0,0,-0,0,0.13402465,0.499079138,0.45583564,0.999999881,-3.19505343e-05,1.97064637e-05,-0.000426699553,-4.61174125e-07,-0.0153577188,0.0374634229,0.00711149815,-2.13549868e-07,-4.71340582e-18,0,0,0,0,0,0,0,0,0,0,8.79819652e-07,0.014290967,0.000853829726,-9.46208047e-07,-0.0142924041,0.000829436642,0,0,0,0,0,0,0,0,0,0,0,0,0,2.91235065,0,0
175,-0.277789503,-0.215612769,0.431601495,-0.277785838,0.277770817,1.77078982e-06,0.717647076,-0.569164813,0.569164813,0.696441531,-0.569164813,0.569164813,0,0.0754593611,-0.0699103698,-0.000182942036,-0,0,0,-0,0,0,-0,0,0.13404271,0.498832881,0.456445813,0.999999881,-3.8151029e-05,1.97215886e-05,-0.000508714933,-8.29244755e-07,-0.0125134187,0.0306440182,0.00536604924,-3.55599724e-07,-5.55369225e-21,0,0,0,0,0,0,0,0,0,0,1.05696915e-06,0.0142908273,0.000856173865,-1.12342786e-06,-0.0142925391,0.000827092212,0,0,0,0,0,0,0,0,0,0,0,0,0,2.91777062,0,0
176,-0.277783096,-0.215414941,0.431199461,-0.277781636,0.277772903,8.17936234e-06,0.717647076,-0.569164813,0.569164813,0.696441531,-0.569164813,0.569164813,0,0.0617964417,-0.0639588609,-0.000143929647,-0,0,0,-0,0,0,-0,0,0.134021714,0.49868229,0.456892639,0.999999881,-3.81480386e-05,1.3742665e-05,-0.000511576596,-2.56037424e-07,-0.00852639135,0.0244171508,-0.00230634888,6.92569273e-08,3.56335098e-18,0,0,0,0,0,0,0,0,0,0,1.06703339e-06,0.0142908217,0.000856255647,-1.11336419e-06,-0.0142925447,0.00082701043,0,0,0,0,0,0,0,0,0,0,0,0,0,2.92316151,0,0
177,-0.277787477,-0.215257004,0.430874974,-0.277777433,0.277768701,3.87887303e-06,0.78039217,-0.626485944,0.626485944,0.758412004,-0.626485944,0.626485944,0,0.0530358925,-0.0526424348,-0.000118632568,-0,0,1.40881884,-1.40881884,1.40881884,1.40881884,-1.40881884,1.40881884,0.134039909,0.498557091,0.457248747,0.999999881,-3.83925471e-05,2.56761505e-05,-0.000511250226,-4.34328769e-07,-0.00792218745,0.0211735182,0.000274825143,-1.50671102e-08,2.9231167e-18,0,0,0,0,0,0,0,0,0,0,9.60998932e-07,0.0130058043,0.000740441959,-1.03573689e-06,-0.0130072916,0.000713843503,0,0,0,0,0,0,0,0,0,0,0,0,0,2.92852354,0,0
178,-0.277783096,-0.215120241,0.430584222,-0.27777952,0.27776441,-3.90697124e-07,0.78039217,-0.626485944,0.626485944,0.758412004,-0.626485944,0.626485944,0,0.0432622135,-0.0389693603,-9.90482004e-05,-0,0,0,-0,0,0,-0,0,0.134033501,0.498450756,0.457551062,0.999999881,-1.39279337e-05,3.7834845e-05,-0.00048105832,-2.25550991e-07,-0.00751115149,0.0176626183,0.00419380516,-1.25935003e-07,-2.17948195e-18,0,0,0,0,0,0,0,0,0,0,3.06802917e-07,0.013005849,0.000739656622,-4.16867778e-07,-0.0130072488,0.000714628957,0,0,0,0,0,0,0,0,0,0,0,0,0,2.93385696,0,0
179,-0.277783096,-0.215019211,0.430385917,-0.277788043,0.277770817,5.98695578e-06,0.78039217,-0.626485944,0.626485944,0.758412004,-0.626485944,0.626485944,0,0.0361321718,-0.0320432857,-0.000100753015,-0,0,0,-0,0,0,-0,0,0.13402462,0.498353124,0.457774937,0.999999881,-3.19512328e-05,1.97063946e-05,-0.000462223892,-1.92636776e-07,-0.00641506398,0.0147969835,0.00398813328,-1.19758909e-07,1.78919187e-18,0,0,0,0,0,0,0,0,0,0,8.02233671e-07,0.0130058769,0.000739166746,-8.59594081e-07,-0.0130072217,0.000715118949,0,0,0,0,0,0,0,0,0,0,0,0,0,2.93916202,0,0
180,-0.277787477,-0.214933127,0.430238843,-0.277781636,0.277768701,5.98695578e-06,0.78039217,-0.626485944,0.626485944,0.758412004,-0.626485944,0.626485944,0,0.0283928253,-0.0233235303,-8.93375545e-05,-0,0,0,-0,0,0,-0,0,0.134039894,0.498276263,0.457979679,0.999999881,-4.4353128e-05,2.5673151e-05,-0.000515867781,-3.03271605e-07,-0.00553169521,0.0118095474,0.00497995736,-2.7302292e-07,7.71005355e-21,0,0,0,0,0,0,0,0,0,0,1.11604879e-06,0.0130057978,0.0007405621,-1.19078754e-06,-0.0130072981,0.000713723421,0,0,0,0,0,0,0,0,0,0,0,0,0,2.94443893,0,0
181,-0.27778545,-0.214848891,0.430112034,-0.277783722,0.277768701,8.17936234e-06,0.78039217,-0.626485944,0.626485944,0.758412004,-0.626485944,0.626485944,0,0.0227392223,-0.0182437971,-7.92262945e-05,-0,0,0,-0,0,0,-0,0,0.134034187,0.498187065,0.45818001,0.999999821,-4.48313222e-05,2.56669246e-05,-0.000568796997,-1.97341691e-07,-0.0045491131,0.00949893706,0.00441619894,-1.91575836e-07,1.79525395e-21,0,0,0,0,0,0,0,0,0,0,1.12845805e-06,0.0130057195,0.000741938886,-1.20318634e-06,-0.0130073735,0.00071234646,0,0,0,0,0,0,0,0,0,0,0,0,0,2.94968843,0,0
182,-0.277783096,-0.214790031,0.430028021,-0.277783722,0.277772903,5.98695578e-06,0.78039217,-0.626485944,0.626485944,0.758412004,-0.626485944,0.626485944,0,0.0174484532,-0.0137397349,-7.19844393e-05,-0,0,0,-0,0,0,-0,0,0.134021699,0.498125523,0.458322138,0.999999821,-3.19505962e-05,1.37456354e-05,-0.000616480713,-1.06964414e-07,-0.00356205902,0.00731257722,0.00363673386,-1.09206816e-07,1.36579949e-21,0,0,0,0,0,0,0,0,0,0,8.10895017e-07,0.0130056487,0.000743179175,-8.50932508e-07,-0.0130074415,0.000711105997,0,0,0,0,0,0,0,0,0,0,0,0,0,2.95491028,0,0
183,-0.277783096,-0.214752331,0.42996496,-0.277785838,0.277770817,-2.4987803e-06,0.78039217,-0.626485944,0.626485944,0.758412004,-0.626485944,0.626485944,0,0.0125809098,-0.00912683085,-8.25904276e-11,-0,0,0,-0,0,0,-0,0,0.13402462,0.498085886,0.458409309,0.999999821,-7.96164659e-06,1.9721143e-05,-0.000627924339,-8.3057877e-08,-0.00276593911,0.00535511365,0.00345407892,-1.03721895e-07,-5.06640887e-19,0,0,0,0,0,0,0,0,0,0,1.78097565e-07,0.013005631,0.000743476849,-2.3547247e-07,-0.0130074574,0.000710808323,0,0,0,0,0,0,0,0,0,0,0,0,0,2.96010518,0,0
184,-0.277783096,-0.214725092,0.429931909,-0.277787954,0.277768701,1.02031217e-05,0.78039217,-0.626485944,0.626485944,0.758412004,-0.626485944,0.626485944,0,0.00862898119,-0.00493266433,-1.78123268e-21,-0,0,0,-0,0,0,-0,0,0.134027526,0.498051226,0.4584755,0.999999762,-4.3879787e-05,2.56587173e-05,-0.000652243791,-6.73733922e-08,-0.00224362453,0.00380497007,0.00369631685,-1.10996019e-07,-2.73817876e-19,0,0,0,0,0,0,0,0,0,0,1.10365738e-06,0.0130055957,0.000744109449,-1.17837089e-06,-0.0130074928,0.000710175605,0,0,0,0,0,0,0,0,0,0,0,0,0,2.96527314,0,0
185,-0.277789503,-0.214706376,0.429910988,-0.277781636,0.277770817,3.87887303e-06,0.78039217,-0.626485944,0.626485944,0.758412004,-0.626485944,0.626485944,0,0.00403914554,-0.00169647997,-5.88363652e-31,-0,0,0,-0,0,0,-0,0,0.134042665,0.49803254,0.458525896,0.999999762,-4.41151315e-05,1.97226491e-05,-0.00069348939,-8.01890536e-08,-0.00121006393,0.00184201624,0.00234266557,-1.55244791e-07,-9.41735563e-20,0,0,0,0,0,0,0,0,0,0,1.11848885e-06,0.0130055342,0.000745182275,-1.17594254e-06,-0.0130075505,0.000709102605,0,0,0,0,0,0,0,0,0,0,0,0,0,2.9704144,0,0
186,-0.277781069,-0.214696005,0.42989412,-0.277781636,0.277772903,5.98695578e-06,0.78039217,-0.626485944,0.626485944,0.758412004,-0.626485944,0.626485944,0,0.00124211772,-0.000437068957,-1.94343281e-40,-0,0,0,-0,0,0,-0,0,0.134015992,0.498028606,0.458550364,0.999999762,-2.62296835e-05,1.37414772e-05,-0.000698973599,-7.32630978e-09,-0.000394211354,0.000574875914,0.000805048738,-1.49616088e-08,2.4262201e-20,0,0,0,0,0,0,0,0,0,0,6.62054902e-07,0.0130055258,0.000745324884,-7.02076306e-07,-0.0130075589,0.000708959938,0,0,0,0,0,0,0,0,0,0,0,0,0,2.97552967,0,0
187,-0.277783096,-0.214700311,0.429910988,-0.27777952,0.277766496,3.87887303e-06,0.78039217,-0.626485944,0.626485944,0.758412004,-0.626485944,0.626485944,0,1.32432959e-07,2.73035785e-05,-0,-0,0,0,-0,0,0,-0,0,0.134030566,0.498030156,0.458544195,0.999999762,-2.60044926e-05,3.18695202e-05,-0.000716616341,-2.15367599e-10,-7.17203102e-06,2.78611628e-06,2.74360118e-05,-8.23870916e-10,0,0,0,0,0,0,0,0,0,0,0,6.29488966e-07,0.0130054997,0.000745783851,-7.22237928e-07,-0.013007584,0.000708500971,0,0,0,0,0,0,0,0,0,0,0,0,0,2.98061872,0,0
188,-0.277783096,-0.214710936,0.429923803,-0.277787954,0.277772903,-2.4987803e-06,0.78039217,-0.626485944,0.626485944,0.758412004,-0.626485944,0.626485944,0,-0.000756138645,0.000186689635,-0,-0,0,0,-0,0,0,-0,0,0.134021685,0.498030901,0.458513111,0.999999762,-7.95863161e-06,1.37618472e-05,-0.00068085338,7.82674014e-09,0.000260640983,-0.000357870711,-0.000569448981,1.70998788e-08,-1.03633565e-20,0,0,0,0,0,0,0,0,0,0,1.86763415e-07,0.0130055528,0.000744853576,-2.26806506e-07,-0.0130075328,0.000709431362,0,0,0,0,0,0,0,0,0,0,0,0,0,2.98568201,0,0
189,-0.27778545,-0.214708745,0.429915369,-0.277783722,0.27776441,1.77078982e-06,0.78039217,-0.626485944,0.626485944,0.758412004,-0.626485944,0.626485944,0,-0.000356544391,0.000331923802,-0,-0,0,0,-0,0,0,-0,0,0.134040147,0.498034805,0.45851928,0.999999762,-2.67229007e-05,3.78385485e-05,-0.000687051914,2.57344945e-09,5.93230543e-05,-0.000144448946,-2.46205891e-05,1.06804743e-09,0,0,0,0,0,0,0,0,0,0,0,6.39414566e-07,0.0130055435,0.000745014811,-7.49524077e-07,-0.0130075421,0.000709270069,0,0,0,0,0,0,0,0,0,0,0,0,0,2.9907198,0,0
190,-0.27778545,-0.214702412,0.429915369,-0.277792156,0.277770817,8.17936234e-06,0.78039217,-0.626485944,0.626485944,0.758412004,-0.626485944,0.626485944,0,-0.000223635041,0.000284926675,-0,-0,0,0,-0,0,0,-0,0,0.134031266,0.498012573,0.458532333,0.999999762,-4.48301435e-05,1.97062982e-05,-0.00068109209,7.46519624e-10,1.72087421e-05,-8.29570563e-05,6.12916338e-05,-2.6588467e-09,0,0,0,0,0,0,0,0,0,0,0,1.13711906e-06,0.0130055519,0.000744859804,-1.194525e-06,-0.0130075337,0.000709425134,0,0,0,0,0,0,0,0,0,0,0,0,0,2.99573231,0,0
191,-0.277781069,-0.214704528,0.429919779,-0.277787954,0.277770817,8.17936234e-06,0.78039217,-0.626485944,0.626485944,0.758412004,-0.626485944,0.626485944,0,-0.000181962852,0.000546861207,-0,-0,0,0,-0,0,0,-0,0,0.134018913,0.498023421,0.458530009,0.999999762,-3.24326174e-05,1.96976871e-05,-0.000693251728,-1.26604738e-09,-6.81230085e-05,-3.61156854e-05,0.000364898355,-6.78153533e-09,3.03568952e-20,0,0,0,0,0,0,0,0,0,0,8.14639066e-07,0.0130055342,0.000745176105,-8.71996633e-07,-0.0130075505,0.000709108775,0,0,0,0,0,0,0,0,0,0,0,0,0,3.00071979,0,0
192,-0.277783096,-0.214715153,0.429936618,-0.277783722,0.277768701,5.98695578e-06,0.78039217,-0.626485944,0.626485944,0.758412004,-0.626485944,0.626485944,0,-0.000984527869,0.0006518187,-0,-0,0,0,-0,0,0,-0,0,0.134027526,0.498038471,0.45850724,0.999999762,-3.19600622e-05,2.56664025e-05,-0.000698973541,6.99088387e-09,0.000232805833,-0.000425246195,-0.000332709169,9.99086236e-09,0,0,0,0,0,0,0,0,0,0,0,7.93554875e-07,0.0130055258,0.000745324942,-8.6827248e-07,-0.0130075589,0.000708959938,0,0,0,0,0,0,0,0,0,0,0,0,0,3.00568271,0,0
193,-0.277783096,-0.214717254,0.429915369,-0.277785838,0.27776441,5.98695578e-06,0.78039217,-0.626485944,0.626485944,0.758412004,-0.626485944,0.626485944,0,-0.000830159057,0.000553371385,-0,-0,0,0,-0,0,0,-0,0,0.134033486,0.498047918,0.458494097,0.999999762,-3.19669743e-05,3.78258301e-05,-0.000657011871,5.86517146e-09,0.000195318105,-0.000358202,-0.000276787672,8.31160651e-09,-3.07182826e-20,0,0,0,0,0,0,0,0,0,0,7.75873616e-07,0.0130055882,0.000744233432,-8.85953853e-07,-0.0130074993,0.000710051565,0,0,0,0,0,0,0,0,0,0,0,0,0,3.01062083,0,0
194,-0.277783096,-0.214715153,0.429919779,-0.277781636,0.27776441,3.87887303e-06,0.78039217,-0.626485944,0.626485944,0.758412004,-0.626485944,0.626485944,0,-0.000351579773,0.000523063645,-0,-0,0,0,-0,0,0,-0,0,0.134033486,0.498048395,0.458503664,0.999999762,-2.60074212e-05,3.78298428e-05,-0.000681091915,2.24003233e-10,7.45960961e-06,-0.000122933765,0.000171483873,-5.14945775e-09,0,0,0,0,0,0,0,0,0,0,0,6.20822334e-07,0.0130055519,0.000744859804,-7.30904674e-07,-0.0130075337,0.000709425134,0,0,0,0,0,0,0,0,0,0,0,0,0,3.01553488,0,0
