progress,observation_00,observation_01,observation_02,observation_03,observation_04,observation_05,observation_06,observation_07,observation_08,observation_09,observation_10,observation_11,observation_12,observation_13,observation_14,observation_15,observation_16,observation_17,observation_18,observation_19,observation_20,observation_21,observation_22,observation_23,observation_24,observation_25,observation_26,observation_27,observation_28,observation_29,observation_30,observation_31,observation_32,observation_33,observation_34,observation_35,observation_36,observation_37,observation_38,observation_39,observation_40,observation_41,observation_42,observation_43,observation_44,observation_45,observation_46,observation_47,observation_48,observation_49,observation_50,observation_51,observation_52,observation_53,observation_54,observation_55,observation_56,observation_57,observation_58,observation_59,observation_60,observation_61,observation_62,observation_63,observation_64,observation_65,observation_66,observation_67,observation_68
0,-0.277781069,-0.277776688,0.555576384,-0.277783722,0.27776441,3.87887303e-06,-0.97647059,0.978504598,-0.978504598,-0.976761103,0.978504598,-0.978504598,0,0,0,-0,-0,0,0,-0,0,0,-0,0,0.134028286,0.524979711,0.310005754,1,-2.02602096e-05,3.7827067e-05,-1.56659498e-05,0,0,0,0,0,0,0,0,0,0,0,0,0,0,0,0,7.70065014e-07,0.0458147265,0.0143604875,-2.9427265e-06,-0.0458156243,0.0143576171,0,0,0,0,0,0,0,0,0,0,0,0,0,0,0,0
1,-0.277779043,-0.277772367,0.555567563,-0.277790129,0.277770817,5.98695578e-06,-0.97647059,0.978504598,-0.978504598,-0.976761103,0.978504598,-0.978504598,0,0,0,-0,-0,0,0,-0,0,0,-0,0,0.134013399,0.524972439,0.31001243,1,-2.04979824e-05,1.97073168e-05,2.69208181e-06,0,0,0,0,0,0,0,0,0,0,0,0,0,0,0,0,1.31228694e-06,0.0458152518,0.0143588055,-2.44419743e-06,-0.045815099,0.0143592991,0,0,0,0,0,0,0,0,0,0,0,0,0,0.0953101814,0,0
2,-0.277781069,-0.277770281,0.555572331,-0.27777952,0.277762294,3.87887303e-06,-0.97647059,0.978504598,-0.978504598,-0.976761103,0.978504598,-0.978504598,0,0,0,-0,-0,0,0,-0,0,0,-0,0,0.134031206,0.524981916,0.31002602,1,-2.02613683e-05,4.37874914e-05,-3.9984654e-05,0,0,0,0,0,0,0,0,0,0,0,0,0,0,0,0,5.98878785e-07,0.0458140261,0.0143627161,-3.11391273e-06,-0.0458163247,0.0143553885,0,0,0,0,0,0,0,0,0,0,0,0,0,0.182321563,0,0
3,-0.277783096,-0.277770281,0.555563569,-0.277792156,0.27776441,3.87887303e-06,-0.97647059,0.978504598,-0.978504598,-0.976761103,0.978504598,-0.978504598,0,0,0,-0,-0,0,0,-0,0,0,-0,0,0.134034306,0.524966478,0.310016394,1,-2.59813532e-05,3.78270597e-05,8.17612545e-06,0,0,0,0,0,0,0,0,0,0,0,0,0,0,0,0,1.29439343e-06,0.045815412,0.0143583035,-3.46702427e-06,-0.0458149388,0.0143598011,0,0,0,0,0,0,0,0,0,0,0,0,0,0.262364268,0,0
4,-0.277779043,-0.277778834,0.555572331,-0.277777344,0.277770817,5.98695578e-06,-0.97647059,0.978504598,-0.978504598,-0.976761103,0.978504598,-0.978504598,0,-0.00136343436,0,-0,-0,0,0,-0,0,0,-0,0,0.134013399,0.524993539,0.31000182,1,-2.04984663e-05,1.97069894e-05,-2.18650312e-05,2.5366762e-09,0.000355245284,-0.000715795148,-0.00136343436,9.73578373e-09,0,0,0,0,0,0,0,0,0,0,0,1.31228194e-06,0.0458145477,0.0143610556,-2.44420244e-06,-0.0458158031,0.014357049,0,0,0,0,0,0,0,0,0,0,0,0,0,0.336472243,0,0
5,-0.277781069,-0.277778924,0.555572331,-0.277781636,0.277766496,5.98695578e-06,-0.97647059,0.978504598,-0.978504598,-0.976761103,0.978504598,-0.978504598,0,-0.00299558486,0.000882889843,-0,-0,0,0,-0,0,0,-0,0,0.134025365,0.524986148,0.309999138,1,-2.62203848e-05,3.18665552e-05,-9.5546684e-06,1.02301181e-08,0.000550458441,-0.0014843744,-0.00211269502,3.92638526e-08,4.90102316e-20,0,0,0,0,0,0,0,0,0,0,1.48740094e-06,0.0458149016,0.0143599277,-3.31770957e-06,-0.0458154492,0.0143581768,0,0,0,0,0,0,0,0,0,0,0,0,0,0.405465096,0,0
6,-0.277781069,-0.277791739,0.555581093,-0.277781636,0.277770817,3.87887303e-06,-0.97647059,0.978504598,-0.978504598,-0.976761103,0.978504598,-0.978504598,0,-0.00488219364,0.00258890679,-0,-0,0,0,-0,0,0,-0,0,0.13401942,0.524993181,0.309963584,1,-2.02593346e-05,1.97073059e-05,1.42873996e-05,1.11015002e-08,0.000597345468,-0.00230426923,-0.00229328685,4.26201048e-08,1.43713196e-19,0,0,0,0,0,0,0,0,0,0,1.29044759e-06,0.045815587,0.0143577429,-2.42234387e-06,-0.0458147638,0.0143603617,0,0,0,0,0,0,0,0,0,0,0,0,0,0.470003635,0,0
7,-0.277783096,-0.277813077,0.555606723,-0.277781636,0.277766496,5.98695578e-06,-0.97647059,0.978504598,-0.978504598,-0.976761103,0.978504598,-0.978504598,0,-0.00780140935,0.00611998839,-0,-0,0,0,-0,0,0,-0,0,0.134031385,0.524998724,0.309907496,1,-3.19409046e-05,3.18667044e-05,3.83676488e-05,1.31351889e-08,0.000437419454,-0.00348376809,-0.00168142095,5.04910815e-08,0,0,0,0,0,0,0,0,0,0,0,2.01175226e-06,0.0458162762,0.0143555366,-3.84198438e-06,-0.0458140746,0.014362568,0,0,0,0,0,0,0,0,0,0,0,0,0,0.530628264,0,0
8,-0.277781069,-0.277834326,0.555632353,-0.27777952,0.277766496,8.17936234e-06,-0.97647059,0.978504598,-0.978504598,-0.976761103,0.978504598,-0.978504598,0,-0.00867032073,0.00757542951,-0,-0,0,0,-0,0,0,-0,0,0.134025365,0.525010169,0.309852839,1,-3.24171706e-05,3.18674065e-05,5.62486603e-05,5.27960831e-09,0.000284083217,-0.00379440817,-0.00109489122,2.03482511e-08,0,0,0,0,0,0,0,0,0,0,0,2.05544188e-06,0.0458167903,0.0143538984,-3.88568014e-06,-0.0458135605,0.0143642062,0,0,0,0,0,0,0,0,0,0,0,0,0,0.587786674,0,0
9,-0.277779043,-0.277874708,0.555708587,-0.277781636,0.277762294,3.87887303e-06,-0.97647059,0.978504598,-0.978504598,-0.976761103,0.978504598,-0.978504598,0,-0.0103273205,0.00967025198,-0,-0,0,0,-0,0,0,-0,0,0.134025201,0.525010645,0.309753299,1,-1.45345648e-05,4.37880663e-05,6.86465428e-05,1.20522547e-09,0.000168784129,-0.00445483858,-0.000657068565,4.6918851e-09,5.3680682e-19,0,0,0,0,0,0,0,0,0,0,7.46011182e-08,0.0458171479,0.0143527621,-2.58956425e-06,-0.0458132029,0.0143653424,0,0,0,0,0,0,0,0,0,0,0,0,0,0.641853869,0,0
10,-0.277783096,-0.277889639,0.555729806,-0.277785838,0.277772903,1.77078982e-06,-0.97647059,0.978504598,-0.978504598,-0.976761103,0.978504598,-0.978504598,0,-0.0125279473,0.0100023355,-0,-0,0,0,-0,0,0,-0,0,0.134022504,0.525005281,0.309712619,1,-2.00199229e-05,1.37458892e-05,9.27272849e-05,1.96578593e-08,0.000654633157,-0.0055770264,-0.00252561178,7.58411289e-08,5.5524116e-19,0,0,0,0,0,0,0,0,0,0,1.43984687e-06,0.0458178371,0.0143505558,-2.229252e-06,-0.04581251,0.0143675487,0,0,0,0,0,0,0,0,0,0,0,0,0,0.693147182,0,0
11,-0.277776837,-0.277934253,0.555806398,-0.27777952,0.277772903,-3.90697124e-07,-0.97647059,0.978504598,-0.978504598,-0.976761103,0.978504598,-0.978504598,0,-0.0134631293,0.011221136,-0,-0,0,0,-0,0,0,-0,0,0.134003982,0.525023937,0.30960539,1,3.73451167e-06,1.37469588e-05,9.27271249e-05,-3.04412695e-09,0.0005790469,-0.00594613701,-0.00224199332,-1.17864589e-08,-6.22898176e-19,0,0,0,0,0,0,0,0,0,0,-7.3687437e-07,0.0458178371,0.0143505558,-5.27187289e-08,-0.04581251,0.0143675487,0,0,0,0,0,0,0,0,0,0,0,0,0,0.741937339,0,0
12,-0.277781069,-0.277987123,0.55590421,-0.27777952,0.277770817,-3.90697124e-07,-0.97647059,0.978504598,-0.978504598,-0.976761103,0.978504598,-0.978504598,0,-0.013768089,0.0127861751,-0,-0,0,0,-0,0,0,-0,0,0.13401942,0.525023937,0.309476078,1,-8.18564331e-06,1.97062018e-05,0.000103933024,4.62555638e-09,0.000248890254,-0.0059496793,-0.00098191388,1.82485991e-08,0,0,0,0,0,0,0,0,0,0,0,1.84340763e-07,0.0458181575,0.0143495286,-1.31614138e-06,-0.0458121896,0.0143685751,0,0,0,0,0,0,0,0,0,0,0,0,0,0.788457334,0,0
13,-0.277781069,-0.278016806,0.555967271,-0.27777952,0.277770817,3.87887303e-06,-0.97647059,0.978504598,-0.978504598,-0.976761103,0.978504598,-0.978504598,0,-0.0133979106,0.0111671723,-0,-0,0,0,-0,0,0,-0,0,0.13401942,0.525022268,0.309405804,1,-2.02576721e-05,1.97074478e-05,9.86875748e-05,1.06579368e-08,0.000573478348,-0.00591729721,-0.00223073829,4.14576569e-08,6.19902593e-19,0,0,0,0,0,0,0,0,0,0,1.29049272e-06,0.0458180085,0.0143500092,-2.42229885e-06,-0.0458123386,0.0143680945,0,0,0,0,0,0,0,0,0,0,0,0,0,0.832909107,0,0
14,-0.277774662,-0.278054833,0.556018233,-0.277783722,0.277772903,3.87887303e-06,-0.97647059,0.978504598,-0.978504598,-0.976761103,0.978504598,-0.978504598,0,-0.0127127878,0.0108804004,-0,-0,0,0,-0,0,0,-0,0,0.13399747,0.525031626,0.309304923,1,-2.13779595e-06,1.374971e-05,0.000146132632,-8.27856095e-09,0.000468910119,-0.00558629073,-0.00183238741,-3.23506164e-08,0,0,0,0,0,0,0,0,0,0,0,-1.98785528e-07,0.0458193719,0.0143456617,-5.90927698e-07,-0.0458109751,0.0143724419,0,0,0,0,0,0,0,0,0,0,0,0,0,0.875468731,0,0
15,-0.277783096,-0.278090745,0.556081593,-0.277783722,0.277766496,8.17936234e-06,-0.97647059,0.978504598,-0.978504598,-0.976761103,0.978504598,-0.978504598,0,-0.0110444082,0.0118176965,-0,-0,0,0,-0,0,0,-0,0,0.134031385,0.525028586,0.309216201,1,-3.81359714e-05,3.18679122e-05,0.000158053575,-6.29894181e-09,-0.000209763239,-0.00461648032,0.00077328831,-2.32209327e-08,-1.31202788e-18,0,0,0,0,0,0,0,0,0,0,2.57986107e-06,0.0458197109,0.0143445693,-4.40988697e-06,-0.0458106324,0.0143735344,0,0,0,0,0,0,0,0,0,0,0,0,0,0.91629076,0,0
16,-0.277779043,-0.278122455,0.55614537,-0.277783722,0.277772903,8.17936234e-06,-0.97647059,0.978504598,-0.978504598,-0.976761103,0.978504598,-0.978504598,0,-0.00993433408,0.0118813962,-0,-0,0,0,-0,0,0,-0,0,0.134010479,0.525031328,0.309140086,1,-2.66947518e-05,1.37498982e-05,0.000157576724,-3.68081809e-09,-0.000515475054,-0.00402723439,0.00194706209,-1.39032545e-08,0,0,0,0,0,0,0,0,0,0,0,2.05149786e-06,0.0458196998,0.0143446131,-2.84099815e-06,-0.0458106473,0.0143734906,0,0,0,0,0,0,0,0,0,0,0,0,0,0.955511451,0,0
17,-0.277783096,-0.278154165,0.55623883,-0.277781636,0.277772903,3.87887303e-06,-0.97647059,0.978504598,-0.978504598,-0.976761103,0.978504598,-0.978504598,0,-0.00909280684,0.0130307646,-0,-0,0,0,-0,0,0,-0,0,0.134022504,0.525018573,0.309073567,1,-2.59801618e-05,1.37463749e-05,0.00010917808,-3.10550234e-08,-0.00103417411,-0.00347042968,0.00393795781,-1.1825221e-07,0,0,0,0,0,0,0,0,0,0,0,1.98602038e-06,0.0458183102,0.014349048,-2.77539721e-06,-0.0458120406,0.0143690556,0,0,0,0,0,0,0,0,0,0,0,0,0,0.993251801,0,0
18,-0.277779043,-0.278171033,0.556315005,-0.277783722,0.277768701,5.98695578e-06,-0.97647059,0.978504598,-0.978504598,-0.976761103,0.978504598,-0.978504598,0,-0.00725547969,0.0128817409,-0,-0,0,0,-0,0,0,-0,0,0.13401632,0.525000989,0.309043884,1,-2.04966218e-05,2.56684816e-05,5.50566656e-05,-1.05161355e-08,-0.00147271762,-0.00252083177,0.00562626123,-4.01750633e-08,7.15080269e-19,0,0,0,0,0,0,0,0,0,0,1.14112447e-06,0.0458167568,0.0143540073,-2.61535979e-06,-0.045813594,0.0143640973,0,0,0,0,0,0,0,0,0,0,0,0,0,1.02961946,0,0
19,-0.277781069,-0.278190017,0.556399345,-0.277785838,0.277770817,1.77078982e-06,-0.97647059,0.978504598,-0.978504598,-0.976761103,0.978504598,-0.978504598,0,-0.00639366638,0.0133365262,-0,-0,0,0,-0,0,0,-0,0,0.13401942,0.524977148,0.309010208,1,-1.42992421e-05,1.97073005e-05,-4.54755082e-06,-3.37368995e-08,-0.00181530276,-0.00202312297,0.00694285985,-1.29031136e-07,0,0,0,0,0,0,0,0,0,0,0,7.44278111e-07,0.0458150432,0.0143594686,-1.87619457e-06,-0.0458153076,0.014358636,0,0,0,0,0,0,0,0,0,0,0,0,0,1.06471074,0,0
20,-0.277776837,-0.27820906,0.556458712,-0.277783722,0.277772903,5.98695578e-06,-0.97647059,0.978504598,-0.978504598,-0.976761103,0.978504598,-0.978504598,0,-0.00592793617,0.0130442837,-0,-0,0,0,-0,0,0,-0,0,0.134003982,0.524974287,0.308971614,1,-1.42997096e-05,1.37460238e-05,-4.05491082e-05,9.78019443e-09,-0.00186036644,-0.00180794182,0.00711634755,3.74115885e-08,-7.24103207e-19,0,0,0,0,0,0,0,0,0,0,9.15459907e-07,0.0458140112,0.0143627683,-1.70501278e-06,-0.0458163396,0.0143553363,0,0,0,0,0,0,0,0,0,0,0,0,0,1.09861231,0,0
21,-0.277779043,-0.278226167,0.556560576,-0.277785838,0.277775019,3.87887303e-06,-0.97647059,0.978504598,-0.978504598,-0.976761103,0.978504598,-0.978504598,0,-0.00943339616,0.0127765602,-0,-0,0,0,-0,0,0,-0,0,0.134007558,0.524941504,0.308948368,1,-1.45385848e-05,7.78538924e-06,-0.000130194283,-6.29314112e-09,-0.000881314278,-0.00367513509,0.00334316399,-2.3872305e-08,0,0,0,0,0,0,0,0,0,0,0,1.10844667e-06,0.0458114333,0.0143709816,-1.55571865e-06,-0.0458189137,0.0143471221,0,0,0,0,0,0,0,0,0,0,0,0,0,1.13140213,0,0
22,-0.277783096,-0.278243124,0.556602716,-0.27777952,0.277770817,1.02031217e-05,-0.97647059,0.978504598,-0.978504598,-0.976761103,0.978504598,-0.978504598,0,-0.00901243463,0.0127229067,-0,-0,0,0,-0,0,0,-0,0,0.134025425,0.52494365,0.308913559,1,-4.38662028e-05,1.97050722e-05,-0.000159758405,-2.93369915e-08,-0.000976961339,-0.00345953018,0.00371047202,-1.1142108e-07,7.06263196e-19,0,0,0,0,0,0,0,0,0,0,3.45309354e-06,0.045810584,0.0143736908,-4.58528075e-06,-0.0458197594,0.0143444128,0,0,0,0,0,0,0,0,0,0,0,0,0,1.16315079,0,0
23,-0.277783096,-0.278272808,0.556687415,-0.277785838,0.277766496,1.77078982e-06,-0.97647059,0.978504598,-0.978504598,-0.976761103,0.978504598,-0.978504598,0,-0.0088095516,0.0117168641,-0,-0,0,0,-0,0,0,-0,0,0.13403137,0.524924219,0.308845788,1,-2.00268587e-05,3.18684069e-05,-0.000177639202,-2.30646648e-08,-0.00076808437,-0.00345362118,0.00290731248,-8.73031496e-08,6.50416613e-19,0,0,0,0,0,0,0,0,0,0,9.19246929e-07,0.0458100699,0.014375329,-2.74985177e-06,-0.0458202735,0.0143427746,0,0,0,0,0,0,0,0,0,0,0,0,0,1.19392252,0,0
24,-0.277781069,-0.278304607,0.556755185,-0.277777344,0.277768701,8.17936234e-06,-0.97647059,0.978504598,-0.978504598,-0.976761103,0.978504598,-0.978504598,0,-0.00913476851,0.0113938944,-0,-0,0,0,-0,0,0,-0,0,0.13402234,0.524935544,0.308775395,1,-3.24242937e-05,2.56648746e-05,-0.000207593199,-1.11559402e-08,-0.00060027471,-0.00365657848,0.00225912593,-4.19852313e-08,1.26497639e-18,0,0,0,0,0,0,0,0,0,0,2.23332108e-06,0.0458092093,0.0143780727,-3.70780072e-06,-0.045821134,0.0143400291,0,0,0,0,0,0,0,0,0,0,0,0,0,1.22377539,0,0
25,-0.27778545,-0.278317243,0.556797385,-0.277783722,0.277770817,-3.90697124e-07,-0.97647059,0.978504598,-0.978504598,-0.976761103,0.978504598,-0.978504598,0,-0.0089913113,0.0109264571,-0,-0,0,0,-0,0,0,-0,0,0.134032428,0.524916232,0.308746159,1,-2.05896631e-05,1.97121462e-05,-0.000213401858,-2.23817036e-08,-0.000515942171,-0.00362800667,0.00193514582,-8.39471213e-08,0,0,0,0,0,0,0,0,0,0,0,1.32003095e-06,0.0458090417,0.0143786054,-2.45247429e-06,-0.0458212979,0.0143394973,0,0,0,0,0,0,0,0,0,0,0,0,0,1.25276291,0,0
26,-0.277779043,-0.278351158,0.55687356,-0.27777952,0.277770817,5.98695578e-06,-0.97647059,0.978504598,-0.978504598,-0.976761103,0.978504598,-0.978504598,0,-0.00916282646,0.010171744,-0,-0,0,0,-0,0,0,-0,0,0.134013399,0.524923205,0.308669448,1,-2.050271e-05,1.97041118e-05,-0.000237244429,-1.96758365e-09,-0.000275547529,-0.00379341305,0.00100891758,-7.20430959e-09,0,0,0,0,0,0,0,0,0,0,0,1.31223771e-06,0.0458083563,0.0143807894,-2.44424655e-06,-0.0458219834,0.0143373115,0,0,0,0,0,0,0,0,0,0,0,0,0,1.28093386,0,0
27,-0.277776837,-0.278370202,0.556936979,-0.277783722,0.277770817,1.77078982e-06,-0.97647059,0.978504598,-0.978504598,-0.976761103,0.978504598,-0.978504598,0,-0.00934588816,0.00913328025,-0,-0,0,0,-0,0,0,-0,0,0.134006903,0.524908364,0.30862841,0.99999994,-2.38336861e-06,1.97052868e-05,-0.000261086185,-2.21323057e-10,4.20995675e-05,-0.00399321038,-0.000212607905,-1.11770815e-09,-5.06998901e-19,0,0,0,0,0,0,0,0,0,0,-3.47998878e-07,0.0458076708,0.0143829733,-7.83833855e-07,-0.0458226688,0.0143351266,0,0,0,0,0,0,0,0,0,0,0,0,0,1.3083328,0,0
28,-0.277781069,-0.278408408,0.556974769,-0.277787954,0.277770817,1.77078982e-06,-0.97647059,0.978504598,-0.978504598,-0.976761103,0.978504598,-0.978504598,0,-0.00955264363,0.00954727642,-0,-0,0,0,-0,0,0,-0,0,0.134019405,0.52491504,0.308523297,1,-1.43029865e-05,1.97081154e-05,-0.000194567154,-2.43073506e-10,-1.30792096e-05,-0.00406038389,-5.367212e-06,9.97481542e-11,-1.05996061e-18,0,0,0,0,0,0,0,0,0,0,7.44176646e-07,0.0458095856,0.0143768797,-1.87629587e-06,-0.0458207577,0.0143412231,0,0,0,0,0,0,0,0,0,0,0,0,0,1.33500111,0,0
29,-0.277783096,-0.278431684,0.557034135,-0.277787954,0.277772903,3.87887303e-06,-0.97647059,0.978504598,-0.978504598,-0.976761103,0.978504598,-0.978504598,0,-0.0100765554,0.00956742931,-0,-0,0,0,-0,0,0,-0,0,0.134022504,0.524908006,0.308470994,1,-2.59845856e-05,1.37476782e-05,-0.000212686995,3.50853568e-09,0.000116838964,-0.00433335407,-0.000509126112,1.52884549e-08,0,0,0,0,0,0,0,0,0,0,0,1.98574276e-06,0.0458090641,0.0143785393,-2.7756746e-06,-0.0458212793,0.0143395625,0,0,0,0,0,0,0,0,0,0,0,0,0,1.36097658,0,0
30,-0.277783096,-0.278465569,0.557101905,-0.277787954,0.277772903,1.77078982e-06,-0.97647059,0.978504598,-0.978504598,-0.976761103,0.978504598,-0.978504598,0,-0.0103269815,0.00884131528,-0,-0,0,0,-0,0,0,-0,0,0.134022504,0.524907649,0.308389515,1,-2.00241211e-05,1.37489451e-05,-0.000212686922,1.11131584e-08,0.000370083144,-0.00453730952,-0.00148566626,4.46128006e-08,-4.9079159e-19,0,0,0,0,0,0,0,0,0,0,1.43958334e-06,0.0458090641,0.0143785393,-2.2295153e-06,-0.0458212793,0.0143395625,0,0,0,0,0,0,0,0,0,0,0,0,0,1.38629436,0,0
31,-0.277781069,-0.278493226,0.557140052,-0.277781636,0.277772903,-3.90697124e-07,-0.97647059,0.978504598,-0.978504598,-0.976761103,0.978504598,-0.978504598,0,-0.0112067545,0.0113014197,-0,-0,0,0,-0,0,0,-0,0,0.134016499,0.524924874,0.308321774,1,-8.1905273e-06,1.37489615e-05,-0.000206249606,-8.16583801e-10,-4.39384385e-05,-0.00475337589,9.46652144e-05,-1.75932691e-09,0,0,0,0,0,0,0,0,0,0,0,3.55348419e-07,0.0458092503,0.0143779498,-1.14513364e-06,-0.045821093,0.014340152,0,0,0,0,0,0,0,0,0,0,0,0,0,1.41098702,0,0
32,-0.27778545,-0.278527141,0.557225049,-0.277785838,0.277768701,3.87887303e-06,-0.97647059,0.978504598,-0.978504598,-0.976761103,0.978504598,-0.978504598,0,-0.0122071803,0.0111865597,-0,-0,0,0,-0,0,0,-0,0,0.134035349,0.524908185,0.308242798,1,-3.26629961e-05,2.56700896e-05,-0.000218647241,1.05840501e-08,0.000243983101,-0.00528993737,-0.00102062058,4.42747812e-08,0,0,0,0,0,0,0,0,0,0,0,2.25500594e-06,0.0458088927,0.014379086,-3.72980867e-06,-0.0458214507,0.0143390158,0,0,0,0,0,0,0,0,0,0,0,0,0,1.43508458,0,0
33,-0.277783096,-0.278561115,0.557288468,-0.277783722,0.277775019,3.87887303e-06,-0.97647059,0.978504598,-0.978504598,-0.976761103,0.978504598,-0.978504598,0,-0.0135348905,0.0114406422,-0,-0,0,0,-0,0,0,-0,0,0.134019583,0.524914443,0.30816102,1,-2.59833614e-05,7.78723552e-06,-0.000218170651,1.56230033e-08,0.000520267058,-0.00596144097,-0.00209424831,6.28877999e-08,-6.35083218e-19,0,0,0,0,0,0,0,0,0,0,2.15691125e-06,0.0458089039,0.0143790422,-2.60450611e-06,-0.0458214357,0.0143390596,0,0,0,0,0,0,0,0,0,0,0,0,0,1.45861506,0,0
34,-0.27778545,-0.278594851,0.55735594,-0.277783722,0.27776441,-3.90697124e-07,-0.97647059,0.978504598,-0.978504598,-0.976761103,0.978504598,-0.978504598,0,-0.0110297948,0.0108997039,-0,-0,0,0,-0,0,0,-0,0,0.134041309,0.524912298,0.308079958,1,-2.05937104e-05,3.78320656e-05,-0.000218169822,5.31067745e-10,1.22421525e-05,-0.00470060576,-0.000130090863,5.6433751e-09,1.21011023e-18,0,0,0,0,0,0,0,0,0,0,7.99658324e-07,0.0458089039,0.0143790422,-2.97284669e-06,-0.0458214357,0.0143390596,0,0,0,0,0,0,0,0,0,0,0,0,0,1.48160458,0,0
35,-0.277779043,-0.27863735,0.557419658,-0.277787954,0.277768701,1.77078982e-06,-0.97647059,0.978504598,-0.978504598,-0.976761103,0.978504598,-0.978504598,0,-0.0122561883,0.0100479973,-0,-0,0,0,-0,0,0,-0,0,0.13401632,0.524919689,0.307969421,1,-8.58162912e-06,2.56674921e-05,-0.000176209054,3.92808497e-09,0.000550103199,-0.00542939547,-0.00220819097,1.57678794e-08,0,0,0,0,0,0,0,0,0,0,0,4.87580927e-08,0.0458101109,0.0143751977,-1.52308837e-06,-0.0458202325,0.014342905,0,0,0,0,0,0,0,0,0,0,0,0,0,1.50407743,0,0
36,-0.277781069,-0.278673261,0.55747062,-0.277785838,0.27776441,5.98695578e-06,-0.97647059,0.978504598,-0.978504598,-0.976761103,0.978504598,-0.978504598,0,-0.0116797602,0.0101021118,-0,-0,0,0,-0,0,0,-0,0,0.134028286,0.524929285,0.307878375,1,-2.62258527e-05,3.78259283e-05,-0.000152605862,7.17311144e-09,0.000385968131,-0.00512145273,-0.00157764833,2.93201587e-08,-5.60779858e-19,0,0,0,0,0,0,0,0,0,0,1.31615127e-06,0.0458107926,0.0143730352,-3.48895901e-06,-0.0458195545,0.0143450685,0,0,0,0,0,0,0,0,0,0,0,0,0,1.52605629,0,0
37,-0.277787477,-0.278707147,0.557529628,-0.277783722,0.277772903,1.77078982e-06,-0.97647059,0.978504598,-0.978504598,-0.976761103,0.978504598,-0.978504598,0,-0.0112437457,0.00932475273,-0,-0,0,0,-0,0,0,-0,0,0.134035513,0.524930596,0.307795644,1,-3.24209723e-05,1.3750092e-05,-0.000146167964,2.60380464e-08,0.000474935805,-0.00497026276,-0.00191899296,1.0520754e-07,-5.17627759e-19,0,0,0,0,0,0,0,0,0,0,2.57554825e-06,0.0458109751,0.0143724447,-3.36557355e-06,-0.0458193719,0.014345658,0,0,0,0,0,0,0,0,0,0,0,0,0,1.54756248,0,0
38,-0.277783096,-0.278745264,0.557597399,-0.277781636,0.277766496,3.87887303e-06,-0.97647059,0.978504598,-0.978504598,-0.976761103,0.978504598,-0.978504598,0,-0.0108916257,0.00907572638,-0,-0,0,0,-0,0,0,-0,0,0.134031385,0.524939835,0.307702839,1,-2.59861299e-05,3.18671955e-05,-0.000140207674,1.34486573e-08,0.000447858387,-0.00481032161,-0.00181589928,5.45293055e-08,5.0380402e-19,0,0,0,0,0,0,0,0,0,0,1.46543869e-06,0.0458111465,0.014371899,-3.29597901e-06,-0.0458192006,0.0143462047,0,0,0,0,0,0,0,0,0,0,0,0,0,1.56861591,0,0
39,-0.27778545,-0.278772771,0.557648361,-0.277783722,0.277775019,5.98695578e-06,-0.952941179,0.957009196,-0.957009196,-0.953522146,0.957009196,-0.957009196,0,-0.0108027728,0.00970900338,-0,-0,0,0.492656857,-0.492656857,0.492656857,0.492656857,-0.492656857,0.492656857,0.134026587,0.524936438,0.307634443,1,-3.86188476e-05,7.78696449e-06,-0.000128525266,1.12431904e-08,0.000259177585,-0.00470039994,-0.00109376945,4.74479975e-08,5.38957955e-19,0,0,0,0,0,0,0,0,0,0,3.291246e-06,0.0454433113,0.014056894,-3.72900331e-06,-0.0454505309,0.0140335299,0,0,0,0,0,0,0,0,0,0,0,0,0,1.58923519,0,0
40,-0.277781069,-0.278800249,0.557690501,-0.277783722,0.277768701,5.98695578e-06,-0.952941179,0.957009196,-0.957009196,-0.953522146,0.957009196,-0.957009196,0,-0.0103861699,0.00974746235,-0,-0,0,0,-0,0,0,-0,0,0.13402234,0.524944723,0.307564765,1,-2.6222915e-05,2.56669027e-05,-0.000110405679,2.61872235e-09,0.000140907243,-0.00447787717,-0.000638707541,1.18702035e-08,-5.41092856e-19,0,0,0,0,0,0,0,0,0,0,1.66216853e-06,0.0454438217,0.0140552474,-3.1043196e-06,-0.0454500243,0.0140351774,0,0,0,0,0,0,0,0,0,0,0,0,0,1.60943794,0,0
41,-0.277776837,-0.278842568,0.557749867,-0.277785838,0.27776441,5.98695578e-06,-0.952941179,0.957009196,-0.957009196,-0.953522146,0.957009196,-0.957009196,0,-0.0101475818,0.00964373257,-0,-0,0,0,-0,0,0,-0,0,0.134015769,0.524954915,0.307454675,1,-1.43017505e-05,3.782575e-05,-6.86829735e-05,-5.53663948e-10,0.000105316692,-0.00436300412,-0.000503849238,-2.64880273e-09,0,0,0,0,0,0,0,0,0,0,0,2.37135964e-07,0.0454449952,0.0140514551,-2.36227402e-06,-0.0454488546,0.0140389698,0,0,0,0,0,0,0,0,0,0,0,0,0,1.62924051,0,0
42,-0.277776837,-0.278865844,0.557813287,-0.277790129,0.27776441,1.77078982e-06,-0.952941179,0.957009196,-0.957009196,-0.953522146,0.957009196,-0.957009196,0,-0.00978519209,0.00971246324,-0,-0,0,0,-0,0,0,-0,0,0.134015769,0.524941623,0.307401091,1,-2.38126336e-06,3.78264813e-05,-8.03650328e-05,3.48937476e-11,-6.63740957e-06,-0.00416589621,-7.27288425e-05,-3.82345239e-10,-1.07830003e-18,0,0,0,0,0,0,0,0,0,0,-8.46401406e-07,0.0454446673,0.0140525168,-1.27873318e-06,-0.0454491824,0.0140379081,0,0,0,0,0,0,0,0,0,0,0,0,0,1.64865863,0,0
43,-0.277781069,-0.278895527,0.557872653,-0.277783722,0.277768701,3.87887303e-06,-0.952941179,0.957009196,-0.957009196,-0.953522146,0.957009196,-0.957009196,0,-0.0101842741,0.00975139625,-0,-0,0,0,-0,0,0,-0,0,0.13402234,0.524946868,0.30733338,1,-2.0262145e-05,2.56675812e-05,-9.84845974e-05,1.58781721e-09,8.54366881e-05,-0.00437149173,-0.000432877801,8.04491496e-09,5.41311232e-19,0,0,0,0,0,0,0,0,0,0,1.12040516e-06,0.045444157,0.0140541643,-2.56254384e-06,-0.045449689,0.0140362605,0,0,0,0,0,0,0,0,0,0,0,0,0,1.66770685,0,0
44,-0.277779043,-0.278933644,0.557927608,-0.277777344,0.277768701,-3.90697124e-07,-0.952941179,0.957009196,-0.957009196,-0.953522146,0.957009196,-0.957009196,0,-0.00936438143,0.00956651289,-0,-0,0,0,-0,0,0,-0,0,0.13401632,0.524965465,0.307239383,1,-2.46786567e-06,2.56681506e-05,-8.64760805e-05,-5.61841185e-10,-7.86822711e-05,-0.00395957194,0.000202131458,-1.44334644e-09,0,0,0,0,0,0,0,0,0,0,0,-4.96923178e-07,0.045444496,0.0140530728,-9.45147292e-07,-0.0454493538,0.0140373521,0,0,0,0,0,0,0,0,0,0,0,0,0,1.68639898,0,0
45,-0.277781069,-0.278961152,0.557987332,-0.277787954,0.277770817,1.02031217e-05,-0.866666675,0.878192663,-0.878192663,-0.868312776,0.878192663,-0.878192663,0,-0.00883758813,0.00998397823,-0,-0,0,1.81156743,-1.81156743,1.81156743,1.81156743,-1.81156743,1.81156743,0.13401942,0.524946868,0.307168663,1,-3.81422542e-05,1.97060454e-05,-6.31989897e-05,-6.01848305e-09,-0.000323840301,-0.00364131015,0.0011463901,-2.13053433e-08,-5.54222126e-19,0,0,0,0,0,0,0,0,0,0,2.85274973e-06,0.0440726057,0.0129269902,-3.87139471e-06,-0.0440758727,0.0129158488,0,0,0,0,0,0,0,0,0,0,0,0,0,1.70474803,0,0
46,-0.277781069,-0.278982311,0.558033884,-0.277785838,0.277768701,5.98695578e-06,-0.866666675,0.878192663,-0.878192663,-0.868312776,0.878192663,-0.878192663,0,-0.00881661009,0.010590205,-0,-0,0,0,-0,0,0,-0,0,0.13402234,0.524947703,0.307120174,1,-2.62220092e-05,2.56671719e-05,-7.51197294e-05,-9.063017e-09,-0.000487659476,-0.00356970564,0.00177359488,-3.2961772e-08,5.8787447e-19,0,0,0,0,0,0,0,0,0,0,1.64789685e-06,0.0440723002,0.0129280407,-2.97462384e-06,-0.0440761819,0.0129147973,0,0,0,0,0,0,0,0,0,0,0,0,0,1.72276664,0,0
47,-0.277779043,-0.279007673,0.558110118,-0.277783722,0.277768701,1.77078982e-06,-0.866666675,0.878192663,-0.878192663,-0.868312776,0.878192663,-0.878192663,0,-0.00879566651,0.0105712861,-0,-0,0,0,-0,0,0,-0,0,0.13401632,0.524941146,0.307067573,1,-8.58011117e-06,2.56675776e-05,-0.000117081239,-3.48946871e-09,-0.000488677819,-0.00356062944,0.00177561957,-1.26790471e-08,5.8682426e-19,0,0,0,0,0,0,0,0,0,0,9.27098611e-08,0.0440712124,0.0129317399,-1.41940791e-06,-0.044077266,0.0129110981,0,0,0,0,0,0,0,0,0,0,0,0,0,1.74046612,0,0
48,-0.277783096,-0.279031038,0.558181942,-0.277783722,0.277768701,8.17936234e-06,-0.866666675,0.878192663,-0.878192663,-0.868312776,0.878192663,-0.878192663,0,-0.00938620046,0.010765925,-0,-0,0,0,-0,0,0,-0,0,0.134028345,0.524927258,0.307018548,1,-3.81449281e-05,2.5666508e-05,-0.000152605775,-1.16451844e-08,-0.000387800334,-0.00385118416,0.00137972459,-4.14314947e-08,-5.97628894e-19,0,0,0,0,0,0,0,0,0,0,2.6986263e-06,0.044070296,0.012934871,-4.02551814e-06,-0.0440781824,0.012907967,0,0,0,0,0,0,0,0,0,0,0,0,0,1.75785792,0,0
49,-0.277779043,-0.279056609,0.558224082,-0.277783722,0.277772903,1.77078982e-06,-0.866666675,0.878192663,-0.878192663,-0.868312776,0.878192663,-0.878192663,0,-0.0112016862,0.0108871507,-0,-0,0,0,-0,0,0,-0,0,0.134010479,0.524933577,0.306954622,1,-8.57903069e-06,1.37466159e-05,-0.000139969401,3.39423128e-10,4.75340421e-05,-0.00479202019,-0.000314535573,2.24598296e-09,0,0,0,0,0,0,0,0,0,0,0,4.00776287e-07,0.0440706238,0.0129337572,-1.11134148e-06,-0.0440778546,0.0129090808,0,0,0,0,0,0,0,0,0,0,0,0,0,1.77495229,0,0
50,-0.27778545,-0.279088289,0.558296263,-0.277787954,0.277768701,8.17936234e-06,-0.866666675,0.878192663,-0.878192663,-0.868312776,0.878192663,-0.878192663,0,-0.0106766913,0.011252881,-0,-0,0,0,-0,0,0,-0,0,0.134035349,0.524918675,0.306878507,1,-4.48203355e-05,2.56675448e-05,-0.000140446267,-7.97196531e-09,-0.000183769429,-0.0044799028,0.000576189719,-2.49952574e-08,-1.24932076e-18,0,0,0,0,0,0,0,0,0,0,3.28704186e-06,0.0440706089,0.0129337991,-4.61401169e-06,-0.0440778695,0.0129090389,0,0,0,0,0,0,0,0,0,0,0,0,0,1.79175949,0,0
51,-0.277779043,-0.279128611,0.558351576,-0.277790129,0.277770817,5.98695578e-06,-0.796078444,0.813706458,-0.813706458,-0.798595965,0.813706458,-0.813706458,0,-0.0108518805,0.0127136614,-0,-0,0,1.76698399,-1.76698399,1.76698399,1.76698399,-1.76698399,1.76698399,0.134013399,0.524930298,0.306773245,1,-2.0499976e-05,1.97059653e-05,-9.84848157e-05,-3.71565401e-09,-0.000520353613,-0.00442587445,0.00186178088,-1.32942928e-08,7.05749982e-19,0,0,0,0,0,0,0,0,0,0,1.285449e-06,0.0429232381,0.0120424684,-2.23411371e-06,-0.0429279804,0.0120255584,0,0,0,0,0,0,0,0,0,0,0,0,0,1.80828881,0,0
52,-0.277781069,-0.279158205,0.558444679,-0.27777952,0.277768701,3.87887303e-06,-0.796078444,0.813706458,-0.813706458,-0.798595965,0.813706458,-0.813706458,0,-0.0104779257,0.0134140737,-0,-0,0,0,-0,0,0,-0,0,0.13402234,0.524928808,0.306717724,1,-2.02641459e-05,2.56674502e-05,-0.000176447473,-1.48655159e-08,-0.000799878209,-0.0041596354,0.00293614808,-5.45675043e-08,-7.44630676e-19,0,0,0,0,0,0,0,0,0,0,1.12146188e-06,0.0429213606,0.0120491618,-2.35716379e-06,-0.0429298542,0.012018865,0,0,0,0,0,0,0,0,0,0,0,0,0,1.82454932,0,0
53,-0.277783096,-0.27919203,0.558504045,-0.277783722,0.277768701,8.17936234e-06,-0.796078444,0.813706458,-0.813706458,-0.798595965,0.813706458,-0.813706458,0,-0.00974331796,0.0125743756,-0,-0,0,0,-0,0,0,-0,0,0.134028345,0.524924219,0.306631714,1,-3.81449318e-05,2.56665062e-05,-0.000152844194,-2.31472459e-08,-0.000770834449,-0.00385792158,0.00283105765,-8.50133119e-08,-6.98018066e-19,0,0,0,0,0,0,0,0,0,0,2.65656968e-06,0.0429219306,0.0120471353,-3.89233492e-06,-0.042929288,0.0120208915,0,0,0,0,0,0,0,0,0,0,0,0,0,1.84054959,0,0
54,-0.277787477,-0.279213279,0.558580279,-0.277783722,0.277766496,1.77078982e-06,-0.796078444,0.813706458,-0.813706458,-0.798595965,0.813706458,-0.813706458,0,-0.00942966063,0.012323292,-0,-0,0,0,-0,0,0,-0,0,0.134044394,0.524906456,0.306590199,1,-3.24253524e-05,3.18711209e-05,-0.000200526993,-4.31239009e-08,-0.000786582998,-0.00371843763,0.00289363135,-1.58641456e-07,0,0,0,0,0,0,0,0,0,0,0,2.01597595e-06,0.0429207794,0.0120512284,-3.55043903e-06,-0.0429304354,0.0120167974,0,0,0,0,0,0,0,0,0,0,0,0,0,1.85629797,0,0
55,-0.277781069,-0.2792449,0.558668971,-0.277787954,0.27776441,3.87887303e-06,-0.796078444,0.813706458,-0.813706458,-0.798595965,0.813706458,-0.813706458,0,-0.00822624378,0.0112720104,-0,-0,0,0,-0,0,0,-0,0,0.134028286,0.524894297,0.306519002,1,-2.02681131e-05,3.78267177e-05,-0.00022460804,-1.52899506e-08,-0.000822716043,-0.00319186761,0.00304576661,-5.66047333e-08,6.25722274e-19,0,0,0,0,0,0,0,0,0,0,8.28788757e-07,0.042920202,0.012053296,-2.64983669e-06,-0.0429310128,0.0120147299,0,0,0,0,0,0,0,0,0,0,0,0,0,1.87180221,0,0
56,-0.277779043,-0.279259741,0.55873239,-0.277783722,0.277766496,-3.90697124e-07,-0.796078444,0.813706458,-0.813706458,-0.798595965,0.813706458,-0.813706458,0,-0.00787666067,0.0100486604,-0,-0,0,0,-0,0,0,-0,0,0.13401936,0.524887323,0.306495249,0.99999994,-2.47470302e-06,3.18679558e-05,-0.000284212467,-4.24218616e-09,-0.000594091078,-0.00313060358,0.00217199977,-1.55094515e-08,1.11562542e-18,0,0,0,0,0,0,0,0,0,0,-5.55337067e-07,0.0429187641,0.0120584117,-9.78694402e-07,-0.0429324433,0.0120096123,0,0,0,0,0,0,0,0,0,0,0,0,0,1.8870697,0,0
57,-0.277783096,-0.279287308,0.558782995,-0.277785838,0.277768701,5.98695578e-06,-0.717647076,0.742055118,-0.742055118,-0.721132874,0.742055118,-0.742055118,0,-0.00828692317,0.00883750618,-0,-0,0,1.64546502,-1.64546502,1.64546502,1.64546502,-1.64546502,1.64546502,0.134028345,0.524882674,0.306426495,0.99999994,-3.19491046e-05,2.56672247e-05,-0.000271814904,-5.21143573e-09,-0.000173547814,-0.00346684107,0.000550583005,-1.6533356e-08,0,0,0,0,0,0,0,0,0,0,0,2.08996676e-06,0.0416173451,0.0111052245,-3.22818983e-06,-0.0416293964,0.0110599687,0,0,0,0,0,0,0,0,0,0,0,0,0,1.90210748,0,0
58,-0.277779043,-0.279312611,0.558821142,-0.277787954,0.277770817,5.98695578e-06,-0.717647076,0.742055118,-0.742055118,-0.721132874,0.742055118,-0.742055118,0,-0.00730197132,0.00797193684,-0,-0,0,0,-0,0,0,-0,0,0.134013399,0.524887502,0.30636099,0.99999994,-2.05029264e-05,1.97039662e-05,-0.000248211698,-1.4390299e-09,-0.000201526942,-0.003036323,0.000669965521,-4.78397766e-09,4.42531391e-19,0,0,0,0,0,0,0,0,0,0,1.26953989e-06,0.0416178703,0.0111032594,-2.14324996e-06,-0.0416288748,0.0110619338,0,0,0,0,0,0,0,0,0,0,0,0,0,1.91692257,0,0
59,-0.277776837,-0.279325336,0.55886364,-0.27777952,0.27776441,5.98695578e-06,-0.717647076,0.742055118,-0.742055118,-0.721132874,0.742055118,-0.742055118,0,-0.00753975986,0.00812099315,-0,-0,0,0,-0,0,0,-0,0,0.134015769,0.524893522,0.306339979,0.99999994,-1.43103534e-05,3.78213008e-05,-0.000296134298,9.43743639e-10,-0.000179516763,-0.00314624119,0.000581233297,3.05562109e-09,4.50805679e-19,0,0,0,0,0,0,0,0,0,0,3.51947619e-07,0.0416168049,0.0111072483,-2.02876845e-06,-0.0416299328,0.011057944,0,0,0,0,0,0,0,0,0,0,0,0,0,1.93152142,0,0
60,-0.27778545,-0.279346496,0.558922648,-0.277775347,0.277766496,3.87887303e-06,-0.717647076,0.742055118,-0.742055118,-0.721132874,0.742055118,-0.742055118,0,-0.00714669982,0.0073158145,-0,-0,0,0,-0,0,0,-0,0,0.134038389,0.524885356,0.3062962,0.99999994,-3.26679474e-05,3.18701823e-05,-0.000331570162,-3.08076586e-09,-7.10176973e-05,-0.00302034407,0.000169114675,-7.33623784e-09,4.06109285e-19,0,0,0,0,0,0,0,0,0,0,2.0119719e-06,0.0416160189,0.0111101978,-3.4252696e-06,-0.0416307189,0.0110549936,0,0,0,0,0,0,0,0,0,0,0,0,0,1.9459101,0,0
61,-0.277783096,-0.279378295,0.558947921,-0.277785838,0.277772903,5.98695578e-06,-0.717647076,0.742055118,-0.742055118,-0.721132874,0.742055118,-0.742055118,0,-0.00774110854,0.00711568445,-0,-0,0,0,-0,0,0,-0,0,0.134022504,0.52488786,0.306203038,0.99999994,-3.19455321e-05,1.3746343e-05,-0.000247734599,4.00011357e-09,0.000133209163,-0.00335228979,-0.000625424087,1.87807441e-08,0,0,0,0,0,0,0,0,0,0,0,2.35421248e-06,0.0416178815,0.0111032203,-2.9639441e-06,-0.0416288637,0.0110619739,0,0,0,0,0,0,0,0,0,0,0,0,0,1.96009481,0,0
62,-0.277779043,-0.279393137,0.559020102,-0.277783722,0.277768701,8.17936234e-06,-0.717647076,0.742055118,-0.742055118,-0.721132874,0.742055118,-0.742055118,0,-0.00764989713,0.00861363858,-0,-0,0,0,-0,0,0,-0,0,0.13401632,0.52487582,0.306180567,0.99999994,-2.67049709e-05,2.56616095e-05,-0.00031377704,-2.0055273e-09,-0.000280861306,-0.00315486244,0.000963741448,-6.88172364e-09,4.78152994e-19,0,0,0,0,0,0,0,0,0,0,1.65345148e-06,0.0416164137,0.0111087169,-2.79141204e-06,-0.041630324,0.0110564753,0,0,0,0,0,0,0,0,0,0,0,0,0,1.97408104,0,0
63,-0.277776837,-0.27942282,0.559058249,-0.277785838,0.277762294,1.77078982e-06,-0.639215708,0.670403719,-0.670403719,-0.643669784,0.670403719,-0.670403719,0,-0.00794328656,0.00884401985,-0,-0,0,1.64184511,-1.64184511,1.64184511,1.64184511,-1.64184511,1.64184511,0.134018689,0.524882734,0.306102037,0.99999994,-2.39038627e-06,4.3785436e-05,-0.00027777566,1.39913192e-09,-0.000266139687,-0.00328581966,0.000900733285,4.73527528e-09,-4.90941723e-19,0,0,0,0,0,0,0,0,0,0,-6.98802467e-07,0.0402891487,0.0101907095,-1.08212271e-06,-0.0403004475,0.010145938,0,0,0,0,0,0,0,0,0,0,0,0,0,1.98787439,0,0
64,-0.277776837,-0.279437661,0.559104443,-0.277781636,0.27776441,8.17936234e-06,-0.639215708,0.670403719,-0.670403719,-0.643669784,0.670403719,-0.670403719,0,-0.00836822018,0.00807665288,-0,-0,0,0,-0,0,0,-0,0,0.134015769,0.524881423,0.306073427,0.99999994,-2.05098768e-05,3.78190307e-05,-0.00031306225,-2.23975144e-10,4.26040424e-05,-0.003585445,-0.000291567296,-1.53280821e-09,-4.483443e-19,0,0,0,0,0,0,0,0,0,0,8.82685697e-07,0.0402884297,0.0101935528,-2.42117153e-06,-0.0403011627,0.0101430938,0,0,0,0,0,0,0,0,0,0,0,0,0,2.0014801,0,0
65,-0.277781069,-0.279467344,0.559134126,-0.277781636,0.277770817,1.77078982e-06,-0.639215708,0.670403719,-0.670403719,-0.643669784,0.670403719,-0.670403719,0,-0.0087108817,0.00773537019,-0,-0,0,0,-0,0,0,-0,0,0.134019405,0.524889886,0.305993706,0.99999994,-1.43044945e-05,1.97084428e-05,-0.000271099532,4.06730472e-09,0.00021885203,-0.00379936537,-0.000975511502,1.81296116e-08,4.29399305e-19,0,0,0,0,0,0,0,0,0,0,7.514804e-07,0.0402892828,0.0101901721,-1.55324551e-06,-0.0403003097,0.0101464763,0,0,0,0,0,0,0,0,0,0,0,0,0,2.01490307,0,0
66,-0.277779043,-0.279492706,0.559215069,-0.27777952,0.277766496,1.77078982e-06,-0.639215708,0.670403719,-0.670403719,-0.643669784,0.670403719,-0.670403719,0,-0.00878874026,0.00782661885,-0,-0,0,0,-0,0,0,-0,0,0.13401936,0.524881184,0.305942446,0.99999994,-8.58729527e-06,3.18661696e-05,-0.000319737039,1.5318059e-09,0.000214519634,-0.00383109157,-0.000962121412,6.87015556e-09,4.34464623e-19,0,0,0,0,0,0,0,0,0,0,4.31186287e-08,0.0402882919,0.0101940911,-1.33933258e-06,-0.0403012969,0.0101425564,0,0,0,0,0,0,0,0,0,0,0,0,0,2.02814817,0,0
67,-0.277783096,-0.279511869,0.559240043,-0.277787954,0.277762294,1.77078982e-06,-0.639215708,0.670403719,-0.670403719,-0.643669784,0.670403719,-0.670403719,0,-0.00890339725,0.0082878042,-0,-0,0,0,-0,0,0,-0,0,0.134037212,0.524871528,0.305887908,0.99999994,-2.00333288e-05,4.37903291e-05,-0.000277059618,3.7032184e-09,0.000123322156,-0.00384522136,-0.000615593046,1.84855296e-08,4.60065552e-19,0,0,0,0,0,0,0,0,0,0,7.2283882e-07,0.0402891636,0.0101906518,-2.50416178e-06,-0.0403004326,0.0101459958,0,0,0,0,0,0,0,0,0,0,0,0,0,2.04122043,0,0
68,-0.277783096,-0.279541463,0.559278488,-0.27777952,0.277770817,-3.90697124e-07,-0.639215708,0.670403719,-0.670403719,-0.643669784,0.670403719,-0.670403719,0,-0.00927427411,0.0078893993,-0,-0,0,0,-0,0,0,-0,0,0.134025425,0.524891138,0.305815697,0.99999994,-1.39150898e-05,1.97116588e-05,-0.000271576137,9.65709646e-09,0.000321594329,-0.00407966319,-0.00138487481,4.15861514e-08,4.37949638e-19,0,0,0,0,0,0,0,0,0,0,7.20034166e-07,0.0402892753,0.0101902103,-1.52192615e-06,-0.0403003208,0.0101464381,0,0,0,0,0,0,0,0,0,0,0,0,0,2.05412364,0,0
69,-0.277779043,-0.27956903,0.559337854,-0.277781636,0.277770817,8.17936234e-06,-0.56078434,0.598752379,-0.598752379,-0.566206753,0.598752379,-0.598752379,0,-0.0086668171,0.00821130443,-0,-0,0,1.64136982,-1.64136982,1.64136982,1.64136982,-1.64136982,1.64136982,0.134013399,0.524888873,0.305749416,0.99999994,-2.67022697e-05,1.97019708e-05,-0.000271576835,5.81240611e-10,8.13990337e-05,-0.00372869335,-0.000455512665,3.25264859e-09,0,0,0,0,0,0,0,0,0,0,0,1.71293334e-06,0.038935896,0.00931307487,-2.44547982e-06,-0.0389459878,0.00927077234,0,0,0,0,0,0,0,0,0,0,0,0,0,2.06686282,0,0
70,-0.277787477,-0.279590189,0.559388459,-0.277781636,0.277770817,3.87887303e-06,-0.56078434,0.598752379,-0.598752379,-0.566206753,0.598752379,-0.598752379,0,-0.00878073461,0.0083196843,-0,-0,0,0,-0,0,0,-0,0,0.134038433,0.524878502,0.305700898,0.99999994,-3.83850092e-05,1.97119389e-05,-0.000283258618,4.49045512e-09,8.19062188e-05,-0.00377765135,-0.000461050309,2.52767833e-08,0,0,0,0,0,0,0,0,0,0,0,2.62253661e-06,0.0389356762,0.00931398477,-3.35558821e-06,-0.0389462039,0.00926986244,0,0,0,0,0,0,0,0,0,0,0,0,0,2.07944155,0,0
71,-0.277774662,-0.279617667,0.559443414,-0.277787954,0.277772903,3.87887303e-06,-0.56078434,0.598752379,-0.598752379,-0.566206753,0.598752379,-0.598752379,0,-0.00859307405,0.0073486343,-0,-0,0,0,-0,0,0,-0,0,0.13399747,0.5248788,0.30563125,0.99999994,-2.14345278e-06,1.37415636e-05,-0.000265377836,-5.05473796e-09,0.000286307943,-0.00377610838,-0.00124443974,-2.19704592e-08,0,0,0,0,0,0,0,0,0,0,0,-8.87295712e-08,0.0389360115,0.00931259152,-4.22033878e-07,-0.0389458723,0.00927125569,0,0,0,0,0,0,0,0,0,0,0,0,0,2.09186411,0,0
72,-0.277776837,-0.279641032,0.559464693,-0.277775347,0.277770817,1.77078982e-06,-0.56078434,0.598752379,-0.598752379,-0.566206753,0.598752379,-0.598752379,0,-0.00871740468,0.00742452219,-0,-0,0,0,-0,0,0,-0,0,0.134006903,0.524904609,0.305575073,0.99999994,-2.38344683e-06,1.97052577e-05,-0.000265051873,-1.56606395e-09,0.00029789313,-0.00383381406,-0.00129288249,-6.79685597e-09,0,0,0,0,0,0,0,0,0,0,0,-1.8099071e-07,0.0389360152,0.00931256637,-5.51431867e-07,-0.0389458686,0.00927128084,0,0,0,0,0,0,0,0,0,0,0,0,0,2.10413408,0,0
73,-0.277783096,-0.279666334,0.559511244,-0.27777952,0.277766496,1.77078982e-06,-0.56078434,0.598752379,-0.598752379,-0.566206753,0.598752379,-0.598752379,0,-0.00733980443,0.00717524905,-0,-0,0,0,-0,0,0,-0,0,0.13403137,0.524895132,0.305510759,0.99999994,-2.00290851e-05,3.18691054e-05,-0.00024749586,2.87367352e-10,9.56971962e-06,-0.00313567347,-0.000164555386,4.94140329e-09,-7.9661267e-19,0,0,0,0,0,0,0,0,0,0,9.66946004e-07,0.038936343,0.00931119919,-2.15163141e-06,-0.0389455408,0.00927264802,0,0,0,0,0,0,0,0,0,0,0,0,0,2.11625552,0,0
74,-0.277781069,-0.279681176,0.559557796,-0.277787954,0.27776441,-4.60686351e-06,-0.56078434,0.598752379,-0.598752379,-0.566206753,0.598752379,-0.598752379,0,-0.00672522979,0.00703438604,-0,-0,0,0,-0,0,0,-0,0,0.134028286,0.524877548,0.305475086,0.99999994,3.72387467e-06,3.78326149e-05,-0.000247495307,-2.06903272e-09,-0.000111329755,-0.00282718684,0.000309156254,-5.74558356e-09,3.90486867e-19,0,0,0,0,0,0,0,0,0,0,-9.93810204e-07,0.038936343,0.00931119919,-4.12306861e-07,-0.0389455408,0.00927264895,0,0,0,0,0,0,0,0,0,0,0,0,0,2.12823176,0,0
75,-0.277781069,-0.279698044,0.559599936,-0.277783722,0.277766496,-3.90697124e-07,-0.490196079,0.534266174,-0.534266174,-0.496489942,0.534266174,-0.534266174,0,-0.00572824618,0.00629520882,-0,-0,0,1.47991967,-1.47991967,1.47991967,1.47991967,-1.47991967,1.47991967,0.134025365,0.524879456,0.305439323,0.99999994,-8.19633806e-06,3.18694474e-05,-0.000271337689,-3.23724025e-09,-0.00017418823,-0.00237774989,0.000566962641,-1.05368443e-08,-3.49454289e-19,0,0,0,0,0,0,0,0,0,0,7.32595353e-08,0.0376971141,0.00855658203,-1.16150159e-06,-0.0377063788,0.00851566251,0,0,0,0,0,0,0,0,0,0,0,0,0,2.14006615,0,0
76,-0.277781069,-0.279712707,0.559629261,-0.277785838,0.277766496,1.77078982e-06,-0.490196079,0.534266174,-0.534266174,-0.496489942,0.534266174,-0.534266174,0,-0.00344248279,0.00468428154,-0,-0,0,0,-0,0,0,-0,0,0.134025365,0.524876177,0.305402875,0.99999994,-1.43076086e-05,3.18677667e-05,-0.000265377428,-6.31183061e-09,-0.000339624676,-0.00133897585,0.00124179875,-2.30784867e-08,0,0,0,0,0,0,0,0,0,0,0,5.34086951e-07,0.0376972184,0.0085561322,-1.62232527e-06,-0.0377062783,0.00851611141,0,0,0,0,0,0,0,0,0,0,0,0,0,2.15176225,0,0
77,-0.277783096,-0.279714227,0.559615433,-0.277781636,0.277770817,-3.90697124e-07,-0.490196079,0.534266174,-0.534266174,-0.496489942,0.534266174,-0.534266174,0,0.00626087608,-0.00548771536,-0,-0,0,0,-0,0,0,-0,0,0.134025425,0.524887443,0.305396855,0.99999994,-1.39147323e-05,1.97113659e-05,-0.000253456325,-5.17544185e-09,-0.000172349188,0.00273792376,0.000773160718,-2.32171011e-08,3.04629397e-19,0,0,0,0,0,0,0,0,0,0,7.12265376e-07,0.0376974232,0.00855523348,-1.38542043e-06,-0.0377060771,0.00851701107,0,0,0,0,0,0,0,0,0,0,0,0,0,2.16332293,0,0
78,-0.277783096,-0.279672921,0.559558094,-0.277781636,0.277766496,1.77078982e-06,-0.490196079,0.534266174,-0.534266174,-0.496489942,0.534266174,-0.534266174,0,0.0233125351,-0.0220821686,-0,-0,0,0,-0,0,0,-0,0,0.13403137,0.524877965,0.305503279,0.99999994,-2.0030413e-05,3.18695238e-05,-0.000289219082,-6.44014575e-09,-0.00021446553,0.0100301048,0.00123036653,-3.69464495e-08,1.2258066e-18,0,0,0,0,0,0,0,0,0,0,9.65485128e-07,0.0376968086,0.00855793059,-2.05385163e-06,-0.0377066843,0.00851431396,0,0,0,0,0,0,0,0,0,0,0,0,0,2.17475176,0,0
79,-0.277781069,-0.279595852,0.55937022,-0.277783722,0.277766496,8.17936234e-06,-0.490196079,0.534266174,-0.534266174,-0.496489942,0.534266174,-0.534266174,0,0.0359434895,-0.0360157788,-0,-0,0,0,-0,0,0,-0,0,0.134025365,0.524892569,0.305677772,1,-3.24264693e-05,3.18633683e-05,-0.000235575673,3.26880456e-09,0.000175886627,0.0152679561,-7.22892582e-05,1.343476e-09,3.99855469e-18,0,0,0,0,0,0,0,0,0,0,1.90039384e-06,0.0376977287,0.00855388585,-2.98861323e-06,-0.0377057716,0.00851835869,0,0,0,0,0,0,0,0,0,0,0,0,0,2.18605137,0,0
80,-0.277776837,-0.279443979,0.55907917,-0.277792156,0.277772903,3.87887303e-06,-0.490196079,0.534266174,-0.534266174,-0.496489942,0.534266174,-0.534266174,0,0.0607178174,-0.0592253096,-0,-0,0,0,-0,0,0,-0,0,0.134003982,0.524882436,0.306041539,1,-8.34184448e-06,1.37436955e-05,-0.000229614961,7.66523123e-10,-0.000145806291,0.0259529576,0.00149250776,7.84631293e-09,3.28766512e-18,0,0,0,0,0,0,0,0,0,0,3.94097867e-07,0.0376978293,0.00855343603,-8.63434764e-07,-0.037705671,0.00851880852,0,0,0,0,0,0,0,0,0,0,0,0,0,2.19722462,0,0
81,-0.277779043,-0.279242009,0.558691621,-0.277792156,0.277770817,5.98695578e-06,-0.411764711,0.462614775,-0.462614775,-0.419026881,0.462614775,-0.462614775,0,0.0723562315,-0.0759378299,-0,-0,0,1.76566744,-1.76566744,1.76566744,1.76566744,-1.76566744,1.76566744,0.134013399,0.524878263,0.306531519,0.99999994,-2.05030155e-05,1.97039044e-05,-0.000252741651,8.48298676e-09,0.00118798821,0.030392753,-0.0035815984,2.55748773e-08,-8.43079272e-18,0,0,0,0,0,0,0,0,0,0,1.18343064e-06,0.0362989381,0.00775192864,-1.7931178e-06,-0.0363067575,0.00771522801,0,0,0,0,0,0,0,0,0,0,0,0,0,2.20827436,0,0
82,-0.277779043,-0.278990477,0.558184326,-0.277787954,0.277770817,1.77078982e-06,-0.411764711,0.462614775,-0.462614775,-0.419026881,0.462614775,-0.462614775,0,0.0981736407,-0.102538779,-0,-0,0,0,-0,0,0,-0,0,0.134013399,0.524890423,0.307137221,0.99999994,-8.58220483e-06,1.97069094e-05,-0.000258701853,1.01660431e-08,0.00142368954,0.0412869677,-0.00436513871,3.11698507e-08,0,0,0,0,0,0,0,0,0,0,0,3.1790259e-07,0.036298845,0.00775236171,-9.27591032e-07,-0.0363068469,0.00771479495,0,0,0,0,0,0,0,0,0,0,0,0,0,2.21920347,0,0
83,-0.277779043,-0.278635234,0.557466567,-0.277783722,0.277772903,3.87887303e-06,-0.411764711,0.462614775,-0.462614775,-0.419026881,0.462614775,-0.462614775,0,0.122786634,-0.120344236,-0,-0,0,0,-0,0,0,-0,0,0.134010479,0.524904311,0.307991326,0.99999994,-1.45411495e-05,1.37448906e-05,-0.000260370871,-2.73817724e-09,-0.000383464241,0.0524275936,0.00244239718,-1.74402608e-08,1.33608942e-17,0,0,0,0,0,0,0,0,0,0,8.4285756e-07,0.0362988189,0.00775248278,-1.26816349e-06,-0.036306873,0.00771467388,0,0,0,0,0,0,0,0,0,0,0,0,0,2.23001432,0,0
84,-0.277774662,-0.278261244,0.556740046,-0.277787954,0.277770817,5.98695578e-06,-0.411764711,0.462614775,-0.462614775,-0.419026881,0.462614775,-0.462614775,0,0.142102227,-0.138319358,-0,-0,0,0,-0,0,0,-0,0,0.134000391,0.524896264,0.30889377,0.99999994,-8.10576148e-06,1.97001027e-05,-0.000278729509,1.44897463e-08,-0.000820720976,0.0607708916,0.00378286839,6.67861642e-08,-1.53565336e-17,0,0,0,0,0,0,0,0,0,0,2.83386299e-07,0.0362985358,0.0077538155,-8.92865387e-07,-0.0363071561,0.00771334069,0,0,0,0,0,0,0,0,0,0,0,0,0,2.24070978,0,0
85,-0.277783096,-0.277847409,0.555881917,-0.277787954,0.277772903,3.87887303e-06,-0.411764711,0.462614775,-0.462614775,-0.419026881,0.462614775,-0.462614775,0,0.154825583,-0.160235509,-0,-0,0,0,-0,0,0,-0,0,0.134022504,0.524904072,0.30987981,1,-2.59849039e-05,1.37477709e-05,-0.000235813597,4.31128662e-08,0.00143571652,0.0652606338,-0.00540992618,1.62453674e-07,-8.89485759e-18,0,0,0,0,0,0,0,0,0,0,1.67368307e-06,0.0362991989,0.00775069976,-2.09915061e-06,-0.036306493,0.00771645689,0,0,0,0,0,0,0,0,0,0,0,0,0,2.25129175,0,0
86,-0.277776837,-0.277312398,0.554847121,-0.277781636,0.277766496,8.17936234e-06,-0.411764711,0.462614775,-0.462614775,-0.419026881,0.462614775,-0.462614775,0,0.176108629,-0.171376377,-0,-0,0,0,-0,0,0,-0,0,0.134012848,0.52490145,0.311179101,0.99999994,-2.05077031e-05,3.18588136e-05,-0.000303437933,7.5189881e-09,-0.00143024477,0.0753183663,0.00473225117,2.48780765e-08,0,0,0,0,0,0,0,0,0,0,0,9.95412734e-07,0.0362981521,0.00775560923,-1.98113594e-06,-0.0363075398,0.0077115465,0,0,0,0,0,0,0,0,0,0,0,0,0,2.2617631,0,0
87,-0.277776837,-0.276816249,0.553854108,-0.277790129,0.277770817,1.77078982e-06,-0.34117648,0.398128569,-0.398128569,-0.3493101,0.398128569,-0.398128569,0,0.185351476,-0.188012794,-0,-0,0,1.47930515,-1.47930515,1.47930515,1.47930515,-1.47930515,1.47930515,0.134006903,0.524885118,0.312366515,0.99999994,-2.3837099e-06,1.97051559e-05,-0.000278403313,-1.39435319e-09,0.000265230716,0.0785075277,-0.00266131759,-1.39909018e-08,-1.04368066e-17,0,0,0,0,0,0,0,0,0,0,-1.11073128e-07,0.0350209847,0.00706481328,-4.44261445e-07,-0.0350288302,0.00702580903,0,0,0,0,0,0,0,0,0,0,0,0,0,2.27212596,0,0
88,-0.277783096,-0.276281953,0.552752554,-0.277783722,0.277766496,8.17936234e-06,-0.34117648,0.398128569,-0.398128569,-0.3493101,0.398128569,-0.398128569,0,0.195153266,-0.192609787,-0,-0,0,0,-0,0,0,-0,0,0.13403137,0.524894118,0.313644797,0.99999994,-3.81489699e-05,3.18646016e-05,-0.0002497932,-4.09707397e-08,-0.0013643807,0.0831911638,0.0025434792,-7.63776669e-08,1.0691991e-17,0,0,0,0,0,0,0,0,0,0,2.22264453e-06,0.035021387,0.00706280954,-3.12089742e-06,-0.0350284278,0.00702781323,0,0,0,0,0,0,0,0,0,0,0,0,0,2.28238249,0,0
89,-0.277783096,-0.275630653,0.551454604,-0.277785838,0.277770817,3.87887303e-06,-0.34117648,0.398128569,-0.398128569,-0.3493101,0.398128569,-0.398128569,0,0.210884094,-0.20895949,-0,-0,0,0,-0,0,0,-0,0,0.134025425,0.524873137,0.315210164,0.99999994,-2.59865992e-05,1.97082954e-05,-0.000250508107,-4.77378457e-08,-0.00158973446,0.0898113176,0.00192460418,-5.7793585e-08,-2.31991637e-17,0,0,0,0,0,0,0,0,0,0,1.54221686e-06,0.0350213796,0.00706285937,-2.09780478e-06,-0.035028439,0.00702776341,0,0,0,0,0,0,0,0,0,0,0,0,0,2.29253483,0,0
90,-0.277783096,-0.275039375,0.55028522,-0.277783722,0.277766496,1.77078982e-06,-0.34117648,0.398128569,-0.398128569,-0.3493101,0.398128569,-0.398128569,0,0.215877011,-0.21455723,-0,-0,0,0,-0,0,0,-0,0,0.13403137,0.524850905,0.316635966,0.99999994,-2.00299637e-05,3.18693819e-05,-0.000275064987,-5.29895878e-08,-0.00176462461,0.0918685049,0.00131978095,-3.9631459e-08,0,0,0,0,0,0,0,0,0,0,0,9.5334417e-07,0.0350210331,0.00706457952,-1.85161832e-06,-0.0350287817,0.00702604279,0,0,0,0,0,0,0,0,0,0,0,0,0,2.30258512,0,0
91,-0.277787477,-0.274424911,0.549060524,-0.277790129,0.27776441,1.77078982e-06,-0.34117648,0.398128569,-0.398128569,-0.3493101,0.398128569,-0.398128569,0,0.220184118,-0.22031334,-0,-0,0,0,-0,0,0,-0,0,0.134047315,0.524811566,0.318110049,0.99999994,-3.24289067e-05,3.78329823e-05,-0.000262905087,-9.54196651e-08,-0.00174046145,0.0935485289,-0.00012922287,7.08455961e-09,1.22298472e-17,0,0,0,0,0,0,0,0,0,0,1.73773208e-06,0.0350212045,0.00706372783,-2.80415293e-06,-0.0350286141,0.00702689495,0,0,0,0,0,0,0,0,0,0,0,0,0,2.31253552,0,0
92,-0.277776837,-0.273628652,0.547477245,-0.277790129,0.277768701,3.87887303e-06,-0.34117648,0.398128569,-0.398128569,-0.3493101,0.398128569,-0.398128569,0,0.218505949,-0.221811458,-0,-0,0,0,-0,0,0,-0,0,0.134009823,0.524775147,0.320025921,0.99999994,-8.34577259e-06,2.56639923e-05,-0.000276019331,6.92489754e-09,-0.0013172382,0.0925094709,-0.00330550969,-1.73775057e-08,0,0,0,0,0,0,0,0,0,0,0,2.22469524e-07,0.0350210182,0.00706464611,-9.45777799e-07,-0.0350287966,0.0070259762,0,0,0,0,0,0,0,0,0,0,0,0,0,2.3223877,0,0
93,-0.277779043,-0.273068577,0.546362877,-0.277785838,0.277770817,8.17936234e-06,-0.262745112,0.3264772,-0.3264772,-0.27184701,0.3264772,-0.3264772,0,0.231396571,-0.22556749,-0,-0,0,2.07642531,-2.07642531,2.07642531,2.07642531,-2.07642531,2.07642531,0.134013399,0.524743378,0.321375608,0.99999994,-2.67027553e-05,1.9701487e-05,-0.000296284939,-2.95456797e-08,-0.00413768366,0.0988906026,0.00582908094,-4.16233235e-08,0,0,0,0,0,0,0,0,0,0,0,1.5441467e-06,0.0335812382,0.0063388343,-2.04231628e-06,-0.0335887298,0.00629903097,0,0,0,0,0,0,0,0,0,0,0,0,0,2.33214378,0,0
94,-0.277776837,-0.272412032,0.545048058,-0.277775347,0.27776441,8.17936234e-06,-0.262745112,0.3264772,-0.3264772,-0.27184701,0.3264772,-0.3264772,0,0.230466262,-0.237842262,-0,-0,0,0,-0,0,0,-0,0,0.134015784,0.524715304,0.32295832,0.99999994,-2.05102751e-05,3.78187578e-05,-0.00032361623,5.51604673e-09,-0.0010492499,0.0971666425,-0.00737600029,-3.87766192e-08,-1.32028978e-17,0,0,0,0,0,0,0,0,0,0,8.9882036e-07,0.0335808918,0.00634066993,-1.854885e-06,-0.0335890725,0.00629719486,0,0,0,0,0,0,0,0,0,0,0,0,0,2.3418057,0,0
95,-0.277783096,-0.271655649,0.543561637,-0.277785838,0.277772903,8.17936234e-06,-0.262745112,0.3264772,-0.3264772,-0.27184701,0.3264772,-0.3264772,0,0.238552883,-0.240070045,-0,-0,0,0,-0,0,0,-0,0,0.134022489,0.524626076,0.324776649,0.99999994,-3.81455611e-05,1.37441302e-05,-0.000331093761,-9.35046387e-08,-0.00311383046,0.10117279,-0.00151716173,4.5558572e-08,0,0,0,0,0,0,0,0,0,0,0,2.38807456e-06,0.0335807987,0.00634117192,-2.73578667e-06,-0.0335891657,0.00629669288,0,0,0,0,0,0,0,0,0,0,0,0,0,2.35137534,0,0
96,-0.277781069,-0.270994306,0.542207062,-0.277794272,0.277766496,1.02031217e-05,-0.262745112,0.3264772,-0.3264772,-0.27184701,0.3264772,-0.3264772,0,0.245773926,-0.237671539,-0,-0,0,0,-0,0,0,-0,0,0.134025365,0.52457118,0.326351255,0.99999994,-3.81493628e-05,3.18615021e-05,-0.000262191315,-1.13688962e-07,-0.00611733366,0.105185948,0.00810238719,-1.50580632e-07,2.63868415e-17,0,0,0,0,0,0,0,0,0,0,2.15914292e-06,0.0335816704,0.00633654417,-2.96471853e-06,-0.0335882977,0.00630132155,0,0,0,0,0,0,0,0,0,0,0,0,0,2.36085391,0,0
97,-0.277772635,-0.270304382,0.540831268,-0.277783722,0.277775019,3.87887303e-06,-0.262745112,0.3264772,-0.3264772,-0.27184701,0.3264772,-0.3264772,0,0.235228017,-0.245193109,-0,-0,0,0,-0,0,0,-0,0,0.133988559,0.524523675,0.328015149,0.99999994,3.5799228e-06,7.77875539e-06,-0.000297715247,4.73344599e-08,-0.00162667001,0.0988877639,-0.00996509194,-2.89974139e-07,-1.36109517e-17,0,0,0,0,0,0,0,0,0,0,-3.38912315e-07,0.0335812233,0.00633893022,1.42325476e-07,-0.0335887447,0.00629893504,0,0,0,0,0,0,0,0,0,0,0,0,0,2.37024379,0,0
98,-0.277779043,-0.269522518,0.539267898,-0.277781636,0.27776441,1.77078982e-06,-0.262745112,0.3264772,-0.3264772,-0.27184701,0.3264772,-0.3264772,0,0.241427019,-0.241000518,-0,-0,0,0,-0,0,0,-0,0,0.134022281,0.524438083,0.329893589,0.99999994,-8.58861131e-06,3.78266559e-05,-0.000304152403,-3.49842715e-08,-0.00489932392,0.102537282,0.000426501036,-3.0454872e-09,0,0,0,0,0,0,0,0,0,0,0,9.80427757e-08,0.0335811414,0.00633936236,-1.05420531e-06,-0.0335888267,0.00629850244,0,0,0,0,0,0,0,0,0,0,0,0,0,2.37954617,0,0
99,-0.27778545,-0.268827945,0.537881255,-0.277785838,0.277766496,3.87887303e-06,-0.184313729,0.25482583,-0.25482583,-0.194383919,0.25482583,-0.25482583,0,0.245387584,-0.246647403,-0,-0,0,1.6481905,-1.6481905,1.6481905,1.6481905,-1.6481905,1.6481905,0.134038359,0.52434516,0.331559211,0.99999994,-3.26668087e-05,3.18698003e-05,-0.000295807375,-2.14625402e-07,-0.00494753662,0.104030415,-0.00125981867,5.4651256e-08,1.36916813e-17,0,0,0,0,0,0,0,0,0,0,1.73905971e-06,0.0321217962,0.00565250078,-2.45743104e-06,-0.0321284607,0.00561448932,0,0,0,0,0,0,0,0,0,0,0,0,0,2.38876271,0,0
100,-0.277776837,-0.26813364,0.536495686,-0.277785838,0.277768701,5.98695578e-06,-0.184313729,0.25482583,-0.25482583,-0.194383919,0.25482583,-0.25482583,0,0.24386467,-0.243316039,-0,-0,0,0,-0,0,0,-0,0,0.134009823,0.524262726,0.333226442,0.99999994,-1.43068546e-05,2.56618769e-05,-0.000300099753,3.04517336e-08,-0.00579245947,0.103543162,0.000548630953,2.88422619e-09,0,0,0,0,0,0,0,0,0,0,0,6.29543877e-07,0.0321217477,0.00565277645,-1.20790492e-06,-0.0321285091,0.00561421365,0,0,0,0,0,0,0,0,0,0,0,0,0,2.39789534,0,0
101,-0.277781069,-0.267341673,0.534919143,-0.277785838,0.277772903,3.87887303e-06,-0.184313729,0.25482583,-0.25482583,-0.194383919,0.25482583,-0.25482583,0,0.248303249,-0.241098881,3.17175909e-05,-0,0,0,-0,0,0,-0,0,0.134016484,0.524148405,0.335128814,0.99999994,-2.02638857e-05,1.37462966e-05,-0.000310589676,-1.50490351e-07,-0.00809752941,0.106067516,0.0072360863,-1.34480672e-07,-1.33832033e-17,0,0,0,0,0,0,0,0,0,0,1.14673537e-06,0.0321216285,0.00565345027,-1.45663603e-06,-0.0321286283,0.00561353937,0,0,0,0,0,0,0,0,0,0,0,0,0,2.40694499,0,0
102,-0.277783096,-0.266651303,0.533518732,-0.277785838,0.277768701,-3.90697124e-07,-0.184313729,0.25482583,-0.25482583,-0.194383919,0.25482583,-0.25482583,0,0.249943927,-0.250225872,6.43665174e-08,-0,0,0,-0,0,0,-0,0,0.134028316,0.524053991,0.336779296,0.99999994,-1.39169933e-05,2.56723015e-05,-0.000282694265,-1.98361789e-07,-0.00660571456,0.105987832,-0.000281880493,8.46453752e-09,-1.38903295e-17,0,0,0,0,0,0,0,0,0,0,6.04410332e-07,0.0321219452,0.0056516584,-1.18299818e-06,-0.0321283154,0.0056153317,0,0,0,0,0,0,0,0,0,0,0,0,0,2.41591382,0,0
103,-0.277783096,-0.265946865,0.532145262,-0.277785838,0.277770817,1.77078982e-06,-0.184313729,0.25482583,-0.25482583,-0.194383919,0.25482583,-0.25482583,0,0.242149994,-0.250121355,2.12610746e-17,-0,0,0,-0,0,0,-0,0,0.134025395,0.523929477,0.338478714,0.99999994,-2.00277555e-05,1.9710611e-05,-0.0003327624,-1.44214852e-07,-0.00480254879,0.101887867,-0.00797136128,2.39370536e-07,-2.77690487e-17,0,0,0,0,0,0,0,0,0,0,1.06421282e-06,0.0321213789,0.00565487472,-1.50852156e-06,-0.0321288779,0.00561211491,0,0,0,0,0,0,0,0,0,0,0,0,0,2.42480278,0,0
104,-0.277783096,-0.265165299,0.53056401,-0.277787954,0.277770817,-3.90697124e-07,-0.184313729,0.25482583,-0.25482583,-0.194383919,0.25482583,-0.25482583,0,0.251538336,-0.251018673,4.58538786e-28,-0,0,0,-0,0,0,-0,0,0.13402538,0.523804367,0.340346366,0.99999994,-1.39156746e-05,1.97121371e-05,-0.000301291031,-2.32830089e-07,-0.00775355566,0.10668388,0.000519663095,-1.56048667e-08,-1.39343355e-17,0,0,0,0,0,0,0,0,0,0,6.71560485e-07,0.0321217328,0.00565285282,-1.11584791e-06,-0.032128524,0.00561413681,0,0,0,0,0,0,0,0,0,0,0,0,0,2.4336133,0,0
105,-0.277779043,-0.264464736,0.529118717,-0.277785838,0.277766496,3.87887303e-06,-0.184313729,0.25482583,-0.25482583,-0.194383919,0.25482583,-0.25482583,0,0.248099908,-0.246367395,1.51461183e-37,-0,0,0,-0,0,0,-0,0,0.13401936,0.523705363,0.342014223,0.99999994,-1.45453705e-05,3.18648163e-05,-0.000244786381,-5.98533205e-08,-0.00838207547,0.105316803,0.00173251331,-1.23712409e-08,-0,0,0,0,0,0,0,0,0,0,0,5.74982039e-07,0.0321223736,0.00564922299,-1.29310354e-06,-0.032127887,0.00561776757,0,0,0,0,0,0,0,0,0,0,0,0,0,2.44234705,0,0
106,-0.277776837,-0.26376003,0.527745605,-0.27779007,0.277766496,-3.90697124e-07,-0.184313729,0.25482583,-0.25482583,-0.194383919,0.25482583,-0.25482583,0,0.245379224,-0.245939672,3.85539533e-05,-0,0,0,-0,0,0,-0,0,0.134012863,0.523555398,0.343710601,0.99999994,3.72418276e-06,3.18661951e-05,-0.000284125243,4.2618673e-08,-0.0081068268,0.103906609,-0.000521893613,-2.74366441e-09,-1.36480161e-17,0,0,0,0,0,0,0,0,0,0,-5.98885663e-07,0.0321219265,0.00565175014,-1.19162785e-07,-0.0321283303,0.00561523996,0,0,0,0,0,0,0,0,0,0,0,0,0,2.45100498,0,0
107,-0.27778545,-0.26296553,0.526146173,-0.277777344,0.277775019,5.98695578e-06,-0.184313729,0.25482583,-0.25482583,-0.194383919,0.25482583,-0.25482583,0,0.253274232,-0.251029521,4.63688411e-05,-0,0,0,-0,0,0,-0,0,0.134026527,0.523415327,0.34561792,0.99999994,-3.86202228e-05,7.78780577e-06,-0.000305256981,-4.15780306e-07,-0.00958455168,0.107492931,0.00229107984,-9.9387627e-08,1.3936066e-17,0,0,0,0,0,0,0,0,0,0,2.39332894e-06,0.0321216881,0.005653108,-2.5690847e-06,-0.0321285687,0.00561388209,0,0,0,0,0,0,0,0,0,0,0,0,0,2.45958877,0,0
108,-0.27778545,-0.262256801,0.524747074,-0.277796388,0.277768701,5.98695578e-06,-0.0745098069,0.154513925,-0.154513925,-0.0859356076,0.154513925,-0.154513925,0,0.248915911,-0.252593815,4.23945457e-05,-0,0,2.46985459,-2.46985459,2.46985459,2.46985459,-2.46985459,2.46985459,0.134035274,0.52323544,0.347309411,0.99999994,-3.86249667e-05,2.56690673e-05,-0.000277449348,-3.60448809e-07,-0.00830905233,0.105019175,-0.0036355101,1.57709366e-07,-2.6130682e-21,0,0,0,0,0,0,0,0,0,0,2.07730341e-06,0.0300474316,0.00476037199,-2.56457201e-06,-0.0300526954,0.00472702226,0,0,0,0,0,0,0,0,0,0,0,0,0,2.46809959,0,0
109,-0.277779043,-0.261549681,0.523339868,-0.27777943,0.277770817,3.87887303e-06,-0.0745098069,0.154513925,-0.154513925,-0.0859356076,0.154513925,-0.154513925,0,0.244567022,-0.252944946,3.7145408e-05,-0,0,0,-0,0,0,-0,0,0.134013385,0.523108482,0.349013627,0.99999994,-1.454418e-05,1.97047993e-05,-0.000335385354,-5.23889803e-08,-0.00733674224,0.102671012,-0.00834077876,5.95584382e-08,-1.40368894e-17,0,0,0,0,0,0,0,0,0,0,6.86716419e-07,0.0300468784,0.00476385327,-1.06070343e-06,-0.030053243,0.00472354004,0,0,0,0,0,0,0,0,0,0,0,0,0,2.47653842,0,0
110,-0.277779043,-0.260740429,0.521741807,-0.277785838,0.277768701,1.02031217e-05,-0.0745098069,0.154513925,-0.154513925,-0.0859356076,0.154513925,-0.154513925,0,0.260538697,-0.252721786,4.44270736e-05,-0,0,0,-0,0,0,-0,0,0.134016305,0.522908449,0.350952059,0.99999994,-3.24278481e-05,2.56589956e-05,-0.000346114684,-9.05644484e-08,-0.0126829725,0.111000068,0.00786133762,-5.61349225e-08,9.39274655e-23,0,0,0,0,0,0,0,0,0,0,1.70484054e-06,0.0300467778,0.00476449821,-2.19192771e-06,-0.0300533436,0.0047228951,0,0,0,0,0,0,0,0,0,0,0,0,0,2.48490667,0,0
111,-0.277783096,-0.260035813,0.520321786,-0.27779007,0.27776441,3.87887303e-06,-0.0745098069,0.154513925,-0.154513925,-0.0859356076,0.154513925,-0.154513925,0,0.254528224,-0.251334846,3.93525115e-05,-0,0,0,-0,0,0,-0,0,0.134034231,0.522737801,0.352631837,0.99999994,-2.5993726e-05,3.78283839e-05,-0.000318934151,-3.50191499e-07,-0.011661849,0.107953191,0.00323273102,-9.70750804e-08,-1.39505102e-17,0,0,0,0,0,0,0,0,0,0,1.2025298e-06,0.0300470367,0.00476286467,-1.92047264e-06,-0.0300530884,0.00472452864,0,0,0,0,0,0,0,0,0,0,0,0,0,2.49320555,0,0
112,-0.277781069,-0.259327084,0.518877149,-0.277781636,0.27776441,3.87887303e-06,-0.0745098069,0.154513925,-0.154513925,-0.0859356076,0.154513925,-0.154513925,0,0.245599732,-0.252217561,5.02365911e-05,-0,0,0,-0,0,0,-0,0,0.134028241,0.522588253,0.354323357,0.99999994,-2.02711308e-05,3.78265831e-05,-0.000304390851,-1.69856577e-07,-0.00913957972,0.103156582,-0.00656759273,1.22056903e-07,-1.40006804e-17,0,0,0,0,0,0,0,0,0,0,8.58671342e-07,0.0300471745,0.00476199109,-1.57653994e-06,-0.0300529506,0.00472540315,0,0,0,0,0,0,0,0,0,0,0,0,0,2.501436,0,0
113,-0.277783096,-0.258520186,0.517269254,-0.277777344,0.277772903,1.77078982e-06,-0.0745098069,0.154513925,-0.154513925,-0.0859356076,0.154513925,-0.154513925,0,0.249630198,-0.250421554,4.30307773e-05,-0,0,0,-0,0,0,-0,0,0.13402243,0.522383869,0.356255621,0.99999994,-2.00256618e-05,1.37500674e-05,-0.000324807217,-3.39887208e-07,-0.0113187013,0.105389677,-0.000748325197,2.2471319e-08,2.78006834e-17,0,0,0,0,0,0,0,0,0,0,1.07276253e-06,0.0300469808,0.00476321764,-1.33379058e-06,-0.0300531425,0.00472417567,0,0,0,0,0,0,0,0,0,0,0,0,0,2.50959921,0,0
114,-0.277783096,-0.257814914,0.515831769,-0.277787954,0.277766496,5.98695578e-06,-0.0745098069,0.154513925,-0.154513925,-0.0859356076,0.154513925,-0.154513925,0,0.249886066,-0.248831734,3.8164846e-05,-0,0,0,-0,0,0,-0,0,0.134031296,0.522192836,0.357926607,0.99999994,-3.19503051e-05,3.18661369e-05,-0.000256707135,-3.6734599e-07,-0.0122331167,0.105634697,0.00109249656,-3.28063763e-08,-2.76212762e-17,0,0,0,0,0,0,0,0,0,0,1.61732157e-06,0.030047629,0.00475912541,-2.22213043e-06,-0.0300524998,0.00472826883,0,0,0,0,0,0,0,0,0,0,0,0,0,2.51769638,0,0
115,-0.277783096,-0.257003546,0.514232278,-0.277792156,0.277770817,3.87887303e-06,-0.0745098069,0.154513925,-0.154513925,-0.0859356076,0.154513925,-0.154513925,0,0.25087446,-0.253334075,4.51435626e-05,-0,0,0,-0,0,0,-0,0,0.134025335,0.521953166,0.359867841,0.99999994,-2.5987134e-05,1.97084046e-05,-0.000277687825,-3.55833123e-07,-0.0118497219,0.105645753,-0.00241447194,7.2503731e-08,-1.40627123e-17,0,0,0,0,0,0,0,0,0,0,1.37445147e-06,0.0300474279,0.00476038596,-1.7485512e-06,-0.0300526973,0.00472700782,0,0,0,0,0,0,0,0,0,0,0,0,0,2.5257287,0,0
116,-0.277779043,-0.256276667,0.512785614,-0.27777943,0.277766496,3.87887303e-06,-0.0745098069,0.154513925,-0.154513925,-0.0859356076,0.154513925,-0.154513925,0,0.25675723,-0.252409428,4.13006419e-05,-0,0,0,-0,0,0,-0,0,0.134019345,0.521762609,0.361611456,0.99999994,-1.45478853e-05,3.18642342e-05,-0.00032370293,-1.02558609e-07,-0.0143626779,0.108754419,0.00438910164,-3.13409636e-08,1.40101135e-17,0,0,0,0,0,0,0,0,0,0,5.71356679e-07,0.0300469901,0.00476315152,-1.17606317e-06,-0.0300531331,0.00472424226,0,0,0,0,0,0,0,0,0,0,0,0,0,2.53369689,0,0
117,-0.277776837,-0.255567342,0.51136595,-0.27779007,0.277766496,5.98695578e-06,0.0431372561,0.0470368788,-0.0470368788,0.0302590169,0.0470368788,-0.0470368788,0,0.252679616,-0.25127992,5.23529816e-05,-0,0,2.6494174,-2.6494174,2.6494174,2.6494174,-2.6494174,2.6494174,0.134012878,0.521539867,0.363296896,0.99999994,-1.43084644e-05,3.18609127e-05,-0.000292232056,7.26019422e-08,-0.0138101773,0.106687903,0.00145204889,7.63361463e-09,-1.39504292e-17,0,0,0,0,0,0,0,0,0,0,5.47326806e-07,0.0277873725,0.00389838964,-1.04214678e-06,-0.0277919117,0.00386590557,0,0,0,0,0,0,0,0,0,0,0,0,0,2.5416019,0,0
118,-0.27778545,-0.254508257,0.509248137,-0.277798504,0.277766496,3.87887303e-06,0.0431372561,0.0470368788,-0.0470368788,0.0302590169,0.0470368788,-0.0470368788,0,0.254031867,-0.250246882,4.24708742e-05,-0,0,0,-0,0,0,-0,0,0.134038225,0.521195114,0.365816563,0.99999994,-3.26659501e-05,3.18695129e-05,-0.000268866075,-6.57051999e-07,-0.0151463374,0.107412264,0.00382745522,-1.66035989e-07,-2.77809767e-17,0,0,0,0,0,0,0,0,0,0,1.56756153e-06,0.027787555,0.00389709114,-2.06258665e-06,-0.0277917311,0.0038672043,0,0,0,0,0,0,0,0,0,0,0,0,0,2.54944515,0,0
119,-0.277783096,-0.254074663,0.508352935,-0.277781636,0.277768701,1.02031217e-05,0.0431372561,0.0470368788,-0.0470368788,0.0302590169,0.0470368788,-0.0470368788,0,0.246005863,-0.250137597,5.23852686e-05,-0,0,0,-0,0,0,-0,0,0.134028226,0.521093905,0.366851091,0.99999994,-4.38701645e-05,2.56639141e-05,-0.000276973005,-3.87024699e-07,-0.0128884437,0.103207372,-0.00407934887,1.22498022e-07,1.38824531e-17,0,0,0,0,0,0,0,0,0,0,2.23852089e-06,0.0277874917,0.00389754167,-2.63723405e-06,-0.0277917925,0.00386675354,0,0,0,0,0,0,0,0,0,0,0,0,0,2.55722737,0,0
120,-0.277781069,-0.253381938,0.506958246,-0.27779007,0.27776441,3.87887303e-06,0.0431372561,0.0470368788,-0.0470368788,0.0302590169,0.0470368788,-0.0470368788,0,0.246472806,-0.24494186,4.70140221e-05,-0,0,0,-0,0,0,-0,0,0.134028211,0.520861924,0.36849314,1,-2.02686952e-05,3.78266923e-05,-0.000240017835,-2.75015367e-07,-0.0147979259,0.103913307,0.00157795928,-2.9325939e-08,-1.35950955e-17,0,0,0,0,0,0,0,0,0,0,8.32279738e-07,0.0277877804,0.00389548787,-1.41975056e-06,-0.0277915075,0.00386880781,0,0,0,0,0,0,0,0,0,0,0,0,0,2.56494927,0,0
121,-0.277779043,-0.252594292,0.505405307,-0.277783722,0.277770817,3.87887303e-06,0.0431372561,0.0470368788,-0.0470368788,0.0302590169,0.0470368788,-0.0470368788,0,0.243491352,-0.246879861,8.2632243e-05,-0,0,0,-0,0,0,-0,0,0.13401337,0.520598352,0.370377481,0.99999994,-1.45432778e-05,1.97051395e-05,-0.000289608986,-9.84933877e-08,-0.0137933707,0.102106206,-0.00330587686,2.36060522e-08,6.92979121e-21,0,0,0,0,0,0,0,0,0,0,6.54958626e-07,0.027787393,0.00389824389,-9.61017122e-07,-0.0277918912,0.00386605132,0,0,0,0,0,0,0,0,0,0,0,0,0,2.57261229,0,0
122,-0.277783096,-0.251892716,0.504002213,-0.277783722,0.277766496,1.77078982e-06,0.0431372561,0.0470368788,-0.0470368788,0.0302590169,0.0470368788,-0.0470368788,0,0.2495424,-0.248851731,0.000121437763,-0,0,0,-0,0,0,-0,0,0.134031236,0.520352662,0.372046024,0.99999994,-2.00304257e-05,3.18695274e-05,-0.000289608521,-4.69431711e-07,-0.0156327076,0.105002478,0.000812106591,-2.43865994e-08,-1.38017095e-17,0,0,0,0,0,0,0,0,0,0,8.65274444e-07,0.027787393,0.00389824389,-1.36025335e-06,-0.0277918912,0.00386605132,0,0,0,0,0,0,0,0,0,0,0,0,0,2.58021688,0,0
123,-0.277783096,-0.251183629,0.502573431,-0.27779007,0.277768701,8.17936234e-06,0.113725491,-0.0174493454,0.0174493454,0.0999757946,-0.0174493454,0.0174493454,0,0.242085859,-0.244534642,8.63063397e-05,-0,0,1.58801115,-1.58801115,1.58801115,1.58801115,-1.58801115,1.58801115,0.134028196,0.520096421,0.373724848,0.99999994,-3.81475984e-05,2.56656622e-05,-0.000256707281,-4.43374546e-07,-0.0147649692,0.10148938,-0.00236247596,7.0942356e-08,-1.35785163e-17,0,0,0,0,0,0,0,0,0,0,1.83993075e-06,0.0264148396,0.00342499907,-2.19029153e-06,-0.0264183432,0.0033978736,0,0,0,0,0,0,0,0,0,0,0,0,0,2.58776402,0,0
124,-0.277781069,-0.250482559,0.501164556,-0.277787954,0.277770817,1.77078982e-06,0.113725491,-0.0174493454,0.0174493454,0.0999757946,-0.0174493454,0.0174493454,0,0.242399424,-0.247721225,0.000124740909,-0,0,0,-0,0,0,-0,0,0.134019315,0.519847929,0.375389516,0.99999994,-1.43041407e-05,1.97083664e-05,-0.000253130711,-2.68267854e-07,-0.0144348582,0.101276107,-0.00519705983,9.65859215e-08,1.05220112e-20,0,0,0,0,0,0,0,0,0,0,6.20977403e-07,0.0264148656,0.00342481025,-8.89962166e-07,-0.026418319,0.00339806266,0,0,0,0,0,0,0,0,0,0,0,0,0,2.59525466,0,0
125,-0.277781069,-0.249687657,0.499611646,-0.277787954,0.277768701,5.98695578e-06,0.113725491,-0.0174493454,0.0174493454,0.0999757946,-0.0174493454,0.0174493454,0,0.256603777,-0.250097603,0.000160137453,-0,0,0,-0,0,0,-0,0,0.134022236,0.519534647,0.377287,0.99999994,-2.62279173e-05,2.5665413e-05,-0.000305344642,-3.51715471e-07,-0.0189249776,0.10834913,0.00666631246,-1.23891581e-07,1.38674671e-17,0,0,0,0,0,0,0,0,0,0,1.21012397e-06,0.026414508,0.00342756859,-1.56045701e-06,-0.0264186729,0.00339530385,0,0,0,0,0,0,0,0,0,0,0,0,0,2.60268974,0,0
126,-0.27778545,-0.24899064,0.498211533,-0.277794272,0.277772903,1.77078982e-06,0.113725491,-0.0174493454,0.0174493454,0.0999757946,-0.0174493454,0.0174493454,0,0.255117208,-0.249046847,0.000154029229,-0,0,0,-0,0,0,-0,0,0.134029254,0.51925683,0.378935248,0.99999994,-2.67007508e-05,1.37514689e-05,-0.000278879772,-8.30041245e-07,-0.0191340782,0.107612744,0.00622438965,-2.70015619e-07,-1.38196585e-17,0,0,0,0,0,0,0,0,0,0,1.31660784e-06,0.0264146887,0.00342617044,-1.50435858e-06,-0.0264184941,0.00339670223,0,0,0,0,0,0,0,0,0,0,0,0,0,2.61006975,0,0
127,-0.277781069,-0.248281568,0.496790171,-0.277785838,0.277768701,5.98695578e-06,0.113725491,-0.0174493454,0.0174493454,0.0999757946,-0.0174493454,0.0174493454,0,0.248128846,-0.255978763,0.000256079453,-0,0,0,-0,0,0,-0,0,0.134022221,0.518993616,0.380620152,0.99999994,-2.62277335e-05,2.56654675e-05,-0.000298192084,-2.86738072e-07,-0.0154286977,0.103233173,-0.00759383757,1.41129377e-07,-1.41792455e-17,0,0,0,0,0,0,0,0,0,0,1.21012488e-06,0.0264145564,0.00342719071,-1.5604561e-06,-0.0264186244,0.00339568174,0,0,0,0,0,0,0,0,0,0,0,0,0,2.61739588,0,0
128,-0.27778545,-0.247486815,0.495186031,-0.277783722,0.277770817,3.87887303e-06,0.113725491,-0.0174493454,0.0174493454,0.0999757946,-0.0174493454,0.0174493454,0,0.252864629,-0.257374525,0.00015194439,-0,0,0,-0,0,0,-0,0,0.13403216,0.51867795,0.382499993,0.99999994,-3.2662967e-05,1.971032e-05,-0.000283409725,-7.42803934e-07,-0.0171230882,0.105459653,-0.00435795169,1.89049061e-07,-1.21165117e-20,0,0,0,0,0,0,0,0,0,0,1.59084937e-06,0.026414657,0.00342640979,-1.8599377e-06,-0.0264185239,0.00339646288,0,0,0,0,0,0,0,0,0,0,0,0,0,2.6246686,0,0
129,-0.277781069,-0.246763825,0.493736655,-0.277787954,0.277768701,-3.90697124e-07,0.192156866,-0.089100711,0.089100711,0.17743887,-0.089100711,0.089100711,0,0.250654846,-0.252235472,0.000232072751,-0,0,1.76745141,-1.76745141,1.76745141,1.76745141,-1.76745141,1.76745141,0.134022206,0.518377185,0.384208202,0.99999994,-8.19453817e-06,2.56705189e-05,-0.000266720366,-3.37217415e-07,-0.0181448702,0.104759611,-0.00134855299,2.50624854e-08,1.39771355e-17,0,0,0,0,0,0,0,0,0,0,2.56960732e-07,0.0248759482,0.00294280308,-5.57796852e-07,-0.0248790737,0.00291626179,0,0,0,0,0,0,0,0,0,0,0,0,0,2.63188887,0,0
130,-0.277779043,-0.246038392,0.492298782,-0.277783722,0.277768701,1.77078982e-06,0.192156866,-0.089100711,0.089100711,0.17743887,-0.089100711,0.089100711,0,0.252027065,-0.255311042,0.000148477542,-0,0,0,-0,0,0,-0,0,0.134016275,0.518071413,0.38593033,0.99999994,-8.58472958e-06,2.56673193e-05,-0.000296999846,-1.30289351e-07,-0.0182461906,0.105077893,-0.00313550001,2.23894538e-08,-2.83235112e-17,0,0,0,0,0,0,0,0,0,0,2.76352694e-07,0.0248757694,0.0029443095,-5.77155561e-07,-0.0248792488,0.00291475514,0,0,0,0,0,0,0,0,0,0,0,0,0,2.6390574,0,0
131,-0.277781069,-0.245227709,0.490700692,-0.277783722,0.27776441,-3.90697124e-07,0.192156866,-0.089100711,0.089100711,0.17743887,-0.089100711,0.089100711,0,0.25889653,-0.254766792,0.00017900145,-0,0,0,-0,0,0,-0,0,0.134028152,0.517708004,0.387853116,0.99999994,-8.20017067e-06,3.78305231e-05,-0.000329901173,-3.93839883e-07,-0.0211915914,0.108602479,0.00430873921,-8.0076731e-08,1.4137099e-17,0,0,0,0,0,0,0,0,0,0,1.85711386e-07,0.0248755757,0.00294594653,-6.29046099e-07,-0.0248794407,0.00291311787,0,0,0,0,0,0,0,0,0,0,0,0,0,2.64617491,0,0
132,-0.277776837,-0.244515508,0.489259779,-0.27779007,0.277772903,3.87887303e-06,0.192156866,-0.089100711,0.089100711,0.17743887,-0.089100711,0.089100711,0,0.253171533,-0.248769432,0.000258865563,-0,0,0,-0,0,0,-0,0,0.134004012,0.517392635,0.389526963,0.99999994,-8.34265575e-06,1.37428924e-05,-0.000288655341,1.11622434e-07,-0.0212325659,0.106165498,0.00466096681,2.45033238e-08,-2.77855986e-21,0,0,0,0,0,0,0,0,0,0,3.34357054e-07,0.0248758178,0.00294389436,-4.95426264e-07,-0.0248792004,0.00291517028,0,0,0,0,0,0,0,0,0,0,0,0,0,2.65324187,0,0
133,-0.277783096,-0.243801296,0.487855971,-0.277787954,0.277775019,8.17936234e-06,0.192156866,-0.089100711,0.089100711,0.17743887,-0.089100711,0.089100711,0,0.246338159,-0.254109979,0.000177326467,-0,0,0,-0,0,0,-0,0,0.134019345,0.517056227,0.391220689,0.99999994,-3.81435748e-05,7.7836803e-06,-0.000329424802,-5.3880035e-07,-0.0179427769,0.102009319,-0.00759449322,2.28053651e-07,-1.40990454e-17,0,0,0,0,0,0,0,0,0,0,1.85202816e-06,0.0248755775,0.00294592278,-1.94338554e-06,-0.0248794388,0.00291314162,0,0,0,0,0,0,0,0,0,0,0,0,0,2.66025949,0,0
134,-0.277776837,-0.243010014,0.486223459,-0.277777344,0.277768701,-3.90697124e-07,0.192156866,-0.089100711,0.089100711,0.17743887,-0.089100711,0.089100711,0,0.24982883,-0.254516721,0.000207516117,-0,0,0,-0,0,0,-0,0,0.134009868,0.516729116,0.393078476,0.99999994,3.72582372e-06,2.56673047e-05,-0.000288806186,1.024721e-07,-0.0194920097,0.103684403,-0.00448037451,-2.35539268e-08,2.82303144e-17,0,0,0,0,0,0,0,0,0,0,-3.36127414e-07,0.0248758178,0.00294390204,3.53671687e-08,-0.0248792022,0.00291516283,0,0,0,0,0,0,0,0,0,0,0,0,0,2.66722822,0,0
135,-0.277787477,-0.242401451,0.484977484,-0.27779007,0.277766496,-3.90697124e-07,0.270588249,-0.160752073,0.160752073,0.254901975,-0.160752073,0.160752073,0,0.249558628,-0.24948968,0.000152230539,-0,0,1.66980755,-1.66980755,1.66980755,1.66980755,-1.66980755,1.66980755,0.134043932,0.516427279,0.394497037,1,-2.63142629e-05,3.18726779e-05,-0.000212121886,-1.15538739e-06,-0.0210743491,0.103969328,0.000221178212,-1.21259509e-08,7.08884091e-21,0,0,0,0,0,0,0,0,0,0,1.06843333e-06,0.0233243816,0.00250116712,-1.38610289e-06,-0.0233264957,0.00248137559,0,0,0,0,0,0,0,0,0,0,0,0,0,2.67414856,0,0
136,-0.277776837,-0.241595566,0.483387172,-0.277783722,0.277772903,1.77078982e-06,0.270588249,-0.160752073,0.160752073,0.254901975,-0.160752073,0.160752073,0,0.248894244,-0.251366764,0.000142900157,-0,0,0,-0,0,0,-0,0,0.134004027,0.516045988,0.396403939,0.99999994,-2.38180132e-06,1.37448296e-05,-0.000260283443,1.09502807e-07,-0.020829374,0.103341013,-0.0023296196,-1.22471224e-08,2.40145617e-22,0,0,0,0,0,0,0,0,0,0,4.24589395e-08,0.0233241413,0.00250341371,-1.79433528e-07,-0.0233267341,0.00247912877,0,0,0,0,0,0,0,0,0,0,0,0,0,2.68102145,0,0
137,-0.277779043,-0.240787074,0.48177591,-0.277787954,0.277770817,8.17936234e-06,0.270588249,-0.160752073,0.160752073,0.254901975,-0.160752073,0.160752073,0,0.256574273,-0.25454998,0.000102953527,-0,0,0,-0,0,0,-0,0,0.13401334,0.515636921,0.39830479,0.99999994,-2.67019714e-05,1.97022655e-05,-0.000256469037,-1.65359864e-07,-0.0231575929,0.106879555,0.00212724647,-1.51898849e-08,2.25477318e-21,0,0,0,0,0,0,0,0,0,0,1.14723321e-06,0.0233241599,0.00250323582,-1.34363631e-06,-0.0233267155,0.00247930666,0,0,0,0,0,0,0,0,0,0,0,0,0,2.68784738,0,0
138,-0.277781069,-0.240066454,0.480343759,-0.277781636,0.27776441,8.17936234e-06,0.270588249,-0.160752073,0.160752073,0.254901975,-0.160752073,0.160752073,0,0.248445421,-0.24652493,6.80731027e-05,-0,0,0,-0,0,0,-0,0,0.134028107,0.515277326,0.400004357,0.99999994,-3.24298271e-05,3.78231198e-05,-0.000287225179,-4.24446426e-07,-0.0228384584,0.103396036,0.00198856462,-3.69569229e-08,-1.36758896e-17,0,0,0,0,0,0,0,0,0,0,1.32387152e-06,0.0233240053,0.00250467053,-1.70087492e-06,-0.0233268682,0.00247787172,0,0,0,0,0,0,0,0,0,0,0,0,0,2.69462729,0,0
139,-0.277781069,-0.239262938,0.478757143,-0.277783722,0.277762294,3.87887303e-06,0.270588249,-0.160752073,0.160752073,0.254901975,-0.160752073,0.160752073,0,0.248167515,-0.253026247,5.13556333e-05,-0,0,0,-0,0,0,-0,0,0.134031028,0.514852881,0.401895374,0.99999994,-2.02731953e-05,4.37870367e-05,-0.000310112897,-3.99888819e-07,-0.02151707,0.102499634,-0.00480737677,8.93437715e-08,6.65374664e-22,0,0,0,0,0,0,0,0,0,0,7.26926771e-07,0.0233238917,0.00250573829,-1.16333104e-06,-0.0233269818,0.00247680396,0,0,0,0,0,0,0,0,0,0,0,0,0,2.70136118,0,0
140,-0.277779043,-0.238558829,0.477392435,-0.277783722,0.277766496,1.77078982e-06,0.270588249,-0.160752073,0.160752073,0.254901975,-0.160752073,0.160752073,0,0.245041877,-0.248285085,3.52565694e-05,-0,0,0,-0,0,0,-0,0,0.134019285,0.514467418,0.403559119,0.99999994,-8.58894782e-06,3.18660932e-05,-0.000371624861,-1.57506719e-07,-0.0220578108,0.101271987,-0.00320795132,2.29068018e-08,1.37814577e-17,0,0,0,0,0,0,0,0,0,0,2.4133945e-07,0.0233235825,0.00250860746,-5.58919623e-07,-0.0233272854,0.00247393432,0,0,0,0,0,0,0,0,0,0,0,0,0,2.70805025,0,0
141,-0.277779043,-0.237865195,0.475981206,-0.277783722,0.277772903,-3.90697124e-07,0.34117648,-0.225238293,0.225238293,0.324618727,-0.225238293,0.225238293,0,0.249720305,-0.244761929,2.68430958e-05,-0,0,1.5409683,-1.5409683,1.5409683,1.5409683,-1.5409683,1.5409683,0.134010404,0.514107525,0.405177861,0.99999994,-2.47028925e-06,1.37483958e-05,-0.000337769306,-1.78799269e-07,-0.0250396952,0.103937,0.00498521933,-3.55976191e-08,-1.35865772e-17,0,0,0,0,0,0,0,0,0,0,4.93926215e-08,0.0219170433,0.00214924687,-1.66780268e-07,-0.0219199266,0.00211963314,0,0,0,0,0,0,0,0,0,0,0,0,0,2.71469474,0,0
142,-0.277781069,-0.237092867,0.474398643,-0.277792156,0.277762294,3.87887303e-06,0.34117648,-0.225238293,0.225238293,0.324618727,-0.225238293,0.225238293,0,0.25195536,-0.250517696,3.97279437e-05,-0,0,0,-0,0,0,-0,0,0.134030998,0.51369071,0.406970501,0.99999994,-2.02710125e-05,4.37871204e-05,-0.000260283414,-4.60688682e-07,-0.0247885678,0.10440705,0.00147739192,-2.74569221e-08,-2.79975293e-22,0,0,0,0,0,0,0,0,0,0,7.0117585e-07,0.0219173767,0.00214585033,-1.07506492e-06,-0.0219195988,0.00212303014,0,0,0,0,0,0,0,0,0,0,0,0,0,2.72129536,0,0
143,-0.27778545,-0.236385405,0.472978294,-0.277781636,0.277766496,-3.90697124e-07,0.34117648,-0.225238293,0.225238293,0.324618727,-0.225238293,0.225238293,0,0.247470662,-0.251871318,3.56231103e-05,-0,0,0,-0,0,0,-0,0,0.134037882,0.513313174,0.408629626,0.99999994,-2.0594458e-05,3.18730672e-05,-0.000282455556,-1.00826344e-06,-0.0232424494,0.101871163,-0.00436503254,1.89356228e-07,2.17445548e-21,0,0,0,0,0,0,0,0,0,0,7.66316987e-07,0.0219172817,0.00214682217,-1.03849129e-06,-0.0219196919,0.00212205807,0,0,0,0,0,0,0,0,0,0,0,0,0,2.72785282,0,0
144,-0.277781069,-0.235591501,0.471383899,-0.277781636,0.27776441,3.87887303e-06,0.34117648,-0.225238293,0.225238293,0.324618727,-0.225238293,0.225238293,0,0.253070831,-0.250846982,3.02373901e-05,-0,0,0,-0,0,0,-0,0,0.134028062,0.512872577,0.410482764,0.99999994,-2.02699484e-05,3.78266341e-05,-0.000273158017,-4.83035706e-07,-0.0259910077,0.104734205,0.00225408678,-4.18915782e-08,-6.13050391e-22,0,0,0,0,0,0,0,0,0,0,7.26619305e-07,0.0219173208,0.00214641471,-1.04962135e-06,-0.0219196528,0.00212246575,0,0,0,0,0,0,0,0,0,0,0,0,0,2.73436761,0,0
145,-0.277779043,-0.234872639,0.469962209,-0.277785838,0.277775019,1.77078982e-06,0.34117648,-0.225238293,0.225238293,0.324618727,-0.225238293,0.225238293,0,0.245577618,-0.251171499,2.66552343e-05,-0,0,0,-0,0,0,-0,0,0.134007469,0.51244992,0.412162781,0.99999994,-8.57931627e-06,7.78594494e-06,-0.000283886795,-1.68616396e-07,-0.0236136504,0.100757778,-0.00556722563,3.97535125e-08,-1.39408024e-17,0,0,0,0,0,0,0,0,0,0,3.42746745e-07,0.0219172742,0.0021468848,-4.09242091e-07,-0.0219196975,0.00212199544,0,0,0,0,0,0,0,0,0,0,0,0,0,2.74083996,0,0
146,-0.277781069,-0.234066173,0.468354672,-0.277787954,0.277762294,1.77078982e-06,0.34117648,-0.225238293,0.225238293,0.324618727,-0.225238293,0.225238293,0,0.250397444,-0.252519578,3.52293246e-05,-0,0,0,-0,0,0,-0,0,0.134030968,0.511973321,0.414043456,0.99999994,-1.43116558e-05,4.37887793e-05,-0.000285555521,-4.73543508e-07,-0.0254802555,0.102976024,-0.0020869046,3.87845489e-08,-1.40167972e-17,0,0,0,0,0,0,0,0,0,0,4.39885071e-07,0.0219172668,0.00214695814,-8.13778115e-07,-0.021919705,0.00212192233,0,0,0,0,0,0,0,0,0,0,0,0,0,2.74727082,0,0
147,-0.27778545,-0.233361229,0.46694243,-0.277787954,0.277766496,5.98695578e-06,0.419607848,-0.296889663,0.296889663,0.402081817,-0.296889663,0.296889663,0,0.257848144,-0.247570455,3.19417995e-05,-0,0,1.62113833,-1.62113833,1.62113833,1.62113833,-1.62113833,1.62113833,0.134037808,0.511553168,0.41568467,0.99999994,-3.86268403e-05,3.18679704e-05,-0.00028221769,-1.29751595e-06,-0.0299102888,0.1071762,0.0103096301,-4.47234413e-07,-1.17919807e-21,0,0,0,0,0,0,0,0,0,0,1.45788067e-06,0.0203441419,0.00179151725,-1.68486258e-06,-0.0203461517,0.00176855014,0,0,0,0,0,0,0,0,0,0,0,0,0,2.75366068,0,0
148,-0.277779043,-0.232659742,0.465541989,-0.27777952,0.277772903,3.87887303e-06,0.419607848,-0.296889663,0.296889663,0.402081817,-0.296889663,0.296889663,0,0.243989423,-0.248917237,1.27147842e-07,-0,0,0,-0,0,0,-0,0,0.134010389,0.511146426,0.417322338,0.99999994,-1.45418271e-05,1.37445259e-05,-0.000309636089,-1.7770283e-07,-0.0248861462,0.0998467878,-0.00492768688,3.5186801e-08,5.50726596e-24,0,0,0,0,0,0,0,0,0,0,5.42590612e-07,0.0203440432,0.00179263274,-6.40485553e-07,-0.0203462485,0.00176743441,0,0,0,0,0,0,0,0,0,0,0,0,0,2.76001,0,0
149,-0.277783096,-0.231881008,0.463989079,-0.277785838,0.277772903,8.17936234e-06,0.419607848,-0.296889663,0.296889663,0.402081817,-0.296889663,0.296889663,0,0.246845946,-0.25026235,2.74220382e-18,-0,0,0,-0,0,0,-0,0,0.134022072,0.510656357,0.419129938,0.99999994,-3.81451064e-05,1.37443976e-05,-0.000298191997,-7.81746792e-07,-0.0260332208,0.101054847,-0.00341640413,1.02590569e-07,1.38923511e-17,0,0,0,0,0,0,0,0,0,0,1.50299752e-06,0.0203440841,0.0017921672,-1.60094055e-06,-0.0203462075,0.00176790007,0,0,0,0,0,0,0,0,0,0,0,0,0,2.76631904,0,0
150,-0.277774662,-0.231192932,0.462576509,-0.277785838,0.277772903,3.87887303e-06,0.419607848,-0.296889663,0.296889663,0.402081817,-0.296889663,0.296889663,0,0.250209928,-0.248364016,9.05784497e-28,-0,0,0,-0,0,0,-0,0,0.133997723,0.51025039,0.42071709,0.99999994,-2.14319584e-06,1.37419338e-05,-0.000246693759,4.97360077e-07,-0.0281712208,0.102855086,0.00184591115,3.25893765e-08,-1.37869725e-17,0,0,0,0,0,0,0,0,0,0,3.81452452e-08,0.0203442685,0.00179007172,-1.35993432e-07,-0.020346025,0.00176999567,0,0,0,0,0,0,0,0,0,0,0,0,0,2.77258873,0,0
151,-0.277781069,-0.230397686,0.461024284,-0.277790129,0.277766496,3.87887303e-06,0.419607848,-0.296889663,0.296889663,0.402081817,-0.296889663,0.296889663,0,0.247972086,-0.247097462,4.08182704e-14,-0,0,0,-0,0,0,-0,0,0.134025082,0.509721816,0.422569662,0.99999994,-2.02688152e-05,3.18661441e-05,-0.000288655196,-5.22746689e-07,-0.0281277616,0.101715356,0.000874623656,-1.62546403e-08,-1.40952992e-30,0,0,0,0,0,0,0,0,0,0,7.1090335e-07,0.0203441195,0.00179177918,-9.37836262e-07,-0.020346174,0.0017682882,0,0,0,0,0,0,0,0,0,0,0,0,0,2.77881932,0,0
152,-0.277783096,-0.229684308,0.459602237,-0.277783722,0.277770817,1.77078982e-06,0.419607848,-0.296889663,0.296889663,0.402081817,-0.296889663,0.296889663,0,0.254573792,-0.254210532,8.92184325e-05,-0,0,0,-0,0,0,-0,0,0.134024948,0.509270012,0.424226999,0.99999994,-2.00273753e-05,1.97104182e-05,-0.000313450495,-8.75225851e-07,-0.0291462,0.104262464,0.00045247894,-1.35874068e-08,-8.33819626e-21,0,0,0,0,0,0,0,0,0,0,7.44475642e-07,0.0203440301,0.00179278804,-8.84861208e-07,-0.0203462616,0.00176727923,0,0,0,0,0,0,0,0,0,0,0,0,0,2.78501129,0,0
153,-0.277776837,-0.228975818,0.458177865,-0.277785838,0.277768701,3.87887303e-06,0.490196079,-0.361375898,0.361375898,0.471798599,-0.361375898,0.361375898,0,0.249326482,-0.245754391,7.82882998e-05,-0,0,1.57326996,-1.57326996,1.57326996,1.57326996,-1.57326996,1.57326996,0.134009898,0.508814216,0.425862938,0.99999994,-8.34631101e-06,2.56637068e-05,-0.000297000166,1.56628559e-07,-0.0297935288,0.102318712,0.00365037983,1.91905336e-08,-5.44931805e-21,0,0,0,0,0,0,0,0,0,0,2.38598773e-07,0.0189201962,0.00151039765,-3.92509492e-07,-0.0189219769,0.00148791936,0,0,0,0,0,0,0,0,0,0,0,0,0,2.79116511,0,0
154,-0.277783096,-0.228174075,0.456594944,-0.277794272,0.277772903,5.98695578e-06,0.490196079,-0.361375898,0.361375898,0.471798599,-0.361375898,0.361375898,0,0.250837952,-0.252289414,0.000112525027,-0,0,0,-0,0,0,-0,0,0.134021997,0.508260012,0.427716702,0.99999994,-3.19462815e-05,1.37462384e-05,-0.000302245026,-8.74427599e-07,-0.0291196164,0.102305979,-0.00133893744,4.02067073e-08,-1.40055773e-17,0,0,0,0,0,0,0,0,0,0,1.16751505e-06,0.0189201795,0.00151059614,-1.25000406e-06,-0.0189219918,0.00148772087,0,0,0,0,0,0,0,0,0,0,0,0,0,2.79728127,0,0
155,-0.277779043,-0.227474019,0.455208004,-0.277785838,0.277766496,3.87887303e-06,0.490196079,-0.361375898,0.361375898,0.471798599,-0.361375898,0.361375898,0,0.244468808,-0.247153133,0.000148227249,-0,0,0,-0,0,0,-0,0,0.134019241,0.507800341,0.429340959,0.99999994,-1.45485537e-05,3.18640778e-05,-0.000344683765,-2.0307418e-07,-0.0284392424,0.0994707718,-0.00253609777,1.81093416e-08,-1.37122499e-17,0,0,0,0,0,0,0,0,0,0,4.54579663e-07,0.0189200509,0.00151220197,-6.45686953e-07,-0.0189221185,0.00148611481,0,0,0,0,0,0,0,0,0,0,0,0,0,2.80336046,0,0
156,-0.277779043,-0.226769,0.453812271,-0.277777344,0.277770817,-3.90697124e-07,0.490196079,-0.361375898,0.361375898,0.471798599,-0.361375898,0.361375898,0,0.253498763,-0.247199252,0.000136995208,-0,0,0,-0,0,0,-0,0,0.13401328,0.507327378,0.430975169,0.99999994,-2.47331104e-06,1.97090994e-05,-0.000388941844,-2.30436626e-07,-0.0322711803,0.10392841,0.00643650582,-4.59607215e-08,1.37212306e-17,0,0,0,0,0,0,0,0,0,0,3.42083659e-08,0.0189199168,0.00151387672,-1.52402393e-07,-0.0189222489,0.00148443994,0,0,0,0,0,0,0,0,0,0,0,0,0,2.8094027,0,0
157,-0.277783096,-0.225909993,0.452022254,-0.277785838,0.277770817,3.87887303e-06,0.490196079,-0.361375898,0.361375898,0.471798599,-0.361375898,0.361375898,0,0.251200974,-0.246058434,0.000111662994,-0,0,0,-0,0,0,-0,0,0.134024873,0.506750464,0.432927758,0.99999994,-2.59868484e-05,1.97083464e-05,-0.000263144291,-9.66683046e-07,-0.0321918465,0.1027257,0.00525420252,-1.57777492e-07,1.36456818e-17,0,0,0,0,0,0,0,0,0,0,9.24090273e-07,0.0189202968,0.0015091165,-1.04231503e-06,-0.0189218763,0.00148920051,0,0,0,0,0,0,0,0,0,0,0,0,0,2.81540871,0,0
158,-0.27778545,-0.225288868,0.450795859,-0.277783722,0.277770817,5.98695578e-06,0.490196079,-0.361375898,0.361375898,0.471798599,-0.361375898,0.361375898,0,0.242549181,-0.246542335,9.75435541e-05,-0,0,0,-0,0,0,-0,0,0.134031624,0.50631088,0.434361696,0.99999994,-3.86235915e-05,1.97086683e-05,-0.000291516073,-1.26220175e-06,-0.0290962271,0.0981868654,-0.00389561011,1.68992557e-07,-8.20673835e-21,0,0,0,0,0,0,0,0,0,0,1.40225677e-06,0.0189202111,0.00151019008,-1.52050995e-06,-0.0189219601,0.00148812681,0,0,0,0,0,0,0,0,0,0,0,0,0,2.82137895,0,0
159,-0.277781069,-0.224502042,0.449189335,-0.277787954,0.277768701,1.77078982e-06,0.568627477,-0.433027238,0.433027238,0.549261689,-0.433027238,0.433027238,0,0.252337366,-0.251480192,9.69595712e-05,-0,0,1.68539846,-1.68539846,1.68539846,1.68539846,-1.68539846,1.68539846,0.134021983,0.505764961,0.436157078,1,-1.43051348e-05,2.56687454e-05,-0.000233103521,-5.95324821e-07,-0.0320330188,0.102508575,0.000954133982,-1.77323169e-08,1.39563286e-17,0,0,0,0,0,0,0,0,0,0,4.32503299e-07,0.0173304342,0.0012377064,-5.58771603e-07,-0.0173315797,0.00122154667,0,0,0,0,0,0,0,0,0,0,0,0,0,2.82731366,0,0
160,-0.277779043,-0.223794654,0.447786868,-0.27779007,0.277770817,5.98695578e-06,0.568627477,-0.433027238,0.433027238,0.549261689,-0.433027238,0.433027238,0,0.245873019,-0.248717487,8.70646836e-05,-0,0,0,-0,0,0,-0,0,0.134013265,0.505250752,0.437781841,0.99999994,-2.05028537e-05,1.97040154e-05,-0.000244547991,-2.18884551e-07,-0.0306533854,0.0993895233,-0.00275740307,1.96896028e-08,-1.38074907e-17,0,0,0,0,0,0,0,0,0,0,6.62033756e-07,0.0173304062,0.00123810302,-7.5897276e-07,-0.0173316076,0.00122114993,0,0,0,0,0,0,0,0,0,0,0,0,0,2.83321333,0,0
161,-0.277789503,-0.222993419,0.446219116,-0.277783722,0.277766496,3.87887303e-06,0.568627477,-0.433027238,0.433027238,0.549261689,-0.433027238,0.433027238,0,0.247881874,-0.251360536,7.74338187e-05,-0,0,0,-0,0,0,-0,0,0.134049058,0.504654229,0.439630538,0.99999994,-4.41113989e-05,3.18735329e-05,-0.000311542623,-2.06763275e-06,-0.0312008671,0.0999951065,-0.0034012273,2.25394032e-07,4.05497426e-21,0,0,0,0,0,0,0,0,0,0,1.45022693e-06,0.0173302386,0.00124042516,-1.60706475e-06,-0.0173317716,0.00121882767,0,0,0,0,0,0,0,0,0,0,0,0,0,2.83907843,0,0
162,-0.277776837,-0.222289234,0.444821388,-0.27779007,0.27776441,8.17936234e-06,0.568627477,-0.433027238,0.433027238,0.549261689,-0.433027238,0.433027238,0,0.257696331,-0.246218994,7.05016428e-05,-0,0,0,-0,0,0,-0,0,0.134015888,0.504131496,0.441240728,0.99999994,-2.05097112e-05,3.78191435e-05,-0.000308683288,1.93390079e-07,-0.036786221,0.105326109,0.0115478383,6.07085298e-08,-1.36687179e-17,0,0,0,0,0,0,0,0,0,0,6.1748085e-07,0.017330246,0.00124032609,-8.03525722e-07,-0.0173317641,0.00121892686,0,0,0,0,0,0,0,0,0,0,0,0,0,2.84490943,0,0
163,-0.27778545,-0.22176601,0.443786889,-0.277785838,0.27776441,3.87887303e-06,0.568627477,-0.433027238,0.433027238,0.549261689,-0.433027238,0.433027238,0,0.242876828,-0.249610052,1.20792387e-11,-0,0,0,-0,0,0,-0,0,0.134040385,0.5037359,0.442442,0.99999994,-3.26701484e-05,3.78307122e-05,-0.000337530568,-1.31858258e-06,-0.0303959139,0.0974159092,-0.0067332238,2.9208897e-07,-1.04312324e-27,0,0,0,0,0,0,0,0,0,0,1.03890818e-06,0.0173301753,0.00124132587,-1.22503297e-06,-0.0173318349,0.00121792685,0,0,0,0,0,0,0,0,0,0,0,0,0,2.85070658,0,0
164,-0.277781069,-0.220986441,0.442219168,-0.27777952,0.277772903,-2.4987803e-06,0.568627477,-0.433027238,0.433027238,0.549261689,-0.433027238,0.433027238,0,0.241663411,-0.247857913,3.98992548e-21,-0,0,0,-0,0,0,-0,0,0.134016082,0.503164113,0.444222212,0.99999994,-2.23194616e-06,1.37524312e-05,-0.000343252788,-5.72513898e-07,-0.0308056157,0.0968375951,-0.00619450212,1.15123115e-07,2.32300062e-37,0,0,0,0,0,0,0,0,0,0,4.33775291e-08,0.0173301604,0.00124152424,-1.11022722e-07,-0.0173318498,0.00121772848,0,0,0,0,0,0,0,0,0,0,0,0,0,2.85647011,0,0
165,-0.27778545,-0.220301732,0.440809608,-0.277783722,0.277762294,3.87887303e-06,0.647058845,-0.504678607,0.504678607,0.62672478,-0.504678607,0.504678607,0,0.240908638,-0.237649828,1.31792308e-30,-0,0,1.69344711,-1.69344711,1.69344711,1.69344711,-1.69344711,1.69344711,0.134043261,0.502649188,0.445768923,0.99999994,-3.26694062e-05,4.37905001e-05,-0.000274587976,-1.45514491e-06,-0.0335439444,0.0973510817,0.00325880945,-1.41367991e-07,2.63844311e-17,0,0,0,0,0,0,0,0,0,0,9.39614324e-07,0.0157333985,0.00101373298,-1.11570432e-06,-0.015734503,0.000996451476,0,0,0,0,0,0,0,0,0,0,0,0,0,2.86220098,0,0
166,-0.277787477,-0.219617873,0.439480007,-0.277787954,0.277768701,5.98695578e-06,0.647058845,-0.504678607,0.504678607,0.62672478,-0.504678607,0.504678607,0,0.229230314,-0.229317442,4.3532598e-40,-0,0,0,-0,0,0,-0,0,0.134040102,0.502098083,0.447333783,0.99999994,-4.43480167e-05,2.56710646e-05,-0.000316549849,-1.72388877e-06,-0.0314438529,0.0921925679,-8.71270895e-05,4.77668616e-09,-1.27296752e-17,0,0,0,0,0,0,0,0,0,0,1.34365166e-06,0.0157333128,0.00101505348,-1.44691523e-06,-0.0157345869,0.000995131093,0,0,0,0,0,0,0,0,0,0,0,0,0,2.86789894,0,0
167,-0.277781069,-0.218891516,0.438045502,-0.277777344,0.277770817,8.17936234e-06,0.647058845,-0.504678607,0.504678607,0.62672478,-0.504678607,0.504678607,0,0.219738424,-0.215987682,0,-0,0,0,-0,0,0,-0,0,0.134018973,0.501542866,0.448995858,0.99999994,-3.24262983e-05,1.97021309e-05,-0.000372252922,-5.85491591e-07,-0.0315039158,0.0886331573,0.00375074148,-6.97064948e-08,1.19897249e-17,0,0,0,0,0,0,0,0,0,0,9.80527602e-07,0.0157332011,0.00101680623,-1.05978597e-06,-0.0157346968,0.000993378111,0,0,0,0,0,0,0,0,0,0,0,0,0,2.87356472,0,0
168,-0.277787477,-0.218284383,0.436865658,-0.277787954,0.27776441,5.98695578e-06,0.647058845,-0.504678607,0.504678607,0.62672478,-0.504678607,0.504678607,0,0.196613327,-0.196746051,0,-0,0,0,-0,0,0,-0,0,0.134046003,0.50102967,0.450377733,0.99999994,-4.43546778e-05,3.78311888e-05,-0.000390936329,-1.51042059e-06,-0.0275501795,0.0788630173,-0.000132724643,7.27654204e-09,0,0,0,0,0,0,0,0,0,0,0,1.31920081e-06,0.0157331619,0.00101739413,-1.47136586e-06,-0.015734734,0.000992790097,0,0,0,0,0,0,0,0,0,0,0,0,0,2.87919855,0,0
169,-0.277787477,-0.217744127,0.435808897,-0.277773142,0.277772903,3.87887303e-06,0.647058845,-0.504678607,0.504678607,0.62672478,-0.504678607,0.504678607,0,0.184089735,-0.174943417,0,-0,0,0,-0,0,0,-0,0,0.134034187,0.500609815,0.451617807,0.999999881,-3.83858351e-05,1.37544857e-05,-0.000466427766,-1.55904797e-06,-0.0284371469,0.0746854097,0.00914631784,-5.01440923e-07,9.7113105e-18,0,0,0,0,0,0,0,0,0,0,1.18003481e-06,0.0157330092,0.00101976946,-1.23540497e-06,-0.015734883,0.000990414526,0,0,0,0,0,0,0,0,0,0,0,0,0,2.88480067,0,0
170,-0.277781069,-0.217215925,0.434764653,-0.27777952,0.277770817,3.87887303e-06,0.647058845,-0.504678607,0.504678607,0.62672478,-0.504678607,0.504678607,0,0.152447686,-0.156766415,0,-0,0,0,-0,0,0,-0,0,0.134018958,0.500176251,0.452813983,0.999999881,-2.02687897e-05,1.97065001e-05,-0.000465561752,-3.83436827e-07,-0.0206318274,0.0605969615,-0.00431872904,8.02623887e-08,0,0,0,0,0,0,0,0,0,0,0,5.97894939e-07,0.0157330111,0.00101974222,-6.77160244e-07,-0.0157348812,0.000990441767,0,0,0,0,0,0,0,0,0,0,0,0,0,2.8903718,0,0
171,-0.277783096,-0.216815129,0.433945686,-0.277773142,0.27776441,3.87887303e-06,0.717647076,-0.569164813,0.569164813,0.696441531,-0.569164813,0.569164813,0,0.140569776,-0.133479953,0,-0,0,1.9800328,-1.9800328,1.9800328,1.9800328,-1.9800328,1.9800328,0.134033546,0.499866307,0.453719586,0.999999881,-2.59990247e-05,3.78289478e-05,-0.000459036848,-6.61764147e-07,-0.0220376384,0.0569346063,0.00708982348,-2.1289901e-07,-1.48192517e-17,0,0,0,0,0,0,0,0,0,0,6.78947288e-07,0.0142909121,0.000854753947,-8.0633987e-07,-0.0142924571,0.000828512246,0,0,0,0,0,0,0,0,0,0,0,0,0,2.89591193,0,0
172,-0.277783096,-0.216426149,0.433189154,-0.277785927,0.27776441,-3.90697124e-07,0.717647076,-0.569164813,0.569164813,0.696441531,-0.569164813,0.569164813,0,0.109441079,-0.11598368,-0.00102858606,-0,0,0,-0,0,0,-0,0,0.134033531,0.499522805,0.45459789,0.999999881,-1.39268786e-05,3.78343939e-05,-0.000453163346,-4.27757101e-07,-0.014244887,0.0429855958,-0.00757118687,2.2735378e-07,5.12989822e-20,0,0,0,0,0,0,0,0,0,0,3.33891165e-07,0.0142909223,0.000854586076,-4.61283179e-07,-0.0142924478,0.000828680175,0,0,0,0,0,0,0,0,0,0,0,0,0,2.90142155,0,0
173,-0.27778545,-0.216141388,0.432568192,-0.277783722,0.277766496,5.98695578e-06,0.717647076,-0.569164813,0.569164813,0.696441531,-0.569164813,0.569164813,0,0.100772023,-0.101952597,-0.000192093372,-0,0,0,-0,0,0,-0,0,0.134037271,0.499312222,0.455228031,0.99999994,-3.86301654e-05,3.18684688e-05,-0.000386645028,-6.22275934e-07,-0.0143446811,0.040115837,-0.00137266761,5.95466751e-08,-1.28397253e-20,0,0,0,0,0,0,0,0,0,0,1.05016022e-06,0.0142910359,0.000852684898,-1.15749674e-06,-0.014292337,0.000830581586,0,0,0,0,0,0,0,0,0,0,0,0,0,2.90690112,0,0
174,-0.27778545,-0.215875685,0.43205753,-0.277777433,0.277772903,3.87887303e-06,0.717647076,-0.569164813,0.569164813,0.696441531,-0.569164813,0.569164813,0,0.091923885,-0.0845063925,-4.84992597e-05,-0,0,0,-0,0,0,-0,0,0.13402839,0.499093771,0.455837458,0.999999881,-3.26633417e-05,1.37514671e-05,-0.000433764479,-6.65349773e-07,-0.0153376171,0.0374336988,0.00736899348,-3.19668828e-07,2.28210225e-21,0,0,0,0,0,0,0,0,0,0,9.10286929e-07,0.0142909549,0.000854031648,-9.56629378e-07,-0.0142924152,0.000829234719,0,0,0,0,0,0,0,0,0,0,0,0,0,2.91235065,0,0
175,-0.277787477,-0.215633601,0.431639284,-0.277785838,0.277772903,8.17936234e-06,0.717647076,-0.569164813,0.569164813,0.696441531,-0.569164813,0.569164813,0,0.0772095546,-0.0717577785,-3.38868158e-05,-0,0,0,-0,0,0,-0,0,0.134034082,0.498853266,0.456397712,0.999999881,-5.05456883e-05,1.37489724e-05,-0.000503231771,-6.97420433e-07,-0.0127209974,0.03134894,0.00541788945,-2.97032244e-07,7.96791155e-18,0,0,0,0,0,0,0,0,0,0,1.42138276e-06,0.0142908366,0.000856017112,-1.46775471e-06,-0.0142925307,0.000827248965,0,0,0,0,0,0,0,0,0,0,0,0,0,2.91777062,0,0
176,-0.277783096,-0.215419084,0.431199789,-0.277781636,0.277768701,3.87887303e-06,0.717647076,-0.569164813,0.569164813,0.696441531,-0.569164813,0.569164813,0,0.0613989122,-0.0637175292,-2.53093804e-05,-0,0,0,-0,0,0,-0,0,0.134027556,0.498689026,0.456881106,0.999999881,-2.59945027e-05,2.56697676e-05,-0.000500370748,-2.52577678e-07,-0.00841117743,0.024255095,-0.00234392635,7.03853331e-08,-2.32146502e-21,0,0,0,0,0,0,0,0,0,0,6.99412567e-07,0.0142908413,0.000855935388,-7.85874533e-07,-0.0142925261,0.000827330747,0,0,0,0,0,0,0,0,0,0,0,0,0,2.92316151,0,0
177,-0.277787477,-0.215261146,0.430900604,-0.277781636,0.277772903,8.17936234e-06,0.78039217,-0.626485944,0.626485944,0.758412004,-0.626485944,0.626485944,0,0.0523320995,-0.0530263223,-2.06609348e-05,-0,0,1.41097534,-1.41097534,1.41097534,1.41097534,-1.41097534,1.41097534,0.134034067,0.498547494,0.457241952,0.999999881,-5.0545972e-05,1.37490606e-05,-0.000523974188,-4.12375755e-07,-0.00752176298,0.0207944233,-0.000714883674,3.91930328e-08,-3.36009459e-22,0,0,0,0,0,0,0,0,0,0,1.29463672e-06,0.0130057856,0.000740772928,-1.33470394e-06,-0.0130073093,0.000713512534,0,0,0,0,0,0,0,0,0,0,0,0,0,2.92852354,0,0
178,-0.277783096,-0.215118051,0.430584222,-0.277783722,0.277768701,3.87887303e-06,0.78039217,-0.626485944,0.626485944,0.758412004,-0.626485944,0.626485944,0,0.0429690704,-0.040750172,-1.71230749e-05,-0,0,0,-0,0,0,-0,0,0.134027541,0.498441249,0.457554847,0.999999881,-2.59938606e-05,2.56696676e-05,-0.000475336798,-2.07703508e-07,-0.00691680657,0.0173470043,0.00220177532,-6.6116705e-08,2.26396025e-18,0,0,0,0,0,0,0,0,0,0,6.38514678e-07,0.0130058574,0.000739507785,-7.13212671e-07,-0.0130072404,0.000714777794,0,0,0,0,0,0,0,0,0,0,0,0,0,2.93385696,0,0
179,-0.277779043,-0.215025544,0.430385917,-0.277781636,0.277766496,1.77078982e-06,0.78039217,-0.626485944,0.626485944,0.758412004,-0.626485944,0.626485944,0,0.0358332917,-0.0318487771,-1.48611307e-05,-0,0,0,-0,0,0,-0,0,0.134019166,0.498375595,0.457760751,0.999999881,-8.59184274e-06,3.18659622e-05,-0.00046246234,-4.52139695e-08,-0.00633192807,0.0146763101,0.00396965351,-2.83458359e-08,1.76898302e-18,0,0,0,0,0,0,0,0,0,0,1.76769163e-07,0.0130058769,0.000739172916,-2.69465176e-07,-0.0130072217,0.000715112721,0,0,0,0,0,0,0,0,0,0,0,0,0,2.93916202,0,0
180,-0.277783096,-0.214928821,0.430238843,-0.277783722,0.277768701,1.77078982e-06,0.78039217,-0.626485944,0.626485944,0.758412004,-0.626485944,0.626485944,0,0.0285345726,-0.0235699732,-1.31270726e-05,-0,0,0,-0,0,0,-0,0,0.134027541,0.498269498,0.457990587,0.999999881,-2.00345949e-05,2.56729672e-05,-0.000522066664,-1.65628137e-07,-0.00551563967,0.0118630752,0.00495147239,-1.48686851e-07,-2.16332494e-22,0,0,0,0,0,0,0,0,0,0,4.83462372e-07,0.0130057884,0.000740723335,-5.58164459e-07,-0.0130073074,0.000713562127,0,0,0,0,0,0,0,0,0,0,0,0,0,2.94443893,0,0
181,-0.27778545,-0.214846775,0.430107981,-0.277781636,0.277768701,1.77078982e-06,0.78039217,-0.626485944,0.626485944,0.758412004,-0.626485944,0.626485944,0,0.0225666109,-0.0176766515,-1.16038391e-05,-0,0,0,-0,0,0,-0,0,0.134034187,0.498188168,0.458186001,0.999999821,-2.6711672e-05,2.56773346e-05,-0.000574995414,-2.00313877e-07,-0.00461762771,0.00947624631,0.00487835566,-2.11624325e-07,9.81365735e-19,0,0,0,0,0,0,0,0,0,0,6.57104977e-07,0.0130057102,0.000742100063,-7.31834007e-07,-0.0130073829,0.000712185225,0,0,0,0,0,0,0,0,0,0,0,0,0,2.94968843,0,0
182,-0.277779043,-0.214794323,0.430015564,-0.277790129,0.277772903,1.77078982e-06,0.78039217,-0.626485944,0.626485944,0.758412004,-0.626485944,0.626485944,0,0.0171545949,-0.0129763372,-1.05188801e-05,-0,0,0,-0,0,0,-0,0,0.1340103,0.49813208,0.458302855,0.999999821,-8.58492058e-06,1.37459983e-05,-0.000568558578,-2.59392596e-08,-0.00363262766,0.00724858884,0.00416773884,-2.97602902e-08,-7.21008827e-19,0,0,0,0,0,0,0,0,0,0,2.03119441e-07,0.0130057195,0.000741932658,-2.43114869e-07,-0.0130073735,0.000712352688,0,0,0,0,0,0,0,0,0,0,0,0,0,2.95491028,0,0
183,-0.277783096,-0.21475023,0.429960907,-0.277781636,0.27776441,1.02031217e-05,0.78039217,-0.626485944,0.626485944,0.758412004,-0.626485944,0.626485944,0,0.012467063,-0.00912087597,-2.76631251e-09,-0,0,0,-0,0,0,-0,0,0.134033486,0.49808988,0.458416492,0.999999821,-4.38872594e-05,3.78182303e-05,-0.000640084618,-8.17084214e-08,-0.00272100046,0.00529900426,0.00334618427,-1.00481955e-07,-5.06310325e-19,0,0,0,0,0,0,0,0,0,0,1.08597476e-06,0.0130056133,0.000743793149,-1.19605352e-06,-0.0130074751,0.000710491906,0,0,0,0,0,0,0,0,0,0,0,0,0,2.96010518,0,0
184,-0.27778545,-0.214727208,0.429931909,-0.277787954,0.277768701,1.02031217e-05,0.78039217,-0.626485944,0.626485944,0.758412004,-0.626485944,0.626485944,0,0.008429965,-0.00511410646,-5.96612224e-20,-0,0,0,-0,0,0,-0,0,0.134034187,0.498052955,0.45846954,0.999999762,-5.05553544e-05,2.56631138e-05,-0.000646283152,-9.17440204e-08,-0.00211487943,0.00368782366,0.00331585854,-1.43842797e-07,-2.83889937e-19,0,0,0,0,0,0,0,0,0,0,1.27730129e-06,0.013005604,0.000743954384,-1.35203925e-06,-0.0130074834,0.000710330671,0,0,0,0,0,0,0,0,0,0,0,0,0,2.96527314,0,0
185,-0.277781069,-0.21470207,0.429889739,-0.277787954,0.277770817,5.98695578e-06,0.78039217,-0.626485944,0.626485944,0.758412004,-0.626485944,0.626485944,0,0.00467384933,-0.00169395539,-1.97068555e-29,-0,0,0,-0,0,0,-0,0,0.134018913,0.498031825,0.458528429,0.999999762,-2.62330377e-05,1.97022546e-05,-0.000657727243,-2.7326756e-08,-0.00147038803,0.0021582765,0.00297989394,-5.53805073e-08,9.40334138e-20,0,0,0,0,0,0,0,0,0,0,6.53387815e-07,0.0130055873,0.000744252058,-7.1074345e-07,-0.0130075002,0.000710032939,0,0,0,0,0,0,0,0,0,0,0,0,0,2.9704144,0,0
186,-0.277779043,-0.214704439,0.429910988,-0.277785838,0.277775019,5.98695578e-06,0.78039217,-0.626485944,0.626485944,0.758412004,-0.626485944,0.626485944,0,0.0014371702,-0.000467845879,-6.50942373e-39,-0,0,0,-0,0,0,-0,0,0.134007365,0.498031378,0.458528966,0.999999762,-2.05033793e-05,7.77717378e-06,-0.00068705267,-3.32721029e-09,-0.000465954567,0.000668928842,0.000969324319,-6.92158864e-09,2.59706633e-20,0,0,0,0,0,0,0,0,0,0,5.21886818e-07,0.0130055435,0.000745014811,-5.445483e-07,-0.0130075421,0.000709270069,0,0,0,0,0,0,0,0,0,0,0,0,0,2.97552967,0,0
187,-0.277779043,-0.21470663,0.429915369,-0.277787954,0.27776441,1.77078982e-06,0.78039217,-0.626485944,0.626485944,0.758412004,-0.626485944,0.626485944,0,2.69562261e-05,-0.00013996716,-0,-0,0,0,-0,0,0,-0,0,0.134022087,0.498030305,0.458522826,0.999999762,-8.60286855e-06,3.78261066e-05,-0.000681092148,1.81803461e-10,2.54604147e-05,-5.23522885e-07,-0.00011301093,8.06969547e-10,-7.76973819e-21,0,0,0,0,0,0,0,0,0,0,1.68098623e-07,0.0130055519,0.000744859804,-2.78135616e-07,-0.0130075337,0.000709425134,0,0,0,0,0,0,0,0,0,0,0,0,0,2.98061872,0,0
188,-0.27778545,-0.214704603,0.429915369,-0.277787954,0.277768701,5.98695578e-06,0.78039217,-0.626485944,0.626485944,0.758412004,-0.626485944,0.626485944,0,-0.000941866427,0.000145198166,-0,-0,0,0,-0,0,0,-0,0,0.134034187,0.49802205,0.458528548,0.999999762,-3.86354659e-05,2.56710118e-05,-0.000686814019,1.50722954e-08,0.000347445952,-0.000454467983,-0.000796668231,3.45596725e-08,0,0,0,0,0,0,0,0,0,0,0,9.67198162e-07,0.0130055435,0.000745008641,-1.04194135e-06,-0.0130075412,0.000709276239,0,0,0,0,0,0,0,0,0,0,0,0,0,2.98568201,0,0
189,-0.277776837,-0.21470663,0.429910988,-0.277785838,0.277770817,1.77078982e-06,0.78039217,-0.626485944,0.626485944,0.758412004,-0.626485944,0.626485944,0,-0.00032801248,0.000361051818,-0,-0,0,0,-0,0,0,-0,0,0.134007037,0.498036712,0.458522797,0.999999762,-2.39164046e-06,1.97020781e-05,-0.000680853846,-2.10599871e-10,4.00598292e-05,-0.000127340551,3.30393377e-05,1.73692213e-10,-2.00424021e-20,0,0,0,0,0,0,0,0,0,0,3.32102239e-08,0.0130055528,0.000744853576,-9.05198689e-08,-0.0130075328,0.000709431362,0,0,0,0,0,0,0,0,0,0,0,0,0,2.9907198,0,0
190,-0.27778545,-0.214698195,0.429910988,-0.277787954,0.27776441,-3.90697124e-07,0.78039217,-0.626485944,0.626485944,0.758412004,-0.626485944,0.626485944,0,-0.000197942558,0.000262968504,-0,-0,0,0,-0,0,0,-0,0,0.134040132,0.498013169,0.458545357,0.999999762,-2.06118839e-05,3.78430123e-05,-0.000698734191,5.38966705e-10,1.24242397e-05,-7.23522971e-05,6.50259462e-05,-2.82084223e-09,0,0,0,0,0,0,0,0,0,0,0,4.80435745e-07,0.0130055258,0.000745318714,-5.90546733e-07,-0.013007558,0.000708966167,0,0,0,0,0,0,0,0,0,0,0,0,0,2.99573231,0,0
191,-0.277781069,-0.214702412,0.429915369,-0.277783722,0.277768701,3.87887303e-06,0.78039217,-0.626485944,0.626485944,0.758412004,-0.626485944,0.626485944,0,-0.000233081315,0.000271626224,-0,-0,0,0,-0,0,0,-0,0,0.134021834,0.498027563,0.458537102,0.999999762,-2.02777064e-05,2.56665589e-05,-0.000704934006,4.56071014e-10,2.45401006e-05,-8.89847724e-05,3.85449093e-05,-7.16346538e-10,-1.50782844e-20,0,0,0,0,0,0,0,0,0,0,4.89668082e-07,0.0130055165,0.000745479949,-5.64362722e-07,-0.0130075673,0.000708804873,0,0,0,0,0,0,0,0,0,0,0,0,0,3.00071979,0,0
192,-0.277783096,-0.214715153,0.429910988,-0.277790129,0.277772903,5.98695578e-06,0.78039217,-0.626485944,0.626485944,0.758412004,-0.626485944,0.626485944,0,-0.000855897204,0.000586360926,-0,-0,0,0,-0,0,0,-0,0,0.134021685,0.498040259,0.458496362,0.999999821,-3.19509818e-05,1.37455809e-05,-0.000644614105,5.9231775e-09,0.000197249785,-0.000367727655,-0.000269536278,8.09385536e-09,0,0,0,0,0,0,0,0,0,0,0,8.10893766e-07,0.0130056068,0.000743910961,-8.50933702e-07,-0.0130074816,0.000710374094,0,0,0,0,0,0,0,0,0,0,0,0,0,3.00568271,0,0
193,-0.277776837,-0.214710936,0.429919779,-0.277785838,0.277772903,3.87887303e-06,0.78039217,-0.626485944,0.626485944,0.758412004,-0.626485944,0.626485944,0,-0.00112487155,0.000613911659,-0,-0,0,0,-0,0,0,-0,0,0.134004116,0.498040259,0.45851317,0.999999762,-8.34804905e-06,1.37375537e-05,-0.000681092264,-1.57769342e-09,0.000300105254,-0.000498896639,-0.000510959886,-2.68618439e-09,6.81578859e-20,0,0,0,0,0,0,0,0,0,0,1.96928667e-07,0.0130055519,0.000744859804,-2.36901869e-07,-0.0130075337,0.000709425134,0,0,0,0,0,0,0,0,0,0,0,0,0,3.01062083,0,0
194,-0.277787477,-0.214710847,0.429923803,-0.277787954,0.277766496,5.98695578e-06,0.78039217,-0.626485944,0.626485944,0.758412004,-0.626485944,0.626485944,0,-0.00052146212,0.000467844191,-0,-0,0,0,-0,0,0,-0,0,0.134042919,0.498027444,0.458513349,0.999999762,-4.43615863e-05,3.18737621e-05,-0.00068109174,5.00823605e-09,9.13505792e-05,-0.000213018095,-5.36179286e-05,2.93956792e-09,5.19411393e-20,0,0,0,0,0,0,0,0,0,0,1.10702035e-06,0.0130055519,0.000744859804,-1.1998153e-06,-0.0130075337,0.000709425134,0,0,0,0,0,0,0,0,0,0,0,0,0,3.01553488,0,0
