progress,observation_00,observation_01,observation_02,observation_03,observation_04,observation_05,observation_06,observation_07,observation_08,observation_09,observation_10,observation_11,observation_12,observation_13,observation_14,observation_15,observation_16,observation_17,observation_18,observation_19,observation_20,observation_21,observation_22,observation_23,observation_24,observation_25,observation_26,observation_27,observation_28,observation_29,observation_30,observation_31,observation_32,observation_33,observation_34,observation_35,observation_36,observation_37,observation_38,observation_39,observation_40,observation_41,observation_42,observation_43,observation_44,observation_45,observation_46,observation_47,observation_48,observation_49,observation_50,observation_51,observation_52,observation_53,observation_54,observation_55,observation_56,observation_57,observation_58,observation_59,observation_60,observation_61,observation_62,observation_63,observation_64,observation_65,observation_66,observation_67,observation_68
0,-0.277779043,-0.277774483,0.555576384,-0.277781636,0.277770817,1.77078982e-06,-0.97647059,0.978504598,-0.978504598,-0.976761103,0.978504598,-0.978504598,0,0,0,-0,-0,0,0,-0,0,0,-0,0,0.134013399,0.524982333,0.310013473,1,-8.57765463e-06,1.97072422e-05,-2.7825261e-05,0,0,0,0,0,0,0,0,0,0,0,0,0,0,0,0,2.19961791e-07,0.0458143763,0.0143616023,-1.35188475e-06,-0.0458159745,0.0143565023,0,0,0,0,0,0,0,0,0,0,0,0,0,0,0,0
1,-0.277783096,-0.277774483,0.555559516,-0.277783722,0.277775019,1.77078982e-06,-0.97647059,0.978504598,-0.978504598,-0.976761103,0.978504598,-0.978504598,0,0,0,-0,-0,0,0,-0,0,0,-0,0,0.134019583,0.524983346,0.310007513,1,-2.00211834e-05,7.7863333e-06,1.97716713e-06,0,0,0,0,0,0,0,0,0,0,0,0,0,0,0,0,1.61094181e-06,0.0458152331,0.0143588716,-2.05815695e-06,-0.0458151177,0.0143592339,0,0,0,0,0,0,0,0,0,0,0,0,0,0.0953101814,0,0
2,-0.277783096,-0.277772367,0.555555105,-0.277781636,0.277775019,-2.4987803e-06,-0.97647059,0.978504598,-0.978504598,-0.976761103,0.978504598,-0.978504598,0,0,0,-0,-0,0,0,-0,0,0,-0,0,0.134019583,0.524986327,0.310013711,1,-7.94930293e-06,7.78643516e-06,-3.74478486e-06,0,0,0,0,0,0,0,0,0,0,0,0,0,0,0,0,5.04782179e-07,0.0458150692,0.014359395,-9.52007213e-07,-0.0458152816,0.0143587096,0,0,0,0,0,0,0,0,0,0,0,0,0,0.182321563,0,0
3,-0.277783096,-0.277774483,0.555559516,-0.277783722,0.27776441,-3.90697124e-07,-0.97647059,0.978504598,-0.978504598,-0.976761103,0.978504598,-0.978504598,0,0,0,-0,-0,0,0,-0,0,0,-0,0,0.134034306,0.524983346,0.310007513,1,-1.39096628e-05,3.78270634e-05,1.97769896e-06,0,0,0,0,0,0,0,0,0,0,0,0,0,0,0,0,1.88233443e-07,0.0458152331,0.0143588707,-2.36087499e-06,-0.0458151177,0.0143592339,0,0,0,0,0,0,0,0,0,0,0,0,0,0.262364268,0,0
4,-0.277781069,-0.277778834,0.555563569,-0.277785838,0.277766496,8.17936234e-06,-0.97647059,0.978504598,-0.978504598,-0.976761103,0.978504598,-0.978504598,0,-0.00141265325,0.00027011006,-0,-0,0,0,-0,0,0,-0,0,0.134025365,0.524983883,0.309994549,1,-3.24185021e-05,3.18668317e-05,1.45254098e-05,5.53235058e-09,0.00029768268,-0.000714625523,-0.00114254316,2.12338502e-08,1.49941204e-20,0,0,0,0,0,0,0,0,0,0,2.0554196e-06,0.0458155908,0.0143577214,-3.88570243e-06,-0.04581476,0.0143603832,0,0,0,0,0,0,0,0,0,0,0,0,0,0.336472243,0,0
5,-0.277783096,-0.277778834,0.555581093,-0.27777952,0.277766496,1.77078982e-06,-0.97647059,0.978504598,-0.978504598,-0.976761103,0.978504598,-0.978504598,0,-0.0026151007,0.00206490024,-0,-0,0,0,-0,0,0,-0,0,0.134031385,0.524983823,0.310003072,1,-2.00220948e-05,3.18669117e-05,-2.81507564e-05,4.30466462e-09,0.000143351135,-0.00116643019,-0.000550200464,1.65218683e-08,-2.29249979e-19,0,0,0,0,0,0,0,0,0,0,9.19375964e-07,0.0458143651,0.0143616321,-2.74972285e-06,-0.0458159856,0.0143564725,0,0,0,0,0,0,0,0,0,0,0,0,0,0.405465096,0,0
6,-0.277787477,-0.277787536,0.555597961,-0.27777952,0.277770817,5.98695578e-06,-0.97647059,0.978504598,-0.978504598,-0.976761103,0.978504598,-0.978504598,0,-0.00478492351,0.00442383531,-0,-0,0,0,-0,0,0,-0,0,0.134038433,0.524980724,0.309982061,1,-4.43404351e-05,1.97075697e-05,-2.74356116e-05,5.15191978e-09,9.39713791e-05,-0.00206969655,-0.000361088198,1.97964258e-08,-2.45572191e-19,0,0,0,0,0,0,0,0,0,0,3.49688094e-06,0.0458143875,0.0143615659,-4.62887874e-06,-0.0458159633,0.0143565387,0,0,0,0,0,0,0,0,0,0,0,0,0,0.470003635,0,0
7,-0.277783096,-0.277806669,0.555631995,-0.277783722,0.277770817,5.98695578e-06,-0.97647059,0.978504598,-0.978504598,-0.976761103,0.978504598,-0.978504598,0,-0.00685673999,0.00559544144,-0,-0,0,0,-0,0,0,-0,0,0.134025425,0.524979949,0.30993247,1,-3.19423161e-05,1.97072641e-05,-9.55446285e-06,9.85418502e-09,0.00032815765,-0.00304022734,-0.00126129854,3.78753029e-08,-3.10609396e-19,0,0,0,0,0,0,0,0,0,0,2.36090432e-06,0.0458149016,0.0143599277,-3.49283232e-06,-0.0458154492,0.0143581768,0,0,0,0,0,0,0,0,0,0,0,0,0,0.530628264,0,0
8,-0.277774662,-0.27783221,0.555662036,-0.277785838,0.277772903,3.87887303e-06,-0.97647059,0.978504598,-0.978504598,-0.976761103,0.978504598,-0.978504598,0,-0.00841321889,0.00738247903,-0,-0,0,0,-0,0,0,-0,0,0.13399747,0.524992168,0.309863925,1,-2.1394444e-06,1.37473362e-05,2.62080885e-05,-4.72185713e-09,0.000267453084,-0.00367869227,-0.00103073986,-1.81976088e-08,0,0,0,0,0,0,0,0,0,0,0,-1.98724763e-07,0.0458159298,0.0143566504,-5.90866875e-07,-0.045814421,0.0143614542,0,0,0,0,0,0,0,0,0,0,0,0,0,0.587786674,0,0
9,-0.277776837,-0.27785778,0.555712938,-0.277785838,0.27776441,1.77078982e-06,-0.97647059,0.978504598,-0.978504598,-0.976761103,0.978504598,-0.978504598,0,-0.0107143996,0.00930949301,-0,-0,0,0,-0,0,0,-0,0,0.134015769,0.524990559,0.309802473,1,-2.37722293e-06,3.78272962e-05,2.64464907e-05,-1.9134978e-09,0.000363981177,-0.00469411071,-0.00140490662,-7.38578176e-09,5.16780674e-19,0,0,0,0,0,0,0,0,0,0,-8.68408961e-07,0.0458159335,0.014356629,-1.30424382e-06,-0.0458144173,0.0143614756,0,0,0,0,0,0,0,0,0,0,0,0,0,0.641853869,0,0
10,-0.277783096,-0.27788955,0.55575949,-0.277777344,0.277770817,3.87887303e-06,-0.97647059,0.978504598,-0.978504598,-0.976761103,0.978504598,-0.978504598,0,-0.0112760011,0.010049439,-0,-0,0,0,-0,0,0,-0,0,0.134025425,0.525004625,0.309726059,1,-2.59811404e-05,1.97071749e-05,2.65342824e-05,9.50547108e-09,0.00031654496,-0.00491497945,-0.00122656208,3.68322084e-08,0,0,0,0,0,0,0,0,0,0,0,1.81477594e-06,0.0458159372,0.0143566206,-2.94664187e-06,-0.0458144136,0.014361484,0,0,0,0,0,0,0,0,0,0,0,0,0,0.693147182,0,0
11,-0.277781069,-0.277932048,0.555844843,-0.277785838,0.277770817,1.77078982e-06,-0.97647059,0.978504598,-0.978504598,-0.976761103,0.978504598,-0.978504598,0,-0.0130442875,0.0119492952,-0,-0,0,0,-0,0,0,-0,0,0.13401942,0.524994195,0.309619218,1,-1.42981662e-05,1.97070676e-05,5.00503047e-05,5.21213517e-09,0.00028045263,-0.00565333338,-0.00109499227,2.03501287e-08,-6.63319132e-19,0,0,0,0,0,0,0,0,0,0,7.44307272e-07,0.0458166115,0.0143544665,-1.87616536e-06,-0.0458137393,0.0143636381,0,0,0,0,0,0,0,0,0,0,0,0,0,0.741937339,0,0
12,-0.277776837,-0.277970254,0.55587858,-0.277781636,0.277772903,3.87887303e-06,-0.97647059,0.978504598,-0.978504598,-0.976761103,0.978504598,-0.978504598,0,-0.0137372734,0.0112311337,-0,-0,0,0,-0,0,0,-0,0,0.134003982,0.525020838,0.309517711,1,-8.33733429e-06,1.37481557e-05,9.84490034e-05,-3.39910811e-09,0.000646570639,-0.00608907035,-0.00250613969,-1.31751108e-08,0,0,0,0,0,0,0,0,0,0,0,3.69279491e-07,0.045818001,0.0143500315,-1.15887428e-06,-0.045812346,0.0143680731,0,0,0,0,0,0,0,0,0,0,0,0,0,0.788457334,0,0
13,-0.27778545,-0.278010488,0.555958867,-0.277785838,0.277768701,3.87887303e-06,-0.97647059,0.978504598,-0.978504598,-0.976761103,0.978504598,-0.978504598,0,-0.0133711677,0.0118696503,-0,-0,0,0,-0,0,0,-0,0,0.134035349,0.52500844,0.309418619,1,-3.26545451e-05,2.56665608e-05,0.000110608817,1.66454051e-08,0.000383709237,-0.0058329599,-0.00150151737,6.51362058e-08,6.58897955e-19,0,0,0,0,0,0,0,0,0,0,2.25541612e-06,0.0458183512,0.0143489167,-3.72939871e-06,-0.0458119996,0.0143691869,0,0,0,0,0,0,0,0,0,0,0,0,0,0.832909107,0,0
14,-0.277779043,-0.278054833,0.55602628,-0.277781636,0.277772903,5.98695578e-06,-0.97647059,0.978504598,-0.978504598,-0.976761103,0.978504598,-0.978504598,0,-0.0124031808,0.0114200804,-0,-0,0,0,-0,0,0,-0,0,0.134010479,0.525027812,0.30930841,1,-2.04962653e-05,1.37485367e-05,0.000128728163,1.76989712e-09,0.000247862801,-0.00536971772,-0.000983100384,7.01995839e-09,0,0,0,0,0,0,0,0,0,0,0,1.48348602e-06,0.045818869,0.0143472562,-2.27299824e-06,-0.045811478,0.0143708475,0,0,0,0,0,0,0,0,0,0,0,0,0,0.875468731,0,0
15,-0.277774662,-0.278086632,0.556098461,-0.277783722,0.277770817,-3.90697124e-07,-0.97647059,0.978504598,-0.978504598,-0.976761103,0.978504598,-0.978504598,0,-0.0113094114,0.0114038084,-0,-0,0,0,-0,0,0,-0,0,0.134000391,0.525024533,0.309233248,1,9.93453432e-06,1.97082281e-05,0.000122529309,5.82387027e-10,-3.29872746e-05,-0.00479704747,9.43969935e-05,1.66656944e-09,1.26607706e-18,0,0,0,0,0,0,0,0,0,0,-1.47610149e-06,0.0458186939,0.0143478243,3.44065711e-07,-0.0458116569,0.0143702794,0,0,0,0,0,0,0,0,0,0,0,0,0,0.91629076,0,0
16,-0.277776837,-0.278111935,0.556162238,-0.277781636,0.277768701,1.77078982e-06,-0.97647059,0.978504598,-0.978504598,-0.976761103,0.978504598,-0.978504598,0,-0.0102459108,0.0121544432,-0,-0,0,0,-0,0,0,-0,0,0.134009823,0.525020242,0.309177369,1,-2.37570862e-06,2.56684943e-05,9.7972159e-05,2.65726374e-09,-0.00050545868,-0.00416356092,0.00190853234,1.00334097e-08,0,0,0,0,0,0,0,0,0,0,0,-5.19226376e-07,0.0458179899,0.0143500753,-9.55061296e-07,-0.0458123609,0.0143680293,0,0,0,0,0,0,0,0,0,0,0,0,0,0.955511451,0,0
17,-0.277783096,-0.27814573,0.556251287,-0.277783722,0.277770817,5.98695578e-06,-0.97647059,0.978504598,-0.978504598,-0.976761103,0.978504598,-0.978504598,0,-0.00871528592,0.0128641333,-0,-0,0,0,-0,0,0,-0,0,0.134025425,0.525003493,0.309100956,1,-3.19406754e-05,1.97074223e-05,7.3653624e-05,-3.26902132e-08,-0.00108862808,-0.00328897987,0.00414884742,-1.24584972e-07,7.14102851e-19,0,0,0,0,0,0,0,0,0,0,2.36097594e-06,0.0458172895,0.014352303,-3.49276047e-06,-0.0458130613,0.0143658007,0,0,0,0,0,0,0,0,0,0,0,0,0,0.993251801,0,0
18,-0.277779043,-0.278166801,0.556310296,-0.277785838,0.277766496,5.98695578e-06,-0.97647059,0.978504598,-0.978504598,-0.976761103,0.978504598,-0.978504598,0,-0.0075113643,0.0124789998,-0,-0,0,0,-0,0,0,-0,0,0.13401936,0.524996519,0.309053868,1,-2.0496258e-05,3.18673738e-05,5.57718413e-05,-9.29199739e-09,-0.001301285,-0.0026954799,0.0049676355,-3.54720591e-08,6.92723645e-19,0,0,0,0,0,0,0,0,0,0,9.63104412e-07,0.0458167754,0.0143539421,-2.79337996e-06,-0.0458135717,0.0143641625,0,0,0,0,0,0,0,0,0,0,0,0,0,1.02961946,0,0
19,-0.277776837,-0.278183669,0.556374371,-0.27777952,0.277772903,1.77078982e-06,-0.97647059,0.978504598,-0.978504598,-0.976761103,0.978504598,-0.978504598,0,-0.00671894383,0.0132139027,-0,-0,0,0,-0,0,0,-0,0,0.134003982,0.524994254,0.309025496,1,-2.37829249e-06,1.37467787e-05,-5.02457715e-06,8.93093688e-09,-0.00169882248,-0.00220605941,0.00649495889,3.41448683e-08,0,0,0,0,0,0,0,0,0,0,0,-1.76864333e-07,0.045815032,0.0143595124,-6.12699239e-07,-0.0458153188,0.0143585922,0,0,0,0,0,0,0,0,0,0,0,0,0,1.06471074,0,0
20,-0.277783096,-0.278204858,0.556462765,-0.277785838,0.277768701,8.17936234e-06,-0.97647059,0.978504598,-0.978504598,-0.976761103,0.978504598,-0.978504598,0,-0.00620471966,0.012952541,-0,-0,0,0,-0,0,0,-0,0,0.134028345,0.524961531,0.308984071,1,-3.81423524e-05,2.56673229e-05,-5.22315604e-05,-5.29883586e-08,-0.00176458375,-0.00196248898,0.00674782135,-2.02629082e-07,7.19010462e-19,0,0,0,0,0,0,0,0,0,0,2.75770003e-06,0.045813676,0.0143638384,-4.23204801e-06,-0.0458166748,0.0143542662,0,0,0,0,0,0,0,0,0,0,0,0,0,1.09861231,0,0
21,-0.277776837,-0.27821961,0.556526184,-0.27777952,0.277770817,-3.90697124e-07,-0.97647059,0.978504598,-0.978504598,-0.976761103,0.978504598,-0.978504598,0,-0.00568479812,0.0123492116,-0,-0,0,0,-0,0,0,-0,0,0.134006903,0.524960816,0.308961749,1,3.73091075e-06,1.97071022e-05,-0.000118034906,9.16111542e-09,-0.00174260652,-0.00174999493,0.00666441349,3.50357112e-08,1.37103791e-18,0,0,0,0,0,0,0,0,0,0,-9.0801575e-07,0.0458117835,0.0143698677,-2.23860155e-07,-0.0458185636,0.0143482359,0,0,0,0,0,0,0,0,0,0,0,0,0,1.13140213,0,0
22,-0.277783096,-0.278241009,0.556602418,-0.277790129,0.277775019,5.98695578e-06,-0.97647059,0.978504598,-0.978504598,-0.976761103,0.978504598,-0.978504598,0,-0.00841260888,0.0120150279,-0,-0,0,0,-0,0,0,-0,0,0.134019583,0.524927378,0.308913708,1,-3.19431783e-05,7.7860941e-06,-0.000135201029,-2.84695254e-08,-0.000948073517,-0.00321544032,0.00360241905,-1.0817638e-07,6.66968032e-19,0,0,0,0,0,0,0,0,0,0,2.7031424e-06,0.0458112918,0.0143714407,-3.15059424e-06,-0.0458190553,0.0143466629,0,0,0,0,0,0,0,0,0,0,0,0,0,1.16315079,0,0
23,-0.277783096,-0.2782664,0.5566746,-0.277783722,0.277768701,8.17936234e-06,-0.97647059,0.978504598,-0.978504598,-0.976761103,0.978504598,-0.978504598,0,-0.00872934144,0.0106409462,-0,-0,0,0,-0,0,0,-0,0,0.134028345,0.524927139,0.308862388,1,-3.81457212e-05,2.5666257e-05,-0.00018360019,-1.52663429e-08,-0.000508389785,-0.00351899466,0.00191160478,-5.74032271e-08,0,0,0,0,0,0,0,0,0,0,0,2.7575868e-06,0.0458098985,0.0143758748,-4.23216125e-06,-0.0458204448,0.014342228,0,0,0,0,0,0,0,0,0,0,0,0,0,1.19392252,0,0
24,-0.277781069,-0.278291881,0.556742072,-0.277787954,0.277768701,5.98695578e-06,-0.97647059,0.978504598,-0.978504598,-0.976761103,0.978504598,-0.978504598,0,-0.00959292985,0.0111646773,-0,-0,0,0,-0,0,0,-0,0,0.134022325,0.524915814,0.308803469,1,-2.62250869e-05,2.5666257e-05,-0.000195044267,-7.83220333e-09,-0.000421432283,-0.0039199912,0.00157174747,-2.92104936e-08,-1.23952818e-18,0,0,0,0,0,0,0,0,0,0,1.66532209e-06,0.0458095707,0.0143769234,-3.1397883e-06,-0.0458207726,0.0143411793,0,0,0,0,0,0,0,0,0,0,0,0,0,1.22377539,0,0
25,-0.277783096,-0.278317332,0.556805432,-0.27777952,0.277768701,3.87887303e-06,-0.97647059,0.978504598,-0.978504598,-0.976761103,0.978504598,-0.978504598,0,-0.00888201129,0.0103572709,-0,-0,0,0,-0,0,0,-0,0,0.134028345,0.524920583,0.30875057,1,-2.59877324e-05,2.56687035e-05,-0.000236528809,-1.18903936e-08,-0.000395966112,-0.00362749188,0.00147525966,-4.43003003e-08,0,0,0,0,0,0,0,0,0,0,0,1.64337575e-06,0.0458083786,0.0143807242,-3.1180416e-06,-0.0458219647,0.0143373776,0,0,0,0,0,0,0,0,0,0,0,0,0,1.25276291,0,0
26,-0.277779043,-0.278351158,0.556856394,-0.277781636,0.27776441,5.98695578e-06,-0.97647059,0.978504598,-0.978504598,-0.976761103,0.978504598,-0.978504598,0,-0.00899985712,0.00964073837,-0,-0,0,0,-0,0,0,-0,0,0.134022281,0.524927437,0.308663398,1,-2.05058641e-05,3.78243276e-05,-0.000206965517,-1.28109923e-09,-0.000179409777,-0.00376090268,0.000640881248,-4.57629756e-09,0,0,0,0,0,0,0,0,0,0,0,7.91877255e-07,0.045809228,0.0143780159,-2.96460712e-06,-0.0458211154,0.0143400868,0,0,0,0,0,0,0,0,0,0,0,0,0,1.28093386,0,0
27,-0.277783096,-0.278372407,0.556907296,-0.277794272,0.277772903,3.87887303e-06,-0.97647059,0.978504598,-0.978504598,-0.976761103,0.978504598,-0.978504598,0,-0.00898684282,0.00937668979,-0,-0,0,0,-0,0,0,-0,0,0.134022504,0.524903178,0.308607548,1,-2.598418e-05,1.37475581e-05,-0.000183123091,-3.43624418e-09,-0.000114431561,-0.0037804516,0.000389846973,-1.17066428e-08,5.20510845e-19,0,0,0,0,0,0,0,0,0,0,1.98576822e-06,0.0458099134,0.014375831,-2.77564914e-06,-0.0458204299,0.0143422717,0,0,0,0,0,0,0,0,0,0,0,0,0,1.3083328,0,0
28,-0.277781069,-0.278395683,0.556966364,-0.277781636,0.277758002,5.98695578e-06,-0.97647059,0.978504598,-0.978504598,-0.976761103,0.978504598,-0.978504598,0,-0.0102970982,0.010122533,-0,-0,0,0,-0,0,0,-0,0,0.134037167,0.524916828,0.308562309,0.99999994,-2.62333142e-05,5.59450964e-05,-0.000236529333,5.61262314e-10,3.02001954e-05,-0.00439367443,-0.000174565241,3.24424687e-09,5.61913458e-19,0,0,0,0,0,0,0,0,0,0,7.95739822e-07,0.0458083786,0.0143807242,-4.00937051e-06,-0.0458219647,0.0143373776,0,0,0,0,0,0,0,0,0,0,0,0,0,1.33500111,0,0
29,-0.277783096,-0.278425336,0.55702132,-0.277783722,0.277766496,3.87887303e-06,-0.97647059,0.978504598,-0.978504598,-0.976761103,0.978504598,-0.978504598,0,-0.0104220044,0.00909381174,-0,-0,0,0,-0,0,0,-0,0,0.13403137,0.524913967,0.308488548,1,-2.59888111e-05,3.18675375e-05,-0.000224369433,9.90651206e-09,0.000329900184,-0.00456197467,-0.00132819265,3.98840534e-08,1.00961592e-18,0,0,0,0,0,0,0,0,0,0,1.46536604e-06,0.0458087288,0.0143796103,-3.29605132e-06,-0.0458216146,0.0143384915,0,0,0,0,0,0,0,0,0,0,0,0,0,1.36097658,0,0
30,-0.277781069,-0.278455108,0.557076991,-0.277775347,0.277772903,-3.90697124e-07,-0.97647059,0.978504598,-0.978504598,-0.976761103,0.978504598,-0.978504598,0,-0.0113036633,0.0119030904,-0,-0,0,0,-0,0,0,-0,0,0.134016499,0.524928451,0.308420658,1,-8.19102752e-06,1.37493398e-05,-0.000242640221,-3.24508886e-09,-0.000174610555,-0.00474414881,0.000599427149,-1.11401883e-08,-6.60754251e-19,0,0,0,0,0,0,0,0,0,0,3.5532895e-07,0.0458082035,0.0143812839,-1.14515308e-06,-0.0458221398,0.014336817,0,0,0,0,0,0,0,0,0,0,0,0,0,1.38629436,0,0
31,-0.277781069,-0.278486907,0.557148814,-0.277790129,0.277766496,3.87887303e-06,-0.97647059,0.978504598,-0.978504598,-0.976761103,0.978504598,-0.978504598,0,-0.0115074767,0.0122426851,-0,-0,0,0,-0,0,0,-0,0,0.134025365,0.524904191,0.308338195,1,-2.02663869e-05,3.18662715e-05,-0.000212448693,-3.92512067e-09,-0.000211201448,-0.00481721573,0.000735208392,-1.36636453e-08,6.79605543e-19,0,0,0,0,0,0,0,0,0,0,9.41133123e-07,0.0458090715,0.0143785179,-2.77165827e-06,-0.0458212718,0.0143395839,0,0,0,0,0,0,0,0,0,0,0,0,0,1.41098702,0,0
32,-0.27778545,-0.278525114,0.557233155,-0.277783722,0.277768701,3.87887303e-06,-0.97647059,0.978504598,-0.978504598,-0.976761103,0.978504598,-0.978504598,0,-0.0128843738,0.0108040953,-0,-0,0,0,-0,0,0,-0,0,0.134035349,0.524906099,0.308252275,0.99999994,-3.26635891e-05,2.56703388e-05,-0.000241773843,2.25133121e-08,0.000518975954,-0.00568355806,-0.00208027847,9.02430131e-08,0,0,0,0,0,0,0,0,0,0,0,2.25497706e-06,0.0458082259,0.0143812047,-3.72983754e-06,-0.0458221138,0.0143368971,0,0,0,0,0,0,0,0,0,0,0,0,0,1.43508458,0,0
33,-0.277783096,-0.278571725,0.55729723,-0.27777952,0.277770817,-3.90697124e-07,-0.97647059,0.978504598,-0.978504598,-0.976761103,0.978504598,-0.978504598,0,-0.0139725693,0.011250806,-0,-0,0,0,-0,0,0,-0,0,0.134025425,0.524925351,0.308134347,1,-1.39139247e-05,1.97107056e-05,-0.000212448314,2.04979571e-08,0.000682609563,-0.00621015904,-0.00272176322,8.17313293e-08,6.24545196e-19,0,0,0,0,0,0,0,0,0,0,7.0841503e-07,0.0458090715,0.0143785179,-1.84069302e-06,-0.0458212718,0.0143395839,0,0,0,0,0,0,0,0,0,0,0,0,0,1.45861506,0,0
34,-0.27778545,-0.278609753,0.557356238,-0.277785838,0.277770817,8.17936234e-06,-0.97647059,0.978504598,-0.978504598,-0.976761103,0.978504598,-0.978504598,0,-0.011992895,0.011316305,-0,-0,0,0,-0,0,0,-0,0,0.134032428,0.524921477,0.308034569,1,-4.48200881e-05,1.97070367e-05,-0.000170486994,6.60805011e-09,0.000152328517,-0.00516451383,-0.000676590018,2.93506481e-08,-6.2818112e-19,0,0,0,0,0,0,0,0,0,0,3.54040435e-06,0.0458102748,0.0143746734,-4.67274094e-06,-0.0458200686,0.0143434294,0,0,0,0,0,0,0,0,0,0,0,0,0,1.48160458,0,0
35,-0.277774662,-0.278639436,0.557428122,-0.277781636,0.277770817,3.87887303e-06,-0.97647059,0.978504598,-0.978504598,-0.976761103,0.978504598,-0.978504598,0,-0.0121456692,0.0106439311,-0,-0,0,0,-0,0,0,-0,0,0.134000391,0.524929941,0.307969123,1,-2.14374722e-06,1.97033205e-05,-0.000200051261,-6.46497655e-09,0.000366185966,-0.00531185977,-0.00150173809,-2.65130353e-08,-5.90856869e-19,0,0,0,0,0,0,0,0,0,0,-3.69783237e-07,0.0458094254,0.0143773817,-7.61925492e-07,-0.0458209179,0.0143407201,0,0,0,0,0,0,0,0,0,0,0,0,0,1.50407743,0,0
36,-0.277779043,-0.278673351,0.557487488,-0.277790129,0.277770817,1.77078982e-06,-0.97647059,0.978504598,-0.978504598,-0.976761103,0.978504598,-0.978504598,0,-0.0119132157,0.0107868351,-0,-0,0,0,-0,0,0,-0,0,0.134013399,0.52491796,0.307880461,1,-8.58033945e-06,1.97070458e-05,-0.000164049692,1.91279192e-09,0.000267874304,-0.0051755677,-0.00112638064,8.04307021e-09,1.19757927e-18,0,0,0,0,0,0,0,0,0,0,2.19933838e-07,0.045810461,0.0143740838,-1.35191272e-06,-0.045819886,0.0143440198,0,0,0,0,0,0,0,0,0,0,0,0,0,1.52605629,0,0
37,-0.277774662,-0.278717697,0.557559669,-0.277794272,0.277766496,1.77078982e-06,-0.952941179,0.957009196,-0.957009196,-0.953522146,0.957009196,-0.957009196,0,-0.0113852248,0.0101056835,-0,-0,0,0.507945418,-0.507945418,0.507945418,0.507945418,-0.507945418,0.507945418,0.134006351,0.524921894,0.307766855,1,3.816549e-06,3.18648454e-05,-0.000129002568,-5.43239809e-09,0.000307699171,-0.00496647926,-0.00127954129,-2.25901733e-08,0,0,0,0,0,0,0,0,0,0,0,-1.2423576e-06,0.0454433002,0.0140569378,-5.47808781e-07,-0.0454505458,0.0140334871,0,0,0,0,0,0,0,0,0,0,0,0,0,1.54756248,0,0
38,-0.277774662,-0.278745264,0.557593048,-0.277787954,0.27776441,1.77078982e-06,-0.952941179,0.957009196,-0.957009196,-0.953522146,0.957009196,-0.957009196,0,-0.0116963731,0.00956640113,-0,-0,0,0,-0,0,0,-0,0,0.134009272,0.524939299,0.307698041,1,3.81626705e-06,3.78254881e-05,-0.000116128052,-9.31856281e-09,0.000527817407,-0.00518371444,-0.00212997198,-3.76044405e-08,0,0,0,0,0,0,0,0,0,0,0,-1.40979603e-06,0.0454436615,0.0140557671,-7.15247097e-07,-0.0454501845,0.0140346568,0,0,0,0,0,0,0,0,0,0,0,0,0,1.56861591,0,0
39,-0.277781069,-0.27878347,0.557665229,-0.277783722,0.277775019,8.17936234e-06,-0.952941179,0.957009196,-0.957009196,-0.953522146,0.957009196,-0.957009196,0,-0.0115430839,0.00880115572,-0,-0,0,0,-0,0,0,-0,0,0.134013578,0.524941564,0.307607412,1,-3.24199136e-05,7.78466347e-06,-0.000122088095,1.27598412e-08,0.000686576823,-0.00517972605,-0.00274192821,5.09579792e-08,-4.88562286e-19,0,0,0,0,0,0,0,0,0,0,2.72789862e-06,0.0454434939,0.0140563091,-3.16547016e-06,-0.0454503521,0.0140341148,0,0,0,0,0,0,0,0,0,0,0,0,0,1.58923519,0,0
40,-0.277783096,-0.278804541,0.557703316,-0.277783722,0.277772903,-3.90697124e-07,-0.952941179,0.957009196,-0.957009196,-0.953522146,0.957009196,-0.957009196,0,-0.010771743,0.00933923665,-0,-0,0,0,-0,0,0,-0,0,0.134022504,0.524941385,0.307555616,1,-1.39113372e-05,1.37486932e-05,-0.000116365729,1.04107487e-08,0.000346691959,-0.00472106505,-0.00143250637,4.30164704e-08,0,0,0,0,0,0,0,0,0,0,0,8.78057449e-07,0.0454436541,0.0140557894,-1.65056167e-06,-0.0454501919,0.0140346354,0,0,0,0,0,0,0,0,0,0,0,0,0,1.60943794,0,0
41,-0.277783096,-0.278842658,0.557762682,-0.27777952,0.277770817,8.17936234e-06,-0.952941179,0.957009196,-0.957009196,-0.953522146,0.957009196,-0.957009196,0,-0.0111156534,0.00948872324,-0,-0,0,0,-0,0,0,-0,0,0.134025425,0.524953723,0.307461649,1,-3.81430691e-05,1.97064346e-05,-0.000104445178,1.18758834e-08,0.000395482901,-0.00488667283,-0.0016269302,4.88547869e-08,-5.26729951e-19,0,0,0,0,0,0,0,0,0,0,2.91310903e-06,0.0454439893,0.0140547054,-4.02045725e-06,-0.0454498567,0.0140357185,0,0,0,0,0,0,0,0,0,0,0,0,0,1.62924051,0,0
42,-0.277783096,-0.278876573,0.557821691,-0.277785838,0.277766496,8.17936234e-06,-0.952941179,0.957009196,-0.957009196,-0.953522146,0.957009196,-0.957009196,0,-0.0103971865,0.00966542494,-0,-0,0,0,-0,0,0,-0,0,0.134031385,0.524948061,0.30737412,1,-3.81433747e-05,3.18660277e-05,-7.41661206e-05,4.90116259e-09,0.0001632153,-0.00449185725,-0.000731761567,2.19739338e-08,-5.36538865e-19,0,0,0,0,0,0,0,0,0,0,2.57157353e-06,0.0454448387,0.0140519543,-4.36199298e-06,-0.0454490073,0.0140384715,0,0,0,0,0,0,0,0,0,0,0,0,0,1.64865863,0,0
43,-0.277774662,-0.278906077,0.557881415,-0.277781636,0.277775019,1.77078982e-06,-0.952941179,0.957009196,-0.957009196,-0.953522146,0.957009196,-0.957009196,0,-0.00907093938,0.0105921263,-0,-0,0,0,-0,0,0,-0,0,0.13399455,0.524959564,0.307305753,1,3.81998188e-06,7.78514823e-06,-8.70405711e-05,7.43216333e-09,-0.000420968892,-0.00370302703,0.0015211869,2.68564015e-08,-5.87981124e-19,0,0,0,0,0,0,0,0,0,0,-5.65953258e-07,0.0454444773,0.014053124,1.28595659e-07,-0.0454493687,0.0140373008,0,0,0,0,0,0,0,0,0,0,0,0,0,1.66770685,0,0
44,-0.27778545,-0.278939962,0.557932019,-0.277781636,0.277770817,3.87887303e-06,-0.952941179,0.957009196,-0.957009196,-0.953522146,0.957009196,-0.957009196,0,-0.00918350555,0.0104838219,-0,-0,0,0,-0,0,0,-0,0,0.134032428,0.524958014,0.307219446,1,-3.26586196e-05,1.97079535e-05,-6.27215559e-05,-1.58105529e-08,-0.000364464271,-0.00377292139,0.0013003163,-5.64080551e-08,-5.8196902e-19,0,0,0,0,0,0,0,0,0,0,2.41469274e-06,0.0454451628,0.014050914,-3.52201755e-06,-0.0454486869,0.0140395118,0,0,0,0,0,0,0,0,0,0,0,0,0,1.68639898,0,0
45,-0.277776837,-0.278959125,0.557995439,-0.277783722,0.277766496,3.87887303e-06,-0.952941179,0.957009196,-0.957009196,-0.953522146,0.957009196,-0.957009196,0,-0.00923161302,0.010377774,-0,-0,0,0,-0,0,0,-0,0,0.134012848,0.524950862,0.307179332,1,-8.34162893e-06,3.18653729e-05,-9.22861072e-05,1.70784809e-09,-0.00032486298,-0.00380879687,0.001146161,6.02552142e-09,0,0,0,0,0,0,0,0,0,0,0,-1.37198114e-07,0.0454443321,0.0140536008,-1.65306892e-06,-0.0454495139,0.014036824,0,0,0,0,0,0,0,0,0,0,0,0,0,1.70474803,0,0
46,-0.27778545,-0.278984427,0.558050752,-0.277787954,0.277766496,5.98695578e-06,-0.827450991,0.842366993,-0.842366993,-0.829581201,0.842366993,-0.842366993,0,-0.0086696893,0.0103516458,-0,-0,0,2.79078507,-2.79078507,2.79078507,2.79078507,-2.79078507,2.79078507,0.134038389,0.52493614,0.307117492,1,-3.86206193e-05,3.18670427e-05,-8.70403092e-05,-2.01025987e-08,-0.000463404314,-0.00351644284,0.00168195646,-7.29637009e-08,0,0,0,0,0,0,0,0,0,0,0,2.56306566e-06,0.0434367321,0.0124323731,-4.14700071e-06,-0.0434410572,0.0124172494,0,0,0,0,0,0,0,0,0,0,0,0,0,1.72276664,0,0
47,-0.277779043,-0.279009879,0.558122575,-0.277781636,0.277772903,3.87887303e-06,-0.827450991,0.842366993,-0.842366993,-0.829581201,0.842366993,-0.842366993,0,-0.00936829578,0.011152029,-0,-0,0,0,-0,0,0,-0,0,0.134010479,0.52494067,0.307065785,1,-1.45394197e-05,1.37458219e-05,-0.000134485861,-3.51704843e-09,-0.000492540188,-0.00380318775,0.00178373326,-1.27369839e-08,6.1906197e-19,0,0,0,0,0,0,0,0,0,0,9.21364972e-07,0.0434355512,0.0124364952,-1.60461911e-06,-0.0434422344,0.0124131273,0,0,0,0,0,0,0,0,0,0,0,0,0,1.74046612,0,0
48,-0.277781069,-0.27903536,0.558173537,-0.277787954,0.27776441,3.87887303e-06,-0.827450991,0.842366993,-0.842366993,-0.829581201,0.842366993,-0.842366993,0,-0.00934644975,0.0112422323,-0,-0,0,0,-0,0,0,-0,0,0.134028286,0.524929941,0.307000995,1,-2.02640276e-05,3.78268996e-05,-0.000116604431,-9.70565228e-09,-0.000522238202,-0.00378271146,0.00189578254,-3.52325955e-08,6.24069257e-19,0,0,0,0,0,0,0,0,0,0,8.20067839e-07,0.0434359983,0.0124349417,-2.70015357e-06,-0.0434417911,0.0124146808,0,0,0,0,0,0,0,0,0,0,0,0,0,1.75785792,0,0
49,-0.277787477,-0.279064953,0.558249772,-0.277783722,0.277766496,5.98695578e-06,-0.827450991,0.842366993,-0.842366993,-0.829581201,0.842366993,-0.842366993,0,-0.00899541657,0.011516762,-0,-0,0,0,-0,0,0,-0,0,0.134044394,0.524923325,0.306937069,1,-4.4344757e-05,3.18682287e-05,-0.000152605237,-3.75459202e-08,-0.000684840255,-0.00357103837,0.00252134539,-1.38231115e-07,-1.27861743e-18,0,0,0,0,0,0,0,0,0,0,3.06007018e-06,0.0434351005,0.0124380691,-4.64423329e-06,-0.0434426852,0.0124115525,0,0,0,0,0,0,0,0,0,0,0,0,0,1.77495229,0,0
50,-0.277781069,-0.279094696,0.558313131,-0.27777952,0.277770817,-3.90697124e-07,-0.827450991,0.842366993,-0.842366993,-0.829581201,0.842366993,-0.842366993,0,-0.0107123144,0.0115909548,-0,-0,0,0,-0,0,0,-0,0,0.13401942,0.524931908,0.30686903,1,-8.19104207e-06,1.97090485e-05,-0.000170009924,-4.88525176e-09,-0.000262863847,-0.00446482049,0.000878640451,-1.63292899e-08,1.28685449e-18,0,0,0,0,0,0,0,0,0,0,2.21531522e-07,0.0434346683,0.0124395806,-1.20112554e-06,-0.0434431173,0.0124100409,0,0,0,0,0,0,0,0,0,0,0,0,0,1.79175949,0,0
51,-0.277781069,-0.279126495,0.558377266,-0.277783722,0.277772903,3.87887303e-06,-0.827450991,0.842366993,-0.842366993,-0.829581201,0.842366993,-0.842366993,0,-0.010711723,0.0131731648,-0,-0,0,0,-0,0,0,-0,0,0.134016499,0.524925232,0.306790382,1,-2.02617994e-05,1.37465513e-05,-0.000158804483,-1.25656427e-08,-0.0006761275,-0.00430643046,0.00246144179,-4.57452174e-08,7.31257543e-19,0,0,0,0,0,0,0,0,0,0,1.41843418e-06,0.0434349477,0.0124386074,-2.10178723e-06,-0.0434428379,0.0124110142,0,0,0,0,0,0,0,0,0,0,0,0,0,1.80828881,0,0
52,-0.277776837,-0.279151887,0.558440626,-0.277783722,0.27776441,1.02031217e-05,-0.749019623,0.770715654,-0.770715654,-0.752118111,0.770715654,-0.770715654,0,-0.0103933606,0.0134775518,-0,-0,0,1.74599457,-1.74599457,1.74599457,1.74599457,-1.74599457,1.74599457,0.134015769,0.524922729,0.306732953,1,-2.6226764e-05,3.782153e-05,-0.000176687041,4.40557102e-09,-0.000838017673,-0.00410893606,0.00308419112,1.62140044e-08,0,0,0,0,0,0,0,0,0,0,0,1.34334016e-06,0.042143438,0.0114736427,-3.07710229e-06,-0.0421515368,0.0114438543,0,0,0,0,0,0,0,0,0,0,0,0,0,1.82454932,0,0
53,-0.277781069,-0.27919209,0.55854249,-0.277785838,0.277768701,1.77078982e-06,-0.749019623,0.770715654,-0.770715654,-0.752118111,0.770715654,-0.770715654,0,-0.0104434397,0.0125937909,-0,-0,0,0,-0,0,0,-0,0,0.134022325,0.524906933,0.306641161,1,-1.43043117e-05,2.56686071e-05,-0.000201004426,-1.10738565e-08,-0.00059585803,-0.00422353856,0.00215035118,-3.99636839e-08,-6.99095831e-19,0,0,0,0,0,0,0,0,0,0,6.17020589e-07,0.0421428792,0.0114756916,-1.79367282e-06,-0.0421520919,0.0114418045,0,0,0,0,0,0,0,0,0,0,0,0,0,1.84054959,0,0
54,-0.277776837,-0.279217482,0.558622479,-0.27777952,0.277772903,3.87887303e-06,-0.749019623,0.770715654,-0.770715654,-0.752118111,0.770715654,-0.770715654,0,-0.00945794955,0.0125005469,-0,-0,0,0,-0,0,0,-0,0,0.134003982,0.524906278,0.306591958,0.99999994,-8.34226375e-06,1.37432799e-05,-0.00026013254,4.34045644e-09,-0.000825631723,-0.00371564575,0.00304259732,1.59953402e-08,6.93919748e-19,0,0,0,0,0,0,0,0,0,0,3.8789824e-07,0.0421415232,0.0114806751,-1.01792091e-06,-0.0421534479,0.01143682,0,0,0,0,0,0,0,0,0,0,0,0,0,1.85629797,0,0
55,-0.277776837,-0.279242873,0.558673382,-0.277783722,0.277770817,1.77078982e-06,-0.749019623,0.770715654,-0.770715654,-0.752118111,0.770715654,-0.770715654,0,-0.00878934842,0.0112113506,-0,-0,0,0,-0,0,0,-0,0,0.134006903,0.52489984,0.306528628,0.99999994,-2.38311964e-06,1.97053832e-05,-0.00024845,3.48085583e-09,-0.000662120467,-0.00349347899,0.00242200214,1.2732789e-08,0,0,0,0,0,0,0,0,0,0,0,-2.5113934e-07,0.0421417914,0.0114796907,-6.52083997e-07,-0.0421531796,0.0114378044,0,0,0,0,0,0,0,0,0,0,0,0,0,1.87180221,0,0
56,-0.277781069,-0.279268175,0.558744907,-0.277785838,0.277770817,8.17936234e-06,-0.749019623,0.770715654,-0.770715654,-0.752118111,0.770715654,-0.770715654,0,-0.00775699411,0.00985785481,-0,-0,0,0,-0,0,0,-0,0,0.134019405,0.524884522,0.30647254,0.99999994,-3.24243229e-05,1.9703517e-05,-0.000272053556,-1.06913767e-08,-0.000575277663,-0.00308684492,0.0021008607,-3.90439183e-08,1.09444174e-18,0,0,0,0,0,0,0,0,0,0,2.28099839e-06,0.0421412513,0.01148168,-3.18451339e-06,-0.0421537198,0.0114358142,0,0,0,0,0,0,0,0,0,0,0,0,0,1.8870697,0,0
57,-0.277776837,-0.279293627,0.558808327,-0.277783722,0.277770817,5.98695578e-06,-0.749019623,0.770715654,-0.770715654,-0.752118111,0.770715654,-0.770715654,0,-0.00743552716,0.00897052977,-0,-0,0,0,-0,0,0,-0,0,0.134006903,0.524884939,0.306416065,0.99999994,-1.43049783e-05,1.97014997e-05,-0.000295657112,2.24544494e-09,-0.000427123421,-0.00300673232,0.00153500261,8.06971379e-09,4.97964435e-19,0,0,0,0,0,0,0,0,0,0,7.53740835e-07,0.0421407074,0.0114836693,-1.6569528e-06,-0.04215426,0.0114338249,0,0,0,0,0,0,0,0,0,0,0,0,0,1.90210748,0,0
58,-0.277776837,-0.279308379,0.558825195,-0.27777952,0.277772903,8.17936234e-06,-0.678431392,0.706229389,-0.706229389,-0.682401359,0.706229389,-0.706229389,0,-0.00746851228,0.0074456539,-0,-0,0,1.57042515,-1.57042515,1.57042515,1.57042515,-1.57042515,1.57042515,0.134003982,0.524895728,0.306379437,0.99999994,-2.05020169e-05,1.37393554e-05,-0.000289696618,1.13111208e-10,-2.15157561e-05,-0.00317628123,-2.28583813e-05,-1.20169569e-10,0,0,0,0,0,0,0,0,0,0,0,1.38732287e-06,0.0409561582,0.0106445039,-1.97126542e-06,-0.0409684628,0.0105970372,0,0,0,0,0,0,0,0,0,0,0,0,0,1.91692257,0,0
59,-0.277781069,-0.279331654,0.558897376,-0.277783722,0.277777225,1.77078982e-06,-0.678431392,0.706229389,-0.706229389,-0.682401359,0.706229389,-0.706229389,0,-0.00698171323,0.00761312898,-0,-0,0,0,-0,0,0,-0,0,0.134010538,0.524875581,0.306328356,0.99999994,-1.42996505e-05,1.58881539e-06,-0.000314014935,-3.54276208e-09,-0.00019062763,-0.00290408079,0.000631415751,-1.17346879e-08,0,0,0,0,0,0,0,0,0,0,0,1.13760836e-06,0.0409556404,0.010646496,-1.20529694e-06,-0.0409689806,0.0105950451,0,0,0,0,0,0,0,0,0,0,0,0,0,1.93152142,0,0
60,-0.277774662,-0.279352903,0.558931053,-0.277781636,0.277772903,1.77078982e-06,-0.678431392,0.706229389,-0.706229389,-0.682401359,0.706229389,-0.706229389,0,-0.00765924947,0.00804137439,-0,-0,0,0,-0,0,0,-0,0,0.13399747,0.524886549,0.306275994,0.99999994,3.81643122e-06,1.37425614e-05,-0.000307577837,2.27006902e-09,-0.000128580112,-0.00321690203,0.000382124912,6.74637679e-09,4.4638595e-19,0,0,0,0,0,0,0,0,0,0,-6.04894296e-07,0.0409557782,0.0106459688,2.11177227e-08,-0.0409688428,0.0105955722,0,0,0,0,0,0,0,0,0,0,0,0,0,1.9459101,0,0
61,-0.277776837,-0.279378295,0.558986366,-0.277787954,0.277775019,5.98695578e-06,-0.678431392,0.706229389,-0.706229389,-0.682401359,0.706229389,-0.706229389,0,-0.00761108007,0.00784768537,-0,-0,0,0,-0,0,0,-0,0,0.134001061,0.524873674,0.306212693,0.99999994,-1.43014577e-05,7.78056074e-06,-0.000296133716,4.78070028e-10,-9.09373994e-05,-0.0032109567,0.000236605294,1.24386568e-09,-4.35634049e-19,0,0,0,0,0,0,0,0,0,0,1.00609179e-06,0.0409560204,0.010645031,-1.33681397e-06,-0.0409686007,0.01059651,0,0,0,0,0,0,0,0,0,0,0,0,0,1.96009481,0,0
62,-0.277774662,-0.279397339,0.559020102,-0.277787954,0.277770817,8.17936234e-06,-0.678431392,0.706229389,-0.706229389,-0.682401359,0.706229389,-0.706229389,0,-0.00817635003,0.00823138002,-0,-0,0,0,-0,0,0,-0,0,0.134000391,0.524876714,0.306165665,0.99999994,-1.43048655e-05,1.96980163e-05,-0.000289935298,8.15054413e-10,-4.61659038e-05,-0.0034693093,5.50299883e-05,9.71548952e-10,0,0,0,0,0,0,0,0,0,0,0,7.52948552e-07,0.0409561507,0.0106445234,-1.58995738e-06,-0.0409684703,0.0105970176,0,0,0,0,0,0,0,0,0,0,0,0,0,1.97408104,0,0
63,-0.277774662,-0.279420704,0.559070706,-0.27777952,0.277770817,3.87887303e-06,-0.678431392,0.706229389,-0.706229389,-0.682401359,0.706229389,-0.706229389,0,-0.0085097421,0.00777103659,-0,-0,0,0,-0,0,0,-0,0,0.134000391,0.52488631,0.306115419,0.99999994,-2.14609645e-06,1.97009613e-05,-0.000319260551,-2.80566126e-09,0.000158916868,-0.00369023252,-0.000738705508,-1.30417721e-08,0,0,0,0,0,0,0,0,0,0,0,-2.43190527e-07,0.0409555286,0.0106469262,-5.93796244e-07,-0.0409690924,0.0105946148,0,0,0,0,0,0,0,0,0,0,0,0,0,1.98787439,0,0
64,-0.277779043,-0.279443979,0.559113204,-0.277781636,0.277772903,3.87887303e-06,-0.600000024,0.634578049,-0.634578049,-0.604938269,0.634578049,-0.634578049,0,-0.00785740744,0.0075186491,-0,-0,0,1.74287617,-1.74287617,1.74287617,1.74287617,-1.74287617,1.74287617,0.134010479,0.524881184,0.306057125,0.99999994,-1.4541798e-05,1.37445413e-05,-0.000307577749,4.05734585e-10,5.6820536e-05,-0.00337307015,-0.000338758342,2.41894882e-09,-4.17368867e-19,0,0,0,0,0,0,0,0,0,0,8.8455738e-07,0.0396149792,0.00974971801,-1.41941314e-06,-0.0396269448,0.00970097166,0,0,0,0,0,0,0,0,0,0,0,0,0,2.0014801,0,0
65,-0.277776837,-0.279473752,0.559168518,-0.277787954,0.277768701,5.98695578e-06,-0.600000024,0.634578049,-0.634578049,-0.604938269,0.634578049,-0.634578049,0,-0.0092409905,0.0078765275,-0,-0,0,0,-0,0,0,-0,0,0.134009823,0.524875164,0.305980831,0.99999994,-1.43064344e-05,2.5662197e-05,-0.000283736299,-1.67136383e-09,0.000317923026,-0.00406346051,-0.00136446301,-7.17316428e-09,4.37235109e-19,0,0,0,0,0,0,0,0,0,0,6.33866136e-07,0.0396154448,0.00974782929,-1.63231903e-06,-0.0396264829,0.00970286131,0,0,0,0,0,0,0,0,0,0,0,0,0,2.01490307,0,0
66,-0.277781069,-0.279497027,0.559197903,-0.277785838,0.277766496,5.98695578e-06,-0.600000024,0.634578049,-0.634578049,-0.604938269,0.634578049,-0.634578049,0,-0.00843602978,0.00778703112,-0,-0,0,0,-0,0,0,-0,0,0.134025365,0.524881542,0.305921227,0.99999994,-2.62285375e-05,3.18646016e-05,-0.000265377806,2.49546295e-09,0.000134274946,-0.00364994467,-0.000648998655,1.20614612e-08,-4.32267062e-19,0,0,0,0,0,0,0,0,0,0,1.45780598e-06,0.0396158025,0.00974637456,-2.69765383e-06,-0.0396261252,0.00970431603,0,0,0,0,0,0,0,0,0,0,0,0,0,2.02814817,0,0
67,-0.277783096,-0.279524505,0.559248805,-0.277785838,0.277768701,3.87887303e-06,-0.600000024,0.634578049,-0.634578049,-0.604938269,0.634578049,-0.634578049,0,-0.00840719976,0.00804350618,-0,-0,0,0,-0,0,0,-0,0,0.134028345,0.524881005,0.305854023,0.99999994,-2.59883273e-05,2.56687963e-05,-0.000259655411,1.78632065e-09,5.94868798e-05,-0.00360920094,-0.000363693573,1.0921287e-08,-4.46504288e-19,0,0,0,0,0,0,0,0,0,0,1.55942996e-06,0.0396159142,0.00974592101,-2.5582442e-06,-0.0396260135,0.00970476959,0,0,0,0,0,0,0,0,0,0,0,0,0,2.04122043,0,0
68,-0.277783096,-0.279549956,0.559303463,-0.277781636,0.277766496,1.77078982e-06,-0.600000024,0.634578049,-0.634578049,-0.604938269,0.634578049,-0.634578049,0,-0.00884423126,0.00838765595,-0,-0,0,0,-0,0,0,-0,0,0.13403137,0.524884701,0.305796266,0.99999994,-2.00300183e-05,3.18694001e-05,-0.000276821316,2.44187559e-09,8.13177467e-05,-0.0038041994,-0.000456575304,1.37104159e-08,0,0,0,0,0,0,0,0,0,0,0,9.6652866e-07,0.0396155789,0.00974728167,-2.20650804e-06,-0.0396263488,0.00970340986,0,0,0,0,0,0,0,0,0,0,0,0,0,2.05412364,0,0
69,-0.277776837,-0.279571146,0.559345961,-0.277783722,0.277768701,5.98695578e-06,-0.600000024,0.634578049,-0.634578049,-0.604938269,0.634578049,-0.634578049,0,-0.00832138583,0.00825908873,-0,-0,0,0,-0,0,0,-0,0,0.134009823,0.524885952,0.305744261,0.99999994,-1.43061106e-05,2.56624444e-05,-0.000271100114,1.03196222e-10,-1.96297497e-05,-0.00354262744,-6.22970983e-05,-3.27504163e-10,4.58471524e-19,0,0,0,0,0,0,0,0,0,0,6.33864829e-07,0.0396156907,0.00974682812,-1.63232028e-06,-0.039626237,0.00970386341,0,0,0,0,0,0,0,0,0,0,0,0,0,2.06686282,0,0
70,-0.277774662,-0.279598713,0.559384406,-0.277787954,0.277772903,8.17936234e-06,-0.529411793,0.570091844,-0.570091844,-0.535221517,0.570091844,-0.570091844,0,-0.00893270504,0.0082356343,-0,-0,0,1.56915927,-1.56915927,1.56915927,1.56915927,-1.56915927,1.56915927,0.13399747,0.524888039,0.305670887,1,-1.43023899e-05,1.3739289e-05,-0.000235575673,-2.51694066e-09,0.000142563295,-0.00386580732,-0.000697070733,-1.23067139e-08,0,0,0,0,0,0,0,0,0,0,0,8.51910386e-07,0.0383883454,0.00897021405,-1.34401444e-06,-0.0383967832,0.00893403683,0,0,0,0,0,0,0,0,0,0,0,0,0,2.07944155,0,0
71,-0.277776837,-0.279617667,0.55943501,-0.277787954,0.277768701,8.17936234e-06,-0.529411793,0.570091844,-0.570091844,-0.535221517,0.570091844,-0.570091844,0,-0.00801916234,0.00760706235,-0,-0,0,0,-0,0,0,-0,0,0.134009823,0.524880648,0.305628866,0.99999994,-2.05045399e-05,2.56612184e-05,-0.000253457285,-3.78168913e-10,7.19344316e-05,-0.00344910775,-0.000412099995,-2.16646479e-09,0,0,0,0,0,0,0,0,0,0,0,1.11440647e-06,0.038388025,0.00897158682,-2.03348236e-06,-0.0383970998,0.00893266406,0,0,0,0,0,0,0,0,0,0,0,0,0,2.09186411,0,0
72,-0.277779043,-0.27964735,0.559490323,-0.277777344,0.277766496,1.77078982e-06,-0.529411793,0.570091844,-0.570091844,-0.535221517,0.570091844,-0.570091844,0,-0.00885492284,0.00776450569,-0,-0,0,0,-0,0,0,-0,0,0.13401936,0.524894595,0.305562377,0.99999994,-8.58595467e-06,3.18662278e-05,-0.000277687941,1.74504511e-09,0.00024438242,-0.0038720218,-0.00109041715,7.78626852e-09,0,0,0,0,0,0,0,0,0,0,0,8.80105304e-08,0.0383875892,0.00897344761,-1.22917788e-06,-0.038397532,0.00893080328,0,0,0,0,0,0,0,0,0,0,0,0,0,2.10413408,0,0
73,-0.277776837,-0.279664159,0.559507191,-0.277787954,0.277775019,1.77078982e-06,-0.529411793,0.570091844,-0.570091844,-0.535221517,0.570091844,-0.570091844,0,-0.00638623163,0.00806026254,-0,-0,0,0,-0,0,0,-0,0,0.134001061,0.524888098,0.305511355,1,-2.37996846e-06,7.78464164e-06,-0.000224131203,2.44559439e-09,-0.000465195422,-0.00254681637,0.00167403091,8.8006038e-09,-8.94868905e-19,0,0,0,0,0,0,0,0,0,0,4.32244889e-08,0.0383885503,0.00896933582,-3.21999948e-07,-0.0383965783,0.008934916,0,0,0,0,0,0,0,0,0,0,0,0,0,2.11625552,0,0
74,-0.277783096,-0.27968961,0.559553742,-0.277785838,0.277768701,3.87887303e-06,-0.529411793,0.570091844,-0.570091844,-0.535221517,0.570091844,-0.570091844,0,-0.00715221046,0.00817465317,-0,-0,0,0,-0,0,0,-0,0,0.134028345,0.524887443,0.305450112,1,-2.59874087e-05,2.56686508e-05,-0.000223892624,-8.98777852e-09,-0.000299305102,-0.00293740025,0.00102244271,-3.07027435e-08,0,0,0,0,0,0,0,0,0,0,0,1.53532312e-06,0.038388554,0.00896931719,-2.45468755e-06,-0.0383965708,0.00893493369,0,0,0,0,0,0,0,0,0,0,0,0,0,2.12823176,0,0
75,-0.277783096,-0.279706478,0.559617102,-0.277787954,0.277768701,8.17936234e-06,-0.529411793,0.570091844,-0.570091844,-0.535221517,0.570091844,-0.570091844,0,-0.00613833498,0.0072826501,-0,-0,0,0,-0,0,0,-0,0,0.134028345,0.524871707,0.305416763,0.99999994,-3.81476784e-05,2.56656367e-05,-0.00025989415,-9.80930359e-09,-0.000326663023,-0.00249438128,0.00114431512,-3.43624293e-08,0,0,0,0,0,0,0,0,0,0,0,2.46896093e-06,0.0383879095,0.00897208136,-3.38836412e-06,-0.0383972153,0.00893216953,0,0,0,0,0,0,0,0,0,0,0,0,0,2.14006615,0,0
76,-0.277787477,-0.279723257,0.559633315,-0.277775347,0.277766496,1.77078982e-06,-0.450980395,0.498440474,-0.498440474,-0.457758427,0.498440474,-0.498440474,0,-0.00367393577,0.00416118605,-0,-0,0,1.74111664,-1.74111664,1.74111664,1.74111664,-1.74111664,1.74111664,0.134044394,0.524892688,0.305378675,0.99999994,-3.24276007e-05,3.18726998e-05,-0.000271011464,-7.90331178e-09,-0.000144156962,-0.00151266705,0.000487250276,-2.67131792e-08,2.30992228e-19,0,0,0,0,0,0,0,0,0,0,1.8809485e-06,0.0370007232,0.00814997032,-2.91772358e-06,-0.0370095372,0.00810985547,0,0,0,0,0,0,0,0,0,0,0,0,0,2.15176225,0,0
77,-0.277779043,-0.279716164,0.559623897,-0.277787954,0.277768701,3.87887303e-06,-0.450980395,0.498440474,-0.498440474,-0.457758427,0.498440474,-0.498440474,0,0.00911065098,-0.00727327028,-0,-0,0,0,-0,0,0,-0,0,0.13401632,0.524879813,0.305389881,1,-1.45437825e-05,2.5665955e-05,-0.000242012728,-3.11600479e-09,-0.000436376577,0.00405526767,0.0018373807,-1.31200606e-08,4.03747607e-19,0,0,0,0,0,0,0,0,0,0,6.58548288e-07,0.0370011963,0.00814782456,-1.49331072e-06,-0.0370090641,0.00811200123,0,0,0,0,0,0,0,0,0,0,0,0,0,2.16332293,0,0
78,-0.277774662,-0.279677123,0.559557796,-0.277787954,0.277772903,3.87887303e-06,-0.450980395,0.498440474,-0.498440474,-0.457758427,0.498440474,-0.498440474,0,0.0241141226,-0.0235219654,-0,-0,0,0,-0,0,0,-0,0,0.13399747,0.524879158,0.305487096,0.99999994,-2.14336433e-06,1.3741691e-05,-0.000258940534,7.81131271e-10,-4.42444471e-05,0.0103070363,0.000592157245,1.04544764e-08,0,0,0,0,0,0,0,0,0,0,0,-6.5078936e-08,0.0370009206,0.00814907718,-3.81814175e-07,-0.0370093398,0.0081107486,0,0,0,0,0,0,0,0,0,0,0,0,0,2.17475176,0,0
79,-0.27778545,-0.279574335,0.559356749,-0.277792156,0.277766496,1.77078982e-06,-0.450980395,0.498440474,-0.498440474,-0.457758427,0.498440474,-0.498440474,0,0.0421073064,-0.0422718041,-0,-0,0,0,-0,0,0,-0,0,0.134038389,0.524865806,0.305733025,0.99999994,-2.67049945e-05,3.18708553e-05,-0.000253456092,9.74633796e-09,0.0002246722,0.0178782586,-0.000164497644,7.13595005e-09,2.34655651e-18,0,0,0,0,0,0,0,0,0,0,1.45752119e-06,0.03700101,0.00814867113,-2.49417053e-06,-0.0370092504,0.00811115466,0,0,0,0,0,0,0,0,0,0,0,0,0,2.18605137,0,0
80,-0.27778545,-0.279429048,0.55905354,-0.277777344,0.277772903,3.87887303e-06,-0.450980395,0.498440474,-0.498440474,-0.457758427,0.498440474,-0.498440474,0,0.0620236769,-0.0618811399,-0,-0,0,0,-0,0,0,-0,0,0.134029508,0.524895012,0.306086987,0.99999994,-3.26611953e-05,1.37497918e-05,-0.000277449348,9.06619491e-09,0.000208993573,0.026373148,0.000142537057,-6.18329432e-09,3.43509331e-18,0,0,0,0,0,0,0,0,0,0,2.19326489e-06,0.0370006189,0.00815044716,-2.64069809e-06,-0.0370096415,0.00810937863,0,0,0,0,0,0,0,0,0,0,0,0,0,2.19722462,0,0
81,-0.277774662,-0.279229194,0.558665991,-0.277783722,0.277768701,8.17936234e-06,-0.450980395,0.498440474,-0.498440474,-0.457758427,0.498440474,-0.498440474,0,0.0736978427,-0.0773397014,-0,-0,0,0,-0,0,0,-0,0,0.134003311,0.524893522,0.306567073,0.99999994,-1.43062507e-05,2.56589065e-05,-0.000276584062,-2.12946425e-08,0.00120616041,0.0309568979,-0.0036418587,-6.42966498e-08,0,0,0,0,0,0,0,0,0,0,0,6.41010502e-07,0.0370006338,0.0081503829,-1.47555795e-06,-0.0370096266,0.00810944289,0,0,0,0,0,0,0,0,0,0,0,0,0,2.20827436,0,0
82,-0.277781069,-0.278977841,0.558146179,-0.277790129,0.277768701,3.87887303e-06,-0.372549027,0.426789105,-0.426789105,-0.380295336,0.426789105,-0.426789105,0,0.0976118743,-0.103405207,-0,-0,0,1.74108005,-1.74108005,1.74108005,1.74108005,-1.74108005,1.74108005,0.134022325,0.524891376,0.307162732,1,-2.0265632e-05,2.5667352e-05,-0.000234383187,3.3289826e-08,0.0017912467,0.0409055986,-0.00579333305,1.07667496e-07,5.74014211e-18,0,0,0,0,0,0,0,0,0,0,1.06504774e-06,0.0355915949,0.00736388331,-1.81951987e-06,-0.0355984829,0.0073305117,0,0,0,0,0,0,0,0,0,0,0,0,0,2.21920347,0,0
83,-0.277776837,-0.278622568,0.557436883,-0.277787954,0.277770817,8.17936234e-06,-0.372549027,0.426789105,-0.426789105,-0.380295336,0.426789105,-0.426789105,0,0.122680344,-0.120970413,-0,-0,0,0,-0,0,0,-0,0,0.134006903,0.524902046,0.308018088,1,-2.05028082e-05,1.97010413e-05,-0.000242251466,1.03315323e-09,-0.000196524052,0.052309297,0.0017099306,8.98933372e-09,0,0,0,0,0,0,0,0,0,0,0,1.16968897e-06,0.0355914794,0.0073644435,-1.74882484e-06,-0.0355985984,0.00732995151,0,0,0,0,0,0,0,0,0,0,0,0,0,2.23001432,0,0
84,-0.277787477,-0.278235972,0.556689084,-0.277790129,0.27776441,1.77078982e-06,-0.372549027,0.426789105,-0.426789105,-0.380295336,0.426789105,-0.426789105,0,0.140048474,-0.138574943,-0,-0,0,0,-0,0,0,-0,0,0.134047315,0.524883807,0.308953226,0.99999994,-3.24292523e-05,3.78331861e-05,-0.000272052421,-1.25982735e-08,-0.000229793397,0.0596675128,0.00147353113,-8.07853837e-08,0,0,0,0,0,0,0,0,0,0,0,1.75184312e-06,0.0355910398,0.00736656506,-2.86397403e-06,-0.0355990343,0.00732782995,0,0,0,0,0,0,0,0,0,0,0,0,0,2.24070978,0,0
85,-0.277781069,-0.277822107,0.555831373,-0.277785838,0.277768701,-3.90697124e-07,-0.372549027,0.426789105,-0.426789105,-0.380295336,0.426789105,-0.426789105,0,0.153877392,-0.159657493,-0,-0,0,0,-0,0,0,-0,0,0.134022325,0.524908543,0.309941798,1,-8.19389788e-06,2.56702588e-05,-0.000241773858,2.82985138e-08,0.00152267597,0.0648206845,-0.00578010082,1.07421577e-07,0,0,0,0,0,0,0,0,0,0,0,2.05644341e-07,0.0355914868,0.00736440951,-9.60120474e-07,-0.035598591,0.0073299855,0,0,0,0,0,0,0,0,0,0,0,0,0,2.25129175,0,0
86,-0.277783096,-0.277295709,0.554809332,-0.27777952,0.277775019,5.98695578e-06,-0.372549027,0.426789105,-0.426789105,-0.380295336,0.426789105,-0.426789105,0,0.172241062,-0.169237792,-0,-0,0,0,-0,0,0,-0,0,0.134019583,0.52490139,0.311219186,0.99999994,-3.1944488e-05,7.78577214e-06,-0.0003031987,-2.94954798e-08,-0.000982239144,0.0735020339,0.00300326943,-9.01846278e-08,9.39458469e-18,0,0,0,0,0,0,0,0,0,0,2.15941304e-06,0.0355905816,0.00736878207,-2.38851203e-06,-0.0355994925,0.00732561247,0,0,0,0,0,0,0,0,0,0,0,0,0,2.2617631,0,0
87,-0.277783096,-0.276803583,0.553811967,-0.277790129,0.277768701,3.87887303e-06,-0.372549027,0.426789105,-0.426789105,-0.380295336,0.426789105,-0.426789105,0,0.18402715,-0.186336666,-0,-0,0,0,-0,0,0,-0,0,0.134028345,0.524887264,0.312392145,0.99999994,-2.59881963e-05,2.56687763e-05,-0.000254561193,5.13506437e-09,0.000171004562,0.0779797584,-0.00230951607,6.93520334e-08,1.03437629e-17,0,0,0,0,0,0,0,0,0,0,1.47235232e-06,0.0355912969,0.00736531988,-2.22692097e-06,-0.0355987772,0.00732907513,0,0,0,0,0,0,0,0,0,0,0,0,0,2.27212596,0,0
88,-0.277779043,-0.276269317,0.55272758,-0.277775347,0.27776441,3.87887303e-06,-0.301960796,0.36230287,-0.36230287,-0.310578555,0.36230287,-0.36230287,0,0.193828419,-0.192190781,-0,-0,0,1.56090152,-1.56090152,1.56090152,1.56090152,-1.56090152,1.56090152,0.134022281,0.524908423,0.313680053,0.99999994,-1.45479362e-05,3.78250661e-05,-0.000274024467,-8.06502776e-09,-0.00112945563,0.0825376287,0.00163763762,-1.16937686e-08,-1.06687315e-17,0,0,0,0,0,0,0,0,0,0,4.92323579e-07,0.0343038514,0.0066958419,-1.50266806e-06,-0.0343111679,0.00665823743,0,0,0,0,0,0,0,0,0,0,0,0,0,2.28238249,0,0
89,-0.27778545,-0.275637388,0.551459372,-0.277787954,0.277768701,1.77078982e-06,-0.301960796,0.36230287,-0.36230287,-0.310578555,0.36230287,-0.36230287,0,0.205667943,-0.204745725,-0,-0,0,0,-0,0,0,-0,0,0.134035349,0.524872243,0.315190285,1,-2.67028772e-05,2.56716194e-05,-0.000232149527,-5.63188181e-08,-0.00129825913,0.087494567,0.000922217965,-4.00060536e-08,0,0,0,0,0,0,0,0,0,0,0,1.48890604e-06,0.0343044102,0.00669296924,-2.17471347e-06,-0.0343106128,0.00666111102,0,0,0,0,0,0,0,0,0,0,0,0,0,2.29253483,0,0
90,-0.277781069,-0.275047988,0.550277114,-0.277790129,0.277770817,5.98695578e-06,-0.301960796,0.36230287,-0.36230287,-0.310578555,0.36230287,-0.36230287,0,0.214361146,-0.212412536,8.58260685e-12,-0,0,0,-0,0,0,-0,0,0.134019405,0.524854422,0.316604525,1,-2.62244394e-05,1.97055924e-05,-0.000221182854,-3.55725227e-08,-0.00191407313,0.0912872255,0.00194860995,-3.62143773e-08,1.17912644e-17,0,0,0,0,0,0,0,0,0,0,1.53586404e-06,0.0343045592,0.00669221673,-2.06231925e-06,-0.0343104638,0.00666186353,0,0,0,0,0,0,0,0,0,0,0,0,0,2.30258512,0,0
91,-0.277783096,-0.274442285,0.549082458,-0.277787954,0.277766496,-3.90697124e-07,-0.301960796,0.36230287,-0.36230287,-0.310578555,0.36230287,-0.36230287,0,0.213681728,-0.216368496,2.83494425e-21,-0,0,0,-0,0,0,-0,0,0.13403137,0.524824023,0.318065941,0.99999994,-1.39177355e-05,3.18706734e-05,-0.000250984507,-3.04087635e-08,-0.00101265276,0.0905303061,-0.00268676877,8.06804863e-08,-1.8826122e-37,0,0,0,0,0,0,0,0,0,0,5.28766748e-07,0.0343041606,0.00669426145,-1.38006715e-06,-0.0343108624,0.00665981881,0,0,0,0,0,0,0,0,0,0,0,0,0,2.31253552,0,0
92,-0.277781069,-0.273727715,0.547666848,-0.277783722,0.277768701,3.87887303e-06,-0.301960796,0.36230287,-0.36230287,-0.310578555,0.36230287,-0.36230287,0,0.22578378,-0.225208342,6.1141405e-32,-0,0,0,-0,0,0,-0,0,0.134022325,0.524789929,0.319789082,0.99999994,-2.02668543e-05,2.56672738e-05,-0.000281979475,-4.36267129e-08,-0.00234745024,0.095990397,0.000575438142,-1.06943592e-08,-0,0,0,0,0,0,0,0,0,0,0,1.04727496e-06,0.0343037434,0.00669638766,-1.73295325e-06,-0.0343112759,0.00665769167,0,0,0,0,0,0,0,0,0,0,0,0,0,2.3223877,0,0
93,-0.277776837,-0.273089737,0.546379745,-0.277785838,0.27776441,1.77078982e-06,-0.301960796,0.36230287,-0.36230287,-0.310578555,0.36230287,-0.36230287,0,0.232650965,-0.226458386,2.01955135e-41,-0,0,0,-0,0,0,-0,0,0.134015784,0.524756968,0.321317554,0.99999994,-2.38806911e-06,3.78251061e-05,-0.000260283647,2.22625705e-08,-0.00423473539,0.0994602516,0.00619257987,3.25552207e-08,-0,0,0,0,0,0,0,0,0,0,0,-3.41945935e-07,0.034304034,0.00669489941,-6.68309724e-07,-0.0343109854,0.00665918039,0,0,0,0,0,0,0,0,0,0,0,0,0,2.33214378,0,0
94,-0.277776837,-0.272420466,0.545069337,-0.277790129,0.277770817,1.77078982e-06,-0.223529413,0.2906515,-0.2906515,-0.233115464,0.2906515,-0.2906515,0,0.23205778,-0.239131734,0,-0,0,1.68924809,-1.68924809,1.68924809,1.68924809,-1.68924809,1.68924809,0.134006903,0.524693608,0.322930902,0.99999994,-2.38389771e-06,1.97050831e-05,-0.000287940056,6.01330896e-09,-0.00114383793,0.097873129,-0.00707395375,-3.71887197e-08,-1.32744778e-17,0,0,0,0,0,0,0,0,0,0,-7.90438506e-08,0.0328540355,0.00598998321,-3.91613639e-07,-0.0328609161,0.00595213939,0,0,0,0,0,0,0,0,0,0,0,0,0,2.3418057,0,0
95,-0.277776837,-0.271661818,0.543578506,-0.277781636,0.277766496,3.87887303e-06,-0.223529413,0.2906515,-0.2906515,-0.233115464,0.2906515,-0.2906515,0,0.240123257,-0.241104886,0,-0,0,0,-0,0,0,-0,0,0.134012863,0.524635255,0.324765533,0.99999994,-8.34982347e-06,3.18618768e-05,-0.000349452312,1.72063146e-08,-0.00327294599,0.101893373,-0.000981628895,-5.16055421e-09,1.33840098e-17,0,0,0,0,0,0,0,0,0,0,1.67443275e-07,0.0328533016,0.00599402515,-9.28509905e-07,-0.0328616463,0.00594809651,0,0,0,0,0,0,0,0,0,0,0,0,0,2.35137534,0,0
96,-0.277791679,-0.270994306,0.542207062,-0.277785838,0.277768701,5.98695578e-06,-0.223529413,0.2906515,-0.2906515,-0.233115464,0.2906515,-0.2906515,0,0.246896312,-0.237610772,0,-0,0,0,-0,0,0,-0,0,0.134053841,0.524574816,0.326356024,0.99999994,-5.62681635e-05,2.56741532e-05,-0.00028603198,-5.06925346e-07,-0.0064440039,0.105780788,0.00928553939,-7.30458169e-07,1.31900475e-17,0,0,0,0,0,0,0,0,0,0,3.39038115e-06,0.0328540616,0.00598985795,-4.00397357e-06,-0.03286089,0.00595226465,0,0,0,0,0,0,0,0,0,0,0,0,0,2.36085391,0,0
97,-0.277783096,-0.270221561,0.540639341,-0.277781636,0.277768701,8.17936234e-06,-0.223529413,0.2906515,-0.2906515,-0.233115464,0.2906515,-0.2906515,0,0.239275679,-0.244193539,0,-0,0,0,-0,0,0,-0,0,0.13402833,0.524521172,0.328207731,0.99999994,-3.81478494e-05,2.5665584e-05,-0.000266482442,-9.19575527e-08,-0.0030623104,0.10110826,-0.00491786003,1.47677511e-07,0,0,0,0,0,0,0,0,0,0,0,2.19981189e-06,0.0328542925,0.00598857366,-2.81305802e-06,-0.0328606591,0.00595354941,0,0,0,0,0,0,0,0,0,0,0,0,0,2.37024379,0,0
98,-0.277776837,-0.269520164,0.539263189,-0.277792156,0.277768701,3.87887303e-06,-0.223529413,0.2906515,-0.2906515,-0.233115464,0.2906515,-0.2906515,0,0.245453596,-0.244202986,0,-0,0,0,-0,0,0,-0,0,0.134009823,0.524424851,0.329893291,0.99999994,-8.34572984e-06,2.5664016e-05,-0.000274350401,2.73125842e-08,-0.00519533735,0.104328915,0.00125060976,6.57462262e-09,-1.35559889e-17,0,0,0,0,0,0,0,0,0,0,2.41466381e-07,0.0328541994,0.00598909054,-8.54486814e-07,-0.0328607522,0.00595303252,0,0,0,0,0,0,0,0,0,0,0,0,0,2.37954617,0,0
99,-0.277781069,-0.268817246,0.537868798,-0.27777943,0.277772903,1.77078982e-06,-0.223529413,0.2906515,-0.2906515,-0.233115464,0.2906515,-0.2906515,0,0.246481031,-0.24812983,2.28413246e-05,-0,0,0,-0,0,0,-0,0,0.134016484,0.524352312,0.33159107,0.99999994,-1.43036405e-05,1.37482157e-05,-0.000326563662,-9.05633328e-08,-0.00487299869,0.104457676,-0.00162595732,3.02179686e-08,-1.37694644e-17,0,0,0,0,0,0,0,0,0,0,7.75429442e-07,0.0328535736,0.00599252107,-1.10390681e-06,-0.0328613743,0.00594960107,0,0,0,0,0,0,0,0,0,0,0,0,0,2.38876271,0,0
100,-0.277781069,-0.268029839,0.536274433,-0.277785838,0.277770817,1.77078982e-06,-0.223529413,0.2906515,-0.2906515,-0.233115464,0.2906515,-0.2906515,0,0.246243089,-0.249294445,3.07501723e-05,-0,0,0,-0,0,0,-0,0,0.134019405,0.524251521,0.333471686,0.99999994,-1.43046855e-05,1.97084846e-05,-0.000280787266,-9.23042975e-08,-0.00496667577,0.104192786,-0.00302060531,5.61371181e-08,1.38336776e-17,0,0,0,0,0,0,0,0,0,0,7.04259037e-07,0.0328541212,0.00598951336,-1.17507727e-06,-0.0328608304,0.0059526097,0,0,0,0,0,0,0,0,0,0,0,0,0,2.39789534,0,0
101,-0.277779043,-0.267320424,0.534867883,-0.277787954,0.277766496,3.87887303e-06,-0.223529413,0.2906515,-0.2906515,-0.233115464,0.2906515,-0.2906515,0,0.249079078,-0.244770467,-1.73595254e-07,-0,0,0,-0,0,0,-0,0,0.13401936,0.524147689,0.33517611,0.99999994,-1.4546883e-05,3.1864467e-05,-0.000292231678,-5.26920125e-08,-0.00737917982,0.106103681,0.00430843746,-3.07649692e-08,1.3587507e-17,0,0,0,0,0,0,0,0,0,0,5.74755688e-07,0.0328539871,0.0059902654,-1.33591607e-06,-0.0328609645,0.00595185719,0,0,0,0,0,0,0,0,0,0,0,0,0,2.40694499,0,0
102,-0.277781069,-0.266541183,0.533316016,-0.277783722,0.277770817,5.98695578e-06,-0.223529413,0.2906515,-0.2906515,-0.233115464,0.2906515,-0.2906515,0,0.252758473,-0.246968314,-3.74393857e-18,-0,0,0,-0,0,0,-0,0,0.13401939,0.524034441,0.337049574,0.99999994,-2.62262565e-05,1.97048867e-05,-0.000313450844,-1.54813804e-07,-0.00833016448,0.107783586,0.00579015911,-1.07608507e-07,-2.26299629e-34,0,0,0,0,0,0,0,0,0,0,1.48763513e-06,0.03285373,0.00599165959,-1.95846792e-06,-0.0328612179,0.00595046254,0,0,0,0,0,0,0,0,0,0,0,0,0,2.41591382,0,0
103,-0.27778545,-0.265838683,0.531932771,-0.277785838,0.277762294,3.87887303e-06,-0.113725491,0.19033961,-0.19033961,-0.124667153,0.19033961,-0.19033961,0,0.246986106,-0.252840221,-1.23667053e-27,-0,0,2.45246243,-2.45246243,2.45246243,2.45246243,-2.45246243,2.45246243,0.134044185,0.523908615,0.338739246,0.99999994,-3.26721929e-05,4.3791184e-05,-0.000338245736,-2.41012458e-07,-0.00555580948,0.104145654,-0.00585411489,2.53953004e-07,-1.30320757e-43,0,0,0,0,0,0,0,0,0,0,1.56879696e-06,0.0307917576,0.00507289032,-2.45396268e-06,-0.0307985935,0.00503122481,0,0,0,0,0,0,0,0,0,0,0,0,0,2.42480278,0,0
104,-0.277776837,-0.265137702,0.530516803,-0.277783722,0.277766496,-3.90697124e-07,-0.113725491,0.19033961,-0.19033961,-0.124667153,0.19033961,-0.19033961,0,0.251398176,-0.252330333,-4.08487874e-37,-0,0,0,-0,0,0,-0,0,0.134012863,0.52380687,0.340417087,0.99999994,3.72289855e-06,3.18661332e-05,-0.000324417982,3.88374133e-08,-0.00738756452,0.106478356,-0.00093215704,-4.90047425e-09,1.40071473e-17,0,0,0,0,0,0,0,0,0,0,-5.51898324e-07,0.0307918992,0.00507203862,-9.20355347e-08,-0.0307984538,0.0050320765,0,0,0,0,0,0,0,0,0,0,0,0,0,2.4336133,0,0
105,-0.277783096,-0.264354438,0.528906584,-0.277787954,0.277768701,-3.90697124e-07,-0.113725491,0.19033961,-0.19033961,-0.124667153,0.19033961,-0.19033961,0,0.251616478,-0.24830699,-0,-0,0,0,-0,0,0,-0,0,0.134028301,0.523675859,0.342279732,0.99999994,-1.39161739e-05,2.56717867e-05,-0.000250746176,-2.69417086e-07,-0.0089719519,0.106959529,0.0033094883,-9.93800171e-08,-1.37838069e-17,0,0,0,0,0,0,0,0,0,0,5.97279723e-07,0.0307926461,0.00506750168,-1.11613178e-06,-0.0307977125,0.00503661437,0,0,0,0,0,0,0,0,0,0,0,0,0,2.44234705,0,0
106,-0.277774662,-0.263637006,0.527490258,-0.277787954,0.277770817,3.87887303e-06,-0.113725491,0.19033961,-0.19033961,-0.124667153,0.19033961,-0.19033961,0,0.248742163,-0.250124693,-0,-0,0,0,-0,0,0,-0,0,0.134000421,0.523540318,0.344003916,0.99999994,-2.14526312e-06,1.9701798e-05,-0.000276973034,1.42724758e-07,-0.00808414444,0.105239585,-0.00138252974,-2.44084237e-08,0,0,0,0,0,0,0,0,0,0,0,-6.72838354e-08,0.0307923798,0.0050691166,-3.30866726e-07,-0.030797977,0.00503499899,0,0,0,0,0,0,0,0,0,0,0,0,0,2.45100498,0,0
107,-0.277779043,-0.262838632,0.525896251,-0.277775347,0.277775019,8.17936234e-06,-0.113725491,0.19033961,-0.19033961,-0.124667153,0.19033961,-0.19033961,0,0.253812551,-0.253204256,-0,-0,0,0,-0,0,0,-0,0,0.134007558,0.523395777,0.345924079,0.99999994,-2.66993811e-05,7.78016329e-06,-0.000316462858,-6.61255157e-08,-0.00926045701,0.107546382,0.000608295202,-4.34361258e-09,1.40556598e-17,0,0,0,0,0,0,0,0,0,0,1.56557587e-06,0.0307919793,0.00507154875,-1.72296996e-06,-0.0307983737,0.00503256684,0,0,0,0,0,0,0,0,0,0,0,0,0,2.45958877,0,0
108,-0.277787477,-0.262129486,0.524480641,-0.277785838,0.277770817,5.98695578e-06,-0.113725491,0.19033961,-0.19033961,-0.124667153,0.19033961,-0.19033961,0,0.252806962,-0.249129757,-0,-0,0,0,-0,0,0,-0,0,0.134038344,0.5232265,0.347616851,0.99999994,-4.43456192e-05,1.97103273e-05,-0.000290562282,-5.73102625e-07,-0.0104534319,0.107389688,0.00367720425,-2.01600329e-07,-1.38294796e-17,0,0,0,0,0,0,0,0,0,0,2.53162443e-06,0.0307922419,0.00506995386,-2.93019571e-06,-0.030798113,0.0050341622,0,0,0,0,0,0,0,0,0,0,0,0,0,2.46809959,0,0
109,-0.277776837,-0.261414587,0.523089588,-0.277785838,0.277772903,-3.90697124e-07,-0.113725491,0.19033961,-0.19033961,-0.124667153,0.19033961,-0.19033961,0,0.242162302,-0.252115726,-0,-0,0,0,-0,0,0,-0,0,0.134003982,0.523063123,0.349338889,0.99999994,3.72848854e-06,1.37462903e-05,-0.000345398788,3.63563935e-08,-0.00691563031,0.101485275,-0.00995342433,-5.23264809e-08,0,0,0,0,0,0,0,0,0,0,0,-3.68812493e-07,0.030791685,0.00507333083,9.1050282e-08,-0.0307986662,0.00503078429,0,0,0,0,0,0,0,0,0,0,0,0,0,2.47653842,0,0
110,-0.27778545,-0.26062271,0.521504998,-0.277781636,0.27776441,1.77078982e-06,-0.113725491,0.19033961,-0.19033961,-0.124667153,0.19033961,-0.19033961,0,0.246728316,-0.248179778,-0,-0,0,0,-0,0,0,-0,0,0.13404122,0.5228827,0.351235658,0.99999994,-2.67103878e-05,3.78330333e-05,-0.000356126984,-4.24179007e-07,-0.00977815781,0.104221642,-0.00145146251,6.29648156e-08,1.37767452e-17,0,0,0,0,0,0,0,0,0,0,1.26190719e-06,0.030791577,0.0050739916,-2.02663819e-06,-0.0307987742,0.00503012352,0,0,0,0,0,0,0,0,0,0,0,0,0,2.48490667,0,0
111,-0.277787477,-0.259921879,0.520103574,-0.277785838,0.277770817,1.77078982e-06,-0.113725491,0.19033961,-0.19033961,-0.124667153,0.19033961,-0.19033961,0,0.247897685,-0.243342444,-0,-0,0,0,-0,0,0,-0,0,0.134038314,0.522708774,0.352909327,0.99999994,-3.24257489e-05,1.97149984e-05,-0.000344444648,-6.47324271e-07,-0.0118072405,0.105274536,0.00455524027,-2.49738093e-07,0,0,0,0,0,0,0,0,0,0,0,1.79738004e-06,0.0307916962,0.00507327216,-2.19601088e-06,-0.0307986569,0.00503084296,0,0,0,0,0,0,0,0,0,0,0,0,0,2.49320555,0,0
112,-0.277781069,-0.259151191,0.518511176,-0.277787954,0.277770817,5.98695578e-06,0.00392156886,0.0828625634,-0.0828625634,-0.00847252458,0.0828625634,-0.0828625634,0,0.250445873,-0.252059519,-0,-0,0,2.36537099,-2.36537099,2.36537099,2.36537099,-2.36537099,2.36537099,0.134019375,0.522541165,0.354736179,0.99999994,-2.62253325e-05,1.97052468e-05,-0.000266482384,-2.00159931e-07,-0.0107701318,0.105688475,-0.00161364675,2.99891809e-08,0,0,0,0,0,0,0,0,0,0,0,1.33306321e-06,0.0285449289,0.00417389814,-1.66097107e-06,-0.028549362,0.00414346904,0,0,0,0,0,0,0,0,0,0,0,0,0,2.501436,0,0
113,-0.277783096,-0.258450449,0.51710403,-0.277785838,0.277768701,1.77078982e-06,0.00392156886,0.0828625634,-0.0828625634,-0.00847252458,0.0828625634,-0.0828625634,0,0.24766767,-0.251593888,-0,-0,0,0,-0,0,0,-0,0,0.134028256,0.522364557,0.356410146,0.99999994,-2.00279828e-05,2.56703916e-05,-0.00026433621,-3.14042012e-07,-0.0104580214,0.104238696,-0.00392621756,1.17899667e-07,0,0,0,0,0,0,0,0,0,0,0,9.29542068e-07,0.0285449475,0.00417377567,-1.35665027e-06,-0.0285493452,0.0041435915,0,0,0,0,0,0,0,0,0,0,0,0,0,2.50959921,0,0
114,-0.27778545,-0.257747442,0.515700877,-0.277794272,0.277772903,3.87887303e-06,0.00392156886,0.0828625634,-0.0828625634,-0.00847252458,0.0828625634,-0.0828625634,0,0.245943785,-0.244880348,-0,-0,0,0,-0,0,0,-0,0,0.134029388,0.522162259,0.358085275,0.99999994,-3.26607442e-05,1.37494389e-05,-0.000244547584,-5.24527252e-07,-0.0120913824,0.103962474,0.00106343627,-4.61321399e-08,0,0,0,0,0,0,0,0,0,0,0,1.75012474e-06,0.0285451133,0.00417264597,-1.97897589e-06,-0.0285491813,0.00414472166,0,0,0,0,0,0,0,0,0,0,0,0,0,2.51769638,0,0
115,-0.277779043,-0.256940305,0.514109492,-0.277794272,0.27776441,5.98695578e-06,0.00392156886,0.0828625634,-0.0828625634,-0.00847252458,0.0828625634,-0.0828625634,0,0.248993203,-0.251640409,6.5383123e-05,-0,0,0,-0,0,0,-0,0,0.134022266,0.521933973,0.360018641,0.99999994,-2.05085125e-05,3.78233926e-05,-0.000276973151,-8.38456558e-08,-0.0117420489,0.1048306,-0.00258182315,1.84358502e-08,1.39669198e-17,0,0,0,0,0,0,0,0,0,0,8.55682629e-07,0.0285448413,0.00417449744,-1.48495928e-06,-0.0285494495,0.00414286973,0,0,0,0,0,0,0,0,0,0,0,0,0,2.5257287,0,0
116,-0.27778545,-0.256228626,0.512680411,-0.277781636,0.277772903,8.17936234e-06,0.00392156886,0.0828625634,-0.0828625634,-0.00847252458,0.0828625634,-0.0828625634,0,0.248550266,-0.244831085,5.85753296e-05,-0,0,0,-0,0,0,-0,0,0.134029374,0.52174449,0.36172232,0.99999994,-4.48209175e-05,1.37463794e-05,-0.000304629211,-5.98735255e-07,-0.0138020227,0.105227716,0.00377775612,-1.63880031e-07,1.37493735e-21,0,0,0,0,0,0,0,0,0,0,2.44433227e-06,0.0285446104,0.00417607604,-2.67322685e-06,-0.0285496786,0.00414129067,0,0,0,0,0,0,0,0,0,0,0,0,0,2.53369689,0,0
117,-0.277783096,-0.255442381,0.511116385,-0.27779007,0.277762294,3.87887303e-06,0.00392156886,0.0828625634,-0.0828625634,-0.00847252458,0.0828625634,-0.0828625634,0,0.254491955,-0.245675385,6.29194474e-05,-0,0,0,-0,0,0,-0,0,0.134037122,0.52149725,0.363594949,0.99999994,-2.59944791e-05,4.37887393e-05,-0.000292708079,-4.77878643e-07,-0.0159140024,0.108183928,0.00887948927,-2.66640569e-07,2.72710198e-17,0,0,0,0,0,0,0,0,0,0,1.11913437e-06,0.0285447109,0.0041753957,-1.84767509e-06,-0.0285495799,0.00414197147,0,0,0,0,0,0,0,0,0,0,0,0,0,2.5416019,0,0
118,-0.277781069,-0.254748076,0.509727061,-0.277781636,0.277768701,1.77078982e-06,0.0745098069,0.0183763355,-0.0183763355,0.0612442493,0.0183763355,-0.0183763355,0,0.248849601,-0.253189981,8.38875724e-09,-0,0,1.58906555,-1.58906555,1.58906555,1.58906555,-1.58906555,1.58906555,0.134022266,0.521297276,0.365254492,0.99999994,-1.43072521e-05,2.56690982e-05,-0.00031559635,-2.34227002e-07,-0.0126032,0.104432195,-0.00434037205,8.06646199e-08,1.40548673e-17,0,0,0,0,0,0,0,0,0,0,5.8895273e-07,0.0271785595,0.00368579174,-9.65701247e-07,-0.02718319,0.00365147903,0,0,0,0,0,0,0,0,0,0,0,0,0,2.54944515,0,0
119,-0.277783096,-0.254057795,0.508310795,-0.277785838,0.277770817,5.98695578e-06,0.0745098069,0.0183763355,-0.0183763355,0.0612442493,0.0183763355,-0.0183763355,0,0.246904448,-0.250027716,2.77091174e-18,-0,0,0,-0,0,0,-0,0,0.134025306,0.521086156,0.366886467,0.99999994,-3.19471146e-05,1.97067966e-05,-0.000253130827,-3.96954107e-07,-0.013219106,0.103679955,-0.00312326849,9.37880529e-08,1.23774217e-34,0,0,0,0,0,0,0,0,0,0,1.59177671e-06,0.0271790195,0.00368239637,-1.88108368e-06,-0.0271827336,0.00365487509,0,0,0,0,0,0,0,0,0,0,0,0,0,2.55722737,0,0
120,-0.277774662,-0.253274024,0.506742001,-0.277787954,0.277772903,8.17936234e-06,0.0745098069,0.0183763355,-0.0183763355,0.0612442493,0.0183763355,-0.0183763355,0,0.248031661,-0.244284227,5.97604265e-29,-0,0,0,-0,0,0,-0,0,0.133997545,0.520834088,0.368751138,0.99999994,-1.43025263e-05,1.37389725e-05,-0.00024550184,2.74296269e-07,-0.0155365523,0.104777277,0.00374743342,6.61605597e-08,-0,0,0,0,0,0,0,0,0,0,0,6.76494835e-07,0.0271790754,0.0036819817,-8.78159483e-07,-0.0271826778,0.00365528977,0,0,0,0,0,0,0,0,0,0,0,0,0,2.56494927,0,0
121,-0.27778545,-0.252653569,0.505495369,-0.277783722,0.277777225,1.77078982e-06,0.0745098069,0.0183763355,-0.0183763355,0.0612442493,0.0183763355,-0.0183763355,0,0.245697215,-0.247813731,9.94457878e-05,-0,0,0,-0,0,0,-0,0,0.134023368,0.520625532,0.37022841,0.99999994,-2.66973129e-05,1.59162914e-06,-0.000249316072,-6.16913894e-07,-0.014221075,0.10316781,-0.00201707054,8.75010358e-08,-1.37539994e-17,0,0,0,0,0,0,0,0,0,0,1.43956424e-06,0.0271790475,0.00368218892,-1.46301841e-06,-0.0271827057,0.00365508255,0,0,0,0,0,0,0,0,0,0,0,0,0,2.57261229,0,0
122,-0.277781069,-0.251945913,0.504083157,-0.277785838,0.277770817,1.77078982e-06,0.0745098069,0.0183763355,-0.0183763355,0.0612442493,0.0183763355,-0.0183763355,0,0.248148769,-0.245546147,0.000100635429,-0,0,0,-0,0,0,-0,0,0.13401933,0.520380497,0.371911138,0.99999994,-1.43040324e-05,1.97083427e-05,-0.000247647084,-2.97651212e-07,-0.0160159059,0.104609996,0.00270325737,-5.02392936e-08,1.4566072e-21,0,0,0,0,0,0,0,0,0,0,6.3269556e-07,0.0271790605,0.00368209835,-9.21958474e-07,-0.0271826945,0.00365517312,0,0,0,0,0,0,0,0,0,0,0,0,0,2.58021688,0,0
123,-0.277779043,-0.251223952,0.502670228,-0.27779007,0.277770817,3.87887303e-06,0.0745098069,0.0183763355,-0.0183763355,0.0612442493,0.0183763355,-0.0183763355,0,0.245259762,-0.247804761,0.000199877162,-0,0,0,-0,0,0,-0,0,0.13401337,0.520107269,0.373633653,0.99999994,-1.45430804e-05,1.97052123e-05,-0.000279595406,-1.06420877e-07,-0.0149035649,0.102828413,-0.00234512193,1.67456538e-08,1.37505211e-17,0,0,0,0,0,0,0,0,0,0,6.45675584e-07,0.0271788239,0.00368383504,-9.34900243e-07,-0.0271829274,0.0036534362,0,0,0,0,0,0,0,0,0,0,0,0,0,2.58776402,0,0
124,-0.277781069,-0.250518739,0.501270771,-0.27779007,0.277766496,-3.90697124e-07,0.152941182,-0.0532750264,0.0532750264,0.13870734,-0.0532750264,0.0532750264,0,0.240955114,-0.244410336,0.000176957037,-0,0,1.67298114,-1.67298114,1.67298114,1.67298114,-1.67298114,1.67298114,0.134025276,0.519844294,0.375311971,0.99999994,-8.19709567e-06,3.18696948e-05,-0.000295092119,-2.75041515e-07,-0.0147993322,0.100864492,-0.00327826454,6.09256432e-08,5.52548733e-21,0,0,0,0,0,0,0,0,0,0,2.182543e-07,0.0256468821,0.00318018976,-6.21761956e-07,-0.0256506186,0.00314991479,0,0,0,0,0,0,0,0,0,0,0,0,0,2.59525466,0,0
125,-0.277779043,-0.249730319,0.499705404,-0.277787954,0.27776441,3.87887303e-06,0.152941182,-0.0532750264,0.0532750264,0.13870734,-0.0532750264,0.0532750264,0,0.254683346,-0.245532185,0.000153535482,-0,0,0,-0,0,0,-0,0,0.134022251,0.519548893,0.377188116,0.99999994,-1.45495715e-05,3.7824746e-05,-0.000317265658,-1.38958768e-07,-0.0194602888,0.107810661,0.00930469576,-6.64414159e-08,1.36167652e-17,0,0,0,0,0,0,0,0,0,0,5.06277331e-07,0.0256467424,0.00318132713,-9.8520502e-07,-0.0256507583,0.00314877718,0,0,0,0,0,0,0,0,0,0,0,0,0,2.60268974,0,0
126,-0.27778545,-0.249035835,0.498305649,-0.27779007,0.277770817,5.98695578e-06,0.152941182,-0.0532750264,0.0532750264,0.13870734,-0.0532750264,0.0532750264,0,0.248394012,-0.246462137,0.000151527696,-0,0,0,-0,0,0,-0,0,0.13403219,0.519278705,0.378831476,0.99999994,-3.86236788e-05,1.97086902e-05,-0.000296046026,-7.6202565e-07,-0.0175661854,0.104384169,0.00208340352,-9.03785846e-08,7.76254479e-21,0,0,0,0,0,0,0,0,0,0,1.85616875e-06,0.0256468765,0.00318023865,-2.10582971e-06,-0.0256506242,0.00314986566,0,0,0,0,0,0,0,0,0,0,0,0,0,2.61006975,0,0
127,-0.277779043,-0.248345733,0.496914297,-0.27779007,0.277770817,8.17936234e-06,0.152941182,-0.0532750264,0.0532750264,0.13870734,-0.0532750264,0.0532750264,0,0.240222007,-0.247990981,0.000115887429,-0,0,0,-0,0,0,-0,0,0.13401337,0.519016623,0.380464494,0.99999994,-2.67024407e-05,1.97017998e-05,-0.000280310895,-1.06208297e-07,-0.0148737943,0.0999196023,-0.00765308645,5.46478773e-08,-1.37631174e-17,0,0,0,0,0,0,0,0,0,0,1.24472365e-06,0.0256469771,0.00317943143,-1.49424727e-06,-0.0256505255,0.00315067288,0,0,0,0,0,0,0,0,0,0,0,0,0,2.61739588,0,0
128,-0.27778545,-0.24755697,0.495316893,-0.277781636,0.277762294,5.98695578e-06,0.152941182,-0.0532750264,0.0532750264,0.13870734,-0.0532750264,0.0532750264,0,0.252770007,-0.252736568,0.000112259353,-0,0,0,-0,0,0,-0,0,0.134043962,0.518713534,0.382332385,0.99999994,-3.86299325e-05,4.37888702e-05,-0.000276018749,-7.92274136e-07,-0.0182634722,0.105876938,0.000145697559,-6.32039754e-09,2.80494166e-17,0,0,0,0,0,0,0,0,0,0,1.70374358e-06,0.0256470051,0.0031792114,-2.25825488e-06,-0.0256504994,0.00315089314,0,0,0,0,0,0,0,0,0,0,0,0,0,2.6246686,0,0
129,-0.27778545,-0.246842667,0.493893504,-0.277792156,0.277762294,1.77078982e-06,0.152941182,-0.0532750264,0.0532750264,0.13870734,-0.0532750264,0.0532750264,0,0.248163983,-0.250863135,0.000112839982,-0,0,0,-0,0,0,-0,0,0.134043947,0.518401384,0.384018987,0.99999994,-2.67080231e-05,4.37917879e-05,-0.000253606908,-7.65142715e-07,-0.0176380407,0.103601828,-0.00258631166,1.12194861e-07,1.39288695e-17,0,0,0,0,0,0,0,0,0,0,1.09223583e-06,0.0256471466,0.00317806168,-1.64673486e-06,-0.0256503578,0.00315204286,0,0,0,0,0,0,0,0,0,0,0,0,0,2.63188887,0,0
130,-0.277781069,-0.246123642,0.492469132,-0.277785838,0.277770817,1.77078982e-06,0.23137255,-0.124926388,0.124926388,0.216170415,-0.124926388,0.124926388,0,0.249146909,-0.249695241,0.000152890992,-0,0,1.70581686,-1.70581686,1.70581686,1.70581686,-1.70581686,1.70581686,0.134019285,0.5181036,0.385727495,0.99999994,-1.43048828e-05,1.97085265e-05,-0.000290800846,-3.47344724e-07,-0.0186897982,0.104156151,-0.000395441923,7.34917949e-09,-2.98376548e-21,0,0,0,0,0,0,0,0,0,0,5.82662892e-07,0.0241014473,0.00271894224,-7.9594821e-07,-0.0241045933,0.00269090547,0,0,0,0,0,0,0,0,0,0,0,0,0,2.6390574,0,0
131,-0.277783096,-0.245311186,0.490879446,-0.277783722,0.27776441,1.77078982e-06,0.23137255,-0.124926388,0.124926388,0.216170415,-0.124926388,0.124926388,0,0.252667069,-0.249728292,0.0001374368,-0,0,0,-0,0,0,-0,0,0.134034082,0.517738223,0.387659222,0.99999994,-2.00343075e-05,3.78305594e-05,-0.000346590474,-6.11154519e-07,-0.0203522686,0.105885878,0.00307621411,-9.23750676e-08,-2.45865301e-22,0,0,0,0,0,0,0,0,0,0,7.60447506e-07,0.0241011437,0.00272163143,-1.16983779e-06,-0.0241048932,0.00268821581,0,0,0,0,0,0,0,0,0,0,0,0,0,2.64617491,0,0
132,-0.277783096,-0.244609281,0.489450336,-0.277792156,0.277772903,3.87887303e-06,0.23137255,-0.124926388,0.124926388,0.216170415,-0.124926388,0.124926388,0,0.250107765,-0.250176609,0.000155077287,-0,0,0,-0,0,0,-0,0,0.134022281,0.517425835,0.389305234,0.99999994,-2.5985606e-05,1.37479783e-05,-0.000286986178,-5.94035839e-07,-0.019782193,0.104440175,8.6233922e-05,-2.58950261e-09,7.04486221e-21,0,0,0,0,0,0,0,0,0,0,1.17805837e-06,0.0241014678,0.0027187583,-1.32688797e-06,-0.0241045728,0.00269108941,0,0,0,0,0,0,0,0,0,0,0,0,0,2.65324187,0,0
133,-0.277772635,-0.243901387,0.48805967,-0.277783722,0.277770817,1.77078982e-06,0.23137255,-0.124926388,0.124926388,0.216170415,-0.124926388,0.124926388,0,0.242805034,-0.24800536,0.000163166391,-0,0,0,-0,0,0,-0,0,0.133994609,0.517114401,0.390987933,0.99999994,9.53587914e-06,1.97005065e-05,-0.000346352841,5.3165968e-07,-0.0182707254,0.100801751,-0.00503716012,-1.46576284e-07,-2.75298546e-17,0,0,0,0,0,0,0,0,0,0,-5.6657484e-07,0.0241011456,0.00272161979,3.53457068e-07,-0.0241048913,0.00268822722,0,0,0,0,0,0,0,0,0,0,0,0,0,2.66025949,0,0
134,-0.277783096,-0.243120804,0.486456871,-0.277771026,0.277766496,-2.4987803e-06,0.23137255,-0.124926388,0.124926388,0.216170415,-0.124926388,0.124926388,0,0.246750563,-0.248133972,0.000147193234,-0,0,0,-0,0,0,-0,0,0.134031132,0.516780138,0.392824233,0.99999994,-7.9595784e-06,3.18737693e-05,-0.000323376153,-6.0181037e-07,-0.0200410951,0.102738105,-0.0012362157,3.71220921e-08,1.17775373e-20,0,0,0,0,0,0,0,0,0,0,2.10756738e-07,0.0241012704,0.00272051245,-5.55649081e-07,-0.0241047684,0.00268933503,0,0,0,0,0,0,0,0,0,0,0,0,0,2.66722822,0,0
135,-0.27778545,-0.242418811,0.485050023,-0.277783722,0.277775019,1.77078982e-06,0.23137255,-0.124926388,0.124926388,0.216170415,-0.124926388,0.124926388,0,0.246693343,-0.246279389,8.34726015e-05,-0,0,0,-0,0,0,-0,0,0.134026214,0.51643014,0.394470394,0.99999994,-2.66991246e-05,7.79108086e-06,-0.000283409812,-9.07567767e-07,-0.0209212173,0.10280548,0.000497426838,-2.15785043e-08,-1.36647996e-17,0,0,0,0,0,0,0,0,0,0,1.24476333e-06,0.0241014864,0.00271858601,-1.32914226e-06,-0.0241045542,0.0026912617,0,0,0,0,0,0,0,0,0,0,0,0,0,2.67414856,0,0
136,-0.277783096,-0.241721034,0.483624607,-0.277785838,0.277770817,1.77078982e-06,0.301960796,-0.189412609,0.189412609,0.285887182,-0.189412609,0.189412609,0,0.247971103,-0.248663276,9.13227996e-05,-0,0,1.55391359,-1.55391359,1.55391359,1.55391359,-1.55391359,1.55391359,0.134025156,0.516105115,0.39610365,1,-2.00258346e-05,1.9709636e-05,-0.000235249201,-6.35024776e-07,-0.0211471803,0.103144638,-0.000600851025,1.80428454e-08,2.42580332e-22,0,0,0,0,0,0,0,0,0,0,8.17211912e-07,0.0227001533,0.00233894726,-1.00081297e-06,-0.0227023438,0.00231758528,0,0,0,0,0,0,0,0,0,0,0,0,0,2.68102145,0,0
137,-0.277779043,-0.240919128,0.482030898,-0.277783722,0.277766496,1.77078982e-06,0.301960796,-0.189412609,0.189412609,0.285887182,-0.189412609,0.189412609,0,0.25131017,-0.250083864,7.00094388e-05,-0,0,0,-0,0,0,-0,0,0.1340193,0.51571238,0.397994161,0.99999994,-8.58524891e-06,3.18662605e-05,-0.000255515013,-1.60031334e-07,-0.0224113669,0.104624644,0.00129631534,-9.256512e-09,1.38817566e-17,0,0,0,0,0,0,0,0,0,0,2.4102556e-07,0.0227000583,0.00233986718,-5.37818551e-07,-0.0227024369,0.00231666514,0,0,0,0,0,0,0,0,0,0,0,0,0,2.68784738,0,0
138,-0.277781069,-0.24019824,0.48061496,-0.277787954,0.277766496,8.17936234e-06,0.301960796,-0.189412609,0.189412609,0.285887182,-0.189412609,0.189412609,0,0.248299137,-0.245815918,5.92711658e-05,-0,0,0,-0,0,0,-0,0,0.134025186,0.515332282,0.39969334,0.99999994,-3.24278881e-05,3.18627535e-05,-0.000280072534,-4.25520113e-07,-0.0228962302,0.103407167,0.00254249014,-4.72514756e-08,-1.36453575e-17,0,0,0,0,0,0,0,0,0,0,1.32348976e-06,0.0226999428,0.0023409822,-1.62031426e-06,-0.0227025524,0.00231555011,0,0,0,0,0,0,0,0,0,0,0,0,0,2.69462729,0,0
139,-0.277783096,-0.239384279,0.479024261,-0.277783722,0.277768701,1.77078982e-06,0.301960796,-0.189412609,0.189412609,0.285887182,-0.189412609,0.189412609,0,0.242330432,-0.251986414,6.47871057e-05,-0,0,0,-0,0,0,-0,0,0.134028032,0.514904141,0.401617527,0.99999994,-2.00300437e-05,2.56711937e-05,-0.000344683271,-5.90365744e-07,-0.0196599737,0.0996153355,-0.0095911948,2.88012245e-07,1.39838092e-17,0,0,0,0,0,0,0,0,0,0,7.89441401e-07,0.0226996411,0.0023439154,-1.02858326e-06,-0.0227028504,0.00231261645,0,0,0,0,0,0,0,0,0,0,0,0,0,2.70136118,0,0
140,-0.277789503,-0.238673434,0.4776299,-0.277787954,0.277768701,5.98695578e-06,0.301960796,-0.189412609,0.189412609,0.285887182,-0.189412609,0.189412609,0,0.252773017,-0.248741955,4.316587e-05,-0,0,0,-0,0,0,-0,0,0.134046674,0.514510691,0.403290391,0.99999994,-5.00714668e-05,2.5673764e-05,-0.000371385977,-1.6306974e-06,-0.0246074516,0.105219252,0.004074228,-2.69992739e-07,1.38069365e-17,0,0,0,0,0,0,0,0,0,0,2.15329965e-06,0.0226995144,0.00234512775,-2.39257429e-06,-0.0227029733,0.00231140386,0,0,0,0,0,0,0,0,0,0,0,0,0,2.70805025,0,0
141,-0.277779043,-0.237979531,0.476217985,-0.27779007,0.277772903,5.98695578e-06,0.301960796,-0.189412609,0.189412609,0.285887182,-0.189412609,0.189412609,0,0.255093873,-0.248069331,3.28726164e-05,-0,0,0,-0,0,0,-0,0,0.134010404,0.514156759,0.404908717,0.99999994,-2.05025881e-05,1.37423904e-05,-0.000331332267,-1.85800175e-07,-0.0260201283,0.106385276,0.00705741392,-5.03944015e-08,1.37687125e-17,0,0,0,0,0,0,0,0,0,0,8.66638516e-07,0.0226997025,0.00234330934,-9.94685593e-07,-0.0227027889,0.00231322274,0,0,0,0,0,0,0,0,0,0,0,0,0,2.71469474,0,0
142,-0.277781069,-0.237289011,0.47478044,-0.277785838,0.277770817,8.17936234e-06,0.380392164,-0.261063963,0.261063963,0.363350272,-0.261063963,0.261063963,0,0.243833333,-0.251964569,4.30231667e-05,-0,0,1.72171843,-1.72171843,1.72171843,1.72171843,-1.72171843,1.72171843,0.134019211,0.513811052,0.406512111,0.99999994,-3.24241555e-05,1.9703637e-05,-0.000263383059,-3.97626792e-07,-0.0213953573,0.100117192,-0.00808821246,1.50317206e-07,1.39882263e-17,0,0,0,0,0,0,0,0,0,0,1.29328055e-06,0.0211320389,0.00196281611,-1.44716842e-06,-0.0211340953,0.00194055168,0,0,0,0,0,0,0,0,0,0,0,0,0,2.72129536,0,0
143,-0.277783096,-0.236491472,0.473181665,-0.277785838,0.277772903,5.98695578e-06,0.380392164,-0.261063963,0.261063963,0.363350272,-0.261063963,0.261063963,0,0.248134956,-0.251477301,3.76270837e-05,-0,0,0,-0,0,0,-0,0,0.134022146,0.513371885,0.408376753,0.99999994,-3.1945674e-05,1.3746323e-05,-0.000258137617,-7.06336209e-07,-0.0235219467,0.102266304,-0.0033047183,9.92367788e-08,-1.39582477e-17,0,0,0,0,0,0,0,0,0,0,1.29638124e-06,0.0211320613,0.00196259446,-1.40375948e-06,-0.0211340748,0.00194077345,0,0,0,0,0,0,0,0,0,0,0,0,0,2.72785282,0,0
144,-0.27778545,-0.235774308,0.471752912,-0.277785838,0.277772903,5.98695578e-06,0.380392164,-0.261063963,0.261063963,0.363350272,-0.261063963,0.261063963,0,0.246702239,-0.248373955,3.38529389e-05,-0,0,0,-0,0,0,-0,0,0.134028986,0.51296562,0.410054356,0.99999994,-3.86215033e-05,1.37480838e-05,-0.000266005314,-1.05112156e-06,-0.0242304131,0.10174115,-0.00163786358,7.10509411e-08,-1.37847986e-17,0,0,0,0,0,0,0,0,0,0,1.57852332e-06,0.0211320296,0.00196292694,-1.68593124e-06,-0.0211341064,0.00194044085,0,0,0,0,0,0,0,0,0,0,0,0,0,2.73436761,0,0
145,-0.277783096,-0.235061347,0.470319062,-0.277787954,0.277766496,3.87887303e-06,0.380392164,-0.261063963,0.261063963,0.363350272,-0.261063963,0.261063963,0,0.245779246,-0.248035938,4.10225002e-05,-0,0,0,-0,0,0,-0,0,0.134031013,0.512561262,0.411715448,0.99999994,-2.59895914e-05,3.18676357e-05,-0.000248839118,-7.3251806e-07,-0.0243938379,0.101202272,-0.00221566902,6.65339144e-08,2.85540304e-21,0,0,0,0,0,0,0,0,0,0,9.7372822e-07,0.0211320966,0.00196220144,-1.22256097e-06,-0.0211340394,0.00194116635,0,0,0,0,0,0,0,0,0,0,0,0,0,2.74083996,0,0
146,-0.277781069,-0.234250665,0.468711197,-0.277785838,0.277770817,3.87887303e-06,0.380392164,-0.261063963,0.261063963,0.363350272,-0.261063963,0.261063963,0,0.251530915,-0.246658728,1.55785367e-12,-0,0,0,-0,0,0,-0,0,0.134019166,0.51208967,0.413611144,0.99999994,-2.02650135e-05,1.97068221e-05,-0.000273873244,-5.07685456e-07,-0.0273173526,0.104165129,0.00487218797,-9.05482693e-08,2.73846199e-17,0,0,0,0,0,0,0,0,0,0,7.79351126e-07,0.0211319979,0.00196325942,-9.33240415e-07,-0.0211341362,0.00194010825,0,0,0,0,0,0,0,0,0,0,0,0,0,2.74727082,0,0
147,-0.277789503,-0.233546227,0.467298597,-0.277785838,0.277768701,1.77078982e-06,0.380392164,-0.261063963,0.261063963,0.363350272,-0.261063963,0.261063963,0,0.249789298,-0.245553359,5.14578891e-22,-0,0,0,-0,0,0,-0,0,0.13404648,0.51166904,0.415251225,0.99999994,-3.8147904e-05,2.5675301e-05,-0.000268627278,-1.81450412e-06,-0.0273811202,0.103279881,0.00423593819,-2.80709003e-07,1.36309497e-17,0,0,0,0,0,0,0,0,0,0,1.51181302e-06,0.0211320184,0.00196303776,-1.7123333e-06,-0.0211341158,0.00194033002,0,0,0,0,0,0,0,0,0,0,0,0,0,2.75366068,0,0
148,-0.277779043,-0.232841969,0.465915382,-0.277783722,0.277762294,8.17936234e-06,0.458823532,-0.332715333,0.332715333,0.440813363,-0.332715333,0.332715333,0,0.24465175,-0.250897616,0.000286455586,-0,0,1.72448838,-1.72448838,1.72448838,1.72448838,-1.72448838,1.72448838,0.134025112,0.511247158,0.416898638,0.99999994,-2.67105061e-05,4.37814851e-05,-0.000310352101,-1.74748266e-07,-0.0244723782,0.100043274,-0.00595941069,4.25539639e-08,2.41783229e-20,0,0,0,0,0,0,0,0,0,0,9.02273086e-07,0.0195538756,0.00163166155,-1.18594744e-06,-0.0195558853,0.00160738593,0,0,0,0,0,0,0,0,0,0,0,0,0,2.76001,0,0
149,-0.277783096,-0.232061386,0.464333117,-0.27777943,0.277770817,5.98695578e-06,0.458823532,-0.332715333,0.332715333,0.440813363,-0.332715333,0.332715333,0,0.244265333,-0.249513,0.00017866581,-0,0,0,-0,0,0,-0,0,0.134024993,0.510783195,0.418709815,0.99999994,-3.19478931e-05,1.97067202e-05,-0.000292708311,-7.55185283e-07,-0.025148686,0.0998569131,-0.00506900158,1.52216117e-07,2.76910473e-17,0,0,0,0,0,0,0,0,0,0,1.18538776e-06,0.0195539333,0.00163097156,-1.31311037e-06,-0.0195558295,0.00160807604,0,0,0,0,0,0,0,0,0,0,0,0,0,2.76631904,0,0
150,-0.277776837,-0.231375664,0.462946177,-0.277785838,0.277766496,-3.90697124e-07,0.458823532,-0.332715333,0.332715333,0.440813363,-0.332715333,0.332715333,0,0.247006088,-0.245094821,-3.30793773e-06,-0,0,0,-0,0,0,-0,0,0.134012938,0.510361135,0.420294225,0.99999994,3.72518548e-06,3.18662424e-05,-0.00025265399,1.45777065e-07,-0.0277293827,0.101574808,0.0019079597,1.00303987e-08,-1.36053923e-17,0,0,0,0,0,0,0,0,0,0,-2.49219255e-07,0.0195540637,0.00162940507,4.27927738e-08,-0.0195557009,0.00160964264,0,0,0,0,0,0,0,0,0,0,0,0,0,2.77258873,0,0
151,-0.277783096,-0.23066701,0.461550444,-0.277790129,0.277768701,1.77078982e-06,0.458823532,-0.332715333,0.332715333,0.440813363,-0.332715333,0.332715333,0,0.244763955,-0.24972266,-1.09265376e-15,-0,0,0,-0,0,0,-0,0,0.134027883,0.509896398,0.421941817,0.99999994,-2.00281538e-05,2.5670457e-05,-0.00027101193,-7.83566065e-07,-0.0260938052,0.0998599976,-0.00495870411,1.48904007e-07,-2.93795094e-32,0,0,0,0,0,0,0,0,0,0,6.99858901e-07,0.0195540041,0.00163012301,-8.66189737e-07,-0.0195557587,0.00160892459,0,0,0,0,0,0,0,0,0,0,0,0,0,2.77881932,0,0
152,-0.277781069,-0.229862645,0.459942251,-0.27777952,0.277775019,5.98695578e-06,0.458823532,-0.332715333,0.332715333,0.440813363,-0.332715333,0.332715333,0,0.250467002,-0.248494893,-2.3565326e-26,-0,0,0,-0,0,0,-0,0,0.13401328,0.509399235,0.423811764,0.99999994,-2.62224294e-05,7.78404865e-06,-0.000301768247,-5.39048642e-07,-0.0290049314,0.102761723,0.00197210908,-3.66511053e-08,-6.74024561e-43,0,0,0,0,0,0,0,0,0,0,1.00022271e-06,0.0195539035,0.00163132581,-1.05069978e-06,-0.0195558574,0.00160772167,0,0,0,0,0,0,0,0,0,0,0,0,0,2.78501129,0,0
153,-0.277783096,-0.229145393,0.458537757,-0.277781636,0.277762294,1.77078982e-06,0.458823532,-0.332715333,0.332715333,0.440813363,-0.332715333,0.332715333,0,0.250884831,-0.250718325,-7.78392571e-36,-0,0,0,-0,0,0,-0,0,0.134036735,0.50891757,0.425478995,0.99999994,-2.00360082e-05,4.37909403e-05,-0.000338245765,-8.70786437e-07,-0.02899836,0.102635942,0.000166505575,-4.99996533e-09,0,0,0,0,0,0,0,0,0,0,0,6.41161364e-07,0.0195537843,0.00163275248,-9.24887217e-07,-0.0195559748,0.00160629489,0,0,0,0,0,0,0,0,0,0,0,0,0,2.79116511,0,0
154,-0.277779043,-0.228430673,0.457099855,-0.277781636,0.277768701,8.17936234e-06,0.529411793,-0.397201568,0.397201568,0.510530114,-0.397201568,0.397201568,0,0.24550122,-0.254618227,-0,-0,0,1.54207265,-1.54207265,1.54207265,1.54207265,-1.54207265,1.54207265,0.134016201,0.508454382,0.427128822,0.99999994,-2.67052928e-05,2.56613639e-05,-0.000326325797,-1.88250112e-07,-0.0263632275,0.099391818,-0.00911700726,6.51011973e-08,0,0,0,0,0,0,0,0,0,0,0,8.98110045e-07,0.0181261096,0.0013706109,-1.03763011e-06,-0.0181278829,0.0013469496,0,0,0,0,0,0,0,0,0,0,0,0,0,2.79728127,0,0
155,-0.277781069,-0.227628589,0.455526054,-0.277787954,0.277768701,-3.90697124e-07,0.529411793,-0.397201568,0.397201568,0.510530114,-0.397201568,0.397201568,0,0.250994265,-0.249398768,-0,-0,0,0,-0,0,0,-0,0,0.134022012,0.507896304,0.428985715,0.99999994,-8.19671004e-06,2.56713975e-05,-0.000351358962,-5.62428113e-07,-0.0302629247,0.10257107,0.00159549713,-2.96518738e-08,0,0,0,0,0,0,0,0,0,0,0,2.27065101e-07,0.0181260407,0.00137151836,-3.66607935e-07,-0.0181279499,0.00134604203,0,0,0,0,0,0,0,0,0,0,0,0,0,2.80336046,0,0
156,-0.27778545,-0.226932421,0.454096943,-0.277787954,0.277768701,1.77078982e-06,0.529411793,-0.397201568,0.397201568,0.510530114,-0.397201568,0.397201568,0,0.250934184,-0.246200159,-0,-0,0,0,-0,0,0,-0,0,0.134034589,0.507436931,0.430580705,0.99999994,-2.67046016e-05,2.56727399e-05,-0.000299383566,-1.36546021e-06,-0.0314765386,0.102741644,0.00473402441,-2.05363193e-07,2.73337085e-17,0,0,0,0,0,0,0,0,0,0,8.98080998e-07,0.0181261841,0.00136963418,-1.03765888e-06,-0.0181278102,0.00134792645,0,0,0,0,0,0,0,0,0,0,0,0,0,2.8094027,0,0
157,-0.277776837,-0.226230428,0.452688396,-0.277792156,0.277766496,3.87887303e-06,0.529411793,-0.397201568,0.397201568,0.510530114,-0.397201568,0.397201568,0,0.245440751,-0.249910191,-0,-0,0,0,-0,0,0,-0,0,0.134012952,0.506957889,0.432193935,0.99999994,-8.34764251e-06,3.18628081e-05,-0.000281026179,1.51472847e-07,-0.0288128201,0.0994658172,-0.00446943939,-2.34964403e-08,0,0,0,0,0,0,0,0,0,0,0,2.15715318e-07,0.0181262344,0.00136896863,-3.88906301e-07,-0.0181277618,0.00134859199,0,0,0,0,0,0,0,0,0,0,0,0,0,2.81540871,0,0
158,-0.277787477,-0.225432307,0.451079518,-0.277783722,0.277760178,3.87887303e-06,0.529411793,-0.397201568,0.397201568,0.510530114,-0.397201568,0.397201568,0,0.252381384,-0.255353332,-0,-0,0,0,-0,0,0,-0,0,0.134052143,0.506411374,0.434031099,0.99999994,-3.8393704e-05,4.97527399e-05,-0.000286985392,-1.67291842e-06,-0.0305141509,0.102300428,-0.00297194719,1.62935066e-07,0,0,0,0,0,0,0,0,0,0,0,1.25617157e-06,0.0181262176,0.00136918481,-1.5266437e-06,-0.0181277767,0.00134837592,0,0,0,0,0,0,0,0,0,0,0,0,0,2.82137895,0,0
159,-0.277783096,-0.224722728,0.449647725,-0.277787954,0.277772903,1.77078982e-06,0.529411793,-0.397201568,0.397201568,0.510530114,-0.397201568,0.397201568,0,0.246213779,-0.246728659,7.51014959e-05,-0,0,0,-0,0,0,-0,0,0.134021923,0.505913377,0.435655326,0.99999994,-2.00247323e-05,1.37493907e-05,-0.000257183769,-9.24327992e-07,-0.0307813659,0.099922739,-0.00043977832,1.32060229e-08,2.84581089e-21,0,0,0,0,0,0,0,0,0,0,6.8846964e-07,0.0181262996,0.00136810436,-7.63227263e-07,-0.0181276966,0.00134945638,0,0,0,0,0,0,0,0,0,0,0,0,0,2.82731366,0,0
160,-0.277781069,-0.22391288,0.448032081,-0.27777943,0.27776441,-3.90697124e-07,0.607843161,-0.468852937,0.468852937,0.587993205,-0.468852937,0.468852937,0,0.251913548,-0.255234689,0.000105585867,-0,0,1.71242297,-1.71242297,1.71242297,1.71242297,-1.71242297,1.71242297,0.134027928,0.505345583,0.437519312,0.99999994,-8.19854722e-06,3.78300756e-05,-0.000286985829,-5.80401036e-07,-0.0312300064,0.101813801,-0.0032155551,5.97602039e-08,-1.41627846e-17,0,0,0,0,0,0,0,0,0,0,1.86620312e-07,0.0165326335,0.00112121226,-3.54857008e-07,-0.0165339094,0.00110223296,0,0,0,0,0,0,0,0,0,0,0,0,0,2.83321333,0,0
161,-0.277783096,-0.223198161,0.446587116,-0.277785838,0.277768701,3.87887303e-06,0.607843161,-0.468852937,0.468852937,0.587993205,-0.468852937,0.468852937,0,0.259132892,-0.25400883,8.77722923e-05,-0,0,0,-0,0,0,-0,0,0.134027734,0.504823148,0.439148903,0.99999994,-2.59879998e-05,2.56687454e-05,-0.000246931799,-1.04433411e-06,-0.0347777344,0.105447948,0.0052118348,-1.56505223e-07,1.698658e-21,0,0,0,0,0,0,0,0,0,0,8.02036482e-07,0.0165327229,0.00111988781,-9.1621115e-07,-0.01653382,0.00110355741,0,0,0,0,0,0,0,0,0,0,0,0,0,2.83907843,0,0
162,-0.277783096,-0.222477958,0.445198476,-0.277785838,0.277762294,1.77078982e-06,0.607843161,-0.468852937,0.468852937,0.587993205,-0.468852937,0.468852937,0,0.252046227,-0.24733831,5.51573394e-05,-0,0,0,-0,0,0,-0,0,0.134036601,0.504272461,0.440811545,0.99999994,-2.00352151e-05,4.37907584e-05,-0.000320125953,-1.02620879e-06,-0.0341741331,0.102400064,0.00476307468,-1.43029496e-07,9.26926457e-23,0,0,0,0,0,0,0,0,0,0,5.64651145e-07,0.0165325589,0.00112230808,-7.59412387e-07,-0.016533982,0.00110113702,0,0,0,0,0,0,0,0,0,0,0,0,0,2.84490943,0,0
163,-0.277781069,-0.221679151,0.443607807,-0.277787954,0.27776441,5.98695578e-06,0.607843161,-0.468852937,0.468852937,0.587993205,-0.468852937,0.468852937,0,0.252680689,-0.257819116,6.21015279e-05,-0,0,0,-0,0,0,-0,0,0.134027898,0.503673494,0.442637622,0.99999994,-2.62323338e-05,3.78246186e-05,-0.000323941378,-5.97523012e-07,-0.0321512967,0.101524226,-0.0050763255,9.43421128e-08,1.38701064e-21,0,0,0,0,0,0,0,0,0,0,7.82887582e-07,0.0165325496,0.00112243416,-9.51127333e-07,-0.0165339895,0.00110101094,0,0,0,0,0,0,0,0,0,0,0,0,0,2.85070658,0,0
164,-0.277779043,-0.220969573,0.442176342,-0.277781636,0.277766496,3.87887303e-06,0.607843161,-0.468852937,0.468852937,0.587993205,-0.468852937,0.468852937,0,0.24587287,-0.253135383,5.45705989e-05,-0,0,0,-0,0,0,-0,0,0.134019211,0.503153682,0.444256902,0.99999994,-1.4547908e-05,3.18642269e-05,-0.000324418186,-2.22032966e-07,-0.0310942996,0.0984308124,-0.00720794266,5.1469268e-08,-1.40451331e-17,0,0,0,0,0,0,0,0,0,0,4.09848383e-07,0.0165325478,0.00112244999,-5.51566131e-07,-0.0165339913,0.00110099511,0,0,0,0,0,0,0,0,0,0,0,0,0,2.85647011,0,0
165,-0.277781069,-0.220272303,0.440754294,-0.277783722,0.277770817,1.77078982e-06,0.607843161,-0.468852937,0.468852937,0.587993205,-0.468852937,0.468852937,0,0.244218245,-0.240444586,4.82637624e-05,-0,0,0,-0,0,0,-0,0,0.134019002,0.502628446,0.445836931,0.99999994,-1.43046618e-05,1.97084792e-05,-0.000279595173,-6.34432411e-07,-0.0341373086,0.0987347364,0.00382192316,-7.10293904e-08,1.45470939e-21,0,0,0,0,0,0,0,0,0,0,4.28993928e-07,0.0165326484,0.00112096791,-5.16653188e-07,-0.0165338926,0.00110247731,0,0,0,0,0,0,0,0,0,0,0,0,0,2.86220098,0,0
166,-0.277781069,-0.219497547,0.439246595,-0.277775258,0.277766496,-3.90697124e-07,0.686274529,-0.540504277,0.540504277,0.665456295,-0.540504277,0.540504277,0,0.230989888,-0.231012285,4.33894274e-05,-0,0,1.71209824,-1.71209824,1.71209824,1.71209824,-1.71209824,1.71209824,0.134024948,0.502024055,0.447616667,0.99999994,-8.19925026e-06,3.18703969e-05,-0.000362715567,-5.902466e-07,-0.0317597724,0.0928895175,2.09929822e-05,-3.90148691e-10,-1.2821977e-17,0,0,0,0,0,0,0,0,0,0,1.86542891e-07,0.014932543,0.000920589664,-3.02530964e-07,-0.0149338627,0.000898923608,0,0,0,0,0,0,0,0,0,0,0,0,0,2.86789894,0,0
167,-0.277787477,-0.218855843,0.437943965,-0.27776891,0.277775019,5.98695578e-06,0.686274529,-0.540504277,0.540504277,0.665456295,-0.540504277,0.540504277,0,0.220294997,-0.214425847,1.01679607e-05,-0,0,0,-0,0,0,-0,0,0.134031311,0.501534164,0.449073136,0.99999994,-4.43426434e-05,7.79005768e-06,-0.000353417505,-1.76259368e-06,-0.0321498327,0.0890631601,0.00587931834,-3.22329782e-07,-6.0081483e-23,0,0,0,0,0,0,0,0,0,0,1.31007073e-06,0.0149325598,0.000920311955,-1.33847607e-06,-0.014933846,0.000899201317,0,0,0,0,0,0,0,0,0,0,0,0,0,2.87356472,0,0
168,-0.277787477,-0.21824871,0.43680191,-0.277781636,0.277777225,3.87887303e-06,0.686274529,-0.540504277,0.540504277,0.665456295,-0.540504277,0.540504277,0,0.196371168,-0.196574166,3.35860634e-15,-0,0,0,-0,0,0,-0,0,0.134028241,0.501006961,0.450464368,0.99999994,-3.83800907e-05,1.594369e-06,-0.000419546908,-1.50842493e-06,-0.0275137778,0.0787533,-0.000202998519,1.1129262e-08,-1.09120583e-17,0,0,0,0,0,0,0,0,0,0,1.14332533e-06,0.0149324378,0.000922286883,-1.14918589e-06,-0.0149339652,0.000897226157,0,0,0,0,0,0,0,0,0,0,0,0,0,2.87919855,0,0
169,-0.27778545,-0.217643365,0.435614288,-0.277781636,0.277766496,5.98695578e-06,0.686274529,-0.540504277,0.540504277,0.665456295,-0.540504277,0.540504277,0,0.177793339,-0.172457322,7.24352544e-26,-0,0,0,-0,0,0,-0,0,0.134037331,0.500515997,0.451843262,0.999999881,-3.86322536e-05,3.1868778e-05,-0.000452210137,-1.15363298e-06,-0.0265935026,0.0717675984,0.00533601642,-2.31477756e-07,-1.31581926e-42,0,0,0,0,0,0,0,0,0,0,1.09535893e-06,0.0149323782,0.000923262443,-1.21139385e-06,-0.0149340238,0.000896250538,0,0,0,0,0,0,0,0,0,0,0,0,0,2.88480067,0,0
170,-0.277783096,-0.217186332,0.434692472,-0.277781636,0.277775019,1.02031217e-05,0.686274529,-0.540504277,0.540504277,0.665456295,-0.540504277,0.540504277,0,0.155101061,-0.155728072,2.39262806e-35,-0,0,0,-0,0,0,-0,0,0.134018838,0.500153363,0.452876121,0.999999881,-4.38664865e-05,7.78024787e-06,-0.000441243144,-6.60127512e-07,-0.0219831355,0.0620237254,-0.000627011061,1.88284002e-08,-0,0,0,0,0,0,0,0,0,0,0,1.29584055e-06,0.0149323978,0.000922934851,-1.32422349e-06,-0.0149340034,0.000896578131,0,0,0,0,0,0,0,0,0,0,0,0,0,2.8903718,0,0
171,-0.277787477,-0.216790095,0.433894753,-0.277773142,0.277762294,3.87887303e-06,0.686274529,-0.540504277,0.540504277,0.665456295,-0.540504277,0.540504277,0,0.138606757,-0.131832242,8.40779079e-45,-0,0,0,-0,0,0,-0,0,0.134048864,0.499843001,0.453776002,0.999999881,-3.83994739e-05,4.37950839e-05,-0.000457844202,-1.18866649e-06,-0.0216813609,0.0561151318,0.00677451491,-3.71408362e-07,-0,0,0,0,0,0,0,0,0,0,0,1.06653783e-06,0.014932367,0.000923430664,-1.22597328e-06,-0.0149340332,0.00089608226,0,0,0,0,0,0,0,0,0,0,0,0,0,2.89591193,0,0
172,-0.277787477,-0.216403127,0.4331173,-0.277785927,0.277775019,1.77078982e-06,0.75686276,-0.604990542,0.604990542,0.735173106,-0.604990542,0.604990542,0,0.108039744,-0.113088727,-0.00082054548,-0,0,1.54124427,-1.54124427,1.54124427,1.54124427,-1.54124427,1.54124427,0.134031206,0.499511391,0.454642653,0.99999994,-3.24222055e-05,7.79568836e-06,-0.00041668574,-7.90019783e-07,-0.0144100171,0.0425932109,-0.00586952828,3.21793067e-07,6.34160581e-18,0,0,0,0,0,0,0,0,0,0,8.62610136e-07,0.0134881372,0.00077791576,-8.86558553e-07,-0.0134894149,0.000755433401,0,0,0,0,0,0,0,0,0,0,0,0,0,2.90142155,0,0
173,-0.277779043,-0.216111958,0.432521641,-0.277783722,0.277772903,1.77078982e-06,0.75686276,-0.604990542,0.604990542,0.735173106,-0.604990542,0.604990542,0,0.100249961,-0.100778297,-0.000289994525,-0,0,0,-0,0,0,-0,0,0.1340103,0.499287784,0.455297977,0.99999994,-8.58266048e-06,1.37462357e-05,-0.000404049759,-1.03242243e-07,-0.014458417,0.0399601683,-0.000818330096,5.84339466e-09,8.52058393e-21,0,0,0,0,0,0,0,0,0,0,2.10306283e-07,0.0134881567,0.000777574896,-2.52472489e-07,-0.0134893954,0.000755774323,0,0,0,0,0,0,0,0,0,0,0,0,0,2.90690112,0,0
174,-0.27778545,-0.215850562,0.432015717,-0.277785838,0.277766496,3.87887303e-06,0.75686276,-0.604990542,0.604990542,0.735173106,-0.604990542,0.604990542,0,0.0903866142,-0.0812911391,-0.000176311689,-0,0,0,-0,0,0,-0,0,0.134037271,0.499057919,0.455891818,0.999999881,-3.2670825e-05,3.187115e-05,-0.000421930803,-6.7555203e-07,-0.0155727984,0.036972627,0.00891916361,-3.86915588e-07,1.91157516e-23,0,0,0,0,0,0,0,0,0,0,8.32125579e-07,0.0134881288,0.000778057263,-9.29907117e-07,-0.0134894224,0.000755291898,0,0,0,0,0,0,0,0,0,0,0,0,0,2.91235065,0,0
175,-0.27778545,-0.215583175,0.431542158,-0.277785838,0.277768701,3.87887303e-06,0.75686276,-0.604990542,0.604990542,0.735173106,-0.604990542,0.604990542,0,0.0744072124,-0.0723339766,-0.00012236544,-0,0,0,-0,0,0,-0,0,0.134034216,0.498811513,0.456512541,0.999999881,-3.26704285e-05,2.56731946e-05,-0.000508476805,-4.96725363e-07,-0.0114504946,0.0298818368,0.00195087038,-8.46292565e-08,-2.56050931e-21,0,0,0,0,0,0,0,0,0,0,8.41624797e-07,0.0134879937,0.000780391973,-9.20407729e-07,-0.0134895537,0.000752956956,0,0,0,0,0,0,0,0,0,0,0,0,0,2.91777062,0,0
176,-0.277779043,-0.215391681,0.431153595,-0.277788043,0.277777225,3.87887303e-06,0.75686276,-0.604990542,0.604990542,0.735173106,-0.604990542,0.604990542,0,0.0609110855,-0.0629159734,-9.62032354e-05,-0,0,0,-0,0,0,-0,0,0.13400434,0.498656869,0.456941694,0.999999881,-1.45383538e-05,1.58381238e-06,-0.0004944104,-6.02271371e-08,-0.00843442604,0.0240833536,-0.0021010912,1.50031205e-08,1.83574602e-21,0,0,0,0,0,0,0,0,0,0,3.89748607e-07,0.0134880161,0.000780012459,-3.94627733e-07,-0.0134895323,0.000753336528,0,0,0,0,0,0,0,0,0,0,0,0,0,2.92316151,0,0
177,-0.277783096,-0.215246469,0.430858105,-0.277775347,0.277770817,1.77078982e-06,0.75686276,-0.604990542,0.604990542,0.735173106,-0.604990542,0.604990542,0,0.0519962125,-0.0509127155,-7.9258185e-05,-0,0,0,-0,0,0,-0,0,0.134024635,0.498552799,0.457274914,0.999999881,-2.00315062e-05,1.97125155e-05,-0.000523171388,-2.38582828e-07,-0.00794512872,0.0208312925,0.00100423873,-3.01561016e-08,-1.88190859e-21,0,0,0,0,0,0,0,0,0,0,5.09880635e-07,0.0134879714,0.000780788367,-5.70365103e-07,-0.0134895751,0.000752560562,0,0,0,0,0,0,0,0,0,0,0,0,0,2.92852354,0,0
178,-0.277789503,-0.21510978,0.430562645,-0.277783722,0.277768701,5.98695578e-06,0.78039217,-0.626485944,0.626485944,0.758412004,-0.626485944,0.626485944,0,0.0416107848,-0.0424974747,-6.61504891e-05,-0,0,0.512887895,-0.512887895,0.512887895,0.512887895,-0.512887895,0.512887895,0.134045601,0.498431623,0.457572043,0.999999881,-5.00739516e-05,2.56753301e-05,-0.00046818392,-3.91929746e-07,-0.0059142746,0.0164906327,-0.000952840375,6.31432471e-08,2.36413637e-18,0,0,0,0,0,0,0,0,0,0,1.26489294e-06,0.0130058685,0.000739321753,-1.33963977e-06,-0.0130072301,0.000714963884,0,0,0,0,0,0,0,0,0,0,0,0,0,2.93385696,0,0
179,-0.277781069,-0.215010867,0.430377483,-0.277790129,0.277768701,3.87887303e-06,0.78039217,-0.626485944,0.626485944,0.758412004,-0.626485944,0.626485944,0,0.0347137488,-0.0311930869,-5.76725361e-05,-0,0,0,-0,0,0,-0,0,0.134021834,0.498341322,0.457794905,0.999999881,-2.02716255e-05,2.56669591e-05,-0.000467945967,-1.12483718e-07,-0.00605248241,0.0141790891,0.00346298935,-6.43587015e-08,-3.46715525e-18,0,0,0,0,0,0,0,0,0,0,4.89674619e-07,0.0130058685,0.000739315583,-5.64356412e-07,-0.0130072301,0.000714970054,0,0,0,0,0,0,0,0,0,0,0,0,0,2.93916202,0,0
180,-0.277776837,-0.214918286,0.430221975,-0.277781636,0.277770817,5.98695578e-06,0.78039217,-0.626485944,0.626485944,0.758412004,-0.626485944,0.626485944,0,0.0278999172,-0.0230362527,-5.11208527e-05,-0,0,0,-0,0,0,-0,0,0.134007037,0.498266578,0.458016723,0.999999881,-1.4309674e-05,1.96968358e-05,-0.000533988234,2.83945063e-08,-0.00540113822,0.011596079,0.00481254375,2.53001851e-08,1.06970902e-21,0,0,0,0,0,0,0,0,0,0,3.43309523e-07,0.0130057707,0.000741033407,-4.00621417e-07,-0.0130073242,0.000713251997,0,0,0,0,0,0,0,0,0,0,0,0,0,2.94443893,0,0
181,-0.277781069,-0.21483843,0.430095166,-0.277788043,0.277775019,8.17936234e-06,0.78039217,-0.626485944,0.626485944,0.758412004,-0.626485944,0.626485944,0,0.0219971128,-0.0170148369,-4.53279317e-05,-0,0,0,-0,0,0,-0,0,0.134013072,0.498174012,0.458202273,0.999999821,-3.2423337e-05,7.77857167e-06,-0.000562359754,-8.47871462e-08,-0.00456219539,0.00925500877,0.00493694795,-9.1751815e-08,-1.89236321e-18,0,0,0,0,0,0,0,0,0,0,8.3197915e-07,0.0130057288,0.000741771422,-8.54656719e-07,-0.0130073642,0.000712513924,0,0,0,0,0,0,0,0,0,0,0,0,0,2.94968843,0,0
182,-0.277779043,-0.214790106,0.430011183,-0.277783722,0.277772903,1.77078982e-06,0.78039217,-0.626485944,0.626485944,0.758412004,-0.626485944,0.626485944,0,0.0165541358,-0.0137502747,-4.1180032e-05,-0,0,0,-0,0,0,-0,0,0.1340103,0.498135746,0.458317131,0.999999821,-8.58524891e-06,1.37459638e-05,-0.000592400436,-2.27756782e-08,-0.00318958843,0.00686928397,0.00276268111,-1.972729e-08,-1.33049487e-21,0,0,0,0,0,0,0,0,0,0,2.03119185e-07,0.0130056841,0.000742552802,-2.43115096e-07,-0.0130074071,0.000711732428,0,0,0,0,0,0,0,0,0,0,0,0,0,2.95491028,0,0
183,-0.277789503,-0.214748114,0.429948092,-0.277787954,0.277772903,3.87887303e-06,0.78039217,-0.626485944,0.626485944,0.758412004,-0.626485944,0.626485944,0,0.0124042472,-0.00896511972,-4.72455512e-11,-0,0,0,-0,0,0,-0,0,0.134039745,0.498078078,0.45841521,0.999999821,-4.41098528e-05,1.37603374e-05,-0.000610043062,-1.813072e-07,-0.00273595098,0.00528323231,0.00343912747,-2.27905616e-07,-1.36767354e-27,0,0,0,0,0,0,0,0,0,0,1.12716521e-06,0.0130056581,0.000743011711,-1.16726642e-06,-0.0130074322,0.00071127346,0,0,0,0,0,0,0,0,0,0,0,0,0,2.96010518,0,0
184,-0.27778545,-0.214718863,0.429915041,-0.277787954,0.277766496,3.87887303e-06,0.78039217,-0.626485944,0.626485944,0.758412004,-0.626485944,0.626485944,0,0.0074990741,-0.0046362849,-1.01894757e-21,-0,0,0,-0,0,0,-0,0,0.134037226,0.498046011,0.458488315,0.999999762,-3.26779627e-05,3.18735511e-05,-0.000646044209,-8.06363474e-08,-0.00185882591,0.003271878,0.0028627892,-1.24188531e-07,3.17061854e-38,0,0,0,0,0,0,0,0,0,0,8.03135663e-07,0.013005604,0.000743948156,-8.95903554e-07,-0.0130074834,0.000710336899,0,0,0,0,0,0,0,0,0,0,0,0,0,2.96527314,0,0
185,-0.277789503,-0.214706376,0.429902554,-0.277785838,0.277766496,8.17936234e-06,0.78039217,-0.626485944,0.626485944,0.758412004,-0.626485944,0.626485944,0,0.0041249888,-0.0016095367,-3.36571187e-31,-0,0,0,-0,0,0,-0,0,0.134048626,0.498030216,0.458521128,0.999999762,-5.62821479e-05,3.18733255e-05,-0.000669647707,-8.40173442e-08,-0.00126783352,0.00189342699,0.00251545198,-1.66695088e-07,-8.93472353e-20,0,0,0,0,0,0,0,0,0,0,1.41711041e-06,0.0130055696,0.00074456213,-1.50992594e-06,-0.013007517,0.000709722808,0,0,0,0,0,0,0,0,0,0,0,0,0,2.9704144,0,0
186,-0.277783096,-0.214693904,0.429902911,-0.277777344,0.277772903,1.02031217e-05,0.78039217,-0.626485944,0.626485944,0.758412004,-0.626485944,0.626485944,0,0.00115504896,-0.000604357396,-1.11173415e-40,-0,0,0,-0,0,0,-0,0,0.134021685,0.498025805,0.458561182,0.999999762,-4.38730713e-05,1.37367224e-05,-0.000729403808,-9.45877687e-09,-0.00031499,0.000514853571,0.000550691562,-1.65366156e-08,0,0,0,0,0,0,0,0,0,0,0,1.12099042e-06,0.0130054802,0.00074611645,-1.16103774e-06,-0.0130076017,0.000708168314,0,0,0,0,0,0,0,0,0,0,0,0,0,2.97552967,0,0
187,-0.277779043,-0.21470663,0.429915369,-0.277781636,0.277766496,-3.90697124e-07,0.78039217,-0.626485944,0.626485944,0.758412004,-0.626485944,0.626485944,0,5.34449685e-09,-6.34169191e-05,-0,-0,0,0,-0,0,0,-0,0,0.134019166,0.498039067,0.458526433,0.999999762,-2.48791935e-06,3.18698876e-05,-0.000698973308,1.18034235e-10,1.65299407e-05,-6.31568037e-06,-6.34115713e-05,4.52798743e-10,-3.52034619e-21,0,0,0,0,0,0,0,0,0,0,1.77885724e-08,0.0130055258,0.000745324884,-1.10489495e-07,-0.0130075589,0.000708959938,0,0,0,0,0,0,0,0,0,0,0,0,0,2.98061872,0,0
188,-0.277779043,-0.21470882,0.429906934,-0.277787954,0.27776441,3.87887303e-06,0.78039217,-0.626485944,0.626485944,0.758412004,-0.626485944,0.626485944,0,-0.000624012435,-7.22791002e-16,-0,-0,0,0,-0,0,0,-0,0,0.134022087,0.498037487,0.458514273,0.999999762,-1.45626464e-05,3.78221812e-05,-0.000662972569,1.82272597e-09,0.00025526114,-0.000310691132,-0.000624012435,4.45584325e-09,-8.02459212e-32,0,0,0,0,0,0,0,0,0,0,3.23149038e-07,0.0130055789,0.000744388497,-4.33185647e-07,-0.0130075077,0.0007098965,0,0,0,0,0,0,0,0,0,0,0,0,0,2.98568201,0,0
189,-0.277779043,-0.214710847,0.429902911,-0.277787954,0.277768701,5.98695578e-06,0.78039217,-0.626485944,0.626485944,0.758412004,-0.626485944,0.626485944,0,-0.000334355602,-7.58697391e-31,-0,-0,0,0,-0,0,0,-0,0,0.134016126,0.498042554,0.458507448,0.999999762,-2.05147535e-05,2.56590374e-05,-0.000651528535,9.76628667e-10,0.000136770614,-0.000166475715,-0.000334355602,2.38751041e-09,-0,0,0,0,0,0,0,0,0,0,0,4.95882546e-07,0.0130055966,0.000744090823,-5.70552572e-07,-0.0130074909,0.000710194232,0,0,0,0,0,0,0,0,0,0,0,0,0,2.9907198,0,0
190,-0.277781069,-0.214700311,0.429915369,-0.277787954,0.27776441,5.98695578e-06,0.78039217,-0.626485944,0.626485944,0.758412004,-0.626485944,0.626485944,0,-0.000214700412,0.000253627048,-0,-0,0,0,-0,0,0,-0,0,0.134027794,0.498018205,0.458540648,0.999999762,-2.62465146e-05,3.78217483e-05,-0.000698973774,4.03548639e-10,2.17139968e-05,-8.16264073e-05,3.89266352e-05,-7.23440807e-10,0,0,0,0,0,0,0,0,0,0,0,6.2703532e-07,0.0130055258,0.000745324942,-7.37095945e-07,-0.0130075589,0.000708959938,0,0,0,0,0,0,0,0,0,0,0,0,0,2.99573231,0,0
191,-0.277783096,-0.214702412,0.429919779,-0.277792156,0.277770817,5.98695578e-06,0.78039217,-0.626485944,0.626485944,0.758412004,-0.626485944,0.626485944,0,-0.000228830017,0.000370563648,-0,-0,0,0,-0,0,0,-0,0,0.134024605,0.498012513,0.458533555,0.999999762,-3.19556639e-05,1.97059617e-05,-0.000687291031,-8.98046637e-11,-2.99061617e-06,-7.70129627e-05,0.000141733632,-4.25609326e-09,-2.05704147e-20,0,0,0,0,0,0,0,0,0,0,8.02223667e-07,0.0130055435,0.00074502104,-8.59603745e-07,-0.0130075421,0.000709263841,0,0,0,0,0,0,0,0,0,0,0,0,0,3.00071979,0,0
192,-0.277787477,-0.214713037,0.429915369,-0.277783722,0.277768701,1.02031217e-05,0.78039217,-0.626485944,0.626485944,0.758412004,-0.626485944,0.626485944,0,-0.000928413763,0.00065881206,-0,-0,0,0,-0,0,0,-0,0,0.134039879,0.498040468,0.45850718,0.999999762,-5.62781315e-05,2.56667718e-05,-0.000674893265,1.14052181e-08,0.000208031983,-0.000396612653,-0.000269601704,1.47807375e-08,7.31428317e-20,0,0,0,0,0,0,0,0,0,0,1.42613624e-06,0.0130055612,0.000744698569,-1.50090034e-06,-0.0130075244,0.000709586369,0,0,0,0,0,0,0,0,0,0,0,0,0,3.00568271,0,0
193,-0.277787477,-0.214710936,0.429906934,-0.277785838,0.277770817,1.77078982e-06,0.78039217,-0.626485944,0.626485944,0.758412004,-0.626485944,0.626485944,0,-0.000753996195,0.000517935958,-0,-0,0,0,-0,0,0,-0,0,0.134036958,0.498037517,0.458509535,0.999999762,-3.24320208e-05,1.97221307e-05,-0.000662971812,9.50722789e-09,0.000173412511,-0.000323806162,-0.000236060238,1.29418485e-08,2.87512213e-20,0,0,0,0,0,0,0,0,0,0,8.14604562e-07,0.0130055789,0.000744388439,-8.72030341e-07,-0.0130075077,0.0007098965,0,0,0,0,0,0,0,0,0,0,0,0,0,3.01062083,0,0
194,-0.277781069,-0.214715153,0.429919779,-0.277781636,0.27776441,3.87887303e-06,0.78039217,-0.626485944,0.626485944,0.758412004,-0.626485944,0.626485944,0,-0.000440201286,0.000576193503,-0,-0,0,0,-0,0,0,-0,0,0.134027794,0.498049945,0.458503664,0.999999762,-2.02853753e-05,3.78259429e-05,-0.000681092148,5.54946311e-10,2.98603481e-05,-0.000161764721,0.000135992217,-2.52737786e-09,-6.39703293e-20,0,0,0,0,0,0,0,0,0,0,4.71985572e-07,0.0130055519,0.000744859804,-5.82045232e-07,-0.0130075337,0.000709425134,0,0,0,0,0,0,0,0,0,0,0,0,0,3.01553488,0,0
