progress,observation_00,observation_01,observation_02,observation_03,observation_04,observation_05,observation_06,observation_07,observation_08,observation_09,observation_10,observation_11,observation_12,observation_13,observation_14,observation_15,observation_16,observation_17,observation_18,observation_19,observation_20,observation_21,observation_22,observation_23,observation_24,observation_25,observation_26,observation_27,observation_28,observation_29,observation_30,observation_31,observation_32,observation_33,observation_34,observation_35,observation_36,observation_37,observation_38,observation_39,observation_40,observation_41,observation_42,observation_43,observation_44,observation_45,observation_46,observation_47,observation_48,observation_49,observation_50,observation_51,observation_52,observation_53,observation_54,observation_55,observation_56,observation_57,observation_58,observation_59,observation_60,observation_61,observation_62,observation_63,observation_64,observation_65,observation_66,observation_67,observation_68
0,-0.277779043,-0.277774483,0.555563569,-0.277787954,0.277768701,5.98695578e-06,-0.97647059,0.978504598,-0.978504598,-0.976761103,0.978504598,-0.978504598,0,0,0,-0,-0,0,0,-0,0,0,-0,0,0.13401632,0.524978876,0.310006261,1,-2.0497826e-05,2.56678559e-05,8.17562977e-06,0,0,0,0,0,0,0,0,0,0,0,0,0,0,0,0,1.14111481e-06,0.045815412,0.0143583035,-2.61536957e-06,-0.0458149388,0.0143598011,0,0,0,0,0,0,0,0,0,0,0,0,0,0,0,0
1,-0.277783096,-0.277780861,0.555572331,-0.27777952,0.277766496,3.87887303e-06,-0.97647059,0.978504598,-0.978504598,-0.976761103,0.978504598,-0.978504598,0,0,0,-0,-0,0,0,-0,0,0,-0,0,0.134031385,0.524989188,0.309994578,1,-2.59819826e-05,3.18666716e-05,-1.00311336e-05,0,0,0,0,0,0,0,0,0,0,0,0,0,0,0,0,1.46555101e-06,0.0458148867,0.0143599715,-3.29586669e-06,-0.0458154641,0.0143581331,0,0,0,0,0,0,0,0,0,0,0,0,0,0.0953101814,0,0
2,-0.27778545,-0.277776688,0.555576384,-0.277781636,0.277766496,8.17936234e-06,-0.97647059,0.978504598,-0.978504598,-0.976761103,0.978504598,-0.978504598,0,0,0,-0,-0,0,0,-0,0,0,-0,0,0.134038389,0.524979293,0.310006946,1,-4.48174178e-05,3.18665989e-05,-2.16263961e-05,0,0,0,0,0,0,0,0,0,0,0,0,0,0,0,0,3.19139667e-06,0.0458145551,0.0143610341,-5.02174908e-06,-0.0458157957,0.0143570704,0,0,0,0,0,0,0,0,0,0,0,0,0,0.182321563,0,0
3,-0.27778545,-0.277772367,0.555572331,-0.277787954,0.277772903,-3.90697124e-07,-0.97647059,0.978504598,-0.978504598,-0.976761103,0.978504598,-0.978504598,0,0,0,-0,-0,0,0,-0,0,0,-0,0,0.134029508,0.524968624,0.310014993,1,-2.05855977e-05,1.37470497e-05,-1.01819451e-05,0,0,0,0,0,0,0,0,0,0,0,0,0,0,0,0,1.49145751e-06,0.045814883,0.0143599855,-2.28104795e-06,-0.0458154678,0.0143581191,0,0,0,0,0,0,0,0,0,0,0,0,0,0.262364268,0,0
4,-0.277779043,-0.277780861,0.555576384,-0.277792156,0.277766496,8.17936234e-06,-0.97647059,0.978504598,-0.978504598,-0.976761103,0.978504598,-0.978504598,0,-0.000960663136,1.53051553e-06,-0,-0,0,0,-0,0,0,-0,0,0.13401936,0.524973035,0.309988588,1,-2.66962816e-05,3.18670209e-05,2.00088543e-05,1.78438009e-09,0.000249891047,-0.000504178985,-0.000959132623,6.84881352e-09,8.49606792e-23,0,0,0,0,0,0,0,0,0,0,1.53110295e-06,0.045815751,0.0143572185,-3.36139306e-06,-0.0458145998,0.0143608861,0,0,0,0,0,0,0,0,0,0,0,0,0,0.336472243,0,0
5,-0.277781069,-0.277783155,0.555572331,-0.277777344,0.277768701,8.17936234e-06,-0.97647059,0.978504598,-0.978504598,-0.976761103,0.978504598,-0.978504598,0,-0.00268260064,0.00172332278,-0,-0,0,0,-0,0,0,-0,0,0.13402234,0.524995565,0.309989035,1,-3.24192151e-05,2.56676121e-05,-9.70577639e-06,4.6444546e-09,0.000249907112,-0.00123603363,-0.000959277852,1.78279151e-08,-9.56636317e-20,0,0,0,0,0,0,0,0,0,0,2.23342681e-06,0.0458148979,0.0143599417,-3.70769521e-06,-0.0458154529,0.0143581629,0,0,0,0,0,0,0,0,0,0,0,0,0,0.405465096,0,0
6,-0.277774662,-0.277791739,0.555597961,-0.277785838,0.277766496,8.17936234e-06,-0.97647059,0.978504598,-0.978504598,-0.976761103,0.978504598,-0.978504598,0,-0.00533894729,0.00328216096,-0,-0,0,0,-0,0,0,-0,0,0.134006351,0.524985194,0.309965968,1,-1.42990766e-05,3.18667044e-05,2.36548522e-06,-9.45800327e-09,0.000535715488,-0.00247470662,-0.00205678632,-3.63123576e-08,0,0,0,0,0,0,0,0,0,0,0,3.95085948e-07,0.0458152443,0.0143588353,-2.22538665e-06,-0.0458151065,0.0143592693,0,0,0,0,0,0,0,0,0,0,0,0,0,0.470003635,0,0
7,-0.27778545,-0.277806759,0.555614829,-0.277790129,0.277766496,1.77078982e-06,-0.97647059,0.978504598,-0.978504598,-0.976761103,0.978504598,-0.978504598,0,-0.00756092509,0.00562119624,-0,-0,0,0,-0,0,0,-0,0,0.134038389,0.524976492,0.309923738,1,-2.66958632e-05,3.1866075e-05,3.31230331e-05,2.19008243e-08,0.000504856987,-0.0034073554,-0.00193972886,8.41459382e-08,-3.12039074e-19,0,0,0,0,0,0,0,0,0,0,1.53114001e-06,0.0458161272,0.0143560171,-3.36135599e-06,-0.0458142236,0.0143620875,0,0,0,0,0,0,0,0,0,0,0,0,0,0.530628264,0,0
8,-0.277781069,-0.277847141,0.555662036,-0.277792156,0.277772903,3.87887303e-06,-0.97647059,0.978504598,-0.978504598,-0.976761103,0.978504598,-0.978504598,0,-0.00965155941,0.00791460928,-0,-0,0,0,-0,0,0,-0,0,0.134016499,0.524990976,0.309816033,1,-2.02584306e-05,1.37469615e-05,8.62898232e-05,8.3802858e-09,0.00045092334,-0.00427563814,-0.00173695013,3.22807381e-08,-8.78698145e-19,0,0,0,0,0,0,0,0,0,0,1.46165928e-06,0.0458176546,0.0143511454,-2.25113217e-06,-0.0458126962,0.0143669592,0,0,0,0,0,0,0,0,0,0,0,0,0,0.587786674,0,0
9,-0.277779043,-0.27786839,0.555683255,-0.27777952,0.277766496,1.77078982e-06,-0.97647059,0.978504598,-0.978504598,-0.976761103,0.978504598,-0.978504598,0,-0.0109050814,0.00881776121,-0,-0,0,0,-0,0,0,-0,0,0.13401936,0.525018811,0.309766114,1,-8.5745387e-06,3.18667444e-05,8.05677482e-05,3.86624333e-09,0.000541442714,-0.00484348042,-0.0020873202,1.49047867e-08,0,0,0,0,0,0,0,0,0,0,0,-1.29209411e-07,0.0458174869,0.0143516697,-1.70105591e-06,-0.0458128601,0.0143664349,0,0,0,0,0,0,0,0,0,0,0,0,0,0.641853869,0,0
10,-0.277779043,-0.277908713,0.555759847,-0.27777952,0.277766496,3.87887303e-06,-0.97647059,0.978504598,-0.978504598,-0.976761103,0.978504598,-0.978504598,0,-0.012545147,0.0105509665,-0,-0,0,0,-0,0,0,-0,0,0.13401936,0.525020421,0.309668094,1,-1.45348213e-05,3.18672683e-05,8.6289605e-05,3.68172426e-09,0.000515601947,-0.00553119555,-0.00199418049,1.42397099e-08,-5.85696296e-19,0,0,0,0,0,0,0,0,0,0,4.16951224e-07,0.0458176546,0.0143511454,-2.2472143e-06,-0.0458126962,0.0143669592,0,0,0,0,0,0,0,0,0,0,0,0,0,0.693147182,0,0
11,-0.277779043,-0.277929962,0.555819213,-0.277783722,0.277768701,3.87887303e-06,-0.97647059,0.978504598,-0.978504598,-0.976761103,0.978504598,-0.978504598,0,-0.0130624492,0.0115236957,-0,-0,0,0,-0,0,0,-0,0,0.13401632,0.525007546,0.309619397,1,-1.45356616e-05,2.56682961e-05,7.43687269e-05,2.82856272e-09,0.000396122137,-0.00570546091,-0.00153875351,1.0987673e-08,6.39693613e-19,0,0,0,0,0,0,0,0,0,0,5.94968924e-07,0.0458173119,0.0143522378,-2.0691964e-06,-0.0458130389,0.0143658668,0,0,0,0,0,0,0,0,0,0,0,0,0,0.741937339,0,0
12,-0.277776837,-0.277976483,0.555891037,-0.277781636,0.277770817,3.87887303e-06,-0.97647059,0.978504598,-0.978504598,-0.976761103,0.978504598,-0.978504598,0,-0.0126654226,0.0114651769,-0,-0,0,0,-0,0,0,-0,0,0.134006903,0.525020838,0.309502721,1,-8.33674767e-06,1.97086192e-05,9.84489234e-05,-1.61210822e-09,0.000306651549,-0.00550288288,-0.00120024569,-6.3098522e-09,-6.36445171e-19,0,0,0,0,0,0,0,0,0,0,1.9810625e-07,0.045818001,0.0143500315,-1.33004755e-06,-0.045812346,0.0143680731,0,0,0,0,0,0,0,0,0,0,0,0,0,0.788457334,0,0
13,-0.277774662,-0.278010398,0.555946052,-0.277783722,0.277762294,5.98695578e-06,-0.97647059,0.978504598,-0.978504598,-0.976761103,0.978504598,-0.978504598,0,-0.013242946,0.0114133982,-0,-0,0,0,-0,0,0,-0,0,0.134012192,0.525024831,0.309416443,1,-8.09490393e-06,4.37907147e-05,0.000122528334,-8.28439095e-09,0.000469240331,-0.00581130292,-0.00182954781,-3.23004841e-08,0,0,0,0,0,0,0,0,0,0,0,-5.15327258e-07,0.0458186939,0.0143478243,-1.99978831e-06,-0.0458116569,0.0143702794,0,0,0,0,0,0,0,0,0,0,0,0,0,0.832909107,0,0
14,-0.277781069,-0.278056949,0.556022286,-0.277785838,0.277770817,-3.90697124e-07,-0.97647059,0.978504598,-0.978504598,-0.976761103,0.978504598,-0.978504598,0,-0.0123139117,0.0111456858,-0,-0,0,0,-0,0,0,-0,0,0.13401942,0.525023878,0.309298605,1,-8.18469016e-06,1.97056979e-05,0.000152331995,5.50263968e-09,0.000296084007,-0.0053503057,-0.00116822589,2.17111555e-08,-1.2374197e-18,0,0,0,0,0,0,0,0,0,0,1.84366584e-07,0.045819547,0.0143450936,-1.31611557e-06,-0.0458108,0.01437301,0,0,0,0,0,0,0,0,0,0,0,0,0,0.875468731,0,0
15,-0.277783096,-0.278088659,0.5560776,-0.277783722,0.27776441,3.87887303e-06,-0.97647059,0.978504598,-0.978504598,-0.976761103,0.978504598,-0.978504598,0,-0.0110539468,0.0112544596,-0,-0,0,0,-0,0,0,-0,0,0.134034306,0.525028527,0.309221327,1,-2.59756926e-05,3.78264558e-05,0.000157815564,-1.81661963e-09,-6.04958805e-05,-0.00467785401,0.000200512819,-6.02116268e-09,6.2474801e-19,0,0,0,0,0,0,0,0,0,0,1.29452246e-06,0.0458197035,0.0143445907,-3.46689512e-06,-0.0458106399,0.014373512,0,0,0,0,0,0,0,0,0,0,0,0,0,0.91629076,0,0
16,-0.27778545,-0.278113931,0.556149423,-0.277785838,0.277770817,3.87887303e-06,-0.97647059,0.978504598,-0.978504598,-0.976761103,0.978504598,-0.978504598,0,-0.00942292716,0.0115419393,-0,-0,0,0,-0,0,0,-0,0,0.134032428,0.525014877,0.309165329,1,-3.26547488e-05,1.97058471e-05,0.000133735346,-2.42784051e-08,-0.000559664855,-0.00379271596,0.00211901218,-9.19232903e-08,6.4070634e-19,0,0,0,0,0,0,0,0,0,0,2.42661827e-06,0.0458190143,0.014346798,-3.55819657e-06,-0.0458113328,0.0143713057,0,0,0,0,0,0,0,0,0,0,0,0,0,0.955511451,0,0
17,-0.277776837,-0.278147846,0.556230009,-0.27777952,0.277766496,5.98695578e-06,-0.97647059,0.978504598,-0.978504598,-0.976761103,0.978504598,-0.978504598,0,-0.00857844297,0.0125414282,-0,-0,0,0,-0,0,0,-0,0,0.134012848,0.525024652,0.309091061,1,-1.4296038e-05,3.18685416e-05,9.77333111e-05,5.46798562e-09,-0.0010401078,-0.00324932672,0.00396298524,2.08339426e-08,0,0,0,0,0,0,0,0,0,0,0,3.95072391e-07,0.0458179824,0.0143500967,-2.22540029e-06,-0.0458123684,0.014368007,0,0,0,0,0,0,0,0,0,0,0,0,0,0.993251801,0,0
18,-0.277774662,-0.278166801,0.556298137,-0.277775347,0.277766496,1.77078982e-06,-0.97647059,0.978504598,-0.978504598,-0.976761103,0.978504598,-0.978504598,0,-0.0073430012,0.0133569287,-0,-0,0,0,-0,0,0,-0,0,0.134006351,0.525019467,0.309056371,1,3.82203689e-06,3.18672282e-05,4.32230627e-05,2.77842638e-08,-0.00157374237,-0.00251917914,0.00601392752,1.06175285e-07,7.4145849e-19,0,0,0,0,0,0,0,0,0,0,-1.26525947e-06,0.0458164178,0.0143550914,-5.65082701e-07,-0.045813933,0.0143630132,0,0,0,0,0,0,0,0,0,0,0,0,0,1.02961946,0,0
19,-0.277781069,-0.278179467,0.556369662,-0.277783722,0.277768701,1.77078982e-06,-0.97647059,0.978504598,-0.978504598,-0.976761103,0.978504598,-0.978504598,0,-0.00662388699,0.0128788259,-0,-0,0,0,-0,0,0,-0,0,0.13402234,0.524983704,0.309034288,1,-1.42991103e-05,2.56677395e-05,1.65135782e-06,-3.04067811e-08,-0.00163611677,-0.00218969886,0.0062549389,-1.16246312e-07,-7.14918452e-19,0,0,0,0,0,0,0,0,0,0,5.73108196e-07,0.045815222,0.0143589014,-2.04736443e-06,-0.0458151288,0.0143592032,0,0,0,0,0,0,0,0,0,0,0,0,0,1.06471074,0,0
20,-0.277776837,-0.278206944,0.556450307,-0.277783722,0.277768701,1.77078982e-06,-0.97647059,0.978504598,-0.978504598,-0.976761103,0.978504598,-0.978504598,0,-0.00584828714,0.0133671099,-0,-0,0,0,-0,0,0,-0,0,0.134009823,0.524976075,0.308975488,1,-2.37911127e-06,2.5667483e-05,-3.4588571e-05,1.03308642e-08,-0.00196511345,-0.00173383218,0.00751882279,3.95274569e-08,0,0,0,0,0,0,0,0,0,0,0,-5.19206367e-07,0.0458141826,0.0143622216,-9.55041287e-07,-0.0458161682,0.014355883,0,0,0,0,0,0,0,0,0,0,0,0,0,1.09861231,0,0
21,-0.277779043,-0.278219849,0.556522131,-0.277777344,0.277770817,1.77078982e-06,-0.97647059,0.978504598,-0.978504598,-0.976761103,0.978504598,-0.978504598,0,-0.00884166174,0.0130542312,-0,-0,0,0,-0,0,0,-0,0,0.134013399,0.524964035,0.308961093,1,-8.57942632e-06,1.97071131e-05,-0.000117709067,-7.90523647e-09,-0.00110707793,-0.00333667244,0.00421256945,-3.00804111e-08,-7.24655401e-19,0,0,0,0,0,0,0,0,0,0,2.19943345e-07,0.0458117947,0.0143698379,-1.35190317e-06,-0.0458185561,0.0143482657,0,0,0,0,0,0,0,0,0,0,0,0,0,1.13140213,0,0
22,-0.277776837,-0.278241009,0.556607127,-0.277787954,0.277770817,3.87887303e-06,-0.97647059,0.978504598,-0.978504598,-0.976761103,0.978504598,-0.978504598,0,-0.0086203916,0.0129085472,-0,-0,0,0,-0,0,0,-0,0,0.134006903,0.524933159,0.308916301,1,-8.34160619e-06,1.97052686e-05,-0.00014807588,5.92480554e-09,-0.00112700311,-0.00323524582,0.00428815559,2.25434071e-08,0,0,0,0,0,0,0,0,0,0,0,1.98143482e-07,0.0458109193,0.0143726198,-1.33001038e-06,-0.0458194241,0.0143454839,0,0,0,0,0,0,0,0,0,0,0,0,0,1.16315079,0,0
23,-0.277776837,-0.278270692,0.556661785,-0.277781636,0.277768701,-3.90697124e-07,-0.97647059,0.978504598,-0.978504598,-0.976761103,0.978504598,-0.978504598,0,-0.00881063752,0.0121264728,-0,-0,0,0,-0,0,0,-0,0,0.134009823,0.524943709,0.308847189,1,3.72914837e-06,2.5667503e-05,-0.000159281335,4.597279e-09,-0.000874483958,-0.00341321086,0.00331583526,1.74317893e-08,-6.73154464e-19,0,0,0,0,0,0,0,0,0,0,-1.07918277e-06,0.0458105989,0.0143736461,-3.95027172e-07,-0.0458197482,0.0143444566,0,0,0,0,0,0,0,0,0,0,0,0,0,1.19392252,0,0
24,-0.277781069,-0.278289765,0.556738019,-0.277781636,0.27776441,1.77078982e-06,-0.97647059,0.978504598,-0.978504598,-0.976761103,0.978504598,-0.978504598,0,-0.00913891662,0.0120466258,-0,-0,0,0,-0,0,0,-0,0,0.134028286,0.524924517,0.308812171,1,-1.43072157e-05,3.78280056e-05,-0.00021316373,-1.42911425e-08,-0.000768972503,-0.00359358662,0.00290770922,-5.40389742e-08,0,0,0,0,0,0,0,0,0,0,0,2.23800058e-07,0.0458090492,0.0143785831,-2.39667247e-06,-0.0458212942,0.0143395187,0,0,0,0,0,0,0,0,0,0,0,0,0,1.22377539,0,0
25,-0.277783096,-0.278325766,0.556831062,-0.277785838,0.277770817,1.77078982e-06,-0.97647059,0.978504598,-0.978504598,-0.976761103,0.978504598,-0.978504598,0,-0.00866512395,0.0105794491,-0,-0,0,0,-0,0,0,-0,0,0.134025425,0.524908125,0.308729202,1,-2.00257509e-05,1.97095942e-05,-0.00023104508,-1.53230335e-08,-0.000510277634,-0.0034914834,0.00191432517,-5.74849182e-08,-5.872774e-19,0,0,0,0,0,0,0,0,0,0,1.26839427e-06,0.0458085351,0.0143802213,-2.40070426e-06,-0.0458218046,0.0143378796,0,0,0,0,0,0,0,0,0,0,0,0,0,1.25276291,0,0
26,-0.277781069,-0.278351218,0.556886375,-0.27777952,0.277772903,-3.90697124e-07,-0.97647059,0.978504598,-0.978504598,-0.976761103,0.978504598,-0.978504598,0,-0.00921128504,0.0107807424,-0,-0,0,0,-0,0,0,-0,0,0.134016484,0.52491641,0.308672816,0.99999994,-8.1911985e-06,1.3749469e-05,-0.000255125429,-7.83712206e-09,-0.000421697012,-0.00375803723,0.00156945735,-2.91679321e-08,0,0,0,0,0,0,0,0,0,0,0,3.55322271e-07,0.0458078422,0.0143824276,-1.14515967e-06,-0.0458224975,0.0143356733,0,0,0,0,0,0,0,0,0,0,0,0,0,1.28093386,0,0
27,-0.277776837,-0.278376609,0.556928217,-0.277777344,0.277772903,1.77078982e-06,-0.97647059,0.978504598,-0.978504598,-0.976761103,0.978504598,-0.978504598,0,-0.00954409596,0.00989386626,-0,-0,0,0,-0,0,0,-0,0,0.134003982,0.524926126,0.308610529,0.99999994,-2.3816408e-06,1.37449188e-05,-0.000248600933,5.51398371e-10,-0.000104885745,-0.0040212837,0.0003497703,1.83878923e-09,-5.49219906e-19,0,0,0,0,0,0,0,0,0,0,-1.76827527e-07,0.0458080322,0.0143818296,-6.12662461e-07,-0.0458223075,0.0143362712,0,0,0,0,0,0,0,0,0,0,0,0,0,1.3083328,0,0
28,-0.277776837,-0.278408498,0.556987584,-0.277783722,0.277760178,1.77078982e-06,-0.97647059,0.978504598,-0.978504598,-0.976761103,0.978504598,-0.978504598,0,-0.00994538981,0.0104441242,-0,-0,0,0,-0,0,0,-0,0,0.13402161,0.524918795,0.308529079,1,-2.38938514e-06,4.97463079e-05,-0.000224369942,7.62508945e-10,-0.000145042723,-0.00417695288,0.000498734415,2.62191335e-09,-5.7976536e-19,0,0,0,0,0,0,0,0,0,0,-1.21071753e-06,0.0458087288,0.0143796103,-1.64655251e-06,-0.0458216146,0.0143384915,0,0,0,0,0,0,0,0,0,0,0,0,0,1.33500111,0,0
29,-0.277787477,-0.278438091,0.557038188,-0.27777952,0.277770817,3.87887303e-06,-0.97647059,0.978504598,-0.978504598,-0.976761103,0.978504598,-0.978504598,0,-0.0102623114,0.00925693754,-0,-0,0,0,-0,0,0,-0,0,0.134038433,0.524919927,0.308457881,1,-3.83838451e-05,1.97109675e-05,-0.000224130825,1.34708769e-08,0.000245709758,-0.00446187286,-0.0010053739,5.51189672e-08,5.1386326e-19,0,0,0,0,0,0,0,0,0,0,2.9504115e-06,0.0458087325,0.014379588,-4.08302913e-06,-0.0458216071,0.0143385138,0,0,0,0,0,0,0,0,0,0,0,0,0,1.36097658,0,0
30,-0.27778545,-0.278467774,0.557089448,-0.277781636,0.277766496,5.98695578e-06,-0.97647059,0.978504598,-0.978504598,-0.976761103,0.978504598,-0.978504598,0,-0.0101740845,0.00967207365,-0,-0,0,0,-0,0,0,-0,0,0.134038389,0.524921656,0.308383077,1,-3.86244355e-05,3.18676139e-05,-0.000206726443,4.94311259e-09,0.000113948445,-0.00437409803,-0.000502010807,2.17773568e-08,-5.36907943e-19,0,0,0,0,0,0,0,0,0,0,2.62316007e-06,0.0458092354,0.0143779935,-4.45397336e-06,-0.0458211079,0.0143401083,0,0,0,0,0,0,0,0,0,0,0,0,0,1.38629436,0,0
31,-0.277781069,-0.278499544,0.557153225,-0.277775347,0.277768701,3.87887303e-06,-0.97647059,0.978504598,-0.978504598,-0.976761103,0.978504598,-0.978504598,0,-0.0104904696,0.0118862092,-0,-0,0,0,-0,0,0,-0,0,0.13402234,0.524933279,0.30831027,1,-2.02653846e-05,2.56673684e-05,-0.000224759016,-7.09787784e-09,-0.000381920021,-0.00431898795,0.00139573961,-2.59394355e-08,-6.59817159e-19,0,0,0,0,0,0,0,0,0,0,1.11914676e-06,0.0458087176,0.0143796457,-2.59364469e-06,-0.0458216257,0.0143384561,0,0,0,0,0,0,0,0,0,0,0,0,0,1.41098702,0,0
32,-0.277787477,-0.278535634,0.557241917,-0.277783722,0.277766496,-3.90697124e-07,-0.97647059,0.978504598,-0.978504598,-0.976761103,0.978504598,-0.978504598,0,-0.0126717789,0.0124039501,-0,-0,0,0,-0,0,0,-0,0,0.134044394,0.524909556,0.308223456,1,-2.6314654e-05,3.18730272e-05,-0.000224368661,2.56109489e-09,4.6714551e-05,-0.00541220605,-0.000267828815,1.46835406e-08,6.8855755e-19,0,0,0,0,0,0,0,0,0,0,1.49506309e-06,0.0458087288,0.0143796103,-3.32606805e-06,-0.0458216146,0.0143384915,0,0,0,0,0,0,0,0,0,0,0,0,0,1.43508458,0,0
33,-0.277779043,-0.278567523,0.557301283,-0.27777952,0.277770817,1.77078982e-06,-0.97647059,0.978504598,-0.978504598,-0.976761103,0.978504598,-0.978504598,0,-0.0134067833,0.0116066607,-0,-0,0,0,-0,0,0,-0,0,0.134013399,0.524923265,0.308147997,1,-8.58164094e-06,1.97069512e-05,-0.000230091639,3.16800408e-09,0.000443658762,-0.0058776238,-0.00180012267,1.28540147e-08,-6.44299096e-19,0,0,0,0,0,0,0,0,0,0,2.19920267e-07,0.0458085611,0.0143801346,-1.35192624e-06,-0.0458217785,0.0143379671,0,0,0,0,0,0,0,0,0,0,0,0,0,1.45861506,0,0
34,-0.277779043,-0.278603345,0.55735594,-0.277781636,0.27776441,1.77078982e-06,-0.97647059,0.978504598,-0.978504598,-0.976761103,0.978504598,-0.978504598,0,-0.0114831124,0.0108945426,-0,-0,0,0,-0,0,0,-0,0,0.134022281,0.52492708,0.308055878,1,-8.5846732e-06,3.78268051e-05,-0.000200050927,9.32505961e-10,0.000130591507,-0.00493906299,-0.00058856979,4.20276036e-09,-6.047686e-19,0,0,0,0,0,0,0,0,0,0,-3.00440206e-07,0.0458094254,0.0143773817,-1.8722867e-06,-0.0458209179,0.0143407201,0,0,0,0,0,0,0,0,0,0,0,0,0,1.48160458,0,0
35,-0.277774662,-0.278643668,0.557440937,-0.27777952,0.277768701,3.87887303e-06,-0.97647059,0.978504598,-0.978504598,-0.976761103,0.978504598,-0.978504598,0,-0.0119108586,0.0103331357,-0,-0,0,0,-0,0,0,-0,0,0.134003311,0.524931014,0.307961434,1,-2.14525176e-06,2.56635449e-05,-0.000212210725,-6.82108059e-09,0.000386356231,-0.00521965325,-0.00157772284,-2.78545382e-08,0,0,0,0,0,0,0,0,0,0,0,-5.40950282e-07,0.0458090752,0.0143784955,-9.33092565e-07,-0.0458212644,0.0143396063,0,0,0,0,0,0,0,0,0,0,0,0,0,1.50407743,0,0
36,-0.277779043,-0.278677553,0.557491481,-0.277775347,0.277766496,-3.90697124e-07,-0.97647059,0.978504598,-0.978504598,-0.976761103,0.978504598,-0.978504598,0,-0.0121367034,0.0101660518,-0,-0,0,0,-0,0,0,-0,0,0.13401936,0.524940252,0.307877481,1,-2.47201069e-06,3.18675629e-05,-0.000199724876,3.47953644e-09,0.000487286859,-0.00535491202,-0.00197065156,1.40716985e-08,-5.64329239e-19,0,0,0,0,0,0,0,0,0,0,-6.89262151e-07,0.0458094366,0.0143773519,-1.1411181e-06,-0.0458209068,0.0143407499,0,0,0,0,0,0,0,0,0,0,0,0,0,1.52605629,0,0
37,-0.277779043,-0.278709263,0.557555258,-0.277781636,0.277772903,5.98695578e-06,-0.97647059,0.978504598,-0.978504598,-0.976761103,0.978504598,-0.978504598,0,-0.0113230115,0.0104302699,-0,-0,0,0,-0,0,0,-0,0,0.134010479,0.524930954,0.307797819,1,-2.05005417e-05,1.37443803e-05,-0.000182408083,1.48016799e-09,0.000207288074,-0.0049013989,-0.000892741606,6.37473985e-09,5.78996288e-19,0,0,0,0,0,0,0,0,0,0,1.48342224e-06,0.0458099358,0.0143757658,-2.27306214e-06,-0.0458204113,0.0143423369,0,0,0,0,0,0,0,0,0,0,0,0,0,1.54756248,0,0
38,-0.277779043,-0.278745353,0.557614267,-0.277783722,0.277770817,3.87887303e-06,-0.97647059,0.978504598,-0.978504598,-0.976761103,0.978504598,-0.978504598,0,-0.0116368849,0.00898517668,-0,-0,0,0,-0,0,0,-0,0,0.134013399,0.52493304,0.307706177,1,-1.45406811e-05,1.97061145e-05,-0.000157850925,4.74085127e-09,0.000663925952,-0.00521053188,-0.0026517082,1.89348732e-08,0,0,0,0,0,0,0,0,0,0,0,7.66094558e-07,0.0458106399,0.0143735157,-1.89807088e-06,-0.0458197072,0.0143445879,0,0,0,0,0,0,0,0,0,0,0,0,0,1.56861591,0,0
39,-0.277779043,-0.278781265,0.557652056,-0.277781636,0.277762294,-3.90697124e-07,-0.97647059,0.978504598,-0.978504598,-0.976761103,0.978504598,-0.978504598,0,-0.0108315824,0.00835763197,-0,-0,0,0,-0,0,0,-0,0,0.134025201,0.52494967,0.307611406,1,-2.47071011e-06,4.3788099e-05,-0.000115650488,4.41663994e-09,0.00061852223,-0.00485058455,-0.00247395039,1.76655703e-08,-4.63941772e-19,0,0,0,0,0,0,0,0,0,0,-1.03159141e-06,0.0458118543,0.0143696489,-1.48344736e-06,-0.0458184965,0.0143484548,0,0,0,0,0,0,0,0,0,0,0,0,0,1.58923519,0,0
40,-0.277779043,-0.278813064,0.557698965,-0.277785838,0.277770817,3.87887303e-06,-0.97647059,0.978504598,-0.978504598,-0.976761103,0.978504598,-0.978504598,0,-0.0108004157,0.00889165606,-0,-0,0,0,-0,0,0,-0,0,0.134013399,0.524950325,0.3075279,1,-1.45391496e-05,1.97066893e-05,-8.01264687e-05,3.35956174e-09,0.00047048516,-0.004780869,-0.00190875959,1.36297507e-08,0,0,0,0,0,0,0,0,0,0,0,7.66110531e-07,0.045812875,0.0143663939,-1.89805496e-06,-0.0458174758,0.0143517097,0,0,0,0,0,0,0,0,0,0,0,0,0,1.60943794,0,0
41,-0.277779043,-0.27884689,0.557775199,-0.277783722,0.277766496,1.77078982e-06,-0.952941179,0.957009196,-0.957009196,-0.953522146,0.957009196,-0.957009196,0,-0.0105897645,0.00927824061,-0,-0,0,0.515156746,-0.515156746,0.515156746,0.515156746,-0.515156746,0.515156746,0.13401936,0.524949193,0.307450265,1,-8.58023668e-06,3.18664897e-05,-9.82461788e-05,2.24597274e-09,0.000314534147,-0.00463164179,-0.00131152384,9.36510958e-09,0,0,0,0,0,0,0,0,0,0,0,-1.15560674e-07,0.0454441644,0.0140541419,-1.6747731e-06,-0.0454496816,0.014036282,0,0,0,0,0,0,0,0,0,0,0,0,0,1.62924051,0,0
42,-0.277783096,-0.278870165,0.557813287,-0.277787954,0.277781427,8.17936234e-06,-0.952941179,0.957009196,-0.957009196,-0.953522146,0.957009196,-0.957009196,0,-0.0103473123,0.00985475536,-0,-0,0,0,-0,0,0,-0,0,0.134010702,0.524943471,0.307389557,1,-3.81402424e-05,-1.03340626e-05,-7.44041972e-05,3.03825809e-09,0.000101178084,-0.00444675144,-0.000492556952,1.47909018e-08,1.09409763e-18,0,0,0,0,0,0,0,0,0,0,3.75699165e-06,0.045444835,0.0140519757,-3.17657464e-06,-0.0454490148,0.0140384501,0,0,0,0,0,0,0,0,0,0,0,0,0,1.64865863,0,0
43,-0.277781069,-0.278901875,0.557877064,-0.277787954,0.277770817,3.87887303e-06,-0.952941179,0.957009196,-0.957009196,-0.953522146,0.957009196,-0.957009196,0,-0.00912896916,0.010562527,-0,-0,0,0,-0,0,0,-0,0,0.13401942,0.524944365,0.307313472,1,-2.02610918e-05,1.97071568e-05,-7.48811508e-05,-7.40038075e-09,-0.000398196978,-0.00373645942,0.00143355783,-2.66422777e-08,-5.86338033e-19,0,0,0,0,0,0,0,0,0,0,1.2878495e-06,0.0454448201,0.0140520185,-2.3950995e-06,-0.0454490259,0.0140384063,0,0,0,0,0,0,0,0,0,0,0,0,0,1.66770685,0,0
44,-0.277774662,-0.278933644,0.557936072,-0.277783722,0.277766496,1.77078982e-06,-0.952941179,0.957009196,-0.957009196,-0.953522146,0.957009196,-0.957009196,0,-0.00997701287,0.00954243634,-0,-0,0,0,-0,0,0,-0,0,0.134006351,0.524956465,0.307238162,1,3.81809878e-06,3.18655184e-05,-8.03651856e-05,-1.50985835e-09,8.55206381e-05,-0.00428357581,-0.000434576534,-7.67240493e-09,0,0,0,0,0,0,0,0,0,0,0,-1.24238181e-06,0.0454446673,0.0140525168,-5.47832883e-07,-0.0454491824,0.0140379081,0,0,0,0,0,0,0,0,0,0,0,0,0,1.68639898,0,0
45,-0.277779043,-0.278954804,0.558000147,-0.277787954,0.277768701,1.77078982e-06,-0.952941179,0.957009196,-0.957009196,-0.953522146,0.957009196,-0.957009196,0,-0.00889241975,0.0103467572,-0,-0,0,0,-0,0,0,-0,0,0.13401632,0.524937928,0.307191044,1,-8.57965279e-06,2.5667603e-05,-9.91998459e-05,-2.88560931e-09,-0.000404111139,-0.00363386213,0.0014543375,-1.03848894e-08,-5.74360406e-19,0,0,0,0,0,0,0,0,0,0,5.85683928e-08,0.0454441383,0.0140542295,-1.50064398e-06,-0.0454497114,0.0140361954,0,0,0,0,0,0,0,0,0,0,0,0,0,1.70474803,0,0
46,-0.277783096,-0.278984427,0.558054805,-0.277781636,0.277768701,1.77078982e-06,-0.952941179,0.957009196,-0.957009196,-0.953522146,0.957009196,-0.957009196,0,-0.00875246059,0.0099957129,-0,-0,0,0,-0,0,0,-0,0,0.134028345,0.524945021,0.307122231,1,-2.00240374e-05,2.56688527e-05,-0.000110643647,-1.04902131e-08,-0.000349338225,-0.00359546044,0.00124325231,-3.73333933e-08,5.5487353e-19,0,0,0,0,0,0,0,0,0,0,1.09869245e-06,0.0454438142,0.0140552688,-2.54091492e-06,-0.0454500318,0.0140351551,0,0,0,0,0,0,0,0,0,0,0,0,0,1.72276664,0,0
47,-0.277776837,-0.279005677,0.558105409,-0.277785838,0.277766496,3.87887303e-06,-0.866666675,0.878192663,-0.878192663,-0.868312776,0.878192663,-0.878192663,0,-0.00922746677,0.0113166608,-0,-0,0,1.55760515,-1.55760515,1.55760515,1.55760515,-1.55760515,1.55760515,0.134012848,0.524940193,0.30707106,1,-8.34219827e-06,3.18651328e-05,-0.000110167501,3.00505931e-09,-0.000571615528,-0.00371280708,0.00208919402,1.09831717e-08,0,0,0,0,0,0,0,0,0,0,0,-8.84665212e-08,0.0440713912,0.0129311299,-1.55855184e-06,-0.0440770872,0.0129117081,0,0,0,0,0,0,0,0,0,0,0,0,0,1.74046612,0,0
48,-0.277779043,-0.279033244,0.558169484,-0.277781636,0.277775019,5.98695578e-06,-0.866666675,0.878192663,-0.878192663,-0.868312776,0.878192663,-0.878192663,0,-0.0101081477,0.0108027561,-0,-0,0,0,-0,0,0,-0,0,0.134007558,0.524940193,0.307009697,1,-2.04990847e-05,7.78455342e-06,-0.00013472428,-1.51022694e-09,-0.000211497638,-0.00422644522,0.000694608316,-4.95994268e-09,-5.99673426e-19,0,0,0,0,0,0,0,0,0,0,1.60562433e-06,0.0440707579,0.0129332943,-2.00811701e-06,-0.0440777205,0.0129095428,0,0,0,0,0,0,0,0,0,0,0,0,0,1.75785792,0,0
49,-0.277779043,-0.279067218,0.558228493,-0.277783722,0.277772903,8.17936234e-06,-0.866666675,0.878192663,-0.878192663,-0.868312776,0.878192663,-0.878192663,0,-0.0118185636,0.0108435154,-0,-0,0,0,-0,0,0,-0,0,0.134010479,0.524940372,0.306924313,1,-2.66985153e-05,1.37445459e-05,-0.000116127798,1.55270741e-09,0.000217446766,-0.00512019359,-0.000975048169,6.96246083e-09,-6.01936023e-19,0,0,0,0,0,0,0,0,0,0,1.99801457e-06,0.0440712385,0.0129316552,-2.70857095e-06,-0.0440772399,0.0129111828,0,0,0,0,0,0,0,0,0,0,0,0,0,1.77495229,0,0
50,-0.277781069,-0.279096901,0.558305085,-0.277781636,0.277772903,-3.90697124e-07,-0.866666675,0.878192663,-0.878192663,-0.868312776,0.878192663,-0.878192663,0,-0.0111502968,0.0116289891,-0,-0,0,0,-0,0,0,-0,0,0.134016499,0.524934113,0.306859016,1,-8.1897042e-06,1.37483394e-05,-0.000146406543,-2.97516278e-09,-0.000160086463,-0.00469091348,0.000478692353,-8.89636542e-09,0,0,0,0,0,0,0,0,0,0,0,3.66405487e-07,0.0440704562,0.0129343243,-1.07705966e-06,-0.0440780222,0.0129085137,0,0,0,0,0,0,0,0,0,0,0,0,0,1.79175949,0,0
51,-0.277776837,-0.279132813,0.558372498,-0.277777344,0.277770817,3.87887303e-06,-0.866666675,0.878192663,-0.878192663,-0.868312776,0.878192663,-0.878192663,0,-0.0105189523,0.0125658205,-0,-0,0,0,-0,0,0,-0,0,0.134006903,0.524944365,0.306773871,1,-8.34168895e-06,1.97052104e-05,-0.000152280001,2.98410452e-09,-0.000567629584,-0.00426588766,0.00204686821,1.07606599e-08,0,0,0,0,0,0,0,0,0,0,0,2.25771259e-07,0.0440703034,0.0129348421,-1.24431415e-06,-0.044078175,0.0129079958,0,0,0,0,0,0,0,0,0,0,0,0,0,1.80828881,0,0
52,-0.277774662,-0.279166728,0.558440626,-0.277781636,0.277768701,-2.4987803e-06,-0.796078444,0.813706458,-0.813706458,-0.798595965,0.813706458,-0.813706458,0,-0.010608579,0.0136373173,-0,-0,0,1.63092208,-1.63092208,1.63092208,1.63092208,-1.63092208,1.63092208,0.134003311,0.524939358,0.306690097,1,1.58889725e-05,2.56674975e-05,-0.000140684686,1.45588448e-08,-0.000824634801,-0.00420586718,0.00302873831,5.34720712e-08,-1.51404637e-18,0,0,0,0,0,0,0,0,0,0,-1.98211001e-06,0.0429222248,0.0120460913,7.46685487e-07,-0.0429289937,0.0120219355,0,0,0,0,0,0,0,0,0,0,0,0,0,1.82454932,0,0
53,-0.277781069,-0.279194206,0.558529377,-0.277777344,0.277768701,3.87887303e-06,-0.796078444,0.813706458,-0.813706458,-0.798595965,0.813706458,-0.813706458,0,-0.00946661644,0.0121563291,-0,-0,0,0,-0,0,0,-0,0,0.13402234,0.524925888,0.306635976,1,-2.02647607e-05,2.56674102e-05,-0.000200440321,-1.36251623e-08,-0.000733137713,-0.00375447748,0.00268971268,-4.99875696e-08,0,0,0,0,0,0,0,0,0,0,0,1.12145108e-06,0.0429207832,0.012051221,-2.35717448e-06,-0.0429304317,0.0120168049,0,0,0,0,0,0,0,0,0,0,0,0,0,1.84054959,0,0
54,-0.277783096,-0.279219598,0.558588743,-0.277787954,0.277770817,3.87887303e-06,-0.796078444,0.813706458,-0.813706458,-0.798595965,0.813706458,-0.813706458,0,-0.00910161901,0.0119625181,-0,-0,0,0,-0,0,0,-0,0,0.134025425,0.524905622,0.306571424,1,-2.59852623e-05,1.97080208e-05,-0.000182646239,-2.33338824e-08,-0.000777049689,-0.00358229317,0.00286089908,-8.59094129e-08,6.64053151e-19,0,0,0,0,0,0,0,0,0,0,1.75611001e-06,0.0429212116,0.0120496936,-2.70500482e-06,-0.0429300033,0.0120183323,0,0,0,0,0,0,0,0,0,0,0,0,0,1.85629797,0,0
55,-0.277781069,-0.279242873,0.558681488,-0.277785838,0.277772903,1.77078982e-06,-0.796078444,0.813706458,-0.813706458,-0.798595965,0.813706458,-0.813706458,0,-0.00878123939,0.0113662826,-0,-0,0,0,-0,0,0,-0,0,0.134016484,0.524890363,0.306529731,0.99999994,-1.43026427e-05,1.37479046e-05,-0.000253933395,-1.30944846e-08,-0.000704583188,-0.00347377057,0.0025850432,-4.80423168e-08,0,0,0,0,0,0,0,0,0,0,0,8.96627228e-07,0.0429194942,0.0120558133,-1.55857197e-06,-0.0429317169,0.0120122116,0,0,0,0,0,0,0,0,0,0,0,0,0,1.87180221,0,0
56,-0.277779043,-0.279268235,0.558736801,-0.277775347,0.277768701,8.17936234e-06,-0.796078444,0.813706458,-0.813706458,-0.798595965,0.813706458,-0.813706458,0,-0.008368209,0.0105926292,-0,-0,0,0,-0,0,0,-0,0,0.13401632,0.524904072,0.306475967,0.99999994,-2.67043633e-05,2.56620715e-05,-0.000290086173,-4.35347802e-09,-0.000609676819,-0.00333423447,0.0022244202,-1.58837672e-08,5.88009042e-19,0,0,0,0,0,0,0,0,0,0,1.67414112e-06,0.0429186225,0.0120589165,-2.90978483e-06,-0.0429325849,0.0120091075,0,0,0,0,0,0,0,0,0,0,0,0,0,1.8870697,0,0
57,-0.277783096,-0.279295743,0.558782995,-0.277777344,0.277768701,3.87887303e-06,-0.796078444,0.813706458,-0.813706458,-0.798595965,0.813706458,-0.813706458,0,-0.00724829547,0.00929861609,-0,-0,0,0,-0,0,0,-0,0,0.134028345,0.524901271,0.306406289,0.99999994,-2.59886419e-05,2.56688454e-05,-0.00027196575,-1.68391061e-08,-0.000560764922,-0.00287565915,0.00205032062,-6.15686986e-08,0,0,0,0,0,0,0,0,0,0,0,1.61258868e-06,0.0429190584,0.0120573612,-2.84852581e-06,-0.042932149,0.0120106637,0,0,0,0,0,0,0,0,0,0,0,0,0,1.90210748,0,0
58,-0.27778545,-0.27931267,0.558842003,-0.277781636,0.277772903,3.87887303e-06,-0.717647076,0.742055118,-0.742055118,-0.721132874,0.742055118,-0.742055118,0,-0.00715360418,0.00812287163,-0,-0,0,1.705217,-1.705217,1.705217,1.705217,-1.705217,1.705217,0.134029508,0.524882793,0.306370229,0.99999994,-3.26614427e-05,1.37499846e-05,-0.00029541814,-1.21025812e-08,-0.000278988242,-0.00294339354,0.00096926745,-4.20470698e-08,0,0,0,0,0,0,0,0,0,0,0,2.41363591e-06,0.0416168235,0.0111071886,-3.02360581e-06,-0.0416299179,0.0110580036,0,0,0,0,0,0,0,0,0,0,0,0,0,1.91692257,0,0
59,-0.277783096,-0.279338062,0.558884501,-0.277787954,0.277768701,1.77078982e-06,-0.717647076,0.742055118,-0.742055118,-0.721132874,0.742055118,-0.742055118,0,-0.00668694312,0.00762306713,-0,-0,0,0,-0,0,0,-0,0,0.134028345,0.524878681,0.306303322,0.99999994,-2.0028021e-05,2.56704061e-05,-0.000265854149,-8.07870304e-09,-0.000269031676,-0.00274837436,0.000936124008,-2.8110696e-08,-4.23165232e-19,0,0,0,0,0,0,0,0,0,0,1.09759208e-06,0.0416174792,0.0111047281,-2.23580719e-06,-0.041629266,0.0110604651,0,0,0,0,0,0,0,0,0,0,0,0,0,1.93152142,0,0
60,-0.277776837,-0.279352903,0.558927,-0.277781636,0.277770817,1.77078982e-06,-0.717647076,0.742055118,-0.742055118,-0.721132874,0.742055118,-0.742055118,0,-0.00683559058,0.00741284015,-0,-0,0,0,-0,0,0,-0,0,0.134006903,0.524886549,0.306274861,0.99999994,-2.38417192e-06,1.97049758e-05,-0.000301855762,9.26902166e-10,-0.000176313231,-0.00284737884,0.000577249564,3.03467806e-09,4.1149529e-19,0,0,0,0,0,0,0,0,0,0,-2.38801164e-07,0.0416166782,0.0111077242,-6.34759999e-07,-0.0416300595,0.0110574672,0,0,0,0,0,0,0,0,0,0,0,0,0,1.9459101,0,0
61,-0.277783096,-0.279378384,0.558965147,-0.277781636,0.277766496,-3.90697124e-07,-0.717647076,0.742055118,-0.742055118,-0.721132874,0.742055118,-0.742055118,0,-0.00746861426,0.00877209101,-0,-0,0,0,-0,0,0,-0,0,0.13403137,0.524886608,0.306210041,0.99999994,-1.39187787e-05,3.18712009e-05,-0.00028373528,-1.10633422e-08,-0.000368424196,-0.00304388115,0.00130347675,-3.91418631e-08,0,0,0,0,0,0,0,0,0,0,0,4.51421414e-07,0.0416170806,0.0111062163,-1.86445925e-06,-0.0416296609,0.0110589759,0,0,0,0,0,0,0,0,0,0,0,0,0,1.96009481,0,0
62,-0.277783096,-0.279391021,0.559024155,-0.27777952,0.277770817,8.17936234e-06,-0.717647076,0.742055118,-0.742055118,-0.721132874,0.742055118,-0.742055118,0,-0.00755332736,0.00814182125,-0,-0,0,0,-0,0,0,-0,0,0.134025425,0.524875224,0.306190372,0.99999994,-3.81476566e-05,1.97045429e-05,-0.00033738013,-5.48496226e-09,-0.000182656629,-0.00315128407,0.000588493887,-1.76717752e-08,4.51961871e-19,0,0,0,0,0,0,0,0,0,0,2.73807473e-06,0.0416158885,0.0111106811,-3.6121553e-06,-0.0416308455,0.0110545093,0,0,0,0,0,0,0,0,0,0,0,0,0,1.97408104,0,0
63,-0.277783096,-0.279420704,0.559066653,-0.277787954,0.277768701,8.17936234e-06,-0.717647076,0.742055118,-0.742055118,-0.721132874,0.742055118,-0.742055118,0,-0.00781777967,0.00774074672,-0,-0,0,0,-0,0,0,-0,0,0.134028345,0.524869919,0.306109488,0.99999994,-3.8148446e-05,2.56653948e-05,-0.000289696472,-3.24084204e-10,-1.07924398e-05,-0.00333010335,-7.70329498e-05,2.31320829e-09,-4.29697762e-19,0,0,0,0,0,0,0,0,0,0,2.60599177e-06,0.0416169502,0.0111067127,-3.74423848e-06,-0.0416297913,0.0110584795,0,0,0,0,0,0,0,0,0,0,0,0,0,1.98787439,0,0
64,-0.277776837,-0.279450387,0.559113204,-0.277783722,0.277762294,3.87887303e-06,-0.639215708,0.670403719,-0.670403719,-0.643669784,0.670403719,-0.670403719,0,-0.00838224776,0.0089041749,-0,-0,0,1.61450016,-1.61450016,1.61450016,1.61450016,-1.61450016,1.61450016,0.134018689,0.524885118,0.306036919,0.99999994,-8.35110131e-06,4.37837007e-05,-0.000283497968,8.92199703e-10,-0.000169712192,-0.00351018482,0.000521927141,2.74384071e-09,0,0,0,0,0,0,0,0,0,0,0,-2.18450367e-07,0.0402890332,0.0101911705,-1.56247359e-06,-0.040300563,0.010145477,0,0,0,0,0,0,0,0,0,0,0,0,0,2.0014801,0,0
65,-0.277779043,-0.279467344,0.559172571,-0.277777344,0.277768701,1.77078982e-06,-0.639215708,0.670403719,-0.670403719,-0.643669784,0.670403719,-0.670403719,0,-0.00858728681,0.00817866251,-0,-0,0,0,-0,0,0,-0,0,0.13401632,0.524881303,0.306006998,0.99999994,-8.58576914e-06,2.56672593e-05,-0.000337531004,5.11455878e-10,7.16261347e-05,-0.00369022321,-0.000408624299,2.91783597e-09,0,0,0,0,0,0,0,0,0,0,0,1.69180552e-07,0.0402879305,0.0101955244,-1.21327059e-06,-0.0403016582,0.0101411222,0,0,0,0,0,0,0,0,0,0,0,0,0,2.01490307,0,0
66,-0.277781069,-0.279497027,0.559215069,-0.277787954,0.277770817,1.77078982e-06,-0.639215708,0.670403719,-0.670403719,-0.643669784,0.670403719,-0.670403719,0,-0.00897957664,0.00775299221,-0,-0,0,0,-0,0,0,-0,0,0.134019405,0.524871469,0.305924892,0.99999994,-1.43047437e-05,1.97084973e-05,-0.000283735717,5.25119193e-09,0.000282554218,-0.00393859483,-0.00122658443,2.27957333e-08,-4.30377523e-19,0,0,0,0,0,0,0,0,0,0,7.51475625e-07,0.0402890258,0.0101911901,-1.55325029e-06,-0.0403005667,0.0101454575,0,0,0,0,0,0,0,0,0,0,0,0,0,2.02814817,0,0
67,-0.277779043,-0.279524595,0.559248805,-0.27777952,0.277766496,-3.90697124e-07,-0.639215708,0.670403719,-0.670403719,-0.643669784,0.670403719,-0.670403719,0,-0.00904065091,0.00752636697,-0,-0,0,0,-0,0,0,-0,0,0.13401936,0.524892926,0.30585736,0.99999994,-2.4744827e-06,3.18679231e-05,-0.000277298328,2.54690136e-09,0.000356677279,-0.00399329979,-0.00151428394,1.08129452e-08,4.17797295e-19,0,0,0,0,0,0,0,0,0,0,-4.49395372e-07,0.0402891599,0.0101906713,-8.46806188e-07,-0.0403004363,0.0101459762,0,0,0,0,0,0,0,0,0,0,0,0,0,2.04122043,0,0
68,-0.277783096,-0.27954787,0.559303463,-0.277781636,0.277766496,5.98695578e-06,-0.639215708,0.670403719,-0.670403719,-0.643669784,0.670403719,-0.670403719,0,-0.00884082541,0.00801869389,-0,-0,0,0,-0,0,0,-0,0,0.13403137,0.524882972,0.305802524,0.99999994,-3.19511382e-05,3.18660859e-05,-0.000282782188,5.30440758e-09,0.000176643909,-0.00383925135,-0.000822131522,2.46876368e-08,0,0,0,0,0,0,0,0,0,0,0,1.92597008e-06,0.0402890481,0.0101911137,-3.22243659e-06,-0.0403005481,0.0101455348,0,0,0,0,0,0,0,0,0,0,0,0,0,2.05412364,0,0
69,-0.277776837,-0.27956903,0.559333146,-0.277785838,0.277768701,1.77078982e-06,-0.639215708,0.670403719,-0.670403719,-0.643669784,0.670403719,-0.670403719,0,-0.00862693507,0.00805511139,-0,-0,0,0,-0,0,0,-0,0,0.134009823,0.524886608,0.305745691,0.99999994,-2.38471671e-06,2.56658132e-05,-0.000252979982,-5.88166738e-10,0.000111879745,-0.00372335874,-0.000571823679,-3.00615355e-09,0,0,0,0,0,0,0,0,0,0,0,-3.30308836e-07,0.0402896553,0.0101887118,-7.13629049e-07,-0.0402999446,0.0101479366,0,0,0,0,0,0,0,0,0,0,0,0,0,2.06686282,0,0
70,-0.277783096,-0.279594421,0.559401274,-0.27777952,0.277768701,8.17936234e-06,-0.639215708,0.670403719,-0.670403719,-0.643669784,0.670403719,-0.670403719,0,-0.00869363267,0.00813420676,-0,-0,0,0,-0,0,0,-0,0,0.134028345,0.524882793,0.305693179,0.99999994,-3.81485916e-05,2.56653493e-05,-0.000295418518,3.23819394e-09,0.000107836218,-0.0037504558,-0.000559425913,1.67988983e-08,4.51539181e-19,0,0,0,0,0,0,0,0,0,0,2.55159239e-06,0.0402887873,0.0101921316,-3.59594515e-06,-0.0403008051,0.0101445159,0,0,0,0,0,0,0,0,0,0,0,0,0,2.07944155,0,0
71,-0.277779043,-0.279630423,0.559439063,-0.277783722,0.277768701,3.87887303e-06,-0.56078434,0.598752379,-0.598752379,-0.566206753,0.598752379,-0.598752379,0,-0.00873078872,0.0075079049,-0,-0,0,1.57678735,-1.57678735,1.57678735,1.57678735,-1.57678735,1.57678735,0.13401632,0.524893403,0.305594593,1,-1.45436052e-05,2.5666006e-05,-0.000235098589,1.99799843e-09,0.000279806933,-0.00383250974,-0.00122288382,8.73216432e-09,4.16772444e-19,0,0,0,0,0,0,0,0,0,0,6.55176791e-07,0.038936574,0.00931023434,-1.60925026e-06,-0.0389453135,0.0092736138,0,0,0,0,0,0,0,0,0,0,0,0,0,2.09186411,0,0
72,-0.277774662,-0.279653758,0.559481561,-0.277783722,0.277772903,3.87887303e-06,-0.56078434,0.598752379,-0.598752379,-0.566206753,0.598752379,-0.598752379,0,-0.00876933709,0.00731026474,-0,-0,0,0,-0,0,0,-0,0,0.13399747,0.524897873,0.305537283,1,-2.1429546e-06,1.37422812e-05,-0.000229138212,-6.01487127e-09,0.000340691331,-0.00387247908,-0.00145907234,-2.57597765e-08,0,0,0,0,0,0,0,0,0,0,0,-8.8741487e-08,0.0389366858,0.00930976961,-4.2204573e-07,-0.0389452018,0.00927407853,0,0,0,0,0,0,0,0,0,0,0,0,0,2.10413408,0,0
73,-0.27778545,-0.279670566,0.559524059,-0.277785838,0.277768701,8.17936234e-06,-0.56078434,0.598752379,-0.598752379,-0.566206753,0.598752379,-0.598752379,0,-0.00666058809,0.00714776199,-0,-0,0,0,-0,0,0,-0,0,0.134035349,0.524882615,0.305498272,1,-4.48227802e-05,2.56674066e-05,-0.000235813684,-6.82172585e-09,-0.000157254166,-0.00278193667,0.000487173907,-2.11337294e-08,0,0,0,0,0,0,0,0,0,0,0,3.01321597e-06,0.0389365628,0.00931029022,-3.96760743e-06,-0.0389453247,0.00927355792,0,0,0,0,0,0,0,0,0,0,0,0,0,2.11625552,0,0
74,-0.27778545,-0.27968961,0.559570611,-0.277785838,0.277768701,-3.90697124e-07,-0.56078434,0.598752379,-0.598752379,-0.566206753,0.598752379,-0.598752379,0,-0.00668595731,0.00734612439,-0,-0,0,0,-0,0,0,-0,0,0.134035349,0.524878621,0.30545488,0.99999994,-2.05918168e-05,2.56733929e-05,-0.000247733988,-8.79573125e-09,-0.000202758849,-0.00277544302,0.000660167076,-2.86382171e-08,0,0,0,0,0,0,0,0,0,0,0,1.12602902e-06,0.0389363393,0.00931121781,-2.08043957e-06,-0.0389455482,0.00927263033,0,0,0,0,0,0,0,0,0,0,0,0,0,2.12823176,0,0
75,-0.277781069,-0.27970016,0.55960834,-0.277777344,0.277772903,3.87887303e-06,-0.56078434,0.598752379,-0.598752379,-0.566206753,0.598752379,-0.598752379,0,-0.00604441809,0.00716521638,-0,-0,0,0,-0,0,0,-0,0,0.134016484,0.524886489,0.305439055,0.99999994,-2.02636766e-05,1.37463221e-05,-0.000295330887,-5.94739502e-09,-0.000320015242,-0.00245681242,0.00112079829,-2.08297273e-08,3.9774941e-19,0,0,0,0,0,0,0,0,0,0,1.32228649e-06,0.0389354527,0.00931492448,-1.83342809e-06,-0.0389464311,0.00926892273,0,0,0,0,0,0,0,0,0,0,0,0,0,2.14006615,0,0
76,-0.277787477,-0.279717028,0.559638023,-0.277777344,0.277768701,1.77078982e-06,-0.56078434,0.598752379,-0.598752379,-0.566206753,0.598752379,-0.598752379,0,-0.00476180064,0.00567980902,-0,-0,0,0,-0,0,0,-0,0,0.134041354,0.524882853,0.305397391,0.99999994,-3.24263965e-05,2.56742333e-05,-0.000289608259,-1.43328744e-08,-0.000261432637,-0.00193197618,0.000918008387,-5.03292128e-08,0,0,0,0,0,0,0,0,0,0,0,2.04754951e-06,0.0389355607,0.00931447838,-3.00215061e-06,-0.0389463231,0.0092693679,0,0,0,0,0,0,0,0,0,0,0,0,0,2.15176225,0,0
77,-0.277787477,-0.279720724,0.559649527,-0.277785838,0.277775019,5.98695578e-06,-0.490196079,0.534266174,-0.534266174,-0.496489942,0.534266174,-0.534266174,0,0.00387149933,-0.00248564756,-0,-0,0,1.53482163,-1.53482163,1.53482163,1.53482163,-1.53482163,1.53482163,0.134032592,0.524869323,0.305384815,0.99999994,-4.43420031e-05,7.7891973e-06,-0.000271337951,-1.88091995e-08,-0.000343081134,0.00178365875,0.00138585176,-7.597842e-08,0,0,0,0,0,0,0,0,0,0,0,3.21019866e-06,0.0376971141,0.00855658203,-3.4765676e-06,-0.0377063788,0.00851566251,0,0,0,0,0,0,0,0,0,0,0,0,0,2.16332293,0,0
78,-0.277783096,-0.279677033,0.559549689,-0.277783722,0.277766496,8.17936234e-06,-0.490196079,0.534266174,-0.534266174,-0.496489942,0.534266174,-0.534266174,0,0.0242209714,-0.0229186285,-0,-0,0,0,-0,0,0,-0,0,0.13403137,0.524881899,0.305487454,0.99999994,-3.81492828e-05,3.18645216e-05,-0.000259655761,-6.87171697e-09,-0.000228837423,0.010423366,0.00130234286,-3.91078139e-08,0,0,0,0,0,0,0,0,0,0,0,2.33179776e-06,0.0376973152,0.008555701,-3.42013391e-06,-0.0377061814,0.00851654354,0,0,0,0,0,0,0,0,0,0,0,0,0,2.17475176,0,0
79,-0.277779043,-0.279591203,0.559360802,-0.277785838,0.277770817,8.17936234e-06,-0.490196079,0.534266174,-0.534266174,-0.496489942,0.534266174,-0.534266174,0,0.0422205254,-0.0404888727,-0,-0,0,0,-0,0,0,-0,0,0.134013399,0.524891376,0.305687696,1,-2.67014384e-05,1.97027948e-05,-0.000229376732,-1.90838767e-09,-0.000267257506,0.0181157161,0.00173165277,-1.23650956e-08,-2.24758393e-18,0,0,0,0,0,0,0,0,0,0,1.67656572e-06,0.037697833,0.00855341833,-2.34951676e-06,-0.0377056636,0.00851882622,0,0,0,0,0,0,0,0,0,0,0,0,0,2.18605137,0,0
80,-0.277783096,-0.279444069,0.559092283,-0.277790129,0.277775019,5.98695578e-06,-0.490196079,0.534266174,-0.534266174,-0.496489942,0.534266174,-0.534266174,0,0.0577579997,-0.0582069531,-0,-0,0,0,-0,0,0,-0,0,0.134019583,0.524875104,0.306046158,0.99999994,-3.19441024e-05,7.78586673e-06,-0.000253695063,1.04588027e-08,0.000348292204,0.0245012343,-0.00044895336,1.34815377e-08,6.46226995e-18,0,0,0,0,0,0,0,0,0,0,2.27548776e-06,0.0376974158,0.0085552521,-2.54160886e-06,-0.0377060808,0.00851699244,0,0,0,0,0,0,0,0,0,0,0,0,0,2.19722462,0,0
81,-0.277776837,-0.279220253,0.558644354,-0.27777952,0.277762294,8.17936234e-06,-0.490196079,0.534266174,-0.534266174,-0.496489942,0.534266174,-0.534266174,0,0.0782598108,-0.0807213262,-0,-0,0,0,-0,0,0,-0,0,0.134018689,0.524899423,0.306589901,0.99999994,-2.0510437e-05,4.37802628e-05,-0.000283260073,-4.79866946e-09,0.000912792049,0.0330135226,-0.00246151537,-1.29405153e-08,0,0,0,0,0,0,0,0,0,0,0,7.98097176e-07,0.0376969129,0.00855748076,-2.29315037e-06,-0.0377065837,0.00851476286,0,0,0,0,0,0,0,0,0,0,0,0,0,2.20827436,0,0
82,-0.27778545,-0.279033065,0.558261216,-0.277785838,0.277770817,8.17936234e-06,-0.411764711,0.462614775,-0.462614775,-0.419026881,0.462614775,-0.462614775,0,0.091076985,-0.0974703878,-0,-0,0,1.49650478,-1.49650478,1.49650478,1.49650478,-1.49650478,1.49650478,0.134032428,0.524891198,0.307033718,0.99999994,-4.48217143e-05,1.97069185e-05,-0.000252979808,8.41962517e-08,0.00194088882,0.0380683318,-0.00639340281,2.77347453e-07,-1.08213869e-17,0,0,0,0,0,0,0,0,0,0,2.94896472e-06,0.0362989344,0.00775194634,-3.5589353e-06,-0.0363067612,0.00771521032,0,0,0,0,0,0,0,0,0,0,0,0,0,2.21920347,0,0
83,-0.277779043,-0.278692663,0.557564378,-0.277783722,0.277766496,8.17936234e-06,-0.411764711,0.462614775,-0.462614775,-0.419026881,0.462614775,-0.462614775,0,0.115005784,-0.114270844,-0,-0,0,0,-0,0,0,-0,0,0.13401936,0.524910688,0.307848513,1,-2.6704447e-05,3.18620077e-05,-0.000236291118,4.38031028e-10,6.13434459e-05,0.0489502028,0.000734940171,-5.24793764e-09,-1.26866122e-17,0,0,0,0,0,0,0,0,0,0,1.44543617e-06,0.0362991914,0.00775073469,-2.43126078e-06,-0.0363065004,0.00771642243,0,0,0,0,0,0,0,0,0,0,0,0,0,2.23001432,0,0
84,-0.277774662,-0.278318167,0.556854725,-0.277792156,0.277772903,8.17936234e-06,-0.411764711,0.462614775,-0.462614775,-0.419026881,0.462614775,-0.462614775,0,0.141635463,-0.135287732,-0,-0,0,0,-0,0,0,-0,0,0.13399747,0.524889708,0.308754802,0.99999994,-1.43028356e-05,1.37382531e-05,-0.000268000615,2.59578723e-08,-0.0014702928,0.0608285032,0.00634773076,1.12068548e-07,0,0,0,0,0,0,0,0,0,0,0,8.25649067e-07,0.0362986997,0.00775303645,-1.2507511e-06,-0.0363069922,0.00771411974,0,0,0,0,0,0,0,0,0,0,0,0,0,2.24070978,0,0
85,-0.277774662,-0.277911067,0.55602628,-0.277783722,0.277766496,5.98695578e-06,-0.411764711,0.462614775,-0.462614775,-0.419026881,0.462614775,-0.462614775,0,0.147977129,-0.156714961,-0,-0,0,0,-0,0,0,-0,0,0.134006351,0.524909139,0.309734017,0.99999994,-8.10893107e-06,3.18596285e-05,-0.00027181569,-4.10391259e-08,0.00232451758,0.062017791,-0.00873783231,-1.5426555e-07,8.6994279e-18,0,0,0,0,0,0,0,0,0,0,9.5313851e-08,0.0362986438,0.00775331352,-1.08093786e-06,-0.0363070518,0.00771384267,0,0,0,0,0,0,0,0,0,0,0,0,0,2.25129175,0,0
86,-0.277776837,-0.277382314,0.554992139,-0.277783722,0.27776441,8.17936234e-06,-0.411764711,0.462614775,-0.462614775,-0.419026881,0.462614775,-0.462614775,0,0.170931622,-0.166175693,-0,-0,0,0,-0,0,0,-0,0,0.134015769,0.524896801,0.311011404,0.99999994,-2.05095675e-05,3.78192417e-05,-0.00030486859,7.37002726e-09,-0.00140190986,0.0731205568,0.00475592911,2.50025547e-08,9.22460404e-18,0,0,0,0,0,0,0,0,0,0,9.03221405e-07,0.0362981297,0.00775571307,-2.0733271e-06,-0.0363075584,0.00771144265,0,0,0,0,0,0,0,0,0,0,0,0,0,2.2617631,0,0
87,-0.277783096,-0.276962787,0.554151654,-0.277792156,0.277772903,3.87887303e-06,-0.411764711,0.462614775,-0.462614775,-0.419026881,0.462614775,-0.462614775,0,0.172952041,-0.176815808,-0,-0,0,0,-0,0,0,-0,0,0.134022504,0.524877548,0.312014401,0.99999994,-2.59854951e-05,1.37479456e-05,-0.000278879947,2.00642116e-08,0.000668165274,0.0731181279,-0.00386376679,1.16024346e-07,-9.81524905e-18,0,0,0,0,0,0,0,0,0,0,1.67366295e-06,0.036298532,0.00775382621,-2.09917039e-06,-0.0363071598,0.00771332998,0,0,0,0,0,0,0,0,0,0,0,0,0,2.27212596,0,0
88,-0.27778545,-0.276371002,0.552930951,-0.277781636,0.27776441,5.98695578e-06,-0.411764711,0.462614775,-0.462614775,-0.419026881,0.462614775,-0.462614775,0,0.192698225,-0.18653886,-0,-0,0,0,-0,0,0,-0,0,0.134041309,0.52489686,0.313432097,0.99999994,-3.86275387e-05,3.78283112e-05,-0.000256230036,-9.78930075e-08,-0.0022566258,0.082509242,0.00615936518,-2.67194849e-07,-1.03549869e-17,0,0,0,0,0,0,0,0,0,0,2.21862615e-06,0.0362988822,0.00775218196,-3.38912537e-06,-0.0363068096,0.00771497423,0,0,0,0,0,0,0,0,0,0,0,0,0,2.28238249,0,0
89,-0.277776837,-0.275747031,0.5516752,-0.277781636,0.277768701,8.17936234e-06,-0.34117648,0.398128569,-0.398128569,-0.3493101,0.398128569,-0.398128569,0,0.205580756,-0.204741806,-0,-0,0,1.50813615,-1.50813615,1.50813615,1.50813615,-1.50813615,1.50813615,0.134009823,0.524892032,0.314929485,0.99999994,-2.05043307e-05,2.56614294e-05,-0.000245263625,6.42398934e-09,-0.00122195669,0.0874498412,0.000838950276,4.41047376e-09,0,0,0,0,0,0,0,0,0,0,0,1.07422738e-06,0.0350214541,0.00706249196,-1.79754022e-06,-0.0350283645,0.00702813081,0,0,0,0,0,0,0,0,0,0,0,0,0,2.29253483,0,0
90,-0.277781069,-0.275156349,0.550506175,-0.27777952,0.277772903,3.87887303e-06,-0.34117648,0.398128569,-0.398128569,-0.3493101,0.398128569,-0.398128569,0,0.209349871,-0.209383443,-0,-0,0,0,-0,0,0,-0,0,0.134016484,0.524867952,0.316353649,0.99999994,-2.02633091e-05,1.37463667e-05,-0.000268628006,-2.43486085e-08,-0.00131014094,0.0889605656,-3.35723162e-05,6.23932295e-10,0,0,0,0,0,0,0,0,0,0,0,1.22541098e-06,0.0350211225,0.00706412876,-1.61295407e-06,-0.0350286923,0.00702649402,0,0,0,0,0,0,0,0,0,0,0,0,0,2.30258512,0,0
91,-0.277779043,-0.274549961,0.549319565,-0.277787954,0.277768701,1.77078982e-06,-0.34117648,0.398128569,-0.398128569,-0.3493101,0.398128569,-0.398128569,0,0.2183633,-0.21497345,-0,-0,0,0,-0,0,0,-0,0,0.13401632,0.524822831,0.317813337,0.99999994,-8.58433759e-06,2.56673411e-05,-0.000281741057,-1.84033162e-08,-0.00257726712,0.0931273699,0.00338985026,-2.42056757e-08,1.19334237e-17,0,0,0,0,0,0,0,0,0,0,2.39121846e-07,0.0350209363,0.00706504704,-9.62527679e-07,-0.0350288786,0.00702557527,0,0,0,0,0,0,0,0,0,0,0,0,0,2.31253552,0,0
92,-0.277776837,-0.273844272,0.547895491,-0.277783722,0.277770817,3.87887303e-06,-0.34117648,0.398128569,-0.398128569,-0.3493101,0.398128569,-0.398128569,0,0.226994425,-0.226644516,-0,-0,0,0,-0,0,0,-0,0,0.134006903,0.524801254,0.319507837,0.99999994,-8.34412276e-06,1.97035315e-05,-0.000275780825,1.17596821e-08,-0.00223690015,0.0964837,0.000349909067,1.83951876e-09,1.2581298e-17,0,0,0,0,0,0,0,0,0,0,3.06456172e-07,0.035021022,0.00706462981,-8.61791136e-07,-0.0350287929,0.00702599296,0,0,0,0,0,0,0,0,0,0,0,0,0,2.3223877,0,0
93,-0.277779043,-0.273202389,0.546624959,-0.277790129,0.277772903,8.17936234e-06,-0.34117648,0.398128569,-0.398128569,-0.3493101,0.398128569,-0.398128569,0,0.227251217,-0.227314502,-0,-0,0,0,-0,0,0,-0,0,0.134010479,0.524748147,0.321050078,0.99999994,-2.67007144e-05,1.37414145e-05,-0.000276257662,-1.77238118e-08,-0.00248210668,0.0965431258,-6.32852316e-05,4.51896576e-10,0,0,0,0,0,0,0,0,0,0,0,1.67638541e-06,0.0350210145,0.00706466287,-2.06384357e-06,-0.0350288004,0.00702595944,0,0,0,0,0,0,0,0,0,0,0,0,0,2.33214378,0,0
94,-0.277772635,-0.272535324,0.545290589,-0.277781636,0.277766496,1.02031217e-05,-0.34117648,0.398128569,-0.398128569,-0.3493101,0.398128569,-0.398128569,0,0.22550416,-0.231118754,-0,-0,0,0,-0,0,0,-0,0,0.134000346,0.524720371,0.322657466,0.99999994,-1.43087145e-05,3.1853604e-05,-0.000300100626,4.00856734e-08,-0.00137756229,0.0952365994,-0.00561459363,-1.63379013e-07,1.28296681e-17,0,0,0,0,0,0,0,0,0,0,5.52755637e-07,0.0350206792,0.0070663332,-1.45055094e-06,-0.0350291356,0.00702428911,0,0,0,0,0,0,0,0,0,0,0,0,0,2.3418057,0,0
95,-0.277781069,-0.271784484,0.5437994,-0.277781636,0.277770817,3.87887303e-06,-0.262745112,0.3264772,-0.3264772,-0.27184701,0.3264772,-0.3264772,0,0.24475196,-0.236987665,-0,-0,0,1.67992735,-1.67992735,1.67992735,1.67992735,-1.67992735,1.67992735,0.134019405,0.524652302,0.324463934,0.99999994,-2.02658211e-05,1.97067529e-05,-0.000314881239,-1.03110821e-07,-0.00554814935,0.104734972,0.00776429474,-1.44297275e-07,2.63109163e-17,0,0,0,0,0,0,0,0,0,0,1.11170596e-06,0.0335810035,0.0063400832,-1.6099699e-06,-0.0335889645,0.00629778206,0,0,0,0,0,0,0,0,0,0,0,0,0,2.35137534,0,0
96,-0.277781069,-0.271104604,0.542435408,-0.277787954,0.277777225,5.98695578e-06,-0.262745112,0.3264772,-0.3264772,-0.27184701,0.3264772,-0.3264772,0,0.241458699,-0.240679651,-0,-0,0,0,-0,0,0,-0,0,0.134010524,0.524586797,0.326092124,0.99999994,-2.62205413e-05,1.58524745e-06,-0.000291039352,-7.57247065e-08,-0.004074567,0.102624662,0.000779047608,-1.44783847e-08,-1.33604045e-17,0,0,0,0,0,0,0,0,0,0,1.74107163e-06,0.0335813053,0.00633848179,-1.7813328e-06,-0.0335886627,0.00629938347,0,0,0,0,0,0,0,0,0,0,0,0,0,2.36085391,0,0
97,-0.277779043,-0.27042082,0.541059256,-0.277783722,0.277766496,3.87887303e-06,-0.262745112,0.3264772,-0.3264772,-0.27184701,0.3264772,-0.3264772,0,0.23752892,-0.242522091,-0,-0,0,0,-0,0,0,-0,0,0.13401936,0.524532616,0.327734143,0.99999994,-1.45468375e-05,3.18644779e-05,-0.000290801167,-2.06885744e-08,-0.00289730285,0.100363925,-0.0049931705,3.5654395e-08,0,0,0,0,0,0,0,0,0,0,0,5.73735804e-07,0.033581309,0.00633846596,-1.37924076e-06,-0.033588659,0.00629939977,0,0,0,0,0,0,0,0,0,0,0,0,0,2.37024379,0,0
98,-0.277781069,-0.269646734,0.539513111,-0.277787954,0.277766496,3.87887303e-06,-0.262745112,0.3264772,-0.3264772,-0.27184701,0.3264772,-0.3264772,0,0.242591336,-0.243411541,-0,-0,0,0,-0,0,0,-0,0,0.134025365,0.524442911,0.329590917,0.99999994,-2.02685933e-05,3.1866155e-05,-0.000281741057,-8.40991419e-08,-0.00452517532,0.102910466,-0.000820204616,1.52432769e-08,-1.35120549e-17,0,0,0,0,0,0,0,0,0,0,9.58045575e-07,0.0335814245,0.00633785734,-1.76363039e-06,-0.0335885435,0.00630000839,0,0,0,0,0,0,0,0,0,0,0,0,0,2.37954617,0,0
99,-0.277776837,-0.268942207,0.538105905,-0.277790129,0.277770817,8.17936234e-06,-0.262745112,0.3264772,-0.3264772,-0.27184701,0.3264772,-0.3264772,0,0.246442735,-0.247515157,-0,-0,0,0,-0,0,0,-0,0,0.134006903,0.524361134,0.331281453,0.99999994,-2.05035158e-05,1.97001173e-05,-0.000278165244,2.60305733e-08,-0.00495147612,0.104500391,-0.00107242167,-5.63786395e-09,-1.37398513e-17,0,0,0,0,0,0,0,0,0,0,1.12781311e-06,0.0335814692,0.00633761706,-1.6258922e-06,-0.0335884988,0.00630024821,0,0,0,0,0,0,0,0,0,0,0,0,0,2.38876271,0,0
100,-0.277776837,-0.268230945,0.536698699,-0.277781636,0.277768701,8.17936234e-06,-0.262745112,0.3264772,-0.3264772,-0.27184701,0.3264772,-0.3264772,0,0.246304989,-0.247261286,-0,-0,0,0,-0,0,0,-0,0,0.134009823,0.524277747,0.33299768,0.99999994,-2.05063498e-05,2.56594012e-05,-0.000323941757,2.83846937e-08,-0.00539927185,0.104431652,-0.000956296921,-5.02738073e-09,1.37257586e-17,0,0,0,0,0,0,0,0,0,0,1.05248864e-06,0.0335808881,0.00634069182,-1.70121666e-06,-0.0335890763,0.00629717344,0,0,0,0,0,0,0,0,0,0,0,0,0,2.39789534,0,0
101,-0.277781069,-0.267441183,0.535130322,-0.27777952,0.27776441,3.87887303e-06,-0.262745112,0.3264772,-0.3264772,-0.27184701,0.3264772,-0.3264772,0,0.24734436,-0.244541153,-0,-0,0,0,-0,0,0,-0,0,0.134028271,0.524166167,0.334897101,0.99999994,-2.02726897e-05,3.7826514e-05,-0.000345637265,-1.27707494e-07,-0.00687163742,0.105221644,0.00280320644,-5.20968193e-08,-1.35747609e-17,0,0,0,0,0,0,0,0,0,0,8.82702921e-07,0.0335806124,0.00634214887,-1.83897293e-06,-0.0335893482,0.00629571592,0,0,0,0,0,0,0,0,0,0,0,0,0,2.40694499,0,0
102,-0.277783096,-0.266746253,0.533721805,-0.277785838,0.277775019,5.98695578e-06,-0.262745112,0.3264772,-0.3264772,-0.27184701,0.3264772,-0.3264772,0,0.246696562,-0.253050148,-0,-0,0,0,-0,0,0,-0,0,0.134019554,0.524062812,0.336555272,0.99999994,-3.19444734e-05,7.78577578e-06,-0.000301291351,-1.46553475e-07,-0.00488042785,0.104007825,-0.00635358691,1.90790686e-07,-1.40471051e-17,0,0,0,0,0,0,0,0,0,0,2.04703451e-06,0.0335811749,0.0063391705,-2.24406904e-06,-0.0335887931,0.00629869476,0,0,0,0,0,0,0,0,0,0,0,0,0,2.41591382,0,0
103,-0.277781069,-0.266042173,0.532319307,-0.277787954,0.277768701,8.17936234e-06,-0.152941182,0.22616528,-0.22616528,-0.163398698,0.22616528,-0.22616528,0,0.243919134,-0.249063581,-0,-0,0,2.19851518,-2.19851518,2.19851518,2.19851518,-2.19851518,2.19851518,0.13402231,0.523950219,0.338244379,0.99999994,-3.2426753e-05,2.56635467e-05,-0.000303437468,-1.02845092e-07,-0.00553385075,0.1029239,-0.00514444709,9.56081294e-08,2.76516122e-17,0,0,0,0,0,0,0,0,0,0,1.76894162e-06,0.0315326042,0.00539004523,-2.32049911e-06,-0.0315391235,0.00535176834,0,0,0,0,0,0,0,0,0,0,0,0,0,2.42480278,0,0
104,-0.277783096,-0.265247583,0.530729294,-0.277794272,0.277772903,3.87887303e-06,-0.152941182,0.22616528,-0.22616528,-0.163398698,0.22616528,-0.22616528,0,0.255015105,-0.249978736,-0,-0,0,0,-0,0,0,-0,0,0.134022459,0.523809373,0.340145677,0.99999994,-2.59855715e-05,1.37479674e-05,-0.000284363574,-2.69827638e-07,-0.00898562372,0.108612187,0.00503636897,-1.51236193e-07,-1.38766074e-17,0,0,0,0,0,0,0,0,0,0,1.49095104e-06,0.0315328129,0.00538884243,-1.7864661e-06,-0.0315389186,0.00535297161,0,0,0,0,0,0,0,0,0,0,0,0,0,2.4336133,0,0
105,-0.277781069,-0.264544845,0.529283643,-0.277783722,0.27776441,3.87887303e-06,-0.152941182,0.22616528,-0.22616528,-0.163398698,0.22616528,-0.22616528,0,0.252781481,-0.250876546,-0,-0,0,0,-0,0,0,-0,0,0.134028271,0.523719251,0.34182477,0.99999994,-2.02693536e-05,3.78266595e-05,-0.000257422391,-1.58492966e-07,-0.00852813106,0.107321702,0.00190493464,-3.54026852e-08,-2.78528918e-17,0,0,0,0,0,0,0,0,0,0,8.71426209e-07,0.0315331034,0.00538714323,-1.68419228e-06,-0.0315386318,0.00535467081,0,0,0,0,0,0,0,0,0,0,0,0,0,2.44234705,0,0
106,-0.277781069,-0.263831794,0.527880549,-0.277787954,0.277772903,-3.90697124e-07,-0.152941182,0.22616528,-0.22616528,-0.163398698,0.22616528,-0.22616528,0,0.248354957,-0.249592736,1.44919466e-06,-0,0,0,-0,0,0,-0,0,0.134016469,0.523572326,0.34353745,0.99999994,-8.19151228e-06,1.37497063e-05,-0.000277926185,-1.48540892e-07,-0.00799263362,0.105099365,-0.00123633072,2.29768649e-08,4.15587702e-23,0,0,0,0,0,0,0,0,0,0,3.6869065e-07,0.0315328799,0.00538843637,-6.64133154e-07,-0.0315388516,0.00535337767,0,0,0,0,0,0,0,0,0,0,0,0,0,2.45100498,0,0
107,-0.277776837,-0.263031304,0.526269257,-0.277785838,0.277766496,8.17936234e-06,-0.152941182,0.22616528,-0.22616528,-0.163398698,0.22616528,-0.22616528,0,0.252856821,-0.251745969,3.12548706e-17,-0,0,0,-0,0,0,-0,0,0.134012863,0.523426831,0.345453233,0.99999994,-2.05066171e-05,3.18596904e-05,-0.000269344077,4.85783751e-08,-0.00924046803,0.107201636,0.00111085176,5.83989612e-09,-1.39747086e-17,0,0,0,0,0,0,0,0,0,0,9.50556569e-07,0.0315329731,0.00538789527,-1.6351371e-06,-0.0315387584,0.00535391923,0,0,0,0,0,0,0,0,0,0,0,0,0,2.45958877,0,0
108,-0.277774662,-0.262313962,0.524853349,-0.277792156,0.277766496,3.87887303e-06,-0.152941182,0.22616528,-0.22616528,-0.163398698,0.22616528,-0.22616528,0,0.247557878,-0.25164023,1.03238843e-26,-0,0,0,-0,0,0,-0,0,0.134006381,0.523264825,0.347172648,0.99999994,-2.14866122e-06,3.18611274e-05,-0.000277926942,1.43441554e-07,-0.00812474452,0.104402557,-0.00408235192,-7.20735116e-08,1.39688389e-17,0,0,0,0,0,0,0,0,0,0,-2.0729145e-07,0.0315328799,0.00538843637,-4.7721403e-07,-0.0315388516,0.00535337767,0,0,0,0,0,0,0,0,0,0,0,0,0,2.46809959,0,0
109,-0.277774662,-0.26159218,0.523437679,-0.277785838,0.277768701,1.77078982e-06,-0.152941182,0.22616528,-0.22616528,-0.163398698,0.22616528,-0.22616528,0,0.246363863,-0.249367371,3.41010954e-36,-0,0,0,-0,0,0,-0,0,0.134003341,0.523106933,0.348911911,0.99999994,3.81205086e-06,2.56631047e-05,-0.000335385557,1.55137315e-07,-0.0087872101,0.103966594,-0.00300350785,-5.30266284e-08,-1.38426699e-17,0,0,0,0,0,0,0,0,0,0,-5.16630109e-07,0.0315322615,0.00539206015,-3.46790578e-08,-0.0315394662,0.00534975342,0,0,0,0,0,0,0,0,0,0,0,0,0,2.47653842,0,0
110,-0.277781069,-0.260793716,0.521848381,-0.277781636,0.277760178,3.87887303e-06,-0.152941182,0.22616528,-0.22616528,-0.163398698,0.22616528,-0.22616528,0,0.25454995,-0.24743709,0.000123669117,-0,0,0,-0,0,0,-0,0,0.134034097,0.522925079,0.350826949,0.99999994,-2.02774263e-05,4.97474211e-05,-0.000358035031,-2.26952963e-07,-0.0122118015,0.108407468,0.00723652961,-1.34488914e-07,-1.37259778e-17,0,0,0,0,0,0,0,0,0,0,7.4335361e-07,0.0315320157,0.00539348833,-1.81226471e-06,-0.0315397084,0.00534832431,0,0,0,0,0,0,0,0,0,0,0,0,0,2.48490667,0,0
111,-0.277779043,-0.26008901,0.520427704,-0.277787954,0.277770817,5.98695578e-06,-0.152941182,0.22616528,-0.22616528,-0.163398698,0.22616528,-0.22616528,0,0.250589728,-0.250349075,6.24885215e-05,-0,0,0,-0,0,0,-0,0,0.134013385,0.522756755,0.352505654,0.99999994,-2.05044234e-05,1.97029512e-05,-0.000324179797,-7.63315811e-08,-0.0106897503,0.105998553,0.000303142268,-2.16462759e-09,1.38919144e-17,0,0,0,0,0,0,0,0,0,0,1.08112988e-06,0.0315323807,0.00539135328,-1.50456356e-06,-0.031539347,0.0053504603,0,0,0,0,0,0,0,0,0,0,0,0,0,2.49320555,0,0
112,-0.277781069,-0.259390831,0.518994868,-0.277785838,0.27776441,5.98695578e-06,-0.0352941193,0.118688241,-0.118688241,-0.0472040661,0.118688241,-0.118688241,0,0.244357198,-0.250169724,4.01677389e-05,-0,0,2.63761115,-2.63761115,2.63761115,2.63761115,-2.63761115,2.63761115,0.134028241,0.522602439,0.354165822,0.99999994,-2.62306203e-05,3.78249642e-05,-0.000278641877,-1.72067999e-07,-0.00925857108,0.102714635,-0.00577235781,1.07277685e-07,1.38880928e-17,0,0,0,0,0,0,0,0,0,0,1.20013601e-06,0.0292981919,0.00446221465,-1.87292801e-06,-0.0293031465,0.0044295569,0,0,0,0,0,0,0,0,0,0,0,0,0,2.501436,0,0
113,-0.277783096,-0.25860104,0.517405212,-0.27779007,0.277768701,3.87887303e-06,-0.0352941193,0.118688241,-0.118688241,-0.0472040661,0.118688241,-0.118688241,0,0.24726139,-0.2482218,4.98704067e-05,-0,0,0,-0,0,0,-0,0,0.134028271,0.522398055,0.356047958,0.99999994,-2.59881399e-05,2.56687672e-05,-0.000252415426,-3.33817439e-07,-0.0111165699,0.10437791,-0.000910539238,2.73424146e-08,-5.70434333e-22,0,0,0,0,0,0,0,0,0,0,1.29426121e-06,0.0292984247,0.00446067797,-1.7508595e-06,-0.0293029137,0.00443109404,0,0,0,0,0,0,0,0,0,0,0,0,0,2.50959921,0,0
114,-0.277779043,-0.257887185,0.515976071,-0.277796388,0.277770817,1.77078982e-06,-0.0352941193,0.118688241,-0.118688241,-0.0472040661,0.118688241,-0.118688241,0,0.247829929,-0.249709174,4.56758171e-05,-0,0,0,-0,0,0,-0,0,0.134013385,0.522203803,0.357749224,1,-8.58169096e-06,1.97069476e-05,-0.000232626815,-8.08779248e-08,-0.0113264369,0.104479089,-0.00183356926,1.30928441e-08,-1.38606437e-17,0,0,0,0,0,0,0,0,0,0,3.27382537e-07,0.0292986017,0.00445951847,-6.77877438e-07,-0.0293027386,0.00443225354,0,0,0,0,0,0,0,0,0,0,0,0,0,2.51769638,0,0
115,-0.277776837,-0.257171094,0.514550686,-0.27777943,0.277779311,3.87887303e-06,-0.0352941193,0.118688241,-0.118688241,-0.0472040661,0.118688241,-0.118688241,0,0.247243077,-0.248823792,5.69300246e-05,-0,0,0,-0,0,0,-0,0,0.133995116,0.522029519,0.359470397,0.99999994,-8.33741888e-06,-4.3769387e-06,-0.00029008562,6.20207672e-08,-0.0117974496,0.104213558,-0.00152378518,-8.01074229e-09,1.38118838e-17,0,0,0,0,0,0,0,0,0,0,5.27555585e-07,0.0292980894,0.0044628852,-4.49761131e-07,-0.029303249,0.00442888634,0,0,0,0,0,0,0,0,0,0,0,0,0,2.5257287,0,0
116,-0.277779043,-0.25635308,0.512942493,-0.277783722,0.277762294,3.87887303e-06,-0.0352941193,0.118688241,-0.118688241,-0.0472040661,0.118688241,-0.118688241,0,0.257205993,-0.251726687,4.7864949e-05,-0,0,0,-0,0,0,-0,0,0.134025186,0.521777213,0.361427933,0.99999994,-1.45514623e-05,4.37852104e-05,-0.000317265716,-1.04488521e-07,-0.0146329505,0.109063037,0.00552717084,-3.94674977e-08,3.06182161e-22,0,0,0,0,0,0,0,0,0,0,4.62552038e-07,0.0292978473,0.00446447777,-1.24129042e-06,-0.0293034893,0.00442729332,0,0,0,0,0,0,0,0,0,0,0,0,0,2.53369689,0,0
117,-0.277783096,-0.255647719,0.511508286,-0.27779007,0.277772903,8.17936234e-06,-0.0352941193,0.118688241,-0.118688241,-0.0472040661,0.118688241,-0.118688241,0,0.257348686,-0.25650236,5.58929823e-05,-0,0,0,-0,0,0,-0,0,0.1340224,0.521566927,0.363100082,0.99999994,-3.81446698e-05,1.37446568e-05,-0.000266243907,-4.16342232e-07,-0.0138647566,0.10860797,0.000902219326,-2.70925788e-08,1.64224079e-21,0,0,0,0,0,0,0,0,0,0,2.11280985e-06,0.0292983018,0.00446148822,-2.35741913e-06,-0.0293030366,0.00443028379,0,0,0,0,0,0,0,0,0,0,0,0,0,2.5416019,0,0
118,-0.277783096,-0.254928023,0.510087311,-0.277787954,0.277766496,3.87887303e-06,-0.0352941193,0.118688241,-0.118688241,-0.0472040661,0.118688241,-0.118688241,0,0.249764428,-0.255255133,4.97177607e-05,-0,0,0,-0,0,0,-0,0,0.134031266,0.521342814,0.364822179,0.99999994,-2.59911631e-05,3.18678358e-05,-0.000298191764,-3.67561171e-07,-0.0122402813,0.104721837,-0.00544098765,1.63386417e-07,1.41701019e-17,0,0,0,0,0,0,0,0,0,0,1.2391298e-06,0.0292980168,0.00446336018,-1.80599079e-06,-0.0293033198,0.00442841137,0,0,0,0,0,0,0,0,0,0,0,0,0,2.54944515,0,0
119,-0.277787477,-0.254133612,0.508479774,-0.277783722,0.277768701,5.98695578e-06,0.0431372561,0.0470368788,-0.0470368788,0.0302590169,0.0470368788,-0.0470368788,0,0.253512949,-0.254760355,6.52507297e-05,-0,0,1.68250906,-1.68250906,1.68250906,1.68250906,-1.68250906,1.68250906,0.134041145,0.521102846,0.366712034,0.99999994,-4.43471727e-05,2.5670719e-05,-0.000283648085,-7.69141877e-07,-0.014029203,0.106663361,-0.00118215522,6.48108909e-08,1.4137056e-17,0,0,0,0,0,0,0,0,0,0,2.26496695e-06,0.0277874395,0.00389791257,-2.66379243e-06,-0.0277918447,0.00386638264,0,0,0,0,0,0,0,0,0,0,0,0,0,2.55722737,0,0
120,-0.277783096,-0.253421754,0.507041872,-0.277794272,0.27776441,-3.90697124e-07,0.0431372561,0.0470368788,-0.0470368788,0.0302590169,0.0470368788,-0.0470368788,0,0.257288933,-0.254778117,6.45867767e-05,-0,0,0,-0,0,0,-0,0,0.134034172,0.520865977,0.368397146,1,-1.39185822e-05,3.78308614e-05,-0.000233818268,-4.70213394e-07,-0.0156587381,0.108569451,0.00257540261,-7.73362885e-08,-2.14977133e-21,0,0,0,0,0,0,0,0,0,0,4.79338041e-07,0.0277878288,0.00389514328,-1.06684865e-06,-0.0277914591,0.0038691524,0,0,0,0,0,0,0,0,0,0,0,0,0,2.56494927,0,0
121,-0.277776837,-0.252706349,0.505604327,-0.27779007,0.277770817,8.17936234e-06,0.0431372561,0.0470368788,-0.0470368788,0.0302590169,0.0470368788,-0.0470368788,0,0.247819528,-0.249832422,0.000101079946,-0,0,0,-0,0,0,-0,0,0.134006917,0.520639837,0.3701002,1,-2.05026899e-05,1.97011977e-05,-0.000236203574,7.54107674e-08,-0.0143444641,0.10407567,-0.00191181363,-1.00506599e-08,1.45208204e-21,0,0,0,0,0,0,0,0,0,0,9.86262762e-07,0.0277878102,0.00389527576,-1.29226987e-06,-0.0277914777,0.00386901968,0,0,0,0,0,0,0,0,0,0,0,0,0,2.57261229,0,0
122,-0.277781069,-0.251886398,0.503966451,-0.277783722,0.277772903,8.17936234e-06,0.0431372561,0.0470368788,-0.0470368788,0.0302590169,0.0470368788,-0.0470368788,0,0.253162295,-0.251708537,0.000118172051,-0,0,0,-0,0,0,-0,0,0.13401641,0.520361602,0.372054547,0.99999994,-3.24224966e-05,1.37432626e-05,-0.00025694567,-2.9847422e-07,-0.0160601903,0.106599808,0.00157192932,-2.9213874e-08,1.39612851e-17,0,0,0,0,0,0,0,0,0,0,1.69505165e-06,0.0277876481,0.0038964285,-1.90859441e-06,-0.0277916379,0.0038678667,0,0,0,0,0,0,0,0,0,0,0,0,0,2.58021688,0,0
123,-0.277781069,-0.251159847,0.50255388,-0.277794272,0.277766496,1.77078982e-06,0.0431372561,0.0470368788,-0.0470368788,0.0302590169,0.0470368788,-0.0470368788,0,0.253923059,-0.254938185,9.98279866e-05,-0,0,0,-0,0,0,-0,0,0.134025276,0.520071924,0.373786867,0.99999994,-1.43082134e-05,3.18678467e-05,-0.000284363487,-2.95587512e-07,-0.0159048643,0.106605753,-0.000915298704,1.70105743e-08,1.41466463e-17,0,0,0,0,0,0,0,0,0,0,5.47273714e-07,0.0277874339,0.00389795238,-1.04219964e-06,-0.0277918503,0.00386634283,0,0,0,0,0,0,0,0,0,0,0,0,0,2.58776402,0,0
124,-0.277779043,-0.25044632,0.501120031,-0.277787954,0.277772903,5.98695578e-06,0.0431372561,0.0470368788,-0.0470368788,0.0302590169,0.0470368788,-0.0470368788,0,0.248472303,-0.253245652,9.91160341e-05,-0,0,0,-0,0,0,-0,0,0.134010449,0.519824445,0.375483513,0.99999994,-2.05020588e-05,1.3742907e-05,-0.000292708457,-1.07104526e-07,-0.0149993058,0.103875369,-0.00467423256,3.33769776e-08,1.40467179e-17,0,0,0,0,0,0,0,0,0,0,1.03251568e-06,0.0277873687,0.00389841618,-1.24601684e-06,-0.0277919155,0.00386587903,0,0,0,0,0,0,0,0,0,0,0,0,0,2.59525466,0,0
125,-0.277783096,-0.249649704,0.499516875,-0.277783722,0.277768701,3.87887303e-06,0.113725491,-0.0174493454,0.0174493454,0.0999757946,-0.0174493454,0.0174493454,0,0.256000817,-0.25443396,0.000114486822,-0,0,1.51570511,-1.51570511,1.51570511,1.51570511,-1.51570511,1.51570511,0.134028181,0.519532382,0.377374083,0.99999994,-2.59891203e-05,2.56689218e-05,-0.000290562399,-5.29295335e-07,-0.0176262464,0.107594803,0.00168134389,-5.04887687e-08,1.72536345e-21,0,0,0,0,0,0,0,0,0,0,1.19750666e-06,0.0264146086,0.00342678768,-1.54788131e-06,-0.0264185742,0.003396085,0,0,0,0,0,0,0,0,0,0,0,0,0,2.60268974,0,0
126,-0.277781069,-0.248938024,0.498110354,-0.277798504,0.277768701,1.77078982e-06,0.113725491,-0.0174493454,0.0174493454,0.0999757946,-0.0174493454,0.0174493454,0,0.254700929,-0.249291375,0.000104567065,-0,0,0,-0,0,0,-0,0,0.134022221,0.519232154,0.379058778,0.99999994,-1.43061507e-05,2.56689145e-05,-0.000272681005,-3.52579548e-07,-0.0189714693,0.107361995,0.00551412068,-1.0247841e-07,4.22310115e-21,0,0,0,0,0,0,0,0,0,0,5.80307415e-07,0.0264147315,0.00342584308,-9.30632154e-07,-0.0264184512,0.00339702982,0,0,0,0,0,0,0,0,0,0,0,0,0,2.61006975,0,0
127,-0.277774662,-0.248228863,0.496687323,-0.277783722,0.27776441,5.98695578e-06,0.113725491,-0.0174493454,0.0174493454,0.0999757946,-0.0174493454,0.0174493454,0,0.248024479,-0.254172474,0.000136328119,-0,0,0,-0,0,0,-0,0,0.134009376,0.518979311,0.380746961,0.99999994,-8.11190966e-06,3.78191653e-05,-0.000307729613,2.80917192e-07,-0.0159115698,0.103342138,-0.00601166766,-1.06135388e-07,-1.41021424e-17,0,0,0,0,0,0,0,0,0,0,1.69910734e-07,0.0264144912,0.00342769455,-6.86015596e-07,-0.0264186896,0.00339517789,0,0,0,0,0,0,0,0,0,0,0,0,0,2.61739588,0,0
128,-0.277787477,-0.247523069,0.495253474,-0.277783722,0.277762294,5.98695578e-06,0.113725491,-0.0174493454,0.0174493454,0.0999757946,-0.0174493454,0.0174493454,0,0.253039032,-0.25424692,0.000131062698,-0,0,0,-0,0,0,-0,0,0.134049892,0.518693388,0.382412702,0.99999994,-4.43519893e-05,4.37904528e-05,-0.000276256935,-9.85591782e-07,-0.0179772638,0.105864033,-0.00107682543,5.90362532e-08,-4.433472e-21,0,0,0,0,0,0,0,0,0,0,2.0437576e-06,0.0264147073,0.00342603191,-2.6414782e-06,-0.0264184754,0.00339684077,0,0,0,0,0,0,0,0,0,0,0,0,0,2.6246686,0,0
129,-0.277779043,-0.246715426,0.493647277,-0.277792156,0.27776441,-3.90697124e-07,0.113725491,-0.0174493454,0.0174493454,0.0999757946,-0.0174493454,0.0174493454,0,0.247895792,-0.24725534,0.000127184321,-0,0,0,-0,0,0,-0,0,0.134022236,0.518349469,0.384322435,0.99999994,-2.47568119e-06,3.7828333e-05,-0.000265289971,-1.32539199e-07,-0.0185612682,0.103811227,0.000767636229,-5.48140822e-09,1.37181825e-17,0,0,0,0,0,0,0,0,0,0,-1.27834483e-07,0.0264147818,0.00342545263,-3.88370324e-07,-0.0264184009,0.00339742028,0,0,0,0,0,0,0,0,0,0,0,0,0,2.63188887,0,0
130,-0.277779043,-0.245466009,0.491170883,-0.277787954,0.277766496,1.77078982e-06,0.192156866,-0.089100711,0.089100711,0.17743887,-0.089100711,0.089100711,0,0.253129721,-0.246476963,0.000192993786,-0,0,1.00842822,-1.00842822,1.00842822,1.00842822,-1.00842822,1.00842822,0.134019315,0.517810822,0.387285829,0.99999994,-8.58695057e-06,3.18661841e-05,-0.000308920775,-1.51782288e-07,-0.0212561414,0.106472678,0.00684575131,-4.88829954e-08,-7.08291898e-21,0,0,0,0,0,0,0,0,0,0,2.40032534e-07,0.0248756986,0.00294490275,-6.1347572e-07,-0.0248793196,0.00291416189,0,0,0,0,0,0,0,0,0,0,0,0,0,2.6390574,0,0
131,-0.277781069,-0.245196939,0.490654141,-0.277777344,0.277770817,3.87887303e-06,0.192156866,-0.089100711,0.089100711,0.17743887,-0.089100711,0.089100711,0,0.248483077,-0.245895267,0.000304001383,-0,0,0,-0,0,0,-0,0,0.134019271,0.517697036,0.387933701,0.99999994,-2.02668907e-05,1.9706662e-05,-0.000369153247,-3.71348364e-07,-0.019981375,0.104106739,0.00289181154,-5.37435199e-08,-1.36443425e-17,0,0,0,0,0,0,0,0,0,0,8.92511196e-07,0.0248753447,0.00294789928,-1.12352416e-06,-0.0248796698,0.00291116489,0,0,0,0,0,0,0,0,0,0,0,0,0,2.64617491,0,0
132,-0.277779043,-0.244507417,0.489259094,-0.277783722,0.277768701,5.98695578e-06,0.192156866,-0.089100711,0.089100711,0.17743887,-0.089100711,0.089100711,0,0.25189501,-0.244264811,0.00020577696,-0,0,0,-0,0,0,-0,0,0.134016275,0.517389655,0.389554024,0.99999994,-2.05064662e-05,2.56633575e-05,-0.000328471389,-1.56981386e-07,-0.02198424,0.105948515,0.00783597585,-5.59538265e-08,-2.7098963e-17,0,0,0,0,0,0,0,0,0,0,8.69477503e-07,0.0248755831,0.00294587528,-1.17028299e-06,-0.0248794332,0.00291318912,0,0,0,0,0,0,0,0,0,0,0,0,0,2.65324187,0,0
133,-0.277779043,-0.243816733,0.487897784,-0.277787954,0.277770817,5.98695578e-06,0.192156866,-0.089100711,0.089100711,0.17743887,-0.089100711,0.089100711,0,0.240734026,-0.248058096,0.000180784875,-0,0,0,-0,0,0,-0,0,0.134013355,0.51706183,0.39118737,0.99999994,-2.05048309e-05,1.97026729e-05,-0.000344922213,-1.25642458e-07,-0.0175954252,0.0997181833,-0.00714328466,5.10075715e-08,-4.50816917e-22,0,0,0,0,0,0,0,0,0,0,9.04399599e-07,0.0248754863,0.00294669392,-1.135361e-06,-0.0248795282,0.00291237049,0,0,0,0,0,0,0,0,0,0,0,0,0,2.66025949,0,0
134,-0.277783096,-0.243044496,0.486315876,-0.277787954,0.277760178,1.77078982e-06,0.192156866,-0.089100711,0.089100711,0.17743887,-0.089100711,0.089100711,0,0.247085378,-0.250093758,0.000138895906,-0,0,0,-0,0,0,-0,0,0.134039894,0.516716123,0.392997831,0.99999994,-2.00357226e-05,4.97509427e-05,-0.000291992503,-5.91293485e-07,-0.0196908675,0.102705814,-0.00286948471,8.61672262e-08,-1.38743335e-17,0,0,0,0,0,0,0,0,0,0,7.04626814e-07,0.0248757992,0.0029440606,-1.2876834e-06,-0.0248792209,0.00291500427,0,0,0,0,0,0,0,0,0,0,0,0,0,2.66722822,0,0
135,-0.277779043,-0.242361397,0.48488307,-0.277783722,0.277772903,-3.90697124e-07,0.192156866,-0.089100711,0.089100711,0.17743887,-0.089100711,0.089100711,0,0.249864668,-0.246831983,0.000115210154,-0,0,0,-0,0,0,-0,0,0.134010419,0.516429245,0.394590914,1,-2.46852937e-06,1.37477973e-05,-0.000209738544,-1.5638669e-07,-0.0219009575,0.10438434,0.00314789452,-2.24779573e-08,-1.36947046e-17,0,0,0,0,0,0,0,0,0,0,4.21259934e-08,0.0248762835,0.00293996814,-2.03230556e-07,-0.0248787403,0.00291909697,0,0,0,0,0,0,0,0,0,0,0,0,0,2.67414856,0,0
136,-0.277783096,-0.241640255,0.483466417,-0.277785838,0.277768701,3.87887303e-06,0.262745112,-0.153586939,0.153586939,0.247155651,-0.153586939,0.153586939,0,0.251160324,-0.251203924,0.000114814793,-0,0,1.56515014,-1.56515014,1.56515014,1.56515014,-1.56515014,1.56515014,0.134028077,0.516064346,0.396294713,1,-2.59878234e-05,2.56687163e-05,-0.00024001766,-6.49682818e-07,-0.0216353126,0.104529217,7.12139954e-05,-2.13847184e-09,-1.39310318e-17,0,0,0,0,0,0,0,0,0,0,1.09008533e-06,0.0234799795,0.00254439516,-1.35023674e-06,-0.0234824102,0.00252185157,0,0,0,0,0,0,0,0,0,0,0,0,0,2.68102145,0,0
137,-0.277779043,-0.240832016,0.481863618,-0.277785838,0.277766496,8.17936234e-06,0.262745112,-0.153586939,0.153586939,0.247155651,-0.153586939,0.153586939,0,0.255482167,-0.253995001,9.18378646e-05,-0,0,0,-0,0,0,-0,0,0.1340193,0.515663207,0.398199707,0.99999994,-2.67051819e-05,3.18615566e-05,-0.000259330292,-1.63489787e-07,-0.0228957012,0.106376514,0.00157900352,-1.1275084e-08,-2.69836898e-21,0,0,0,0,0,0,0,0,0,0,1.09229757e-06,0.0234798808,0.00254530204,-1.41520479e-06,-0.023482509,0.00252094446,0,0,0,0,0,0,0,0,0,0,0,0,0,2.68784738,0,0
138,-0.277783096,-0.240106925,0.480443925,-0.27779007,0.27776441,5.98695578e-06,0.262745112,-0.153586939,0.153586939,0.247155651,-0.153586939,0.153586939,0,0.250904262,-0.248634532,9.1977563e-05,-0,0,0,-0,0,0,-0,0,0.134034008,0.51527667,0.399909943,0.99999994,-3.19531173e-05,3.78265358e-05,-0.000290562573,-6.94375615e-07,-0.0231236424,0.104459748,0.00236170762,-7.09192847e-08,-2.75980242e-17,0,0,0,0,0,0,0,0,0,0,1.30839305e-06,0.0234797224,0.00254676864,-1.69176428e-06,-0.0234826654,0.00251947762,0,0,0,0,0,0,0,0,0,0,0,0,0,2.69462729,0,0
139,-0.277779043,-0.239383936,0.47902292,-0.277783722,0.277770817,5.98695578e-06,0.262745112,-0.153586939,0.153586939,0.247155651,-0.153586939,0.153586939,0,0.248251691,-0.256322771,0.000260957808,-0,0,0,-0,0,0,-0,0,0.13401334,0.5149073,0.401618123,0.99999994,-2.05048073e-05,1.97026893e-05,-0.00034373012,-1.4702232e-07,-0.0205895379,0.102250576,-0.00781012187,5.57692097e-08,-2.84240864e-17,0,0,0,0,0,0,0,0,0,0,8.62782429e-07,0.0234794505,0.00254926551,-1.06249115e-06,-0.0234829336,0.00251698052,0,0,0,0,0,0,0,0,0,0,0,0,0,2.70136118,0,0
140,-0.277783096,-0.238579825,0.477441341,-0.277783722,0.277772903,-3.90697124e-07,0.262745112,-0.153586939,0.153586939,0.247155651,-0.153586939,0.153586939,0,0.255173951,-0.255831003,0.000245737814,-0,0,0,-0,0,0,-0,0,0.134022191,0.514472544,0.403511852,0.99999994,-1.39149797e-05,1.37529642e-05,-0.000381399761,-7.09845381e-07,-0.0236388072,0.105754651,-0.000411313988,1.2351272e-08,1.23623273e-20,0,0,0,0,0,0,0,0,0,0,5.8353163e-07,0.0234792586,0.00255103433,-7.22937216e-07,-0.0234831236,0.00251521147,0,0,0,0,0,0,0,0,0,0,0,0,0,2.70805025,0,0
141,-0.277781069,-0.237882048,0.476014942,-0.277785838,0.277768701,1.77078982e-06,0.262745112,-0.153586939,0.153586939,0.247155651,-0.153586939,0.153586939,0,0.255288631,-0.250515252,0.000188047823,-0,0,0,-0,0,0,-0,0,0.134022132,0.514112115,0.405137151,0.99999994,-1.43076686e-05,2.56691674e-05,-0.000331808813,-4.73721229e-07,-0.0254898164,0.106243491,0.00496142637,-9.220674e-08,1.39031078e-17,0,0,0,0,0,0,0,0,0,0,5.41451982e-07,0.023479512,0.00254870555,-8.01592762e-07,-0.023482874,0.00251754047,0,0,0,0,0,0,0,0,0,0,0,0,0,2.71469474,0,0
142,-0.277774662,-0.237182677,0.474571317,-0.277787954,0.277772903,1.77078982e-06,0.262745112,-0.153586939,0.153586939,0.247155651,-0.153586939,0.153586939,0,0.248100892,-0.251080275,0.000151797576,-0,0,0,-0,0,0,-0,0,0.133997664,0.513753474,0.406760782,0.99999994,3.81705195e-06,1.37431862e-05,-0.000262429297,4.09541428e-07,-0.02319704,0.102394469,-0.00282758521,-4.9920736e-08,-5.5874661e-21,0,0,0,0,0,0,0,0,0,0,-2.49048583e-07,0.023479864,0.00254544755,1.09805974e-07,-0.0234825239,0.00252079894,0,0,0,0,0,0,0,0,0,0,0,0,0,2.72129536,0,0
143,-0.277781069,-0.236387596,0.472964108,-0.277781636,0.27776441,5.98695578e-06,0.34117648,-0.225238293,0.225238293,0.324618727,-0.225238293,0.225238293,0,0.251849353,-0.25564155,0.000142545745,-0,0,1.68866611,-1.68866611,1.68866611,1.68866611,-1.68866611,1.68866611,0.134028077,0.513325453,0.408619285,0.99999994,-2.62297726e-05,3.78251352e-05,-0.000256230531,-4.42638282e-07,-0.0238173176,0.103753068,-0.00364965084,6.78277559e-08,1.41864122e-17,0,0,0,0,0,0,0,0,0,0,9.87909402e-07,0.0219173934,0.00214567268,-1.31090883e-06,-0.0219195802,0.00212320779,0,0,0,0,0,0,0,0,0,0,0,0,0,2.72785282,0,0
144,-0.277781069,-0.235663757,0.471510738,-0.277787954,0.27776441,5.98695578e-06,0.34117648,-0.225238293,0.225238293,0.324618727,-0.225238293,0.225238293,0,0.254849523,-0.251660079,0.000123069447,-0,0,0,-0,0,0,-0,0,0.134028062,0.512912154,0.410305411,1,-2.62287904e-05,3.78253353e-05,-0.000230242891,-4.90005618e-07,-0.026366042,0.105584927,0.00331251393,-6.15621616e-08,1.39632223e-17,0,0,0,0,0,0,0,0,0,0,9.87911562e-07,0.0219175052,0.00214453344,-1.31090678e-06,-0.0219194703,0.00212434703,0,0,0,0,0,0,0,0,0,0,0,0,0,2.73436761,0,0
145,-0.27778545,-0.234938413,0.470079929,-0.277781636,0.277766496,8.17936234e-06,0.34117648,-0.225238293,0.225238293,0.324618727,-0.225238293,0.225238293,0,0.248851851,-0.252872795,0.000108265813,-0,0,0,-0,0,0,-0,0,0.134037852,0.512494624,0.412007809,0.99999994,-4.48255305e-05,3.18662314e-05,-0.00027625743,-1.05453e-06,-0.0243089832,0.102283172,-0.00391267845,1.69732999e-07,2.80576223e-17,0,0,0,0,0,0,0,0,0,0,1.82854399e-06,0.0219173077,0.00214655045,-2.10071607e-06,-0.0219196659,0.00212232978,0,0,0,0,0,0,0,0,0,0,0,0,0,2.74083996,0,0
146,-0.277781069,-0.234121829,0.468442708,-0.277787954,0.277772903,-3.90697124e-07,0.34117648,-0.225238293,0.225238293,0.324618727,-0.225238293,0.225238293,0,0.248634204,-0.249395698,7.77239038e-05,-0,0,0,-0,0,0,-0,0,0.134016246,0.5120157,0.4139072,0.99999994,-8.19116485e-06,1.37494435e-05,-0.000252653816,-4.7602299e-07,-0.0256136693,0.102397628,-0.000683770108,1.27076794e-08,-1.38460497e-17,0,0,0,0,0,0,0,0,0,0,3.0022008e-07,0.0219174083,0.00214551575,-4.17627206e-07,-0.0219195653,0.00212336471,0,0,0,0,0,0,0,0,0,0,0,0,0,2.74727082,0,0
147,-0.277781069,-0.233416885,0.467048675,-0.277787954,0.277770817,-3.90697124e-07,0.34117648,-0.225238293,0.225238293,0.324618727,-0.225238293,0.225238293,0,0.254803598,-0.245734796,6.62596067e-05,-0,0,0,-0,0,0,-0,0,0.134019166,0.511591792,0.415553689,0.99999994,-8.19311208e-06,1.97101417e-05,-0.000275065104,-5.43345209e-07,-0.0292361192,0.105814114,0.00913506187,-1.69772605e-07,-1.36351129e-17,0,0,0,0,0,0,0,0,0,0,2.74773754e-07,0.0219173133,0.0021464983,-4.43073503e-07,-0.0219196603,0.00212238217,0,0,0,0,0,0,0,0,0,0,0,0,0,2.75366068,0,0
148,-0.277779043,-0.23271051,0.46565935,-0.277783722,0.277768701,8.17936234e-06,0.34117648,-0.225238293,0.225238293,0.324618727,-0.225238293,0.225238293,0,0.249629915,-0.252995789,5.92770994e-05,-0,0,0,-0,0,0,-0,0,0.134016231,0.511164725,0.417206377,0.99999994,-2.67051346e-05,2.5661484e-05,-0.000320126914,-1.8466362e-07,-0.0258609597,0.102335989,-0.00330659724,2.36111948e-08,-7.35872727e-22,0,0,0,0,0,0,0,0,0,0,1.06072991e-06,0.0219171196,0.0021484734,-1.2798946e-06,-0.0219198521,0.0021204066,0,0,0,0,0,0,0,0,0,0,0,0,0,2.76001,0,0
149,-0.277779043,-0.231929928,0.464089602,-0.277783722,0.277770817,8.17936234e-06,0.419607848,-0.296889663,0.296889663,0.402081817,-0.296889663,0.296889663,0,0.249036059,-0.252551734,6.35471806e-05,-0,0,1.68277228,-1.68277228,1.68277228,1.68277228,-1.68277228,1.68277228,0.13401331,0.510691404,0.419018269,0.99999994,-2.67029864e-05,1.97012578e-05,-0.00030796745,-1.87152963e-07,-0.0262095761,0.101958431,-0.0034521285,2.46503813e-08,2.80294353e-17,0,0,0,0,0,0,0,0,0,0,1.01613853e-06,0.0203440487,0.00179256487,-1.15647265e-06,-0.0203462429,0.00176750228,0,0,0,0,0,0,0,0,0,0,0,0,0,2.76631904,0,0
150,-0.277781069,-0.231227085,0.462681741,-0.277785838,0.277766496,3.87887303e-06,0.419607848,-0.296889663,0.296889663,0.402081817,-0.296889663,0.296889663,0,0.253752649,-0.248467684,5.42174661e-08,-0,0,0,-0,0,0,-0,0,0.134025097,0.510251522,0.420648277,0.99999994,-2.02691408e-05,3.18661259e-05,-0.000298907195,-5.47123875e-07,-0.02943944,0.104657501,0.00528501906,-9.82206245e-08,2.75854461e-17,0,0,0,0,0,0,0,0,0,0,7.10902668e-07,0.0203440823,0.0017921963,-9.37836944e-07,-0.0203462094,0.00176787097,0,0,0,0,0,0,0,0,0,0,0,0,0,2.77258873,0,0
151,-0.277783096,-0.230516404,0.461260051,-0.277790129,0.277768701,3.87887303e-06,0.419607848,-0.296889663,0.296889663,0.402081817,-0.296889663,0.296889663,0,0.250814885,-0.253297895,1.7908715e-17,-0,0,0,-0,0,0,-0,0,0.134027883,0.509796441,0.422293991,0.99999994,-2.59890094e-05,2.56689036e-05,-0.000286270864,-8.25899519e-07,-0.0275035668,0.102564171,-0.00248301029,7.45618607e-08,1.04752921e-33,0,0,0,0,0,0,0,0,0,0,9.65791969e-07,0.020344127,0.00179168209,-1.14861109e-06,-0.0203461647,0.00176838518,0,0,0,0,0,0,0,0,0,0,0,0,0,2.77881932,0,0
152,-0.277772635,-0.229712218,0.459652841,-0.277781636,0.277768701,8.17936234e-06,0.419607848,-0.296889663,0.296889663,0.402081817,-0.296889663,0.296889663,0,0.254657149,-0.255152643,3.86238269e-28,-0,0,0,-0,0,0,-0,0,0.133997753,0.509301066,0.42416212,0.99999994,-8.58511521e-06,2.56559888e-05,-0.000312021148,8.41751785e-07,-0.0289271809,0.104206517,-0.000495493412,-1.4418359e-08,-2.80259693e-44,0,0,0,0,0,0,0,0,0,0,2.57658542e-07,0.0203440357,0.00179272983,-4.40351727e-07,-0.020346256,0.00176733732,0,0,0,0,0,0,0,0,0,0,0,0,0,2.78501129,0,0
153,-0.27778545,-0.228994802,0.458224058,-0.277785838,0.277766496,1.02031217e-05,0.419607848,-0.296889663,0.296889663,0.402081817,-0.296889663,0.296889663,0,0.255604565,-0.250656128,3.07692317e-05,-0,0,0,-0,0,0,-0,0,0.134037688,0.508816719,0.425821394,0.99999994,-5.05486096e-05,3.18644197e-05,-0.000308682531,-1.33933429e-06,-0.0308742821,0.10502173,0.00497920625,-2.1599925e-07,2.23512466e-22,0,0,0,0,0,0,0,0,0,0,1.94294284e-06,0.0203440469,0.00179259409,-2.16993271e-06,-0.0203462448,0.00176747318,0,0,0,0,0,0,0,0,0,0,0,0,0,2.79116511,0,0
154,-0.277787477,-0.22827813,0.456789553,-0.277787954,0.277770817,8.17936234e-06,0.490196079,-0.361375898,0.361375898,0.471798599,-0.361375898,0.361375898,0,0.249874875,-0.254843503,4.06015897e-05,-0,0,1.56272662,-1.56272662,1.56272662,1.56272662,-1.56272662,1.56272662,0.134037524,0.50834024,0.427476168,0.99999994,-5.0544706e-05,1.97085701e-05,-0.000301052845,-1.5372251e-06,-0.0280390941,0.101571627,-0.00492802681,2.7017586e-07,1.72119504e-21,0,0,0,0,0,0,0,0,0,0,1.85335898e-06,0.0189201832,0.00151055097,-1.97163536e-06,-0.0189219881,0.00148776593,0,0,0,0,0,0,0,0,0,0,0,0,0,2.79728127,0,0
155,-0.277779043,-0.227381274,0.455025166,-0.27779007,0.277770817,3.87887303e-06,0.490196079,-0.361375898,0.361375898,0.471798599,-0.361375898,0.361375898,0,0.24647598,-0.253599972,3.52942152e-05,-0,0,0,-0,0,0,-0,0,0.13401328,0.507730782,0.42955327,0.99999994,-1.45442027e-05,1.97047902e-05,-0.000336577446,-1.9700407e-07,-0.0275891609,0.0998197272,-0.00708869752,5.06177855e-08,-1.40748652e-17,0,0,0,0,0,0,0,0,0,0,4.9103744e-07,0.0189200751,0.00151189521,-6.09229232e-07,-0.0189220943,0.00148642156,0,0,0,0,0,0,0,0,0,0,0,0,0,2.80336046,0,0
156,-0.277783096,-0.22676757,0.453795731,-0.277787954,0.277770817,8.17936234e-06,0.490196079,-0.361375898,0.361375898,0.471798599,-0.361375898,0.361375898,0,0.248614907,-0.245341465,3.23354652e-05,-0,0,0,-0,0,0,-0,0,0.134024888,0.507314324,0.430968612,0.99999994,-3.81477039e-05,1.97045247e-05,-0.000339676888,-9.28088468e-07,-0.0309065953,0.1016258,0.00330577791,-9.92685969e-08,1.36191541e-17,0,0,0,0,0,0,0,0,0,0,1.38421956e-06,0.0189200658,0.00151201256,-1.50245808e-06,-0.0189221036,0.00148630422,0,0,0,0,0,0,0,0,0,0,0,0,0,2.8094027,0,0
157,-0.277781069,-0.226084128,0.452399701,-0.277798563,0.277768701,8.17936234e-06,0.490196079,-0.361375898,0.361375898,0.471798599,-0.361375898,0.361375898,0,0.24810259,-0.246509358,2.59729518e-06,-0,0,0,-0,0,0,-0,0,0.134021997,0.50684303,0.432528108,0.99999994,-3.24258508e-05,2.56640324e-05,-0.000268389937,-5.7242994e-07,-0.0308010988,0.101129733,0.0015958295,-2.96580502e-08,-1.36839471e-17,0,0,0,0,0,0,0,0,0,0,1.14982913e-06,0.0189202819,0.00150931499,-1.30377919e-06,-0.0189218912,0.00148900202,0,0,0,0,0,0,0,0,0,0,0,0,0,2.81540871,0,0
158,-0.277776837,-0.225306079,0.450815767,-0.277777344,0.277775019,8.17936234e-06,0.490196079,-0.361375898,0.361375898,0.471798599,-0.361375898,0.361375898,0,0.24460651,-0.250320613,5.72799909e-05,-0,0,0,-0,0,0,-0,0,0.134001151,0.506344378,0.434321672,0.99999994,-2.05002852e-05,7.77890818e-06,-0.000289044779,1.51926372e-07,-0.0288990885,0.0988500193,-0.00565682352,-2.97386773e-08,-3.25420204e-21,0,0,0,0,0,0,0,0,0,0,7.5234891e-07,0.0189202186,0.0015100966,-7.99031739e-07,-0.0189219527,0.00148822041,0,0,0,0,0,0,0,0,0,0,0,0,0,2.82137895,0,0
159,-0.277783096,-0.224606439,0.449409932,-0.277787954,0.277772903,3.87887303e-06,0.490196079,-0.361375898,0.361375898,0.471798599,-0.361375898,0.361375898,0,0.248842582,-0.247007281,4.72904758e-05,-0,0,0,-0,0,0,-0,0,0.134021923,0.505832911,0.435920775,0.99999994,-2.59850949e-05,1.37478273e-05,-0.00024979288,-9.54738994e-07,-0.0317940973,0.101201385,0.00188259198,-5.65320093e-08,-7.99850028e-22,0,0,0,0,0,0,0,0,0,0,9.4196281e-07,0.0189203378,0.00150861125,-1.02444244e-06,-0.0189218353,0.00148970587,0,0,0,0,0,0,0,0,0,0,0,0,0,2.82731366,0,0
160,-0.277783096,-0.223896265,0.44798553,-0.277785838,0.277768701,-3.90697124e-07,0.568627477,-0.433027238,0.433027238,0.549261689,-0.433027238,0.433027238,0,0.249273151,-0.253200799,4.31300141e-05,-0,0,1.75513303,-1.75513303,1.75513303,1.75513303,-1.75513303,1.75513303,0.134027749,0.505328715,0.437550008,0.99999994,-1.39161548e-05,2.56717758e-05,-0.00025003092,-9.23479888e-07,-0.0307531245,0.100673467,-0.00388451805,1.16647477e-07,-2.00607495e-21,0,0,0,0,0,0,0,0,0,0,4.18997558e-07,0.0173303913,0.00123829313,-5.45281466e-07,-0.0173316207,0.00122095994,0,0,0,0,0,0,0,0,0,0,0,0,0,2.83321333,0,0
161,-0.277779043,-0.223092929,0.446388453,-0.277787954,0.277766496,5.98695578e-06,0.568627477,-0.433027238,0.433027238,0.549261689,-0.433027238,0.433027238,0,0.253577769,-0.251115561,5.02232033e-05,-0,0,0,-0,0,0,-0,0,0.134019226,0.50474149,0.439392,0.99999994,-2.05062461e-05,3.18631865e-05,-0.000257661159,-2.38732241e-07,-0.033432927,0.10290949,0.00251243147,-1.79403497e-08,-1.39367128e-17,0,0,0,0,0,0,0,0,0,0,6.32130593e-07,0.0173303727,0.00123855763,-7.88875866e-07,-0.0173316393,0.00122069544,0,0,0,0,0,0,0,0,0,0,0,0,0,2.83907843,0,0
162,-0.277783096,-0.222378701,0.44500789,-0.277785838,0.277762294,3.87887303e-06,0.568627477,-0.433027238,0.433027238,0.549261689,-0.433027238,0.433027238,0,0.253405839,-0.246166185,4.52253335e-05,-0,0,0,-0,0,0,-0,0,0.134036601,0.50419575,0.441040725,0.99999994,-2.59961689e-05,4.37888957e-05,-0.000331331888,-1.05312654e-06,-0.0350705348,0.103182949,0.00728488015,-2.18756327e-07,1.36592781e-17,0,0,0,0,0,0,0,0,0,0,7.92867581e-07,0.0173301902,0.00124111108,-1.00828595e-06,-0.01733182,0.00121814176,0,0,0,0,0,0,0,0,0,0,0,0,0,2.84490943,0,0
163,-0.277783096,-0.221673504,0.443613201,-0.277785838,0.277766496,8.17936234e-06,0.568627477,-0.433027238,0.433027238,0.549261689,-0.433027238,0.433027238,0,0.244391754,-0.2507478,5.13691521e-05,-0,0,0,-0,0,0,-0,0,0.134030744,0.503663719,0.442656428,0.99999994,-3.81522732e-05,3.18637613e-05,-0.000353505253,-9.23073969e-07,-0.0307396054,0.0980536342,-0.00630467664,1.89321966e-07,2.91003997e-21,0,0,0,0,0,0,0,0,0,0,1.24364999e-06,0.0173301343,0.00124187965,-1.40043846e-06,-0.017331874,0.00121737306,0,0,0,0,0,0,0,0,0,0,0,0,0,2.85070658,0,0
164,-0.277783096,-0.220891491,0.442016125,-0.277787954,0.277775019,1.77078982e-06,0.568627477,-0.433027238,0.433027238,0.549261689,-0.433027238,0.433027238,0,0.244009346,-0.247857124,3.84833398e-12,-0,0,0,-0,0,0,-0,0,0.134018928,0.503084242,0.444430232,0.99999994,-2.0023539e-05,7.78936283e-06,-0.000300814427,-9.54459665e-07,-0.0317847915,0.098000288,-0.00384777784,1.15544211e-07,-1.37588343e-17,0,0,0,0,0,0,0,0,0,0,6.74804198e-07,0.0173302665,0.00124005333,-7.1314588e-07,-0.0173317455,0.00121919962,0,0,0,0,0,0,0,0,0,0,0,0,0,2.85647011,0,0
165,-0.277781069,-0.220200807,0.44063592,-0.277781636,0.277775019,3.87887303e-06,0.568627477,-0.433027238,0.433027238,0.549261689,-0.433027238,0.433027238,0,0.2414186,-0.237444326,1.27115315e-21,-0,0,0,-0,0,0,-0,0,0.134013161,0.502566159,0.446007937,0.99999994,-2.02621104e-05,7.7858158e-06,-0.000320364838,-6.29188321e-07,-0.0338551328,0.0976091176,0.0039742738,-7.38607824e-08,-1.31808079e-17,0,0,0,0,0,0,0,0,0,0,6.83075882e-07,0.0173302181,0.00124073087,-7.21402387e-07,-0.0173317939,0.00121852197,0,0,0,0,0,0,0,0,0,0,0,0,0,2.86220098,0,0
166,-0.27778545,-0.219527394,0.439301908,-0.277785838,0.277766496,3.87887303e-06,0.568627477,-0.433027238,0.433027238,0.549261689,-0.433027238,0.433027238,0,0.228227898,-0.229118556,5.20342364e-05,-0,0,0,-0,0,0,-0,0,0.13403739,0.502031088,0.447541535,0.99999994,-3.26677873e-05,3.18701277e-05,-0.000326563371,-1.35072958e-06,-0.0311369672,0.0916983411,-0.000838623091,3.6379685e-08,4.54145835e-22,0,0,0,0,0,0,0,0,0,0,1.05356764e-06,0.0173302013,0.00124094577,-1.21037363e-06,-0.0173318088,0.00121830706,0,0,0,0,0,0,0,0,0,0,0,0,0,2.86789894,0,0
167,-0.277779043,-0.218805581,0.437876523,-0.277775258,0.27776441,3.87887303e-06,0.647058845,-0.504678607,0.504678607,0.62672478,-0.504678607,0.504678607,0,0.215757877,-0.212030172,6.01922184e-05,-0,0,1.69116509,-1.69116509,1.69116509,1.69116509,-1.69116509,1.69116509,0.134022117,0.501478553,0.449193001,0.99999994,-1.45520298e-05,3.78242621e-05,-0.000382266502,-2.21210598e-07,-0.0309791323,0.0870235041,0.0037878966,-2.70479763e-08,1.17716933e-17,0,0,0,0,0,0,0,0,0,0,3.81421927e-07,0.0157331806,0.00101712125,-5.33511809e-07,-0.0157347172,0.000993062975,0,0,0,0,0,0,0,0,0,0,0,0,0,2.87356472,0,0
168,-0.27778545,-0.218215078,0.436721951,-0.27777952,0.277770817,5.98695578e-06,0.647058845,-0.504678607,0.504678607,0.62672478,-0.504678607,0.504678607,0,0.194717064,-0.192967877,2.26495558e-10,-0,0,0,-0,0,0,-0,0,0.134031385,0.500989974,0.450538307,0.99999994,-3.86258762e-05,1.97092213e-05,-0.000407625921,-1.20619825e-06,-0.0278052352,0.0782793686,0.00174918794,-7.5880223e-08,1.0711869e-17,0,0,0,0,0,0,0,0,0,0,1.1755717e-06,0.0157331284,0.00101791928,-1.25487338e-06,-0.0157347675,0.000992264948,0,0,0,0,0,0,0,0,0,0,0,0,0,2.87919855,0,0
169,-0.277787477,-0.217679277,0.435694903,-0.277766913,0.277772903,1.77078982e-06,0.647058845,-0.504678607,0.504678607,0.62672478,-0.504678607,0.504678607,0,0.17910412,-0.173700944,7.4814344e-20,-0,0,0,-0,0,0,-0,0,0.134034172,0.500559986,0.45177272,0.999999881,-3.24259199e-05,1.37581583e-05,-0.000506243552,-1.4683219e-06,-0.0267822947,0.0723046586,0.00540317595,-2.96225608e-07,-9.64233935e-18,0,0,0,0,0,0,0,0,0,0,9.92466994e-07,0.0157329272,0.00102102233,-1.0478459e-06,-0.0157349631,0.000989161432,0,0,0,0,0,0,0,0,0,0,0,0,0,2.88480067,0,0
170,-0.27778545,-0.217161193,0.434649974,-0.277781636,0.277768701,8.17936234e-06,0.647058845,-0.504678607,0.504678607,0.62672478,-0.504678607,0.504678607,0,0.152937993,-0.155920997,1.61352511e-30,-0,0,0,-0,0,0,-0,0,0.134034276,0.500128031,0.452935189,0.999999881,-4.48283317e-05,2.56670937e-05,-0.000452210312,-9.13974588e-07,-0.0210689064,0.0609197244,-0.00298300385,1.29403475e-07,0,0,0,0,0,0,0,0,0,0,0,1.35865207e-06,0.0157330371,0.0010193222,-1.46192474e-06,-0.0157348551,0.00099086191,0,0,0,0,0,0,0,0,0,0,0,0,0,2.8903718,0,0
171,-0.277781069,-0.216764793,0.433856666,-0.277775347,0.277768701,1.77078982e-06,0.647058845,-0.504678607,0.504678607,0.62672478,-0.504678607,0.504678607,0,0.140274316,-0.130709916,5.32968457e-40,-0,0,0,-0,0,0,-0,0,0.134021863,0.49981907,0.453835517,0.999999881,-1.43111965e-05,2.56697549e-05,-0.000469288905,-4.21058672e-07,-0.0226561707,0.0570574924,0.00956439972,-1.7775173e-07,0,0,0,0,0,0,0,0,0,0,0,3.98349812e-07,0.0157330018,0.00101985957,-5.01578711e-07,-0.0157348886,0.000990324421,0,0,0,0,0,0,0,0,0,0,0,0,0,2.89591193,0,0
172,-0.277783096,-0.216424301,0.433184773,-0.277788043,0.277768701,5.98695578e-06,0.647058845,-0.504678607,0.504678607,0.62672478,-0.504678607,0.504678607,0,0.108903378,-0.115693554,-0.000478970906,-0,0,0,-0,0,0,-0,0,0.13402757,0.499518633,0.454600722,0.999999881,-3.19535793e-05,2.566689e-05,-0.000446249876,-4.21332118e-07,-0.0140309269,0.0428008661,-0.00726914685,2.18283873e-07,6.44326217e-18,0,0,0,0,0,0,0,0,0,0,9.53527831e-07,0.0157330502,0.00101913465,-1.05677555e-06,-0.0157348439,0.000991049455,0,0,0,0,0,0,0,0,0,0,0,0,0,2.90142155,0,0
173,-0.277781069,-0.21609956,0.432504773,-0.277785838,0.277768701,8.17936234e-06,0.717647076,-0.569164813,0.569164813,0.696441531,-0.569164813,0.569164813,0,0.0977052152,-0.0985940918,-0.000140586373,-0,0,1.51200056,-1.51200056,1.51200056,1.51200056,-1.51200056,1.51200056,0.134021863,0.499269873,0.455327004,0.99999994,-3.2429467e-05,2.56620824e-05,-0.000409295317,-2.59777551e-07,-0.0139780147,0.0389217362,-0.00102946302,1.91322851e-08,3.41429865e-21,0,0,0,0,0,0,0,0,0,0,8.83425059e-07,0.0142909968,0.000853332283,-9.69861958e-07,-0.0142923752,0.000829934143,0,0,0,0,0,0,0,0,0,0,0,0,0,2.90690112,0,0
174,-0.277783096,-0.215840101,0.432006925,-0.277788043,0.277768701,1.77078982e-06,0.717647076,-0.569164813,0.569164813,0.696441531,-0.569164813,0.569164813,0,0.0884684771,-0.0807840601,-8.65070469e-05,-0,0,0,-0,0,0,-0,0,0.134027556,0.499042988,0.455917597,0.999999881,-2.00323084e-05,2.56720759e-05,-0.000432898116,-4.47899538e-07,-0.0149156572,0.0360742658,0.00759791024,-2.28156239e-07,-3.61095841e-21,0,0,0,0,0,0,0,0,0,0,5.29045849e-07,0.0142909568,0.000854006852,-6.15500937e-07,-0.0142924143,0.000829259458,0,0,0,0,0,0,0,0,0,0,0,0,0,2.91235065,0,0
175,-0.277781069,-0.215606362,0.431580245,-0.277785838,0.277766496,-3.90697124e-07,0.717647076,-0.569164813,0.569164813,0.696441531,-0.569164813,0.569164813,0,0.0752923638,-0.0709614232,-9.40705213e-05,-0,0,0,-0,0,0,-0,0,0.134024888,0.498837471,0.456457883,0.999999881,-8.20352216e-06,3.18717903e-05,-0.000496794237,-2.26006946e-07,-0.0121608991,0.0304644462,0.00423686998,-7.87410599e-08,3.94491285e-18,0,0,0,0,0,0,0,0,0,0,1.80376205e-07,0.0142908478,0.000855833117,-2.87687385e-07,-0.0142925195,0.000827433018,0,0,0,0,0,0,0,0,0,0,0,0,0,2.91777062,0,0
176,-0.277783096,-0.215391755,0.431157619,-0.277775347,0.27776441,3.87887303e-06,0.717647076,-0.569164813,0.569164813,0.696441531,-0.569164813,0.569164813,0,0.0604821295,-0.0623811595,7.95188517e-15,-0,0,0,-0,0,0,-0,0,0.134033516,0.498669863,0.4569498,0.999999881,-2.60019278e-05,3.78292571e-05,-0.000535807631,-2.51832603e-07,-0.00838636514,0.023932457,-0.00189903006,5.70256233e-08,-6.85405365e-31,0,0,0,0,0,0,0,0,0,0,6.78943366e-07,0.0142907808,0.000856948202,-8.06343678e-07,-0.0142925847,0.000826317759,0,0,0,0,0,0,0,0,0,0,0,0,0,2.92316151,0,0
177,-0.277783096,-0.215238124,0.430841237,-0.277775347,0.277770817,1.77078982e-06,0.717647076,-0.569164813,0.569164813,0.696441531,-0.569164813,0.569164813,0,0.0508937836,-0.0505054966,2.62660882e-24,-0,0,0,-0,0,0,-0,0,0.13402462,0.498545915,0.457293689,0.999999881,-2.00315008e-05,1.97125119e-05,-0.000522932969,-2.27985439e-07,-0.00759222219,0.0203299932,0.000388287008,-1.16597993e-08,-3.70209041e-41,0,0,0,0,0,0,0,0,0,0,5.39074279e-07,0.0142908022,0.000856580213,-6.05472337e-07,-0.0142925633,0.000826685806,0,0,0,0,0,0,0,0,0,0,0,0,0,2.92852354,0,0
178,-0.27778545,-0.215122342,0.430592328,-0.277783722,0.277770817,8.17936234e-06,0.78039217,-0.626485944,0.626485944,0.758412004,-0.626485944,0.626485944,0,0.042922534,-0.0409319624,8.67602166e-34,-0,0,1.39831173,-1.39831173,1.39831173,1.39831173,-1.39831173,1.39831173,0.134031281,0.498443276,0.457545012,0.999999881,-4.48260798e-05,1.97065983e-05,-0.000474621658,-2.97057881e-07,-0.00684776669,0.0173075497,0.00199057162,-8.63515055e-08,0,0,0,0,0,0,0,0,0,0,0,1.13713224e-06,0.0130058583,0.000739489216,-1.19451227e-06,-0.0130072394,0.000714796421,0,0,0,0,0,0,0,0,0,0,0,0,0,2.93385696,0,0
179,-0.277781069,-0.215006739,0.430369049,-0.277787954,0.277775019,3.87887303e-06,0.78039217,-0.626485944,0.626485944,0.758412004,-0.626485944,0.626485944,0,0.0343272276,-0.030507775,1.821688e-44,-0,0,0,-0,0,0,-0,0,0.134013072,0.498340964,0.457805395,0.999999881,-2.02633037e-05,7.78555841e-06,-0.000473906402,-1.12735293e-07,-0.00606601918,0.0140605187,0.0038194526,-7.09834751e-08,-1.69352171e-18,0,0,0,0,0,0,0,0,0,0,5.15679119e-07,0.0130058601,0.00073947059,-5.38351912e-07,-0.0130072385,0.000714815047,0,0,0,0,0,0,0,0,0,0,0,0,0,2.93916202,0,0
180,-0.277783096,-0.21491836,0.430226028,-0.277783722,0.277770817,3.87887303e-06,0.78039217,-0.626485944,0.626485944,0.758412004,-0.626485944,0.626485944,0,0.0277617518,-0.0230973139,0,-0,0,0,-0,0,0,-0,0,0.13402462,0.498257399,0.458016425,0.999999881,-2.59921726e-05,1.97094378e-05,-0.000533510931,-1.59814931e-07,-0.00532205263,0.0115262643,0.00466443785,-1.40067542e-07,0,0,0,0,0,0,0,0,0,0,0,6.47180286e-07,0.0130057717,0.000741021009,-7.04546949e-07,-0.0130073233,0.000713264453,0,0,0,0,0,0,0,0,0,0,0,0,0,2.94443893,0,0
181,-0.277783096,-0.21482788,0.43008706,-0.277783722,0.277770817,1.77078982e-06,0.78039217,-0.626485944,0.626485944,0.758412004,-0.626485944,0.626485944,0,0.0211640522,-0.0167915691,0,-0,0,0,-0,0,0,-0,0,0.13402462,0.498164207,0.458232135,0.999999821,-2.00328795e-05,1.97132122e-05,-0.000592877041,-1.28356774e-07,-0.0042744535,0.00886668265,0.00437248312,-1.31300496e-07,0,0,0,0,0,0,0,0,0,0,0,4.92127413e-07,0.0130056832,0.0007425652,-5.49499248e-07,-0.013007408,0.000711720029,0,0,0,0,0,0,0,0,0,0,0,0,0,2.94968843,0,0
182,-0.27778545,-0.214788005,0.430011183,-0.277781636,0.277772903,1.02031217e-05,0.78039217,-0.626485944,0.626485944,0.758412004,-0.626485944,0.626485944,0,0.0166944955,-0.0138856424,0,-0,0,0,-0,0,0,-0,0,0.134028345,0.498130292,0.458324254,0.999999821,-5.05470744e-05,1.37424886e-05,-0.000604321423,-1.39093089e-07,-0.00320636854,0.00692978082,0.00280885305,-1.21848771e-07,0,0,0,0,0,0,0,0,0,0,0,1.29464036e-06,0.0130056664,0.000742862874,-1.3347003e-06,-0.0130074238,0.000711422297,0,0,0,0,0,0,0,0,0,0,0,0,0,2.95491028,0,0
183,-0.277783096,-0.21475023,0.429952145,-0.277787954,0.277770817,1.77078982e-06,0.78039217,-0.626485944,0.626485944,0.758412004,-0.626485944,0.626485944,0,0.0121071953,-0.00974653475,0,-0,0,0,-0,0,0,-0,0,0.13402462,0.498084784,0.458410412,0.999999821,-2.00332124e-05,1.97133813e-05,-0.00060980476,-7.23909679e-08,-0.00241071661,0.0050574569,0.00236066058,-7.08878432e-08,-5.41041364e-19,0,0,0,0,0,0,0,0,0,0,4.92126674e-07,0.0130056581,0.000743005541,-5.49499987e-07,-0.0130074322,0.000711279688,0,0,0,0,0,0,0,0,0,0,0,0,0,2.96010518,0,0
184,-0.277783096,-0.214718774,0.429906279,-0.277785838,0.27776441,3.87887303e-06,0.78039217,-0.626485944,0.626485944,0.758412004,-0.626485944,0.626485944,0,0.00890187547,-0.00472680898,0,-0,0,0,-0,0,0,-0,0,0.134033486,0.498054236,0.458487272,0.999999821,-2.60058605e-05,3.78296754e-05,-0.000639845501,-7.23401428e-08,-0.00240902416,0.00396135869,0.00417506648,-1.2537231e-07,0,0,0,0,0,0,0,0,0,0,0,6.20824153e-07,0.0130056133,0.000743786921,-7.30902912e-07,-0.0130074751,0.000710498134,0,0,0,0,0,0,0,0,0,0,0,0,0,2.96527314,0,0
185,-0.27778545,-0.214702159,0.429910988,-0.277792156,0.277770817,3.87887303e-06,0.78039217,-0.626485944,0.626485944,0.758412004,-0.626485944,0.626485944,0,0.00375683093,-0.0013725789,0,-0,0,0,-0,0,0,-0,0,0.134031266,0.498013973,0.458531797,0.999999762,-3.26706904e-05,1.97145218e-05,-0.000675608229,-5.11470688e-08,-0.00117904029,0.00173368002,0.00238425191,-1.03429464e-07,-7.61934351e-20,0,0,0,0,0,0,0,0,0,0,8.20816922e-07,0.0130055603,0.000744717137,-8.78222238e-07,-0.0130075254,0.000709567801,0,0,0,0,0,0,0,0,0,0,0,0,0,2.9704144,0,0
186,-0.277781069,-0.214698121,0.429906934,-0.277790129,0.277772903,-3.90697124e-07,0.78039217,-0.626485944,0.626485944,0.758412004,-0.626485944,0.626485944,0,0.00101934641,-0.000478859729,0,-0,0,0,-0,0,0,-0,0,0.134015992,0.498015016,0.458543211,0.999999762,-8.19713478e-06,1.37539573e-05,-0.000687052379,-5.42999201e-09,-0.000292175013,0.00045979445,0.000540486653,-1.00447961e-08,-2.65820548e-20,0,0,0,0,0,0,0,0,0,0,1.92976728e-07,0.0130055435,0.000745014811,-2.32997479e-07,-0.0130075421,0.000709270069,0,0,0,0,0,0,0,0,0,0,0,0,0,2.97552967,0,0
187,-0.277781069,-0.214702412,0.429915369,-0.277781636,0.277762294,5.98695578e-06,0.78039217,-0.626485944,0.626485944,0.758412004,-0.626485944,0.626485944,0,-0.000132715548,-0.000177554233,0,-0,0,0,-0,0,0,-0,0,0.134030715,0.498030484,0.458538294,0.999999762,-2.62512021e-05,4.37821182e-05,-0.000710894761,1.86923876e-09,0.000100579316,-8.37648549e-05,-0.000310269766,5.76627812e-09,9.85623989e-21,0,0,0,0,0,0,0,0,0,0,6.18366755e-07,0.0130055081,0.000745635014,-7.45764453e-07,-0.0130075756,0.000708649808,0,0,0,0,0,0,0,0,0,0,0,0,0,2.98061872,0,0
188,-0.277779043,-0.214704528,0.429898173,-0.277785838,0.27776441,5.98695578e-06,0.78039217,-0.626485944,0.626485944,0.758412004,-0.626485944,0.626485944,0,-0.000610667106,0.000127873835,0,-0,0,0,-0,0,0,-0,0,0.134022087,0.498036861,0.458525121,0.999999762,-2.05233264e-05,3.78181539e-05,-0.000668694847,1.54576174e-09,0.000216474058,-0.000291304284,-0.000482793257,3.44744921e-09,7.09842377e-21,0,0,0,0,0,0,0,0,0,0,4.78199183e-07,0.0130055705,0.000744537334,-5.88235935e-07,-0.013007516,0.000709747663,0,0,0,0,0,0,0,0,0,0,0,0,0,2.98568201,0,0
189,-0.277779043,-0.214710847,0.429910988,-0.277781636,0.277762294,-3.90697124e-07,0.78039217,-0.626485944,0.626485944,0.758412004,-0.626485944,0.626485944,0,-0.000136173796,0.000386694883,0,-0,0,0,-0,0,0,-0,0,0.134025007,0.498047918,0.458513319,0.999999762,-2.49545838e-06,4.37907293e-05,-0.000680853438,-3.2205838e-10,-4.51022206e-05,-2.92700279e-05,0.000250521087,-1.78887904e-09,2.14658781e-20,0,0,0,0,0,0,0,0,0,0,4.52322541e-10,0.0130055528,0.000744853576,-1.27825757e-07,-0.0130075328,0.000709431362,0,0,0,0,0,0,0,0,0,0,0,0,0,2.9907198,0,0
190,-0.277779043,-0.214700311,0.429927856,-0.277787954,0.277762294,5.98695578e-06,0.78039217,-0.626485944,0.626485944,0.758412004,-0.626485944,0.626485944,0,-8.10095371e-05,0.000243702161,0,-0,0,0,-0,0,0,-0,0,0.134025007,0.498014539,0.458544165,0.999999762,-2.05294091e-05,4.37779745e-05,-0.00071661704,-2.17010493e-10,-3.03909346e-05,-1.60563723e-05,0.000162692624,-1.16172827e-09,-1.35281875e-20,0,0,0,0,0,0,0,0,0,0,4.69530448e-07,0.0130054997,0.000745783851,-5.96904613e-07,-0.013007584,0.000708500913,0,0,0,0,0,0,0,0,0,0,0,0,0,2.99573231,0,0
191,-0.277781069,-0.21470663,0.429923803,-0.277785838,0.277766496,8.17936234e-06,0.78039217,-0.626485944,0.626485944,0.758412004,-0.626485944,0.626485944,0,-0.000178786897,0.000268160715,0,-0,0,0,-0,0,0,-0,0,0.134024873,0.498028189,0.458526403,0.999999762,-3.24412285e-05,3.1856951e-05,-0.00069897389,6.00434424e-11,3.2307953e-06,-6.22989828e-05,8.93738179e-05,-1.66098779e-09,0,0,0,0,0,0,0,0,0,0,0,7.9695576e-07,0.0130055258,0.000745324942,-8.89679939e-07,-0.0130075589,0.000708959938,0,0,0,0,0,0,0,0,0,0,0,0,0,3.00071979,0,0
192,-0.27778545,-0.214713037,0.429910988,-0.277790129,0.277768701,3.87887303e-06,0.78039217,-0.626485944,0.626485944,0.758412004,-0.626485944,0.626485944,0,-0.000909496332,0.000635421078,0,-0,0,0,-0,0,0,-0,0,0.134034187,0.498034954,0.458502322,0.999999762,-3.26740737e-05,2.56747171e-05,-0.00065057422,8.95325147e-09,0.000206390017,-0.000389523921,-0.000274075253,1.18894548e-08,0,0,0,0,0,0,0,0,0,0,0,8.1215029e-07,0.0130055975,0.000744065968,-8.86888927e-07,-0.01300749,0.000710219028,0,0,0,0,0,0,0,0,0,0,0,0,0,3.00568271,0,0
193,-0.277776837,-0.214710936,0.429936618,-0.277785838,0.277762294,5.98695578e-06,0.78039217,-0.626485944,0.626485944,0.758412004,-0.626485944,0.626485944,0,-0.00065867597,0.000656317978,0,-0,0,0,-0,0,0,-0,0,0.134018838,0.498033226,0.458517909,0.999999762,-1.43300158e-05,4.37737617e-05,-0.000704934821,-5.17024035e-10,9.834714e-05,-0.000262557704,-2.35799234e-06,-1.23962811e-11,7.2865933e-20,0,0,0,0,0,0,0,0,0,0,3.0829122e-07,0.0130055165,0.000745479949,-4.35639748e-07,-0.0130075673,0.000708804873,0,0,0,0,0,0,0,0,0,0,0,0,0,3.01062083,0,0
194,-0.277783096,-0.214717254,0.429919779,-0.277785838,0.277770817,5.98695578e-06,0.78039217,-0.626485944,0.626485944,0.758412004,-0.626485944,0.626485944,0,-0.000444405334,0.000394256902,0,-0,0,0,-0,0,0,-0,0,0.134024605,0.49804607,0.458495349,0.999999762,-3.19551909e-05,1.9706009e-05,-0.000663210754,2.37245845e-09,7.90060585e-05,-0.000181987067,-5.01484319e-05,1.50589807e-09,-2.18856545e-20,0,0,0,0,0,0,0,0,0,0,8.02224747e-07,0.0130055789,0.000744394667,-8.59602721e-07,-0.0130075077,0.00070989033,0,0,0,0,0,0,0,0,0,0,0,0,0,3.01553488,0,0
