progress,observation_00,observation_01,observation_02,observation_03,observation_04,observation_05,observation_06,observation_07,observation_08,observation_09,observation_10,observation_11,observation_12,observation_13,observation_14,observation_15,observation_16,observation_17,observation_18,observation_19,observation_20,observation_21,observation_22,observation_23,observation_24,observation_25,observation_26,observation_27,observation_28,observation_29,observation_30,observation_31,observation_32,observation_33,observation_34,observation_35,observation_36,observation_37,observation_38,observation_39,observation_40,observation_41,observation_42,observation_43,observation_44,observation_45,observation_46,observation_47,observation_48,observation_49,observation_50,observation_51,observation_52,observation_53,observation_54,observation_55,observation_56,observation_57,observation_58,observation_59,observation_60,observation_61,observation_62,observation_63,observation_64,observation_65,observation_66,observation_67,observation_68
0,-0.277776837,-0.277776688,0.555559516,-0.277785838,0.277772903,3.87887303e-06,-0.97647059,0.978504598,-0.978504598,-0.976761103,0.978504598,-0.978504598,0,0,0,-0,-0,0,0,-0,0,0,-0,0,0.134003982,0.524986982,0.309999794,1,-8.3384939e-06,1.37470097e-05,1.41362498e-05,0,0,0,0,0,0,0,0,0,0,0,0,0,0,0,0,3.69292223e-07,0.0458155796,0.0143577568,-1.15886155e-06,-0.0458147712,0.0143603478,0,0,0,0,0,0,0,0,0,0,0,0,0,0,0,0
1,-0.277783096,-0.277772367,0.555567563,-0.277785838,0.277766496,-3.90697124e-07,-0.97647059,0.978504598,-0.978504598,-0.976761103,0.978504598,-0.978504598,0,0,0,-0,-0,0,0,-0,0,0,-0,0,0.134031385,0.5249753,0.310014874,1,-1.39100393e-05,3.18667808e-05,-9.46648925e-06,0,0,0,0,0,0,0,0,0,0,0,0,0,0,0,0,3.59396807e-07,0.0458149053,0.0143599194,-2.18971149e-06,-0.0458154455,0.0143581852,0,0,0,0,0,0,0,0,0,0,0,0,0,0.0953101814,0,0
2,-0.277783096,-0.277780861,0.555563569,-0.277781636,0.277766496,1.77078982e-06,-0.97647059,0.978504598,-0.978504598,-0.976761103,0.978504598,-0.978504598,0,0,0,-0,-0,0,0,-0,0,0,-0,0,0.134031385,0.524989903,0.309990913,1,-2.00209324e-05,3.18665443e-05,8.32728711e-06,0,0,0,0,0,0,0,0,0,0,0,0,0,0,0,0,9.19407398e-07,0.0458154157,0.0143582895,-2.74969148e-06,-0.0458149351,0.014359815,0,0,0,0,0,0,0,0,0,0,0,0,0,0.182321563,0,0
3,-0.277787477,-0.277774483,0.555572331,-0.277781636,0.277772903,8.17936234e-06,-0.97647059,0.978504598,-0.978504598,-0.976761103,0.978504598,-0.978504598,0,-1.16797044e-10,0,-0,-0,0,0,-0,0,0,-0,0,0.134035513,0.524977624,0.310012311,1,-5.05390817e-05,1.37469124e-05,-2.21031278e-05,1.66846443e-15,3.04329097e-11,-6.13166531e-11,-1.16797044e-10,6.40332175e-15,0,0,0,0,0,0,0,0,0,0,0,4.23606843e-06,0.0458145402,0.0143610779,-5.0257031e-06,-0.0458158106,0.0143570267,0,0,0,0,0,0,0,0,0,0,0,0,0,0.262364268,0,0
4,-0.277776837,-0.27778095,0.555563569,-0.277781636,0.27776441,3.87887303e-06,-0.97647059,0.978504598,-0.978504598,-0.976761103,0.978504598,-0.978504598,0,-0.00141271739,0.000562058936,-0,-0,0,0,-0,0,0,-0,0,0.134015769,0.524994671,0.309990674,1,-8.33836384e-06,3.78272089e-05,8.56487259e-06,-1.16512189e-09,0.000221626833,-0.000685471226,-0.000850658456,-4.47202497e-09,3.12005386e-20,0,0,0,0,0,0,0,0,0,0,-3.22246848e-07,0.0458154231,0.0143582672,-1.85040062e-06,-0.0458149277,0.0143598374,0,0,0,0,0,0,0,0,0,0,0,0,0,0.336472243,0,0
5,-0.277781069,-0.277785242,0.555580735,-0.277783722,0.277768701,1.77078982e-06,-0.97647059,0.978504598,-0.978504598,-0.976761103,0.978504598,-0.978504598,0,-0.00355956936,0.00194569409,-0,-0,0,0,-0,0,0,-0,0,0.13402234,0.524985015,0.309981555,1,-1.42990912e-05,2.56677358e-05,2.36661367e-06,7.81358533e-09,0.000420430501,-0.00167419272,-0.00161387527,2.99934264e-08,2.16015438e-19,0,0,0,0,0,0,0,0,0,0,5.73108593e-07,0.0458152443,0.0143588353,-2.04736421e-06,-0.0458151065,0.0143592693,0,0,0,0,0,0,0,0,0,0,0,0,0,0.405465096,0,0
6,-0.277781069,-0.277793854,0.555581093,-0.27777952,0.277762294,8.17936234e-06,-0.97647059,0.978504598,-0.978504598,-0.976761103,0.978504598,-0.978504598,0,-0.0042864792,0.00414160173,-0,-0,0,0,-0,0,0,-0,0,0.134031206,0.52499783,0.309958518,1,-3.24183384e-05,4.3787757e-05,1.42868266e-05,6.98447578e-10,3.75818126e-05,-0.00183624262,-0.000144877471,2.69250777e-09,0,0,0,0,0,0,0,0,0,0,0,1.71307306e-06,0.045815587,0.0143577429,-4.22804897e-06,-0.0458147638,0.0143603608,0,0,0,0,0,0,0,0,0,0,0,0,0,0.470003635,0,0
7,-0.27778545,-0.277819395,0.555610776,-0.277783722,0.277775019,5.98695578e-06,-0.97647059,0.978504598,-0.978504598,-0.976761103,0.978504598,-0.978504598,0,-0.00718367053,0.0059458497,-0,-0,0,0,-0,0,0,-0,0,0.134026587,0.524997592,0.309888661,1,-3.8617407e-05,7.7860841e-06,5.6487559e-05,1.39589682e-08,0.000321781583,-0.00317686773,-0.00123782083,5.36969864e-08,-6.60121924e-19,0,0,0,0,0,0,0,0,0,0,3.31502793e-06,0.0458167978,0.014353876,-3.76210573e-06,-0.045813553,0.0143642286,0,0,0,0,0,0,0,0,0,0,0,0,0,0.530628264,0,0
8,-0.277776837,-0.277836531,0.555657983,-0.277783722,0.277766496,3.87887303e-06,-0.97647059,0.978504598,-0.978504598,-0.976761103,0.978504598,-0.978504598,0,-0.00945310201,0.00736965379,-0,-0,0,0,-0,0,0,-0,0,0.134012848,0.524998665,0.309851199,1,-8.33747254e-06,3.18671482e-05,3.81288555e-05,-2.84669577e-09,0.000541492016,-0.00422593672,-0.00208344823,-1.09529656e-08,0,0,0,0,0,0,0,0,0,0,0,-1.51078055e-07,0.0458162688,0.0143555589,-1.67923179e-06,-0.045814082,0.0143625457,0,0,0,0,0,0,0,0,0,0,0,0,0,0.587786674,0,0
9,-0.277781069,-0.277866274,0.555687666,-0.277783722,0.277770817,1.77078982e-06,-0.97647059,0.978504598,-0.978504598,-0.976761103,0.978504598,-0.978504598,0,-0.011852676,0.00889077596,-0,-0,0,0,-0,0,0,-0,0,0.13401942,0.525007844,0.30977121,1,-1.42975696e-05,1.97069367e-05,8.03294606e-05,1.42945193e-08,0.000769154227,-0.00533367554,-0.00296190009,5.50460975e-08,4.93537209e-19,0,0,0,0,0,0,0,0,0,0,7.44323415e-07,0.0458174832,0.0143516911,-1.87614921e-06,-0.0458128676,0.0143664125,0,0,0,0,0,0,0,0,0,0,0,0,0,0.641853869,0,0
10,-0.277776837,-0.277895957,0.555755436,-0.27777952,0.277768701,8.17936234e-06,-0.97647059,0.978504598,-0.978504598,-0.976761103,0.978504598,-0.978504598,0,-0.0122730872,0.0100721838,-0,-0,0,0,-0,0,0,-0,0,0.134009823,0.525013387,0.309704661,1,-2.04965854e-05,2.56692001e-05,5.64868606e-05,-2.99622105e-09,0.000569934316,-0.00543621788,-0.00220090337,-1.15704433e-08,0,0,0,0,0,0,0,0,0,0,0,1.14110458e-06,0.0458167978,0.014353876,-2.6153798e-06,-0.045813553,0.0143642277,0,0,0,0,0,0,0,0,0,0,0,0,0,0.693147182,0,0
11,-0.277783096,-0.277940571,0.555819213,-0.277787954,0.277762294,3.87887303e-06,-0.97647059,0.978504598,-0.978504598,-0.976761103,0.978504598,-0.978504598,0,-0.0132483412,0.0111239487,-0,-0,0,0,-0,0,0,-0,0,0.134037226,0.525007427,0.309585482,1,-2.59765693e-05,4.37870876e-05,0.000116330761,1.64641261e-08,0.000548277574,-0.00584307266,-0.00212439243,6.37929887e-08,-6.175032e-19,0,0,0,0,0,0,0,0,0,0,1.1233135e-06,0.0458185151,0.0143483924,-3.63810409e-06,-0.045811832,0.0143697113,0,0,0,0,0,0,0,0,0,0,0,0,0,0.741937339,0,0
12,-0.277781069,-0.277976483,0.555882633,-0.277781636,0.277760178,3.87887303e-06,-0.97647059,0.978504598,-0.978504598,-0.976761103,0.978504598,-0.978504598,0,-0.0132910311,0.0122316573,-0,-0,0,0,-0,0,0,-0,0,0.134034127,0.525021136,0.309500337,1,-2.0254125e-05,4.97482069e-05,0.000110370034,5.01134956e-09,0.000269648852,-0.00575467898,-0.00105937384,1.96881711e-08,-1.35798675e-18,0,0,0,0,0,0,0,0,0,0,4.2778575e-07,0.0458183438,0.0143489391,-3.28500573e-06,-0.0458120033,0.0143691646,0,0,0,0,0,0,0,0,0,0,0,0,0,0.788457334,0,0
13,-0.277781069,-0.278016716,0.555967629,-0.277787954,0.277770817,3.87887303e-06,-0.97647059,0.978504598,-0.978504598,-0.976761103,0.978504598,-0.978504598,0,-0.0124262888,0.0118216937,-0,-0,0,0,-0,0,0,-0,0,0.13401942,0.525010407,0.309401393,1,-2.02572155e-05,1.9707486e-05,0.000121814177,2.79470935e-09,0.000150376683,-0.00534165511,-0.000604595058,1.12362324e-08,-6.56235829e-19,0,0,0,0,0,0,0,0,0,0,1.290505e-06,0.0458186716,0.0143478904,-2.42228657e-06,-0.0458116755,0.0143702133,0,0,0,0,0,0,0,0,0,0,0,0,0,0.832909107,0,0
14,-0.277781069,-0.278052717,0.556026638,-0.277781636,0.277768701,1.02031217e-05,-0.97647059,0.978504598,-0.978504598,-0.976761103,0.978504598,-0.978504598,0,-0.0128332544,0.0117822401,-0,-0,0,0,-0,0,0,-0,0,0.13402234,0.525024414,0.309314758,1,-3.81378704e-05,2.56701369e-05,0.000122290541,4.93119678e-09,0.000265336013,-0.00555929076,-0.00105101429,1.95328109e-08,6.54045713e-19,0,0,0,0,0,0,0,0,0,0,2.75781031e-06,0.0458186865,0.0143478466,-4.23193796e-06,-0.0458116606,0.014370257,0,0,0,0,0,0,0,0,0,0,0,0,0,0.875468731,0,0
15,-0.277781069,-0.278090835,0.556086004,-0.27777952,0.277770817,8.17936234e-06,-0.97647059,0.978504598,-0.978504598,-0.976761103,0.978504598,-0.978504598,0,-0.0114060994,0.0118519757,-0,-0,0,0,-0,0,0,-0,0,0.13401942,0.525034189,0.309219569,1,-3.24162029e-05,1.97092213e-05,0.000140172167,-2.31830222e-09,-0.00012474235,-0.00480296416,0.000445876271,-8.28648794e-09,0,0,0,0,0,0,0,0,0,0,0,2.40468012e-06,0.0458192006,0.0143462075,-3.53644191e-06,-0.0458111465,0.0143718962,0,0,0,0,0,0,0,0,0,0,0,0,0,0.91629076,0,0
16,-0.277779043,-0.278116047,0.556166649,-0.277787954,0.277770817,5.98695578e-06,-0.97647059,0.978504598,-0.978504598,-0.976761103,0.978504598,-0.978504598,0,-0.00936579145,0.0122937141,-0,-0,0,0,-0,0,0,-0,0,0.134013399,0.525011361,0.309162766,1,-2.04956432e-05,1.9708903e-05,0.000121337114,-5.50123902e-09,-0.000770413375,-0.00368752913,0.00292792264,-2.09072191e-08,-6.82438223e-19,0,0,0,0,0,0,0,0,0,0,1.31231127e-06,0.0458186604,0.0143479342,-2.44417311e-06,-0.0458116904,0.0143701704,0,0,0,0,0,0,0,0,0,0,0,0,0,0.955511451,0,0
17,-0.277781069,-0.278143615,0.556246877,-0.277787954,0.277775019,5.98695578e-06,-0.97647059,0.978504598,-0.978504598,-0.976761103,0.978504598,-0.978504598,0,-0.00934173539,0.0132574774,-0,-0,0,0,-0,0,0,-0,0,0.134013578,0.524999261,0.309103578,1,-2.62194135e-05,7.78700814e-06,8.58129497e-05,-1.91124023e-08,-0.00102839305,-0.00357854972,0.00391574204,-7.27729841e-08,7.35937835e-19,0,0,0,0,0,0,0,0,0,0,2.17899174e-06,0.0458176397,0.0143511891,-2.62611866e-06,-0.0458127111,0.0143669154,0,0,0,0,0,0,0,0,0,0,0,0,0,0.993251801,0,0
18,-0.27778545,-0.278173149,0.556323111,-0.277777344,0.277770817,1.77078982e-06,-0.97647059,0.978504598,-0.978504598,-0.976761103,0.978504598,-0.978504598,0,-0.00715077389,0.0132889124,-0,-0,0,0,-0,0,0,-0,0,0.134032428,0.525003314,0.309043527,1,-2.66962961e-05,1.97067548e-05,3.15413236e-05,-6.96707616e-08,-0.00160604774,-0.00242512231,0.00613813847,-2.66274014e-07,-1.47536565e-18,0,0,0,0,0,0,0,0,0,0,1.88033152e-06,0.0458160825,0.0143561624,-3.01216437e-06,-0.0458142683,0.0143619422,0,0,0,0,0,0,0,0,0,0,0,0,0,1.02961946,0,0
19,-0.277776837,-0.278192192,0.556404054,-0.277785838,0.277770817,1.77078982e-06,-0.97647059,0.978504598,-0.978504598,-0.976761103,0.978504598,-0.978504598,0,-0.00671472447,0.0138958432,-0,-0,0,0,-0,0,0,-0,0,0.134006903,0.524980187,0.309005022,1,-2.37832228e-06,1.97072441e-05,-5.02462262e-06,9.87150628e-09,-0.00187773537,-0.002135752,0.00718111871,3.77521019e-08,0,0,0,0,0,0,0,0,0,0,0,-3.48037588e-07,0.045815032,0.0143595124,-7.83872451e-07,-0.0458153188,0.0143585922,0,0,0,0,0,0,0,0,0,0,0,0,0,1.06471074,0,0
20,-0.277779043,-0.278211176,0.556467474,-0.277783722,0.277762294,5.98695578e-06,-0.97647059,0.978504598,-0.978504598,-0.976761103,0.978504598,-0.978504598,0,-0.00647973828,0.0129200798,-0,-0,0,0,-0,0,0,-0,0,0.134025201,0.52497077,0.308967829,1,-2.05000924e-05,4.37869312e-05,-4.69867264e-05,-1.20308279e-08,-0.00168484065,-0.00211005914,0.00644034147,-4.59881129e-08,7.17208501e-19,0,0,0,0,0,0,0,0,0,0,6.20736841e-07,0.045813825,0.0143633578,-3.13574742e-06,-0.0458165258,0.0143547468,0,0,0,0,0,0,0,0,0,0,0,0,0,1.09861231,0,0
21,-0.277774662,-0.278217673,0.55654335,-0.277783722,0.277768701,3.87887303e-06,-0.97647059,0.978504598,-0.978504598,-0.976761103,0.978504598,-0.978504598,0,-0.00700345496,0.0128500462,-0,-0,0,0,-0,0,0,-0,0,0.134003311,0.524947882,0.308970004,1,-2.14329339e-06,2.56650546e-05,-0.00013591678,2.70277472e-08,-0.0015308921,-0.00239226408,0.0058465912,1.03220984e-07,1.42664171e-18,0,0,0,0,0,0,0,0,0,0,-5.40988992e-07,0.0458112694,0.0143715059,-9.33131219e-07,-0.0458190776,0.0143465977,0,0,0,0,0,0,0,0,0,0,0,0,0,1.13140213,0,0
22,-0.277781069,-0.27825585,0.556615233,-0.277785838,0.277766496,3.87887303e-06,-0.97647059,0.978504598,-0.978504598,-0.976761103,0.978504598,-0.978504598,0,-0.00881123263,0.012484082,-0,-0,0,0,-0,0,0,-0,0,0.134025365,0.524941742,0.30887571,1,-2.02635529e-05,3.18664206e-05,-0.000123518563,-1.79746902e-08,-0.000967175525,-0.00337776029,0.00367284939,-6.82588919e-08,-1.38601153e-18,0,0,0,0,0,0,0,0,0,0,9.41180645e-07,0.0458116271,0.0143703697,-2.77161098e-06,-0.04581872,0.0143477339,0,0,0,0,0,0,0,0,0,0,0,0,0,1.16315079,0,0
23,-0.277783096,-0.278270692,0.556678951,-0.277785838,0.277772903,3.87887303e-06,-0.97647059,0.978504598,-0.978504598,-0.976761103,0.978504598,-0.978504598,0,-0.00895567238,0.0116700958,-0,-0,0,0,-0,0,0,-0,0,0.134022504,0.524925947,0.308849663,1,-2.59840217e-05,1.37475117e-05,-0.000171678999,-2.15590532e-08,-0.000717945513,-0.00353498245,0.00271442346,-8.1510926e-08,-6.47820455e-19,0,0,0,0,0,0,0,0,0,0,1.98577823e-06,0.0458102413,0.0143747823,-2.77563936e-06,-0.0458201021,0.0143433204,0,0,0,0,0,0,0,0,0,0,0,0,0,1.19392252,0,0
24,-0.277787477,-0.278293967,0.556758881,-0.277783722,0.277775019,5.98695578e-06,-0.97647059,0.978504598,-0.978504598,-0.976761103,0.978504598,-0.978504598,0,-0.00924185105,0.0112028094,-0,-0,0,0,-0,0,0,-0,0,0.134032592,0.524911523,0.308804363,1,-4.43416429e-05,7.78870981e-06,-0.000224846313,-2.86446866e-08,-0.000522481103,-0.00373192062,0.00196095835,-1.07508264e-07,0,0,0,0,0,0,0,0,0,0,0,3.8389162e-06,0.0458087139,0.0143796541,-4.28684325e-06,-0.0458216295,0.0143384477,0,0,0,0,0,0,0,0,0,0,0,0,0,1.22377539,0,0
25,-0.277781069,-0.278329968,0.556826711,-0.277781636,0.277770817,3.87887303e-06,-0.97647059,0.978504598,-0.978504598,-0.976761103,0.978504598,-0.978504598,0,-0.00902575999,0.010195557,-0,-0,0,0,-0,0,0,-0,0,0.134019405,0.524920821,0.308717847,1,-2.02640476e-05,1.97069039e-05,-0.00022484643,-5.88803895e-09,-0.000316821417,-0.00371909118,0.00116979703,-2.17403553e-08,0,0,0,0,0,0,0,0,0,0,0,1.29031991e-06,0.0458087139,0.0143796541,-2.42247143e-06,-0.0458216295,0.0143384477,0,0,0,0,0,0,0,0,0,0,0,0,0,1.25276291,0,0
26,-0.277779043,-0.278346926,0.556877613,-0.277794272,0.277768701,8.17936234e-06,-0.97647059,0.978504598,-0.978504598,-0.976761103,0.978504598,-0.978504598,0,-0.00878391135,0.0107186809,-0,-0,0,0,-0,0,0,-0,0,0.13401632,0.524897575,0.308674753,1,-2.67023897e-05,2.56635776e-05,-0.000213164385,-3.68600661e-09,-0.000516201719,-0.00353994267,0.00193476956,-1.38154785e-08,-1.19001263e-18,0,0,0,0,0,0,0,0,0,0,1.70907526e-06,0.0458090492,0.0143785831,-3.18342063e-06,-0.0458212942,0.0143395187,0,0,0,0,0,0,0,0,0,0,0,0,0,1.28093386,0,0
27,-0.277772635,-0.278382927,0.556919813,-0.27777952,0.277770817,-3.90697124e-07,-0.97647059,0.978504598,-0.978504598,-0.976761103,0.978504598,-0.978504598,0,-0.00870285742,0.00952852145,-0,-0,0,0,-0,0,0,-0,0,0.133994386,0.524935007,0.308588147,1,1.56499736e-05,1.9704421e-05,-0.000212687315,6.62930777e-09,-0.000227819153,-0.00361621729,0.000825664029,2.40259901e-08,0,0,0,0,0,0,0,0,0,0,0,-2.00017462e-06,0.0458090641,0.0143785393,8.68618542e-07,-0.0458212793,0.0143395625,0,0,0,0,0,0,0,0,0,0,0,0,0,1.3083328,0,0
28,-0.277779043,-0.278404176,0.556983531,-0.277781636,0.27776441,8.17936234e-06,-0.97647059,0.978504598,-0.978504598,-0.976761103,0.978504598,-0.978504598,0,-0.00982300844,0.0093105277,-0,-0,0,0,-0,0,0,-0,0,0.134022281,0.524918199,0.308541894,1,-2.67058731e-05,3.78224613e-05,-0.000236768072,8.48043191e-10,0.000118763033,-0.00422593532,-0.000512480736,3.65943653e-09,-5.16838111e-19,0,0,0,0,0,0,0,0,0,0,1.35987693e-06,0.0458083712,0.0143807456,-3.53261885e-06,-0.0458219685,0.0143373553,0,0,0,0,0,0,0,0,0,0,0,0,0,1.33500111,0,0
29,-0.277783096,-0.278429568,0.557025731,-0.277787954,0.277770817,8.17936234e-06,-0.97647059,0.978504598,-0.978504598,-0.976761103,0.978504598,-0.978504598,0,-0.00970648695,0.00909310672,-0,-0,0,0,-0,0,0,-0,0,0.134025425,0.524909735,0.308474869,1,-3.81450845e-05,1.97056052e-05,-0.000206726749,4.34327241e-09,0.000144636811,-0.00418649008,-0.000613380224,1.84190814e-08,5.04768823e-19,0,0,0,0,0,0,0,0,0,0,2.92874006e-06,0.0458092354,0.0143779935,-4.06100799e-06,-0.0458211079,0.0143401083,0,0,0,0,0,0,0,0,0,0,0,0,0,1.36097658,0,0
30,-0.277781069,-0.278463542,0.557097554,-0.277787954,0.277772903,3.87887303e-06,-0.97647059,0.978504598,-0.978504598,-0.976761103,0.978504598,-0.978504598,0,-0.0106807388,0.00946757942,-0,-0,0,0,-0,0,0,-0,0,0.134016484,0.524909377,0.308394283,1,-2.02625342e-05,1.37464613e-05,-0.000212210245,5.54822766e-09,0.000298536994,-0.00466044014,-0.00121315941,2.25462333e-08,-1.05111247e-18,0,0,0,0,0,0,0,0,0,0,1.46149989e-06,0.0458090752,0.0143784955,-2.25129156e-06,-0.0458212644,0.0143396063,0,0,0,0,0,0,0,0,0,0,0,0,0,1.38629436,0,0
31,-0.277783096,-0.278486818,0.557144761,-0.27777952,0.27776441,-3.90697124e-07,-0.97647059,0.978504598,-0.978504598,-0.976761103,0.978504598,-0.978504598,0,-0.0109159863,0.011418229,-0,-0,0,0,-0,0,0,-0,0,0.134034291,0.524919033,0.308343321,1,-1.39187032e-05,3.78309123e-05,-0.000237005137,-4.48884441e-09,-0.000149484564,-0.00458909431,0.000502242707,-1.50817545e-08,0,0,0,0,0,0,0,0,0,0,0,1.88027187e-07,0.0458083637,0.0143807679,-2.36108076e-06,-0.0458219759,0.0143373339,0,0,0,0,0,0,0,0,0,0,0,0,0,1.41098702,0,0
32,-0.277787477,-0.278522998,0.557229102,-0.277783722,0.277775019,8.17936234e-06,-0.97647059,0.978504598,-0.978504598,-0.976761103,0.978504598,-0.978504598,0,-0.0128783286,0.0114593562,-0,-0,0,0,-0,0,0,-0,0,0.134032592,0.52490449,0.308257401,0.99999994,-5.05406606e-05,7.78739013e-06,-0.000242012509,1.90085281e-08,0.000346716901,-0.00561494706,-0.00141897239,7.77942333e-08,-6.36122054e-19,0,0,0,0,0,0,0,0,0,0,4.40689519e-06,0.0458082184,0.0143812262,-4.8548759e-06,-0.0458221212,0.0143368747,0,0,0,0,0,0,0,0,0,0,0,0,0,1.43508458,0,0
33,-0.277779043,-0.278571725,0.557301283,-0.277785838,0.277768701,-3.90697124e-07,-0.97647059,0.978504598,-0.978504598,-0.976761103,0.978504598,-0.978504598,0,-0.0137472302,0.0111633511,-0,-0,0,0,-0,0,0,-0,0,0.13401632,0.52491802,0.308131903,1,-2.47078697e-06,2.56686817e-05,-0.000200289171,4.62071537e-09,0.000647101668,-0.00610059779,-0.00258387905,1.845053e-08,0,0,0,0,0,0,0,0,0,0,0,-5.11242092e-07,0.0458094217,0.014377404,-9.63098046e-07,-0.0458209254,0.0143406987,0,0,0,0,0,0,0,0,0,0,0,0,0,1.45861506,0,0
34,-0.277781069,-0.278609753,0.557360649,-0.27777952,0.277770817,5.98695578e-06,-0.97647059,0.978504598,-0.978504598,-0.976761103,0.978504598,-0.978504598,0,-0.0122594479,0.0111311888,-0,-0,0,0,-0,0,0,-0,0,0.13401942,0.524931729,0.308039367,1,-2.62239155e-05,1.97057961e-05,-0.000194567387,5.00855979e-09,0.000269498734,-0.00532292016,-0.00112825911,2.09683844e-08,1.23581021e-18,0,0,0,0,0,0,0,0,0,0,1.83649558e-06,0.0458095856,0.0143768797,-2.96861481e-06,-0.0458207577,0.0143412231,0,0,0,0,0,0,0,0,0,0,0,0,0,1.48160458,0,0
35,-0.27778545,-0.278645784,0.557428122,-0.27777952,0.277768701,8.17936234e-06,-0.97647059,0.978504598,-0.978504598,-0.976761103,0.978504598,-0.978504598,0,-0.0123735713,0.0110756829,-0,-0,0,0,-0,0,0,-0,0,0.134035349,0.524929881,0.30795157,1,-4.48215578e-05,2.56674757e-05,-0.000188129983,1.35520644e-08,0.000312401651,-0.00538836699,-0.00129788835,5.63027278e-08,0,0,0,0,0,0,0,0,0,0,0,3.36920925e-06,0.0458097681,0.0143762901,-4.84393604e-06,-0.0458205752,0.0143418126,0,0,0,0,0,0,0,0,0,0,0,0,0,1.50407743,0,0
36,-0.27778545,-0.278679579,0.557487488,-0.277785838,0.277766496,5.98695578e-06,-0.97647059,0.978504598,-0.978504598,-0.976761103,0.978504598,-0.978504598,0,-0.0117089469,0.0105270268,-0,-0,0,0,-0,0,0,-0,0,0.134038389,0.524924159,0.307864368,1,-3.86229003e-05,3.18673847e-05,-0.00015856589,1.22596813e-08,0.00028260969,-0.00509431632,-0.00118192006,5.12719964e-08,-1.16873476e-18,0,0,0,0,0,0,0,0,0,0,2.6232201e-06,0.0458106175,0.0143735809,-4.45391333e-06,-0.0458197258,0.0143445218,0,0,0,0,0,0,0,0,0,0,0,0,0,1.52605629,0,0
37,-0.277783096,-0.278713495,0.557542443,-0.277787954,0.277772903,1.77078982e-06,-0.97647059,0.978504598,-0.978504598,-0.976761103,0.978504598,-0.978504598,0,-0.0112148998,0.00997556932,-0,-0,0,0,-0,0,0,-0,0,0.134022504,0.524927914,0.30777809,1,-2.00230461e-05,1.37481629e-05,-0.000134485628,8.94020769e-09,0.000297720951,-0.00489008985,-0.00123933051,3.72156279e-08,-5.53755337e-19,0,0,0,0,0,0,0,0,0,0,1.43965087e-06,0.0458113104,0.0143713746,-2.22944777e-06,-0.0458190367,0.014346729,0,0,0,0,0,0,0,0,0,0,0,0,0,1.54756248,0,0
38,-0.277779043,-0.278751612,0.557588637,-0.277783722,0.277768701,1.77078982e-06,-0.97647059,0.978504598,-0.978504598,-0.976761103,0.978504598,-0.978504598,0,-0.0110457987,0.0086581232,-0,-0,0,0,-0,0,0,-0,0,0.13401632,0.524948835,0.307680398,1,-8.57977466e-06,2.56675976e-05,-0.000103968217,4.2580095e-09,0.000596307043,-0.00493301125,-0.00238767546,1.70495138e-08,4.80622386e-19,0,0,0,0,0,0,0,0,0,0,4.87729217e-08,0.0458121896,0.0143685788,-1.52307359e-06,-0.0458181612,0.0143495258,0,0,0,0,0,0,0,0,0,0,0,0,0,1.56861591,0,0
39,-0.277781069,-0.278781205,0.557648361,-0.277783722,0.27776441,1.77078982e-06,-0.97647059,0.978504598,-0.978504598,-0.976761103,0.978504598,-0.978504598,0,-0.0107876798,0.00970568135,-0,-0,0,0,-0,0,0,-0,0,0.134028286,0.52494669,0.307609409,1,-1.4303112e-05,3.78275436e-05,-0.000104683277,4.75625228e-09,0.00025592267,-0.00469282176,-0.00108199846,2.01086436e-08,5.38773545e-19,0,0,0,0,0,0,0,0,0,0,2.23858024e-07,0.0458121672,0.014368644,-2.39661472e-06,-0.0458181798,0.0143494597,0,0,0,0,0,0,0,0,0,0,0,0,0,1.58923519,0,0
40,-0.277783096,-0.278815091,0.557716131,-0.277787954,0.277762294,5.98695578e-06,-0.952941179,0.957009196,-0.957009196,-0.953522146,0.957009196,-0.957009196,0,-0.0103820078,0.010232158,-0,-0,0,0.483819813,-0.483819813,0.483819813,0.483819813,-0.483819813,0.483819813,0.134037226,0.524938822,0.307525575,1,-3.19461906e-05,4.37873823e-05,-9.27625952e-05,3.95298599e-10,1.31639754e-05,-0.00442725234,-0.000149849802,4.49981208e-09,-5.6799887e-19,0,0,0,0,0,0,0,0,0,0,1.67325345e-06,0.0454443172,0.0140536437,-4.13343241e-06,-0.0454495288,0.0140367812,0,0,0,0,0,0,0,0,0,0,0,0,0,1.60943794,0,0
41,-0.277776837,-0.278840482,0.557758331,-0.27777952,0.277770817,3.87887303e-06,-0.952941179,0.957009196,-0.957009196,-0.953522146,0.957009196,-0.957009196,0,-0.0102001019,0.00940069743,-0,-0,0,0,-0,0,0,-0,0,0.134006903,0.524958491,0.307466894,1,-8.34074581e-06,1.97058616e-05,-0.000104445287,-9.58116031e-10,0.00018225066,-0.00441486249,-0.000799404457,-4.20257606e-09,-5.21843536e-19,0,0,0,0,0,0,0,0,0,0,2.04364923e-07,0.0454439893,0.0140547054,-1.31150591e-06,-0.0454498567,0.0140357185,0,0,0,0,0,0,0,0,0,0,0,0,0,1.62924051,0,0
42,-0.277781069,-0.278870165,0.557821691,-0.277790129,0.277772903,8.17936234e-06,-0.952941179,0.957009196,-0.957009196,-0.953522146,0.957009196,-0.957009196,0,-0.0111538647,0.0101529537,-0,-0,0,0,-0,0,0,-0,0,0.134016499,0.524938405,0.30739069,1,-3.24200664e-05,1.37457091e-05,-8.01265123e-05,4.30275371e-09,0.000231520986,-0.00484032836,-0.001000911,1.86016553e-08,-5.63602147e-19,0,0,0,0,0,0,0,0,0,0,2.56048861e-06,0.0454446711,0.0140524954,-3.33288017e-06,-0.0454491749,0.0140379295,0,0,0,0,0,0,0,0,0,0,0,0,0,1.64865863,0,0
43,-0.27778545,-0.278908193,0.557889521,-0.277787954,0.277770817,8.17936234e-06,-0.952941179,0.957009196,-0.957009196,-0.953522146,0.957009196,-0.957009196,0,-0.00944056734,0.00992831774,-0,-0,0,0,-0,0,0,-0,0,0.134032428,0.524941027,0.307298213,1,-4.48182e-05,1.97071749e-05,-7.46427249e-05,-6.62581101e-09,-0.000152737935,-0.00396341179,0.000487750396,-2.1158737e-08,0,0,0,0,0,0,0,0,0,0,0,3.5198882e-06,0.0454448275,0.0140519971,-4.62724211e-06,-0.0454490185,0.0140384277,0,0,0,0,0,0,0,0,0,0,0,0,0,1.66770685,0,0
44,-0.277783096,-0.278927326,0.557919204,-0.277781636,0.277770817,8.17936234e-06,-0.952941179,0.957009196,-0.957009196,-0.953522146,0.957009196,-0.957009196,0,-0.00947451498,0.0101630129,-0,-0,0,0,-0,0,0,-0,0,0.134025425,0.524954855,0.307253361,1,-3.81425925e-05,1.97066292e-05,-8.03649018e-05,-6.17316065e-09,-0.000205574557,-0.00395776564,0.000688497908,-2.06747774e-08,-5.64160546e-19,0,0,0,0,0,0,0,0,0,0,2.91312949e-06,0.0454446673,0.0140525168,-4.02043679e-06,-0.0454491824,0.0140379081,0,0,0,0,0,0,0,0,0,0,0,0,0,1.68639898,0,0
45,-0.277774662,-0.278959036,0.557991385,-0.277781636,0.277772903,8.17936234e-06,-0.952941179,0.957009196,-0.957009196,-0.953522146,0.957009196,-0.957009196,0,-0.00876916852,0.0103147412,-0,-0,0,0,-0,0,0,-0,0,0.13399747,0.524957061,0.30717963,1,-1.43004272e-05,1.37438528e-05,-9.27629517e-05,7.54963203e-09,-0.000427622494,-0.00357233686,0.00154557265,2.728693e-08,0,0,0,0,0,0,0,0,0,0,0,9.13597034e-07,0.0454443172,0.0140536437,-1.68581289e-06,-0.0454495288,0.0140367812,0,0,0,0,0,0,0,0,0,0,0,0,0,1.70474803,0,0
46,-0.277774662,-0.278984427,0.558046699,-0.277783722,0.277770817,1.77078982e-06,-0.866666675,0.878192663,-0.878192663,-0.868312776,0.878192663,-0.878192663,0,-0.00857883971,0.0102516375,-0,-0,0,1.77429962,-1.77429962,1.77429962,1.77429962,-1.77429962,1.77429962,0.134000391,0.524951875,0.307118744,1,3.81882228e-06,1.97059926e-05,-9.32396215e-05,8.13460943e-09,-0.000460756506,-0.00347873778,0.00167279784,2.95330782e-08,-5.69080202e-19,0,0,0,0,0,0,0,0,0,0,-8.46034879e-07,0.0440718308,0.0129296379,-1.72464226e-07,-0.0440766513,0.0129132001,0,0,0,0,0,0,0,0,0,0,0,0,0,1.72276664,0,0
47,-0.27778545,-0.279009879,0.558114171,-0.277785838,0.277770817,8.17936234e-06,-0.866666675,0.878192663,-0.878192663,-0.868312776,0.878192663,-0.878192663,0,-0.00882067997,0.0106002437,-0,-0,0,0,-0,0,0,-0,0,0.134032428,0.524933457,0.307061017,1,-4.48189094e-05,1.97071222e-05,-0.00011064393,-2.12486775e-08,-0.000489823695,-0.0035708677,0.00177956372,-7.71979316e-08,0,0,0,0,0,0,0,0,0,0,0,3.44111049e-06,0.04407138,0.0129311727,-4.45994283e-06,-0.0440770984,0.0129116662,0,0,0,0,0,0,0,0,0,0,0,0,0,1.74046612,0,0
48,-0.277779043,-0.279033154,0.558169484,-0.277781636,0.277770817,3.87887303e-06,-0.866666675,0.878192663,-0.878192663,-0.868312776,0.878192663,-0.878192663,0,-0.00977137871,0.0109936623,-0,-0,0,0,-0,0,0,-0,0,0.134013399,0.524940133,0.307009935,1,-1.454023e-05,1.97062836e-05,-0.000134962742,-2.48479437e-09,-0.0003479796,-0.00403059367,0.00122228358,-8.72787798e-09,1.2205417e-18,0,0,0,0,0,0,0,0,0,0,7.72147757e-07,0.0440707505,0.0129333157,-1.79078177e-06,-0.0440777279,0.0129095223,0,0,0,0,0,0,0,0,0,0,0,0,0,1.75785792,0,0
49,-0.27778545,-0.279065013,0.558236897,-0.277785838,0.277772903,3.87887303e-06,-0.866666675,0.878192663,-0.878192663,-0.868312776,0.878192663,-0.878192663,0,-0.0110929953,0.0112045566,-0,-0,0,0,-0,0,0,-0,0,0.134029508,0.524927318,0.306932002,1,-3.26591471e-05,1.37481929e-05,-0.000128286731,-2.74978351e-09,-6.33879026e-05,-0.00470325071,0.000111561269,-4.83955631e-09,6.21977834e-19,0,0,0,0,0,0,0,0,0,0,2.52329801e-06,0.0440709256,0.0129327271,-3.23409927e-06,-0.0440775529,0.0129101109,0,0,0,0,0,0,0,0,0,0,0,0,0,1.77495229,0,0
50,-0.277779043,-0.279101044,0.558309078,-0.277787954,0.277772903,3.87887303e-06,-0.866666675,0.878192663,-0.878192663,-0.868312776,0.878192663,-0.878192663,0,-0.0106966309,0.012494904,-0,-0,0,0,-0,0,0,-0,0,0.134010479,0.52492857,0.306844324,1,-1.4539256e-05,1.37459101e-05,-0.000122564932,-3.58889074e-09,-0.000502601266,-0.00436626049,0.00179827306,-1.28408066e-08,6.93606505e-19,0,0,0,0,0,0,0,0,0,0,9.26185407e-07,0.0440710708,0.0129322233,-1.63674417e-06,-0.0440774076,0.0129106147,0,0,0,0,0,0,0,0,0,0,0,0,0,1.79175949,0,0
51,-0.277774662,-0.279130727,0.558385313,-0.277790129,0.277760178,-3.90697124e-07,-0.866666675,0.878192663,-0.878192663,-0.868312776,0.878192663,-0.878192663,0,-0.0109655056,0.0131526226,-0,-0,0,0,-0,0,0,-0,0,0.134015113,0.524921298,0.306776524,1,9.9251447e-06,4.97469409e-05,-0.000140208183,1.06912603e-08,-0.000605569046,-0.00444170134,0.002187117,3.8613333e-08,-7.30117223e-19,0,0,0,0,0,0,0,0,0,0,-2.16106741e-06,0.0440706164,0.0129337776,-4.10064899e-07,-0.0440778621,0.0129090594,0,0,0,0,0,0,0,0,0,0,0,0,0,1.80828881,0,0
52,-0.277779043,-0.279164612,0.558457494,-0.277785838,0.277768701,5.98695578e-06,-0.796078444,0.813706458,-0.813706458,-0.798595965,0.813706458,-0.813706458,0,-0.0106423041,0.013115217,-0,-0,0,1.45765924,-1.45765924,1.45765924,1.45765924,-1.45765924,1.45765924,0.13401632,0.524921477,0.30669874,1,-2.05021042e-05,2.56656276e-05,-0.000158566385,-4.85467577e-09,-0.000679866353,-0.00427578576,0.00247291289,-1.76581629e-08,7.28040793e-19,0,0,0,0,0,0,0,0,0,0,1.14198212e-06,0.0429217927,0.0120476261,-2.37758059e-06,-0.0429294258,0.0120203998,0,0,0,0,0,0,0,0,0,0,0,0,0,1.82454932,0,0
53,-0.277783096,-0.279189914,0.558524966,-0.277785838,0.277770817,5.98695578e-06,-0.796078444,0.813706458,-0.813706458,-0.798595965,0.813706458,-0.813706458,0,-0.00962037407,0.0125613622,-0,-0,0,0,-0,0,0,-0,0,0.134025425,0.524910927,0.306642711,1,-3.19457213e-05,1.9706933e-05,-0.000182407937,-2.39939553e-08,-0.000799030997,-0.00379474834,0.00294098817,-8.8314394e-08,6.97295679e-19,0,0,0,0,0,0,0,0,0,0,2.26782322e-06,0.042921219,0.0120496731,-3.21671769e-06,-0.0429299995,0.0120183527,0,0,0,0,0,0,0,0,0,0,0,0,0,1.84054959,0,0
54,-0.277776837,-0.279215276,0.558605909,-0.277783722,0.277770817,3.87887303e-06,-0.796078444,0.813706458,-0.813706458,-0.798595965,0.813706458,-0.813706458,0,-0.00892465282,0.0128755542,-0,-0,0,0,-0,0,0,-0,0,0.134006903,0.524905503,0.306591421,1,-8.34324055e-06,1.9704139e-05,-0.000231045546,5.57478197e-09,-0.00106042239,-0.00339827151,0.00395090133,2.07704165e-08,-1.42947367e-18,0,0,0,0,0,0,0,0,0,0,2.41600389e-07,0.0429200456,0.0120538482,-1.19017272e-06,-0.0429311655,0.0120141767,0,0,0,0,0,0,0,0,0,0,0,0,0,1.85629797,0,0
55,-0.277783096,-0.279242873,0.558686197,-0.277781636,0.277768701,1.77078982e-06,-0.796078444,0.813706458,-0.813706458,-0.798595965,0.813706458,-0.813706458,0,-0.00870549772,0.0118664587,-0,-0,0,0,-0,0,0,-0,0,0.134028345,0.524892747,0.306533456,0.99999994,-2.0028192e-05,2.56704734e-05,-0.000272529869,-2.56570072e-08,-0.00085441285,-0.00338407466,0.00316096097,-9.4919919e-08,-6.58720783e-19,0,0,0,0,0,0,0,0,0,0,1.10087512e-06,0.0429190472,0.0120574096,-2.33681317e-06,-0.0429321639,0.0120106153,0,0,0,0,0,0,0,0,0,0,0,0,0,1.87180221,0,0
56,-0.277783096,-0.279272467,0.558728039,-0.277783722,0.277768701,5.98695578e-06,-0.796078444,0.813706458,-0.813706458,-0.798595965,0.813706458,-0.813706458,0,-0.00870148651,0.0103573473,-0,-0,0,0,-0,0,0,-0,0,0.134028345,0.524896443,0.306456208,0.99999994,-3.1948337e-05,2.56672829e-05,-0.000242012582,-1.38964875e-08,-0.000462771743,-0.00353263668,0.0016558608,-4.97235391e-08,1.14989655e-18,0,0,0,0,0,0,0,0,0,0,2.1243236e-06,0.0429197811,0.0120547898,-3.36021753e-06,-0.04293143,0.0120132351,0,0,0,0,0,0,0,0,0,0,0,0,0,1.8870697,0,0
57,-0.27778545,-0.279293537,0.55879581,-0.27777952,0.27776441,-3.90697124e-07,-0.796078444,0.813706458,-0.813706458,-0.798595965,0.813706458,-0.813706458,0,-0.00776892528,0.00913902465,-0,-0,0,0,-0,0,0,-0,0,0.134041309,0.52488941,0.3064152,0.99999994,-2.05964334e-05,3.78337063e-05,-0.000290172233,-1.67170011e-08,-0.000385359657,-0.0031648681,0.00137009937,-5.9435262e-08,0,0,0,0,0,0,0,0,0,0,0,8.56559893e-07,0.0429186188,0.012058924,-2.67801283e-06,-0.0429325886,0.0120091001,0,0,0,0,0,0,0,0,0,0,0,0,0,1.90210748,0,0
58,-0.277781069,-0.279310495,0.558846414,-0.27777952,0.277768701,8.17936234e-06,-0.717647076,0.742055118,-0.742055118,-0.721132874,0.742055118,-0.742055118,0,-0.00693681883,0.00767885894,-0,-0,0,1.73538578,-1.73538578,1.73538578,1.73538578,-1.73538578,1.73538578,0.134022325,0.524885416,0.306379169,0.99999994,-3.2427015e-05,2.56634048e-05,-0.000313776894,-4.06888789e-09,-0.000218937232,-0.0028739539,0.000742040109,-1.37906104e-08,-4.262623e-19,0,0,0,0,0,0,0,0,0,0,2.12971349e-06,0.0416164137,0.0111087169,-3.26783334e-06,-0.041630324,0.0110564753,0,0,0,0,0,0,0,0,0,0,0,0,0,1.91692257,0,0
59,-0.277779043,-0.279335946,0.558880508,-0.27777952,0.277770817,1.77078982e-06,-0.717647076,0.742055118,-0.742055118,-0.721132874,0.742055118,-0.742055118,0,-0.00736154709,0.00834773108,-0,-0,0,0,-0,0,0,-0,0,0.134013399,0.524893403,0.306313217,0.99999994,-8.58281965e-06,1.97068639e-05,-0.000289934687,-2.03204231e-09,-0.000284574577,-0.00303006591,0.000986183994,-7.04197767e-09,4.63392163e-19,0,0,0,0,0,0,0,0,0,0,2.77154584e-07,0.0416169427,0.0111067323,-1.15087789e-06,-0.0416297987,0.01105846,0,0,0,0,0,0,0,0,0,0,0,0,0,1.93152142,0,0
60,-0.277781069,-0.279350787,0.558931053,-0.277787954,0.277772903,5.98695578e-06,-0.717647076,0.742055118,-0.742055118,-0.721132874,0.742055118,-0.742055118,0,-0.00755552156,0.00779660838,-0,-0,0,0,-0,0,0,-0,0,0.134016484,0.52487123,0.306278676,0.99999994,-2.62241447e-05,1.37445595e-05,-0.000295656821,-1.69850356e-09,-9.13924523e-05,-0.0031869025,0.000241086818,-4.48053195e-09,0,0,0,0,0,0,0,0,0,0,0,1.87791386e-06,0.0416168161,0.0111072082,-2.48755919e-06,-0.0416299254,0.0110579841,0,0,0,0,0,0,0,0,0,0,0,0,0,1.9459101,0,0
61,-0.277783096,-0.279380471,0.558964789,-0.277783722,0.277770817,-2.4987803e-06,-0.717647076,0.742055118,-0.742055118,-0.721132874,0.742055118,-0.742055118,0,-0.00796948187,0.00731207011,-0,-0,0,0,-0,0,0,-0,0,0.134025425,0.524885535,0.306202501,0.99999994,-7.95462074e-06,1.97132722e-05,-0.000271337572,4.22288693e-09,0.000140627817,-0.00345253339,-0.000657411758,1.97412966e-08,-4.0590143e-19,0,0,0,0,0,0,0,0,0,0,2.24754672e-07,0.0416173562,0.0111051844,-1.09874736e-06,-0.0416293852,0.0110600088,0,0,0,0,0,0,0,0,0,0,0,0,0,1.96009481,0,0
62,-0.277783096,-0.279403746,0.559020102,-0.277777344,0.277768701,3.87887303e-06,-0.717647076,0.742055118,-0.742055118,-0.721132874,0.742055118,-0.742055118,0,-0.00824187789,0.00751739228,-0,-0,0,0,-0,0,0,-0,0,0.134028345,0.524890184,0.306152642,0.99999994,-2.59894077e-05,2.56689655e-05,-0.000301768072,4.70256589e-09,0.000156601775,-0.0035749888,-0.00072448561,2.17554454e-08,-4.172991e-19,0,0,0,0,0,0,0,0,0,0,1.59375736e-06,0.041616682,0.0111077176,-2.73202045e-06,-0.0416300595,0.0110574747,0,0,0,0,0,0,0,0,0,0,0,0,0,1.97408104,0,0
63,-0.277783096,-0.279418588,0.559066653,-0.277785838,0.277766496,5.98695578e-06,-0.717647076,0.742055118,-0.742055118,-0.721132874,0.742055118,-0.742055118,0,-0.00796563458,0.00782050472,-0,-0,0,0,-0,0,0,-0,0,0.13403137,0.524871111,0.306116939,0.99999994,-3.19517385e-05,3.18660495e-05,-0.000301617227,1.92516544e-10,6.41106044e-06,-0.00339973718,-0.000145129859,4.3580779e-09,4.3412522e-19,0,0,0,0,0,0,0,0,0,0,1.95254734e-06,0.0416166857,0.0111077046,-3.36560902e-06,-0.0416300558,0.0110574877,0,0,0,0,0,0,0,0,0,0,0,0,0,1.98787439,0,0
64,-0.277783096,-0.279452503,0.559121668,-0.277785838,0.277770817,1.77078982e-06,-0.639215708,0.670403719,-0.670403719,-0.643669784,0.670403719,-0.670403719,0,-0.00844839215,0.00796677172,-0,-0,0,1.57058918,-1.57058918,1.57058918,1.57058918,-1.57058918,1.57058918,0.134025425,0.5248757,0.306031853,0.99999994,-2.00267841e-05,1.97101181e-05,-0.000283497182,2.74794587e-09,9.15102937e-05,-0.0036384901,-0.000481620431,1.44624916e-08,-4.4224467e-19,0,0,0,0,0,0,0,0,0,0,1.21254709e-06,0.0402890332,0.0101911705,-2.01445346e-06,-0.040300563,0.010145477,0,0,0,0,0,0,0,0,0,0,0,0,0,2.0014801,0,0
65,-0.277779043,-0.279467344,0.559172571,-0.27777952,0.277770817,-3.90697124e-07,-0.639215708,0.670403719,-0.670403719,-0.643669784,0.670403719,-0.670403719,0,-0.00846861303,0.00796937011,-0,-0,0,0,-0,0,0,-0,0,0.134013399,0.524878323,0.306005776,0.99999994,-2.47217736e-06,1.97088302e-05,-0.000331419404,6.83531232e-10,9.57241864e-05,-0.00364883477,-0.000499242917,3.56491014e-09,0,0,0,0,0,0,0,0,0,0,0,-2.02122848e-07,0.0402880535,0.0101950327,-5.99533621e-07,-0.0403015353,0.0101416139,0,0,0,0,0,0,0,0,0,0,0,0,0,2.01490307,0,0
66,-0.277774662,-0.279499114,0.559215069,-0.277783722,0.277770817,3.87887303e-06,-0.639215708,0.670403719,-0.670403719,-0.643669784,0.670403719,-0.670403719,0,-0.00828218181,0.00764738908,-0,-0,0,0,-0,0,0,-0,0,0.134000391,0.524883866,0.305921018,0.99999994,-2.14551392e-06,1.9701547e-05,-0.000289696647,-2.31578667e-09,0.00013116964,-0.00358313858,-0.000634792726,-1.12072023e-08,8.49030744e-19,0,0,0,0,0,0,0,0,0,0,-2.2822995e-07,0.0402889065,0.0101916706,-5.73122236e-07,-0.0403006896,0.0101449769,0,0,0,0,0,0,0,0,0,0,0,0,0,2.02814817,0,0
67,-0.277783096,-0.279524505,0.559256911,-0.277787954,0.277762294,3.87887303e-06,-0.639215708,0.670403719,-0.670403719,-0.643669784,0.670403719,-0.670403719,0,-0.00866484921,0.00803911593,-0,-0,0,0,-0,0,0,-0,0,0.134037212,0.524874747,0.305855125,0.99999994,-2.59932713e-05,4.37886301e-05,-0.000265138951,3.80447185e-09,0.000126694023,-0.00374485692,-0.000625733286,1.87900291e-08,-4.4626058e-19,0,0,0,0,0,0,0,0,0,0,1.2031976e-06,0.0402894057,0.0101896916,-2.98450595e-06,-0.0403001904,0.0101469569,0,0,0,0,0,0,0,0,0,0,0,0,0,2.04122043,0,0
68,-0.277781069,-0.279549956,0.559308171,-0.277781636,0.277770817,1.77078982e-06,-0.639215708,0.670403719,-0.670403719,-0.643669784,0.670403719,-0.670403719,0,-0.00859031733,0.00824670307,-0,-0,0,0,-0,0,0,-0,0,0.134019405,0.524884284,0.305797607,0.99999994,-1.43047391e-05,1.97084955e-05,-0.000283497298,9.84272774e-10,5.29613899e-05,-0.00368501083,-0.000343614258,6.38597619e-09,4.57783981e-19,0,0,0,0,0,0,0,0,0,0,7.51475682e-07,0.0402890332,0.0101911705,-1.55325017e-06,-0.040300563,0.010145477,0,0,0,0,0,0,0,0,0,0,0,0,0,2.05412364,0,0
69,-0.277774662,-0.279573232,0.559350312,-0.277785838,0.277768701,8.17936234e-06,-0.639215708,0.670403719,-0.670403719,-0.643669784,0.670403719,-0.670403719,0,-0.00857766345,0.00817836262,-0,-0,0,0,-0,0,0,-0,0,0.134003311,0.524884522,0.305738032,0.99999994,-1.43059633e-05,2.56592648e-05,-0.000265378389,-1.18369703e-09,6.70463778e-05,-0.00368518871,-0.000399300829,-7.049616e-09,0,0,0,0,0,0,0,0,0,0,0,6.30462466e-07,0.040289402,0.0101897111,-1.6742639e-06,-0.0403001942,0.0101469373,0,0,0,0,0,0,0,0,0,0,0,0,0,2.06686282,0,0
70,-0.277783096,-0.279596508,0.559401274,-0.277787954,0.277770817,5.98695578e-06,-0.56078434,0.598752379,-0.598752379,-0.566206753,0.598752379,-0.598752379,0,-0.00854350906,0.00781812984,-0,-0,0,1.7620306,-1.7620306,1.7620306,1.7620306,-1.7620306,1.7620306,0.134025425,0.524872839,0.305682153,0.99999994,-3.1947362e-05,1.97067729e-05,-0.000265616021,4.55516025e-09,0.000151692962,-0.00370322377,-0.000725379214,2.17822791e-08,4.33993388e-19,0,0,0,0,0,0,0,0,0,0,2.12132795e-06,0.0389360078,0.00931261014,-2.85409874e-06,-0.0389458798,0.00927123707,0,0,0,0,0,0,0,0,0,0,0,0,0,2.07944155,0,0
71,-0.277783096,-0.279621989,0.559447825,-0.277783722,0.277768701,-3.90697124e-07,-0.56078434,0.598752379,-0.598752379,-0.566206753,0.598752379,-0.598752379,0,-0.00874318834,0.00753973611,-0,-0,0,0,-0,0,0,-0,0,0.134028345,0.524879873,0.305622101,0.99999994,-1.39167023e-05,2.56721196e-05,-0.000271337602,8.25413426e-09,0.000274873775,-0.0038358178,-0.00120345224,3.61382462e-08,-4.18539431e-19,0,0,0,0,0,0,0,0,0,0,6.06159631e-07,0.0389358997,0.00931305625,-1.56047361e-06,-0.0389459841,0.00927079096,0,0,0,0,0,0,0,0,0,0,0,0,0,2.09186411,0,0
72,-0.277779043,-0.27964735,0.559481561,-0.277783722,0.277775019,-3.90697124e-07,-0.56078434,0.598752379,-0.598752379,-0.566206753,0.598752379,-0.598752379,0,-0.00926641095,0.00825661607,-0,-0,0,0,-0,0,0,-0,0,0.134007558,0.52488941,0.305556297,0.99999994,-2.46757122e-06,7.78750837e-06,-0.000247257703,1.58177005e-09,0.000221516806,-0.00403884519,-0.00100979488,7.21057436e-09,0,0,0,0,0,0,0,0,0,0,0,4.72959378e-08,0.0389363468,0.00931118056,-3.36762383e-07,-0.0389455371,0.00927266665,0,0,0,0,0,0,0,0,0,0,0,0,0,2.10413408,0,0
73,-0.277776837,-0.279664159,0.559515297,-0.277781636,0.277772903,3.87887303e-06,-0.56078434,0.598752379,-0.598752379,-0.566206753,0.598752379,-0.598752379,0,-0.00643922528,0.00822838861,-0,-0,0,0,-0,0,0,-0,0,0.134003982,0.524893463,0.305517226,0.99999994,-8.3421719e-06,1.37433708e-05,-0.000253456819,2.60464184e-09,-0.000495449058,-0.00255784206,0.00178916333,9.40587075e-09,-9.1353465e-19,0,0,0,0,0,0,0,0,0,0,3.93988813e-07,0.0389362313,0.00931166392,-9.04876856e-07,-0.0389456525,0.00927218422,0,0,0,0,0,0,0,0,0,0,0,0,0,2.11625552,0,0
74,-0.277781069,-0.279687494,0.559574604,-0.277777344,0.277772903,3.87887303e-06,-0.56078434,0.598752379,-0.598752379,-0.566206753,0.598752379,-0.598752379,0,-0.00673152925,0.00715079624,-0,-0,0,0,-0,0,0,-0,0,0.134016484,0.524890304,0.305467069,0.99999994,-2.02635129e-05,1.37463421e-05,-0.000283409958,-2.60481059e-09,-0.000140158692,-0.00281886593,0.000419266988,-7.79196174e-09,-7.93897863e-19,0,0,0,0,0,0,0,0,0,0,1.32229059e-06,0.0389356762,0.00931399595,-1.83342388e-06,-0.0389462076,0.00926985126,0,0,0,0,0,0,0,0,0,0,0,0,0,2.12823176,0,0
75,-0.27778545,-0.279706478,0.559617102,-0.277777344,0.277768701,-3.90697124e-07,-0.490196079,0.534266174,-0.534266174,-0.496489942,0.534266174,-0.534266174,0,-0.005935953,0.00713041984,-0,-0,0,1.58936322,-1.58936322,1.58936322,1.58936322,-1.58936322,1.58936322,0.134035349,0.524884641,0.305422753,0.99999994,-2.05928973e-05,2.56743515e-05,-0.000289846648,-1.46973065e-08,-0.000338801736,-0.00240335707,0.00119446684,-5.18162793e-08,3.95817814e-19,0,0,0,0,0,0,0,0,0,0,1.11379472e-06,0.0376967974,0.00855797715,-1.99063629e-06,-0.0377066955,0.00851426646,0,0,0,0,0,0,0,0,0,0,0,0,0,2.14006615,0,0
76,-0.277781069,-0.279725194,0.559629261,-0.277781636,0.277772903,3.87887303e-06,-0.490196079,0.534266174,-0.534266174,-0.496489942,0.534266174,-0.534266174,0,-0.000106980791,0.00227455329,-0,-0,0,0,-0,0,0,-0,0,0.134016484,0.524892032,0.305368215,1,-2.02629435e-05,1.37464112e-05,-0.000242012567,-1.05071818e-08,-0.000565366528,0.000171011401,0.0021675725,-4.02837372e-08,0,0,0,0,0,0,0,0,0,0,0,1.29288026e-06,0.037697617,0.00855437107,-1.7624119e-06,-0.0377058797,0.00851787347,0,0,0,0,0,0,0,0,0,0,0,0,0,2.15176225,0,0
77,-0.277779043,-0.279713809,0.559619129,-0.277785838,0.277760178,3.87887303e-06,-0.490196079,0.534266174,-0.534266174,-0.496489942,0.534266174,-0.534266174,0,0.0117410803,-0.00922586676,-0,-0,0,0,-0,0,0,-0,0,0.134028122,0.524882793,0.305396765,0.99999994,-1.45499062e-05,4.97461879e-05,-0.000247973367,-4.29033875e-09,-0.000600834552,0.00524082314,0.00251521356,-1.79602164e-08,0,0,0,0,0,0,0,0,0,0,0,2.4684303e-07,0.0376975164,0.00855481997,-1.94552445e-06,-0.037705984,0.00851742458,0,0,0,0,0,0,0,0,0,0,0,0,0,2.16332293,0,0
78,-0.277776837,-0.279670626,0.559540927,-0.277783722,0.27776441,5.98695578e-06,-0.490196079,0.534266174,-0.534266174,-0.496489942,0.534266174,-0.534266174,0,0.02629916,-0.0247695334,-0,-0,0,0,-0,0,0,-0,0,0.134015769,0.524885118,0.305503994,0.99999994,-1.43091902e-05,3.78219011e-05,-0.000265378301,1.46668222e-09,-0.00027898897,0.0113292411,0.00152962655,8.04145106e-09,0,0,0,0,0,0,0,0,0,0,0,4.32436593e-07,0.0376972184,0.00855613314,-1.72397597e-06,-0.0377062783,0.00851611141,0,0,0,0,0,0,0,0,0,0,0,0,0,2.17475176,0,0
79,-0.277779043,-0.279595852,0.559395552,-0.277783722,0.277766496,1.02031217e-05,-0.490196079,0.534266174,-0.534266174,-0.496489942,0.534266174,-0.534266174,0,0.036259599,-0.0365818664,-0,-0,0,0,-0,0,0,-0,0,0.13401936,0.524883568,0.305684924,0.99999994,-3.24276079e-05,3.18597704e-05,-0.000271338824,1.73098713e-09,0.000242413691,0.0153773371,-0.000322267413,2.30119324e-09,0,0,0,0,0,0,0,0,0,0,0,1.90043556e-06,0.0376971141,0.00855658203,-2.98857162e-06,-0.0377063788,0.00851566251,0,0,0,0,0,0,0,0,0,0,0,0,0,2.18605137,0,0
80,-0.27778545,-0.279457033,0.559117913,-0.277787954,0.277766496,5.98695578e-06,-0.490196079,0.534266174,-0.534266174,-0.496489942,0.534266174,-0.534266174,0,0.0550899617,-0.0557843782,-0,-0,0,0,-0,0,0,-0,0,0.134038389,0.524876177,0.306016088,0.99999994,-3.86261127e-05,3.18678649e-05,-0.000259416935,1.74950756e-08,0.000403295795,0.0233428422,-0.000694416463,3.01239638e-08,0,0,0,0,0,0,0,0,0,0,0,2.3676937e-06,0.0376973189,0.00855568331,-3.45614808e-06,-0.0377061777,0.00851656124,0,0,0,0,0,0,0,0,0,0,0,0,0,2.19722462,0,0
81,-0.277783096,-0.27924633,0.55869633,-0.277787954,0.277768701,8.17936234e-06,-0.490196079,0.534266174,-0.534266174,-0.496489942,0.534266174,-0.534266174,0,0.0708699822,-0.0743458346,-0,-0,0,0,-0,0,0,-0,0,0.134028345,0.524882555,0.306522459,0.99999994,-3.81476602e-05,2.56656422e-05,-0.000259178894,3.47114337e-08,0.00115593744,0.0297716502,-0.00347585231,1.04375729e-07,0,0,0,0,0,0,0,0,0,0,0,2.43762679e-06,0.0376973227,0.00855566561,-3.31430465e-06,-0.037706174,0.00851657894,0,0,0,0,0,0,0,0,0,0,0,0,0,2.20827436,0,0
82,-0.277781069,-0.278996885,0.558180571,-0.277781636,0.277768701,1.77078982e-06,-0.411764711,0.462614775,-0.462614775,-0.419026881,0.462614775,-0.462614775,0,0.0966706797,-0.10106983,-0,-0,0,1.68105745,-1.68105745,1.68105745,1.68105745,-1.68105745,1.68105745,0.134022325,0.52490443,0.307120711,0.99999994,-1.43056513e-05,2.56688309e-05,-0.00025321811,2.65697757e-08,0.00142965675,0.0406447463,-0.00439915061,8.17570012e-08,-5.61050264e-18,0,0,0,0,0,0,0,0,0,0,6.41120039e-07,0.0362989306,0.00775196357,-1.43527984e-06,-0.0363067649,0.00771519309,0,0,0,0,0,0,0,0,0,0,0,0,0,2.21920347,0,0
83,-0.277779043,-0.278686583,0.557556629,-0.277790129,0.27776441,1.77078982e-06,-0.411764711,0.462614775,-0.462614775,-0.419026881,0.462614775,-0.462614775,0,0.11430271,-0.114441335,-0,-0,0,0,-0,0,0,-0,0,0.134022281,0.524900019,0.307860702,1,-8.5855936e-06,3.78267687e-05,-0.000224369622,2.04063744e-09,0.000285778253,0.0485641658,-0.000138625503,9.89873739e-10,-6.35277027e-18,0,0,0,0,0,0,0,0,0,0,3.7644373e-08,0.0362993777,0.00774986902,-1.20784921e-06,-0.0363063179,0.0077172881,0,0,0,0,0,0,0,0,0,0,0,0,0,2.23001432,0,0
84,-0.277772635,-0.278268009,0.556749821,-0.277787954,0.277766496,1.77078982e-06,-0.411764711,0.462614775,-0.462614775,-0.419026881,0.462614775,-0.462614775,0,0.135767549,-0.131932497,-0,-0,0,0,-0,0,0,-0,0,0.134000346,0.524899304,0.308876485,0.99999994,9.53399012e-06,3.18612801e-05,-0.000273484417,2.44279015e-08,-0.000839475833,0.058083877,0.00383505225,1.11596151e-07,0,0,0,0,0,0,0,0,0,0,0,-1.18561786e-06,0.0362986177,0.00775343459,2.00091577e-07,-0.0363070779,0.0077137216,0,0,0,0,0,0,0,0,0,0,0,0,0,2.24070978,0,0
85,-0.277781069,-0.277860463,0.555925429,-0.277792156,0.277766496,3.87887303e-06,-0.411764711,0.462614775,-0.462614775,-0.419026881,0.462614775,-0.462614775,0,0.15006271,-0.156365618,-0,-0,0,0,-0,0,0,-0,0,0.134025365,0.524892509,0.309850931,0.99999994,-2.02675328e-05,3.18662132e-05,-0.000248449884,3.10803081e-08,0.00167235767,0.0631473437,-0.00630290806,1.17137809e-07,1.73600709e-17,0,0,0,0,0,0,0,0,0,0,9.78006028e-07,0.0362990052,0.00775161711,-1.96392125e-06,-0.0363066904,0.00771553954,0,0,0,0,0,0,0,0,0,0,0,0,0,2.25129175,0,0
86,-0.277776837,-0.277406245,0.555014431,-0.277790129,0.277772903,3.87887303e-06,-0.411764711,0.462614775,-0.462614775,-0.419026881,0.462614775,-0.462614775,0,0.166368783,-0.162101403,-0,-0,0,0,-0,0,0,-0,0,0.134003982,0.524898708,0.310942978,0.99999994,-8.34213097e-06,1.37434108e-05,-0.000250508368,6.62730137e-09,-0.0012606302,0.0711326599,0.00426737964,2.24341843e-08,8.99843549e-18,0,0,0,0,0,0,0,0,0,0,3.92832476e-07,0.0362989716,0.00775176659,-8.18040178e-07,-0.0363067202,0.00771539006,0,0,0,0,0,0,0,0,0,0,0,0,0,2.2617631,0,0
87,-0.277783096,-0.276852489,0.553922951,-0.277792156,0.277770817,3.87887303e-06,-0.411764711,0.462614775,-0.462614775,-0.419026881,0.462614775,-0.462614775,0,0.180149734,-0.184641361,-0,-0,0,0,-0,0,0,-0,0,0.134025425,0.524879634,0.312277168,0.99999994,-2.59869321e-05,1.97083627e-05,-0.000267435826,2.31200499e-08,0.000769928796,0.0761141777,-0.00449162722,1.34878249e-07,-1.02496545e-17,0,0,0,0,0,0,0,0,0,0,1.58147691e-06,0.0362987109,0.00775299547,-2.19135654e-06,-0.036306981,0.00771416072,0,0,0,0,0,0,0,0,0,0,0,0,0,2.27212596,0,0
88,-0.277770609,-0.276330531,0.5528301,-0.277783722,0.277766496,5.98695578e-06,-0.333333343,0.390963405,-0.390963405,-0.341563791,0.390963405,-0.390963405,0,0.19554624,-0.188550457,-0,-0,0,1.35974491,-1.35974491,1.35974491,1.35974491,-1.35974491,1.35974491,0.133994326,0.524912655,0.313522547,1,3.3367437e-06,3.18583661e-05,-0.000222137562,1.01487423e-07,-0.00250319927,0.08380308,0.00699578226,2.83630584e-07,-2.09333059e-17,0,0,0,0,0,0,0,0,0,0,-6.77426613e-07,0.0348787494,0.0069863447,-2.10872017e-07,-0.0348849446,0.00695535028,0,0,0,0,0,0,0,0,0,0,0,0,0,2.28238249,0,0
89,-0.277783096,-0.275773257,0.551739991,-0.277785838,0.277772903,8.17936234e-06,-0.333333343,0.390963405,-0.390963405,-0.341563791,0.390963405,-0.390963405,0,0.200046018,-0.200770631,-0,-0,0,0,-0,0,0,-0,0,0.134022504,0.524877071,0.314867556,0.99999994,-3.81444552e-05,1.37447823e-05,-0.0002507467,-2.32685284e-08,-0.000774873362,0.0849417374,-0.000724613667,2.17592913e-08,-1.11450089e-17,0,0,0,0,0,0,0,0,0,0,2.46909894e-06,0.0348783508,0.00698834052,-2.85261672e-06,-0.0348853432,0.00695335446,0,0,0,0,0,0,0,0,0,0,0,0,0,2.29253483,0,0
90,-0.277779043,-0.27510944,0.550409675,-0.277777344,0.277770817,8.17936234e-06,-0.333333343,0.390963405,-0.390963405,-0.341563791,0.390963405,-0.390963405,0,0.211987749,-0.209356293,-0,-0,0,0,-0,0,0,-0,0,0.134013399,0.524871945,0.316466749,0.99999994,-2.67022569e-05,1.97019835e-05,-0.000270925142,-1.46037369e-08,-0.00204516016,0.0903473273,0.00263145566,-1.87902582e-08,2.32432177e-17,0,0,0,0,0,0,0,0,0,0,1.58769592e-06,0.0348780677,0.00698974822,-2.13725571e-06,-0.0348856226,0.0069519463,0,0,0,0,0,0,0,0,0,0,0,0,0,2.30258512,0,0
91,-0.277781069,-0.274503589,0.54921031,-0.277785838,0.277766496,1.77078982e-06,-0.333333343,0.390963405,-0.390963405,-0.341563791,0.390963405,-0.390963405,0,0.215242624,-0.214116469,-0,-0,0,0,-0,0,0,-0,0,0.134025365,0.52482903,0.317921311,0.99999994,-1.43075749e-05,3.18677594e-05,-0.000264336326,-3.69298867e-08,-0.00198710989,0.091574885,0.00112615526,-2.0929285e-08,0,0,0,0,0,0,0,0,0,0,0,5.53218342e-07,0.0348781608,0.00698928861,-1.44190506e-06,-0.0348855294,0.00695240637,0,0,0,0,0,0,0,0,0,0,0,0,0,2.31253552,0,0
92,-0.277774662,-0.273874104,0.54793936,-0.277783722,0.277768701,5.98695578e-06,-0.333333343,0.390963405,-0.390963405,-0.341563791,0.390963405,-0.390963405,0,0.221724957,-0.221771508,-0,-0,0,0,-0,0,0,-0,0,0.134003311,0.524811089,0.319431633,0.99999994,-8.10677284e-06,2.56612202e-05,-0.000253369857,3.65079877e-08,-0.0020678672,0.0942054987,-4.65512276e-05,-8.21857304e-10,0,0,0,0,0,0,0,0,0,0,0,2.07315267e-07,0.0348783135,0.00698852353,-9.22894401e-07,-0.0348853767,0.00695317145,0,0,0,0,0,0,0,0,0,0,0,0,0,2.3223877,0,0
93,-0.277779043,-0.273151457,0.546507239,-0.277790129,0.277762294,3.87887303e-06,-0.333333343,0.390963405,-0.390963405,-0.341563791,0.390963405,-0.390963405,0,0.228336141,-0.225757554,-0,-0,0,0,-0,0,0,-0,0,0.134025201,0.524751544,0.321167976,0.99999994,-1.45486856e-05,4.37856797e-05,-0.000253846374,-2.29246364e-08,-0.00321044889,0.0972671136,0.00257858634,-1.8412738e-08,-2.50641235e-17,0,0,0,0,0,0,0,0,0,0,4.03696589e-07,0.0348783061,0.00698855659,-1.6246928e-06,-0.0348853841,0.00695313793,0,0,0,0,0,0,0,0,0,0,0,0,0,2.33214378,0,0
94,-0.277783096,-0.272490531,0.545214713,-0.277783722,0.277768701,1.77078982e-06,-0.262745112,0.3264772,-0.3264772,-0.27184701,0.3264772,-0.3264772,0,0.228125185,-0.234699011,-0,-0,0,1.47147024,-1.47147024,1.47147024,1.47147024,-1.47147024,1.47147024,0.13402833,0.524700642,0.322767675,0.99999994,-2.00292434e-05,2.56708827e-05,-0.000313450437,-3.55876075e-08,-0.00118511531,0.0962536186,-0.00657382607,1.97404219e-07,-1.30284123e-17,0,0,0,0,0,0,0,0,0,0,1.02031879e-06,0.0335810222,0.00633998681,-1.66932784e-06,-0.0335889459,0.00629787799,0,0,0,0,0,0,0,0,0,0,0,0,0,2.3418057,0,0
95,-0.277787477,-0.271820664,0.543872952,-0.277783722,0.277770817,1.77078982e-06,-0.262745112,0.3264772,-0.3264772,-0.27184701,0.3264772,-0.3264772,0,0.240166202,-0.233384684,-0,-0,0,0,-0,0,0,-0,0,0.134038419,0.524646997,0.324376196,0.99999994,-3.24250832e-05,1.97142399e-05,-0.00031058921,-2.85366866e-07,-0.00520511158,0.102689721,0.00678151846,-3.71792339e-07,-1.29554525e-17,0,0,0,0,0,0,0,0,0,0,1.92830771e-06,0.0335810594,0.00633979496,-2.42685405e-06,-0.0335889086,0.00629807031,0,0,0,0,0,0,0,0,0,0,0,0,0,2.35137534,0,0
96,-0.277779043,-0.271068752,0.542339623,-0.277792156,0.277766496,3.87887303e-06,-0.262745112,0.3264772,-0.3264772,-0.27184701,0.3264772,-0.3264772,0,0.24121812,-0.237003595,-0,-0,0,0,-0,0,0,-0,0,0.13401936,0.5245893,0.326169014,0.99999994,-1.45453787e-05,3.18648163e-05,-0.000245024799,-3.56085152e-08,-0.00498674531,0.102864727,0.00421452522,-3.00943768e-08,0,0,0,0,0,0,0,0,0,0,0,5.73739953e-07,0.0335818902,0.0063353912,-1.37923666e-06,-0.0335880816,0.00630247453,0,0,0,0,0,0,0,0,0,0,0,0,0,2.36085391,0,0
97,-0.277776837,-0.270391047,0.540984035,-0.27777952,0.277772903,5.98695578e-06,-0.262745112,0.3264772,-0.3264772,-0.27184701,0.3264772,-0.3264772,0,0.237715885,-0.243918881,-0,-0,0,0,-0,0,0,-0,0,0.134003982,0.524543643,0.327803582,0.99999994,-1.43030084e-05,1.37413299e-05,-0.000280549197,1.36807481e-08,-0.00260232086,0.100321725,-0.00620299578,-3.26099787e-08,0,0,0,0,0,0,0,0,0,0,0,7.86761973e-07,0.0335814394,0.00633777725,-1.1341856e-06,-0.0335885286,0.00630008848,0,0,0,0,0,0,0,0,0,0,0,0,0,2.37024379,0,0
98,-0.277783096,-0.269696057,0.53959471,-0.277787954,0.277770817,-3.90697124e-07,-0.262745112,0.3264772,-0.3264772,-0.27184701,0.3264772,-0.3264772,0,0.242866859,-0.241935372,-0,-0,0,0,-0,0,0,-0,0,0.13402541,0.524453938,0.329467684,0.99999994,-1.39148151e-05,1.9711435e-05,-0.000257660431,-1.48891658e-07,-0.00495829247,0.103203647,0.000931486487,-2.79714367e-08,1.3430111e-17,0,0,0,0,0,0,0,0,0,0,6.85160899e-07,0.03358173,0.0063362401,-1.18347248e-06,-0.0335882418,0.00630162563,0,0,0,0,0,0,0,0,0,0,0,0,0,2.37954617,0,0
99,-0.277774662,-0.268906385,0.538031042,-0.277794272,0.277766496,1.77078982e-06,-0.262745112,0.3264772,-0.3264772,-0.27184701,0.3264772,-0.3264772,0,0.242336884,-0.246190295,-0,-0,0,0,-0,0,0,-0,0,0.134006351,0.5243541,0.331364214,0.99999994,3.81231212e-06,3.18630046e-05,-0.000261952722,7.34522132e-08,-0.00416044332,0.102478907,-0.00385341048,-6.8031575e-08,1.36663067e-17,0,0,0,0,0,0,0,0,0,0,-6.5930135e-07,0.0335816741,0.00633652834,-1.46034239e-07,-0.0335882977,0.00630133739,0,0,0,0,0,0,0,0,0,0,0,0,0,2.38876271,0,0
100,-0.277781069,-0.268194765,0.536619127,-0.277787954,0.277766496,5.98695578e-06,-0.262745112,0.3264772,-0.3264772,-0.27184701,0.3264772,-0.3264772,0,0.246631131,-0.245631769,1.78164827e-11,-0,0,0,-0,0,0,-0,0,0.134025365,0.524264097,0.333078861,0.99999994,-2.62295071e-05,3.18643688e-05,-0.000295807957,-1.10352921e-07,-0.00593782961,0.104764126,0.000999361277,-1.85728535e-08,-1.36353023e-17,0,0,0,0,0,0,0,0,0,0,1.35840651e-06,0.0335812457,0.00633880217,-2.16399803e-06,-0.0335887223,0.0062990631,0,0,0,0,0,0,0,0,0,0,0,0,0,2.39789534,0,0
101,-0.27778545,-0.267489672,0.535228789,-0.277787954,0.277766496,3.87887303e-06,-0.262745112,0.3264772,-0.3264772,-0.27184701,0.3264772,-0.3264772,0,0.250094712,-0.243992642,5.88500959e-21,-0,0,0,-0,0,0,-0,0,0.134038359,0.524157345,0.334776431,0.99999994,-3.26677036e-05,3.18701022e-05,-0.000323940767,-3.37088466e-07,-0.00777055044,0.106719494,0.00610207021,-2.64709371e-07,8.07138331e-38,0,0,0,0,0,0,0,0,0,0,1.79069161e-06,0.0335808881,0.00634069182,-2.59649937e-06,-0.0335890763,0.00629717344,0,0,0,0,0,0,0,0,0,0,0,0,0,2.40694499,0,0
102,-0.277779043,-0.26670444,0.533638477,-0.277781636,0.277768701,3.87887303e-06,-0.262745112,0.3264772,-0.3264772,-0.27184701,0.3264772,-0.3264772,0,0.247984946,-0.250756085,1.2692231e-31,-0,0,0,-0,0,0,-0,0,0.13401632,0.524065316,0.336658061,0.99999994,-1.45456215e-05,2.56654239e-05,-0.000313689292,-4.19373443e-08,-0.00587305753,0.104910396,-0.00277113914,1.97876862e-08,-1.3919759e-17,0,0,0,0,0,0,0,0,0,0,6.52074391e-07,0.0335810184,0.00634000311,-1.30090223e-06,-0.0335889459,0.00629786216,0,0,0,0,0,0,0,0,0,0,0,0,0,2.41591382,0,0
103,-0.277779043,-0.266003966,0.532256544,-0.277790129,0.27776441,-3.90697124e-07,-0.152941182,0.22616528,-0.22616528,-0.163398698,0.22616528,-0.22616528,0,0.241479397,-0.249171764,4.19240475e-41,-0,0,2.46496868,-2.46496868,2.46496868,2.46496868,-2.46496868,2.46496868,0.134022281,0.523936927,0.338338584,0.99999994,-2.47762023e-06,3.78285731e-05,-0.000316549937,-3.44405144e-08,-0.00482317433,0.101633571,-0.00769236684,5.49283641e-08,1.38318115e-17,0,0,0,0,0,0,0,0,0,0,-2.50843385e-07,0.0315324627,0.00539087225,-5.6186849e-07,-0.0315392651,0.00535094133,0,0,0,0,0,0,0,0,0,0,0,0,0,2.42480278,0,0
104,-0.277783096,-0.265302807,0.530832529,-0.277787954,0.277766496,-3.90697124e-07,-0.152941182,0.22616528,-0.22616528,-0.163398698,0.22616528,-0.22616528,0,0.25105834,-0.244623244,0,-0,0,0,-0,0,0,-0,0,0.13403134,0.523830473,0.340014815,0.99999994,-1.39190424e-05,3.18713355e-05,-0.000291992503,-2.76200694e-07,-0.00919785444,0.107076824,0.00643509626,-1.93238321e-07,-1.35793179e-17,0,0,0,0,0,0,0,0,0,0,5.34911578e-07,0.0315327309,0.00538932346,-1.21971084e-06,-0.0315390006,0.00535249058,0,0,0,0,0,0,0,0,0,0,0,0,0,2.4336133,0,0
105,-0.277781069,-0.264515072,0.529237807,-0.277787954,0.277770817,8.17936234e-06,-0.152941182,0.22616528,-0.22616528,-0.163398698,0.22616528,-0.22616528,0,0.255678654,-0.252369344,0,-0,0,0,-0,0,0,-0,0,0.13401939,0.523702383,0.341897577,0.99999994,-3.2424181e-05,1.9703617e-05,-0.000264813571,-1.67344481e-07,-0.00900441036,0.108688377,0.00330930948,-6.15026039e-08,0,0,0,0,0,0,0,0,0,0,0,1.83297561e-06,0.0315330215,0.00538760936,-2.25646522e-06,-0.03153871,0.00535420468,0,0,0,0,0,0,0,0,0,0,0,0,0,2.44234705,0,0
106,-0.277779043,-0.263801783,0.527813077,-0.277787954,0.277772903,1.77078982e-06,-0.152941182,0.22616528,-0.22616528,-0.163398698,0.22616528,-0.22616528,0,0.251188159,-0.253035128,0,-0,0,0,-0,0,0,-0,0,0.134010479,0.523571253,0.343607277,0.99999994,-8.58078238e-06,1.37464322e-05,-0.000267435913,-5.67465825e-08,-0.00794699695,0.10623733,-0.00184696913,1.31885276e-08,0,0,0,0,0,0,0,0,0,0,0,3.93286712e-07,0.0315329954,0.00538777467,-6.88659327e-07,-0.0315387398,0.00535403937,0,0,0,0,0,0,0,0,0,0,0,0,0,2.45100498,0,0
107,-0.277781069,-0.263084173,0.526376188,-0.27777952,0.277772903,8.17936234e-06,-0.152941182,0.22616528,-0.22616528,-0.163398698,0.22616528,-0.22616528,0,0.252930522,-0.251782507,0,-0,0,0,-0,0,0,-0,0,0.134016469,0.523442447,0.345330507,0.99999994,-3.24229331e-05,1.37428196e-05,-0.00028889376,-1.71364903e-07,-0.0092207389,0.107239239,0.00114801526,-2.13355467e-08,0,0,0,0,0,0,0,0,0,0,0,1.89699699e-06,0.0315327607,0.00538912788,-2.19244384e-06,-0.0315389708,0.00535268569,0,0,0,0,0,0,0,0,0,0,0,0,0,2.45958877,0,0
108,-0.27778545,-0.262265325,0.524778128,-0.277794272,0.277772903,1.77078982e-06,-0.152941182,0.22616528,-0.22616528,-0.163398698,0.22616528,-0.22616528,0,0.246142909,-0.251269192,0,-0,0,0,-0,0,0,-0,0,0.134029433,0.523234308,0.347294152,0.99999994,-2.67010855e-05,1.37518746e-05,-0.000303198467,-3.39616093e-07,-0.00782881677,0.103696853,-0.00512628257,2.22379455e-07,0,0,0,0,0,0,0,0,0,0,0,1.53601388e-06,0.031532608,0.00539003033,-1.83162797e-06,-0.0315391235,0.00535178371,0,0,0,0,0,0,0,0,0,0,0,0,0,2.46809959,0,0
109,-0.277774662,-0.261553794,0.523345292,-0.277783722,0.277775019,5.98695578e-06,-0.152941182,0.22616528,-0.22616528,-0.163398698,0.22616528,-0.22616528,0,0.248258874,-0.250923067,2.01448147e-05,-0,0,0,-0,0,0,-0,0,0.133994579,0.523107946,0.349000514,0.99999994,-8.10275378e-06,7.77813239e-06,-0.000319172919,1.58354041e-07,-0.00896941032,0.104802355,-0.00264404877,-4.6680416e-08,-5.89708388e-22,0,0,0,0,0,0,0,0,0,0,4.27319179e-07,0.0315324366,0.00539103756,-5.94477228e-07,-0.0315392949,0.00535077602,0,0,0,0,0,0,0,0,0,0,0,0,0,2.47653842,0,0
110,-0.277783096,-0.260831922,0.521938086,-0.277785838,0.277770817,3.87887303e-06,-0.152941182,0.22616528,-0.22616528,-0.163398698,0.22616528,-0.22616528,0,0.255368024,-0.248721287,5.12642364e-05,-0,0,0,-0,0,0,-0,0,0.134025365,0.522920966,0.350736946,0.99999994,-2.59888529e-05,1.97087575e-05,-0.000364949025,-3.63644347e-07,-0.0121098459,0.108701937,0.00669800164,-2.01133062e-07,-1.49790242e-21,0,0,0,0,0,0,0,0,0,0,1.42689873e-06,0.0315319411,0.00539392466,-1.85051817e-06,-0.0315397829,0.00534788845,0,0,0,0,0,0,0,0,0,0,0,0,0,2.48490667,0,0
111,-0.277783096,-0.260046691,0.520344019,-0.277792156,0.277762294,-3.90697124e-07,-0.152941182,0.22616528,-0.22616528,-0.163398698,0.22616528,-0.22616528,0,0.250783384,-0.249127686,2.33286719e-12,-0,0,0,-0,0,0,-0,0,0.134037152,0.522737265,0.352604777,0.99999994,-1.39234726e-05,4.37926137e-05,-0.00031368839,-3.33330149e-07,-0.0111003425,0.106212877,0.00165569782,-4.9718647e-08,1.38293647e-17,0,0,0,0,0,0,0,0,0,0,4.06852138e-07,0.0315324962,0.00539069157,-1.34777031e-06,-0.0315392353,0.005351122,0,0,0,0,0,0,0,0,0,0,0,0,0,2.49320555,0,0
112,-0.277779043,-0.259350687,0.518928111,-0.277785838,0.277770817,5.98695578e-06,-0.0352941193,0.118688241,-0.118688241,-0.0472040661,0.118688241,-0.118688241,0,0.240184292,-0.250134289,7.7057564e-22,-0,0,2.42852759,-2.42852759,2.42852759,2.42852759,-2.42852759,2.42852759,0.134013385,0.522588313,0.354265571,0.99999994,-2.05039014e-05,1.97033041e-05,-0.000297715334,-5.73002836e-08,-0.00802453887,0.10053131,-0.00994999707,7.10492714e-08,-2.77704847e-17,0,0,0,0,0,0,0,0,0,0,1.02596084e-06,0.0292980205,0.00446333224,-1.37646407e-06,-0.029303316,0.00442843931,0,0,0,0,0,0,0,0,0,0,0,0,0,2.501436,0,0
113,-0.277783096,-0.258643121,0.517494917,-0.277785838,0.27776441,5.98695578e-06,-0.0352941193,0.118688241,-0.118688241,-0.0472040661,0.118688241,-0.118688241,0,0.247164741,-0.247821391,2.54530897e-31,-0,0,0,-0,0,0,-0,0,0.134034216,0.522412539,0.355951369,0.99999994,-3.19524224e-05,3.78265722e-05,-0.000272204343,-3.35511572e-07,-0.0111729866,0.10436511,-0.00065664947,1.97184065e-08,-1.37568507e-17,0,0,0,0,0,0,0,0,0,0,1.53542896e-06,0.0292982496,0.00446183747,-2.20827428e-06,-0.0293030888,0.00442993408,0,0,0,0,0,0,0,0,0,0,0,0,0,2.50959921,0,0
114,-0.277779043,-0.257846862,0.515908957,-0.277787954,0.277777225,-2.4987803e-06,-0.0352941193,0.118688241,-0.118688241,-0.0472040661,0.118688241,-0.118688241,0,0.248494029,-0.249808431,5.48888608e-42,-0,0,0,-0,0,0,-0,0,0.134004503,0.522198975,0.357854068,0.99999994,3.49438073e-06,1.59040019e-06,-0.000275542116,-8.23687856e-08,-0.0115352226,0.104808673,-0.00131440163,9.38565936e-09,2.77343071e-17,0,0,0,0,0,0,0,0,0,0,-2.18934005e-07,0.0292982198,0.00446203304,1.90668175e-07,-0.0293031186,0.0044297385,0,0,0,0,0,0,0,0,0,0,0,0,0,2.51769638,0,0
115,-0.277783096,-0.25713104,0.514471114,-0.277781636,0.277770817,3.87887303e-06,-0.0352941193,0.118688241,-0.118688241,-0.0472040661,0.118688241,-0.118688241,0,0.246858761,-0.247363329,0,-0,0,0,-0,0,0,-0,0,0.134025335,0.522010326,0.3595649,0.99999994,-2.59872704e-05,1.97084319e-05,-0.000284601963,-3.63048201e-07,-0.0120899938,0.104150325,-0.000504568219,1.51515867e-08,-1.37314232e-17,0,0,0,0,0,0,0,0,0,0,1.34725167e-06,0.0292981379,0.0044625639,-1.69786892e-06,-0.0293031987,0.00442920765,0,0,0,0,0,0,0,0,0,0,0,0,0,2.5257287,0,0
116,-0.277779043,-0.256417006,0.51308012,-0.277783722,0.27776441,1.77078982e-06,-0.0352941193,0.118688241,-0.118688241,-0.0472040661,0.118688241,-0.118688241,0,0.249860287,-0.245418623,0,-0,0,0,-0,0,0,-0,0,0.134022266,0.521791697,0.361278206,0.99999994,-8.58962994e-06,3.78266159e-05,-0.000331093703,-9.96362317e-08,-0.0139534185,0.105860226,0.00444166362,-3.17162865e-08,0,0,0,0,0,0,0,0,0,0,0,1.66258999e-07,0.0292977225,0.00446528802,-8.39000904e-07,-0.0293036122,0.00442648306,0,0,0,0,0,0,0,0,0,0,0,0,0,2.53369689,0,0
117,-0.277779043,-0.255616009,0.511475921,-0.277794272,0.277770817,3.87887303e-06,-0.0352941193,0.118688241,-0.118688241,-0.0472040661,0.118688241,-0.118688241,0,0.254283577,-0.250698537,8.06329845e-05,-0,0,0,-0,0,0,-0,0,0.134013385,0.521541715,0.363182068,0.99999994,-1.45434469e-05,1.97050758e-05,-0.000298192055,-1.03052727e-07,-0.0144318771,0.10758888,0.00366567355,-2.61752273e-08,1.39129976e-17,0,0,0,0,0,0,0,0,0,0,6.76669572e-07,0.0292980168,0.00446336018,-1.02717286e-06,-0.0293033198,0.00442841137,0,0,0,0,0,0,0,0,0,0,0,0,0,2.5416019,0,0
118,-0.277776837,-0.25491789,0.510076165,-0.277787954,0.277768701,5.98695578e-06,0.0431372561,0.0470368788,-0.0470368788,0.0302590169,0.0470368788,-0.0470368788,0,0.242537513,-0.249414295,8.4031999e-05,-0,0,1.64331019,-1.64331019,1.64331019,1.64331019,-1.64331019,1.64331019,0.134009838,0.521340609,0.364848852,0.99999994,-1.43071356e-05,2.56616622e-05,-0.000311067008,6.03761592e-08,-0.0114846155,0.101540357,-0.00679274974,-3.57103929e-08,-5.89922191e-21,0,0,0,0,0,0,0,0,0,0,5.95457493e-07,0.0277872253,0.00389943644,-9.94016091e-07,-0.027792057,0.00386485853,0,0,0,0,0,0,0,0,0,0,0,0,0,2.54944515,0,0
119,-0.277783096,-0.254220635,0.508655131,-0.277785838,0.277772903,3.87887303e-06,0.0431372561,0.0470368788,-0.0470368788,0.0302590169,0.0470368788,-0.0470368788,0,0.250791669,-0.248559311,7.59312024e-05,-0,0,0,-0,0,0,-0,0,0.134022385,0.521130502,0.366503924,0.99999994,-2.5985506e-05,1.37479483e-05,-0.000279595202,-4.4227906e-07,-0.0147284875,0.105872616,0.00230828905,-6.93151847e-08,1.37931705e-17,0,0,0,0,0,0,0,0,0,0,1.33724279e-06,0.0277874712,0.00389768742,-1.55084183e-06,-0.027791813,0.00386660779,0,0,0,0,0,0,0,0,0,0,0,0,0,2.55722737,0,0
120,-0.277776837,-0.253438771,0.50707221,-0.277785838,0.277770817,5.98695578e-06,0.0431372561,0.0470368788,-0.0470368788,0.0302590169,0.0470368788,-0.0470368788,0,0.254495919,-0.2524454,0.000132905319,-0,0,0,-0,0,0,-0,0,0.134006917,0.52088958,0.368360311,0.99999994,-1.43041261e-05,1.97023455e-05,-0.000252415921,8.07313043e-08,-0.0153565248,0.10735599,0.00218342431,1.14785532e-08,1.40102558e-17,0,0,0,0,0,0,0,0,0,0,6.41733948e-07,0.0277876835,0.00389617682,-9.47739693e-07,-0.0277916025,0.00386811863,0,0,0,0,0,0,0,0,0,0,0,0,0,2.56494927,0,0
121,-0.277783096,-0.252718985,0.50562185,-0.277787954,0.277772903,3.87887303e-06,0.0431372561,0.0470368788,-0.0470368788,0.0302590169,0.0470368788,-0.0470368788,0,0.248562992,-0.249391571,6.08834707e-05,-0,0,0,-0,0,0,-0,0,0.13402237,0.520645559,0.370069087,1,-2.59848402e-05,1.37477527e-05,-0.000231196216,-4.41289757e-07,-0.0146955429,0.104503773,-0.000767695601,2.30529906e-08,-1.38352931e-17,0,0,0,0,0,0,0,0,0,0,1.33725405e-06,0.0277878493,0.00389499753,-1.55083069e-06,-0.0277914386,0.00386929815,0,0,0,0,0,0,0,0,0,0,0,0,0,2.57261229,0,0
122,-0.277787477,-0.251994163,0.504196465,-0.27777943,0.277775019,1.77078982e-06,0.0431372561,0.0470368788,-0.0470368788,0.0302590169,0.0470368788,-0.0470368788,0,0.256302714,-0.253713727,7.6300108e-05,-0,0,0,-0,0,0,-0,0,0.134032339,0.520394385,0.371804833,0.99999994,-3.24212197e-05,7.79284164e-06,-0.000289608666,-9.04086107e-07,-0.0164905954,0.108039021,0.00266528735,-1.46122645e-07,-1.56763388e-21,0,0,0,0,0,0,0,0,0,0,1.74124409e-06,0.027787393,0.00389824389,-1.86240175e-06,-0.0277918912,0.00386605132,0,0,0,0,0,0,0,0,0,0,0,0,0,2.58021688,0,0
123,-0.27778545,-0.251172513,0.502567351,-0.27779007,0.277768701,-3.90697124e-07,0.0431372561,0.0470368788,-0.0470368788,0.0302590169,0.0470368788,-0.0470368788,0,0.253630459,-0.253939301,0.000161370175,-0,0,0,-0,0,0,-0,0,0.13403514,0.520083904,0.373755872,0.99999994,-2.05926335e-05,2.56741187e-05,-0.000279594649,-6.96451423e-07,-0.0160545707,0.106560618,-0.000147471292,6.39734266e-09,1.40783278e-17,0,0,0,0,0,0,0,0,0,0,9.44738872e-07,0.0277874712,0.00389768719,-1.34351114e-06,-0.027791813,0.00386660779,0,0,0,0,0,0,0,0,0,0,0,0,0,2.58776402,0,0
124,-0.277783096,-0.250463188,0.50114125,-0.277787954,0.277768701,1.77078982e-06,0.113725491,-0.0174493454,0.0174493454,0.0999757946,-0.0174493454,0.0174493454,0,0.24985595,-0.254826546,0.000147163926,-0,0,1.4601146,-1.4601146,1.4601146,1.4601146,-1.4601146,1.4601146,0.134028181,0.51983279,0.375439942,0.99999994,-2.00282575e-05,2.56704989e-05,-0.000275065046,-4.51096611e-07,-0.0150221242,0.104443036,-0.00482343137,1.44841934e-07,-1.4144901e-17,0,0,0,0,0,0,0,0,0,0,8.82599522e-07,0.0264147148,0.00342596904,-1.23296786e-06,-0.026418468,0.00339690386,0,0,0,0,0,0,0,0,0,0,0,0,0,2.59525466,0,0
125,-0.27778545,-0.249738663,0.499730021,-0.27777943,0.277766496,5.98695578e-06,0.113725491,-0.0174493454,0.0174493454,0.0999757946,-0.0174493454,0.0174493454,0,0.256723762,-0.249710277,0.000123042701,-0,0,0,-0,0,0,-0,0,0.13403815,0.519555688,0.377175361,0.99999994,-3.86290812e-05,3.18683051e-05,-0.000352551171,-8.25921688e-07,-0.0190391149,0.108451344,0.00713652745,-3.09584408e-07,1.38518466e-17,0,0,0,0,0,0,0,0,0,0,1.82277745e-06,0.0264141839,0.00343006244,-2.25783015e-06,-0.0264189932,0.00339280954,0,0,0,0,0,0,0,0,0,0,0,0,0,2.60268974,0,0
126,-0.277783096,-0.248950422,0.498139352,-0.277785838,0.277766496,1.77078982e-06,0.113725491,-0.0174493454,0.0174493454,0.0999757946,-0.0174493454,0.0174493454,0,0.258540928,-0.251147419,0.000119120508,-0,0,0,-0,0,0,-0,0,0.134031206,0.519251168,0.379037738,0.99999994,-2.0031217e-05,3.18697748e-05,-0.000314404053,-5.92889705e-07,-0.0197440237,0.109173127,0.0075126295,-2.25595372e-07,-1.39358509e-17,0,0,0,0,0,0,0,0,0,0,8.40297218e-07,0.0264144447,0.00342804729,-1.27527005e-06,-0.0264187343,0.00339482515,0,0,0,0,0,0,0,0,0,0,0,0,0,2.61006975,0,0
127,-0.277776837,-0.248241514,0.496700466,-0.277783722,0.277770817,1.77078982e-06,0.113725491,-0.0174493454,0.0174493454,0.0999757946,-0.0174493454,0.0174493454,0,0.247717604,-0.253586501,0.000103597798,-0,0,0,-0,0,0,-0,0,0.134006932,0.518987715,0.380713552,0.99999994,-2.38394955e-06,1.97050631e-05,-0.000290562661,8.3901277e-08,-0.0159595106,0.10323932,-0.00576529885,-3.03089465e-08,-2.81419848e-17,0,0,0,0,0,0,0,0,0,0,-8.80072193e-09,0.0264146086,0.00342678768,-2.60099029e-07,-0.0264185742,0.003396085,0,0,0,0,0,0,0,0,0,0,0,0,0,2.61739588,0,0
128,-0.277787477,-0.247525185,0.495283842,-0.277781636,0.277772903,5.98695578e-06,0.113725491,-0.0174493454,0.0174493454,0.0999757946,-0.0174493454,0.0174493454,0,0.253590435,-0.252775848,0.00010446096,-0,0,0,-0,0,0,-0,0,0.13403517,0.518686295,0.382416278,0.99999994,-4.43442768e-05,1.37501629e-05,-0.000319172599,-1.01679802e-06,-0.0185464676,0.106294446,0.000919047859,-5.03861983e-08,-1.40238878e-17,0,0,0,0,0,0,0,0,0,0,2.24870564e-06,0.026414413,0.00342829921,-2.43652994e-06,-0.0264187679,0.00339457323,0,0,0,0,0,0,0,0,0,0,0,0,0,2.6246686,0,0
129,-0.277783096,-0.24671492,0.49364695,-0.277787954,0.277772903,3.87887303e-06,0.113725491,-0.0174493454,0.0174493454,0.0999757946,-0.0174493454,0.0174493454,0,0.255331576,-0.252900213,9.2441107e-05,-0,0,0,-0,0,0,-0,0,0.134022295,0.518351734,0.38432622,0.99999994,-2.5985486e-05,1.37479428e-05,-0.000278164691,-5.88117814e-07,-0.019585114,0.107098073,0.00252380408,-7.57868435e-08,1.75894606e-21,0,0,0,0,0,0,0,0,0,0,1.27884425e-06,0.0264146943,0.00342613272,-1.46654384e-06,-0.0264184885,0.00339673995,0,0,0,0,0,0,0,0,0,0,0,0,0,2.63188887,0,0
130,-0.277776837,-0.24599202,0.492217839,-0.277794272,0.277770817,1.77078982e-06,0.192156866,-0.089100711,0.089100711,0.17743887,-0.089100711,0.089100711,0,0.250114471,-0.253567606,6.96741627e-05,-0,0,1.79962337,-1.79962337,1.79962337,1.79962337,-1.79962337,1.79962337,0.134006932,0.518033683,0.38603735,0.99999994,-2.3838179e-06,1.9705114e-05,-0.00028388694,9.51267225e-08,-0.0180947892,0.104248397,-0.00338346139,-1.77873076e-08,-1.40793271e-17,0,0,0,0,0,0,0,0,0,0,2.87107405e-09,0.0248758458,0.00294365711,-2.3378611e-07,-0.0248791724,0.00291540753,0,0,0,0,0,0,0,0,0,0,0,0,0,2.6390574,0,0
131,-0.277779043,-0.245268181,0.490772188,-0.27777943,0.27776441,1.77078982e-06,0.192156866,-0.089100711,0.089100711,0.17743887,-0.089100711,0.089100711,0,0.25923422,-0.252802134,7.2775998e-05,-0,0,0,-0,0,0,-0,0,0.134022236,0.51773721,0.387757272,0.99999994,-8.5895399e-06,3.78266195e-05,-0.000328709517,-1.55716137e-07,-0.0218070503,0.108967438,0.0065048621,-4.64488323e-08,-3.47966167e-21,0,0,0,0,0,0,0,0,0,0,2.05108947e-07,0.0248755831,0.00294588716,-6.48399293e-07,-0.0248794351,0.00291317725,0,0,0,0,0,0,0,0,0,0,0,0,0,2.64617491,0,0
132,-0.277779043,-0.244462386,0.48915723,-0.277794272,0.277768701,5.98695578e-06,0.192156866,-0.089100711,0.089100711,0.17743887,-0.089100711,0.089100711,0,0.257339627,-0.25156787,7.72190469e-05,-0,0,0,-0,0,0,-0,0,0.134016275,0.517359734,0.38965103,0.99999994,-2.05052729e-05,2.56639778e-05,-0.000281979766,-1.56928806e-07,-0.021976877,0.108018063,0.00584897539,-4.17653823e-08,1.39675932e-17,0,0,0,0,0,0,0,0,0,0,8.69479493e-07,0.0248758569,0.00294356234,-1.17028105e-06,-0.0248791613,0.00291550253,0,0,0,0,0,0,0,0,0,0,0,0,0,2.65324187,0,0
133,-0.277774662,-0.243754417,0.487748712,-0.277794272,0.27776441,5.98695578e-06,0.192156866,-0.089100711,0.089100711,0.17743887,-0.089100711,0.089100711,0,0.252648652,-0.257706761,8.03697112e-05,-0,0,0,-0,0,0,-0,0,0.134009406,0.517037928,0.391323894,0.99999994,-8.11133214e-06,3.78195582e-05,-0.000292470824,3.39024524e-07,-0.0192028582,0.104897611,-0.00497773988,-8.7881503e-08,-2.86061654e-17,0,0,0,0,0,0,0,0,0,0,1.81428021e-07,0.0248757955,0.00294408435,-6.24630388e-07,-0.0248792227,0.00291498052,0,0,0,0,0,0,0,0,0,0,0,0,0,2.66025949,0,0
134,-0.277779043,-0.243044332,0.486294955,-0.277781636,0.277770817,5.98695578e-06,0.192156866,-0.089100711,0.089100711,0.17743887,-0.089100711,0.089100711,0,0.247235954,-0.251297951,0.000108446649,-0,0,0,-0,0,0,-0,0,0.13401334,0.516736448,0.392995983,0.99999994,-2.05035685e-05,1.97035297e-05,-0.000280787615,-1.38763085e-07,-0.0194328837,0.102660254,-0.00395355048,2.82308488e-08,1.39369279e-17,0,0,0,0,0,0,0,0,0,0,9.0440227e-07,0.0248758644,0.00294350297,-1.13535827e-06,-0.0248791557,0.0029155619,0,0,0,0,0,0,0,0,0,0,0,0,0,2.66722822,0,0
135,-0.27778545,-0.242257252,0.484697193,-0.277785838,0.277775019,3.87887303e-06,0.192156866,-0.089100711,0.089100711,0.17743887,-0.089100711,0.089100711,0,0.251441836,-0.246897936,9.64140345e-05,-0,0,0,-0,0,0,-0,0,0.134026214,0.51636225,0.394841313,1,-3.26592162e-05,7.78887807e-06,-0.000235487736,-9.75720809e-07,-0.0224922784,0.105177678,0.00464031473,-2.01298036e-07,4.27537145e-21,0,0,0,0,0,0,0,0,0,0,1.57918828e-06,0.0248761307,0.00294124917,-1.67054952e-06,-0.0248788912,0.00291781593,0,0,0,0,0,0,0,0,0,0,0,0,0,2.67414856,0,0
136,-0.277783096,-0.241548941,0.483276188,-0.277783722,0.277772903,5.98695578e-06,0.270588249,-0.160752073,0.160752073,0.254901975,-0.160752073,0.160752073,0,0.25104782,-0.25322035,9.87674939e-05,-0,0,1.62586713,-1.62586713,1.62586713,1.62586713,-1.62586713,1.62586713,0.134022236,0.516025841,0.396508664,1,-3.19453611e-05,1.37463667e-05,-0.000235249419,-6.34415017e-07,-0.0211268738,0.10425698,-0.00207376224,6.22726262e-08,1.40503261e-17,0,0,0,0,0,0,0,0,0,0,1.42159899e-06,0.0233242661,0.00250224606,-1.55865769e-06,-0.0233266111,0.00248029665,0,0,0,0,0,0,0,0,0,0,0,0,0,2.68102145,0,0
137,-0.277783096,-0.240832195,0.481856197,-0.277781636,0.277772903,3.87887303e-06,0.270588249,-0.160752073,0.160752073,0.254901975,-0.160752073,0.160752073,0,0.250577748,-0.250245273,9.68213353e-05,-0,0,0,-0,0,0,-0,0,0.134022221,0.515669286,0.398199528,0.99999994,-2.59852404e-05,1.37478701e-05,-0.000260283297,-6.65490177e-07,-0.0221617185,0.104222685,0.000429296051,-1.28912516e-08,6.87579041e-22,0,0,0,0,0,0,0,0,0,0,1.14353429e-06,0.0233241413,0.00250341371,-1.28060049e-06,-0.0233267341,0.00247912877,0,0,0,0,0,0,0,0,0,0,0,0,0,2.68784738,0,0
138,-0.27778545,-0.240017369,0.480274945,-0.277792156,0.277766496,3.87887303e-06,0.270588249,-0.160752073,0.160752073,0.254901975,-0.160752073,0.160752073,0,0.256723285,-0.249316067,8.78980936e-05,-0,0,0,-0,0,0,-0,0,0.134037971,0.515222192,0.400121957,0.99999994,-3.26669069e-05,3.1869833e-05,-0.000298906816,-1.08623783e-06,-0.0250399131,0.107377619,0.00749511644,-3.25140064e-07,1.38334799e-17,0,0,0,0,0,0,0,0,0,0,1.36465405e-06,0.0233239476,0.00250521558,-1.68233703e-06,-0.0233269259,0.0024773269,0,0,0,0,0,0,0,0,0,0,0,0,0,2.69462729,0,0
139,-0.277774662,-0.239307627,0.478858322,-0.27777943,0.277768701,3.87887303e-06,0.270588249,-0.160752073,0.160752073,0.254901975,-0.160752073,0.160752073,0,0.245410487,-0.252070397,9.03685141e-05,-0,0,0,-0,0,0,-0,0,0.13400349,0.514882028,0.401796252,0.99999994,-2.14850502e-06,2.56610347e-05,-0.000338961981,3.66578803e-07,-0.0207635742,0.101185404,-0.00656954153,-1.15984598e-07,1.3996877e-17,0,0,0,0,0,0,0,0,0,0,-2.80369647e-08,0.0233237464,0.00250708382,-2.27684708e-07,-0.0233271252,0.0024754582,0,0,0,0,0,0,0,0,0,0,0,0,0,2.70136118,0,0
140,-0.277774662,-0.238601074,0.477468014,-0.277783722,0.277768701,1.77078982e-06,0.270588249,-0.160752073,0.160752073,0.254901975,-0.160752073,0.160752073,0,0.252487689,-0.252839446,8.88364448e-05,-0,0,0,-0,0,0,-0,0,0.13400349,0.514496803,0.403457552,0.99999994,3.81144514e-06,2.56627791e-05,-0.000358988997,4.14456139e-07,-0.0234754179,0.104658507,-0.000262920366,-4.6418327e-09,1.40348843e-17,0,0,0,0,0,0,0,0,0,0,-3.06096126e-07,0.0233236458,0.00250801817,5.03779631e-08,-0.023327224,0.00247452385,0,0,0,0,0,0,0,0,0,0,0,0,0,2.70805025,0,0
141,-0.277783096,-0.237822443,0.475882709,-0.277787954,0.277770817,5.98695578e-06,0.270588249,-0.160752073,0.160752073,0.254901975,-0.160752073,0.160752073,0,0.253654152,-0.249475241,7.55309447e-05,-0,0,0,-0,0,0,-0,0,0.134025097,0.514081001,0.405271918,0.99999994,-3.19481842e-05,1.97066929e-05,-0.000307490263,-7.57617443e-07,-0.0252296813,0.105487742,0.00425444217,-1.27755868e-07,-1.38445145e-17,0,0,0,0,0,0,0,0,0,0,1.3918899e-06,0.0233239047,0.00250561582,-1.58836667e-06,-0.0233269688,0.00247692643,0,0,0,0,0,0,0,0,0,0,0,0,0,2.71469474,0,0
142,-0.277779043,-0.237127274,0.474465758,-0.277787954,0.277775019,8.17936234e-06,0.34117648,-0.225238293,0.225238293,0.324618727,-0.225238293,0.225238293,0,0.248244062,-0.251255274,7.99073969e-05,-0,0,1.46529162,-1.46529162,1.46529162,1.46529162,-1.46529162,1.46529162,0.134007484,0.513717651,0.406891912,0.99999994,-2.66990191e-05,7.78107551e-06,-0.000269820244,-1.6597842e-07,-0.023244217,0.102435835,-0.00293130428,2.09313669e-08,-1.39444503e-17,0,0,0,0,0,0,0,0,0,0,1.13706506e-06,0.0219173357,0.00214626826,-1.20355946e-06,-0.0219196379,0.00212261197,0,0,0,0,0,0,0,0,0,0,0,0,0,2.72129536,0,0
143,-0.277776837,-0.236419216,0.473036647,-0.277792156,0.277775019,1.77078982e-06,0.34117648,-0.225238293,0.225238293,0.324618727,-0.225238293,0.225238293,0,0.250300467,-0.254354447,8.3254512e-05,-0,0,0,-0,0,0,-0,0,0.134001121,0.513327837,0.408542007,1,-2.38008852e-06,7.7845234e-06,-0.000239540983,1.23993317e-07,-0.0235857274,0.10308513,-0.00397072546,-2.08746354e-08,-6.93233091e-21,0,0,0,0,0,0,0,0,0,0,7.10205086e-08,0.0219174642,0.0021449409,-1.37487774e-07,-0.0219195094,0.00212393957,0,0,0,0,0,0,0,0,0,0,0,0,0,2.72785282,0,0
144,-0.277776837,-0.235617206,0.471421331,-0.27779007,0.27776441,-3.90697124e-07,0.34117648,-0.225238293,0.225238293,0.324618727,-0.225238293,0.225238293,0,0.253564715,-0.249401286,8.44254246e-05,-0,0,0,-0,0,0,-0,0,0.134015843,0.512884498,0.41041398,1,3.72455452e-06,3.78267432e-05,-0.000229527403,1.39438555e-07,-0.0265236851,0.105140977,0.00424785446,2.23315393e-08,3.38676642e-21,0,0,0,0,0,0,0,0,0,0,-3.25128042e-07,0.0219175071,0.00214450201,2.17961094e-09,-0.0219194684,0.00212437846,0,0,0,0,0,0,0,0,0,0,0,0,0,2.73436761,0,0
145,-0.277781069,-0.234895989,0.469995618,-0.277787954,0.277766496,1.77078982e-06,0.34117648,-0.225238293,0.225238293,0.324618727,-0.225238293,0.225238293,0,0.246267602,-0.251062363,3.86912325e-05,-0,0,0,-0,0,0,-0,0,0.134025142,0.512464523,0.412103325,0.99999994,-1.43074085e-05,3.18677376e-05,-0.000259091117,-4.43754516e-07,-0.0238773804,0.101126701,-0.00475607021,8.83902587e-08,1.39358708e-17,0,0,0,0,0,0,0,0,0,0,4.90776188e-07,0.0219173804,0.00214579795,-7.62886998e-07,-0.0219195932,0.00212308229,0,0,0,0,0,0,0,0,0,0,0,0,0,2.74083996,0,0
146,-0.27778545,-0.234176219,0.468570203,-0.277783722,0.277766496,5.98695578e-06,0.34117648,-0.225238293,0.225238293,0.324618727,-0.225238293,0.225238293,0,0.253789812,-0.249361768,0.000172119457,-0,0,0,-0,0,0,-0,0,0.134037822,0.512042344,0.41378811,0.99999994,-3.86271204e-05,3.1868014e-05,-0.000291039178,-1.19109052e-06,-0.0274569727,0.105058014,0.00460016355,-1.99556268e-07,-4.9079033e-21,0,0,0,0,0,0,0,0,0,0,1.55680095e-06,0.0219172444,0.00214719842,-1.82897838e-06,-0.0219197292,0.00212168181,0,0,0,0,0,0,0,0,0,0,0,0,0,2.74727082,0,0
147,-0.277783096,-0.233380541,0.466983914,-0.277783722,0.277775019,3.87887303e-06,0.34117648,-0.225238293,0.225238293,0.324618727,-0.225238293,0.225238293,0,0.256419092,-0.248553246,0.000107554573,-0,0,0,-0,0,0,-0,0,0.134019181,0.511571109,0.415642917,0.99999994,-2.59839835e-05,7.7875593e-06,-0.000298191851,-8.74119678e-07,-0.0291093625,0.106357656,0.00797340088,-2.39431785e-07,-1.37857284e-17,0,0,0,0,0,0,0,0,0,0,1.10568033e-06,0.0219172128,0.00214751204,-1.17223476e-06,-0.021919759,0.00212136819,0,0,0,0,0,0,0,0,0,0,0,0,0,2.75366068,0,0
148,-0.277781069,-0.232680649,0.465591908,-0.277785838,0.277762294,3.87887303e-06,0.419607848,-0.296889663,0.296889663,0.402081817,-0.296889663,0.296889663,0,0.249253929,-0.253952265,7.27620936e-05,-0,0,1.6388253,-1.6388253,1.6388253,1.6388253,-1.6388253,1.6388253,0.134030953,0.511145413,0.417272389,0.99999994,-2.02728916e-05,4.37870476e-05,-0.000303198758,-4.73705398e-07,-0.0254889652,0.102045164,-0.00462557422,8.596502e-08,2.39822015e-21,0,0,0,0,0,0,0,0,0,0,6.68463088e-07,0.0203440674,0.00179237092,-9.80276582e-07,-0.0203462262,0.00176769635,0,0,0,0,0,0,0,0,0,0,0,0,0,2.76001,0,0
149,-0.27778545,-0.231982872,0.464175284,-0.277781636,0.277772903,1.77078982e-06,0.419607848,-0.296889663,0.296889663,0.402081817,-0.296889663,0.296889663,0,0.244091451,-0.250324726,8.22246438e-05,-0,0,0,-0,0,0,-0,0,0.134028897,0.510730445,0.418890744,0.99999994,-2.670084e-05,1.37515772e-05,-0.000285317074,-1.08147572e-06,-0.0249301363,0.0996656269,-0.00615105033,2.66834149e-07,-1.3892467e-17,0,0,0,0,0,0,0,0,0,0,1.03732179e-06,0.0203441307,0.00179164333,-1.13528915e-06,-0.0203461628,0.00176842394,0,0,0,0,0,0,0,0,0,0,0,0,0,2.76631904,0,0
150,-0.277783096,-0.231195047,0.462605506,-0.277785838,0.277772903,5.98695578e-06,0.419607848,-0.296889663,0.296889663,0.402081817,-0.296889663,0.296889663,0,0.253492862,-0.249711126,7.19039235e-05,-0,0,0,-0,0,0,-0,0,0.134022057,0.510235012,0.420719206,0.99999994,-3.19459978e-05,1.37462775e-05,-0.000281741057,-8.7168695e-07,-0.0290283505,0.104402967,0.00385363982,-1.15720241e-07,-1.38533173e-17,0,0,0,0,0,0,0,0,0,0,1.25076485e-06,0.0203441437,0.00179149781,-1.34870436e-06,-0.0203461498,0.00176856946,0,0,0,0,0,0,0,0,0,0,0,0,0,2.77258873,0,0
151,-0.277779043,-0.230490685,0.461205065,-0.277785838,0.27776441,5.98695578e-06,0.419607848,-0.296889663,0.296889663,0.402081817,-0.296889663,0.296889663,0,0.253284544,-0.251714051,5.93122058e-05,-0,0,0,-0,0,0,-0,0,0.134022176,0.509790599,0.422355056,0.99999994,-2.05091346e-05,3.78231744e-05,-0.000293424033,-2.05967496e-07,-0.0288444348,0.103982978,0.00162980519,-1.163784e-08,-1.39737375e-17,0,0,0,0,0,0,0,0,0,0,6.99396708e-07,0.0203441009,0.00179197313,-9.68745667e-07,-0.0203461908,0.00176809414,0,0,0,0,0,0,0,0,0,0,0,0,0,2.77881932,0,0
152,-0.277781069,-0.229773268,0.459754378,-0.277783722,0.277770817,3.87887303e-06,0.419607848,-0.296889663,0.296889663,0.402081817,-0.296889663,0.296889663,0,0.256325662,-0.253711224,6.61430677e-05,-0,0,0,-0,0,0,-0,0,0.134019122,0.509339631,0.424013764,0.99999994,-2.02650735e-05,1.97068166e-05,-0.000276972685,-5.55369297e-07,-0.0298831053,0.105216824,0.00268058153,-4.98178707e-08,1.40907769e-17,0,0,0,0,0,0,0,0,0,0,7.54192229e-07,0.0203441605,0.00179130374,-8.94547384e-07,-0.020346133,0.00176876353,0,0,0,0,0,0,0,0,0,0,0,0,0,2.78501129,0,0
153,-0.277781069,-0.228960723,0.458154917,-0.277785838,0.277766496,8.17936234e-06,0.419607848,-0.296889663,0.296889663,0.402081817,-0.296889663,0.296889663,0,0.257169634,-0.252248168,5.73417783e-05,-0,0,0,-0,0,0,-0,0,0.134025067,0.508798122,0.425899863,0.99999994,-3.24287539e-05,3.18623788e-05,-0.000307252252,-5.77338028e-07,-0.0310651921,0.105655976,0.00497880811,-9.25297741e-08,1.39962103e-17,0,0,0,0,0,0,0,0,0,0,1.20566961e-06,0.0203440525,0.00179253588,-1.43260502e-06,-0.0203462392,0.00176753139,0,0,0,0,0,0,0,0,0,0,0,0,0,2.79116511,0,0
154,-0.277783096,-0.228248537,0.456733912,-0.277783722,0.277772903,3.87887303e-06,0.490196079,-0.361375898,0.361375898,0.471798599,-0.361375898,0.361375898,0,0.248664856,-0.254569262,5.10477621e-05,-0,0,1.47175717,-1.47175717,1.47175717,1.47175717,-1.47175717,1.47175717,0.134021997,0.508328259,0.427547902,0.99999994,-2.59860317e-05,1.37481038e-05,-0.000317980594,-8.30859904e-07,-0.0276687518,0.100980125,-0.00585335866,1.75769429e-07,1.41268039e-17,0,0,0,0,0,0,0,0,0,0,9.41956671e-07,0.0189201329,0.00151119148,-1.02444858e-06,-0.0189220384,0.00148712529,0,0,0,0,0,0,0,0,0,0,0,0,0,2.79728127,0,0
155,-0.277783096,-0.227539718,0.45532167,-0.27777943,0.277772903,3.87887303e-06,0.490196079,-0.361375898,0.361375898,0.471798599,-0.361375898,0.361375898,0,0.244165137,-0.248912513,4.58469221e-05,-0,0,0,-0,0,0,-0,0,0.134021983,0.5078578,0.429188073,0.99999994,-2.59863045e-05,1.37481838e-05,-0.000337769336,-8.36056586e-07,-0.0278418101,0.0991414711,-0.0047015287,1.41181346e-07,-1.3817167e-17,0,0,0,0,0,0,0,0,0,0,9.41954852e-07,0.0189200714,0.00151194038,-1.02445028e-06,-0.018922098,0.00148637651,0,0,0,0,0,0,0,0,0,0,0,0,0,2.80336046,0,0
156,-0.277779043,-0.226754069,0.453739405,-0.277781636,0.277770817,5.98695578e-06,0.490196079,-0.361375898,0.361375898,0.471798599,-0.361375898,0.361375898,0,0.255548716,-0.249153554,8.15872845e-05,-0,0,0,-0,0,0,-0,0,0.13401328,0.507329166,0.430994987,0.99999994,-2.05042634e-05,1.97030586e-05,-0.000316073565,-2.32498394e-07,-0.0325599164,0.104765221,0.00647674827,-4.62480791e-08,1.14994241e-21,0,0,0,0,0,0,0,0,0,0,7.16594855e-07,0.0189201385,0.00151111942,-8.34785737e-07,-0.0189220328,0.00148719747,0,0,0,0,0,0,0,0,0,0,0,0,0,2.8094027,0,0
157,-0.277783096,-0.226045668,0.452321768,-0.277787954,0.277762294,3.87887303e-06,0.490196079,-0.361375898,0.361375898,0.471798599,-0.361375898,0.361375898,0,0.24725686,-0.250696868,3.79435255e-06,-0,0,0,-0,0,0,-0,0,0.134036675,0.506829977,0.432622343,0.99999994,-2.59946664e-05,4.37887575e-05,-0.000296999613,-8.83073653e-07,-0.0294075403,0.100276634,-0.00343621313,1.03185414e-07,-1.39165379e-17,0,0,0,0,0,0,0,0,0,0,8.51886853e-07,0.0189201962,0.00151039765,-1.11451834e-06,-0.0189219769,0.00148791936,0,0,0,0,0,0,0,0,0,0,0,0,0,2.81540871,0,0
158,-0.277776837,-0.225347817,0.450905144,-0.277787954,0.277770817,1.02031217e-05,0.490196079,-0.361375898,0.361375898,0.471798599,-0.361375898,0.361375898,0,0.249994829,-0.250197917,1.25332268e-15,-0,0,0,-0,0,0,-0,0,0.134006992,0.506356537,0.434221387,0.99999994,-2.62253507e-05,1.96988622e-05,-0.000267436524,1.62910254e-07,-0.0309884194,0.101591878,-0.000203087926,-1.06766029e-09,3.57378906e-32,0,0,0,0,0,0,0,0,0,0,9.33140541e-07,0.0189202856,0.0015092789,-1.05130948e-06,-0.0189218875,0.00148903811,0,0,0,0,0,0,0,0,0,0,0,0,0,2.82137895,0,0
159,-0.27778545,-0.224548846,0.44929862,-0.277785838,0.277772903,1.77078982e-06,0.490196079,-0.361375898,0.361375898,0.471798599,-0.361375898,0.361375898,0,0.25186491,-0.250834674,2.70304853e-26,-0,0,0,-0,0,0,-0,0,0.134028673,0.505791366,0.436055273,0.99999994,-2.67005089e-05,1.37511752e-05,-0.000261236797,-1.38835173e-06,-0.0320042297,0.102332793,0.00103023648,-4.46919231e-08,2.78858394e-43,0,0,0,0,0,0,0,0,0,0,9.69018174e-07,0.0189203043,0.00150904432,-1.05152071e-06,-0.0189218707,0.00148927281,0,0,0,0,0,0,0,0,0,0,0,0,0,2.82731366,0,0
160,-0.277783096,-0.223832265,0.447878599,-0.277787954,0.277770817,3.87887303e-06,0.568627477,-0.433027238,0.433027238,0.549261689,-0.433027238,0.433027238,0,0.252569854,-0.255343378,8.92851168e-36,-0,0,1.64366567,-1.64366567,1.64366567,1.64366567,-1.64366567,1.64366567,0.134024829,0.505270898,0.437701494,0.99999994,-2.59870594e-05,1.970839e-05,-0.000273873127,-9.46416094e-07,-0.031516932,0.10210935,-0.00277352333,8.32856202e-08,0,0,0,0,0,0,0,0,0,0,0,8.52091375e-07,0.0173303336,0.00123911945,-9.49062212e-07,-0.0173316803,0.0012201335,0,0,0,0,0,0,0,0,0,0,0,0,0,2.83321333,0,0
161,-0.277781069,-0.223118395,0.446459949,-0.277783722,0.277770817,3.87887303e-06,0.568627477,-0.433027238,0.433027238,0.549261689,-0.433027238,0.433027238,0,0.248667195,-0.248465583,2.80259693e-45,-0,0,0,-0,0,0,-0,0,0.134019032,0.504755855,0.439341873,0.99999994,-2.0265501e-05,1.97067802e-05,-0.000298668776,-5.98442625e-07,-0.0322007798,0.100695372,0.000201612711,-3.74691655e-09,-0,0,0,0,0,0,0,0,0,0,0,6.5376031e-07,0.0173302721,0.00123997894,-7.50717959e-07,-0.0173317399,0.00121927401,0,0,0,0,0,0,0,0,0,0,0,0,0,2.83907843,0,0
162,-0.27778545,-0.222323388,0.444875002,-0.277783722,0.277772903,1.02031217e-05,0.568627477,-0.433027238,0.433027238,0.549261689,-0.433027238,0.433027238,0,0.25289461,-0.248170078,0,-0,0,0,-0,0,0,-0,0,0.134028614,0.504165113,0.441162109,0.99999994,-5.0542978e-05,1.37446277e-05,-0.000305821392,-1.49167329e-06,-0.0343859941,0.102710396,0.00472453237,-2.04951419e-07,1.37762067e-17,0,0,0,0,0,0,0,0,0,0,1.71793624e-06,0.0173302535,0.00124022679,-1.78561538e-06,-0.0173317585,0.00121902605,0,0,0,0,0,0,0,0,0,0,0,0,0,2.84490943,0,0
163,-0.277781069,-0.221619546,0.443488747,-0.277794272,0.27776441,1.77078982e-06,0.568627477,-0.433027238,0.433027238,0.549261689,-0.433027238,0.433027238,0,0.253625363,-0.253065497,0.000109488166,-0,0,0,-0,0,0,-0,0,0.134027898,0.503619969,0.442770213,0.99999994,-1.43107382e-05,3.78284058e-05,-0.000306297967,-6.27975794e-07,-0.0337898917,0.102467842,0.000669354573,-1.24397701e-08,-1.40439039e-17,0,0,0,0,0,0,0,0,0,0,4.0259701e-07,0.0173302516,0.00124024332,-5.88677835e-07,-0.0173317585,0.00121900951,0,0,0,0,0,0,0,0,0,0,0,0,0,2.85070658,0,0
164,-0.277781069,-0.220920756,0.442082554,-0.277783722,0.277770817,1.77078982e-06,0.568627477,-0.433027238,0.433027238,0.549261689,-0.433027238,0.433027238,0,0.246391416,-0.250669152,9.42069455e-05,-0,0,0,-0,0,0,-0,0,0.134019002,0.503110588,0.444368154,0.99999994,-1.43055358e-05,1.97086683e-05,-0.000323941029,-5.94041865e-07,-0.0319639854,0.0989327356,-0.00418352894,7.7749732e-08,-1.39152095e-17,0,0,0,0,0,0,0,0,0,0,4.4715739e-07,0.0173302088,0.00124085485,-5.44117427e-07,-0.0173318014,0.00121839799,0,0,0,0,0,0,0,0,0,0,0,0,0,2.85647011,0,0
165,-0.27778545,-0.220141441,0.44049862,-0.27777943,0.277768701,1.77078982e-06,0.568627477,-0.433027238,0.433027238,0.549261689,-0.433027238,0.433027238,0,0.239123523,-0.24163197,8.1422666e-05,-0,0,0,-0,0,0,-0,0,0.13403438,0.502527952,0.446139097,0.99999994,-2.67046271e-05,2.56727562e-05,-0.00030033724,-1.38275777e-06,-0.0318752788,0.0960349813,-0.00242702384,1.05284919e-07,-1.34075745e-17,0,0,0,0,0,0,0,0,0,0,8.62213369e-07,0.0173302665,0.0012400368,-9.88524448e-07,-0.0173317436,0.00121921615,0,0,0,0,0,0,0,0,0,0,0,0,0,2.86220098,0,0
166,-0.277783096,-0.219461456,0.439169705,-0.277781636,0.277770817,8.17936234e-06,0.647058845,-0.504678607,0.504678607,0.62672478,-0.504678607,0.504678607,0,0.231994182,-0.227626085,5.64487709e-05,-0,0,1.63993919,-1.63993919,1.63993919,1.63993919,-1.63993919,1.63993919,0.134024724,0.501987576,0.447693795,0.99999994,-3.81476675e-05,1.97045392e-05,-0.000338007958,-9.92736773e-07,-0.0330594704,0.0937264189,0.00442454545,-1.3286386e-07,1.26310058e-17,0,0,0,0,0,0,0,0,0,0,1.16058197e-06,0.01573327,0.00101572857,-1.2398533e-06,-0.0157346278,0.000994455768,0,0,0,0,0,0,0,0,0,0,0,0,0,2.86789894,0,0
167,-0.277781069,-0.218815699,0.437896758,-0.277773142,0.27776441,8.17936234e-06,0.647058845,-0.504678607,0.504678607,0.62672478,-0.504678607,0.504678607,0,0.218090132,-0.212162599,6.76874697e-05,-0,0,0,-0,0,0,-0,0,0.134027854,0.501487911,0.449171215,0.99999994,-3.2433647e-05,3.78217192e-05,-0.000388227229,-5.9231246e-07,-0.0318709314,0.0881821662,0.0059952205,-1.11419517e-07,-8.40280045e-22,0,0,0,0,0,0,0,0,0,0,9.44102851e-07,0.0157331675,0.00101730891,-1.09621078e-06,-0.0157347284,0.00099287543,0,0,0,0,0,0,0,0,0,0,0,0,0,2.87356472,0,0
168,-0.277781069,-0.218153432,0.436598182,-0.277783722,0.277770817,1.77078982e-06,0.647058845,-0.504678607,0.504678607,0.62672478,-0.504678607,0.504678607,0,0.196386248,-0.190383151,-4.4332126e-05,-0,0,0,-0,0,0,-0,0,0.134018973,0.500938714,0.450675577,0.99999994,-1.43069356e-05,1.97089721e-05,-0.000394989736,-5.42332941e-07,-0.0291816518,0.0793593228,0.00595876435,-1.10741993e-07,-2.45371759e-21,0,0,0,0,0,0,0,0,0,0,4.10334252e-07,0.0157331545,0.0010175216,-4.89594299e-07,-0.0157347415,0.000992662623,0,0,0,0,0,0,0,0,0,0,0,0,0,2.87919855,0,0
169,-0.277787477,-0.217628598,0.435579896,-0.277773142,0.277768701,3.87887303e-06,0.647058845,-0.504678607,0.504678607,0.62672478,-0.504678607,0.504678607,0,0.175629392,-0.17105642,-1.31946476e-09,-0,0,0,-0,0,0,-0,0,0.134040013,0.500516415,0.451880127,0.999999881,-3.83914703e-05,2.56754611e-05,-0.000469288585,-1.43057366e-06,-0.0260937642,0.0708224252,0.00457297126,-2.50710173e-07,9.49553878e-18,0,0,0,0,0,0,0,0,0,0,1.15607122e-06,0.0157330018,0.00101985957,-1.25936856e-06,-0.0157348886,0.000990324421,0,0,0,0,0,0,0,0,0,0,0,0,0,2.88480067,0,0
170,-0.277781069,-0.217163056,0.434658051,-0.277777344,0.277775019,1.77078982e-06,0.647058845,-0.504678607,0.504678607,0.62672478,-0.504678607,0.504678607,0,0.153321713,-0.156465143,-4.35835881e-19,-0,0,0,-0,0,0,-0,0,0.134013116,0.500136912,0.452934623,0.999999881,-1.43028137e-05,7.78836784e-06,-0.000470481056,-3.91789229e-07,-0.0210812502,0.0610575452,-0.00314342976,5.84197757e-08,-4.77259567e-36,0,0,0,0,0,0,0,0,0,0,4.34294662e-07,0.0157329999,0.00101989706,-4.65633832e-07,-0.0157348923,0.000990286935,0,0,0,0,0,0,0,0,0,0,0,0,0,2.8903718,0,0
171,-0.277783096,-0.216722637,0.433776051,-0.277785838,0.277768701,5.98695578e-06,0.647058845,-0.504678607,0.504678607,0.62672478,-0.504678607,0.504678607,0,0.134807661,-0.127543315,-9.3996982e-30,-0,0,0,-0,0,0,-0,0,0.134027585,0.499767154,0.453925937,0.999999881,-3.19535429e-05,2.56668918e-05,-0.000444819365,-6.39124551e-07,-0.0212837085,0.054636918,0.00726434588,-2.18139704e-07,1.40129846e-45,0,0,0,0,0,0,0,0,0,0,9.53527888e-07,0.015733052,0.0010190896,-1.05677543e-06,-0.0157348402,0.000991094508,0,0,0,0,0,0,0,0,0,0,0,0,0,2.89591193,0,0
172,-0.277787477,-0.216396719,0.433108538,-0.277777433,0.277766496,1.77078982e-06,0.717647076,-0.569164813,0.569164813,0.696441531,-0.569164813,0.569164813,0,0.107863359,-0.115434892,-0.000245606294,-0,0,1.47040057,-1.47040057,1.47040057,1.47040057,-1.47040057,1.47040057,0.134042993,0.499516219,0.454663068,0.999999881,-3.2433185e-05,3.18766288e-05,-0.00044640011,-7.48519369e-07,-0.0136530465,0.0423280112,-0.00781713985,4.28569592e-07,6.43411314e-18,0,0,0,0,0,0,0,0,0,0,8.72962062e-07,0.0142909335,0.000854392769,-9.80324558e-07,-0.0142924367,0.000828873483,0,0,0,0,0,0,0,0,0,0,0,0,0,2.90142155,0,0
173,-0.277783096,-0.216099232,0.432512879,-0.277788043,0.27776441,5.98695578e-06,0.717647076,-0.569164813,0.569164813,0.696441531,-0.569164813,0.569164813,0,0.0999651402,-0.0991859883,-0.000187117868,-0,0,0,-0,0,0,-0,0,0.134033531,0.499261379,0.455329001,0.99999994,-3.1957843e-05,3.78262957e-05,-0.000415493909,-4.42840616e-07,-0.0147471884,0.0399861075,0.000592034019,-1.77780812e-08,7.37445572e-21,0,0,0,0,0,0,0,0,0,0,8.49319747e-07,0.0142909866,0.000853509468,-9.76707952e-07,-0.0142923854,0.000829756958,0,0,0,0,0,0,0,0,0,0,0,0,0,2.90690112,0,0
174,-0.277779043,-0.215808153,0.431947559,-0.277783722,0.277768701,3.87887303e-06,0.717647076,-0.569164813,0.569164813,0.696441531,-0.569164813,0.569164813,0,0.0901115909,-0.0793790147,-0.000158014387,-0,0,0,-0,0,0,-0,0,0.134016141,0.499023765,0.455993444,0.999999881,-1.45491585e-05,2.56644034e-05,-0.000451495231,-1.14004976e-07,-0.0159656703,0.0370247252,0.0105745615,-7.55090568e-08,-1.57185674e-20,0,0,0,0,0,0,0,0,0,0,3.72321807e-07,0.0142909251,0.000854538404,-4.58743983e-07,-0.014292445,0.000828727847,0,0,0,0,0,0,0,0,0,0,0,0,0,2.91235065,0,0
175,-0.277781069,-0.215576768,0.43153742,-0.277783722,0.277772903,3.87887303e-06,0.717647076,-0.569164813,0.569164813,0.696441531,-0.569164813,0.569164813,0,0.0739074349,-0.0717899427,-0.000142097255,-0,0,0,-0,0,0,-0,0,0.134016007,0.498809099,0.456530482,0.999999881,-2.02668434e-05,1.37459347e-05,-0.000525881653,-2.11726913e-07,-0.0113925245,0.0296844691,0.00197539502,-3.67121729e-08,-3.99346173e-18,0,0,0,0,0,0,0,0,0,0,5.55932218e-07,0.0142907975,0.000856664497,-6.02244199e-07,-0.014292568,0.000826601521,0,0,0,0,0,0,0,0,0,0,0,0,0,2.91777062,0,0
176,-0.277787477,-0.215387464,0.431153238,-0.277781636,0.277770817,8.17936234e-06,0.717647076,-0.569164813,0.569164813,0.696441531,-0.569164813,0.569164813,0,0.0603084564,-0.0624650158,-0.000107380976,-0,0,0,-0,0,0,-0,0,0.134036988,0.498652488,0.456957132,0.999999881,-5.05490971e-05,1.97095251e-05,-0.000523974188,-4.55504221e-07,-0.00830842927,0.0238265563,-0.00226394041,1.24119055e-07,-1.73469811e-21,0,0,0,0,0,0,0,0,0,0,1.41134774e-06,0.0142908003,0.000856610015,-1.47778962e-06,-0.0142925652,0.000826656062,0,0,0,0,0,0,0,0,0,0,0,0,0,2.92316151,0,0
177,-0.277783096,-0.215225637,0.430815607,-0.277781636,0.277772903,5.98695578e-06,0.717647076,-0.569164813,0.569164813,0.696441531,-0.569164813,0.569164813,0,0.04664151,-0.0512276888,-0.000106369633,-0,0,0,-0,0,0,-0,0,0.134021699,0.49852711,0.457318068,0.999999881,-3.19490537e-05,1.3745851e-05,-0.000504185562,-1.70714358e-07,-0.00568501791,0.0181273613,-0.00469254842,1.40911681e-07,-2.85947301e-18,0,0,0,0,0,0,0,0,0,0,8.89848707e-07,0.0142908348,0.000856044411,-9.36178822e-07,-0.0142925316,0.000827221724,0,0,0,0,0,0,0,0,0,0,0,0,0,2.92852354,0,0
178,-0.27778545,-0.21510759,0.430558264,-0.277788043,0.27776441,8.17936234e-06,0.78039217,-0.626485944,0.626485944,0.758412004,-0.626485944,0.626485944,0,0.0413191058,-0.0424905829,-9.51504771e-05,-0,0,1.31150639,-1.31150639,1.31150639,1.31150639,-1.31150639,1.31150639,0.134040162,0.498426914,0.457574546,0.999999881,-4.48339742e-05,3.7826434e-05,-0.000456025038,-2.51650903e-07,-0.00580104673,0.0163429901,-0.00126662757,5.49466321e-08,2.35911373e-18,0,0,0,0,0,0,0,0,0,0,1.11078214e-06,0.0130058862,0.000739005511,-1.22086249e-06,-0.0130072124,0.000715280185,0,0,0,0,0,0,0,0,0,0,0,0,0,2.93385696,0,0
179,-0.277783096,-0.215004548,0.430356234,-0.277781636,0.277768701,3.87887303e-06,0.78039217,-0.626485944,0.626485944,0.758412004,-0.626485944,0.626485944,0,0.0341831706,-0.0309172571,-8.6052838e-05,-0,0,0,-0,0,0,-0,0,0.134027541,0.498349875,0.457811564,0.999999881,-2.5993977e-05,2.56696858e-05,-0.000479866751,-1.77528548e-07,-0.00591193931,0.0139392605,0.00317986077,-9.54874508e-08,1.72491994e-18,0,0,0,0,0,0,0,0,0,0,6.3851445e-07,0.0130058508,0.000739625655,-7.13212842e-07,-0.0130072469,0.000714659982,0,0,0,0,0,0,0,0,0,0,0,0,0,2.93916202,0,0
180,-0.277781069,-0.214901417,0.430204779,-0.277781636,0.277770817,1.77078982e-06,0.78039217,-0.626485944,0.626485944,0.758412004,-0.626485944,0.626485944,0,0.0269323997,-0.021799691,-1.71601513e-07,-0,0,0,-0,0,0,-0,0,0.134018913,0.498242408,0.4580594,0.999999821,-1.43101342e-05,1.9709667e-05,-0.000557352789,-9.89174964e-08,-0.00532251643,0.0112420777,0.00513253687,-9.53867882e-08,-3.53496381e-24,0,0,0,0,0,0,0,0,0,0,3.43290168e-07,0.0130057363,0.000741641154,-4.00640374e-07,-0.0130073577,0.000712644192,0,0,0,0,0,0,0,0,0,0,0,0,0,2.94443893,0,0
181,-0.277783096,-0.214834124,0.430103928,-0.277787954,0.277770817,3.87887303e-06,0.78039217,-0.626485944,0.626485944,0.758412004,-0.626485944,0.626485944,0,0.0218768474,-0.0176334139,-5.66821478e-17,-0,0,0,-0,0,0,-0,0,0.13402462,0.498161763,0.458216906,0.999999821,-2.59932294e-05,1.97096542e-05,-0.000587155111,-1.30507544e-07,-0.00434607686,0.00913785212,0.00424343348,-1.27425281e-07,3.95769589e-33,0,0,0,0,0,0,0,0,0,0,6.47177899e-07,0.0130056916,0.000742416363,-7.04549223e-07,-0.0130073996,0.000711868866,0,0,0,0,0,0,0,0,0,0,0,0,0,2.94968843,0,0
182,-0.277779043,-0.214783788,0.430027694,-0.277785838,0.277766496,1.77078982e-06,0.78039217,-0.626485944,0.626485944,0.758412004,-0.626485944,0.626485944,0,0.0165801309,-0.0140003283,-1.8722834e-26,-0,0,0,-0,0,0,-0,0,0.134019166,0.498115391,0.45833841,0.999999821,-8.5971069e-06,3.18657221e-05,-0.000627686386,-2.23493366e-08,-0.00312988204,0.00686128065,0.00257980265,-1.84214226e-08,7.77174339e-19,0,0,0,0,0,0,0,0,0,0,1.76767415e-07,0.013005632,0.00074347062,-2.69466852e-07,-0.0130074574,0.000710814493,0,0,0,0,0,0,0,0,0,0,0,0,0,2.95491028,0,0
183,-0.277783096,-0.214743987,0.429948092,-0.277787954,0.277770817,-3.90697124e-07,0.78039217,-0.626485944,0.626485944,0.758412004,-0.626485944,0.626485944,0,0.0108126719,-0.00878913514,-4.03796372e-37,-0,0,0,-0,0,0,-0,0,0.13402462,0.498076051,0.458426863,0.999999821,-1.39219874e-05,1.97172994e-05,-0.000621725572,-6.39923599e-08,-0.00213103159,0.00450819172,0.00202353671,-6.07644139e-08,4.8789501e-19,0,0,0,0,0,0,0,0,0,0,3.33148051e-07,0.0130056404,0.000743315613,-3.90522416e-07,-0.013007449,0.000710969558,0,0,0,0,0,0,0,0,0,0,0,0,0,2.96010518,0,0
184,-0.277783096,-0.214718774,0.429915041,-0.27777952,0.27776441,1.77078982e-06,0.78039217,-0.626485944,0.626485944,0.758412004,-0.626485944,0.626485944,0,0.0082338443,-0.00450472254,-0,-0,0,0,-0,0,0,-0,0,0.134033486,0.498059332,0.458493322,0.999999762,-2.0046542e-05,3.783379e-05,-0.000670124427,-6.58739197e-08,-0.00219369004,0.003650859,0.00372912176,-1.11981109e-07,0,0,0,0,0,0,0,0,0,0,0,4.65772587e-07,0.0130055686,0.000744574529,-5.7585396e-07,-0.0130075179,0.000709710468,0,0,0,0,0,0,0,0,0,0,0,0,0,2.96527314,0,0
185,-0.27778545,-0.214704275,0.429902554,-0.27777952,0.277768701,5.98695578e-06,0.78039217,-0.626485944,0.626485944,0.758412004,-0.626485944,0.626485944,0,0.00390880927,-0.00128051534,-0,-0,0,0,-0,0,0,-0,0,0.134034187,0.498038501,0.458530664,0.999999762,-3.86356369e-05,2.56710427e-05,-0.000693489739,-5.48848007e-08,-0.0012652023,0.00181857322,0.00262829382,-1.14016068e-07,-7.10828806e-20,0,0,0,0,0,0,0,0,0,0,9.67197707e-07,0.0130055342,0.000745182275,-1.0419418e-06,-0.0130075505,0.000709102605,0,0,0,0,0,0,0,0,0,0,0,0,0,2.9704144,0,0
186,-0.277787477,-0.214702323,0.429902911,-0.277783722,0.277770817,3.87887303e-06,0.78039217,-0.626485944,0.626485944,0.758412004,-0.626485944,0.626485944,0,0.000821157126,-0.000166390499,-0,-0,0,0,-0,0,0,-0,0,0.134036958,0.498027742,0.458533823,0.999999762,-3.83929691e-05,1.97185836e-05,-0.000687529042,-1.60386513e-08,-0.000292546116,0.000392262678,0.000654766627,-3.58971519e-08,0,0,0,0,0,0,0,0,0,0,0,9.69652774e-07,0.0130055426,0.00074502721,-1.02708248e-06,-0.0130075421,0.000709257671,0,0,0,0,0,0,0,0,0,0,0,0,0,2.97552967,0,0
187,-0.277787477,-0.214702412,0.429902911,-0.277796388,0.27776441,3.87887303e-06,0.78039217,-0.626485944,0.626485944,0.758412004,-0.626485944,0.626485944,0,-0.000335149787,-1.14893206e-09,-0,-0,0,0,-0,0,0,-0,0,0.134045839,0.498010367,0.458526403,0.999999762,-3.8404065e-05,3.7837799e-05,-0.000651527545,7.51653584e-09,0.000137102135,-0.000166862621,-0.000335150922,1.83744309e-08,-6.37785414e-26,0,0,0,0,0,0,0,0,0,0,9.43304315e-07,0.0130055966,0.000744090823,-1.05343111e-06,-0.0130074909,0.000710194232,0,0,0,0,0,0,0,0,0,0,0,0,0,2.98061872,0,0
188,-0.277776837,-0.214704528,0.429915369,-0.277790129,0.277775019,5.98695578e-06,0.78039217,-0.626485944,0.626485944,0.758412004,-0.626485944,0.626485944,0,-0.000454331981,0.000254717947,-0,-0,0,0,-0,0,0,-0,0,0.134001195,0.498025417,0.458527535,0.999999762,-1.43044499e-05,7.77303558e-06,-0.000680853846,-6.2799399e-10,0.000119455581,-0.000200824812,-0.000199614034,-1.04939768e-09,0,0,0,0,0,0,0,0,0,0,0,3.60647107e-07,0.0130055528,0.000744853576,-3.83283862e-07,-0.0130075328,0.000709431362,0,0,0,0,0,0,0,0,0,0,0,0,0,2.98568201,0,0
189,-0.27778545,-0.214702412,0.429910988,-0.277790129,0.277775019,-3.90697124e-07,0.78039217,-0.626485944,0.626485944,0.758412004,-0.626485944,0.626485944,0,-0.000127603911,0.000366965774,-0,-0,0,0,-0,0,0,-0,0,0.134025425,0.498017192,0.458532244,0.999999762,-2.05907527e-05,7.80186565e-06,-0.000680615078,-1.88540583e-09,-4.34623034e-05,-2.69725097e-05,0.000239361863,-1.03835793e-08,0,0,0,0,0,0,0,0,0,0,0,5.24124744e-07,0.0130055528,0.000744847348,-5.46857791e-07,-0.0130075328,0.000709437532,0,0,0,0,0,0,0,0,0,0,0,0,0,2.9907198,0,0
190,-0.277776837,-0.214702412,0.429906934,-0.277785838,0.27776441,3.87887303e-06,0.78039217,-0.626485944,0.626485944,0.758412004,-0.626485944,0.626485944,0,-0.000112235371,0.000265641487,-0,-0,0,0,-0,0,0,-0,0,0.134015918,0.498031348,0.458533525,0.999999762,-8.36467461e-06,3.78177429e-05,-0.000687053078,1.22678839e-10,-2.33356914e-05,-2.94141573e-05,0.000153406116,8.06476441e-10,1.47460648e-20,0,0,0,0,0,0,0,0,0,0,1.61909099e-07,0.0130055435,0.000745014811,-2.71921436e-07,-0.0130075421,0.000709270069,0,0,0,0,0,0,0,0,0,0,0,0,0,2.99573231,0,0
191,-0.277781069,-0.214710936,0.429923803,-0.277785838,0.277772903,3.87887303e-06,0.78039217,-0.626485944,0.626485944,0.758412004,-0.626485944,0.626485944,0,-0.00135099899,0.000783313706,-0,-0,0,0,-0,0,0,-0,0,0.134015992,0.498035371,0.458514303,0.999999762,-2.02690535e-05,1.37456636e-05,-0.000686814135,6.47576437e-09,0.000348445552,-0.000594603596,-0.000567685289,1.05502744e-08,0,0,0,0,0,0,0,0,0,0,0,5.07005041e-07,0.0130055435,0.000745008641,-5.47025763e-07,-0.0130075412,0.000709276297,0,0,0,0,0,0,0,0,0,0,0,0,0,3.00071979,0,0
192,-0.277779043,-0.214710936,0.429923803,-0.277781636,0.277762294,1.77078982e-06,0.78039217,-0.626485944,0.626485944,0.758412004,-0.626485944,0.626485944,0,-0.00130292738,0.000531315745,-0,-0,0,0,-0,0,0,-0,0,0.134025007,0.498042732,0.458516687,0.999999762,-8.60769978e-06,4.37865456e-05,-0.000698735123,2.81680546e-09,0.000394475617,-0.000595778052,-0.000771611638,5.50979529e-09,0,0,0,0,0,0,0,0,0,0,0,1.59430215e-07,0.0130055258,0.000745318714,-2.8680401e-07,-0.013007558,0.000708966167,0,0,0,0,0,0,0,0,0,0,0,0,0,3.00568271,0,0
193,-0.277779043,-0.214710847,0.429923803,-0.277781636,0.277772903,8.17936234e-06,0.78039217,-0.626485944,0.626485944,0.758412004,-0.626485944,0.626485944,0,-0.000607824069,0.000517294975,-0,-0,0,0,-0,0,0,-0,0,0.134010285,0.498042583,0.458516926,0.999999762,-2.67065207e-05,1.37331444e-05,-0.000698973774,8.12513112e-10,0.000113787275,-0.000251090183,-9.05290945e-05,6.46435017e-10,2.87156396e-20,0,0,0,0,0,0,0,0,0,0,6.74470698e-07,0.0130055258,0.000745324884,-7.14468854e-07,-0.0130075589,0.000708959938,0,0,0,0,0,0,0,0,0,0,0,0,0,3.01062083,0,0
194,-0.27778545,-0.214710847,0.429919779,-0.277783722,0.277772903,5.98695578e-06,0.78039217,-0.626485944,0.626485944,0.758412004,-0.626485944,0.626485944,0,-0.000392179645,0.000514139538,-0,-0,0,0,-0,0,0,-0,0,0.134028345,0.498036504,0.458514601,0.999999762,-3.86272877e-05,1.37500874e-05,-0.000687290914,1.145116e-09,2.63971706e-05,-0.000144037302,0.000121959893,-5.29065147e-09,0,0,0,0,0,0,0,0,0,0,0,9.84534609e-07,0.0130055435,0.00074502104,-1.0246049e-06,-0.0130075421,0.000709263841,0,0,0,0,0,0,0,0,0,0,0,0,0,3.01553488,0,0
