step,sim_time,action_0,action_1,action_2,action_3,action_4,action_5,action_6,target_0,target_1,target_2,target_3,target_4,target_5,target_6,target_7,target_8,target_9,target_10,target_11,q_0,q_1,q_2,q_3,q_4,q_5,q_6,q_7,q_8,q_9,q_10,q_11
0,0.018000000000000002,-0.45958462357521057,-0.047364242374897,-0.04202580451965332,0.022638894617557526,-0.05692267045378685,-0.06614667177200317,-0.10969731211662292,-1.5708518555555555,-1.5708518555555555,1.5707407444444446,-1.5707407444444446,1.5707407444444446,-5.555555555555556e-05,0.32050896763801573,-0.32050896763801573,0.32050896763801573,0.32050896763801573,-0.32050896763801573,0.32050896763801573,-1.5707933818353732,-1.570728640103497,1.5707763367155982,-1.5707168548342496,1.5707910379085726,-5.088092620353086e-06,0.0397262397308493,-0.039521484749406324,0.038875911799493554,0.03972927600222378,-0.03951788478141793,0.03888714447709292
1,0.034000000000000016,-0.39668503403663635,-0.054278045892715454,-0.17883847653865814,0.006640024483203888,-0.05403691530227661,0.029112134128808975,-0.11823147535324097,-1.5709629666666667,-1.5709629666666667,1.5706296333333334,-1.5706300773697246,1.5706296333333334,-5.555555555555556e-05,0.3174366688728332,-0.3174366688728332,0.3174366688728332,0.3174366688728332,-0.3174366688728332,0.3174366688728332,-1.5707922650980848,-1.570687510435155,1.5707736442963787,-1.5707153812587893,1.570778502569042,-9.24391478687326e-06,0.06923839825555217,-0.0694475195741679,0.069109868269446,0.0692881427271778,-0.06944875276333631,0.06910491114120765
2,0.05000000000000003,-0.3630754053592682,-0.05303710699081421,-0.18064117431640625,0.005163654685020447,-0.053189121186733246,0.04262588545680046,-0.11362208425998688,-1.5711296333333333,-1.5711296333333333,1.5704629666666667,-1.5705440164583075,1.5704629666666667,0.0,0.3190960496664047,-0.3190960496664047,0.3190960496664047,0.3190960496664047,-0.3190960496664047,0.3190960496664047,-1.5707946582271826,-1.5706593760651557,1.5707728225105066,-1.5707057639805444,1.5707537398200258,-8.522152600049825e-06,0.09646050456345488,-0.09661835920549326,0.09643531329847628,0.09647321046300623,-0.09662275283384816,0.09643075049614475
3,0.06800000000000005,-0.32895535230636597,-0.051907241344451904,-0.19021503627300262,0.0044052377343177795,-0.04659319669008255,0.060108449310064316,-0.10903871059417725,-1.5713518555555555,-1.5713518555555555,1.5702407444444446,-1.5704705958294023,1.5702407444444446,0.00011111111111111112,0.3207460641860962,-0.3207460641860962,0.3207460641860962,0.3207460641860962,-0.3207460641860962,0.3207460641860962,-1.5708039942877716,-1.5706411229298998,1.570764134285841,-1.5706884915091672,1.570708262909979,2.4141260859919077e-06,0.12423158273375536,-0.12434837806102984,0.12416435722348046,0.1242249197468078,-0.12434763624309057,0.12416130686601752
4,0.08400000000000006,-0.28591808676719666,-0.05120500922203064,-0.21516086161136627,0.0031769275665283203,-0.03331970423460007,0.0884404107928276,-0.1036403700709343,-1.5716296333333333,-1.5716296333333333,1.5699629666666668,-1.570417647036627,1.5699629666666668,0.0002777777777777778,0.32268946677446364,-0.32268946677446364,0.32268946677446364,0.32268946677446364,-0.32268946677446364,0.32268946677446364,-1.5708202428050193,-1.570635985602954,1.5707440055454605,-1.570668934744659,1.5706490919409228,2.4956256693604025e-05,0.14660484124956202,-0.14671183385991676,0.14653509242345028,0.14660112331914063,-0.1467109584307417,0.14653241987378515
5,0.10000000000000007,-0.24238325655460358,-0.048790641129016876,-0.24286924302577972,0.003647666424512863,-0.021171167492866516,0.12236630916595459,-0.09829167276620865,-1.5719629666666666,-1.5719629666666666,1.5696296333333335,-1.5703568525962184,1.5696296333333335,0.0005,0.32461499780416486,-0.32461499780416486,0.32461499780416486,0.32461499780416486,-0.32461499780416486,0.32461499780416486,-1.570846405758988,-1.5706415440065686,1.5707076355468763,-1.5706449966767013,1.5705678820252527,6.388698977918323e-05,0.16704268987008386,-0.16714111942657792,0.16698173751483972,0.16704152765133476,-0.16714143759786437,0.16697923468177592
6,0.11800000000000009,-0.22155070304870605,-0.04646071046590805,-0.24903573095798492,0.005000278353691101,-0.019649669528007507,0.13790947198867798,-0.09566395729780197,-1.5723518555555556,-1.5723518555555556,1.5692407444444445,-1.5702735146236568,1.5693021388412,0.0007777777777777778,0.3255609753727913,-0.3255609753727913,0.3255609753727913,0.3255609753727913,-0.3255609753727913,0.3255609753727913,-1.5708909280789323,-1.5706620581569344,1.570643316091148,-1.5706117852844168,1.5704544935200666,0.00012941278929810021,0.18782249946323612,-0.18791446667229192,0.18776627790755462,0.187821497936905,-0.1879149990859894,0.18776388301673852
7,0.1340000000000001,-0.2095680683851242,-0.04402293264865875,-0.24532371759414673,0.006964925676584244,-0.02267739176750183,0.14631322026252747,-0.09400682151317596,-1.5727963,-1.5727963,1.5687963,-1.570157432529047,1.5689241823117417,0.0011111111111111111,0.3261575442552566,-0.3261575442552566,0.3261575442552566,0.3261575442552566,-0.3261575442552566,0.3261575442552566,-1.570946318777629,-1.5706945281582367,1.5705633661388625,-1.5705744988895831,1.5703320627407995,0.00020994585795445462,0.20448733119704054,-0.2045716475814726,0.20443543295476063,0.2044862819726194,-0.20457197057008383,0.20443327221184748
8,0.1500000000000001,-0.2184968888759613,-0.04308253899216652,-0.22385816276073456,0.008405439555644989,-0.03166419267654419,0.1354869157075882,-0.09505102783441544,-1.5732963,-1.5732963,1.5682963,-1.5700173418697863,1.5684906702267278,0.0015,0.3257816299796104,-0.3257816299796104,0.3257816299796104,0.3257816299796104,-0.3257816299796104,0.3257816299796104,-1.5710194629149639,-1.5707422393134134,1.5704587976066167,-1.5705278977572603,1.5701846057221,0.00031580518138598447,0.21951818761849148,-0.21959765940931317,0.21946913416880273,0.21951727610656796,-0.2195979088209442,0.21946713181057362
9,0.16800000000000012,-0.396243155002594,-0.04788893461227417,-0.08898293972015381,0.017779260873794556,-0.07162202149629593,-0.007394067943096161,-0.11490613222122192,-1.5738518555555556,-1.5738518555555556,1.5677407444444444,-1.56982169565497,1.5680016025861583,0.0018333333333333333,0.3186337924003601,-0.3186337924003601,0.3186337924003601,0.3186337924003601,-0.3186337924003601,0.3186337924003601,-1.5711265171487185,-1.5708179238818385,1.5703091036020869,-1.570462245408474,1.5699884900713441,0.0004552344199479986,0.2338507126424732,-0.23393965107952358,0.2337930056353914,0.23384985759237079,-0.2339399704319576,0.23379074569969407
10,0.18400000000000014,-0.4204815924167633,-0.048455655574798584,-0.07156198471784592,0.02061816304922104,-0.06940719485282898,-0.02823708951473236,-0.11678977310657501,-1.5744629666666667,-1.5744629666666667,1.5671296333333333,-1.569570493884598,1.5674569793900333,0.002111111111111111,0.31795568168163296,-0.31795568168163296,0.31795568168163296,0.31795568168163296,-0.31795568168163296,0.31795568168163296,-1.5712460186808659,-1.570905543041117,1.5701459861875502,-1.5703863413888564,1.5697852974900812,0.0005912029215165484,0.245249584426204,-0.24531375869375158,0.24520911392439879,0.24524895721990372,-0.24531396202505282,0.24520767219819925
11,0.20000000000000015,-0.4131084084510803,-0.04870258644223213,-0.0713362842798233,0.019874051213264465,-0.0674002543091774,-0.02791231870651245,-0.11623484641313553,-1.5751296333333333,-1.5751296333333333,1.5664629666666667,-1.5692637365586706,1.5668568006383528,0.002333333333333333,0.3181554552912712,-0.3181554552912712,0.3181554552912712,0.3181554552912712,-0.3181554552912712,0.3181554552912712,-1.57139137607752,-1.5710145199026524,1.5699517363032824,-1.5702903615299741,1.5695499981440046,0.0007342746033065722,0.25558263422127064,-0.2556355550244358,0.25555162331919457,0.2555825628017626,-0.25563572680705415,0.2555506067931425
12,0.21800000000000017,-0.403752863407135,-0.04872603714466095,-0.07215151190757751,0.019060544669628143,-0.06583425402641296,-0.025670818984508514,-0.11551949381828308,-1.5758518555555556,-1.5758518555555556,1.5657407444444444,-1.5689460608141768,1.5662010663311166,0.0024999999999999996,0.3184129822254181,-0.3184129822254181,0.3184129822254181,0.3184129822254181,-0.3184129822254181,0.3184129822254181,-1.5715892224163275,-1.5711654418766616,1.569693386050404,-1.5701605598625412,1.5692481736998805,0.0008965749058479433,0.2660642974889978,-0.2661116239655788,0.26603606979763067,0.2660641096493111,-0.26611183678821637,0.26603509775451
13,0.23400000000000018,-0.39646896719932556,-0.04856708645820618,-0.07197754085063934,0.01870182901620865,-0.06446479260921478,-0.02429354190826416,-0.11497308313846588,-1.5766296333333334,-1.5766296333333334,1.5649629666666667,-1.5686343636639066,1.5654897764683249,0.0026111111111111105,0.3186096900701523,-0.3186096900701523,0.3186096900701523,0.3186096900701523,-0.3186096900701523,0.3186096900701523,-1.5717976203221242,-1.5713272222116206,1.5694282315197212,-1.5700285605811475,1.5689455332227082,0.0010373997167971664,0.27445903711748343,-0.27450236313405213,0.2744328469979464,0.2744589319765319,-0.27450250719283337,0.274431980024903
14,0.25000000000000017,-0.39166897535324097,-0.04829060286283493,-0.07037635147571564,0.018599234521389008,-0.0638635978102684,-0.02404411882162094,-0.1146446093916893,-1.5774629666666666,-1.5774344767143806,1.5641296333333334,-1.5683243764218835,1.5647229310499777,0.002666666666666666,0.31872794061899185,-0.31872794061899185,0.31872794061899185,0.31872794061899185,-0.31872794061899185,0.31872794061899185,-1.572039406755515,-1.571517145986893,1.5691265831793102,-1.5698806609244327,1.5686052119273741,0.0011712207261536628,0.28206465280431675,-0.2821042233065545,0.2820407342317764,0.28206459394729605,-0.28210436292433483,0.28203996703584594
15,0.2680000000000002,-0.38826605677604675,-0.04792577400803566,-0.06805795431137085,0.018689356744289398,-0.06358043104410172,-0.024429939687252045,-0.11444199085235596,-1.5783518555555556,-1.5782332396145147,1.5632407444444445,-1.568012887142812,1.5639005300760749,0.002666666666666666,0.31880088329315187,-0.31880088329315187,0.31880088329315187,0.31880088329315187,-0.31880088329315187,0.31880088329315187,-1.5723544393894477,-1.5717664756077494,1.5687405640371686,-1.569698480245715,1.5681800168771467,0.0013086731629277332,0.28976536051675955,-0.2898007629888796,0.2897437520375948,0.2897650320290844,-0.2898009252517227,0.28974297338416205
16,0.2840000000000002,-0.38619834184646606,-0.04745692014694214,-0.06517244130373001,0.01903456449508667,-0.06338825821876526,-0.02546626329421997,-0.11436396837234497,-1.5792963,-1.5790241882836304,1.5622963,-1.5676956444012273,1.5630225735466166,0.0026111111111111105,0.3188289713859558,-0.3188289713859558,0.3188289713859558,0.3188289713859558,-0.3188289713859558,0.3188289713859558,-1.5726742007391763,-1.572021072216366,1.568355781003072,-1.5695242323523335,1.5677635682427071,0.0014156393702109723,0.295920337294769,-0.29595262321060206,0.2959007675014662,0.2959201455808484,-0.29595273078096657,0.29590010357431035
17,0.3000000000000002,-0.38448023796081543,-0.04699765145778656,-0.06211336329579353,0.019302397966384888,-0.06354611366987228,-0.026568137109279633,-0.1143157035112381,-1.5802962999999999,-1.5798074824745936,1.5612963000000002,-1.5673739377684544,1.5620890614616025,0.002499999999999999,0.3188463467359543,-0.3188463467359543,0.3188463467359543,0.3188463467359543,-0.3188463467359543,0.3188463467359543,-1.5730337571853958,-1.5723072009878614,1.567927941920763,-1.569337258334236,1.567305025124009,0.0015046801086718233,0.301489657893865,-0.30151897171020486,0.30147195046550024,0.3014895439604997,-0.3015190881881692,0.30147138894129943
18,0.3180000000000002,-0.3830874264240265,-0.04651524871587753,-0.05899646878242493,0.01959388703107834,-0.06381471455097198,-0.027750521898269653,-0.11430120468139648,-1.5813518555555555,-1.5805827366198582,1.560313025520293,-1.567047372984603,1.561099993821033,0.0023333333333333327,0.31885156631469724,-0.31885156631469724,0.31885156631469724,0.31885156631469724,-0.31885156631469724,0.31885156631469724,-1.573488314944973,-1.5726676646263311,1.56739419359377,-1.5691140022045913,1.566742857274313,0.0015807965231300254,0.30712306373493997,-0.30714912187916493,0.30710709760921406,0.30712270929459057,-0.30714926467386244,0.307106518090746
19,0.33400000000000024,-0.3822351098060608,-0.045963797718286514,-0.055710677057504654,0.020018257200717926,-0.06411504000425339,-0.02918287366628647,-0.11434312164783478,-1.5824629666666665,-1.581348799915163,1.5593845142360012,-1.566713735364591,1.560055370624908,0.0021111111111111105,0.31883647620677946,-0.31883647620677946,0.31883647620677946,0.31883647620677946,-0.31883647620677946,0.31883647620677946,-1.5739374431635986,-1.5730236266827935,1.5668783431325917,-1.5689053003354738,1.566201510704614,0.0016243012680361116,0.31162186387222957,-0.3116456608789624,0.31160744529673334,0.3116216901040356,-0.3116457489763331,0.3116069789747576
20,0.35000000000000026,-0.38116681575775146,-0.04548177123069763,-0.05260000377893448,0.020284198224544525,-0.06458181142807007,-0.030443742871284485,-0.11436338722705841,-1.5836296333333333,-1.5821068294356746,1.5585078475063523,-1.566375665394182,1.558979007101107,0.0018333333333333326,0.318829180598259,-0.318829180598259,0.318829180598259,0.318829180598259,-0.318829180598259,0.318829180598259,-1.5744306730552522,-1.5734139512721612,1.5663263748280842,-1.5686854565824113,1.5656163896634074,0.0016413951387790075,0.31569054907166666,-0.31571213346649535,0.31567754651649443,0.31569048474638917,-0.31571223431301293,0.3156771797381909
21,0.36800000000000027,-0.3802202343940735,-0.04501626640558243,-0.049549274146556854,0.020526953041553497,-0.0650891363620758,-0.03174424171447754,-0.11440043151378632,-1.5848518555555555,-1.5828571005424343,1.5576820262705764,-1.566033549510156,1.557894188161739,0.0014999999999999992,0.31881584465503693,-0.31881584465503693,0.31881584465503693,0.31881584465503693,-0.31881584465503693,0.31881584465503693,-1.5750400659273371,-1.5738950285114472,1.5656679368778714,-1.5684272983188428,1.5649150553465085,0.0016282740627688271,0.31980412742149517,-0.3198232148744338,0.3197923803507262,0.3198038065057473,-0.31982334730476825,0.3197919719851946
22,0.3840000000000003,-0.37969332933425903,-0.04452043026685715,-0.04639412462711334,0.02084939181804657,-0.06559712439775467,-0.03329925984144211,-0.11448513716459274,-1.5861296333333332,-1.5835991077135487,1.5569087908601245,-1.5656860596465219,1.5568009027551097,0.0011111111111111102,0.3187853506207466,-0.3187853506207466,0.3187853506207466,0.3187853506207466,-0.3187853506207466,0.3187853506207466,-1.5756302166210754,-1.5743603354448663,1.5650571761497547,-1.5681895834581823,1.5642566066778325,0.0015856774348088371,0.3230870647923174,-0.3231045451362049,0.3230764664273223,0.32308692693607477,-0.3231046205368777,0.32307615552247854
23,0.4000000000000003,-0.378913551568985,-0.044122762978076935,-0.043453149497509,0.021005772054195404,-0.066165491938591,-0.03471103310585022,-0.11454373598098755,-1.5874629666666666,-1.5843344870965166,1.5561845717018326,-1.5653359634456185,1.5556981445561333,0.0006666666666666657,0.31876425504684447,-0.31876425504684447,0.31876425504684447,0.31876425504684447,-0.31876425504684447,0.31876425504684447,-1.5762673484682121,-1.574860917335679,1.5644264882334875,-1.567942559685731,1.5635617451959969,0.0015100445893684673,0.3260545031926327,-0.32607035581247673,0.326044955751849,0.3260544726259326,-0.3260704467624675,0.3260447288161855
24,0.4180000000000003,-0.37822258472442627,-0.043764449656009674,-0.04061383008956909,0.021124057471752167,-0.06671790778636932,-0.0361679345369339,-0.11461490392684937,-1.5888518555555555,-1.5850638945907833,1.5555076745336731,-1.5649838958210893,1.5545861794263605,0.00016666666666666555,0.3187386345863342,-0.3187386345863342,0.3187386345863342,0.3187386345863342,-0.3187386345863342,0.3187386345863342,-1.5770417537881443,-1.5754655402773572,1.5636987135277087,-1.5676561145466035,1.5627451752366304,0.0013863431113356423,0.32905289879029265,-0.32906682060915066,0.32904423648257514,0.32905258753161515,-0.329066947082,0.3290439427854133
25,0.43400000000000033,-0.37789908051490784,-0.04340662062168121,-0.03775341808795929,0.021290495991706848,-0.06722389906644821,-0.03785799443721771,-0.11472664028406143,-1.5902962999999999,-1.5857873382678114,1.5548784508988738,-1.5646290542212276,1.5534657811085864,-0.0003888888888888901,0.31869840949773787,-0.31869840949773787,0.31869840949773787,0.31869840949773787,-0.31869840949773787,0.31869840949773787,-1.5777810062195854,-1.5760387312730189,1.5630422573505198,-1.567395305669746,1.5619910004724296,0.001240327766663168,0.3314438552056355,-0.33145664828054916,0.33143605176202673,0.3314437266190402,-0.3314567163730773,0.33143584202154575
26,0.45000000000000034,-0.3773248791694641,-0.04315122216939926,-0.03512756526470184,0.021307848393917084,-0.067726269364357,-0.03939707577228546,-0.11481066793203354,-1.5917963,-1.586506525303968,1.5542929914777954,-1.5642739234146623,1.5523370099525138,-0.0010000000000000013,0.3186681595444679,-0.3186681595444679,0.3186681595444679,0.3186681595444679,-0.3186681595444679,0.3186681595444679,-1.5785693556341265,-1.5766442561907048,1.5623801619844715,-1.5671270265920023,1.5612061460799316,0.0010560746909346228,0.33360349689108776,-0.3336150935891573,0.33359647640607215,0.3336034726326981,-0.33361517947142466,0.33359633826084395
27,0.46800000000000036,-0.37682390213012695,-0.04294586926698685,-0.03264249861240387,0.021284855902194977,-0.0681714117527008,-0.04096604883670807,-0.11490444839000702,-1.5933518555555555,-1.5872222897917512,1.5537489498342554,-1.5639191758162925,1.5512008197566354,-0.001666666666666668,0.31863439857959747,-0.31863439857959747,0.31863439857959747,0.31863439857959747,-0.31863439857959747,0.31863439857959747,-1.5795162401605307,-1.577362172783991,1.5616328502513002,-1.5668188958223335,1.5602948928604619,0.0008054691692473604,0.3357839724687577,-0.3357940585720751,0.3357775651202504,0.3357836508929684,-0.33579418232895997,0.3357773420419705
28,0.4840000000000004,-0.37664785981178284,-0.04276435077190399,-0.030217131599783897,0.02128686010837555,-0.06852732598781586,-0.042736172676086426,-0.11503325402736664,-1.5949629666666665,-1.5879350289712828,1.5532453309742589,-1.5635643948144862,1.5500586976568385,-0.0023789362112681084,0.318588028550148,-0.318588028550148,0.318588028550148,0.318588028550148,-0.318588028550148,0.318588028550148,-1.5804106480703737,-1.5780307840259473,1.560971459188608,-1.566540783489499,1.559462106204566,0.0005436052539078199,0.33752081972301784,-0.33753012712284214,0.33751505758551315,0.33752067699187654,-0.33753019170908843,0.3375149073810893
29,0.5000000000000003,-0.3762308955192566,-0.042671702802181244,-0.02801475115120411,0.021165631711483,-0.06885887682437897,-0.04433995485305786,-0.11513297259807587,-1.5966296333333332,-1.5886462240179857,1.5527784184550721,-1.5632116342859614,1.5489110497097656,-0.0031179354588190726,0.31855212986469267,-0.31855212986469267,0.31855212986469267,0.31855212986469267,-0.31855212986469267,0.31855212986469267,-1.5813557894542085,-1.5787260986053127,1.5603151774580777,-1.5662570106008284,1.558603550526301,0.0002425023725845529,0.3390881959283524,-0.33909662373889743,0.3390830192132599,0.33908815219996463,-0.33909670723908003,0.3390829303957315
30,0.5180000000000003,-0.37587442994117737,-0.04262673109769821,-0.02598707750439644,0.021010302007198334,-0.06911604106426239,-0.04593668878078461,-0.11523741483688354,-1.5982963,-1.5893566695362806,1.5523453004966656,-1.5628614625858415,1.5477591156920278,-0.003883546938498816,0.31851453065872193,-0.31851453065872193,0.31851453065872193,0.31851453065872193,-0.31851453065872193,0.31851453065872193,-1.5824805077034776,-1.5795376295383563,1.5595859878395943,-1.5659336244787792,1.5576150378744782,-0.00013723245722765913,0.34066923248258646,-0.3406764608872261,0.3406644724825864,0.34066888108468313,-0.34067658299224723,0.340664285908146
31,0.5340000000000004,-0.37578943371772766,-0.04261627793312073,-0.024090873077511787,0.020864412188529968,-0.06926311552524567,-0.04767625033855438,-0.11536741256713867,-1.5999629666666666,-1.590066940835166,1.5519437859453737,-1.5625137223826993,1.5466047304332737,-0.004678151110808056,0.3184677314758301,-0.3184677314758301,0.3184677314758301,0.3184677314758301,-0.3184677314758301,0.3184677314758301,-1.5835332189486466,-1.5802823292862627,1.5589496095772257,-1.5656438827412285,1.556718394046072,-0.000510633758385702,0.34192713549505255,-0.341933833271497,0.34192286728569554,0.3419269541836422,-0.3419338964095455,0.3419227430049509
32,0.5500000000000004,-0.37544211745262146,-0.04266923666000366,-0.022361386567354202,0.020620115101337433,-0.0694076418876648,-0.04922942817211151,-0.11546503007411957,-1.6016296333333333,-1.5907780947794994,1.5515710961692513,-1.562170053797677,1.5454479364018125,-0.005498641580343248,0.31843258917331696,-0.31843258917331696,0.31843258917331696,0.31843258917331696,-0.31843258917331696,0.31843258917331696,-1.5846354911736396,-1.5810467746426697,1.5583259727935455,-1.5653503137216667,1.5558002599650158,-0.0009207960822186369,0.34306136635971823,-0.34306741596541324,0.34305754159526913,0.3430612771732526,-0.3430674983362176,0.3430574692241214
33,0.5680000000000004,-0.37510931491851807,-0.04276113957166672,-0.02078055590391159,0.020343676209449768,-0.06949415802955627,-0.05075305700302124,-0.11556205153465271,-1.6032963,-1.5914907804390273,1.5512247535708528,-1.5618309925275196,1.5442897004346532,-0.006344525863726935,0.318397661447525,-0.318397661447525,0.318397661447525,0.318397661447525,-0.318397661447525,0.318397661447525,-1.5859338734462303,-1.581927536446905,1.5576415252707048,-1.565018031917127,1.5547497506018448,-0.0014199242980245685,0.3442046498864684,-0.3442097418509023,0.3442011012912235,0.34420425413778266,-0.34420986235785495,0.3442009245124939
34,0.5840000000000004,-0.3749699890613556,-0.04289180040359497,-0.019348599016666412,0.020060569047927856,-0.06947523355484009,-0.05237460136413574,-0.11567558348178864,-1.6049629666666667,-1.5922056437790872,1.550902276920575,-1.5614966497100542,1.5431317798754058,-0.0072174358864625305,0.3183567899465561,-0.3183567899465561,0.3183567899465561,0.3183567899465561,-0.3183567899465561,0.3183567899465561,-1.5871369256399952,-1.5827260239649508,1.5570507416248278,-1.5647222188486136,1.5538023489827928,-0.0018966277534594172,0.3451134633415206,-0.3451182033707516,0.3451102948415685,0.34511322860453414,-0.34511826628320047,0.34511017212191775
35,0.6000000000000004,-0.3745619058609009,-0.04306051880121231,-0.01801273226737976,0.01970338076353073,-0.06948184967041016,-0.05381011962890625,-0.1157570481300354,-1.6066296333333334,-1.5929233190924408,1.5506020647161185,-1.561168260030662,1.5419737490475656,-0.008114271213610968,0.31832746267318723,-0.31832746267318723,0.31832746267318723,0.31832746267318723,-0.31832746267318723,0.31832746267318723,-1.5883847268423557,-1.5835370472912238,1.556477408216054,-1.5644243340726804,1.5528373966328817,-0.0024078716378788854,0.3459325356355162,-0.3459368034951385,0.3459297037995763,0.34593238689276506,-0.3459368851822729,0.34592962589723975
36,0.6180000000000004,-0.3741370141506195,-0.04325737804174423,-0.01679443195462227,0.019319646060466766,-0.06944872438907623,-0.055202171206474304,-0.11583450436592102,-1.6082963000000001,-1.5936442753931366,1.5503221575168749,-1.5608462659296543,1.5408162703077477,-0.00903430740038554,0.31829957842826845,-0.31829957842826845,0.31829957842826845,0.31829957842826845,-0.31829957842826845,0.31829957842826845,-1.5898400910912254,-1.5844617782153825,1.5558541791655878,-1.5640891885752617,1.5517387484565606,-0.003017639522145164,0.3467579000922671,-0.3467614026339268,0.34675524072589387,0.3467574535603817,-0.34676152087199674,0.3467550570638707
37,0.6340000000000005,-0.3738361597061157,-0.04349173232913017,-0.015725867822766304,0.018918931484222412,-0.06932365894317627,-0.056652992963790894,-0.11592048406600952,-1.6099629666666668,-1.594369137598622,1.5500600597198289,-1.5605309504049172,1.539660875992028,-0.009978523949782056,0.31826862573623654,-0.31826862573623654,0.31826862573623654,0.31826862573623654,-0.31826862573623654,0.31826862573623654,-1.5911760098784604,-1.585292048995558,1.555320871650243,-1.563792533391955,1.5507524094002794,-0.0035899702338416033,0.34741378864609496,-0.3474170659681941,0.34741142689873417,0.34741349247397163,-0.34741712882074377,0.3474112906839106
38,0.6500000000000005,-0.37328410148620605,-0.04374190419912338,-0.014690641313791275,0.018468424677848816,-0.06924770027399063,-0.05793267488479614,-0.11597751080989838,-1.6116296333333335,-1.595098169335274,1.5498152156979323,-1.560223143326953,1.5385067476541283,-0.010944068531195325,0.3182480961084366,-0.3182480961084366,0.3182480961084366,0.3182480961084366,-0.3182480961084366,0.3182480961084366,-1.592549878365783,-1.5861283443481253,1.5548073083023382,-1.5634954707024455,1.5497519800225583,-0.004194626394093803,0.3480049970115216,-0.348007936050509,0.3480028910256483,0.34800478061535595,-0.3480080166370653,0.3480027940923529
39,0.6680000000000005,-0.37269845604896545,-0.0440092608332634,-0.01374116726219654,0.01799865812063217,-0.06914988160133362,-0.05916367471218109,-0.11602901667356491,-1.6132963000000002,-1.5958316570158284,1.5495861962435624,-1.5599231656916093,1.5373542496274395,-0.011930129776398343,0.3182295539975166,-0.3182295539975166,0.3182295539975166,0.3182295539975166,-0.3182295539975166,0.3182295539975166,-1.594138495111928,-1.5870742012805992,1.5542533378842405,-1.5631630988323169,1.5486173070782803,-0.004906411427936038,0.34860099217125545,-0.3486033213972281,0.3485989829385719,0.34860049358393025,-0.34860343613404454,0.3485987832282305
40,0.6840000000000005,-0.37218067049980164,-0.044309668242931366,-0.012932784855365753,0.01750638335943222,-0.06897713243961334,-0.06042276322841644,-0.11608290672302246,-1.614962966666667,-1.596570151486544,1.5493706498293063,-1.5596313926356187,1.536204630753446,-0.012937175830205283,0.3182101535797119,-0.3182101535797119,0.3182101535797119,0.3182101535797119,-0.3182101535797119,0.3182101535797119,-1.59558498658261,-1.5879171736025484,1.553782627311195,-1.5628704680852095,1.5476021852754107,-0.005566678613843693,0.34907487530615516,-0.34907706854467135,0.34907310202693936,0.349074515641105,-0.3490771309072413,0.34907294445290554
41,0.7000000000000005,-0.37144649028778076,-0.04460839927196503,-0.012109817937016487,0.016986310482025146,-0.06886814534664154,-0.06153367459774017,-0.11611288785934448,-1.6166296333333336,-1.5973136248077435,1.549168819530356,-1.5593482874609184,1.535056828331002,-0.013962737073500953,0.31819936037063595,-0.31819936037063595,0.31819936037063595,0.31819936037063595,-0.31819936037063595,0.31819936037063595,-1.5970618647974208,-1.5887609610603377,1.5533322490321344,-1.5625789794615819,1.5465758490236479,-0.006256975487080345,0.3495024652628057,-0.34950442219916267,0.34950088616397923,0.349502179376594,-0.34950450084395335,0.3495007635672183
42,0.7180000000000005,-0.3706744909286499,-0.04491448402404785,-0.011344486847519875,0.016454949975013733,-0.06875190138816833,-0.06259685754776001,-0.1161373108625412,-1.6182963000000004,-1.5980621995414777,1.548979744749564,-1.5590740382946682,1.5339109633078658,-0.015006018032630287,0.31819056808948515,-0.31819056808948515,0.31819056808948515,0.31819056808948515,-0.31819056808948515,0.31819056808948515,-1.5987572684853326,-1.5897096389432503,1.552849590618508,-1.562254558062992,1.5454151868559605,-0.007061986793186275,0.34993410947150394,-0.34993558321131757,0.3499325731313198,0.34993356255622293,-0.3499356930165015,0.3499323541155563
43,0.7340000000000005,-0.36992597579956055,-0.045247338712215424,-0.010704237967729568,0.01589890569448471,-0.06857872009277344,-0.06366650760173798,-0.11615970730781555,-1.619962966666667,-1.598816321853348,1.5488013407834351,-1.5588090565330934,1.532767984639653,-0.016067126492659255,0.3181825053691864,-0.3181825053691864,0.3181825053691864,0.3181825053691864,-0.3181825053691864,0.3181825053691864,-1.6002906415884768,-1.590550644310762,1.552441954894661,-1.5619703843104427,1.5443795372571385,-0.007802338528961443,0.35027791028676736,-0.35027930980440547,0.3502765634107156,0.3502774905364094,-0.3502793709027475,0.3502763821813521
44,0.7500000000000006,-0.36900395154953003,-0.045566171407699585,-0.010015426203608513,0.015333421528339386,-0.06847584247589111,-0.06461501121520996,-0.1161639392375946,-1.6216296333333338,-1.5995757580434764,1.548634417013375,-1.5585534995076211,1.531626720598388,-0.01714404334624609,0.3181809818744659,-0.3181809818744659,0.3181809818744659,0.3181809818744659,-0.3181809818744659,0.3181809818744659,-1.6018469328807718,-1.5913888069672875,1.5520541386333824,-1.5616887547145157,1.5433349224271116,-0.008570358633073106,0.3505887981996703,-0.3505900383538503,0.35058759883457635,0.3505884465678553,-0.35059011401501883,0.3505874491952972
45,0.7680000000000006,-0.36804768443107605,-0.04588425159454346,-0.009359858930110931,0.01476404070854187,-0.06837697327136993,-0.06552179157733917,-0.1161634549498558,-1.6232963000000005,-1.6003404955700522,1.5484784193645398,-1.5583074321624788,1.5304871043771986,-0.018236073205868408,0.3181811562180519,-0.3181811562180519,0.3181811562180519,0.3181811562180519,-0.3181811562180519,0.3181811562180519,-1.6036229477632227,-1.59232742659884,1.5516409754161977,-1.5613769027251607,1.5421561054298203,-0.00945968559684229,0.35090344581886723,-0.35090430594504596,0.35090225217711324,0.3509028584141065,-0.3509044093988914,0.3509020148957343
46,0.7840000000000006,-0.3670808672904968,-0.046221859753131866,-0.00880950503051281,0.014170080423355103,-0.06823907792568207,-0.0664203017950058,-0.11615798622369766,-1.6249629666666672,-1.6011108598992712,1.5483315942806979,-1.5580712641554229,1.5293497864117707,-0.019343078235785172,0.3181831249594688,-0.3181831249594688,0.3181831249594688,0.3181831249594688,-0.3181831249594688,0.3181831249594688,-1.605220458720398,-1.5931566833532815,1.5512939936539787,-1.5611050973886558,1.541106230980794,-0.010272221684780576,0.3511548591019887,-0.3511556866194987,0.3511538194843807,0.3511543870220749,-0.35115574552884193,0.35115361627356295
47,0.8000000000000006,-0.3659864664077759,-0.04653790593147278,-0.008190242573618889,0.013581052422523499,-0.06817090511322021,-0.06722469627857208,-0.11614008247852325,-1.6266296333333339,-1.6018864916647957,1.5481950902378043,-1.557844913281714,1.5282136046598838,-0.02046348984042804,0.3181895703077316,-0.3181895703077316,0.3181895703077316,0.3181895703077316,-0.3181895703077316,0.3181895703077316,-1.6068340679893385,-1.5939809751947778,1.550965692185566,-1.5608370611388536,1.5400490236263213,-0.011110068572264702,0.35138300459757527,-0.35138373009465845,0.35138207718356035,0.3513825952775108,-0.3513838016988353,0.35138190278717274
48,0.8180000000000006,-0.36486607789993286,-0.04684718698263168,-0.007585108280181885,0.012994438409805298,-0.06811443716287613,-0.06799578666687012,-0.11611881852149963,-1.6282963000000006,-1.6026672781145062,1.548068671766468,-1.5576283393082173,1.5270783640405026,-0.021596752951542543,0.31819722533226014,-0.31819722533226014,0.31819722533226014,0.31819722533226014,-0.31819722533226014,0.31819722533226014,-1.6086667662367928,-1.5949020366608633,1.550617999358636,-1.560541752291113,1.5388577388566897,-0.01207490964463771,0.35161482498752666,-0.35161525446920444,0.3516138792709158,0.351614207818211,-0.35161535029670943,0.351613627568552
49,0.8340000000000006,-0.36371129751205444,-0.04716884717345238,-0.007063690572977066,0.012384846806526184,-0.06803573668003082,-0.06875035166740417,-0.11609072238206863,-1.6299629666666673,-1.6034534255673971,1.5479509435902516,-1.5574219251947752,1.5259444350958353,-0.022742592145999278,0.31820733994245526,-0.31820733994245526,0.31820733994245526,0.31820733994245526,-0.31820733994245526,0.31820733994245526,-1.6103080816108122,-1.5957143916840852,1.5503276978753402,-1.560285635932624,1.5377980824709045,-0.012951908677554433,0.35180095002482903,-0.35180137372543113,0.3518001309610313,0.3518004363751922,-0.35180142951189775,0.35179990997801897
50,0.8500000000000006,-0.36247313022613525,-0.047465723007917404,-0.006464773789048195,0.011790461838245392,-0.06802062690258026,-0.06943565607070923,-0.11605537682771683,-1.631629633333334,-1.6042445209508625,1.547843197360434,-1.5572254174974711,1.5248107579807924,-0.023899853080511096,0.31822006434202194,-0.31822006434202194,0.31822006434202194,0.31822006434202194,-0.31822006434202194,0.31822006434202194,-1.6119596384555168,-1.596521003905396,1.550054664402505,-1.5600343169135134,1.536732158783401,-0.013851949605425762,0.3519706886189144,-0.3519710521960982,0.3519699551503454,0.3519702325732997,-0.35197111875348097,0.3519697605638346
51,0.8680000000000007,-0.3612203299999237,-0.04775174707174301,-0.005866039544343948,0.011203616857528687,-0.06802178919315338,-0.07009720802307129,-0.11601819843053818,-1.6332963000000007,-1.6050403834020581,1.5477454300346951,-1.5570386905498457,1.5236770614942399,-0.025068139880895617,0.31823344856500624,-0.31823344856500624,0.31823344856500624,0.31823344856500624,-0.31823344856500624,0.31823344856500624,-1.6138284539575691,-1.5974217224481893,1.5497674474114167,-1.5597588245463871,1.5355321345112407,-0.014883893983917233,0.35214408775731665,-0.35214422355302705,0.35214332185085595,0.3521434532168352,-0.3521443106987238,0.352143061148017
52,0.8840000000000007,-0.3599170744419098,-0.048043616116046906,-0.005329931154847145,0.01059606671333313,-0.0680154412984848,-0.07073846459388733,-0.11597330868244171,-1.6349629666666674,-1.6058411103373256,1.547656597848781,-1.5568620894379568,1.5225434708059318,-0.026247114290793738,0.31824960887432097,-0.31824960887432097,0.31824960887432097,0.31824960887432097,-0.31824960887432097,0.31824960887432097,-1.6154964286410247,-1.598215932556437,1.5495292844658135,-1.5595210892716587,1.5344654770140205,-0.015818063385743954,0.35228420047909836,-0.3522843466924245,0.3522835395936554,0.3522836577085991,-0.35228439850757864,0.3522833064008885
53,0.9000000000000007,-0.3585706651210785,-0.048310764133930206,-0.004717495292425156,0.010010629892349243,-0.06806275248527527,-0.0713314414024353,-0.11592546850442886,-1.636629633333334,-1.6066462897395577,1.5475779729272408,-1.5566952456064176,1.5214090915978438,-0.027435971647500994,0.3182668313384056,-0.3182668313384056,0.3182668313384056,0.3182668313384056,-0.3182668313384056,0.3182668313384056,-1.6171698850645606,-1.5990046783741272,1.5493069522718679,-1.5592889753955401,1.5333931282566304,-0.016773173470046376,0.3524127821187626,-0.352412897945098,0.35241218686487846,0.35241229189616863,-0.3524129586165212,0.3524119778180757
54,0.9180000000000007,-0.3572220802307129,-0.04856477677822113,-0.004096165299415588,0.00943639874458313,-0.06812825798988342,-0.07190966606140137,-0.11587730050086975,-1.6382963000000008,-1.6074557026858614,1.5475097035055838,-1.5565379722940078,1.5202736206313456,-0.028634466081857685,0.3182841718196869,-0.3182841718196869,0.3182841718196869,0.3182841718196869,-0.3182841718196869,0.3182841718196869,-1.619058092188516,-1.5998859788619681,1.5490751169272694,-1.5590358570887473,1.5321864116953288,-0.017864460034530412,0.3525449982050072,-0.35254494153239013,0.3525443637612385,0.3525443592717827,-0.3525450191902058,0.35254410009470155
55,0.9340000000000007,-0.35581254959106445,-0.048819031566381454,-0.003518441691994667,0.008843906223773956,-0.06819872558116913,-0.07246708869934082,-0.11582104861736298,-1.6399629666666675,-1.6082693532119676,1.5474510628107172,-1.556390573856945,1.5191369752049928,-0.029842250893513365,0.3183044224977493,-0.3183044224977493,0.3183044224977493,0.3183044224977493,-0.3183044224977493,0.3183044224977493,-1.6207390411743747,-1.600663760661971,1.5488846575177866,-1.5588185640848338,1.5311141355672084,-0.018849147130211356,0.3526526634521536,-0.35265262548576054,0.35265211669193913,0.35265210456692136,-0.35265267261922345,0.3526518773152375
56,0.9500000000000007,-0.3543945252895355,-0.04905126988887787,-0.0028724968433380127,0.00827723741531372,-0.06831026077270508,-0.07299306988716125,-0.11576540023088455,-1.6416296333333342,-1.6090868743767823,1.5474031878633283,-1.556252619900023,1.517998470858781,-0.031058802058299386,0.3183244559168816,-0.3183244559168816,0.3183244559168816,0.3183244559168816,-0.3183244559168816,0.3183244559168816,-1.6224218151572223,-1.6014370905372453,1.5487087257034562,-1.5586075171008074,1.5300363464593052,-0.019852899672763637,0.35275218191680185,-0.35275213410069145,0.3527516856384146,0.3527516704802445,-0.3527521882284876,0.35275146815773906
57,0.9680000000000007,-0.35298585891723633,-0.0492696575820446,-0.002212740480899811,0.007723994553089142,-0.06843972951173782,-0.07351286709308624,-0.11571075022220612,-1.643296300000001,-1.609908035336483,1.5473663088553133,-1.5561238866574716,1.516857808700252,-0.03228401650985083,0.31834412992000577,-0.31834412992000577,0.31834412992000577,0.31834412992000577,-0.31834412992000577,0.31834412992000577,-1.6243165554131769,-1.6023024786056308,1.5485276371090482,-1.5583786391551095,1.5288236283152123,-0.020996606550064315,0.352855256615446,-0.3528550810376116,0.3528547197427761,0.35285462591006045,-0.35285514864373146,0.35285445904282986
58,0.9840000000000008,-0.35151103138923645,-0.04948412626981735,-0.0015805251896381378,0.007154647260904312,-0.06858368217945099,-0.07401369512081146,-0.11564811319112778,-1.6449629666666676,-1.6107327707743133,1.5473399667688195,-1.5560046425364564,1.5157147473305945,-0.03351757809519768,0.318366679251194,-0.318366679251194,0.318366679251194,0.318366679251194,-0.318366679251194,0.318366679251194,-1.6260001728271507,-1.6030675031408468,1.5483809690824673,-1.5581832519415415,1.5277460137657781,-0.02202594561925387,0.35293990455352303,-0.3529397504035826,0.3529394410157481,0.35293934211434,-0.3529397923053055,0.3529392012472763
59,1.0000000000000007,-0.3500555455684662,-0.049680840224027634,-0.0008929334580898285,0.00661240890622139,-0.0687548890709877,-0.07449547946453094,-0.11558862030506134,-1.6466296333333343,-1.611560784778047,1.547325084544518,-1.5558944357213527,1.5145688325127447,-0.03475916941960653,0.3183880966901779,-0.3183880966901779,0.3183880966901779,0.3183880966901779,-0.3183880966901779,0.3183880966901779,-1.6276829823686307,-1.6038295108457885,1.5482477471827303,-1.5579945521355478,1.5266627652705322,-0.0230727387947225,0.35301874138192374,-0.3530185905657533,0.35301831693041635,0.35301822112237025,-0.3530186376741403,0.35301809670969525
60,1.0180000000000007,-0.34861987829208374,-0.04986418038606644,-0.0001900307834148407,0.006084691733121872,-0.06894226372241974,-0.07497800886631012,-0.11553123593330383,-1.648296300000001,-1.6123918544511482,1.5473219173647943,-1.5557930241924673,1.5134197947840378,-0.0360088029007117,0.3184087550640106,-0.3184087550640106,0.3184087550640106,0.3184087550640106,-0.3184087550640106,0.3184087550640106,-1.6295749909510857,-1.604683982535802,1.548113538263016,-1.5577911510350568,1.5254437234393097,-0.024262900488392844,0.35310099420683166,-0.35310075193640494,0.3531005315711909,0.353100383291176,-0.35310080914013453,0.3531002791849522
61,1.0340000000000007,-0.3471158742904663,-0.050040632486343384,0.0004980042576789856,0.005542553961277008,-0.06915123760700226,-0.0754443109035492,-0.11546622216701508,-1.6499629666666678,-1.6132258649925872,1.5473302174357557,-1.5557006482931128,1.5122672741572545,-0.03726620808243752,0.31843216001987457,-0.31843216001987457,0.31843216001987457,0.31843216001987457,-0.31843216001987457,0.31843216001987457,-1.631254041937448,-1.6054409417659046,1.548007483271119,-1.557618598165577,1.5243602524885735,-0.025331892185721013,0.3531691182114493,-0.35316889608021534,0.3531687167053186,0.35316856364001026,-0.35316893235919106,0.35316848168461606
62,1.0500000000000007,-0.34565240144729614,-0.05020429939031601,0.0012260600924491882,0.005027219653129578,-0.06937365978956223,-0.07589985430240631,-0.11540605127811432,-1.6516296333333345,-1.6140626033157592,1.54735065177063,-1.555616861298894,1.5111110464940951,-0.038531205654144286,0.31845382153987883,-0.31845382153987883,0.31845382153987883,0.31845382153987883,-0.31845382153987883,0.31845382153987883,-1.6329305463464272,-1.6061964725311215,1.547914046527443,-1.5574530144930117,1.523270822667672,-0.0264170031337401,0.35323302840524806,-0.3532328173184885,0.35323265728627284,0.353232510493789,-0.353232857097291,0.3532324393038636
63,1.0680000000000007,-0.3442172408103943,-0.05035566911101341,0.0019687041640281677,0.004526779055595398,-0.0696098580956459,-0.0763612687587738,-0.11534875631332397,-1.6532963000000012,-1.6149018644676094,1.547383463506697,-1.555541414981301,1.509950882192501,-0.039803893466790516,0.31847444772720335,-0.31847444772720335,0.31847444772720335,0.31847444772720335,-0.31847444772720335,0.31847444772720335,-1.6348136995692903,-1.6070455689449286,1.5478237319961095,-1.5572757818960263,1.5220444515705618,-0.027648643079366673,0.35330016172541134,-0.3532998888197979,0.35329975752612325,0.35329958069108985,-0.35329993544460025,0.3532995179644236
64,1.0840000000000007,-0.3427130877971649,-0.050498247146606445,0.0027059316635131836,0.004013035446405411,-0.06987257301807404,-0.07680951058864594,-0.11528420448303223,-1.6549629666666679,-1.6157435019200528,1.5474285623677555,-1.5554745310571942,1.5087863393088663,-0.04108405197660128,0.31849768638610837,-0.31849768638610837,0.31849768638610837,0.31849768638610837,-0.31849768638610837,0.31849768638610837,-1.6364835836377978,-1.6077993930559382,1.5477558996996694,-1.5571265360721145,1.5209540899173517,-0.028753159717053216,0.3533562089951341,-0.3533559519531945,0.3533558553683344,0.3533556721951073,-0.3533559823603613,0.35335562938016335
65,1.1000000000000008,-0.341264933347702,-0.05063297227025032,0.0034673847258090973,0.0035248100757598877,-0.07013604044914246,-0.07725159823894501,-0.11522553116083145,-1.6566296333333346,-1.6165873847912235,1.5474863521131856,-1.5554157842225982,1.5076174053013807,-0.042371578613917035,0.31851880878210065,-0.31851880878210065,0.31851880878210065,0.31851880878210065,-0.31851880878210065,0.31851880878210065,-1.6381499224784017,-1.608553319029711,1.5477001035013682,-1.556984408397668,1.5198573241764495,-0.029872727792590256,0.3534091339603191,-0.35340889170959383,0.35340880392716995,0.35340862800888734,-0.3534089239871078,0.35340859228238586
66,1.1180000000000008,-0.33985182642936707,-0.050757307559251785,0.0042404234409332275,0.0030509643256664276,-0.07040954381227493,-0.0777035802602768,-0.11517030000686646,-1.6582963000000013,-1.6174333399172112,1.5475570258372011,-1.5553649348171703,1.5064439129045095,-0.04366663828492165,0.31853869199752805,-0.31853869199752805,0.31853869199752805,0.31853869199752805,-0.31853869199752805,0.31853869199752805,-1.640020698460995,-1.6094023841703122,1.54765155435553,-1.556833586233685,1.5186222242270222,-0.031141817788430556,0.353465051571887,-0.35346477223091005,0.35346469520517915,0.3534645088405254,-0.3534648082325513,0.35346447204614156
67,1.1340000000000008,-0.3383709788322449,-0.050872452557086945,0.005013164132833481,0.0025641247630119324,-0.07071070373058319,-0.07814556360244751,-0.11510831117630005,-1.659962966666668,-1.618281214126496,1.5476405785727483,-1.5553221994044535,1.5052654011756665,-0.044969064344962444,0.318561007976532,-0.318561007976532,0.318561007976532,0.318561007976532,-0.318561007976532,0.318561007976532,-1.6416789586056098,-1.6101576486534657,1.5476202876760277,-1.5567077507909906,1.5175236680826802,-0.032278550843387224,0.35351206025911874,-0.35351179058960175,0.3535117449324322,0.35351154939486246,-0.3535118149934596,0.35351153131211926
68,1.1500000000000008,-0.3369571268558502,-0.05098477751016617,0.005794312804937363,0.002100881189107895,-0.07099989056587219,-0.07858435809612274,-0.11505283415317535,-1.6616296333333347,-1.6191309604183322,1.5477371504528306,-1.5552871847179683,1.5040820696662354,-0.04627880364656449,0.3185809797048569,-0.3185809797048569,0.3185809797048569,0.3185809797048569,-0.3185809797048569,0.3185809797048569,-1.643333255954041,-1.6109143391507896,1.5476006844706303,-1.5565890791395809,1.5164182221915379,-0.03342951333139323,0.3535566844210874,-0.353556430573155,0.353556387127659,0.3535561982591244,-0.35355645528526364,0.3535561849596184
69,1.1680000000000008,-0.33558377623558044,-0.05108892172574997,0.006582852452993393,0.001650989055633545,-0.07129465788602829,-0.07903611660003662,-0.11500120162963867,-1.6632963000000014,-1.6199824424470946,1.5478468646603805,-1.5552596682337079,1.502893825368135,-0.0475960722565651,0.31859956741333006,-0.31859956741333006,0.31859956741333006,0.31859956741333006,-0.31859956741333006,0.31859956741333006,-1.6451901772921795,-1.611767999168178,1.5475925027522457,-1.5564645620510578,1.5151728711967618,-0.034732892544381465,0.3536040371441814,-0.3536037672377832,0.35360372133145396,0.3536035393839096,-0.3536037926626943,0.35360351721792543
70,1.1840000000000008,-0.3341464102268219,-0.05118454992771149,0.007373251020908356,0.0011881813406944275,-0.07161523401737213,-0.07948191463947296,-0.11494343727827072,-1.664962966666668,-1.6208355182792231,1.5479697521773956,-1.555239865211363,1.5017002381345121,-0.04892077083388965,0.3186203625798225,-0.3186203625798225,0.3186203625798225,0.3186203625798225,-0.3186203625798225,0.3186203625798225,-1.6468360095894317,-1.6125285282685642,1.5475967419674808,-1.5563619620075333,1.5140647864274905,-0.03589927759508605,0.3536440609550902,-0.3536437933247598,0.35364377735207214,0.35364358246181693,-0.3536438116842994,0.3536435785391747
71,1.2000000000000008,-0.3327977657318115,-0.051283642649650574,0.008154131472110748,0.000748366117477417,-0.0719020813703537,-0.07993525266647339,-0.11489404737949371,-1.6666296333333348,-1.6216902456567173,1.5481056543685974,-1.5552273924427384,1.500501870111673,-0.05025302504499754,0.3186381429433823,-0.3186381429433823,0.3186381429433823,0.3186381429433823,-0.3186381429433823,0.3186381429433823,-1.6484778924424648,-1.6132915144494222,1.5476124243779417,-1.5562664947837586,1.5129493748478904,-0.037079305530469016,0.3536821303174704,-0.35368187957342,0.35368185889577664,0.3536816703216297,-0.35368189674142647,0.353681668537901
72,1.2180000000000009,-0.3315085768699646,-0.05137892812490463,0.008934270590543747,0.00032218918204307556,-0.07217869907617569,-0.08041414618492126,-0.11485044658184052,-1.6682963000000015,-1.6225465611254657,1.5482545588784398,-1.5552220226230378,1.4992988917937367,-0.05159326081474623,0.3186538392305374,-0.3186538392305374,0.3186538392305374,0.3186538392305374,-0.3186538392305374,0.3186538392305374,-1.6503209994751995,-1.614153371476525,1.5476437424517266,-1.5561679196141276,1.5116924438182535,-0.03841465143288036,0.353722494165849,-0.35372224707664884,0.35372221174433854,0.3537220470784126,-0.3537222620782864,0.35372202873745306
73,1.2340000000000009,-0.3301733136177063,-0.05146915465593338,0.009712573140859604,-0.00011598318815231323,-0.07246680557727814,-0.08090044558048248,-0.11480274796485901,-1.6699629666666682,-1.6234043803697313,1.548416435097454,-1.5552239556761736,1.498091111700782,-0.05294160157442094,0.31867101073265075,-0.31867101073265075,0.31867101073265075,0.31867101073265075,-0.31867101073265075,0.31867101073265075,-1.6519548020611117,-1.614922026730294,1.5476828237036142,-1.5560881668424023,1.5105738152101977,-0.03960891627401363,0.3537565660803669,-0.35375631535583074,0.3537563067149994,0.35375612621814795,-0.3537563277349124,0.35375612491562913
74,1.2500000000000009,-0.328925758600235,-0.05156535655260086,0.010473158210515976,-0.0005333311855792999,-0.07271728664636612,-0.08139167726039886,-0.11476293206214905,-1.671629633333335,-1.6242638029789414,1.548590987734296,-1.5552328445292665,1.4968791569233426,-0.05429812952876092,0.3186853444576263,-0.3186853444576263,0.3186853444576263,0.3186853444576263,-0.3186853444576263,0.3186853444576263,-1.6535849675726355,-1.6156938445968125,1.5477332005939533,-1.5560154517248808,1.5094476178301606,-0.0408165275372766,0.35378888530625435,-0.35378864869124543,0.353788634873304,0.3537884578830993,-0.3537886584518737,0.35378845871321646
75,1.268000000000001,-0.3277360796928406,-0.05165901780128479,0.011231034994125366,-0.0009385086596012115,-0.07295733690261841,-0.08190739154815674,-0.114728644490242,-1.6732963000000016,-1.6251247866089629,1.5487781716508648,-1.5552484863402598,1.4956632013082989,-0.0556632527212302,0.3186976879835129,-0.3186976879835129,0.3186976879835129,0.3186976879835129,-0.3186976879835129,0.3186976879835129,-1.6554153532649412,-1.616566363610324,1.5478034130822873,-1.555942246538697,1.5081784195789472,-0.04218249450203999,0.35382302305573704,-0.35382280418751333,0.35382277197848244,0.3538226317437106,-0.35382280901235746,0.3538226120591553
76,1.284000000000001,-0.3265026807785034,-0.051749087870121,0.011986415833234787,-0.0013563521206378937,-0.07320600748062134,-0.08243238925933838,-0.11469064652919769,-1.6749629666666683,-1.6259872714067982,1.5489779452480854,-1.555271092208937,1.494443101183622,-0.057037125875552507,0.31871136724948884,-0.31871136724948884,0.31871136724948884,0.31871136724948884,-0.31871136724948884,0.31871136724948884,-1.657038330564621,-1.6173449989556818,1.5478768361182544,-1.555884787972138,1.5070488371854487,-0.04340370256804692,0.35385176722653583,-0.3538515365740029,0.3538515318559095,0.3538513709734931,-0.35385154305715133,0.35385136897900304
77,1.300000000000001,-0.32535141706466675,-0.05184631049633026,0.012718677520751953,-0.0017553679645061493,-0.07341694831848145,-0.08295729756355286,-0.11465971171855927,-1.676629633333335,-1.626851376581737,1.5491899232067645,-1.5553003483416787,1.4932194853783138,-0.05841974750161172,0.31872250378131867,-0.31872250378131867,0.31872250378131867,0.31872250378131867,-0.31872250378131867,0.31872250378131867,-1.6586581662118574,-1.618127195315851,1.54796142716809,-1.555834232035975,1.5059116313779866,-0.04463818717695015,0.3538789276176421,-0.3538787074636067,0.353878698236464,0.3538785373732646,-0.3538787099607535,0.35387853801528263
78,1.318000000000001,-0.3242567181587219,-0.05194201320409775,0.013446260243654251,-0.002143584191799164,-0.07361700385808945,-0.08350576460361481,-0.11463406682014465,-1.6782963000000017,-1.6277170768018052,1.5494140275441588,-1.5553360747448755,1.4919925353140124,-0.0598115102450053,0.3187317359447479,-0.3187317359447479,0.3187317359447479,0.3187317359447479,-0.3187317359447479,0.3187317359447479,-1.6604775694098952,-1.6190117656197458,1.5480700039851867,-1.555785695889749,1.5046301153748576,-0.04603420723614161,0.3539074661149207,-0.3539072769141596,0.35390724575558724,0.35390713374013044,-0.3539072718144353,0.3539071100624738
79,1.334000000000001,-0.32311931252479553,-0.05203573405742645,0.014169476926326752,-0.0025453418493270874,-0.07382246851921082,-0.08406473696231842,-0.11460503935813904,-1.6799629666666684,-1.6285843390360957,1.549650185492931,-1.555378497109031,1.4907621608386923,-0.061212589194377276,0.31874218583106995,-0.31874218583106995,0.31874218583106995,0.31874218583106995,-0.31874218583106995,0.31874218583106995,-1.6620913915459,-1.6198013222538556,1.548177300564647,-1.5557498879563345,1.5034897010829258,-0.047282035142311864,0.3539314104917009,-0.3539312012631194,0.3539311987116224,0.35393106089808163,-0.3539312019697848,0.35393105580824447
80,1.350000000000001,-0.32205843925476074,-0.05213691294193268,0.014866404235363007,-0.0029298439621925354,-0.07399095594882965,-0.08461932837963104,-0.1145823672413826,-1.6816296333333351,-1.629453287585128,1.5498979588968538,-1.555427327841734,1.489528978239545,-0.06262291133403779,0.31875034779310224,-0.31875034779310224,0.31875034779310224,0.31875034779310224,-0.31875034779310224,0.31875034779310224,-1.6637026562184456,-1.6205945788571747,1.548295627841887,-1.555720829911819,1.5023417671487294,-0.04854322836772292,0.35395391292045814,-0.3539537104911882,0.3539537041810556,0.3539535626250782,-0.35395370590291064,0.35395356083600804
81,1.368000000000001,-0.321050763130188,-0.052237190306186676,0.01555807888507843,-0.00330459326505661,-0.07414974272251129,-0.08519560098648071,-0.11456455290317535,-1.6832963000000019,-1.6303239074235645,1.5501572602116052,-1.5554824043961517,1.48829314919417,-0.0640428380171458,0.3187567609548569,-0.3187567609548569,0.3187567609548569,0.3187567609548569,-0.3187567609548569,0.3187567609548569,-1.6655131300738557,-1.6214916800215964,1.5484420095256577,-1.5556962078111547,1.5010484129482324,-0.04996927261760573,0.35397739378906734,-0.3539772346160083,0.3539772034144038,0.35397712190166486,-0.35397721986004843,0.3539770924029203
82,1.384000000000001,-0.32000115513801575,-0.05233675241470337,0.016243573278188705,-0.0036935731768608093,-0.07431169599294662,-0.08578208088874817,-0.1145433709025383,-1.6849629666666686,-1.6311961866304763,1.5504279864329082,-1.5555439639490993,1.487054620927621,-0.06547253936529161,0.3187643864750862,-0.3187643864750862,0.3187643864750862,0.3187643864750862,-0.3187643864750862,0.3187643864750862,-1.6671196624620785,-1.622292351507177,1.5485826609935947,-1.5556813762626387,1.4998977260412132,-0.05124381328276623,0.3539970136728439,-0.3539968258884949,0.35399682524559517,0.3539967122678432,-0.3539968209644976,0.35399670275012884
83,1.400000000000001,-0.319021612405777,-0.05244343727827072,0.016902249306440353,-0.004066243767738342,-0.0744393840432167,-0.08636002242565155,-0.11452778428792953,-1.6866296333333353,-1.6320702439184473,1.5507096905880156,-1.5556117346785616,1.4858139645269006,-0.0669118730723858,0.31876999765634534,-0.31876999765634534,0.31876999765634534,0.31876999765634534,-0.31876999765634534,0.31876999765634534,-1.6687242385310521,-1.6230966628551962,1.548734176346663,-1.555673138959638,1.4987397468041548,-0.052531908177572285,0.35401533286537307,-0.35401514805012674,0.35401514466199774,0.35401502386873673,-0.3540151365694111,0.3540150185680965
84,1.418000000000001,-0.31809234619140625,-0.052549414336681366,0.0175558440387249,-0.004430003464221954,-0.07455888390541077,-0.08695770800113678,-0.11451666057109833,-1.688296300000002,-1.6329460674907255,1.551002287988661,-1.555685568069632,1.4845713164618104,-0.06836116820573808,0.3187740021944046,-0.3187740021944046,0.3187740021944046,0.3187740021944046,-0.3187740021944046,0.3187740021944046,-1.6705278978023932,-1.6240060759907002,1.5489177052387775,-1.5556716723135169,1.4974354435053396,-0.053988285757300594,0.35403428480936555,-0.35403415529996557,0.35403412374531923,0.35403407375439444,-0.35403413115649945,0.35403403738872913
85,1.434000000000001,-0.31712064146995544,-0.052655816078186035,0.018201470375061035,-0.0048087164759635925,-0.07467953860759735,-0.08756470680236816,-0.11450210213661194,-1.6899629666666687,-1.6338236644253619,1.5513056458282453,-1.5557657133442313,1.483326657485017,-0.06982057998577755,0.3187792432308197,-0.3187792432308197,0.3187792432308197,0.3187792432308197,-0.3187792432308197,0.3187792432308197,-1.6721289992136072,-1.6248175025943108,1.5490910928603778,-1.5556771501869144,1.4962753686155439,-0.05528987939616605,0.35405004875679325,-0.35404988205065263,0.3540498832598417,0.3540497959304729,-0.3540498716542938,0.3540497811572453
86,1.450000000000001,-0.31621307134628296,-0.052768588066101074,0.018821250647306442,-0.005171723663806915,-0.07476907223463058,-0.08816009759902954,-0.1144925057888031,-1.6916296333333354,-1.6347031408931303,1.5516193333390338,-1.555851908738628,1.4820805062811064,-0.07128991494576138,0.31878269791603087,-0.31878269791603087,0.31878269791603087,0.31878269791603087,-0.31878269791603087,0.31878269791603087,-1.673728711290129,-1.6256323733763818,1.5492751388934822,-1.5556890730843471,1.4951083169987718,-0.05660526956387577,0.3540646500074513,-0.3540644825866645,0.35406448190030393,0.3540643825879911,-0.3540644644111135,0.35406437301250954
87,1.468000000000001,-0.3153526186943054,-0.05288059264421463,0.019436560571193695,-0.005526427179574966,-0.07485221326351166,-0.08877363801002502,-0.11448697745800018,-1.693296300000002,-1.6355844841038671,1.5519432760152203,-1.5559440158582876,1.4808329693933813,-0.0727694755792618,0.3187846881151199,-0.3187846881151199,0.3187846881151199,0.3187846881151199,-0.3187846881151199,0.3187846881151199,-1.6755275523202056,-1.6265534033556033,1.549495026490049,-1.5557100310484655,1.4937942406439757,-0.05809246729741105,0.3540795903288619,-0.3540794900710527,0.3540794576706841,0.3540794395480885,-0.3540794568008318,0.35407939559725554
88,1.484000000000001,-0.3144490420818329,-0.05299394577741623,0.020042449235916138,-0.005896620452404022,-0.07493483275175095,-0.08939504623413086,-0.11447791755199432,-1.6949629666666688,-1.6364677165334907,1.5522773168358188,-1.5560422928658277,1.4795840555141855,-0.07425939301649732,0.31878794968128205,-0.31878794968128205,0.31878794968128205,0.31878794968128205,-0.31878794968128205,0.31878794968128205,-1.677124935209326,-1.627374866826515,1.5497004106825447,-1.5557351823975591,1.4926258840277096,-0.05942157424238517,0.3540919540883565,-0.3540918081135807,0.3540918108593039,0.3540917493999933,-0.3540917924054659,0.35409172882531975
89,1.500000000000001,-0.31360429525375366,-0.053112663328647614,0.020624492317438126,-0.006251532584428787,-0.07498975098133087,-0.09000270068645477,-0.11447332799434662,-1.6966296333333355,-1.6373529275889682,1.5526210583744429,-1.5561464850755682,1.4783342263311634,-0.07575943802793823,0.3187896019220352,-0.3187896019220352,0.3187896019220352,0.3187896019220352,-0.3187896019220352,0.3187896019220352,-1.6787214286512862,-1.628199501975725,1.549916206925489,-1.5557666413421802,1.4914509237832718,-0.060764740442931404,0.3541032868629117,-0.3541031366770713,0.35410313817169736,0.3541030605378436,-0.35410311200177197,0.35410304616678917
90,1.5180000000000011,-0.3128036856651306,-0.05323035269975662,0.02120344713330269,-0.006598513573408127,-0.07504035532474518,-0.09062707424163818,-0.11447245627641678,-1.6982963000000022,-1.6382401001339641,1.552974449159998,-1.5562564603017917,1.4770835537424176,-0.07726988926529887,0.3187899157404899,-0.3187899157404899,0.3187899157404899,0.3187899157404899,-0.3187899157404899,0.3187899157404899,-1.6805172131723438,-1.6291311835337456,1.5501715260682218,-1.5558093386992007,1.4901284308802594,-0.062283309647562526,0.35411471014985363,-0.3541146388707527,0.3541146047916924,0.35411461846520675,-0.3541145967234037,0.35411456640959144
91,1.5340000000000011,-0.3119591772556305,-0.05335010588169098,0.02177167683839798,-0.0069614313542842865,-0.07508902251720428,-0.09125818312168121,-0.11446790397167206,-1.699962966666669,-1.6391292685653256,1.5533373104406378,-1.5563724841576965,1.4758320700337975,-0.07879085898399356,0.31879155457019803,-0.31879155457019803,0.31879155457019803,0.31879155457019803,-0.31879155457019803,0.31879155457019803,-1.6821123574669476,-1.6299617818772167,1.5504080457826965,-1.555853571203038,1.4889530303246112,-0.06364042213729111,0.35412410629471014,-0.3541239808258964,0.354123984489385,0.3541239487322483,-0.35412395996355955,0.35412392200321774
92,1.5500000000000012,-0.31116896867752075,-0.053474053740501404,0.022318672388792038,-0.0073092058300971985,-0.07511337101459503,-0.0918741524219513,-0.11446750164031982,-1.7016296333333356,-1.640020502794334,1.5537092883137844,-1.5564943042548647,1.4745801805168874,-0.08032209485769275,0.3187916994094849,-0.3187916994094849,0.3187916994094849,0.3187916994094849,-0.3187916994094849,0.3187916994094849,-1.6837070271267127,-1.6307952523120977,1.5506546939679404,-1.555903987996242,1.487771430149795,-0.06501185567396867,0.3541325928359004,-0.354132459886126,0.35413246269777787,0.35413240661868955,-0.35413242889915797,0.3541323870824987
93,1.5680000000000012,-0.31042051315307617,-0.05359663814306259,0.02286427840590477,-0.007649362087249756,-0.07513534277677536,-0.09250593185424805,-0.11447056382894516,-1.7032963000000023,-1.6409137800967184,1.5540903596205495,-1.5566217936229856,1.4733279248039413,-0.08186386038859689,0.31879059702157975,-0.31879059702157975,0.31879059702157975,0.31879059702157975,-0.31879059702157975,0.31879059702157975,-1.6855012186980802,-1.6317365244868733,1.5509443911641332,-1.555967792906076,1.486441967086314,-0.06656233995876237,0.3541409569246439,-0.3541409145556905,0.35414087760415064,0.35414092276933146,-0.35414086376964055,0.3541408621975941
94,1.5840000000000012,-0.3096274435520172,-0.053721800446510315,0.02339821681380272,-0.008005697280168533,-0.07515428960323334,-0.09314313530921936,-0.11446987837553024,-1.704962966666669,-1.6418091434374935,1.5544803299007797,-1.5567552219109884,1.472075353310554,-0.08341624597708387,0.3187908437848091,-0.3187908437848091,0.3187908437848091,0.3187908437848091,-0.3187908437848091,0.3187908437848091,-1.6870953289284714,-1.6325753154380984,1.551211079537055,-1.556030562265549,1.4852608172366544,-0.06794792894427269,0.3541477751759163,-0.3541476703606701,0.35414767368666444,0.3541476633897646,-0.3541476444968206,0.35414763012005246
95,1.6000000000000012,-0.3088846504688263,-0.053849995136260986,0.02391406148672104,-0.008346974849700928,-0.07515223324298859,-0.09376451373100281,-0.11447301506996155,-1.7066296333333357,-1.6427066433564312,1.554878897592225,-1.5568943381584834,1.4708228160898376,-0.08497898787260058,0.3187897145748138,-0.3187897145748138,0.3187897145748138,0.3187897145748138,-0.3187897145748138,0.3187897145748138,-1.688689288026155,-1.6334166900924503,1.5514875832116144,-1.5560994069947232,1.484073881608781,-0.06934808796870119,0.3541537927183759,-0.3541536771554229,0.35415368015353316,0.3541536453260119,-0.354153640037624,0.35415362034944187
96,1.6180000000000012,-0.30818137526512146,-0.0539763942360878,0.02443000301718712,-0.00868074968457222,-0.07514967024326324,-0.09440107643604279,-0.11447940766811371,-1.7082963000000024,-1.6436062499270327,1.5552860643091782,-1.557039017319893,1.4695703215857832,-0.08655233914653462,0.31878741323947907,-0.31878741323947907,0.31878741323947907,0.31878741323947907,-0.31878741323947907,0.31878741323947907,-1.6904830297703881,-1.6343665306925395,1.5518105049089412,-1.5561837414464643,1.4827389127619444,-0.07093098288722693,0.35415950493818854,-0.35415949144406567,0.3541594504148142,0.3541595265344523,-0.3541594322467437,0.35415945721769576
97,1.6340000000000012,-0.3074326515197754,-0.0541057288646698,0.024933908134698868,-0.009030837565660477,-0.07514333724975586,-0.09504164755344391,-0.11448191851377487,-1.7099629666666691,-1.6445080120747773,1.5557016294447565,-1.5571895312793207,1.4683179326316205,-0.08813636660575869,0.31878650933504105,-0.31878650933504105,0.31878650933504105,0.31878650933504105,-0.31878650933504105,0.31878650933504105,-1.6920770255141115,-1.6352126385374364,1.5521063157577561,-1.5562645502210082,1.4815533059512724,-0.07234546902884716,0.3541640960374124,-0.35416401189331204,0.3541640138903503,0.3541640285002921,-0.3541639811738977,0.3541639885802068
98,1.6500000000000012,-0.30673089623451233,-0.0542370080947876,0.02542244642972946,-0.00936584547162056,-0.07511885464191437,-0.09566614031791687,-0.11448809504508972,-1.7116296333333358,-1.6454119622096903,1.5561253368852521,-1.5573456287038476,1.467065951720922,-0.08973080227772397,0.31878428578376766,-0.31878428578376766,0.31878428578376766,0.31878428578376766,-0.31878428578376766,0.31878428578376766,-1.6936711047344295,-1.6360610791948145,1.552411609068426,-1.5563513385830068,1.480362320389339,-0.07377475506771604,0.35416798067554006,-0.3541678827345164,0.35416788469731536,0.35416787069116606,-0.35416783965932863,0.35416784009861474
99,1.6680000000000013,-0.3060668408870697,-0.05436597764492035,0.02591312676668167,-0.009693421423435211,-0.07509584724903107,-0.09630516171455383,-0.11449728906154633,-1.7132963000000025,-1.6463180618371056,1.5565572223313635,-1.5575071857275715,1.4658143542667714,-0.09133588830629986,0.3187809759378433,-0.3187809759378433,0.3187809759378433,0.3187809759378433,-0.3187809759378433,0.3187809759378433,-1.695465227521573,-1.637018597258551,1.5527665360230287,-1.556455673953755,1.4790232717264853,-0.07539048675343227,0.3541714037599883,-0.354171419114904,0.3541713728314564,0.35417147924629655,-0.35417135172529834,0.3541714010705917
100,1.6840000000000013,-0.3053566813468933,-0.05449804663658142,0.026391543447971344,-0.010037343949079514,-0.07506851851940155,-0.09694704413414001,-0.11450257897377014,-1.7149629666666693,-1.647226362614382,1.5569970813888296,-1.5576744747933895,1.464563212291448,-0.0929516723752022,0.31877907156944274,-0.31877907156944274,0.31877907156944274,0.31877907156944274,-0.31877907156944274,0.31877907156944274,-1.6970597578900546,-1.637871282634097,1.5530903755767242,-1.5565540666385551,1.477834452551939,-0.07683422524772787,0.35417407296185743,-0.3541740097084113,0.35417400908897273,0.35417404808366104,-0.3541739742738317,0.3541740013643989
101,1.7000000000000013,-0.30469080805778503,-0.054631128907203674,0.026857364922761917,-0.010366134345531464,-0.07502572238445282,-0.09757314622402191,-0.11451134085655212,-1.716629633333336,-1.648136881429502,1.5574447041375423,-1.5578472436991484,1.4633127835850406,-0.0945778914789359,0.31877591729164123,-0.31877591729164123,0.31877591729164123,0.31877591729164123,-0.31877591729164123,0.31877591729164123,-1.6986545257375123,-1.6387261025137798,1.5534233561037372,-1.5566583542648476,1.4766406418711635,-0.07829297168288445,0.3541761182634812,-0.3541760381373538,0.35417603794039526,0.3541760442255899,-0.35417598927165367,0.35417600794511356
102,1.7180000000000013,-0.3040609657764435,-0.054761528968811035,0.02732706069946289,-0.010687574744224548,-0.07498612254858017,-0.09821341931819916,-0.11452299356460571,-1.7182963000000027,-1.6490495735789823,1.5579001551492,-1.5580253699448854,1.4620630148758975,-0.09621478180090588,0.31877172231674195,-0.31877172231674195,0.31877172231674195,0.31877172231674195,-0.31877172231674195,0.31877172231674195,-1.7004495770953703,-1.639690591453329,1.5538090415158756,-1.5567822044656752,1.4752988583341338,-0.07994188896418927,0.3541775638313442,-0.3541776080582903,0.35417755530480294,0.35417769134100463,-0.3541775326884596,0.354177604219926
103,1.7340000000000013,-0.3033845126628876,-0.054895028471946716,0.02778473123908043,-0.01102522388100624,-0.07494191825389862,-0.09885565936565399,-0.11453063040971756,-1.7199629666666694,-1.6499644907201814,1.5583632340031848,-1.5582091236762354,1.4608139829049993,-0.09786237612366679,0.3187689730525017,-0.3187689730525017,0.3187689730525017,0.3187689730525017,-0.3187689730525017,0.3187689730525017,-1.7020450509392213,-1.6405492878275194,1.5541598030800052,-1.5568977610523087,1.4741079893369105,-0.08141516726428522,0.3541785763995501,-0.35417853410627614,0.35417852987214854,0.3541785926025842,-0.35417849409190005,0.35417853908539715
104,1.7500000000000013,-0.3027501106262207,-0.0550287589430809,0.02823205664753914,-0.011347834020853043,-0.07488444447517395,-0.09948231279850006,-0.1145416647195816,-1.721629633333336,-1.650881636702566,1.5588337682806437,-1.5583982542432497,1.4595659088304132,-0.09952041467030845,0.3187650007009506,-0.3187650007009506,0.3187650007009506,0.3187650007009506,-0.3187650007009506,0.3187650007009506,-1.7036408474858236,-1.6414099785476044,1.5545193667161572,-1.5570191369873352,1.4729124872268573,-0.08290364089585876,0.3541790341775601,-0.35417897206889765,0.3541789686067621,0.35417899464877195,-0.35417891757499553,0.35417895263171995
105,1.7680000000000013,-0.3021508455276489,-0.05515940487384796,0.028684932738542557,-0.011663030833005905,-0.07483173161745071,-0.1001230925321579,-0.11455544829368591,-1.7232963000000028,-1.6518009601171302,1.5593118504929526,-1.5585926380904664,1.4583187133034556,-0.10118708133697511,0.31876003861427304,-0.31876003861427304,0.31876003861427304,0.31876003861427304,-0.31876003861427304,0.31876003861427304,-1.7054371328988494,-1.642380935828523,1.5549345750748744,-1.557162051019335,1.471569202925251,-0.08458583195241458,0.3541787716400227,-0.3541788441763012,0.35417878417045373,0.3541789486193998,-0.35417876098619266,0.3541788526861007
106,1.7840000000000014,-0.30150383710861206,-0.05529296398162842,0.029124800115823746,-0.011994171887636185,-0.0747741237282753,-0.10076364874839783,-0.11456507444381714,-1.7249629666666695,-1.652722509516824,1.5597972638282163,-1.5587925409552603,1.4570724779079844,-0.10285374800364178,0.3187565732002258,-0.3187565732002258,0.3187565732002258,0.3187565732002258,-0.3187565732002258,0.3187565732002258,-1.7070337574065189,-1.643245258036565,1.5553111720793176,-1.5572943808224882,1.4703773422827922,-0.08608767821133444,0.3541783586574437,-0.3541783337544934,0.35417832663740584,0.35417840894807934,-0.35417828913667904,0.35417834965193534
107,1.8000000000000014,-0.30089572072029114,-0.055425360798835754,0.029550518840551376,-0.012309767305850983,-0.07470457255840302,-0.10138317942619324,-0.11457732319831848,-1.7266296333333362,-1.653646265530138,1.560289772475559,-1.558997703743691,1.4558274016986776,-0.10452041467030844,0.3187521636486053,-0.3187521636486053,0.3187521636486053,0.3187521636486053,-0.3187521636486053,0.3187521636486053,-1.708630733908083,-1.644111489319766,1.5556962407045185,-1.5574324608094565,1.4691811735495788,-0.08760308377569923,0.35417747929558746,-0.3541774281748415,0.3541774249304193,0.35417746301364705,-0.3541773677241435,0.354177417736851
108,1.8180000000000014,-0.3003203272819519,-0.0555536225438118,0.029977742582559586,-0.012617390602827072,-0.07464070618152618,-0.10201147198677063,-0.11459164321422577,-1.728296300000003,-1.6545721592392015,1.5607894015186015,-1.5592079935870715,1.4545833899289855,-0.1061870813369751,0.31874700844287873,-0.31874700844287873,0.31874700844287873,0.31874700844287873,-0.31874700844287873,0.31874700844287873,-1.7104283627156764,-1.645088603489511,1.556139761883806,-1.5575940129302928,1.467837498453768,-0.08931293852415613,0.3541758275609784,-0.3541759216583307,0.35417585844051047,0.3541760430758968,-0.35417582996163055,0.3541759411546261
109,1.8340000000000014,-0.29969656467437744,-0.055684372782707214,0.030388403683900833,-0.012940417975187302,-0.0745711699128151,-0.1026352047920227,-0.11460138857364655,-1.7299629666666696,-1.6555002321189134,1.5612958749133332,-1.5594236672199913,1.4533405370971053,-0.10785374800364177,0.31874350011348723,-0.31874350011348723,0.31874350011348723,0.31874350011348723,-0.31874350011348723,0.31874350011348723,-1.7120261870409559,-1.6459583226892314,1.5565411139504095,-1.557742741369715,1.4666455955736641,-0.09083722954874265,0.35417431361764923,-0.35417430146951406,0.35417429523408417,0.35417439136217355,-0.3541742520774714,0.35417432863594595
110,1.8500000000000014,-0.29911062121391296,-0.05581378936767578,0.03078688308596611,-0.013248242437839508,-0.07449080049991608,-0.10323958098888397,-0.11461390554904938,-1.7316296333333363,-1.656430461941708,1.5618089896314327,-1.559644471260622,1.45209902375544,-0.10952041467030843,0.31873899400234224,-0.31873899400234224,0.31873899400234224,0.31873899400234224,-0.31873899400234224,0.31873899400234224,-1.713624353318948,-1.6468299037985754,1.556950589415835,-1.5578971509193504,1.4654496788592457,-0.0923732337906438,0.35417242496113216,-0.35417238460361516,0.3541723818705258,0.35417243054296055,-0.35417231829436313,0.3541723825364697
111,1.8680000000000014,-0.2985571622848511,-0.05593905597925186,0.03118911013007164,-0.013548381626605988,-0.07441702485084534,-0.10385416448116302,-0.11462855339050293,-1.733296300000003,-1.6573627795413624,1.5623288081336004,-1.5598702776210653,1.450858740007926,-0.1111870813369751,0.3187337207794189,-0.3187337207794189,0.3187337207794189,0.3187337207794189,-0.3187337207794189,0.3187337207794189,-1.7154232955179796,-1.647812999821694,1.5574211592959462,-1.5580769209942944,1.4641066076382114,-0.0941042440517431,0.3541697245223894,-0.3541698433957752,0.354169774023249,0.35416998104433606,-0.35416974347106606,0.35416987198846966
112,1.8840000000000015,-0.29795601963996887,-0.0560670867562294,0.03157631680369377,-0.013863921165466309,-0.07433707267045975,-0.10446543991565704,-0.11463890969753265,-1.7349629666666697,-1.6582972309872994,1.5628550800803287,-1.560101342973823,1.4496197887967517,-0.11285374800364176,0.3187299925088882,-0.3187299925088882,0.3187299925088882,0.3187299925088882,-0.3187299925088882,0.3187299925088882,-1.7170222604948915,-1.6486879936341898,1.5578461220849769,-1.5582416771423997,1.462915512599458,-0.09564569945214667,0.3541673640972296,-0.3541673684118699,0.35416735881893036,0.3541674714984516,-0.35416731439043164,0.35416740365116933
113,1.9000000000000015,-0.29739144444465637,-0.05619354546070099,0.03195270523428917,-0.014164537191390991,-0.07424730062484741,-0.10505840182304382,-0.11465197056531906,-1.7366296333333364,-1.6592337900783112,1.563387625167567,-1.5603374185936796,1.4483823337863375,-0.11452041467030842,0.31872529059648513,-0.31872529059648513,0.31872529059648513,0.31872529059648513,-0.31872529059648513,0.31872529059648513,-1.718621530697411,-1.6495648306213437,1.5582788421964011,-1.558412046055947,1.4617206693725755,-0.0971974563008625,0.35416468623014574,-0.35416465971399747,0.35416465399372726,0.3541647154467384,-0.3541645875318596,0.3541646633833121
114,1.9180000000000015,-0.2968592047691345,-0.05631586164236069,0.032334547489881516,-0.014457691460847855,-0.07416490465402603,-0.10566259920597076,-0.11466728150844574,-1.7382963000000031,-1.6601723877723504,1.5639265342923983,-1.560578380118027,1.4471462520421037,-0.11618708133697508,0.3187197786569595,-0.3187197786569595,0.3187197786569595,0.3187197786569595,-0.3187197786569595,0.3187197786569595,-1.7204216618597923,-1.6505538347074709,1.5587751387348154,-1.5586096205764475,1.460379090143295,-0.09894464503110538,0.35416114539570837,-0.3541612914508358,0.35416121312464555,0.3541614441583895,-0.35416118330539387,0.35416132696745717
115,1.9340000000000015,-0.29628005623817444,-0.05644122511148453,0.03270299360156059,-0.014766260981559753,-0.07407583296298981,-0.10626469552516937,-0.11467853933572769,-1.7399629666666698,-1.6611130748575418,1.5644715841857575,-1.5608244844677197,1.4459116548260538,-0.11785374800364175,0.31871572583913804,-0.31871572583913804,0.31871572583913804,0.31871572583913804,-0.31871572583913804,0.31871572583913804,-1.7220216353385165,-1.6514340653099118,1.5592225346807118,-1.5587900408242144,1.4591895610117103,-0.10049922670212874,0.3541580935830021,-0.35415811666057245,0.3541581011471092,0.3541582319216094,-0.35415805799197864,0.35415815803139394
116,1.9500000000000015,-0.29573625326156616,-0.05656479299068451,0.03306111320853233,-0.01506023108959198,-0.07397778332233429,-0.10684889554977417,-0.11469238996505737,-1.7416296333333365,-1.6620558214073866,1.565022602739233,-1.5610754883192128,1.4446786917706815,-0.11952041467030841,0.31871073961257934,-0.31871073961257934,0.31871073961257934,0.31871073961257934,-0.31871073961257934,0.31871073961257934,-1.7236218603478777,-1.65231614401405,1.5596773233523795,-1.5589760078443782,1.4579965231259777,-0.10206303019491039,0.3541547575727812,-0.3541547469444113,0.35415473599696606,0.3541548116516692,-0.3541546689106723,0.3541547547105507
117,1.9680000000000015,-0.29522454738616943,-0.05668417364358902,0.0334259457886219,-0.015346892178058624,-0.07388780266046524,-0.10744516551494598,-0.11470850557088852,-1.7432963000000032,-1.6630005576347797,1.56557970183571,-1.5613312698555137,1.443447228393007,-0.12118708133697507,0.31870493799448013,-0.31870493799448013,0.31870493799448013,0.31870493799448013,-0.31870493799448013,0.31870493799448013,-1.7254229959460048,-1.6533110659396553,1.560198031205605,-1.5591909851422376,1.4566572265615274,-0.10382259127535023,0.3541505033152857,-0.35415067791334304,0.3541505890565634,0.3541508450493486,-0.3541505616183543,0.35415071918150487
118,1.9840000000000015,-0.29466676712036133,-0.0568070188164711,0.03377905115485191,-0.01564905047416687,-0.07379075139760971,-0.10804073512554169,-0.11472082138061523,-1.74496296666667,-1.663947341281721,1.5661426860216243,-1.5615920873634166,1.4422173825363802,-0.12285374800364174,0.3187005043029785,-0.3187005043029785,0.3187005043029785,0.3187005043029785,-0.3187005043029785,0.3187005043029785,-1.7270238017741228,-1.6541965634730027,1.560666706038849,-1.5593867178601182,1.4554699377808646,-0.10538721113839383,0.3541468552868224,-0.35414689849615916,0.3541468755555583,0.3541470253610331,-0.354146835196157,0.35414694490107945
119,2.0000000000000013,-0.2941429615020752,-0.0569278746843338,0.03412182256579399,-0.015936866402626038,-0.07368538528680801,-0.10861831903457642,-0.11473563313484192,-1.7466296333333367,-1.6648961391931265,1.5667113830643875,-1.5618577018034603,1.4409892927816002,-0.1245204146703084,0.3186951720714569,-0.3186951720714569,0.3186951720714569,0.3186951720714569,-0.3186951720714569,0.3186951720714569,-1.7286247968564872,-1.6550839313038412,1.5611424250597157,-1.5595879349722852,1.4542793559768492,-0.10696022719918996,0.3541429407560459,-0.35414294729031826,0.3541429297068326,0.3541430204831118,-0.3541428634508635,0.3541429581455198
120,2.0179999999999993,-0.2936510443687439,-0.05704450607299805,0.034472402185201645,-0.01621752604842186,-0.07358890026807785,-0.10920834541320801,-0.1147526353597641,-1.7482963000000034,-1.6658468809610099,1.5672859231008076,-1.5621279939042674,1.4397628111104654,-0.12618708133697507,0.3186890512704849,-0.3186890512704849,0.3186890512704849,0.3186890512704849,-0.3186890512704849,0.3186890512704849,-1.7304267217376217,-1.6560848420285943,1.5616862865986305,-1.5598199294985498,1.4529430444683247,-0.10872924996288443,0.3541380505455686,-0.35413825438718716,0.3541381541009039,0.35413843556791474,-0.35413813003908595,0.3541383007228809
121,2.0339999999999976,-0.2931140661239624,-0.057164937257766724,0.03481258079409599,-0.016513749957084656,-0.07348489761352539,-0.10979917645454407,-0.11476615071296692,-1.74996296666667,-1.666799629915306,1.5678661327807093,-1.5624032230702187,1.4385380628169067,-0.12785374800364174,0.3186841857433319,-0.3186841857433319,0.3186841857433319,0.3186841857433319,-0.3186841857433319,0.3186841857433319,-1.732028164425557,-1.6569756834195173,1.5621751482207007,-1.5600306381875262,1.4517585945930946,-0.11030154646088924,0.3541338624406865,-0.35413392659054455,0.35413389526059647,0.3541340646746533,-0.3541338586975571,0.3541339773022673
122,2.049999999999996,-0.29260963201522827,-0.05728316307067871,0.03514217212796211,-0.01679588109254837,-0.0733732283115387,-0.11037155985832214,-0.114781953394413,-1.7516296333333368,-1.6677543492998175,1.5684518356495087,-1.5626831544217612,1.437315175678381,-0.12952041467030842,0.3186784967780113,-0.3186784967780113,0.3186784967780113,0.3186784967780113,-0.3186784967780113,0.3186784967780113,-1.733629732377441,-1.6578684273277866,1.5626707301589202,-1.5602467732309302,1.4505710456129184,-0.11188160777750544,0.35412941927141395,-0.3541294435836062,0.3541294186969728,0.3541295250845902,-0.35412935400526224,0.3541294571036212
123,2.067999999999994,-0.2921369671821594,-0.05739728361368179,0.035480331629514694,-0.017071057111024857,-0.07327093929052353,-0.11095695197582245,-0.11479993909597397,-1.7532963000000035,-1.668710970693379,1.5690431745100006,-1.5629676720402783,1.4360939933568724,-0.1311870813369751,0.31867202192544936,-0.31867202192544936,0.31867202192544936,0.31867202192544936,-0.31867202192544936,0.31867202192544936,-1.7354322249412915,-1.6588754335958504,1.5632365755691542,-1.560495418000316,1.449238341210245,-0.11365786634147415,0.35412393962733674,-0.35412417298731586,0.35412406076036657,0.3541243679377855,-0.35412404070159514,0.35412422394315085
124,2.083999999999992,-0.29162025451660156,-0.05751547962427139,0.035809312015771866,-0.0173618346452713,-0.07316088676452637,-0.11154419183731079,-0.1148146539926529,-1.7549629666666702,-1.66966956202045,1.56963999637693,-1.563257035951033,1.4348746452441303,-0.13285374800364178,0.31866672456264494,-0.31866672456264494,0.31866672456264494,0.31866672456264494,-0.31866672456264494,0.31866672456264494,-1.7370341094445452,-1.6597717198261832,1.5637446151653478,-1.560720783149612,1.4480572599557673,-0.11523603351317503,0.3541192484683984,-0.35411933381738825,0.354119293747136,0.3541194829917094,-0.3541192613867256,0.3541193885843826
125,2.0999999999999903,-0.29113444685935974,-0.057631298899650574,0.03612709417939186,-0.017638739198446274,-0.07304354012012482,-0.11211223900318146,-0.11483146250247955,-1.7566296333333369,-1.6706300836687775,1.5702421146132532,-1.5635510149376737,1.433657252908795,-0.13452041467030845,0.31866067349910737,-0.31866067349910737,0.31866067349910737,0.31866067349910737,-0.31866067349910737,0.31866067349910737,-1.7386360587595353,-1.6606699437909072,1.5642590795468867,-1.5609515214727228,1.4468732542060696,-0.11682148266967282,0.3541143096302361,-0.35411435195939395,0.35411431946250077,0.35411444170192496,-0.35411425672441343,0.35411436795283485
126,2.1179999999999883,-0.29068028926849365,-0.05774303525686264,0.03645406290888786,-0.017908882349729538,-0.07293616235256195,-0.11269386112689972,-0.11485046148300171,-1.7582963000000036,-1.6715924675897251,1.5708496823284013,-1.5638494963101692,1.432441650202919,-0.13618708133697513,0.3186538338661194,-0.3186538338661194,0.3186538338661194,0.3186538338661194,-0.3186538338661194,0.3186538338661194,-1.7404389094357189,-1.6616831634649345,1.5648458397210019,-1.5612164695460071,1.4455447072807763,-0.11860327482686364,0.3541082729014202,-0.3541085356991845,0.35410841136874766,0.3541087442596493,-0.35410839560484286,0.35410859106133585
127,2.1339999999999866,-0.2901831567287445,-0.05785921961069107,0.03677288815379143,-0.01819467917084694,-0.07282064855098724,-0.11327813565731049,-0.11486637592315674,-1.7599629666666703,-1.67255678791657,1.5714625637976312,-1.5641527409630167,1.4312279727270691,-0.1378537480036418,0.3186481046676636,-0.3186481046676636,0.3186481046676636,0.3186481046676636,-0.3186481046676636,0.3186481046676636,-1.7420410558447528,-1.6625849985735404,1.5653721390939128,-1.5614561896431076,1.4443674634755512,-0.12018593159196343,0.3541031043057364,-0.3541032108491132,0.3541031619030369,0.35410337102999995,-0.35410313394877524,0.35410326952922183
128,2.149999999999985,-0.28971540927886963,-0.05797281861305237,0.03707979992032051,-0.01846684142947197,-0.07269813120365143,-0.11384281516075134,-0.1148841455578804,-1.761629633333337,-1.6735230015601208,1.5720805604629697,-1.564460521653508,1.4300163372070083,-0.13952041467030848,0.31864170759916305,-0.31864170759916305,0.31864170759916305,0.31864170759916305,-0.31864170759916305,0.31864170759916305,-1.7436432137849456,-1.6634888036712823,1.5659045962513651,-1.5617012348686645,1.4431874529158277,-0.12177550110486857,0.35409769480362213,-0.35409775508420344,0.35409771496802317,0.3540978531005531,-0.35409765428605605,0.35409777356025185
129,2.167999999999983,-0.28927889466285706,-0.058082371950149536,0.03739633038640022,-0.01873234286904335,-0.07258622348308563,-0.11442089080810547,-0.11490409076213837,-1.7632963000000037,-1.6744910410926233,1.5727038326360765,-1.564772727367992,1.4288065668156236,-0.14118708133697516,0.3186345273256302,-0.3186345273256302,0.3186345273256302,0.3186345273256302,-0.3186345273256302,0.3186345273256302,-1.745446237844777,-1.6645083448328797,1.5665113035375564,-1.5619821599839752,1.4418635511614255,-0.12356152511783015,0.35409112942381943,-0.35409142128509546,0.35409128501241177,0.3540916434112442,-0.35409127351973985,0.3540914810787305
130,2.183999999999981,-0.28880050778388977,-0.05819679796695709,0.037705618888139725,-0.019013650715351105,-0.0724656954407692,-0.11500272154808044,-0.11492115259170532,-1.7649629666666704,-1.6754609877254059,1.5733322596175454,-1.565089621546581,1.427598805224944,-0.14285374800364184,0.3186283850669861,-0.3186283850669861,0.3186283850669861,0.3186283850669861,-0.3186283850669861,0.3186283850669861,-1.7470484911258866,-1.6654158189008468,1.567055033180673,-1.562235951961441,1.4406905606328186,-0.12514761531384347,0.35408550783275344,-0.3540856353332549,0.35408557760237547,0.35408580650169214,-0.3540855540402421,0.35408569793017747
131,2.1999999999999793,-0.28835007548332214,-0.05830838531255722,0.0380021296441555,-0.019281454384326935,-0.07233858853578568,-0.11556406319141388,-0.1149398535490036,-1.7666296333333371,-1.6764327941472819,1.573965628444948,-1.565410979119653,1.4263931620826809,-0.14452041467030852,0.3186216527223587,-0.3186216527223587,0.3186216527223587,0.3186216527223587,-0.3186216527223587,0.3186216527223587,-1.7486507119726693,-1.6663252878844292,1.5676046802202388,-1.562495026220479,1.4395149463399308,-0.12674033589112685,0.3540796509490944,-0.3540797289889408,0.3540796813026292,0.3540798352812954,-0.35407962272861965,0.35407974993751967
132,2.2179999999999773,-0.28793054819107056,-0.058416008949279785,0.03830837830901146,-0.019542869180440903,-0.07222221791744232,-0.11613903939723969,-0.1149606704711914,-1.7682963000000038,-1.6774063942964366,1.5746041014167649,-1.5657366936059938,1.4251894584507234,-0.1461870813369752,0.31861415863037107,-0.31861415863037107,0.31861415863037107,0.31861415863037107,-0.31861415863037107,0.31861415863037107,-1.7504537571294427,-1.6673512334251819,1.5682304615664817,-1.5627916231180903,1.4381961233905176,-0.1285295962713308,0.35407258395222596,-0.35407290437779554,0.35407275639884306,0.3540731400099701,-0.354072749084509,0.35407296863430243
133,2.2339999999999756,-0.2874703109264374,-0.05852898210287094,0.0386081226170063,-0.019820239394903183,-0.07209677249193192,-0.11671885848045349,-0.11497882008552551,-1.7699629666666705,-1.6783818773314845,1.5752475701270483,-1.5660670309292422,1.423987845575858,-0.14785374800364187,0.3186076247692108,-0.3186076247692108,0.3186076247692108,0.3186076247692108,-0.3186076247692108,0.3186076247692108,-1.7520559924788182,-1.6682644106048448,1.5687908726360327,-1.5630592227800515,1.4370277570067675,-0.13011831220801864,0.3540665329679631,-0.35406668106473327,0.35406661472383505,0.3540668631923911,-0.3540665954620155,0.35406674760235446
134,2.249999999999974,-0.28703632950782776,-0.058638907968997955,0.038894135504961014,-0.020084287971258163,-0.07196496427059174,-0.11727702617645264,-0.11499832570552826,-1.7716296333333372,-1.6793591924643012,1.5758958057187977,-1.5664017690620964,1.4227884295046813,-0.14952041467030855,0.3186006027460098,-0.3186006027460098,0.3186006027460098,0.3186006027460098,-0.3186006027460098,0.3186006027460098,-1.7536581616790217,-1.6691795974885857,1.569356983525883,-1.5633320676517817,1.4358568986265587,-0.13171344259115028,0.35406025502722754,-0.3540603504157971,0.3540602954604873,0.35406046507747835,-0.3540602387990926,0.3540603740220537
135,2.267999999999972,-0.2866330146789551,-0.058744847774505615,0.039190273731946945,-0.020342104136943817,-0.07184432446956635,-0.11784912645816803,-0.11501992493867874,-1.773296300000004,-1.680338273260543,1.5765489769476635,-1.5667408041310456,1.4215910240968552,-0.15118708133697523,0.31859282702207564,-0.31859282702207564,0.31859282702207564,0.31859282702207564,-0.31859282702207564,0.31859282702207564,-1.7554611113834697,-1.670211995340015,1.5700010474492574,-1.563644053411644,1.4345435452374353,-0.1335051780452964,0.3540527170147005,-0.3540530654152425,0.35405290603120115,0.3540533144759492,-0.3540529027397726,0.3540531341791243
136,2.28399999999997,-0.2861901819705963,-0.05885658413171768,0.03948031738400459,-0.020615994930267334,-0.07171423733234406,-0.11842672526836395,-0.11503902822732925,-1.7749629666666706,-1.6813192163294048,1.5772069822373969,-1.56708440404655,1.4203957868079828,-0.1528537480036419,0.31858594983816146,-0.31858594983816146,0.31858594983816146,0.31858594983816146,-0.31858594983816146,0.31858594983816146,-1.7570632359952454,-1.6711309069914817,1.570577459104086,-1.5639252166137816,1.4333801385478908,-0.13509590204451813,0.35404626602185185,-0.35404643421314436,0.35404635958569364,0.3540466273080491,-0.3540463443872815,0.35404650481680044
137,2.2999999999999683,-0.2857718765735626,-0.058965057134628296,0.03975598141551018,-0.020876672118902206,-0.07157807052135468,-0.11898185312747955,-0.11505930125713348,-1.7766296333333373,-1.6823019672816486,1.5778695819276554,-1.5674323485818649,1.4192028189659602,-0.15452041467030858,0.3185786515474319,-0.3185786515474319,0.3185786515474319,0.3185786515474319,-0.3185786515474319,0.3185786515474319,-1.7586652708782045,-1.6720518319933872,1.5711593716781167,-1.5642115937855592,1.4322143621811545,-0.13669287535740526,0.35403959494443377,-0.354039707327643,0.3540396452364261,0.3540398302988904,-0.3540395904629081,0.3540397335595325
138,2.3179999999999663,-0.28538399934768677,-0.059069544076919556,0.04004202410578728,-0.021131277084350586,-0.0714535266160965,-0.11955071985721588,-0.11508159339427948,-1.778296300000004,-1.6832864596829307,1.5785369489960852,-1.5677845365332708,1.4180119268556919,-0.15618708133697526,0.3185706263780594,-0.3185706263780594,0.3185706263780594,0.3185706263780594,-0.3185706263780594,0.3185706263780594,-1.7604680439625169,-1.6730906915103645,1.5718209937545835,-1.5645387078882265,1.4309068331004777,-0.13848650368673301,0.3540316182648327,-0.3540319940305575,0.35403182351738727,0.35403225638283664,-0.35403182411912487,0.3540320672829974
139,2.3339999999999645,-0.28495752811431885,-0.05918028950691223,0.04032246395945549,-0.02140205353498459,-0.07131912559270859,-0.12012577056884766,-0.11510156840085983,-1.7799629666666708,-1.6842727978413792,1.579208990062076,-1.5681412374255206,1.41682327476248,-0.15785374800364194,0.31856343537569043,-0.31856343537569043,0.31856343537569043,0.31856343537569043,-0.31856343537569043,0.31856343537569043,-1.7620699957756774,-1.6740153347502649,1.5724127807225554,-1.5648332100602882,1.4297486909887516,-0.14007876337721822,0.35402479597700437,-0.3540249837884313,0.3540249011069436,0.35402518775784014,-0.3540248898277076,0.35402505845689936
140,2.349999999999963,-0.2845541834831238,-0.05928735435009003,0.040587808936834335,-0.021659694612026215,-0.07117897272109985,-0.12067753076553345,-0.1151224821805954,-1.7816296333333375,-1.6852609204138806,1.5798854535443567,-1.568502232335721,1.4156369585504618,-0.1595204146703086,0.31855590641498566,-0.31855590641498566,0.31855590641498566,0.31855590641498566,-0.31855590641498566,0.31855590641498566,-1.763671843521094,-1.6749419843250244,1.5730098847956335,-1.5651329005537586,1.4285882931009524,-0.14167714609825957,0.35401776267028273,-0.35401789156434216,0.3540178226460334,0.3540180228438696,-0.35401776956042286,0.3540179205364788
141,2.367999999999961,-0.2841809391975403,-0.059390485286712646,0.04086371883749962,-0.021911371499300003,-0.07105086743831635,-0.12124310433864594,-0.11514537036418915,-1.7832963000000042,-1.686250761835326,1.5805665155249817,-1.5688674218607093,1.41445277742649,-0.1611870813369753,0.3185476666688919,-0.3185476666688919,0.3185476666688919,0.3185476666688919,-0.3185476666688919,0.3185476666688919,-1.765474391110886,-1.675987277881725,1.5736883949318015,-1.5654749037819353,1.427286910997776,-0.14347222206221394,0.3540093828633283,-0.3540097853648936,0.35400960401859,0.3540100608417429,-0.3540096083626166,0.3540098630837039
142,2.383999999999959,-0.28377023339271545,-0.05950024724006653,0.04113445058465004,-0.02217933163046837,-0.07091256976127625,-0.12181529402732849,-0.11516610532999039,-1.7849629666666709,-1.6872424326226605,1.5812520897013926,-1.5692370773878836,1.413270901263802,-0.16285374800364197,0.3185402020812034,-0.3185402020812034,0.3185402020812034,0.3185402020812034,-0.3185402020812034,0.3185402020812034,-1.7670761354607523,-1.676917618103452,1.5742949765526562,-1.5657825388160196,1.4261343107587234,-0.14506565619271808,0.35400222173094215,-0.3540024286554378,0.3540023381831073,0.3540026433877988,-0.35400233064855857,0.354002507395578
143,2.3999999999999573,-0.2833808362483978,-0.05960606783628464,0.041389573365449905,-0.022434256970882416,-0.07076874375343323,-0.1223633736371994,-0.11518758535385132,-1.7866296333333376,-1.6882358670865987,1.5819419159241501,-1.5696109816707318,1.4120914222012448,-0.16452041467030865,0.3185324692726135,-0.3185324692726135,0.3185324692726135,0.3185324692726135,-0.3185324692726135,0.3185324692726135,-1.7686777692833797,-1.6778499482903158,1.574906703162683,-1.5660953417721184,1.4249795610024563,-0.14666511678024222,0.3539948583806927,-0.35399500336392703,0.35399492780250397,0.353995142839097,-0.35399487632914334,0.3539950350420026
144,2.4179999999999553,-0.2830215394496918,-0.05970793962478638,0.04165548458695412,-0.022683314979076385,-0.07063741236925125,-0.12292535603046417,-0.11521099507808685,-1.7882963000000043,-1.6892309994136785,1.5826361740005994,-1.569989036920383,1.4109141319950906,-0.16618708133697532,0.3185240417718887,-0.3185240417718887,0.3185240417718887,0.3185240417718887,-0.3185240417718887,0.3185240417718887,-1.7704800700368732,-1.6789016158873171,1.5756014738583126,-1.5664520148748369,1.4236846193452133,-0.14846129987424225,0.35398611137353514,-0.3539865400146935,0.3539863480620053,0.353986828376298,-0.3539863560645299,0.35398662208991966
145,2.4339999999999535,-0.28262564539909363,-0.05981682986021042,0.04191659763455391,-0.022948775440454483,-0.07049554586410522,-0.12349437177181244,-0.11523237079381943,-1.789962966666671,-1.6902279465780152,1.5833347839611753,-1.5703715165110572,1.4097392062306888,-0.167853748003642,0.318516346514225,-0.318516346514225,0.318516346514225,0.318516346514225,-0.318516346514225,0.318516346514225,-1.772081595078663,-1.6798375915831694,1.5762223042943837,-1.5667725940697794,1.4225378132326763,-0.15005563217052997,0.3539786444736977,-0.3539788699936907,0.35397877200122635,0.3539790953467396,-0.3539787680284741,0.35397895280264696
146,2.4499999999999518,-0.2822495698928833,-0.05992142856121063,0.04216165468096733,-0.023201219737529755,-0.07034845650196075,-0.1240387111902237,-0.11525432765483856,-1.7916296333333377,-1.6912266370540354,1.5840374782058582,-1.5707582035066827,1.408566731955656,-0.16952041467030868,0.3185084420442581,-0.3185084420442581,0.3185084420442581,0.3185084420442581,-0.3185084420442581,0.3185084420442581,-1.7736830093873501,-1.680775533474171,1.576848116763059,-1.5670983257555224,1.4213889568074052,-0.15165591707045167,0.3539709844051005,-0.3539711450368704,0.3539710630426919,0.3539712925750431,-0.3539710130778224,0.3539711793967771
147,2.46799999999995,-0.28190314769744873,-0.06002206355333328,0.04241758957505226,-0.023447897285223007,-0.07021421194076538,-0.12459668517112732,-0.11527812480926514,-1.7932963000000044,-1.6922270047799244,1.584744438032109,-1.5711490017947698,1.4073964950899767,-0.17118708133697536,0.31849987506866456,-0.31849987506866456,0.31849987506866456,0.31849987506866456,-0.31849987506866456,0.31849987506866456,-1.7754850638245658,-1.6818334894960578,1.5775585540055659,-1.5674694682865853,1.4201007223260156,-0.15345294688551503,0.3539619098625876,-0.3539623640056938,0.35396216175614814,0.3539626650319599,-0.3539621732475101,0.353962450401921
148,2.483999999999948,-0.2815212309360504,-0.06013009697198868,0.04266930744051933,-0.023711077868938446,-0.070069320499897,-0.12516222894191742,-0.11530005931854248,-1.794962966666671,-1.6932291730627909,1.5854555931561176,-1.5715441864259188,1.4062286730816451,-0.17285374800364203,0.3184919786453247,-0.3184919786453247,0.3184919786453247,0.3184919786453247,-0.3184919786453247,0.3184919786453247,-1.7770863753676354,-1.6827750186222625,1.5781931148182187,-1.5678028191456244,1.4189599391851155,-0.1550479660588589,0.3539541717342955,-0.3539544153929642,0.3539543100541821,0.3539546511386276,-0.35395430955601304,0.3539545021585121
149,2.4999999999999463,-0.28115761280059814,-0.06023351103067398,0.04290447011590004,-0.02396119013428688,-0.06991937756538391,-0.12570227682590485,-0.11532233655452728,-1.7966296333333378,-1.6942330649133022,1.5861706676580494,-1.5719435395948236,1.405063350122222,-0.1745204146703087,0.3184839588403702,-0.3184839588403702,0.3184839588403702,0.3184839588403702,-0.3184839588403702,0.3184839588403702,-1.7786875805490563,-1.683718484899087,1.5788325018286367,-1.5681413115323861,1.417817198073297,-0.1566488813577532,0.35394625229038273,-0.35394642808129456,0.3539463399503316,0.353946583576687,-0.35394629130208655,0.35394646517716005
150,2.5179999999999443,-0.28082337975502014,-0.06033286452293396,0.04315086081624031,-0.024205638095736504,-0.06978276371955872,-0.12625589966773987,-0.11534638702869415,-1.7982963000000045,-1.6952386126553511,1.5868898486716534,-1.5723469668964192,1.4039003040602294,-0.1761870813369754,0.3184753006696701,-0.3184753006696701,0.3184753006696701,0.3184753006696701,-0.3184753006696701,0.3184753006696701,-1.780489405172554,-1.6847826256125038,1.5795580380795162,-1.5685267399977842,1.416535911363024,-0.15844655873804442,0.35393689382916127,-0.35393737286672705,0.3539371606027402,0.35393768629770933,-0.35393717543682324,0.35393746351627736
151,2.5339999999999425,-0.2804548144340515,-0.060439929366111755,0.043393295258283615,-0.024466611444950104,-0.06963533163070679,-0.12681736052036285,-0.1153687834739685,-1.7999629666666712,-1.696245944811453,1.5876130702592914,-1.572754743753835,1.4027397151997176,-0.17785374800364206,0.3184672379493713,-0.3184672379493713,0.3184672379493713,0.3184672379493713,-0.3184672379493713,0.3184672379493713,-1.7820905214985527,-1.6857296122908136,1.58020583274569,-1.5688727043187805,1.4154013568793922,-0.16004210319778187,0.35392892276957333,-0.3539291841344565,0.35392907160255227,0.35392943001615645,-0.3539290745102873,0.3539292747218669
152,2.5499999999999408,-0.28010299801826477,-0.060542039573192596,0.043618883937597275,-0.024714553728699684,-0.06948304921388626,-0.12735286355018616,-0.115391306579113,-1.801629633333338,-1.6972549788043396,1.5883400516582513,-1.5731666529826467,1.4015816643794863,-0.17952041467030874,0.3184591296315193,-0.3184591296315193,0.3184591296315193,0.3184591296315193,-0.3184591296315193,0.3184591296315193,-1.783691538818478,-1.6866785038663699,1.5808583035755845,-1.5692238030553383,1.4142649297101504,-0.16164350059298382,0.35392078144991185,-0.3539209720373141,0.3539208778653411,0.35392113524667934,-0.3539208305399962,0.3539210117152917
153,2.5679999999999388,-0.27978041768074036,-0.060640089213848114,0.043855976313352585,-0.024956870824098587,-0.06934444606304169,-0.12790188193321228,-0.115415558218956,-1.8032963000000046,-1.6982656469579038,1.5890709845968072,-1.573582600829715,1.4004259236117689,-0.18118708133697542,0.31845039904117584,-0.31845039904117584,0.31845039904117584,0.31845039904117584,-0.31845039904117584,0.31845039904117584,-1.7854931605453757,-1.687748714616815,1.5815983929919142,-1.5696233485776736,1.412990805259226,-0.16344167322681183,0.3539111793643089,-0.353911682803748,0.35391146062951306,0.35391200826801605,-0.3539114788348159,0.35391177745978325
154,2.583999999999937,-0.2794245183467865,-0.06074613332748413,0.044089365750551224,-0.025215769186615944,-0.06919500976800919,-0.12845896184444427,-0.11543826013803482,-1.8049629666666713,-1.699278082513362,1.5898058073593164,-1.5740028636494918,1.3992726734489687,-0.1828537480036421,0.31844222635030744,-0.31844222635030744,0.31844222635030744,0.31844222635030744,-0.31844222635030744,0.31844222635030744,-1.7870941076428368,-1.6887010551748585,1.5822589430302285,-1.5699817805611174,1.4118626620027281,-0.16503761938960868,0.3539030134634209,-0.3539032920422494,0.3539031725864774,0.35390354785644573,-0.35390317871292926,0.3539033864328395
155,2.5999999999999353,-0.27908381819725037,-0.060846924781799316,0.04430564120411873,-0.025461694225668907,-0.06904074549674988,-0.12898963689804077,-0.11546093225479126,-1.806629633333338,-1.700292197926392,1.5905442347127183,-1.5744272252199196,1.3981219943573562,-0.18452041467030877,0.31843406438827515,-0.31843406438827515,0.31843406438827515,0.31843406438827515,-0.31843406438827515,0.31843406438827515,-1.7886949646897703,-1.689655266873253,1.5829240239805418,-1.570345343235471,1.4107327244486525,-0.16663938546017654,0.35389468836733295,-0.353894893363626,0.3538947933152821,0.35389506406628296,-0.3538947472469038,0.3538949355383431
156,2.6179999999999333,-0.2787720561027527,-0.060943588614463806,0.044533636420965195,-0.02570207044482231,-0.06890053302049637,-0.12953388690948486,-0.11548535525798798,-1.8082963000000047,-1.7013079244032998,1.5912864619864011,-1.5748555930606667,1.396973652140348,-0.18618708133697545,0.3184252721071243,-0.3184252721071243,0.3184252721071243,0.3184252721071243,-0.3184252721071243,0.3184252721071243,-1.7904964159977736,-1.6907314280463015,1.5836781387368726,-1.5707588499672651,1.4094659512219427,-0.1684379368609203,0.35388488255785083,-0.3538854099483154,0.3538851779134822,0.35388574703308695,-0.3538851995691428,0.3538855083080501
157,2.6339999999999315,-0.27842801809310913,-0.061048589646816254,0.04475848004221916,-0.025959067046642303,-0.06874948740005493,-0.1300865113735199,-0.11550828814506531,-1.8099629666666714,-1.7023254008974134,1.5920324366537715,-1.5752882441781106,1.395827827350347,-0.18785374800364213,0.31841701626777646,-0.31841701626777646,0.31841701626777646,0.31841701626777646,-0.31841701626777646,0.31841701626777646,-1.7920972235110286,-1.6916890159678932,1.5843509808052825,-1.571129615108472,1.4083443795182606,-0.17003419021061916,0.35387655639355275,-0.3538768518033454,0.3538767255142093,0.3538771172322023,-0.3538767348485558,0.3538769497944295
158,2.6499999999999297,-0.2780977487564087,-0.061147965490818024,0.04496569558978081,-0.026203127577900887,-0.06859368830919266,-0.1306121051311493,-0.1155310571193695,-1.8116296333333382,-1.7033445336555937,1.5927818649136012,-1.5757249629710757,1.3946845992118606,-0.1895204146703088,0.318408819437027,-0.318408819437027,0.318408819437027,0.318408819437027,-0.318408819437027,0.318408819437027,-1.7936979503947406,-1.6926484411424445,1.5850282126999633,-1.5715055104131104,1.4072210851846023,-0.17163623821254007,0.3538680807914206,-0.3538682998657088,0.35386819400873154,0.35386847777284486,-0.35386814922518434,0.35386834434842235
159,2.6679999999999278,-0.2777961194515228,-0.06124316155910492,0.04518495127558708,-0.0264416690915823,-0.06845226138830185,-0.13115127384662628,-0.11555546522140503,-1.8132963000000049,-1.704365253014912,1.593534947434861,-1.5761656574559353,1.3935437281887222,-0.19118708133697548,0.3184000325202942,-0.3184000325202942,0.3184000325202942,0.3184000325202942,-0.3184000325202942,0.3184000325202942,-1.7954992653440922,-1.6937304329686982,1.5857958407854742,-1.571932834624039,1.4059618275965526,-0.1734350792923608,0.35385811318167093,-0.35385866392163706,0.3538584223640097,0.35385901237236594,-0.3538584472557556,0.353858765977431
160,2.683999999999926,-0.2774631381034851,-0.061347052454948425,0.04540122672915459,-0.02669687755405903,-0.06829991936683655,-0.13169901072978973,-0.11557859182357788,-1.8149629666666716,-1.7053877038891612,1.5942916345470135,-1.5766106054151696,1.3924053961992748,-0.19285374800364216,0.31839170694351193,-0.31839170694351193,0.31839170694351193,0.31839170694351193,-0.31839170694351193,0.31839170694351193,-1.7970999633252334,-1.6946931627464166,1.5864805250276937,-1.5723158088343303,1.4048469662960203,-0.17503156754333937,0.3538496613078274,-0.3538499732128246,0.3538498401312961,0.3538502479008635,-0.3538498527099586,0.35385007455358547
161,2.6999999999999242,-0.27714255452156067,-0.06144503504037857,0.045599568635225296,-0.026939179748296738,-0.0681428611278534,-0.13221941888332367,-0.1156013086438179,-1.8166296333333383,-1.7064117878065008,1.5950516273576005,-1.577059591744308,1.391269681847144,-0.19452041467030884,0.3183835288882255,-0.3183835288882255,0.3183835288882255,0.3183835288882255,-0.3183835288882255,0.3183835288882255,-1.798700589725828,-1.69565769665114,1.5871694615166485,-1.572703915505486,1.4037304477394261,-0.17663383113519426,0.353841072332562,-0.35384130507638145,0.3538411936246229,0.353841489990916,-0.35384115000456173,0.35384135183258575
162,2.7179999999999223,-0.27685049176216125,-0.06153882294893265,0.04581013694405556,-0.027176031842827797,-0.06800039112567902,-0.1327533721923828,-0.11562569439411163,-1.818296300000005,-1.7074374348556498,1.5958151296400014,-1.577512525608355,1.3901363419950492,-0.19618708133697552,0.3183747500181198,-0.3183747500181198,0.3183747500181198,0.3183747500181198,-0.3183747500181198,0.3183747500181198,-1.8005018010260505,-1.6967454023973578,1.5879501043890274,-1.5731449244051543,1.4024788474224217,-0.1784328937608484,0.35383098075053604,-0.3538315544420447,0.35383130337824087,0.3538319138270901,-0.3538313316099226,0.35383165987018433
163,2.7339999999999205,-0.27652809023857117,-0.061641477048397064,0.04601803049445152,-0.027429552748799324,-0.06784714758396149,-0.13329583406448364,-0.11564885824918747,-1.8199629666666717,-1.7084647928064565,1.596582096814909,-1.577969684820835,1.3890055562019832,-0.1978537480036422,0.3183664110302925,-0.3183664110302925,0.3183664110302925,0.3183664110302925,-0.3183664110302925,0.3183664110302925,-1.8021024176454965,-1.69771317187934,1.5886461920172268,-1.573539992952884,1.4013708157658133,-0.18002956162943667,0.3538224393765026,-0.3538227673309412,0.35382262769449624,0.353823051048594,-0.35382264335460284,0.35382287197835094
164,2.7499999999999187,-0.2762165665626526,-0.061737969517707825,0.04620787128806114,-0.02767024002969265,-0.06768912076950073,-0.133810892701149,-0.1156715601682663,-1.8216296333333384,-1.709493758965085,1.5973522280030432,-1.5784308554879967,1.3878774041891582,-0.19952041467030887,0.3183582383394241,-0.3183582383394241,0.3183582383394241,0.3183582383394241,-0.3183582383394241,0.3183582383394241,-1.8037029707986496,-1.6986827136910922,1.5893463971305781,-1.573940198885285,1.400261186387653,-0.18163199007381942,0.3538137681347651,-0.3538140143468462,0.3538138971924188,0.3538142058764057,-0.3538138549332935,0.3538140630186306
165,2.7679999999999167,-0.2759334444999695,-0.06183023750782013,0.04641019180417061,-0.027905501425266266,-0.0675460696220398,-0.13433930277824402,-0.11569582670927048,-1.823296300000005,-1.7105242629235486,1.5981257311997794,-1.5788959471784179,1.3867516363621242,-0.20118708133697555,0.31834950238466264,-0.31834950238466264,0.31834950238466264,0.31834950238466264,-0.31834950238466264,0.31834950238466264,-1.8055041078032155,-1.6997760216295525,1.590139567439107,-1.5743947696328293,1.3990173635669405,-0.18343122213849652,0.35380358853538124,-0.3538041847091415,0.3538039242881951,0.3538045546798885,-0.35380395582622787,0.3538042933253275
166,2.783999999999915,-0.2756209671497345,-0.06193157285451889,0.04661004617810249,-0.0281574334949255,-0.06739234924316406,-0.13487650454044342,-0.11571899056434631,-1.8249629666666718,-1.7115564558044574,1.5989025653027478,-1.5793652377366667,1.3856284305414048,-0.20285374800364223,0.3183411633968353,-0.3183411633968353,0.3183411633968353,0.3183411633968353,-0.3183411633968353,0.3183411633968353,-1.8071046677812852,-1.7007487335868823,1.5908466294695294,-1.5748018263555847,1.397916261835956,-0.18502802734463977,0.35379498755332994,-0.3537953312339976,0.3537951850931801,0.3537956236361223,-0.35379520385588137,0.3537954389561628
167,2.7999999999999132,-0.2753180265426636,-0.06202653795480728,0.04679180309176445,-0.02839658595621586,-0.06723377108573914,-0.13538610935211182,-0.11574160307645798,-1.8266296333333385,-1.7125902314370376,1.5996824286876106,-1.5798385141692703,1.3845078676899758,-0.2045204146703089,0.3183330228924751,-0.3183330228924751,0.3183330228924751,0.3183330228924751,-0.3183330228924751,0.3183330228924751,-1.8087051710873663,-1.70172318778554,1.5915576771879971,-1.575214027701087,1.3968136158703355,-0.18663058183872488,0.35378626401621627,-0.353786523369947,0.3537864006184931,0.3537867212505208,-0.35378635970032823,0.35378657381706674
168,2.8179999999999112,-0.275043249130249,-0.06211721897125244,0.04698604717850685,-0.028630373999476433,-0.0670904740691185,-0.135909304022789,-0.11576572805643082,-1.8282963000000052,-1.7136255184198919,1.600465529473919,-1.5803156870692616,1.3833896931221572,-0.20618708133697558,0.3183243378996849,-0.3183243378996849,0.3183243378996849,0.3183243378996849,-0.3183243378996849,0.3183243378996849,-1.8105062584723894,-1.7028219924932495,1.592362899008381,-1.5756820464465766,1.3955776692777941,-0.18842994349327824,0.35377602774123323,-0.3537766459939174,0.3537763762787805,0.3537770261551759,-0.3537764111710468,0.3537767575321619
169,2.8339999999999095,-0.274740070104599,-0.06221715360879898,0.04717841371893883,-0.02888084016740322,-0.06693661212921143,-0.13644102215766907,-0.11578880995512009,-1.829962966666672,-1.7146624709800384,1.6012518363692345,-1.580797034405385,1.3822740829200038,-0.20785374800364226,0.31831602841615675,-0.31831602841615675,0.31831602841615675,0.31831602841615675,-0.31831602841615675,0.31831602841615675,-1.8121067821254646,-1.7037995554788605,1.5930805168124826,-1.5761009929201844,1.3944835788399543,-0.1900268537025905,0.35376739523226636,-0.3537677542693338,0.3537676017606056,0.35376805507008074,-0.3537676235583781,0.35376786492630274
170,2.8499999999999077,-0.2744450271129608,-0.06231055408716202,0.04735233262181282,-0.029118608683347702,-0.06677775084972382,-0.1369451880455017,-0.11581123620271683,-1.8316296333333386,-1.7157009802148244,1.6020410419129314,-1.5812823445501074,1.3811611204058416,-0.20952041467030894,0.3183079549670219,-0.3183079549670219,0.3183079549670219,0.3183079549670219,-0.3183079549670219,0.3183079549670219,-1.81370725441347,-1.7047788324060327,1.5938019917111377,-1.5765250934841428,1.3933879918784824,-0.1916295045714651,0.3537586485423901,-0.3537589206753198,0.35375879250757986,0.3537591246888646,-0.35375875283169844,0.35375897283667446
171,2.8679999999999057,-0.27417799830436707,-0.06239953637123108,0.047539059072732925,-0.02935107611119747,-0.06663456559181213,-0.13746294379234314,-0.11583516001701355,-1.8332963000000053,-1.7167409724876783,1.6028333595641435,-1.5817715291519607,1.3800505443126447,-0.2111870813369756,0.3182993423938751,-0.3182993423938751,0.3182993423938751,0.3182993423938751,-0.3182993423938751,0.3182993423938751,-1.8155083115759922,-1.705883035077729,1.5946188014755263,-1.5770064549123233,1.392159999630262,-0.19342896534185444,0.35374838769864253,-0.3537490276000576,0.35374874871916867,0.35374941760217554,-0.353748786943011,0.3537491418669045
172,2.883999999999904,-0.27388352155685425,-0.06249804049730301,0.047724198549985886,-0.029600193724036217,-0.06648097932338715,-0.13798931241035461,-0.11585810780525208,-1.834962966666672,-1.7177826064959667,1.60362876287331,-1.582264865714028,1.3789425279905883,-0.2128537480036423,0.31829108119010924,-0.31829108119010924,0.31829108119010924,0.31829108119010924,-0.31829108119010924,0.31829108119010924,-1.8171088144666991,-1.7068653634577189,1.5953465677804353,-1.5774372002391035,1.39107298372118,-0.19502595582673918,0.3537397511514327,-0.3537401252148818,0.3537399664138976,0.3537404340957367,-0.35373999123709354,0.35374023860615245
173,2.899999999999902,-0.27359580993652344,-0.06258971244096756,0.04789070412516594,-0.029836691915988922,-0.06632234156131744,-0.13848814368247986,-0.1158803179860115,-1.8366296333333387,-1.7188257683699828,1.604426941275396,-1.5827621439126278,1.377837155631233,-0.21452041467030897,0.31828308552503587,-0.31828308552503587,0.31828308552503587,0.31828308552503587,-0.31828308552503587,0.31828308552503587,-1.8187092697953164,-1.7078493791375249,1.596078066193485,-1.5778731112900817,1.3899845129817925,-0.19662868037695064,0.35373100731678747,-0.35373129194769387,0.3537311584015994,0.35373150179123547,-0.3537311200082423,0.35373134561343733
174,2.9179999999999002,-0.27333590388298035,-0.06267692893743515,0.04807038977742195,-0.0300679299980402,-0.06617962568998337,-0.1390003114938736,-0.11590398102998734,-1.8382963000000054,-1.7198703838522733,1.6052281144383531,-1.5832632760792618,1.3767341618697333,-0.21618708133697564,0.3182745668292046,-0.3182745668292046,0.3182745668292046,0.3182745668292046,-0.3182745668292046,0.3182745668292046,-1.8205103108021126,-1.708958887112217,1.5969060140644915,-1.5783677182822136,1.3887645323570903,-0.19842821695970442,0.35372075092036176,-0.353721412045242,0.3537211241324363,0.3537218115489829,-0.35372116565380696,0.353721528857009
175,2.9339999999998985,-0.27304962277412415,-0.06277386844158173,0.048248741775751114,-0.030315810814499855,-0.0660267025232315,-0.13952121138572693,-0.11592678725719452,-1.8399629666666721,-1.7209166149929664,1.6060322601346155,-1.5837685395928367,1.3756337168276795,-0.21785374800364232,0.31826635658741,-0.31826635658741,0.31826635658741,0.31826635658741,-0.31826635658741,0.31826635658741,-1.8221108038337122,-1.7099459004149562,1.5976435342322417,-1.5788101786642705,1.3876846356050316,-0.2000252688106998,0.35371213359796366,-0.35371252239943723,0.3537123573234784,0.35371283901054806,-0.3537123852178165,0.3537126382674894
176,2.9499999999998967,-0.27276888489723206,-0.0628638043999672,0.04840823635458946,-0.03055110014975071,-0.06586860120296478,-0.1400143951177597,-0.1159486472606659,-1.8416296333333388,-1.7219643450662991,1.6068390640738588,-1.5842777245953326,1.3745359068076302,-0.219520414670309,0.31825848698616027,-0.31825848698616027,0.31825848698616027,0.31825848698616027,-0.31825848698616027,0.31825848698616027,-1.8237112517068343,-1.710934575714084,1.5983846656426242,-1.5792578183515522,1.3866033197717946,-0.20162804968867196,0.3537034189703736,-0.35370371569754977,0.3537035770293465,0.35370393120690574,-0.3537035397361041,0.3537037708860241
177,2.9679999999998947,-0.27251574397087097,-0.06294924020767212,0.048580970615148544,-0.030781196430325508,-0.06572669744491577,-0.14052130281925201,-0.11597198247909546,-1.8432963000000055,-1.7230134990697603,1.6076487469174445,-1.584790744535838,1.373440461850215,-0.22118708133697568,0.3182500863075256,-0.3182500863075256,0.3182500863075256,0.3182500863075256,-0.3182500863075256,0.3182500863075256,-1.8255122856766797,-1.7120493013223466,1.5992233170563148,-1.579765581292553,1.3853913874149375,-0.20342764426466628,0.3536931965463091,-0.35369387846951067,0.35369358169155435,0.3536942871679093,-0.3536936264384193,0.3536939976871738
178,2.983999999999893,-0.2722371518611908,-0.06304460018873215,0.04875285550951958,-0.0310278981924057,-0.06557485461235046,-0.14103667438030243,-0.11599451303482056,-1.8449629666666723,-1.7240642424062391,1.6084612945092698,-1.585307876172378,1.3723475476066758,-0.22285374800364235,0.31824197530746456,-0.31824197530746456,0.31824197530746456,0.31824197530746456,-0.31824197530746456,0.31824197530746456,-1.8271127755515923,-1.7130409230234545,1.5999702102053175,-1.5802196793068348,1.3843186362519584,-0.2050247430221571,0.35368462712528476,-0.35368503025151793,0.3536848591468681,0.3536853543924443,-0.3536848899254502,0.35368514858066136
179,2.999999999999891,-0.2719629406929016,-0.06313272565603256,0.048905450850725174,-0.03126210719347,-0.06541750580072403,-0.14152444899082184,-0.11601606011390686,-1.846629633333339,-1.7251164545005064,1.609276385356782,-1.5858289112922692,1.3712572558433305,-0.22452041467030903,0.3182342183589935,-0.3182342183589935,0.3182342183589935,0.3182342183589935,-0.3182342183589935,0.3182342183589935,-1.8287132214959487,-1.7140341822556642,1.6007205978188244,-1.5806789720282823,1.383244495971265,-0.2066275669581009,0.35367596602630774,-0.35367627465940327,0.3536761307869644,0.3536764954782184,-0.3536760947461901,0.3536763310505081
180,3.017999999999889,-0.27171608805656433,-0.06321638077497482,0.049071650952100754,-0.03149121254682541,-0.06527648121118546,-0.14202570915222168,-0.1160389855504036,-1.8482963000000057,-1.726170060846756,1.6100942462059837,-1.5863537648347164,1.3701693144898106,-0.2261870813369757,0.3182259652018547,-0.3182259652018547,0.3182259652018547,0.3182259652018547,-0.3182259652018547,0.3182259652018547,-1.830514253365443,-1.7151540410822717,1.6015695335431206,-1.581199808204608,1.3820406289037803,-0.2084272059024281,0.3536658059634946,-0.3536665082825514,0.3536662027805926,0.35366692587939685,-0.35366625070118723,0.3536666297549631
181,3.0339999999998875,-0.271444708108902,-0.06331006437540054,0.04923724755644798,-0.03173684701323509,-0.0651259794831276,-0.14253558218479156,-0.11606122553348541,-1.8499629666666724,-1.727225228586346,1.610914866998591,-1.586882712284937,1.3690838814984252,-0.2278537480036424,0.31821795880794523,-0.31821795880794523,0.31821795880794523,0.31821795880794523,-0.31821795880794523,0.31821795880794523,-1.8321147433456761,-1.7161501969989728,1.602325432285187,-1.5816654725574206,1.3809750330946338,-0.21002434050975385,0.3536573074839092,-0.35365772465995904,0.3536575475620972,0.35365805602074385,-0.35365758124601365,0.3536578452317992
182,3.0499999999998857,-0.2711763083934784,-0.0633963868021965,0.04938330128788948,-0.03197009861469269,-0.06496964395046234,-0.1430177241563797,-0.11608236283063889,-1.851629633333339,-1.7282818350330493,1.6117379220200558,-1.5874155472618485,1.3680010540992509,-0.22952041467030906,0.31821034938097,-0.31821034938097,0.31821034938097,0.31821034938097,-0.31821034938097,0.31821034938097,-1.8337151897004758,-1.7171479663290805,1.6030847127781638,-1.5821363488295472,1.379908072912973,-0.21162719735697894,0.3536487245885519,-0.35364904478830916,0.3536488958914855,0.35364927073128904,-0.3536488609892699,0.3536491023379833
183,3.0679999999998837,-0.27093514800071716,-0.06347820907831192,0.04954291507601738,-0.0321982316672802,-0.06482981145381927,-0.14351344108581543,-0.116104856133461,-1.8532963000000058,-1.7293398051843545,1.6125636372713228,-1.5879521844563032,1.3669205572416872,-0.23118708133697574,0.31820225179195405,-0.31820225179195405,0.31820225179195405,0.31820225179195405,-0.31820225179195405,0.31820225179195405,-1.8355162211310816,-1.7182728754744738,1.6039435286295165,-1.5826701822549403,1.378712270357314,-0.21342687025232757,0.35363865279001105,-0.35363937516000193,0.3536390610108372,0.35363980133455825,-0.3536391121122002,0.35363949868243405
184,3.083999999999882,-0.2706703543663025,-0.06357023119926453,0.04970235750079155,-0.0324428491294384,-0.06468086689710617,-0.14401738345623016,-0.11612671613693237,-1.8549629666666725,-1.7303993090376755,1.613392009896336,-1.5884928986084605,1.365842542793402,-0.23285374800364242,0.31819438219070434,-0.31819438219070434,0.31819438219070434,0.31819438219070434,-0.31819438219070434,0.31819438219070434,-1.8371167118543326,-1.7192734922398456,1.6047080786643821,-1.5831473473630622,1.3776538241480203,-0.2150240322552988,0.3536302493351464,-0.3536306802201598,0.3536304972924929,0.3536310185863211,-0.35363053377121,0.3536308029583404
185,3.09999999999988,-0.27040737867355347,-0.06365472078323364,0.04984194412827492,-0.032675184309482574,-0.06452570855617523,-0.14449378848075867,-0.11614739894866943,-1.8566296333333392,-1.7314602210507293,1.6142227089651404,-1.5890374850136186,1.3647671143174658,-0.2345204146703091,0.318186936378479,-0.318186936378479,0.318186936378479,0.318186936378479,-0.318186936378479,0.318186936378479,-1.8387171586147089,-1.720275698153684,1.6054759013679054,-1.5836297431149187,1.3765940334162003,-0.2166269142554881,0.3536217680913068,-0.3536220995914098,0.3536219457594757,0.35362233043665287,-0.35362191196861026,0.35362215817760934
186,3.117999999999878,-0.2701713740825653,-0.06373473256826401,0.049995239824056625,-0.03290243446826935,-0.06438735872507095,-0.1449836939573288,-0.11616939306259155,-1.858296300000006,-1.7325224665935337,1.615055962962208,-1.5895858589214231,1.3636939916720479,-0.23618708133697577,0.31817901849746705,-0.31817901849746705,0.31817901849746705,0.31817901849746705,-0.31817901849746705,0.31817901849746705,-1.8405181889564042,-1.7214055745301742,1.6063442068660805,-1.5841765035931343,1.3754062779491512,-0.21842661313732797,0.3536118112715663,-0.35361255333317515,0.3536122306666693,0.3536129878186263,-0.35361228489793245,0.3536126787713297
187,3.1339999999998764,-0.2699127793312073,-0.06382505595684052,0.05014881119132042,-0.03314613550901413,-0.0642402172088623,-0.1454819142818451,-0.1161908283829689,-1.8599629666666726,-1.7335862175261476,1.6158917764820635,-1.59013829451324,1.3626233213852335,-0.23785374800364245,0.3181713017821312,-0.3181713017821312,0.3181713017821312,0.3181713017821312,-0.3181713017821312,0.3181713017821312,-1.842118679277656,-1.722410578207683,1.6071170657257046,-1.5846651088571486,1.3743549611237138,-0.22002379607174394,0.35360352576099324,-0.3536039700776972,0.3536037813978433,0.35360431519704055,-0.35360382064320545,0.35360409482911925
188,3.1499999999998747,-0.2696548402309418,-0.06390773504972458,0.05028224363923073,-0.033377647399902344,-0.06408653408288956,-0.14595244824886322,-0.11621099710464478,-1.8616296333333393,-1.734651346443643,1.6167298138760506,-1.5906945886365718,1.361555212483852,-0.23952041467030913,0.31816404104232787,-0.31816404104232787,0.31816404104232787,0.31816404104232787,-0.31816404104232787,0.31816404104232787,-1.8437191248815363,-1.7234171463452261,1.6078930917176943,-1.5851589649368907,1.3733023147793741,-0.22162669729281168,0.3535951692171253,-0.3535955117460076,0.3535953530821168,0.35359574728800325,-0.35359532035702407,0.3535955712651405
189,3.1679999999998727,-0.2694237232208252,-0.06398584693670273,0.050429586321115494,-0.03360410034656525,-0.06394989788532257,-0.14643660187721252,-0.11623241007328033,-1.863296300000006,-1.7357177772259214,1.6175703069814025,-1.5912546569756811,1.3604893808524299,-0.2411870813369758,0.31815633237361907,-0.31815633237361907,0.31815633237361907,0.31815633237361907,-0.31815633237361907,0.31815633237361907,-1.8455201519792408,-1.7245519056810954,1.608770509739847,-1.5857185877392916,1.3721225729717916,-0.22342641607222816,0.3535853542938147,-0.3535861156861507,0.3535857846599408,0.35358655824323665,-0.35358584193631537,0.3535862429436959
190,3.183999999999871,-0.2691709101200104,-0.06407441198825836,0.05057758465409279,-0.033846884965896606,-0.06380489468574524,-0.146928608417511,-0.11625336855649948,-1.8649629666666727,-1.7367856840923923,1.6184132667256375,-1.5918187717251127,1.3594259659410008,-0.24285374800364248,0.3181487873196602,-0.3181487873196602,0.3181487873196602,0.3181487873196602,-0.3181487873196602,0.3181487873196602,-1.8471206396190003,-1.7255612211142377,1.609551347032618,-1.5862185772439872,1.3710783511527596,-0.2250236149957571,0.35357721009742354,-0.3535776675738386,0.35357747322968575,0.35357801921054477,-0.3535775151997682,0.35357779420415003
191,3.199999999999869,-0.26891806721687317,-0.06415510177612305,0.05070510134100914,-0.03407743573188782,-0.06365321576595306,-0.14739316701889038,-0.1162729412317276,-1.8666296333333394,-1.737854935788661,1.6192583517479877,-1.5923867289873108,1.3583650790115682,-0.24452041467030916,0.31814174115657806,-0.31814174115657806,0.31814174115657806,0.31814174115657806,-0.31814174115657806,0.31814174115657806,-1.8487210815431268,-1.7265720757507321,1.6103352497061012,-1.5867238387704337,1.3700328096502983,-0.22662653090250137,0.35356900257856033,-0.35356935585896426,0.3535691924982375,0.3535695959211632,-0.3535691607569341,0.35356941624860494
192,3.217999999999867,-0.2686920762062073,-0.06423111259937286,0.05084678903222084,-0.034302838146686554,-0.06351900845766068,-0.14787082374095917,-0.11629372835159302,-1.8682963000000061,-1.7389254543319839,1.620105798231858,-1.5929584429564223,1.3573064288706072,-0.24618708133697584,0.3181342577934265,-0.3181342577934265,0.3181342577934265,0.3181342577934265,-0.3181342577934265,0.3181342577934265,-1.8505221023529983,-1.7277116320282133,1.6112214171954278,-1.587296263028831,1.3688610307963462,-0.22842626492546758,0.35355935608760936,-0.353560136519105,0.3535597972084678,0.35356058687646996,-0.35355985752178853,0.35356026542990915
193,3.2339999999998654,-0.26844561100006104,-0.06431763619184494,0.05098951980471611,-0.03454435616731644,-0.06337704509496689,-0.14835597574710846,-0.11631415784358978,-1.8699629666666728,-1.7399974149351813,1.6209556235619367,-1.5935341822258775,1.356250144785691,-0.24785374800364252,0.31812690317630765,-0.31812690317630765,0.31812690317630765,0.31812690317630765,-0.31812690317630765,0.31812690317630765,-1.8521225843974796,-1.7287251822509047,1.6120099150982952,-1.587807583056796,1.3678238526942412,-0.2300234760603492,0.3535513763287308,-0.3535518467234794,0.35355164678045914,0.3535522046373799,-0.35355169145142606,0.3535519750847927
194,3.2499999999998637,-0.268197625875473,-0.06439617276191711,0.05111159011721611,-0.03477386385202408,-0.06322785466909409,-0.14881402254104614,-0.11633307486772537,-1.8716296333333395,-1.7410706844812134,1.6218074833972236,-1.5941137466234112,1.3551963472078727,-0.2495204146703092,0.31812009304761885,-0.31812009304761885,0.31812009304761885,0.31812009304761885,-0.31812009304761885,0.31812009304761885,-1.8537230196148504,-1.7297402455665478,1.6128013805331913,-1.588324196217676,1.3667853580764402,-0.23162640318628241,0.3535433410512265,-0.35354370485219466,0.3535435368803795,0.3535439492331437,-0.3535435060850328,0.3535437660064229
195,3.2679999999998617,-0.26797646284103394,-0.06446996331214905,0.05124768242239952,-0.034998223185539246,-0.06309635937213898,-0.14928492903709412,-0.11635319143533707,-1.8732963000000062,-1.7421451838697493,1.622661611437597,-1.59469705034317,1.3541447412183372,-0.25118708133697587,0.31811285108327864,-0.31811285108327864,0.31811285108327864,0.31811285108327864,-0.31811285108327864,0.31811285108327864,-1.855524030682725,-1.7308845099876073,1.6136959488243319,-1.588909361453671,1.3656214699493623,-0.2334261488958545,0.3535338884345454,-0.3535346876351713,0.35353434010851226,0.35353514553247184,-0.3535344034512285,0.35353481803817693
196,3.28399999999986,-0.26773566007614136,-0.06455442309379578,0.051385339349508286,-0.03523862361907959,-0.06295756250619888,-0.14976327121257782,-0.11637300252914429,-1.874962966666673,-1.7432210909213126,1.6235180337600887,-1.5952843607368214,1.3530954485099005,-0.2528537480036425,0.318105719089508,-0.318105719089508,0.318105719089508,0.318105719089508,-0.318105719089508,0.318105719089508,-1.8571245040007667,-1.7319022151250374,1.6144918022920933,-1.5894319586201358,1.3645912655467733,-0.23502336935389181,0.3535260968387073,-0.35352657987217123,0.35352637447465707,0.3535269438819231,-0.3535264217400697,0.35352670990506807
197,3.299999999999858,-0.26749223470687866,-0.06463084369897842,0.05150182917714119,-0.03546719253063202,-0.06281101703643799,-0.1502145528793335,-0.11639122664928436,-1.8766296333333397,-1.744298271649629,1.6243763975797079,-1.595875480612332,1.3520485982259598,-0.25452041467030917,0.31809915840625763,-0.31809915840625763,0.31809915840625763,0.31809915840625763,-0.31809915840625763,0.31809915840625763,-1.858724929412387,-1.7329214059551963,1.6152905291182973,-1.589959870242835,1.3635597418735774,-0.23662630504847923,0.35351825662698755,-0.3535186307440466,0.35351845821178096,0.35351887923148123,-0.35351842835526176,0.3535186925269903
198,3.317999999999856,-0.267275333404541,-0.06470248848199844,0.05163274332880974,-0.035690709948539734,-0.06268231570720673,-0.15067918598651886,-0.11641064286231995,-1.8782963000000064,-1.7453766464576623,1.6252369433018548,-1.5964703257781412,1.351003892964173,-0.2561870813369758,0.3180921685695648,-0.3180921685695648,0.3180921685695648,0.3180921685695648,-0.3180921685695648,0.3180921685695648,-1.8605259273699253,-1.7340702854999828,1.6161931633009563,-1.590557717271907,1.3624036531967871,-0.23842605972543396,0.353509022305419,-0.3535098400326343,0.35350948432178697,0.3535103052060449,-0.3535095507170228,0.3535099717391846
199,3.3339999999998544,-0.267039954662323,-0.06478489935398102,0.051765356212854385,-0.03593013063073158,-0.06254690885543823,-0.15115049481391907,-0.11642977595329285,-1.879962966666673,-1.7464563947802287,1.6260996992387358,-1.5970691612886534,1.349961444483249,-0.25785374800364247,0.3180852806568146,-0.3180852806568146,0.3180852806568146,0.3180852806568146,-0.3180852806568146,0.3180852806568146,-1.8621263890385114,-1.7350920616131285,1.616996079180184,-1.5910915398222913,1.3613803363951067,-0.24002328729794423,0.35350144063094074,-0.353501936057032,0.3535017252947864,0.35350230595830356,-0.35350177509909103,0.3535020676507823
200,3.3499999999998527,-0.2668006122112274,-0.06485913693904877,0.05187663808465004,-0.036157868802547455,-0.0624031163752079,-0.15159526467323303,-0.11644728481769562,-1.8816296333333398,-1.7475373803958796,1.6269643098734798,-1.5976717924353625,1.3489213925436623,-0.2595204146703091,0.3180789774656296,-0.3180789774656296,0.3180789774656296,0.3180789774656296,-0.3180789774656296,0.3180789774656296,-1.8637268018529165,-1.7361152945642047,1.6178017777805338,-1.5916306988068296,1.3603556923935693,-0.24162622953428972,0.35349381597439994,-0.3534942002188099,0.3534940231528251,0.3534944525944998,-0.35349399424709504,0.3534942624740355
201,3.3679999999998507,-0.2665877938270569,-0.06492859125137329,0.05200234428048134,-0.03638053685426712,-0.06227744743227959,-0.1520531326532364,-0.11646594107151031,-1.8832963000000065,-1.7486195235834026,1.627831015611488,-1.598278134716267,1.3478834350864577,-0.26118708133697577,0.3180722612142563,-0.3180722612142563,0.3180722612142563,0.3180722612142563,-0.3180722612142563,0.3180722612142563,-1.8655277837778907,-1.737268691330872,1.6187121560196691,-1.5922411709778523,1.3592072952779912,-0.24342599109999627,0.35348482332057896,-0.3534856593121676,0.35348529550857616,0.3534861315481774,-0.3534853649135708,0.3534857922063047
202,3.383999999999849,-0.2663574814796448,-0.06500881165266037,0.05213041231036186,-0.03661894053220749,-0.06214558705687523,-0.15251752734184265,-0.11648440361022949,-1.8849629666666732,-1.7497030037776136,1.6286998558166605,-1.5988884503918037,1.3468476753021765,-0.2628537480036424,0.31806561470031736,-0.31806561470031736,0.31806561470031736,0.31806561470031736,-0.31806561470031736,0.31806561470031736,-1.8671282313482547,-1.7382944500817157,1.6195218526800654,-1.592786169317356,1.3581907658094088,-0.24502322409829655,0.353477469814816,-0.3534779774805046,0.3534777613179136,0.35347835301599134,-0.3534778137275093,0.3534781104134775
203,3.399999999999847,-0.26612216234207153,-0.06508077681064606,0.05223667249083519,-0.036845821887254715,-0.0620049312710762,-0.15295566618442535,-0.11650115251541138,-1.8866296333333399,-1.7507876833911242,1.6295704670248412,-1.599502547423258,1.345814259780992,-0.26452041467030907,0.31805958509445187,-0.31805958509445187,0.31805958509445187,0.31805958509445187,-0.31805958509445187,0.31805958509445187,-1.8687286292956111,-1.7393216353349812,1.620334244951457,-1.5933365264639336,1.357172896153293,-0.24662617132677284,0.3534700790120159,-0.35347047318775887,0.353470291646003,0.35347072927136225,-0.35347026366778733,0.35347053580394133
204,3.417999999999845,-0.2659131586551666,-0.06514794379472733,0.05235758051276207,-0.03706774860620499,-0.06188241392374039,-0.15340690314769745,-0.1165190264582634,-1.8882963000000066,-1.7518734824543696,1.6304430933667207,-1.6001203432333615,1.3447828862155962,-0.2661870813369757,0.3180531504750252,-0.3180531504750252,0.3180531504750252,0.3180531504750252,-0.3180531504750252,0.3180531504750252,-1.8705295928896415,-1.7404794464515552,1.621252058525857,-1.5939595691145316,1.3560320672463817,-0.2484259381926581,0.35346134749551217,-0.3534622015344025,0.3534618296837465,0.353462680612266,-0.3534619020955387,0.35346233546936495
205,3.4339999999998434,-0.2656875550746918,-0.0652260035276413,0.052481260150671005,-0.03730516880750656,-0.06175440922379494,-0.15386411547660828,-0.11653676629066467,-1.8899629666666733,-1.7529605825131636,1.6313177810358985,-1.60074209604682,1.3437536460618662,-0.26785374800364237,0.3180467641353607,-0.3180467641353607,0.3180467641353607,0.3180467641353607,-0.3180467641353607,0.3180467641353607,-1.8721300244839163,-1.741509095090953,1.6220682661456962,-1.5945156954002235,1.3550222111975139,-0.25002317532549495,0.3534542396986763,-0.3534547593809408,0.3534545379107751,0.3534551403779551,-0.35345459285934605,0.3534548935682877
206,3.4499999999998416,-0.26545587182044983,-0.06529569625854492,0.05258285626769066,-0.03753124922513962,-0.06161699816584587,-0.154295414686203,-0.11655266582965851,-1.89162963333334,-1.7540488441174726,1.6321941619736933,-1.6013676168672388,1.3427266960924353,-0.269520414670309,0.3180410403013229,-0.3180410403013229,0.3180410403013229,0.3180410403013229,-0.3180410403013229,0.3180410403013229,-1.8737304058754596,-1.742540138458854,1.6228870859907412,-1.595077203359797,1.3540109972817744,-0.2516261263611337,0.3534471020707737,-0.35344750592769986,0.3534473200806463,0.3534477656123114,-0.3534472928885883,0.3534475689151198
207,3.4679999999998397,-0.2652505040168762,-0.06536058336496353,0.052699144929647446,-0.03775234520435333,-0.061497919261455536,-0.15473996102809906,-0.1165696233510971,-1.8932963000000067,-1.7551381871735554,1.6330724810558541,-1.6019968226206447,1.341701730771411,-0.27118708133697567,0.318034935593605,-0.318034935593605,0.318034935593605,0.318034935593605,-0.318034935593605,0.318034935593605,-1.8755313494978934,-1.7437022562318163,1.6238120399036773,-1.5957127637536428,1.3528775985208674,-0.2534258973132565,0.35343865703200583,-0.3534395288228918,0.3534391491431804,0.35344001463864316,-0.35343922438032993,0.3534396638421902
208,3.483999999999838,-0.2650293707847595,-0.06543634086847305,0.052818845957517624,-0.0379888117313385,-0.061374008655548096,-0.1551898717880249,-0.11658649146556854,-1.8949629666666734,-1.7562287928546967,1.633952795155146,-1.6026299694828336,1.3406788306271518,-0.2728537480036423,0.3180288630723953,-0.3180288630723953,0.3180288630723953,0.3180288630723953,-0.3180288630723953,0.3180288630723953,-1.8771317638244096,-1.7447356978238207,1.6246345010148884,-1.5962799716930316,1.3518742891748574,-0.25502313759336,0.3534318208799935,-0.35343235228175107,0.3534321257546,0.3534327386755997,-0.3534321830142328,0.35343248781277725
209,3.499999999999836,-0.2648009955883026,-0.06550376862287521,0.05291595682501793,-0.038214169442653656,-0.06123999133706093,-0.15561439096927643,-0.11660148948431015,-1.8966296333333401,-1.7573205223317445,1.6348347277688964,-1.603266872306878,1.3396581641048675,-0.27452041467030897,0.31802346378564833,-0.31802346378564833,0.31802346378564833,0.31802346378564833,-0.31802346378564833,0.31802346378564833,-1.87873212755322,-1.7457705010431732,1.6254594948438996,-1.596852584572019,1.3508695997225941,-0.2566260915300666,0.35342496175642846,-0.35342537513211186,0.35342518502492604,0.3534256382477816,-0.3534251585987518,0.3534254383832003
210,3.517999999999834,-0.2645987272262573,-0.06556636840105057,0.05302799120545387,-0.038434598594903946,-0.06112447381019592,-0.15605206787586212,-0.11661749333143234,-1.8982963000000068,-1.7584132951384286,1.6357185276223205,-1.6039074489501264,1.3386394228746976,-0.2761870813369756,0.31801770240068433,-0.31801770240068433,0.31801770240068433,0.31801770240068433,-0.31801770240068433,0.31801770240068433,-1.880533050209333,-1.7469368133225878,1.62639130835635,-1.5975006118425572,1.3497434792293703,-0.25842586564055375,0.3534168304271298,-0.3534177198205991,0.3534173322891729,0.35341821214747315,-0.353417410405013,0.3534178557328981
211,3.5339999999998324,-0.26438167691230774,-0.065639927983284,0.05314372852444649,-0.03867021203041077,-0.06100479140877724,-0.1564948558807373,-0.11663347482681274,-1.8999629666666735,-1.75950729393815,1.6366042564310612,-1.6045519524839666,1.337622676351218,-0.27785374800364226,0.3180119490623474,-0.3180119490623474,0.3180119490623474,0.3180119490623474,-0.3180119490623474,0.3180119490623474,-1.8821334465481185,-1.7479739470728384,1.6272197781975737,-1.5980788571170121,1.348746578102072,-0.2600231083125359,0.35341028819067377,-0.35341083119445954,0.35341059955967496,0.35341122275277587,-0.35341065919985903,0.3534109678578877
212,3.5499999999998306,-0.2641562223434448,-0.0657050609588623,0.053236525505781174,-0.038894958794116974,-0.06087430566549301,-0.15691247582435608,-0.11664749681949615,-1.9016296333333402,-1.7606023782874642,1.6374915318561576,-1.605200201797202,1.3366081045901264,-0.2795204146703089,0.31800690114498137,-0.31800690114498137,0.31800690114498137,0.31800690114498137,-0.31800690114498137,0.31800690114498137,-1.8837337920750081,-1.749012408118844,1.628050705048438,-1.5986625313286247,1.3477482704955495,-0.26162606445687125,0.3534037306361246,-0.3534041533488891,0.3534039590598866,0.3534044197508374,-0.35340393334122444,0.3534042167930609
213,3.5679999999998286,-0.2639566659927368,-0.06576532125473022,0.053344327956438065,-0.03911483287811279,-0.06076249107718468,-0.15734341740608215,-0.11666250228881836,-1.903296300000007,-1.761698466975043,1.638380603988765,-1.605852115678504,1.3355953964055065,-0.28118708133697556,0.3180014991760254,-0.3180014991760254,0.3180014991760254,0.3180014991760254,-0.3180014991760254,0.3180014991760254,-1.885534693414446,-1.7501827986170209,1.6289891112904031,-1.599322977505223,1.3466292641121256,-0.2634258410161654,0.3533959382197862,-0.3533968450555871,0.3533964496971398,0.35339734370204706,-0.35339653069110155,0.3533969817270957
214,3.583999999999827,-0.26374325156211853,-0.06583667546510696,0.05345626547932625,-0.0393497608602047,-0.06064712256193161,-0.15777894854545593,-0.11667753010988235,-1.9049629666666736,-1.7627957448994616,1.6392715417467538,-1.6065079450261741,1.3345846110294743,-0.2828537480036422,0.31799608916044236,-0.31799608916044236,0.31799608916044236,0.31799608916044236,-0.31799608916044236,0.31799608916044236,-1.8871350716257236,-1.751223520110699,1.6298233569617442,-1.599912218664467,1.3456386222562362,-0.2650230855015845,0.3533897126158929,-0.3533902670426961,0.353390030365126,0.3533906636081877,-0.3533900923360502,0.3533904047501699
215,3.599999999999825,-0.26352033019065857,-0.0658995509147644,0.05354492738842964,-0.039574023336172104,-0.060520239174366,-0.15819001197814941,-0.11669056117534637,-1.9066296333333403,-1.763894070748041,1.6401639572032276,-1.607167512081777,1.3335759403765683,-0.28452041467030886,0.3179913979768753,-0.3179913979768753,0.3179913979768753,0.3179913979768753,-0.3179913979768753,0.3179913979768753,-1.8887353989947777,-1.7522655334190078,1.6306599872944514,-1.6005069138124213,1.344646543862215,-0.2666260433224591,0.35338347767328737,-0.3533839096113797,0.35338371111121136,0.3533841790973382,-0.3533836861447204,0.35338397307301594
216,3.617999999999823,-0.26332297921180725,-0.06595749408006668,0.05364871397614479,-0.039793457835912704,-0.06041215732693672,-0.15861426293849945,-0.1167045310139656,-1.908296300000007,-1.764993362316042,1.6410581024361635,-1.6078307363790423,1.332569071087786,-0.2861870813369755,0.3179863688349724,-0.3179863688349724,0.3179863688349724,0.3179863688349724,-0.3179863688349724,0.3179863688349724,-1.8905362793144798,-1.7534398820254153,1.6316047318383182,-1.6011797348155081,1.3435344768477744,-0.2684258217878166,0.35337604708618214,-0.3533769712325333,0.3533765680422999,0.3533774760097103,-0.3533766519372376,0.35337710851265364
217,3.6339999999998214,-0.2631128430366516,-0.06602665036916733,0.0537569634616375,-0.04002779722213745,-0.06030113622546196,-0.15904267132282257,-0.11671856045722961,-1.9099629666666738,-1.7660938064888616,1.6419540518271907,-1.6084978663327445,1.331564052150695,-0.28785374800364216,0.3179813182353973,-0.3179813182353973,0.3179813182353973,0.3179813182353973,-0.3179813182353973,0.3179813182353973,-1.8921366398181712,-1.7544840836414293,1.6324445312051732,-1.6017799340268661,1.3425499365441687,-0.2700230676436147,0.3533701581323193,-0.35337072383808765,0.35337048214784544,0.353371125249737,-0.3533705464308639,0.3533708624796618
218,3.6499999999998196,-0.2628919780254364,-0.06608724594116211,0.05384157970547676,-0.0402517132461071,-0.060177989304065704,-0.15944702923297882,-0.11673055589199066,-1.9116296333333405,-1.767195260587881,1.6428514114889485,-1.6091687282201796,1.330561085662294,-0.2895204146703088,0.31797699987888334,-0.31797699987888334,0.31797699987888334,0.31797699987888334,-0.31797699987888334,0.31797699987888334,-1.8937369496099785,-1.7555295406401388,1.6332866459863282,-1.6023856135093029,1.341563926413594,-0.2716260267341004,0.35336426561322887,-0.3533647066356584,0.35336450396109564,0.35336497905441083,-0.35336447972098883,0.35336477001616595
219,3.6679999999998176,-0.26269665360450745,-0.06614290922880173,0.05394131317734718,-0.04047084599733353,-0.060073766857385635,-0.15986452996730804,-0.11674341559410095,-1.9132963000000072,-1.768297642408361,1.6437504333752377,-1.6098432423201352,1.3295598562146709,-0.29118708133697546,0.31797237038612364,-0.31797237038612364,0.31797237038612364,0.31797237038612364,-0.31797237038612364,0.31797237038612364,-1.895537809784481,-1.7567077240737026,1.6342374857790318,-1.6030707697422428,1.3404586150427868,-0.27342580669017214,0.3533572201051273,-0.3533581614035192,0.35335775044892115,0.35335867217537986,-0.35335783718883135,0.3533582992254908
220,3.683999999999816,-0.2624892592430115,-0.06620984524488449,0.054046157747507095,-0.04070470482110977,-0.05996726080775261,-0.1602858453989029,-0.11675645411014557,-1.9149629666666739,-1.769401139829109,1.6446512026710296,-1.6105216540671536,1.328560401867875,-0.2928537480036421,0.3179676765203476,-0.3179676765203476,0.3179676765203476,0.3179676765203476,-0.3179676765203476,0.3179676765203476,-1.897138153488897,-1.7577552955618772,1.6350826263618718,-1.6036818933342996,1.3394800107058202,-0.2750230535765903,0.35335168600213296,-0.35335226290904176,0.353352016132956,0.35335266894883655,-0.35335208280857905,0.3533524022730138
221,3.699999999999814,-0.2622701823711395,-0.06626816093921661,0.054126810282468796,-0.04092836380004883,-0.059847909957170486,-0.16068361699581146,-0.11676733940839767,-1.9166296333333406,-1.770505609178096,1.6455533161757374,-1.611203793463821,1.3275629367019222,-0.29452041467030876,0.3179637578129768,-0.3179637578129768,0.3179637578129768,0.3179637578129768,-0.3179637578129768,0.3179637578129768,-1.8987384467432393,-1.758804085243354,1.6359300158270718,-1.6042985248264563,1.3384999001800504,-0.27662601362461603,0.3533461553128849,-0.35334660525909445,0.3533463984869524,0.35334688049097773,-0.35334637490200954,0.35334666850535984
222,3.717999999999812,-0.26207637786865234,-0.06632158160209656,0.05422281101346016,-0.04114731401205063,-0.05974768102169037,-0.1610945463180542,-0.11677910387516022,-1.9182963000000073,-1.7716109688714643,1.6464570296926284,-1.6118895820306884,1.3265671420182272,-0.2961870813369754,0.3179595226049423,-0.3179595226049423,0.3179595226049423,0.3179595226049423,-0.3179595226049423,0.3179595226049423,-1.9005392881172911,-1.7599859777849072,1.6368867179896733,-1.6049959815745292,1.3374011522502718,-0.2784257947536846,0.3533395137396012,-0.353340472132422,0.35334005333481017,0.3533409886922717,-0.35334014300385114,0.3533406102929845
223,3.7339999999998104,-0.26187148690223694,-0.06638624519109726,0.05432431027293205,-0.04138072580099106,-0.05964576452970505,-0.1615087389945984,-0.11679103970527649,-1.919962966666674,-1.772717406291316,1.647362434863844,-1.6125792607940383,1.3255730459427322,-0.29785374800364206,0.31795522570610046,-0.31795522570610046,0.31795522570610046,0.31795522570610046,-0.31795522570610046,0.31795522570610046,-1.9021396163013933,-1.761036806992866,1.6377369961829937,-1.6056180001634193,1.3364283110468214,-0.2800230424102155,0.3533343539923033,-0.3533349419001206,0.35333469019398084,0.3533353525018992,-0.3533347591096449,0.353335082020825
224,3.7499999999998086,-0.26165392994880676,-0.06644226610660553,0.054401371628046036,-0.041604120284318924,-0.0595303550362587,-0.16190001368522644,-0.11680082976818085,-1.9216296333333407,-1.7738247773930929,1.6482691243909782,-1.613272662798777,1.3245808733587945,-0.2995204146703087,0.3179517012834549,-0.3179517012834549,0.3179517012834549,0.3179517012834549,-0.3179517012834549,0.3179517012834549,-1.9037398943792323,-1.7620888167369426,1.638589459414613,-1.6062455555000488,1.3354539243358876,-0.28162600317670233,0.35332920202268847,-0.3533296608383356,0.35332944990351234,0.3533299386887732,-0.35332942704013165,0.3533297237653049
225,3.7679999999998066,-0.2614614963531494,-0.06649333238601685,0.05449381098151207,-0.04182273522019386,-0.0594341978430748,-0.16230441629886627,-0.11681137979030609,-1.9232963000000074,-1.7749329995995264,1.6491773545740034,-1.6139697083857802,1.3235903033947432,-0.30118708133697536,0.3179479032754898,-0.3179479032754898,0.3179479032754898,0.3179479032754898,-0.3179479032754898,0.3179479032754898,-1.9055407185964517,-1.7632742911707855,1.639551801050752,-1.6069552821686184,1.3343615398614497,-0.2834257852363843,0.3533229867188533,-0.3533239620656606,0.35332353553670254,0.35332448434821867,-0.3533236280230739,0.35332410058034025
226,3.783999999999805,-0.2612588703632355,-0.06655572354793549,0.05459222570061684,-0.04205566644668579,-0.05933704972267151,-0.16271159052848816,-0.1168222427368164,-1.924962966666674,-1.7760422616586586,1.650087225002347,-1.6146706361598917,1.322601352566032,-0.302853748003642,0.3179439926147461,-0.3179439926147461,0.3179439926147461,0.3179439926147461,-0.3179439926147461,0.3179439926147461,-1.9071410327522829,-1.7643282648875251,1.6404070221847566,-1.6075881694826089,1.3333942821021676,-0.28502303346387214,0.3533182178812187,-0.35331881678614246,0.35331856002500456,0.3533192317412667,-0.3533186313060533,0.353318957435193
227,3.799999999999803,-0.2610425353050232,-0.06660938262939453,0.054665688425302505,-0.04227875545620918,-0.05922573804855347,-0.1630963534116745,-0.11683084070682526,-1.9266296333333408,-1.7771524180358151,1.6509983198094353,-1.6153752820841618,1.3216142569318896,-0.30452041467030866,0.31794089734554287,-0.31794089734554287,0.31794089734554287,0.31794089734554287,-0.31794089734554287,0.31794089734554287,-1.9087412971775113,-1.7653833812006683,1.6412643672085032,-1.608226623047473,1.3324254365614154,-0.2866259947659634,0.3533134634668348,-0.35331393101939884,0.3533137160146587,0.3533142114162038,-0.3533136937768953,0.35331399362295435
228,3.817999999999801,-0.26085108518600464,-0.0666581392288208,0.05475466325879097,-0.042497146874666214,-0.0591336190700531,-0.1634943187236786,-0.11684019863605499,-1.9282963000000075,-1.778263387022962,1.651910897530415,-1.6160835678654062,1.3206286966140555,-0.3061870813369753,0.3179375284910202,-0.3179375284910202,0.3179375284910202,0.3179375284910202,-0.3179375284910202,0.3179375284910202,-1.9105421060252077,-1.7665723094753158,1.6422321353188243,-1.6089485916987967,1.3313392080442872,-0.28842577757115834,0.35330769233169373,-0.3533086846446827,0.3533082502703016,0.3533092124715341,-0.3533083456827959,0.35330882331618363
229,3.8339999999997993,-0.2606504559516907,-0.0667182207107544,0.05485009029507637,-0.042729638516902924,-0.0590413436293602,-0.16389453411102295,-0.11684984713792801,-1.9299629666666742,-1.7793753573681412,1.6528250657019996,-1.6167957285073546,1.3196446742202328,-0.30785374800364196,0.3179340550303459,-0.3179340550303459,0.3179340550303459,0.3179340550303459,-0.3179340550303459,0.3179340550303459,-1.9121424077428457,-1.7676293137948054,1.6430921132056486,-1.6095923237521312,1.3303773476333562,-0.29002302621671583,0.3533033343509439,-0.3533039440712849,0.3533036824441782,0.3533043633742565,-0.35330375589738383,0.35330408535158686
230,3.8499999999997976,-0.26043495535850525,-0.06676957756280899,0.05492010340094566,-0.042952533811330795,-0.058934133499860764,-0.16427263617515564,-0.11685723811388016,-1.931629633333341,-1.7804881836608548,1.653740400758682,-1.6175116040708768,1.3186624386619017,-0.3095204146703086,0.31793139427900313,-0.31793139427900313,0.31793139427900313,0.31793139427900313,-0.31793139427900313,0.31793139427900313,-1.913742660118769,-1.7686874225434468,1.6439541562219138,-1.6102416523772027,1.3294138546261884,-0.29162598791387184,0.35329899591193176,-0.35329947215708535,0.35329925305913096,0.35329975496395,-0.35329923146283754,0.3532995343241711
231,3.8679999999997956,-0.26024413108825684,-0.06681594252586365,0.05500582978129387,-0.043170757591724396,-0.05884627252817154,-0.16466408967971802,-0.11686532199382782,-1.9332963000000076,-1.7816017827029524,1.6546571645883703,-1.6182311166974055,1.317681667453099,-0.31118708133697526,0.31792848408222196,-0.31792848408222196,0.31792848408222196,0.31792848408222196,-0.31792848408222196,0.31792848408222196,-1.9155434554352238,-1.7698796759698305,1.644927146740034,-1.6109758379070966,1.3283335679276098,-0.2934257713230758,0.35329369115141857,-0.35329470037318916,0.3532942581730042,0.3532952336570334,-0.3532943564807791,0.35329483914888704
232,3.883999999999794,-0.26004502177238464,-0.0668737143278122,0.05509842559695244,-0.04340285062789917,-0.05875891447067261,-0.16505703330039978,-0.11687376350164413,-1.9349629666666743,-1.782716344608416,1.6555754716816529,-1.6189544975412038,1.316702352211921,-0.3128537480036419,0.3179254451394081,-0.3179254451394081,0.3179254451394081,0.3179254451394081,-0.3179254451394081,0.3179254451394081,-1.917143746319729,-1.770939596521494,1.6457917029798566,-1.6116303933103278,1.3273769130121624,-0.29502302026927274,0.35328976141137103,-0.3532903819534132,0.35329011535060484,0.3532908054292077,-0.3532901910780281,0.3532905236707599
233,3.899999999999792,-0.25982996821403503,-0.06692269444465637,0.055165309458971024,-0.043625615537166595,-0.058655835688114166,-0.1654287576675415,-0.11687985807657242,-1.936629633333341,-1.7838317228491603,1.6564948935059691,-1.6196815911334899,1.3157247549504525,-0.31452041467030856,0.3179232510924339,-0.3179232510924339,0.3179232510924339,0.3179232510924339,-0.3179232510924339,0.3179232510924339,-1.918743988224319,-1.7720005832084413,1.6466582679742627,-1.6122905764205964,1.3264185782165927,-0.2966259822536484,0.3532858581994583,-0.35328634303824463,0.3532861199174409,0.3532866281884352,-0.3532860988805008,0.35328640475791256
234,3.91799999999979,-0.2596395015716553,-0.066966712474823,0.055247824639081955,-0.043843723833560944,-0.058572281152009964,-0.1658135950565338,-0.11688658595085144,-1.9382963000000077,-1.7849478347237406,1.657415690583287,-1.6204123198640492,1.3147485502645857,-0.3161870813369752,0.3179208290576935,-0.3179208290576935,0.3179208290576935,0.3179208290576935,-0.3179208290576935,0.3179208290576935,-1.9205447717797333,-1.7731960328032796,1.6476362856434492,-1.6130369566433118,1.3253440131595453,-0.2984257661590082,0.353281042711293,-0.3532820687983763,0.35328161880817466,0.35328260747578744,-0.35328171995908053,0.35328220765731855
235,3.9339999999997883,-0.25944143533706665,-0.0670221596956253,0.055337805300951004,-0.04407552629709244,-0.05848995968699455,-0.1661994755268097,-0.11689378321170807,-1.9399629666666744,-1.7860648707186677,1.6583379873383028,-1.6211469119690007,1.3137737176031359,-0.31785374800364186,0.3179182380437851,-0.3179182380437851,0.3179182380437851,0.3179182380437851,-0.3179182380437851,0.3179182380437851,-1.9221450533419464,-1.7742587550315125,1.648505249690097,-1.6137023166686315,1.324392366723655,-0.30002301531563424,0.35327756094176266,-0.3532781922775046,0.35327792066301933,0.3532786198062195,-0.3532779986900012,0.35327833432160594
236,3.9499999999997866,-0.259226530790329,-0.06706877797842026,0.05540154501795769,-0.044298212975263596,-0.05839119851589203,-0.16656452417373657,-0.11689850687980652,-1.9416296333333412,-1.7871826836849747,1.6592613464219355,-1.6218852155185886,1.3128005309612043,-0.3195204146703085,0.31791653752326965,-0.31791653752326965,0.31791653752326965,0.31791653752326965,-0.31791653752326965,0.31791653752326965,-1.9237452862339157,-1.7753225050252766,1.6493761684464654,-1.6143733364410155,1.3234389906072173,-0.30162597750429565,0.3532741136804323,-0.35327460704073566,0.35327437993041966,0.3532748944474088,-0.3532743594032543,0.35327466826632253
237,3.9679999999997846,-0.2590358555316925,-0.06711038202047348,0.05548112466931343,-0.04451630264520645,-0.058312125504016876,-0.1669428050518036,-0.1169038712978363,-1.9432963000000079,-1.7883011900519825,1.6601860318330908,-1.6226271538960086,1.311828662202804,-0.32118708133697516,0.3179146063327789,-0.3179146063327789,0.3179146063327789,0.3179146063327789,-0.3179146063327789,0.3179146063327789,-1.9255460596400102,-1.7765210216967944,1.650359026668979,-1.6151318923970384,1.3223699209312114,-0.30342576182357056,0.35326980860086715,-0.3532708516012967,0.35327039370614205,0.35327139552740966,-0.35327049779233544,0.35327099037212734
238,3.983999999999783,-0.25883856415748596,-0.06716346740722656,0.0555686317384243,-0.04474784806370735,-0.05823494493961334,-0.16732150316238403,-0.11690974980592728,-1.9449629666666746,-1.7894205811754362,1.661112175695398,-1.6233729513637372,1.3108580797871436,-0.3228537480036418,0.31791249006986616,-0.31791249006986616,0.31791249006986616,0.31791249006986616,-0.31791249006986616,0.31791249006986616,-1.9271463332314485,-1.7775864309624658,1.6512322355495488,-1.6158080411912166,1.3214230803885088,-0.3050230111212771,0.3532667946790889,-0.3532674367462668,0.35326716014759657,0.3532678682490887,-0.3532672404317796,0.3532675790735259
239,3.999999999999781,-0.2586233913898468,-0.06720772385597229,0.05562949553132057,-0.044970542192459106,-0.05814060568809509,-0.16768011450767517,-0.11691315472126007,-1.9466296333333413,-1.790540709906369,1.6620393339542532,-1.6241224604002782,1.309889069692342,-0.32452041467030845,0.3179112643003464,-0.3179112643003464,0.3179112643003464,0.3179112643003464,-0.3179112643003464,0.3179112643003464,-1.9287465583936463,-1.7786528295825983,1.6521073474207622,-1.6164898827379366,1.3204744577734127,-0.30662597345054826,0.35326381917292904,-0.35326432112611783,0.3532640898312347,0.35326461056880126,-0.35326406998868604,0.35326438158133666
240,4.0179999999997795,-0.25843217968940735,-0.06724689900875092,0.05570627376437187,-0.04518870264291763,-0.05806603655219078,-0.16805177927017212,-0.11691713333129883,-1.948296300000008,-1.791661491556515,1.662967771850326,-1.6248756054443267,1.308921302416472,-0.3261870813369751,0.3179098320007324,-0.3179098320007324,0.3179098320007324,0.3179098320007324,-0.3179098320007324,0.3179098320007324,-1.9305473230444283,-1.7798542842163154,1.653094868189501,-1.6172605987980073,1.3194106510542734,-0.30842575812134876,0.353260041504877,-0.3532611014658648,0.3532606355705043,0.35326165052678676,-0.3532607426589858,0.3532612400098622
241,4.033999999999778,-0.2582353949546814,-0.06729765981435776,0.05579147860407829,-0.045420099049806595,-0.05799400806427002,-0.16842347383499146,-0.11692165583372116,-1.9499629666666747,-1.7927831192200876,1.6638976298270607,-1.6256326070951568,1.3079547356154009,-0.32785374800364175,0.31790820389986035,-0.31790820389986035,0.31790820389986035,0.31790820389986035,-0.31790820389986035,0.31790820389986035,-1.932147589811784,-1.7809222658828274,1.6539721666286868,-1.6179475235843452,1.3184684086246303,-0.3100230075068055,0.35325751051666465,-0.3532581632857913,0.3532578816963137,0.35325859867551707,-0.3532579642263334,0.35325830582813067
242,4.049999999999776,-0.25801941752433777,-0.06733948737382889,0.05584961548447609,-0.045642901211977005,-0.05790422484278679,-0.16877564787864685,-0.11692363768815994,-1.9516296333333414,-1.7939054440096514,1.664828456751802,-1.6263933221153564,1.3069896652013544,-0.3295204146703084,0.3179074904322624,-0.3179074904322624,0.3179074904322624,0.3179074904322624,-0.3179074904322624,0.3179074904322624,-1.9337478083101918,-1.78199119845305,1.654851318712562,-1.6186401752398212,1.3175243293405718,-0.3116259699276534,0.35325502445832874,-0.35325553488905814,0.3532552995417804,0.3532558263493333,-0.35325528022673736,0.3532555946368132
243,4.067999999999774,-0.2578273415565491,-0.06737623363733292,0.05592377856373787,-0.04586118832230568,-0.05783438682556152,-0.1691407859325409,-0.11692614108324051,-1.953296300000008,-1.7950283812369403,1.6657605197278642,-1.6271576752540615,1.3060257587542616,-0.33118708133697505,0.3179065892100334,-0.3179065892100334,0.3179065892100334,0.3179065892100334,-0.3179065892100334,0.3179065892100334,-1.9355485653448297,-1.7831954619407715,1.6558433327725903,-1.6194230395156086,1.3164655474685591,-0.31342575490276964,0.35325179580736893,-0.3532528727159915,0.3532523988587279,0.35325342687918215,-0.35325250887624426,0.35325301103672246
244,4.083999999999772,-0.257630318403244,-0.06742453575134277,0.05600709095597267,-0.04609246179461479,-0.05776781216263771,-0.1695055365562439,-0.11692927777767181,-1.9549629666666748,-1.7961521234994626,1.6666939712437971,-1.6279258829506384,1.3050629618848844,-0.3328537480036417,0.3179054600000381,-0.3179054600000381,0.3179054600000381,0.3179054600000381,-0.3179054600000381,0.3179054600000381,-1.9371488261938041,-1.7842659013820714,1.6567245733613685,-1.6201207308216024,1.315527689870723,-0.31502300433514285,0.3532497661794918,-0.3532504296503172,0.35325014301414975,0.35325086880971074,-0.3532502278238017,0.353250572287094
245,4.0999999999997705,-0.25741323828697205,-0.06746388971805573,0.05606277659535408,-0.04631546884775162,-0.057682670652866364,-0.16985109448432922,-0.11692977696657181,-1.9566296333333415,-1.7972765216614301,1.6676283508537197,-1.6286978074314342,1.30410158404067,-0.33452041467030835,0.31790528029203413,-0.31790528029203413,0.31790528029203413,0.31790528029203413,-0.31790528029203413,0.31790528029203413,-1.938749038834849,-1.785337253253362,1.6576076208585604,-1.6208241841992972,1.3145879378509857,-0.3166259668101582,0.35324778852532496,-0.3532483073955759,0.3532480679952432,0.3532486007766363,-0.3532480491780959,0.3532483663612111
246,4.1179999999997685,-0.25721976161003113,-0.06749818474054337,0.05613459274172783,-0.046534016728401184,-0.057617612183094025,-0.17021000385284424,-0.11693078279495239,-1.9582963000000082,-1.7984014914071058,1.6685639273994153,-1.6294733743769076,1.3031412905042852,-0.336187081336975,0.3179049181938171,-0.3179049181938171,0.3179049181938171,0.3179049181938171,-0.3179049181938171,0.3179049181938171,-1.9405497890798278,-1.7865441965312348,1.65860396849976,-1.621619188558643,1.3135339359747535,-0.3184257520543835,0.35324512888560844,-0.3532462228207283,0.3532457408990196,0.3532467819841812,-0.3532458539069974,0.3532463607865785
247,4.133999999999767,-0.2570221424102783,-0.06754408776760101,0.056216049939394,-0.0467652827501297,-0.05755644291639328,-0.17056763172149658,-0.1169324666261673,-1.959962966666675,-1.7995272262032325,1.669500861565072,-1.6302527957560764,1.3021820164556785,-0.33785374800364165,0.31790431201457975,-0.31790431201457975,0.31790431201457975,0.31790431201457975,-0.31790431201457975,0.31790431201457975,-1.9421500446357363,-1.7876169791180028,1.659489012594611,-1.6223276404166822,1.312600244323535,-0.3200230015023586,0.3532436193058591,-0.353244293449754,0.35324400177891785,0.35324473631759606,-0.3532440888306844,0.3532444361411758
248,4.149999999999765,-0.25680339336395264,-0.06758101284503937,0.056269485503435135,-0.0469885990023613,-0.05747603997588158,-0.1709069311618805,-0.11693142354488373,-1.9616296333333416,-1.8006535764173164,1.6704386863234626,-1.6310359390727824,1.3012240824560806,-0.3395204146703083,0.3179046875238418,-0.3179046875238418,0.3179046875238418,0.3179046875238418,-0.3179046875238418,0.3179046875238418,-1.9437502519537226,-1.7886906355845955,1.6603758196337857,-1.6230418908362696,1.3116645982286785,-0.3216259640028222,0.353242169196193,-0.35324269647136386,0.35324245303431145,0.3532429916966235,-0.3532424346645255,0.35324275460705834
249,4.167999999999763,-0.25660812854766846,-0.06761286407709122,0.056339140981435776,-0.047207485884428024,-0.05741584300994873,-0.1712593138217926,-0.11693081259727478,-1.9632963000000083,-1.8017804574852678,1.6713776720064866,-1.6318227305041895,1.3002671517392481,-0.34118708133697495,0.31790490746498107,-0.31790490746498107,0.31790490746498107,0.31790490746498107,-0.31790490746498107,0.31790490746498107,-1.945550995947876,-1.789900129452904,1.6613763512580348,-1.6238490314215954,1.3106151258861891,-0.3234257494899407,0.3532401029945213,-0.35324121396694214,0.35324072402678935,0.35324177813230384,-0.3532408399318036,0.35324135161159526
250,4.183999999999761,-0.25640952587127686,-0.06765632331371307,0.05641904100775719,-0.0474388524889946,-0.057360388338565826,-0.17160996794700623,-0.11693097651004791,-1.964962966666675,-1.8029080628738297,1.6723179893566158,-1.6326133780456726,1.2993111452669386,-0.3428537480036416,0.3179048484563827,-0.3179048484563827,0.3179048484563827,0.3179048484563827,-0.3179048484563827,0.3179048484563827,-1.9471512465926646,-1.7909751403933196,1.6622650692503322,-1.6245682417293572,1.3096853760977993,-0.32502299892948244,0.35323913560149295,-0.35323982040245194,0.35323952369781114,0.3532402669109664,-0.35323961296133005,0.3532399630985384
251,4.1999999999997595,-0.25618863105773926,-0.06769075244665146,0.05647068843245506,-0.04766249656677246,-0.05728522688150406,-0.1719425618648529,-0.11692830920219421,-1.9666296333333417,-1.8040362420812739,1.6732591674971566,-1.633407752988452,1.2983563914855802,-0.34452041467030825,0.3179058086872101,-0.3179058086872101,0.3179058086872101,0.3179058086872101,-0.3179058086872101,0.3179058086872101,-1.948751448871032,-1.7920509865943306,1.6631555092124697,-1.625293288344594,1.308753608614436,-0.32662596143359784,0.3532382361873722,-0.353238771821461,0.353238524371259,0.35323906880586253,-0.35323850638481624,0.35323882907591847
252,4.2179999999997575,-0.25599056482315063,-0.0677199736237526,0.056538861244916916,-0.047881726175546646,-0.05723068118095398,-0.17228811979293823,-0.11692589521408081,-1.9682963000000084,-1.8051649083083365,1.6742014818512385,-1.6342057817580444,1.297402546799231,-0.3461870813369749,0.3179066777229309,-0.3179066777229309,0.3179066777229309,0.3179066777229309,-0.3179066777229309,0.3179066777229309,-1.9505521868272042,-1.7932629017444708,1.6641600862517094,-1.6261125654442992,1.3077084067812799,-0.32842574714491307,0.35323679480450376,-0.35323792277068505,0.35323742494605154,0.3532384919641319,-0.35323754355587733,0.3532380601994832
253,4.233999999999756,-0.25579002499580383,-0.06776084005832672,0.05661795660853386,-0.048113130033016205,-0.057181864976882935,-0.17263105511665344,-0.11692433059215546,-1.9699629666666751,-1.806294255642642,1.6751451144613807,-1.6350076672585947,1.296449515716283,-0.34785374800364155,0.31790724098682405,-0.31790724098682405,0.31790724098682405,0.31790724098682405,-0.31790724098682405,0.31790724098682405,-1.9521524325861597,-1.7943400262437532,1.6650523592425053,-1.6268425354235643,1.306782364829617,-0.33002299655863454,0.3532364028159539,-0.35323709808803305,0.35323679660807433,0.3532375482692522,-0.35323688778800216,0.35323724096469356
254,4.249999999999754,-0.2555661201477051,-0.06779266148805618,0.05666838958859444,-0.04833715409040451,-0.05711261183023453,-0.1729567050933838,-0.11691979318857193,-1.9716296333333418,-1.8074241333341097,1.6760895876211905,-1.6358132864934347,1.2954976388524457,-0.3495204146703082,0.3179088744521141,-0.3179088744521141,0.3179088744521141,0.3179088744521141,-0.3179088744521141,0.3179088744521141,-1.953752629670436,-1.7954179474181833,1.6659463174418174,-1.627578380424319,1.3058542362584633,-0.3316259590509503,0.3532360935334629,-0.3532366372870717,0.35323638614430497,0.35323693605740636,-0.35323636817054277,0.35323669386790163
255,4.267999999999752,-0.25536486506462097,-0.0678192675113678,0.056735385209321976,-0.04855681210756302,-0.05706402659416199,-0.17329546809196472,-0.11691552400588989,-1.9732963000000086,-1.808554454459299,1.6770351773746792,-1.6366225666952274,1.294546571742543,-0.35118708133697485,0.3179104113578796,-0.3179104113578796,0.3179104113578796,0.3179104113578796,-0.3179104113578796,0.3179104113578796,-1.9555533612526073,-1.7966321547136042,1.6669548162454264,-1.6284097975867278,1.3048130302225611,-0.3334257449742986,0.3532353186691818,-0.35323646378108536,0.35323595787867124,0.35323703782196714,-0.35323607931737117,0.353236600753649
256,4.28399999999975,-0.25516197085380554,-0.067857526242733,0.05681397393345833,-0.04878836125135422,-0.05702202022075653,-0.1736307144165039,-0.1169121190905571,-1.9749629666666753,-1.8096854132300113,1.677982076940237,-1.6374357060494167,1.2935962047388638,-0.3528537480036415,0.31791163712739945,-0.31791163712739945,0.31791163712739945,0.31791163712739945,-0.31791163712739945,0.31791163712739945,-1.9571536016637838,-1.7977112780382605,1.6678505395595347,-1.6291505314340986,1.3038904477490119,-0.33502299434973587,0.3532355399228162,-0.35323624566572176,0.3532359393506349,0.35323669937278496,-0.3532360324662267,0.35323638857541656
257,4.2999999999997485,-0.2549345791339874,-0.06788670271635056,0.05686328187584877,-0.04901285469532013,-0.05695880949497223,-0.17394930124282837,-0.11690567433834076,-1.976629633333342,-1.8108168582752837,1.6789297983048344,-1.6382525869610054,1.292646891247281,-0.35452041467030815,0.3179139572381973,-0.3179139572381973,0.3179139572381973,0.3179139572381973,-0.3179139572381973,0.3179139572381973,-1.9587537929579437,-1.7987911592950896,1.6687479160416454,-1.6298971801536017,1.3029657043663894,-0.33662595681908136,0.3532358562734241,-0.35323640820097457,0.3532361532100305,0.35323670852300737,-0.35323613534960313,0.3532364638445156
258,4.3179999999997465,-0.25472959876060486,-0.06791062653064728,0.05692935362458229,-0.049233026802539825,-0.05691632628440857,-0.17428097128868103,-0.11689946800470352,-1.9782963000000087,-1.8119487020507945,1.679878620865244,-1.6390731374077143,1.2916982858092076,-0.3561870813369748,0.31791619151830675,-0.31791619151830675,0.31791619151830675,0.31791619151830675,-0.31791619151830675,0.31791619151830675,-1.960554517415551,-1.8000075291022464,1.669760229691128,-1.6307407445954398,1.301928204317203,-0.338425742946536,0.35323578725577254,-0.3532369496724292,0.35323643553047906,0.3532375284333188,-0.35323655988252384,0.3532370860066845
259,4.333999999999745,-0.25452375411987305,-0.06794630736112595,0.05700753256678581,-0.049464840441942215,-0.05688122287392616,-0.17460858821868896,-0.11689417064189911,-1.9799629666666754,-1.8130811405068132,1.6808287464080238,-1.63989755141508,1.2907502654279754,-0.35785374800364145,0.3179180985689163,-0.3179180985689163,0.3179180985689163,0.3179180985689163,-0.3179180985689163,0.3179180985689163,-1.9621547517419873,-1.8010885357119126,1.6706593133421037,-1.6314922498982642,1.3010088202100927,-0.34002299227438604,0.35323665530479237,-0.3532373715902909,0.3532370603049993,0.3532378286565337,-0.35323715544539624,0.35323751433116013
260,4.349999999999743,-0.25429248809814453,-0.06797277182340622,0.05705594643950462,-0.04968991130590439,-0.05682414397597313,-0.17492029070854187,-0.11688577383756638,-1.981629633333342,-1.8142140200372034,1.6817796788486823,-1.6407257166035116,1.2898031963617091,-0.3595204146703081,0.3179211214184761,-0.3179211214184761,0.3179211214184761,0.3179211214184761,-0.3179211214184761,0.3179211214184761,-1.963754936462215,-1.8021702610070518,1.6715600225498408,-1.6322497111969954,1.3000871961414315,-0.34162595471239343,0.3532376292941524,-0.35323818945617047,0.3532379304789602,0.35323849113508804,-0.3532379128081237,0.353238243936141
261,4.367999999999741,-0.25408321619033813,-0.06799409538507462,0.05712125822901726,-0.049910739064216614,-0.056787941604852676,-0.1752450168132782,-0.11687754094600677,-1.9832963000000088,-1.815347254960288,1.682731699819166,-1.641557562254582,1.288856730668295,-0.36118708133697475,0.31792408525943755,-0.31792408525943755,0.31792408525943755,0.31792408525943755,-0.31792408525943755,0.31792408525943755,-1.96555565293086,-1.8033886620246553,1.6725760599294628,-1.6331054343071194,1.2990530992342826,-0.3434257410387593,0.3532383022106916,-0.3532394820975101,0.35323895958495144,0.3532400654997991,-0.35323908689490446,0.35323961766526335
262,4.383999999999739,-0.25387415289878845,-0.0680270865559578,0.05719924345612526,-0.05014282837510109,-0.05675985664129257,-0.17556500434875488,-0.11687028408050537,-1.9849629666666755,-1.8164810397362208,1.6836850205434346,-1.6423932760608335,1.2879107330576067,-0.3628537480036414,0.31792669773101806,-0.31792669773101806,0.31792669773101806,0.31792669773101806,-0.31792669773101806,0.31792669773101806,-1.9671558804134417,-1.804471434615997,1.6734784276139352,-1.6338677223946807,1.2981366412845456,-0.34502299031197425,0.35323984860710445,-0.3532405755032745,0.35324025915353174,0.3532410358133809,-0.35324035636083234,0.35324071793481626
263,4.3999999999997375,-0.25363829731941223,-0.06805092096328735,0.057247038930654526,-0.050368621945381165,-0.05670904368162155,-0.17586973309516907,-0.11685984581708908,-1.9866296333333422,-1.8176152217522756,1.6846391378589456,-1.6432327530932564,1.2869655823295798,-0.36452041467030805,0.3179304555058479,-0.3179304555058479,0.3179304555058479,0.3179304555058479,-0.3179304555058479,0.3179304555058479,-1.968756057812444,-1.8055548859426604,1.6743823974156002,-1.6346360089471752,1.2972178598831396,-0.3466259527122555,0.35324151217489314,-0.3532420805913542,0.35324181758592715,0.353242383509536,-0.3532418000778497,0.3532421337941638
264,4.4179999999997355,-0.25342437624931335,-0.06806956976652145,0.05731181427836418,-0.05059017986059189,-0.05667925626039505,-0.1761876940727234,-0.11684952676296234,-1.988296300000009,-1.8187497145817177,1.685594334763585,-1.6440759227575996,1.2860209280585733,-0.3661870813369747,0.31793417036533356,-0.31793417036533356,0.31793417036533356,0.31793417036533356,-0.31793417036533356,0.31793417036533356,-1.970556765529787,-1.8067751844959563,1.6754020822965416,-1.6355039063956185,1.2961868516147776,-0.3484257392345284,0.35324296165510843,-0.3532441592388008,0.35324362816618377,0.35324474720186233,-0.3532437585281516,0.35324429387649137
265,4.433999999999734,-0.25321149826049805,-0.06809988617897034,0.057389866560697556,-0.05082271248102188,-0.05665837600827217,-0.17649996280670166,-0.11684025824069977,-1.9899629666666756,-1.8198847126847006,1.6865508325395966,-1.6449229679656165,1.2850766217917686,-0.36785374800364135,0.31793750703334805,-0.31793750703334805,0.31793750703334805,0.31793750703334805,-0.31793750703334805,0.31793750703334805,-1.9721569855410037,-1.8078596035449135,1.6763076707871154,-1.636276992556919,1.2952730375350614,-0.35002298844748614,0.35324521626395944,-0.3532459538734892,0.353245632323378,0.35324641730774625,-0.35324573167598344,0.353246095825698
266,4.449999999999732,-0.2529708445072174,-0.0681210532784462,0.05743715539574623,-0.05104925110936165,-0.0566139779984951,-0.17679792642593384,-0.11682768166065216,-1.9916296333333423,-1.8210200635726748,1.687508118462859,-1.6457737888174393,1.2841330554917938,-0.369520414670308,0.3179420346021652,-0.3179420346021652,0.3179420346021652,0.3179420346021652,-0.3179420346021652,0.3179420346021652,-1.973757155034663,-1.8089446606046404,1.6772148419967192,-1.6370561210514933,1.2943568122634028,-0.35162595080508446,0.35324760011859974,-0.35324817681491205,0.3532479097532493,0.35324848087856875,-0.3532478923593986,0.35324822865272465
267,4.46799999999973,-0.25275173783302307,-0.06813688576221466,0.05750162526965141,-0.05127160623669624,-0.05659077316522598,-0.17710885405540466,-0.11681517958641052,-1.993296300000009,-1.8221556783353783,1.68846647888402,-1.646628315588051,1.28318987593904,-0.37118708133697464,0.3179465353488922,-0.3179465353488922,0.3179465353488922,0.3179465353488922,-0.3179465353488922,0.3179465353488922,-1.9755578534567344,-1.810166720350608,1.6782381124990593,-1.6379362130314663,1.29332856720009,-0.35342573752174117,0.3532498611583218,-0.3532510766545993,0.3532505368943913,0.3532516691568265,-0.35325067033132734,0.35325121028050405
268,4.483999999999728,-0.2525345981121063,-0.06816458702087402,0.057580117136240005,-0.05150463432073593,-0.05657706409692764,-0.17741376161575317,-0.11680383235216141,-1.9949629666666757,-1.8232917547857261,1.6894261475029573,-1.6474867261600632,1.282246924870758,-0.3728537480036413,0.31795062035322186,-0.31795062035322186,0.31795062035322186,0.31795062035322186,-0.31795062035322186,0.31795062035322186,-1.977158065594699,-1.8112526638990936,1.679146871128615,-1.6387201164264744,1.2924171054360798,-0.3550229866701613,0.3532528546858817,-0.35325360312879595,0.3532532762608696,0.3532540696090809,-0.3532533778130872,0.35325374447497004
269,4.499999999999726,-0.2522885799407959,-0.06818298250436783,0.057627152651548386,-0.05173201113939285,-0.05653933063149452,-0.17770490050315857,-0.11678909510374069,-1.9966296333333424,-1.8244281378274656,1.6903866000471497,-1.6483489263457198,1.2813046026935664,-0.37452041467030794,0.31795592576265336,-0.31795592576265336,0.31795592576265336,0.31795592576265336,-0.31795592576265336,0.31795592576265336,-1.97875822683933,-1.8123392039383404,1.6800571970536424,-1.6395101073821707,1.2915031407303315,-0.356625948981284,0.35325598735903263,-0.3532565724751587,0.3532563011646185,0.3532568775172071,-0.35325628399573067,0.3532566227101516
270,4.5179999999997245,-0.2520637810230255,-0.06819608062505722,0.05769159272313118,-0.05195527896285057,-0.05652279406785965,-0.1780090034008026,-0.11677436530590057,-1.9982963000000091,-1.8255647391712166,1.6913481265925352,-1.6492148476617674,1.2803625561257688,-0.3761870813369746,0.3179612284898758,-0.3179612284898758,0.3179612284898758,0.3179612284898758,-0.3179612284898758,0.3179612284898758,-1.980558915697024,-1.8135628857990982,1.6810840054197196,-1.6404024183955532,1.2904773236945695,-0.3584257358920076,0.3532590905593919,-0.35326032426861287,0.35325977558362487,0.3532609212576407,-0.35325991221948094,0.35326045671255596
271,4.533999999999723,-0.25184184312820435,-0.06822103261947632,0.05777060613036156,-0.05218884348869324,-0.0565166212618351,-0.1783061921596527,-0.11676085740327835,-1.9999629666666758,-1.8267017563815413,1.6923109700280412,-1.6500846617199123,1.2794206124380716,-0.37785374800364124,0.3179660913348198,-0.3179660913348198,0.3179660913348198,0.3179660913348198,-0.3179660913348198,0.3179660913348198,-1.982159119799572,-1.8146502294688025,1.6819958960496026,-1.6411971620287826,1.2895679138559337,-0.360022984972351,0.3532628508662111,-0.35326361024062686,0.3532632779862963,0.3532640797240891,-0.35326338173746485,0.3532637509091994
272,4.549999999999721,-0.2515900433063507,-0.06823665648698807,0.05781770870089531,-0.052417173981666565,-0.056485615670681,-0.17859047651290894,-0.11674384772777557,-2.0016296333333425,-1.8278390339896577,1.6932745985063895,-1.6509582812862733,1.2784791855102269,-0.3795204146703079,0.3179722148180008,-0.3179722148180008,0.3179722148180008,0.3179722148180008,-0.3179722148180008,0.3179722148180008,-1.983759272689674,-1.8157381273123676,1.6829093424514299,-1.641998039851995,1.2886559053248954,-0.3616259472338556,0.3532667617916922,-0.35326735536093357,0.35326707981333544,0.3532676613401902,-0.3532670627670366,0.35326740396961825
273,4.567999999999719,-0.25135916471481323,-0.06824695318937302,0.057882245630025864,-0.05264141783118248,-0.05647599324584007,-0.17888754606246948,-0.11672677099704742,-2.003296300000009,-1.8289764832094806,1.6942393026002234,-1.6518356382501262,1.2775379189561296,-0.38118708133697454,0.3179783624410629,-0.3179783624410629,0.3179783624410629,0.3179783624410629,-0.3179783624410629,0.3179783624410629,-1.9855599519816232,-1.8169632894680094,1.6839396547585717,-1.6429025987584465,1.2876321710471772,-0.3634257343390497,0.3532707417988188,-0.35327199397092146,0.3532714362515039,0.3532725954816424,-0.3532715760731849,0.3532721252051329
274,4.583999999999717,-0.25113195180892944,-0.06826917827129364,0.057962093502283096,-0.052875638008117676,-0.05647746101021767,-0.17917731404304504,-0.11671102046966553,-2.0049629666666755,-1.8301143028473355,1.695205337491928,-1.652716898883595,1.2765966279392926,-0.3828537480036412,0.3179840326309204,-0.3179840326309204,0.3179840326309204,0.3179840326309204,-0.3179840326309204,0.3179840326309204,-1.987160148128814,-1.8180519064370024,1.6848546513826104,-1.6437082095550182,1.2867245039739559,-0.36502298334823474,0.3532752999106548,-0.3532760703504388,0.3532757326089233,0.3532765427941766,-0.35327583858508926,0.35327621025078304
275,4.599999999999715,-0.2508736550807953,-0.06828200817108154,0.05800950154662132,-0.05310501903295517,-0.056453343480825424,-0.17945468425750732,-0.11669166386127472,-2.006629633333342,-1.8312523363168536,1.696172162517705,-1.6536019825341441,1.2756557388812788,-0.38452041467030784,0.3179910010099411,-0.3179910010099411,0.3179910010099411,0.3179910010099411,-0.3179910010099411,0.3179910010099411,-1.9887602927957695,-1.819141034496836,1.6857711960740063,-1.6445200026344822,1.2858141384839086,-0.36662594555741607,0.3532800199279423,-0.35328062206293,0.3532803421711726,0.3532809288825199,-0.3532803252577405,0.35328066890995297
276,4.6179999999997134,-0.2506360709667206,-0.06828950345516205,0.05807444080710411,-0.05333031713962555,-0.056450724601745605,-0.17974504828453064,-0.11667221039533615,-2.0082963000000085,-1.832390494707773,1.69714006986449,-1.654490821153138,1.2747148934712498,-0.3861870813369745,0.317998004257679,-0.317998004257679,0.317998004257679,0.317998004257679,-0.317998004257679,0.317998004257679,-1.990560962777994,-1.820367532496177,1.686804991962028,-1.6454368428256998,1.2847921321572016,-0.36842573285807784,0.35328490891971226,-0.353286179935655,0.3532856128841563,0.35328678592238794,-0.35328575605780765,0.35328630976192854
277,4.633999999999712,-0.2504032552242279,-0.06830890476703644,0.05815522000193596,-0.053565140813589096,-0.056459955871105194,-0.18002691864967346,-0.11665413528680801,-2.009962966666675,-1.8335289764538902,1.698109323531189,-1.655383573500031,1.2737738942067314,-0.38785374800364114,0.3180045112967491,-0.3180045112967491,0.3180045112967491,0.3180045112967491,-0.3180045112967491,0.3180045112967491,-1.9921611512701871,-1.8214572936743987,1.6877230805934975,-1.6462533515796969,1.2838858904475117,-0.37002298179361076,0.3532902940022258,-0.35329107567131524,0.3532907323270741,0.35329155105017407,-0.353290840563528,0.3532912147185688
278,4.64999999999971,-0.2501383125782013,-0.06831882894039154,0.05820288881659508,-0.0537954606115818,-0.056442826986312866,-0.18029728531837463,-0.1166323870420456,-2.0116296333333414,-1.8346676236028967,1.6990793716781323,-1.656280164510224,1.2728331804236261,-0.3895204146703078,0.31801234066486356,-0.31801234066486356,0.31801234066486356,0.31801234066486356,-0.31801234066486356,0.31801234066486356,-1.9937612880696634,-1.8225475221204976,1.6886427132216462,-1.6470760917896896,1.2829768468736782,-0.3716259439485137,0.3532958510776134,-0.35329646195285935,0.3532961775592384,0.35329676951520084,-0.3532961608331755,0.3532965068772766
279,4.667999999999708,-0.24989372491836548,-0.06832338124513626,0.05826825276017189,-0.0540216900408268,-0.056447356939315796,-0.18058031797409058,-0.11661042273044586,-2.013296300000008,-1.835806346623649,1.7000505092241351,-1.6571805260109045,1.2718923911413043,-0.39118708133697444,0.31802024781703947,-0.31802024781703947,0.31802024781703947,0.31802024781703947,-0.31802024781703947,0.31802024781703947,-1.995561949270038,-1.823775208904484,1.6896799850921886,-1.64800524984585,1.28195620492709,-0.3734257314464726,0.35330168294735154,-0.353302973131023,0.3533023966170226,0.35330358368533743,-0.353302543134081,0.35330310155539496
280,4.683999999999706,-0.24965491890907288,-0.06833988428115845,0.058350156992673874,-0.05425706505775452,-0.05646438151597977,-0.18085423111915588,-0.1165899857878685,-2.0149629666666744,-1.8369453446950015,1.7010230118406797,-1.6580848104285337,1.270951318116038,-0.3928537480036411,0.31802760511636735,-0.31802760511636735,0.31802760511636735,0.31802760511636735,-0.31802760511636735,0.31802760511636735,-1.9971621306770933,-1.8248659827525953,1.6906011624237194,-1.6488326895676975,1.2810510636896197,-0.37502298030647235,0.35330792366246017,-0.35330871681925285,0.3533083676624391,0.3533091950902625,-0.353308478283806,0.35330885486533153
281,4.699999999999704,-0.249382883310318,-0.06834685802459717,0.05839831009507179,-0.05448829382658005,-0.05645431578159332,-0.18111729621887207,-0.11656573414802551,-2.016629633333341,-1.8380844589954115,1.701996317008931,-1.6589929486589767,1.2700104128530114,-0.39452041467030774,0.3180363357067108,-0.3180363357067108,0.3180363357067108,0.3180363357067108,-0.3180363357067108,0.3180363357067108,-1.9987622602453783,-1.8259571791822031,1.6915238827620118,-1.6496664105002192,1.2801430136869743,-0.37662594240561004,0.3533143480258195,-0.3533149677910021,0.35331467882306705,0.353315276086936,-0.3533146622477165,0.35331501074669913
282,4.717999999999702,-0.24913091957569122,-0.06834836304187775,0.05846427008509636,-0.05471548065543175,-0.05646609887480736,-0.18139320611953735,-0.11654122918844223,-2.0182963000000074,-1.8392235983794427,1.7029707215103491,-1.6599048733365673,1.269069311205098,-0.3961870813369744,0.3180451574921608,-0.3180451574921608,0.3180451574921608,0.3180451574921608,-0.3180451574921608,0.3180451574921608,-2.0005629135036465,-1.8271859047092631,1.6925646339779674,-1.6506079246439878,1.2791233648056277,-0.37842573010300806,0.3533211542632715,-0.35332246407975665,0.35332187777925883,0.35332307921534234,-0.35332202781760896,0.3533225909385682
283,4.733999999999701,-0.2488856017589569,-0.06836199760437012,0.05854746326804161,-0.05495145916938782,-0.05649115517735481,-0.1816590428352356,-0.11651835590600967,-2.019962966666674,-1.8403629650061821,1.7039465125648166,-1.6608207309893905,1.268127791952142,-0.39785374800364104,0.3180533918738365,-0.3180533918738365,0.3180533918738365,0.3180533918738365,-0.3180533918738365,0.3180533918738365,-2.0019251989006004,-1.8279702241435345,1.693264959668901,-1.651707993432056,1.2781527346056873,-0.3800194791463711,0.3533694410972292,-0.35333125698158685,0.353352661128205,0.353324953243835,-0.35333650306756803,0.3533332051778586
284,4.749999999999699,-0.2288007140159607,-0.07366421073675156,0.029329512268304825,-0.060348693281412125,-0.038304708898067474,-0.16205693781375885,-0.11416599154472351,-2.0216296333333403,-1.8415578871884772,1.7048667480637283,-1.6617921441977692,1.2672418282547417,-0.3995204146703077,0.3189002430438995,-0.3189002430438995,0.3189002430438995,0.3189002430438995,-0.3189002430438995,0.3189002430438995,-2.002466059143117,-1.8278152899337583,1.6934278987760876,-1.6527791558847524,1.2772010233687416,-0.38162164738327914,0.35343849328770577,-0.35344604467493185,0.35345029924444055,0.35345423105458695,-0.3534409911472768,0.35345227634903764
285,4.767999999999697,-0.21211841702461243,-0.07914642989635468,0.026526179164648056,-0.06526291370391846,-0.03139080852270126,-0.15577667951583862,-0.1123117059469223,-2.023296300000007,-1.8428083649263278,1.7057314280070845,-1.6628191129617034,1.2664114201128969,-0.40118708133697434,0.31956778585910794,-0.31956778585910794,0.31956778585910794,0.31956778585910794,-0.31956778585910794,0.31956778585910794,-2.0028814181146193,-1.8275970933302303,1.6939172203675745,-1.6536522920898005,1.2762069579625808,-0.3834226222301038,0.3536052285390096,-0.35362127936376725,0.3536166304779047,0.35363210848354304,-0.3536224350164408,0.35362789355233304
286,4.783999999999695,-0.21683603525161743,-0.07876776158809662,0.03593568131327629,-0.06458304822444916,-0.03740505874156952,-0.16192999482154846,-0.11270883679389954,-2.0249629666666733,-1.8441143982197339,1.7065405523948853,-1.6638954970987776,1.2656365675266077,-0.402853748003641,0.31942481875419615,-0.31942481875419615,0.31942481875419615,0.31942481875419615,-0.31942481875419615,0.31942481875419615,-2.0033932924378552,-1.8276824390593416,1.694756572518007,-1.6544053162213066,1.2753496438567506,-0.38502079453892707,0.35373904483119384,-0.3537424024841764,0.3537377007867358,0.3537427791114202,-0.35374343869303193,0.353740928691612
287,4.799999999999693,-0.22261415421962738,-0.07719495892524719,0.04158147796988487,-0.06309361010789871,-0.04213067144155502,-0.16637194156646729,-0.11321675777435303,-2.02662963333334,-1.845400980868488,1.7072941212271304,-1.6649470572672427,1.264917270495874,-0.40452041467030764,0.3192419672012329,-0.3192419672012329,0.3192419672012329,0.3192419672012329,-0.3192419672012329,0.3192419672012329,-2.003872001250828,-1.8277213239418135,1.6955748533242594,-1.6553604921864502,1.2744702060203932,-0.3866227025228958,0.35384905764793356,-0.3538361587273355,0.3538405781516775,0.3538305564069063,-0.35383578325892984,0.3538326811705197
288,4.817999999999691,-0.21413400769233704,-0.07879394292831421,0.030334588140249252,-0.06482621282339096,-0.03484765440225601,-0.15805451571941376,-0.11216063052415848,-2.0282963000000063,-1.8467142132506265,1.70799213450382,-1.6660274941476325,1.2642535290206958,-0.4061870813369743,0.3196221730113029,-0.3196221730113029,0.3196221730113029,0.3196221730113029,-0.3196221730113029,0.3196221730113029,-2.0043660692050604,-1.8277373363770857,1.6965251802888979,-1.6563006323464997,1.2735351522739191,-0.38842312446149796,0.3539738975958708,-0.3539750370190737,0.3539758461249734,0.35397701242553137,-0.3539757299015587,0.35397713074996223
289,4.83399999999969,-0.2174808830022812,-0.07818837463855743,0.03369418904185295,-0.06406736373901367,-0.037523068487644196,-0.160704106092453,-0.11251857876777649,-2.0299629666666728,-1.8480173528279358,1.7086345922249542,-1.6670952835432828,1.2636281445459017,-0.40785374800364094,0.31949331164360045,-0.31949331164360045,0.31949331164360045,0.31949331164360045,-0.31949331164360045,0.31949331164360045,-2.0047861003261622,-1.8277274259762961,1.6973570020181783,-1.657194369126073,1.272719725133982,-0.3900209071596224,0.35407008933163087,-0.35407303584307237,0.3540708221444067,0.35407360954047085,-0.35407275679043154,0.35407216626647653
290,4.849999999999688,-0.21691696345806122,-0.07810880243778229,0.037945110350847244,-0.06406072527170181,-0.038975976407527924,-0.16209176182746887,-0.11255139857530594,-2.0316296333333392,-1.8493191662018988,1.7092670107308017,-1.6681629622978111,1.2629785449391095,-0.4095204146703076,0.3194814965128899,-0.3194814965128899,0.3194814965128899,0.3194814965128899,-0.3194814965128899,0.3194814965128899,-2.0052193927139994,-1.8277384172854276,1.698208567641973,-1.6580833102218326,1.2719202756849861,-0.3916241628561431,0.3541553123381771,-0.35415961643423427,0.35415659442342173,0.35416012760407034,-0.3541586799360052,0.35415852913641843
291,4.867999999999686,-0.2174413651227951,-0.07784851640462875,0.039194416254758835,-0.06380024552345276,-0.03969600051641464,-0.1626596748828888,-0.112622931599617,-2.0332963000000057,-1.8506166414753094,1.7099202510017144,-1.669226299723202,1.2623169449305027,-0.41118708133697424,0.3194557446241379,-0.3194557446241379,0.3194557446241379,0.3194557446241379,-0.3194557446241379,0.3194557446241379,-2.005694168204141,-1.8277308866466517,1.699137114206516,-1.659108480726066,1.2710359486028942,-0.3934241652078407,0.35423829264100765,-0.35424442575225645,0.3542407582077753,0.354245348458548,-0.3542428308114602,0.35424344062044316
292,4.883999999999684,-0.21708732843399048,-0.07781515270471573,0.03992622718214989,-0.06372859328985214,-0.039850279688835144,-0.1626226007938385,-0.11261022835969925,-2.034962966666672,-1.8519135606870547,1.710585688121417,-1.6702884429446994,1.2616527736023555,-0.4128537480036409,0.31946031779050826,-0.31946031779050826,0.31946031779050826,0.31946031779050826,-0.31946031779050826,0.31946031779050826,-2.0061109801004666,-1.8277147509679574,1.699938288986736,-1.6600374648076663,1.2702618258245901,-0.3950214644666443,0.3543078000089687,-0.35431244687365987,0.35430975414308985,0.3543131765754088,-0.3543108827904845,0.3543116338025092
293,4.899999999999682,-0.21577070653438568,-0.07793659716844559,0.03945881500840187,-0.06387582421302795,-0.03918343782424927,-0.16176627576351166,-0.11249541491270065,-2.0366296333333387,-1.8532125039731955,1.7112433350382237,-1.6713530400149166,1.2609997163052846,-0.41452041467030754,0.31950165063142777,-0.31950165063142777,0.31950165063142777,0.31950165063142777,-0.31950165063142777,0.31950165063142777,-2.006537181645047,-1.8277118573223468,1.7007370920516824,-1.6609753225279051,1.2694973918682104,-0.3966244094400748,0.3543771205598223,-0.35437771584194366,0.35437723835721935,0.3543778528870688,-0.3543770187920389,0.3543773386862024
294,4.91799999999968,-0.21433892846107483,-0.07792701572179794,0.03839084133505821,-0.06396652013063431,-0.03829239308834076,-0.16054005920886993,-0.11236722022294998,-2.038296300000005,-1.8545112875685588,1.7118831823938079,-1.6724191486837605,1.2603615097538123,-0.4161870813369742,0.319547800719738,-0.319547800719738,0.319547800719738,0.319547800719738,-0.319547800719738,0.319547800719738,-2.007028794538767,-1.827725774459039,1.7016299612474886,-1.6620258129623888,1.268656182387325,-0.39842435299171325,0.35444889739056623,-0.35444992274488457,0.3544492601726855,0.3544502091365583,-0.3544490644416926,0.3544495706693734
295,4.933999999999679,-0.2141411304473877,-0.07774223387241364,0.03898538276553154,-0.06380049139261246,-0.038461849093437195,-0.16048656404018402,-0.11239008605480194,-2.0399629666666717,-1.8558069914664324,1.7125329387732333,-1.6734824902069707,1.2597204789355885,-0.41785374800364083,0.3195395690202713,-0.3195395690202713,0.3195395690202713,0.3195395690202713,-0.3195395690202713,0.3195395690202713,-2.007454244930679,-1.8277260173985759,1.7023950934187089,-1.662962556065566,1.267920386846442,-0.4000216135379507,0.35450528342326665,-0.3545064026054136,0.3545055536767606,0.35450665890162647,-0.3545062513012055,0.3545060688110411
296,4.949999999999677,-0.21345123648643494,-0.07741621881723404,0.03819956257939339,-0.06363315135240555,-0.03807821124792099,-0.1595015972852707,-0.11231501400470734,-2.041629633333338,-1.857097261780053,1.7131695981495565,-1.6745430427295107,1.2590858420814564,-0.4195204146703075,0.31956659495830536,-0.31956659495830536,0.31956659495830536,0.31956659495830536,-0.31956659495830536,0.31956659495830536,-2.007878607209372,-1.8277288378728043,1.7031456001752203,-1.6639120689245412,1.2671932131777799,-0.40162467686553344,0.35455986985229,-0.35456043344057225,0.3545599094088281,0.3545605818703417,-0.3545602540317927,0.35456018172868936
297,4.967999999999675,-0.2131180316209793,-0.07727224379777908,0.03867509588599205,-0.06352902948856354,-0.03814798593521118,-0.1594369113445282,-0.11231571435928345,-2.0432963000000046,-1.858385132510016,1.7138141830809897,-1.6756018598876534,1.2584500423158695,-0.42118708133697413,0.31956634283065793,-0.31956634283065793,0.31956634283065793,0.31956634283065793,-0.31956634283065793,0.31956634283065793,-2.0083494879861337,-1.8277291378148166,1.7039674092072474,-1.6649889367955608,1.2663865129908711,-0.40342436775760254,0.35461478760780335,-0.3546160018002757,0.3546152940336387,0.35461640032984143,-0.35461565027534625,0.3546158679646497
298,4.983999999999673,-0.2131713330745697,-0.07764381915330887,0.037341613322496414,-0.0635889321565628,-0.03738158196210861,-0.15920037031173706,-0.11230282485485077,-2.044962966666671,-1.8596791961625712,1.7144365433030313,-1.6766616754235961,1.2578270159498344,-0.4228537480036408,0.31957098305225373,-0.31957098305225373,0.31957098305225373,0.31957098305225373,-0.31957098305225373,0.31957098305225373,-2.008762123660751,-1.827728632978715,1.7046803654736393,-1.6659456483982438,1.2656824482760143,-0.405021898312904,0.3546580038227093,-0.35465958636878725,0.3546585646241666,0.3546599989796391,-0.35465930627821707,0.3546593448397406
299,4.999999999999671,-0.21229024231433868,-0.07703050971031189,0.039733078330755234,-0.0633387416601181,-0.03826351463794708,-0.1592445820569992,-0.11229877173900604,-2.0466296333333376,-1.8609630379910764,1.7150987612752107,-1.6777173211179315,1.2571892907058686,-0.42452041467030743,0.3195724421739578,-0.3195724421739578,0.3195724421739578,0.3195724421739578,-0.3195724421739578,0.3195724421739578,-2.0091852876880156,-1.8277496992545277,1.705396978871778,-1.6668946467276258,1.2649863656416935,-0.4066249265070545,0.3546963532620992,-0.35470032485198105,0.35469808188844093,0.35470110167585545,-0.35469956361956206,0.35470003533137023
300,5.017999999999669,-0.21416620910167694,-0.07717294245958328,0.03997379168868065,-0.06309559941291809,-0.03872052580118179,-0.16056129336357117,-0.11248385161161423,-2.048296300000004,-1.862249253698736,1.7157649911366886,-1.6787689144414801,1.2565439486091823,-0.4261870813369741,0.3195058134198189,-0.3195058134198189,0.3195058134198189,0.3195058134198189,-0.3195058134198189,0.3195058134198189,-2.0096297777107917,-1.827736396765539,1.7061518392766892,-1.66801362684759,1.264201453084295,-0.40842433550599827,0.35473442326571203,-0.35473248764873544,0.35473327152026385,0.35473218049517896,-0.3547331450534837,0.35473239742688417
301,5.033999999999668,-0.21037107706069946,-0.07727497816085815,0.03607312962412834,-0.0634809210896492,-0.03605703264474869,-0.15686818957328796,-0.11204980313777924,-2.0499629666666705,-1.863537170001417,1.716375665442611,-1.6798269297929742,1.2559429980651031,-0.42785374800364073,0.31966207087039944,-0.31966207087039944,0.31966207087039944,0.31966207087039944,-0.31966207087039944,0.31966207087039944,-2.010016007276882,-1.8277224496871016,1.7068087271292847,-1.6689964663556631,1.2635185363577346,-0.4100215426012781,0.35477987980202624,-0.3547748021176692,0.35477803404442687,0.3547748742968537,-0.3547760433167328,0.35477610596286946
302,5.049999999999666,-0.2088855504989624,-0.07736910134553909,0.03550715371966362,-0.06364186108112335,-0.03528633713722229,-0.15596722066402435,-0.11193341761827469,-2.051629633333337,-1.8648266550238426,1.7169674513379387,-1.6808876274776596,1.2553548924461495,-0.4295204146703074,0.3197039696574211,-0.3197039696574211,0.3197039696574211,0.3197039696574211,-0.3197039696574211,0.3197039696574211,-2.010407968958461,-1.8277252724485236,1.707468545587348,-1.6699668602696591,1.2628488578206027,-0.41162498502125644,0.3548197629466526,-0.3548183093447331,0.35481912435447366,0.3548183283771852,-0.35481833597818235,0.35481847669890043
303,5.067999999999664,-0.20931628346443176,-0.07684337347745895,0.040241118520498276,-0.06331107020378113,-0.03736536204814911,-0.15782864391803741,-0.11211813986301422,-2.0532963000000035,-1.8661073779151336,1.717614792788822,-1.681942811981056,1.2547321364120136,-0.43118708133697403,0.3196374696493149,-0.3196374696493149,0.3196374696493149,0.3196374696493149,-0.3196374696493149,0.3196374696493149,-2.0108375891097103,-1.8277229832946156,1.7081926720433123,-1.6710747453742547,1.262097903805421,-0.41342445465881145,0.35485712719551016,-0.3548544726503974,0.3548555870191817,0.35485401754890566,-0.3548551471544464,0.3548543220075447
304,5.083999999999662,-0.2084008902311325,-0.07714522629976273,0.03686587139964104,-0.06343414634466171,-0.035624176263809204,-0.15612564980983734,-0.11194394528865814,-2.05496296666667,-1.8673931316867962,1.718229223978816,-1.683000047753467,1.2541384001409501,-0.4328537480036407,0.31970017969608305,-0.31970017969608305,0.31970017969608305,0.31970017969608305,-0.31970017969608305,0.31970017969608305,-2.0112218720363058,-1.827734133348084,1.7088364931087228,-1.6720383555660048,1.2614470375642364,-0.4150222772286167,0.3548877674478796,-0.3548892939661557,0.35488850568677666,0.3548899149220607,-0.35488892981494474,0.3548893547583077
305,5.09999999999966,-0.20958031713962555,-0.07644367963075638,0.042379748076200485,-0.06292947381734848,-0.03831373155117035,-0.15857525169849396,-0.11221736669540405,-2.0566296333333365,-1.8686671930139755,1.7188992107243655,-1.6840488723170894,1.2534998379484306,-0.43452041467030733,0.3196017479896545,-0.3196017479896545,0.3196017479896545,0.3196017479896545,-0.3196017479896545,0.3196017479896545,-2.0115883401795296,-1.8277267943570668,1.709452241428108,-1.6730459360876828,1.2607868414934706,-0.4166247115343238,0.35491510879793636,-0.3549105591210469,0.35491253745417095,0.35490949895373813,-0.3549116006704,0.35491029476666963
306,5.117999999999658,-0.2071448564529419,-0.07700598239898682,0.03714152052998543,-0.06338512152433395,-0.03527373820543289,-0.1555519551038742,-0.11185640096664429,-2.058296300000003,-1.8699506260539587,1.719518236066532,-1.6851052910091617,1.2529119423116732,-0.436187081336974,0.31973169565200804,-0.31973169565200804,0.31973169565200804,0.31973169565200804,-0.31973169565200804,0.31973169565200804,-2.0120113755139113,-1.8277448291187046,1.7101598048018818,-1.6741343166782563,1.2600653893204241,-0.41842481313061336,0.3549471652853771,-0.3549479000860385,0.3549479223436548,0.3549487649170122,-0.354947961087742,0.35494865165951733
307,5.133999999999657,-0.20906047523021698,-0.07663799077272415,0.039842505007982254,-0.0628991425037384,-0.0369962677359581,-0.15740229189395905,-0.11212113499641418,-2.0599629666666694,-1.8712279259001707,1.720182277816665,-1.6861536100508907,1.2522953378494073,-0.43785374800364063,0.3196363914012909,-0.3196363914012909,0.3196363914012909,0.3196363914012909,-0.3196363914012909,0.3196363914012909,-2.012354963470865,-1.827721974017111,1.7107439141358731,-1.675147546701843,1.2594202568783441,-0.42002184765800776,0.3549708287389862,-0.3549674061570544,0.3549689287910044,0.35496674411135404,-0.35496823828411217,0.354967251239136
308,5.149999999999655,-0.20615844428539276,-0.07690934091806412,0.037879448384046555,-0.0633169561624527,-0.03519357740879059,-0.15527290105819702,-0.11180830001831055,-2.061629633333336,-1.8725097482488051,1.7208136019563993,-1.6872088926535982,1.2517087782259275,-0.4395204146703073,0.3197490119934082,-0.3197490119934082,0.3197490119934082,0.3197490119934082,-0.3197490119934082,0.3197490119934082,-2.01272897443732,-1.8277511710397756,1.7113701727008723,-1.6761007595394932,1.2587938941931136,-0.4216253983960405,0.35499342733710154,-0.35499723800288485,0.35499550463963353,0.3549985350634309,-0.35499656467104873,0.35499766552271034
309,5.167999999999653,-0.2101626992225647,-0.07646892219781876,0.04339032992720604,-0.06258895248174667,-0.03859096020460129,-0.1594831943511963,-0.11233717948198318,-2.0632963000000024,-1.8737842302854355,1.721500481651689,-1.6882520418616274,1.251066663046892,-0.44118708133697393,0.31955861538648606,-0.31955861538648606,0.31955861538648606,0.31955861538648606,-0.31955861538648606,0.31955861538648606,-2.013105937352473,-1.827727564531897,1.712015023036472,-1.6772475734440946,1.2580752309544452,-0.4234247934439587,0.35500476485891147,-0.35500467619333775,0.35500423560779343,0.3550042996557526,-0.35500477519223045,0.3550039564604629
310,5.183999999999651,-0.20627273619174957,-0.07663966715335846,0.039483245462179184,-0.06303398311138153,-0.035875655710697174,-0.1557767242193222,-0.11186430603265762,-2.064962966666669,-1.8750615580713248,1.7221585357427254,-1.689302608246817,1.2504687354517139,-0.4428537480036406,0.31972884982824323,-0.31972884982824323,0.31972884982824323,0.31972884982824323,-0.31972884982824323,0.31972884982824323,-2.013449933035122,-1.8277268296803821,1.712602232226418,-1.6782377903528791,1.2574508033341298,-0.42502249022760064,0.3550277286807121,-0.35502768750265706,0.3550282079530765,0.3550284699149826,-0.3550273303115932,0.3550284056322366
311,5.199999999999649,-0.2061227709054947,-0.07619450986385345,0.043800126761198044,-0.06283929198980331,-0.03762061148881912,-0.15719564259052277,-0.11200115829706192,-2.0666296333333354,-1.8763314665690556,1.7228721453893172,-1.6903499297799804,1.2498417252602336,-0.44452041467030723,0.3196795830130577,-0.3196795830130577,0.3196795830130577,0.3196795830130577,-0.3196795830130577,0.3196795830130577,-2.0137987221233136,-1.827738592756598,1.7131974991271495,-1.6792163871205565,1.2568285068665421,-0.42662573495043243,0.35503996583344877,-0.3550448077176228,0.35504208416609967,0.3550455121906324,-0.35504343627467866,0.35504415509267173
312,5.217999999999647,-0.20754316449165344,-0.07589424401521683,0.0463191382586956,-0.06247270852327347,-0.03912079334259033,-0.15876534581184387,-0.11218713223934174,-2.068296300000002,-1.877596370635976,1.7236413105914647,-1.6913911415887017,1.2491897120378572,-0.4461870813369739,0.31961263239383697,-0.31961263239383697,0.31961263239383697,0.31961263239383697,-0.31961263239383697,0.31961263239383697,-2.0141781199911635,-1.8277388464231785,1.7138544840422147,-1.680348572638271,1.2561203114784003,-0.42842496541314357,0.35505389917746255,-0.35505307814620035,0.35505328223474686,0.3550529898623879,-0.35505357694250506,0.35505299383743755
313,5.233999999999646,-0.20557430386543274,-0.07635648548603058,0.04046565666794777,-0.06279796361923218,-0.036072105169296265,-0.15559302270412445,-0.1118488609790802,-2.0699629666666683,-1.8788689787274098,1.7243549202380566,-1.6924377743156889,1.2485885102850356,-0.44785374800364053,0.3197344100475311,-0.3197344100475311,0.3197344100475311,0.3197344100475311,-0.3197344100475311,0.3197344100475311,-2.014511137442298,-1.827738778560724,1.714438635048463,-1.6813309573182207,1.2555046916591035,-0.4300228225229916,0.3550691276055821,-0.35507283355796415,0.35507126537896067,0.35507411942045997,-0.3550718992266759,0.35507322403285274
314,5.249999999999644,-0.2064647674560547,-0.07575174421072006,0.04622967913746834,-0.06241048499941826,-0.03879553824663162,-0.1579952836036682,-0.11210290342569351,-2.071629633333335,-1.8801315077975884,1.7251240854402041,-1.6934779490656793,1.247941917980925,-0.4495204146703072,0.3196429547667503,-0.3196429547667503,0.3196429547667503,0.3196429547667503,-0.3196429547667503,0.3196429547667503,-2.014835230841749,-1.8277287497682113,1.7150144902519646,-1.6823397218592837,1.2548806900369094,-0.4316257303304845,0.3550788891035013,-0.35508134144803266,0.35507969576829473,0.355081444364405,-0.35508048106358786,0.35508054694673713
315,5.267999999999642,-0.2051684707403183,-0.07588642090559006,0.045617032796144485,-0.06258907914161682,-0.038084834814071655,-0.15714214742183685,-0.11196032166481018,-2.0732963000000013,-1.8813962814793483,1.7258843693201398,-1.6945211003847063,1.2473071707340238,-0.4511870813369738,0.3196942842006683,-0.3196942842006683,0.3196942842006683,0.3196942842006683,-0.3196942842006683,0.3196942842006683,-2.015210536646626,-1.8277341484274512,1.715678359355716,-1.6834515305607098,1.2541869911507664,-0.4334258909773774,0.3550889576908272,-0.35509665214474306,0.3550927334552695,0.3550981735132347,-0.3550941063396834,0.3550960504141486
316,5.28399999999964,-0.20670604705810547,-0.07588891685009003,0.04903795197606087,-0.06237344816327095,-0.03982493281364441,-0.15934287011623383,-0.11219941824674606,-2.074962966666668,-1.8826610967601831,1.7267002087556311,-1.695560657854094,1.2466434218537963,-0.4528537480036405,0.3196082094311714,-0.3196082094311714,0.3196082094311714,0.3196082094311714,-0.3196082094311714,0.3196082094311714,-2.015558449176118,-1.8277603911773,1.7162910011239454,-1.68443751047624,1.2535653537204772,-0.43502261206877724,0.35509583416855073,-0.3550977392634375,0.3550964114624059,0.3550980932731521,-0.35509796969472535,0.3550975431228237
317,5.299999999999638,-0.20603515207767487,-0.07596203684806824,0.04311707243323326,-0.06234734132885933,-0.03736436367034912,-0.15652786195278168,-0.11195959150791168,-2.0766296333333343,-1.8839271307076508,1.7274604926355668,-1.6965997802095751,1.2460206824592905,-0.4545204146703071,0.3196945470571518,-0.3196945470571518,0.3196945470571518,0.3196945470571518,-0.3196945470571518,0.3196945470571518,-2.0158801914142175,-1.827748787705333,1.7168720748374315,-1.685444278846481,1.2529439017522388,-0.4366255870075443,0.35510706953348764,-0.35510961283475223,0.35510864106358536,0.3551104715461551,-0.3551089874529826,0.3551099749021839
318,5.317999999999636,-0.20515093207359314,-0.07609838992357254,0.04294193163514137,-0.06249134987592697,-0.03697390854358673,-0.1560600847005844,-0.11188463866710663,-2.0782963000000008,-1.885195437206377,1.7281761914961524,-1.6976413027075072,1.2454044506502309,-0.4561870813369738,0.3197215300798416,-0.3197215300798416,0.3197215300798416,0.3197215300798416,-0.3197215300798416,0.3197215300798416,-2.0162482150037446,-1.8277434488008273,1.7175382196857363,-1.6865845095422884,1.252245769910836,-0.438425163045177,0.3551267976209358,-0.3551235155129716,0.3551254405917062,0.3551235145734924,-0.3551245235792198,0.3551242553387275
319,5.333999999999635,-0.2026730328798294,-0.07623977214097977,0.04054425284266472,-0.06277915090322495,-0.03523395210504532,-0.15378502011299133,-0.11160615086555481,-2.0799629666666672,-1.8864661000753933,1.7288519290435302,-1.6986876218892277,1.2448172181151467,-0.4578537480036404,0.31982178568840025,-0.31982178568840025,0.31982178568840025,0.31982178568840025,-0.31982178568840025,0.31982178568840025,-2.0165704987905433,-1.8277316305673634,1.718127677793643,-1.6875813975927074,1.2516344138632103,-0.4400224529557517,0.35514916716808287,-0.3551460873041825,0.35514813158830544,0.35514635817592893,-0.35514703866339825,0.35514713669965015
320,5.349999999999633,-0.2022501826286316,-0.07624813169240952,0.04061431065201759,-0.06279420852661133,-0.035129234194755554,-0.15356998145580292,-0.11158035695552826,-2.0816296333333337,-1.8877369022702668,1.729528834221064,-1.699734192031338,1.2442317308785673,-0.4595204146703071,0.3198310714960098,-0.3198310714960098,0.3198310714960098,0.3198310714960098,-0.3198310714960098,0.3198310714960098,-2.0169046125707335,-1.8277334723779999,1.7187296335874072,-1.6885886462192907,1.2510241063925702,-0.44162538028005094,0.3551727747543202,-0.3551671847998854,0.35517010117148423,0.3551664752137224,-0.35516837431045956,0.3551676576330348
321,5.367999999999631,-0.20123879611492157,-0.0763159841299057,0.04011383280158043,-0.06290449947118759,-0.034574151039123535,-0.15285877883434296,-0.11148142069578171,-2.0832963,-1.8890088353390986,1.7301973981010903,-1.7007826003558577,1.2436554950279153,-0.4611870813369737,0.31986668854951855,-0.31986668854951855,0.31986668854951855,0.31986668854951855,-0.31986668854951855,0.31986668854951855,-2.017277877180474,-1.8277303752713017,1.7194043149088603,-1.6896994100110923,1.2503503659947288,-0.44342584306194116,0.35519136808970725,-0.35519344845410317,0.3551923399455946,0.35519407559571403,-0.35519261405490393,0.35519327165053644
322,5.383999999999629,-0.2025524228811264,-0.07565444707870483,0.04663969948887825,-0.06243312731385231,-0.03778616338968277,-0.1556040644645691,-0.11178342252969742,-2.0849629666666667,-1.8902697427904103,1.7309215175366721,-1.7018231524777552,1.2430257256380872,-0.4628537480036404,0.31975796788930894,-0.31975796788930894,0.31975796788930894,0.31975796788930894,-0.31975796788930894,0.31975796788930894,-2.0176161708815634,-1.827731897554717,1.72000439264922,-1.6907032445191696,1.2497473812330877,-0.4450230850422633,0.3552011015208725,-0.35520246036627445,0.3552011879738248,0.3552022368089121,-0.35520152475194594,0.3552013599272589
323,5.399999999999627,-0.2017481029033661,-0.07572096586227417,0.04649873450398445,-0.06252319365739822,-0.037437111139297485,-0.1551249623298645,-0.11169816553592682,-2.086629633333333,-1.8915317588881149,1.7316964964450718,-1.7028652057053786,1.2424017737857656,-0.464520414670307,0.3197886604070663,-0.3197886604070663,0.3197886604070663,0.3197886604070663,-0.3197886604070663,0.3197886604070663,-2.0179476489305586,-1.8277242922761228,1.7206015954555165,-1.6916995628465983,1.2491440907445985,-0.4466261154820718,0.3552115541176747,-0.3552135378507564,0.3552124590413486,0.3552139607391083,-0.3552126592195716,0.3552132202699967
324,5.417999999999625,-0.20173491537570953,-0.07561621069908142,0.046933356672525406,-0.062429942190647125,-0.03766024857759476,-0.15517579019069672,-0.11170794814825058,-2.0882962999999997,-1.8927920290664328,1.7324787190562807,-1.7039057047418893,1.2417741029761389,-0.4661870813369737,0.3197851386666298,-0.3197851386666298,0.3197851386666298,0.3197851386666298,-0.3197851386666298,0.3197851386666298,-2.018342873515844,-1.8277444944401169,1.721302224993355,-1.6927977863197434,1.2484725663420015,-0.4484264275313052,0.35521604277881225,-0.3552254827246149,0.3552204667898696,0.3552271814070342,-0.35522266371053396,0.3552246251894539
325,5.433999999999624,-0.20480883121490479,-0.07535991072654724,0.05190159007906914,-0.06190050393342972,-0.04061233997344971,-0.15857651829719543,-0.11211736500263214,-2.089962966666666,-1.894048027578542,1.733316497223045,-1.7049373798074465,1.241097230643248,-0.4678537480036403,0.3196377485990524,-0.3196377485990524,0.3196377485990524,0.3196377485990524,-0.3196377485990524,0.3196377485990524,-2.018683849558958,-1.8277449340187735,1.721912351773096,-1.693793689749154,1.2478672364132277,-0.4500237239573512,0.35520869670460187,-0.3552186169315732,0.3552127699733829,0.35521974774737175,-0.35521587863333687,0.3552168817602962
326,5.449999999999622,-0.20455732941627502,-0.07530846446752548,0.052231620997190475,-0.0618644580245018,-0.04069329798221588,-0.15847556293010712,-0.11208322644233704,-2.0916296333333326,-1.8953031686530009,1.7341870242396649,-1.7059684541078548,1.240419009010211,-0.469520414670307,0.3196500384807587,-0.3196500384807587,0.3196500384807587,0.3196500384807587,-0.3196500384807587,0.3196500384807587,-2.0190276401099556,-1.827747122199255,1.7225301287450296,-1.694791612533541,1.2472560246401636,-0.45162673554699,0.35520401034622473,-0.3552133611812478,0.3552083422460909,0.3552148790501265,-0.3552105674768654,0.3552123926880922
327,5.46799999999962,-0.2043672502040863,-0.07525726407766342,0.05246276035904884,-0.061827681958675385,-0.040770262479782104,-0.15837569534778595,-0.11206991970539093,-2.093296299999999,-1.8965574563876286,1.7350614035789824,-1.7069989154738328,1.239739504635548,-0.4711870813369736,0.31965482890605923,-0.31965482890605923,0.31965482890605923,0.31965482890605923,-0.31965482890605923,0.31965482890605923,-2.0194135556217545,-1.827745388997019,1.7232307021258078,-1.6959177956139928,1.246563615502489,-0.45342638230272253,0.3552001479106501,-0.3552088782268872,0.355204386224471,0.3552104898054352,-0.35520639439063884,0.35520824079740876
328,5.483999999999618,-0.2030271291732788,-0.07513655722141266,0.05063387379050255,-0.06185217946767807,-0.03981630504131317,-0.15660947561264038,-0.11188308894634247,-2.0949629666666656,-1.8978097323413188,1.7359053014754908,-1.7080297851316273,1.239075899551526,-0.4728537480036403,0.3197220879793167,-0.3197220879793167,0.3197220879793167,0.3197220879793167,-0.3197220879793167,0.3197220879793167,-2.019748766422632,-1.8277303730412613,1.723850218443887,-1.6969360377973024,1.2459416534286514,-0.45502288035786664,0.35521220961587197,-0.35521227645398745,0.3552126719755619,0.35521284691737803,-0.35521206630446467,0.3552128355709016
329,5.499999999999616,-0.20023486018180847,-0.07600503414869308,0.04298720881342888,-0.06250626593828201,-0.03564488887786865,-0.15266220271587372,-0.11142528057098389,-2.096629633333332,-1.8990764829104636,1.7366936438164438,-1.7090715562305987,1.2384678500230597,-0.4745204146703069,0.3198868989944458,-0.3198868989944458,0.3198868989944458,0.3198868989944458,-0.3198868989944458,0.3198868989944458,-2.020106208034173,-1.8277458464256457,1.7245063067343573,-1.697899914882237,1.245336966656089,-0.4566269045941345,0.35522385332392487,-0.3552337115715882,0.3552290907565626,0.3552361422743266,-0.35523088743608555,0.3552338121549832
330,5.517999999999614,-0.2039901316165924,-0.0750899538397789,0.05322172865271568,-0.0616673119366169,-0.04113481193780899,-0.15810588002204895,-0.1120653748512268,-2.0982962999999986,-1.9003279821411265,1.7375375417129522,-1.7100993447628756,1.2378042449390378,-0.47618708133697357,0.3196564650535583,-0.3196564650535583,0.3196564650535583,0.3196564650535583,-0.3196564650535583,0.3196564650535583,-2.0204966714651436,-1.8277388991474468,1.7252271549539544,-1.699029077334086,1.2446437491897773,-0.4584266847928719,0.3552163971167482,-0.35522839600434963,0.3552213271588345,0.3552297268992574,-0.3552248943652718,0.3552261916054323
331,5.533999999999613,-0.20317502319812775,-0.07519696652889252,0.05312740430235863,-0.06176387891173363,-0.04083734750747681,-0.15753383934497833,-0.11195593327283859,-2.099962966666665,-1.9015812649166082,1.7384229984513249,-1.711128742744738,1.23712362248058,-0.4778537480036402,0.3196958640217781,-0.3196958640217781,0.3196958640217781,0.3196958640217781,-0.3196958640217781,0.3196958640217781,-2.020855443168061,-1.8277456747865777,1.7258872656443425,-1.7000147690574816,1.24402768673949,-0.46002401810056304,0.35521590419027804,-0.3552264706989109,0.35522086674673115,0.3552284598421562,-0.3552236105806836,0.3552256558801697
332,5.549999999999611,-0.20340481400489807,-0.07503218203783035,0.053654272109270096,-0.06161420792341232,-0.04121469706296921,-0.15768161416053772,-0.11199018359184265,-2.1016296333333315,-1.9028318012839054,1.7393172363198126,-1.7121556462101282,1.2364367108628638,-0.47952041467030687,0.31968353390693666,-0.31968353390693666,0.31968353390693666,0.31968353390693666,-0.31968353390693666,0.31968353390693666,-2.021195245841594,-1.8277198824687713,1.7265242492604378,-1.7010507398001429,1.2433959315078378,-0.46162640420458967,0.3552219417661428,-0.3552239336741323,0.3552228826758867,0.35522409550043205,-0.3552223818003649,0.35522331072302915
333,5.567999999999609,-0.19854573905467987,-0.07543084770441055,0.04781829193234444,-0.062341779470443726,-0.03735431283712387,-0.15290996432304382,-0.11138606071472168,-2.103296299999998,-1.9040889820789788,1.7401559186327449,-1.7131946758679688,1.235805354800703,-0.4811870813369735,0.31990101814270017,-0.31990101814270017,0.31990101814270017,0.31990101814270017,-0.31990101814270017,0.31990101814270017,-2.021621003251867,-1.827749778949193,1.7273053742769853,-1.7021279114064416,1.2427068071513159,-0.463426854203139,0.35523745815391783,-0.3552483352224159,0.3552433165732581,0.35525111334380016,-0.3552452157324348,0.3552485318660289
334,5.583999999999607,-0.20304346084594727,-0.07494503259658813,0.053964223712682724,-0.061529241502285004,-0.041359394788742065,-0.15732567012310028,-0.111976757645607,-2.1049629666666645,-1.9053380659555885,1.7410501565012326,-1.7142201632263403,1.235118443182987,-0.48285374800364017,0.3196883672475815,-0.3196883672475815,0.3196883672475815,0.3196883672475815,-0.3196883672475815,0.3196883672475815,-2.021968982584574,-1.8277253097412598,1.7279574169206104,-1.7031615732406042,1.242075068883449,-0.465023502933105,0.3552416387351275,-0.3552445851290756,0.3552422252932433,0.35524422663240707,-0.3552430570363824,0.3552428120721282
335,5.599999999999605,-0.19798287749290466,-0.07534553855657578,0.04805077984929085,-0.06227380409836769,-0.03738953173160553,-0.15240266919136047,-0.11132816225290298,-2.106629633333331,-1.9065938249315315,1.741888838814165,-1.7152580599613132,1.2344870871208262,-0.4845204146703068,0.3199218615889549,-0.3199218615889549,0.3199218615889549,0.3199218615889549,-0.3199218615889549,0.3199218615889549,-2.022343409527525,-1.8277350392391076,1.7286484764471213,-1.7041489980219473,1.241452592108876,-0.4666265286444059,0.35526376752281164,-0.35526518429072235,0.35526503907561124,0.35526621108098516,-0.3552640937793787,0.35526579308360723
336,5.617999999999603,-0.19820605218410492,-0.07516834139823914,0.04835155978798866,-0.06211863458156586,-0.037694334983825684,-0.1524507701396942,-0.11137984693050385,-2.1082962999999975,-1.907846630621502,1.7426946981439646,-1.7162933705376726,1.233858848204429,-0.48618708133697347,0.3199032551050186,-0.3199032551050186,0.3199032551050186,0.3199032551050186,-0.3199032551050186,0.3199032551050186,-2.0227541345409494,-1.827728384652874,1.7294209189460241,-1.7052645054594298,1.2407544415490868,-0.4684263677455464,0.355281857146143,-0.355285306250025,0.35528345562141417,0.35528609306906506,-0.3552840747160756,0.3552849368035576
337,5.6339999999996015,-0.1981671005487442,-0.07507716864347458,0.04878489300608635,-0.06201516091823578,-0.03794574737548828,-0.15237115323543549,-0.11137419939041138,-2.109962966666664,-1.90909791676556,1.7435077796940661,-1.7173269565529765,1.2332264190815043,-0.4878537480036401,0.3199052882194519,-0.3199052882194519,0.3199052882194519,0.3199052882194519,-0.3199052882194519,0.3199052882194519,-2.0231313402074056,-1.8277302657349146,1.730112462142225,-1.7062884077619074,1.2401277390025756,-0.47002273285921015,0.35530799090442194,-0.3553008064138511,0.35530452403981194,0.35529967255865197,-0.3553017051656683,0.3553010061484845
338,5.6499999999996,-0.194468691945076,-0.07605371624231339,0.0399753637611866,-0.06280246376991272,-0.032960280776023865,-0.14758147299289703,-0.11079244315624237,-2.1116296333333304,-1.9103654787029318,1.744265305688612,-1.718373664282475,1.232649545514135,-0.48952041467030677,0.3201147204637527,-0.3201147204637527,0.3201147204637527,0.3201147204637527,-0.3201147204637527,0.3201147204637527,-2.0235062085217836,-1.8277296117154054,1.7308112154667707,-1.707263277159235,1.239515408796164,-0.4716258322570885,0.3553411700072549,-0.355337320048807,0.35534020115454834,0.35533784941999874,-0.3553383643438242,0.3553389807738419
339,5.667999999999598,-0.195837140083313,-0.07570216804742813,0.04115717485547066,-0.06240641698241234,-0.034049466252326965,-0.14843949675559998,-0.11096453666687012,-2.113296299999997,-1.9116271815037222,1.7449672761276023,-1.7194137712321818,1.2320820544099296,-0.4911870813369734,0.3200527667999267,-0.3200527667999267,0.3200527667999267,0.3200527667999267,-0.3200527667999267,0.3200527667999267,-2.023927103515455,-1.8277245896751573,1.7315967852068659,-1.7083788251476475,1.2388318583425648,-0.47342569983322036,0.35536870187633957,-0.35536782372814024,0.35536816291104506,0.3553678917010766,-0.35536810923300677,0.35536783791905424
340,5.683999999999596,-0.1961505264043808,-0.07561706006526947,0.042154569178819656,-0.06226448342204094,-0.03460118919610977,-0.14878803491592407,-0.11100625991821289,-2.1149629666666634,-1.9128874658381434,1.7456698522805827,-1.720451512622549,1.2315053679233277,-0.49285374800364007,0.3200377464294433,-0.3200377464294433,0.3200377464294433,0.3200377464294433,-0.3200377464294433,0.3200377464294433,-2.0243157753077945,-1.827737750622285,1.7323089780976235,-1.7093594321441619,1.2382318804310282,-0.475023106542538,0.35538886988049384,-0.3553895848889472,0.355388992596135,0.3553898310097271,-0.35538952230040644,0.3553894227904054
341,5.699999999999594,-0.1973055750131607,-0.07543019950389862,0.043950390070676804,-0.06199020892381668,-0.03572205454111099,-0.14992086589336395,-0.11115755885839462,-2.11662963333333,-1.914144635829875,1.7464023587817605,-1.7214846827712793,1.2309100003476425,-0.4945204146703067,0.31998327881097793,-0.31998327881097793,0.31998327881097793,0.31998327881097793,-0.31998327881097793,0.31998327881097793,-2.02469040849609,-1.8277283059679261,1.7329983953553914,-1.7103606775645153,1.2376315120667556,-0.47662662475187295,0.35539997417415303,-0.35540351570809137,0.35540123674062596,0.35540377783862265,-0.3554020615033218,0.3554024743183712
342,5.717999999999592,-0.19672439992427826,-0.07476619631052017,0.0496954508125782,-0.061784591525793076,-0.038035690784454346,-0.1513311117887497,-0.11126947402954102,-2.1182962999999964,-1.915390739101717,1.747190420838494,-1.7225144259633758,1.2302760721679016,-0.49618708133697337,0.3199429893493652,-0.3199429893493652,0.3199429893493652,0.3199429893493652,-0.3199429893493652,0.3199429893493652,-2.0251192135082903,-1.8277194731294921,1.7337660756788915,-1.711521492327208,1.236945240908966,-0.47842543771669627,0.3554190799664535,-0.35541319160475016,0.35541629846855516,0.3554121213940368,-0.35541339106687575,0.35541306923794164
343,5.7339999999995905,-0.19228491187095642,-0.07591079920530319,0.040256645530462265,-0.06272250413894653,-0.03248528391122818,-0.1459992676973343,-0.11059574037790298,-2.119962966666663,-1.9166559190884722,1.747922927339672,-1.7235598010323583,1.2296976995437163,-0.49785374800364,0.3201855334639549,-0.3201855334639549,0.3201855334639549,0.3201855334639549,-0.3201855334639549,0.3201855334639549,-2.0255156719008607,-1.8277334405336594,1.73446834860908,-1.7124975500572677,1.2363507765374353,-0.48002274445824145,0.355452472103102,-0.35544546584966724,0.35545016665669005,0.3554456871369883,-0.35544698890881865,0.3554475167602338
344,5.749999999999589,-0.1930904984474182,-0.07557092607021332,0.04076552018523216,-0.06238875165581703,-0.03309188038110733,-0.14634232223033905,-0.11071519553661346,-2.1216296333333293,-1.9179154345229759,1.7486023526760925,-1.7245996135599553,1.2291461682040312,-0.49952041467030667,0.32014252960681916,-0.32014252960681916,0.32014252960681916,0.32014252960681916,-0.32014252960681916,0.32014252960681916,-2.0259188970573576,-1.827755205249903,1.7351747302794198,-1.7134800344937722,1.2357597962012046,-0.4816257551304817,0.35547757054817125,-0.3554710721425933,0.3554743099542356,0.3554702118855959,-0.35547289399644766,0.3554716172766399
345,5.767999999999587,-0.19379456341266632,-0.07524961978197098,0.04148956760764122,-0.062071382999420166,-0.03371960669755936,-0.14670619368553162,-0.11079879105091095,-2.123296299999996,-1.9191695948526755,1.7492938454695532,-1.7256341366099457,1.228584174759072,-0.5011870813369733,0.32011243522167204,-0.32011243522167204,0.32011243522167204,0.32011243522167204,-0.32011243522167204,0.32011243522167204,-2.0263658401305813,-1.82776731215918,1.7359518090820738,-1.7146003500452804,1.2350988869388637,-0.48342552832422314,0.3554994041957314,-0.35549348091872734,0.3554963139923503,0.3554926581515919,-0.3554950718432364,0.35549379525826114
346,5.783999999999585,-0.19346314668655396,-0.07516226172447205,0.041651953011751175,-0.06199270859360695,-0.03370853513479233,-0.146418496966362,-0.11077390611171722,-2.1249629666666623,-1.92042229921475,1.7499880446864158,-1.7266673484198392,1.2280223658401588,-0.50285374800364,0.3201213937997818,-0.3201213937997818,0.3201213937997818,0.3201213937997818,-0.3201213937997818,0.3201213937997818,-2.026756337933553,-1.8277696550921996,1.736632270685257,-1.7155652287551448,1.2345216161253294,-0.48502303024810356,0.3555114402026075,-0.355512810010564,0.3555121485516933,0.35551355129932866,-0.35551351129288195,0.35551331385473767
347,5.799999999999583,-0.19583119451999664,-0.07472176849842072,0.044286277145147324,-0.06143287569284439,-0.035687610507011414,-0.1482958346605301,-0.11106114089488983,-2.1266296333333288,-1.921667662023057,1.7507261493055015,-1.7276912296813867,1.2274275723317085,-0.5045204146703067,0.32001798927783964,-0.32001798927783964,0.32001798927783964,0.32001798927783964,-0.32001798927783964,0.32001798927783964,-2.027155823001402,-1.8277843063365902,1.7373196587735478,-1.716541744403062,1.2339426259360173,-0.4866262528519032,0.35551340706690443,-0.35551911494679184,0.3555156392236158,0.35551987924413525,-0.3555185880357596,0.3555184908068325
348,5.817999999999581,-0.1978621780872345,-0.07446791231632233,0.047227244824171066,-0.06102675944566727,-0.03756043314933777,-0.15028353035449982,-0.11131235957145691,-2.1282962999999953,-1.9229087938949958,1.751513270052571,-1.7287083423388145,1.2268015651125528,-0.5061870813369734,0.3199275505542755,-0.3199275505542755,0.3199275505542755,0.3199275505542755,-0.3199275505542755,0.3199275505542755,-2.0275844838378707,-1.8277715280749076,1.7380632314251754,-1.7176558457014695,1.2332889505761946,-0.48842644697881943,0.35550250622351254,-0.3555161032942537,0.35550883345942064,0.35551832396827343,-0.3555128965521108,0.35551493192337
349,5.8339999999995795,-0.19977118074893951,-0.07469765096902847,0.051818083971738815,-0.06092293560504913,-0.0397525355219841,-0.15328946709632874,-0.11161088198423386,-2.1299629666666617,-1.9241537547444796,1.752355946355196,-1.7297237245988988,1.2261390228538531,-0.5078537480036401,0.3198200824856758,-0.3198200824856758,0.3198200824856758,0.3198200824856758,-0.3198200824856758,0.3198200824856758,-2.0279388807463805,-1.8277242038974526,1.7386925298604299,-1.7186980458091494,1.232693065037554,-0.49002360234607595,0.3554946669699744,-0.3554993683952888,0.3554965338584807,0.3554997061376667,-0.35549727535602876,0.35549800511121304
350,5.849999999999578,-0.19337204098701477,-0.074415422976017,0.05095961317420006,-0.06158703938126564,-0.03759193420410156,-0.14918801188468933,-0.11099371314048767,-2.131629633333328,-1.9253940117940798,1.7532052732414327,-1.7307501752552532,1.2255124906171182,-0.5095204146703068,0.3200422632694244,-0.3200422632694244,0.3200422632694244,0.3200422632694244,-0.3200422632694244,0.3200422632694244,-2.0283350239692988,-1.827736418933726,1.7393753053586676,-1.7197086192793245,1.2320955741723534,-0.49162561197363874,0.3555163057305088,-0.355507869265795,0.3555132112582732,0.35550743299514903,-0.3555090751323069,0.3555095698573839
351,5.867999999999576,-0.19021254777908325,-0.07521750032901764,0.04149698093533516,-0.06218154355883598,-0.03256486356258392,-0.14443545043468475,-0.11046227812767029,-2.1332962999999947,-1.9266476367995633,1.7539990445721139,-1.731786534314567,1.2249415139359388,-0.5111870813369735,0.32023357987403867,-0.32023357987403867,0.32023357987403867,0.32023357987403867,-0.32023357987403867,0.32023357987403867,-2.028783279173798,-1.8277563903051128,1.7401527410898192,-1.7208124561212468,1.2314377421011051,-0.493425438872265,0.3555486059057774,-0.3555408756886619,0.3555457191326003,0.3555406654773971,-0.35554246405579115,0.35554263759740623
352,5.883999999999574,-0.1906643807888031,-0.07496362924575806,0.04188818857073784,-0.06191926449537277,-0.03300012648105621,-0.1445329636335373,-0.11053668707609177,-2.134962966666661,-1.927897030620326,1.7547372603472393,-1.7328185220561567,1.2243915118279212,-0.5128537480036403,0.32020679265260693,-0.32020679265260693,0.32020679265260693,0.32020679265260693,-0.32020679265260693,0.32020679265260693,-2.029189454036308,-1.827784810057067,1.740852175455878,-1.7217722212951962,1.2308622299739358,-0.49502285624653924,0.3555678909469874,-0.3555643661117924,0.35556603394633374,0.35556414674698245,-0.355566154090756,0.35556494872459615
353,5.899999999999572,-0.1926676630973816,-0.0744352862238884,0.04365936294198036,-0.06133369356393814,-0.03456583619117737,-0.14580614864826202,-0.11076638102531433,-2.1366296333333277,-1.9291376187240574,1.7554649163962723,-1.7338407502822224,1.2238154145580682,-0.514520414670307,0.3201241028308868,-0.3201241028308868,0.3201241028308868,0.3201241028308868,-0.3201241028308868,0.3201241028308868,-2.0295317187904507,-1.827725796251023,1.7414775656695876,-1.7227859151704672,1.2302799591888982,-0.49662581790410665,0.3555773257704876,-0.3555788166385141,0.35557782709210695,0.3555788673809168,-0.3555783352343301,0.35557819786017547
354,5.91799999999957,-0.19124166667461395,-0.07484621554613113,0.043940264731645584,-0.06171724572777748,-0.03405880928039551,-0.14540642499923706,-0.11061987280845642,-2.138296299999994,-1.9303850556498263,1.7561972541417998,-1.7348693710443521,1.2232477677367282,-0.5161870813369737,0.32017684578895567,-0.32017684578895567,0.32017684578895567,0.32017684578895567,-0.32017684578895567,0.32017684578895567,-2.029974704746253,-1.8277445232161134,1.7422599355890958,-1.7238788205608102,1.2296358199859936,-0.49842581223076965,0.35559462740712805,-0.3555963994980281,0.3555955906328892,0.35559721430591573,-0.35559612973439075,0.35559670387454656
355,5.9339999999995685,-0.1931041181087494,-0.07452422380447388,0.04626559838652611,-0.06126336753368378,-0.03570330888032913,-0.14695414900779724,-0.11085591465234756,-2.1399629666666606,-1.9316271260465676,1.756968347448242,-1.7358904271699136,1.2226527125887228,-0.5178537480036404,0.3200918707251549,-0.3200918707251549,0.3200918707251549,0.3200918707251549,-0.3200918707251549,0.3200918707251549,-2.0303439708104194,-1.8277285684255125,1.742925965440811,-1.7248943606363119,1.229055666763432,-0.5000227063706267,0.35560680080257623,-0.35560180278057596,0.3556041633626901,0.3556008310976665,-0.3556027696281415,0.355601733972577
356,5.949999999999567,-0.1894490122795105,-0.07475830614566803,0.04290762171149254,-0.061753109097480774,-0.0331062376499176,-0.14387616515159607,-0.1104205995798111,-2.141629633333327,-1.932873097815662,1.7576838851991285,-1.7369196456548717,1.222100941961224,-0.5195204146703071,0.320248584151268,-0.320248584151268,0.320248584151268,0.320248584151268,-0.320248584151268,0.320248584151268,-2.030729194860479,-1.8277380001182295,1.7436147898832384,-1.725850960292317,1.2284912691629573,-0.5016263100543877,0.3556200166315174,-0.35562504182030946,0.3556230589265191,0.3556267158340476,-0.35562351765489125,0.3556255986256769
357,5.967999999999565,-0.19428324699401855,-0.07458605617284775,0.049723539501428604,-0.06111769378185272,-0.037287190556526184,-0.14904041588306427,-0.11108759045600891,-2.1432962999999936,-1.9341161987518762,1.7584549785055708,-1.7379382738845692,1.22149361577817,-0.5211870813369738,0.3200084674358368,-0.3200084674358368,0.3200084674358368,0.3200084674358368,-0.3200084674358368,0.3200084674358368,-2.031146426548905,-1.8277265495590969,1.7443696895564873,-1.7269952991654023,1.2278393172119422,-0.5034254563154421,0.3556218238028716,-0.3556175201812562,0.3556190907934848,0.35561636835975713,-0.3556185193281339,0.3556168735282429
358,5.983999999999563,-0.18890902400016785,-0.07459654659032822,0.04334801807999611,-0.0616135448217392,-0.03317364305257797,-0.14348670840263367,-0.11037003993988037,-2.14496296666666,-1.9353594745283818,1.7591774454735707,-1.7389651662982648,1.2209407217272936,-0.5228537480036405,0.32026678562164307,-0.32026678562164307,0.32026678562164307,0.32026678562164307,-0.32026678562164307,0.32026678562164307,-2.0315346137057344,-1.8277424593025628,1.745061178649638,-1.727946630917106,1.2272798177329163,-0.5050233613687016,0.35563605375247526,-0.35564084771297017,0.3556393348453133,0.35564294864223467,-0.3556393629244547,0.3556419954564886
359,5.999999999999561,-0.19385923445224762,-0.07442249357700348,0.050202567130327225,-0.0609673410654068,-0.037409260869026184,-0.1487312614917755,-0.11106573790311813,-2.1466296333333266,-1.936599849421332,1.759955467997126,-1.7399812886493549,1.2203322721208618,-0.5245204146703072,0.3200163343548775,-0.3200163343548775,0.3200163343548775,0.3200163343548775,-0.3200163343548775,0.3200163343548775,-2.0319158423261814,-1.8277474371059619,1.745740232242785,-1.7289567836889927,1.2267024645112683,-0.5066257316009,0.3556370596231237,-0.3556333163838337,0.3556344893360376,0.35563201997709437,-0.3556344594407248,0.355632567584627
360,6.017999999999559,-0.18928222358226776,-0.07426091283559799,0.044279273599386215,-0.061287254095077515,-0.03378475457429886,-0.14370077848434448,-0.11043599247932434,-2.148296299999993,-1.9378375313019252,1.7606934558904492,-1.741002742884273,1.2197691928779568,-0.5261870813369739,0.32024304270744325,-0.32024304270744325,0.32024304270744325,0.32024304270744325,-0.32024304270744325,0.32024304270744325,-2.0323408745682623,-1.8277503633373826,1.7465030727127757,-1.7300368386920117,1.2260714672968702,-0.5084261647134698,0.35564884480178255,-0.35565508363483994,0.3556525823221831,0.35565728653131856,-0.35565365376190416,0.35565595923384585
361,6.0339999999995575,-0.19390380382537842,-0.07416368275880814,0.05101655051112175,-0.060705557465553284,-0.037862375378608704,-0.1487099826335907,-0.11108905076980591,-2.1499629666666595,-1.9390735926812386,1.7614869993393278,-1.7420145021753655,1.2191505580794963,-0.5278537480036406,0.32000794172286984,-0.32000794172286984,0.32000794172286984,0.32000794172286984,-0.32000794172286984,0.32000794172286984,-2.0327192845587976,-1.8277522100856227,1.7471767194734815,-1.7310406715671947,1.225497131146286,-0.5100228855055337,0.3556464188378493,-0.35564566770330075,0.3556452952211466,0.35564493652506896,-0.3556461750447907,0.3556447752378637
362,6.049999999999556,-0.18972399830818176,-0.07402961701154709,0.04567098990082741,-0.06100744009017944,-0.03458922356367111,-0.14412273466587067,-0.11051364243030548,-2.151629633333326,-1.940307419631431,1.7622481825043417,-1.7430312928435352,1.2185740710201018,-0.5295204146703073,0.32021508872509,-0.32021508872509,0.32021508872509,0.32021508872509,-0.32021508872509,0.32021508872509,-2.0331440570543284,-1.8278151954068744,1.7478982792079552,-1.7319884971492814,1.2249336213069015,-0.5116260226636392,0.3556592589624937,-0.35565817219312035,0.3556591901480571,0.3556589574404771,-0.3556595902185458,0.35565972969907683
363,6.067999999999554,-0.1922173947095871,-0.07331829518079758,0.04726020619273186,-0.0602506548166275,-0.03633060306310654,-0.14544883370399475,-0.11082343757152557,-2.1532962999999925,-1.9415293912177776,1.7630358526075538,-1.7440354704238124,1.21796856096905,-0.531187081336974,0.32010356247425076,-0.32010356247425076,0.32010356247425076,0.32010356247425076,-0.32010356247425076,0.32010356247425076,-2.033521115812014,-1.827738955685442,1.7485753972449738,-1.7331396982690517,1.2242898108637124,-0.5134260643317421,0.35565437565109675,-0.35566410805853393,0.3556592766155926,0.35566565067707556,-0.3556607600208326,0.35566301879126583
364,6.083999999999552,-0.1910957396030426,-0.07443030178546906,0.05025264993309975,-0.06105906516313553,-0.03656577318906784,-0.14686447381973267,-0.11079737544059753,-2.154962966666659,-1.9427698962475355,1.7638733967731055,-1.7450531215098646,1.217359131415899,-0.5328537480036407,0.32011294484138486,-0.32011294484138486,0.32011294484138486,0.32011294484138486,-0.32011294484138486,0.32011294484138486,-2.0339050091461233,-1.82774289143471,1.7492489777379103,-1.734129954753898,1.2237143566449327,-0.5150227242209386,0.35566781113364765,-0.3556619963129725,0.3556650354711713,0.3556616723033579,-0.3556640100816214,0.3556628697003146
365,6.09999999999955,-0.18688930571079254,-0.07407540827989578,0.04401994124054909,-0.061215102672576904,-0.03303398936986923,-0.14182226359844208,-0.11021487414836884,-2.1566296333333255,-1.9440044863855337,1.7646553853831015,-1.7460733732210743,1.2168052574183033,-0.5345204146703074,0.3203226453065872,-0.3203226453065872,0.3203226453065872,0.3203226453065872,-0.3203226453065872,0.3203226453065872,-2.0342825385687986,-1.8277416650580744,1.7499240292593894,-1.7350854189485927,1.2231544813734632,-0.516626845825504,0.35568120718806134,-0.35568689844275897,0.35568445959530176,0.3556885686652177,-0.3556848325337294,0.35568722385689266
366,6.117999999999548,-0.1903621405363083,-0.07289884984493256,0.05536745861172676,-0.060340363532304764,-0.0391378253698349,-0.14703784883022308,-0.11087986826896667,-2.158296299999992,-1.9452194672162826,1.7654929295486532,-1.7470790459466126,1.2161958278651521,-0.5361870813369741,0.320083247423172,-0.320083247423172,0.320083247423172,0.320083247423172,-0.320083247423172,0.320083247423172,-2.03471736911942,-1.8277536980697218,1.7506981984643413,-1.736196640654772,1.222509173780186,-0.5184256762094841,0.355683076900522,-0.35568315234231856,0.3556824145723498,0.35568268276786047,-0.35568346709712384,0.3556823255116361
367,6.1339999999995465,-0.18834953010082245,-0.07370790839195251,0.046216320246458054,-0.06074175238609314,-0.03458897024393082,-0.1429377943277359,-0.11039431393146515,-2.1599629666666584,-1.9464479323561485,1.7662749181586492,-1.7480914084863808,1.2156193450277533,-0.5378537480036408,0.32025804698467253,-0.32025804698467253,0.32025804698467253,0.32025804698467253,-0.32025804698467253,0.32025804698467253,-2.0350790667571204,-1.8277310570830467,1.7513615982764605,-1.7371886513367962,1.2219399517062113,-0.5200228093001988,0.3557007190602907,-0.3556979308255964,0.3557000760496243,0.3556984155641727,-0.3556986446393671,0.3556991982101485
368,6.149999999999545,-0.18660669028759003,-0.07386574149131775,0.04492482915520668,-0.060994818806648254,-0.03346630930900574,-0.14161044359207153,-0.11021126806735992,-2.161629633333325,-1.9476790280476706,1.7670236653112361,-1.7491079887998249,1.2150615732059364,-0.5395204146703075,0.32032394349575044,-0.32032394349575044,0.32032394349575044,0.32032394349575044,-0.32032394349575044,0.32032394349575044,-2.035451141490366,-1.82771995749566,1.7520336072314064,-1.7381936679924053,1.2213704974229806,-0.5216256198023796,0.35572550761504296,-0.3557191472049452,0.35572297572575506,0.35571855573489086,-0.3557197419719957,0.3557199424680476
369,6.167999999999543,-0.18426434695720673,-0.07417437434196472,0.043401796370744705,-0.06141160428524017,-0.03196951746940613,-0.1399981528520584,-0.10995803773403168,-2.1632962999999914,-1.9489152676200368,1.767747028584082,-1.7501315155379122,1.2145287479147797,-0.5411870813369742,0.3204151064157486,-0.3204151064157486,0.3204151064157486,0.3204151064157486,-0.3204151064157486,0.3204151064157486,-2.0359076986408646,-1.827760358742699,1.7528382691105602,-1.739250960277708,1.2207469825829276,-0.5234257089764326,0.3557515980514378,-0.3557507504211366,0.3557514694832872,0.3557514013481051,-0.3557515974887295,0.35575168566402454
370,6.183999999999541,-0.18786107003688812,-0.07343073189258575,0.046493735164403915,-0.06049276515841484,-0.03472376614809036,-0.1423393338918686,-0.11038745939731598,-2.164962966666658,-1.95013911315158,1.7685219241701553,-1.7511397282905525,1.2139500184789782,-0.542853748003641,0.32026051461696625,-0.32026051461696625,0.32026051461696625,0.32026051461696625,-0.32026051461696625,0.32026051461696625,-2.0362783387784593,-1.827744910952529,1.7535069142283464,-1.740247028066328,1.2201850387043245,-0.5250228128901537,0.35576256069569046,-0.3557601766562537,0.3557608186513748,0.35575936769833927,-0.35576090326067017,0.35575955860537445
371,6.199999999999539,-0.18576839566230774,-0.07363146543502808,0.045185159891843796,-0.06080746650695801,-0.03343304991722107,-0.14083361625671387,-0.11013368517160416,-2.1666296333333244,-1.9513663042421638,1.7692750101683528,-1.7521531860656685,1.2133928009803578,-0.5445204146703077,0.3203518733382225,-0.3203518733382225,0.3203518733382225,0.3203518733382225,-0.3203518733382225,0.3203518733382225,-2.036642196408226,-1.8277211117818282,1.7541719644106946,-1.741236982752713,1.2196244331654305,-0.5266257092779939,0.35578190705338864,-0.355777699758898,0.35578020665386,0.355777517143995,-0.35577862039290076,0.3557784491066975
372,6.217999999999537,-0.18452942371368408,-0.07374311238527298,0.04451468214392662,-0.06097802519798279,-0.03273069113492966,-0.13996785879135132,-0.11000441014766693,-2.168296299999991,-1.9525953561152518,1.7700169215374182,-1.7531694864856349,1.2128472894614424,-0.5461870813369744,0.3203984123468399,-0.3203984123468399,0.3203984123468399,0.3203984123468399,-0.3203984123468399,0.3203984123468399,-2.0370884926845547,-1.8277447009562158,1.7549630878610254,-1.7422998419953097,1.2190092763518239,-0.5284262367544189,0.3557959138522487,-0.3558028609532779,0.3557994988139474,0.355804562306096,-0.3558008764140538,0.35580279994380415
373,6.2339999999995355,-0.19028209149837494,-0.07355284690856934,0.05244026705622673,-0.060216549783945084,-0.037705063819885254,-0.145877867937088,-0.11078053712844849,-2.1699629666666573,-1.9538212368970613,1.770814388462039,-1.7541730956487007,1.2122462223869714,-0.5478537480036411,0.32011900663375853,-0.32011900663375853,0.32011900663375853,0.32011900663375853,-0.32011900663375853,0.32011900663375853,-2.037480086192443,-1.8277567162326354,1.7556569672536242,-1.743284629911172,1.218449193231157,-0.5300229602282287,0.3557904329216574,-0.35579042432710783,0.3557893314063636,0.3557895823367525,-0.3557910534755121,0.3557891478345585
374,6.249999999999534,-0.1865307092666626,-0.07318871468305588,0.047050680965185165,-0.06031676009297371,-0.034646742045879364,-0.14132782816886902,-0.11023079603910446,-2.171629633333324,-1.9550410488084455,1.7715985664781255,-1.7551783749835836,1.2116687766862069,-0.5495204146703078,0.3203169134259224,-0.3203169134259224,0.3203169134259224,0.3203169134259224,-0.3203169134259224,0.3203169134259224,-2.037854655030853,-1.8277442482381645,1.7563299909825294,-1.744277270922124,1.2178890297296938,-0.5316257856297335,0.3558045814877973,-0.3558010454888948,0.35580356842262556,0.35580126183291655,-0.3558017886246741,0.3558022963399105
375,6.267999999999532,-0.18466612696647644,-0.07334201782941818,0.045555178076028824,-0.06058179587125778,-0.033396922051906586,-0.1398635357618332,-0.11003683507442474,-2.1732962999999903,-1.9562634157722691,1.7723578194460594,-1.756188071581438,1.211112161318675,-0.5511870813369745,0.3203867393732071,-0.3203867393732071,0.3203867393732071,0.3203867393732071,-0.3203867393732071,0.3203867393732071,-2.0382868375850047,-1.8277456933918423,1.7571035173516285,-1.7453488559702148,1.2172736699667592,-0.5334267981552999,0.3558133611614434,-0.35582118303863486,0.355817256965093,0.35582298664451906,-0.35581906448547,0.3558209488303724
376,6.28399999999953,-0.1880880445241928,-0.07206941395998001,0.05755368247628212,-0.05965809524059296,-0.039816878736019135,-0.14508002996444702,-0.11070273071527481,-2.174962966666657,-1.9574645726716022,1.7731726279695488,-1.7571823731687812,1.2104999903955878,-0.5528537480036412,0.3201470169425011,-0.3201470169425011,0.3201470169425011,0.3201470169425011,-0.3201470169425011,0.3201470169425011,-2.0386801467446722,-1.8277564702978386,1.75779623515147,-1.7463185288648542,1.2167164124804866,-0.5350235212674596,0.3558055137619107,-0.3558129922926515,0.35580817028925693,0.3558135231666326,-0.35581109733411453,0.3558111961991343
377,6.299999999999528,-0.18938326835632324,-0.073247529566288,0.05320606008172035,-0.05996000021696091,-0.037888966500759125,-0.14511483907699585,-0.1106809601187706,-2.1766296333333233,-1.9586853648310403,1.7740429920485936,-1.7581817065057306,1.209868507620575,-0.5545204146703079,0.32015485435724256,-0.32015485435724256,0.32015485435724256,0.32015485435724256,-0.32015485435724256,0.32015485435724256,-2.0390647767532304,-1.8277544138352457,1.7584807021023745,-1.7472972347369022,1.216151408488226,-0.5366261446125015,0.3557998766209504,-0.35580369231106096,0.35580162600672416,0.35580431191129863,-0.3558029038779096,0.3558033778597467
378,6.317999999999526,-0.18689753115177155,-0.07296157628297806,0.049477238208055496,-0.059991102665662766,-0.03588830679655075,-0.14192326366901398,-0.11031799018383026,-2.1782962999999897,-1.9599013911024232,1.7748676126853946,-1.7591815582168249,1.209270369173966,-0.5561870813369746,0.3202855235338211,-0.3202855235338211,0.3202855235338211,0.3202855235338211,-0.3202855235338211,0.3202855235338211,-2.039489967069486,-1.8277413354679053,1.7592475065859086,-1.7484115736962655,1.2155134431971228,-0.5384256048128576,0.35581317738240975,-0.35581033952403573,0.3558124973187177,0.3558107492020508,-0.3558111461164648,0.3558116292277736
379,6.3339999999995245,-0.18357382714748383,-0.07306468486785889,0.045917268842458725,-0.06035226210951805,-0.033414073288440704,-0.13879308104515076,-0.10992024093866348,-2.1799629666666562,-1.961119135850221,1.77563667776664,-1.7601874292519835,1.2087134679524918,-0.5578537480036413,0.3204287132620811,-0.3204287132620811,0.3204287132620811,0.3204287132620811,-0.3204287132620811,0.3204287132620811,-2.039876148795705,-1.8277378919744462,1.759935171950344,-1.7493997495767617,1.2149512162694565,-0.5400227194117307,0.3558384278069298,-0.3558316664740625,0.3558359116673132,0.35583141651327443,-0.355832716823841,0.35583304213456823
380,6.349999999999523,-0.181525319814682,-0.07328829169273376,0.044430654495954514,-0.06068674474954605,-0.03206394612789154,-0.13729389011859894,-0.10970397293567657,-2.1816296333333227,-1.962340607378433,1.7763771886749058,-1.7611988749978091,1.2081790688503602,-0.559520414670308,0.32050656974315644,-0.32050656974315644,0.32050656974315644,0.32050656974315644,-0.32050656974315644,0.32050656974315644,-2.0402714538684914,-1.8277471277750952,1.7606373126629788,-1.7503261185283856,1.2144057788736544,-0.5416270871943727,0.3558513137150965,-0.3558597119864152,0.35585537854008154,0.3558615057185506,-0.35585750528901494,0.35585929616820755
381,6.367999999999521,-0.1868254840373993,-0.07170653343200684,0.0582563541829586,-0.05939394608139992,-0.0399651974439621,-0.14395198225975037,-0.11059974133968353,-2.183296299999989,-1.9635357162689666,1.7771732551387271,-1.7621887740991657,1.2075891141926731,-0.5611870813369747,0.3201840931177139,-0.3201840931177139,0.3201840931177139,0.3201840931177139,-0.3201840931177139,0.3201840931177139,-2.040708636616586,-1.82774325688315,1.7614148409860686,-1.7514200740764407,1.2137773362806628,-0.5434263119312812,0.3558416417327291,-0.3558511031941423,0.35584511963484006,0.35585191161989277,-0.3558486126592233,0.35584892158215436
382,6.383999999999519,-0.1878547966480255,-0.07302173972129822,0.053635504096746445,-0.059779997915029526,-0.037809327244758606,-0.1437675803899765,-0.11052843928337097,-2.1849629666666557,-1.9647527452643216,1.7780248771581042,-1.7631851073977496,1.2069589587385938,-0.5628537480036414,0.32020976185798644,-0.32020976185798644,0.32020976185798644,0.32020976185798644,-0.32020976185798644,0.32020976185798644,-2.041115223558346,-1.8277631624611714,1.7621277684067567,-1.7523902986630875,1.213213283760197,-0.5450230152874809,0.35584335094557795,-0.3558422616073329,0.35584277586283314,0.3558423642503445,-0.35584308614718074,0.3558426628549941
383,6.399999999999517,-0.18416717648506165,-0.07254339009523392,0.0477287732064724,-0.05979945883154869,-0.034639567136764526,-0.13899782299995422,-0.11000282317399979,-2.186629633333322,-1.9659618017659088,1.7788209436219256,-1.764181765044942,1.2063816326196477,-0.5645204146703081,0.3203989836573601,-0.3203989836573601,0.3203989836573601,0.3203989836573601,-0.3203989836573601,0.3203989836573601,-2.0414952898470626,-1.8277457700721693,1.762811900653301,-1.7533660302355534,1.2126507941549642,-0.5466259650909947,0.3558578488738379,-0.35585794519492997,0.35585888131641613,0.35585892445632467,-0.35585790286803615,0.35585934985984746
384,6.417999999999515,-0.18340004980564117,-0.07263245433568954,0.047445494681596756,-0.059913136065006256,-0.0342755988240242,-0.13848672807216644,-0.10993920266628265,-2.1882962999999886,-1.9671723426715038,1.7796117018666189,-1.765180317312692,1.2058103726392473,-0.5661870813369748,0.32042188704013824,-0.32042188704013824,0.32042188704013824,0.32042188704013824,-0.32042188704013824,0.32042188704013824,-2.0419351997113644,-1.827739467827474,1.7635934808908607,-1.7544832891727358,1.2120161712401598,-0.5484254873181391,0.3558818114647658,-0.35587561446832616,0.355879102565423,0.3558750424252931,-0.35587665597031326,0.35587632117510376
385,6.433999999999513,-0.18007752299308777,-0.07293565571308136,0.04469606652855873,-0.06041347607970238,-0.031984150409698486,-0.13584522902965546,-0.10954740643501282,-2.189962966666655,-1.9683879369333885,1.7803566363087615,-1.7661872085806871,1.2052773034657522,-0.5678537480036415,0.3205629336833954,-0.3205629336833954,0.3205629336833954,0.3205629336833954,-0.3205629336833954,0.3205629336833954,-2.042316032061854,-1.8277192687363886,1.764278022038715,-1.7554503329285804,1.2114611477888373,-0.5500227428166816,0.3559102385524711,-0.35590533361748955,0.35590855022589557,0.35590544910770744,-0.3559062262193786,0.35590654469856237
386,6.449999999999512,-0.17961430549621582,-0.07294531166553497,0.044677700847387314,-0.06043900549411774,-0.03185001760721207,-0.13553264737129211,-0.10951171070337296,-2.1916296333333216,-1.9696036921278142,1.7811012646562179,-1.7671945253389225,1.2047464698389654,-0.5695204146703082,0.3205757841467857,-0.3205757841467857,0.3205757841467857,0.3205757841467857,-0.3205757841467857,0.3205757841467857,-2.042729563276452,-1.8277429192955654,1.7650002962358207,-1.7563742779425127,1.2109202566124757,-0.5516271280019042,0.3559252490373576,-0.35593318961930126,0.3559287303911246,0.355934540309522,-0.355930797922572,0.35593221996452723
387,6.46799999999951,-0.18491262197494507,-0.07133869081735611,0.05880802497267723,-0.05914624035358429,-0.03988634794950485,-0.14224356412887573,-0.11041688919067383,-2.193296299999988,-1.9707926703081033,1.78190144855923,-1.7681802960114823,1.204160080656623,-0.5711870813369749,0.3202499198913574,-0.3202499198913574,0.3202499198913574,0.3202499198913574,-0.3202499198913574,0.3202499198913574,-2.0431943428805193,-1.8277650822150868,1.7658072925570145,-1.7574550505297704,1.2102959819289212,-0.5534260011202249,0.3559175769213936,-0.3559230070604469,0.3559189793379725,0.35592300290629225,-0.3559221192063958,0.3559211601336696
388,6.483999999999508,-0.1845225989818573,-0.07220987230539322,0.05049649998545647,-0.05935155972838402,-0.03612109273672104,-0.1394270807504654,-0.11008600890636444,-2.1949629666666546,-1.97199616817986,1.7827430568923208,-1.769169488673622,1.2035580624443443,-0.5728537480036416,0.3203690367937088,-0.3203690367937088,0.3203690367937088,0.3203690367937088,-0.3203690367937088,0.3203690367937088,-2.043582431662208,-1.8277496825057749,1.7664963642099023,-1.7584210706450591,1.2097418423350041,-0.5550232465552295,0.35592176938822745,-0.3559267477939982,0.3559246100477071,0.3559281748822625,-0.3559256850951313,0.35592714062315467
389,6.499999999999506,-0.1839314103126526,-0.07224062830209732,0.05033770576119423,-0.059408243745565414,-0.03588322550058365,-0.13900689780712128,-0.11003522574901581,-2.196629633333321,-1.9732001786515616,1.7835820186550073,-1.7701596260693815,1.2029600086860013,-0.5745204146703083,0.3203873187303543,-0.3203873187303543,0.3203873187303543,0.3203873187303543,-0.3203873187303543,0.3203873187303543,-2.043998399397544,-1.8277696742996785,1.7672155865913755,-1.7593996413148756,1.2091803569301924,-0.5566258425848118,0.3559357757307462,-0.35593078902712344,0.3559335600947258,0.3559303112167157,-0.35593225531640593,0.3559316469222664
390,6.517999999999504,-0.1807555854320526,-0.07216842472553253,0.04653898999094963,-0.059651657938957214,-0.03338313847780228,-0.13582420349121094,-0.10963864624500275,-2.1982962999999875,-1.9744029857303205,1.7843654248621383,-1.771153820368364,1.2024036230447046,-0.576187081336975,0.320530087351799,-0.320530087351799,0.320530087351799,0.320530087351799,-0.320530087351799,0.320530087351799,-2.0444337705987636,-1.8277452998418386,1.767986942479641,-1.7605007675732907,1.2085538591117502,-0.5584255406436777,0.3559587663286906,-0.35595469464749047,0.35595750497323825,0.35595487351810623,-0.35595551500245104,0.35595591237170837
391,6.533999999999502,-0.178939551115036,-0.07240163534879684,0.04543435201048851,-0.059956394135951996,-0.03229895979166031,-0.13450703024864197,-0.10944364219903946,-2.199962966666654,-1.9756096796528004,1.7851226640623132,-1.7721530936039633,1.2018653070481768,-0.5778537480036418,0.3206002888083458,-0.3206002888083458,0.3206002888083458,0.3206002888083458,-0.3206002888083458,0.3206002888083458,-2.0448327941145688,-1.8277379081345897,1.7686846982900415,-1.76146888330714,1.208002234408894,-0.5600227372335234,0.355986372210069,-0.35598037368569135,0.35598388553472554,0.3559800745393334,-0.35598156836116535,0.35598134030596257
392,6.549999999999501,-0.1778855174779892,-0.0724673792719841,0.044872310012578964,-0.060083262622356415,-0.03171458840370178,-0.1337352842092514,-0.10933156311511993,-2.2016296333333205,-1.9768174693073335,1.7858705358958562,-1.7731544813143358,1.2013367305747817,-0.5795204146703085,0.3206406372785568,-0.3206406372785568,0.3206406372785568,0.3206406372785568,-0.3206406372785568,0.3206406372785568,-2.0452258152057223,-1.827722691771082,1.7693794413959698,-1.762431966751969,1.2074534333345506,-0.5616257040862419,0.35601343938232727,-0.3560081885927677,0.35601111712389016,0.3560077456886121,-0.35600920840740286,0.3560087956438839
393,6.567999999999499,-0.17758473753929138,-0.07242027670145035,0.044981565326452255,-0.06005244702100754,-0.03170476108789444,-0.13350436091423035,-0.10930155217647552,-2.203296299999987,-1.9780244739190243,1.786620228651297,-1.7741553554313527,1.2008083178899835,-0.5811870813369752,0.3206514412164688,-0.3206514412164688,0.3206514412164688,0.3206514412164688,-0.3206514412164688,0.3206514412164688,-2.0456919643123297,-1.8277373003918407,1.770187576148931,-1.763476397545392,1.2068524587626936,-0.5634269638433487,0.3560282644695877,-0.3560377807549133,0.35603250080435145,0.3560393310438596,-0.356034662687671,0.3560365047702447
394,6.583999999999497,-0.18275773525238037,-0.07088132947683334,0.059563588351011276,-0.058823633939027786,-0.03990256041288376,-0.14023275673389435,-0.11020833253860474,-2.2049629666666535,-1.9792058294103048,1.7874254769622935,-1.7751357493303366,1.2002243496496297,-0.5828537480036419,0.3203250002861023,-0.3203250002861023,0.3203250002861023,0.3203250002861023,-0.3203250002861023,0.3203250002861023,-2.046112195684239,-1.8277573508537435,1.7709114930543342,-1.76441521452215,1.2063090245456656,-0.5650236865539449,0.35601737232108527,-0.35602711073294513,0.35602070999494007,0.3560277729872871,-0.35602508679243255,0.3560247883852704
395,6.599999999999495,-0.18547359108924866,-0.07194986194372177,0.0556194894015789,-0.05884232372045517,-0.03862651437520981,-0.14112769067287445,-0.11031769216060638,-2.20662963333332,-1.9804049937760335,1.7882862808288456,-1.7761164547256776,1.1995848258537203,-0.5845204146703086,0.3202856308221817,-0.3202856308221817,0.3202856308221817,0.3202856308221817,-0.3202856308221817,0.3202856308221817,-2.046514245625703,-1.827751603729916,1.7716144737955832,-1.765380233284087,1.205756357138294,-0.566626630253808,0.35600311725932116,-0.35601210194354227,0.35600713810812995,0.3560133535980833,-0.35600953335765895,0.3560109773506238
396,6.617999999999493,-0.18483509123325348,-0.07196995615959167,0.055456604808568954,-0.058898501098155975,-0.03836897015571594,-0.14065983891487122,-0.11024484783411026,-2.2082962999999864,-1.98160449304536,1.789202640250953,-1.7770980964106469,1.1989453430177917,-0.5861870813369753,0.3203118547797203,-0.3203118547797203,0.3203118547797203,0.3203118547797203,-0.3203118547797203,0.3203118547797203,-2.046985357834533,-1.8277691141108476,1.772428265719952,-1.766467547783577,1.2051251329817725,-0.5684257902143199,0.35599839472198214,-0.3559983471431721,0.35599867131060126,0.35599877999716795,-0.3559987539549674,0.35599901052985694
397,6.633999999999491,-0.18027424812316895,-0.07152163982391357,0.04861665144562721,-0.059008337557315826,-0.03455642610788345,-0.13504339754581451,-0.10960033535957336,-2.209962966666653,-1.9827965203757585,1.7900634441175052,-1.7780815687032687,1.1983614157374185,-0.587853748003642,0.32054387927055356,-0.32054387927055356,0.32054387927055356,0.32054387927055356,-0.32054387927055356,0.32054387927055356,-2.0473890762742597,-1.8277628084458044,1.7731354906577448,-1.7674248164633166,1.2045688022777281,-0.570023036904726,0.3560140469178772,-0.35601418671275126,0.35601524417379166,0.35601548470675687,-0.3560143830855055,0.356015952753321
398,6.64999999999949,-0.17973951995372772,-0.07153479009866714,0.04835912957787514,-0.059049032628536224,-0.03431563824415207,-0.13460439443588257,-0.10956521332263947,-2.2116296333333194,-1.983988766877403,1.7908694296104697,-1.7790657192470776,1.1977894884333493,-0.5895204146703087,0.3205565232038498,-0.3205565232038498,0.3205565232038498,0.3205565232038498,-0.3205565232038498,0.3205565232038498,-2.0477921666251793,-1.827754887437859,1.7738460506960512,-1.7683803284199224,1.204011501838509,-0.5716260079514207,0.3560291267690483,-0.3560300402737997,0.35602980548925667,0.35603063430256493,-0.35603033390708383,0.3560305772412518
399,6.667999999999488,-0.17949730157852173,-0.07146769016981125,0.04844245687127113,-0.05899961665272713,-0.03433316946029663,-0.13436371088027954,-0.10953687131404877,-2.213296299999986,-1.9851798950469,1.7916768038916575,-1.7800490461912897,1.1972172689423444,-0.5911870813369754,0.32056672632694244,-0.32056672632694244,0.32056672632694244,0.32056672632694244,-0.32056672632694244,0.32056672632694244,-2.048256142178814,-1.8277567244127404,1.7746558431816053,-1.7694768233104696,1.203382157693997,-0.5734255542045341,0.3560514999240439,-0.3560460416305578,0.35604884189037095,0.35604544830992885,-0.35604733672650807,0.3560465372504287
400,6.683999999999486,-0.17660722136497498,-0.07164192944765091,0.04588598385453224,-0.05937330797314644,-0.032312408089637756,-0.13193120062351227,-0.10918588936328888,-2.2149629666666524,-1.9863739272043608,1.7924415702892331,-1.7810386013241755,1.1966787288075171,-0.5928537480036421,0.32069307982921597,-0.32069307982921597,0.32069307982921597,0.32069307982921597,-0.32069307982921597,0.32069307982921597,-2.0486652164520636,-1.8277510811638997,1.7753690642813305,-1.77043067149283,1.2028304478117995,-0.575022800630855,0.3560779116918241,-0.35607295831945596,0.3560760868136498,0.3560729743814552,-0.3560741576437598,0.3560741920636723
401,6.699999999999484,-0.17615164816379547,-0.07161900401115417,0.04576819762587547,-0.05937808007001877,-0.03215473145246506,-0.13155141472816467,-0.10914939641952515,-2.216629633333319,-1.9875675772712134,1.7932043735829977,-1.7820282359920092,1.1961428166166428,-0.5945204146703088,0.3207062172889709,-0.3207062172889709,0.3207062172889709,0.3207062172889709,-0.3207062172889709,0.3207062172889709,-2.0490747998909162,-1.827744762492264,1.7760836353525375,-1.7713846513868197,1.202280201968261,-0.5766257644541035,0.35610346638728185,-0.3560986688273153,0.35610128976922695,0.3560982907654753,-0.35609999692785266,0.3560993434146978
402,6.717999999999482,-0.17589645087718964,-0.07154145836830139,0.04585028812289238,-0.05932199954986572,-0.03216250240802765,-0.1313006430864334,-0.10912135988473892,-2.2182962999999853,-1.988759934910685,1.7939685450517124,-1.783016935984507,1.1956067749098422,-0.5961870813369755,0.32071631044149396,-0.32071631044149396,0.32071631044149396,0.32071631044149396,-0.32071631044149396,0.32071631044149396,-2.0495362437186015,-1.827734538965928,1.7768824905759928,-1.7724772512101905,1.201663016650902,-0.5784254542795773,0.3561322458043362,-0.3561262861830638,0.35612947748648505,0.35612555881377705,-0.3561269354413686,0.3561265688801084
403,6.73399999999948,-0.17402517795562744,-0.07176182419061661,0.044798675924539566,-0.05963173136115074,-0.03106607496738434,-0.12996730208396912,-0.10890579968690872,-2.219962966666652,-1.9899559653138619,1.7947151896504547,-1.7840107981738595,1.1950890069937192,-0.5978537480036422,0.32079391211271285,-0.32079391211271285,0.32079391211271285,0.32079391211271285,-0.32079391211271285,0.32079391211271285,-2.0499428442334215,-1.827721627246936,1.7775923322697325,-1.7734197592686713,1.201122671954983,-0.580022748495165,0.35616079546790935,-0.35615585729693255,0.3561588226707604,0.35615579874594855,-0.3561570438516392,0.3561568309949078
404,6.749999999999479,-0.17438921332359314,-0.07157520949840546,0.045338500291109085,-0.05943271517753601,-0.03151156008243561,-0.13012827932834625,-0.10895633697509766,-2.2216296333333183,-1.9911488854721686,1.7954708313219732,-1.7850013434268184,1.1945638143256787,-0.5995204146703089,0.3207757186889648,-0.3207757186889648,0.3207757186889648,0.3207757186889648,-0.3207757186889648,0.3207757186889648,-2.0503654782795304,-1.8277282593433262,1.7783156375476432,-1.7743807244938608,1.2005819443629384,-0.5816256596409821,0.3561877036769986,-0.3561809610764892,0.3561844153805241,0.35617990685718726,-0.35618185485032045,0.35618113509529303
405,6.767999999999477,-0.1735316514968872,-0.07158400863409042,0.044957201927900314,-0.059502974152565,-0.031077437102794647,-0.12947960197925568,-0.10885868966579437,-2.223296299999985,-1.9923419522827368,1.7962201180207715,-1.7859930596626945,1.194045857040632,-0.6011870813369756,0.32081087172031403,-0.32081087172031403,0.32081087172031403,0.32081087172031403,-0.32081087172031403,0.32081087172031403,-2.0508523635950144,-1.8277499874481942,1.7791387575597004,-1.7754054812574056,1.1999927685743248,-0.5834270955983362,0.35620015335993255,-0.3562109286930057,0.3562050757165056,0.3562127702474698,-0.3562075456681081,0.35620967330651554
406,6.783999999999475,-0.17994002997875214,-0.06980982422828674,0.061325255781412125,-0.05802379176020622,-0.04054664075374603,-0.13722170889377594,-0.10994518548250198,-2.2249629666666513,-1.9935054493532083,1.7970249602751254,-1.786960122858698,1.19347234420003,-0.6028537480036423,0.3204197332262993,-0.3204197332262993,0.3204197332262993,0.3204197332262993,-0.3204197332262993,0.3204197332262993,-2.0512705272383136,-1.8277481138019973,1.7798509642921605,-1.7763540137495435,1.1994573748594997,-0.5850243562005826,0.3561811278363762,-0.35619273530721784,0.3561848307093856,0.35619309858044473,-0.35618962319360015,0.3561891944748711
407,6.799999999999473,-0.17972968518733978,-0.06969736516475677,0.061786625534296036,-0.057941537350416183,-0.04070407152175903,-0.13708451390266418,-0.1098865419626236,-2.2266296333333178,-1.9946670721059543,1.797885358085035,-1.7879258151478716,1.1928432758038723,-0.604520414670309,0.3204408448934555,-0.3204408448934555,0.3204408448934555,0.3204408448934555,-0.3204408448934555,0.3204408448934555,-2.0516901794243525,-1.8277479041719789,1.7805654510976652,-1.777303384801883,1.1989144980342452,-0.5866273309314981,0.3561678163088763,-0.35617769737575394,0.3561720704116864,0.35617897537199356,-0.35617448321626544,0.35617612494146694
408,6.817999999999471,-0.17951402068138123,-0.06960306316614151,0.06189969554543495,-0.05787966027855873,-0.04074889421463013,-0.136854887008667,-0.10986842215061188,-2.2282962999999842,-1.9958271231587232,1.7988013114505,-1.7888904761525142,1.1921641275669619,-0.6061870813369757,0.3204473680257797,-0.3204473680257797,0.3204473680257797,0.3204473680257797,-0.3204473680257797,0.3204473680257797,-2.0521750464943356,-1.8277640841977452,1.781385686676149,-1.7783549577223035,1.1982944607488282,-0.58842650787472,0.3561557204323828,-0.3561658750701814,0.35616088165220927,0.3561678636002018,-0.35616305100209444,0.35616550404280745
409,6.833999999999469,-0.1820463389158249,-0.07092535495758057,0.05692150071263313,-0.05803154036402702,-0.03895004093647003,-0.13743236660957336,-0.10996787995100021,-2.2299629666666507,-1.9970092124080163,1.7997500031290439,-1.7898576684919145,1.1915149602180206,-0.6078537480036424,0.3204115632176399,-0.3204115632176399,0.3204115632176399,0.3204115632176399,-0.3204115632176399,0.3204115632176399,-2.0525981583716986,-1.8277667967170224,1.7821085122995124,-1.7792975267599813,1.1977380694374502,-0.5900237699200268,0.3561413104142731,-0.3561513637622364,0.35614617161661194,0.35615316619539455,-0.35614873206640923,0.3561507090197996
410,6.849999999999468,-0.18183808028697968,-0.0708477795124054,0.05699492618441582,-0.057976461946964264,-0.03898082673549652,-0.13719244301319122,-0.10993954539299011,-2.231629633333317,-1.9981900087332232,1.8006999185654509,-1.7908239428576973,1.190865279772429,-0.6095204146703092,0.32042176365852354,-0.32042176365852354,0.32042176365852354,0.32042176365852354,-0.32042176365852354,0.32042176365852354,-2.0530230616970147,-1.827770069358224,1.7828363281849227,-1.7802421390138736,1.197174021634022,-0.5916267437964196,0.35612949724689374,-0.35613932784022745,0.35613433892815377,0.3561411506317981,-0.3561366388905196,0.3561387898366383
411,6.867999999999466,-0.18161505460739136,-0.07077982276678085,0.05700165405869484,-0.05792989954352379,-0.03898736089468002,-0.13692069053649902,-0.10991203784942627,-2.2332962999999837,-1.9993696724460028,1.8016499461330957,-1.7917894411834228,1.1902154904241844,-0.6111870813369759,0.32043166637420656,-0.32043166637420656,0.32043166637420656,0.32043166637420656,-0.32043166637420656,0.32043166637420656,-2.053486212286102,-1.8277518316929466,1.78364569505508,-1.7813080195796342,1.1965339422153147,-0.593426541203134,0.35611720712893524,-0.35612908083151507,0.35612321353448795,0.3561314851462605,-0.3561258462763275,0.35612858409552495
412,6.883999999999464,-0.18102385103702545,-0.07081497460603714,0.05683817341923714,-0.057978276163339615,-0.038804762065410614,-0.13637647032737732,-0.10983550548553467,-2.23496296666665,-2.00054992202277,1.8025972490234163,-1.7927557457861452,1.189568744389761,-0.6128537480036426,0.3204592180252075,-0.3204592180252075,0.3204592180252075,0.3204592180252075,-0.3204592180252075,0.3204592180252075,-2.0539347576770823,-1.8277831724486577,1.7844107044622615,-1.782238522060065,1.1959605534830704,-0.5950233828238437,0.35611638479186447,-0.35612085055172593,0.3561185791281432,0.3561219670359556,-0.3561204191352465,0.3561210866994216
413,6.899999999999462,-0.17862482368946075,-0.07018237560987473,0.05232173576951027,-0.05774944648146629,-0.036680109798908234,-0.1326742023229599,-0.10944841802120209,-2.2366296333333167,-2.0017196282829346,1.8034889963581815,-1.7937182365608362,1.1889574092264457,-0.6145204146703093,0.32059856951236726,-0.32059856951236726,0.32059856951236726,0.32059856951236726,-0.32059856951236726,0.32059856951236726,-2.0543477732674904,-1.8277626804727045,1.7851370951656502,-1.7831863950800815,1.1953873323295312,-0.5966267788526324,0.3561220909480888,-0.35613280565168143,0.356127931068227,0.3561352432137891,-0.3561294887167799,0.3561328359224201
414,6.91799999999946,-0.1806039959192276,-0.07067520916461945,0.056748125702142715,-0.05787939950823784,-0.03880167752504349,-0.13579852879047394,-0.10979709774255753,-2.238296299999983,-2.002897548435678,1.8044347984532172,-1.7946828932193069,1.1883107146010283,-0.616187081336976,0.3204730448126793,-0.3204730448126793,0.3204730448126793,0.3204730448126793,-0.3204730448126793,0.3204730448126793,-2.054838640693829,-1.8277712514456437,1.7859886585510072,-1.7842411765324135,1.1947345617899487,-0.5984261468747134,0.3561193025483373,-0.3561262246812388,0.3561222860424556,0.35612732705582006,-0.3561251546406435,0.3561255734486849
415,6.933999999999458,-0.177726149559021,-0.07015179097652435,0.052087318152189255,-0.05775948613882065,-0.036449871957302094,-0.1317693442106247,-0.10933095216751099,-2.2399629666666496,-2.0040667449519534,1.8053250449926974,-1.7956455513216205,1.1877032167350734,-0.6178537480036427,0.32064085721969604,-0.32064085721969604,0.32064085721969604,0.32064085721969604,-0.32064085721969604,0.32064085721969604,-2.05527635836518,-1.8277770447251642,1.7867486449854424,-1.7851753674252626,1.1941571931417474,-0.600023403947268,0.3561340528318457,-0.3561394246185571,0.3561371764472856,0.3561411365956607,-0.3561384154120065,0.3561401358086328
416,6.949999999999457,-0.1774926334619522,-0.07007482647895813,0.05195261910557747,-0.05770675092935562,-0.0364110991358757,-0.13143301010131836,-0.10931779444217682,-2.241629633333316,-2.005234658726603,1.8061909219777903,-1.7966073305037764,1.1870963650828088,-0.6195204146703094,0.3206455940008163,-0.3206455940008163,0.3206455940008163,0.3206455940008163,-0.3206455940008163,0.3206455940008163,-2.0556938701342036,-1.8277526461769809,1.7874894512852952,-1.786114002885508,1.1935797255490923,-0.6016268279190903,0.3561426315756477,-0.3561543919092007,0.35614851065504044,0.3561566556667061,-0.35615116712633693,0.3561538142447743
417,6.967999999999455,-0.17994123697280884,-0.07047654688358307,0.05685585364699364,-0.05772174149751663,-0.03891385346651077,-0.13488943874835968,-0.10970571637153625,-2.2432962999999826,-2.0064092678413292,1.8071123545184389,-1.797569359528735,1.186447800858367,-0.6211870813369761,0.32050594210624694,-0.32050594210624694,0.32050594210624694,0.32050594210624694,-0.32050594210624694,0.32050594210624694,-2.0562141902770996,-1.827788165854905,1.7883788245758254,-1.787171957010505,1.192919163246299,-0.603425893092241,0.35614764617425265,-0.35614786263196496,0.35614714711894807,0.35614772771176756,-0.3561485862515663,0.3561475221637931
418,6.983999999999453,-0.17486760020256042,-0.06982527673244476,0.049053315073251724,-0.05773309990763664,-0.034621499478816986,-0.1285092681646347,-0.10895489156246185,-2.244962966666649,-2.0075730224535366,1.8079782315035318,-1.7985315778605289,1.1858547921894806,-0.6228537480036428,0.32077623903751373,-0.32077623903751373,0.32077623903751373,0.32077623903751373,-0.32077623903751373,0.32077623903751373,-2.0566444095287584,-1.8277719947846522,1.7891318175691104,-1.7881009389664644,1.1923410488133057,-0.605023413369717,0.35616839263366723,-0.356174961606679,0.3561726324424299,0.3561772283625669,-0.35617338463703396,0.3561761229213043
419,6.999999999999451,-0.17640279233455658,-0.06992954015731812,0.051670659333467484,-0.057632967829704285,-0.03619573265314102,-0.13021080195903778,-0.10918991267681122,-2.2466296333333156,-2.008738514789492,1.8088394091590896,-1.7994921273243574,1.185251529978595,-0.6245204146703095,0.32069163143634793,-0.32069163143634793,0.32069163143634793,0.32069163143634793,-0.32069163143634793,0.32069163143634793,-2.057090859164013,-1.8277745361247852,1.789904302649181,-1.7890304315037255,1.191759151165898,-0.6066263908106673,0.35618284253345267,-0.35618934128742363,0.35618576373004196,0.3561904309972444,-0.35618839170976657,0.3561889241663547
420,7.017999999999449,-0.17645183205604553,-0.0697716698050499,0.05192791298031807,-0.05748988687992096,-0.03642776608467102,-0.13008224964141846,-0.10918090492486954,-2.248296299999982,-2.0099013759529094,1.8097048743754283,-1.8004502921056893,1.1846444005438506,-0.6261870813369762,0.32069487422704696,-0.32069487422704696,0.32069487422704696,0.32069487422704696,-0.32069487422704696,0.32069487422704696,-2.057599717924029,-1.8277816356629417,1.7907791232253534,-1.7900913270996168,1.191101677412956,-0.608425889871524,0.3562022516730506,-0.3562035443173126,0.356202769040961,0.35620401716858285,-0.3562037829370572,0.3562036962445928
421,7.033999999999447,-0.17372122406959534,-0.06967087090015411,0.04874010756611824,-0.057658638805150986,-0.03436789661645889,-0.12725509703159332,-0.10882827639579773,-2.2499629666666485,-2.011062557134579,1.8105172095015303,-1.8014112694191085,1.1840716022669096,-0.6278537480036429,0.3208218204975128,-0.3208218204975128,0.3208218204975128,0.3208218204975128,-0.3208218204975128,0.3208218204975128,-2.0580347622251662,-1.8277629598619716,1.7915390597034466,-1.7910121367827179,1.1905266502407472,-0.6100234263455849,0.3562224763838538,-0.35622991349496835,0.35622658418983183,0.3562319182597502,-0.35622848501579363,0.3562303834322605
422,7.049999999999446,-0.17566363513469696,-0.0696832612156868,0.051786113530397415,-0.057447489351034164,-0.036274515092372894,-0.12924781441688538,-0.10909588634967804,-2.251629633333315,-2.012223944821507,1.8113803113937035,-1.802368727574959,1.18346702701537,-0.6295204146703096,0.3207254809141159,-0.3207254809141159,0.3207254809141159,0.3207254809141159,-0.3207254809141159,0.3207254809141159,-2.0584888486632034,-1.8277686064545053,1.7923222560981125,-1.7919376281986108,1.1899471958766694,-0.6116263993373358,0.3562358038937799,-0.35624227838982553,0.35623846495925954,0.3562431592573099,-0.35624134325340123,0.3562415708854275
423,7.067999999999444,-0.1757868379354477,-0.06949842721223831,0.05211290344595909,-0.05727766826748848,-0.03656141459941864,-0.12917326390743256,-0.1090959757566452,-2.2532962999999815,-2.013382251941711,1.8122488597844695,-1.803323355379417,1.1828576701053797,-0.6311870813369763,0.3207254487276077,-0.3207254487276077,0.3207254487276077,0.3207254487276077,-0.3207254487276077,0.3207254487276077,-2.05900617459349,-1.8277801743000648,1.7932076806921153,-1.7929956112862786,1.1892919374590745,-0.6134258847409665,0.35625314967221844,-0.3562543561913742,0.35625363768062296,0.35625475331246903,-0.35625456423011936,0.35625449381552976
424,7.083999999999442,-0.17298473417758942,-0.0693870261311531,0.04885099455714226,-0.05744710937142372,-0.03444012999534607,-0.12628930807113647,-0.10873636603355408,-2.254962966666648,-2.01453870237723,1.8130630430270884,-1.804280807202274,1.1822836679387905,-0.632853748003643,0.3208549082279205,-0.3208549082279205,0.3208549082279205,0.3208549082279205,-0.3208549082279205,0.3208549082279205,-2.059447704958357,-1.8277645319102984,1.7939740706838674,-1.7939136835489748,1.1887187166023097,-0.615023421008872,0.35627188041569413,-0.35627939301310363,0.3562760716450495,0.35628142178044164,-0.35627794557999454,0.3562799015054394
425,7.09999999999944,-0.17495416104793549,-0.06939883530139923,0.051946576684713364,-0.05723332241177559,-0.036371320486068726,-0.12831461429595947,-0.10901062190532684,-2.2566296333333145,-2.0156953496322534,1.813928819305167,-1.805234695909137,1.1816774792640226,-0.6345204146703097,0.3207561761140823,-0.3207561761140823,0.3207561761140823,0.3207561761140823,-0.3207561761140823,0.3207561761140823,-2.0599081163632347,-1.8277729643071043,1.7947614022979677,-1.7948364236897354,1.1881407659143044,-0.6166263898742161,0.35628375371414256,-0.35629029831915654,0.35628645400743564,0.35629118958461586,-0.35628936325818567,0.35628959133852417
426,7.117999999999438,-0.17505726218223572,-0.06921061128377914,0.05226071551442146,-0.057063423097133636,-0.036642104387283325,-0.1282266527414322,-0.10901017487049103,-2.258296299999981,-2.0168488598203163,1.8147998312304074,-1.806185752960756,1.1810667775242345,-0.6361870813369764,0.3207563370466232,-0.3207563370466232,0.3207563370466232,0.3207563370466232,-0.3207563370466232,0.3207563370466232,-2.0604321584860257,-1.8277870108026624,1.7956489067962609,-1.7958915266516435,1.1874868807345855,-0.6184258662451391,0.35629973740711757,-0.3563009125682535,0.3563002159141944,0.3563013062810619,-0.35630113505189553,0.35630106061212274
427,7.133999999999436,-0.1721658706665039,-0.06909562647342682,0.048900727182626724,-0.05724066123366356,-0.034445613622665405,-0.12526801228523254,-0.10864076018333435,-2.2599629666666474,-2.0180004535948735,1.8156152876000922,-1.807139763981317,1.1804926839638568,-0.6378537480036431,0.32088932633399964,-0.32088932633399964,0.32088932633399964,0.32088932633399964,-0.32088932633399964,0.32088932633399964,-2.060878928141221,-1.8277725519892831,1.7964150414199296,-1.7968065878665174,1.18691485670602,-0.6200234068144735,0.35631758233429855,-0.356325181890873,0.35632183669970313,0.3563272387932385,-0.35632371627497333,0.35632571205293795
428,7.149999999999435,-0.1741754114627838,-0.069109708070755,0.052051614969968796,-0.0570249930024147,-0.036411888897418976,-0.12733224034309387,-0.10892203450202942,-2.261629633333314,-2.0191522820627195,1.8164828145162584,-1.8080901805313572,1.1798858191488997,-0.6395204146703098,0.3207880675792694,-0.3207880675792694,0.3207880675792694,0.3207880675792694,-0.3207880675792694,0.3207880675792694,-2.0613447078774016,-1.827782225757227,1.7972011767678546,-1.7977262703098351,1.1863379142038897,-0.6216263751431064,0.35632847662195233,-0.35633510242845734,0.3563312115195743,0.3563359973722018,-0.35633415881040076,0.3563343850825844
429,7.167999999999433,-0.17427325248718262,-0.06891907751560211,0.052361126989126205,-0.05685413256287575,-0.03667845577001572,-0.12723855674266815,-0.10892142355442047,-2.2632962999999804,-2.0203009333546462,1.817355499966077,-1.809037749407405,1.1792745115527328,-0.6411870813369765,0.3207882875204086,-0.3207882875204086,0.3207882875204086,0.3207882875204086,-0.3207882875204086,0.3207882875204086,-2.0618535656472683,-1.8277717234862376,1.7980694268287654,-1.7987692941228628,1.1856878367685493,-0.6234261566153967,0.35633765629014036,-0.35634593286777344,0.3563415897147895,0.3563474483900263,-0.35634427901672305,0.3563454913046155
430,7.183999999999431,-0.17373201251029968,-0.06890196353197098,0.052283745259046555,-0.05686299502849579,-0.03654484450817108,-0.12672892212867737,-0.10885460674762726,-2.264962966666647,-2.0214492994135123,1.8182268957203944,-1.8099854659912133,1.17866543081093,-0.6428537480036433,0.3208123415708542,-0.3208123415708542,0.3208123415708542,0.3208123415708542,-0.3208123415708542,0.3208123415708542,-2.06232280413981,-1.8277843244095842,1.798859103304464,-1.7996833527167717,1.1851114564080225,-0.6250234128717159,0.3563495879573427,-0.3563559946383804,0.35635268828458583,0.35635737197095374,-0.35635504702503606,0.3563559858307726
431,7.199999999999429,-0.17381541430950165,-0.0687151700258255,0.052486520260572433,-0.05669727548956871,-0.03676578402519226,-0.1266048103570938,-0.10886719822883606,-2.2666296333333134,-2.022594552247276,1.8191016710580705,-1.8109304205827061,1.1780526677438434,-0.64452041467031,0.320807808637619,-0.320807808637619,0.320807808637619,0.320807808637619,-0.320807808637619,0.320807808637619,-2.062770915280083,-1.827767746214673,1.7996256708423923,-1.8006063024539851,1.184534339785682,-0.6266268721189787,0.3563547199308985,-0.35636732528790627,0.35636082204045144,0.35636954194802745,-0.3563638663596593,0.35636644262290235
432,7.217999999999427,-0.17666850984096527,-0.06913706660270691,0.05795951560139656,-0.05669179931282997,-0.039611510932445526,-0.1304912120103836,-0.10931774228811264,-2.26829629999998,-2.0237468366906546,1.8200320019513023,-1.8118752839045866,1.1773924758949694,-0.6461870813369767,0.32064561277627945,-0.32064561277627945,0.32064561277627945,0.32064561277627945,-0.32064561277627945,0.32064561277627945,-2.0632815582400146,-1.8277578707529274,1.800499330033861,-1.801640444968454,1.1838778966325247,-0.6284266751072541,0.3563436822066094,-0.356357509566187,0.356349869829488,0.3563596224956363,-0.35635406887107773,0.35635596020519117
433,7.233999999999425,-0.17649324238300323,-0.06903700530529022,0.05820794776082039,-0.05660199001431465,-0.039765432476997375,-0.13020938634872437,-0.10927286744117737,-2.2699629666666463,-2.024897453445743,1.8210021344139826,-1.8128186504048251,1.1767297186870194,-0.6478537480036434,0.32066176772117616,-0.32066176772117616,0.32066176772117616,0.32066176772117616,-0.32066176772117616,0.32066176772117616,-2.063754041601544,-1.8277740215845844,1.8012987417566275,-1.8025488526381632,1.1832918426837702,-0.6300239493868226,0.3563388849463582,-0.35635024710691127,0.35634432324156895,0.3563524265147758,-0.35634743631017385,0.3563496630617964
434,7.249999999999424,-0.17676660418510437,-0.06882870942354202,0.05855004861950874,-0.05640284717082977,-0.0401214063167572,-0.13021793961524963,-0.10930527746677399,-2.271629633333313,-2.0260445986028017,1.8219779685576412,-1.8137586978576723,1.17606102858174,-0.6495204146703101,0.3206501001119614,-0.3206501001119614,0.3206501001119614,0.3206501001119614,-0.3206501001119614,0.3206501001119614,-2.0642009603387415,-1.827754150673043,1.8020708507528818,-1.803490808016397,1.1826975354561893,-0.631627645665721,0.35632978677709204,-0.35634232643446945,0.3563354885598631,0.3563439650405726,-0.35633799752592443,0.35634051643863646
435,7.267999999999422,-0.1727987676858902,-0.06719851493835449,0.06398886442184448,-0.05624421685934067,-0.04190710186958313,-0.12844645977020264,-0.10905896872282028,-2.2732962999999793,-2.0271645738517745,1.8230093582568552,-1.8146961014719947,1.1753625768839138,-0.6511870813369768,0.32073877125978467,-0.32073877125978467,0.32073877125978467,0.32073877125978467,-0.32073877125978467,0.32073877125978467,-2.0647166226983993,-1.82774714377734,1.8029576486917724,-1.8045214463525656,1.1820234977009916,-0.6334274575109987,0.3563327820508107,-0.3563462349206974,0.35633930077796144,0.3563486471555691,-0.35634193267516684,0.35634504327828037
436,7.28399999999942,-0.17252998054027557,-0.06712538003921509,0.0639568567276001,-0.056190285831689835,-0.041942983865737915,-0.12802450358867645,-0.10902546346187592,-2.2749629666666458,-2.0282833301857615,1.8240753058689818,-1.815632606235856,1.174663527152818,-0.6528537480036435,0.32075083315372466,-0.32075083315372466,0.32075083315372466,0.32075083315372466,-0.32075083315372466,0.32075083315372466,-2.0651553001842133,-1.8277135713837218,1.803731974254484,-1.8054938103527571,1.1814038251847123,-0.6350227035256786,0.35635676675474515,-0.3563503691293378,0.3563540344701991,0.3563496495890198,-0.3563510239931228,0.3563508607090172
437,7.299999999999418,-0.16320306062698364,-0.06906652450561523,0.04365791007876396,-0.05793702229857445,-0.029840558767318726,-0.11748531460762024,-0.10751158744096756,-2.2766296333333123,-2.0294344389275216,1.825085697925553,-1.8165982232741658,1.174020032977278,-0.6545204146703102,0.32129582852125166,-0.32129582852125166,0.32129582852125166,0.32129582852125166,-0.32129582852125166,0.32129582852125166,-2.065491639753767,-1.8278480682543716,1.8044657341019537,-1.8063750418796822,1.1807621323232786,-0.6366240221110576,0.3564209822940398,-0.35641134790355194,0.35641870395620784,0.35640986673087366,-0.3564124027192461,0.35641363442964413
438,7.317999999999416,-0.16731423139572144,-0.06683661788702011,0.05451292172074318,-0.05588732659816742,-0.03339532017707825,-0.12553100287914276,-0.10878392308950424,-2.2782962999999787,-2.030548382558972,1.8260405344265684,-1.8175296787174686,1.1734320943572936,-0.6561870813369769,0.3208377876877785,-0.3208377876877785,0.3208377876877785,0.3208377876877785,-0.3208377876877785,0.3208377876877785,-2.0655448631011875,-1.8278712686877678,1.8048082644323844,-1.8074455885938616,1.1800749722431307,-0.6384231888724565,0.3564186778931943,-0.356423917921791,0.35642078500052804,0.3564241177278931,-0.3564226306743448,0.35642198102903094
439,7.333999999999414,-0.16433268785476685,-0.06644307076931,0.056138794869184494,-0.05586320161819458,-0.031513214111328125,-0.12577052414417267,-0.10881897062063217,-2.279962966666645,-2.031655767071794,1.8269761810077214,-1.818460732077772,1.1728997112928645,-0.6578537480036436,0.3208251705765724,-0.3208251705765724,0.3208251705765724,0.3208251705765724,-0.3208251705765724,0.3208251705765724,-2.0655475572278257,-1.827870025250771,1.8049510181752522,-1.80835889757679,1.1794834466038342,-0.6400204993644454,0.3564241842518497,-0.35642736922798207,0.3564257307093507,0.35642915524982877,-0.3564275700276136,0.3564277091414881
440,7.349999999999413,-0.16365639865398407,-0.06625410914421082,0.05657755956053734,-0.05575854331254959,-0.031087301671504974,-0.12580403685569763,-0.10886308550834656,-2.2816296333333117,-2.0327600022241974,1.8279191403337303,-1.819390041132981,1.1723815895983394,-0.6595204146703103,0.32080928921699525,-0.32080928921699525,0.32080928921699525,0.32080928921699525,-0.32080928921699525,0.32080928921699525,-2.065544890967984,-1.8278655739234348,1.805057532131458,-1.80926716030095,1.1788990730882232,-0.6416236531702698,0.3564284378622282,-0.35642971974415544,0.35642900072500916,0.35643069075470146,-0.3564296222130984,0.3564300556600361
441,7.367999999999411,-0.16341473162174225,-0.06619836390018463,0.056763824075460434,-0.05570230633020401,-0.030954062938690186,-0.12581631541252136,-0.10886935889720917,-2.283296299999978,-2.0338633082892006,1.8288652040683213,-1.820318412905151,1.1718656885493612,-0.661187081336977,0.3208070307970047,-0.3208070307970047,0.3208070307970047,0.3208070307970047,-0.3208070307970047,0.3208070307970047,-2.0655413267505054,-1.8278600237554077,1.8051812605808195,-1.8102848654790673,1.1782514058850775,-0.6434236937017639,0.3564307175834184,-0.35643233575219474,0.356431537871253,0.35643319581519745,-0.3564318356970624,0.3564325673469525
442,7.383999999999409,-0.16332793235778809,-0.06620858609676361,0.05688752606511116,-0.05565869063138962,-0.03094496577978134,-0.1257963478565216,-0.10886073857545853,-2.2849629666666447,-2.034966784724147,1.82981332950274,-1.8212460577490075,1.1713499391196982,-0.6628537480036437,0.32081013411283493,-0.32081013411283493,0.32081013411283493,0.32081013411283493,-0.32081013411283493,0.32081013411283493,-2.065538362208465,-1.827855133586944,1.8053080850002707,-1.8111852292053507,1.1776837191506313,-0.6450211582989208,0.3564332385297076,-0.356434467735948,0.35643390597733243,0.35643526262896624,-0.3564341947984816,0.3564347475321688
443,7.399999999999407,-0.16325139999389648,-0.06623018532991409,0.05694873258471489,-0.05563905090093613,-0.03091885894536972,-0.12579943239688873,-0.10884629189968109,-2.286629633333311,-2.036070621146312,1.8307624750458185,-1.822173375264023,1.170834624803942,-0.6645204146703104,0.3208153349161148,-0.3208153349161148,0.3208153349161148,0.3208153349161148,-0.3208153349161148,0.3208153349161148,-2.06553571208689,-1.827850444821073,1.8054559636155783,-1.8120876800630599,1.1771203490828082,-0.6466243194303224,0.35643603859055345,-0.3564370569739126,0.35643659259652344,0.35643773350344793,-0.35643678797861444,0.3564372847440449
444,7.417999999999405,-0.16318218410015106,-0.06625784933567047,0.05698561295866966,-0.055622588843107224,-0.030897244811058044,-0.1257876753807068,-0.10882841050624847,-2.2882962999999776,-2.03717491863524,1.8317122352617963,-1.8231004184114081,1.1703196707237578,-0.6661870813369771,0.32082177221775054,-0.32082177221775054,0.32082177221775054,0.32082177221775054,-0.32082177221775054,0.32082177221775054,-2.0655331176555713,-1.827845380328817,1.8056490174174038,-1.8131011250215279,1.176494185236259,-0.6484243196081051,0.35643904742825483,-0.3564405799728335,0.35643989778282587,0.356441480990471,-0.3564402031696844,0.3564408683017916
445,7.433999999999403,-0.16314765810966492,-0.06629491597414017,0.05703739449381828,-0.05559210851788521,-0.03092331439256668,-0.1257353574037552,-0.10880844295024872,-2.289962966666644,-2.0382798339014756,1.83266285850336,-1.8240269535533729,1.1698042821505483,-0.6678537480036438,0.32082896053791043,-0.32082896053791043,0.32082896053791043,0.32082896053791043,-0.32082896053791043,0.32082896053791043,-2.0655311515891173,-1.827841046697211,1.8058434934560603,-1.8139984019480666,1.1759439625326322,-0.6500217373868544,0.35644285541421455,-0.35644395542524115,0.3564434699554859,0.35644472112742637,-0.3564437400187668,0.3564442442976638
446,7.4499999999994015,-0.16307933628559113,-0.06631803512573242,0.057064857333898544,-0.05557261034846306,-0.030903883278369904,-0.12570905685424805,-0.10878976434469223,-2.2916296333333106,-2.0393851344869045,1.833613939458925,-1.8249531637258471,1.1692892174292422,-0.6695204146703105,0.3208356848359108,-0.3208356848359108,0.3208356848359108,0.3208356848359108,-0.3208356848359108,0.3208356848359108,-2.065529577516041,-1.8278369211599006,1.806059886959407,-1.8148980710444882,1.1753966387086847,-0.6516248508302349,0.35644692254421995,-0.3564478319326781,0.3564474124856433,0.3564484212008758,-0.35644756473249367,0.35644802139111476
447,7.4679999999994,-0.16300635039806366,-0.06633933633565903,0.05707943066954613,-0.05555202439427376,-0.030881337821483612,-0.1256687045097351,-0.10876967012882233,-2.293296299999977,-2.0404907900924987,1.8345652633034175,-1.825879030799085,1.1687745284655509,-0.6711870813369772,0.320842918753624,-0.320842918753624,0.320842918753624,0.320842918753624,-0.320842918753624,0.320842918753624,-2.0655282010962464,-1.8278324689833148,1.8063289624271133,-1.8159086161316083,1.1747869703088163,-0.6534247997132954,0.35645127314860986,-0.3564527186349369,0.35645207183870714,0.35645353563081755,-0.35645234182337854,0.3564529648011952
448,7.483999999999398,-0.16296254098415375,-0.06636557728052139,0.0571119450032711,-0.05551498383283615,-0.030903123319149017,-0.1255851536989212,-0.10874822735786438,-2.2949629666666436,-2.0415968830471742,1.835517129053472,-1.8268042805296323,1.1682594764102316,-0.672853748003644,0.3208506381511688,-0.3208506381511688,0.3208506381511688,0.3208506381511688,-0.3208506381511688,0.3208506381511688,-2.0655272759502568,-1.8278286403592046,1.8065893315320312,-1.8168034652796634,1.1742501512077748,-0.6550221750105548,0.35645621344976935,-0.3564572316614279,0.35645677988461044,0.35645792838857765,-0.35645702198780005,0.3564574862713602
449,7.499999999999396,-0.16288381814956665,-0.06637835502624512,0.0571255199611187,-0.05548926442861557,-0.03087809681892395,-0.1255331039428711,-0.10872873663902283,-2.29662963333331,-2.0427031889642784,1.836469221052824,-1.8277291016034425,1.1677448414632496,-0.6745204146703107,0.32085765480995176,-0.32085765480995176,0.32085765480995176,0.32085765480995176,-0.32085765480995176,0.32085765480995176,-2.0655266727852784,-1.827824988954795,1.806869799590496,-1.8177007980938882,1.1737151582747816,-0.6566252492036173,0.35646133395821755,-0.3564621705493106,0.356461780490763,0.35646270067158553,-0.3564619093286394,0.35646233013045797
450,7.517999999999394,-0.1628003716468811,-0.06638913601636887,0.0571281798183918,-0.055462323129177094,-0.03085005283355713,-0.12546849250793457,-0.10870802402496338,-2.2982962999999765,-2.0438096745645513,1.8374213573831304,-1.8286534736555955,1.1672306739160236,-0.6761870813369774,0.3208651113510132,-0.3208651113510132,0.3208651113510132,0.3208651113510132,-0.3208651113510132,0.3208651113510132,-2.065526352040235,-1.827821029115569,1.8072086877909637,-1.818708806145697,1.173118199884252,-0.658425157812153,0.35646677850255304,-0.3564681587564451,0.3564675377677867,0.3564689215355641,-0.3564677872234955,0.35646837712513996
451,7.533999999999392,-0.16274526715278625,-0.06640348583459854,0.05714789405465126,-0.0554182231426239,-0.03086589276790619,-0.12535865604877472,-0.10868602991104126,-2.299962966666643,-2.044916399328461,1.8383738222840413,-1.8295771107079726,1.1667162423698918,-0.6778537480036441,0.32087302923202515,-0.32087302923202515,0.32087302923202515,0.32087302923202515,-0.32087302923202515,0.32087302923202515,-2.0655263485968263,-1.8278176056971314,1.8075291001520617,-1.8196014670321266,1.1725917399432761,-0.6600225004577216,0.3564726129014683,-0.3564735741238207,0.35647314581169054,0.3564742169249612,-0.35647336925515566,0.3564738009465517
452,7.5499999999993905,-0.16265670955181122,-0.0664062425494194,0.057151418179273605,-0.055386461317539215,-0.030835561454296112,-0.1252846121788025,-0.10866618156433105,-2.3016296333333095,-2.046023170037618,1.8393263459203626,-1.8305002183965982,1.1662023163456536,-0.6795204146703108,0.3208801746368408,-0.3208801746368408,0.3208801746368408,0.3208801746368408,-0.3208801746368408,0.3208801746368408,-2.0655266283346876,-1.8278143238553224,1.80786777193048,-1.8204966516566243,1.1720663072262683,-0.6616255447606689,0.3564785563917232,-0.3564793418027032,0.3564789726958158,0.3564798217294825,-0.35647908485885366,0.3564794751729642
453,7.5679999999993885,-0.16256389021873474,-0.06640744209289551,0.057144876569509506,-0.05535374954342842,-0.030802316963672638,-0.1251993626356125,-0.10864518582820892,-2.303296299999976,-2.0471299607391664,1.8402787605298545,-1.8314227808889887,1.165688944396259,-0.6811870813369775,0.32088773310184476,-0.32088773310184476,0.32088773310184476,0.32088773310184476,-0.32088773310184476,0.32088773310184476,-2.0655272452501907,-1.827810737745756,1.808270034917208,-1.8215022818418793,1.1714792370089817,-0.6634254228524362,0.35648484597259594,-0.3564861793553095,0.35648557730495756,0.3564868973267584,-0.35648581190177586,0.35648637425048957
454,7.583999999999387,-0.16249915957450867,-0.0664113238453865,0.05715470388531685,-0.0553034208714962,-0.030812986195087433,-0.12506748735904694,-0.10862286388874054,-2.3049629666666425,-2.0482368161365896,1.841231338927943,-1.8323445045701803,1.165175394626341,-0.6828537480036442,0.3208957690000534,-0.3208957690000534,0.3208957690000534,0.3208957690000534,-0.3208957690000534,0.3208957690000534,-2.065528022612454,-1.8278076098255065,1.8086450003688974,-1.8223928570931238,1.1709608687412285,-0.6650227408719515,0.3564913673285587,-0.35649228645561454,0.3564918752333432,0.356492888198773,-0.35649208518812514,0.3564924918064985
455,7.599999999999385,-0.1624024212360382,-0.06640541553497314,0.05715032294392586,-0.05526643991470337,-0.03077816218137741,-0.12497493624687195,-0.10860276222229004,-2.306629633333309,-2.0493435730621723,1.8421838443103418,-1.833265611902092,1.1646624252566513,-0.6845204146703109,0.3209030055999756,-0.3209030055999756,0.3209030055999756,0.3209030055999756,-0.3209030055999756,0.3209030055999756,-2.0655290344095505,-1.8278045912440626,1.8090366427902906,-1.823285959257648,1.1704429382020987,-0.666625762741794,0.35649794175733546,-0.35649868937441953,0.3564983355130958,0.35649913193016347,-0.35649843578319196,0.3564988031087636
456,7.617999999999383,-0.1623021811246872,-0.06639833748340607,0.05713633820414543,-0.05522868409752846,-0.030740872025489807,-0.12487228214740753,-0.10858158767223358,-2.3082962999999754,-2.050450212020229,1.843136116613744,-1.8341860899703841,1.16415007738956,-0.6861870813369776,0.3209106284379959,-0.3209106284379959,0.3209106284379959,0.3209106284379959,-0.3209106284379959,0.3209106284379959,-2.0655304187340366,-1.8278012667602233,1.8094967181130632,-1.824289251420586,1.1698636652088423,-0.6684256180009944,0.356504878163095,-0.35650617637459603,0.35650558837413043,0.35650686089128414,-0.3565058121893867,0.35650635368035105
457,7.633999999999381,-0.16223004460334778,-0.06639320403337479,0.05713799223303795,-0.05517292767763138,-0.030747607350349426,-0.12472151219844818,-0.1085590273141861,-2.309962966666642,-2.051556765420785,1.8440884164842948,-1.8351056387650113,1.1636376172670542,-0.6878537480036443,0.320918750166893,-0.320918750166893,0.320918750166893,0.320918750166893,-0.320918750166893,0.320918750166893,-2.065531799781211,-1.827798336893462,1.8099215856218085,-1.825177753598348,1.1693517085948824,-0.6700229176017409,0.35651192153710176,-0.35651281186187006,0.35651241276331846,0.3565133868433193,-0.3565126128262435,0.35651300305582356
458,7.6499999999993795,-0.1621270626783371,-0.0663798451423645,0.057127293199300766,-0.05513140186667442,-0.030709348618984222,-0.12461374700069427,-0.10853876173496246,-2.3116296333333084,-2.052663096173158,1.8450405380376165,-1.8360244954627891,1.163125794790071,-0.689520414670311,0.3209260457754135,-0.3209260457754135,0.3209260457754135,0.3209260457754135,-0.3209260457754135,0.3209260457754135,-2.0655333683860237,-1.827795491334645,1.81036181513015,-1.8260687616851756,1.1688397565504203,-0.6716259227671866,0.356518976545506,-0.35651969867435335,0.356519355564889,0.3565201181785542,-0.3565194475661776,0.3565198002673136
459,7.6679999999993775,-0.16202124953269958,-0.06636563688516617,0.057107213884592056,-0.055089257657527924,-0.030669093132019043,-0.12449595332145691,-0.10851744562387466,-2.313296299999975,-2.053769190121244,1.845992324935693,-1.8369426497570813,1.1626146432378708,-0.6911870813369777,0.3209337195754051,-0.3209337195754051,0.3209337195754051,0.3209337195754051,-0.3209337195754051,0.3209337195754051,-2.0655353364387956,-1.8277923376406677,1.8108750746423887,-1.8270696807957176,1.168266733378412,-0.6734257610601267,0.35652640750493125,-0.35652768083015374,0.35652710308541535,0.3565283442264912,-0.3565273192118018,0.35652784711523866
460,7.683999999999376,-0.16194362938404083,-0.06635268032550812,0.057101745158433914,-0.05502878874540329,-0.030672907829284668,-0.1243291050195694,-0.10849466919898987,-2.3149629666666414,-2.054875068126669,1.8469440206883336,-1.8378597962361714,1.1621034281073828,-0.6928537480036444,0.3209419190883636,-0.3209419190883636,0.3209419190883636,0.3209419190883636,-0.3209419190883636,0.3209419190883636,-2.065537227673578,-1.8277895441892802,1.8113459704748587,-1.827956060751078,1.1677599487307126,-0.6750230470089562,0.3565338552036556,-0.35653472143371506,0.35653433176363275,0.3565352732508947,-0.3565345246369112,0.3565349004940113
461,7.699999999999374,-0.16183602809906006,-0.06633282452821732,0.05708521232008934,-0.05498320236802101,-0.030632220208644867,-0.12420740723609924,-0.10847432166337967,-2.316629633333308,-2.0559806152021394,1.8478954408936685,-1.838776182942305,1.1615928911039053,-0.6945204146703111,0.3209492442011833,-0.3209492442011833,0.3209492442011833,0.3209492442011833,-0.3209492442011833,0.3209492442011833,-2.0655392754077573,-1.8277868172572693,1.811831116081395,-1.8288449170096472,1.1672528462423721,-0.6766260397177818,0.3565412764814003,-0.3565419774640722,0.3565416423817379,0.35654237521360765,-0.35654172818586505,0.3565420673546765
462,7.717999999999372,-0.1617259532213211,-0.06631236523389816,0.057059865444898605,-0.054937176406383514,-0.030589677393436432,-0.1240769475698471,-0.10845288634300232,-2.3182962999999743,-2.057085821289371,1.8488464386510834,-1.839691802549078,1.161083063147348,-0.6961870813369778,0.32095696091651915,-0.32095696091651915,0.32095696091651915,0.32095696091651915,-0.32095696091651915,0.32095696091651915,-2.0655417423641773,-1.8277837779798856,1.8123936480075542,-1.8298433861908057,1.166684924733543,-0.6784258653402373,0.35654908414890185,-0.3565503369174595,0.35654976722582227,0.3565509812220519,-0.35654997745604394,0.3565504931930219
463,7.73399999999937,-0.1616441309452057,-0.06629247963428497,0.05704812332987785,-0.05487249046564102,-0.030591323971748352,-0.1238958090543747,-0.10842998325824738,-2.319962966666641,-2.0581906959499423,1.8497972407065815,-1.8406063440568388,1.160573207747819,-0.6978537480036445,0.32096520602703094,-0.32096520602703094,0.32096520602703094,0.32096520602703094,-0.32096520602703094,0.32096520602703094,-2.065544042640477,-1.827781069944382,1.8129072782866889,-1.830727566578743,1.1661823895048824,-0.6800231410936419,0.35655683631707974,-0.35655768480811734,0.3565573020671997,0.3565582190627371,-0.35655748974030654,0.356557854579093
464,7.7499999999993685,-0.16153307259082794,-0.06626687198877335,0.0570267029106617,-0.05482335016131401,-0.03054867684841156,-0.12376239895820618,-0.10840952396392822,-2.3216296333333073,-2.059295143816422,1.8507476857550924,-1.8415200665595273,1.160064063133679,-0.6995204146703112,0.32097257137298585,-0.32097257137298585,0.32097257137298585,0.32097257137298585,-0.32097257137298585,0.32097257137298585,-2.0655464695691395,-1.827778414747724,1.8134342071869884,-1.8316141822111016,1.1656793004715216,-0.6816261245379092,0.356564537357072,-0.3565652227733296,0.35656489371434313,0.3565656047131752,-0.35656497519491637,0.356565304266246
465,7.7679999999993665,-0.16141977906227112,-0.06624087691307068,0.056996699422597885,-0.05477387458086014,-0.030504457652568817,-0.12362031638622284,-0.1083880066871643,-2.323296299999974,-2.0603991584316397,1.8516976307454691,-1.8424329644692083,1.1595556555061362,-0.7011870813369779,0.32098031759262086,-0.32098031759262086,0.32098031759262086,0.32098031759262086,-0.32098031759262086,0.32098031759262086,-2.0655493303742,-1.8277754430555393,1.814042666583483,-1.8326100928500029,1.165115631509326,-0.683425940745606,0.3565726332829594,-0.3565738700969138,0.3565733066183153,0.35657450016394593,-0.3565735125288679,0.3565740189731758
466,7.783999999999365,-0.1613350212574005,-0.06621478497982025,0.056979138404130936,-0.054705407470464706,-0.03050452470779419,-0.12342658638954163,-0.10836498439311981,-2.3249629666666403,-2.061502738181303,1.8526472830522047,-1.8433447212603828,1.1590472467610062,-0.7028537480036446,0.32098860561847686,-0.32098860561847686,0.32098860561847686,0.32098860561847686,-0.32098860561847686,0.32098860561847686,-2.065551953239933,-1.827772783863962,1.8145962046191881,-1.8334919714749325,1.1646166641902647,-0.6850232089240886,0.3565806185354414,-0.35658145355235693,0.3565810760233262,0.3565819745805064,-0.3565812598346273,0.3565816163383216
467,7.799999999999363,-0.16122128069400787,-0.06618410348892212,0.056953396648168564,-0.05465308576822281,-0.030460476875305176,-0.1232825517654419,-0.10834448039531708,-2.3266296333333067,-2.062605806572785,1.8535965063296742,-1.8442556060231865,1.1585395721464178,-0.7045204146703113,0.32099598705768584,-0.32099598705768584,0.32099598705768584,0.32099598705768584,-0.32099598705768584,0.32099598705768584,-2.0655546790924504,-1.8277701682180676,1.8151622152590996,-1.834376238908204,1.1641169698128915,-0.6866261854859748,0.3565885320963356,-0.3565892059224108,0.35658888122406246,0.3565895759802903,-0.3565889597342778,0.35658928103854026
468,7.817999999999361,-0.1611056625843048,-0.06615309417247772,0.056919049471616745,-0.05460048094391823,-0.03041498363018036,-0.12313050031661987,-0.10832288861274719,-2.3282962999999732,-2.063708358142326,1.854545157154201,-1.8451656140389185,1.1580326557525815,-0.706187081336978,0.321003760099411,-0.321003760099411,0.321003760099411,0.321003760099411,-0.321003760099411,0.321003760099411,-2.065557850490025,-1.827767232745704,1.815813698088989,-1.8353694653681272,1.1635569246955042,-0.6884259946965686,0.3565968482379724,-0.3565980724231711,0.3565975138587311,0.356598691793397,-0.356597716523834,0.3565982158222429
469,7.833999999999359,-0.16101865470409393,-0.06612145900726318,0.05689625069499016,-0.05452866479754448,-0.03041382133960724,-0.12292543053627014,-0.10829976201057434,-2.3299629666666397,-2.0648103824591137,1.8554934279991175,-1.8460744251188776,1.1575257587302548,-0.7078537480036448,0.3210120856761932,-0.3210120856761932,0.3210120856761932,0.3210120856761932,-0.3210120856761932,0.3210120856761932,-2.0655607276904617,-1.827764598435949,1.8164046710980852,-1.8362489277565366,1.1630610207065388,-0.6900232572432003,0.35660501146095336,-0.3566058361039273,0.3566054625716896,0.3566063471446278,-0.3566056434932555,0.35660599365055196
470,7.8499999999993575,-0.16090291738510132,-0.06608609110116959,0.056866299360990524,-0.054473429918289185,-0.03036864846944809,-0.1227719783782959,-0.10827921330928802,-2.331629633333306,-2.0659118173107998,1.856441199655134,-1.8469823156175158,1.1570196145890972,-0.7095204146703115,0.3210194832086563,-0.3210194832086563,0.3210194832086563,0.3210194832086563,-0.3210194832086563,0.3210194832086563,-2.0655636891887506,-1.8277620017215055,1.8170073824239554,-1.8371307294904977,1.1625642630668718,-0.6916262286876368,0.3566130877344235,-0.3566137527994482,0.35661343137162776,0.3566141139692794,-0.35661350779478224,0.3566138231693036
471,7.8679999999993555,-0.16078558564186096,-0.06605055928230286,0.05682801082730293,-0.054418016225099564,-0.030322067439556122,-0.12261062860488892,-0.10825759172439575,-2.3332962999999727,-2.067012659965505,1.8573883331689223,-1.8478892825546007,1.156514246798438,-0.7111870813369782,0.3210272669792175,-0.3210272669792175,0.3210272669792175,0.3210272669792175,-0.3210272669792175,0.3210272669792175,-2.0655671055857834,-1.8277590829218118,1.8176993084999404,-1.8381211374301842,1.162007376985298,-0.6934260326907834,0.35662157190779004,-0.35662278589656615,0.3566222312603466,0.35662339716512487,-0.3566224315115256,0.356622925197853
472,7.883999999999354,-0.16069696843624115,-0.06601380556821823,0.05680014565587044,-0.05434311553835869,-0.030319854617118835,-0.12239544093608856,-0.10823439061641693,-2.334962966666639,-2.0681128900583086,1.8583350022631868,-1.8487950011469068,1.1560089158881526,-0.7128537480036449,0.3210356193780899,-0.3210356193780899,0.3210356193780899,0.3210356193780899,-0.3210356193780899,0.3210356193780899,-2.0655701833375595,-1.827756459043925,1.818325501755203,-1.8389980631146847,1.1615141637947395,-0.695023291044246,0.35662987013324127,-0.35663068668195214,0.3566303162254691,0.3566311901248204,-0.3566304950044373,0.3566308402530241
473,7.899999999999352,-0.16057977080345154,-0.06597413122653961,0.056766364723443985,-0.054285235702991486,-0.030273757874965668,-0.12223342061042786,-0.10821382701396942,-2.3366296333333056,-2.069212458912084,1.859281108341911,-1.84969975507529,1.1555043532569031,-0.7145204146703116,0.321043022274971,-0.321043022274971,0.321043022274971,0.321043022274971,-0.321043022274971,0.321043022274971,-2.065573330590344,-1.827753869288675,1.8189627653376883,-1.839877277220694,1.1610200053366933,-0.696626258677799,0.35663806914552454,-0.3566387275368466,0.35663840854481127,0.3566390820258469,-0.35663848357228084,0.35663879433584145
474,7.91799999999935,-0.1604611873626709,-0.06593441963195801,0.056724194437265396,-0.05422722175717354,-0.03022637963294983,-0.12206366658210754,-0.10819218307733536,-2.338296299999972,-2.07031136590595,1.860226511582532,-1.8506035421045763,1.1550005802630205,-0.7161870813369783,0.32105081409215924,-0.32105081409215924,0.32105081409215924,0.32105081409215924,-0.32105081409215924,0.32105081409215924,-2.0655769402202764,-1.8277509563804697,1.8196927886735095,-1.8408647288147644,1.1604659360266114,-0.6984260587978055,0.3566466807825232,-0.3566478862742752,0.35664733493125067,0.35664849139786237,-0.35664753330165033,0.3566480225710065
475,7.933999999999348,-0.16037127375602722,-0.06589290499687195,0.05669155344367027,-0.05414950102567673,-0.03022318333387375,-0.12183929979801178,-0.10816892981529236,-2.3399629666666386,-2.0714095809892314,1.8611713708065931,-1.8515060337883376,1.1544968605407893,-0.717853748003645,0.32105918526649474,-0.32105918526649474,0.32105918526649474,0.32105918526649474,-0.32105918526649474,0.32105918526649474,-2.0655801760032975,-1.8277483354879462,1.8203521735775854,-1.8417389954044432,1.1599751397279885,-0.7000233140232986,0.3566550805760053,-0.35665589065939757,0.35665552264428824,0.3566563882892664,-0.3566556997925777,0.35665604122175815
476,7.9499999999993465,-0.16025298833847046,-0.06584920734167099,0.05665412172675133,-0.054089177399873734,-0.03017628937959671,-0.12166935205459595,-0.10814836621284485,-2.341629633333305,-2.0725070677782593,1.8621156061687056,-1.8524075200783354,1.1539939223844626,-0.7195204146703117,0.32106658816337585,-0.32106658816337585,0.32106658816337585,0.32106658816337585,-0.32106658816337585,0.32106658816337585,-2.0655834694889394,-1.8277457470415766,1.8210220084600368,-1.8426154990410615,1.1594833327091805,-0.7016262788134964,0.3566633715547754,-0.35666402476447445,0.35666370763561467,0.3566643742314144,-0.3566637817428738,0.35666408889848333
477,7.9679999999993445,-0.16013339161872864,-0.065805584192276,0.05660850182175636,-0.05402877926826477,-0.030128151178359985,-0.12149208784103394,-0.10812673717737198,-2.3432962999999716,-2.0736038275147974,1.8630590811990682,-1.8533079997328066,1.15349178653149,-0.7211870813369784,0.3210743746161461,-0.3210743746161461,0.3210743746161461,0.3210743746161461,-0.3210743746161461,0.3210743746161461,-2.0655872312384718,-1.827742835605445,1.8217879515188944,-1.8435998564921883,1.158931829739102,-0.7034260760307471,0.356672078041834,-0.3566732762685041,0.3566727277315318,0.35667387668206985,-0.356672924646782,0.35667341033924077
478,7.983999999999343,-0.16004274785518646,-0.06575957685709,0.05657101795077324,-0.05394843593239784,-0.0301242396235466,-0.12125903367996216,-0.10810346901416779,-2.344962966666638,-2.0746998204624156,1.8640019314982477,-1.8542071403316798,1.1529897158710976,-0.7228537480036451,0.3210827511548996,-0.3210827511548996,0.3210827511548996,0.3210827511548996,-0.3210827511548996,0.3210827511548996,-2.0655905911903196,-1.8277402152941713,1.8224786333202165,-1.8444713423803545,1.1584432503358995,-0.7050233289176803,0.35668055180869235,-0.35668135660017075,0.3566809905505033,0.3566818497232469,-0.3566811664614381,0.3566815048449189
479,7.999999999999341,-0.15992355346679688,-0.06571219861507416,0.05653006210923195,-0.053885869681835175,-0.03007648140192032,-0.12108196318149567,-0.10808290541172028,-2.3466296333333045,-2.075795023772667,1.864944099200068,-1.8551052381597104,1.1524884411810656,-0.7245204146703118,0.3210901540517807,-0.3210901540517807,0.3210901540517807,0.3210901540517807,-0.3210901540517807,0.3210901540517807,-2.0655939993362584,-1.8277376270283425,1.823179179039943,-1.8453450141957308,1.1579536144812403,-0.706626291581689,0.3566889098446917,-0.35668955891888154,0.35668924328835266,0.356689904626832,-0.3566893167763324,0.35668962111039
480,8.017999999999347,-0.15980321168899536,-0.0656648576259613,0.05648102983832359,-0.05382325127720833,-0.030027620494365692,-0.12089774012565613,-0.10806133598089218,-2.348296299999971,-2.076889438066433,1.8658854496973736,-1.8560022923476638,1.1519879808394928,-0.7261870813369785,0.3210979190468788,-0.3210979190468788,0.3210979190468788,0.3210979190468788,-0.3210979190468788,0.3210979190468788,-2.0655978802477364,-1.8277347171580152,1.8239789855555892,-1.8463261420541663,1.1574044963204122,-0.7084260866226492,0.35669768414442715,-0.356698875966708,0.3566983298976056,0.356699472733714,-0.3566985256638685,0.35669900839214524
481,8.033999999999352,-0.15971186757087708,-0.06561467796564102,0.05643892660737038,-0.053740497678518295,-0.03002280741930008,-0.12065677344799042,-0.1080380529165268,-2.3499629666666375,-2.077983016032527,1.8668260984741631,-1.8568979673089725,1.151487600715838,-0.7278537480036452,0.3211063009500503,-0.3211063009500503,0.3211063009500503,0.3211063009500503,-0.3211063009500503,0.3211063009500503,-2.0656013371085398,-1.8277320985787282,1.8246991660127878,-1.8471947282395809,1.1569179899684172,-0.7100233377567913,0.35670621020701565,-0.35670701051747694,0.3567066461615443,0.3567075001706603,-0.35670682105350027,0.3567071570460688
482,8.049999999999358,-0.15959198772907257,-0.06556373089551926,0.05639452859759331,-0.053675852715969086,-0.029974281787872314,-0.12047308683395386,-0.10801751911640167,-2.351629633333304,-2.0790757448807855,1.8677660072841231,-1.8577925648542386,1.1509880293527066,-0.7295204146703119,0.3211136931180954,-0.3211136931180954,0.3211136931180954,0.3211136931180954,-0.3211136931180954,0.3211136931180954,-2.0656064013808777,-1.8277268113705198,1.825802108371653,-1.8480339457921808,1.1564294246017037,-0.7116279416286236,0.35671226935961386,-0.3567156605089155,0.35671404230095316,0.3567173273235864,-0.3567151272082182,0.3567161595987843
483,8.067999999999364,-0.16313962638378143,-0.06737949699163437,0.0559055395424366,-0.05450143665075302,-0.033155642449855804,-0.12072065472602844,-0.10747167468070984,-2.3532962999999705,-2.0801987364973127,1.868697766276497,-1.8587009221317512,1.1504354353118758,-0.7311870813369786,0.32131019711494446,-0.32131019711494446,0.32131019711494446,0.32131019711494446,-0.32131019711494446,0.32131019711494446,-2.06561407634796,-1.8277228962943157,1.8280892107046514,-1.8489748879926584,1.155875343117636,-0.7134290082082464,0.35674568482146674,-0.35674661096562815,0.3567467569882748,0.3567487293316325,-0.35674650512037526,0.3567482402107625
484,8.083999999999369,-0.16632896661758423,-0.06921031326055527,0.053583089262247086,-0.05534619092941284,-0.03582238405942917,-0.11977271735668182,-0.1067924052476883,-2.354962966666637,-2.081352241718322,1.869590817764201,-1.8596233586472415,1.149838395577552,-0.7328537480036453,0.3215547341108322,-0.3215547341108322,0.3215547341108322,0.3215547341108322,-0.3215547341108322,0.3215547341108322,-2.0656200112481398,-1.8277230887154265,1.830681147599448,-1.8498278027836341,1.1553776910912674,-0.7150267022023059,0.35679872215544406,-0.3567981398958762,0.3567992428128614,0.3567993755773495,-0.3567979296700502,0.3567996320417684
485,8.099999999999374,-0.1676829606294632,-0.06996610015630722,0.05209990218281746,-0.055663082748651505,-0.03704110532999039,-0.1187998354434967,-0.10643184185028076,-2.3566296333333034,-2.082518343387594,1.870459149467248,-1.8605510766930524,1.149221043822052,-0.734520414670312,0.3216845369338989,-0.3216845369338989,0.3216845369338989,0.3216845369338989,-0.3216845369338989,0.3216845369338989,-2.0656248775727395,-1.827725642785936,1.8335487154967174,-1.8506965627657455,1.1548707924819286,-0.7166297037654223,0.3568592302015468,-0.35685892277384595,0.3568593963319084,0.3568591619160143,-0.35685858502613454,0.35685933337580494
486,8.11799999999938,-0.16818484663963318,-0.07022809982299805,0.05117562785744667,-0.055731307715177536,-0.03760644793510437,-0.11789274215698242,-0.10621659457683563,-2.35829629999997,-2.0836888117179773,1.8713120765982054,-1.8614799318216386,1.1485942696898004,-0.7361870813369787,0.32176202595233916,-0.32176202595233916,0.32176202595233916,0.32176202595233916,-0.32176202595233916,0.32176202595233916,-2.065629212448343,-1.827730275556875,1.8369056384739122,-1.851683459130106,1.1542927467487547,-0.7184292505123939,0.35692862838783745,-0.3569293500942623,0.3569289704830493,0.35692945828562006,-0.35692894891952065,0.35692919222518216
487,8.133999999999386,-0.16813082993030548,-0.07015916705131531,0.05061643198132515,-0.055616363883018494,-0.03775957226753235,-0.11696027219295502,-0.10609784722328186,-2.3599629666666364,-2.0848581311688323,1.872155683797894,-1.8624068712196888,1.1479649434853416,-0.7378537480036454,0.3218047749996185,-0.3218047749996185,0.3218047749996185,0.3218047749996185,-0.3218047749996185,0.3218047749996185,-2.0656304661253397,-1.8277391852105218,1.8394155789386895,-1.8526088769244577,1.153774029699664,-0.7200237677999742,0.35699305560428585,-0.3569889733765061,0.35699077335996265,0.3569869293471518,-0.35698934961944273,0.3569881025047731
488,8.149999999999391,-0.16246457397937775,-0.06751301139593124,0.05107339844107628,-0.054352324455976486,-0.03275185078382492,-0.116188183426857,-0.10683701932430267,-2.361629633333303,-2.0859833480254313,1.8730069071052453,-1.8633127432939551,1.1473911728364383,-0.7395204146703122,0.321538673043251,-0.321538673043251,0.321538673043251,0.321538673043251,-0.321538673043251,0.321538673043251,-2.06562908928986,-1.8277456068413067,1.8406757705619308,-1.8535363018239872,1.1532525935567788,-0.7216252059620927,0.357015507093069,-0.3570169704506059,0.3570150139987712,0.3570143996674215,-0.35701616556300536,0.35701401365860275
489,8.167999999999397,-0.15857157111167908,-0.06513809412717819,0.05360880866646767,-0.05312102288007736,-0.029976651072502136,-0.11610914766788483,-0.10746811330318451,-2.3632962999999694,-2.087068982927551,1.8739003872496864,-1.8641980936752898,1.1468729577430905,-0.7411870813369789,0.32131147921085357,-0.32131147921085357,0.32131147921085357,0.32131147921085357,-0.32131147921085357,0.32131147921085357,-2.0656293517747755,-1.8277468780069086,1.841535022172511,-1.8545366018911662,1.1526668243843399,-0.7234245638329948,0.3570126731550427,-0.3570157216168434,0.3570133788902805,0.3570155661419809,-0.35701544175819766,0.357014352932479
490,8.183999999999402,-0.15708960592746735,-0.06420763581991196,0.05462354049086571,-0.052602414041757584,-0.02902519702911377,-0.11588248610496521,-0.10766730457544327,-2.364962966666636,-2.088139110191216,1.8748107795912008,-1.8650748005759856,1.1463892044592718,-0.7428537480036456,0.3212397703528404,-0.3212397703528404,0.3212397703528404,0.3212397703528404,-0.3212397703528404,0.3212397703528404,-2.0656306380274816,-1.827746045932488,1.8421378456514308,-1.855408017497931,1.1521509513396797,-0.7250217878256842,0.3570053191348233,-0.35700692963694525,0.35700588966530805,0.35700752732533275,-0.35700688640405415,0.3570068128655752
491,8.199999999999408,-0.15659558773040771,-0.06391432881355286,0.054923344403505325,-0.05241963639855385,-0.028716668486595154,-0.11575563251972198,-0.10771525651216507,-2.3666296333333023,-2.0892043490047754,1.8757261686645925,-1.8659484611826282,1.1459105933178286,-0.7445204146703123,0.32122250765562055,-0.32122250765562055,0.32122250765562055,0.32122250765562055,-0.32122250765562055,0.32122250765562055,-2.065632427511249,-1.827744639114004,1.8426974848630522,-1.8562760684942494,1.151637830255787,-0.7266248259973017,0.3569968331884952,-0.35699782847533196,0.35699734519904824,0.3569984282604887,-0.3569975873567616,0.35699802127504543
492,8.217999999999414,-0.15637072920799255,-0.06379197537899017,0.05501863732933998,-0.05232178419828415,-0.028581544756889343,-0.11564089357852936,-0.10772422701120377,-2.368296299999969,-2.0902675485944253,1.8766431459534147,-1.8668204909192663,1.145434234238547,-0.746187081336979,0.32121927827596664,-0.32121927827596664,0.32121927827596664,0.32121927827596664,-0.32121927827596664,0.32121927827596664,-2.06563474777844,-1.8277428184675282,1.8433176892381244,-1.8572476363384303,1.1510667084351383,-0.7284247393910301,0.3569871605784049,-0.3569885627109092,0.3569879807795659,0.3569894197510863,-0.35698818249212505,0.35698888682306956
493,8.23399999999942,-0.156271293759346,-0.06372606009244919,0.05505592003464699,-0.0522337406873703,-0.028549842536449432,-0.11548471450805664,-0.10771877318620682,-2.3699629666666353,-2.0913296495959663,1.8775607446206588,-1.8676910532640558,1.1449584035296063,-0.7478537480036457,0.32122124165296556,-0.32122124165296556,0.32122124165296556,0.32122124165296556,-0.32122124165296556,0.32122124165296556,-2.065636931736302,-1.827741092762736,1.8438723498642833,-1.8581059964601196,1.1505643295553072,-0.7300220988574061,0.35698021032834143,-0.3569812165980798,0.3569808172716538,0.35698197079817495,-0.3569810083261598,0.3569815472100907
494,8.249999999999424,-0.1561770886182785,-0.06368129700422287,0.05506320670247078,-0.05217379331588745,-0.028500810265541077,-0.11537772417068481,-0.10770903527736664,-2.371629633333302,-2.0923910045460365,1.8784784647323667,-1.8685606164859874,1.1444833900251807,-0.7495204146703124,0.321224747300148,-0.321224747300148,0.321224747300148,0.321224747300148,-0.321224747300148,0.321224747300148,-2.0656392256464247,-1.827739372481334,1.844434876843559,-1.85896512510381,1.1500641893445434,-0.7316251630552969,0.35697422327380757,-0.3569750520613832,0.356974714518162,0.3569756570079313,-0.35697480475029786,0.35697529773463027
495,8.26799999999943,-0.15609119832515717,-0.06364253908395767,0.05505167320370674,-0.05211669206619263,-0.02845653146505356,-0.1152617484331131,-0.1076965183019638,-2.3732962999999683,-2.093451713530769,1.879395992619095,-1.8694292280204239,1.1440091145007631,-0.7511870813369791,0.321229253411293,-0.321229253411293,0.321229253411293,0.321229253411293,-0.321229253411293,0.321229253411293,-2.065641921266489,-1.8277374314251182,1.8450786690459744,-1.8599285899957985,1.1495067151501994,-0.7334250635273488,0.35696814536005556,-0.3569694529926271,0.35696891315555634,0.3569702761021433,-0.35696910513979796,0.35696975741492426
496,8.283999999999436,-0.1560409814119339,-0.06360374391078949,0.055038344115018845,-0.05204169824719429,-0.028456971049308777,-0.11509278416633606,-0.10768198221921921,-2.3749629666666348,-2.0945117759292824,1.8803132983543454,-1.8702965896578772,1.1435348316499414,-0.7528537480036458,0.3212344864010811,-0.3212344864010811,0.3212344864010811,0.3212344864010811,-0.3212344864010811,0.3212344864010811,-2.065644364926128,-1.8277356636970463,1.8456600248770996,-1.8607805350378228,1.1490155712819843,-0.7350224006832093,0.3569644280887709,-0.35696535519440853,0.35696498568135676,0.3569660528231046,-0.3569651592190122,0.35696565524820806
497,8.299999999999441,-0.1559583693742752,-0.0635635107755661,0.05502214655280113,-0.051983773708343506,-0.02841518074274063,-0.11497186124324799,-0.10766899585723877,-2.3766296333333012,-2.095571167775542,1.8812303341302254,-1.8711629858863494,1.143061245304229,-0.7545204146703125,0.32123916149139403,-0.32123916149139403,0.32123916149139403,0.32123916149139403,-0.32123916149139403,0.32123916149139403,-2.0656468832475094,-1.827733917935076,1.8462507041963456,-1.8616336474014827,1.1485258687362438,-0.7366254407547981,0.35696147785515964,-0.356962243825362,0.35696192433889007,0.35696278440372675,-0.3569620007005814,0.35696245041135105
498,8.317999999999447,-0.1558745801448822,-0.06352324038743973,0.05499483272433281,-0.0519256554543972,-0.02837222069501877,-0.11484196782112122,-0.10765467584133148,-2.3782962999999677,-2.096629888448666,1.8821469146756309,-1.872028413477256,1.142588374959312,-0.7561870813369792,0.32124431669712067,-0.32124431669712067,0.32124431669712067,0.32124431669712067,-0.32124431669712067,0.32124431669712067,-2.0656498049546634,-1.8277319527884968,1.846926381985799,-1.8625906898648372,1.1479792462319474,-0.7384253150145321,0.356958548187124,-0.3569598005774353,0.35695927352497797,0.35696056279364985,-0.35695945785819827,0.35696006505706923
499,8.333999999999453,-0.15582305192947388,-0.06348028779029846,0.054966505616903305,-0.05184842646121979,-0.02837151288986206,-0.11465737223625183,-0.10763870179653168,-2.379962966666634,-2.097687893245171,1.8830630231025793,-1.8728925539182764,1.1421155164111476,-0.7578537480036459,0.32125006735324857,-0.32125006735324857,0.32125006735324857,0.32125006735324857,-0.32125006735324857,0.32125006735324857,-2.0656540877448126,-1.8277275833817503,1.8479479093872049,-1.8634035682495045,1.1474954592578581,-0.7400242138951354,0.35695531433784417,-0.3569584616777666,0.35695700509361183,0.35696022168319774,-0.35695812206469196,0.3569591178949246
500,8.349999999999458,-0.15946848690509796,-0.065265953540802,0.05470367893576622,-0.05262552574276924,-0.03155051916837692,-0.11514073610305786,-0.10715901106595993,-2.3816296333333007,-2.0987756591375173,1.8839747510848421,-1.8737696460139892,1.141589674425008,-0.7595204146703126,0.3214227560162544,-0.3214227560162544,0.3214227560162544,0.3214227560162544,-0.3214227560162544,0.3214227560162544,-2.0656595496595385,-1.8277253874265844,1.8496950699157693,-1.864222957578012,1.147007651062684,-0.7416281624975746,0.3569744884069625,-0.3569747736311124,0.3569752390349152,0.3569765035147442,-0.3569747538185356,0.35697630221124815
501,8.367999999999464,-0.16187694668769836,-0.06661563366651535,0.053194720298051834,-0.05322862043976784,-0.03350505977869034,-0.11467725038528442,-0.10670001804828644,-2.383296299999967,-2.0998859196986257,1.8848613297564762,-1.8746567896879853,1.1410312567620298,-0.7611870813369793,0.32158799350261685,-0.32158799350261685,0.32158799350261685,0.32158799350261685,-0.32158799350261685,0.32158799350261685,-2.0656648350199593,-1.8277262805501797,1.85217413673718,-1.8651621520016732,1.1464560222833282,-0.7434284280052427,0.3570118896747408,-0.35701218609851126,0.3570125509065457,0.35701322214776227,-0.35701178042124315,0.35701314547020985
502,8.38399999999947,-0.16326174139976501,-0.06735114008188248,0.051997099071741104,-0.05351395159959793,-0.034722454845905304,-0.1139080673456192,-0.10637569427490234,-2.3849629666666337,-2.1010084386999903,1.8857279480743385,-1.875548688881312,1.1404525491812647,-0.762853748003646,0.32170475006103516,-0.32170475006103516,0.32170475006103516,0.32170475006103516,-0.32170475006103516,0.32170475006103516,-2.065668579845764,-1.8277290004739453,1.854616601880725,-1.8660055013715608,1.1459617490029637,-0.7450257392940204,0.3570542552406304,-0.3570542883753782,0.35705458328692646,0.3570547591316044,-0.3570540362901592,0.35705477388863005
503,8.399999999999475,-0.16365694999694824,-0.0675600916147232,0.051285188645124435,-0.053564634174108505,-0.035147055983543396,-0.11322404444217682,-0.10621117055416107,-2.3866296333333,-2.1021344402269024,1.886582701218424,-1.8764414327842138,1.1398667649148724,-0.7645204146703127,0.321763978600502,-0.321763978600502,0.321763978600502,0.321763978600502,-0.321763978600502,0.321763978600502,-2.0656712433769537,-1.8277341908117521,1.8570572417333102,-1.8668731644901233,1.1454606910527987,-0.7466274663598926,0.357100307367649,-0.3570980402208219,0.3570991817823603,0.357097422417991,-0.35709829566456924,0.3570979767031464
504,8.41799999999948,-0.16133686900138855,-0.066842220723629,0.04993990436196327,-0.05327839031815529,-0.03295544534921646,-0.11208245158195496,-0.1063242256641388,-2.3882962999999666,-2.103248477238963,1.8874150329577901,-1.8773294059561831,1.1393175074923854,-0.7661870813369794,0.32172327876091,-0.32172327876091,0.32172327876091,0.32172327876091,-0.32172327876091,0.32172327876091,-2.0656701203989494,-1.8277426439910833,1.858564890924899,-1.8678976978425517,1.1448994050021502,-0.7484250794641231,0.3571390214677843,-0.3571393043539191,0.35713890410364874,0.3571378935296565,-0.35713851269115476,0.3571379708452148
505,8.433999999999486,-0.15587863326072693,-0.06362119317054749,0.05236057564616203,-0.051637664437294006,-0.02881062775850296,-0.11157841980457306,-0.10714739561080933,-2.389962966666633,-2.104308830458472,1.8882877092185595,-1.8781900336968047,1.138823805625454,-0.7678537480036461,0.32142693758010865,-0.32142693758010865,0.32142693758010865,0.32142693758010865,-0.32142693758010865,0.32142693758010865,-2.0656698746878495,-1.8277444959446703,1.859310244163896,-1.8687638888819689,1.1444015363512519,-0.7500218513778271,0.3571365526560939,-0.3571395377074981,0.3571368969645119,0.3571387406929209,-0.3571392529073707,0.35713752774945656
506,8.449999999999491,-0.15431220829486847,-0.06267132610082626,0.05336543545126915,-0.05114587023854256,-0.027783162891864777,-0.11138512194156647,-0.10733791440725327,-2.3916296333332996,-2.105353352560152,1.8891771331427474,-1.879042464867447,1.1383607529105897,-0.7695204146703128,0.3213583508133888,-0.3213583508133888,0.3213583508133888,0.3213583508133888,-0.3213583508133888,0.3213583508133888,-2.065670721653059,-1.827744340454702,1.8598767710138815,-1.8696156726082651,1.143905314674117,-0.7516247418799157,0.35712978566938347,-0.3571314417815642,0.3571302111768774,0.3571318057400716,-0.35713137106458187,0.35713101928713414
507,8.467999999999497,-0.15371772646903992,-0.06231888383626938,0.05367876961827278,-0.05094117671251297,-0.027391508221626282,-0.11123901605606079,-0.10739944875240326,-2.393296299999966,-2.10639200062409,1.890071779303052,-1.8798914844793222,1.1379042277735625,-0.7711870813369796,0.3213361984491348,-0.3213361984491348,0.3213361984491348,0.3213361984491348,-0.3213361984491348,0.3213361984491348,-2.0656723897046714,-1.8277433575659734,1.860449582373744,-1.8705644482999115,1.1433530091059376,-0.7534246101946777,0.35712000122174536,-0.3571214430268041,0.35712078463789126,0.3571222914984128,-0.3571211318441669,0.3571217277194771
508,8.483999999999503,-0.15349727869033813,-0.06216735392808914,0.053789425641298294,-0.050814367830753326,-0.027265965938568115,-0.11108259856700897,-0.10741564631462097,-2.3949629666666326,-2.107428123189558,1.8909682697304069,-1.8807383906098347,1.1374497950079197,-0.7728537480036463,0.3213303673267364,-0.3213303673267364,0.3213303673267364,0.3213303673267364,-0.3213303673267364,0.3213303673267364,-2.065674129959862,-1.8277421981324131,1.8609454845734617,-1.871401233301075,1.1428675291827248,-0.7550219649285613,0.35711195400942386,-0.357112962754068,0.3571125517313203,0.35711369215721767,-0.3571127434925747,0.35711328355034977
509,8.499999999999508,-0.1533849686384201,-0.06209902465343475,0.053821418434381485,-0.05074372887611389,-0.027193814516067505,-0.11099159717559814,-0.10741443186998367,-2.396629633333299,-2.1084631069337822,1.8918652933709799,-1.8815841194244367,1.1369965647659852,-0.774520414670313,0.32133080452680585,-0.32133080452680585,0.32133080452680585,0.32133080452680585,-0.32133080452680585,0.32133080452680585,-2.0656760263517304,-1.827740979729009,1.8614438904318333,-1.872238229133981,1.1423846540596823,-0.7566250347106385,0.357104624172489,-0.3571054564690019,0.35710511281028906,0.3571060589140898,-0.35710520722585304,0.35710570086132526
510,8.517999999999514,-0.15330848097801208,-0.06205286830663681,0.05381830409169197,-0.050683364272117615,-0.02714397758245468,-0.11089541018009186,-0.1074070855975151,-2.3982962999999655,-2.1094973214055597,1.8927622651058413,-1.8824288421623054,1.1365441651396109,-0.7761870813369797,0.32133344918489454,-0.32133344918489454,0.32133344918489454,0.32133344918489454,-0.32133344918489454,0.32133344918489454,-2.0656783018690645,-1.8277395733837802,1.8620131978776935,-1.8731765789026096,1.1418469231090338,-0.7584249447651445,0.3570970041481255,-0.35709827385124876,0.35709775169215563,0.3570990997616092,-0.3570979421075521,0.3570985863791546
511,8.53399999999952,-0.15327882766723633,-0.06201201677322388,0.05380179360508919,-0.050608206540346146,-0.02714342623949051,-0.11074793338775635,-0.10739654302597046,-2.399962966666632,-2.110530855018447,1.893658961665926,-1.8832723122713113,1.136091774702286,-0.7778537480036464,0.3213372445106506,-0.3213372445106506,0.3213372445106506,0.3213372445106506,-0.3213372445106506,0.3213372445106506,-2.0656803784764692,-1.827738261868932,1.8625275066746412,-1.8740061724988009,1.1413735847470872,-0.7600222910547827,0.3570918710732796,-0.35709277710729537,0.3570924185039401,0.35709348027738236,-0.3570925904709405,0.3570930850978106
512,8.549999999999525,-0.15321817994117737,-0.06197240948677063,0.05378631874918938,-0.05055082216858864,-0.027104489505290985,-0.11064837872982025,-0.1073869913816452,-2.4016296333332985,-2.111563728509893,1.894555400311746,-1.8841148259741212,1.1356400332105312,-0.7795204146703131,0.3213406831026077,-0.3213406831026077,0.3213406831026077,0.3213406831026077,-0.3213406831026077,0.3213406831026077,-2.065682533520633,-1.8277369578275717,1.8630507461280579,-1.8748367890785211,1.1409020201151105,-0.761625339935179,0.35708751514884274,-0.35708826481868006,0.3570879551555396,0.3570888150322677,-0.3570880327166095,0.3570884825897516
513,8.56799999999953,-0.1531573086977005,-0.061933308839797974,0.05375880375504494,-0.05049353465437889,-0.02706506848335266,-0.1105394959449768,-0.10737588256597519,-2.403296299999965,-2.1125959503238896,1.89545138037433,-1.8849563848850275,1.1351889487358087,-0.7811870813369798,0.3213446822762489,-0.3213446822762489,0.3213446822762489,0.3213446822762489,-0.3213446822762489,0.3213446822762489,-2.065685027373007,-1.827735469379363,1.8636502860216944,-1.8757684898681746,1.14037604239874,-0.763425223264222,0.35708305582217226,-0.357084260520302,0.3570837589305952,0.3570850259568698,-0.3570839336751894,0.3570845372919552
514,8.583999999999536,-0.15313094854354858,-0.06189165264368057,0.05372358486056328,-0.05041785165667534,-0.027066610753536224,-0.11037665605545044,-0.10736308991909027,-2.4049629666666315,-2.113627477867951,1.8963467734553394,-1.8857966824126386,1.1347378385565832,-0.7828537480036465,0.3213492876291275,-0.3213492876291275,0.3213492876291275,0.3213492876291275,-0.3213492876291275,0.3213492876291275,-2.0656872711115875,-1.8277340889610367,1.8641918927757315,-1.8765924913161582,1.1399123483516882,-0.7650225463757783,0.3570805311308352,-0.35708138203470463,0.35708103892877296,0.3570820292558941,-0.3570811995328741,0.35708165476222203
515,8.599999999999541,-0.15306909382343292,-0.06184910982847214,0.05369515344500542,-0.05035888031125069,-0.027026839554309845,-0.1102636307477951,-0.10735221207141876,-2.406629633333298,-2.1146582963650924,1.8972416926794229,-1.8866359970844928,1.134287391230678,-0.7845204146703132,0.3213532036542892,-0.3213532036542892,0.3213532036542892,0.3213532036542892,-0.3213532036542892,0.3213532036542892,-2.0656895786559786,-1.8277327170859254,1.8647423228434494,-1.8774177304407365,1.1394497408453088,-0.7666255735619555,0.35707858538670023,-0.35707928644282017,0.35707898923536946,0.35707978592415907,-0.3570790593093528,0.3570794710221025
516,8.617999999999547,-0.15300597250461578,-0.06180638074874878,0.05365637317299843,-0.05029965937137604,-0.02698589861392975,-0.11014203727245331,-0.10734006762504578,-2.4082962999999644,-2.115688402710905,1.8981359655656396,-1.8874743247406824,1.133837626253779,-0.7861870813369799,0.3213575756549835,-0.3213575756549835,0.3213575756549835,0.3213575756549835,-0.3213575756549835,0.3213575756549835,-2.0656924597045796,-1.827730529501055,1.8654166625734714,-1.878336137740179,1.1389328543110986,-0.7684259823462637,0.35707571264261195,-0.3570780576443224,0.35707698322204706,0.3570790569900654,-0.3570774815939337,0.3570782962976675
517,8.633999999999553,-0.15417525172233582,-0.062131159007549286,0.05422782525420189,-0.050341926515102386,-0.02813997119665146,-0.11040648818016052,-0.10725491493940353,-2.409962966666631,-2.1167239220276977,1.8990397626532096,-1.8883133568492674,1.1333686267338348,-0.7878537480036466,0.3213882306218147,-0.3213882306218147,0.3213882306218147,0.3213882306218147,-0.3213882306218147,0.3213882306218147,-2.0656972168469694,-1.8277268165729603,1.8666569232073196,-1.8791160272470087,1.1384725934427342,-0.7700246526229714,0.3570772894024934,-0.357079389550563,0.3570784873226034,0.3570810193981493,-0.3570793199442348,0.35708020302940346
518,8.649999999999558,-0.15766076743602753,-0.064004085958004,0.05320947244763374,-0.051177334040403366,-0.030972011387348175,-0.11062043905258179,-0.10675450414419174,-2.4116296333332974,-2.117790656793664,1.8999265871940034,-1.8891663124166074,1.1328524265440456,-0.7895204146703133,0.32156837850809095,-0.32156837850809095,0.32156837850809095,0.32156837850809095,-0.32156837850809095,0.32156837850809095,-2.065702081844334,-1.827726198228319,1.868461779380212,-1.8799148226899907,1.1380083969414232,-0.7716283248716849,0.3571001604712202,-0.3570998939298538,0.3571006299610818,0.35710115483981664,-0.35709979123556274,0.3571012195257731
519,8.667999999999564,-0.1595279723405838,-0.06499874591827393,0.052063021808862686,-0.05159306898713112,-0.03249087929725647,-0.11021380126476288,-0.1064128577709198,-2.413296299999964,-2.1188739692256355,1.900794304224151,-1.8900261968997263,1.1323109118890913,-0.79118708133698,0.3216913712024689,-0.3216913712024689,0.3216913712024689,0.3216913712024689,-0.3216913712024689,0.3216913712024689,-2.0657066037261935,-1.8277281620055377,1.8708801046176375,-1.8808285658832242,1.1374826415933372,-0.7734284073736993,0.35713590464287615,-0.35713624717864506,0.35713644709522485,0.3571369433877669,-0.35713583053777687,0.3571368657232468
520,8.68399999999957,-0.16054677963256836,-0.06550345569849014,0.051163043826818466,-0.05176244676113129,-0.033401891589164734,-0.10955390334129333,-0.10617130249738693,-2.4149629666666304,-2.119965693487277,1.9016470216212646,-1.890888904345745,1.1317542136959384,-0.7928537480036467,0.3217783311009407,-0.3217783311009407,0.3217783311009407,0.3217783311009407,-0.3217783311009407,0.3217783311009407,-2.0657097636279396,-1.8277313685576815,1.8731993640169702,-1.8816476882977455,1.1370111395163431,-0.7750256305207068,0.3571740968290665,-0.357174187635754,0.3571743353338271,0.35717448550857916,-0.3571739737317635,0.3571744572891698
521,8.699999999999575,-0.1607518345117569,-0.06560028344392776,0.05060536041855812,-0.051762182265520096,-0.033654242753982544,-0.10895349085330963,-0.10605037212371826,-2.416629633333297,-2.121059031544676,1.9024904442949073,-1.8917516073835037,1.1311933096500386,-0.7945204146703134,0.3218218660354614,-0.3218218660354614,0.3218218660354614,0.3218218660354614,-0.3218218660354614,0.3218218660354614,-2.065709980357415,-1.827739469098511,1.8749090690860666,-1.8825318725645652,1.1365361886740057,-0.7766259994957979,0.3572161650861419,-0.3572131101578318,0.3572146167844432,0.3572115896595034,-0.3572129727741165,0.35721247990581845
522,8.71799999999958,-0.1547648012638092,-0.06282874941825867,0.05048486962914467,-0.05049962177872658,-0.02851283550262451,-0.10759612917900085,-0.1066860556602478,-2.4182962999999633,-2.122106177368314,1.9033318587887265,-1.8925932677464825,1.1306879611596945,-0.7961870813369801,0.32159301996231077,-0.32159301996231077,0.32159301996231077,0.32159301996231077,-0.32159301996231077,0.32159301996231077,-2.065709211530507,-1.8277433169395008,1.8758745051448567,-1.8834937303094836,1.136001079632438,-0.778424868078323,0.35722385295128506,-0.35722641557710255,0.357224388190851,0.3572256016080833,-0.35722577735155486,0.3572247095778009
523,8.733999999999586,-0.1521228700876236,-0.0612945631146431,0.05178120359778404,-0.049745261669158936,-0.026687845587730408,-0.10716667771339417,-0.10701784491539001,-2.41996296666663,-2.1231277534202246,1.9041948788486895,-1.8934223554409686,1.1302381682249059,-0.7978537480036468,0.3214735758304596,-0.3214735758304596,0.3214735758304596,0.3214735758304596,-0.3214735758304596,0.3214735758304596,-2.06570972078284,-1.8277436759340977,1.8764520087085792,-1.88431998086813,1.1355280932327048,-0.7800219495427816,0.35722036225127257,-0.3572224416027018,0.35722090885314833,0.35722271711846243,-0.3572224035406146,0.3572218014489891
524,8.749999999999591,-0.15133005380630493,-0.060821376740932465,0.05219123885035515,-0.04949140176177025,-0.02615988999605179,-0.10698971152305603,-0.10709988325834274,-2.4216296333332963,-2.1241414430325736,1.9050647328295287,-1.8942472121369982,1.129802170058305,-0.7995204146703135,0.3214440420269966,-0.3214440420269966,0.3214440420269966,0.3214440420269966,-0.3214440420269966,0.3214440420269966,-2.065710921899414,-1.827743136997878,1.876948843225986,-1.8851393059948052,1.1350574545810956,-0.7816249329254693,0.3572149304083673,-0.35721603268611923,0.35721537713334595,0.3572165976246706,-0.35721590133981945,0.35721608577274994
525,8.767999999999597,-0.15102775394916534,-0.06063460558652878,0.05231407657265663,-0.04936802387237549,-0.025952912867069244,-0.10686977207660675,-0.10712411999702454,-2.4232962999999628,-2.125152019792349,1.9059366341057395,-1.8950700125348712,1.1293696215105204,-0.8011870813369802,0.3214353168010712,-0.3214353168010712,0.3214353168010712,0.3214353168010712,-0.3214353168010712,0.3214353168010712,-2.0657126971071564,-1.8277421715287396,1.8774827060755628,-1.8860549376829165,1.1345338697921985,-0.7834248199082301,0.35720772651634314,-0.3572090191075862,0.3572084559945491,0.35720982477257057,-0.35720868146368484,0.357209311444736
526,8.783999999999603,-0.1509300172328949,-0.060541629791259766,0.052341971546411514,-0.04927010089159012,-0.025897234678268433,-0.10672527551651001,-0.10712723433971405,-2.4249629666666292,-2.1261610469555365,1.9068090002981797,-1.8958911808830643,1.1289380009325494,-0.802853748003647,0.3214341956377029,-0.3214341956377029,0.3214341956377029,0.3214341956377029,-0.3214341956377029,0.3214341956377029,-2.0657144229279107,-1.8277411533204773,1.8779553998595744,-1.8868635499284978,1.1340736304225307,-0.785022167143842,0.3572022826805062,-0.35720321894684065,0.357202832426411,0.35720391985654715,-0.35720301905326396,0.3572035166392744
527,8.799999999999608,-0.15086495876312256,-0.06048774719238281,0.05234475061297417,-0.04920639470219612,-0.025847680866718292,-0.10663966834545135,-0.10712350904941559,-2.4266296333332957,-2.1271691760754097,1.9076814128083959,-1.8967112874614342,1.1285072062514374,-0.8045204146703137,0.32143553674221037,-0.32143553674221037,0.32143553674221037,0.32143553674221037,-0.32143553674221037,0.32143553674221037,-2.0657162627773946,-1.8277401094659278,1.8784337742333013,-1.8876728309094009,1.1336157884025082,-0.786625222991,0.3571974338654224,-0.3571982069161717,0.3571978799257892,0.35719878043821685,-0.35719798123245006,0.3571984312979028
528,8.817999999999614,-0.1508166491985321,-0.060444146394729614,0.05232618376612663,-0.049147143959999084,-0.02580849826335907,-0.10654734075069427,-0.10711632668972015,-2.428296299999962,-2.1281765785153217,1.9085535158711646,-1.8975304065274343,1.1280770646137148,-0.8061870813369804,0.3214381223917007,-0.3214381223917007,0.3214381223917007,0.3214381223917007,-0.3214381223917007,0.3214381223917007,-2.065718460376065,-1.827738915135143,1.8789814177640496,-1.8885804245117965,1.1331058367342794,-0.7884251157563793,0.3571923488218647,-0.3571935324608803,0.3571930372920176,0.3571943113602883,-0.35719322144140697,0.35719381917543525
529,8.83399999999962,-0.15081004798412323,-0.06040089577436447,0.05229129269719124,-0.04907134547829628,-0.02581290900707245,-0.10640150308609009,-0.10710668563842773,-2.4299629666666287,-2.129183260111561,1.909425037416118,-1.898348262285406,1.127646849463597,-0.8078537480036471,0.321441593170166,-0.321441593170166,0.321441593170166,0.321441593170166,-0.321441593170166,0.321441593170166,-2.0657204539673395,-1.8277377897249276,1.879476371889543,-1.889383030418968,1.1326568522965448,-0.790022447346764,0.35718916871010764,-0.3571900146205802,0.35718967116133593,0.3571906738429103,-0.3571898389557149,0.3571902945986806
530,8.849999999999625,-0.1507681906223297,-0.06035853922367096,0.05226707085967064,-0.049012672156095505,-0.025778621435165405,-0.10630565881729126,-0.10709862411022186,-2.431629633333295,-2.1301892357652887,1.9102961552637792,-1.8991651401546743,1.1272172057730108,-0.8095204146703138,0.3214444953203201,-0.3214444953203201,0.3214444953203201,0.3214444953203201,-0.3214444953203201,0.3214444953203201,-2.065722516897322,-1.8277366659482295,1.8799798745523135,-1.8901867776578085,1.1322094569259489,-0.7916254825533957,0.35718652727119704,-0.35718722721299795,0.3571869291992924,0.3571877421989044,-0.35718700929917174,0.3571874218892388
531,8.86799999999963,-0.15072566270828247,-0.060316264629364014,0.05223185196518898,-0.04895385354757309,-0.025743335485458374,-0.1062009185552597,-0.10708919912576675,-2.4332962999999617,-2.1311945068424447,1.9111666861298657,-1.8999810377138004,1.1267881501815864,-0.8111870813369805,0.321447888314724,-0.321447888314724,0.321447888314724,0.321447888314724,-0.321447888314724,0.321447888314724,-2.0657249371960944,-1.8277353919271109,1.880556675219542,-1.8910884853017578,1.1317103418260925,-0.7934253516179196,0.3571837665274738,-0.3571848881749975,0.3571844137587359,0.3571856073479696,-0.35718458154129906,0.35718514072403107
532,8.883999999999636,-0.15071861445903778,-0.060270488262176514,0.05218210443854332,-0.04887685179710388,-0.02574765682220459,-0.10604043304920197,-0.10707797110080719,-2.434962966666628,-2.1321990149801477,1.9120363878705082,-1.9007956519104188,1.126359022567883,-0.8128537480036472,0.3214519304037094,-0.3214519304037094,0.3214519304037094,0.3214519304037094,-0.3214519304037094,0.3214519304037094,-2.065727111325042,-1.8277341970330316,1.8810775738212848,-1.8918860847719294,1.1312702390017861,-0.7950226632807962,0.35718250213977065,-0.3571832934773777,0.357182967675669,0.35718389812669527,-0.35718312259610474,0.35718354125724877
533,8.899999999999642,-0.1506744921207428,-0.060224950313568115,0.05214684084057808,-0.04881661385297775,-0.025711990892887115,-0.1059320867061615,-0.10706881433725357,-2.4366296333332946,-2.1332027641520406,1.9129055018845178,-1.9016092621413017,1.1259304893863349,-0.8145204146703139,0.3214552268385887,-0.3214552268385887,0.3214552268385887,0.3214552268385887,-0.3214552268385887,0.3214552268385887,-2.0657293419445732,-1.827733003237498,1.8816068078158608,-1.8926849779168615,1.1308310845112295,-0.7966256800089522,0.35718163561257255,-0.357182286653844,0.35718200394310184,0.3571827518707496,-0.35718207377825933,0.357182451495079
534,8.917999999999648,-0.15062923729419708,-0.060179293155670166,0.05210178717970848,-0.0487561859190464,-0.02567516267299652,-0.10581570863723755,-0.10705848038196564,-2.438296299999961,-2.134205752371302,1.9137738650041796,-1.9024218652399525,1.1255025700084516,-0.8161870813369806,0.32145894706249234,-0.32145894706249234,0.32145894706249234,0.32145894706249234,-0.32145894706249234,0.32145894706249234,-2.0657319383078967,-1.8277316509899109,1.8822122161788943,-1.8935813963290846,1.1303405358510883,-0.7984255300240146,0.357180710899779,-0.35718178633711206,0.35718132609273395,0.35718245983666874,-0.3571814846482303,0.3571820113538793
535,8.933999999999653,-0.1506192833185196,-0.060129545629024506,0.05204116925597191,-0.04867732897400856,-0.025677651166915894,-0.10564243793487549,-0.10704627633094788,-2.4399629666666276,-2.135207911465119,1.9146412178251124,-1.903233154056186,1.1250746091556696,-0.8178537480036473,0.32146334052085873,-0.32146334052085873,0.32146334052085873,0.32146334052085873,-0.32146334052085873,0.32146334052085873,-2.065735728971172,-1.8277280209434885,1.8831303578412497,-1.8943395807133119,1.1299051440955323,-0.8000243202245448,0.35717889218683996,-0.3571817609975674,0.35718038580326456,0.3571831377362574,-0.3571814725309393,0.35718221820654694
536,8.949999999999658,-0.15431444346904755,-0.061741575598716736,0.0523575134575367,-0.04931271821260452,-0.028865359723567963,-0.10647064447402954,-0.10669195652008057,-2.441629633333294,-2.1362369377250974,1.9155138430494048,-1.9040550326930628,1.1245935198269434,-0.819520414670314,0.321590895652771,-0.321590895652771,0.321590895652771,0.321590895652771,-0.321590895652771,0.321590895652771,-2.0657405895680183,-1.8277265336322408,1.884703385253547,-1.895104678756503,1.129465621752348,-0.8016281872174459,0.3571942530868745,-0.35719448848048174,0.35719476913859927,0.3571957334011144,-0.3571944769076855,0.3571955866128754
537,8.967999999999664,-0.15671363472938538,-0.06295428425073624,0.05134369060397148,-0.0498054176568985,-0.030784733593463898,-0.10632897913455963,-0.10632801055908203,-2.4432962999999606,-2.137286175795943,1.9163695712261377,-1.9048851229873445,1.124080440933719,-0.8211870813369807,0.3217219161987305,-0.3217219161987305,0.3217219161987305,0.3217219161987305,-0.3217219161987305,0.3217219161987305,-2.0657452886289223,-1.827727835156604,1.886936792612109,-1.8959833959025418,1.1289681067760924,-0.803428406774537,0.35722389909347274,-0.3572240839224502,0.35722437918857036,0.35722483660921905,-0.3572237147512086,0.35722479840581545
538,8.98399999999967,-0.15809904038906097,-0.06362113356590271,0.05043536052107811,-0.05004068464040756,-0.03195720911026001,-0.10580794513225555,-0.10606438666582108,-2.444962966666627,-2.1383465280220415,1.9172101605681557,-1.905719134398018,1.1235478207818814,-0.8228537480036474,0.3218168208003044,-0.3218168208003044,0.3218168208003044,0.3218168208003044,-0.3218168208003044,0.3218168208003044,-2.0657485855462903,-1.8277306191085774,1.889138704025488,-1.8967732914972182,1.1285216827112372,-0.8050257047410039,0.35725777404803427,-0.3572577139003236,0.3572580027787009,0.35725803646281307,-0.3572574912736909,0.35725808646105695
539,8.999999999999675,-0.1585141122341156,-0.063814677298069,0.049837496131658554,-0.05008396878838539,-0.032356321811676025,-0.10526867210865021,-0.10592625290155411,-2.4466296333332935,-2.139410105977009,1.9180407855036834,-1.9065538672111577,1.1230085487516868,-0.8245204146703141,0.32186654895544053,-0.32186654895544053,0.32186654895544053,0.32186654895544053,-0.32186654895544053,0.32186654895544053,-2.065749833469527,-1.8277375708081338,1.8910526654039195,-1.897616160122247,1.1280709603855157,-0.8066265288748227,0.35729676276991995,-0.35729304002242723,0.3572949445142841,0.35729193335629705,-0.35729323748714037,0.35729283693320174
540,9.017999999999681,-0.1536782681941986,-0.06177438050508499,0.04876377806067467,-0.049193285405635834,-0.02808130532503128,-0.10370315611362457,-0.10631018877029419,-2.44829629999996,-2.140439678985427,1.918853515138028,-1.9073737553012517,1.1225248322770478,-0.8261870813369808,0.3217283320426941,-0.3217283320426941,0.3217283320426941,0.3217283320426941,-0.3217283320426941,0.3217283320426941,-2.0657488231703804,-1.8277425774816431,1.8921235758086823,-1.8985608899741973,1.1275647753217724,-0.8084250770552054,0.3573125505526546,-0.3573143395763069,0.3573130099548194,0.357313569916825,-0.3573136265886893,0.3573130022934786
541,9.033999999999686,-0.15022701025009155,-0.059872545301914215,0.05004839971661568,-0.0483088381588459,-0.02561056613922119,-0.10306240618228912,-0.10671915113925934,-2.4499629666666265,-2.141437554740459,1.9196876551333049,-1.908178902603899,1.1220966713579643,-0.8278537480036475,0.32158110558986663,-0.32158110558986663,0.32158110558986663,0.32158110558986663,-0.32158110558986663,0.32158110558986663,-2.0657490536087133,-1.827743293605078,1.8927219319226487,-1.8993649583914611,1.1271164312854036,-0.8100220681904022,0.35731148316711475,-0.357313736358675,0.3573120441003837,0.3573138502201223,-0.3573136575204136,0.3573128928448912
542,9.049999999999692,-0.1492328941822052,-0.05929122865200043,0.050514113157987595,-0.048016712069511414,-0.024942077696323395,-0.10283723473548889,-0.10681800544261932,-2.451629633333293,-2.1424257418846593,1.9205295570192713,-1.908979181138391,1.1216809700630257,-0.8295204146703142,0.321545518040657,-0.321545518040657,0.321545518040657,0.321545518040657,-0.321545518040657,0.321545518040657,-2.065750087508184,-1.827742929882702,1.8932169962327443,-1.9001596845902538,1.1266698279879506,-0.8116250163030941,0.35730814404213823,-0.3573093105877618,0.35730854626544895,0.35730982142439727,-0.3573092216334019,0.35730925321846796
543,9.067999999999698,-0.14887070655822754,-0.05906453728675842,0.05064787343144417,-0.04787880554795265,-0.02468971163034439,-0.10269834101200104,-0.1068488359451294,-2.4532962999999595,-2.1434101508394385,1.9213736882431287,-1.9097771612308567,1.1212694748691867,-0.8311870813369809,0.3215344190597534,-0.3215344190597534,0.3215344190597534,0.3215344190597534,-0.3215344190597534,0.3215344190597534,-2.065751747021567,-1.8277421085964554,1.8937395432059285,-1.9010468582938933,1.1261727653312805,-0.813424885604023,0.35730281781551254,-0.35730404263697113,0.3573034864059239,0.3573048046892473,-0.35730373076969,0.3573043013727126
544,9.083999999999703,-0.1487630307674408,-0.058953747153282166,0.050669725984334946,-0.04777440056204796,-0.02462029457092285,-0.10254597663879395,-0.10685507953166962,-2.454962966666626,-2.1443927132919933,1.922218183676201,-1.9105734012402242,1.120859136626338,-0.8328537480036476,0.3215321713685989,-0.3215321713685989,0.3215321713685989,0.3215321713685989,-0.3215321713685989,0.3215321713685989,-2.065753387883464,-1.8277412015870396,1.8941991471432218,-1.9018301172248198,1.125735751335937,-0.8150222241159115,0.357298679441288,-0.35729956256074474,0.3572991902304517,0.3573002220999836,-0.3572993693467107,0.35729983647831604
545,9.099999999999708,-0.14870721101760864,-0.05889285355806351,0.05066930875182152,-0.04770757257938385,-0.02457166463136673,-0.10246104001998901,-0.10685335844755173,-2.4566296333332924,-2.1453742608512942,1.9230626721553978,-1.9113685274498806,1.120449608882482,-0.8345204146703143,0.3215327909588814,-0.3215327909588814,0.3215327909588814,0.3215327909588814,-0.3215327909588814,0.3215327909588814,-2.0657551459605488,-1.827740261660624,1.8946631906304547,-1.9026139954800743,1.125300963555941,-0.8166252736688996,0.35729493516732086,-0.3572956639554892,0.35729534969886895,0.3572962072347529,-0.3572954499902949,0.3572958708934899
546,9.117999999999714,-0.14867356419563293,-0.05884472280740738,0.05064691975712776,-0.04764602333307266,-0.024536915123462677,-0.10237124562263489,-0.1068478673696518,-2.458296299999959,-2.146355006231418,1.9239067874846834,-1.9121626278387651,1.120040660297091,-0.836187081336981,0.32153476774692535,-0.32153476774692535,0.32153476774692535,0.32153476774692535,-0.32153476774692535,0.32153476774692535,-2.0657572590928943,-1.8277391870143984,1.8951938740033485,-1.9034931293051307,1.1248166467142586,-0.8184251604725181,0.3572909291373471,-0.3572920365659315,0.35729156924477745,0.35729277972173956,-0.3572917448499402,0.357292307050022
547,9.13399999999972,-0.14868424832820892,-0.05879690498113632,0.050601277500391006,-0.04756832495331764,-0.024545609951019287,-0.1022266298532486,-0.10683967918157578,-2.4599629666666254,-2.14733495464777,1.92475014210969,-1.9129554332546537,1.1196315667979073,-0.8378537480036478,0.3215377154946327,-0.3215377154946327,0.3215377154946327,0.3215377154946327,-0.3215377154946327,0.3215377154946327,-2.065759173381718,-1.8277381650948106,1.8956732094395583,-1.9042706157877665,1.1243901865648855,-0.820022487592534,0.35728852147078993,-0.3572893133494118,0.3572889882326277,0.35728994093442595,-0.3572891487430059,0.3572895765870672
548,9.149999999999725,-0.1486591100692749,-0.05875151604413986,0.050572995096445084,-0.04750799387693405,-0.02451714128255844,-0.1021343469619751,-0.10683315247297287,-2.461629633333292,-2.148314146581839,1.9255930253612974,-1.9137472331526026,1.1192229477765314,-0.8395204146703145,0.32154006510972977,-0.32154006510972977,0.32154006510972977,0.32154006510972977,-0.32154006510972977,0.32154006510972977,-2.0657611531713194,-1.827737141632154,1.8961606230008352,-1.905049241645106,1.1239651919945497,-0.8216255188002716,0.3572865252328442,-0.3572871799105865,0.35728689750432036,0.3572876706462539,-0.35728697538021936,0.35728736244136633
549,9.167999999999731,-0.14863371849060059,-0.058706335723400116,0.05053410306572914,-0.0474475733935833,-0.024488158524036407,-0.10203389823436737,-0.10682529211044312,-2.4632962999999584,-2.1492925855105627,1.9264352604123929,-1.9145380260424958,1.1188148118011307,-0.8411870813369812,0.32154289484024046,-0.32154289484024046,0.32154289484024046,0.32154289484024046,-0.32154289484024046,0.32154289484024046,-2.0657634848556863,-1.8277359848561563,1.896718807509405,-1.9059227996022383,1.1234910192907535,-0.8234253836165583,0.35728438261823675,-0.35728542830436716,0.35728498403162745,0.3572861153498578,-0.3572851403919779,0.3572856688226489
550,9.183999999999736,-0.14864477515220642,-0.05865684151649475,0.0504741333425045,-0.047369007021188736,-0.024497441947460175,-0.10187554359436035,-0.1068153977394104,-2.464962966666625,-2.1502701995358375,1.9272764959681012,-1.915327509492849,1.1184065211020064,-0.8428537480036479,0.3215464568138122,-0.3215464568138122,0.3215464568138122,0.3215464568138122,-0.3215464568138122,0.3215464568138122,-2.065765575542374,-1.8277348917995766,1.8972227248849955,-1.9066955330005395,1.1230728569757702,-0.8250226920167696,0.35728352713818434,-0.35728426483825687,0.35728395952456454,0.35728484113827247,-0.3572841045372184,0.3572844997222267
551,9.199999999999742,-0.14861752092838287,-0.05860868841409683,0.0504353903234005,-0.047307342290878296,-0.02446797490119934,-0.10177168250083923,-0.10680782794952393,-2.4666296333332913,-2.151247011009406,1.9281170858068246,-1.916115965197697,1.1179987215203198,-0.8445204146703146,0.3215491819381714,-0.3215491819381714,0.3215491819381714,0.3215491819381714,-0.3215491819381714,0.3215491819381714,-2.0657677190075048,-1.8277337968451892,1.8977345548695104,-1.9074695333663316,1.1226555440067065,-0.826625705792861,0.35728297490444316,-0.35728358126203624,0.3572833157587887,0.3572840251374979,-0.3572833814982639,0.3572837371135541
552,9.217999999999748,-0.1485893279314041,-0.05856043100357056,0.05038705840706825,-0.04724548012018204,-0.024437516927719116,-0.10166005790233612,-0.10679903626441956,-2.468296299999958,-2.1522230181927986,1.928956870113609,-1.9169033898663665,1.1175914295715244,-0.8461870813369813,0.32155234694480894,-0.32155234694480894,0.32155234694480894,0.32155234694480894,-0.32155234694480894,0.32155234694480894,-2.0657702224989465,-1.8277325602800518,1.8983199034162863,-1.9083380306663,1.1221893364496056,-0.8284255526012397,0.35728233454882674,-0.3572833347888667,0.35728290606010854,0.35728397900592124,-0.35728305154896894,0.3572835507389691
553,9.233999999999753,-0.14859716594219208,-0.058507293462753296,0.05031682178378105,-0.04716528579592705,-0.02444498986005783,-0.10148961842060089,-0.10678819566965103,-2.4699629666666243,-2.1531981397505113,1.9297954838100053,-1.9176894779629654,1.1171840130738566,-0.847853748003648,0.32155624955892564,-0.32155624955892564,0.32155624955892564,0.32155624955892564,-0.32155624955892564,0.32155624955892564,-2.065772513892867,-1.8277311308909618,1.898862020971155,-1.9091031435329398,1.121777565896809,-0.8300231377161796,0.35728230917369064,-0.3572835554921503,0.3572829898905741,0.3572841824419471,-0.3572832732607323,0.35728374032846644
554,9.249999999999758,-0.14912518858909607,-0.058456867933273315,0.050854723900556564,-0.04703529179096222,-0.025015704333782196,-0.1016101986169815,-0.1067814826965332,-2.4716296333332908,-2.1541724208827326,1.9306430625416813,-1.9184733994928147,1.1167670846682936,-0.8495204146703147,0.32155866622924806,-0.32155866622924806,0.32155866622924806,0.32155866622924806,-0.32155866622924806,0.32155866622924806,-2.0657768061307418,-1.8277275494606846,1.8999512310742208,-1.9098299162004284,1.1213620231884478,-0.8316276194428404,0.3572813576873166,-0.3572835443076907,0.35728243672263876,0.35728466600287717,-0.3572833989406915,0.35728393522840024
555,9.267999999999764,-0.15318037569522858,-0.06041742116212845,0.050656210631132126,-0.04785474017262459,-0.028317078948020935,-0.10245507955551147,-0.10637612640857697,-2.4732962999999573,-2.1551793779021016,1.9314873327188669,-1.9192709784956918,1.1162951333524933,-0.8511870813369814,0.3217045944929123,-0.3217045944929123,0.3217045944929123,0.3217045944929123,-0.3217045944929123,0.3217045944929123,-2.065782016859025,-1.8277270687973661,1.901843699960899,-1.9106660035182639,1.1208926122307166,-0.8334282151201244,0.3573004742060065,-0.35730070815983134,0.35730099841936513,0.35730179229122816,-0.35730052278050056,0.35730168358851055
556,9.28399999999977,-0.1555120199918747,-0.06151380389928818,0.04971485212445259,-0.048259902745485306,-0.030186370015144348,-0.1022472232580185,-0.1060459315776825,-2.4749629666666237,-2.15620460796709,1.9323159135876078,-1.9200753102081165,1.1157920271855741,-0.8528537480036481,0.3218234646320343,-0.3218234646320343,0.3218234646320343,0.3218234646320343,-0.3218234646320343,0.3218234646320343,-2.0657858155542437,-1.827728834233076,1.903865227303422,-1.9114224821947134,1.1204717883332962,-0.8350257193979655,0.35732799380798996,-0.35732766382875647,0.357328223921939,0.35732814215207614,-0.35732743985647375,0.3573283182947315
557,9.299999999999775,-0.1564539670944214,-0.06195272505283356,0.049037132412195206,-0.04840556159615517,-0.030975736677646637,-0.10183700919151306,-0.10586141049861908,-2.4766296333332902,-2.157237153384637,1.9331331991278111,-1.9208820695680524,1.1152757649076133,-0.8545204146703148,0.32188989222049713,-0.32188989222049713,0.32188989222049713,0.32188989222049713,-0.32188989222049713,0.32188989222049713,-2.065788854854096,-1.827731916242562,1.9060473810672924,-1.9121912038286333,1.1200438934495398,-0.8366286669555089,0.3573594331995229,-0.35735924470211106,0.35735949151889335,0.3573592762155089,-0.3573589950991562,0.35735937197921697
558,9.317999999999781,-0.15675139427185059,-0.06207363307476044,0.04851682111620903,-0.04841624200344086,-0.03127167373895645,-0.10132697224617004,-0.10574648529291153,-2.4782962999999567,-2.158271713935883,1.9339418128130812,-1.9216890069347765,1.1147545703452972,-0.8561870813369815,0.32193126529455185,-0.32193126529455185,0.32193126529455185,0.32193126529455185,-0.32193126529455185,0.32193126529455185,-2.0657885658219906,-1.8277404087284823,1.9076294240249352,-1.9131352239507924,1.119562935109,-0.8384256083651429,0.35739809330368516,-0.35739670225553294,0.35739749506871626,0.35739580276551797,-0.35739615814324355,0.3573961795039279
559,9.333999999999786,-0.14970757067203522,-0.058987632393836975,0.04777779057621956,-0.0471094474196434,-0.02534223347902298,-0.0992724746465683,-0.10633313655853271,-2.479962966666623,-2.159254841142447,1.9347381093226848,-1.9224741643917707,1.114288931338537,-0.857841622581091,0.32172007083892823,-0.32172007083892823,0.32172007083892823,0.32172007083892823,-0.32172007083892823,0.32172007083892823,-2.0657881364296444,-1.8277425596217418,1.9083659472368202,-1.9139298047479876,1.1191321956269797,-0.8400212497466203,0.3574019959323106,-0.3574042206327624,0.3574023419691774,0.35740350300951895,-0.35740386022312054,0.35740264418113454
560,9.349999999999792,-0.1477852761745453,-0.05794134736061096,0.04848408326506615,-0.046636734157800674,-0.02402748167514801,-0.09883324801921844,-0.10651452839374542,-2.4816296333332897,-2.160220530265124,1.9355461773771026,-1.9232514432944006,1.113878847887332,-0.8594888433814113,0.32165476977825164,-0.32165476977825164,0.32165476977825164,0.32165476977825164,-0.32165476977825164,0.32165476977825164,-2.065788759195703,-1.827742683388141,1.9089010247041636,-1.914705135483761,1.1187011279726866,-0.8416215683717904,0.35740107636421364,-0.35740263623892954,0.35740149318832753,0.35740292334470053,-0.35740258068695646,0.3574021946438039
561,9.367999999999798,-0.14711177349090576,-0.057548120617866516,0.04869815334677696,-0.04643213376402855,-0.023561887443065643,-0.09860830008983612,-0.10657207667827606,-2.483296299999956,-2.161179665608755,1.9363578132662156,-1.9240253121904678,1.1134861497632809,-0.8611323150495752,0.3216340523958206,-0.3216340523958206,0.3216340523958206,0.3216340523958206,-0.3216340523958206,0.3216340523958206,-2.06579017963352,-1.8277420937423627,1.9094289954239738,-1.9155666077532134,1.1182213069412865,-0.8434166831773702,0.35739774978605243,-0.3573990250900356,0.35739839571728715,0.35739980084032263,-0.3573987916402067,0.35739924490372693
562,9.383999999999803,-0.14689932763576508,-0.057372719049453735,0.04873279109597206,-0.04630091413855553,-0.02341524511575699,-0.09841693937778473,-0.10658830404281616,-2.4849629666666226,-2.1621358775929127,1.9371700264511484,-1.9247969940927772,1.1130958956780181,-0.8627725973725383,0.3216282105445862,-0.3216282105445862,0.3216282105445862,0.3216282105445862,-0.3216282105445862,0.3216282105445862,-2.065791697228822,-1.8277413088683003,1.9098814487199385,-1.916326003260779,1.1177998025470794,-0.8450080202383479,0.35739478082980736,-0.35739564840161125,0.3573952659559452,0.35739630054566496,-0.35739546589393645,0.35739591196369086
563,9.399999999999809,-0.14682307839393616,-0.057291097939014435,0.04872388020157814,-0.04622407257556915,-0.0233461931347847,-0.09831516444683075,-0.10658954083919525,-2.486629633333289,-2.1630907292252295,1.9379820911211747,-1.92556739530237,1.112706792459105,-0.8644111834466521,0.3216277652978897,-0.3216277652978897,0.3216277652978897,0.3216277652978897,-0.3216277652978897,0.3216277652978897,-2.065793362386826,-1.8277404655569482,1.910334314737485,-1.9170856306645354,1.1173808918849384,-0.846603260313307,0.35739193692757326,-0.3573926490558198,0.3573923344346983,0.35739318353748284,-0.3573924337639488,0.3573928484880651
564,9.417999999999815,-0.14679095149040222,-0.05723346024751663,0.04868560656905174,-0.04615689069032669,-0.023305058479309082,-0.09821419417858124,-0.1065853014588356,-2.4882962999999556,-2.1640446202293546,1.9387935178973255,-1.9263366768138754,1.1123183748177832,-0.8660480866829618,0.32162929147481917,-0.32162929147481917,0.32162929147481917,0.32162929147481917,-0.32162929147481917,0.32162929147481917,-2.0657953880199735,-1.8277394930491653,1.9108504130492303,-1.9179374129631572,1.1169147678865163,-0.848392388985145,0.35738880421491,-0.35738986811001805,0.35738941638552324,0.3573906021988447,-0.35738958715250635,0.35739013497000716
565,9.43399999999982,-0.14681118726730347,-0.05717911571264267,0.048616524785757065,-0.04607522487640381,-0.023311108350753784,-0.09805862605571747,-0.1065775603055954,-2.489962966666622,-2.164997605491232,1.9396037933104213,-1.9271045972284822,1.1119298563452706,-0.8676823971172238,0.32163207828998563,-0.32163207828998563,0.32163207828998563,0.32163207828998563,-0.32163207828998563,0.32163207828998563,-2.065797227242841,-1.8277385602207106,1.9113158535603911,-1.9186906624664588,1.1165047480882502,-0.8499783296648237,0.35738705555874556,-0.35738781524678115,0.35738750211080184,0.35738843747802873,-0.35738765778795545,0.3573880758051257
566,9.449999999999825,-0.1467970758676529,-0.05712967365980148,0.04856782779097557,-0.046011582016944885,-0.023282334208488464,-0.09795688092708588,-0.10657128691673279,-2.4916296333332886,-2.1659497667188954,1.9404132571069377,-1.9278714569287645,1.111541817441796,-0.8693150117993419,0.3216343367099762,-0.3216343367099762,0.3216343367099762,0.3216343367099762,-0.3216343367099762,0.3216343367099762,-2.0657991311874158,-1.8277376243076278,1.9117887285754027,-1.9194449816146515,1.116096534484397,-0.8515681111664988,0.3573856487364043,-0.35738627586346045,0.35738600458073394,0.35738676528489083,-0.3573860800389832,0.35738645883408376
567,9.467999999999831,-0.14678344130516052,-0.05708085000514984,0.04850826784968376,-0.04594806581735611,-0.02325347810983658,-0.09784705936908722,-0.10656362771987915,-2.493296299999955,-2.166901114218981,1.9412217282377657,-1.9286372580257205,1.1111542594732986,-0.87094579612216,0.3216370940208435,-0.3216370940208435,0.3216370940208435,0.3216370940208435,-0.3216370940208435,0.3216370940208435,-2.065801380627053,-1.827736568304417,1.912329895391356,-1.9202912352340527,1.1156415016655066,-0.85335106434336,0.357384117061067,-0.3573851118777531,0.35738468918995747,0.3573857888499781,-0.35738483653701575,0.357385351195899
568,9.483999999999837,-0.14680704474449158,-0.05702720582485199,0.04842272028326988,-0.045866817235946655,-0.02326197177171707,-0.09767885506153107,-0.10655379295349121,-2.4949629666666215,-2.1678515676493952,1.9420287735758202,-1.929401704979653,1.11076655994377,-0.8725737770398523,0.32164063453674313,-0.32164063453674313,0.32164063453674313,0.32164063453674313,-0.32164063453674313,0.32164063453674313,-2.0658033970559018,-1.827735566182062,1.912818154836135,-1.921039792436821,1.1152405535461865,-0.8549314726184429,0.3573837247538431,-0.3573844242852955,0.3573841352664789,0.3573849912836542,-0.35738427035485004,0.35738465641930306
569,9.499999999999842,-0.14679089188575745,-0.05697578936815262,0.04836158826947212,-0.045802440494298935,-0.02323206514120102,-0.0975649356842041,-0.10654619336128235,-2.496629633333288,-2.1688011641388645,1.942834800046978,-1.9301650789878912,1.1103793588580833,-0.8741998593012557,0.32164337038993834,-0.32164337038993834,0.32164337038993834,0.32164337038993834,-0.32164337038993834,0.32164337038993834,-2.065805464245067,-1.8277345616755825,1.9133138068498967,-1.9217895411877919,1.114840734278531,-0.8565156390352681,0.3573835945463222,-0.3573841682522324,0.3573839176895262,0.357384607037702,-0.3573839765890183,0.3573843241209323
570,9.517999999999848,-0.14677369594573975,-0.05692429095506668,0.04829088971018791,-0.04573788866400719,-0.023201100528240204,-0.0974431186914444,-0.10653741657733917,-2.4982962999999545,-2.169749902321449,1.9436396482088145,-1.9309273771322915,1.1099926738492794,-0.8758239112794464,0.3216465300321579,-0.3216465300321579,0.3216465300321579,0.3216465300321579,-0.3216465300321579,0.3216465300321579,-2.0658078837217837,-1.8277334288896647,1.9138803423007151,-1.9226307824007025,1.1143944014039862,-0.8582922052224322,0.3573834025243591,-0.3573843490683625,0.3573839444398624,0.3573849802424377,-0.3573840779749609,0.3573845633071064
571,9.533999999999853,-0.14679312705993652,-0.056867361068725586,0.04819374904036522,-0.04565548896789551,-0.02320704609155655,-0.09726208448410034,-0.1065264493227005,-2.499962966666621,-2.1706976916725944,1.9444428773594873,-1.931688301948423,1.1096058897477534,-0.877444946020848,0.3216504782438278,-0.3216504782438278,0.3216504782438278,0.3216504782438278,-0.3216504782438278,0.3216504782438278,-2.0658100409900855,-1.8277323586673617,1.9143908670934984,-1.9233749914683163,1.1140005850114096,-0.8598668604868814,0.3573841241491339,-0.35738477929871965,0.3573845070955733,0.35738530412791514,-0.3573846290366637,0.35738498852648065
572,9.549999999999859,-0.14677299559116364,-0.05681309849023819,0.04812267795205116,-0.04559003561735153,-0.0231747105717659,-0.09713692963123322,-0.10651790350675583,-2.5016296333332875,-2.1716445766474317,1.9452449219920214,-1.932448135875379,1.1092196445715574,-0.8790638948480353,0.3216535547375679,-0.3216535547375679,0.3216535547375679,0.3216535547375679,-0.3216535547375679,0.3216535547375679,-2.0658125951368134,-1.8277302361475372,1.9149904423334105,-1.9241061751627475,1.113606394289514,-0.8614459434156124,0.3573836446112213,-0.357385857234411,0.3573847671418724,0.3573865165907907,-0.35738537946471965,0.35738591232838834
573,9.567999999999865,-0.14870788156986237,-0.05741814523935318,0.048983361572027206,-0.04575680196285248,-0.024919986724853516,-0.09780657291412354,-0.10643386840820312,-2.503296299999954,-2.172601545734754,1.9460613113515552,-1.9332107492414263,1.1088043114594766,-0.880694004396604,0.32168380737304686,-0.32168380737304686,0.32168380737304686,0.32168380737304686,-0.32168380737304686,0.32168380737304686,-2.0658177359861263,-1.8277273650654964,1.916414232101257,-1.9248971895132734,1.1131599153986251,-0.8632183487098226,0.3573877677661048,-0.35738933059358796,0.35738860147595236,0.35739046673553,-0.3573892426802851,0.3573898787474918
574,9.58399999999987,-0.15253371000289917,-0.059134624898433685,0.048449937254190445,-0.046396054327487946,-0.02793923020362854,-0.09831570088863373,-0.10604652762413025,-2.5049629666666204,-2.1735871228163948,1.9468688103057918,-1.9339840168135511,1.1083386576227494,-0.8823325994114145,0.3218232500553131,-0.3218232500553131,0.3218232500553131,0.3218232500553131,-0.3218232500553131,0.3218232500553131,-2.065822025901216,-1.8277277710967486,1.9181787402863175,-1.9256179623941116,1.1127610101099181,-0.8647905156975924,0.35740759069618916,-0.3574072156506381,0.3574078321876702,0.35740796969752076,-0.3574071105803692,0.3574081200135861
575,9.599999999999875,-0.15422415733337402,-0.059901684522628784,0.04775669798254967,-0.04666798561811447,-0.029276154935359955,-0.09815040230751038,-0.10581433773040771,-2.506629633333287,-2.1745854842251053,1.9476647552721678,-1.9347618165738532,1.10785072170716,-0.883968439449873,0.3219068384170532,-0.3219068384170532,0.3219068384170532,0.3219068384170532,-0.3219068384170532,0.3219068384170532,-2.0658255300828925,-1.8277299505625968,1.9202048126171445,-1.926354652744914,1.1123559352726125,-0.8663675921876368,0.3574333410185335,-0.3574329589144337,0.35743342013887597,0.3574331127505722,-0.3574326900844786,0.35743331595672184
576,9.617999999999881,-0.1550034135580063,-0.0602387860417366,0.04718081280589104,-0.04676610603928566,-0.02992790937423706,-0.097763791680336,-0.10566049814224243,-2.5082962999999534,-2.1755894639924676,1.948451102152266,-1.9355412516745079,1.1073519232175895,-0.8855978359778787,0.3219622206687927,-0.3219622206687927,0.3219622206687927,0.3219622206687927,-0.3219622206687927,0.3219622206687927,-2.0658277060940713,-1.8277363349342117,1.922385754668554,-1.9272301174876343,1.1118976239192482,-0.8681353701500711,0.3574682992879603,-0.3574651532554102,0.35746686440739384,0.35746475359422947,-0.35746532341705284,0.35746532209436693
577,9.633999999999887,-0.15089361369609833,-0.0587150901556015,0.04521657153964043,-0.0461391806602478,-0.026228278875350952,-0.09584273397922516,-0.10582752525806427,-2.50996296666662,-2.1765680488283943,1.9492047116779265,-1.9363102380188453,1.1069086802835744,-0.8871952148775324,0.32190209090709687,-0.32190209090709687,0.32190209090709687,0.32190209090709687,-0.32190209090709687,0.32190209090709687,-2.0658267674417807,-1.8277413155945972,1.9233924512070675,-1.9280278004036138,1.1114927272269481,-0.8697011035563803,0.35748593366160697,-0.3574863279733756,0.35748594534800104,0.3574856110862181,-0.3574857781214782,0.3574854280727221
578,9.649999999999892,-0.14702892303466797,-0.05679507553577423,0.04596355929970741,-0.04532940313220024,-0.023416876792907715,-0.09488515555858612,-0.10618004202842712,-2.5116296333332864,-2.177514633420657,1.9499707709995884,-1.9370657280710486,1.1065183990036926,-0.8887766341368422,0.32177518486976625,-0.32177518486976625,0.32177518486976625,0.32177518486976625,-0.32177518486976625,0.32177518486976625,-2.065826775451971,-1.8277423584087213,1.9240125029643877,-1.9287890566355177,1.1110856695022835,-0.8712689956564532,0.35748847023658126,-0.3574904700722309,0.3574889911877286,0.3574904148157916,-0.35749028337663563,0.35748960388698503
579,9.667999999999898,-0.14573349058628082,-0.056095875799655914,0.0463230274617672,-0.0450090691447258,-0.022531144320964813,-0.09449288249015808,-0.1062830239534378,-2.513296299999953,-2.178449564683985,1.9507428214572844,-1.9378158792234608,1.1061428799316766,-0.8903515155116781,0.3217381113767624,-0.3217381113767624,0.3217381113767624,0.3217381113767624,-0.3217381113767624,0.3217381113767624,-2.0658278648192776,-1.8277421203568331,1.924561584645786,-1.929626875706525,1.1106313273078916,-0.8730246467342127,0.3574882295483151,-0.35748966503376534,0.35748882464116816,0.3574903597713493,-0.3574895155902017,0.35748969113043616
580,9.683999999999903,-0.14529156684875488,-0.0558028444647789,0.04637448117136955,-0.04483313113451004,-0.022224366664886475,-0.09421473741531372,-0.1063142865896225,-2.5149629666666193,-2.1793796120917315,1.9515157294768073,-1.9385630980757027,1.1057724738205952,-0.8919217611352667,0.3217268568277359,-0.3217268568277359,0.3217268568277359,0.3217268568277359,-0.3217268568277359,0.3217268568277359,-2.0658292463586214,-1.8277414842312192,1.9250105703008589,-1.9303630586385638,1.110231863603542,-0.8745782536593113,0.3574871885745212,-0.3574880261035363,0.35748760937407664,0.3574886233635413,-0.35748787040838725,0.3574882252044643
581,9.699999999999909,-0.14515385031700134,-0.05568486452102661,0.046345073729753494,-0.04474129527807236,-0.022107139229774475,-0.09407193958759308,-0.10631860047578812,-2.516629633333286,-2.180307693167082,1.9522881473723033,-1.9393087863303373,1.1054040215000989,-0.8934896267950598,0.3217253038287163,-0.3217253038287163,0.3217253038287163,0.3217253038287163,-0.3217253038287163,0.3217253038287163,-2.065830829299347,-1.827740744156429,1.925452754455791,-1.93109872671283,1.1098347996248084,-0.876133064305378,0.3574858810990002,-0.35748654214952913,0.35748624156097775,0.35748702778962205,-0.3574863241949673,0.35748671419104355
582,9.717999999999915,-0.14510376751422882,-0.055612027645111084,0.04627712443470955,-0.04466718062758446,-0.02204631268978119,-0.09394320845603943,-0.10631465911865234,-2.5182962999999523,-2.1812345602945005,1.9530594327795485,-1.940053239340797,1.105036582955269,-0.8950553469359939,0.32172672271728514,-0.32172672271728514,0.32172672271728514,0.32172672271728514,-0.32172672271728514,0.32172672271728514,-2.0658327820019595,-1.8277398685941086,1.9259534777087808,-1.9319233350304827,1.109393022006638,-0.8778741207626136,0.3574842848577779,-0.35748528704273286,0.35748486027347065,0.3574859797329418,-0.3574850128782483,0.3574855343615912
583,9.73399999999992,-0.14512121677398682,-0.055549412965774536,0.04617512598633766,-0.04458215832710266,-0.02204190194606781,-0.09376664459705353,-0.10630638897418976,-2.519962966666619,-2.18216038384393,1.953829018212654,-1.9407962753129153,1.1046692179228346,-0.8966181243459448,0.3217296999692917,-0.3217296999692917,0.3217296999692917,0.3217296999692917,-0.3217296999692917,0.3217296999692917,-2.0658345597469863,-1.8277390183976523,1.9264038719569083,-1.932652451572643,1.1090044760673876,-0.8794151798401799,0.35748377254421354,-0.35748448084882434,0.3574841878623446,0.3574850704831959,-0.357484330303767,0.35748472409215193
584,9.749999999999925,-0.1451098471879959,-0.0554952472448349,0.04609556123614311,-0.04451595991849899,-0.022007495164871216,-0.09364624321460724,-0.10629917681217194,-2.5216296333332853,-2.183085304631344,1.9545972775665899,-1.9415382079782237,1.1043024263367534,-0.8981788950661882,0.3217322963476181,-0.3217322963476181,0.3217322963476181,0.3217322963476181,-0.3217322963476181,0.3217322963476181,-2.0658364000241414,-1.8277381634543235,1.9268608574505708,-1.933382550640811,1.1086177145141514,-0.8809578627383631,0.3574835213052747,-0.3574841040359089,0.3574838506811814,0.35748456761878733,-0.35748391620885217,0.35748427389961596
585,9.767999999999931,-0.14510034024715424,-0.0554426833987236,0.046006787568330765,-0.044450484216213226,-0.021974317729473114,-0.09351971745491028,-0.10629066824913025,-2.5232962999999518,-2.184009349354656,1.9553640573593953,-1.9422790493818274,1.1039361877079288,-0.89973755702377,0.3217353594303131,-0.3217353594303131,0.3217353594303131,0.3217353594303131,-0.3217353594303131,0.3217353594303131,-2.065838574436706,-1.8277371965036189,1.9273833252672212,-1.9342015876522192,1.1081866848537472,-0.8826858023888046,0.3574832099216966,-0.35748414973114057,0.35748374893877155,0.3574847960334821,-0.35748388486060434,0.3574843750183743
586,9.783999999999937,-0.14512930810451508,-0.05538544803857803,0.045892756432294846,-0.0443684384226799,-0.021978795528411865,-0.09333772957324982,-0.10628008842468262,-2.5249629666666182,-2.1849324401552987,1.9561289366332668,-1.9430185233555388,1.103569874449122,-0.9012931858499909,0.32173916816711423,-0.32173916816711423,0.32173916816711423,0.32173916816711423,-0.32173916816711423,0.32173916816711423,-2.0658405214922557,-1.8277362755895978,1.9278543313931256,-1.9349260394104384,1.107806960365806,-0.8842156283189718,0.35748380588044393,-0.35748446210183593,0.3574841899544694,0.3574850020460307,-0.35748431380700385,0.3574846804712908
587,9.799999999999942,-0.1451181322336197,-0.05533122271299362,0.04580529406666756,-0.044302865862846375,-0.021945632994174957,-0.09320980310440063,-0.10627174377441406,-2.5266296333332847,-2.1858546272005155,1.9568923582010447,-1.943756904453253,1.103204113899219,-0.9028466825683975,0.32174217224121093,-0.32174217224121093,0.32174217224121093,0.32174217224121093,-0.32174217224121093,0.32174217224121093,-2.0658425159776734,-1.8277353528242055,1.9283321189265008,-1.9356516092496936,1.1074283823746642,-0.8857474027600045,0.3574845983578257,-0.35748513627003126,0.35748490010444567,0.35748555383997427,-0.3574849513616705,0.35748528175283395
588,9.817999999999948,-0.14510591328144073,-0.055277012288570404,0.04570992663502693,-0.04423736780881882,-0.02191167324781418,-0.09307536482810974,-0.10626233369112015,-2.528296299999951,-2.186775910738658,1.9576541903116285,-1.9444941939167333,1.1028389193450887,-0.904397938648866,0.32174555987119674,-0.32174555987119674,0.32174555987119674,0.32174555987119674,-0.32174555987119674,0.32174555987119674,-2.0658448505388627,-1.827734311173378,1.9288778302233964,-1.9364656799031876,1.1070058532860765,-0.8874634567104784,0.35748538267681507,-0.3574862819986956,0.35748589606910797,0.3574868869100155,-0.35748602085071735,0.35748648466520055
589,9.833999999999953,-0.1451309323310852,-0.05521738529205322,0.04558910056948662,-0.04415510594844818,-0.02191464602947235,-0.09288476407527924,-0.10625093430280685,-2.5299629666666177,-2.1876962004935256,1.9584140086544533,-1.9452301123492075,1.1024736752445976,-0.9059460180501206,0.3217496636509895,-0.3217496636509895,0.3217496636509895,0.3217496636509895,-0.3217496636509895,0.3217496636509895,-2.065846930372163,-1.8277333247681484,1.9293692465211718,-1.9371858204192622,1.106633111796899,-0.888983018588495,0.35748688567315295,-0.3574875048168313,0.35748724628558454,0.35748800657649105,-0.3574873597439474,0.35748770231364385
590,9.849999999999959,-0.14511582255363464,-0.05516095459461212,0.045495640486478806,-0.04408920556306839,-0.021879732608795166,-0.09274905920028687,-0.106241874396801,-2.531629633333284,-2.188615549736769,1.959172269329228,-1.9459649324419253,1.102109013034451,-0.9074918357034588,0.32175292521715165,-0.32175292521715165,0.32175292521715165,0.32175292521715165,-0.32175292521715165,0.32175292521715165,-2.0658490496466895,-1.8277323372164174,1.9298671696508534,-1.9379071423985048,1.1062610309408505,-0.890504741614609,0.3574885253700849,-0.35748902981393715,0.357488805850772,0.35748941235234777,-0.3574888477457405,0.35748915606896303
591,9.867999999999965,-0.14509987831115723,-0.055104613304138184,0.04539458081126213,-0.044023364782333374,-0.02184419333934784,-0.0926070362329483,-0.10623181611299515,-2.5332962999999507,-2.1895339599585046,1.9599288456760824,-1.9466986551882974,1.101744943145462,-0.9090352863073413,0.32175654619932176,-0.32175654619932176,0.32175654619932176,0.32175654619932176,-0.32175654619932176,0.32175654619932176,-2.065852074436633,-1.8277297986193473,1.9305663309550456,-1.9386956085823834,1.1058435612103505,-0.892210736451316,0.3574884680133532,-0.35749130472609364,0.35748991481673426,0.357492146139926,-0.3574907701585824,0.35749138838019656
592,9.88399999999997,-0.147726908326149,-0.05595342814922333,0.0463818795979023,-0.04426753893494606,-0.024140045046806335,-0.09347239136695862,-0.10612739622592926,-2.534962966666617,-2.190466517094325,1.960701877002714,-1.94743644750388,1.1013426090613485,-0.9105931594967906,0.32179413735866547,-0.32179413735866547,0.32179413735866547,0.32179413735866547,-0.32179413735866547,0.32179413735866547,-2.065856576899947,-1.8277275508861786,1.931837575577553,-1.9393714161445432,1.1054691858960302,-0.8937232311718137,0.35749466942701597,-0.3574957751402688,0.3574952788708875,0.3574966551753862,-0.3574958139533697,0.3574962799019153
593,9.899999999999975,-0.15100501477718353,-0.05736195296049118,0.04601742699742317,-0.044770922511816025,-0.026673361659049988,-0.09400239586830139,-0.10582926869392395,-2.5366296333332836,-2.1914225496436663,1.9614688341193378,-1.9481826295457434,1.1008980530336976,-0.9121598660945957,0.32190146327018737,-0.32190146327018737,0.32190146327018737,0.32190146327018737,-0.32190146327018737,0.32190146327018737,-2.065860769744864,-1.8277280555208089,1.9335557511174206,-1.9400690474232418,1.1050906447247688,-0.8952396842251948,0.35751229740767215,-0.35751185872940716,0.3575123667892127,0.3575122976272654,-0.3575117090385343,0.35751247422832
594,9.917999999999981,-0.15273605287075043,-0.058106549084186554,0.04543331637978554,-0.045022547245025635,-0.02802196890115738,-0.09392240643501282,-0.10561755299568176,-2.53829629999995,-2.1923909921284026,1.9622260560590008,-1.9489330053331604,1.1004310202186782,-0.9137252395351791,0.32197768092155454,-0.32197768092155454,0.32197768092155454,0.32197768092155454,-0.32197768092155454,0.32197768092155454,-2.0658645720311606,-1.8277306217837712,1.9357849759876917,-1.940869260679665,1.1046602022380283,-0.8969409176859592,0.35753768864845836,-0.35753785234821917,0.35753798332311426,0.35753813373462345,-0.3575374991792408,0.35753812060589024
595,9.933999999999987,-0.1536199003458023,-0.05845217406749725,0.044845204800367355,-0.045107170939445496,-0.028754636645317078,-0.09350277483463287,-0.10546225309371948,-2.5399629666666166,-2.1933651950295276,1.962973476139007,-1.9496847915154845,1.0999517762745896,-0.9152836191157564,0.322033588886261,-0.322033588886261,0.322033588886261,0.322033588886261,-0.322033588886261,0.322033588886261,-2.06586627607551,-1.8277365110976094,1.9376467640193589,-1.9416254774214505,1.104275827056988,-0.8984473497656696,0.35756749633243107,-0.35756397423097086,0.3575659179596348,0.3575635982355885,-0.35756427555953607,0.357564263610042
596,9.949999999999992,-0.14929227530956268,-0.05693267285823822,0.04268486425280571,-0.044519033282995224,-0.024873875081539154,-0.09150922298431396,-0.10560037195682526,-2.541629633333283,-2.1943140729104984,1.9636848905432205,-1.9504267754035345,1.0995280878860565,-0.9168087728321617,0.3219838660955429,-0.3219838660955429,0.3219838660955429,0.3219838660955429,-0.3219838660955429,0.3219838660955429,-2.0658653559738993,-1.8277412867150602,1.9386232266105388,-1.9424013291497992,1.103891174813476,-0.8999556902679409,0.35758434305400777,-0.35758454140210433,0.3575843164008355,0.35758385227347766,-0.35758396109962104,0.3575837299990379
597,9.967999999999998,-0.14535661041736603,-0.05506805330514908,0.043181855231523514,-0.04376748204231262,-0.022032052278518677,-0.0903928130865097,-0.10590530931949615,-2.5432962999999496,-2.1952318737989174,1.9644045881304126,-1.951156233437573,1.099159955053079,-0.9183153197169368,0.32187408864498135,-0.32187408864498135,0.32187408864498135,0.32187408864498135,-0.32187408864498135,0.32187408864498135,-2.065865461426274,-1.8277422603559308,1.9392875213914382,-1.943227381681945,1.1034579104510758,-0.9016445411448019,0.3575882965773786,-0.3575904729842349,0.3575890714027563,0.3575908323737492,-0.3575902640415243,0.35758995050408626
598,9.984000000000004,-0.14400321245193481,-0.05434427410364151,0.043445464223623276,-0.0434371680021286,-0.021118097007274628,-0.08987948298454285,-0.10599992424249649,-2.544962966666616,-2.1961376117006446,1.9651286792008062,-1.9518801862376085,1.0988079867696245,-0.9198133111000125,0.3218400272727013,-0.3218400272727013,0.3218400272727013,0.3218400272727013,-0.3218400272727013,0.3218400272727013,-2.0658663995402105,-1.8277419734039775,1.9397546001367831,-1.9439440337519356,1.103076080316325,-0.9031381884340584,0.35758981852174954,-0.3575909767025542,0.35759024850715276,0.3575915623574319,-0.3575909474649638,0.35759098338599166
599,10.000000000000009,-0.1436108946800232,-0.05410175770521164,0.04346558824181557,-0.04330053925514221,-0.02083178609609604,-0.08966033160686493,-0.10602118074893951,-2.5466296333332825,-2.197039307662398,1.9658531056715032,-1.9526018618918608,1.0984607903346897,-0.9213076499601269,0.32183237493038175,-0.32183237493038175,0.32183237493038175,0.32183237493038175,-0.32183237493038175,0.32183237493038175,-2.065867741727054,-1.8277414045568092,1.940188700055912,-1.9446573360002755,1.102696636376992,-0.9046319778778941,0.35759022412811836,-0.357590938147359,0.3575905568636481,0.3575914228998826,-0.35759074923429535,0.3575910680470721
