step,sim_time,action_0,action_1,action_2,action_3,action_4,action_5,action_6,target_0,target_1,target_2,target_3,target_4,target_5,target_6,target_7,target_8,target_9,target_10,target_11,q_0,q_1,q_2,q_3,q_4,q_5,q_6,q_7,q_8,q_9,q_10,q_11
0,0.018000000000000002,-0.35373371839523315,-0.06194742023944855,-0.05652836710214615,-0.011770129203796387,-0.05250916630029678,-0.06021830439567566,-0.1021316796541214,-1.5708518068525525,-1.5708518068525525,1.5707406957414416,-1.5708518068525525,1.5707406957414416,-5.555555555555556e-05,0.32323259532451626,-0.32323259532451626,0.32323259532451626,0.32323259532451626,-0.32323259532451626,0.32323259532451626,-1.5707932551871076,-1.5707276732536364,1.5707758794925537,-1.5707253565455657,1.5707909782323741,-5.087728784820556e-06,0.04002450722269773,-0.039811187404996784,0.03918018613439558,0.0400271331809385,-0.039807504795204694,0.03919145588879832
1,0.034000000000000016,-0.33723315596580505,-0.07987020909786224,-0.24699431657791138,-0.02125699445605278,0.023620471358299255,0.01591780036687851,-0.11860786378383636,-1.5709629179636637,-1.5709629179636637,1.5706295846303304,-1.5709629179636637,1.5707406957414416,-5.555555555555556e-05,0.3173011690378189,-0.3173011690378189,0.3173011690378189,0.3173011690378189,-0.3173011690378189,0.3173011690378189,-1.5707921593371115,-1.5706857358381523,1.570772776917696,-1.570749212671788,1.570787189495932,-9.243926576204306e-06,0.0694835013290538,-0.06970157618914141,0.06934819639404213,0.06953256332313201,-0.06970284593514112,0.06934268157385487
2,0.05000000000000003,-0.3044300377368927,-0.08216314017772675,-0.2942935526371002,-0.02212556079030037,0.050780102610588074,0.045324575155973434,-0.11767901480197906,-1.5711295846303304,-1.5711295846303304,1.5704629179636638,-1.5711295846303304,1.570796251296997,0.0,0.3176355546712875,-0.3176355546712875,0.3176355546712875,0.3176355546712875,-0.3176355546712875,0.3176355546712875,-1.5707947839376075,-1.5706564180908975,1.570771363954015,-1.5707830371302949,1.570788364456719,-8.5231139393554e-06,0.09652403340042816,-0.0966867970533818,0.09649343747566472,0.09653572360030664,-0.09669121194851048,0.09648839076636112
3,0.06800000000000005,-0.263274610042572,-0.08276527374982834,-0.3359696865081787,-0.022815853357315063,0.07197780907154083,0.07916367053985596,-0.11459559202194214,-1.5713518068525525,-1.5713518068525525,1.5702406957414416,-1.5713518068525525,1.5709073624081082,0.00011111111111111112,0.3187455868721008,-0.3187455868721008,0.3187455868721008,0.3187455868721008,-0.3187455868721008,0.3187455868721008,-1.5708047092872508,-1.5706362647127714,1.570761898032529,-1.5708374219224464,1.5707999824607752,2.4120131082232627e-06,0.12404949806822084,-0.12416635847612621,0.12398139857028669,0.12404195773406357,-0.1241655725069442,0.12397801316719209
4,0.08400000000000006,-0.21172867715358734,-0.08029822260141373,-0.38004782795906067,-0.022407900542020798,0.08708387613296509,0.1255798041820526,-0.11007183790206909,-1.5716295846303303,-1.5716295846303303,1.5699629179636638,-1.5716295846303303,1.571074029074775,0.0002777777777777778,0.32037413835525513,-0.32037413835525513,0.32037413835525513,0.32037413835525513,-0.32037413835525513,0.32037413835525513,-1.570821852645727,-1.5706289576493728,1.5707410551508185,-1.5709026339002494,1.5708232173323193,2.495264653871072e-05,0.146193669793033,-0.1462997745061331,0.14612382009309566,0.14618894050485542,-0.14629889980329622,0.14612076100696836
5,0.10000000000000007,-0.185960590839386,-0.07665370404720306,-0.39080485701560974,-0.021159052848815918,0.0857345312833786,0.14829547703266144,-0.10796894133090973,-1.5719629179636636,-1.5719629179636636,1.5696295846303305,-1.5719629179636636,1.571296251296997,0.0005,0.32113118112087247,-0.32113118112087247,0.32113118112087247,0.32113118112087247,-0.32113118112087247,0.32113118112087247,-1.5708493460960158,-1.570631936174356,1.5707039553152629,-1.5709886532405595,1.570863021979872,6.388172949060348e-05,0.16629758714934978,-0.16639777521924634,0.16623422890724052,0.16629517506949115,-0.16639809286192986,0.16623116079784694
6,0.11800000000000009,-0.1693919599056244,-0.07237440347671509,-0.37888482213020325,-0.01904807984828949,0.07767394185066223,0.15695586800575256,-0.10453939437866211,-1.5723518068525526,-1.5723518068525526,1.5692406957414415,-1.5722803859611352,1.5715740290747748,0.0007777777777777778,0.32236581802368164,-0.32236581802368164,0.32236581802368164,0.32236581802368164,-0.32236581802368164,0.32236581802368164,-1.5708957652781097,-1.5706489815452838,1.5706389740495577,-1.571105558802392,1.5709298486784387,0.000129406707812434,0.18677919971946985,-0.18686856856470102,0.18672386058920193,0.18677727469347483,-0.18686902791562413,0.18672113362849713
7,0.1340000000000001,-0.46916982531547546,-0.022691233083605766,0.012435369193553925,0.06123959273099899,-0.12230540066957474,-0.08275067806243896,-0.13996896147727966,-1.572796251296997,-1.5727299940706128,1.5689073624081082,-1.572542298403051,1.571796251296997,0.001,0.3096111738681793,-0.3096111738681793,0.3096111738681793,0.3096111738681793,-0.3096111738681793,0.3096111738681793,-1.5709530731884362,-1.570680936231256,1.5705616989146496,-1.571224193698002,1.5710028470239514,0.0002008441357003695,0.20174302992295448,-0.20186757729995314,0.2016618562135677,0.20174110822187719,-0.2018680193475088,0.20165821008507637
8,0.1500000000000001,-0.22991375625133514,-0.08962990343570709,0.07668179273605347,-0.04649056866765022,-0.10094808787107468,-0.10496856272220612,-0.11368147283792496,-1.573296251296997,-1.5731637368442284,1.5686295846303304,-1.5728597664005226,1.5719629179636636,0.0011666666666666665,0.31907466977834703,-0.31907466977834703,0.31907466977834703,0.31907466977834703,-0.31907466977834703,0.31907466977834703,-1.5710277651106195,-1.570726277180901,1.5704659713101727,-1.571352139138173,1.5710841234584414,0.00028012867523423624,0.216363097522113,-0.2164088597805984,0.2163335463148297,0.216360584818374,-0.21640898966104521,0.21633200085326798
9,0.16800000000000012,-0.23024283349514008,-0.08569253981113434,0.08810916543006897,-0.044819824397563934,-0.0953032374382019,-0.1156264990568161,-0.11349088698625565,-1.5738518068525527,-1.5736530351733995,1.5684073624081083,-1.5732327899535496,1.5720740290747748,0.0012777777777777776,0.31914328068494796,-0.31914328068494796,0.31914328068494796,0.31914328068494796,-0.31914328068494796,0.31914328068494796,-1.5711354817392111,-1.57079981480063,1.570342823629878,-1.571518771977999,1.5711785218511123,0.0003718012687636696,0.231112112053994,-0.23117461904946382,0.23107631655959307,0.23111058157981032,-0.23117472704576547,0.2310742892581692
10,0.18400000000000014,-0.2989177703857422,-0.0683339312672615,0.053035397082567215,-0.019387323409318924,-0.09751527011394501,-0.10407045483589172,-0.11674745380878448,-1.5744629179636638,-1.5741978890581263,1.5682406957414416,-1.5735559120103717,1.5721295846303303,0.001333333333333333,0.3179709166288376,-0.3179709166288376,0.3179709166288376,0.3179709166288376,-0.3179709166288376,0.3179709166288376,-1.5712543540491881,-1.5708887922886934,1.570225284305438,-1.5716796052589324,1.5712601877228378,0.0004507550769592782,0.24277132313994104,-0.24283650285061892,0.2427296575112317,0.2427697801222028,-0.24283672286694633,0.24272758133517608
11,0.20000000000000015,-0.3978704810142517,-0.039934784173965454,-0.02539251744747162,0.021561399102211,-0.09707506000995636,-0.059394121170043945,-0.11995118856430054,-1.5751295846303304,-1.5747982984984086,1.5680184735192195,-1.573823478511638,1.5721295846303303,0.001333333333333333,0.3168175721168518,-0.3168175721168518,0.3168175721168518,0.3168175721168518,-0.3168175721168518,0.3168175721168518,-1.5713977661898304,-1.5710027023962996,1.5701023351963066,-1.5718486889767256,1.5713357614035517,0.0005232238662670808,0.25319512419778734,-0.2532542948649468,0.253157082617108,0.2531937921263185,-0.2532544503152739,0.2531552883306172
12,0.21800000000000017,-0.3209291398525238,-0.0706142708659172,-0.13377492129802704,-0.027619516476988792,-0.011439263820648193,-0.02071996033191681,-0.10048220306634903,-1.5758518068525527,-1.5754542634942466,1.5677406957414417,-1.5741466005684601,1.5720740290747748,0.0012777777777777774,0.32382640689611436,-0.32382640689611436,0.32382640689611436,0.32382640689611436,-0.32382640689611436,0.32382640689611436,-1.571591718761938,-1.5711609529443133,1.5699559245778354,-1.5720490760871613,1.5714088597894593,0.0005925485532387801,0.26459562196861736,-0.2646255526435457,0.264579748270794,0.26459455091748646,-0.2646255737431323,0.26457881895439345
13,0.23400000000000018,-0.37603408098220825,-0.04985281452536583,-0.24442192912101746,0.00992421805858612,-0.013301007449626923,0.07025860249996185,-0.09845106303691864,-1.5766295846303304,-1.57616578404564,1.5674073624081084,-1.5744141670697265,1.5719629179636636,0.0012777777777777774,0.3245576173067093,-0.3245576173067093,0.3245576173067093,0.3245576173067093,-0.3245576173067093,0.3245576173067093,-1.5717954493391337,-1.5713311992777015,1.5698175830398684,-1.5722343929253881,1.5714596190514576,0.0006487623629678045,0.27376128484619044,-0.2738038303369869,0.2737366132679759,0.27376058793345853,-0.2738039307193004,0.27373535003407873
14,0.25000000000000017,-0.37179020047187805,-0.040587954223155975,-0.31077271699905396,0.02479538321495056,0.007538631558418274,0.125787153840065,-0.09332530200481415,-1.5774629179636637,-1.5768422499493593,1.5670184735192194,-1.5746261780154374,1.5719073624081081,0.0013333333333333329,0.3264028912782669,-0.3264028912782669,0.3264028912782669,0.3264028912782669,-0.3264028912782669,0.3264028912782669,-1.57203179242207,-1.5715299097175042,1.5696675258891775,-1.5724216430876032,1.5715018313113838,0.0007048860600925457,0.2822535702402589,-0.2822913964042461,0.28223010872588067,0.28225294790854094,-0.28229148910759294,0.28222907034834455
15,0.2680000000000002,-0.351128488779068,-0.03767523169517517,-0.34279105067253113,0.027432486414909363,0.022148191928863525,0.1582522988319397,-0.08806665986776352,-1.5783518068525526,-1.5774701704776122,1.566574029074775,-1.5747826334055928,1.5719073624081081,0.001444444444444444,0.3282960024476051,-0.3282960024476051,0.3282960024476051,0.3282960024476051,-0.3282960024476051,0.3282960024476051,-1.5723400920680999,-1.5717875015588152,1.569479414454097,-1.5726289690323958,1.5715453168490245,0.0007727230504222243,0.29106506948153926,-0.29109963527607224,0.29104479140322875,0.2910648952241997,-0.29109968022514576,0.29104401585497236
16,0.2840000000000002,-0.34705522656440735,-0.05900624394416809,-0.0310293510556221,-0.005986351519823074,-0.07635744661092758,-0.061345234513282776,-0.11225363612174988,-1.579296251296997,-1.5781536465614205,1.566074029074775,-1.5748835332401925,1.5718518068525527,0.0014999999999999994,0.31958869099617004,-0.31958869099617004,0.31958869099617004,0.31958869099617004,-0.31958869099617004,0.31958869099617004,-1.572653647027044,-1.5720482468689427,1.5692925055265965,-1.5728078500526037,1.571576553094058,0.0008323367655683831,0.2971463247874321,-0.2972107302362557,0.2971046086757724,0.29714627572768676,-0.2972108861386859,0.2971030215030946
17,0.3000000000000002,-0.35696443915367126,-0.05725155770778656,-0.04670589044690132,-0.003321722149848938,-0.07094675302505493,-0.05315718054771423,-0.11064369976520538,-1.580296251296997,-1.5788926782007846,1.5655184735192194,-1.5749388952760233,1.5717406957414415,0.0014999999999999994,0.32016826808452603,-0.32016826808452603,0.32016826808452603,0.32016826808452603,-0.32016826808452603,0.32016826808452603,-1.5730068572761717,-1.572337014082893,1.5690821560888504,-1.5729743213412,1.571596626831245,0.0008870600883657962,0.3027439198905875,-0.30277584104997013,0.3027225957820875,0.3027437268006045,-0.30277589927212845,0.30272205420354154
18,0.3180000000000002,-0.36020007729530334,-0.0568312406539917,-0.04146376624703407,-0.002761121839284897,-0.0723692774772644,-0.05755147337913513,-0.11091987043619156,-1.5813518068525525,-1.5796872653957041,1.5649073624081082,-1.5749849139733447,1.5715740290747748,0.0014444444444444437,0.320068846642971,-0.320068846642971,0.320068846642971,0.320068846642971,-0.320068846642971,0.320068846642971,-1.5734542657936321,-1.572696295441122,1.5688143616322596,-1.5731491722311524,1.5716022912785896,0.0009381627049970318,0.30838659561618675,-0.30841221496012744,0.3083726631882409,0.3083868129990005,-0.3084122269582391,0.3083723312545775
19,0.33400000000000024,-0.3634927272796631,-0.05675991624593735,-0.03889182209968567,-0.002586379647254944,-0.07285827398300171,-0.06111213564872742,-0.11125795543193817,-1.5824629179636636,-1.5805374081461794,1.5642591653731135,-1.575028020300799,1.5713518068525527,0.0013333333333333326,0.31994713604450226,-0.31994713604450226,0.31994713604450226,0.31994713604450226,-0.31994713604450226,0.31994713604450226,-1.573897473609171,-1.5730469200461268,1.568548114884069,-1.573293936625297,1.5715890728379804,0.0009705036040633572,0.3128825545333088,-0.3129067228054669,0.312868610989645,0.31288278270253594,-0.3129067630326675,0.3128682821125639
20,0.35000000000000026,-0.36673855781555176,-0.05686748027801514,-0.03724623844027519,-0.0025988779962062836,-0.07300557941198349,-0.06447705626487732,-0.1116563081741333,-1.5836295846303303,-1.58144310645221,1.5636383947324421,-1.575071334934069,1.571074029074775,0.001166666666666666,0.319803729057312,-0.319803729057312,0.319803729057312,0.319803729057312,-0.319803729057312,0.319803729057312,-1.5743855267380227,-1.573428484565361,1.5682547568804481,-1.573429436267889,1.5715545401291187,0.0009864894629673883,0.31693407774005655,-0.31695632915311234,0.316920754646368,0.3169342739517034,-0.316956354304856,0.316920458691815
21,0.36800000000000027,-0.3698789179325104,-0.05710724741220474,-0.036210305988788605,-0.002746209502220154,-0.07287660986185074,-0.06766195595264435,-0.1120656281709671,-1.5848518068525526,-1.5823948939090802,1.563034889632629,-1.5751171050924393,1.5707406957414416,0.0009444444444444436,0.31965637385845186,-0.31965637385845186,0.31965637385845186,0.31965637385845186,-0.31965637385845186,0.31965637385845186,-1.5749901502962882,-1.5738972462465948,1.5678946397931641,-1.5735718220722568,1.571488545076686,0.0009824622657494627,0.3210140729559583,-0.3210339056686823,0.32100226033237117,0.3210142752967947,-0.32103391736115605,0.32100202122229576
22,0.3840000000000003,-0.37289702892303467,-0.057448610663414,-0.035615481436252594,-0.0029934197664260864,-0.07251688838005066,-0.07068158686161041,-0.11246814578771591,-1.5861295846303303,-1.5833523707534705,1.5624412982753582,-1.5751669954218797,1.5703518068525526,0.0006666666666666658,0.3195114675164223,-0.3195114675164223,0.3195114675164223,0.3195114675164223,-0.3195114675164223,0.3195114675164223,-1.5755772536380392,-1.5743504813939757,1.567551387523499,-1.5736907415157566,1.5714034290033898,0.0009563761648631048,0.3242582743575298,-0.32427624054593657,0.32424762867719975,0.3242584347268841,-0.32427625252012654,0.3242474136402137
23,0.4000000000000003,-0.37576720118522644,-0.057879604399204254,-0.035368241369724274,-0.0033294856548309326,-0.07195223867893219,-0.07354828715324402,-0.11285561323165894,-1.5874629179636637,-1.5843170308267904,1.5618518275858628,-1.5752224868494602,1.5699073624081081,0.0003333333333333324,0.31937197923660277,-0.31937197923660277,0.31937197923660277,0.31937197923660277,-0.31937197923660277,0.31937197923660277,-1.576212674307084,-1.5748392892276686,1.5671873595462442,-1.573803791221498,1.5712891272272205,0.0009050339286963687,0.32717806121610155,-0.32719429615118173,0.32716842072711605,0.3271781705871798,-0.32719430302718144,0.32716822463071027
24,0.4180000000000003,-0.37849485874176025,-0.058384791016578674,-0.035411130636930466,-0.00373830646276474,-0.07120732963085175,-0.07627277076244354,-0.1132270097732544,-1.5888518068525526,-1.5852901106770667,1.5612616420752474,-1.5752847919571729,1.5694073624081082,-5.5555555555556575e-05,0.3192382764816284,-0.3192382764816284,0.3192382764816284,0.3192382764816284,-0.3192382764816284,0.3192382764816284,-1.5769868712735193,-1.5754326137234318,1.5667544501245743,-1.5739252408263524,1.571125689635534,0.0008165117988572558,0.3301152661414941,-0.3301296615896761,0.3301067151380634,0.3301153540485939,-0.3301296599761588,0.33010655108079073
25,0.43400000000000033,-0.38106685876846313,-0.058957889676094055,-0.03570203483104706,-0.004216805100440979,-0.0703011155128479,-0.07886345684528351,-0.11358090490102768,-1.590296251296997,-1.5862727421716682,1.5606666081613967,-1.5753550720421803,1.5688518068525525,-0.0005000000000000011,0.31911087423563,-0.31911087423563,0.31911087423563,0.31911087423563,-0.31911087423563,0.31911087423563,-1.5777276152848436,-1.5759984436193222,1.5663511701698904,-1.5740293159374283,1.5709478047640082,0.000708172092914578,0.33244834927824557,-0.33246137407306453,0.33244059032098944,0.33244837950124156,-0.3324613748763693,0.33244043009492985
26,0.45000000000000034,-0.38349613547325134,-0.05958496779203415,-0.03620541840791702,-0.004751160740852356,-0.06925667822360992,-0.08132915198802948,-0.11391942948102951,-1.591796251296997,-1.5872658249682021,1.5600631845212647,-1.5754342580545277,1.5682406957414414,-0.0010000000000000013,0.31898900538682934,-0.31898900538682934,0.31898900538682934,0.31898900538682934,-0.31898900538682934,0.31898900538682934,-1.578519157005297,-1.5766003174728913,1.565930372349106,-1.574131075291731,1.570734602016112,0.0005676344227490243,0.3345458427006088,-0.3345575946166435,0.33453880219790444,0.33454581803361166,-0.33455759091843545,0.3345386452475824
27,0.46800000000000036,-0.3857714533805847,-0.06026192009449005,-0.03688992187380791,-0.005341153591871262,-0.06809023022651672,-0.08368009328842163,-0.11424238979816437,-1.5933518068525525,-1.5882701903031102,1.5594483524900347,-1.575523277281059,1.5675740290747748,-0.001555555555555557,0.31887273967266083,-0.31887273967266083,0.31887273967266083,0.31887273967266083,-0.31887273967266083,0.31887273967266083,-1.579471677845857,-1.5773201165206536,1.56543630184036,-1.5742438168760353,1.5704540885083806,0.00037215874693408916,0.3366534567626247,-0.33666386298552126,0.33664722844590295,0.3366534317347118,-0.33666384958563794,0.33664709838205126
28,0.4840000000000004,-0.38790833950042725,-0.06097470968961716,-0.03772561252117157,-0.005972437560558319,-0.06682540476322174,-0.085922971367836,-0.11455205082893372,-1.5949629179636635,-1.589286435464604,1.5588195922813484,-1.5756228179070684,1.5668518068525525,-0.0021666666666666683,0.31876126170158386,-0.31876126170158386,0.31876126170158386,0.31876126170158386,-0.31876126170158386,0.31876126170158386,-1.580372912690346,-1.5779967671356931,1.5649802709639509,-1.5743435033146578,1.5701675178001813,0.0001633434761056455,0.3383254755192136,-0.3383348677307322,0.33831980752212765,0.3383253807371798,-0.33833486136617524,0.33831966777636474
29,0.5000000000000003,-0.3898947834968567,-0.0617186576128006,-0.03868258744478226,-0.006645023822784424,-0.06548205763101578,-0.08806459605693817,-0.11484792828559875,-1.5966295846303302,-1.5903150797581507,1.558174882490602,-1.5757335683041147,1.5660740290747748,-0.0028333333333333353,0.31865474581718445,-0.31865474581718445,0.31865474581718445,0.31865474581718445,-0.31865474581718445,0.31865474581718445,-1.5813265996362509,-1.5787072123731498,1.564507500337194,-1.5744440532218238,1.5698408175682443,-8.311302537184722e-05,0.3398266313256163,-0.3398350840441054,0.3398214756828031,0.3398264761451974,-0.3398350720724199,0.33982132804790105
30,0.5180000000000003,-0.39173969626426697,-0.06248270720243454,-0.03974113613367081,-0.007349558174610138,-0.064080148935318,-0.0901062935590744,-0.11513083428144455,-1.598296251296997,-1.5913564582115245,1.5575125302217077,-1.5758560609403582,1.5652406957414415,-0.0035555555555555575,0.31855289965867994,-0.31855289965867994,0.31855289965867994,0.31855289965867994,-0.31855289965867994,0.31855289965867994,-1.5824628793723416,-1.5795457985201646,1.5639553462353186,-1.5745589195098884,1.569428158320206,-0.0004027149125796038,0.3413328110196746,-0.34134029575717106,0.34132826644084174,0.3413326864091588,-0.34134027085292773,0.3413281482299044
31,0.5340000000000004,-0.3934473991394043,-0.06325855106115341,-0.04086727648973465,-0.008079029619693756,-0.06263948976993561,-0.09206117689609528,-0.11540290713310242,-1.5999629179636636,-1.592410767395877,1.5568314089468787,-1.5759907114340197,1.5643518068525526,-0.004333333333333336,0.31845495343208313,-0.31845495343208313,0.31845495343208313,0.31845495343208313,-0.31845495343208313,0.31845495343208313,-1.5835274451000758,-1.5803245903883791,1.5634479086501847,-1.574663389410562,1.5690205311345011,-0.0007259340337490456,0.3425257944499907,-0.34253251955397623,0.342521639586791,0.342525586186989,-0.34253250738408647,0.34252150007288623
32,0.5500000000000004,-0.39502084255218506,-0.06403987854719162,-0.04204464703798294,-0.008829161524772644,-0.06117280200123787,-0.09393300116062164,-0.1156642884016037,-1.6016295846303303,-1.5934780987049968,1.556130664829579,-1.5761378641260992,1.5634073624081082,-0.005166666666666669,0.31836085617542265,-0.31836085617542265,0.31836085617542265,0.31836085617542265,-0.31836085617542265,0.31836085617542265,-1.584642955663507,-1.5811335531687931,1.5629237420392272,-1.5747715101344277,1.5685687711268965,-0.001091085357343875,0.3435949499039471,-0.34360098062485617,0.3435911573265923,0.34359467541359195,-0.34360096113091815,0.3435910001282802
33,0.5680000000000004,-0.3964625895023346,-0.06482183188199997,-0.04325820505619049,-0.00959721952676773,-0.059690091758966446,-0.09572800993919373,-0.11591538786888123,-1.603296251296997,-1.5945584625696967,1.555409694745309,-1.5762978177848788,1.5624125275454588,-0.006055555555555558,0.31827046036720275,-0.31827046036720275,0.31827046036720275,0.31827046036720275,-0.31827046036720275,0.31827046036720275,-1.5859576900927266,-1.5820783304868264,1.5623136673042874,-1.574897827844867,1.5680124430192093,-0.001547931674989889,0.3446655420344824,-0.3446708962172312,0.34466222159192883,0.3446653383863337,-0.34467085964824384,0.34466210210023096
34,0.5840000000000004,-0.39776843786239624,-0.06560079008340836,-0.044485729187726974,-0.010381899774074554,-0.058204617351293564,-0.09745307266712189,-0.11615636944770813,-1.6049629179636637,-1.5956518090710867,1.5546682659255135,-1.57647084944778,1.5614424505896038,-0.007000000000000003,0.3181837069988251,-0.3181837069988251,0.3181837069988251,0.3181837069988251,-0.3181837069988251,0.3181837069988251,-1.5871764201287824,-1.5829472063867345,1.5617546906255397,-1.5750148288378338,1.5674811579398638,-0.001996199029654084,0.3455117426429207,-0.3455165190433216,0.34550868810861957,0.3455114447809266,-0.3455165017466698,0.34550853986932867
35,0.6000000000000004,-0.398958295583725,-0.06636721640825272,-0.04571383073925972,-0.01117287203669548,-0.05672825872898102,-0.09911419451236725,-0.11638928204774857,-1.6066295846303305,-1.5967579293445575,1.553906368746526,-1.5766570639817248,1.5604969796107875,-0.008000000000000004,0.3180998584628105,-0.3180998584628105,0.3180998584628105,0.3180998584628105,-0.3180998584628105,0.3180998584628105,-1.5884409055635922,-1.5838420569578098,1.5611787587007853,-1.5751377520054457,1.566915398483753,-0.002489817539985762,0.3462682935660822,-0.3462725570349297,0.34626549306599796,0.3462679284806876,-0.346272530350718,0.34626532214218864
36,0.6180000000000004,-0.4000243842601776,-0.06712064892053604,-0.04692782461643219,-0.011972498148679733,-0.05526765063405037,-0.10071790218353271,-0.11661347001791,-1.6082962512969972,-1.5978766068265664,1.553124238336252,-1.5768566056175362,1.5595758521002199,-0.00905555555555556,0.31801915079355236,-0.31801915079355236,0.31801915079355236,0.31801915079355236,-0.31801915079355236,0.31801915079355236,-1.5899160539710255,-1.5848784109870004,1.5605101499125176,-1.575283037296609,1.5662483986406928,-0.0030939482184612864,0.3470238419545333,-0.34702765378538725,0.3470214183245768,0.34702359323567883,-0.34702760570181485,0.34702129833034656
37,0.6340000000000005,-0.40098485350608826,-0.06785336881875992,-0.04811321198940277,-0.012771815061569214,-0.053833968937397,-0.10227158665657043,-0.11683115363121033,-1.6099629179636639,-1.599007496306879,1.552322351469762,-1.5770694692018956,1.5586786192845965,-0.010166666666666671,0.31794078469276427,-0.31794078469276427,0.31794078469276427,0.31794078469276427,-0.31794078469276427,0.31794078469276427,-1.5912701754880536,-1.5858242459611507,1.5598990828386805,-1.5754187075875843,1.5656332295220072,-0.003675411881493691,0.34761926376552377,-0.34762263009198674,0.3476170119542418,0.34761891032749814,-0.34762260786255117,0.3476168572969495
38,0.6500000000000005,-0.40183117985725403,-0.06856632232666016,-0.04926038533449173,-0.013574529439210892,-0.0524308867752552,-0.10378031432628632,-0.11704130470752716,-1.6116295846303306,-1.6001502683456568,1.5515013450475204,-1.5772957113592159,1.5578047711716756,-0.011333333333333338,0.31786513030529023,-0.31786513030529023,0.31786513030529023,0.31786513030529023,-0.31786513030529023,0.31786513030529023,-1.5926626939130604,-1.5867919097619385,1.559270968603927,-1.5755620843114964,1.5649963530916646,-0.004304977224954871,0.3481498351533608,-0.34815281833964024,0.34814775907506906,0.34814941170117375,-0.34815278444921127,0.3481475772155595
39,0.6680000000000005,-0.40258288383483887,-0.06925226747989655,-0.050358958542346954,-0.014371708035469055,-0.05106603726744652,-0.10525098443031311,-0.11724589765071869,-1.6132962512969973,-1.601304472803655,1.5506620290718145,-1.5775352398264737,1.5569536705505516,-0.01255555555555556,0.31779147684574127,-0.31779147684574127,0.31779147684574127,0.31779147684574127,-0.31779147684574127,0.31779147684574127,-1.5942725588574282,-1.5879053662477414,1.5585436637335575,-1.5757321164962952,1.5642627867524792,-0.005064076165592181,0.34867763472874125,-0.34868034050755314,0.34867586979839277,0.34867737133335996,-0.3486802807625137,0.34867575242968296
40,0.6840000000000005,-0.4032341241836548,-0.0699128806591034,-0.05140135437250137,-0.015167195349931717,-0.049742359668016434,-0.10668864846229553,-0.11744420975446701,-1.614962917963664,-1.6024696874813067,1.5498053398322729,-1.5777880264156392,1.5561246312227512,-0.013833333333333336,0.31772008448839184,-0.31772008448839184,0.31772008448839184,0.31772008448839184,-0.31772008448839184,0.31772008448839184,-1.5957378319789237,-1.5889156260716122,1.5578807048083885,-1.5758910976657994,1.5635991967269884,-0.0057849726355454845,0.34909187161730576,-0.3490942218247869,0.3490902100448586,0.3490914925702019,-0.3490941945092062,0.3490900532493594
41,0.7000000000000005,-0.40379729866981506,-0.07054172456264496,-0.0523747019469738,-0.015952959656715393,-0.04847166687250137,-0.10809513926506042,-0.11763672530651093,-1.6166295846303307,-1.603645382890684,1.5489324281331567,-1.5780539090765844,1.5553167701082096,-0.015166666666666669,0.31765077888965604,-0.31765077888965604,0.31765077888965604,0.31765077888965604,-0.31765077888965604,0.31765077888965604,-1.5972332564704317,-1.5899439774087785,1.5572010121445734,-1.5760591157215167,1.5629233361536514,-0.006556210210594154,0.34945921623662474,-0.34946127874609295,0.34945767249129794,0.3494587644159655,-0.34946123755352526,0.34945748513726443
42,0.7180000000000005,-0.4042660593986511,-0.07113891839981079,-0.0532701201736927,-0.016730543226003647,-0.0472646988928318,-0.10946626961231232,-0.11782113462686539,-1.6182962512969974,-1.6048310315306809,1.5480445927969284,-1.5783327514636845,1.5545290251266624,-0.016555555555555556,0.31758439153432844,-0.31758439153432844,0.31758439153432844,0.31758439153432844,-0.31758439153432844,0.31758439153432844,-1.5989489669041623,-1.5911214678876766,1.5564162576456857,-1.5762580925343217,1.562155640456448,-0.00747615955052624,0.3498227671028204,-0.3498246820612352,0.349821493666712,0.3498225166215479,-0.3498246107254271,0.3498213847655285
43,0.7340000000000005,-0.40465742349624634,-0.07170070707798004,-0.05408547818660736,-0.017494358122348785,-0.046122223138809204,-0.11080905795097351,-0.11799915134906769,-1.619962917963664,-1.606026043315314,1.547143168160485,-1.578624324099057,1.5537603214076823,-0.018,0.31752030551433563,-0.31752030551433563,0.31752030551433563,0.31752030551433563,-0.31752030551433563,0.31752030551433563,-1.6004995527679593,-1.5921850971361051,1.5557030591722494,-1.5764436711149432,1.5614693458230453,-0.008341262802177675,0.3501065843899778,-0.3501082051279975,0.35010536384447144,0.35010620790394886,-0.3501081725428512,0.3501052117952104
44,0.7500000000000006,-0.4049680829048157,-0.07222984731197357,-0.054817959666252136,-0.018248192965984344,-0.04504408687353134,-0.11212804913520813,-0.11817067116498947,-1.6216295846303308,-1.6072298741038469,1.546229535499381,-1.5789284606484901,1.5530095866264568,-0.019499999999999997,0.3174585583806038,-0.3174585583806038,0.3174585583806038,0.3174585583806038,-0.3174585583806038,0.3174585583806038,-1.6020721726469032,-1.5932636454542806,1.554974020144285,-1.5766392121108666,1.5607774068814482,-0.009258555180404995,0.35035675392255927,-0.3503581537882244,0.35035560962941215,0.35035630117254574,-0.3503581052634818,0.35035542422967025
45,0.7680000000000006,-0.40521275997161865,-0.07272449880838394,-0.05547238141298294,-0.018988866358995438,-0.044028714299201965,-0.11342546343803406,-0.11833662539720535,-1.6232962512969975,-1.6084419490839865,1.5453049958091645,-1.5792449417544734,1.5522757747214702,-0.02105555555555555,0.31739881485700605,-0.31739881485700605,0.31739881485700605,0.31739881485700605,-0.31739881485700605,0.31739881485700605,-1.6038652642888926,-1.5944940592105794,1.5541350569648682,-1.5768699228750132,1.5599982673093122,-0.010343857278427548,0.35060255227075365,-0.35060391186099155,0.35060164697994783,0.3506023386008033,-0.3506038291834871,0.35060155314049507
46,0.7840000000000006,-0.40540170669555664,-0.0731825903058052,-0.056034453213214874,-0.01971244066953659,-0.04307930916547775,-0.11471489071846008,-0.11849924921989441,-1.6249629179636642,-1.6096616589224166,1.544371088255611,-1.579573482432299,1.5515577862353789,-0.02266666666666666,0.317340270280838,-0.317340270280838,0.317340270280838,0.317340270280838,-0.317340270280838,0.317340270280838,-1.605476506409771,-1.5956017880517244,1.5533751235391504,-1.5770842050388831,1.5593069095893186,-0.011356821256446983,0.3507929048014246,-0.350794015119222,0.3507920108601369,0.35079255433476,-0.35079397716065064,0.35079187032323383
47,0.8000000000000006,-0.4055330455303192,-0.07360894232988358,-0.05652232468128204,-0.02042517066001892,-0.04218798875808716,-0.11599010229110718,-0.1186566948890686,-1.626629584630331,-1.6108884746279146,1.5434290495109229,-1.5799139019432993,1.5508546530894107,-0.02433333333333333,0.31728358983993526,-0.31728358983993526,0.31728358983993526,0.31728358983993526,-0.31728358983993526,0.31728358983993526,-1.6071024558624278,-1.596721824352846,1.5526008388191788,-1.5773090353379124,1.558614315364085,-0.012423522621331713,0.3509590609227763,-0.3509599995291074,0.35095821090634105,0.3509586296966916,-0.35095994373725053,0.3509580342877906
48,0.8180000000000006,-0.4056163728237152,-0.0740019679069519,-0.05692336708307266,-0.021123509854078293,-0.04135866463184357,-0.11726269125938416,-0.11881105601787567,-1.6282962512969976,-1.6121218407596971,1.542480326726205,-1.5802659604408673,1.5501653420122132,-0.025999999999999995,0.31722801983356474,-0.31722801983356474,0.31722801983356474,0.31722801983356474,-0.31722801983356474,0.31722801983356474,-1.6089472051791671,-1.5979960044079073,1.5517129680312365,-1.5775731013084866,1.557838713800628,-0.01367253108286653,0.3511203580384756,-0.3511213369223983,0.35111972553000337,0.3511201966835081,-0.35112124314360016,0.35111965119783717
49,0.8340000000000006,-0.4056619107723236,-0.07436210662126541,-0.05724852532148361,-0.02180686593055725,-0.04058588296175003,-0.11853152513504028,-0.11896245926618576,-1.6299629179636643,-1.6133612092033849,1.5415261846375137,-1.5806294082063765,1.5494889106295173,-0.027666666666666662,0.3171735146641731,-0.3171735146641731,0.3171735146641731,0.3171735146641731,-0.3171735146641731,0.3171735146641731,-1.6105973698601135,-1.5991402235354233,1.5509115513145275,-1.5778172361640261,1.557153708257314,-0.014822905970064776,0.3512436533074968,-0.35124440740412965,0.35124300019183957,0.3512433401472075,-0.35124436380336227,0.35124287394234105
50,0.8500000000000006,-0.405664324760437,-0.07469327747821808,-0.05749914050102234,-0.022479981184005737,-0.03986769914627075,-0.1197987049818039,-0.11911014467477798,-1.631629584630331,-1.6146060971613552,1.5405678656291633,-1.5810040745594434,1.5488244489770795,-0.02933333333333333,0.31712034791707994,-0.31712034791707994,0.31712034791707994,0.31712034791707994,-0.31712034791707994,0.31712034791707994,-1.6122560718602201,-1.6002946085578524,1.5500977605800197,-1.578072244705726,1.5564702055355573,-0.016015739997190557,0.3513495186253766,-0.35135013320103425,0.3513488835158879,0.35134911571179117,-0.35135006986390926,0.35134871659563066
51,0.8680000000000007,-0.40564221143722534,-0.07499310374259949,-0.0576772466301918,-0.02313755825161934,-0.03920290619134903,-0.12106865644454956,-0.1192561686038971,-1.6332962512969977,-1.6158559822237317,1.5396065781853268,-1.5813897005303037,1.5481710672072238,-0.030999999999999996,0.31706777930259705,-0.31706777930259705,0.31706777930259705,0.31706777930259705,-0.31706777930259705,0.31706777930259705,-1.6141308027819157,-1.6016050388480152,1.5491679639506335,-1.5783703965178664,1.5557073626058338,-0.017394293059952475,0.3514501668153514,-0.35145088609309805,0.3514497386511941,0.351450065084673,-0.3514507811327403,0.3514496853077809
52,0.8840000000000007,-0.4055863916873932,-0.07526733726263046,-0.057788632810115814,-0.02378680929541588,-0.038585588335990906,-0.12234258651733398,-0.11939917504787445,-1.6349629179636644,-1.6171104378447756,1.5386434343051583,-1.581786147351894,1.5475279740682906,-0.03266666666666666,0.3170162969827652,-0.3170162969827652,0.3170162969827652,0.3170162969827652,-0.3170162969827652,0.3170162969827652,-1.6158019883946664,-1.602779478949299,1.548331646681216,-1.5786448262202035,1.555035518322266,-0.018649775983360324,0.35152535269621776,-0.3515258613192417,0.35152488014710787,0.3515250858017992,-0.35152581211424994,0.35152477069503885
53,0.9000000000000007,-0.40551555156707764,-0.07551325112581253,-0.05783671885728836,-0.02442190982401371,-0.038015350699424744,-0.1236218810081482,-0.11954085528850555,-1.6366295846303311,-1.6183689920302058,1.53767948899087,-1.582193179182294,1.5468943848899668,-0.03433333333333333,0.316965292096138,-0.316965292096138,0.316965292096138,0.316965292096138,-0.316965292096138,0.316965292096138,-1.6174768555639065,-1.6039622981299249,1.5474852511714234,-1.5789302688143143,1.554366711906958,-0.01993907511816956,0.351587922079303,-0.3515883154995725,0.3515874478941395,0.3515875583826712,-0.3515882448147672,0.3515872943707579
54,0.9180000000000007,-0.40542224049568176,-0.0757361575961113,-0.057828307151794434,-0.025049438700079918,-0.03748682886362076,-0.12490710616111755,-0.1196800172328949,-1.6382962512969979,-1.6196312613234742,1.5367156838716736,-1.5826106698272955,1.5462696044089064,-0.03599999999999999,0.31691519379615785,-0.31691519379615785,0.31691519379615785,0.31691519379615785,-0.31691519379615785,0.31691519379615785,-1.6193644902500648,-1.6053027032938012,1.5465216060830365,-1.5792626163305303,1.5536217000203727,-0.021416703312174455,0.35164505368189725,-0.35164560021452046,0.351644782415061,0.3516450189620296,-0.3516454844555445,0.35164475276446966
55,0.9340000000000007,-0.40532007813453674,-0.07593417167663574,-0.05776531249284744,-0.02566472813487053,-0.036998867988586426,-0.1261998862028122,-0.11981792747974396,-1.6399629179636646,-1.6208968308514182,1.5357529286634595,-1.58303841529621,1.5456529566090966,-0.037666666666666654,0.3168655461072922,-0.3168655461072922,0.3168655461072922,0.3168655461072922,-0.3168655461072922,0.3168655461072922,-1.6210429189476963,-1.6065020809147634,1.5456577577960142,-1.5795672990847816,1.5529665620247686,-0.022752572819458805,0.3516856875680213,-0.3516860317506248,0.3516853515624995,0.3516854739136004,-0.3516859769245633,0.35168526139431683
56,0.9500000000000007,-0.40520352125167847,-0.07611265778541565,-0.05765493959188461,-0.026274189352989197,-0.03654614835977554,-0.12750089168548584,-0.11995367705821991,-1.6416295846303313,-1.6221653751478418,1.5347920130035948,-1.5834763184520932,1.5450438541364337,-0.03933333333333332,0.3168166762590408,-0.3168166762590408,0.3168166762590408,0.3168166762590408,-0.3168166762590408,0.3168166762590408,-1.6227214721746792,-1.6077082991741545,1.5447862632937026,-1.5798830179478187,1.552315171623179,-0.02411564877958264,0.35171722652497484,-0.35171746818953065,0.35171687526132567,0.3517169077474931,-0.3517173902533909,0.35171673731920206
57,0.9680000000000007,-0.40508604049682617,-0.07626982778310776,-0.057502202689647675,-0.026873672381043434,-0.03612703084945679,-0.12881024181842804,-0.12008841335773468,-1.643296251296998,-1.623436538944227,1.5338336429587673,-1.5839242129917772,1.5444417369556094,-0.04099999999999998,0.31676817119121553,-0.31676817119121553,0.31676817119121553,0.31676817119121553,-0.31676817119121553,0.31676817119121553,-1.6246094870998002,-1.6090732757500046,1.543797310283148,-1.5802492706186608,1.551590223741525,-0.025669050351198198,0.3517431399989205,-0.35174357620903773,0.3517429898433428,0.3517431757707742,-0.3517434499084912,0.351742985209531
58,0.9840000000000008,-0.40496107935905457,-0.07641085982322693,-0.05731210112571716,-0.027468988671898842,-0.03573647886514664,-0.13012810051441193,-0.12022124230861664,-1.6449629179636647,-1.624710053274614,1.5328784412733387,-1.5843820294696422,1.5438461289745236,-0.042666666666666644,0.316720352768898,-0.316720352768898,0.316720352768898,0.316720352768898,-0.316720352768898,0.316720352768898,-1.6262853317029877,-1.6102929873760878,1.542913527747193,-1.5805838747821586,1.5509531508186583,-0.027066400352465617,0.351759049269242,-0.35175928310018234,0.3517588186284623,0.3517588913987827,-0.35175922271284044,0.3517587487611131
59,1.0000000000000007,-0.4048368036746979,-0.07653579860925674,-0.05709578096866608,-0.028059029951691628,-0.035369887948036194,-0.13145186007022858,-0.12035219371318817,-1.6466295846303314,-1.6259856499181016,1.531926844923861,-1.5848496799688372,1.5432566308420563,-0.04433333333333331,0.31667321026325224,-0.31667321026325224,0.31667321026325224,0.31667321026325224,-0.31667321026325224,0.31667321026325224,-1.6279589216620038,-1.6115181687295212,1.5420244926805196,-1.5809294772380593,1.5503200105075006,-0.028485901793336675,0.35176840227043776,-0.35176854183132644,0.3517681450073152,0.35176813031668197,-0.3517684567525713,0.35176802340883245
60,1.0180000000000007,-0.4047192335128784,-0.0766443982720375,-0.05684772878885269,-0.028641559183597565,-0.03502867370843887,-0.1327858716249466,-0.12048260122537613,-1.648296251296998,-1.627263056555969,1.53097938277738,-1.5853270392885639,1.5426728196135824,-0.04599999999999997,0.3166262635588646,-0.3166262635588646,0.3166262635588646,0.3166262635588646,-0.3166262635588646,0.3166262635588646,-1.6298389282486918,-1.6129029012763774,1.5410186251481754,-1.581329148124025,1.5496155662064697,-0.030097256062710933,0.35177204099564185,-0.3517724089072672,0.3517719859557311,0.35177214715837424,-0.3517722722892142,0.3517720063876605
61,1.0340000000000007,-0.4046086370944977,-0.07673946768045425,-0.05657743662595749,-0.029219357296824455,-0.0347076952457428,-0.13412858545780182,-0.12061187624931335,-1.6499629179636648,-1.6285420476839765,1.5300364255002807,-1.5858140285768443,1.5420943580261532,-0.047666666666666635,0.3165797245502472,-0.3165797245502472,0.3165797245502472,0.3165797245502472,-0.3165797245502472,0.3165797245502472,-1.6315058613904407,-1.6141388022573497,1.5401222040796236,-1.5816932099558905,1.548996584184027,-0.03154162744876935,0.351770309614336,-0.35177047281380575,0.3517701598388517,0.3517702073786539,-0.351770406934052,0.3517701102396279
62,1.0500000000000007,-0.40450650453567505,-0.07682338356971741,-0.05629608407616615,-0.02979409508407116,-0.03440210968255997,-0.13547509908676147,-0.1207394003868103,-1.6516295846303315,-1.6298224374101384,1.5290981574323446,-1.5863105968282454,1.541520989531444,-0.0493333333333333,0.3165338158607483,-0.3165338158607483,0.3165338158607483,0.3165338158607483,-0.3165338158607483,0.3165338158607483,-1.6331691577144691,-1.6153789189145689,1.5392227328680883,-1.582068204770057,1.5483814196545154,-0.033004284186736316,0.3517638326346625,-0.351763905947696,0.3517636469646896,0.35176360714611016,-0.3517638138628643,0.3517635416493701
63,1.0680000000000007,-0.4044065475463867,-0.07689966261386871,-0.05600586533546448,-0.03036966361105442,-0.03410913050174713,-0.1368260383605957,-0.12086471915245056,-1.6532962512969982,-1.6311040984537029,1.5281647263434202,-1.5868167578884296,1.5409525040230814,-0.05099999999999996,0.3164887011051178,-0.3164887011051178,0.3164887011051178,0.3164887011051178,-0.3164887011051178,0.3164887011051178,-1.6350362708527455,-1.6167790025085016,1.5382076640998363,-1.5825007293822746,1.5476969067492348,-0.03465996189412622,0.35175166071331054,-0.35175198889706827,0.3517516820204771,0.3517518354698662,-0.35175184215769656,0.35175172699958457
64,1.0840000000000007,-0.4043259620666504,-0.07696493715047836,-0.05571213364601135,-0.03094002604484558,-0.033828988671302795,-0.1381796896457672,-0.12098914384841919,-1.654962917963665,-1.6323868474062109,1.5272361907826533,-1.587332424989177,1.5403886875452264,-0.052666666666666626,0.3164439082145691,-0.3164439082145691,0.3164439082145691,0.3164439082145691,-0.3164439082145691,0.3164439082145691,-1.6366908657873551,-1.618027279379287,1.5373051579844117,-1.5828937520293718,1.547095334024477,-0.036140296229700344,0.3517375026803821,-0.35173761987888125,0.3517374173104401,0.351737453726969,-0.35173754857849543,0.35173738722849396
65,1.1000000000000008,-0.4042491912841797,-0.07702565938234329,-0.05541878938674927,-0.03151349350810051,-0.03355488181114197,-0.1395372897386551,-0.12111114710569382,-1.6566295846303316,-1.6336706083959165,1.5263125442928742,-1.5878576498809787,1.5398294395150407,-0.05433333333333329,0.3163999870419502,-0.3163999870419502,0.3163999870419502,0.3163999870419502,-0.3163999870419502,0.3163999870419502,-1.6383412338142123,-1.6192786083496922,1.5364014790137988,-1.5832976614537346,1.546497342132823,-0.037635959040771994,0.3517199930466592,-0.3517200209079616,0.35171986428487534,0.3517198108055739,-0.35171992190586815,0.35171977416714284
66,1.1180000000000008,-0.40419360995292664,-0.0770784243941307,-0.05513100326061249,-0.032084062695503235,-0.03328818827867508,-0.14089609682559967,-0.12123195827007294,-1.6582962512969983,-1.6349552488024854,1.5253936942385307,-1.5883923842592371,1.5392746363770629,-0.05599999999999995,0.31635649502277374,-0.31635649502277374,0.31635649502277374,0.31635649502277374,-0.31635649502277374,0.31635649502277374,-1.6401933537351159,-1.6206899596717657,1.5353837826356427,-1.5837625295257503,1.545831769961652,-0.0393255362414316,0.35169683341425145,-0.35169714336889524,0.35169691553387056,0.35169707328454347,-0.3516969866017269,0.35169698376694447
67,1.1340000000000008,-0.40414440631866455,-0.07712861895561218,-0.05485078692436218,-0.032659001648426056,-0.033024586737155914,-0.1422569751739502,-0.1213502585887909,-1.659962917963665,-1.636240725785079,1.524479514456458,-1.5889367009533775,1.5387242265981103,-0.057666666666666616,0.3163139069080353,-0.3163139069080353,0.3163139069080353,0.3163139069080353,-0.3163139069080353,0.3163139069080353,-1.6418344391871398,-1.6219470773434561,1.5344806183643531,-1.5841840952880033,1.545246689469229,-0.040833375724765156,0.35167415311655736,-0.3516742416081727,0.35167411886483574,0.35167415339456054,-0.35167416497026466,0.35167410685540257
68,1.1500000000000008,-0.404117614030838,-0.07717282325029373,-0.054583948105573654,-0.03323261812329292,-0.03276293724775314,-0.1436186134815216,-0.12146718055009842,-1.6616295846303317,-1.6375269395059173,1.5235697819880318,-1.589490577922099,1.5381781776439811,-0.05933333333333328,0.31627181500196455,-0.31627181500196455,0.31627181500196455,0.31627181500196455,-0.31627181500196455,0.31627181500196455,-1.6434712944251804,-1.6232061755005482,1.5335777431624569,-1.584616536156811,1.5446649419029108,-0.0423542821363393,0.35164912294285006,-0.3516491226836501,0.35164903805248643,0.3516489799761246,-0.3516490168194179,0.35164896166481924
69,1.1680000000000008,-0.4040990471839905,-0.07721645385026932,-0.054331861436367035,-0.03381209075450897,-0.03250002861022949,-0.1449812799692154,-0.12158136069774628,-1.6632962512969984,-1.6388138804034218,1.5226642509640924,-1.5900541127680075,1.5376365105004772,-0.06099999999999994,0.3162307101488113,-0.3162307101488113,0.3162307101488113,0.3162307101488113,-0.3162307101488113,0.3162307101488113,-1.64530838681175,-1.624625036256098,1.5325625392835913,-1.585113372196478,1.5440172937805712,-0.04406978617445296,0.3516186219018388,-0.35161892643994436,0.35161875442529805,0.35161892232672065,-0.35161875968458267,0.3516188442874237
70,1.1840000000000008,-0.40410229563713074,-0.07725617289543152,-0.054098062217235565,-0.03439227491617203,-0.03223602473735809,-0.1463443487882614,-0.12169397622346878,-1.6649629179636651,-1.6401014832850123,1.5217626165938052,-1.5906273173499437,1.5370992434215212,-0.0626666666666666,0.31619016855955123,-0.31619016855955123,0.31619016855955123,0.31619016855955123,-0.31619016855955123,0.31619016855955123,-1.6469364188924558,-1.625887765204423,1.5316627992308427,-1.5855631955677931,1.5434478486976355,-0.045598661888740025,0.35159031222192044,-0.3515903859754417,0.35159031798236295,0.35159035727345284,-0.3515903040322119,0.35159032238463145
71,1.2000000000000008,-0.4041157364845276,-0.07729673385620117,-0.05388428643345833,-0.0349794439971447,-0.031967438757419586,-0.14770843088626862,-0.1218038946390152,-1.6666295846303318,-1.6413897621826157,1.5208645451532476,-1.5912103080832294,1.5365664527755643,-0.06433333333333327,0.31615059792995454,-0.31615059792995454,0.31615059792995454,0.31615059792995454,-0.31615059792995454,0.31615059792995454,-1.6485606152275285,-1.6271515131514298,1.5307643563075564,-1.586023941194145,1.542881554357996,-0.04713887476412327,0.35156045516573786,-0.3515604365399711,0.35156040516989895,0.3515603463593128,-0.3515603238543347,0.35156034067798836
72,1.2180000000000009,-0.40414664149284363,-0.07733671367168427,-0.05369781702756882,-0.03557156026363373,-0.03169228881597519,-0.14907076954841614,-0.12191113829612732,-1.6682962512969985,-1.6426787074104772,1.5199695815361216,-1.5918031674209565,1.5360382479619648,-0.06599999999999993,0.31611199021339415,-0.31611199021339415,0.31611199021339415,0.31611199021339415,-0.31611199021339415,0.31611199021339415,-1.650384047813473,-1.6285745151435724,1.529755177911478,-1.5865525600404962,1.5422510374584932,-0.04887420770950765,0.35152534665554314,-0.35152565639342115,0.35152552066153886,0.35152570286520957,-0.35152547960099584,0.35152563036896084
73,1.2340000000000009,-0.4042005240917206,-0.07737346738576889,-0.05352582037448883,-0.0361635759472847,-0.031416237354278564,-0.15043602883815765,-0.12201688438653946,-1.6699629179636652,-1.64396826520024,1.5190774845298802,-1.5924058936867447,1.53551464400606,-0.0676666666666666,0.3160739216208458,-0.3160739216208458,0.3160739216208458,0.3160739216208458,-0.3160739216208458,0.3160739216208458,-1.6520005459922766,-1.6298399985944967,1.5288615244178676,-1.5870305402421916,1.5416966185732033,-0.050419171839382555,0.35149363865496613,-0.35149370615590037,0.35149367652939306,0.35149372345841073,-0.35149361892857656,0.3514936955149169
74,1.2500000000000009,-0.40426814556121826,-0.07741096615791321,-0.05337931215763092,-0.03676170855760574,-0.03113400936126709,-0.15179921686649323,-0.1221192330121994,-1.671629584630332,-1.6452584479695387,1.518187829327253,-1.5930185888293715,1.534995743850039,-0.06933333333333326,0.3160370761156082,-0.3160370761156082,0.3160370761156082,0.3160370761156082,-0.3160370761156082,0.3160370761156082,-1.6536138381860865,-1.6311056759799905,1.5279697270275867,-1.5875195471778791,1.5411452631007987,-0.05197415008444945,0.35146099308771916,-0.3514609645684118,0.35146097057267095,0.3514609138279801,-0.35146084504250885,0.35146091629328896
75,1.268000000000001,-0.4043492078781128,-0.07744967937469482,-0.05325819551944733,-0.03736650198698044,-0.030845358967781067,-0.15316124260425568,-0.12221822142601013,-1.6732962512969987,-1.646549275959117,1.5173001927352623,-1.5936413638624878,1.5344816545339093,-0.07099999999999992,0.31600144028663635,-0.31600144028663635,0.31600144028663635,0.31600144028663635,-0.31600144028663635,0.31600144028663635,-1.6554258092669223,-1.632529933496262,1.526968545579975,-1.588079958097315,1.5405314017902585,-0.05372464784057526,0.35142339553884766,-0.3514237181624997,0.35142360493576136,0.3514238036757613,-0.3514235312805067,0.35142373312811254
76,1.284000000000001,-0.4044438898563385,-0.07748959213495255,-0.05316315218806267,-0.0379779227077961,-0.030549637973308563,-0.1545221358537674,-0.12231384217739105,-1.6749629179636654,-1.6478407691613661,1.5164141401987945,-1.5942743292409511,1.5339724939010209,-0.07266666666666659,0.3159670168161392,-0.3159670168161392,0.3159670168161392,0.3159670168161392,-0.3159670168161392,0.3159670168161392,-1.6570328795850193,-1.6337957730897092,1.526082298727352,-1.5885861591523973,1.5399916803388598,-0.05528191596364044,0.3513901091775105,-0.3513901745070247,0.3513901750792148,0.3513902294615398,-0.3513900820007413,0.3513902072213872
77,1.300000000000001,-0.4045596718788147,-0.07752814888954163,-0.05309469997882843,-0.038592368364334106,-0.030247099697589874,-0.15588237345218658,-0.12240670621395111,-1.676629584630332,-1.6491329049761918,1.5155292285324806,-1.5949175353803566,1.5334683755727276,-0.07433333333333325,0.3159335857629776,-0.3159335857629776,0.3159335857629776,0.3159335857629776,-0.3159335857629776,0.3159335857629776,-1.6586374773102888,-1.6350611425724575,1.5251980677864416,-1.5891035524274,1.5394550296590013,-0.056848186241191895,0.3513563924064614,-0.351356358818782,0.351356392706407,0.3513563381770996,-0.3513562324021531,0.3513563470345347
78,1.318000000000001,-0.40468233823776245,-0.07756926864385605,-0.053049538284540176,-0.039215534925460815,-0.02993769943714142,-0.15724246203899384,-0.12249550223350525,-1.6782962512969988,-1.6504257261202562,1.5146450695610716,-1.5955711276291142,1.532969413915442,-0.07599999999999991,0.3159016191959381,-0.3159016191959381,0.3159016191959381,0.3159016191959381,-0.3159016191959381,0.3159016191959381,-1.6604405535486555,-1.6364843368954054,1.5242054589827867,-1.5896959672302535,1.53885767096474,-0.05861028139463928,0.3513181247854603,-0.3513184658066124,0.35131836484750684,0.3513185807517309,-0.3513182687054813,0.35131851002215814
79,1.334000000000001,-0.40482810139656067,-0.0776086300611496,-0.053031012415885925,-0.03984102979302406,-0.029620997607707977,-0.15860281884670258,-0.12258155643939972,-1.6799629179636655,-1.651719203287942,1.51376121935414,-1.5962351447923313,1.53247573062198,-0.07766666666666658,0.3158706396818161,-0.3158706396818161,0.3158706396818161,0.3158706396818161,-0.3158706396818161,0.3158706396818161,-1.662040513880924,-1.6377486557021543,1.5233267524769443,-1.5902306286415266,1.5383326027952533,-0.06017695893816449,0.351284689260192,-0.35128476017851223,0.3512847770563891,0.3512848413835578,-0.3512846623612652,0.35128482099058556
80,1.350000000000001,-0.40497907996177673,-0.07765055447816849,-0.05303533375263214,-0.04047563299536705,-0.029297329485416412,-0.15996374189853668,-0.12266317009925842,-1.6816295846303322,-1.6530133791959114,1.5128772971249296,-1.5969097386755875,1.531987441797223,-0.07933333333333324,0.31584125876426694,-0.31584125876426694,0.31584125876426694,0.31584125876426694,-0.31584125876426694,0.31584125876426694,-1.6636387403749286,-1.6390120143313005,1.522449880587883,-1.5907767007300668,1.537810698746126,-0.06175186462067387,0.3512512649107192,-0.351251230727006,0.35125128394034405,0.3512512319810479,-0.35125109738460225,0.3512512455745234
81,1.368000000000001,-0.40515151619911194,-0.077690988779068,-0.05306564271450043,-0.04111350327730179,-0.02896583080291748,-0.16132690012454987,-0.12274175882339478,-1.683296251296999,-1.654308229008896,1.5119928697463545,-1.5975949637302091,1.5315046779505077,-0.0809999999999999,0.31581296682357785,-0.31581296682357785,0.31581296682357785,0.31581296682357785,-0.31581296682357785,0.31581296682357785,-1.665435510858087,-1.6404324403444541,1.521465231937035,-1.5914014980934776,1.5372299805608283,-0.06352282860316505,0.3512137036696673,-0.35121406951678885,0.35121397012695077,0.3512142046839669,-0.3512138620790031,0.3512141312757941
82,1.384000000000001,-0.40532952547073364,-0.07773381471633911,-0.05311772972345352,-0.04176079481840134,-0.02862638235092163,-0.1626940369606018,-0.122815802693367,-1.6849629179636656,-1.6556037925875016,1.5111075742509636,-1.5982909769771825,1.5310275715779924,-0.08266666666666657,0.31578631103038785,-0.31578631103038785,0.31578631103038785,0.31578631103038785,-0.31578631103038785,0.31578631103038785,-1.667030615923914,-1.641693913398708,1.5205932225306769,-1.5919650037823179,1.5367197642909427,-0.06509670163727187,0.35118131606995145,-0.351181395395807,0.3511814232438681,0.35118149680362315,-0.35118129224154093,0.3511814778909249
83,1.400000000000001,-0.4055193066596985,-0.07777664065361023,-0.053196195513010025,-0.04241522401571274,-0.028279684484004974,-0.16406241059303284,-0.12288539856672287,-1.6866295846303323,-1.6569000699317284,1.5102209709924135,-1.5989978973774444,1.530556243503259,-0.08433333333333323,0.31576125651597975,-0.31576125651597975,0.31576125651597975,0.31576125651597975,-0.31576125651597975,0.31576125651597975,-1.6686246631320225,-1.6429541119883577,1.5197226006529219,-1.592540187219173,1.5362128797504653,-0.06667821080622693,0.3511492936722534,-0.35114926305955896,0.35114932819152633,0.3511492788930477,-0.3511491227086394,0.3511492959938607
84,1.418000000000001,-0.4057188630104065,-0.07781536132097244,-0.05328468978404999,-0.043072134256362915,-0.027936115860939026,-0.16543430089950562,-0.12295125424861908,-1.688296251296999,-1.6581969926204114,1.509332892829346,-1.599715766281717,1.5300906415722433,-0.0859999999999999,0.3157375484704971,-0.3157375484704971,0.3157375484704971,0.3157375484704971,-0.3157375484704971,0.3157375484704971,-1.6704174985803415,-1.6443706846155832,1.5187443783719266,-1.5931979069388171,1.5356491697090857,-0.06845595669290294,0.3511136708644427,-0.3511140645082112,0.351113961713208,0.351114214161993,-0.35111384658656025,0.35111413784070167
85,1.434000000000001,-0.40591567754745483,-0.07785366475582123,-0.05339065566658974,-0.04373882710933685,-0.027592219412326813,-0.16680756211280823,-0.12301133573055267,-1.6899629179636657,-1.659494553699675,1.508443048568236,-1.6004447467335392,1.5296307712487045,-0.08766666666666656,0.31571591913700103,-0.31571591913700103,0.31571591913700103,0.31571591913700103,-0.31571591913700103,0.31571591913700103,-1.6720097550705852,-1.6456285324923008,1.5178774925239076,-1.5937907765454098,1.5351541566456282,-0.07003533192775933,0.3510833900326696,-0.35108348042846405,0.3510835145749815,0.35108359657921523,-0.35108337187723543,0.35108357891880837
86,1.450000000000001,-0.4061052203178406,-0.07789140939712524,-0.05351313576102257,-0.04441618174314499,-0.027250297367572784,-0.16818052530288696,-0.1230650395154953,-1.6916295846303324,-1.6607927438562937,1.5075511629722191,-1.6011850164292583,1.5291765996259117,-0.08933333333333322,0.31569658577442167,-0.31569658577442167,0.31569658577442167,0.31569658577442167,-0.31569658577442167,0.31569658577442167,-1.6736015230393066,-1.6468849604175866,1.5170113801158969,-1.5943956346864974,1.534662630344633,-0.0716218905154564,0.3510538780170693,-0.3510538509404689,0.351053927480517,0.35105387816807754,-0.3510537034931085,0.35105390028951095
87,1.468000000000001,-0.4062954783439636,-0.0779246985912323,-0.05364685505628586,-0.04509887099266052,-0.026914507150650024,-0.16955500841140747,-0.12311317026615143,-1.6932962512969991,-1.6620914888328142,1.5066570487212811,-1.601936664279136,1.5287280245067343,-0.09099999999999989,0.31567925870418545,-0.31567925870418545,0.31567925870418545,0.31567925870418545,-0.31567925870418545,0.31567925870418545,-1.6753924222814613,-1.6482971880654926,1.5160374693604022,-1.595086963712479,1.5341162636850192,-0.07340482219344471,0.35102152791301955,-0.3510219492615693,0.3510218433041447,0.3510221104670008,-0.3510217206419516,0.35102203322917097
88,1.484000000000001,-0.40647199749946594,-0.07795730233192444,-0.05379016697406769,-0.045792706310749054,-0.02658367156982422,-0.17093154788017273,-0.12315411120653152,-1.6949629179636658,-1.663390777205013,1.50576054593838,-1.6026998760509819,1.528284963313904,-0.09266666666666655,0.31566451996564865,-0.31566451996564865,0.31566451996564865,0.31566451996564865,-0.31566451996564865,0.31566451996564865,-1.6769834758712372,-1.6495511415303774,1.5151737293167737,-1.5957098597194626,1.5336366907977153,-0.07498840459316797,0.3509946195149107,-0.3509947192231893,0.3509947614896082,0.3509948479509019,-0.35099460518679637,0.3509948339859914
89,1.500000000000001,-0.4066443145275116,-0.07798472046852112,-0.053940609097480774,-0.04649234563112259,-0.02626132220029831,-0.17231106758117676,-0.12318867444992065,-1.6966295846303325,-1.664690522546155,1.5048615357867554,-1.6034747484781673,1.5278472746105656,-0.09433333333333321,0.31565207719802857,-0.31565207719802857,0.31565207719802857,0.31565207719802857,-0.31565207719802857,0.31565207719802857,-1.6785744826434796,-1.6508036768002823,1.514310081138512,-1.5963451085025337,1.53316068506555,-0.07657882406695049,0.3509688839556585,-0.3509688608659787,0.3509689468431779,0.3509688950258208,-0.35096870617129816,0.35096892294134646
90,1.5180000000000011,-0.40679505467414856,-0.07801073789596558,-0.05409623682498932,-0.04720475524663925,-0.02594836801290512,-0.17369338870048523,-0.12321490049362183,-1.6982962512969992,-1.6659907015110877,1.5039599318396724,-1.6042614943989446,1.5274148018103504,-0.09599999999999988,0.3156426358222961,-0.3156426358222961,0.3156426358222961,0.3156426358222961,-0.3156426358222961,0.3156426358222961,-1.6803649979426842,-1.6522115867337226,1.5133381361932836,-1.5970709092135216,1.5326317433679173,-0.07836572087712015,0.3509412658281594,-0.3509417162412571,0.3509416045461157,0.350941884554271,-0.35094147666333003,0.350941806856222
91,1.5340000000000011,-0.40693050622940063,-0.07803146541118622,-0.05425307899713516,-0.04792496934533119,-0.025648467242717743,-0.17507848143577576,-0.12323324382305145,-1.699962917963666,-1.6672912259346075,1.5030557138563867,-1.6050602438880335,1.526987327356305,-0.09766666666666654,0.31563603222370146,-0.31563603222370146,0.31563603222370146,0.31563603222370146,-0.31563603222370146,0.31563603222370146,-1.6819560887595018,-1.653461807206472,1.5124754546784132,-1.5977246418310007,1.5321675774856154,-0.07995252005883406,0.35091902846053147,-0.3509191383372988,0.35091918631313684,0.3509192753189255,-0.350919018728362,0.35091926540881085
92,1.5500000000000012,-0.4070476293563843,-0.0780462995171547,-0.05440746247768402,-0.04865388572216034,-0.02536386251449585,-0.17646953463554382,-0.12324338406324387,-1.7016295846303326,-1.6685919975932268,1.502148922815092,-1.6058711419834029,1.5265645963143968,-0.0993333333333332,0.3156323817372322,-0.3156323817372322,0.3156323817372322,0.3156323817372322,-0.3156323817372322,0.3156323817372322,-1.683547443391997,-1.6547107280209656,1.5116122090592123,-1.5983911451641628,1.531706937386814,-0.08154589150201942,0.35089844830603195,-0.35089842728796966,0.35089852435763785,0.3508984661114808,-0.35089826518757883,0.35089850191566563
93,1.5680000000000012,-0.4071309268474579,-0.07805822789669037,-0.054557085037231445,-0.04939677193760872,-0.02509496361017227,-0.17786574363708496,-0.12324358522891998,-1.7032962512969994,-1.6698929680581718,1.5012396380644715,-1.6066944215156964,1.526146346920894,-0.10099999999999987,0.3156323093175888,-0.3156323093175888,0.3156323093175888,0.3156323093175888,-0.3156323093175888,0.3156323093175888,-1.68533866808954,-1.6561147599173005,1.5106399790863076,-1.5991524441418163,1.531195089100017,-0.08333581998648075,0.35087712915069313,-0.3508776100284035,0.35087749011756075,0.3508777811243531,-0.3508773591359909,0.3508777033166923
94,1.5840000000000012,-0.40719106793403625,-0.0780620351433754,-0.05470069497823715,-0.050147779285907745,-0.024846240878105164,-0.17926687002182007,-0.12323443591594696,-1.704962917963666,-1.671194001977228,1.5003279598148342,-1.6075302178371282,1.525732242906259,-0.10266666666666653,0.31563560307025906,-0.31563560307025906,0.31563560307025906,0.31563560307025906,-0.31563560307025906,0.31563560307025906,-1.6869306337997552,-1.657361738703733,1.5097764493271069,-1.5998379727084941,1.5307458811118675,-0.08492507860490255,0.3508610049680493,-0.3508611241335576,0.3508611777727694,0.35086126639498544,-0.3508609988302293,0.3508612616588267
95,1.6000000000000012,-0.4072072207927704,-0.07806195318698883,-0.054831236600875854,-0.05091394856572151,-0.024618789553642273,-0.1806754767894745,-0.12321396917104721,-1.7066295846303328,-1.6724950345303444,1.4994141058714863,-1.6083787836465568,1.5253219297470315,-0.1043333333333332,0.315642971098423,-0.315642971098423,0.315642971098423,0.315642971098423,-0.315642971098423,0.315642971098423,-1.6885230513108032,-1.6586076180399758,1.5089118173614502,-1.600536749341985,1.5302999869129725,-0.08652070698725577,0.350847122353845,-0.35084710019172705,0.350847211655701,0.350847142160321,-0.35084693045411297,0.35084718848253305
96,1.6180000000000012,-0.40718650817871094,-0.07805580645799637,-0.05495128780603409,-0.051691289991140366,-0.024414241313934326,-0.18208959698677063,-0.123182013630867,-1.7082962512969995,-1.6737959646379776,1.4984982510747191,-1.6092403051464093,1.5249150257251327,-0.10599999999999986,0.31565447509288785,-0.31565447509288785,0.31565447509288785,0.31565447509288785,-0.31565447509288785,0.31565447509288785,-1.6903156495059923,-1.6600084992855855,1.507937464065604,-1.6013347574915893,1.5298043309937748,-0.08831295337465742,0.35083392109816547,-0.35083443209367915,0.3508343041517854,0.350834603089103,-0.3508341694080585,0.35083452648866903
97,1.6340000000000012,-0.4071265459060669,-0.0780460312962532,-0.055034320801496506,-0.05246701464056969,-0.024239428341388702,-0.18351024389266968,-0.12313859909772873,-1.7099629179636662,-1.6750967318262486,1.4975810123946942,-1.6101147553904187,1.5245110352527762,-0.10766666666666652,0.3156701043248176,-0.3156701043248176,0.3156701043248176,0.3156701043248176,-0.3156701043248176,0.3156701043248176,-1.691908961546462,-1.661252946009723,1.5070716397546553,-1.6020531993470388,1.529369084920537,-0.08990409234028734,0.35082562501221387,-0.35082575121519594,0.3508258130268859,0.35082589748484566,-0.35082562003253975,0.35082589992011204
98,1.6500000000000012,-0.40701961517333984,-0.0780341699719429,-0.05508005619049072,-0.05324256047606468,-0.024094149470329285,-0.18493598699569702,-0.12308228015899658,-1.7116295846303329,-1.676397301325781,1.496663011458186,-1.6110021313983531,1.5241094660949375,-0.10933333333333319,0.3156903791427612,-0.3156903791427612,0.3156903791427612,0.3156903791427612,-0.3156903791427612,0.3156903791427612,-1.6935028062721122,-1.6624965501231108,1.5062044044289062,-1.6027853755492683,1.5289367220526366,-0.09150144624389382,0.35082018817494276,-0.35082016565474755,0.35082029066093373,0.35082020832472455,-0.3508199879867305,0.3508202656631667
99,1.6680000000000013,-0.4068601727485657,-0.07801993936300278,-0.055088628083467484,-0.054019708186388016,-0.02398156374692917,-0.18636611104011536,-0.12301167100667953,-1.7132962512969996,-1.6776976336484977,1.4957448676567948,-1.6119024598681262,1.523709773365822,-0.11099999999999985,0.31571579843759534,-0.31571579843759534,0.31571579843759534,0.31571579843759534,-0.31571579843759534,0.31571579843759534,-1.695297066303679,-1.6638952138043186,1.5052269138001295,-1.6036213097029715,1.5284556306005899,-0.09329546481411781,0.35081715003960345,-0.3508176951257169,0.35081755640567275,0.35081786446513313,-0.3508174203139872,0.35081778851377377
100,1.6840000000000013,-0.40663430094718933,-0.07800573855638504,-0.055052753537893295,-0.05480198189616203,-0.023903191089630127,-0.18780335783958435,-0.12292557954788208,-1.7149629179636663,-1.678997729291104,1.4948273217644965,-1.6128158262330623,1.5233113868476615,-0.11266666666666651,0.31574679136276246,-0.31574679136276246,0.31574679136276246,0.31574679136276246,-0.31574679136276246,0.31574679136276246,-1.6968918795177896,-1.6651380197511474,1.5043582655244205,-1.604373676245118,1.52803265814224,-0.09488804139672206,0.35081864239517496,-0.3508187765764916,0.35081884899102905,0.3508189289625321,-0.35081863938237273,0.35081894000318964
101,1.7000000000000013,-0.4063508212566376,-0.07798589766025543,-0.05496733635663986,-0.05558263510465622,-0.023865751922130585,-0.18924742937088013,-0.12282410264015198,-1.716629584630333,-1.6802974942521083,1.4939111994918859,-1.6137422034848066,1.522913624315626,-0.11433333333333318,0.31578332304954526,-0.31578332304954526,0.31578332304954526,0.31578332304954526,-0.31578332304954526,0.31578332304954526,-1.6984872161671682,-1.6663802996058692,1.5034883113310953,-1.605140196972121,1.5276118727253085,-0.09648671454760996,0.3508237812579842,-0.3508237578984544,0.35082390107709477,0.350823804344513,-0.35082357205267445,0.35082387520803976
102,1.7180000000000013,-0.40598875284194946,-0.0779651626944542,-0.05482816696166992,-0.05636914074420929,-0.023869261145591736,-0.1906999945640564,-0.12270510941743851,-1.7182962512969997,-1.6815969136303492,1.4929973967091914,-1.6146816891638767,1.522515803296533,-0.11599999999999984,0.31582616060972213,-0.31582616060972213,0.31582616060972213,0.31582616060972213,-0.31582616060972213,0.31582616060972213,-1.700283112503444,-1.667777878855881,1.5025080933952644,-1.6060150619359341,1.5271428470713828,-0.09828208810539332,0.35083347466799897,-0.35083405554492597,0.35083390686246485,0.35083422375710743,-0.3508337681620344,0.35083414940588636
103,1.7340000000000013,-0.4055539071559906,-0.07793951779603958,-0.05463039502501488,-0.05715663731098175,-0.02391768991947174,-0.19216331839561462,-0.12256862223148346,-1.7199629179636664,-1.6828959055936166,1.4920868901254412,-1.6156342997857263,1.5221171751312084,-0.1176666666666665,0.3158752959966659,-0.3158752959966659,0.3158752959966659,0.3158752959966659,-0.3158752959966659,0.3158752959966659,-1.7018793262398362,-1.6690200920220457,1.501637472717528,-1.6068021983719143,1.5267296448115442,-0.0998757638549572,0.3508471021878153,-0.35084724637265885,0.3508473280058763,0.3508474037734527,-0.3508471028541137,0.35084742319071194
104,1.7500000000000013,-0.40502482652664185,-0.07791154831647873,-0.05436389520764351,-0.05795074999332428,-0.024019412696361542,-0.1936376988887787,-0.1224118322134018,-1.721629584630333,-1.6841944313988912,1.4911808252053138,-1.6166001456189483,1.521716851586269,-0.11933333333333317,0.31593174040317534,-0.31593174040317534,0.31593174040317534,0.31593174040317534,-0.31593174040317534,0.31593174040317534,-1.7034759870240257,-1.670262129116915,1.500766151359648,-1.6076038776702974,1.526317617524209,-0.10147544568095049,0.3508653303637137,-0.3508653045607074,0.3508654696290184,0.35086535591360396,-0.3508651101551228,0.3508654423768791
105,1.7680000000000013,-0.40441039204597473,-0.07787707448005676,-0.05402842164039612,-0.05874595046043396,-0.024173632264137268,-0.1951245665550232,-0.12223519384860992,-1.7232962512969998,-1.6854923826402255,1.4902803515113072,-1.6175792447932889,1.5213139577152,-0.12099999999999983,0.31599533021450044,-0.31599533021450044,0.31599533021450044,0.31599533021450044,-0.31599533021450044,0.31599533021450044,-1.7052732603825722,-1.6716598703721333,1.4997853585436705,-1.6085185568475153,1.5258571222242177,-0.10327185532435885,0.350890688441507,-0.3508913076319253,0.35089114715504754,0.3508914728015928,-0.35089100708290016,0.3508913998616416
106,1.7840000000000014,-0.4036853611469269,-0.0778409019112587,-0.053615503013134,-0.05954968184232712,-0.024384193122386932,-0.19662493467330933,-0.1220359057188034,-1.7249629179636665,-1.6867897310054132,1.4893867597944217,-1.618571739490661,1.5209075544964934,-0.1226666666666665,0.31606707394123074,-0.31606707394123074,0.31606707394123074,0.31606707394123074,-0.31606707394123074,0.31606707394123074,-1.706870590632816,-1.6729026075962992,1.4989152387336342,-1.6093412326960264,1.525450207423135,-0.10486637153340463,0.3509192758338936,-0.3509194262142977,0.35091952336008747,0.35091959071795975,-0.3509192760504631,0.3509196216328125
107,1.8000000000000014,-0.40285468101501465,-0.0777970552444458,-0.053118012845516205,-0.060356348752975464,-0.0246603861451149,-0.19814074039459229,-0.12181325256824493,-1.7266295846303332,-1.6880863485928206,1.4885014595803299,-1.619577678636544,1.5204965480607415,-0.12433333333333316,0.3161472290754318,-0.3161472290754318,0.3161472290754318,0.3161472290754318,-0.3161472290754318,0.3161472290754318,-1.708468246341999,-1.6741455255496887,1.4980455979776854,-1.6101788298794026,1.525043075793162,-0.10646682464723177,0.35095354759852615,-0.35095351708695505,0.350953707596662,0.3509535730247813,-0.3509533136165031,0.3509536773315268
108,1.8180000000000014,-0.40189674496650696,-0.07775190472602844,-0.052533335983753204,-0.0611737035214901,-0.024996459484100342,-0.19967377185821533,-0.12156538665294647,-1.728296251297,-1.6893822136715877,1.4876259039806006,-1.620597240361902,1.5200799404026732,-0.12599999999999983,0.3162364608049393,-0.3162364608049393,0.3162364608049393,0.3162364608049393,-0.3162364608049393,0.3162364608049393,-1.7102664813528052,-1.6755446914186503,1.497068378976512,-1.611134184080169,1.5245863464509641,-0.10826402663255674,0.35099813910589195,-0.35099879566926284,0.35099862592486425,0.3509989573619256,-0.3509984811688534,0.35099888756335945
109,1.8340000000000014,-0.4008082151412964,-0.07770049571990967,-0.05185440182685852,-0.06199914216995239,-0.025406181812286377,-0.20122367143630981,-0.12129001319408417,-1.7299629179636666,-1.6906772219335862,1.4867616639501529,-1.6216305593980678,1.5196565040391352,-0.1276666666666665,0.31633559525012966,-0.31633559525012966,0.31633559525012966,0.31633559525012966,-0.31633559525012966,0.31633559525012966,-1.7118645277184112,-1.6767890555445555,1.4962030754827822,-1.6119931761909676,1.5241810979991735,-0.10985918556991382,0.35104504860313784,-0.35104520100531,0.35104531909962283,0.35104537300875005,-0.3510450437754304,0.35104541829244884
110,1.8500000000000014,-0.3995955288410187,-0.0776425153017044,-0.05107760801911354,-0.06282932311296463,-0.025887101888656616,-0.20279055833816528,-0.12098970264196396,-1.7316295846303333,-1.6919712638552813,1.4859103704831675,-1.6226777147832838,1.519225052340991,-0.1293333333333332,0.31644370704889296,-0.31644370704889296,0.31644370704889296,0.31644370704889296,-0.31644370704889296,0.31644370704889296,-1.7134627526124642,-1.678033939512593,1.4953400697870833,-1.6128674956083064,1.52377381918222,-0.11146022853884495,0.3510988531066425,-0.3510988146917171,0.35109903341678855,0.3510988730022522,-0.3510986015279599,0.351098997125669
111,1.8680000000000014,-0.39832618832588196,-0.07758038491010666,-0.050266481935977936,-0.06366171687841415,-0.026415258646011353,-0.204342782497406,-0.12067756056785583,-1.733296251297,-1.6932642702704497,1.4850725957842346,-1.623738743397924,1.518784798030224,-0.13099999999999987,0.3165560781955719,-0.3165560781955719,0.3165560781955719,0.3165560781955719,-0.3165560781955719,0.3165560781955719,-1.7152614510703499,-1.6794357129072577,1.4943727529736262,-1.6138644557270492,1.5233147584247853,-0.1132580366018595,0.3511658833800928,-0.3511665979829367,0.35116638337905276,0.35116673378239877,-0.351166268560649,0.3511666517504852
112,1.8840000000000015,-0.39700719714164734,-0.07751522213220596,-0.04943167045712471,-0.06449706852436066,-0.02698686718940735,-0.20587381720542908,-0.12035448104143143,-1.7349629179636668,-1.6945561906393198,1.484248734609949,-1.6248136945399967,1.5183350169104006,-0.13266666666666654,0.3166723868250847,-0.3166723868250847,0.3166723868250847,0.3166723868250847,-0.3166723868250847,0.3166723868250847,-1.716859768532578,-1.680682677297303,1.4935184384260103,-1.6147605986729288,1.522905466309347,-0.11485368718653469,0.3512325687537822,-0.35123276840166506,0.35123282852487975,0.3512329003824527,-0.35123260375436277,0.3512329256933075
113,1.9000000000000015,-0.3956308662891388,-0.07744881510734558,-0.048567600548267365,-0.06533665955066681,-0.02760348469018936,-0.2073829174041748,-0.12002001702785492,-1.7366295846303335,-1.6958470042244422,1.4834392746008114,-1.625902638865841,1.517874958832231,-0.13433333333333322,0.3167927938699722,-0.3167927938699722,0.3167927938699722,0.3167927938699722,-0.3167927938699722,0.3167927938699722,-1.7184581293850203,-1.6819303830058987,1.4926686151382953,-1.6156724686976087,1.5224921256559683,-0.11645518140982838,0.35130554338995784,-0.3513055573259667,0.35130569933243627,0.3513055564847084,-0.35130533397137415,0.3513056542340462
114,1.9180000000000015,-0.3942055106163025,-0.07737752795219421,-0.047673299908638,-0.06617538630962372,-0.02826644480228424,-0.20887023210525513,-0.11967508494853973,-1.7382962512970002,-1.697136629690312,1.482644719602334,-1.6270055619710015,1.5174038514188595,-0.1359999999999999,0.3169169694185257,-0.3169169694185257,0.3169169694185257,0.3169169694185257,-0.3169169694185257,0.3169169694185257,-1.7202568369965103,-1.6833355202181381,1.491718778815023,-1.616711939538068,1.522023990096489,-0.11825345325918732,0.3513933240392344,-0.3513941297257604,0.3513938136343224,0.35139420941632893,-0.3513937845343177,0.3513940887139799
115,1.9340000000000015,-0.39271339774131775,-0.07730468362569809,-0.04674606770277023,-0.06701964139938354,-0.028982512652873993,-0.21033230423927307,-0.11931729316711426,-1.7399629179636669,-1.6984250410840738,1.4818656184739545,-1.6281225559943246,1.5169208095413116,-0.13766666666666658,0.31704577445983884,-0.31704577445983884,0.31704577445983884,0.31704577445983884,-0.31704577445983884,0.31704577445983884,-1.7218550627687905,-1.6845855301505932,1.490882191871561,-1.617646005536128,1.5216046175695286,-0.11984948005002917,0.351477958064912,-0.351478214158054,0.35147820197236884,0.35147829861936797,-0.3514780415815338,0.3514782973046078
116,1.9500000000000015,-0.3911645710468292,-0.07723069936037064,-0.04579928144812584,-0.06786822527647018,-0.029739119112491608,-0.21176749467849731,-0.11894867569208145,-1.7416295846303336,-1.6997122194067467,1.4811022971164858,-1.6292536930822659,1.5164251575561034,-0.13933333333333325,0.31717847675085065,-0.31717847675085065,0.31717847675085065,0.31717847675085065,-0.31717847675085065,0.31717847675085065,-1.7234532390778472,-1.6858362807532021,1.490052209462485,-1.618596165865067,1.521179100509095,-0.1214513195825729,0.35156846477357717,-0.35156852269454275,0.3515686033371779,0.35156847218575454,-0.351568288366152,0.35156854969194573
117,1.9680000000000015,-0.37052878737449646,-0.09174133837223053,-0.0843217521905899,-0.07880669832229614,-0.01042252779006958,-0.17858055233955383,-0.11895089596509933,-1.7432962512970003,-1.701054953284975,1.4802834202034614,-1.6304403857257626,1.5159850611264507,-0.14099999999999993,0.31717767745256426,-0.31717767745256426,0.31717767745256426,0.31717767745256426,-0.31717767745256426,0.31717767745256426,-1.7252518368688947,-1.687244521088404,1.489125372278827,-1.6196823820251314,1.5207010690507692,-0.12324994611812372,0.3516587164282099,-0.351659895030612,0.3516588857881973,0.3516595509837011,-0.3516595338716009,0.3516591233093966
118,1.9840000000000015,-0.36185547709465027,-0.09187264740467072,-0.0792788416147232,-0.08006739616394043,-0.017170846462249756,-0.175874263048172,-0.11710280179977417,-1.744962917963667,-1.702453242718759,1.4794089877348815,-1.631682633924815,1.5156005202523537,-0.1426666666666666,0.31784299135208127,-0.31784299135208127,0.31784299135208127,0.31784299135208127,-0.31784299135208127,0.31784299135208127,-1.7268502892053974,-1.6884966704237863,1.4883067041297395,-1.6206639998174948,1.520281538757565,-0.12484625994158267,0.35180450387765294,-0.3518029593597251,0.3518058249861808,0.35180466251179654,-0.3518027740937993,0.3518058946665628
119,2.0000000000000013,-0.3550511598587036,-0.09069874882698059,-0.08209890127182007,-0.08107508718967438,-0.020778454840183258,-0.17126628756523132,-0.11566642671823502,-1.7466295846303337,-1.7039070877080986,1.4784789997107461,-1.6329804376794228,1.515254212671684,-0.14433333333333329,0.31836008638143537,-0.31836008638143537,0.31836008638143537,0.31836008638143537,-0.31836008638143537,0.31836008638143537,-1.7284492428566436,-1.689749133355093,1.4874885351424316,-1.6216710318864078,1.5198680239609563,-0.12644836232406703,0.35199033055776785,-0.351988935508776,0.35199134984002045,0.35199004463729955,-0.3519886842261803,0.3519911991629676
120,2.0179999999999993,-0.34940144419670105,-0.09065967053174973,-0.0795212835073471,-0.08187518268823624,-0.02472614496946335,-0.1690639853477478,-0.11462768912315369,-1.7482962512970004,-1.7054164882529936,1.477493456131055,-1.6343337969895861,1.5148523495354587,-0.14599999999999996,0.3187340319156647,-0.3187340319156647,0.3187340319156647,0.3187340319156647,-0.3187340319156647,0.3187340319156647,-1.73024929982739,-1.6911598521722342,1.4865649912675438,-1.6228310016606287,1.5194063627665573,-0.12824725816780747,0.35222120393149137,-0.3522215852343822,0.35222178015884803,0.3522217117012813,-0.3522211875483041,0.35222187436879215
121,2.0339999999999976,-0.34858813881874084,-0.09165195375680923,-0.07140354812145233,-0.08200157433748245,-0.026973165571689606,-0.17182216048240662,-0.11467680335044861,-1.749962917963667,-1.706944020815607,1.4764523569958086,-1.6357004898952108,1.5144027967759306,-0.14766666666666664,0.3187163507938385,-0.3187163507938385,0.3187163507938385,0.3187163507938385,-0.3187163507938385,0.3187163507938385,-1.7318494813170628,-1.6924159229765774,1.485739633456867,-1.6238830112183804,1.5189951389455878,-0.12984379017432074,0.35240346962396313,-0.35240446291700195,0.35240279981129,0.35240328166970875,-0.35240426660579155,0.3524026211195081
122,2.049999999999996,-0.3437822163105011,-0.08992821723222733,-0.07763455808162689,-0.0826663076877594,-0.028024636209011078,-0.1671431064605713,-0.11367163062095642,-1.7516295846303338,-1.7084428244361443,1.4753557023050066,-1.6370782616900068,1.5139357195057803,-0.14933333333333332,0.31907821297645567,-0.31907821297645567,0.31907821297645567,0.31907821297645567,-0.31907821297645567,0.31907821297645567,-1.7334505211089655,-1.693674019523287,1.4849042109910924,-1.6249616113261744,1.5185795041592278,-0.1314460927961663,0.3526079008323403,-0.35260750089094084,0.3526079370148469,0.35260734791967596,-0.3526072305073204,0.35260763615016494
123,2.067999999999994,-0.3408799469470978,-0.08965534716844559,-0.07543778419494629,-0.08297673612833023,-0.030178554356098175,-0.1664561927318573,-0.11316418647766113,-1.7532962512970005,-1.709937080222285,1.4742034920586489,-1.6384612072921456,1.5134327435998454,-0.151,0.319260892868042,-0.319260892868042,0.319260892868042,0.319260892868042,-0.319260892868042,0.319260892868042,-1.7352534054285738,-1.695092761002337,1.483947443010597,-1.6261985536441539,1.5181061900726955,-0.13324519535555304,0.3528344787506576,-0.35283559445356605,0.35283478434594195,0.35283510368017357,-0.35283517230498407,0.3528349031873731
124,2.083999999999992,-0.3411632180213928,-0.09048794955015182,-0.06794695556163788,-0.08291305601596832,-0.03131991624832153,-0.16967129707336426,-0.11344882845878601,-1.7549629179636672,-1.7114452127147877,1.4730710427992881,-1.6398430915590785,1.5129107449957067,-0.15266666666666667,0.31915842175483705,-0.31915842175483705,0.31915842175483705,0.31915842175483705,-0.31915842175483705,0.31915842175483705,-1.7368563786862015,-1.6963576832473117,1.483082341710231,-1.6273142300800247,1.5176794309349653,-0.13484189465304458,0.35300475891668787,-0.353006230804716,0.3530040455649802,0.3530047944404543,-0.3530060297572484,0.35300395559340086
125,2.0999999999999903,-0.33725178241729736,-0.0887352004647255,-0.07402553409337997,-0.08341750502586365,-0.031735509634017944,-0.16567417979240417,-0.1126546859741211,-1.756629584630334,-1.712924132722533,1.471883037984372,-1.6412333833095096,1.5123818198351398,-0.15433333333333335,0.3194443130493164,-0.3194443130493164,0.3194443130493164,0.3194443130493164,-0.3194443130493164,0.3194443130493164,-1.7384602940787865,-1.697626362857975,1.48219956998421,-1.628452285452939,1.5172443736488983,-0.13644435038382366,0.35319036756936145,-0.3531903674390086,0.3531903684231399,0.3531900351549377,-0.35319008552918424,0.3531901602349234
126,2.1179999999999883,-0.33451783657073975,-0.08839890360832214,-0.07173443585634232,-0.0836772695183754,-0.033600933849811554,-0.165245920419693,-0.11222425848245621,-1.7582962512970006,-1.7143974477826718,1.4706874640534329,-1.6426280044681492,1.5118218042709761,-0.15600000000000003,0.31959926694631574,-0.31959926694631574,0.31959926694631574,0.31959926694631574,-0.31959926694631574,0.31959926694631574,-1.7402662906811037,-1.6990593757492023,1.4811835443594263,-1.6297512383500181,1.5167457608953103,-0.13824360989396484,0.35339478821187637,-0.353396120182643,0.3533951911591818,0.3533956655156155,-0.3533956753613618,0.3533954205020293
127,2.1339999999999866,-0.3349418342113495,-0.08922190219163895,-0.06443731486797333,-0.08361923694610596,-0.034485526382923126,-0.16852572560310364,-0.11255396157503128,-1.7599629179636673,-1.7158844794858659,1.4695474456780493,-1.644021658417251,1.5112470454979274,-0.1576666666666667,0.3194805738329887,-0.3194805738329887,0.3194805738329887,0.3194805738329887,-0.3194805738329887,0.3194805738329887,-1.74187171495024,-1.7003395009618312,1.4802638532158547,-1.6309180701298327,1.5162941062301676,-0.13984043612584865,0.35354568003652487,-0.35354730602838375,0.3535450896255601,0.3535459487576634,-0.35354708823854114,0.3535451033452352
128,2.149999999999985,-0.3306484520435333,-0.08744993060827255,-0.07070636004209518,-0.08417528122663498,-0.03484059125185013,-0.1642952561378479,-0.11175335943698883,-1.761629584630334,-1.717341978329337,1.4683690063440145,-1.645424579771028,1.5106663689770632,-0.15933333333333338,0.319768790602684,-0.319768790602684,0.319768790602684,0.319768790602684,-0.319768790602684,0.319768790602684,-1.7434776320213428,-1.7016258645776026,1.4793271989881092,-1.6321040789006156,1.5158319146581087,-0.14144300820017966,0.35371406699433255,-0.3537141473132325,0.3537142139451453,0.35371394596066363,-0.3537138478635206,0.3537141007575742
129,2.167999999999983,-0.3277911841869354,-0.0871390774846077,-0.06858646869659424,-0.08447805792093277,-0.036624617874622345,-0.1637549102306366,-0.11132816970348358,-1.7632962512970007,-1.7187942962874139,1.4672258985324045,-1.6468325474030436,1.5100559586791529,-0.16100000000000006,0.3199218589067459,-0.3199218589067459,0.3199218589067459,0.3199218589067459,-0.3199218589067459,0.3199218589067459,-1.7452852010179452,-1.7030818745906304,1.4782544870016445,-1.6334534726042331,1.5153007360359938,-0.14324238744158413,0.3539008031716946,-0.35390224105886964,0.3539013461274214,0.3539019134732012,-0.35390177570613274,0.35390167744143725
130,2.183999999999981,-0.32828769087791443,-0.08796785026788712,-0.06088368967175484,-0.08440510183572769,-0.037592813372612,-0.16730284690856934,-0.11167511343955994,-1.7649629179636674,-1.720260427125212,1.4661383462763502,-1.6482392991003059,1.5094294117896094,-0.16266666666666674,0.31979695916175843,-0.31979695916175843,0.31979695916175843,0.31979695916175843,-0.31979695916175843,0.31979695916175843,-1.7468913644256825,-1.7043850261903484,1.4772896494293157,-1.6346623573281978,1.514818419103193,-0.1448393109131969,0.35403692735846815,-0.35403865453812033,0.35403644295458747,0.3540373962970627,-0.35403842241816164,0.3540365447764893
131,2.1999999999999793,-0.32378530502319336,-0.08620741963386536,-0.06738267838954926,-0.08500856161117554,-0.03792475908994675,-0.1628846824169159,-0.11086183786392212,-1.7666295846303341,-1.721697217452443,1.4650153016365244,-1.6496561084604922,1.5087973324714437,-0.16433333333333341,0.320089738368988,-0.320089738368988,0.320089738368988,0.320089738368988,-0.320089738368988,0.320089738368988,-1.7484973907487944,-1.7056964443999814,1.4763136385165199,-1.6358881999047534,1.514323855721727,-0.14644197248194088,0.35419248034380657,-0.3541926141011355,0.35419274331815936,0.3541925360578579,-0.35419229867387775,0.35419270794680496
132,2.2179999999999773,-0.32038697600364685,-0.08582604676485062,-0.06463059782981873,-0.08533269912004471,-0.04008898138999939,-0.16242557764053345,-0.11036967486143112,-1.7682962512970009,-1.7231276515651905,1.4639381250060275,-1.651078320112493,1.5081291827816103,-0.1660000000000001,0.3202669170498848,-0.3202669170498848,0.3202669170498848,0.3202669170498848,-0.3202669170498848,0.3202669170498848,-1.7503043556878386,-1.7071824939665083,1.4752041716804336,-1.6372799672670575,1.5137541168576227,-0.14824144425639055,0.35436914131882385,-0.3543705895959678,0.35436984314549796,0.35437043776080984,-0.35437010460053675,0.3543702550712136
133,2.2339999999999756,-0.31994831562042236,-0.08652699738740921,-0.05644003301858902,-0.08533665537834167,-0.04154438525438309,-0.1658111810684204,-0.11058163642883301,-1.7699629179636676,-1.724569768188314,1.462916503931086,-1.652500597702132,1.507436776360704,-0.16766666666666677,0.3201906108856201,-0.3201906108856201,0.3201906108856201,0.3201906108856201,-0.3201906108856201,0.3201906108856201,-1.7519093925749747,-1.7085133767063725,1.4742133382210751,-1.6385246187231948,1.5132351587797825,-0.14983844302535093,0.35450249946643153,-0.3545041207720223,0.3545022096536752,0.3545031052477672,-0.354503874888001,0.35450237319634664
134,2.249999999999974,-0.3155404329299927,-0.08562923222780228,-0.05641287565231323,-0.08577767759561539,-0.04323303699493408,-0.16389518976211548,-0.109925277531147,-1.7716295846303343,-1.7259969220587774,1.4619504384117001,-1.653930225662059,1.5067162257441218,-0.16933333333333345,0.32042690008878705,-0.32042690008878705,0.32042690008878705,0.32042690008878705,-0.32042690008878705,0.32042690008878705,-1.7535136433728893,-1.709853738319513,1.4732200552040968,-1.6397842535852698,1.5126997435540144,-0.15144117400369383,0.3546491718391884,-0.3546495415119591,0.35464938395530865,0.35464934611334575,-0.35464921007596006,0.35464938935422896
135,2.267999999999972,-0.3120238184928894,-0.0850588008761406,-0.054185666143894196,-0.08608854562044144,-0.04485253617167473,-0.16339518129825592,-0.1095312237739563,-1.773296251297001,-1.7274145687400464,1.46103992844787,-1.655365034755733,1.5059686834745938,-0.17100000000000012,0.3205687594413757,-0.3205687594413757,0.3205687594413757,0.3205687594413757,-0.3205687594413757,0.3205687594413757,-1.7553178114662151,-1.7113740352984925,1.4721044968924648,-1.6412119079599106,1.5120806517100849,-0.15324071798253944,0.3548127732435353,-0.35481441201204084,0.3548134597037525,0.354814234019942,-0.35481390855392997,0.35481393517274
136,2.28399999999997,-0.3091365694999695,-0.08457381278276443,-0.05251419171690941,-0.08638552576303482,-0.04619164392352104,-0.1629350632429123,-0.10918928682804108,-1.7749629179636677,-1.7288241322864257,1.4601646919192548,-1.6568047935184502,1.505198822742535,-0.1726666666666668,0.3206918567419052,-0.3206918567419052,0.3206918567419052,0.3206918567419052,-0.3206918567419052,0.3206918567419052,-1.756919764276922,-1.7127360932820204,1.471119795758531,-1.6424872071267833,1.511515320803979,-0.15483777567654788,0.35495767752394924,-0.35495868261789865,0.3549579059478178,0.35495839481293995,-0.35495842386260895,0.354958134659679
137,2.2999999999999683,-0.30588313937187195,-0.08407194167375565,-0.05065567046403885,-0.08671131730079651,-0.04769301414489746,-0.16236455738544464,-0.10879391431808472,-1.7766295846303344,-1.7302253313143217,1.4593204307448542,-1.6582499821401302,1.5044039391734534,-0.17433333333333348,0.3208341908454895,-0.3208341908454895,0.3208341908454895,0.3208341908454895,-0.3208341908454895,0.3208341908454895,-1.7585205037520872,-1.714107528088019,1.4701426133341835,-1.6437765607726318,1.5109312394702026,-0.15644056149960017,0.355103733192202,-0.3551044088354427,0.35510385909521897,0.35510401635138766,-0.35510406275059336,0.35510389455498437
138,2.3179999999999663,-0.3022872805595398,-0.08353688567876816,-0.04841763526201248,-0.087040975689888,-0.0494098886847496,-0.16178487241268158,-0.1083601638674736,-1.778296251297001,-1.731617612742301,1.458513470157154,-1.659700665068295,1.5035804410287075,-0.17600000000000016,0.3209903410077095,-0.3209903410077095,0.3209903410077095,0.3209903410077095,-0.3209903410077095,0.3209903410077095,-1.76032041002871,-1.7156615039289966,1.4690550349442766,-1.6452364706245983,1.51025517215823,-0.15824016270581945,0.35526892475068744,-0.3552706515947692,0.3552696143520414,0.35527051534495363,-0.3552701297902004,0.3552701378229488
139,2.3339999999999645,-0.2985544800758362,-0.08300606906414032,-0.04650945961475372,-0.087407186627388,-0.05108090862631798,-0.16096532344818115,-0.10790474712848663,-1.7799629179636678,-1.7330010472267035,1.457738312496908,-1.6611574515120848,1.5027290925516021,-0.17766666666666683,0.3211542910337448,-0.3211542910337448,0.3211542910337448,0.3211542910337448,-0.3211542910337448,0.3211542910337448,-1.7619184588663288,-1.7170514808238981,1.468102129322872,-1.6465394817489138,1.5096369826277538,-0.15983726708844562,0.35541952131302634,-0.3554204352290735,0.35541987754166476,0.35542032509778654,-0.3554201641832776,0.3554201402594242
140,2.349999999999963,-0.29558590054512024,-0.08255085349082947,-0.04481152072548866,-0.08771295845508575,-0.05251136049628258,-0.16042259335517883,-0.10753379762172699,-1.7816295846303345,-1.7343768947848839,1.4569914538181499,-1.662619334153003,1.5018539032099973,-0.1793333333333335,0.3212878328561783,-0.3212878328561783,0.3212878328561783,0.3212878328561783,-0.3212878328561783,0.3212878328561783,-1.763515272567188,-1.718448458110305,1.4671624631171878,-1.647855761162101,1.508997786393195,-0.1614400961556274,0.3555696056470117,-0.35557034753281624,0.3555697511041346,0.3555699651869809,-0.35556998652107996,0.35556980882770545
141,2.367999999999961,-0.29206326603889465,-0.0820319876074791,-0.04255281016230583,-0.08802719414234161,-0.05426163971424103,-0.15984727442264557,-0.10709378868341446,-1.7832962512970012,-1.7357440945783418,1.4562822403154447,-1.6640864540553753,1.5009495425480934,-0.1810000000000002,0.32144623607397077,-0.32144623607397077,0.32144623607397077,0.32144623607397077,-0.32144623607397077,0.32144623607397077,-1.7653108371880941,-1.720027891539431,1.466123166970346,-1.6493449583728867,1.5082576423161247,-0.1632397424567245,0.3557391761286346,-0.35574098477263083,0.355739890591303,0.35574088606507803,-0.35574044371248803,0.355740454319238
142,2.383999999999959,-0.2884238660335541,-0.08151990920305252,-0.040558308362960815,-0.08837293088436127,-0.05596812441945076,-0.15907670557498932,-0.10663825273513794,-1.784962917963668,-1.737102759731726,1.4556062685093953,-1.6655593362367813,1.500016740474436,-0.18266666666666687,0.32161022901535036,-0.32161022901535036,0.32161022901535036,0.32161022901535036,-0.32161022901535036,0.32161022901535036,-1.7669051773230833,-1.721437271545692,1.4652178392036235,-1.6506730858042498,1.5075808063656542,-0.16483688352608178,0.35589329932927305,-0.35589426897024307,0.3558936750987362,0.35589419279955997,-0.3558939865918421,0.3558939674310899
143,2.3999999999999573,-0.28536656498908997,-0.08103785663843155,-0.03847475349903107,-0.08864356577396393,-0.057584092020988464,-0.15863396227359772,-0.10624778270721436,-1.7866295846303346,-1.7384533906756998,1.4549650226177449,-1.6670367289996808,1.4990570056074195,-0.18433333333333354,0.3217507982254028,-0.3217507982254028,0.3217507982254028,0.3217507982254028,-0.3217507982254028,0.3217507982254028,-1.7684984374338653,-1.722850564683739,1.4643301934042547,-1.652013695682348,1.5068808402036198,-0.16643974646757126,0.3560473375553345,-0.3560481029541775,0.3560475156164723,0.3560477703377925,-0.35604772733243106,0.35604759578760575
144,2.4179999999999553,-0.28200891613960266,-0.08055359125137329,-0.03643792122602463,-0.08895201981067657,-0.059258006513118744,-0.15799693763256073,-0.10581718385219574,-1.7882962512970013,-1.7397959505298894,1.4543577239306444,-1.6685192626631922,1.4980693721655343,-0.18600000000000022,0.32190581381320954,-0.32190581381320954,0.32190581381320954,0.32190581381320954,-0.32190581381320954,0.32190581381320954,-1.77029024390992,-1.7244445667673263,1.4633545268663462,-1.6535293530821809,1.5060705747171317,-0.16823942811923262,0.3562204319807116,-0.3562223241572893,0.35622117429566913,0.3562222616691033,-0.3562217630883345,0.35622177802645094
145,2.4339999999999535,-0.27882543206214905,-0.08010230958461761,-0.03481508046388626,-0.08927355706691742,-0.060764629393815994,-0.1572447270154953,-0.10540145635604858,-1.789962917963668,-1.7411309890229665,1.4537774725895796,-1.670007155280974,1.497056628342304,-0.1876666666666669,0.3220554757118225,-0.3220554757118225,0.3220554757118225,0.3220554757118225,-0.3220554757118225,0.3220554757118225,-1.7718815290714378,-1.725863353969518,1.4625095414717568,-1.6548801907910253,1.5053302982392027,-0.16983659787025393,0.35637584927312355,-0.35637691966699636,0.35637621334893765,0.35637683730453396,-0.3563766257884234,0.356376536210357
146,2.4499999999999518,-0.2763480246067047,-0.07974967360496521,-0.033952806144952774,-0.08959287405014038,-0.06188046932220459,-0.15650129318237305,-0.10505324602127075,-1.7916295846303347,-1.742460150249716,1.4532115924871636,-1.6715003698484765,1.4960252871869337,-0.18933333333333358,0.3221808314323425,-0.3221808314323425,0.3221808314323425,0.3221808314323425,-0.3221808314323425,0.3221808314323425,-1.7734720530502772,-1.7272825831183776,1.4616850798772538,-1.6562429711398585,1.50456619319296,-0.1714394872405888,0.35652943691524863,-0.3565302975081486,0.3565295984646199,0.356529956343972,-0.3565299076441064,0.35652970590377797
147,2.46799999999995,-0.27318209409713745,-0.07929594069719315,-0.03193481266498566,-0.0898793488740921,-0.06352269649505615,-0.15591171383857727,-0.10463016480207443,-1.7932962512970014,-1.743781749261336,1.4526793456094138,-1.672998358996378,1.4949665755786827,-0.19100000000000025,0.3223331406712532,-0.3223331406712532,0.3223331406712532,0.3223331406712532,-0.3223331406712532,0.3223331406712532,-1.775261222058968,-1.7288790030456822,1.460782960153763,-1.6577828503030725,1.5036834813991142,-0.17323919640997662,0.3567017729560877,-0.35670373590009924,0.3567025543306446,0.35670373301505093,-0.3567031552594782,0.35670320463339666
148,2.483999999999948,-0.27000102400779724,-0.07886560261249542,-0.03026469796895981,-0.09019142389297485,-0.06504826247692108,-0.15513558685779572,-0.10420883446931839,-1.7949629179636681,-1.7450961759715442,1.452174933976598,-1.6745015493945943,1.493882437870734,-0.19266666666666693,0.32248481959104536,-0.32248481959104536,0.32248481959104536,0.32248481959104536,-0.32248481959104536,0.32248481959104536,-1.7768505884937253,-1.7302961672710324,1.460004875228779,-1.6591545463897481,1.5028785865208085,-0.17483638827051928,0.3568568439998313,-0.35685794404317794,0.3568572505150955,0.3568579309435167,-0.3568576382558345,0.356857608991192
149,2.4999999999999463,-0.268004834651947,-0.07855767011642456,-0.029547836631536484,-0.0904654711484909,-0.06602343916893005,-0.15454578399658203,-0.10391053557395935,-1.7966295846303348,-1.7464054704734846,1.4516824700327389,-1.6760093072470692,1.4927820472179185,-0.1943333333333336,0.3225922071933746,-0.3225922071933746,0.3225922071933746,0.3225922071933746,-0.3225922071933746,0.3225922071933746,-1.778439584509,-1.7317103965493044,1.4592486279341115,-1.660537626704,1.5020494853847794,-0.17643929790467294,0.35700813005851506,-0.3570090829448838,0.3570082849272136,0.3570087397264444,-0.35700867815677123,0.3570084217837671
150,2.5179999999999443,-0.2673913836479187,-0.07688587158918381,-0.029521798714995384,-0.09015189111232758,-0.06763385236263275,-0.1552039384841919,-0.10363669693470001,-1.7982962512970015,-1.7476869016666376,1.4511904400541555,-1.677511838765608,1.491654816345208,-0.19600000000000029,0.32269078910350796,-0.32269078910350796,0.32269078910350796,0.32269078910350796,-0.32269078910350796,0.32269078910350796,-1.7802275653417858,-1.7332969219688141,1.458423419855829,-1.6620990007973002,1.501093694588371,-0.17823902836219113,0.35717162625435184,-0.3571738125498186,0.35717235493342037,0.3571737453353032,-0.3571732131607241,0.3571730608483427
151,2.5339999999999425,-0.2669912278652191,-0.07649262994527817,-0.030298545956611633,-0.09032581746578217,-0.06730440258979797,-0.15513578057289124,-0.10365113615989685,-1.7999629179636683,-1.7489617788323923,1.450685464288212,-1.6790172690567045,1.4905330763020446,-0.19766666666666696,0.3226855909824371,-0.3226855909824371,0.3226855909824371,0.3226855909824371,-0.3226855909824371,0.3226855909824371,-1.781816483573186,-1.734700988379208,1.4577115064573847,-1.6634884791860638,1.5002263499889097,-0.17983623734770668,0.3573026419083469,-0.3573043187717537,0.3573027666736825,0.35730392153425533,-0.357304003726389,0.35730318911412023
152,2.5499999999999408,-0.2661699652671814,-0.07623658329248428,-0.03040727972984314,-0.09057757258415222,-0.0673581063747406,-0.15508995950222015,-0.1035526841878891,-1.801629584630335,-1.7502323885539337,1.4501786762927147,-1.6805268952664403,1.489410441195799,-0.19933333333333364,0.32272103369235994,-0.32272103369235994,0.32272103369235994,0.32272103369235994,-0.32272103369235994,0.32272103369235994,-1.7834056598950174,-1.7360977133135982,1.457017471570792,-1.664888058822923,1.4993380619326715,-0.18143916243744385,0.3574248785419049,-0.35742612247591554,0.35742493457418767,0.35742569020216153,-0.35742570779689126,0.35742515195906405
153,2.5679999999999388,-0.26520076394081116,-0.07602011412382126,-0.030007224529981613,-0.09084368497133255,-0.06774638593196869,-0.15518136322498322,-0.10339523106813431,-1.8032962512970017,-1.7514993904559975,1.4496785558838816,-1.682040956682629,1.4882813347635995,-0.20100000000000032,0.3227777168154716,-0.3227777168154716,0.3227777168154716,0.3227777168154716,-0.3227777168154716,0.3227777168154716,-1.78519457735664,-1.7376595385496818,1.4562568826546332,-1.6664671776304751,1.498321225992408,-0.18323890840759807,0.35755411790812236,-0.35755638712592686,0.35755492113735876,0.3575564487256842,-0.35755577453060294,0.3575557186044774
154,2.583999999999937,-0.2638244330883026,-0.07581819593906403,-0.029709871858358383,-0.09117850661277771,-0.0683167576789856,-0.15498797595500946,-0.10316367447376251,-1.8049629179636684,-1.7527630270549819,1.449183391352909,-1.6835605984595088,1.4871427221356164,-0.202666666666667,0.3228610771894455,-0.3228610771894455,0.3228610771894455,0.3228610771894455,-0.3228610771894455,0.3228610771894455,-1.7867848573550953,-1.7390379164606178,1.4555983235060723,-1.6678719409257419,1.4974030144775612,-0.18483612917982425,0.3576676052916707,-0.35766892461547595,0.35766807122177896,0.3576690321280559,-0.3576685976818511,0.35766856923827317
155,2.5999999999999353,-0.26229771971702576,-0.07564305514097214,-0.029390458017587662,-0.0915469378232956,-0.06897866725921631,-0.1547156423330307,-0.10290515422821045,-1.806629584630335,-1.7540237446406648,1.4486935503859493,-1.6850863807565637,1.4859930776812962,-0.20433333333333367,0.3229541444778442,-0.3229541444778442,0.3229541444778442,0.3229541444778442,-0.3229541444778442,0.3229541444778442,-1.7883757727529241,-1.740406189508751,1.4549547356480623,-1.6692866798106076,1.4964658494071725,-0.18643906462008858,0.3577799380818577,-0.35778091085987984,0.35778026387989487,0.35778085208876,-0.35778048107398963,0.3577805302524645
156,2.6179999999999333,-0.26069921255111694,-0.07547304034233093,-0.028996946290135384,-0.09192214906215668,-0.06973929703235626,-0.1544250100851059,-0.10262937843799591,-1.8082962512970018,-1.7552816286463704,1.4482102679477804,-1.6866184165742664,1.4848307560640903,-0.20600000000000035,0.32305342376232143,-0.32305342376232143,0.32305342376232143,0.32305342376232143,-0.32305342376232143,0.32305342376232143,-1.790166996014609,-1.7419334478766832,1.4542481947537165,-1.6708828559330458,1.4953957597208172,-0.188238821093655,0.35790411539656464,-0.3579062756055523,0.3579050684296829,0.3579065524007741,-0.3579056443868878,0.35790590987119913
157,2.6339999999999315,-0.25909167528152466,-0.07530257105827332,-0.028508741408586502,-0.09229360520839691,-0.0705638900399208,-0.1541692316532135,-0.10234683007001877,-1.8099629179636685,-1.7565366714973416,1.4477351222576373,-1.6881566433277397,1.4836546912300916,-0.20766666666666703,0.3231551411747932,-0.3231551411747932,0.3231551411747932,0.3231551411747932,-0.3231551411747932,0.3231551411747932,-1.791759571184213,-1.7432793874980927,1.453635697622891,-1.67230282580689,1.494431282603753,-0.1898360498085432,0.35801546434927334,-0.35801673644812915,0.3580159993639869,0.3580169584159064,-0.3580163979837339,0.35801652417434715
158,2.6499999999999297,-0.2572782635688782,-0.07514270395040512,-0.028233401477336884,-0.0927068442106247,-0.07135539501905441,-0.15369392931461334,-0.10203864425420761,-1.8116295846303352,-1.757789049896515,1.4472645655663483,-1.6897017573979167,1.4824654346464408,-0.2093333333333337,0.3232660880684852,-0.3232660880684852,0.3232660880684852,0.3232660880684852,-0.3232660880684852,0.3232660880684852,-1.7933529511278448,-1.7446140671868902,1.4530366234530359,-1.6737329966506413,1.493448398911813,-0.19143899222316782,0.3581277482531676,-0.3581286777562514,0.35812813131045357,0.3581287065828368,-0.3581282343321846,0.3581284143399047
159,2.6679999999999278,-0.25559350848197937,-0.07496684789657593,-0.027718260884284973,-0.09307873249053955,-0.07223545759916306,-0.15338744223117828,-0.10174223780632019,-1.813296251297002,-1.759038497361458,1.4468025945516103,-1.6912530696060923,1.4812615103531215,-0.21100000000000038,0.3233727943897247,-0.3233727943897247,0.3233727943897247,0.3233727943897247,-0.3233727943897247,0.3233727943897247,-1.795147098446536,-1.7461026276905431,1.4523785691823825,-1.6753467134190605,1.49232750656852,-0.1932387559281627,0.35825267718774717,-0.3582548670028523,0.35825367561502613,0.35825519263171673,-0.3582542174193901,0.3582545458571921
160,2.683999999999926,-0.2538061738014221,-0.07478749752044678,-0.02726968191564083,-0.09346206486225128,-0.07312104105949402,-0.15298262238502502,-0.10143205523490906,-1.8149629179636686,-1.7602849556534654,1.4463480998530163,-1.6928107706871298,1.4800428263354632,-0.21266666666666706,0.32348446011543275,-0.32348446011543275,0.32348446011543275,0.32348446011543275,-0.32348446011543275,0.32348446011543275,-1.796742373916827,-1.747413711468673,1.4518078286952298,-1.676782407227663,1.4913183214581134,-0.19483598997864912,0.35836572786510834,-0.3583670030429278,0.35836629855837815,0.35836726940458014,-0.3583666537203889,0.35836684152043596
161,2.6999999999999242,-0.2519851624965668,-0.07460460066795349,-0.02685813419520855,-0.09384898841381073,-0.07398439943790436,-0.1525401473045349,-0.10111919045448303,-1.8166295846303353,-1.761528365664598,1.4459004642830962,-1.6943749204940266,1.478809753011498,-0.21433333333333374,0.3235970914363861,-0.3235970914363861,0.3235970914363861,0.3235970914363861,-0.3235970914363861,0.3235970914363861,-1.798338504800793,-1.7487134197776886,1.45124940831728,-1.678228505916663,1.4902907996151153,-0.1964389370718954,0.3584796880731307,-0.35848064351705783,0.35848008608436077,0.3584806800530855,-0.35848018634913664,0.3584803801063165
162,2.7179999999999223,-0.2502855956554413,-0.0744110643863678,-0.026226725429296494,-0.09420299530029297,-0.07489761710166931,-0.15226607024669647,-0.10081921517848969,-1.818296251297002,-1.7627685500710373,1.445463352192608,-1.6959449704156981,1.477561459393137,-0.21600000000000041,0.3237050825357437,-0.3237050825357437,0.3237050825357437,0.3237050825357437,-0.3237050825357437,0.3237050825357437,-1.8001357700166873,-1.7501628351019405,1.4506359666936584,-1.679860256831651,1.48911995308028,-0.1982387057335546,0.3586064320804718,-0.35860868433464155,0.3586074565352313,0.35860902299120667,-0.3586080160097824,0.35860835445169004
163,2.7339999999999205,-0.2483993023633957,-0.07421036809682846,-0.025771958753466606,-0.09458029270172119,-0.07581062614917755,-0.15178601443767548,-0.10049651563167572,-1.8199629179636687,-1.7640053895393177,1.4450338195467167,-1.6975213086273935,1.4762979489573174,-0.2176666666666671,0.32382125437259673,-0.32382125437259673,0.32382125437259673,0.32382125437259673,-0.32382125437259673,0.32382125437259673,-1.80173381335958,-1.7514395321747573,1.4501039205045825,-1.6813120369339545,1.4880665667840034,-0.1998359433236582,0.3587214549550168,-0.35872276058693114,0.3587220489675683,0.35872304361993396,-0.3587224001518025,0.35872261011253176
164,2.7499999999999187,-0.2465880960226059,-0.07400861382484436,-0.02519914135336876,-0.09494107961654663,-0.07671916484832764,-0.15140385925769806,-0.10018597543239594,-1.8216295846303354,-1.7652388664363985,1.4446138338574939,-1.6991036599543359,1.4750192962098452,-0.21933333333333377,0.32393304884433743,-0.32393304884433743,0.32393304884433743,0.32393304884433743,-0.32393304884433743,0.32393304884433743,-1.803332670903571,-1.7527054606151045,1.4495834590946943,-1.682774349275536,1.4869947260155711,-0.201438893503789,0.3588370810826261,-0.35883807896073644,0.3588374884234309,0.35883810750681244,-0.35883760765484024,0.3588377941608398
165,2.7679999999999167,-0.24472829699516296,-0.07378842681646347,-0.024626154452562332,-0.09529658406972885,-0.07764910906553268,-0.15098999440670013,-0.09986833482980728,-1.8232962512970021,-1.7664686735500061,1.4442033979499511,-1.700691936355498,1.4737251443920862,-0.22100000000000045,0.32404739946126937,-0.32404739946126937,0.32404739946126937,0.32404739946126937,-0.32404739946126937,0.32404739946126937,-1.8051329302674926,-1.7541177927722462,1.4490119385322868,-1.684424412131296,1.4857741169613399,-0.203238665539298,0.35896625897326356,-0.35896856451478326,0.35896732117068386,0.3589689258136067,-0.3589678768107065,0.35896824788792414
166,2.783999999999915,-0.24275729060173035,-0.07356806099414825,-0.024138685315847397,-0.0956680029630661,-0.0785645991563797,-0.15046676993370056,-0.09954008460044861,-1.8249629179636688,-1.7676948078999086,1.4438010865280204,-1.702286403071549,1.4724157344061466,-0.22266666666666712,0.3241655695438385,-0.3241655695438385,0.3241655695438385,0.3241655695438385,-0.3241655695438385,0.3241655695438385,-1.80673355787477,-1.755362463195495,1.4485164106268624,-1.6858924907683086,1.4846765975958562,-0.20483590542747057,0.35908345738364855,-0.35908480594013276,0.35908407114999386,0.35908509421251067,-0.35908443391253164,0.35908465094763986
167,2.7999999999999132,-0.24086491763591766,-0.07333759218454361,-0.02350757271051407,-0.09601560235023499,-0.07951215654611588,-0.15004894137382507,-0.09922139346599579,-1.8266295846303355,-1.7689171011029843,1.4434092936495118,-1.7038866631107197,1.4710905317970446,-0.2243333333333338,0.3242802983522415,-0.3242802983522415,0.3242802983522415,0.3242802983522415,-0.3242802983522415,0.3242802983522415,-1.8083348992119388,-1.7565973649061315,1.4480318622953334,-1.6873712100910083,1.4835604222964736,-0.20643885759108743,0.359201359229125,-0.3592023929687586,0.359201781930717,0.35920241983394163,-0.35920190706949934,0.35920209982168916
168,2.8179999999999112,-0.23891094326972961,-0.07310333847999573,-0.022891830652952194,-0.09636428952217102,-0.08045599609613419,-0.1495761275291443,-0.09889844059944153,-1.8282962512970022,-1.770135490077651,1.4430277631386292,-1.705492734602756,1.4697495985287756,-0.22600000000000048,0.32439656138420103,-0.32439656138420103,0.32439656138420103,0.32439656138420103,-0.32439656138420103,0.32439656138420103,-1.8101378175869922,-1.7579760909176387,1.4475001010220516,-1.6890397661839436,1.4822899503982985,-0.2082386319468796,0.35933302742466255,-0.3593354030710936,0.35933411941787846,0.3593357723785856,-0.35933469543008995,0.35933507555857636
169,2.8339999999999095,-0.2369479089975357,-0.0728490799665451,-0.022204603999853134,-0.09670005738735199,-0.08143769204616547,-0.14913268387317657,-0.09857319295406342,-1.829962917963669,-1.7713496414104266,1.4426576864052985,-1.7071044022258786,1.4683923036613395,-0.22766666666666716,0.32451365053653713,-0.32451365053653713,0.32451365053653713,0.32451365053653713,-0.32451365053653713,0.32451365053653713,-1.8117406775521356,-1.7591921162171007,1.4470393817929665,-1.6905242285854198,1.4811480578020921,-0.20983587333998235,0.3594521265119179,-0.359453533340725,0.35945275214225736,0.3594538135233919,-0.35945314935742684,0.3594533512150649
170,2.8499999999999077,-0.23482635617256165,-0.07259893417358398,-0.02171044796705246,-0.09706365317106247,-0.08235368132591248,-0.14849941432476044,-0.09823480248451233,-1.8316295846303356,-1.772559623646653,1.4422958456058477,-1.7087221297787296,1.4670197423059077,-0.22933333333333383,0.32463547110557556,-0.32463547110557556,0.32463547110557556,0.32463547110557556,-0.32463547110557556,0.32463547110557556,-1.8133441075680354,-1.7603995779299373,1.4465892407032428,-1.6920194100580268,1.4799872583385587,-0.21143882678821418,0.3595725219419265,-0.35957358058861105,0.3595729701654502,0.3595736185866363,-0.35957307966693886,0.35957330153673456
171,2.8679999999999057,-0.2328428328037262,-0.0723285898566246,-0.02092120610177517,-0.09738567471504211,-0.08337031304836273,-0.14808306097984314,-0.09790938347578049,-1.8332962512970024,-1.7737651001442634,1.4419471588374848,-1.7103452243573136,1.465630237088435,-0.2310000000000005,0.324752621948719,-0.324752621948719,0.324752621948719,0.324752621948719,-0.324752621948719,0.324752621948719,-1.8151491956566723,-1.7617489063411842,1.4460957945629525,-1.6937064641533748,1.478666465834944,-0.21323860283466153,0.35970675756423337,-0.359709207737344,0.359707880329593,0.35970958335809694,-0.3597084796033081,0.3597088668765976
172,2.883999999999904,-0.2305927276611328,-0.07206042855978012,-0.020415665581822395,-0.09774874895811081,-0.08433228731155396,-0.14736317098140717,-0.09755711257457733,-1.834962917963669,-1.7749661072869263,1.4416068977444545,-1.7119743701732821,1.464224698966576,-0.2326666666666672,0.3248794394731522,-0.3248794394731522,0.3248794394731522,0.3248794394731522,-0.3248794394731522,0.3248794394731522,-1.8167538281695996,-1.7629400746027601,1.4456686753977195,-1.6952073548871833,1.4774797978766867,-0.21483584520130683,0.3598290107249707,-0.35983044173599876,0.35982967090103346,0.35983074710551305,-0.3598300454212294,0.35983028986228643
173,2.899999999999902,-0.22856289148330688,-0.07178402692079544,-0.019590986892580986,-0.09806613624095917,-0.08533420413732529,-0.14692333340644836,-0.09723260998725891,-1.8366295846303358,-1.7761625077356062,1.441280381296245,-1.713608805777298,1.462802462230954,-0.23433333333333387,0.3249962604045868,-0.3249962604045868,0.3249962604045868,0.3249962604045868,-0.3249962604045868,0.3249962604045868,-1.8183588656136083,-1.7641239035918976,1.44525185827177,-1.696718990141739,1.4762738212886073,-0.2164387995546575,0.35995166524758676,-0.3599527889604255,0.35995211456760556,0.35995279897493976,-0.35995227247691597,0.3599524581910187
174,2.9179999999999002,-0.22628836333751678,-0.07148946821689606,-0.01894935593008995,-0.09840911626815796,-0.0863543450832367,-0.1462467759847641,-0.09687712043523788,-1.8382962512970025,-1.7773539988725544,1.44096455869741,-1.7152489577151007,1.4613632231462332,-0.23600000000000054,0.32512423664331436,-0.32512423664331436,0.32512423664331436,0.32512423664331436,-0.32512423664331436,0.32512423664331436,-1.820165563883337,-1.7654480798513459,1.4447956561183881,-1.6984245418338764,1.4749020300121214,-0.218238576915535,0.36008949960672576,-0.3600920023032911,0.36009066766128955,0.3600924069383683,-0.3600912530828064,0.36009168543535564
175,2.9339999999998985,-0.22397595643997192,-0.0711967796087265,-0.018328813835978508,-0.09875742346048355,-0.08734411001205444,-0.14553649723529816,-0.09652242064476013,-1.8399629179636692,-1.7785406118660332,1.4406590784668103,-1.7168949147727754,1.4599074879793656,-0.23766666666666722,0.3252519285678863,-0.3252519285678863,0.3252519285678863,0.3252519285678863,-0.3252519285678863,0.3252519285678863,-1.8217714586933003,-1.766618110448609,1.4444013694600144,-1.6999418168463518,1.4736698790178095,-0.21983582002440508,0.3602147238523112,-0.3602162085155393,0.3602154024440421,0.36021651221171364,-0.3602157994880607,0.3602160411291555
176,2.9499999999998967,-0.2217332124710083,-0.07088584452867508,-0.017536837607622147,-0.09907740354537964,-0.08838444948196411,-0.1449413001537323,-0.09617545455694199,-1.8416295846303359,-1.7797220426081777,1.4403667978400165,-1.7185462048318652,1.458434413821333,-0.2393333333333339,0.3253768363595009,-0.3253768363595009,0.3253768363595009,0.3253768363595009,-0.3253768363595009,0.3253768363595009,-1.8233775892512996,-1.7677819145559555,1.4440172236448998,-1.7014698843871578,1.4724179796702446,-0.22143877505764073,0.3603409454583464,-0.3603420953324423,0.36034141946418013,0.36034211523412246,-0.3603415629120293,0.3603417758663853
177,2.9679999999998947,-0.21945814788341522,-0.07056981325149536,-0.016702931374311447,-0.09939499199390411,-0.08943965286016464,-0.14434301853179932,-0.09582538902759552,-1.8432962512970026,-1.7808982061623693,1.4400884156504448,-1.7202027880317636,1.4569437529403302,-0.24100000000000057,0.3255028599500656,-0.3255028599500656,0.3255028599500656,0.3255028599500656,-0.3255028599500656,0.3255028599500656,-1.8251853189211444,-1.769084846323603,1.443597712120987,-1.7031938658525894,1.470994269595608,-0.22323855362082434,0.36048208036676627,-0.36048467221567093,0.3604832715814548,0.3604850735189423,-0.3604839013116981,0.36048432081810067
178,2.983999999999893,-0.21712692081928253,-0.0702410414814949,-0.015860579907894135,-0.09970934689044952,-0.09051237255334854,-0.14370861649513245,-0.09546910226345062,-1.8449629179636693,-1.782068890187061,1.4398240726519798,-1.7218646104799378,1.4554352133977744,-0.24266666666666725,0.32563112318515774,-0.32563112318515774,0.32563112318515774,0.32563112318515774,-0.32563112318515774,0.32563112318515774,-1.8267919580400516,-1.770237084897852,1.443236061015942,-1.7047273899847712,1.4697156782019736,-0.22483579743239704,0.3606100529345835,-0.3606115976299363,0.3606107444875783,0.36061189613364025,-0.3606111756186645,0.3606114037797562
179,2.999999999999891,-0.21477903425693512,-0.0699101909995079,-0.014966219663619995,-0.10001939535140991,-0.09159690886735916,-0.14308127760887146,-0.09511294215917587,-1.846629584630336,-1.7832340600370526,1.439574635657586,-1.7235312771466045,1.453908598249985,-0.24433333333333393,0.3257593408226967,-0.3257593408226967,0.3257593408226967,0.3257593408226967,-0.3257593408226967,0.3257593408226967,-1.8283986578853362,-1.771384108301894,1.4428848283373594,-1.7062716439348282,1.4684167545097857,-0.2264387531958705,0.3607391118926405,-0.36074030404828944,0.36073960417946566,0.360740323247741,-0.3607397551929828,0.3607399750031577
180,3.017999999999889,-0.21223454177379608,-0.06956891715526581,-0.014243576675653458,-0.10035218298435211,-0.09266354143619537,-0.1422511786222458,-0.09473579376935959,-1.8482962512970027,-1.7843935419896404,1.4393372427129918,-1.7251979438132712,1.452364205892715,-0.2460000000000006,0.3258951142430305,-0.3258951142430305,0.3258951142430305,0.3258951142430305,-0.3258951142430305,0.3258951142430305,-1.83020683506356,-1.7726692834348348,1.4425027613621222,-1.7080132782750563,1.4669397826119408,-0.2282385332331848,0.3608842471173289,-0.36088691080050017,0.3608854958855361,0.36088735170684894,-0.36088611813341576,0.3608865883010909
181,3.0339999999998875,-0.2098761647939682,-0.06921550631523132,-0.013194752857089043,-0.10064076632261276,-0.09380903840065002,-0.14168140292167664,-0.09437936544418335,-1.8499629179636694,-1.785547133761561,1.4391173301653737,-1.726864610479938,1.4508007219193708,-0.24766666666666728,0.32602342844009397,-0.32602342844009397,0.32602342844009397,0.32602342844009397,-0.32602342844009397,0.32602342844009397,-1.8318137188617065,-1.7738066381769346,1.442174720232892,-1.709561579522691,1.4656134883717489,-0.22983577820118553,0.3610154283042954,-0.36101706499565156,0.3610161526918615,0.36101737482089175,-0.3610166302040778,0.3610168531060852
182,3.0499999999998857,-0.20722328126430511,-0.06885974109172821,-0.012454897165298462,-0.1009722650051117,-0.09489879012107849,-0.14078132808208466,-0.09399167448282242,-1.8516295846303361,-1.7866947961130897,1.438909748545952,-1.7285312771466046,1.4492190754173528,-0.24933333333333396,0.3261629971861839,-0.3261629971861839,0.3261629971861839,0.3261629971861839,-0.3261629971861839,0.3261629971861839,-1.8334205214108266,-1.7749395510703334,1.4418574936511748,-1.7111194575396826,1.4642662603359498,-0.23143873526950767,0.36114862945921594,-0.36114988610833576,0.36114917799123947,0.361149949270931,-0.36114932162422114,0.3611495930664719
183,3.0679999999998837,-0.2047618180513382,-0.06849411129951477,-0.011422321200370789,-0.10126307606697083,-0.09603390842676163,-0.14013329148292542,-0.0936274603009224,-1.8532962512970028,-1.7878363646347482,1.4387193765259458,-1.7301979438132713,1.4476185102769068,-0.2510000000000006,0.32629411429166794,-0.32629411429166794,0.32629411429166794,0.32629411429166794,-0.32629411429166794,0.32629411429166794,-1.8352286561694742,-1.7762096721083331,1.4415142558203204,-1.712875095157741,1.462734486784827,-0.23323851712610688,0.36129732650396246,-0.36130012071831147,0.36129861005609926,0.3613005727640698,-0.3612993081713891,0.36129975914086326
184,3.083999999999882,-0.2021896243095398,-0.0681111067533493,-0.010405175387859344,-0.10155441612005234,-0.09721213579177856,-0.1394023448228836,-0.09324793517589569,-1.8549629179636695,-1.788971549747304,1.4385459569361483,-1.731864610479938,1.4459983080137104,-0.25266666666666726,0.32643074333667754,-0.32643074333667754,0.32643074333667754,0.32643074333667754,-0.32643074333667754,0.32643074333667754,-1.836835377407615,-1.7773342521038997,1.4412211845633602,-1.7144347680117111,1.461359092720582,-0.23483576334711845,0.3614323163388684,-0.361434022109529,0.36143308547235703,0.36143436911191895,-0.36143357356360023,0.36143383015559954
185,3.09999999999988,-0.19948755204677582,-0.06773249804973602,-0.009509909898042679,-0.10186773538589478,-0.09834157675504684,-0.13853596150875092,-0.09285791218280792,-1.8566295846303362,-1.7901004247147996,1.4383874584378475,-1.7335312771466047,1.4443592817344597,-0.2543333333333339,0.32657115161418915,-0.32657115161418915,0.32657115161418915,0.32657115161418915,-0.32657115161418915,0.32657115161418915,-1.8384418957078519,-1.7784549055500705,1.4409395353008938,-1.7160030856394648,1.4599620843182215,-0.23643872166902666,0.36156901321552765,-0.36157034967812046,0.36156959147459017,0.3615704227157443,-0.3615697685312738,0.36157004191870284
186,3.117999999999878,-0.19677415490150452,-0.06734492629766464,-0.00856320932507515,-0.1021735817193985,-0.09949258714914322,-0.13768108189105988,-0.09246707707643509,-1.858296251297003,-1.791222840153094,1.4382447382824297,-1.7351979438132714,1.4427010719486406,-0.25600000000000056,0.32671185225248334,-0.32671185225248334,0.32671185225248334,0.32671185225248334,-0.32671185225248334,0.32671185225248334,-1.8402495824350023,-1.7797117226571004,1.4406370863531983,-1.7177694655893032,1.458373855561677,-0.23823850528405088,0.3617223874952652,-0.3617252622623791,0.3617237258644901,0.36172575950775215,-0.36172442867884685,0.36172492526710853
187,3.1339999999998764,-0.19403669238090515,-0.06694604456424713,-0.007588585838675499,-0.10246729105710983,-0.10065529495477676,-0.1368066817522049,-0.09207626432180405,-1.8599629179636696,-1.7923386075624983,1.4381182618517852,-1.7368646104799381,1.441034405281974,-0.2576666666666672,0.32685254484415055,-0.32685254484415055,0.32685254484415055,0.32685254484415055,-0.32685254484415055,0.32685254484415055,-1.8418558306047546,-1.780824759369371,1.4403807615972888,-1.7193378737203913,1.4569488219561444,-0.23983575276405034,0.36186154526876735,-0.36186333813565214,0.3618623583384439,0.3618637236028177,-0.36186287631809866,0.3618631549298413
188,3.1499999999998747,-0.1911841332912445,-0.06652902811765671,-0.00664949044585228,-0.10276738554239273,-0.10184071958065033,-0.13585259020328522,-0.09167051315307617,-1.8616295846303363,-1.7934474246977925,1.438007437011021,-1.7385312771466048,1.4393677386153072,-0.25933333333333386,0.32699861526489254,-0.32699861526489254,0.32699861526489254,0.32699861526489254,-0.32699861526489254,0.32699861526489254,-1.8434618297699321,-1.7819340552616996,1.4401363838110426,-1.7209142129489154,1.455503915938437,-0.24143871241898746,0.3620025995867556,-0.3620040397424813,0.3620032336845766,0.36200417366814275,-0.3620034447262074,0.3620037540698435
189,3.1679999999998727,-0.1884550005197525,-0.06611398607492447,-0.005507703870534897,-0.10304088145494461,-0.10306166112422943,-0.13505211472511292,-0.0912805050611496,-1.863296251297003,-1.7945493244657078,1.437915641946512,-1.7401979438132715,1.4377010719486405,-0.2610000000000005,0.32713901817798613,-0.32713901817798613,0.32713901817798613,0.32713901817798613,-0.32713901817798613,0.32713901817798613,-1.8452689079966533,-1.783178226572894,1.4398765949454242,-1.7226888391521866,1.4538656446465286,-0.24323849796530533,0.3621603102225228,-0.3621633393749891,0.3621617089215832,0.36216391237918527,-0.36216249303212217,0.36216300847352667
190,3.183999999999871,-0.1858123540878296,-0.0657024085521698,-0.004218047484755516,-0.1032952219247818,-0.10428137332201004,-0.1343594342470169,-0.09090186655521393,-1.8649629179636698,-1.795644364608244,1.4378453411550993,-1.7418646104799382,1.4360344052819738,-0.26266666666666716,0.327275328040123,-0.327275328040123,0.327275328040123,0.327275328040123,-0.327275328040123,0.327275328040123,-1.8468746047738749,-1.7842800772839658,1.4396589068648344,-1.724263932433215,1.4523999918914745,-0.24483574688791582,0.3623024828342133,-0.36230443926835393,0.3623033430515949,0.3623048916416844,-0.362303968408562,0.36230424214417734
191,3.199999999999869,-0.18282108008861542,-0.06527106463909149,-0.0032229144126176834,-0.10359112918376923,-0.10550159960985184,-0.13332362473011017,-0.09047883749008179,-1.8666295846303365,-1.7967322156855623,1.437791625914889,-1.743531277146605,1.434367738615307,-0.2643333333333338,0.32742761850357055,-0.32742761850357055,0.32742761850357055,0.32742761850357055,-0.32742761850357055,0.32742761850357055,-1.8484800263053551,-1.7853782339819746,1.4394541393554297,-1.7258464012279817,1.4509178185558012,-0.246438707962858,0.36244697264705433,-0.3624485278139255,0.3624476711649523,0.36244875588284936,-0.3624479220544949,0.36244828626659253
192,3.217999999999867,-0.18000011146068573,-0.06484026461839676,-0.0020213164389133453,-0.10385351628065109,-0.10673192143440247,-0.13247065246105194,-0.09007959067821503,-1.8682962512970032,-1.7978128867625356,1.437757937307574,-1.7451979438132716,1.4327010719486404,-0.26600000000000046,0.3275713473558426,-0.3275713473558426,0.3275713473558426,0.3275713473558426,-0.3275713473558426,0.3275713473558426,-1.85028641869597,-1.7866098558711998,1.4392402096440762,-1.7276273402177553,1.4492412907709693,-0.2482384954174375,0.36260852905604296,-0.3626116758731692,0.3626099874249717,0.36261233253852987,-0.36261081680452645,0.362611377171297
193,3.2339999999998654,-0.17697997391223907,-0.06440602242946625,-0.0009815767407417297,-0.10414135456085205,-0.10794191807508469,-0.13141794502735138,-0.08965623378753662,-1.8699629179636699,-1.7988863204696934,1.4377415776952283,-1.7468646104799384,1.4310344052819737,-0.2676666666666671,0.32772375583648683,-0.32772375583648683,0.32772375583648683,0.32772375583648683,-0.32772375583648683,0.32772375583648683,-1.8518914916026779,-1.7877003863576435,1.4390641828841113,-1.7292075803136258,1.4477446129138118,-0.24983574564761024,0.3627555369872267,-0.3627575577932906,0.3627564766010387,0.36275812547950714,-0.36275707654269984,0.3627574575576985
194,3.2499999999998637,-0.1739703267812729,-0.06396026909351349,0.00012379512190818787,-0.10441392660140991,-0.1091761514544487,-0.1303894817829132,-0.08923451602458954,-1.8716295846303366,-1.7999523249545852,1.4377436409472601,-1.748531277146605,1.429367738615307,-0.26933333333333376,0.32787557423114777,-0.32787557423114777,0.32787557423114777,0.32787557423114777,-0.32787557423114777,0.32787557423114777,-1.853496276457272,-1.7887870080449457,1.438901956258944,-1.7307947838193167,1.446233976158145,-0.2514387080171783,0.3629042866319319,-0.3629059507518001,0.36290502623953247,0.36290623536044886,-0.3629053347077535,0.3629057146441857
195,3.2679999999998617,-0.1708390861749649,-0.06351602077484131,0.0011232495307922363,-0.10469910502433777,-0.11038513481616974,-0.12922030687332153,-0.08880078792572021,-1.8732962512970033,-1.8010109253008326,1.4377623617727733,-1.7501979438132718,1.4277010719486403,-0.2710000000000004,0.3280317163467407,-0.3280317163467407,0.3280317163467407,0.3280317163467407,-0.3280317163467407,0.3280317163467407,-1.8553019459222817,-1.7900052739658676,1.4387368088913453,-1.7325806140879558,1.4445282331116736,-0.25323849718003044,0.36307166850874756,-0.3630748936279211,0.3630731836507509,0.3630756338959594,-0.36307402378136705,0.36307464571891035
196,3.28399999999986,-0.1678251326084137,-0.0630636215209961,0.0023220404982566833,-0.10495887696743011,-0.11162521690130234,-0.12821775674819946,-0.0883798748254776,-1.87496291796367,-1.802061985659516,1.4378010624477442,-1.7518646104799385,1.4260344052819736,-0.27266666666666706,0.32818324506282803,-0.32818324506282803,0.32818324506282803,0.32818324506282803,-0.32818324506282803,0.32818324506282803,-1.856906386394419,-1.7910834959516984,1.4386047519171181,-1.7341648344125278,1.443007860673803,-0.25483574858408814,0.3632232008575069,-0.3632253243750087,0.3632241693849445,0.36322593451223284,-0.3632248346837459,0.3632252143454681
197,3.299999999999858,-0.16457152366638184,-0.06259830296039581,0.0033114999532699585,-0.10523824393749237,-0.11285815387964249,-0.12695032358169556,-0.0879303514957428,-1.8766295846303367,-1.8031052907088558,1.437856254113632,-1.7535312771466052,1.4243677386153069,-0.2743333333333337,0.3283450734615326,-0.3283450734615326,0.3283450734615326,0.3283450734615326,-0.3283450734615326,0.3283450734615326,-1.8585105458281992,-1.7921573684931928,1.4384871256950695,-1.735755693960077,1.441475485924478,-0.25643871207926394,0.36337714543042576,-0.36337887289526016,0.36337793006647956,0.36337922594260036,-0.36337824813288,0.36337867737101
198,3.317999999999856,-0.16162210702896118,-0.06213150918483734,0.004718899726867676,-0.10546498000621796,-0.11416053771972656,-0.12605959177017212,-0.08751562982797623,-1.8782962512970034,-1.8041408158619365,1.437934902442413,-1.7551979438132719,1.4227010719486402,-0.27600000000000036,0.32849437326192854,-0.32849437326192854,0.32849437326192854,0.32849437326192854,-0.32849437326192854,0.32849437326192854,-1.8603155154032767,-1.7933607589097051,1.4383730630841083,-1.7375452767812891,1.4397474272494444,-0.25823850287830485,0.36354889708001503,-0.3635522338528559,0.36355042603902893,0.3635529964613577,-0.36355135473028266,0.36355194609996433
199,3.3339999999998544,-0.15851107239723206,-0.06166687607765198,0.00595908984541893,-0.10570891946554184,-0.11541813611984253,-0.12496800720691681,-0.08708365261554718,-1.87996291796367,-1.8051685971298974,1.4380342206065033,-1.7568646104799386,1.4210344052819734,-0.277666666666667,0.328649885058403,-0.328649885058403,0.328649885058403,0.328649885058403,-0.328649885058403,0.328649885058403,-1.8619193423927458,-1.7944252539416858,1.4382872050077344,-1.7391325355975413,1.4382089547088952,-0.2598357554024589,0.36370439041770597,-0.3637065862753934,0.36370538686147713,0.36370724271924243,-0.3637060894717456,0.36370648450629567
200,3.3499999999998527,-0.1552903950214386,-0.06119850277900696,0.007074035704135895,-0.10596517473459244,-0.11665481328964233,-0.12374487519264221,-0.08663852512836456,-1.8816295846303368,-1.806188572176214,1.4381521212015722,-1.7585312771466053,1.4193677386153067,-0.27933333333333366,0.32881013095378875,-0.32881013095378875,0.32881013095378875,0.32881013095378875,-0.32881013095378875,0.32881013095378875,-1.8635228870107996,-1.7954849607166625,1.4382167604144074,-1.7407261717740383,1.4366599721843407,-0.2614387200407647,0.3638617249190938,-0.36386353190432436,0.36386252920259093,0.3638639144519056,-0.36386289963246343,0.3638633241650249
201,3.3679999999998507,-0.15217936038970947,-0.0607215017080307,0.008457843214273453,-0.10619430989027023,-0.11794482916593552,-0.12271325290203094,-0.08620657026767731,-1.8832962512970035,-1.8072005972046812,1.4382930852551434,-1.760197943813272,1.41770107194864,-0.2810000000000003,0.32896563470363616,-0.32896563470363616,0.32896563470363616,0.32896563470363616,-0.32896563470363616,0.32896563470363616,-1.8653271639087212,-1.7966718637529886,1.4381570220775302,-1.7425186138791835,1.4349148676572518,-0.26323851242363455,0.3640376647605601,-0.3640410599887119,0.36403922786062937,0.36404187489854956,-0.36404017262906707,0.36404079674273
202,3.383999999999849,-0.14892704784870148,-0.06023899465799332,0.009648740291595459,-0.10643511265516281,-0.11919073015451431,-0.12148460745811462,-0.08575978875160217,-1.8849629179636702,-1.808204580448981,1.4384538975933367,-1.7618646104799387,1.4160344052819733,-0.28266666666666695,0.3291264760494232,-0.3291264760494232,0.3291264760494232,0.3291264760494232,-0.3291264760494232,0.3291264760494232,-1.8669303918183273,-1.7977211376605324,1.4381203338044592,-1.7441082015632323,1.4333625710373665,-0.2648357659902268,0.3641970746936673,-0.3641993193446064,0.3641981025398601,0.36420002422161457,-0.3641988163087732,0.36419924325271164
203,3.399999999999847,-0.14549927413463593,-0.05973991006612778,0.010733872652053833,-0.10668342560529709,-0.12045653164386749,-0.1200842559337616,-0.08529213070869446,-1.886629584630337,-1.8092002456167497,1.438632795470871,-1.7635312771466054,1.4143677386153066,-0.2843333333333336,0.32929483294487,-0.32929483294487,0.32929483294487,0.32929483294487,-0.32929483294487,0.32929483294487,-1.8685333524413212,-1.7987650853319337,1.438099941354766,-1.7457039739842108,1.4318009055453342,-0.26643873164809573,0.36435882006164216,-0.3643606636039354,0.36435965823552235,0.36436109788077964,-0.3643600246639412,0.36436049221775957
204,3.417999999999845,-0.14232727885246277,-0.05925697833299637,0.012074362486600876,-0.10689834505319595,-0.1217024028301239,-0.11894291639328003,-0.08486019819974899,-1.8882962512970036,-1.8101878619222997,1.4388340348456479,-1.765197943813272,1.41270107194864,-0.28600000000000025,0.3294503286480904,-0.3294503286480904,0.3294503286480904,0.3294503286480904,-0.3294503286480904,0.3294503286480904,-1.870336997995988,-1.7999335689690668,1.438097483489663,-1.7474986268018597,1.4300427853437703,-0.26823852544556825,0.3645391824546683,-0.36454264355354127,0.36454076070202357,0.3645434844465806,-0.3645417488202759,0.3645423690486904
205,3.4339999999998434,-0.13910289108753204,-0.05876634269952774,0.013406317681074142,-0.10710883140563965,-0.1229754164814949,-0.1177554577589035,-0.08441706001758575,-1.8899629179636703,-1.811167300967292,1.4390574734736659,-1.7668646104799388,1.4110344052819732,-0.2876666666666669,0.32960985839366913,-0.32960985839366913,0.32960985839366913,0.32960985839366913,-0.32960985839366913,0.32960985839366913,-1.8719397010074181,-1.8009658118737757,1.4381123827594473,-1.7490900061435024,1.428479931576003,-0.2698357799220286,0.3647019913688302,-0.3647043004738435,0.3647030256710207,0.3647050210869318,-0.364703792039878,0.3647042009780362
206,3.4499999999998416,-0.13567128777503967,-0.058267004787921906,0.014545831829309464,-0.1073397845029831,-0.12418469786643982,-0.11634401977062225,-0.0839536264538765,-1.891629584630337,-1.8121384177137574,1.4392999040041543,-1.7685312771466055,1.4093677386153065,-0.28933333333333355,0.32977669447660446,-0.32977669447660446,0.32977669447660446,0.32977669447660446,-0.32977669447660446,0.32977669447660446,-1.8735421630288784,-1.801992155437627,1.4381443737753035,-1.7506874087786457,1.4269085784023332,-0.27143874649024907,0.36486664732579555,-0.3648685499532812,0.364867491855703,0.3648689981181374,-0.3648679051475145,0.3648683571357154
207,3.4679999999998397,-0.13238270580768585,-0.05776046961545944,0.01588306576013565,-0.10753647983074188,-0.12546712160110474,-0.11509966850280762,-0.08350389450788498,-1.8932962512970037,-1.8131010922073483,1.4395646217668232,-1.7701979438132722,1.4077010719486398,-0.2910000000000002,0.3299385979771614,-0.3299385979771614,0.3299385979771614,0.3299385979771614,-0.3299385979771614,0.3299385979771614,-1.875345279002724,-1.8031401478174527,1.4382018208628433,-1.7524837384151015,1.4251405162096327,-0.27323854157846617,0.36505073453911446,-0.36505423165142825,0.3650523395728018,0.3650551142716339,-0.3650533301521313,0.3650539818694231
208,3.483999999999838,-0.12912599742412567,-0.05725538730621338,0.017253246158361435,-0.10772287845611572,-0.12671692669391632,-0.11387377977371216,-0.08306139707565308,-1.8949629179636704,-1.8140553486624518,1.4398521758694625,-1.771864610479939,1.406034405281973,-0.29266666666666685,0.3300978970527649,-0.3300978970527649,0.3300978970527649,0.3300978970527649,-0.3300978970527649,0.3300978970527649,-1.8769475520558028,-1.8041535323620823,1.4382706387235498,-1.7540764782147216,1.4235695983124916,-0.2748357968421582,0.3652164800855481,-0.3652188362704405,0.36521752603071567,0.3652195769713006,-0.3652183229975812,0.36521873030052115
209,3.499999999999836,-0.12572802603244781,-0.05675986409187317,0.018411464989185333,-0.10793209075927734,-0.1278703659772873,-0.11245208978652954,-0.08260604739189148,-1.8966295846303372,-1.8150013463973163,1.4401590336192822,-1.7735312771466056,1.4043677386153064,-0.2943333333333335,0.33026182293891904,-0.33026182293891904,0.33026182293891904,0.33026182293891904,-0.33026182293891904,0.33026182293891904,-1.8785496158124202,-1.805160456576882,1.438357304251707,-1.755675117191455,1.4219908447498806,-0.27643876419115104,0.3653834746726101,-0.3653854315958932,0.36538431987622644,0.36538588608918604,-0.3653847814822285,0.36538521078504843
210,3.517999999999834,-0.1224789023399353,-0.056252822279930115,0.019766218960285187,-0.10810092836618423,-0.12909641861915588,-0.11119061708450317,-0.08216604590415955,-1.8982962512970039,-1.8159388934353151,1.4404884706019536,-1.7751979438132723,1.4027010719486397,-0.29600000000000015,0.33042022347450256,-0.33042022347450256,0.33042022347450256,0.33042022347450256,-0.33042022347450256,0.33042022347450256,-1.8803523215582525,-1.806285940323098,1.4384771689790932,-1.7574727186665193,1.4202151884773213,-0.27823856041582173,0.3655695058976809,-0.36557305715969335,0.36557111458667546,0.3655739518955758,-0.36557214947433747,0.365572785013449
211,3.5339999999998324,-0.1194186806678772,-0.05578955262899399,0.02071249857544899,-0.10827167332172394,-0.13010631501674652,-0.10980601608753204,-0.08175386488437653,-1.8999629179636706,-1.816868719312465,1.4408336789115443,-1.776864610479939,1.401034405281973,-0.2976666666666668,0.33056860864162446,-0.33056860864162446,0.33056860864162446,0.33056860864162446,-0.33056860864162446,0.33056860864162446,-1.8819542850743547,-1.8072786552532967,1.438601881577189,-1.7590665105318484,1.4186381137677628,-0.279835816211613,0.36573562829057343,-0.36573805406063375,0.3657366592040633,0.36573877947334255,-0.36573753648972746,0.36573788597656187
212,3.5499999999998306,-0.11640118062496185,-0.05533311516046524,0.021307528018951416,-0.1084437295794487,-0.13099834322929382,-0.10825863480567932,-0.0813421681523323,-1.9016295846303373,-1.817790937898473,1.4411888043785268,-1.7785312771466057,1.3993677386153063,-0.29933333333333345,0.33071681946516035,-0.33071681946516035,0.33071681946516035,0.33071681946516035,-0.33071681946516035,0.33071681946516035,-1.883556105202197,-1.8082642294783264,1.438744497565338,-1.7606661393521021,1.41705371501451,-0.28143878389463733,0.3659012829131644,-0.36590331847251456,0.36590209945521956,0.36590373991939745,-0.36590266346562994,0.3659030084393922
213,3.5679999999998286,-0.11341450363397598,-0.05486658960580826,0.022082161158323288,-0.10859739035367966,-0.13195666670799255,-0.10680918395519257,-0.08092968910932541,-1.903296251297004,-1.8187053810585696,1.4415568403978323,-1.7801979438132725,1.3977010719486396,-0.3010000000000001,0.33086531192064284,-0.33086531192064284,0.33086531192064284,0.33086531192064284,-0.33086531192064284,0.33086531192064284,-1.8853586439865273,-1.8093647465052383,1.4389266813273187,-1.7624647987958941,1.41527227240614,-0.2832385805036399,0.36608480636629975,-0.366088405728165,0.3660864102100011,0.36608930273799,-0.3660874919059744,0.3660881015304672
214,3.583999999999827,-0.1106286570429802,-0.05440828949213028,0.023114338517189026,-0.10871783643960953,-0.13293442130088806,-0.1055755615234375,-0.08054575324058533,-1.9049629179636707,-1.8196121858834384,1.4419420793731188,-1.7818646104799392,1.3960344052819729,-0.30266666666666675,0.3310035288333893,-0.3310035288333893,0.3310035288333893,0.3310035288333893,-0.3310035288333893,0.3310035288333893,-1.8869605707054542,-1.810334392210847,1.4391057581178437,-1.7640594495297777,1.4136905037346703,-0.2848358361626297,0.3662478442417904,-0.3662503126376627,0.3662488711926184,0.36625103686021293,-0.36624979087587034,0.36625011505370836
215,3.599999999999825,-0.10742832720279694,-0.0539461225271225,0.023658372461795807,-0.10889007151126862,-0.1337750405073166,-0.1038561761379242,-0.08011496812105179,-1.9066295846303374,-1.8205112879255572,1.4423363855808153,-1.7835312771466059,1.3943677386153062,-0.3043333333333334,0.33115861147642134,-0.33115861147642134,0.33115861147642134,0.33115861147642134,-0.33115861147642134,0.33115861147642134,-1.8885624493127227,-1.811296144686462,1.4393017264255816,-1.765659844839378,1.412101795176334,-0.286438803611182,0.36641149494769176,-0.3664135157325751,0.36641234423546365,0.3664139883442473,-0.3664128558727544,0.3664132694860179
216,3.617999999999823,-0.10411886870861053,-0.053434573113918304,0.02468790113925934,-0.10903158783912659,-0.13480401039123535,-0.10231617093086243,-0.07967278361320496,-1.908296251297004,-1.8214018641441225,1.442747850599803,-1.7851979438132726,1.3927010719486395,-0.30600000000000005,0.3313177978992462,-0.3313177978992462,0.3313177978992462,0.3313177978992462,-0.3313177978992462,0.3313177978992462,-1.8903651486723594,-1.81236909003157,1.4395428423386474,-1.7674592576015653,1.4103159253259878,-0.28823860025408493,0.3665942535760103,-0.3665978358125289,0.3665959036259823,0.36659879664424583,-0.36659691601777517,0.36659761550022585
217,3.6339999999998214,-0.10105098783969879,-0.052935272455215454,0.025972243398427963,-0.10913708806037903,-0.1358659267425537,-0.1010155975818634,-0.07926579564809799,-1.9099629179636708,-1.8222841186850427,1.4431807213231103,-1.7868646104799393,1.3910344052819728,-0.3076666666666667,0.3314643135666847,-0.3314643135666847,0.3314643135666847,0.3314643135666847,-0.3314643135666847,0.3314643135666847,-1.8919672861415133,-1.813313672888219,1.4397734721718378,-1.7690544815691736,1.408730559052319,-0.28983585563618935,0.3667575642782223,-0.3667600203105999,0.36675862591197084,0.3667607956290954,-0.3667594946130196,0.36675988695549183
218,3.6499999999998196,-0.09782592952251434,-0.05243505537509918,0.026998218148946762,-0.10925793647766113,-0.1368325650691986,-0.09948405623435974,-0.07884254306554794,-1.9115933501223794,-1.8231580362746276,1.4436306916255928,-1.788531277146606,1.389367738615306,-0.3093247342705727,0.33161668449640275,-0.33161668449640275,0.33161668449640275,0.33161668449640275,-0.33161668449640275,0.33161668449640275,-1.893569229208362,-1.8142500520927927,1.440020765255423,-1.7706553685257016,1.407138496362719,-0.29143811789172336,0.36692113878582194,-0.36692318071577146,0.36692199044505436,0.36692365889664585,-0.36692251622331745,0.3669229258424985
219,3.6679999999998176,-0.09468527138233185,-0.05192912369966507,0.028068523854017258,-0.10935515910387039,-0.13776856660842896,-0.09800796210765839,-0.07843528687953949,-1.9131714379787517,-1.824023521669622,1.444098500356493,-1.7901979438132727,1.3877010719486393,-0.31095820030570037,0.3317632967233658,-0.3317632967233658,0.3317632967233658,0.3317632967233658,-0.3317632967233658,0.3317632967233658,-1.8953711333171621,-1.8152942676696244,1.4403199055913163,-1.7724553182594853,1.4053490649496907,-0.29323414082542887,0.36710230395562016,-0.3671059282689423,0.36710393151062537,0.36710686401175435,-0.3671050013374463,0.36710564657488276
220,3.683999999999816,-0.0916086956858635,-0.05142989009618759,0.029184933751821518,-0.10944023728370667,-0.13869445025920868,-0.09657412767410278,-0.07803671061992645,-1.914698249573516,-1.8248806865045584,1.4445849159190234,-1.7918646104799394,1.3860344052819726,-0.31256776910026873,0.33190678417682645,-0.33190678417682645,0.33190678417682645,0.33190678417682645,-0.33190678417682645,0.33190678417682645,-1.8969708897844937,-1.8162131964976806,1.4406024316777168,-1.7740510565519652,1.403760653175851,-0.2948236446729367,0.3672640670294549,-0.367266514566845,0.36726511859835337,0.3672672809730711,-0.3672659834885261,0.36726636654684275
221,3.699999999999814,-0.08827945590019226,-0.05090709030628204,0.030442599207162857,-0.10953082144260406,-0.13963870704174042,-0.09506842494010925,-0.07761266827583313,-1.9161695738385194,-1.825729138009663,1.445092292572476,-1.793531277146606,1.384367738615306,-0.31415224284927057,0.33205943942070004,-0.33205943942070004,0.33205943942070004,0.33205943942070004,-0.33205943942070004,0.33205943942070004,-1.8985677422206917,-1.8171239042106597,1.4409022377090492,-1.775652491993093,1.4021656291172995,-0.29641274237502707,0.36742627571274555,-0.3674282851730265,0.3674271299250437,0.36742876368110017,-0.367427613575259,0.36742804240580407
222,3.717999999999812,-0.08500906825065613,-0.05039050430059433,0.03168274089694023,-0.10960619151592255,-0.14057087898254395,-0.09356305003166199,-0.07720008492469788,-1.917586391642697,-1.8265689797480062,1.4456203382540918,-1.7951979438132728,1.3827010719486392,-0.31571162701646494,0.33220796942710873,-0.33220796942710873,0.33220796942710873,0.33220796942710873,-0.33220796942710873,0.33220796942710873,-1.900359416725033,-1.8181392733833683,1.4412614349063877,-1.7774531033897834,1.400373001017424,-0.29818841922924266,0.3676062723656578,-0.3676098781266204,0.36760791874865734,0.3676108295746147,-0.3676089422111264,0.3676096204862476
223,3.7339999999998104,-0.08187925070524216,-0.04987798631191254,0.032923903316259384,-0.1096573919057846,-0.14144670963287354,-0.09211742877960205,-0.07681028544902802,-1.9189510458211176,-1.8274002795198714,1.4461690699760295,-1.7968646104799395,1.3810344052819725,-0.317246917496125,0.3323482972383499,-0.3323482972383499,0.3323482972383499,0.3323482972383499,-0.3323482972383499,0.3323482972383499,-1.9019452251280184,-1.819032580040553,1.4415981437065617,-1.779049458556175,1.3987818743667295,-0.2997553061807627,0.36776677385806683,-0.3677692097454712,0.36776782808279346,0.36776997300642966,-0.367768674277926,0.36776905639973173
224,3.7499999999998086,-0.0786498486995697,-0.04937808960676193,0.033902887254953384,-0.10972191393375397,-0.14220190048217773,-0.09046986699104309,-0.07641218602657318,-1.920261876632777,-1.828223247679984,1.4467341180969453,-1.7985312771466062,1.3793677386153058,-0.31875474861264236,0.3324916130304336,-0.3324916130304336,0.3324916130304336,0.3324916130304336,-0.3324916130304336,0.3324916130304336,-1.903522751835026,-1.8199176893782607,1.441952938250218,-1.7806515439475554,1.3971842552747524,-0.30131734178357406,0.367926832342137,-0.36792884789878266,0.3679276728219169,0.3679292992386837,-0.3679281702075154,0.3679285604180087
225,3.7679999999998066,-0.07562657445669174,-0.04888544976711273,0.034968893975019455,-0.10975445806980133,-0.142928808927536,-0.08895866572856903,-0.07604390382766724,-1.9215223195403885,-1.8290380051761026,1.447316932996529,-1.800197943813273,1.3777010719486391,-0.3202373930414518,0.3326241946220398,-0.3326241946220398,0.3326241946220398,0.3326241946220398,-0.3326241946220398,0.3326241946220398,-1.9052855136335396,-1.820904202512846,1.442374681617619,-1.7824529232216777,1.395388887668991,-0.30305815615983134,0.36810273347075895,-0.36810637189845996,0.36810436843182653,0.36810729689910376,-0.368105426978942,0.36810605507221
226,3.783999999999805,-0.07270649075508118,-0.04838220775127411,0.03621077910065651,-0.10975844413042068,-0.14374101161956787,-0.0875820517539978,-0.07568231225013733,-1.9227340943863065,-1.8298443753052904,1.44792044598154,-1.8018646104799396,1.3760344052819724,-0.32169709390401846,0.33275436758995053,-0.33275436758995053,0.33275436758995053,0.33275436758995053,-0.33275436758995053,0.33275436758995053,-1.9068388649145855,-1.8217717233246606,1.4427671906100785,-1.784049961542808,1.3937954878117271,-0.3045905417101587,0.3682589208892916,-0.3682613635820759,0.36825997244927117,0.3682621131820846,-0.3682608231796754,0.3682611806527406
227,3.799999999999803,-0.06949952244758606,-0.04787290841341019,0.037387724965810776,-0.10978014767169952,-0.1444660872220993,-0.08601111173629761,-0.07529345899820328,-1.923892419760433,-1.8306422571121805,1.4485435747309703,-1.8035312771466063,1.3743677386153057,-0.32313061243295677,0.3328943547606468,-0.3328943547606468,0.3328943547606468,0.3328943547606468,-0.3328943547606468,0.3328943547606468,-1.908377178874194,-1.8226309601769801,1.4431780625754211,-1.78565269991662,1.3921957342617493,-0.3061147999841424,0.36841474237521876,-0.368416738821304,0.36841560043799126,0.3684172008688901,-0.36841605438672775,0.36841646669718947
228,3.817999999999801,-0.06669782847166061,-0.04738299921154976,0.03881673887372017,-0.10974837839603424,-0.1452028751373291,-0.08475430309772491,-0.07496348023414612,-1.9250040502349608,-1.8314319737657063,1.4491905203788655,-1.805197943813273,1.372701071948639,-0.32454318415125216,0.3330131471157074,-0.3330131471157074,0.3330131471157074,0.3330131471157074,-0.3330131471157074,0.3330131471157074,-1.9100874337641514,-1.8235883378590867,1.4436634348810802,-1.787454764981524,1.3903981557631866,-0.3078103608933595,0.36858467079853346,-0.3685883338150291,0.368586317739338,0.36858925823650435,-0.36858737988432183,0.36858799552021376
229,3.8339999999997993,-0.06369515508413315,-0.046885907649993896,0.03981753811240196,-0.10973048955202103,-0.145808145403862,-0.08316600322723389,-0.07460661977529526,-1.9260656361530297,-1.8322134055598729,1.4498541460140721,-1.8068646104799397,1.3710344052819723,-0.3259292842050394,0.3331416168808937,-0.3331416168808937,0.3331416168808937,0.3331416168808937,-0.3331416168808937,0.3331416168808937,-1.9115865991524637,-1.824429911827422,1.4441127979524058,-1.7890523823733488,1.3888029559633033,-0.30929998055915325,0.3687359693932775,-0.3687383909922013,0.36873704717218114,0.3687391667264501,-0.36873784543978655,0.3687382401600976
230,3.8499999999997976,-0.061094652861356735,-0.04641839489340782,0.04106449708342552,-0.1096682995557785,-0.14641915261745453,-0.08188346028327942,-0.07430753856897354,-1.9270838803673858,-1.832987045474763,1.4505385542987959,-1.8085312771466064,1.3693677386153056,-0.3272940085430941,0.3332492861151695,-0.3332492861151695,0.3332492861151695,0.3332492861151695,-0.3332492861151695,0.3332492861151695,-1.9130635907657674,-1.8252632022154895,1.4445808885316376,-1.7906556588906775,1.3872015537967706,-0.31077933055760815,0.3688838226583044,-0.3688858946500496,0.36888464373233076,0.36888628677264884,-0.3688852031823851,0.36888549135007903
231,3.8679999999997956,-0.05824655666947365,-0.04596056044101715,0.04169398173689842,-0.1096392273902893,-0.14675872027873993,-0.08016180992126465,-0.07398102432489395,-1.928054656311877,-1.8337530548154466,1.4512334539944107,-1.8101979438132731,1.3677010719486389,-0.3286300387084485,0.3333668312430382,-0.3333668312430382,0.3333668312430382,0.3333668312430382,-0.3333668312430382,0.3333668312430382,-1.914696413331455,-1.8261912760616987,1.4451306094139391,-1.7924583210426168,1.3854023220788751,-0.31242172451281874,0.3690456677400889,-0.36904931425117593,0.36904734992165666,0.36905027702867044,-0.3690483504274452,0.3690490191676941
232,3.883999999999794,-0.0558459609746933,-0.04549892991781235,0.04287062957882881,-0.10953672230243683,-0.1473120152950287,-0.07891616225242615,-0.07370813935995102,-1.928985422328122,-1.8345113703140767,1.4519479644873912,-1.8118646104799399,1.3660344052819722,-0.32994530807932226,0.3334650698304176,-0.3334650698304176,0.3334650698304176,0.3334650698304176,-0.3334650698304176,0.3334650698304176,-1.916119536918705,-1.827006625922742,1.445636653307772,-1.7940564256422697,1.3838058262351636,-0.31386238351183543,0.3691872028081244,-0.36918968391735923,0.36918826112177455,0.36919041302171973,-0.36918913240425155,0.36918943994823455
233,3.899999999999792,-0.05326753482222557,-0.0450570173561573,0.043480176478624344,-0.10946250706911087,-0.14758989214897156,-0.07728685438632965,-0.07341985404491425,-1.9298732145751591,-1.835262320603346,1.4526726340953682,-1.8135312771466066,1.3643677386153055,-0.3312334223190944,0.33356885254383084,-0.33356885254383084,0.33356885254383084,0.33356885254383084,-0.33356885254383084,0.33356885254383084,-1.9175139263788292,-1.827813498039376,1.4461606707182286,-1.7956601530942686,1.3822032755884954,-0.31529050170838996,0.3693259163370493,-0.36932796283193065,0.36932676023779054,0.3693283806909527,-0.3693272639020402,0.3693275908543133
234,3.91799999999979,-0.050962138921022415,-0.04463038593530655,0.044230107218027115,-0.1093512624502182,-0.14788900315761566,-0.07583697140216827,-0.07316965609788895,-1.9307225835571762,-1.8360061603689344,1.4534098025490019,-1.8151979438132733,1.3627010719486388,-0.33249737184246386,0.33365892380476,-0.33365892380476,0.33365892380476,0.33365892380476,-0.33365892380476,0.33365892380476,-1.918418049742313,-1.8278228083630619,1.4459849279321024,-1.7977806233910243,1.3803079848071809,-0.31687074620733313,0.3694941009775988,-0.36949145693178403,0.3694950349019763,0.3694925481565515,-0.36948730030855037,0.3694913040548374
235,3.9339999999997883,-0.04869376868009567,-0.04420587047934532,0.04502308741211891,-0.10922645777463913,-0.14818055927753448,-0.0744180679321289,-0.07292389124631882,-1.9315341463685112,-1.8367429248769234,1.4541601873392038,-1.81686461047994,1.361034405281972,-0.333737672974666,0.33374739915132523,-0.33374739915132523,0.33374739915132523,0.33374739915132523,-0.33374739915132523,0.33374739915132523,-1.9188629896210097,-1.827579381084148,1.4459690554317248,-1.7993305270895585,1.3787083352693772,-0.3182577777441546,0.3696018452442107,-0.36962228971729355,0.3696138695934019,0.36963099396400434,-0.36962091995750246,0.36962477663969534
236,3.9499999999997866,-0.046439822763204575,-0.043783195316791534,0.04556984081864357,-0.10909061133861542,-0.1483239084482193,-0.07287624478340149,-0.07268711924552917,-1.9323081434145646,-1.8374726447988698,1.4549196846861812,-1.8185312771466067,1.3593677386153054,-0.33495227705438935,0.3338326370716095,-0.3338326370716095,0.3338326370716095,0.3338326370716095,-0.3338326370716095,0.3338326370716095,-1.9193388314524522,-1.827566173469938,1.4464424375856224,-1.8008455467876088,1.3771207198592241,-0.319630684662477,0.36973711266262593,-0.3697424229784028,0.3697389981584893,0.3697456380362143,-0.369743740448735,0.3697435107195723
237,3.9679999999997846,-0.04439748451113701,-0.043385256081819534,0.04622172936797142,-0.10893415659666061,-0.14846357703208923,-0.07146987318992615,-0.07248196005821228,-1.9330481014897503,-1.8381957324002336,1.455690046842314,-1.8201979438132734,1.3577010719486386,-0.33614344160755477,0.3339064943790436,-0.3339064943790436,0.3339064943790436,0.3339064943790436,-0.3339064943790436,0.3339064943790436,-1.9199385432935387,-1.8277349416480535,1.4472597919447612,-1.8025827210912544,1.3753390031275647,-0.3211503381611035,0.3698740447017362,-0.36987703760981144,0.3698743065312613,0.36987650252661664,-0.3698755104952207,0.369875692926055
238,3.983999999999783,-0.042372576892375946,-0.0429876446723938,0.0466679148375988,-0.10876615345478058,-0.14850637316703796,-0.06995481252670288,-0.07228191196918488,-1.9337543111046231,-1.8389121931447734,1.4564678454229405,-1.82186461047994,1.356034405281972,-0.3373093551496665,0.33397851169109344,-0.33397851169109344,0.33397851169109344,0.33397851169109344,-0.33397851169109344,0.33397851169109344,-1.9203289554910092,-1.8276957743671876,1.4477808386945767,-1.8042539798123114,1.3737266050363883,-0.32247814447299517,0.3699954653272288,-0.3699959780325158,0.36999579710269953,0.36999517074490684,-0.3699932623796811,0.3699946099962236
239,3.999999999999781,-0.04051658511161804,-0.04259658604860306,0.04717864468693733,-0.10857360064983368,-0.14855799078941345,-0.0685470700263977,-0.0721048042178154,-1.93442958752315,-1.8396221362455834,1.4572541561677228,-1.8235312771466068,1.3543677386153052,-0.33845180631677313,0.33404227048158647,-0.33404227048158647,0.33404227048158647,0.33404227048158647,-0.33404227048158647,0.33404227048158647,-1.92071226804676,-1.8277338826498462,1.4484706169008321,-1.8057877961364042,1.3721413660223993,-0.3237918439515663,0.3700975166465225,-0.37010603987350615,0.37010186901382913,0.37010840255921806,-0.3701053945412248,0.37010617655905614
240,4.0179999999997795,-0.0387100875377655,-0.042229607701301575,0.04740043357014656,-0.10837996006011963,-0.14842472970485687,-0.06699921190738678,-0.07194319367408752,-1.9350747556487795,-1.840325963040605,1.4580441633938919,-1.8251979438132735,1.3527010719486385,-0.33956845984856293,0.3341004502773285,-0.3341004502773285,0.3341004502773285,0.3341004502773285,-0.3341004502773285,0.3341004502773285,-1.9210825184341944,-1.8277273681635187,1.4492048484417126,-1.8075946106898775,1.370343447763154,-0.325243307834746,0.37021964629550685,-0.3702265972773235,0.37022284108748466,0.37022808565601695,-0.37022468005294523,0.3702259386710536
241,4.033999999999778,-0.0371197909116745,-0.04186331480741501,0.04784519597887993,-0.10815578699111938,-0.1483747363090515,-0.06566938757896423,-0.07180748879909515,-1.9356934188306407,-1.841023684954062,1.4588415833268733,-1.8268646104799402,1.3510344052819718,-0.34066294964154564,0.33414930403232573,-0.33414930403232573,0.33414930403232573,0.33414930403232573,-0.33414930403232573,0.33414930403232573,-1.9213896920744438,-1.827736495182923,1.4498949063394935,-1.809180175354095,1.3687521922278156,-0.32651102861911424,0.37032167284821454,-0.37032684039924374,0.37032395400120677,0.3703278326476035,-0.3703254777196577,0.370326242256931
242,4.049999999999776,-0.03554575890302658,-0.04150834307074547,0.048028912395238876,-0.10792534053325653,-0.1481928527355194,-0.06419709324836731,-0.07167941331863403,-1.9362858481456913,-1.8417154906719078,1.4596420652001272,-1.828531277146607,1.3493677386153051,-0.3417329011956851,0.3341954112052917,-0.3341954112052917,0.3341954112052917,0.3341954112052917,-0.3341954112052917,0.3341954112052917,-1.9216644491544628,-1.827734011936933,1.4505813437012487,-1.8107749071080983,1.3671536521985768,-0.32776233744832384,0.37041936200847914,-0.3704228797816173,0.37042093211329397,0.3704234842478031,-0.3704219352864603,0.3704224268704441
243,4.067999999999774,-0.03418176621198654,-0.04116851091384888,0.048300061374902725,-0.10767422616481781,-0.14803192019462585,-0.06285756826400757,-0.07158050686120987,-1.9368555442492243,-1.842401632520472,1.4604470662230422,-1.8301979438132736,1.3477010719486384,-0.34278052733341857,0.3342310175299644,-0.3342310175299644,0.3342310175299644,0.3342310175299644,-0.3342310175299644,0.3342310175299644,-1.921947092701747,-1.827732357831668,1.4513603689976948,-1.8125696851456794,1.3653591450499554,-0.3291442020037977,0.37051969013471525,-0.3705240953193959,0.3705216792233621,0.37052505561374305,-0.37052288597698446,0.3705236149915743
244,4.083999999999772,-0.03249705582857132,-0.04083707183599472,0.047769974917173386,-0.10745509713888168,-0.1474781632423401,-0.06095895171165466,-0.07145099341869354,-1.9373971618463672,-1.843082250384405,1.4612432324716618,-1.8318646104799403,1.3460344052819717,-0.34379650986194615,0.3342776423692703,-0.3342776423692703,0.3342776423692703,0.3342776423692703,-0.3342776423692703,0.3342776423692703,-1.9221749833719244,-1.8277268491971488,1.4520466185523537,-1.8141681508352778,1.363764783562362,-0.330348622755475,0.370609690433201,-0.3706093958834639,0.37060948479271427,0.3706096935018259,-0.3706094694352266,0.37060942612445563
245,4.0999999999997705,-0.031247900798916817,-0.04051930829882622,0.0476977713406086,-0.10718761384487152,-0.14709942042827606,-0.05948622524738312,-0.0713803842663765,-1.9379179601930159,-1.8437575721893855,1.4620381953273385,-1.833531277146607,1.344367738615305,-0.3447879469494025,0.33430306166410445,-0.33430306166410445,0.33430306166410445,0.33430306166410445,-0.33430306166410445,0.33430306166410445,-1.922387749604784,-1.827730049819942,1.45274327600743,-1.8157636130766188,1.3621670639629657,-0.3315357372616303,0.3706910638998735,-0.37068951699666575,0.37069012042524674,0.37068926841301464,-0.37068965945467997,0.370689326546708
246,4.1179999999997685,-0.030060553923249245,-0.04020875692367554,0.0475066639482975,-0.1069081574678421,-0.14664658904075623,-0.05796678364276886,-0.07132130116224289,-1.93841896942507,-1.8444277181381135,1.46282997305981,-1.8351979438132737,1.3427010719486383,-0.3457540600101153,0.3343243315815925,-0.3343243315815925,0.3343243315815925,0.3343243315815925,-0.3343243315815925,0.3343243315815925,-1.922604584399532,-1.827731764617803,1.4535224368660011,-1.8175469657199335,1.3603746169281512,-0.33284410540324066,0.3707705026170284,-0.37077403157016003,0.3707721561081828,0.37077497281432553,-0.37077309012465254,0.3707737762073182
247,4.133999999999767,-0.028873784467577934,-0.039900124073028564,0.04714689031243324,-0.1066267341375351,-0.14611808955669403,-0.05636391043663025,-0.07126349210739136,-1.9389001991661963,-1.8450927202059972,1.4636157545650172,-1.8368646104799404,1.3410344052819716,-0.34669345851739247,0.3343451428413391,-0.3343451428413391,0.3343451428413391,0.3343451428413391,-0.3343451428413391,0.3343451428413391,-1.9227855081087701,-1.8277386926003507,1.4542145587052218,-1.8191298026556961,1.3587839245919127,-0.33398281673845454,0.37083941517613606,-0.3708426397467508,0.37084085488767804,0.3708434897169249,-0.370842015922594,0.3708424331613325
248,4.149999999999765,-0.027873603627085686,-0.039604552090168,0.04678310826420784,-0.10632529854774475,-0.1455753743648529,-0.05483004450798035,-0.0712350532412529,-1.9393647592266476,-1.8457527960741666,1.4643954730360873,-1.8385312771466071,1.339367738615305,-0.3476072925925255,0.3343553808331489,-0.3343553808331489,0.3343553808331489,0.3343553808331489,-0.3343553808331489,0.3343553808331489,-1.9229502266872793,-1.8277354462702242,1.4548848332394981,-1.8207283621301198,1.3571852874740715,-0.33510292578636625,0.37090390891294267,-0.37090613286430874,0.37090480519542174,0.3709064661247407,-0.3709054904878216,0.3709057243320429
249,4.167999999999763,-0.02701747976243496,-0.03931734710931778,0.04650568589568138,-0.10600683093070984,-0.14505206048488617,-0.05340138077735901,-0.07122629880905151,-1.9398150505560217,-1.8464080851926552,1.4651705678010154,-1.8401979438132738,1.3377010719486382,-0.3484973156054815,0.3343585324287414,-0.3343585324287414,0.3343585324287414,0.3343585324287414,-0.3343585324287414,0.3343585324287414,-1.923123828861623,-1.827732751016138,1.4556311417523837,-1.8225323909185391,1.355388759691841,-0.33633528884632785,0.3709696515569555,-0.37097067444044746,0.370970072882621,0.3709712377194866,-0.3709703276945444,0.3709706134347474
250,4.183999999999761,-0.02615426853299141,-0.03904978930950165,0.04579943045973778,-0.10569901764392853,-0.14430058002471924,-0.05174899101257324,-0.0712256208062172,-1.9402509550315714,-1.8470589150144803,1.465933891642011,-1.8418646104799405,1.3360344052819715,-0.34935979878902435,0.3343587765097618,-0.3343587765097618,0.3343587765097618,0.3343587765097618,-0.3343587765097618,0.3343587765097618,-1.9232672547847944,-1.827728834335394,1.456285851479708,-1.8241231997295586,1.3537962553300922,-0.3374061432267589,0.3710216978696421,-0.371022025068899,0.37102175201925724,0.3710224427430728,-0.3710220121494824,0.3710220199064532
251,4.1999999999997595,-0.025251759216189384,-0.0387791283428669,0.04490223154425621,-0.10539249330759048,-0.14350594580173492,-0.04997333884239197,-0.07121985405683517,-1.9406718176851745,-1.8477052338201947,1.4666822621677487,-1.8435312771466073,1.3343677386153048,-0.3501926877697309,0.33436085253953934,-0.33436085253953934,0.33436085253953934,0.33436085253953934,-0.33436085253953934,0.33436085253953934,-1.9234064901160723,-1.8277386333367744,1.456954327698791,-1.8257070928298487,1.3521998836803801,-0.3384576005927794,0.37106597710004,-0.37106927025401776,0.37106741507265273,0.3710698363093974,-0.37106829954265164,0.3710688328899689
252,4.2179999999997575,-0.024537343531847,-0.03851372376084328,0.04418021813035011,-0.10506031662225723,-0.14274287223815918,-0.04838138818740845,-0.07124019414186478,-1.9410807734107052,-1.8483471292162088,1.4674185991365878,-1.845197943813274,1.332701071948638,-0.35099904423952105,0.33435353010892865,-0.33435353010892865,0.33435353010892865,0.33435353010892865,-0.33435353010892865,0.33435353010892865,-1.923548146742293,-1.8277275741683725,1.4576637666126102,-1.8275172322164617,1.350402093982784,-0.3396114412368379,0.37111414508836915,-0.3711158701668155,0.371114965907604,0.37111659144780096,-0.3711152497786421,0.37111580426266094
253,4.233999999999756,-0.024426445364952087,-0.03830533102154732,0.04359913244843483,-0.1047067940235138,-0.14206233620643616,-0.047101378440856934,-0.071348175406456,-1.9414878808334544,-1.8489855513999012,1.4681452513440616,-1.8468646104799407,1.3310344052819714,-0.35178406721353533,0.33431465685367584,-0.33431465685367584,0.33431465685367584,0.33431465685367584,-0.33431465685367584,0.33431465685367584,-1.9236701640435558,-1.82772873241895,1.4583049402829376,-1.8291044529541447,1.3488094836395799,-0.34061231496865896,0.37114684414111004,-0.37114861147522704,0.37114751015149994,0.3711491792846678,-0.37114822407958975,0.3711483807339229
254,4.249999999999754,-0.023663749918341637,-0.038060806691646576,0.04210921749472618,-0.10440105944871902,-0.1410156488418579,-0.045065343379974365,-0.07136893272399902,-1.9418822766654267,-1.8496198981780954,1.4688470716356403,-1.8485312771466074,1.3293677386153047,-0.35253515626986826,0.33430718421936034,-0.33430718421936034,0.33430718421936034,0.33430718421936034,-0.33430718421936034,0.33430718421936034,-1.9237875384995655,-1.8277313199311278,1.4589388713308702,-1.830703989978224,1.3472106494790665,-0.3415927180629903,0.3711761612821294,-0.3711774638226265,0.3711765762016598,0.3711776382717008,-0.37117666919926523,0.3711770008097326
255,4.267999999999752,-0.022945895791053772,-0.03781449794769287,0.04042631760239601,-0.10409858822822571,-0.1398974359035492,-0.0429692417383194,-0.07140016555786133,-1.9422647082619442,-1.8502501398105569,1.4695208435956804,-1.850197943813274,1.327701071948638,-0.35325131029884027,0.33429594039916993,-0.33429594039916993,0.33429594039916993,0.33429594039916993,-0.33429594039916993,0.33429594039916993,-1.923917145894815,-1.8277415176386227,1.4596546486415367,-1.832491765823267,1.3454148560218213,-0.3426654486897111,0.37120189514263485,-0.37120603243723915,0.3712039704887601,0.3712072321134878,-0.3712050212067181,0.3712059863285098
256,4.28399999999975,-0.022380640730261803,-0.03757438808679581,0.039276059716939926,-0.10375353693962097,-0.1389145851135254,-0.04119570553302765,-0.07145446538925171,-1.942637718940782,-1.8508763796120034,1.4701754445909627,-1.8518646104799408,1.3260344052819713,-0.3539379053910574,0.3342763924598694,-0.3342763924598694,0.3342763924598694,0.3342763924598694,-0.3342763924598694,0.3342763924598694,-1.924025401806897,-1.8277370803169282,1.4602606669994964,-1.8340895078087285,1.343820578392492,-0.3435922426797616,0.3712242249196165,-0.3712259273319119,0.371225016418581,0.3712266493641891,-0.3712256011847674,0.37122596083057446
257,4.2999999999997485,-0.022161120548844337,-0.037347808480262756,0.038499485701322556,-0.10336866229772568,-0.13806094229221344,-0.039752259850502014,-0.07155878096818924,-1.9430070709499294,-1.8514988430866743,1.4708171026859849,-1.8535312771466075,1.3243677386153045,-0.3546004430552324,0.33423883885145184,-0.33423883885145184,0.33423883885145184,0.33423883885145184,-0.33423883885145184,0.33423883885145184,-1.9241305236664117,-1.827732524493,1.4608589413132762,-1.8356920293623833,1.342220408824711,-0.34449732882575024,0.3712397934481359,-0.3712402385688329,0.37123984414514893,0.3712403934722976,-0.3712399193876358,0.37124001095484344
258,4.3179999999997465,-0.021372832357883453,-0.03707590699195862,0.03695359453558922,-0.10303434729576111,-0.13690099120140076,-0.03769709914922714,-0.07158636301755905,-1.9433632848225608,-1.8521167748698737,1.4714329959282446,-1.8551979438132742,1.3227010719486378,-0.3552287280410529,0.3342289093136787,-0.3342289093136787,0.3342289093136787,0.3342289093136787,-0.3342289093136787,0.3342289093136787,-1.9242454368873732,-1.8277306713105261,1.461527347481843,-1.8374879791898076,1.3404239063074725,-0.34548495842479005,0.3712503548328745,-0.3712539421410044,0.37125213140916413,0.3712549971297064,-0.37125275956218323,0.37125379921333923
259,4.333999999999745,-0.02122802846133709,-0.03686651587486267,0.03568941727280617,-0.10266134142875671,-0.13588303327560425,-0.036022037267684937,-0.07171282917261124,-1.9437170852969163,-1.8527312168011214,1.472027819549458,-1.856864610479941,1.3210344052819711,-0.3558290953288476,0.3341833814978599,-0.3341833814978599,0.3341833814978599,0.3341833814978599,-0.3341833814978599,0.3341833814978599,-1.9243424780114966,-1.8277274867871347,1.4621084567420202,-1.8390843356431936,1.3388291584703558,-0.34633547808329324,0.3712570562544351,-0.3712596040193097,0.3712581687794269,0.37126027512026655,-0.37125874757254845,0.37125929327145746
260,4.349999999999743,-0.020700737833976746,-0.03664159029722214,0.03390837833285332,-0.10232152044773102,-0.1345801055431366,-0.03393542766571045,-0.07178914546966553,-1.9440620975941494,-1.8533419099727417,1.4725929591883389,-1.8585312771466076,1.3193677386153044,-0.35639468578994277,0.3341559076309204,-0.3341559076309204,0.3341559076309204,0.3341559076309204,-0.3341559076309204,0.3341559076309204,-1.9244407671504349,-1.8277392130104937,1.462702730077042,-1.8406701043733769,1.3372302847199973,-0.34716273567981504,0.3712572473391951,-0.3712620574223832,0.3712594425703192,0.3712628460813293,-0.3712606116918196,0.37126149188825347
261,4.367999999999741,-0.020470570772886276,-0.03640659525990486,0.03247587010264397,-0.10195955634117126,-0.133500337600708,-0.032173678278923035,-0.07189957052469254,-1.9444032737736976,-1.853948686560407,1.4731342236900495,-1.8601979438132743,1.3177010719486377,-0.35693091376125813,0.33411615461111066,-0.33411615461111066,0.33411615461111066,0.33411615461111066,-0.33411615461111066,0.33411615461111066,-1.9245439592316995,-1.8277346289567884,1.4633286778506154,-1.8424727017729676,1.3354323111504698,-0.3480616042080877,0.3712535775820853,-0.3712603155590814,0.37125687266385515,0.37126173799400697,-0.37125828864104826,0.37125983280448194
262,4.383999999999739,-0.020024124532938004,-0.03615322709083557,0.031446363776922226,-0.10155141353607178,-0.13240794837474823,-0.03050212562084198,-0.07198469340801239,-1.94473700918258,-1.8545512403452542,1.4736583297529982,-1.861864610479941,1.316034405281971,-0.3574392825216055,0.3340855103731155,-0.3340855103731155,0.3340855103731155,0.3340855103731155,-0.3340855103731155,0.3340855103731155,-1.9246352254558814,-1.827737141851541,1.463883192296189,-1.8440638989188904,1.3338375368803848,-0.34883270810183414,0.3712491897191046,-0.37125464353849635,0.37125181205220464,0.3712558863387859,-0.3712532590278775,0.37125433616633247
263,4.3999999999997375,-0.019691068679094315,-0.03590529412031174,0.02984284982085228,-0.1011730208992958,-0.1312139928340912,-0.028594322502613068,-0.07209227979183197,-1.945065193660565,-1.855149661913926,1.4741557105833456,-1.8635312771466077,1.3143677386153043,-0.3579158545633157,0.3340467792749405,-0.3340467792749405,0.3340467792749405,0.3340467792749405,-0.3340467792749405,0.3340467792749405,-1.9247204880687216,-1.8277298782207616,1.464409060231891,-1.845676771655305,1.3322351827751509,-0.3495794401556262,0.37124351932960375,-0.371245742674386,0.3712444696176343,0.3712460986684847,-0.3712446348425854,0.371245287224829
264,4.4179999999997355,-0.019481893628835678,-0.035675279796123505,0.02837948501110077,-0.10078629851341248,-0.1300215870141983,-0.026810579001903534,-0.07221744954586029,-1.9453898918877122,-1.855744249910528,1.4746287020001974,-1.8651979438132744,1.3127010719486376,-0.35836269754668076,0.3340017181634903,-0.3340017181634903,0.3340017181634903,0.3340017181634903,-0.3340017181634903,0.3340017181634903,-1.9248133731538448,-1.8277306614641222,1.4650006057313405,-1.8474758829404516,1.330436604525035,-0.35038768582992974,0.3712276546519187,-0.3712319288834796,0.3712297920123019,0.37123308134589383,-0.3712304883261251,0.371231708607883
265,4.433999999999734,-0.01915750652551651,-0.035419538617134094,0.027195919305086136,-0.10037390887737274,-0.12890681624412537,-0.02512144297361374,-0.07232391834259033,-1.9457091836631375,-1.856334575554147,1.4750819673219489,-1.8668646104799411,1.311034405281971,-0.3587813882629077,0.3339633893966675,-0.3339633893966675,0.3339633893966675,0.3339633893966675,-0.3339633893966675,0.3339633893966675,-1.9248925660207719,-1.8277330632069546,1.4655129439360037,-1.8490772953407164,1.3288400925636472,-0.3510776698513655,0.3712156984221227,-0.37121601328735954,0.37121592991331626,0.37121663050187453,-0.37121574140147806,0.37121621393959364
266,4.449999999999732,-0.018858958035707474,-0.035193413496017456,0.025496680289506912,-0.09998606145381927,-0.12754246592521667,-0.023178115487098694,-0.07244709134101868,-1.9460234996303993,-1.8569211324457473,1.4755069119934405,-1.8685310448375048,1.3093677386153042,-0.3591676901876927,0.33391904711723325,-0.33391904711723325,0.33391904711723325,0.33391904711723325,-0.33391904711723325,0.33391904711723325,-1.9249722374501348,-1.8277430390812823,1.4660227509900432,-1.8506708749625231,1.327239180937678,-0.35174288925174835,0.3711968716181903,-0.37119718511590416,0.3711970205167127,0.3711975004607329,-0.3711969229555535,0.37119721398442335
267,4.46799999999973,-0.018689945340156555,-0.03497876226902008,0.023845739662647247,-0.0995897576212883,-0.12621530890464783,-0.021305672824382782,-0.07259006798267365,-1.9463349987194019,-1.8575041118168976,1.475904340987818,-1.870190874131193,1.3077010719486375,-0.35952278473476573,0.33386757552623747,-0.33386757552623747,0.33386757552623747,0.33386757552623747,-0.33386757552623747,0.33386757552623747,-1.9250586016124493,-1.8277520064870016,1.466573496678178,-1.8524650354198762,1.32544074919624,-0.352458823907368,0.37116979221508173,-0.3711725270125594,0.3711712765400959,0.3711736598908644,-0.3711718858210471,0.37117275832752905
268,4.483999999999728,-0.0183631032705307,-0.03470119088888168,0.022883228957653046,-0.09913550317287445,-0.12511149048805237,-0.0197395458817482,-0.07269778847694397,-1.9466410504405773,-1.858082464998379,1.4762857281371122,-1.8718431325174076,1.3060344052819708,-0.3598517771661282,0.33382879614830013,-0.33382879614830013,0.33382879614830013,0.33382879614830013,-0.33382879614830013,0.33382879614830013,-1.9251238326361968,-1.827733115015923,1.4670069769374736,-1.8540633290961996,1.3238450102671966,-0.35306675604795573,0.37114532159301744,-0.3711488176462654,0.3711471653365983,0.3711499043895532,-0.3711478324170024,0.3711488460334793
269,4.499999999999726,-0.01805032044649124,-0.03448827564716339,0.02092338353395462,-0.09873494505882263,-0.12357142567634583,-0.01765238493680954,-0.0728304460644722,-1.9469418891146855,-1.8586572695924983,1.4766344511960114,-1.8734887149350548,1.304367738615304,-0.3601459835817417,0.33378103941679,-0.33378103941679,0.33378103941679,0.33378103941679,-0.33378103941679,0.33378103941679,-1.925190939722841,-1.8277329858447657,1.4674533197265367,-1.8556664326103276,1.3222426658612216,-0.3536487916729262,0.3711211357447516,-0.371121477180606,0.3711213139157758,0.3711218415264019,-0.3711210746500672,0.371121507039888
270,4.5179999999997245,-0.01785612851381302,-0.034225668758153915,0.019445817917585373,-0.09831611812114716,-0.1223369836807251,-0.015899240970611572,-0.07296708971261978,-1.9472394912565822,-1.8592276974051343,1.4769585481613046,-1.8751273169037406,1.3027010719486374,-0.3604109709312519,0.3337318477034569,-0.3337318477034569,0.3337318477034569,0.3337318477034569,-0.3337318477034569,0.3337318477034569,-1.9252648880824688,-1.8277427210752526,1.4679517162542108,-1.857449104157904,1.3204442274691408,-0.35427114737723053,0.3710845555980808,-0.3710889751657513,0.37108688968780484,0.37109037780938997,-0.3710878512210642,0.3710891013200195
271,4.533999999999723,-0.01791847124695778,-0.033995501697063446,0.018589667975902557,-0.09785640984773636,-0.1212722659111023,-0.014561288058757782,-0.07313501834869385,-1.9475381324440315,-1.8597942891000854,1.4772683759609029,-1.8767582570678696,1.3010344052819707,-0.3606536590655645,0.3336713933944702,-0.3336713933944702,0.3336713933944702,0.3336713933944702,-0.3336713933944702,0.3336713933944702,-1.9253223797485748,-1.8277347057780315,1.468349562062572,-1.8590403619565494,1.318848354068985,-0.35479602092205054,0.37105215065716035,-0.37105629147508334,0.3710542287779808,0.3710574379624725,-0.37105514544451734,0.37105620229133185
272,4.549999999999721,-0.017577603459358215,-0.03373592346906662,0.01683049276471138,-0.0974486768245697,-0.11986756324768066,-0.012618482112884521,-0.07325383275747299,-1.9478310925016875,-1.8603565544912364,1.4775488841736482,-1.8783824016816124,1.299367738615304,-0.3608639671007793,0.3336286202073097,-0.3336286202073097,0.3336286202073097,0.3336286202073097,-0.3336286202073097,0.3336286202073097,-1.9253803997129784,-1.8277391228930366,1.4687489038047596,-1.8606293843058168,1.3172462197892465,-0.35529493789077105,0.3710188258880773,-0.3710217594574777,0.3710203159378228,0.3710225293875332,-0.37102087206113615,0.3710216948762876
273,4.567999999999719,-0.017508037388324738,-0.03351037576794624,0.015610933303833008,-0.0969959944486618,-0.11859381198883057,-0.011058628559112549,-0.07341120392084122,-1.9481228931248262,-1.8609150607540355,1.4778090663953787,-1.8799990015890902,1.2977010719486373,-0.3610482775767645,0.33357196658849714,-0.33357196658849714,0.33357196658849714,0.33357196658849714,-0.33357196658849714,0.33357196658849714,-1.9254396104474876,-1.8277380632971354,1.469166931371999,-1.862415532703341,1.3154467445696971,-0.3558243964819208,0.3709759663703095,-0.3709809613233818,0.3709786055820384,0.37098245496784243,-0.37097959963059646,0.37098103723343223
274,4.583999999999717,-0.017202291637659073,-0.03326709568500519,0.013617731630802155,-0.09659591317176819,-0.11710019409656525,-0.009007483720779419,-0.07354339957237244,-1.9484095979854539,-1.8614695123487854,1.4780360285892253,-1.8816089334752863,1.2960344052819706,-0.36119840230544414,0.3335243761539459,-0.3335243761539459,0.3335243761539459,0.3335243761539459,-0.3335243761539459,0.3335243761539459,-1.9254889598110139,-1.8277378406440035,1.4695197572804533,-1.863993189539914,1.3138507848617857,-0.3562663680358479,0.3709383882337155,-0.3709427104485037,0.37094062588451004,0.370944020064239,-0.3709416203200318,0.37094278265048464
275,4.599999999999715,-0.01719219982624054,-0.03303762525320053,0.012548014521598816,-0.09614227712154388,-0.11591491848230362,-0.00757560133934021,-0.07370404899120331,-1.9486961346492246,-1.8620201394363387,1.4782451621645853,-1.8832113047606454,1.2943677386153039,-0.3613246623277665,0.3334665423631668,-0.3334665423631668,0.3334665423631668,0.3334665423631668,-0.3334665423631668,0.3334665423631668,-1.9255327200336658,-1.8277303118741268,1.469841260459181,-1.8655868309890875,1.312247717381663,-0.3566821865317648,0.37090087128850147,-0.37090196807378756,0.37090142470419735,0.3709024321763582,-0.3709012280299934,0.37090191320390675
276,4.6179999999997134,-0.016990385949611664,-0.03282264247536659,0.010800767689943314,-0.0957213044166565,-0.11444388329982758,-0.005707822740077972,-0.0738486722111702,-1.9489793077483848,-1.8625671834775948,1.4784251749594177,-1.8848066598342563,1.2927010719486371,-0.3614197927067678,0.3334144780039787,-0.3334144780039787,0.3334144780039787,0.3334144780039787,-0.3334144780039787,0.3334144780039787,-1.9255799414603838,-1.8277368591298957,1.4702034838306237,-1.867358246121707,1.3104480150025613,-0.3571181807934655,0.3708521984212679,-0.3708550636397012,0.3708538302419471,0.3708563412968407,-0.3708540748014595,0.370855341589636
277,4.633999999999712,-0.017169620841741562,-0.032617293298244476,0.009634699672460556,-0.09528059512376785,-0.11329501867294312,-0.004304707050323486,-0.07403864711523056,-1.949265468095747,-1.8631108050325655,1.4785857532872921,-1.8863946697529859,1.2910344052819704,-0.3614915378242732,0.333346087038517,-0.333346087038517,0.333346087038517,0.333346087038517,-0.333346087038517,0.333346087038517,-1.9256219136310808,-1.827747502087682,1.470510671562632,-1.8689192301060669,1.3088518914428535,-0.3574778306544897,0.3708076528861278,-0.3708095735800242,0.37080868872834366,0.37081056617305097,-0.3708092227801616,0.37080985385763915
278,4.64999999999971,-0.01680048182606697,-0.0323801264166832,0.008073706179857254,-0.09483274072408676,-0.11182378977537155,-0.0024969056248664856,-0.07415471971035004,-1.9495454761261815,-1.863650473806177,1.4787203150569563,-1.8879752154317206,1.2893677386153037,-0.36153315291802096,0.333304300904274,-0.333304300904274,0.333304300904274,0.333304300904274,-0.333304300904274,0.333304300904274,-1.9256530527366242,-1.8277306182395383,1.4707570766174285,-1.8704954629830943,1.3072496022298536,-0.35781131340808153,0.3707630665436655,-0.3707649614245934,0.370764126667996,0.370765617145577,-0.37076401341787163,0.3707649654915781
279,4.667999999999708,-0.016975540667772293,-0.032175689935684204,0.007014486938714981,-0.09438216686248779,-0.11068850755691528,-0.0011804625391960144,-0.07434418052434921,-1.9498284018039778,-1.8641867353051051,1.4788372231726017,-1.8895482515460955,1.287701071948637,-0.3615528272936742,0.33323609501123425,-0.33323609501123425,0.33323609501123425,0.33323609501123425,-0.33323609501123425,0.33323609501123425,-1.925691630915776,-1.827746499498155,1.4710633013927383,-1.872249002858585,1.3054497360137347,-0.35815565312159164,0.37070837309932486,-0.37071122665332334,0.3707099695643974,0.37071251738066585,-0.3707103195211019,0.3707115151987995
280,4.683999999999706,-0.01671542599797249,-0.03195953369140625,0.005312856286764145,-0.09396402537822723,-0.10921675711870193,0.0006259381771087646,-0.07447534799575806,-1.9501069922372773,-1.864719394199962,1.478925770777381,-1.8911143186357326,1.2860344052819703,-0.3615423949907224,0.3331888747215271,-0.3331888747215271,0.3331888747215271,0.3331888747215271,-0.3331888747215271,0.3331888747215271,-1.9257159710752756,-1.8277306509995608,1.4712707519291612,-1.8738048301714452,1.3038533741932543,-0.3584341863469161,0.3706606474972194,-0.37066338522156217,0.3706622029543457,0.37066455163915035,-0.3706625910904351,0.37066365517731725
281,4.699999999999704,-0.016642194241285324,-0.03175630047917366,0.0038172006607055664,-0.09353648871183395,-0.1078513115644455,0.002244412899017334,-0.07463295757770538,-1.9503843621412988,-1.865248665874615,1.4789893907883929,-1.8926732601142633,1.2843677386153036,-0.3615049881090721,0.33313213527202606,-0.33313213527202606,0.33313213527202606,0.33313213527202606,-0.33313213527202606,0.33313213527202606,-1.9257464212056508,-1.827755336856201,1.4715169671445294,-1.8753523270395018,1.3022509081527645,-0.3586867220978267,0.3706125453468546,-0.37061347827171315,0.37061306383722975,0.3706140431939386,-0.370612997750421,0.37061361673112414
282,4.717999999999702,-0.01641804724931717,-0.03154050558805466,0.0020128153264522552,-0.09313921630382538,-0.10642202198505402,0.004084564745426178,-0.07476918399333954,-1.9506579962621209,-1.8657743409677492,1.4790229377105004,-1.8942255803859938,1.282701071948637,-0.3614369120299817,0.33308309376239775,-0.33308309376239775,0.33308309376239775,0.33308309376239775,-0.33308309376239775,0.33308309376239775,-1.9257685537934737,-1.8277445435387827,1.4717098483003093,-1.877098153600068,1.3004513099383235,-0.3589398653299535,0.3705546553825728,-0.3705586908964104,0.37055694325168215,0.3705601607597347,-0.3705573760586404,0.3705589415832007
283,4.733999999999701,-0.01656409725546837,-0.031342487782239914,0.0012340433895587921,-0.0926792323589325,-0.10538362711668015,0.005223855376243591,-0.07494344562292099,-1.950934064549712,-1.86629671576412,1.4790435051003263,-1.8957702342586427,1.2810344052819702,-0.36134984777371093,0.33302035957574844,-0.33302035957574844,0.33302035957574844,0.33302035957574844,-0.33302035957574844,0.33302035957574844,-1.9257852665188875,-1.8277346664857956,1.471864628945302,-1.878633818564865,1.2988546638852123,-0.35913809352616716,0.37050412458179144,-0.37050708247359954,0.3705057581616319,0.37050832959614605,-0.3705064285664712,0.3705073757588304
284,4.749999999999699,-0.01644159108400345,-0.031173454597592354,-0.0005267448723316193,-0.09227751195430756,-0.1038593053817749,0.0069741904735565186,-0.07509247213602066,-1.9512080910677787,-1.8668162733407465,1.4790347260191208,-1.8973081927912145,1.2793677386153035,-0.3612336112658183,0.33296671003103256,-0.33296671003103256,0.33296671003103256,0.33296671003103256,-0.33296671003103256,0.33296671003103256,-1.9258027472969574,-1.8277411124766851,1.4720261857842043,-1.8801580390653083,1.297253170131476,-0.3593107079204982,0.3704498759882513,-0.3704548942824874,0.3704523223980967,0.37045592689757934,-0.37045348029143704,0.37045460377267364
285,4.767999999999697,-0.016141656786203384,-0.030959460884332657,-0.002220340073108673,-0.0918693095445633,-0.1024080291390419,0.008741408586502075,-0.0752113088965416,-1.9514771186808821,-1.8673322643554855,1.4789977203512357,-1.8988393479502905,1.2777010719486368,-0.36108792112270993,0.33292392879724503,-0.33292392879724503,0.33292392879724503,0.33292392879724503,-0.33292392879724503,0.33292392879724503,-1.9258256338652848,-1.8277759350796359,1.4722109796645413,-1.8818893220222985,1.295452290861358,-0.35947406733910436,0.3703949432203767,-0.3703973373994308,0.3703963816944343,0.3703985183122146,-0.3703963180231639,0.37039767993897027
286,4.783999999999695,-0.01647622510790825,-0.03078547492623329,-0.002874981611967087,-0.09143533557653427,-0.10149484872817993,0.00970543920993805,-0.07540750503540039,-1.9517517224326806,-1.867845355604256,1.4789498039910363,-1.9003632702098994,1.27603440528197,-0.3609261638025443,0.33285329818725584,-0.33285329818725584,0.33285329818725584,0.33285329818725584,-0.33285329818725584,0.33285329818725584,-1.925835965253949,-1.8277735455176893,1.472300202699618,-1.8834145758662844,1.293855960159207,-0.35959353198053606,0.3703411002902456,-0.37034401797532407,0.3703427256382331,0.3703451369872342,-0.3703431567092663,0.37034419036104993
287,4.799999999999693,-0.01627461612224579,-0.030625589191913605,-0.004761142656207085,-0.0910501480102539,-0.09995120018720627,0.011545524001121521,-0.07554047554731369,-1.952022966034718,-1.868355782090788,1.4788704516134328,-1.9018807726767368,1.2743685519455166,-0.3607337384025256,0.33280542880296704,-0.33280542880296704,0.33280542880296704,0.33280542880296704,-0.33280542880296704,0.33280542880296704,-1.9258438113360876,-1.8277689167830364,1.4723693507494866,-1.884934289589427,1.2922535850297896,-0.3596873622224203,0.3702879211666783,-0.3702904146337108,0.37028931830887535,0.37029133886455834,-0.3702896108848721,0.3702905633243231
288,4.817999999999691,-0.016256634145975113,-0.030450962483882904,-0.006157388910651207,-0.09064145386219025,-0.0986466184258461,0.013018935918807983,-0.07569288462400436,-1.9522939099371508,-1.868863298132186,1.478767828464922,-1.90339146357444,1.2727244416384191,-0.3605167561372121,0.3327505615353584,-0.3327505615353584,0.3327505615353584,0.3327505615353584,-0.3327505615353584,0.3327505615353584,-1.9258496761670858,-1.8277682472189123,1.4724332933745727,-1.8866354360718864,1.2904555449850832,-0.3597637723925125,0.3702259698804547,-0.3702300829471753,0.3702282797172437,0.37023169514365006,-0.3702289421092284,0.3702304493002148
289,4.83399999999969,-0.016239669173955917,-0.030293822288513184,-0.007581230252981186,-0.09024634957313538,-0.09731233865022659,0.014499470591545105,-0.07584462314844131,-1.95256457109005,-1.8693681951703278,1.4786414746273722,-1.9048955694006589,1.271102569327582,-0.3602750982940197,0.33269593566656114,-0.33269593566656114,0.33269593566656114,0.33269593566656114,-0.33269593566656114,0.33269593566656114,-1.925852644489577,-1.8277717763416612,1.4724762059436718,-1.8881376446613831,1.2888640539496081,-0.3598058904906421,0.37017268264070335,-0.37017546638566406,0.37017424472349575,0.370176735233497,-0.3701747786426757,0.3701758260072214
290,4.849999999999688,-0.01621302217245102,-0.030125692486763,-0.008943064138293266,-0.08984676748514175,-0.0960463285446167,0.01594589650630951,-0.07599128782749176,-1.9528347881262575,-1.8698702900451072,1.4784924235584007,-1.9063930155254112,1.2695017971851716,-0.3600093333522479,0.33264313638210297,-0.33264313638210297,0.33264313638210297,0.33264313638210297,-0.33264313638210297,0.33264313638210297,-1.925854420939903,-1.8277764079001542,1.4725077480884978,-1.8896397987689684,1.2872719512783521,-0.35982271162754903,0.3701184328714287,-0.3701208324069736,0.370119746293846,0.37012175582344925,-0.37011997542643077,0.3701209814645212
291,4.867999999999686,-0.0161677785217762,-0.02996561862528324,-0.010326821357011795,-0.0894584208726883,-0.09476199746131897,0.017395392060279846,-0.07613474130630493,-1.9531042511016206,-1.8703697170221953,1.478320309869117,-1.9078839892066226,1.2679224305608163,-0.3597194101512432,0.3325914931297302,-0.3325914931297302,0.3325914931297302,0.3325914931297302,-0.3325914931297302,0.3325914931297302,-1.9258556927596708,-1.8277801651114753,1.4725345032698443,-1.8913218613138163,1.2854907114526863,-0.35981332798445054,0.37005556224005204,-0.3700597803927655,0.370057947354698,0.37006153101336164,-0.37005861988161076,0.3700602272701596
292,4.883999999999684,-0.016044557094573975,-0.02980596013367176,-0.011812327429652214,-0.08907730132341385,-0.0934196263551712,0.018912747502326965,-0.07626497745513916,-1.95337166038653,-1.8708664830244233,1.4781234377452896,-1.9093686108953463,1.2663654367882302,-0.3594041976928711,0.3325446081161499,-0.3325446081161499,0.3325446081161499,0.3325446081161499,-0.3325446081161499,0.3325446081161499,-1.9258568987515003,-1.8277822551951886,1.472553444222769,-1.8928065183297789,1.2839181534420807,-0.35977979810827593,0.3700024708284933,-0.37000538889812545,0.3700041444120126,0.37000686796730536,-0.370004714677738,0.370005889043884
293,4.899999999999682,-0.016137268394231796,-0.029662031680345535,-0.013035783544182777,-0.08868865668773651,-0.09222720563411713,0.020208604633808136,-0.07642574608325958,-1.9536406148597674,-1.8713608502190957,1.4779061746862199,-1.9108467551734751,1.2648283166943282,-0.35906738761564094,0.33248673141002655,-0.33248673141002655,0.33248673141002655,0.33248673141002655,-0.33248673141002655,0.33248673141002655,-1.925858191995766,-1.8277835714988853,1.4725694419344244,-1.89429061527912,1.282348388353885,-0.3597213327361403,0.3699478753201187,-0.3699504211485624,0.3699492441001323,0.3699514692852246,-0.36994957663029426,0.3699506147230966
294,4.91799999999968,-0.016131386160850525,-0.02951604127883911,-0.014372974634170532,-0.08830757439136505,-0.09096093475818634,0.021583691239356995,-0.07656963914632797,-1.9539094712957816,-1.8718527842404098,1.4776666251089836,-1.9123185480799978,1.2633123011150251,-0.35870765942831834,0.33243492990732193,-0.33243492990732193,0.33243492990732193,0.33243492990732193,-0.33243492990732193,0.33243492990732193,-1.9258593039632255,-1.8277842263612842,1.4725846359913015,-1.8959522925876722,1.2805958311599204,-0.3596281895105802,0.3698846713759623,-0.3698889727871404,0.36988708855559066,0.3698907971624817,-0.36988781895409245,0.36988945160078174
295,4.933999999999679,-0.0161173976957798,-0.02936941757798195,-0.015647048130631447,-0.08793006837368011,-0.08975589275360107,0.02292551100254059,-0.07670926302671432,-1.9541780945907112,-1.8723422745333762,1.4774058409734732,-1.913784049219559,1.2618163695691318,-0.358325567578276,0.33238466531038285,-0.33238466531038285,0.33238466531038285,0.33238466531038285,-0.33238466531038285,0.33238466531038285,-1.925860425022709,-1.8277844768501308,1.472596614135584,-1.897418964199489,1.2790515428510396,-0.35952120033859475,0.36983090136168273,-0.3698339133592978,0.3698326082575275,0.36983544986195943,-0.36983323767513576,0.36983442820251317
296,4.949999999999677,-0.016095716506242752,-0.029233990237116814,-0.017008379101753235,-0.08756420016288757,-0.08847583085298538,0.02428913488984108,-0.0768483355641365,-1.9544463565324819,-1.872829507703995,1.477122367988444,-1.9152434525556072,1.2603417723882486,-0.3579207486634453,0.33233459919691083,-0.33233459919691083,0.33233459919691083,0.33233459919691083,-0.33233459919691083,0.33233459919691083,-1.9258616398594846,-1.8277846008942962,1.4726075692031055,-1.898885110725978,1.2775128774589104,-0.3593897233479283,0.3697765626700134,-0.3697791626838889,0.3697779898094848,0.3697803062184749,-0.36977832231549856,0.369779435344997
297,4.967999999999675,-0.016085423529148102,-0.029095137491822243,-0.01829303428530693,-0.08719502389431,-0.08726507425308228,0.025609802454710007,-0.07698673009872437,-1.9547144469246343,-1.873314426662192,1.476817484083689,-1.9166967029538458,1.2588873544840307,-0.3574939186225335,0.3322847771644592,-0.3322847771644592,0.3322847771644592,0.3322847771644592,-0.3322847771644592,0.3322847771644592,-1.9258626732557556,-1.827784401225241,1.4726184035670984,-1.9005267092152893,1.2757979902928045,-0.35921541449192895,0.3697138629562502,-0.3697181965779607,0.36971630402169636,0.3697200717884002,-0.36971705454378667,0.3697187134958044
298,4.983999999999673,-0.01617913693189621,-0.028975391760468483,-0.019379884004592896,-0.0868283063173294,-0.0861513763666153,0.026775117963552475,-0.0771341547369957,-1.9549840992068326,-1.8737973498581997,1.4764944860169458,-1.9181438413924679,1.2574514982112537,-0.3570476666564743,0.3322317042946815,-0.3322317042946815,0.3322317042946815,0.3322317042946815,-0.3322317042946815,0.3322317042946815,-1.9258637226506417,-1.8277841562114043,1.4726271750598317,-1.9019756549346591,1.274289192154305,-0.35903729602975604,0.36966015248161377,-0.3696632250283937,0.3696618740097851,0.3696647927785226,-0.3696625530866892,0.3696637406754151
