step,sim_time,action_0,action_1,action_2,action_3,action_4,action_5,action_6,target_0,target_1,target_2,target_3,target_4,target_5,target_6,target_7,target_8,target_9,target_10,target_11,q_0,q_1,q_2,q_3,q_4,q_5,q_6,q_7,q_8,q_9,q_10,q_11
0,0.018000000000000002,-0.41303551197052,-0.06495936959981918,0.005613051354885101,-0.0036437585949897766,-0.05837653577327728,-0.11615359783172607,-0.11242504417896271,-1.5776802251995088,-1.571878956159997,1.5708898508559148,-1.5708570293099164,1.5698233577371121,-0.0019358932971954344,0.3195269840955734,-0.3195269840955734,0.3195269840955734,0.3195269840955734,-0.3195269840955734,0.3195269840955734,-1.570899854452512,-1.57493616572194,1.5742162443630807,-1.5707283252767648,1.5707367247058543,-0.0001783603852291987,0.039609010572194826,-0.039409593978734246,0.03876015052363563,0.039635500995259844,-0.039406945293299016,0.038781333700792994
1,0.034000000000000016,-0.50078284740448,-0.03497367724776268,0.03857619687914848,0.0366247296333313,-0.06816557049751282,-0.1380026787519455,-0.1232915073633194,-1.5860266059895836,-1.572461850780793,1.5715327874705673,-1.570246617149361,1.5686872648954868,-0.004235937943061193,0.31561505734920503,-0.31561505734920503,0.31561505734920503,0.31561505734920503,-0.31561505734920503,0.31561505734920503,-1.57128062207636,-1.5837466686712276,1.5798125929715294,-1.5710731227135286,1.570620172502711,-0.000512792936072255,0.06895619874272076,-0.06915709027479028,0.06882270405257043,0.06901947004795662,-0.06915841193826901,0.06882288700676524
2,0.05000000000000003,-0.44087737798690796,-0.014188513159751892,0.07699120044708252,0.04366602003574371,-0.11249515414237976,-0.11243337392807007,-0.11871498823165894,-1.5933745622893654,-1.5726983260001222,1.5728159741446854,-1.5695188501487654,1.5668123456597804,-0.006109827508529027,0.3172626042366028,-0.3172626042366028,0.3172626042366028,0.3172626042366028,-0.3172626042366028,0.3172626042366028,-1.5720261562270503,-1.5962546189381817,1.5857033072062034,-1.5715761456842863,1.5703691957579602,-0.000974234853223711,0.09603188590986957,-0.09617697925831589,0.09600349160915397,0.09605786179001705,-0.09617987791894494,0.09600489011005292
3,0.06800000000000005,-0.40434905886650085,0.00014669634401798248,0.08715777099132538,0.04980919510126114,-0.1306772083044052,-0.09131784737110138,-0.1167447566986084,-1.6001137132704737,-1.5726958810610552,1.5742686036612075,-1.5686886968970777,1.5646343921880403,-0.0076317916313807166,0.317971887588501,-0.317971887588501,0.317971887588501,0.317971887588501,-0.317971887588501,0.317971887588501,-1.57331328803624,-1.6138355217994347,1.59143708668501,-1.5722147320991526,1.5699098483263962,-0.0015883749093511391,0.12354665308860012,-0.12365152495140071,0.12347600719016176,0.12355600937819478,-0.12364967080191763,0.12347909071054013
4,0.08400000000000006,-0.3666269779205322,0.018865851685404778,0.08637194335460663,0.0591445192694664,-0.14363251626491547,-0.06824052333831787,-0.11699967086315155,-1.6062241629024825,-1.5723814501996318,1.575708136050451,-1.5677029549092532,1.5622405169169584,-0.008769133687019348,0.31788011848926545,-0.31788011848926545,0.31788011848926545,0.31788011848926545,-0.31788011848926545,0.31788011848926545,-1.5748184921708774,-1.6319737244512547,1.5952130496159918,-1.5727795735241294,1.5693366228951344,-0.002180041882915534,0.14550103239191542,-0.14559932148855168,0.14542635577972926,0.14551614669807986,-0.14559755847752126,0.14542951171104612
5,0.10000000000000007,-0.33182817697525024,0.037064842879772186,0.07901440560817719,0.0681319609284401,-0.15505918860435486,-0.043626636266708374,-0.1172875463962555,-1.6117546325187366,-1.5717637028183022,1.5770250428105872,-1.5665674222271124,1.5596561971068859,-0.009496244291464487,0.31777648329734803,-0.31777648329734803,0.31777648329734803,0.31777648329734803,-0.31777648329734803,0.31777648329734803,-1.5766153454083949,-1.6520106915136745,1.5975521261681944,-1.5732936556360695,1.5685924104416504,-0.002782740290095629,0.16535026313746443,-0.16543866683929126,0.16528529231704725,0.16537001932808862,-0.1654382240791189,0.16528848338994712
6,0.11800000000000009,-0.31089484691619873,0.04568493366241455,0.08261750638484955,0.07084367424249649,-0.16100803017616272,-0.03785458207130432,-0.11785705387592316,-1.6169362133006733,-1.571002287257262,1.5784020012503346,-1.5653866943230708,1.556972729937283,-0.010127153992652892,0.3175714606046677,-0.3175714606046677,0.3175714606046677,0.3175714606046677,-0.3175714606046677,0.3175714606046677,-1.578921135658508,-1.6763487891209126,1.5984362196178037,-1.5737919449556108,1.5675719691214847,-0.003459524482830582,0.18540791823457992,-0.1854829045993291,0.18535123840995815,0.1854285691958359,-0.18548282611134098,0.18535421447856787
7,0.1340000000000001,-0.2963874340057373,0.046457380056381226,0.0953107625246048,0.06736470013856888,-0.16224852204322815,-0.04927751421928406,-0.11910402774810791,-1.6218760038674356,-1.5702279975896556,1.579990513959078,-1.5642639493207613,1.5542685879032292,-0.010948445896307626,0.3171225500106811,-0.3171225500106811,0.3171225500106811,0.3171225500106811,-0.3171225500106811,0.3171225500106811,-1.5811650117527452,-1.6992116380366253,1.5977435897909507,-1.574159818099964,1.566516220530262,-0.00407578736246309,0.20138775696227165,-0.20145361705058468,0.2013363932288544,0.20140976806832867,-0.2014532350834961,0.20133957859099272
8,0.1500000000000001,-0.294081449508667,0.04333404451608658,0.1140211671590805,0.06255630403757095,-0.16079634428024292,-0.07026395201683044,-0.12081006914377213,-1.6267773613592467,-1.5695057635143874,1.5818908667450626,-1.5632213442534684,1.5515886488318917,-0.0121195117632548,0.31650837510824203,-0.31650837510824203,0.31650837510824203,0.31650837510824203,-0.31650837510824203,0.31650837510824203,-1.5835490024843777,-1.7229265603969166,1.5957926907904103,-1.5744512858622197,1.5653221087214588,-0.0047373299830167186,0.2157799431022895,-0.2158370513468539,0.21573317332268852,0.21580318415374475,-0.21583670176151828,0.21573662739847851
9,0.16800000000000012,-0.37086132168769836,0.013899268582463264,0.1744447499513626,0.05020274966955185,-0.1417383849620819,-0.15856243669986725,-0.12329058349132538,-1.6329583833873749,-1.5692741090380131,1.584798279244252,-1.5623846317589758,1.549226342415857,-0.014762219041585922,0.3156153899431228,-0.3156153899431228,0.3156153899431228,0.3156153899431228,-0.3156153899431228,0.3156153899431228,-1.5863675465586329,-1.7503092230280908,1.592308399425156,-1.5747053373125572,1.563873199473898,-0.00565932544022602,0.2302331798778677,-0.23028006117199262,0.23019069071063628,0.23025657048894968,-0.23027987190880497,0.23019413271531783
10,0.18400000000000014,-0.3658011555671692,0.00918746367096901,0.19017811119556427,0.04336908459663391,-0.13909921050071716,-0.18463802337646484,-0.12264729291200638,-1.6390550693134944,-1.569120984643497,1.5879679144308447,-1.5616618136823652,1.5469080222408451,-0.01783951943119367,0.3158469745516777,-0.3158469745516777,0.3158469745516777,0.3158469745516777,-0.3158469745516777,0.3158469745516777,-1.588975642647652,-1.7750246288346216,1.5882604902622717,-1.574877335946258,1.562506762286458,-0.006660102832407442,0.24181012824242568,-0.24184623815534584,0.24177418809134926,0.24183475197548385,-0.24184592961303553,0.2417781822096754
11,0.20000000000000015,-0.3442910611629486,0.008012531325221062,0.2014101892709732,0.03651917725801468,-0.14024163782596588,-0.20107680559158325,-0.12123964726924896,-1.6447932536662102,-1.5689874424547434,1.5913247509186943,-1.5610531607280649,1.5445706616104125,-0.021190799524386725,0.31635372698307035,-0.31635372698307035,0.31635372698307035,0.31635372698307035,-0.31635372698307035,0.31635372698307035,-1.5916734210005312,-1.7998835018427888,1.583502850704323,-1.5750042488916953,1.5610605680704672,-0.007854049901189526,0.2523386233439812,-0.2523667301155324,0.252307104472277,0.2523642746756429,-0.25236649305902287,0.2523116146613365
12,0.21800000000000017,-0.3228501081466675,0.006826587021350861,0.2110508382320404,0.02937128394842148,-0.14103515446186066,-0.21711277961730957,-0.11968360841274261,-1.650174088801988,-1.5688736660043876,1.5948422648892282,-1.5605636393289246,1.5422200757027147,-0.024809345851341882,0.31691390097141264,-0.31691390097141264,0.31691390097141264,0.31691390097141264,-0.31691390097141264,0.31691390097141264,-1.594811735097704,-1.827793568373631,1.5775006467563046,-1.5751095690341934,1.5593579608608936,-0.009413348512919167,0.2630557987648077,-0.2630768948489293,0.2630269120226432,0.26308177136707894,-0.26307675145389675,0.2630317167718148
13,0.23400000000000018,-0.3028721213340759,0.005070429295301437,0.2195887714624405,0.02139832079410553,-0.14058588445186615,-0.23526281118392944,-0.11798885464668274,-1.6552219574908893,-1.568789158849466,1.5985020777469356,-1.560207000649023,1.5398769776285168,-0.028730392704407373,0.3175240123271942,-0.3175240123271942,0.3175240123271942,0.3175240123271942,-0.3175240123271942,0.3175240123271942,-1.5959516309434587,-1.8361583277246831,1.5613647103616435,-1.5822724204674568,1.5574289416516558,-0.010989617569364873,0.27216270219962924,-0.27192372092266265,0.27203885217644014,0.2719066770357413,-0.2718858078169662,0.2718961309838218
14,0.25000000000000017,-0.29146432876586914,-0.006433920003473759,0.08181184530258179,0.012083418667316437,-0.08582079410552979,-0.15688544511795044,-0.12382465600967407,-1.6600796963036537,-1.568896390849524,1.5998656085019787,-1.560005610337901,1.5384466310600913,-0.03134515012303988,0.3154231238365173,-0.3154231238365173,0.3154231238365173,0.3154231238365173,-0.3154231238365173,0.3154231238365173,-1.596073581561288,-1.834218367760161,1.5446522857685845,-1.5837246746266458,1.5558241986078818,-0.012661981397585405,0.27937984260377424,-0.27963091598753453,0.279509562361846,0.2797477312492411,-0.2796036693642027,0.27962172804481056
15,0.2680000000000002,-0.27948951721191406,-0.06027301400899887,0.007475316524505615,-0.03022686578333378,-0.01469382643699646,-0.1574762761592865,-0.12489403784275055,-1.6647378549238523,-1.5699009410830072,1.5999901971107204,-1.5605093914342898,1.538201733952808,-0.033969754725694655,0.3150381463766098,-0.3150381463766098,0.3150381463766098,0.3150381463766098,-0.3150381463766098,0.3150381463766098,-1.596085378594186,-1.8313979798589128,1.533280617869347,-1.5832516678820578,1.5542066470988534,-0.014622588467552426,0.28709918577107435,-0.2871816850636336,0.28711902598634076,0.28726317610182434,-0.2872088430662109,0.2871873690180743
16,0.2840000000000002,-0.2913685441017151,-0.08397702127695084,0.020659737288951874,-0.04930835962295532,-0.020348787307739258,-0.20161807537078857,-0.12209030985832214,-1.6695939973255476,-1.5713005581042896,1.6003345260655364,-1.5613311974280057,1.537862587497679,-0.037330055981874465,0.316047488451004,-0.316047488451004,0.316047488451004,0.316047488451004,-0.316047488451004,0.316047488451004,-1.596094383442723,-1.8298195990592574,1.5281315227879129,-1.5827249065663067,1.5528692234782844,-0.016489109391719475,0.293346970377412,-0.2933458909145139,0.2933212016586942,0.2933763012386078,-0.2933445613000915,0.2933346384845268
17,0.3000000000000002,-0.2930079400539398,-0.08668337762355804,0.03845839574933052,-0.05288493633270264,-0.03414925932884216,-0.21921822428703308,-0.11973533034324646,-1.6744774629931132,-1.5727452810646823,1.6009754993280252,-1.5622126130335507,1.5372934331755317,-0.04098369305332501,0.3168952810764313,-0.3168952810764313,0.3168952810764313,0.3168952810764313,-0.3168952810764313,0.3168952810764313,-1.5961004409436077,-1.8289281500169443,1.5253974461891644,-1.5823648032688091,1.5515968330633887,-0.018502398919207037,0.29902192839499403,-0.2990153062210622,0.2990004972916181,0.29903632424922305,-0.29900669575315614,0.2990018924721297
18,0.3180000000000002,-0.2899761199951172,-0.0860799252986908,0.05294578894972801,-0.05368170514702797,-0.04487656429409981,-0.2279951274394989,-0.11792156100273132,-1.679310398326365,-1.574179946486327,1.601857929143854,-1.5631073081193345,1.5365454904372966,-0.04478361184398333,0.3175482380390167,-0.3175482380390167,0.3175482380390167,0.3175482380390167,-0.3175482380390167,0.3175482380390167,-1.5961050570443407,-1.828427343141939,1.5238924651318317,-1.5821472162277272,1.5502234103894716,-0.020919947356857233,0.30482775805566803,-0.3048225598595785,0.3048121995886014,0.3048503306468272,-0.30482069109408727,0.30481517862577606
19,0.33400000000000024,-0.28566551208496094,-0.08514650911092758,0.06369401514530182,-0.053909145295619965,-0.052688419818878174,-0.23278534412384033,-0.11649905145168304,-1.6840714901944478,-1.5755990549715093,1.6029194960629423,-1.5640057938742615,1.535667350106982,-0.04866336757938067,0.3180603414773941,-0.3180603414773941,0.3180603414773941,0.3180603414773941,-0.3180603414773941,0.3180603414773941,-1.5961080919521458,-1.8282188420145586,1.5232728911674456,-1.5820878663748856,1.549039098855509,-0.023200295822429183,0.3095252434449858,-0.3095172825480906,0.3095105689172761,0.30954883489301277,-0.3095177306806198,0.30951429501147887
20,0.35000000000000026,-0.28167223930358887,-0.08454060554504395,0.0700480043888092,-0.053973447531461716,-0.0569356232881546,-0.2347162961959839,-0.1156817376613617,-1.6887660275161742,-1.5770080650639267,1.6040869628027556,-1.5649053513331193,1.5347184230521793,-0.05257530584931373,0.3183545744419098,-0.3183545744419098,0.3183545744419098,0.3183545744419098,-0.3183545744419098,0.3183545744419098,-1.596110716486149,-1.8281173609317354,1.5229769937600197,-1.5821303615309046,1.5478755275881986,-0.02561481676957526,0.31380561256081246,-0.31379638734077364,0.3137915279478566,0.3138290727337121,-0.31379638665969756,0.31379544600695214
21,0.36800000000000027,-0.27800819277763367,-0.08409255743026733,0.07461921870708466,-0.05396164581179619,-0.05973133072257042,-0.23559609055519104,-0.11513026803731918,-1.6933994973958015,-1.5784096076877645,1.6053306164478738,-1.5658047120966492,1.5337229008734699,-0.056501907358566916,0.31855310350656507,-0.31855310350656507,0.31855310350656507,0.31855310350656507,-0.31855310350656507,0.31855310350656507,-1.5961136355051992,-1.8280640830793518,1.5228299663673532,-1.5822714962884332,1.5465897135725644,-0.028456204441333368,0.31815714035154996,-0.3181474107988513,0.31814454309505,0.3181817792034936,-0.31814693874367933,0.3181490279470459
22,0.3840000000000003,-0.27459076046943665,-0.08368011564016342,0.07828861474990845,-0.05383925139904022,-0.06187748908996582,-0.23585033416748047,-0.11471037566661835,-1.697976010070292,-1.5798042762817672,1.6066354266937055,-1.5667020329533,1.5326916093886371,-0.06043274626135826,0.3187042647600174,-0.3187042647600174,0.3187042647600174,0.3187042647600174,-0.3187042647600174,0.3187042647600174,-1.5961163564242047,-1.8280428327577516,1.5227800801202087,-1.582464171880432,1.5454632158135053,-0.03108468159027792,0.32165021679138284,-0.32163880180701965,0.32163868192777967,0.32167502024049566,-0.3216384465312477,0.3216433579355793
23,0.4000000000000003,-0.27167755365371704,-0.08340493589639664,0.08120003342628479,-0.05377624183893204,-0.06330670416355133,-0.23604801297187805,-0.11442495882511139,-1.702503969297854,-1.5811943585467072,1.6079887605841436,-1.5675983036506154,1.531636497652578,-0.06436687981088955,0.31880701482295987,-0.31880701482295987,0.31880701482295987,0.31880701482295987,-0.31880701482295987,0.31880701482295987,-1.5961193338257877,-1.828033764067787,1.5227692649163311,-1.5827173636463678,1.544343501613011,-0.03382054401392421,0.3248205615842668,-0.32480777273161315,0.32481000218139366,0.32484553573416775,-0.3248073859599323,0.32481483375751113
24,0.4180000000000003,-0.2690603733062744,-0.08317584544420242,0.08372275531291962,-0.05371125787496567,-0.06442461907863617,-0.23617148399353027,-0.1142011284828186,-1.7069883088529587,-1.582580622637444,1.609384139839359,-1.5684934912818649,1.5305627540012674,-0.06830307121078172,0.3188875937461853,-0.3188875937461853,0.3188875937461853,0.3188875937461853,-0.3188875937461853,0.3188875937461853,-1.596123019688898,-1.828030759485269,1.5227822954415204,-1.5830627424641261,1.5430951579263266,-0.03699285219897352,0.3280358233102942,-0.328022320185164,0.32802661522281795,0.32806186915891317,-0.32802181734332153,0.3280319593773212
25,0.43400000000000033,-0.26666393876075745,-0.08293509483337402,0.08594922721385956,-0.05357666313648224,-0.0653921365737915,-0.236089825630188,-0.11401799321174622,-1.7114327078323046,-1.583962874218,1.6108166269595898,-1.569386435667473,1.529472885058371,-0.07223790163795152,0.31895352244377134,-0.31895352244377134,0.31895352244377134,0.31895352244377134,-0.31895352244377134,0.31895352244377134,-1.5961265658509105,-1.8280314068225803,1.5228066784526497,-1.5834157603210857,1.5419940989756142,-0.0398901538359734,0.330612063508912,-0.33059709812425175,0.33060357469950913,0.33063805109788663,-0.33059671279593317,0.3306090224444233
26,0.45000000000000034,-0.264553427696228,-0.08277785778045654,0.0879603773355484,-0.05352504551410675,-0.06609001010656357,-0.2362115979194641,-0.1138807162642479,-1.7158419316272417,-1.5853425051810077,1.6122826332485156,-1.5702785197593747,1.5283713848899283,-0.07617476160327592,0.31900294214487074,-0.31900294214487074,0.31900294214487074,0.31900294214487074,-0.31900294214487074,0.31900294214487074,-1.5961304118436361,-1.828033844933382,1.5228392494904313,-1.5838134008491553,1.5408937998777796,-0.042872955877793446,0.33294746634694017,-0.33293136327163153,0.33293968907109844,0.33297347614722916,-0.3329309180605417,0.3329452213225021
27,0.46800000000000036,-0.2626429498195648,-0.08264773339033127,0.08978347480297089,-0.053482066839933395,-0.06664444506168365,-0.23634502291679382,-0.11377361416816711,-1.7202193141242346,-1.5867199674041799,1.6137790244952317,-1.5711698875400402,1.5272606441389003,-0.08011384531855582,0.3190414988994598,-0.3190414988994598,0.3190414988994598,0.3190414988994598,-0.3190414988994598,0.3190414988994598,-1.596135068240924,-1.8280375690882962,1.5228827032589363,-1.5843052723157298,1.539661876237223,-0.046299145044268096,0.335313318521592,-0.3352967848751887,0.3353066454165282,0.33534030831339184,-0.3352962241020332,0.33531263346802914
28,0.4840000000000004,-0.26092103123664856,-0.08250357955694199,0.09138812124729156,-0.0533798411488533,-0.06710923463106155,-0.23631799221038818,-0.11369774490594864,-1.7245679979781787,-1.5880950270634622,1.6153021598493533,-1.5720595515591878,1.5261421568950493,-0.0840524785220623,0.3190688118338585,-0.3190688118338585,0.3190688118338585,0.3190688118338585,-0.3190688118338585,0.3190688118338585,-1.5961394616592044,-1.8280413737936139,1.5229258403509596,-1.5847761099915738,1.5385717409473039,-0.049402745558024055,0.3372068381946736,-0.3371891360365614,0.33720064020815727,0.3372336859688053,-0.3371887028572999,0.3372066781310687
29,0.5000000000000003,-0.2593444883823395,-0.08242145925760269,0.09293323755264282,-0.0533580556511879,-0.0674353837966919,-0.23651069402694702,-0.11364073306322098,-1.7288904061178845,-1.589468718051089,1.6168510471418973,-1.5729488524867075,1.525018233831771,-0.08799432342251141,0.31908933609724044,-0.31908933609724044,0.31908933609724044,0.31908933609724044,-0.31908933609724044,0.31908933609724044,-1.5961441349027772,-1.8280456035040455,1.522973209887324,-1.5852811818412154,1.5374795751304497,-0.052575288346159134,0.3389216641904848,-0.33890306164981676,0.3389159719546752,0.338948460425717,-0.33890257242522026,0.3389220472426828
30,0.5180000000000003,-0.2579028308391571,-0.08235839009284973,0.094358429312706,-0.053344860672950745,-0.06767302006483078,-0.23671987652778625,-0.11360299587249756,-1.7331887866318705,-1.5908413578859697,1.6184236876304423,-1.5738379334979233,1.523890350164024,-0.09193965469797452,0.31910292148590086,-0.31910292148590086,0.31910292148590086,0.31910292148590086,-0.31910292148590086,0.31910292148590086,-1.5961496926523318,-1.8280504866183391,1.5230308718060308,-1.585882785723286,1.536254374456288,-0.05619692176256667,0.3406569476115089,-0.34063815798477437,0.3406521624375903,0.3406846662518198,-0.3406375551047831,0.3406586536154389
31,0.5340000000000004,-0.2566283047199249,-0.08228231221437454,0.0955875962972641,-0.053277093917131424,-0.06783416867256165,-0.23677793145179749,-0.11359459161758423,-1.7374659250438693,-1.5922127297562092,1.6200168142353968,-1.5747258850632089,1.522759780686148,-0.09588595355550447,0.31910594701766964,-0.31910594701766964,0.31910594701766964,0.31910594701766964,-0.31910594701766964,0.31910594701766964,-1.5961548652072828,-1.828054905401959,1.5230854889650562,-1.5864422586475155,1.5351686765937844,-0.05945972566669142,0.34204411776883575,-0.3420243834839246,0.34203962257680137,0.34207162982479355,-0.3420239134104472,0.3420461223492886
32,0.5500000000000004,-0.2554120123386383,-0.0822533518075943,0.09683564305305481,-0.05328313633799553,-0.06792642176151276,-0.23704451322555542,-0.11358993500471115,-1.74172279191618,-1.5935836189530024,1.6216307416196143,-1.5756139373355087,1.5216276736567893,-0.09983669544259706,0.31910762339830395,-0.31910762339830395,0.31910762339830395,0.31910762339830395,-0.31910762339830395,0.31910762339830395,-1.5961602990643513,-1.828059539428742,1.5231437945467594,-1.5870283715547013,1.534079885198869,-0.06277910895609268,0.34329895478307615,-0.3432785033981675,0.3432948094242948,0.3433263598929831,-0.34327797902503826,0.3433013103632995
33,0.5680000000000004,-0.25429147481918335,-0.08223845064640045,0.0979975163936615,-0.053295865654945374,-0.06795748323202133,-0.23732393980026245,-0.11359900236129761,-1.7459609831631664,-1.5949542597971091,1.6232640335595085,-1.5765022017630912,1.5204950489362556,-0.1037920944392681,0.31910435914993285,-0.31910435914993285,0.31910435914993285,0.31910435914993285,-0.31910435914993285,0.31910435914993285,-1.5961666921412436,-1.8280647413362712,1.5232134323878121,-1.5877129309892863,1.532857688083058,-0.0665524786949744,0.34456703625216917,-0.34454658637795854,0.34456364964415664,0.344595325140183,-0.34454594948492756,0.3445705377317221
34,0.5840000000000004,-0.2533242404460907,-0.08221320807933807,0.09897150099277496,-0.05325724184513092,-0.06791192293167114,-0.23745828866958618,-0.1136372908949852,-1.7501830538372678,-1.5963244799317649,1.6249135585760548,-1.57738982246051,1.519363183554061,-0.10774973258376119,0.3190905752778053,-0.3190905752778053,0.3190905752778053,0.3190905752778053,-0.3190905752778053,0.3190905752778053,-1.5961725905103126,-1.8280693654760836,1.5232785275521477,-1.5883395335153068,1.5317743037701246,-0.06993932555363695,0.34557917045863756,-0.3455579416735048,0.3455759347520589,0.34560720246821197,-0.3455574422596858,0.34558279964783983
35,0.6000000000000004,-0.25235897302627563,-0.08222463726997375,0.10001090168952942,-0.05328621342778206,-0.06784013658761978,-0.23778748512268066,-0.11366944015026093,-1.754389036721039,-1.5976948905529311,1.626580406937547,-1.5782779260176398,1.5182325146109341,-0.11171285733580587,0.31907900154590607,-0.31907900154590607,0.31907900154590607,0.31907900154590607,-0.31907900154590607,0.31907900154590607,-1.5961787367544609,-1.8280741627409096,1.5233472450567138,-1.5889871292961186,1.5306877392310692,-0.07337356760037363,0.34649338303640753,-0.3464715741125658,0.34649038022791073,0.34652126562714347,-0.34647102145656766,0.3464972185768363
36,0.6180000000000004,-0.25146251916885376,-0.08224692195653915,0.10098449885845184,-0.05332026258111,-0.06772308051586151,-0.23812562227249146,-0.11371144652366638,-1.7585800787071866,-1.59906567258554,1.628263481918521,-1.5791665970606583,1.5171037966023364,-0.11568161770701406,0.3190638792514801,-0.3190638792514801,0.3190638792514801,0.3190638792514801,-0.3190638792514801,0.3190638792514801,-1.5961859191466117,-1.8280795197731396,1.5234285674249963,-1.5897347358524347,1.5294681768950407,-0.07726613091963912,0.3474155699609621,-0.34739390490457606,0.34741321640248524,0.34744431074038423,-0.3473932401647328,0.3474204215926891
37,0.6340000000000005,-0.2507075071334839,-0.08226019144058228,0.10177740454673767,-0.05330480635166168,-0.0675303265452385,-0.23832175135612488,-0.11378203332424164,-1.7627585371594112,-1.6004366757762165,1.6299597719943,-1.5800550104998528,1.5159782911599158,-0.1196536468962828,0.319038468003273,-0.319038468003273,0.319038468003273,0.319038468003273,-0.319038468003273,0.319038468003273,-1.5961925069508551,-1.8280842569429836,1.5235040228810492,-1.5904124517504756,1.528387438384417,-0.08075086809307841,0.34815013529094324,-0.34812781189116443,0.3481478293657175,0.3481785796372831,-0.3481272887545018,0.3481549869222814
38,0.6500000000000005,-0.24991784989833832,-0.0823010802268982,0.10266803205013275,-0.05335057154297829,-0.06734393537044525,-0.23869922757148743,-0.11383945494890213,-1.766923834657717,-1.6018083604466649,1.6316709058618022,-1.5809441866922358,1.514855892237075,-0.12363196735580759,0.3190177962183952,-0.3190177962183952,0.3190177962183952,0.3190177962183952,-0.3190177962183952,0.3190177962183952,-1.5961993331747202,-1.8280891524782705,1.5235831011878753,-1.5911069523368284,1.5273039728806534,-0.08427619872417874,0.34881232177188665,-0.3487895195456249,0.34881016157778877,0.3488405839308641,-0.3487889437680388,0.34881727136686713
39,0.6680000000000005,-0.24917832016944885,-0.08234965056180954,0.1035081148147583,-0.0533994659781456,-0.06712513417005539,-0.2390812635421753,-0.1139037013053894,-1.7710768066605411,-1.603180854622695,1.6333960411087147,-1.5818341777918716,1.5137371400009074,-0.12761665508151052,0.3189946675300598,-0.3189946675300598,0.3189946675300598,0.3189946675300598,-0.3189946675300598,0.3189946675300598,-1.5962072745597724,-1.8280946100985411,1.5236760904625293,-1.5919027571355029,1.52608850691446,-0.08826377939573048,0.3494786723151721,-0.34945612132904097,0.34947708075206635,0.34950777630224733,-0.3494554334630514,0.3494845432449505
40,0.6840000000000005,-0.24857060611248016,-0.08239012211561203,0.10417275130748749,-0.05340041592717171,-0.0668313056230545,-0.23932406306266785,-0.11399576812982559,-1.7752196500957491,-1.604554023324622,1.6351322536305062,-1.5827241847239912,1.51262328490719,-0.13160538946588832,0.3189615234732628,-0.3189615234732628,0.3189615234732628,0.3189615234732628,-0.3189615234732628,0.3189615234732628,-1.5962145281224613,-1.82809942256729,1.5237619106221851,-1.5926196330346836,1.5250120351294365,-0.0918269817835643,0.3500080321679091,-0.3499849104628665,0.35000641136531085,0.35003680841450785,-0.34998436784584025,0.3500138073744982
41,0.7000000000000005,-0.2479056715965271,-0.08245137333869934,0.10495632886886597,-0.053457457572221756,-0.066566601395607,-0.23973655700683594,-0.11407006531953812,-1.7793514112890245,-1.605928212880267,1.6368815257783207,-1.583615142350195,1.5115138415505964,-0.1356009987493356,0.31893477648496626,-0.31893477648496626,0.31893477648496626,0.31893477648496626,-0.31893477648496626,0.31893477648496626,-1.5962220133629457,-1.828104384809137,1.5238513619496163,-1.5933501517899755,1.5239335441216235,-0.09542574582102564,0.35048396478728794,-0.3504604395687655,0.35048242431914317,0.35051253332832955,-0.35045984461243324,0.350489756218024
42,0.7180000000000005,-0.2472783625125885,-0.08251792192459106,0.10569959878921509,-0.05351612716913223,-0.06627896428108215,-0.24014946818351746,-0.11414900422096252,-1.783472717330901,-1.6073035115790102,1.638643185758141,-1.584507077803014,1.5104091921459117,-0.13960348988572754,0.31890635848045346,-0.31890635848045346,0.31890635848045346,0.31890635848045346,-0.31890635848045346,0.31890635848045346,-1.596230694247508,-1.8281099123573041,1.523956035263168,-1.594183059132584,1.5227244856677136,-0.0994903843305884,0.35096131808797026,-0.3509381253761045,0.3509602867015051,0.3509907183863489,-0.3509374180549935,0.3509679615503948
43,0.7340000000000005,-0.2467743158340454,-0.08257703483104706,0.10627180337905884,-0.053528282791376114,-0.06591649353504181,-0.24042651057243347,-0.11425493657588959,-1.787585622594802,-1.6086797954928609,1.6404143824811253,-1.585399215849537,1.5093105839203278,-0.1436105983952681,0.31886822283267974,-0.31886822283267974,0.31886822283267974,0.31886822283267974,-0.31886822283267974,0.31886822283267974,-1.5962385983422902,-1.8281147766325552,1.5240522378057777,-1.5949301574013628,1.5216544503973672,-0.10311761771062743,0.35133916264552284,-0.3513154626004812,0.35133804481966124,0.35136821020081027,-0.35131490374277025,0.3513456385635945
44,0.7500000000000006,-0.24619948863983154,-0.08265186846256256,0.10697713494300842,-0.05359234660863876,-0.06559952348470688,-0.24086293578147888,-0.11434010416269302,-1.7916889474054658,-1.6100573266339036,1.6421973347301755,-1.5862924216263476,1.508217258528916,-0.14762498065829274,0.3188375625014305,-0.3188375625014305,0.3188375625014305,0.3188375625014305,-0.3188375625014305,0.3188375625014305,-1.5962467291072615,-1.828119784556936,1.5241520793393344,-1.5956885487621848,1.5205831860757804,-0.10677669025730811,0.3516776329644299,-0.3516535851767575,0.35167654644030016,0.35170645272180723,-0.35165297409181345,0.3516840633994931
45,0.7680000000000006,-0.24565309286117554,-0.08273009210824966,0.10764966905117035,-0.053656913340091705,-0.06526660919189453,-0.24129700660705566,-0.11442828178405762,-1.7957831656198187,-1.6114361615023745,1.6439914958810282,-1.587186703515349,1.507129481709051,-0.151646597435077,0.31880581855773926,-0.31880581855773926,0.31880581855773926,0.31880581855773926,-0.31880581855773926,0.31880581855773926,-1.5962561369405381,-1.8281253606203856,1.5242684544329705,-1.5965502503886433,1.519383104948952,-0.1109050287868181,0.3520155662149231,-0.35199191234844923,0.3520149448428941,0.35204521186808063,-0.3519911884699778,0.35202279808395226
46,0.7840000000000006,-0.24522161483764648,-0.08280133455991745,0.10815601050853729,-0.053676340728998184,-0.06485959142446518,-0.2415975034236908,-0.11454229056835175,-1.7998701925337794,-1.6128161837450397,1.6457940960561706,-1.5880813091941657,1.5060484885186434,-0.1556732224921385,0.3187647753953934,-0.3187647753953934,0.3187647753953934,0.3187647753953934,-0.3187647753953934,0.3187647753953934,-1.5962646817603947,-1.8281302598117475,1.524375054883403,-1.597320873216294,1.5183217844609045,-0.11458554923815949,0.35228172497403,-0.3522576090089665,0.352280974865416,0.35231099772837415,-0.35225703641751116,0.3522887355868054
47,0.8000000000000006,-0.24471192061901093,-0.08288431912660599,0.10880419611930847,-0.05374416336417198,-0.06450963765382767,-0.24204930663108826,-0.11463382840156555,-1.8039487245440964,-1.6141975890638165,1.6476074993248258,-1.5889770452502352,1.5049733278910795,-0.15970737760265663,0.3187318217754364,-0.3187318217754364,0.3187318217754364,0.3187318217754364,-0.3187318217754364,0.3187318217754364,-1.596273449333416,-1.8281352980131602,1.5244853006767374,-1.5981010273524092,1.5172600058914227,-0.11829515232715206,0.35251893012823776,-0.3524945078312662,0.35251817438903393,0.35254795908046865,-0.35249388300980544,0.3525258484039537
48,0.8180000000000006,-0.24422429502010345,-0.08296921849250793,0.10942517220973969,-0.05381159484386444,-0.06414882093667984,-0.24249586462974548,-0.11472715437412262,-1.808019129461098,-1.615580409372025,1.649431252194988,-1.5898739051642996,1.5039041808754683,-0.16374897534648572,0.31869822442531587,-0.31869822442531587,0.31869822442531587,0.31869822442531587,-0.31869822442531587,0.31869822442531587,-1.596283575964473,-1.828140906700853,1.5246133914251938,-1.598985284842295,1.516071384368601,-0.12247722744492584,0.3527542254421559,-0.3527302435713863,0.35275390231934134,0.3527840771669494,-0.352729505456429,0.352761908085981
49,0.8340000000000006,-0.24384674429893494,-0.08304698765277863,0.10988184809684753,-0.05383455753326416,-0.06371498107910156,-0.24281030893325806,-0.11484524607658386,-1.8120832418660804,-1.6169645258329046,1.6512626163299355,-1.590771147789854,1.50284226452415,-0.16779581382870667,0.3186557114124298,-0.3186557114124298,0.3186557114124298,0.3186557114124298,-0.3186557114124298,0.3186557114124298,-1.5962928643573537,-1.8281456987922455,1.5247308180768249,-1.5997744465365964,1.5150209348144936,-0.1262030092436395,0.35293824872998525,-0.35291382397346927,0.35293775575863745,0.35296770034007147,-0.35291324180236655,0.3529456588670694
50,0.8500000000000006,-0.24339298903942108,-0.08313552290201187,0.1104753315448761,-0.05390404909849167,-0.06334616243839264,-0.24326273798942566,-0.11493927240371704,-1.8161397916834041,-1.6183501178812716,1.6531038718556834,-1.5916695486081622,1.5017864951501767,-0.17185019279519712,0.31862186193466185,-0.31862186193466185,0.31862186193466185,0.31862186193466185,-0.31862186193466185,0.31862186193466185,-1.5963025399105837,-1.8281504137777074,1.5248529357579972,-1.6005718349741975,1.513970729456951,-0.12995581484311708,0.35310106634020544,-0.3530763565175166,0.3531005320054222,0.35313025468282455,-0.35307572144872446,0.35310834132532043
51,0.8680000000000007,-0.2429606169462204,-0.08322640508413315,0.11104023456573486,-0.05397333577275276,-0.06297099590301514,-0.2437053918838501,-0.11503356695175171,-1.8201891352991744,-1.6197372246326738,1.654954542431779,-1.5925691042043748,1.5007369785517932,-0.17591194932659462,0.3185879158973694,-0.3185879158973694,0.3185879158973694,0.3185879158973694,-0.3185879158973694,0.3185879158973694,-1.5963139143263976,-1.8281554563732567,1.5249961485836576,-1.6014740002060959,1.5127958010321252,-0.13418411695647137,0.3532610769452478,-0.3532368433173101,0.3532609511574323,0.3532910890236131,-0.35323609412073115,0.35326909090688513
52,0.8840000000000007,-0.2426329404115677,-0.08331073075532913,0.11144408583641052,-0.05399958789348602,-0.0625251978635788,-0.2440180480480194,-0.11515109241008759,-1.824233017639367,-1.6211257368119292,1.6568119438623858,-1.593469097335933,1.4996948919207336,-0.1799789167940616,0.3185456067323685,-0.3185456067323685,0.3185456067323685,0.3185456067323685,-0.3185456067323685,0.3185456067323685,-1.5963243480691809,-1.8281597729954893,1.5251283773608644,-1.6022778424073771,1.5117580444520544,-0.13794905872597382,0.35338496064277103,-0.35336033279498014,0.35338466258503454,0.3534145863729009,-0.3533597369649262,0.35339269690828223
53,0.9000000000000007,-0.24222445487976074,-0.08340074121952057,0.11199928820133209,-0.05406836420297623,-0.06215151399374008,-0.24446845054626465,-0.11524491757154465,-1.8282700918873631,-1.622515749165588,1.6586785986657413,-1.5943702367393158,1.4986590333541712,-0.1840533909698327,0.3185118296742439,-0.3185118296742439,0.3185118296742439,0.3185118296742439,-0.3185118296742439,0.3185118296742439,-1.5963375128961255,-1.8281601225619393,1.5252791635446046,-1.6030907375158632,1.5107217710414003,-0.1417394804960446,0.3534935504840059,-0.3534685925665465,0.35349317878864717,0.3535229071470955,-0.35346794089612665,0.3535011062803255
54,0.9180000000000007,-0.24190698564052582,-0.08358544111251831,0.11222320795059204,-0.05419289693236351,-0.06173836812376976,-0.24475142359733582,-0.11531094461679459,-1.832301874981372,-1.6239088398507966,1.6605489854649178,-1.5952734516881886,1.4976300605521082,-0.18813258136312164,0.3184880599379539,-0.3184880599379539,0.3184880599379539,0.3184880599379539,-0.3184880599379539,0.3184880599379539,-1.5963602021261696,-1.8281495394199279,1.5255029352214087,-1.6040108625059624,1.5095637742465475,-0.14600805146761475,0.35359995320921433,-0.3535755314869169,0.35360005478722684,0.3536303487524713,-0.35357475386729714,0.3536083905204561
55,0.9340000000000007,-0.24179701507091522,-0.08388926833868027,0.11196570098400116,-0.0543539896607399,-0.061248667538166046,-0.2447500228881836,-0.11536015570163727,-1.836331825232554,-1.625306994323108,1.6624150804813178,-1.5961793515158675,1.4966092494264722,-0.19221174841125804,0.3184703439474106,-0.3184703439474106,0.3184703439474106,0.3184703439474106,-0.3184703439474106,0.3184703439474106,-1.5963901518901231,-1.8281293211163385,1.5257767135009026,-1.6048301426740677,1.5085419092102417,-0.14980668858318358,0.35368372422625144,-0.35365892331258947,0.35368371339519405,0.35371388498154865,-0.3536583113048062,0.35369200753260316
56,0.9500000000000007,-0.241658553481102,-0.08423159271478653,0.11180943250656128,-0.05457725748419762,-0.060873325914144516,-0.24485701322555542,-0.1153690442442894,-1.8403594677905724,-1.6267108542016877,1.6642785710230938,-1.5970889724739374,1.49559469399457,-0.19629269863168397,0.3184671440720558,-0.3184671440720558,0.3184671440720558,0.3184671440720558,-0.3184671440720558,0.3184671440720558,-1.5964314828018789,-1.8280998166987126,1.5261447484134547,-1.6056560402891318,1.5075215810418763,-0.15362855789864874,0.3537591718135454,-0.353734157319838,0.3537591330761394,0.35378916853152004,-0.35373349402465454,0.3537673689180544
57,0.9680000000000007,-0.2415882647037506,-0.084605373442173,0.11158177256584167,-0.0548178069293499,-0.060541581362485886,-0.24492177367210388,-0.1153593510389328,-1.8443859388689683,-1.6281209437590574,1.6661382672325245,-1.5980026025894265,1.4945856676385285,-0.2003747281928857,0.31847063362598416,-0.31847063362598416,0.31847063362598416,0.31847063362598416,-0.31847063362598416,0.31847063362598416,-1.5964930000036173,-1.8280578238174356,1.5266908898302631,-1.60658839742566,1.506381182639432,-0.15792966789416035,0.35383526290116607,-0.3538108375161245,0.3538356201548446,0.35386616329476644,-0.35381005318904296,0.3538442155390436
58,0.9840000000000008,-0.24168649315834045,-0.08501137048006058,0.11113616824150085,-0.05503814294934273,-0.060206104069948196,-0.24481377005577087,-0.11534649133682251,-1.848414047088274,-1.629537799933725,1.6679905367032162,-1.5989199049719156,1.493582232570696,-0.20445495769381522,0.3184752631187439,-0.3184752631187439,0.3184752631187439,0.3184752631187439,-0.3184752631187439,0.3184752631187439,-1.596561197556774,-1.8280157048485346,1.527301781887437,-1.6074179317773836,1.505374630800771,-0.1617547780705753,0.3538971977780579,-0.353872331745869,0.35389734754731333,0.3539276381463874,-0.35387170968549886,0.35390580954944995
59,1.0000000000000007,-0.24168811738491058,-0.0853726863861084,0.1109558641910553,-0.05526279658079147,-0.05997470021247864,-0.2448689341545105,-0.11532038450241089,-1.8524421823780224,-1.6309606780401602,1.6698398011064004,-1.5998409515815954,1.4925826542338214,-0.2085361065963904,0.3184846615791321,-0.3184846615791321,0.3184846615791321,0.3184846615791321,-0.3184846615791321,0.3184846615791321,-1.596642618836338,-1.8279706869495262,1.5280366505688823,-1.6082544194991575,1.5043693562388796,-0.16560094924942956,0.35395414314320944,-0.35392905602099795,0.3539541969454923,0.3539842672669658,-0.3539283768808418,0.35396252802287786
60,1.0180000000000007,-0.24171558022499084,-0.08572264760732651,0.1107725203037262,-0.0554729700088501,-0.05976969376206398,-0.24489256739616394,-0.11529086530208588,-1.8564707753817722,-1.6323893888336156,1.6716860097781292,-1.600765501081743,1.4915864926711204,-0.21261764938632646,0.3184952884912491,-0.3184952884912491,0.3184952884912491,0.3184952884912491,-0.3184952884912491,0.3184952884912491,-1.596750122082809,-1.8279179765676015,1.5290126389676655,-1.6091993898611658,1.503245430446129,-0.16992696459850568,0.35401230461955235,-0.35398782034629134,0.3540127148461885,0.35404324678822513,-0.3539870226311783,0.35402135779450394
61,1.0340000000000007,-0.24187803268432617,-0.08607180416584015,0.11041764914989471,-0.05563664808869362,-0.059546466916799545,-0.24474024772644043,-0.11526944488286972,-1.860502075926511,-1.6338239189030463,1.6735263039306274,-1.6016927785498878,1.4905940515558405,-0.21669665351510048,0.3185029998421669,-0.3185029998421669,0.3185029998421669,0.3185029998421669,-0.3185029998421669,0.3185029998421669,-1.596859175643475,-1.8278710604362787,1.5300081646144543,-1.6100407310039104,1.5022530361908597,-0.1737721753981325,0.35406023667213415,-0.3540353033800083,0.354060414721433,0.35409065331806594,-0.3540346749166951,0.3540688893678124
62,1.0500000000000007,-0.24191540479660034,-0.08636652678251266,0.11032316088676453,-0.055797554552555084,-0.05938948318362236,-0.2447463572025299,-0.11524513363838196,-1.8645339993397876,-1.6352633610160883,1.67536502327874,-1.6026227377924305,1.4896042268361134,-0.22077575946847597,0.3185117518901825,-0.3185117518901825,0.3185117518901825,0.3185117518901825,-0.3185117518901825,0.3185117518901825,-1.5969809446406364,-1.827824555767085,1.5311213728531887,-1.61088950437157,1.5012614954588814,-0.17763662268867222,0.3541044332712492,-0.3540792827922029,0.3541044994534183,0.35413449268400565,-0.35407859835921346,0.35411281822608953
63,1.0680000000000007,-0.24195942282676697,-0.08664233237504959,0.11022792756557465,-0.05593825876712799,-0.059239454567432404,-0.2447173297405243,-0.11522296071052551,-1.8685666563869003,-1.6367073998890058,1.6772021554048329,-1.603555042105216,1.488616902593323,-0.22485438163081803,0.3185197341442108,-0.3185197341442108,0.3185197341442108,0.3185197341442108,-0.3185197341442108,0.3185197341442108,-1.5971328658714794,-1.8277729878092317,1.5325084541176752,-1.611848621483018,1.5001524458639124,-0.1819811368865502,0.3541493751073058,-0.35412484197095434,0.35414979875568864,0.35418024812329213,-0.3541240384420882,0.3541584190453407
64,1.0840000000000007,-0.24211838841438293,-0.08690562844276428,0.10997582972049713,-0.05602303147315979,-0.05905897542834282,-0.2445090115070343,-0.1152135357260704,-1.8726019628604733,-1.6381558270297185,1.6790350859001746,-1.6044887592964354,1.487632586336184,-0.22892953182260192,0.31852312713861464,-0.31852312713861464,0.31852312713861464,0.31852312713861464,-0.31852312713861464,0.31852312713861464,-1.5972803289698256,-1.8277288142271177,1.5338525376866503,-1.6127026154422341,1.4991727590414574,-0.18584103849864816,0.3541862994777654,-0.35416131938917456,0.35418648575139794,0.3542166295206599,-0.35416068898860653,0.35419492468374475
65,1.1000000000000008,-0.2421479970216751,-0.08712402731180191,0.10996443033218384,-0.0561138279736042,-0.05892889201641083,-0.244462788105011,-0.11520238220691681,-1.8766377628108346,-1.639607894151582,1.680867826405711,-1.605423989762662,1.4866504381359105,-0.2330039116243521,0.31852714240550994,-0.31852714240550994,0.31852714240550994,0.31852714240550994,-0.31852714240550994,0.31852714240550994,-1.5975866334766529,-1.8280652644718187,1.5357343075588117,-1.6135137754564577,1.4982009366769622,-0.18971869134457708,0.3542320949742445,-0.35418899794859143,0.3542225812566443,0.35424064024793744,-0.3541923457052751,0.35422321473718826
66,1.1180000000000008,-0.24291560053825378,-0.08633372187614441,0.11064448952674866,-0.05556272715330124,-0.059864889830350876,-0.24506676197052002,-0.11518406867980957,-1.8806863561531388,-1.6410467895161844,1.6827119012311569,-1.6063500352152171,1.4856526899720712,-0.2370883576571941,0.31853373527526857,-0.31853373527526857,0.31853373527526857,0.31853373527526857,-0.31853373527526857,0.31853373527526857,-1.5978057930585414,-1.8279548834728776,1.5372454566665057,-1.6145749968672938,1.4970974064913367,-0.19407701762585117,0.3542552334404724,-0.3542316576317845,0.35425686530369527,0.3542865551503588,-0.3542287138530061,0.35426454337985175
67,1.1340000000000008,-0.24172967672348022,-0.08779720962047577,0.10691563785076141,-0.05626688152551651,-0.05712280049920082,-0.24212712049484253,-0.11527204513549805,-1.8847151840985301,-1.6425100763431923,1.6844938285286695,-1.6072878165739757,1.4847006432970846,-0.24112380966544147,0.3185020637512207,-0.3185020637512207,0.3185020637512207,0.3185020637512207,-0.3185020637512207,0.3185020637512207,-1.5980007750061844,-1.827793676813018,1.5386412590569558,-1.6154410214052064,1.4961295442073081,-0.19794504709121682,0.3542767205281235,-0.3542554318839118,0.3542793117929224,0.35431259032830337,-0.3542551389742125,0.35428977934899286
68,1.1500000000000008,-0.241820827126503,-0.088112972676754,0.10718771815299988,-0.05642034485936165,-0.05714559182524681,-0.24219739437103271,-0.11523837596178055,-1.8887455312173052,-1.6439786258878049,1.6862802904978862,-1.6082281556549651,1.4837482167666638,-0.24516043290495868,0.31851418465375897,-0.31851418465375897,0.31851418465375897,0.31851418465375897,-0.31851418465375897,0.31851418465375897,-1.5983173439762588,-1.8279438686098768,1.540564367134332,-1.6161565261831656,1.4951866598077406,-0.2018275980811311,0.354292548468298,-0.3542745611469865,0.35429573622615784,0.354332064691947,-0.35427606569961445,0.35430937210119395
69,1.1680000000000008,-0.24501268565654755,-0.08618161827325821,0.11560969054698944,-0.055249154567718506,-0.06234663352370262,-0.2482694387435913,-0.1152244508266449,-1.8928290759782476,-1.6454149861923593,1.6882071186736693,-1.6091489748977605,1.4827091062079354,-0.24929825688401852,0.31851919770240783,-0.31851919770240783,0.31851919770240783,0.31851919770240783,-0.31851919770240783,0.31851919770240783,-1.5986239873832684,-1.8279267559554522,1.542503951877897,-1.6172895214935257,1.4940777600006083,-0.20619469769821505,0.3543346138224521,-0.3543015900770671,0.354330726883122,0.3543537188224569,-0.35429935446206334,0.35433389535794807
70,1.1840000000000008,-0.24198128283023834,-0.08816177397966385,0.10658043622970581,-0.056262288242578506,-0.0568385049700737,-0.241509348154068,-0.11524806916713715,-1.8968620973587516,-1.6468843490920204,1.6899834592774978,-1.6100866797018034,1.4817617977917674,-0.2533234126865863,0.3185106950998306,-0.3185106950998306,0.3185106950998306,0.3185106950998306,-0.3185106950998306,0.3185106950998306,-1.5988608331645562,-1.827750331421012,1.5441146211352335,-1.618181164052036,1.4931171160662822,-0.21006942583359706,0.3543430071313233,-0.3543222158278645,0.3543461803670679,0.35437867176175203,-0.35432058799580796,0.35435604447379465
71,1.2000000000000008,-0.241768479347229,-0.08863765001296997,0.10641182959079742,-0.05648428201675415,-0.05642828717827797,-0.24112427234649658,-0.11524158716201782,-1.9008915720145387,-1.6483616432589032,1.6917569897706777,-1.6110280844020826,1.4808213263387962,-0.2573421505590279,0.3185130286216736,-0.3185130286216736,0.3185130286216736,0.3185130286216736,-0.3185130286216736,0.3185130286216736,-1.5992593623951488,-1.8279621048657573,1.5463022402167867,-1.6189762115732975,1.4921707116125444,-0.21395624303661198,0.3543710015774896,-0.35433131023659137,0.3543635107201144,0.3543849687011889,-0.3543362013274118,0.3543667922067732
72,1.2180000000000009,-0.24337385594844818,-0.0874294564127922,0.10904599726200104,-0.0556679405272007,-0.05863272026181221,-0.2430517077445984,-0.11522716283798218,-1.9049478029470128,-1.649818800865783,1.6935744230583778,-1.6119558834108692,1.4798441143344325,-0.26139301235477125,0.3185182213783264,-0.3185182213783264,0.3185182213783264,0.3185182213783264,-0.3185182213783264,0.3185182213783264,-1.5995765535804483,-1.8278037365757793,1.5482870284943089,-1.6200617450616235,1.49108764622275,-0.21832063919835806,0.35438213147725744,-0.3543568475544741,0.35438270812207484,0.3544111195400556,-0.35435384541966064,0.35438954375431325
73,1.2340000000000009,-0.2416994571685791,-0.08882386237382889,0.10568779706954956,-0.056378137320280075,-0.05587424710392952,-0.2401428520679474,-0.11526886373758316,-1.9089761272331558,-1.6512991985720136,1.6953358863428702,-1.6128955190328738,1.4789128768827005,-0.2653953932225704,0.31850320905447005,-0.31850320905447005,0.31850320905447005,0.31850320905447005,-0.31850320905447005,0.31850320905447005,-1.599984086975076,-1.8279340227172327,1.5504877545295617,-1.620817119406012,1.4901607872295919,-0.22219146259713707,0.35438893578998226,-0.35436367473049135,0.35438910279687535,0.3544202319026712,-0.3543669881828562,0.3543992177785398
74,1.2500000000000009,-0.24448373913764954,-0.0871548131108284,0.11133377254009247,-0.055265508592128754,-0.05979164317250252,-0.24418798089027405,-0.11530182510614395,-1.9130508562187833,-1.6527517787905275,1.6971914492185385,-1.6138166108427425,1.477916349496492,-0.26946519290407495,0.31849134296178816,-0.31849134296178816,0.31849134296178816,0.31849134296178816,-0.31849134296178816,0.31849134296178816,-1.6003135519666847,-1.8278368930866198,1.552411964844176,-1.6218291529709732,1.4891933628036857,-0.22607759322949003,0.3544103720921915,-0.3543776098459194,0.35440676725607995,0.3544303598017062,-0.3543761061103004,0.3544103421380675
75,1.268000000000001,-0.2416931390762329,-0.08885318785905838,0.1056496649980545,-0.05621778964996338,-0.05568639934062958,-0.23964926600456238,-0.11528851836919785,-1.9170790752033873,-1.6542326652548451,1.6989522769685061,-1.6147535740035752,1.4769882428408148,-0.27345934733748434,0.31849613338708876,-0.31849613338708876,0.31849613338708876,0.31849613338708876,-0.31849613338708876,0.31849613338708876,-1.600788669458341,-1.8279246046228677,1.5549149274121676,-1.6227138070923133,1.4881515754239834,-0.23043771993305734,0.3544097458290595,-0.35438515454903047,0.3544104456336651,0.3544416519999026,-0.3543878076583432,0.35442056894150703
76,1.284000000000001,-0.2444809526205063,-0.08734201639890671,0.11080554127693176,-0.0551280602812767,-0.05929390713572502,-0.24322107434272766,-0.11535795032978058,-1.9211537577470623,-1.6556883655281602,1.7007990359897884,-1.615672375008263,1.4760000110552194,-0.27751303190986315,0.31847113788127895,-0.31847113788127895,0.31847113788127895,0.31847113788127895,-0.31847113788127895,0.31847113788127895,-1.6011433418275136,-1.8278074459046447,1.5569098484672312,-1.6237258071459726,1.4871923385493209,-0.2343075166574896,0.3544267040087786,-0.3543946973677262,0.35442362294113555,0.3544478074325928,-0.35439328312867635,0.3544275920588947
77,1.300000000000001,-0.24155879020690918,-0.08902330696582794,0.10533501207828522,-0.056094735860824585,-0.05524713546037674,-0.23877808451652527,-0.11531944572925568,-1.9251797375838442,-1.6571720873109241,1.7025546195244265,-1.6166072872726103,1.475079225464213,-0.2814926666518052,0.31848499953746795,-0.31848499953746795,0.31848499953746795,0.31848499953746795,-0.31848499953746795,0.31848499953746795,-1.6016086365884492,-1.827907530465893,1.559245462574027,-1.6245013291536432,1.486273231279867,-0.23818743356066913,0.35442343195346826,-0.3543981353705111,0.3544238185315203,0.35445432101037117,-0.3544007244953638,0.3544334645467634
78,1.318000000000001,-0.24437731504440308,-0.08747442066669464,0.1106213927268982,-0.05499836802482605,-0.0589226670563221,-0.24249154329299927,-0.11540418863296509,-1.9292526928345843,-1.6586299943220357,1.7043983094032082,-1.6175239267396908,1.4740971810132744,-0.2855341923733552,0.31845449209213256,-0.31845449209213256,0.31845449209213256,0.31845449209213256,-0.31845449209213256,0.31845449209213256,-1.6020295162879943,-1.8277462445291406,1.5615521423090966,-1.625634901343199,1.4851994152506653,-0.24254325271503888,0.35443476427430154,-0.354406128122807,0.3544336128154973,0.3544599043658423,-0.3544039293165039,0.35443895119432917
79,1.334000000000001,-0.24134303629398346,-0.08921527117490768,0.10508851706981659,-0.05598483607172966,-0.054790399968624115,-0.23787477612495422,-0.11534672230482101,-1.9332750767728173,-1.6601169155082842,1.7061497846877052,-1.6184570073408864,1.4731840076804639,-0.2894987719754378,0.3184751799702644,-0.3184751799702644,0.3184751799702644,0.3184751799702644,-0.3184751799702644,0.3184751799702644,-1.602545846613012,-1.827887682919702,1.5640070961519061,-1.6264511995989586,1.4842814720944162,-0.24640400421610412,0.3544431099242353,-0.3544051784541988,0.35443715210409066,0.3544589672459867,-0.3544091752934073,0.35444063381299223
80,1.350000000000001,-0.2430351972579956,-0.08811391144990921,0.10752224922180176,-0.055154718458652496,-0.05681312084197998,-0.2395060658454895,-0.11540016531944275,-1.9373256633937839,-1.661585480699116,1.7079418221747351,-1.6193762526485307,1.4722371223330974,-0.29349053973952927,0.3184559404850006,-0.3184559404850006,0.3184559404850006,0.3184559404850006,-0.3184559404850006,0.3184559404850006,-1.602968200262381,-1.8277826490620184,1.566180858638427,-1.627311959359948,1.4833752777854912,-0.2502770035722769,0.35441060750077175,-0.3544145457325686,0.3544247061328321,0.3544730748525458,-0.35440516474145917,0.3544445112928915
81,1.368000000000001,-0.24420298635959625,-0.08483555167913437,0.12998567521572113,-0.05319387838244438,-0.06710730493068695,-0.24652382731437683,-0.11569003760814667,-1.9413957131664439,-1.6629994065604348,1.7101082500949971,-1.620262817288238,1.4711186672509193,-0.2975992701947689,0.3183515864610672,-0.3183515864610672,0.3183515864610672,0.3183515864610672,-0.3183515864610672,0.3183515864610672,-1.6035320107564617,-1.8278176054274657,1.5688501589676933,-1.6284118083740997,1.48228689518683,-0.2546292906065153,0.35443822151495863,-0.35440022126202386,0.35443190175205386,0.35445249650671234,-0.35440129293854256,0.35443362843380866
82,1.384000000000001,-0.2416408658027649,-0.08888734132051468,0.1054563969373703,-0.05543072894215584,-0.05495304614305496,-0.2371421456336975,-0.1153986006975174,-1.9454230609298233,-1.66448086224911,1.71186585671062,-1.6211866627706073,1.4702027831485351,-0.30155163928866385,0.3184565037488937,-0.3184565037488937,0.3184565037488937,0.3184565037488937,-0.3184565037488937,0.3184565037488937,-1.604074679662027,-1.8278939410304436,1.5713194872582241,-1.6292099617011593,1.4813720914741921,-0.2584875646979886,0.35442902909022717,-0.3544024127995117,0.3544292888247042,0.35445842087370344,-0.35440449083767556,0.35443802506052635
83,1.400000000000001,-0.2441721260547638,-0.08762896806001663,0.10990786552429199,-0.05446229502558708,-0.058008648455142975,-0.24014532566070557,-0.11552947014570236,-1.9494925963640695,-1.6659413450501104,1.713697654469358,-1.6220943676877004,1.4692359723409494,-0.30555406138300895,0.31840939074754715,-0.31840939074754715,0.31840939074754715,0.31840939074754715,-0.31840939074754715,0.31840939074754715,-1.6045148159992026,-1.8277168755755615,1.5734978323271442,-1.6302324282191267,1.4804161695544795,-0.2623565950024007,0.354435291351153,-0.354404582151041,0.35443329704379245,0.35445803536882714,-0.3544029144386176,0.35443760234013455
84,1.418000000000001,-0.24082514643669128,-0.08934040367603302,0.10479669272899628,-0.0555286630988121,-0.054018955677747726,-0.23581445217132568,-0.11539949476718903,-1.9535063488046809,-1.6674303517780442,1.7154442660148412,-1.623019845406014,1.468335656412987,-0.30948430225253104,0.3184561818838119,-0.3184561818838119,0.3184561818838119,0.3184561818838119,-0.3184561818838119,0.3184561818838119,-1.6051716155938882,-1.827812474067653,1.5763475302913783,-1.6312056130115358,1.4793790188650966,-0.2666929232113672,0.35444388104329505,-0.3544043077657692,0.3544373658675303,0.3544572056205266,-0.3544063987205394,0.35443895185670715
85,1.434000000000001,-0.24167318642139435,-0.08876094222068787,0.10549198091030121,-0.0549754835665226,-0.054811034351587296,-0.2359798550605774,-0.11544496566057205,-1.9575342352450376,-1.6689097008150557,1.7172024656966796,-1.623936103465456,1.4674221391737938,-0.313417299836874,0.31843981236219404,-0.31843981236219404,0.31843981236219404,0.31843981236219404,-0.31843981236219404,0.31843981236219404,-1.6057630880401315,-1.827874673813605,1.578880217735619,-1.6320165527912562,1.4784755593853685,-0.2705348897129002,0.3544325403431841,-0.3544053988525067,0.3544321070655682,0.35446069723051016,-0.354407411414382,0.35444024087403425
86,1.450000000000001,-0.2440188080072403,-0.08762413263320923,0.10960392653942108,-0.05406966805458069,-0.05758446455001831,-0.23868241906166077,-0.11559131741523743,-1.9616012153784916,-1.6703701030256093,1.71902919780567,-1.6248372645996991,1.46646239809796,-0.31739534015456833,0.31838712573051453,-0.31838712573051453,0.31838712573051453,0.31838712573051453,-0.31838712573051453,0.31838712573051453,-1.6062898013851339,-1.8277708150314311,1.5812297498193142,-1.6329176461383685,1.477569159995486,-0.27438915932464203,0.3544038432071298,-0.35440549894949713,0.35441670545085024,0.3544635556388147,-0.3543963866501409,0.35443531215836727
87,1.468000000000001,-0.24428844451904297,-0.0847063809633255,0.12967470288276672,-0.05234111100435257,-0.06662112474441528,-0.24371320009231567,-0.11588282883167267,-1.965672689453809,-1.6717818760416647,1.7211904428537161,-1.6257096164497717,1.4653520460188865,-0.3214572268227736,0.31828218162059785,-0.31828218162059785,0.31828218162059785,0.31828218162059785,-0.31828218162059785,0.31828218162059785,-1.6069519158928007,-1.827751837789795,1.5840221829680101,-1.634025919478649,1.4764853861826948,-0.2787178901310339,0.3544225808333596,-0.35438506731220243,0.3544168117772516,0.3544373822461892,-0.3543858290991126,0.354418443241305
88,1.484000000000001,-0.2409670501947403,-0.08896959573030472,0.10497550666332245,-0.054784439504146576,-0.05405018478631973,-0.23426663875579834,-0.11545218527317047,-1.9696888069570546,-1.6732647026371699,1.722940034631438,-1.6266226904415075,1.4644512096057811,-0.32536167080203693,0.31843721330165864,-0.31843721330165864,0.31843721330165864,0.31843721330165864,-0.31843721330165864,0.31843721330165864,-1.607612595451399,-1.8278375419937962,1.5866517094351562,-1.634868639226024,1.47556971105283,-0.28255296867633695,0.3544250410400541,-0.354385283000242,0.3544190727730783,0.35443879050117727,-0.3543885660717847,0.35442116819535413
89,1.500000000000001,-0.24222373962402344,-0.0882323831319809,0.10650523006916046,-0.054137393832206726,-0.055388856679201126,-0.2350662648677826,-0.1155252754688263,-1.9737258692841217,-1.6747352423560362,1.7247151217992573,-1.627524980338711,1.463528061994461,-0.32927944188316666,0.31841090083122253,-0.31841090083122253,0.31841090083122253,0.31841090083122253,-0.31841090083122253,0.31841090083122253,-1.6082592564022373,-1.8278542072057375,1.589221097406092,-1.6356904413164657,1.4746642480988543,-0.28639524785182907,0.3544066771307885,-0.35438836973785104,0.3544108642397507,0.35444498554120685,-0.3543879130309698,0.35442261886626475
90,1.5180000000000011,-0.24471718072891235,-0.0873035341501236,0.11170156300067902,-0.053339239209890366,-0.058338992297649384,-0.23845422267913818,-0.11575408279895782,-1.977804488962937,-1.6761903012585382,1.7265768145159353,-1.6284139676588758,1.4625557454561668,-0.333253678927819,0.31832853019237517,-0.31832853019237517,0.31832853019237517,0.31832853019237517,-0.31832853019237517,0.31832853019237517,-1.6089689827894174,-1.8277941513747027,1.5920438123540828,-1.6366788320284593,1.4736406377426274,-0.29070760062458073,0.35438063878695975,-0.35438359349431925,0.3543948883592906,0.354443218531326,-0.3543757959514754,0.35441512823656834
91,1.5340000000000011,-0.24682709574699402,-0.08738552778959274,0.12130819261074066,-0.053153328597545624,-0.061095092445611954,-0.24490439891815186,-0.11631248891353607,-1.9819182738920536,-1.6776467267216981,1.7285986177261143,-1.6292998564688348,1.4615374939154067,-0.3373354189097882,0.318127503991127,-0.318127503991127,0.318127503991127,0.318127503991127,-0.318127503991127,0.318127503991127,-1.6095970490200193,-1.8277007014062334,1.5945296926984058,-1.6377165661865476,1.472674485899254,-0.2945394821333585,0.35438622036626527,-0.35434881447466465,0.3543802395639653,0.35440069714738104,-0.3543495562910395,0.3543815802400848
92,1.5500000000000012,-0.24045205116271973,-0.08892810344696045,0.10480254888534546,-0.05431126803159714,-0.05364229157567024,-0.23229148983955383,-0.11545412242412567,-1.9859258080780988,-1.6791288617791476,1.7303453268742035,-1.6302050442693614,1.4606434557224788,-0.3412069437404474,0.31843651592731476,-0.31843651592731476,0.31843651592731476,0.31843651592731476,-0.31843651592731476,0.31843651592731476,-1.6103353960455853,-1.8277734664389653,1.597226707526794,-1.6385798392195414,1.4717584042423646,-0.2983764218055613,0.354395281121862,-0.3543527791857867,0.35438863542349835,0.35440586610819197,-0.35435526860289285,0.3543889762663786
93,1.5680000000000012,-0.2411748468875885,-0.08844462037086487,0.10544788837432861,-0.05383002758026123,-0.054360173642635345,-0.23236840963363647,-0.11550192534923553,-1.9899453888595586,-1.6806029387853287,1.7321027916804423,-1.631102211395699,1.4597374528284348,-0.3450797505676747,0.3184193068742752,-0.3184193068742752,0.3184193068742752,0.3184193068742752,-0.3184193068742752,0.3184193068742752,-1.6111588282786042,-1.82779152876806,1.6002079382137735,-1.6395651100946693,1.4707327374879755,-0.3026737053204216,0.3543970909464074,-0.3543577009777212,0.3543910514996383,0.3544106433788207,-0.35436070924142443,0.3543927538866171
94,1.5840000000000012,-0.241690993309021,-0.08811432123184204,0.10594762861728668,-0.053432825952768326,-0.054858822375535965,-0.23221388459205627,-0.11553975939750671,-1.9939735720813756,-1.6820715108058595,1.7338685854907305,-1.6319927584949119,1.458823139122176,-0.3489499819775423,0.31840568661689755,-0.31840568661689755,0.31840568661689755,0.31840568661689755,-0.31840568661689755,0.31840568661689755,-1.6119336926687473,-1.8278393930868988,1.6029003118913199,-1.6404293795830007,1.4698290602497304,-0.3064785118458176,0.3543974751326254,-0.3543594756015997,0.35439177378121633,0.3544124237094788,-0.3543627153119041,0.35439423134511416
95,1.6000000000000012,-0.2423708587884903,-0.08769936114549637,0.10691554844379425,-0.053005773574113846,-0.05561085045337677,-0.23247548937797546,-0.11559927463531494,-1.9980130863945171,-1.6835331668249511,1.735650511298127,-1.6328761880544804,1.4578962916146196,-0.3528245734671752,0.3183842611312866,-0.3183842611312866,0.3183842611312866,0.3183842611312866,-0.3183842611312866,0.3183842611312866,-1.6126961602737113,-1.8278208394274422,1.6055326685456548,-1.6412706981271041,1.4689329382317986,-0.3102894157784635,0.35438145228277246,-0.3543621837629464,0.3543852237050793,0.35441845038446096,-0.35436171580802067,0.3543962079734704
96,1.6180000000000012,-0.24426719546318054,-0.08707144856452942,0.11099168658256531,-0.052401814609766006,-0.05782019719481468,-0.23497530817985535,-0.11580832302570343,-2.0020842063189033,-1.68498435763436,1.7375003727411698,-1.6337495516313099,1.4569326216613727,-0.35674082860350614,0.3183090037107468,-0.3183090037107468,0.3183090037107468,0.3183090037107468,-0.3183090037107468,0.3183090037107468,-1.613589991284528,-1.8278181228581263,1.6085364201410106,-1.64226456615998,1.4679111110645786,-0.31456348992262956,0.35437358446692674,-0.3543521104153418,0.3543759923239621,0.3544079669327929,-0.3543522514354068,0.3543861131442577
97,1.6340000000000012,-0.24437971413135529,-0.08691739290952682,0.1109691858291626,-0.052144911140203476,-0.05792643874883652,-0.2343980371952057,-0.11581720411777496,-2.006157201554426,-1.6864329808495186,1.7393498591716559,-1.6346186334836466,1.4559671810155588,-0.36064746255675956,0.318305806517601,-0.318305806517601,0.318305806517601,0.318305806517601,-0.318305806517601,0.318305806517601,-1.614436276076382,-1.8278605983745584,1.611263016715423,-1.6431425338892913,1.4670045074661189,-0.31835239626363265,0.3543685870901324,-0.3543434053089389,0.3543693009784086,0.3543984898236871,-0.3543440052564035,0.3543776682292936
98,1.6500000000000012,-0.2444402128458023,-0.086745485663414,0.11095671355724335,-0.051904983818531036,-0.05802762880921364,-0.23390322923660278,-0.11582842469215393,-2.010231205101856,-1.687878738943909,1.7411991377309433,-1.6354837165472886,1.4550000538687387,-0.3645458497107029,0.3183017671108246,-0.3183017671108246,0.3183017671108246,0.3183017671108246,-0.3183017671108246,0.3183017671108246,-1.6152715732794534,-1.8278328867329043,1.6139187659899732,-1.644016317643299,1.4660999027285995,-0.32215067102258443,0.3543496374538661,-0.35433922553920816,0.3543578718401617,0.35439660104950543,-0.35433540533341523,0.3543722360945161
99,1.6680000000000013,-0.24539603292942047,-0.08666682243347168,0.114559605717659,-0.05170135572552681,-0.059294793754816055,-0.23602303862571716,-0.11603699624538422,-2.014321138984013,-1.6893231859844668,1.7431084644929042,-1.6363454058093807,1.4540118073061583,-0.36847956702113155,0.31822668135166166,-0.31822668135166166,0.31822668135166166,0.31822668135166166,-0.31822668135166166,0.31822668135166166,-1.6162684550199171,-1.8278421830911167,1.6169710343506103,-1.6450258253036043,1.4650646260432219,-0.3264130929676109,0.35434393181810475,-0.35432019432425726,0.35434539384453173,0.3543757192977027,-0.354320789504477,0.3543544019040987
100,1.6840000000000013,-0.24416276812553406,-0.08670926839113235,0.11042651534080505,-0.05162037909030914,-0.057805731892585754,-0.232407808303833,-0.11581096798181534,-2.018390518452772,-1.6907683404576523,1.744948906415251,-1.637205745460886,1.453048378441282,-0.3723530304928621,0.31830805152654645,-0.31830805152654645,0.31830805152654645,0.31830805152654645,-0.31830805152654645,0.31830805152654645,-1.6171454420073814,-1.827787002965845,1.6196336286528095,-1.6458883479353001,1.4641606398955103,-0.3301905451376494,0.3543288754617773,-0.3543186003325303,0.35433753151138436,0.35437662173213275,-0.35431495864481233,0.3543522638671335
101,1.7000000000000013,-0.24522612988948822,-0.08659960329532623,0.11419135332107544,-0.05139639228582382,-0.05920727923512459,-0.2346360683441162,-0.1160224974155426,-2.0224776206175967,-1.692211667179241,1.7468520956372688,-1.638062351998983,1.45206159045403,-0.3762636316319307,0.31823190093040465,-0.31823190093040465,0.31823190093040465,0.31823190093040465,-0.31823190093040465,0.31823190093040465,-1.6181096869463605,-1.8278323616791845,1.6224235178900952,-1.646770928307951,1.4632378040504022,-0.33397822801488636,0.3543304500194415,-0.3543027902028095,0.3543297873211945,0.354357358979977,-0.35430436190821285,0.3543370775868986
102,1.7180000000000013,-0.24425598978996277,-0.08646900951862335,0.11043675243854523,-0.05122203752398491,-0.05806612968444824,-0.23137515783309937,-0.11580051481723785,-2.0265485537807626,-1.6936528173378849,1.7486927081779113,-1.6389160526243827,1.451093821625956,-0.3801198842624824,0.31831181466579433,-0.31831181466579433,0.31831181466579433,0.31831181466579433,-0.31831181466579433,0.31831181466579433,-1.619185408098047,-1.8278014903907838,1.6254830723576283,-1.6478008261748032,1.462195688337311,-0.3382234132773171,0.35433404950818914,-0.35430036240721907,0.3543312582512282,0.35435411624563323,-0.35430224511678443,0.3543353261300865
103,1.7340000000000013,-0.24248220026493073,-0.0869632139801979,0.10709652304649353,-0.05147789046168327,-0.05621891841292381,-0.22826316952705383,-0.11560782790184021,-2.030589923785178,-1.6951022042375548,1.7504776502286863,-1.6397740174654107,1.4501568396524072,-0.38392427042126664,0.3183811819553375,-0.3183811819553375,0.3183811819553375,0.3183811819553375,-0.3183811819553375,0.3183811819553375,-1.6201671485606028,-1.8277636343869395,1.6282098097885496,-1.648673238764692,1.4612829935131453,-0.341980801787607,0.3543391148819038,-0.3543057621315641,0.3543366520343076,0.3543600623357979,-0.3543082813248718,0.3543412071460888
104,1.7500000000000013,-0.24233078956604004,-0.08694393187761307,0.10694752633571625,-0.051355596631765366,-0.05618801340460777,-0.2275896668434143,-0.11558584868907928,-2.0346287702779455,-1.6965512697688483,1.7522601090009482,-1.6406299440759402,1.4492203727623303,-0.38771743153532356,0.3183890944719314,-0.3183890944719314,0.3183890944719314,0.3183890944719314,-0.3183890944719314,0.3183890944719314,-1.6211974371733113,-1.8277523922162664,1.6309764376315232,-1.6495715806390459,1.460362539508064,-0.3457409074451691,0.3543533986037394,-0.3543104164103002,0.3543456756765272,0.3543622558117223,-0.35431416828144496,0.35434535558424723
105,1.7680000000000013,-0.2411770075559616,-0.08720958977937698,0.10507799685001373,-0.05147598683834076,-0.05512906610965729,-0.22563210129737854,-0.1154567301273346,-2.0386483870705447,-1.698004762931838,1.7540114089484484,-1.6414878771899126,1.448301554993836,-0.39147796655694655,0.31843557715415954,-0.31843557715415954,0.31843557715415954,0.31843557715415954,-0.31843557715415954,0.31843557715415954,-1.6224215580368773,-1.82777579787396,1.6341328640313595,-1.650471312380315,1.4593768301878007,-0.349951739966624,0.3543314475903317,-0.35432454818062703,0.3543406696123703,0.3543818781106684,-0.35431760092805015,0.3543556238693983
106,1.7840000000000014,-0.24488304555416107,-0.08277466148138046,0.12917351722717285,-0.048530884087085724,-0.06785343587398529,-0.23264679312705994,-0.11614809930324554,-2.0427297711631143,-1.6993843406231943,1.7561643009022347,-1.6422967252580307,1.4471706643959363,-0.39535541310906425,0.3181866842508316,-0.3181866842508316,0.3181866842508316,0.3181866842508316,-0.3181866842508316,0.3181866842508316,-1.6235487187915605,-1.8277940924870537,1.6369418730466256,-1.651308219072195,1.4584580522851491,-0.3536841039081924,0.3543156679069909,-0.3543105786041267,0.3543255996002173,0.3543681230724539,-0.3543047367959173,0.35434168649697423
107,1.8000000000000014,-0.2467539757490158,-0.08604921400547028,0.11999775469303131,-0.050178997218608856,-0.061550263315439224,-0.23557081818580627,-0.11639661341905594,-2.046842337425598,-1.7008184941899522,1.758164263480452,-1.643133041878341,1.4461448266740125,-0.399281593412161,0.31809721916913986,-0.31809721916913986,0.31809721916913986,0.31809721916913986,-0.31809721916913986,0.31809721916913986,-1.624689754298426,-1.8277758020692587,1.6397323593812791,-1.6521846431333076,1.457519594249362,-0.3574324198991802,0.35429770825257123,-0.35428228456906835,0.35430311629594907,0.3543385532559003,-0.3542800249703552,0.35431510463317334
108,1.8180000000000014,-0.24511295557022095,-0.08595316112041473,0.11287935078144073,-0.05006683990359306,-0.05961607024073601,-0.22967883944511414,-0.11592429131269455,-2.050927553351768,-1.7022510468752925,1.760045585993476,-1.6439674892100675,1.4451512255033334,-0.4031095740695796,0.3182672551274299,-0.3182672551274299,0.3182672551274299,0.3182672551274299,-0.3182672551274299,0.3182672551274299,-1.6260113737112776,-1.8277379473013273,1.6428714615223772,-1.653245509415837,1.4564453091583813,-0.36163419248518924,0.35431924808546816,-0.3542729505374273,0.3543107586720567,0.35432470987993875,-0.3542768992673015,0.35430886985235543
109,1.8340000000000014,-0.24065667390823364,-0.08697742223739624,0.10357457399368286,-0.050829462707042694,-0.05504792556166649,-0.22205117344856262,-0.11530368030071259,-2.0549384979169054,-1.703700670579249,1.7617718288933708,-1.6448146469218516,1.4442337600773056,-0.406810426960389,0.31849067509174345,-0.31849067509174345,0.31849067509174345,0.31849067509174345,-0.31849067509174345,0.31849067509174345,-1.6273127476828875,-1.8278345004587122,1.645804819752221,-1.6539459986425458,1.4555735649798842,-0.3653506172634458,0.35430497190100235,-0.3542974382098162,0.3543155924397173,0.35435706114960414,-0.35429322508560845,0.35433223068842506
110,1.8500000000000014,-0.2480344921350479,-0.08521268516778946,0.12069536745548248,-0.049130428582429886,-0.06306503713130951,-0.2342497706413269,-0.11643096804618835,-2.059072406119156,-1.7051208819987123,1.7637834183509622,-1.6456334873982255,1.4431826761251172,-0.4107145898044111,0.3180848515033722,-0.3180848515033722,0.3180848515033722,0.3180848515033722,-0.3180848515033722,0.3180848515033722,-1.628581025057714,-1.8277992964609573,1.6485990684107061,-1.6548674028848964,1.454620623239404,-0.3690794044629432,0.3542893820453058,-0.35427210193741987,0.35429290622827236,0.3543263480131705,-0.3542693097120743,0.3543028919915564
111,1.8680000000000014,-0.2447836697101593,-0.08577928692102432,0.11154939234256744,-0.04956426844000816,-0.05957004055380821,-0.22683259844779968,-0.11582200229167938,-2.063152133947659,-1.7065505367807294,1.765642574890005,-1.6464595585388924,1.442189842115887,-0.4144951331118744,0.3183040791749954,-0.3183040791749954,0.3183040791749954,0.3183040791749954,-0.3183040791749954,0.3183040791749954,-1.6300119681613272,-1.8276875089948237,1.651695497630149,-1.6559278168221616,1.4535406050608561,-0.3732570780601143,0.3543134032938813,-0.35426857626454006,0.3543059326070891,0.35432085308077865,-0.3542723936800622,0.35430455452564447
112,1.8840000000000015,-0.2399243712425232,-0.08695470541715622,0.10209472477436066,-0.05048105865716934,-0.0547967404127121,-0.21899887919425964,-0.11513690650463104,-2.0671508734683677,-1.7079997818710153,1.7673441536362444,-1.6473009095165119,1.4412765631090085,-0.41814511443177876,0.3185507136583328,-0.3185507136583328,0.3185507136583328,0.3185507136583328,-0.3185507136583328,0.3185507136583328,-1.631485371484566,-1.827819371987848,1.6546840417279434,-1.6566348368300194,1.45265695847868,-0.37694910690467964,0.35431930685630225,-0.35429583225909916,0.35432216731670446,0.3543524412021734,-0.35429601381725195,0.3543316850178101
113,1.9000000000000015,-0.24587692320346832,-0.0850634053349495,0.11169429123401642,-0.0487055741250515,-0.060753364115953445,-0.2255922555923462,-0.11583436280488968,-2.0712488221884255,-1.7094175052932645,1.7692057251568114,-1.6481126690852628,1.4402640070404094,-0.4219049853583179,0.3182996293902397,-0.3182996293902397,0.3182996293902397,0.3182996293902397,-0.3182996293902397,0.3182996293902397,-1.632876208925412,-1.8277450608972206,1.6574637383461435,-1.6575898341335507,1.4516947503067732,-0.380644191794623,0.3543351557375578,-0.35429337891509477,0.354327509991898,0.3543437316373289,-0.3542962585101078,0.3543264374283348
114,1.9180000000000015,-0.2410634458065033,-0.08629649877548218,0.10292933881282806,-0.04970351234078407,-0.05613032355904579,-0.21837711334228516,-0.11518606543540955,-2.0752665462852007,-1.710855780272856,1.7709212141370252,-1.6489410609576092,1.4393285016477586,-0.42554460391402266,0.31853301644325255,-0.31853301644325255,0.31853301644325255,0.31853301644325255,-0.31853301644325255,0.31853301644325255,-1.6345744544843357,-1.8277789540936167,1.660721064738801,-1.658443371876843,1.4506827470440449,-0.38477671844114825,0.35434043169214546,-0.3543193294653522,0.3543443004279397,0.3543761627286583,-0.35431910738233874,0.35435454990157095
115,1.9340000000000015,-0.2454981952905655,-0.085008405148983,0.11056050658226013,-0.0484110489487648,-0.06064590439200401,-0.2233719527721405,-0.11573538184165955,-2.079358182873377,-1.712272587025339,1.7727638892467295,-1.649747911773422,1.4383177365745585,-0.42926746979355834,0.31833526253700256,-0.31833526253700256,0.31833526253700256,0.31833526253700256,-0.31833526253700256,0.31833526253700256,-1.636070753165024,-1.827700453106096,1.663501846632599,-1.6594159709023157,1.4497163604585088,-0.38843328490388945,0.35436796026073475,-0.35431632866435037,0.3543557043544214,0.354365125926127,-0.3543208678751466,0.3543499981557554
116,1.9500000000000015,-0.23939046263694763,-0.08656396716833115,0.10004821419715881,-0.04973010718822479,-0.05490628257393837,-0.21477890014648438,-0.11492322385311127,-2.083348023917326,-1.7137153198114778,1.7744313594833487,-1.6505767468932258,1.4374026318649928,-0.4328471181293331,0.3186276394128799,-0.3186276394128799,0.3186276394128799,0.3186276394128799,-0.3186276394128799,0.3186276394128799,-1.6377520454968462,-1.8278160215705694,1.6664661078326413,-1.6601482597645392,1.4488202831492314,-0.392085831287059,0.3543847276030737,-0.3543456484942461,0.35438015222763375,0.35439919041772733,-0.3543497303494764,0.3543822973232955
117,1.9680000000000015,-0.24369437992572784,-0.08496865630149841,0.10511374473571777,-0.048193469643592834,-0.05896774306893349,-0.2179533839225769,-0.11535438895225525,-2.087409596916088,-1.7151314640831694,1.776183255228944,-1.6513799713872857,1.4364198361471774,-0.4364796745280427,0.3184724199771881,-0.3184724199771881,0.3184724199771881,0.3184724199771881,-0.3184724199771881,0.3184724199771881,-1.6395809435516302,-1.8277605122549156,1.6696210774179492,-1.6610535697900675,1.4478009741188158,-0.39617196844007846,0.35437260417942523,-0.35436490151604527,0.3543822210236946,0.3544228330984854,-0.35435976036788946,0.354397260969144
118,1.9840000000000015,-0.24708425998687744,-0.08478560298681259,0.11690215766429901,-0.0478198416531086,-0.06312202662229538,-0.22614198923110962,-0.11613181233406067,-2.0915276679158694,-1.716544557466283,1.778131624523349,-1.6521769687481709,1.435367802370139,-0.44024870768189456,0.31819254755973814,-0.31819254755973814,0.31819254755973814,0.31819254755973814,-0.31819254755973814,0.31819254755973814,-1.6412641547616484,-1.8277026600337078,1.6724082199614438,-1.662030359800217,1.446820972849948,-0.39979371145253884,0.35439346128419347,-0.3543374766172267,0.35437858535365896,0.35438508980865213,-0.35434345678557244,0.35437078095046004
119,2.0000000000000013,-0.2390241026878357,-0.08620724081993103,0.09844227135181427,-0.049125950783491135,-0.05510624498128891,-0.21145325899124146,-0.11474993824958801,-2.0955114029606667,-1.717981344813282,1.7797723290458791,-1.6529957345945625,1.4344493649537842,-0.4437729286650819,0.3186900222301483,-0.3186900222301483,0.3186900222301483,0.3186900222301483,-0.3186900222301483,0.3186900222301483,-1.6430769754482721,-1.827758291979298,1.6753042623023466,-1.6627679327133078,1.4459191520732604,-0.4034104719831572,0.35441267603853466,-0.35437279021291107,0.35440882143596825,0.3544269270875158,-0.35437650347833616,0.35441058779063367
120,2.0179999999999993,-0.24300570785999298,-0.08483339101076126,0.10336418449878693,-0.04776182398200035,-0.05888408422470093,-0.21450042724609375,-0.11517370492219925,-2.0995614980916666,-1.7193952346634613,1.7814950654541923,-1.6537917649942626,1.4334679635500391,-0.44734793578585014,0.31853746622800827,-0.31853746622800827,0.31853746622800827,0.31853746622800827,-0.31853746622800827,0.31853746622800827,-1.64527942090744,-1.8279500335138803,1.6786654302300794,-1.6634563357717909,1.4449589284653803,-0.4074567507427868,0.3543773381288147,-0.35439657623526244,0.3543995236632987,0.35446010270530187,-0.3543878489179116,0.35442867214277163
121,2.0339999999999976,-0.2543458044528961,-0.08185490220785141,0.1274946928024292,-0.04490164667367935,-0.07089202105998993,-0.23144575953483582,-0.11683624982833862,-2.103800594832548,-1.7207594830335922,1.7836199770008996,-1.6545401257721573,1.4322864298657059,-0.4512053651114307,0.31793895006179806,-0.31793895006179806,0.31793895006179806,0.31793895006179806,-0.31793895006179806,0.31793895006179806,-1.6470263592579275,-1.8276992359615176,1.6812163839876642,-1.6645998825853932,1.443934193085418,-0.41105205975337994,0.3543604965671832,-0.3543466539862148,0.3543646039025283,0.35439771987202456,-0.3543362357214077,0.35437167486722
122,2.049999999999996,-0.24181966483592987,-0.0822536051273346,0.12087690830230713,-0.04641735553741455,-0.06721800565719604,-0.21560269594192505,-0.11548719555139542,-2.1078309225798137,-1.722130376452381,1.7856345921392713,-1.6553137483644476,1.4311661297714193,-0.4547987433771295,0.31842460960149765,-0.31842460960149765,0.31842460960149765,0.31842460960149765,-0.31842460960149765,0.31842460960149765,-1.6490074091689781,-1.8277152898854765,1.6840363384132127,-1.6653579045022984,1.4429922675522289,-0.41464946196147917,0.35436637506316376,-0.3543473711972888,0.3543720024626763,0.3544042751927961,-0.35434302931732603,0.3543815306142857
123,2.067999999999994,-0.2436855286359787,-0.08123000711202621,0.12265807390213013,-0.045439213514328,-0.06934554874897003,-0.21588000655174255,-0.11560863256454468,-2.11189234805708,-1.723484209904248,1.7876788933709735,-1.6560710685896864,1.430010370625603,-0.4583967434863252,0.3183808922767639,-0.3183808922767639,0.3183808922767639,0.3183808922767639,-0.3183808922767639,0.3183808922767639,-1.6512703858163875,-1.8276745923821989,1.687150774167206,-1.6663122333031848,1.4418946263109016,-0.4186746934511477,0.35437162528977195,-0.35435190328486277,0.35437530257894867,0.3544055023180957,-0.3543442602320492,0.3543820503012611
124,2.083999999999992,-0.2423745095729828,-0.08174044638872147,0.12059199810028076,-0.04578608274459839,-0.06820863485336304,-0.21375679969787598,-0.11543538421392441,-2.11593192321663,-1.7248465506773933,1.789688760005978,-1.656834169968763,1.4288735600447138,-0.46195935681462313,0.3184432616829872,-0.3184432616829872,0.3184432616829872,0.3184432616829872,-0.3184432616829872,0.3184432616829872,-1.6533636940896708,-1.8276754721437396,1.6899674172213306,-1.667082945955756,1.4409276632459096,-0.42223393253284824,0.3543779399743813,-0.35435786638035666,0.354381373241318,0.3544123600363537,-0.35435290046782614,0.35438922179393495
125,2.0999999999999903,-0.24347443878650665,-0.08109050989151001,0.12154905498027802,-0.04514296352863312,-0.0695686787366867,-0.2135632038116455,-0.11548721790313721,-2.1199898305297387,-1.7261980591755852,1.7917145775889827,-1.6575865526942402,1.427714082065769,-0.4655187435448172,0.31842460155487057,-0.31842460155487057,0.31842460155487057,0.31842460155487057,-0.31842460155487057,0.31842460155487057,-1.6555339685619186,-1.827696476614364,1.692799278179682,-1.6678858641922654,1.4399385457810818,-0.42579295086750474,0.35438633795976926,-0.3543624349647979,0.35438741635885945,0.3544152896174885,-0.35435737558808517,0.3543929232346476
126,2.1179999999999883,-0.24346409738063812,-0.0809340849518776,0.12114745378494263,-0.044938523322343826,-0.06980995088815689,-0.2125086784362793,-0.11543899774551392,-2.1240475654860824,-1.7275469605914497,1.7937337018187318,-1.658335528082946,1.4265505828842997,-0.46906055485208853,0.31844196081161497,-0.31844196081161497,0.31844196081161497,0.31844196081161497,-0.31844196081161497,0.31844196081161497,-1.6581070258282475,-1.8278037978075174,1.6960573713876332,-1.668608853018209,1.4388775220985224,-0.4297771569839181,0.3543479236941055,-0.3543763174223701,0.35437463662066665,0.35443986351497087,-0.35435923057864166,0.35440476047980685
127,2.1339999999999866,-0.25206229090690613,-0.07855236530303955,0.14017987251281738,-0.042436156421899796,-0.07946573197841644,-0.22473254799842834,-0.11670617014169693,-2.1282486036678643,-1.7288561666798337,1.7960700330272787,-1.6590427973566442,1.4252261540179927,-0.472806097318729,0.3179857787489891,-0.3179857787489891,0.3179857787489891,0.3179857787489891,-0.3179857787489891,0.3179857787489891,-1.6603661561155403,-1.8277730872779716,1.698844678460166,-1.669403828605158,1.4378573737336984,-0.4333152493306144,0.3543037911641221,-0.35433380161755224,0.354329608750147,0.35439594275118375,-0.35431703417831995,0.35435978062924467
128,2.149999999999985,-0.2519244849681854,-0.07855533063411713,0.13983137905597687,-0.04237901046872139,-0.07957915961742401,-0.22383958101272583,-0.11665317416191101,-2.132447345084001,-1.7301654221904024,1.798400556011545,-1.6597491141977896,1.4238998346910356,-0.47653675700227444,0.318004857301712,-0.318004857301712,0.318004857301712,0.318004857301712,-0.318004857301712,0.318004857301712,-1.6628101950673553,-1.8279122836930985,1.7017861636650258,-1.67011637572029,1.436819376821899,-0.4368677116777398,0.35428207546990254,-0.35429393230930917,0.354301105629851,0.3543556883096139,-0.3542855266929333,0.3543261169730269
129,2.167999999999983,-0.2538943886756897,-0.08142802864313126,0.12352447211742401,-0.04377054050564766,-0.07177414000034332,-0.22322282195091248,-0.11648142337799072,-2.1366789182285957,-1.7315225560011211,1.800459297213502,-1.660478623206217,1.4227035990243633,-0.480257137368123,0.3180666875839233,-0.3180666875839233,0.3180666875839233,0.3180666875839233,-0.3180666875839233,0.3180666875839233,-1.665498139013374,-1.827874701285322,1.7049201537763157,-1.671084366174331,1.4356017015331615,-0.44085851442138857,0.3542716410342031,-0.35426248227170926,0.35428186722480354,0.3543203276223939,-0.35425919769566744,0.3542967012172537
130,2.183999999999981,-0.24880379438400269,-0.08210644870996475,0.10851673781871796,-0.044367000460624695,-0.06634664535522461,-0.2112477421760559,-0.11543646454811096,-2.140825648134996,-1.732890996812954,1.8022679095104808,-1.6612180732138941,1.4215978216017762,-0.48377793307105726,0.31844287276268,-0.31844287276268,0.31844287276268,0.31844287276268,-0.31844287276268,0.31844287276268,-1.667937290049506,-1.8278301381749746,1.7077067806210275,-1.671887854070565,1.4345421552162543,-0.4443870206735488,0.3542993778883919,-0.3542762946136219,0.3543038463879996,0.3543337149251806,-0.3542775697441071,0.3543136640116653
131,2.1999999999999793,-0.24722199141979218,-0.08238239586353302,0.10539984703063965,-0.04455052316188812,-0.06506896018981934,-0.20820459723472595,-0.11517706513404846,-2.144946014658659,-1.734264036744013,1.8040245736276581,-1.661960581933259,1.4205133389319458,-0.487248009691636,0.31853625655174256,-0.31853625655174256,0.31853625655174256,0.31853625655174256,-0.31853625655174256,0.31853625655174256,-1.6704248118360403,-1.8277722049097829,1.7104818969456903,-1.672702343053439,1.433478861638043,-0.4479107183026231,0.35433304104547236,-0.3543016736845342,0.3543321910738945,0.3543557851975103,-0.3543035114976203,0.3543370106115036
132,2.2179999999999773,-0.2454153597354889,-0.08284541219472885,0.10292631387710571,-0.044914521276950836,-0.063754141330719,-0.20562276244163513,-0.11493055522441864,-2.1490362706542507,-1.7356447936139252,1.8057400121922766,-1.662709157287875,1.4194507699097672,-0.49067505573232995,0.3186250001192093,-0.3186250001192093,0.3186250001192093,0.3186250001192093,-0.3186250001192093,0.3186250001192093,-1.6734808472287985,-1.8279525657963953,1.7137907066200135,-1.6734272618589645,1.4323411959533687,-0.4518469200507482,0.35435431052012645,-0.3543357187103796,0.35435874322420624,0.35439253890232625,-0.35433763379531547,0.3543710998613475
133,2.2339999999999756,-0.25113940238952637,-0.08058641850948334,0.10866241157054901,-0.04272862896323204,-0.0688687190413475,-0.20899099111557007,-0.11549575626850128,-2.1532219273607427,-1.7369879005890834,1.807551052385119,-1.6634213011039287,1.4183029579257447,-0.4941582389175894,0.31842152774333954,-0.31842152774333954,0.31842152774333954,0.31842152774333954,-0.31842152774333954,0.31842152774333954,-1.676060324498694,-1.8278352255198398,1.716461934006042,-1.6742773287643702,1.4312713164429234,-0.4553252443676542,0.3543581479284084,-0.3543484366300365,0.3543668809525168,0.3544043426789695,-0.35434474636875557,0.35438022146586573
134,2.249999999999974,-0.24807347357273102,-0.08174251765012741,0.1061931848526001,-0.043722398579120636,-0.06667409092187881,-0.2064557671546936,-0.11520364135503769,-2.1573564852536213,-1.738350275883252,1.809320938799329,-1.664150007746914,1.4171917230770468,-0.49759916837016765,0.3185266891121864,-0.3185266891121864,0.3185266891121864,0.3185266891121864,-0.3185266891121864,0.3185266891121864,-1.678712301888656,-1.8277509898734061,1.719161798268704,-1.67510480968884,1.4301967986179729,-0.4588002934730525,0.3543934706336073,-0.3543613148422871,0.3543922745297734,0.3544153219039656,-0.35436391173578163,0.3543966400694025
135,2.267999999999972,-0.2448301613330841,-0.08246978372335434,0.10133123397827148,-0.044380929321050644,-0.06407187879085541,-0.2020736038684845,-0.11475564539432526,-2.161436987942506,-1.7397247722786413,1.8110097926989668,-1.664889689902265,1.4161238584305325,-0.5009670617679758,0.3186879676580429,-0.3186879676580429,0.3186879676580429,0.3186879676580429,-0.3186879676580429,0.3186879676580429,-1.6817601013481887,-1.8276505462635197,1.7221675722210208,-1.6761354098952967,1.4289621989080685,-0.4626782005587604,0.35447157606025514,-0.3543943149584248,0.35444870802112693,0.3544387935303394,-0.354403595778634,0.35443056823723773
136,2.28399999999997,-0.23534215986728668,-0.08452446758747101,0.08748842775821686,-0.04642992094159126,-0.05620872601866722,-0.19038239121437073,-0.11340709030628204,-2.1653593572736276,-1.7411335134050991,1.8124679331616038,-1.665663521917958,1.4151870463302214,-0.5041401016215487,0.31917344748973847,-0.31917344748973847,0.31917344748973847,0.31917344748973847,-0.31917344748973847,0.31917344748973847,-1.6847233796935135,-1.8278437797688323,1.7250527970828262,-1.6765334474972586,1.42806093028994,-0.46609428748111137,0.35445706147128186,-0.3544832016526186,0.3544842699337916,0.3545492874793466,-0.354469140796215,0.354515681885963
137,2.2999999999999683,-0.254853755235672,-0.07574262470006943,0.14104406535625458,-0.03915216028690338,-0.08492164313793182,-0.21685001254081726,-0.11671122908592224,-2.1696069198608887,-1.7423958904834336,1.814818667584208,-1.6663160579227398,1.4137716856112559,-0.5077542684972289,0.317983957529068,-0.317983957529068,0.317983957529068,0.317983957529068,-0.317983957529068,0.317983957529068,-1.6874872756469943,-1.8276969994917491,1.7276225913398002,-1.677407722825966,1.426964852825774,-0.46951880492885717,0.35440674702641656,-0.35443649952721695,0.35443001608852115,0.3544943787673902,-0.3544174212102543,0.3544569626733927
138,2.3179999999999663,-0.25094515085220337,-0.07750656455755234,0.1363229751586914,-0.040764372795820236,-0.08136267215013504,-0.2135426104068756,-0.11631438136100769,-2.173789339041759,-1.7436876665593928,1.8170907171701862,-1.6669954641360034,1.4124156410754203,-0.5113133120040102,0.3181268227100372,-0.3181268227100372,0.3181268227100372,0.3181268227100372,-0.3181268227100372,0.3181268227100372,-1.6907417823550548,-1.827636665546122,1.730558257411004,-1.678467550086754,1.4256727227078132,-0.4733614046964681,0.3544239794583907,-0.3543906055428743,0.3544215010678369,0.3544400257145266,-0.35438316144808674,0.3544197079687114
139,2.3339999999999645,-0.23941555619239807,-0.08016595989465714,0.11367478966712952,-0.04361140355467796,-0.07013779878616333,-0.1967470943927765,-0.11455492675304413,-2.1777795983116324,-1.7450237658909704,1.8189852969979716,-1.6677223208619147,1.4112466777623176,-0.5145924302438898,0.3187602263689041,-0.3187602263689041,0.3187602263689041,0.3187602263689041,-0.3187602263689041,0.3187602263689041,-1.6938006666471437,-1.827750162918674,1.73328860488256,-1.6792521695518199,1.424554391328915,-0.4767482242784668,0.35451139174483665,-0.3544194362676562,0.3544839695086991,0.35446288839181966,-0.354432257755152,0.3544598040713798
140,2.349999999999963,-0.2332804948091507,-0.0840395987033844,0.08457085490226746,-0.04596551135182381,-0.055812910199165344,-0.18510594964027405,-0.11304540187120438,-2.1816676065584515,-1.7464244258693602,1.8203948112463428,-1.6684884127177784,1.4103164625923315,-0.517677529404561,0.3193036553263664,-0.3193036553263664,0.3193036553263664,0.3193036553263664,-0.3193036553263664,0.3193036553263664,-1.6969011124672757,-1.8278920476263136,1.7360449501854316,-1.6798089712012005,1.4235306953582711,-0.4801146736848527,0.35458185844142825,-0.35451074392627696,0.3545636718251503,0.35455970390052816,-0.35452598186926765,0.35455266690185183
141,2.367999999999961,-0.24162080883979797,-0.08102422207593918,0.09155023097991943,-0.0429195836186409,-0.06254041194915771,-0.1898922324180603,-0.1139681339263916,-2.185694620039115,-1.747774829570626,1.8219206484293415,-1.6692037391114223,1.4092741223931788,-0.520842399944862,0.31897147178649904,-0.31897147178649904,0.31897147178649904,0.31897147178649904,-0.31897147178649904,0.31897147178649904,-1.7001458192847068,-1.8276912570849086,1.738842341072195,-1.680654668396714,1.4223535002495822,-0.48386495393382684,0.35459143839491875,-0.3545749976611046,0.35459558101154265,0.3546287752547498,-0.3545706083499676,0.35460450147035555
142,2.383999999999959,-0.24419215321540833,-0.07736680656671524,0.11930830776691437,-0.04091823846101761,-0.0757189467549324,-0.19787245988845825,-0.11506298184394836,-2.189764489259372,-1.749064276346738,1.8239091202254567,-1.6698857097524393,1.4080121399472634,-0.5241402742763364,0.3185773265361786,-0.3185773265361786,0.3185773265361786,0.3185773265361786,-0.3185773265361786,0.3185773265361786,-1.7032443002666289,-1.827754818929283,1.7414965908283297,-1.6812579372352479,1.421331842164912,-0.4871790556420684,0.3545568782457862,-0.3545807569732936,0.35457933783059536,0.354641391788005,-0.35456483890015794,0.35460630864250475
143,2.3999999999999573,-0.252114474773407,-0.0757121741771698,0.1382099986076355,-0.03899609297513962,-0.08439541608095169,-0.21065634489059448,-0.11642272770404816,-2.1939663971722623,-1.7503261459163575,1.8262126202022506,-1.6705356446353583,1.4066055496792476,-0.5276512133578463,0.3180878180265427,-0.3180878180265427,0.3180878180265427,0.3180878180265427,-0.3180878180265427,0.3180878180265427,-1.706406882655674,-1.8278685688491443,1.7441788094579542,-1.681982831111058,1.4202049180976521,-0.4905031569504349,0.35454295073431424,-0.35452127059690697,0.35454408821289035,0.35457407763961457,-0.35452328897252355,0.35455284025231115
144,2.4179999999999553,-0.24889017641544342,-0.07899590581655502,0.10570076107978821,-0.04091754928231239,-0.07046066969633102,-0.19862163066864014,-0.11508309841156006,-2.198114566779186,-1.7516427443466334,1.8279742995535804,-1.6712176037900635,1.4054312051843088,-0.5309615738689902,0.3185700845718384,-0.3185700845718384,0.3185700845718384,0.3185700845718384,-0.3185700845718384,0.3185700845718384,-1.7097363652839486,-1.8276678083804412,1.7469290771308486,-1.6830228115655912,1.4188973995671277,-0.4942232607776241,0.3545880792446268,-0.3545242324253639,0.3545737424247244,0.3545726224250866,-0.35453261882754805,0.3545627008287638
145,2.4339999999999535,-0.2369195818901062,-0.08179587125778198,0.0895649641752243,-0.04378502815961838,-0.06068546697497368,-0.18535184860229492,-0.1134597510099411,-2.2020632264773545,-1.7530060088675965,1.8294670489565008,-1.6719473542593903,1.4044197807347258,-0.5340507713456951,0.3191544896364212,-0.3191544896364212,0.3191544896364212,0.3191544896364212,-0.3191544896364212,0.3191544896364212,-1.7128463401887708,-1.8276579097858114,1.7494810921446786,-1.683714968715787,1.4178393716603337,-0.49750073391103444,0.3546279048467175,-0.35459358166643506,0.35462741991551733,0.3546473510181174,-0.35459035617569706,0.35462863658038224
146,2.4499999999999518,-0.24121536314487457,-0.07739360630512238,0.11704804003238678,-0.041048772633075714,-0.07473701983690262,-0.19339841604232788,-0.11474962532520294,-2.206083482529769,-1.7542959023060152,1.8314178496237072,-1.6726315004699417,1.4031741637374442,-0.537274078279734,0.3186901348829269,-0.3186901348829269,0.3186901348829269,0.3186901348829269,-0.3186901348829269,0.3186901348829269,-1.7161282850701463,-1.8278552102830785,1.7521792989204417,-1.6841805024268586,1.4168100426678218,-0.5007721876078374,0.3546002714057747,-0.35461224063955793,0.3546183420648852,0.3546726197388212,-0.3546046403531686,0.35464251566017796
147,2.46799999999995,-0.25336480140686035,-0.0781431719660759,0.1211353987455368,-0.03995298594236374,-0.07667829096317291,-0.20813056826591492,-0.11613987386226654,-2.210306229219883,-1.7555982885054497,1.833436772936133,-1.673297383568981,1.4018961922213913,-0.5407429210841659,0.31818964540958405,-0.31818964540958405,0.31818964540958405,0.31818964540958405,-0.31818964540958405,0.31818964540958405,-1.7195729493006202,-1.8277249168475989,1.7549192945480747,-1.6851874141042307,1.4154899512126782,-0.5044465067302225,0.3545991384320945,-0.35455657573276467,0.35459105995110524,0.35460549658011686,-0.35456189013432465,0.35458899696811735
148,2.483999999999948,-0.24093471467494965,-0.07993040978908539,0.09564845263957977,-0.04199754074215889,-0.06525425612926483,-0.1879062056541443,-0.1140228882431984,-2.214321807797799,-1.7569304620019346,1.8350309138134593,-1.6739973425813504,1.4008086212859034,-0.5438746911784016,0.3189517602324486,-0.3189517602324486,0.3189517602324486,0.3189517602324486,-0.3189517602324486,0.3189517602324486,-1.7228697528277561,-1.8278961985394784,1.757552155819507,-1.6857523525053173,1.4144355513044689,-0.5076897914458934,0.35462238014054376,-0.35459690443726205,0.35462689853078366,0.35465483334629144,-0.35459930509458065,0.35463641790026285
149,2.4999999999999463,-0.24840132892131805,-0.07771579176187515,0.10645435750484467,-0.039767540991306305,-0.07202932238578796,-0.19543316960334778,-0.11507871001958847,-2.2184618299464876,-1.7582257251979658,1.8368051531052068,-1.6746601349312054,1.3996081325794736,-0.5471319106717907,0.31857166439294815,-0.31857166439294815,0.31857166439294815,0.31857166439294815,-0.31857166439294815,0.31857166439294815,-1.725952033381858,-1.8277714768186357,1.7599310872339324,-1.686612356106529,1.413282211427574,-0.5109308393029528,0.3546417476025462,-0.3545970557288441,0.3546339761087347,0.3546460801989586,-0.35460242874161296,0.35463094271156304
150,2.5179999999999443,-0.240395650267601,-0.07948051393032074,0.09581272304058075,-0.041640810668468475,-0.06562522053718567,-0.1865982711315155,-0.11400242149829865,-2.222468424117614,-1.7595504004301379,1.8384020318225498,-1.6753541484423464,1.3985143789038539,-0.5502418818573159,0.31895912826061246,-0.31895912826061246,0.31895912826061246,0.31895912826061246,-0.31895912826061246,0.31895912826061246,-1.7294559952739366,-1.8276669383253914,1.762612033756283,-1.6874719394846085,1.412045593087188,-0.5145499634878709,0.3546733799094012,-0.35464128869580647,0.35467249940403145,0.35469398217084847,-0.3546376888169879,0.3546739278163676
151,2.5339999999999425,-0.23983843624591827,-0.07632419466972351,0.11803093552589417,-0.040244001895189285,-0.07594539225101471,-0.19027650356292725,-0.11469067633152008,-2.2264657313883793,-1.7608224703413,1.8403692140813146,-1.6760248818072663,1.397248622366337,-0.553413156916698,0.31871135652065274,-0.31871135652065274,0.31871135652065274,0.31871135652065274,-0.31871135652065274,0.31871135652065274,-1.7327911751325713,-1.8278584237669946,1.765195452070494,-1.687912941409122,1.4110089297646065,-0.5177465512317198,0.3546444100134126,-0.35465642757592036,0.3546634268466004,0.35471781901930743,-0.35464885908293686,0.3546880444007971
152,2.5499999999999408,-0.2524382174015045,-0.07706848531961441,0.12231534719467163,-0.03904950991272926,-0.07808267325162888,-0.20534351468086243,-0.11613593995571136,-2.230673035011738,-1.762106945096627,1.8424078032012259,-1.6766757069724785,1.39594724447881,-0.5568355488280458,0.3181910616159439,-0.3181910616159439,0.3181910616159439,0.3181910616159439,-0.3181910616159439,0.3181910616159439,-1.7359200920394124,-1.827775835047648,1.767556063445007,-1.6887249809901739,1.409843614879574,-0.5209581191595671,0.3546217022068152,-0.3546057093975404,0.35462612602740173,0.35465893865056053,-0.3546044139877788,0.3546360415976471
153,2.5679999999999388,-0.2451956570148468,-0.07782988250255585,0.10618598759174347,-0.04006772115826607,-0.07138705253601074,-0.1924383044242859,-0.11483354866504669,-2.2347596292953185,-1.7634041098050028,1.8441775696610883,-1.6773435023251162,1.3947574602698765,-0.5600428539017839,0.31865992248058317,-0.31865992248058317,0.31865992248058317,0.31865992248058317,-0.31865992248058317,0.31865992248058317,-1.7396188555337497,-1.8279054647019886,1.7703617732261727,-1.689446792610244,1.408596548998061,-0.5245546873654703,0.3546322736999316,-0.3546083927020067,0.3546362694942398,0.354665079629271,-0.35461059796329575,0.3546458028578099
154,2.583999999999937,-0.24733765423297882,-0.07656390964984894,0.10786908864974976,-0.03888406604528427,-0.07343205064535141,-0.19286558032035828,-0.11506377160549164,-2.2388819235325346,-1.7646801749658336,1.8459753878052507,-1.6779915700925376,1.3935335927591206,-0.5632572802404565,0.318577042222023,-0.318577042222023,0.318577042222023,0.318577042222023,-0.318577042222023,0.318577042222023,-1.7427306317063131,-1.8277897197376005,1.772657384337669,-1.6902870159073475,1.4074269737751997,-0.5277348693383915,0.3546528114905358,-0.3546070913148389,0.3546455990631828,0.3546569931229322,-0.35461263688210315,0.35464248970224244
155,2.5999999999999353,-0.23911505937576294,-0.07834164053201675,0.09714323282241821,-0.040820326656103134,-0.06686760485172272,-0.18399444222450256,-0.11396433413028717,-2.2428671745221305,-1.7659858689747006,1.8475944416856243,-1.6786719088701394,1.3924191326782585,-0.5663238542775315,0.3189728397130966,-0.3189728397130966,0.3189728397130966,0.3189728397130966,-0.3189728397130966,0.3189728397130966,-1.7458160243030867,-1.827649201091109,1.7749319728444009,-1.6911014271066553,1.4062685823883105,-0.5309061654243389,0.3547152932513584,-0.35464511911664987,0.3546976817374303,0.35469219220219705,-0.3546548985003838,0.3546833449613563
156,2.6179999999999333,-0.23222678899765015,-0.07992547750473022,0.09025196731090546,-0.04259123280644417,-0.061796579509973526,-0.1779201626777649,-0.11309829354286194,-2.246737621005425,-1.7673179602664462,1.849098641140806,-1.6793817627502468,1.3913891896864257,-0.569289190322161,0.31928461432456967,-0.31928461432456967,0.31928461432456967,0.31928461432456967,-0.31928461432456967,0.31928461432456967,-1.7495341636637567,-1.8278099681890503,1.7777029002393128,-1.6916127882781111,1.4051214157310172,-0.5344436508505147,0.3547178420546345,-0.35472801843197227,0.3547367700212413,0.35478950682387367,-0.35471721226620057,0.3547595589448243
157,2.6339999999999315,-0.24839463829994202,-0.0718468651175499,0.1354445368051529,-0.03600214794278145,-0.08730342984199524,-0.19750964641571045,-0.1160125806927681,-2.250877531643757,-1.7685154080184053,1.8513560500875585,-1.679981798549293,1.3899341325223924,-0.5725810177624228,0.31823547095060345,-0.31823547095060345,0.31823547095060345,0.31823547095060345,-0.31823547095060345,0.31823547095060345,-1.7527719320517925,-1.8278635045787597,1.7800721486362325,-1.6923188714975146,1.4039646950645532,-0.5375760121780684,0.35469480933308895,-0.3546778319871492,0.3546965695866207,0.35472904496462465,-0.35467845280712745,0.35470580405140756
158,2.6499999999999297,-0.24521233141422272,-0.07613212615251541,0.10852690041065216,-0.038706496357917786,-0.07366016507148743,-0.19056585431098938,-0.11494480073451996,-2.254964403833994,-1.769784276787614,1.8531648317610694,-1.680626906821925,1.3887064631045343,-0.5757571153342725,0.3186198717355728,-0.3186198717355728,0.3186198717355728,0.3186198717355728,-0.3186198717355728,0.3186198717355728,-1.755859667925665,-1.8277407119374738,1.7823120146310525,-1.6931175973596648,1.40278855769273,-0.5407135012519899,0.3547147725181589,-0.3546695969897477,0.3547085761150314,0.35472089336239554,-0.35467555795724937,0.3547064909801386
159,2.6679999999999278,-0.2380729466676712,-0.07746176421642303,0.0986807644367218,-0.04023722559213638,-0.06793815642595291,-0.1823536455631256,-0.1139473170042038,-2.2589322862784553,-1.771075306191221,1.854809511168348,-1.6812975272484607,1.387574160497435,-0.5787963427603247,0.3189789658784866,-0.3189789658784866,0.3189789658784866,0.3189789658784866,-0.3189789658784866,0.3189789658784866,-1.7593916000689396,-1.8276798675250636,1.7848694933993936,-1.6939365484865208,1.4015201003462512,-0.5442197312799361,0.35474209703907195,-0.35470881451431674,0.3547412506500532,0.35476143121858367,-0.3547051971729395,0.3547421807115517
160,2.683999999999926,-0.23788689076900482,-0.07409259676933289,0.12173965573310852,-0.03868430480360985,-0.0788978710770607,-0.18631434440612793,-0.11470459401607513,-2.262897067791272,-1.7723101828040433,1.8568385054305665,-1.6819422656618541,1.3862591959794839,-0.5819015818337602,0.31870634615421295,-0.31870634615421295,0.31870634615421295,0.31870634615421295,-0.31870634615421295,0.31870634615421295,-1.7626596788891855,-1.8278033472790929,1.7872602677465375,-1.694415829558256,1.4004411084885766,-0.5473203077901133,0.3546996267665181,-0.35471511975080805,0.3547194519391308,0.3547752010974617,-0.35470368107445877,0.35474345375665955
161,2.6999999999999242,-0.24737848341464996,-0.07100612670183182,0.13721351325511932,-0.035458311438560486,-0.08854047954082489,-0.19597193598747253,-0.11600683629512787,-2.2670200425148495,-1.773493618249074,1.8591253973181519,-1.6825332375191635,1.3847835213204702,-0.5851677807668847,0.31823753893375395,-0.31823753893375395,0.31823753893375395,0.31823753893375395,-0.31823753893375395,0.31823753893375395,-1.7658861641420416,-1.8278778505978284,1.7896072149332547,-1.6950983605224763,1.3992509842406056,-0.5504288468467976,0.35468318862153425,-0.3546638374452904,0.3546858397266386,0.35471692836539753,-0.3546649847010423,0.3546951172754328
162,2.7179999999999223,-0.24447813630104065,-0.07519735395908356,0.1102127730846405,-0.038066647946834564,-0.07496820390224457,-0.18910351395606995,-0.11495283246040344,-2.2710946781198666,-1.7747469074817253,1.8609622768695626,-1.6831676816516108,1.3835340512554328,-0.5883195059994859,0.3186169803142547,-0.3186169803142547,0.3186169803142547,0.3186169803142547,-0.3186169803142547,0.3186169803142547,-1.7693015744490703,-1.8277055671559885,1.7920661081858678,-1.6960586659614403,1.397873108998701,-0.5539125387634161,0.35472083876962135,-0.35465609430713374,0.35470584920865245,0.35470383555423435,-0.35466527223322974,0.3546941363508973
163,2.7339999999999205,-0.232000932097435,-0.07781662046909332,0.09408281743526459,-0.04104134067893028,-0.06486915051937103,-0.1760064959526062,-0.11323058605194092,-2.2749613603214907,-1.7760438511562102,1.862530323826817,-1.6838517039962597,1.3824528987467766,-0.591252947598696,0.31923698902130127,-0.31923698902130127,0.31923698902130127,0.31923698902130127,-0.31923698902130127,0.31923698902130127,-1.7724542924950737,-1.8277149292563897,1.7943631438687824,-1.696645710570096,1.3967619598245955,-0.5569861199841596,0.35474805551309235,-0.3547215688581211,0.35475162296468205,0.3547775053327749,-0.35471822083079174,0.3547571923983871
164,2.7499999999999187,-0.23872976005077362,-0.07252980768680573,0.12551791965961456,-0.03743152320384979,-0.08180233836174011,-0.18603703379631042,-0.11490519344806671,-2.2789401896556702,-1.7772526812843237,1.8646222891544773,-1.684475562716324,1.3810895264407477,-0.5943535648286344,0.318634130358696,-0.318634130358696,0.318634130358696,0.318634130358696,-0.318634130358696,0.318634130358696,-1.7756761260119511,-1.8278145450544923,1.7967037840973132,-1.6971574731931411,1.3956503986367375,-0.5600614020609178,0.35469502930301267,-0.354724131741572,0.35472029161238516,0.35478516357241185,-0.35470646692628865,0.35474891053108226
165,2.7679999999999167,-0.24844427406787872,-0.07068610936403275,0.14627091586589813,-0.0350637212395668,-0.09195613861083984,-0.20012640953063965,-0.1164887398481369,-2.2830809275568016,-1.7784307831070576,1.8670601377522422,-1.6850599580703167,1.379556924130567,-0.5976890049874785,0.3180640536546707,-0.3180640536546707,0.3180640536546707,0.3180640536546707,-0.3180640536546707,0.3180640536546707,-1.7791888847689292,-1.8278039247776505,1.7992624541197832,-1.6979375177562146,1.3942696157250394,-0.5635193172097924,0.35465534527217457,-0.3546435788061346,0.3546620706650207,0.3546983781599774,-0.3546426283076906,0.3546744709207719
166,2.783999999999915,-0.2423652559518814,-0.07488901913166046,0.11103634536266327,-0.03803740441799164,-0.07528629899024963,-0.18696245551109314,-0.1147981584072113,-2.2871203484893328,-1.7796789334259187,1.8689107435082866,-1.6856939148106165,1.3783021524807295,-0.6008050459126634,0.3186726629734039,-0.3186726629734039,0.3186726629734039,0.3186726629734039,-0.3186726629734039,0.3186726629734039,-1.782346545506461,-1.8278368868103114,1.801556045454971,-1.6987359007774536,1.3930306205412342,-0.5665825223962014,0.35471508070646945,-0.3546370918563016,0.35469387530785035,0.35468332185669377,-0.3546498975225808,0.35467736782100695
167,2.7999999999999132,-0.23229169845581055,-0.07636717706918716,0.09590528905391693,-0.03992878645658493,-0.06684265285730362,-0.174706369638443,-0.11331559717655182,-2.2909918767969297,-1.780951719710405,1.8705091649925185,-1.686359394584893,1.3771881082664412,-0.6037168187399707,0.31920638501644133,-0.31920638501644133,0.31920638501644133,0.31920638501644133,-0.31920638501644133,0.31920638501644133,-1.7856421492305286,-1.8280535874132242,1.8039673088524117,-1.699187257597405,1.3919018918663753,-0.5696371522086039,0.35474807783265805,-0.3546990887991,0.3547409643051585,0.35475208598160635,-0.3547111937817514,0.35474084506965764
168,2.8179999999999112,-0.24178771674633026,-0.07302561402320862,0.10554277896881104,-0.03652039170265198,-0.07490251213312149,-0.18117234110832214,-0.11450150609016418,-2.295021672076035,-1.7821688132774585,1.8722682113086653,-1.686968067779937,1.3759397330642225,-0.6067363577584428,0.31877945780754086,-0.31877945780754086,0.31877945780754086,0.31877945780754086,-0.31877945780754086,0.31877945780754086,-1.7888838408445795,-1.8277249560882278,1.8062623780893885,-1.700102765383065,1.3905278326704007,-0.5730493554220645,0.3547518279805038,-0.3547232806283088,0.35475239566686934,0.35477501136216383,-0.35472485341734644,0.35475581206177964
169,2.8339999999999095,-0.2339477688074112,-0.07594599574804306,0.10130216181278229,-0.039512164890766144,-0.0695229023694992,-0.17736434936523438,-0.11368943750858307,-2.2989208015561586,-1.7834345798732592,1.8739565806722116,-1.6876266038614498,1.3747810180247308,-0.6096924302478633,0.3190718024969101,-0.3190718024969101,0.3190718024969101,0.3190718024969101,-0.3190718024969101,0.3190718024969101,-1.7921749052600255,-1.8279548795230152,1.8086675743378773,-1.7005457775441262,1.3894130115709,-0.5760639548246529,0.35477867016729964,-0.35475561069708106,0.35478177823286705,0.35481268031946483,-0.3547600741032041,0.3547927537195824
170,2.8499999999999077,-0.2440672069787979,-0.07281482964754105,0.11397835612297058,-0.036257028579711914,-0.07844913005828857,-0.1861899197101593,-0.11505036056041718,-2.3029885883391388,-1.784648160367385,1.8758562199409279,-1.6882308876711116,1.3734735325237595,-0.612795595576366,0.3185818701982498,-0.3185818701982498,0.3185818701982498,0.3185818701982498,-0.3185818701982498,0.3185818701982498,-1.795135637984382,-1.8277832185654856,1.8107834448879936,-1.7012882364115711,1.3882074551046504,-0.5790832052908104,0.3547560003929038,-0.3547481149401961,0.3547652950396836,0.35480256098565954,-0.3547437849697673,0.3547781462608265
171,2.8679999999999057,-0.24011564254760742,-0.07423873990774155,0.11202147603034973,-0.03773263841867447,-0.07592140138149261,-0.18416815996170044,-0.11465521156787872,-2.3069905157149324,-1.7858854726991806,1.8777232445414338,-1.6888597649780894,1.3722081758340678,-0.615865064909061,0.31872412383556364,-0.31872412383556364,0.31872412383556364,0.31872412383556364,-0.31872412383556364,0.31872412383556364,-1.7985738248845848,-1.8277233626493974,1.8132492234118531,-1.7022243590691293,1.3868103911188292,-0.5824646119688169,0.3548204388468244,-0.3547366482196861,0.35479469096680993,0.3547793578781911,-0.3547490914011469,0.35477337232934775
172,2.883999999999904,-0.22625567018985748,-0.07664870470762253,0.09343445301055908,-0.04075831174850464,-0.06456495821475983,-0.16917330026626587,-0.1126602366566658,-2.31076144355143,-1.7871629511109743,1.8792804854249432,-1.689539070173898,1.3711320931971551,-0.6186846199134988,0.3194423148036003,-0.3194423148036003,0.3194423148036003,0.3194423148036003,-0.3194423148036003,0.3194423148036003,-1.8016320314818208,-1.8276985781824844,1.8154628012476206,-1.7027380687666174,1.3856992676108593,-0.5854467197240161,0.3548395281670341,-0.35481997118675385,0.3548470356260924,0.354877376103073,-0.35481494339370445,0.3548555964179685
173,2.899999999999902,-0.2364194542169571,-0.07060784846544266,0.12892644107341766,-0.036221228539943695,-0.08454204350709915,-0.1819964051246643,-0.11481224000453949,-2.3147017677883794,-1.7883397485853985,1.8814292594428335,-1.6901427573162304,1.3697230591387035,-0.6217178933322431,0.3186675935983658,-0.3186675935983658,0.3186675935983658,0.3186675935983658,-0.3186675935983658,0.3186675935983658,-1.8048304108204323,-1.8278457183823025,1.8177724267281978,-1.7032094439816259,1.3845755905120805,-0.5884320964443764,0.35478411326516096,-0.3548144439267515,0.35480914548673564,0.3548752630540748,-0.3547972217817474,0.3548384973663987
174,2.9179999999999002,-0.2471902072429657,-0.06843792647123337,0.1505190134048462,-0.03342600166797638,-0.09564223140478134,-0.1964890956878662,-0.11650124192237854,-2.318821604575762,-1.7894803806932524,1.8839379096662476,-1.69069985734403,1.3681290219486237,-0.6249927115937076,0.3180595529079437,-0.3180595529079437,0.3180595529079437,0.3180595529079437,-0.3180595529079437,0.3180595529079437,-1.808334071834308,-1.8279014327231,1.8202956979471243,-1.7039680466228477,1.3831719514852867,-0.5917916550930156,0.3547361275006314,-0.35472341204339036,0.3547420327721103,0.35477728213300636,-0.35472235818609077,0.35475368065861174
175,2.9339999999998985,-0.2407808154821396,-0.07266417890787125,0.11436639726161957,-0.03649367019534111,-0.07837919890880585,-0.1830461621284485,-0.11476078629493713,-2.322834618167131,-1.790691450341717,1.8858440162872747,-1.691308085180619,1.3668227019668102,-0.628043480962515,0.3186861169338226,-0.3186861169338226,0.3186861169338226,0.3186861169338226,-0.3186861169338226,0.3186861169338226,-1.8113625758198617,-1.8278589160178773,1.822485660934468,-1.7046863630490932,1.3819288559196699,-0.5947706569392313,0.3547630168417745,-0.3547159637936622,0.35475758682380065,0.3547688229666423,-0.35472309899705357,0.3547558744963876
176,2.9499999999998967,-0.23441988229751587,-0.07348066568374634,0.10478360950946808,-0.037636108696460724,-0.07317778468132019,-0.17508912086486816,-0.11381427943706512,-2.326741616205423,-1.7919161281031128,1.8875904097790992,-1.6919353536588935,1.3656030722221215,-0.6309616329769295,0.31902685940265657,-0.31902685940265657,0.31902685940265657,0.31902685940265657,-0.31902685940265657,0.31902685940265657,-1.8143623992764035,-1.8277897238657177,1.8246618053344208,-1.705409883240872,1.3806898050905305,-0.5977450054075566,0.35481790234361676,-0.3547505195855234,0.3548020459704761,0.3547982356393006,-0.3547609868335976,0.35478973360547983
177,2.9679999999998947,-0.22878114879131317,-0.07459548860788345,0.09871447086334229,-0.03900796175003052,-0.06897641718387604,-0.16978713870048523,-0.11305759847164154,-2.3305546353519446,-1.7931593862465776,1.8892356509601549,-1.6925854863547274,1.364453465269057,-0.6337914186219377,0.319299264550209,-0.319299264550209,0.319299264550209,0.319299264550209,-0.319299264550209,0.319299264550209,-1.8177305994583728,-1.8277160640963945,1.8271134625544616,-1.7060959399588773,1.3793673923941265,-0.6010649998472835,0.35484876586201236,-0.3548240129772663,0.3548514474198217,0.35487800825962407,-0.3548193369003215,0.35485627126446906
178,2.983999999999893,-0.23378616571426392,-0.07007166743278503,0.1288069188594818,-0.03613036498427391,-0.0848083347082138,-0.17843753099441528,-0.11453165113925934,-2.3344510714471824,-1.7943272473704572,1.8913824329411462,-1.6931876591044652,1.36303999302392,-0.6367653774718446,0.31876860558986664,-0.31876860558986664,0.31876860558986664,0.31876860558986664,-0.31876860558986664,0.31876860558986664,-1.8208770048562322,-1.8278441550673323,1.8294125677250805,-1.706519083171886,1.3782270081483108,-0.6040038027314104,0.3547947527023087,-0.35482887205800967,0.35482223520197775,0.3548913283980575,-0.35481100908786983,0.3548537452622087
179,2.999999999999891,-0.24625906348228455,-0.06743615865707397,0.15225379168987274,-0.032745324075222015,-0.09742815792560577,-0.1940738558769226,-0.11642614006996155,-2.338555389171887,-1.795451183348075,1.8939199961359774,-1.693733414505719,1.3614161903918267,-0.6399999417364599,0.31808658957481384,-0.31808658957481384,0.31808658957481384,0.31808658957481384,-0.31808658957481384,0.31808658957481384,-1.8238777014079295,-1.8278002036342986,1.8316052059284713,-1.707187611635559,1.3769648191910728,-0.6069621843183018,0.35472868368537797,-0.354751215698502,0.3547500090135705,0.3548095672177029,-0.35473671218185365,0.35477518699049176
180,3.017999999999889,-0.24222038686275482,-0.06747260689735413,0.14347247779369354,-0.03329773619771004,-0.09400040656328201,-0.18695756793022156,-0.11570578068494797,-2.3425923956195995,-1.7965757267963642,1.8963112040992056,-1.694288376775681,1.3598495169491054,-0.6431159012019636,0.31834591895341874,-0.31834591895341874,0.31834591895341874,0.31834591895341874,-0.31834591895341874,0.31834591895341874,-1.8273876713795012,-1.8279194065423354,1.8342058226910558,-1.7079339259550537,1.3755013202430146,-0.6102842838485096,0.3547458847694588,-0.35469465891364965,0.35473625391579666,0.35474505418345276,-0.35470388199821284,0.35473260175885873
181,3.0339999999998875,-0.23450203239917755,-0.07194291800260544,0.10679152607917786,-0.036504022777080536,-0.07564742118120193,-0.1730477511882782,-0.11380618810653687,-2.3465007628262526,-1.797774775429741,1.8980910628671919,-1.694896777155299,1.3585887265960854,-0.6460000303884349,0.3190297722816467,-0.3190297722816467,0.3190297722816467,0.3190297722816467,-0.3190297722816467,0.3190297722816467,-1.8302906464829611,-1.8277756058137407,1.8363700769051365,-1.7085971643795006,1.3742344925344423,-0.6132203184264693,0.3547765683178213,-0.35473766006410035,0.3547761589454987,0.3547922580035492,-0.3547420214306395,0.35477767963565
182,3.0499999999998857,-0.23221145570278168,-0.07270091027021408,0.10591217875480652,-0.03731444478034973,-0.07441529631614685,-0.17168214917182922,-0.1135593131184578,-2.3503709537546325,-1.798986457267578,1.8998562658464386,-1.6955186845683048,1.357348471657483,-0.6488613995412987,0.31911864727735517,-0.31911864727735517,0.31911864727735517,0.31911864727735517,-0.31911864727735517,0.31911864727735517,-1.8332550718414382,-1.827709910310261,1.838600356990536,-1.70926985000365,1.3729657892038962,-0.6161499286661484,0.35483463028615914,-0.3547801798696234,0.35482375717345066,0.35482958881254667,-0.3547876298745018,0.3548169783633151
183,3.0679999999998837,-0.2288459986448288,-0.07339674234390259,0.10285937786102295,-0.0381828248500824,-0.07215401530265808,-0.1687033474445343,-0.11311416327953339,-2.354185053732046,-1.800209736306643,1.901570588810789,-1.6961550649824728,1.356145904735772,-0.6516731219987076,0.31927890121936797,-0.31927890121936797,0.31927890121936797,0.31927890121936797,-0.31927890121936797,0.31927890121936797,-1.8368636073524853,-1.8279568026586601,1.8413028277329102,-1.7098255677982062,1.3716031458288105,-0.6194192445888951,0.3548911948084603,-0.3548386701723295,0.35487975078906403,0.35488846129069324,-0.35484879177929723,0.35487578330065606
184,3.083999999999882,-0.23471815884113312,-0.07087235152721405,0.10769961774349213,-0.03562748804688454,-0.07722051441669464,-0.17140665650367737,-0.1138121634721756,-2.358097023046065,-1.80139094216543,1.9033655824398472,-1.696748856449921,1.3548588961621604,-0.6545298996071023,0.31902762115001676,-0.31902762115001676,0.31902762115001676,0.31902762115001676,-0.31902762115001676,0.31902762115001676,-1.8397960865841552,-1.8278379575998494,1.8434615593984782,-1.7105109983473819,1.3703494266716825,-0.622305384580656,0.35490522647949785,-0.3548686278480459,0.3549015365015734,0.3549188914762061,-0.3548726687467939,0.3549019327232552
185,3.09999999999988,-0.23156386613845825,-0.07190989702939987,0.1063048243522644,-0.03675663843750954,-0.07535370439291,-0.16966474056243896,-0.11347305029630661,-2.3619564208150394,-1.8025894404492533,1.905137329512385,-1.6973614670905461,1.3536030010889453,-0.6573576452831429,0.3191497018933296,-0.3191497018933296,0.3191497018933296,0.3191497018933296,-0.3191497018933296,0.3191497018933296,-1.842784351895087,-1.8277882822300795,1.8456646916426254,-1.71119459416924,1.3690897801203452,-0.6251862425449731,0.35496202686586564,-0.35489667014030685,0.3549452748978888,0.3549436711546855,-0.35490815047652596,0.35493380478674064
186,3.117999999999878,-0.22667719423770905,-0.07261932641267776,0.10060581564903259,-0.037768855690956116,-0.07172699272632599,-0.16461411118507385,-0.11278083175420761,-2.3657343740523347,-1.8037997625561313,1.9068140931065356,-1.6979909480187287,1.3524075512101732,-0.6601012138028941,0.31939890056848524,-0.31939890056848524,0.31939890056848524,0.31939890056848524,-0.31939890056848524,0.31939890056848524,-1.846059485390045,-1.8276255869988782,1.8480608556643374,-1.7120460567450677,1.3676685734234986,-0.6283973180216994,0.3550432508238768,-0.35496412966907165,0.35502111067319,0.35500736441356695,-0.3549721752233649,0.35500006388104527
187,3.1339999999998764,-0.2181919813156128,-0.0748424082994461,0.0936862975358963,-0.04038788005709648,-0.06563980877399445,-0.15844787657260895,-0.11168752610683441,-2.3693709070742615,-1.8050471360277887,1.9083755313988005,-1.6986640793530137,1.3513135543972732,-0.662742011745771,0.3197924906015396,-0.3197924906015396,0.3197924906015396,0.3197924906015396,-0.3197924906015396,0.3197924906015396,-1.8492734666870174,-1.827870600757731,1.8504472614704823,-1.712200939870683,1.366613048799543,-0.631230042758564,0.3550249673120814,-0.3550630656802721,0.3550576572715452,0.3551318431841277,-0.35504756975864327,0.3550950671020636
188,3.1499999999998747,-0.24735121428966522,-0.06425480544567108,0.15802837908267975,-0.030101533979177475,-0.10336999595165253,-0.19070133566856384,-0.11655870079994202,-2.3734934273124226,-1.8061180494518831,1.9110093377168451,-1.699165771586,1.3495907211314122,-0.6659203673402471,0.3180388677120209,-0.3180388677120209,0.3180388677120209,0.3180388677120209,-0.3180388677120209,0.3180388677120209,-1.852269315764245,-1.827829696959255,1.8526142543486066,-1.7129267017296173,1.3653359418037532,-0.6340814518133436,0.3549285914413153,-0.3549663508474085,0.3549532530496811,0.3550224235226228,-0.3549448499610857,0.3549821897500584
189,3.1679999999998727,-0.24328136444091797,-0.06591654568910599,0.1537189781665802,-0.03188510239124298,-0.09996061027050018,-0.18776828050613403,-0.11606751382350922,-2.377548116719771,-1.8072166585467015,1.913571320686288,-1.6996971899591875,1.3479247109602372,-0.669049838682016,0.3182156950235367,-0.3182156950235367,0.3182156950235367,0.3182156950235367,-0.3182156950235367,0.3182156950235367,-1.8557327294133956,-1.827913907842898,1.8551651829151874,-1.7135940230656745,1.3638714606475675,-0.6372947041761213,0.3548842432438394,-0.3548718503544361,0.35489297363431943,0.3549289064135022,-0.35487170228278814,0.3549065575556283
190,3.183999999999871,-0.23803019523620605,-0.06931610405445099,0.11837844550609589,-0.03423343971371651,-0.08365899324417114,-0.17492732405662537,-0.11443641781806946,-2.381515286640375,-1.808371926947609,1.9155442947780563,-1.7002677472877494,1.3465303944061677,-0.6719652940829597,0.31880288958549496,-0.31880288958549496,0.31880288958549496,0.31880288958549496,-0.31880288958549496,0.31880288958549496,-1.8586346671536254,-1.827792331998599,1.8573355049068025,-1.714223388299075,1.3625842674194262,-0.6401449745396833,0.3548798219048358,-0.35487093637674544,0.3548935564420278,0.35493131419569646,-0.354868454128988,0.35490930376225194
191,3.199999999999869,-0.23650260269641876,-0.06976564228534698,0.1177641749382019,-0.03473580628633499,-0.08298622071743011,-0.17375633120536804,-0.11425814032554626,-2.385456996685315,-1.8095346876523648,1.9175070310270264,-1.7008466773925217,1.345147290727544,-0.6748612329363824,0.31886706948280336,-0.31886706948280336,0.31886706948280336,0.31886706948280336,-0.31886706948280336,0.31886706948280336,-1.8616319117174525,-1.8277855956385907,1.8595970783403915,-1.7148755914975795,1.3612799003361296,-0.6429984141347032,0.35490727309203474,-0.3548713656844369,0.3549048977038934,0.35492400630344495,-0.3548748300659137,0.35490716488044366
192,3.217999999999867,-0.2326868623495102,-0.07030016928911209,0.1129477322101593,-0.03552814573049545,-0.08015070855617523,-0.1695438027381897,-0.11370805650949478,-2.389335111057807,-1.8107063571405166,1.919389493230529,-1.7014388131546967,1.343811445584941,-0.6776869629820189,0.31906509965658186,-0.31906509965658186,0.31906509965658186,0.31906509965658186,-0.31906509965658186,0.31906509965658186,-1.8649939756618117,-1.8277527254679464,1.862119100710004,-1.7157161459570416,1.359785854662304,-0.6461878344675456,0.3549757521904009,-0.35489501817886077,0.35495187859617944,0.3549381591969194,-0.3549062696953997,0.3549316324628491
193,3.2339999999998654,-0.22093446552753448,-0.07215647399425507,0.09784795343875885,-0.03810384124517441,-0.07072363793849945,-0.15719833970069885,-0.11197297275066376,-2.3930173521499327,-1.811908965040421,1.9210202924545083,-1.7020738771754496,1.342632718285966,-0.6803069353103639,0.319689729809761,-0.319689729809761,0.319689729809761,0.319689729809761,-0.319689729809761,0.319689729809761,-1.8680175024763293,-1.8277770987575863,1.8643989412963564,-1.7161399683418939,1.3585843890632596,-0.6489979550802785,0.35500231644007285,-0.35498742748575557,0.35501118494133244,0.3550457187428539,-0.35498362901996,0.35502284047109134
194,3.2499999999998637,-0.23374900221824646,-0.06520476192235947,0.13685263693332672,-0.03249361366033554,-0.09365905076265335,-0.1714124083518982,-0.11451159417629242,-2.3969131688535703,-1.8129957110724604,1.9233011697367304,-1.7026154374031217,1.3410717341065885,-0.6831638087828955,0.3187758260965347,-0.3187758260965347,0.3187758260965347,0.3187758260965347,-0.3187758260965347,0.3187758260965347,-1.871200334644841,-1.8279751738759984,1.8667712139651922,-1.7166884595336578,1.3572858402667307,-0.6518038890434033,0.3550157117990553,-0.35496612047161213,0.3550019456174911,0.35501195406819114,-0.3549767979405711,0.35499756995072224
195,3.2679999999998617,-0.2321321964263916,-0.0684170350432396,0.1097983717918396,-0.03408122435212135,-0.08079469949007034,-0.164605051279068,-0.11344778537750244,-2.40078203879401,-1.8141359949898477,1.9251311425999278,-1.7031834578089904,1.339725155781754,-0.6859072263042133,0.3191587972640991,-0.3191587972640991,0.3191587972640991,0.3191587972640991,-0.3191587972640991,0.3191587972640991,-1.8746847351223692,-1.8280841835698598,1.869359802014652,-1.7171518766540426,1.3558962286421357,-0.6549441321725896,0.35499303154531614,-0.35499822744468695,0.3550103519128032,0.3550600748172333,-0.3549987366459736,0.3550349576131879
196,3.28399999999986,-0.24336645007133484,-0.06550095975399017,0.12499046325683594,-0.030752522870898247,-0.09105267375707626,-0.17476511001586914,-0.11500036716461182,-2.4048381462951993,-1.815227677652414,1.9272143169875418,-1.7036959998568386,1.3382076112191361,-0.6888199781378112,0.31859986782073973,-0.31859986782073973,0.31859986782073973,0.31859986782073973,-0.31859986782073973,0.31859986782073973,-1.8774026756368616,-1.8277131165123168,1.8713466575853595,-1.7179749105806732,1.354570541814977,-0.6577321611794387,0.3549292344329628,-0.3549768742124705,0.3549651158839494,0.355039919498631,-0.35495053466544846,0.35499930401212976
197,3.299999999999858,-0.23944257199764252,-0.06555110216140747,0.15243561565876007,-0.032013677060604095,-0.10058698058128357,-0.18092083930969238,-0.11551441252231598,-2.408828855828493,-1.816320196021771,1.9297549105818543,-1.704229561141182,1.3365311615427813,-0.6918353254596393,0.3184148114919662,-0.3184148114919662,0.3184148114919662,0.3184148114919662,-0.3184148114919662,0.3184148114919662,-1.8804890732906219,-1.8277568645902593,1.8735746656827776,-1.7188493846078563,1.353130203317785,-0.6605281470205654,0.35499568922692676,-0.3549037339065807,0.3549651349746203,0.3549410796090333,-0.35491420300918086,0.35493663443970164
198,3.317999999999856,-0.21366111934185028,-0.07278119027614594,0.09342551231384277,-0.03948739543557167,-0.06766152381896973,-0.14987346529960632,-0.11097972095012665,-2.4123898744841905,-1.8175332158597068,1.9313120024537518,-1.7048876843984415,1.3354034694791317,-0.6943332165479661,0.3200473004579544,-0.3200473004579544,0.3200473004579544,0.3200473004579544,-0.3200473004579544,0.3200473004579544,-1.8840700807691644,-1.8279589277396178,1.8762065910095085,-1.7193308098410798,1.3517004747975911,-0.6636394140649673,0.3551301651824222,-0.3550367978971308,0.3551047543473935,0.3550837509488818,-0.35505479752066255,0.3550834540085397
199,3.3339999999998544,-0.2213871031999588,-0.06971733272075653,0.09905163943767548,-0.036171022802591324,-0.07401448488235474,-0.15324896574020386,-0.1119610145688057,-2.416079659537523,-1.8186951714050528,1.9329628631110465,-1.7054905347784848,1.3341698947310925,-0.6968873659769695,0.31969403475522995,-0.31969403475522995,0.31969403475522995,0.31969403475522995,-0.31969403475522995,0.31969403475522995,-1.8871695603182947,-1.8280551738407225,1.8785022422824789,-1.71956915331709,1.3505065826120244,-0.6663768415899067,0.35511583820551007,-0.355126200400696,0.35513391795806526,0.35518693062001105,-0.35512630978575027,0.35516011271132164
200,3.3499999999998527,-0.24192339181900024,-0.06488314270973206,0.12510137259960175,-0.030403856188058853,-0.09196659177541733,-0.17167136073112488,-0.11481098085641861,-2.4201117160678396,-1.8197765571168816,1.9350478859877065,-1.7059972657149525,1.3326371182015022,-0.6997485553224883,0.3186680468916893,-0.3186680468916893,0.3186680468916893,0.3186680468916893,-0.3186680468916893,0.3186680468916893,-1.8898838232852253,-1.827682171964216,1.8805023975770203,-1.7203708062082408,1.3491736347574506,-0.6691236212742151,0.3550479738152504,-0.3550979850436491,0.35508154419229965,0.3551585660644603,-0.35507185364706373,0.355115926872059
201,3.3679999999998507,-0.2388618290424347,-0.0646526888012886,0.1534225195646286,-0.031392283737659454,-0.10226207226514816,-0.17839094996452332,-0.11539326608181,-2.4240927465518802,-1.8208541019302364,1.9376049279804504,-1.7065204704439134,1.3309327503304165,-0.702721737821897,0.3184584242105484,-0.3184584242105484,0.3184584242105484,0.3184584242105484,-0.3184584242105484,0.3184584242105484,-1.8932481401585277,-1.827611549352984,1.8829577765428585,-1.721372746626654,1.347547133551119,-0.6722067803705715,0.35509616749561895,-0.3550139748663314,0.35507098060715386,0.3550524191671356,-0.3550187324116095,0.3550450671517558
202,3.383999999999849,-0.20997683703899384,-0.07284499704837799,0.09227585792541504,-0.040054887533187866,-0.06706118583679199,-0.14568309485912323,-0.1104288101196289,-2.4275923605025302,-1.822068185214376,1.939142858945874,-1.7071880519028,1.3298150638998032,-0.7051497894028823,0.3202456283569336,-0.3202456283569336,0.3202456283569336,0.3202456283569336,-0.3202456283569336,0.3202456283569336,-1.896582545180535,-1.8279690883426278,1.885405370481743,-1.721713876064044,1.3462896213346744,-0.674916388604461,0.3552330158587155,-0.3551369429053677,0.35520791135252683,0.3551848655708544,-0.3551552283896754,0.3551859679374137
203,3.399999999999847,-0.22038634121418,-0.06872450560331345,0.0994647890329361,-0.03556329756975174,-0.07532842457294464,-0.15038451552391052,-0.11178389191627502,-2.431265466189433,-1.823213593641098,1.9408006054297562,-1.7077807735289625,1.3285595901569207,-0.7076561979949475,0.319757798910141,-0.319757798910141,0.319757798910141,0.319757798910141,-0.319757798910141,0.319757798910141,-1.8996948289684537,-1.8280829150047126,1.8877137776562263,-1.7219489844772498,1.3450831729304618,-0.6776120621751118,0.35521418951960837,-0.3552244975628412,0.35523226009862857,0.3552848259336209,-0.3552245869456021,0.35525824609544093
204,3.417999999999845,-0.24127227067947388,-0.06386717408895493,0.1258106678724289,-0.02970149554312229,-0.0935484990477562,-0.16899317502975464,-0.11469297111034393,-2.4352866707007577,-1.8242780465425805,1.9428974498942966,-1.7082757984546812,1.3270004485061249,-0.71047275091211,0.3187105304002762,-0.3187105304002762,0.3187105304002762,0.3187105304002762,-0.3187105304002762,0.3187105304002762,-1.9029550304167466,-1.8279161345468036,1.8901179870362774,-1.722556949443286,1.343652551552586,-0.6806420517976607,0.35508466614850737,-0.35518736263389616,0.35514329561516644,0.3552604839718768,-0.35515374445615905,0.35520556098360406
205,3.4339999999998434,-0.24997387826442719,-0.05969229340553284,0.1714766025543213,-0.026137040928006172,-0.11526080220937729,-0.18598434329032898,-0.11675103008747101,-2.439452902005165,-1.8252729180993394,1.9457553932702019,-1.7087114158034813,1.3250794351359685,-0.7135724899669489,0.3179696291685104,-0.3179696291685104,0.3179696291685104,0.3179696291685104,-0.3179696291685104,0.3179696291685104,-1.905782487575657,-1.8276571585285253,1.8921731007794644,-1.7237436714946222,1.3420952905719536,-0.6833379940933046,0.3551305139563541,-0.35504856765414855,0.35510326616880783,0.35508416854199687,-0.3550536716709704,0.35507621964923614
206,3.4499999999998416,-0.20862996578216553,-0.07192657887935638,0.09247933328151703,-0.039592768996953964,-0.06814731657505035,-0.14264388382434845,-0.11019548773765564,-2.4429300681015342,-1.8264716944139954,1.9472967154915606,-1.709371295286764,1.3239436465263843,-0.715949888030688,0.32032962441444396,-0.32032962441444396,0.32032962441444396,0.32032962441444396,-0.32032962441444396,0.32032962441444396,-1.9089542076686001,-1.8278666610899064,1.8945841966479646,-1.72376383150618,1.3409238456147685,-0.6860292924274967,0.3551517789178844,-0.3551926759677494,0.3551940601614129,0.35527036176463356,-0.3551763078170823,0.3552365437300895
207,3.4679999999998397,-0.24439716339111328,-0.060241349041461945,0.1626969426870346,-0.027329498901963234,-0.11103876680135727,-0.1787967085838318,-0.11602522432804108,-2.4470033541580527,-1.8274757168980198,1.9500083312030112,-1.70982678693513,1.3220930004130282,-0.7189298331737519,0.3182309192419052,-0.3182309192419052,0.3182309192419052,0.3182309192419052,-0.3182309192419052,0.3182309192419052,-1.9122174204588136,-1.827719978971967,1.897070565373676,-1.7245467258890064,1.339344009870819,-0.6890556404599879,0.35505017399784833,-0.3550991375685308,0.3550814319177321,0.35515816978651643,-0.35507399438862547,0.35511526296196977
208,3.483999999999838,-0.23899808526039124,-0.06255969405174255,0.15653733909130096,-0.029825927689671516,-0.10643496364355087,-0.17466071248054504,-0.11528117954730988,-2.4509866555790594,-1.8285183784655488,1.9526172868545328,-1.7103238857299579,1.3203190843523025,-0.7218408450484277,0.31849877536296844,-0.31849877536296844,0.31849877536296844,0.31849877536296844,-0.31849877536296844,0.31849877536296844,-1.9153619013852474,-1.8278398539265905,1.8993990022789085,-1.7254274155300449,1.337828830378212,-0.6917427524632387,0.3551189271364941,-0.3550220490698996,0.3550867352592181,0.35505877575653316,-0.3550320034001584,0.355055712442967
209,3.499999999999836,-0.21059314906597137,-0.07015911489725113,0.09392276406288147,-0.03800768405199051,-0.07110881805419922,-0.1414257436990738,-0.11036290228366852,-2.4544965413968254,-1.8296876970471696,1.9541826662555808,-1.7109573471308244,1.3191339373847326,-0.7241979407767456,0.3202693551778793,-0.3202693551778793,0.3202693551778793,0.3202693551778793,-0.3202693551778793,0.3202693551778793,-1.918305492530783,-1.8277734219774275,1.901684422730872,-1.7257240065950212,1.3365328936411387,-0.6944170358796969,0.35517223743710186,-0.3551648922706085,0.35519080917300794,0.3552302955725112,-0.35515973685625846,0.35520823959969766
210,3.517999999999834,-0.22953146696090698,-0.06199606508016586,0.1389811933040619,-0.03066139481961727,-0.0990128219127655,-0.15986713767051697,-0.11378051340579987,-2.4583220658461737,-1.8307209647985057,1.956499019477315,-1.711468370377818,1.3174837236861865,-0.7268623930712542,0.31903901517391203,-0.31903901517391203,0.31903901517391203,0.31903901517391203,-0.31903901517391203,0.31903901517391203,-1.921853399093438,-1.8279537075475427,1.9044130832918666,-1.726385168583757,1.3349319552884984,-0.6973981060469613,0.355225287693946,-0.3551510409322947,0.35519893032997707,0.35519203385334724,-0.3551661848766206,0.3551827993434102
211,3.5339999999998324,-0.22176648676395416,-0.06623954325914383,0.10393477976322174,-0.03367528319358826,-0.08092783391475677,-0.14733539521694183,-0.11179278045892715,-2.4620181739589064,-1.831824957186158,1.958231265806702,-1.7120296250977112,1.3161349264542739,-0.7293179829915366,0.3197545990347862,-0.3197545990347862,0.3197545990347862,0.3197545990347862,-0.3197545990347862,0.3197545990347862,-1.9247116068444317,-1.8277806425982495,1.9066593436465271,-1.726921567048974,1.3335594241033006,-0.7000230173610027,0.35526172035886366,-0.3552306915279761,0.35526375259630394,0.3552851129644641,-0.35523337084064033,0.35526814002492796
212,3.5499999999998306,-0.22440484166145325,-0.06614482402801514,0.10929559171199799,-0.03333823010325432,-0.08397368341684341,-0.15041980147361755,-0.11222106218338013,-2.465758254653264,-1.8329273709199583,1.960052859001902,-1.7125852622660986,1.3147353650639932,-0.7318249796827636,0.31960041761398317,-0.31960041761398317,0.31960041761398317,0.31960041761398317,-0.31960041761398317,0.31960041761398317,-1.9276564238599543,-1.8277099769867322,1.9089823907700763,-1.7274951971942998,1.3321766744887085,-0.7026379086031915,0.35530999404813257,-0.3552776075047997,0.3553087985154837,0.35533001841002493,-0.35527970238925666,0.35531163957046247
213,3.5679999999998286,-0.2250453680753708,-0.06655837595462799,0.1127176284790039,-0.03364194184541702,-0.08529075980186462,-0.15235057473182678,-0.11238569021224976,-2.4695090107878532,-1.8340366771858687,1.9619314861432187,-1.7131459612968556,1.313313852400629,-0.7343641559282941,0.3195411515235901,-0.3195411515235901,0.3195411515235901,0.3195411515235901,-0.3195411515235901,0.3195411515235901,-1.9310979529942116,-1.8277772392244538,1.911679231957348,-1.7280093340203022,1.3306725440824445,-0.7055614518078885,0.3553091917650978,-0.35531930070807616,0.35532681631767793,0.3553787364576728,-0.35530833211384144,0.35534827190167123
214,3.583999999999827,-0.23305843770503998,-0.05995912104845047,0.14560401439666748,-0.02867824397981167,-0.10468332469463348,-0.16074919700622559,-0.11416327953338623,-2.473393318082937,-1.8350359958700095,1.9643582197164964,-1.7136239320298525,1.311569130322385,-0.7370433092117311,0.31890121936798094,-0.31890121936798094,0.31890121936798094,0.31890121936798094,-0.31890121936798094,0.31890121936798094,-1.9342750768683827,-1.8279661684378052,1.9141416045089996,-1.7284784930457826,1.3292762629864938,-0.7081471753344566,0.355292960570745,-0.3552795858515673,0.35529751012941707,0.3553329803116276,-0.3552810592313235,0.3553100752478305
215,3.599999999999825,-0.2342376410961151,-0.06307066231966019,0.12237517535686493,-0.029942279681563377,-0.09388616681098938,-0.15759171545505524,-0.11355982720851898,-2.4772972787678724,-1.8360871735753372,1.966397805972444,-1.7141229700245453,1.3100043608755352,-0.7396698378026487,0.3191184622049332,-0.3191184622049332,0.3191184622049332,0.3191184622049332,-0.3191184622049332,0.3191184622049332,-1.9372759938481634,-1.8279366295164012,1.9164637651047958,-1.729080532924399,1.3278534317818955,-0.7107385403954295,0.35528200208803473,-0.3552732091625666,0.3552928682650938,0.35532968538015514,-0.3552700291471873,0.3553068654098861
216,3.617999999999823,-0.23171591758728027,-0.06376851350069046,0.12071317434310913,-0.03076261840760708,-0.09246999770402908,-0.15552231669425964,-0.11324388533830643,-2.4811592107276605,-1.837149982133682,1.968409692211496,-1.7146356803313387,1.3084631942471348,-0.7422618764142197,0.31923220127820967,-0.31923220127820967,0.31923220127820967,0.31923220127820967,-0.31923220127820967,0.31923220127820967,-1.9405916733373996,-1.827830877862534,1.9190460764851787,-1.7297848152241013,1.3262318693232924,-0.7136375034694004,0.355309490526356,-0.3552736887455584,0.3553079262688435,0.3553271294229971,-0.35527978893124024,0.35531096975354554
217,3.6339999999998214,-0.22382912039756775,-0.0645059123635292,0.10989828407764435,-0.0321902334690094,-0.08636535704135895,-0.14643466472625732,-0.11202870309352875,-2.48488969606762,-1.8382250806730742,1.9702413302794568,-1.715172184222489,1.3070237716297788,-0.7447024541596573,0.31966966688632964,-0.31966966688632964,0.31966966688632964,0.31966966688632964,-0.31966966688632964,0.31966966688632964,-1.9436772776120976,-1.8278849864006366,1.9214157425995118,-1.7303909738455534,1.3248044506742893,-0.7161905371480385,0.35538971604008407,-0.3553180984912776,0.3553708535018537,0.35536484026637877,-0.3553305064960569,0.35535729592493576
218,3.6499999999998196,-0.21834613382816315,-0.06499744206666946,0.10314911603927612,-0.03317492455244064,-0.08228807896375656,-0.14053621888160706,-0.11121183633804321,-2.4885287982980895,-1.8393083713741853,1.9719604822134447,-1.7157250996316964,1.3056523036470495,-0.7470447244743508,0.31996373891830443,-0.31996373891830443,0.31996373891830443,0.31996373891830443,-0.31996373891830443,0.31996373891830443,-1.946666655145101,-1.8278262999964083,1.9237154286361904,-1.7309575792972527,1.3233953290947664,-0.7187270219151952,0.3554600313719016,-0.35539901367817783,0.3554466303256077,0.35544671602296946,-0.355408222198069,0.3554366338155107
219,3.6679999999998176,-0.21697025001049042,-0.06518000364303589,0.10254919528961182,-0.03348547965288162,-0.0818299725651741,-0.1391720473766327,-0.11102163791656494,-2.4921449691315978,-1.8403947047682359,1.9736696354682715,-1.7162831909592444,1.3042884707709632,-0.7493642585972946,0.3200322103500366,-0.3200322103500366,0.3200322103500366,0.3200322103500366,-0.3200322103500366,0.3200322103500366,-1.9499440197341311,-1.8276652245572238,1.9262562057528276,-1.731653067113866,1.3218069103392593,-0.7215451213773194,0.35555512784402954,-0.3554851473134988,0.35553641587090457,0.35553096149572955,-0.35549590761658,0.3555216603022509
220,3.683999999999816,-0.2117333710193634,-0.0662420392036438,0.09809160232543945,-0.034944914281368256,-0.0783214420080185,-0.13485229015350342,-0.11026303470134735,-2.4956738586485874,-1.8414987387549633,1.9753044955070287,-1.7168656061972671,1.302983113404163,-0.7516117967665197,0.32030530750751496,-0.32030530750751496,0.32030530750751496,0.32030530750751496,-0.32030530750751496,0.32030530750751496,-1.9530116494344325,-1.827689052700683,1.9285771459021182,-1.7322591082538568,1.3204153098496214,-0.72401639885991,0.3556655678586075,-0.35558237742048293,0.35564098453192894,0.3556244856420613,-0.35559162800364574,0.3556181782417219
221,3.699999999999814,-0.20784583687782288,-0.06684558093547821,0.09484431147575378,-0.0359002910554409,-0.07581692934036255,-0.1314985156059265,-0.10971680283546448,-2.4991379559298843,-1.8426128317705546,1.9768852340316245,-1.7174639443815245,1.301719497915157,-0.7538034386932851,0.3205019509792328,-0.3205019509792328,0.3205019509792328,0.3205019509792328,-0.3205019509792328,0.3205019509792328,-1.9560041332052658,-1.82763479212441,1.9308419182280325,-1.732822177668849,1.3190446622345169,-0.7264650931690835,0.3557679615743028,-0.3556936638075819,0.3557483181976482,0.3557376419634252,-0.3557016207258463,0.355729386663447
222,3.717999999999812,-0.2069311887025833,-0.0667971596121788,0.09467349946498871,-0.035994112491607666,-0.07571274042129517,-0.13046452403068542,-0.10959146916866302,-2.5025868090749275,-1.843726117764091,1.9784631256893743,-1.7180638462563846,1.3004576189081354,-0.7559778474271299,0.3205470710992813,-0.3205470710992813,0.3205470710992813,0.3205470710992813,-0.3205470710992813,0.3205470710992813,-1.959603344010661,-1.8278633469194365,1.9335385346062794,-1.7330177026976887,1.3176641980343722,-0.7291899954869836,0.3557733916580846,-0.3558159120577101,0.3558063537172945,0.3558831038815197,-0.35579751126069714,0.35584411106353775
223,3.7339999999998104,-0.24006801843643188,-0.05698322504758835,0.16335487365722656,-0.02532622218132019,-0.11633192002773285,-0.1653563380241394,-0.1152176558971405,-2.5065879427155346,-1.8446758381815507,1.9811857069169947,-1.7184859499594067,1.2985187535743399,-0.7587337863941989,0.3185216438770294,-0.3185216438770294,0.3185216438770294,0.3185216438770294,-0.3185216438770294,0.3185216438770294,-1.962506454889047,-1.827715869125798,1.9357166394353615,-1.7338273835854519,1.316188759491064,-0.7316129146594429,0.3557076739503371,-0.3556949946141469,0.35570846338401396,0.3557402609125786,-0.35568694371565573,0.35571323246255243
224,3.7499999999998086,-0.2237318456172943,-0.06523697078227997,0.12185250222682953,-0.03298347070813179,-0.09129668772220612,-0.14972633123397827,-0.11236769706010818,-2.5103168068091564,-1.845763121027922,1.9832165819541085,-1.719035674471209,1.2969971421123032,-0.7612292252480986,0.31954762905836104,-0.31954762905836104,0.31954762905836104,0.31954762905836104,-0.31954762905836104,0.31954762905836104,-1.9655914257494458,-1.8278103124800953,1.9380517124605063,-1.7341289034630718,1.3148673619648616,-0.7340539991294939,0.35564389447343703,-0.3556873553906514,0.35568114700983033,0.35575721144374506,-0.35566720713386507,0.3557196069942881
225,3.7679999999998066,-0.23876400291919708,-0.056981995701789856,0.1631006896495819,-0.025563377887010574,-0.11639491468667984,-0.1637064516544342,-0.11501932144165039,-2.51429620685781,-1.846712820956285,1.9859349267816016,-1.7194617307693258,1.2950572268675251,-0.7639576661090058,0.3185930442810058,-0.3185930442810058,0.3185930442810058,0.3185930442810058,-0.3185930442810058,0.3185930442810058,-1.9690278349333665,-1.8278767385977308,1.940664906207943,-1.734718636730089,1.3132385995738813,-0.7368025033378715,0.35554575770985797,-0.35557448436104244,0.35557168376598763,0.35563552999529313,-0.3555607411291616,0.3556016210328081
226,3.783999999999805,-0.23761847615242004,-0.06146152317523956,0.1392311155796051,-0.02840026468038559,-0.10400467365980148,-0.1606011837720871,-0.11425398290157318,-2.5182565147936837,-1.8477371796758724,1.9882554453745949,-1.719935068513999,1.2933238156398617,-0.7666343525052073,0.31886856615543363,-0.31886856615543363,0.31886856615543363,0.31886856615543363,-0.31886856615543363,0.31886856615543363,-1.9719985864895537,-1.8278499002097222,1.9429632976941282,-1.735246380499477,1.31178642806495,-0.7392552944229089,0.35548240411835014,-0.35551028995373063,0.3555112469631585,0.35557503763376686,-0.3554967990886386,0.3555424983645222
227,3.799999999999803,-0.2373356968164444,-0.06132166087627411,0.13932666182518005,-0.028342274948954582,-0.10435006022453308,-0.15982137620449066,-0.11419709026813507,-2.5222121097406243,-1.8487592073571435,1.9905775564050145,-1.7204074397631481,1.2915846479694528,-0.7692980421086154,0.31888904750347136,-0.31888904750347136,0.31888904750347136,0.31888904750347136,-0.31888904750347136,0.31888904750347136,-1.9749377525515288,-1.8277872469437746,1.9452647294432757,-1.7358606760501367,1.3102930720541708,-0.741726401877385,0.3554383550720976,-0.3554487546529731,0.3554573774742494,0.3555083628620745,-0.3554375844087952,0.3554789629103652
228,3.817999999999801,-0.22928614914417267,-0.056512825191020966,0.14776933193206787,-0.02670334279537201,-0.11007329821586609,-0.14975622296333313,-0.11349398642778397,-2.526033545559694,-1.849701087776994,1.9930403786038824,-1.7208524954764044,1.2897500929991883,-0.7717939791580043,0.3191421648859978,-0.3191421648859978,0.3191421648859978,0.3191421648859978,-0.3191421648859978,0.3191421648859978,-1.978505575095505,-1.8280051544977307,1.9480212627959517,-1.7364445621304905,1.3085847759121834,-0.744488658219838,0.3554649815053927,-0.3554148932002196,0.3554555243266495,0.355465061475966,-0.35542440870358816,0.3554527219642624
229,3.8339999999997993,-0.22254930436611176,-0.06023047864437103,0.11204242706298828,-0.02924378588795662,-0.09241281449794769,-0.13725991547107697,-0.11166178435087204,-2.5297427006324624,-1.8507049290877335,1.9949077523882655,-1.7213398919078704,1.2882098794242225,-0.7740816444158556,0.31980175763368607,-0.31980175763368607,0.31980175763368607,0.31980175763368607,-0.31980175763368607,0.31980175763368607,-1.9813763843124024,-1.8278539744473508,1.9502929004207403,-1.7369458772237507,1.307107818214851,-0.7469228504391022,0.355477083699716,-0.3554775688467179,0.35549524514525355,0.35553849263073534,-0.35547238887327665,0.3555143898533763
230,3.8499999999997976,-0.22681881487369537,-0.060644716024398804,0.12105952203273773,-0.02908792719244957,-0.09694083780050278,-0.14307835698127747,-0.11237805336713791,-2.533523014213691,-1.8517156743548069,1.996925411088811,-1.7218246906944112,1.2865941987942142,-0.7764662836988768,0.31954390078783035,-0.31954390078783035,0.31954390078783035,0.31954390078783035,-0.31954390078783035,0.31954390078783035,-1.9844899983230606,-1.8279629981276073,1.9527044818635837,-1.737484306796676,1.305592687053173,-0.7493505877319678,0.3555316701361388,-0.3554851080635866,0.3555220725893779,0.3555345631452479,-0.35549503108758085,0.3555205431487733
231,3.8679999999997956,-0.22109995782375336,-0.060071706771850586,0.11123506724834442,-0.02931026741862297,-0.09244467318058014,-0.1348377913236618,-0.11141707748174667,-2.5372080135107535,-1.852716869467671,1.9987793288762834,-1.7223131951513884,1.2850534542412047,-0.7787135802209378,0.31988985210657117,-0.31988985210657117,0.31988985210657117,0.31988985210657117,-0.31988985210657117,0.31988985210657117,-1.9877794038904315,-1.8278346205364788,1.9552883148599518,-1.7381414419622891,1.3038926443305807,-0.7520516779398967,0.3555901228505418,-0.35554856184751743,0.3555857635899959,0.3556001720630374,-0.35555378303962437,0.35558512005490195
232,3.883999999999794,-0.21636562049388885,-0.06122609227895737,0.10739949345588684,-0.030784847214818,-0.08938610553741455,-0.13097044825553894,-0.11073511838912964,-2.5408141071856516,-1.8537373043389869,2.0005693204338817,-1.722826275938302,1.283563685815581,-0.7808964210251969,0.32013535737991333,-0.32013535737991333,0.32013535737991333,0.32013535737991333,-0.32013535737991333,0.32013535737991333,-1.990849469746369,-1.8278770312893173,1.957661012347308,-1.7386752467485387,1.302398106442482,-0.7544225514025802,0.3556828203916121,-0.35561615694565407,0.3556657515823354,0.3556634054982214,-0.35562835721638486,0.35565440970993556
233,3.899999999999792,-0.2129007875919342,-0.06110452115535736,0.10280457139015198,-0.03109992854297161,-0.087018683552742,-0.1266230195760727,-0.11017952859401703,-2.544362453645517,-1.8547557130249095,2.002282729957051,-1.723344608080685,1.2821133744230353,-0.7830068046847981,0.32033536970615384,-0.32033536970615384,0.32033536970615384,0.32033536970615384,-0.32033536970615384,0.32033536970615384,-1.99387169363493,-1.827858635058669,1.9599904307690248,-1.7391985802999153,1.3009141362626548,-0.7567724734387798,0.3557678368083842,-0.35570588372787754,0.35575303098262445,0.35575285744318424,-0.35571584412235263,0.3557427503121309
234,3.91799999999979,-0.2118576020002365,-0.06106238812208176,0.10223984718322754,-0.031208252534270287,-0.08681793510913849,-0.12524670362472534,-0.11001899838447571,-2.5478934136788545,-1.8557734194936109,2.003986727410105,-1.7238647456229228,1.280666408837883,-0.7850942497452102,0.32039316058158873,-0.32039316058158873,0.32039316058158873,0.32039316058158873,-0.32039316058158873,0.32039316058158873,-1.997193184441397,-1.8277454002066196,1.962555682966782,-1.7398613542503294,1.2992388671634107,-0.759377514730622,0.35587282663108744,-0.35580176962448745,0.35585338887160384,0.35584690666226165,-0.3558124173520556,0.35583792437528333
235,3.9339999999997883,-0.2060268372297287,-0.06213852018117905,0.09710326790809631,-0.032798007130622864,-0.08285868167877197,-0.12039384245872498,-0.10915344953536987,-2.55132719429935,-1.8568090614966306,2.005605115208573,-1.7244113790751,1.2792854308099035,-0.787100813786189,0.32070475816726685,-0.32070475816726685,0.32070475816726685,0.32070475816726685,-0.32070475816726685,0.32070475816726685,-2.000210907093754,-1.8277232086679596,1.9648661534621439,-1.7403689078332105,1.2977845146038816,-0.7616566579660495,0.3559834430232487,-0.35591016675864784,0.35596366152795383,0.35595564333687,-0.3559212599919608,0.3559476505380861
236,3.9499999999997866,-0.20570985972881317,-0.061795078217983246,0.09712894260883331,-0.032584212720394135,-0.08321234583854675,-0.1194709837436676,-0.10909846425056458,-2.554755691961497,-1.8578389794669303,2.00722393091872,-1.7249544492871065,1.277898558379261,-0.7890919968485834,0.32072455286979673,-0.32072455286979673,0.32072455286979673,0.32072455286979673,-0.32072455286979673,0.32072455286979673,-2.0032224675156045,-1.8277023994394737,1.9671702766869004,-1.740867628370895,1.2963407210953999,-0.7639123462312699,0.3560758839153708,-0.35601336512382215,0.3560604753851297,0.35605934796345506,-0.3560213894268524,0.35604839982336417
237,3.9679999999997846,-0.20689567923545837,-0.06134361773729324,0.09916441142559052,-0.0321158841252327,-0.08483588695526123,-0.12007324397563934,-0.10927317291498184,-2.558203953282088,-1.8588613730958852,2.008876671109147,-1.7254897140225272,1.2764846269300067,-0.7910932175815107,0.3206616577506065,-0.3206616577506065,0.3206616577506065,0.3206616577506065,-0.3206616577506065,0.3206616577506065,-2.0066772763324714,-1.8277674117311713,1.9697942728569644,-1.741309838502082,1.2947776017053743,-0.7664184135295604,0.35611958140538535,-0.35610884519525304,0.3561270100614158,0.35616425351494285,-0.35610269710540066,0.3561385896488741
238,3.983999999999783,-0.22089160978794098,-0.054902516305446625,0.14050772786140442,-0.026674393564462662,-0.10888898372650146,-0.13534888625144958,-0.11215156316757202,-2.5618854801118873,-1.8597764150343092,2.0112184665735033,-1.7259342872486014,1.274669810534565,-0.7933490323523682,0.3196254372596741,-0.3196254372596741,0.3196254372596741,0.3196254372596741,-0.3196254372596741,0.3196254372596741,-2.0097735090286375,-1.8278684456442942,1.9721423965781648,-1.741695739527586,1.2933405999825291,-0.7686315202723027,0.3560773427382906,-0.35607751530844983,0.3560869699268731,0.35613194451373853,-0.3560737670285691,0.3561042084539995
239,3.999999999999781,-0.22902946174144745,-0.05842025578022003,0.1312842071056366,-0.02721366472542286,-0.10451851785182953,-0.14272888004779816,-0.11276999115943909,-2.5657026378075782,-1.8607500859639796,2.0134065366919307,-1.7263878483273585,1.2729278352370346,-0.7957278470198315,0.3194028031826019,-0.3194028031826019,0.3194028031826019,0.3194028031826019,-0.3194028031826019,0.3194028031826019,-2.012854392927385,-1.8279531212752775,1.9744707874880276,-1.7421785984758313,1.2918585185052882,-0.7708583390896284,0.35602573057048653,-0.3560171023582207,0.35603380517745625,0.35607157401218087,-0.3560159493724361,0.35604817203525435
240,4.0179999999997795,-0.22603030502796173,-0.056705303490161896,0.12286420166492462,-0.02626313641667366,-0.10240614414215088,-0.13489864766597748,-0.11209206283092499,-2.5694698095580444,-1.8616951743554824,2.015454273386346,-1.7268255672676365,1.2712210661679988,-0.7979761578142645,0.319646857380867,-0.319646857380867,0.319646857380867,0.319646857380867,-0.319646857380867,0.319646857380867,-2.016166444717625,-1.8278774660016817,1.976998921929996,-1.742818953264782,1.2901619313242474,-0.7733527162281296,0.356005022264031,-0.35599075466703833,0.3560140814577021,0.35604742020813707,-0.3559898958539188,0.3560262994634343
241,4.033999999999778,-0.22098897397518158,-0.057580240070819855,0.1179833859205246,-0.027591021731495857,-0.09903241693973541,-0.13031001389026642,-0.1113710105419159,-2.573152959124297,-1.8626548450233293,2.017420663151688,-1.727285417629828,1.2695705258856698,-0.8001479913791022,0.31990643620491027,-0.31990643620491027,0.31990643620491027,0.31990643620491027,-0.31990643620491027,0.31990643620491027,-2.0192592550407644,-1.8279782030206266,1.9793214553966363,-1.7433235041949213,1.2886579026929992,-0.7755548218492796,0.35603607500013273,-0.3559906118124307,0.35602933579711427,0.3560421091085283,-0.3559994360200487,0.3560288390762606
242,4.049999999999776,-0.21679197251796722,-0.056818388402462006,0.1108546108007431,-0.027512095868587494,-0.09596145898103714,-0.12395606935024261,-0.11067134141921997,-2.5767661586662634,-1.8636018181633704,2.0192682399983672,-1.7277439525609712,1.2679711682359858,-0.8022139258682729,0.3201583170890808,-0.3201583170890808,0.3201583170890808,0.3201583170890808,-0.3201583170890808,0.3201583170890808,-2.0221368930722203,-1.8278477832648832,1.981531343736596,-1.743777007935329,1.2871738124091758,-0.7777479481674467,0.35603257777533853,-0.3560341495575157,0.3560490440649947,0.3560932028015467,-0.35602963109064617,0.3560683898971497
243,4.067999999999774,-0.22281020879745483,-0.05678956210613251,0.12136143445968628,-0.026786716654896736,-0.10182049125432968,-0.13087061047554016,-0.11163107305765152,-2.580479662146221,-1.8645483108651393,2.0212909305726954,-1.7281903978385529,1.2662741600484135,-0.8043951027095319,0.31981281369924547,-0.31981281369924547,0.31981281369924547,0.31981281369924547,-0.31981281369924547,0.31981281369924547,-2.0256213166593353,-1.8279619574296786,1.9841324382893313,-1.7444565133577703,1.2854329862905047,-0.7801973267648263,0.35608274699274045,-0.3560129386418321,0.35606137169992064,0.35605686497881717,-0.3560258396211705,0.3560477847200933
244,4.083999999999772,-0.20908644795417786,-0.05740807205438614,0.1028212159872055,-0.028987234458327293,-0.09095502644777298,-0.11611753702163696,-0.10949215292930603,-2.5839644362787904,-1.8655051120660457,2.0230046175058156,-1.7286735184128583,1.2647582429409507,-0.8063303949932258,0.3205828249454498,-0.3205828249454498,0.3205828249454498,0.3205828249454498,-0.3205828249454498,0.3205828249454498,-2.028532591316822,-1.8278681191018267,1.9863455616010581,-1.744893893811091,1.2839469454614383,-0.7823466548733509,0.35612784146088555,-0.3560957466751134,0.356130021758395,0.3561507264484443,-0.3560997808640395,0.3561348930220747
245,4.0999999999997705,-0.2136380672454834,-0.056782402098178864,0.1094566285610199,-0.02795400097966194,-0.09546653181314468,-0.1199796199798584,-0.1101975217461586,-2.5875250707328816,-1.8664514854343488,2.024828894648499,-1.729139418429186,1.2631671340773982,-0.8083300553262234,0.3203288921713829,-0.3203288921713829,0.3203288921713829,0.3203288921713829,-0.3203288921713829,0.3203288921713829,-2.03154900306579,-1.8279051541941913,1.9886318915449555,-1.7451425966776486,1.2825309888417922,-0.7844914188005331,0.35608585228605394,-0.3561447874783589,0.3561259154371903,0.3562138075702061,-0.3561242616605919,0.3561714938968484
246,4.1179999999997685,-0.237717404961586,-0.05024750530719757,0.169821634888649,-0.020740408450365067,-0.12815675139427185,-0.14852048456668854,-0.11448509246110916,-2.5914870274822412,-1.8672889438561355,2.0276592552299766,-1.7294850919033586,1.261031188220827,-0.8108053967356682,0.3187853667140007,-0.3187853667140007,0.3187853667140007,0.3187853667140007,-0.3187853667140007,0.3187853667140007,-2.034663731623293,-1.8276068165798904,1.9910174146425714,-1.7461061656451138,1.280676595525202,-0.7869072923214204,0.35600709405513453,-0.35600377210490497,0.356014765053177,0.35605154338001566,-0.3559881959711981,0.3560218994141653
247,4.133999999999767,-0.20981945097446442,-0.055577509105205536,0.13253037631511688,-0.02908891998231411,-0.10488949716091156,-0.12221094965934753,-0.11038485169410706,-2.594984018331816,-1.8682152356745556,2.0298680948352286,-1.7299699072363972,1.2592830299348117,-0.8128422458966573,0.32026145339012146,-0.32026145339012146,0.32026145339012146,0.32026145339012146,-0.32026145339012146,0.32026145339012146,-2.0380764032376213,-1.828043104191876,1.9934411855376666,-1.7465598527298416,1.2790967045155057,-0.7890349467811086,0.35612942146963833,-0.3560240863958904,0.35609789355954846,0.35606661708208387,-0.35604046162656217,0.3560686513150344
248,4.149999999999765,-0.19867892563343048,-0.05801954120397568,0.09348857402801514,-0.030954502522945404,-0.08514831215143204,-0.10539141297340393,-0.1078987717628479,-2.5982953337590398,-1.8691822280279553,2.0314262377356953,-1.7304858156117797,1.2578638913989544,-0.814598769446214,0.32115644216537476,-0.32115644216537476,0.32115644216537476,0.32115644216537476,-0.32115644216537476,0.32115644216537476,-2.040848265668269,-1.8277985316181997,1.9955762517309004,-1.7468950365151392,1.2775878242693028,-0.7911384429185434,0.3561969391713611,-0.3561763824925814,0.3562076928187229,0.35623551870890696,-0.3561784581553728,0.3562183622545869
249,4.167999999999763,-0.21043235063552856,-0.05631051957607269,0.10790656507015228,-0.028122760355472565,-0.09552818536758423,-0.11497451364994049,-0.10966220498085022,-2.601802539602965,-1.8701207366875565,2.0332246804868643,-1.730954528284371,1.2562717549761613,-0.8165150113403797,0.3205216062068939,-0.3205216062068939,0.3205216062068939,0.3205216062068939,-0.3205216062068939,0.3205216062068939,-2.0442657994564764,-1.8278495711330194,1.998147131071114,-1.747539669694955,1.2758235760624725,-0.7934717759694654,0.35630790529799033,-0.3562276896269234,0.3562801507372468,0.35626880141342177,-0.35624152777035556,0.35626074699002863
250,4.183999999999761,-0.2003527730703354,-0.05722007155418396,0.09627507627010345,-0.030174368992447853,-0.08785685896873474,-0.10555344820022583,-0.10807918012142181,-2.6051417524874707,-1.8710744045467929,2.034829265091366,-1.731457434434245,1.254807473993349,-0.8182742354770501,0.32109149515628815,-0.32109149515628815,0.32109149515628815,0.32109149515628815,-0.32109149515628815,0.32109149515628815,-2.047201534497892,-1.8278005500163355,2.000394826874527,-1.7479554311539924,1.2743124291810797,-0.7955114047271912,0.35639508384841084,-0.35633979678339706,0.356384204430254,0.3563888734608926,-0.3563483878157671,0.3563775339772632
251,4.1999999999997595,-0.2043781578540802,-0.05616232752799988,0.10101568698883057,-0.028837835416197777,-0.09177670627832413,-0.10805124044418335,-0.10867162048816681,-2.608548055118372,-1.8720104433389262,2.036512859874513,-1.731938065024515,1.2532778622220435,-0.8200750894844532,0.3208782166242599,-0.3208782166242599,0.3208782166242599,0.3208782166242599,-0.3208782166242599,0.3208782166242599,-2.0501116349986828,-1.8277377418827045,2.002646216940154,-1.748381727784625,1.2728069768840753,-0.7975321519254269,0.3564456492456312,-0.356420870652251,0.35644741485913933,0.35647338088557845,-0.35642133872715726,0.3564533144209119
252,4.2179999999997575,-0.2116859406232834,-0.055913619697093964,0.11238302290439606,-0.027780693024396896,-0.09856981039047241,-0.11575867235660553,-0.10983240604400635,-2.61207615412876,-1.8729423370005445,2.038385910256253,-1.7324010765749216,1.251635032048869,-0.8220044006903966,0.32046033382415773,-0.32046033382415773,0.32046033382415773,0.32046033382415773,-0.32046033382415773,0.32046033382415773,-2.053468294422837,-1.8277649767032764,2.0052234727821987,-1.7489663581226789,1.2710740123112731,-0.7997826933349234,0.35649264001542763,-0.35644302070568606,0.3564811565041422,0.3564901464710937,-0.35644907883305527,0.35647530610572403
253,4.233999999999756,-0.20514339208602905,-0.05575886368751526,0.10373340547084808,-0.02853040210902691,-0.09382801502943039,-0.10823215544223785,-0.10876679420471191,-2.615495210663527,-1.8738716513953364,2.0401148003474336,-1.7328765832767388,1.2500712317983784,-0.8238082699477672,0.3208439540863037,-0.3208439540863037,0.3208439540863037,0.3208439540863037,-0.3208439540863037,0.3208439540863037,-2.056479287157448,-1.8278297437455147,2.007521123784103,-1.7494067700347042,1.269561595039842,-0.801758030842647,0.35655338599739567,-0.35650287239986933,0.3565445309346866,0.356552910816282,-0.35651003786051894,0.35654008023909367
254,4.249999999999754,-0.20640897750854492,-0.05485183000564575,0.10497403144836426,-0.027669290080666542,-0.09542367607355118,-0.10817067325115204,-0.10894807428121567,-2.6189353602886696,-1.8747858485620972,2.0418643675382397,-1.7333377381114166,1.2484808371971525,-0.8256111145019531,0.32077869325876235,-0.32077869325876235,0.32077869325876235,0.32077869325876235,-0.32077869325876235,0.32077869325876235,-2.0595408257518306,-1.8279462038961654,2.0098112832060093,-1.7498866957973067,1.268034101974967,-0.8037186023062601,0.356613961034549,-0.3565488610892561,0.35659638233193486,0.35659430497727573,-0.3565604953216043,0.3565849241259862
255,4.267999999999752,-0.20387181639671326,-0.05424346774816513,0.10139863193035126,-0.027534544467926025,-0.09386532008647919,-0.1045522540807724,-0.10854022204875946,-2.6223332238952817,-1.8756899063579,2.0435543447370788,-1.733796647185882,1.2469164151957113,-0.827353652069966,0.32092552006244657,-0.32092552006244657,0.32092552006244657,0.32092552006244657,-0.32092552006244657,0.32092552006244657,-2.062766709383901,-1.8278440859273692,2.012259495968208,-1.7504479123572885,1.2663201419862264,-0.8058930129347406,0.35667230277930034,-0.3566197333825873,0.35666195322852223,0.3566688414129,-0.35662894787283517,0.3566564606229249
256,4.28399999999975,-0.20205838978290558,-0.05447128415107727,0.10069070756435394,-0.027995938435196877,-0.09322304278612137,-0.10292960703372955,-0.10827912390232086,-2.6257008637249966,-1.8765977610937512,2.0452325231964847,-1.7342632461598018,1.2453626978159427,-0.8290691455205282,0.3210195153951645,-0.3210195153951645,0.3210195153951645,0.3210195153951645,-0.3210195153951645,0.3210195153951645,-2.065732750282034,-1.8279474386324264,2.0144833694809616,-1.7508639126656347,1.264778096210324,-0.8077969223671658,0.3567448135657788,-0.35667876690480205,0.35672651159190677,0.356719973697564,-0.3566922561369735,0.35671308747796354
257,4.2999999999997485,-0.20649246871471405,-0.05269438028335571,0.11238634586334229,-0.026473285630345345,-0.09845900535583496,-0.11055871844291687,-0.10951855033636093,-2.6291424048702416,-1.8774760007651405,2.047105628960874,-1.7347044675869743,1.2437217143933454,-0.8309117908279102,0.3205733218789101,-0.3205733218789101,0.3205733218789101,0.3205733218789101,-0.3205733218789101,0.3205733218789101,-2.0666576204070304,-1.8278966119143638,2.0159122296184138,-1.7514941773775896,1.2630068478112373,-0.809687837769496,0.3567317751202826,-0.35670971729953965,0.35673849120381884,0.3567498435608823,-0.3567008867629078,0.35673219515521243
258,4.3179999999997465,-0.20531855523586273,-0.050173040479421616,0.1400260031223297,-0.025722214952111244,-0.09661146253347397,-0.1345566064119339,-0.11226410418748856,-2.632564380790839,-1.8783122181064642,2.0494393956795793,-1.7351331711695095,1.2421115233511208,-0.8331544009347758,0.3195849224925041,-0.3195849224925041,0.3195849224925041,0.3195849224925041,-0.3195849224925041,0.3195849224925041,-2.0667435643551006,-1.8278431723078192,2.0169048269364924,-1.752037392233205,1.2612811031638138,-0.8118449819809954,0.3566024810930144,-0.35659814783288946,0.3566153107279186,0.35665873171701723,-0.3565978291495251,0.35663076908907954
259,4.333999999999745,-0.20472560822963715,-0.04928971081972122,0.14470164477825165,-0.02527758479118347,-0.09533143788576126,-0.13878893852233887,-0.11290290951728821,-2.635976474261333,-1.879133713286793,2.051851089759217,-1.7355544642493625,1.2405226660530249,-0.835467549910148,0.3193549525737762,-0.3193549525737762,0.3193549525737762,0.3193549525737762,-0.3193549525737762,0.3193549525737762,-2.0666936001335405,-1.827793227030812,2.017653674631714,-1.7524870561630534,1.259787755608167,-0.8137868225854291,0.3565041713233573,-0.35648307980048505,0.35650745429436914,0.3565404798210681,-0.3564842933220521,0.35651760609448707
260,4.349999999999743,-0.20463311672210693,-0.049174003303050995,0.1454758495092392,-0.025234181433916092,-0.09518621116876602,-0.13941128551959991,-0.11300384998321533,-2.639387026206702,-1.8799532800085104,2.0542756872510375,-1.7359750339399278,1.2389362292002122,-0.8377910713354747,0.31931861400604244,-0.31931861400604244,0.31931861400604244,0.31931861400604244,-0.31931861400604244,0.31931861400604244,-2.0666339726487513,-1.827747103848071,2.018443146570586,-1.7529281303861886,1.258292646089558,-0.8157603391747531,0.35640438547796954,-0.35637949356738474,0.3564062371444266,0.3564331832505655,-0.3563779845969867,0.35641286862719024
261,4.367999999999741,-0.20483098924160004,-0.04928174614906311,0.14567390084266663,-0.025298429653048515,-0.0952938124537468,-0.13967838883399963,-0.1130116656422615,-2.6428008760273953,-1.8807746424443281,2.0567035855984153,-1.7363966744341452,1.2373479989926497,-0.840119044482708,0.3193158003687859,-0.3193158003687859,0.3193158003687859,0.3193158003687859,-0.3193158003687859,0.3193158003687859,-2.066572258493485,-1.8276988560865346,2.0198842238364367,-1.753400475487783,1.2566128921585193,-0.8180030813350979,0.3562968816935498,-0.35627531181867134,0.35630127678284995,0.3563309916490415,-0.3562732832939587,0.3563096238526084
262,4.383999999999739,-0.20845156908035278,-0.051486678421497345,0.14425289630889893,-0.026464173570275307,-0.09724539518356323,-0.14078988134860992,-0.11248773336410522,-2.646275068845401,-1.881632753751353,2.059107800536897,-1.7368377439936498,1.2357272424062569,-0.8424655425051849,0.3195044159889221,-0.3195044159889221,0.3195044159889221,0.3195044159889221,-0.3195044159889221,0.3195044159889221,-2.0665234412608435,-1.8276616453882,2.0223695289136088,-1.753812276735348,1.2551184086068676,-0.8200155738541555,0.35623538397586374,-0.35621083514831975,0.356238918363148,0.35626700485484214,-0.3562100942729301,0.3562464530301401
263,4.3999999999997375,-0.2116665542125702,-0.05358852446079254,0.14189958572387695,-0.02762480638921261,-0.0988502949476242,-0.14106208086013794,-0.1118941605091095,-2.649802844748944,-1.8825258958256996,2.0614727936322947,-1.73729815743347,1.234079737490463,-0.8448165771861872,0.3197181022167206,-0.3197181022167206,0.3197181022167206,0.3197181022167206,-0.3197181022167206,0.3197181022167206,-2.0664810252322994,-1.8276324898795129,2.025625030715993,-1.754236970385615,1.2536119797624266,-0.8220554145266022,0.3562019697424865,-0.3561762993400153,0.35620479112000747,0.3562312664331713,-0.3561753262683191,0.35621129882108715
264,4.4179999999997355,-0.21369343996047974,-0.05476775020360947,0.1402205377817154,-0.028230832889676094,-0.09996195137500763,-0.14073334634304047,-0.11147540807723999,-2.6533644020816185,-1.8834386916624264,2.0638098025953235,-1.7377686713149647,1.2324137049675463,-0.8471621329585712,0.3198688530921936,-0.3198688530921936,0.3198688530921936,0.3198688530921936,-0.3198688530921936,0.3198688530921936,-2.06643992942143,-1.8276076716462035,2.029859580218786,-1.7547260570393828,1.2519114607677475,-0.8243659972414019,0.3561832521314105,-0.35615945318294584,0.3561865283069676,0.3562142398433192,-0.3561580533441429,0.3561936054463772
265,4.433999999999734,-0.21506018936634064,-0.05541297048330307,0.1389247179031372,-0.028483407571911812,-0.10076362639665604,-0.1400577425956726,-0.1111716702580452,-2.6569487385710575,-1.8843622411704815,2.0661252145603757,-1.7382433947744966,1.2307343111942688,-0.8494964286684991,0.3199781987071037,-0.3199781987071037,0.3199781987071037,0.3199781987071037,-0.3199781987071037,0.3199781987071037,-2.0664086347333233,-1.8275909875969538,2.0339143662531156,-1.7551680691948177,1.2503953749520205,-0.8264323243002777,0.3561814647901299,-0.3561567004867124,0.35618396986111456,0.3562105925696224,-0.3561557587454516,0.3561903293997691
266,4.449999999999732,-0.21565647423267365,-0.05557899922132492,0.13821281492710114,-0.028474003076553345,-0.10121818631887436,-0.1393243819475174,-0.11100654304027557,-2.660543013141602,-1.8852885578241703,2.068428761475827,-1.7387179614924393,1.2290473414222876,-0.8518185017009576,0.32003764450550076,-0.32003764450550076,0.32003764450550076,0.32003764450550076,-0.32003764450550076,0.32003764450550076,-2.066381632624767,-1.827578240429749,2.0381111437390107,-1.7556178357005778,1.2488660496815454,-0.8285195385790565,0.3561854711490891,-0.35616059206392037,0.35618761963530526,0.35621367325824305,-0.35615950408976477,0.3561935208475293
267,4.46799999999973,-0.21590851247310638,-0.05551882088184357,0.13775816559791565,-0.028328994289040565,-0.10150012373924255,-0.13855312764644623,-0.11090737581253052,-2.6641414883494874,-1.8862138715055343,2.0707247309024592,-1.7391901113972565,1.2273556726933001,-0.854127720495065,0.320073344707489,-0.320073344707489,0.320073344707489,0.320073344707489,-0.320073344707489,0.320073344707489,-2.066355420420882,-1.8275677494690035,2.0428976312444265,-1.7561290339024918,1.2471398100898985,-0.830875716099608,0.3561918503055214,-0.3561686525228231,0.3561947921459244,0.3562223763170872,-0.35616727408422943,0.35620158884756176
268,4.483999999999728,-0.21594306826591492,-0.05528680980205536,0.13741596043109894,-0.028056122362613678,-0.10164535790681839,-0.13767486810684204,-0.11085312813520432,-2.6677405394872524,-1.8871353183355686,2.0730149969096443,-1.7396577134366333,1.2256615833948532,-0.8564223016301791,0.32009287387132646,-0.32009287387132646,0.32009287387132646,0.32009287387132646,-0.32009287387132646,0.32009287387132646,-2.066335451414467,-1.8275609818387075,2.047143085263652,-1.7565859238918418,1.245601778829664,-0.8329759489377496,0.3562008335939718,-0.3561765725986277,0.35620312975823915,0.3562296930490945,-0.3561756433221029,0.35620931752258067
269,4.499999999999726,-0.21575963497161865,-0.054965876042842865,0.13725733757019043,-0.02776235155761242,-0.101694256067276,-0.13687458634376526,-0.11083492636680603,-2.671336533403446,-1.888051416269616,2.0753026192024806,-1.740120419295927,1.2239666791270654,-0.8587035447359085,0.3200994265079498,-0.3200994265079498,0.3200994265079498,0.3200994265079498,-0.3200994265079498,0.3200994265079498,-2.0663182391747696,-1.8275561404127796,2.0513462477790934,-1.7570465918249079,1.2440517457462004,-0.8350910372935846,0.3562091546400178,-0.3561846629763569,0.3562112200072598,0.35623723797676143,-0.3561835643790173,0.35621702621045814
270,4.5179999999997245,-0.21548746526241302,-0.05459800362586975,0.13715456426143646,-0.02744513563811779,-0.10168804973363876,-0.13608022034168243,-0.11083228886127472,-2.6749279911578197,-1.8889613829967138,2.077588528606838,-1.7405778382232289,1.2222718782981714,-0.8609715484082698,0.32010037600994107,-0.32010037600994107,0.32010037600994107,0.32010037600994107,-0.32010037600994107,0.32010037600994107,-2.0663014635664805,-1.827552705900683,2.055999426517016,-1.7575659720167787,1.2423040244937573,-0.8374721408180023,0.3562158871093082,-0.35619299050341835,0.3562188555706038,0.35624643900948194,-0.3561915988593499,0.35622562945475666
271,4.533999999999723,-0.21514134109020233,-0.05416245758533478,0.13704338669776917,-0.027067823335528374,-0.10160819441080093,-0.13520602881908417,-0.11084487289190292,-2.67851368017599,-1.889864090623136,2.0798725850518007,-1.7410289686121543,1.2205784083913247,-0.8632249822219212,0.3200958457589149,-0.3200958457589149,0.3200958457589149,0.3200958457589149,-0.3200958457589149,0.3200958457589149,-2.066288685620031,-1.8275509448649792,2.0600501201488997,-1.7580270276747554,1.2407486670643237,-0.8395892723087898,0.356222659803747,-0.35619867359373397,0.3562250133035493,0.35625160917019494,-0.356197736390169,0.35623121305210415
272,4.549999999999721,-0.21474890410900116,-0.05374361574649811,0.13698704540729523,-0.026731576770544052,-0.10151945054531097,-0.13441890478134155,-0.11086061596870422,-2.6820928285778067,-1.8907598175522444,2.0821557024752555,-1.7414744948916634,1.218886417548903,-0.8654652973016103,0.32009017825126646,-0.32009017825126646,0.32009017825126646,0.32009017825126646,-0.32009017825126646,0.32009017825126646,-2.066277699826342,-1.8275501810566759,2.0640178201644934,-1.7584892359269602,1.2391830061342568,-0.8417165396172892,0.3562277465116169,-0.356203487517459,0.3562298956932165,0.3562559556952902,-0.3562023811799787,0.35623573606816145
273,4.567999999999719,-0.21434983611106873,-0.05333034694194794,0.13692493736743927,-0.026403537020087242,-0.1014162227511406,-0.1336459070444107,-0.11087621003389359,-2.6856653258463243,-1.8916486566679436,2.0844377847647126,-1.7419145538419982,1.2171961471697172,-0.8676927290856837,0.3200845643877983,-0.3200845643877983,0.3200845643877983,0.3200845643877983,-0.3200845643877983,0.3200845643877983,-2.0662669375122658,-1.8275504611607662,2.0683821325267555,-1.7590077320267188,1.2374196824523005,-0.8441064436009205,0.35623046298022326,-0.35620776431235107,0.3562335323389935,0.3562611628094476,-0.3562063650188489,0.35624035647974456
274,4.583999999999717,-0.2139267921447754,-0.05288590490818024,0.13681505620479584,-0.02603962831199169,-0.1012609601020813,-0.13280721008777618,-0.11089685559272766,-2.6892307723820705,-1.8925300884164133,2.0867180357014594,-1.742348547647198,1.2155084645013492,-0.8699061825871467,0.320077131986618,-0.320077131986618,0.320077131986618,0.320077131986618,-0.320077131986618,0.320077131986618,-2.066258750621571,-1.827551380867365,2.0721693019132856,-1.759466071503551,1.235852159695671,-0.8462274458047234,0.35623373479915377,-0.3562099309832965,0.35623619049166944,0.3562628364661771,-0.35620898673244666,0.35624244680243633
275,4.599999999999715,-0.21350684762001038,-0.05248219519853592,0.13673149049282074,-0.02572777308523655,-0.10112664848566055,-0.13205185532569885,-0.1109125018119812,-2.692789219842404,-1.8934047916697223,2.08899689387634,-1.7427773438652854,1.2138230203599216,-0.872107046842575,0.32007149934768675,-0.32007149934768675,0.32007149934768675,0.32007149934768675,-0.32007149934768675,0.32007149934768675,-2.066251746652705,-1.827552827357013,2.075875993220629,-1.7599239228187757,1.2342758849716715,-0.8483550307807001,0.35623567049396454,-0.3562115785485421,0.35623792021293565,0.35626402983865074,-0.3562104656804096,0.35624382020031514
276,4.6179999999997134,-0.21310558915138245,-0.05209817737340927,0.13662931323051453,-0.025431616231799126,-0.10099233686923981,-0.13131488859653473,-0.11092408746480942,-2.696340979661594,-1.8942730946259458,2.0912740490968487,-1.7432012041358154,1.2121398147454343,-0.874295628319184,0.3200673285126686,-0.3200673285126686,0.3200673285126686,0.3200673285126686,-0.3200673285126686,0.3200673285126686,-2.0662448369391275,-1.827555141417038,2.0799562389058686,-1.7604359393810134,1.232502324216552,-0.8507416902084285,0.35623537726725135,-0.35621283085322064,0.35623853889775153,0.35626621694296884,-0.3562114259939183,0.3562454224673942
277,4.633999999999712,-0.21269863843917847,-0.05169712007045746,0.13646863400936127,-0.02510923705995083,-0.10081376880407333,-0.13052299618721008,-0.1109374463558197,-2.6998859569689135,-1.8951347132937868,2.093548526330338,-1.7436196914201478,1.2104595852653663,-0.8764710115889708,0.3200625193119049,-0.3200625193119049,0.3200625193119049,0.3200625193119049,-0.3200625193119049,0.3200625193119049,-2.066239597591599,-1.8275575376480582,2.0835028925216292,-1.7608874002921158,1.2309271125008932,-0.8528569341789428,0.3562365248139229,-0.3562128631896638,0.3562390668722305,0.356265756240177,-0.3562119133476919,0.35624538117844634
278,4.64999999999971,-0.2123037874698639,-0.051335886120796204,0.13633382320404053,-0.024835098534822464,-0.10066565871238708,-0.12980614602565765,-0.11094518005847931,-2.703424353426745,-1.8959903113958,2.0958207567170724,-1.7440336097290616,1.2087818242868265,-0.8786344473560651,0.3200597351789474,-0.3200597351789474,0.3200597351789474,0.3200597351789474,-0.3200597351789474,0.3200597351789474,-2.0662351551671114,-1.8275602033784035,2.086982104089038,-1.7613374116326583,1.2293444166535472,-0.8549761576925314,0.3562368389951426,-0.3562128830103135,0.3562391673303374,0.3562653176081823,-0.35621176510277314,0.35624512346119935
279,4.667999999999708,-0.2119331806898117,-0.050996288657188416,0.13618062436580658,-0.02457684464752674,-0.1005217581987381,-0.12910863757133484,-0.11094839870929718,-2.7069565731049083,-1.8968402495400867,2.0980904337898356,-1.7444432238065204,1.2071064616501808,-0.8807862579822541,0.320058576464653,-0.320058576464653,0.320058576464653,0.320058576464653,-0.320058576464653,0.320058576464653,-2.0662307294877738,-1.8275636377623234,2.090822886343359,-1.76183973010427,1.2275649884530748,-0.8573508435648483,0.35623526145825446,-0.35621284324654184,0.3562384894283487,0.35626620467063636,-0.35621143427779567,0.3562454254242917
280,4.683999999999706,-0.21156278252601624,-0.0506461076438427,0.13596653938293457,-0.024297233670949936,-0.10033558309078217,-0.12836432456970215,-0.11095233261585236,-2.710482619480342,-1.8976843513341508,2.100356542779551,-1.7448481777010363,1.205434201932001,-0.8829256633917492,0.3200571602582931,-0.3200571602582931,0.3200571602582931,0.3200571602582931,-0.3200571602582931,0.3200571602582931,-2.0662273958107455,-1.827566841763916,2.0941714097268167,-1.7622819871887205,1.225985668909379,-0.8594534149946059,0.35623574109156825,-0.35621220071449716,0.35623834337707205,0.3562650648263214,-0.35621124654781006,0.3562447073599961
281,4.699999999999704,-0.21120110154151917,-0.05032864212989807,0.13578419387340546,-0.024059005081653595,-0.10018232464790344,-0.12768518924713135,-0.11095163971185684,-2.7140026378393673,-1.8985231620363159,2.1026196126774415,-1.745249161119064,1.2037644965212027,-0.8850537498792014,0.32005740970373153,-0.32005740970373153,0.32005740970373153,0.32005740970373153,-0.32005740970373153,0.32005740970373153,-2.066224614002436,-1.827570166863856,2.0974660040779907,-1.7627222823191044,1.2243998643962664,-0.8615580999778943,0.35623576792707956,-0.35621193000666196,0.3562381493139314,0.356264328836227,-0.35621080823253837,0.3562441527634709
282,4.717999999999702,-0.21086356043815613,-0.05003134906291962,0.1355876326560974,-0.023835010826587677,-0.10003482550382614,-0.1270255297422409,-0.11094700545072556,-2.7175170305133367,-1.899357017854031,2.104879406555043,-1.7456464112995072,1.2020972494294722,-0.887170842041572,0.3200590780377388,-0.3200590780377388,0.3200590780377388,0.3200590780377388,-0.3200590780377388,0.3200590780377388,-2.066221803695172,-1.827574197148859,2.1011145255917243,-1.7632132476957902,1.2226179913710966,-0.8639146554491238,0.35623423181247305,-0.3562119268988327,0.356237501974803,0.3562652434229508,-0.3562105148461706,0.3562444816366877
283,4.733999999999701,-0.2105289101600647,-0.049726635217666626,0.13533085584640503,-0.023592304438352585,-0.09984594583511353,-0.12632565200328827,-0.11094282567501068,-2.721025845682671,-1.9001857951076588,2.1071349208191497,-1.7460396163734797,1.2004331503322203,-0.8892762695749602,0.32006058275699617,-0.32006058275699617,0.32006058275699617,0.32006058275699617,-0.32006058275699617,0.32006058275699617,-2.0662197140289464,-1.827577819811667,2.104305107502324,-1.7636451734107461,1.2210373527936336,-0.8659997223881746,0.3562350517777926,-0.3562116198894688,0.3562376913623501,0.3562644347301545,-0.35621066236382565,0.35624409662386086
284,4.749999999999699,-0.21019744873046875,-0.04944675415754318,0.13511118292808533,-0.02338419109582901,-0.09969042986631393,-0.1256810426712036,-0.11093536019325256,-2.7245291364948456,-1.9010099076769513,2.1093867738679513,-1.7464293528917436,1.1987716431677817,-0.8913709536194803,0.3200632703304291,-0.3200632703304291,0.3200632703304291,0.3200632703304291,-0.3200632703304291,0.3200632703304291,-2.0662180204652816,-1.8275814750851678,2.1074531322471532,-1.7640749128598796,1.219451007869601,-0.8680855939299196,0.35623564002014546,-0.35621190890649246,0.3562380530889692,0.35626425234017683,-0.35621078412571194,0.3562440959505473
285,4.767999999999697,-0.20988857746124268,-0.049184650182724,0.13488055765628815,-0.023188266903162003,-0.09954105317592621,-0.12505511939525604,-0.11092451214790344,-2.728027279452533,-1.9018296518466633,2.1116347831622226,-1.7468158240067964,1.1971126256148497,-0.8934552056094012,0.32006717562675474,-0.32006717562675474,0.32006717562675474,0.32006717562675474,-0.32006717562675474,0.32006717562675474,-2.0662162734837772,-1.8275857899716519,2.1109493550281253,-1.7645538677610793,1.217669335307303,-0.8704198012770663,0.35623493420951324,-0.3562127324347161,0.3562382277309455,0.3562659862763715,-0.35621131801684525,0.35624524394518
286,4.783999999999695,-0.20958366990089417,-0.048916932195425034,0.13459078967571259,-0.022975388914346695,-0.09935048222541809,-0.12439385056495667,-0.11091411113739014,-2.731520340617548,-1.9026449340499203,2.113877962990151,-1.7471987471553687,1.195456784244426,-0.8955284364521504,0.32007091999053955,-0.32007091999053955,0.32007091999053955,0.32007091999053955,-0.32007091999053955,0.32007091999053955,-2.0662150071742684,-1.827589598556508,2.1140149073823817,-1.7649750901570123,1.2160895293098892,-0.8724840880502304,0.3562366523731097,-0.35621332032513653,0.3562393118421166,0.356266069064747,-0.3562123601364736,0.35624575197130004
287,4.799999999999693,-0.2092762291431427,-0.04866712540388107,0.13434134423732758,-0.02279134839773178,-0.09919269382953644,-0.12377870082855225,-0.1109013706445694,-2.735008277769934,-1.9034560528066518,2.1161169853941066,-1.7475786029619975,1.1938035726806002,-0.8975914147992929,0.320075506567955,-0.320075506567955,0.320075506567955,0.320075506567955,-0.320075506567955,0.320075506567955,-2.0662140378406226,-1.827593386039561,2.1170468309819346,-1.7653940798096768,1.214504624545729,-0.8745482795369167,0.35623825043849616,-0.35621461801942833,0.3562406795497568,0.35626689098127645,-0.3562134908543806,0.3562467560979455
288,4.817999999999691,-0.20898966491222382,-0.048432767391204834,0.13408392667770386,-0.022617638111114502,-0.0990411788225174,-0.1231808066368103,-0.11088582128286362,-2.738491438851804,-1.9042632655965053,2.118351717505402,-1.7479555635971828,1.1921528863668915,-0.8996444282432398,0.3200811043381691,-0.3200811043381691,0.3200811043381691,0.3200811043381691,-0.3200811043381691,0.3200811043381691,-2.0662130029995387,-1.827597797404597,2.12042220438533,-1.7658609790805389,1.212725193828019,-0.8768573423770831,0.35623876439450547,-0.35621665845609446,0.356242067638636,0.35626983628806974,-0.35621524220556317,0.35624911544621085
289,4.83399999999969,-0.20870733261108398,-0.0481940321624279,0.13376891613006592,-0.02242835983633995,-0.09884846210479736,-0.12255178391933441,-0.11087071895599365,-2.741969894395322,-1.905066499465879,2.120581199440903,-1.7483293695944553,1.1905054119984781,-0.9016869579752287,0.3200865411758423,-0.3200865411758423,0.3200865411758423,0.3200865411758423,-0.3200865411758423,0.3200865411758423,-2.0662122923447908,-1.8276016507803714,2.123388294830262,-1.7662715829876068,1.2111478836906473,-0.8788987032903985,0.3562416339871905,-0.3562183956089768,0.3562443008792405,0.3562710659438981,-0.3562174332602555,0.3562507715879654
290,4.849999999999688,-0.2084176242351532,-0.04796760901808739,0.1334962099790573,-0.02226325124502182,-0.09868783503770828,-0.12196068465709686,-0.11085399240255356,-2.7454435214659076,-1.9058659596161804,2.122806136273887,-1.7487004237818724,1.1888606147478498,-0.903719636052847,0.3200925627350807,-0.3200925627350807,0.3200925627350807,0.3200925627350807,-0.3200925627350807,0.3200925627350807,-2.0662118155112412,-1.8276054501709087,2.126327571799735,-1.7666800121079216,1.2095659537734178,-0.8809393613322654,0.3562444224730728,-0.3562208831002186,0.35624685641247383,0.3562730746004194,-0.35621975401109895,0.35625296293218706
291,4.867999999999686,-0.20814722776412964,-0.04775480926036835,0.13321785628795624,-0.0221070796251297,-0.09853360056877136,-0.12138578295707703,-0.11083486676216125,-2.748912641928643,-1.9066618731038532,2.1250264338786864,-1.7490688751089578,1.1872183880717035,-0.905742732435465,0.32009944796562195,-0.32009944796562195,0.32009944796562195,0.32009944796562195,-0.32009944796562195,0.32009944796562195,-2.06621126920596,-1.8276098434615258,2.1296061286620485,-1.767135167055495,1.2077903513419697,-0.8832214981753395,0.35624629160002275,-0.3562242761896673,0.35624959487756946,0.35627736846337804,-0.35622285851811986,0.356256671094696
292,4.883999999999684,-0.20788107812404633,-0.04753851518034935,0.13288313150405884,-0.021936539560556412,-0.09833816438913345,-0.1207832545042038,-0.11081624031066895,-2.752377326564044,-1.9074541816901922,2.1272411527370876,-1.7494344841016338,1.185579418665218,-0.9077557866772017,0.3201061534881592,-0.3201061534881592,0.3201061534881592,0.3201061534881592,-0.3201061534881592,0.3201061534881592,-2.0662109436971114,-1.8276136556245508,2.1324921859865995,-1.7675354974894315,1.2062168340216044,-0.8852385888085599,0.3562503757671019,-0.3562272267174489,0.3562530412323967,0.3562798098271548,-0.3562262625750667,0.3562595398672733
293,4.899999999999682,-0.20760370790958405,-0.04733017459511757,0.13259203732013702,-0.021786518394947052,-0.0981740653514862,-0.12021167576313019,-0.11079642921686172,-2.755837388362537,-1.9082430179334442,2.1294510200257566,-1.7497975927415497,1.1839431842426933,-0.9097593146065872,0.32011328548192974,-0.32011328548192974,0.32011328548192974,0.32011328548192974,-0.32011328548192974,0.32011328548192974,-2.066210811714676,-1.827617393631726,2.1353565669419434,-1.7679337682875464,1.2046390802494342,-0.8872545743848347,0.3562543781088345,-0.35623092774510834,0.35625680897653556,0.356283030036931,-0.3562297970807146,0.35626294325187957
294,4.91799999999968,-0.20734451711177826,-0.047133997082710266,0.13229678571224213,-0.021644245833158493,-0.09801647067070007,-0.11965535581111908,-0.11077457666397095,-2.7592931303143997,-1.9090285845514894,2.131655966454294,-1.7501583301721022,1.1823095763981817,-0.9117535705367725,0.32012115240097044,-0.32012115240097044,0.32012115240097044,0.32012115240097044,-0.32012115240097044,0.32012115240097044,-2.066210611444057,-1.8276216990444272,2.138556434064075,-1.7683776821354342,1.2028685533558021,-0.8895087148428434,0.3562575904303889,-0.35623566176364513,0.35626088681609613,0.3562886616090582,-0.3562342430065998,0.3562679895389952
295,4.933999999999679,-0.20708926022052765,-0.04693512246012688,0.13194707036018372,-0.021488770842552185,-0.09781757742166519,-0.11907482147216797,-0.11075323820114136,-2.7627446179847417,-1.9098108365924915,2.1338550842936304,-1.7505164763528114,1.180679283441154,-0.9137381508946419,0.3201288342475891,-0.3201288342475891,0.3201288342475891,0.3201288342475891,-0.3201288342475891,0.3201288342475891,-2.0662105623600473,-1.8276254176544884,2.1413770731312782,-1.768768218941036,1.2012998536519395,-0.8915007492814939,0.35626284849660866,-0.35623978573220855,0.3562655062818638,0.35629227536540553,-0.3562388200724886,0.3562720313709024
296,4.949999999999677,-0.20681974291801453,-0.04674079269170761,0.13164159655570984,-0.021350912749767303,-0.09764977544546127,-0.1185188740491867,-0.11073097586631775,-2.766191613700042,-1.91058984980402,2.136049110902892,-1.7508723248986409,1.1790517871837296,-0.9157134654621284,0.3201368486881256,-0.3201368486881256,0.3201368486881256,0.3201368486881256,-0.3201368486881256,0.3201368486881256,-2.0662106810519427,-1.827629049761528,2.144179883596799,-1.7691568385692995,1.1997272300394968,-0.8934914183592686,0.3562680043039871,-0.35624464014846674,0.356270426490077,0.3562966477156287,-0.35624350818744993,0.356276587354737
297,4.967999999999675,-0.20656728744506836,-0.046557456254959106,0.1313343197107315,-0.02121998369693756,-0.09748876094818115,-0.11797767877578735,-0.11070695519447327,-2.7696344018241263,-1.9113658074082693,2.138238016231404,-1.75122599129359,1.17742697450126,-0.9176797601083915,0.3201454961299896,-0.3201454961299896,0.3201454961299896,0.3201454961299896,-0.3201454961299896,0.3201454961299896,-2.0662107359232276,-1.82763322493954,2.1473146458381147,-1.7695901030847683,1.1979627738555974,-0.8957169821798405,0.3562724754859559,-0.3562506308072216,0.35627575997768823,0.35630353321098013,-0.35624921124852454,0.3562828881463139
298,4.983999999999673,-0.2063181847333908,-0.046372100710868835,0.13097527623176575,-0.0210769884288311,-0.09728672355413437,-0.11741547286510468,-0.11068344116210938,-2.7730730382363493,-1.9121386757534504,2.1404209375019336,-1.7515772744340705,1.175805529108691,-0.9196366846561432,0.32015396118164063,-0.32015396118164063,0.32015396118164063,0.32015396118164063,-0.32015396118164063,0.32015396118164063,-2.06621089391379,-1.8276368183232203,2.1500808056582703,-1.7699713832070587,1.1963997123011616,-0.8976835570551156,0.3562788194402838,-0.35625584074939837,0.3562814650004478,0.3563082322835817,-0.3562548737846013,0.3562880157584908
299,4.999999999999671,-0.20605286955833435,-0.04618863761425018,0.130659818649292,-0.02094920352101326,-0.09711523354053497,-0.11687250435352325,-0.11065922677516937,-2.776507252728988,-1.9129084863803545,2.1425986011460885,-1.7519264278260873,1.1741869418830155,-0.9215845597287019,0.32016267836093903,-0.32016267836093903,0.32016267836093903,0.32016267836093903,-0.32016267836093903,0.32016267836093903,-2.0662112031785522,-1.8276403176713265,2.1528320117600184,-1.7703508981031715,1.1948329852252575,-0.8996486032427962,0.35628503032911535,-0.3562617504772725,0.35628743966383825,0.3563136591040572,-0.35626061744177345,0.3562936265463206
