step,sim_time,action_0,action_1,action_2,action_3,action_4,action_5,action_6,target_0,target_1,target_2,target_3,target_4,target_5,target_6,target_7,target_8,target_9,target_10,target_11,q_0,q_1,q_2,q_3,q_4,q_5,q_6,q_7,q_8,q_9,q_10,q_11
0,0.018000000000000002,-0.45958462357521057,-0.047364242374897,-0.04202580451965332,0.022638894617557526,-0.05692267045378685,-0.06614667177200317,-0.10969731211662292,-1.5713518555555557,-1.5713518555555557,1.5702407444444444,-1.5704189850897075,1.5702407444444444,-0.0005555555555555556,0.32050896763801573,-0.32050896763801573,0.32050896763801573,0.32050896763801573,-0.32050896763801573,0.32050896763801573,-1.5707973108337618,-1.5707301246663645,1.5707658982243187,-1.570689390779736,1.5707476946514711,-5.093816551466695e-05,0.03972558389368386,-0.03952155323017793,0.0388757129756125,0.03972971762159524,-0.03951807042503752,0.03888732680216026
1,0.034000000000000016,-0.3968736231327057,-0.05434693396091461,-0.17855605483055115,0.00658174604177475,-0.05399781093001366,0.02870873361825943,-0.11828523129224777,-1.5724629666666667,-1.5722576377882376,1.5691296333333333,-1.5703092893223445,1.5693407809289441,-0.0005555555555555556,0.3174173167347908,-0.3174173167347908,0.3174173167347908,0.3174173167347908,-0.3174173167347908,0.3174173167347908,-1.5708118255794037,-1.570691214319615,1.5707230499865237,-1.5706615807440423,1.5706378069752505,-9.25296067570866e-05,0.06923621061648072,-0.06944532244531688,0.06910754101790824,0.0692858898047274,-0.06944662299688108,0.0691025463399906
2,0.05000000000000003,-0.3633819818496704,-0.053019359707832336,-0.18084141612052917,0.005222037434577942,-0.05299370735883713,0.04256843402981758,-0.11369339376688004,-1.5741296333333334,-1.5731412937833682,1.5674629666666666,-1.5702222553651015,1.5684575524729636,0.0,0.3190703782439232,-0.3190703782439232,0.3190703782439232,0.3190703782439232,-0.3190703782439232,0.3190703782439232,-1.5708555084185796,-1.5706651754218173,1.5706218583108575,-1.5706268378170585,1.5704665701872955,-8.532107876103606e-05,0.09645574473013381,-0.09661346779532849,0.09643031878667188,0.09646806503161542,-0.09661781345174328,0.09642566555543933
3,0.06800000000000005,-0.3292188346385956,-0.05164996534585953,-0.19136227667331696,0.00473717600107193,-0.046193648129701614,0.061006009578704834,-0.10909947752952576,-1.5763518555555556,-1.5740021265391326,1.5652407444444445,-1.5701433024317504,1.5676876583374686,0.0010167668263117472,0.3207241880893707,-0.3207241880893707,0.3207241880893707,0.3207241880893707,-0.3207241880893707,0.3207241880893707,-1.5709632507835614,-1.570646557810016,1.570387126649105,-1.570582213774707,1.5702220799468172,1.5401960385963352e-05,0.12422444758177693,-0.12434113663413071,0.12415703245611782,0.1242174137559361,-0.12434036012467535,0.12415393009411094
4,0.08400000000000006,-0.2859067916870117,-0.05047629028558731,-0.21777865290641785,0.0040411800146102905,-0.03258386254310608,0.09099012613296509,-0.10369051992893219,-1.5791296333333333,-1.5748433980438925,1.5624629666666667,-1.5700759494315069,1.56714459396175,0.002533268928527832,0.3226714128255844,-0.3226714128255844,0.3226714128255844,0.3226714128255844,-0.3226714128255844,0.3226714128255844,-1.5711323026347652,-1.5706372104234978,1.5700354481474292,-1.57053858061944,1.5699817292379232,0.00022149428484094784,0.1465962183050411,-0.1467030841922309,0.14652623958260472,0.14659207442700234,-0.14670219963448233,0.14652351122733337
5,0.10000000000000007,-0.2415584921836853,-0.04736486077308655,-0.24753883481025696,0.00530020147562027,-0.019955500960350037,0.12736454606056213,-0.09829628467559814,-1.5824629666666667,-1.5756328123901107,1.5591296333333333,-1.5699876127402466,1.5668120022790777,0.004605326586299472,0.3246133375167847,-0.3246133375167847,0.3246133375167847,0.3246133375167847,-0.3246133375167847,0.3246133375167847,-1.571395689708876,-1.570630802485411,1.569505787686397,-1.5704898292971032,1.5697366786468274,0.0005807159530203278,0.16703445993047286,-0.1671327330735469,0.1669732636368585,0.16703281843656512,-0.1671330348778572,0.16697070225606325
6,0.11800000000000009,-0.21992258727550507,-0.04422329366207123,-0.25627225637435913,0.0075873807072639465,-0.01773965358734131,0.14577436447143555,-0.09562515467405319,-1.5861283431212585,-1.5763698672844786,1.5552407444444445,-1.5698611563951255,1.5665163413859553,0.007034899327490065,0.32557494431734085,-0.32557494431734085,0.32557494431734085,0.32557494431734085,-0.32557494431734085,0.32557494431734085,-1.5718343098549068,-1.5706251315321933,1.5686544559865392,-1.5704260133084187,1.5694612310903058,0.0011731246277460318,0.18781638257181424,-0.18790830292285657,0.18775992728958057,0.18781494176651775,-0.18790880108745633,0.18775750041107847
7,0.1340000000000001,-0.2074461430311203,-0.04083619266748428,-0.25559523701667786,0.010701403021812439,-0.01991374045610428,0.1573660969734192,-0.09397738426923752,-1.5895857788384438,-1.5770504704956034,1.5509808238274998,-1.5696827996780953,1.566184445711687,0.009657667610380385,0.3261681416630745,-0.3261681416630745,0.3261681416630745,0.3261681416630745,-0.3261681416630745,0.3261681416630745,-1.5723677712629414,-1.5706240486815075,1.5676548628763272,-1.570358115887702,1.5692130936502082,0.0018692344335300038,0.2044825004629392,-0.2045668330113615,0.2044303028116733,0.20448098255949557,-0.20456713145898897,0.20442810794657248
8,0.1500000000000001,-0.21670404076576233,-0.0390733927488327,-0.23698092997074127,0.013157159090042114,-0.02802874892950058,0.14924782514572144,-0.09509089589118958,-1.5931975128512064,-1.5777016937080839,1.5470311416613207,-1.5694635136932613,1.5657172998961952,0.012145131362809076,0.3257672774791717,-0.3257672774791717,0.3257672774791717,0.3257672774791717,-0.3257672774791717,0.3257672774791717,-1.5730518166037295,-1.570630197244964,1.5664153781804306,-1.5702751457084752,1.5689495151074015,0.0027126787233672663,0.2195116454551054,-0.2195913453295559,0.2194623008988565,0.2195104088140536,-0.21959156207237826,0.21946032437634405
9,0.16800000000000012,-0.4077531397342682,-0.04553681239485741,-0.10317960381507874,0.022511199116706848,-0.062415968626737595,-0.0021180734038352966,-0.1163821890950203,-1.5973648024195246,-1.5784606405813315,1.5436370150506973,-1.5690883270413163,1.564694598525148,0.014077039559682212,0.3181024119257927,-0.3181024119257927,0.3181024119257927,0.3181024119257927,-0.3181024119257927,0.3181024119257927,-1.5740170327536454,-1.5706630618457145,1.5647643581126713,-1.5701516899330292,1.5685884378494417,0.0037570342164563726,0.23377916695481857,-0.23387005697110144,0.23372043144371923,0.2337785900603738,-0.23387035853836072,0.2337184165408068
10,0.18400000000000014,-0.43757164478302,-0.046275004744529724,-0.08786071836948395,0.02610602229833603,-0.056994322687387466,-0.025376364588737488,-0.11898665130138397,-1.6020876475433985,-1.579231890660407,1.5407984439956293,-1.5686532266696773,1.5637446931470247,0.015453392200999791,0.3171648055315018,-0.3171648055315018,0.3171648055315018,0.3171648055315018,-0.3171648055315018,0.3171648055315018,-1.5750602696289056,-1.5707329345292544,1.5631216921631699,-1.5700095675493562,1.5682194855080829,0.0047176440892932195,0.24509945546083373,-0.24516504730244637,0.24505846212636673,0.24509929535464786,-0.2451652413581569,0.24505739225794074
11,0.20000000000000015,-0.435255765914917,-0.046394459903240204,-0.08978524804115295,0.02635975182056427,-0.05241744965314865,-0.02671004831790924,-0.11910232901573181,-1.6073660482228278,-1.5800051316587944,1.5385154284961169,-1.5682138974726678,1.562871068986139,0.016274189286761817,0.31712316155433656,-0.31712316155433656,0.31712316155433656,0.31712316155433656,-0.31712316155433656,0.31712316155433656,-1.5762955330254997,-1.5708553289876426,1.5613555709137543,-1.5698377483594435,1.5678113292065203,0.0056668940358973255,0.25533594662235526,-0.2553899164804034,0.25530458710609677,0.2553362235780637,-0.2553900729483178,0.2553039227881753
12,0.21800000000000017,-0.4318893849849701,-0.04634745791554451,-0.09236319363117218,0.026635877788066864,-0.048406679183244705,-0.026868529617786407,-0.11915963888168335,-1.6132000044578128,-1.58077758929072,1.5367879685521602,-1.5677699661762001,1.5620642909997515,0.016539430816968285,0.317102530002594,-0.317102530002594,0.317102530002594,0.317102530002594,-0.317102530002594,0.317102530002594,-1.5779365190730434,-1.5710725035782276,1.559278119874476,-1.5696143454038276,1.5673198416731209,0.006666395608703071,0.26568690131349315,-0.2657350640988978,0.26565834609024813,0.26568702895598545,-0.26573525740906073,0.26565772826104084
13,0.23400000000000018,-0.43255293369293213,-0.04628670588135719,-0.09363663196563721,0.02748768776655197,-0.04437505081295967,-0.02930382639169693,-0.11960044503211975,-1.6195895162483533,-1.5815490343887426,1.5352273580193996,-1.5673118380467577,1.5613247068195355,0.016249116791619198,0.3169438397884369,-0.3169438397884369,0.3169438397884369,0.3169438397884369,-0.3169438397884369,0.3169438397884369,-1.5796335305431222,-1.5713466949117794,1.5573969382375046,-1.5693930685447368,1.5668630410658442,0.007453585104162806,0.273939024466289,-0.27398359222836843,0.27391235607902026,0.27393942408877303,-0.27398370835725033,0.2739119121871413
14,0.25000000000000017,-0.4357178211212158,-0.046289682388305664,-0.09305864572525024,0.02840859442949295,-0.041316837072372437,-0.03324083983898163,-0.12023153901100159,-1.62625618291502,-1.5823205290952145,1.5336763805906455,-1.5668383614729329,1.5606360928683294,0.015695102794302838,0.31671664595603943,-0.31671664595603943,0.31671664595603943,0.31671664595603943,-0.31671664595603943,0.31671664595603943,-1.581575694432392,-1.5716999863333716,1.555502088505565,-1.5691496638329094,1.566389986188105,0.008130473906720649,0.28137917714153693,-0.28141992712279584,0.2813548097732963,0.2813797401448521,-0.2814200541562392,0.2813545265577479
15,0.2680000000000002,-0.44091886281967163,-0.04636219143867493,-0.09202232956886292,0.029487639665603638,-0.03833113610744476,-0.03811825066804886,-0.12104087322950363,-1.6329228495816865,-1.583093232285859,1.532142675097831,-1.5663469008118396,1.5599972405998719,0.015059798616502024,0.3164252856373787,-0.3164252856373787,0.3164252856373787,0.3164252856373787,-0.3164252856373787,0.3164252856373787,-1.5840732306702707,-1.5721910938982109,1.553367588601042,-1.5688533004563578,1.5658468130914194,0.008767130834150162,0.2888696404378732,-0.28890577182866284,0.2888476991575613,0.28886985968324225,-0.2889059427269671,0.2888473941646133
16,0.2840000000000002,-0.4487694501876831,-0.04650045931339264,-0.09103314578533173,0.03089822828769684,-0.034934066236019135,-0.04410478472709656,-0.12208989262580872,-1.6395895162483531,-1.5838682399410824,1.530625456001409,-1.565831930340378,1.5594150061626049,0.014324718871050414,0.31604763865470886,-0.31604763865470886,0.31604763865470886,0.31604763865470886,-0.31604763865470886,0.31604763865470886,-1.5865771682161922,-1.5727084052130564,1.5514804455365565,-1.5685716504911367,1.5653594750714426,0.009223257026305309,0.29481322814918887,-0.29484653688819473,0.2947932714938934,0.29481374509020114,-0.29484662720012694,0.2947931303793705
17,0.3000000000000002,-0.45595189929008484,-0.04670923575758934,-0.08981300890445709,0.032018110156059265,-0.03210330754518509,-0.04967714846134186,-0.1230379194021225,-1.6462561829150197,-1.5846467272037088,1.529128572519668,-1.5652982951711103,1.5588799510368518,0.013496766396694717,0.31570634901523587,-0.31570634901523587,0.31570634901523587,0.31570634901523587,-0.31570634901523587,0.31570634901523587,-1.5893571277571827,-1.5732969662593044,1.5496037167084724,-1.568269983615135,1.564869238562461,0.009573773264910105,0.3001536100068535,-0.30018377398780405,0.3001356308677648,0.3001543136835473,-0.30018388729882794,0.3001356442059335
18,0.3180000000000002,-0.46347352862358093,-0.04698261246085167,-0.0888536274433136,0.03308849781751633,-0.02926410734653473,-0.055208027362823486,-0.12400372326374054,-1.6529228495816863,-1.585429770744723,1.5276476787289461,-1.564746820207485,1.5583922159144097,0.012576632607314326,0.3153586596250534,-0.3153586596250534,0.3153586596250534,0.3153586596250534,-0.3153586596250534,0.3153586596250534,-1.592819208980648,-1.57403825069242,1.5475072174931275,-1.5679098324590495,1.56432042254002,0.009849074482278734,0.3055140574631827,-0.30554040252442316,0.30549795514661593,0.30551436141162064,-0.3055405711654518,0.3054979004205785
19,0.33400000000000024,-0.47235745191574097,-0.04732727259397507,-0.08838856965303421,0.03430148959159851,-0.02604932337999344,-0.061140745878219604,-0.1250808835029602,-1.659589516248353,-1.5862185586212891,1.5261745359013956,-1.5641751287142918,1.5579580605247432,0.011557620176010665,0.3149708819389343,-0.3149708819389343,0.3149708819389343,0.3149708819389343,-0.3149708819389343,0.3149708819389343,-1.5961882628830175,-1.5747623081347406,1.5456636229598015,-1.5675728139271676,1.563839037901923,0.009988725419844966,0.30975491941238464,-0.3097792511484668,0.30974034156581776,0.3097555341316398,-0.30977933142094677,0.30974042997862533
20,0.35000000000000026,-0.4796488583087921,-0.04771272838115692,-0.08777374029159546,0.03515506535768509,-0.02339205890893936,-0.0663272887468338,-0.1259821057319641,-1.6662561829150195,-1.587013770760975,1.524711640229869,-1.5635892109583303,1.5575681928762608,0.010452165363563436,0.3146464419364929,-0.3146464419364929,0.3146464419364929,0.3146464419364929,-0.3146464419364929,0.3146464419364929,-1.5998307454393024,-1.575541454334272,1.5438363879658052,-1.5672166444881923,1.5633648918078424,0.010026011403822296,0.3135569874674858,-0.31357892629963796,0.31354393515388024,0.31355777910500054,-0.31357903525324116,0.31354415309153016
21,0.36800000000000027,-0.48679250478744507,-0.04814884439110756,-0.08744749426841736,0.035913385450839996,-0.02074771374464035,-0.07128892838954926,-0.12685686349868774,-1.6729228495816861,-1.587816251500827,1.5232541819920622,-1.5629906545341496,1.5572223976471835,0.009264016557070948,0.3143315291404724,-0.3143315291404724,0.3143315291404724,0.3143315291404724,-0.3143315291404724,0.3143315291404724,-1.6042498019758187,-1.5764768943536671,1.5418000323149543,-1.5667966150644506,1.5628443748165686,0.009954972141830385,0.31736559160947037,-0.31738449238234523,0.3173538909648826,0.31736590638807793,-0.3173846643825727,0.31735398673561066
22,0.3840000000000003,-0.4948529303073883,-0.04865670204162598,-0.08767186850309372,0.036739036440849304,-0.01778022199869156,-0.0764523595571518,-0.1277950555086136,-1.6795895162483527,-1.588627196534854,1.5217929841836773,-1.5623783372601354,1.556926060613872,0.007989810564451753,0.3139937800168991,-0.3139937800168991,0.3139937800168991,0.3139937800168991,-0.3139937800168991,0.3139937800168991,-1.6084498632990494,-1.5773551908832129,1.540012075064149,-1.5664079843036889,1.5623961889564089,0.009792669936917521,0.32037198258215355,-0.3203895043202634,0.3203614300322526,0.32037259721278455,-0.32038958159048675,0.32036164575677184
23,0.4000000000000003,-0.5012995600700378,-0.04919229447841644,-0.08763407170772552,0.037231676280498505,-0.015306398272514343,-0.08098484575748444,-0.1285725086927414,-1.6862561829150193,-1.5894470681094943,1.5203324163218819,-1.5617578093221272,1.5566709539759966,0.0066400631351603455,0.3137138968706131,-0.3137138968706131,0.3137138968706131,0.3137138968706131,-0.3137138968706131,0.3137138968706131,-1.612898687307931,-1.578271401015166,1.538241324936075,-1.5660017144749976,1.561962773286935,0.009532766426895684,0.32306210802192015,-0.32307788050837594,0.3230526871511003,0.3230628812573435,-0.32307799064295223,0.32305300795622477
24,0.4180000000000003,-0.5074771046638489,-0.04977750778198242,-0.08784116804599762,0.03761404752731323,-0.012836858630180359,-0.08529888093471527,-0.12932077050209045,-1.692922849581686,-1.590276693239194,1.5188683968544485,-1.5611309085300054,1.5564570063321603,0.005218415119581757,0.31344452261924743,-0.31344452261924743,0.31344452261924743,0.31344452261924743,-0.31344452261924743,0.31344452261924743,-1.618189291633623,-1.579340938345103,1.5362683791006018,-1.5655276043566513,1.5614954802007726,0.009135020833828026,0.3257515245640109,-0.3257649042905031,0.325743022127218,0.3257517606721423,-0.3257650825138316,0.32574317840902867
25,0.43400000000000033,-0.5142979621887207,-0.050441596657037735,-0.08860571682453156,0.038005270063877106,-0.01008034497499466,-0.08971935510635376,-0.13011091947555542,-1.6995895162483525,-1.5911173865168113,1.517391634907373,-1.5604974873622741,1.5562890005825771,0.0037230925344758615,0.31316006898880006,-0.31316006898880006,0.31316006898880006,0.31316006898880006,-0.31316006898880006,0.31316006898880006,-1.6231281038985517,-1.5803211766559788,1.5345358392662014,-1.5650933108070304,1.5611003978391276,0.008689482049347936,0.32786943554754694,-0.32788190675040846,0.32786179485821293,0.3278699542022063,-0.3278819861422866,0.327862051288362
26,0.45000000000000034,-0.5196280479431152,-0.05111122131347656,-0.0889868438243866,0.038119323551654816,-0.007777079939842224,-0.09364433586597443,-0.13076654076576233,-1.7062561829150191,-1.5919692402053693,1.5159085208436334,-1.55986216530308,1.5561593825835798,0.002162353603376288,0.31292404532432555,-0.31292404532432555,0.31292404532432555,0.31292404532432555,-0.31292404532432555,0.31292404532432555,-1.6282786299565604,-1.5813238490834354,1.5328189571634026,-1.5646437763259773,1.5607256181788176,0.008152292604411195,0.32976048922871454,-0.3297716986791441,0.32975368264085436,0.3297611480218906,-0.3297718131180972,0.32975402435819084
27,0.46800000000000036,-0.5246574282646179,-0.0518086776137352,-0.08952286839485168,0.03814069926738739,-0.005499072372913361,-0.0973774641752243,-0.1313934326171875,-1.7129228495816857,-1.5928327181655983,1.5144164730370524,-1.5592264869819568,1.5560677313773645,0.0005393958671225496,0.3126983642578125,-0.3126983642578125,0.3126983642578125,0.3126983642578125,-0.3126983642578125,0.3126983642578125,-1.634311499315816,-1.5824732404294497,1.5309041736114866,-1.5641241863228068,1.5603294938149976,0.00745123332618682,0.33164690560309795,-0.3316562161859396,0.33164069895884335,0.3316469920855993,-0.3316564007683151,0.3316408488744721
28,0.4840000000000004,-0.5301363468170166,-0.0525682270526886,-0.09056390821933746,0.038147635757923126,-0.002994127571582794,-0.10115046799182892,-0.13204467296600342,-1.7195895162483523,-1.593708855283143,1.5129070745667301,-1.558590693052658,1.5560178292511715,-0.001146445266074599,0.31246391773223875,-0.31246391773223875,0.31246391773223875,0.31246391773223875,-0.31246391773223875,0.31246391773223875,-1.639866463060362,-1.583510061878548,1.529220840798704,-1.5636525557393655,1.5600015935769036,0.006743942361627758,0.33312860210663137,-0.33313733928122263,0.33312305135249226,0.33312895553313754,-0.3331374233867264,0.33312328723340645
29,0.5000000000000003,-0.5343167185783386,-0.05330526828765869,-0.09112691134214401,0.03794831037521362,-0.0009130164980888367,-0.10454869270324707,-0.1325857937335968,-1.726256182915019,-1.5945972764212708,1.5113882927110278,-1.5579582212130711,1.5560026123095367,-0.002888923477795384,0.31226911425590514,-0.31226911425590514,0.31226911425590514,0.31226911425590514,-0.31226911425590514,0.31226911425590514,-1.6455910579830988,-1.5845568444617402,1.5275505056533842,-1.5631687275947515,1.5596977624236141,0.00595158151634992,0.3344484885295139,-0.3344563275328703,0.33444355364978057,0.3344489695852586,-0.3344564473090974,0.3344438612735005
30,0.5180000000000003,-0.5382100939750671,-0.05405007302761078,-0.09177694469690323,0.03768014907836914,0.001125819981098175,-0.10778211057186127,-0.13310103118419647,-1.7329228495816855,-1.595498110971731,1.5098586769660793,-1.5573302187284317,1.5560213759758883,-0.004685291987326405,0.3120836287736893,-0.3120836287736893,0.3120836287736893,0.3120836287736893,-0.3120836287736893,0.3120836287736893,-1.652218920675872,-1.585742320579101,1.5256847134439426,-1.56261429855143,1.559384676096195,0.004972480940601225,0.33576197136388664,-0.3357682952517212,0.33575740503907814,0.3357618696372452,-0.3357684849772766,0.3357575073503178
31,0.5340000000000004,-0.5424031019210815,-0.05483824759721756,-0.09286892414093018,0.03738394379615784,0.003330148756504059,-0.11100959777832031,-0.13362723588943481,-1.7395895162483521,-1.596412081765018,1.5083108615637304,-1.5567071529984957,1.5560768784551633,-0.0065354519502984106,0.3118941950798035,-0.3118941950798035,0.3118941950798035,0.3118941950798035,-0.3118941950798035,0.3118941950798035,-1.6582576804274156,-1.5868004314777928,1.524041933869038,-1.5621151212808218,1.5591328042068038,0.004026089218363187,0.3367907338249378,-0.33679672296810614,0.3367866749228925,0.3367908868284119,-0.3367968126204843,0.3367868540276879
32,0.5500000000000004,-0.5454968810081482,-0.05558587610721588,-0.09343034029006958,0.03694210201501846,0.005145035684108734,-0.11396627128124237,-0.13406553864479065,-1.7462561829150187,-1.5973385130334716,1.5067536892255626,-1.5560914512982453,1.5561626290498984,-0.008434889804985784,0.31173640608787534,-0.31173640608787534,0.31173640608787534,0.31173640608787534,-0.31173640608787534,0.31173640608787534,-1.6644241326578535,-1.5878595014781705,1.5224092548575936,-1.5616070898621868,1.5589071467318474,0.0030013777233501345,0.33770479545845916,-0.33771015753150707,0.3377011925955121,0.33770506841593956,-0.33771028232101935,0.3377014347027735
33,0.5680000000000004,-0.5483323335647583,-0.05632534623146057,-0.09402798861265182,0.036453306674957275,0.006905846297740936,-0.11678430438041687,-0.1344815492630005,-1.7529228495816853,-1.598277268803996,1.5051865560820183,-1.5554838961869961,1.5562777264881942,-0.010381294877992732,0.3115866422653198,-0.3115866422653198,0.3115866422653198,0.3115866422653198,-0.3115866422653198,0.3115866422653198,-1.671499980616161,-1.5890494289090134,1.5205824170032072,-1.561029352646686,1.5586834348986762,0.0017698202076498316,0.3386120303645049,-0.33861617631289265,0.33860863050829776,0.33861172827000463,-0.3386163692233157,0.33860866394618183
34,0.5840000000000004,-0.5513526201248169,-0.0570889413356781,-0.095006063580513,0.035930074751377106,0.008777983486652374,-0.1195644736289978,-0.13489848375320435,-1.759589516248352,-1.5992287511595906,1.5036031216890098,-1.5548850616078065,1.5564240262129718,-0.012374036105142695,0.31143654584884645,-0.31143654584884645,0.31143654584884645,0.31143654584884645,-0.31143654584884645,0.31143654584884645,-1.6778945845152633,-1.5901043716235714,1.5189714192739212,-1.5605129129328108,1.5585117042335932,0.0006068682168078721,0.3393204293487404,-0.3393244086741693,0.3393174299718308,0.33932037241777097,-0.33932450348975757,0.3393175346340112
35,0.6000000000000004,-0.5534704923629761,-0.0578046515583992,-0.09544271230697632,0.03531065583229065,0.01030559092760086,-0.12215907871723175,-0.1352475881576538,-1.7662561829150185,-1.6001921620188972,1.502012409817227,-1.5542965506772684,1.5565957860617652,-0.014410020750429891,0.3113108682632446,-0.3113108682632446,0.3113108682632446,0.3113108682632446,-0.3113108682632446,0.3113108682632446,-1.6843784447034829,-1.5911546290300624,1.5173679116637582,-1.5599909840409152,1.5583668974339546,-0.0006278317664971055,0.3399480670350387,-0.33995162116471883,0.3399454064911235,0.3399481257869073,-0.3399517498404289,0.3399455688094821
36,0.6180000000000004,-0.5553749799728394,-0.05850230157375336,-0.09588685631752014,0.0346631184220314,0.011778905987739563,-0.12464134395122528,-0.1355791538953781,-1.7729228495816851,-1.6011672003784598,1.5004142955452682,-1.553718832036901,1.5567921011615609,-0.016487376482950313,0.31119150459766387,-0.31119150459766387,0.31119150459766387,0.31119150459766387,-0.31119150459766387,0.31119150459766387,-1.691767394155747,-1.5923291350452948,1.5155709562640538,-1.5594014262594957,1.5582340420533871,-0.0020871251609854923,0.3405691788899072,-0.3405717514941617,0.3405666039493387,0.34056868286058184,-0.3405719454043778,0.34056656129244783
37,0.6340000000000005,-0.557384729385376,-0.05920764058828354,-0.0966612696647644,0.03397893160581589,0.013322800397872925,-0.1270664632320404,-0.13590532541275024,-1.7795895162483517,-1.6021539943882646,1.4988032743841888,-1.5531525165101374,1.5570141478348587,-0.018605150870150987,0.3110740828514099,-0.3110740828514099,0.3110740828514099,0.3110740828514099,-0.3110740828514099,0.3110740828514099,-1.698403174258982,-1.5933665096297773,1.5139841600110415,-1.5588777500422204,1.5581425182443562,-0.003445139630743489,0.3410524793555817,-0.341055003294163,0.34105022675881375,0.3410522207122739,-0.3410551022351593,0.34105025213864704
38,0.6500000000000005,-0.5586770176887512,-0.059865802526474,-0.09691211581230164,0.033237338066101074,0.01457388699054718,-0.1293766051530838,-0.13618138432502747,-1.7862561829150183,-1.6031517577637058,1.4971880724539839,-1.5525985608757025,1.5572570459513677,-0.02076142762270238,0.3109747016429901,-0.3109747016429901,0.3109747016429901,0.3109747016429901,-0.3109747016429901,0.3109747016429901,-1.7050951973369306,-1.5943964479307395,1.5124027670898135,-1.5583517690507058,1.5580774688133576,-0.004868763035908943,0.34147925394804024,-0.34148150203096245,0.341477254262953,0.3414791088224122,-0.34148163311001284,0.3414773342217702
39,0.6680000000000005,-0.5598068237304688,-0.06049996614456177,-0.09715758264064789,0.03248316049575806,0.01577666401863098,-0.13159796595573425,-0.13644474744796753,-1.792922849581685,-1.6041600905327817,1.495568779409973,-1.5520571748674399,1.5575199903516783,-0.02295472705529795,0.3108798909187317,-0.3108798909187317,0.3108798909187317,0.3108798909187317,-0.3108798909187317,0.3108798909187317,-1.71268128833968,-1.595545808952223,1.5106284240034396,-1.5577611623460605,1.5580330600776306,-0.006532777067083986,0.3419000848327744,-0.341901534552611,0.3418980898162722,0.3418994131733915,-0.3419017273465574,0.34189797314798176
40,0.6840000000000005,-0.5609892010688782,-0.06112748384475708,-0.09769290685653687,0.03169313818216324,0.017018631100654602,-0.1337510347366333,-0.13669858872890472,-1.7995895162483515,-1.6051788819301944,1.4939405642956973,-1.5515289558977372,1.5578036342033559,-0.025183910967575173,0.3107885080575943,-0.3107885080575943,0.3107885080575943,0.3107885080575943,-0.3107885080575943,0.3107885080575943,-1.7194616317605016,-1.5965596043778065,1.5090599490964707,-1.5572394933420828,1.5580186698240104,-0.00806606128764493,0.3422261650824872,-0.3422276468962004,0.34222443542092856,0.34222572418943986,-0.3422277486308313,0.34222438513036446
41,0.7000000000000005,-0.561617910861969,-0.06171347200870514,-0.09773732721805573,0.03087504953145981,0.018017731606960297,-0.13584458827972412,-0.136916846036911,-1.806256182915018,-1.606207439797006,1.4923116088420632,-1.5510143717388796,1.5581039297301384,-0.02744798743890391,0.31070993542671205,-0.31070993542671205,0.31070993542671205,0.31070993542671205,-0.31070993542671205,0.31070993542671205,-1.7262714638502126,-1.597565474001444,1.5074953620816556,-1.5567183907304096,1.5580294499126555,-0.009659416006560716,0.3425129009784133,-0.3425142155556698,0.3425113618640374,0.3425125726411776,-0.34251434747897236,0.3425113645440627
42,0.7180000000000005,-0.5621358156204224,-0.06227267533540726,-0.09777411818504333,0.030056975781917572,0.0189773291349411,-0.13786938786506653,-0.13712665438652039,-1.8129228495816847,-1.607245317719263,1.4906820402056458,-1.5505134221425143,1.558420218549054,-0.029745810569988353,0.31063440442085266,-0.31063440442085266,0.31063440442085266,0.31063440442085266,-0.31063440442085266,0.31063440442085266,-1.7339606414693856,-1.5986879090637123,1.5057383398140147,-1.5561363545281834,1.55806823767012,-0.01150738796508815,0.34279434552813665,-0.3427950043783757,0.342792757215826,0.3427935234758663,-0.34279519418024146,0.3427925744471589
43,0.7340000000000005,-0.562676191329956,-0.06281296908855438,-0.09807051718235016,0.029205866158008575,0.019952356815338135,-0.13982002437114716,-0.13732433319091797,-1.8195895162483513,-1.6082922005374054,1.48904753158594,-1.5500266577065476,1.5587527578293097,-0.03207614430950747,0.3105632400512695,-0.3105632400512695,0.3105632400512695,0.3105632400512695,-0.3105632400512695,0.3105632400512695,-1.7408087127540692,-1.5996784651581037,1.5041840424053812,-1.5556248277789273,1.5581256822713323,-0.013198252261562606,0.3430112387494354,-0.3430119834752878,0.3430098738629752,0.34301064154695293,-0.3430120866213154,0.34300975670637335
44,0.7500000000000006,-0.5628006458282471,-0.0633208379149437,-0.09791630506515503,0.028347373008728027,0.02073107659816742,-0.14175337553024292,-0.13749811053276062,-1.826256182915018,-1.6093475478359878,1.4874155931681874,-1.5495542014897354,1.5590982757726124,-0.03443870056834485,0.31050068020820615,-0.31050068020820615,0.31050068020820615,0.31050068020820615,-0.31050068020820615,0.31050068020820615,-1.7476658388368969,-1.6006621996448307,1.5026326458612567,-1.5551163501090046,1.5582064176513817,-0.014944336319609754,0.34320088244309427,-0.34320153796510516,0.34319966279154496,0.3432003973459077,-0.3432016692770044,0.3431995978324651
45,0.7680000000000006,-0.5628625750541687,-0.063801608979702,-0.0977599024772644,0.02749810367822647,0.02148132026195526,-0.14363467693328857,-0.1376672089099884,-1.8329228495816845,-1.6104109079856495,1.485786261460233,-1.549095899761765,1.5594562977769784,-0.03683261185056633,0.3104398047924042,-0.3104398047924042,0.3104398047924042,0.3104398047924042,-0.3104398047924042,0.3104398047924042,-1.7553862037837558,-1.6017615321003065,1.500889485286549,-1.5545511118642727,1.5583212733818708,-0.01695802676650474,0.3433858316329153,-0.34338594276745793,0.3433845282774481,0.3433848875813998,-0.34338612802753227,0.3433842904619577
46,0.7840000000000006,-0.5629319548606873,-0.06425362080335617,-0.09784269332885742,0.026618853211402893,0.022230297327041626,-0.14543917775154114,-0.13782265782356262,-1.839589516248351,-1.6114818016657053,1.484155549904752,-1.5486522522082415,1.5598268027324291,-0.03925659814642535,0.31038384318351747,-0.31038384318351747,0.31038384318351747,0.31038384318351747,-0.31038384318351747,0.31038384318351747,-1.7622445348625109,-1.6027334853129012,1.499346772673179,-1.554056593887164,1.5584438487471561,-0.018791055125890088,0.34352727234167246,-0.343527503660303,0.34352616106934336,0.3435265474087429,-0.34352760693468304,0.34352598845841065
47,0.8000000000000006,-0.5626962184906006,-0.06468434631824493,-0.0975165069103241,0.025745868682861328,0.02282470464706421,-0.14725801348686218,-0.137963205575943,-1.8462561829150177,-1.6125598741043428,1.48253027478958,-1.5482231543968605,1.5602072144765469,-0.04171089837120638,0.3103332459926605,-0.3103332459926605,0.3103332459926605,0.3103332459926605,-0.3103332459926605,0.3103332459926605,-1.7690973542847515,-1.6037006913630887,1.4978064170606062,-1.5535671948405299,1.5585875060411025,-0.02067516520767177,0.34364991507118514,-0.3436501119775208,0.343648916207446,0.34364930170551894,-0.3436502414177498,0.343648795357976
48,0.8180000000000006,-0.5624405741691589,-0.06508936733007431,-0.09719826281070709,0.02488832175731659,0.02340221405029297,-0.1490381360054016,-0.13810211420059204,-1.8529228495816843,-1.6136446968931772,1.480910303742735,-1.5478083490342387,1.5605972513773851,-0.044194867304629744,0.31028323888778686,-0.31028323888778686,0.31028323888778686,0.31028323888778686,-0.31028323888778686,0.31028323888778686,-1.7767975976587174,-1.6047841631286093,1.4960751966663748,-1.553025521169829,1.5587702646153632,-0.022838916451608838,0.3437683580075946,-0.3437680973657258,0.34376725492476795,0.34376732054605996,-0.3437682768718911,0.34376697422592467
49,0.8340000000000006,-0.5621898770332336,-0.06545807421207428,-0.09710827469825745,0.024004094302654266,0.02396734058856964,-0.15074068307876587,-0.13822677731513977,-1.859589516248351,-1.6147356647967117,1.479291832497764,-1.5474082807958611,1.5609967070538613,-0.046707212022609176,0.31023836016654965,-0.31023836016654965,0.31023836016654965,0.31023836016654965,-0.31023836016654965,0.31023836016654965,-1.783626303257533,-1.605744587946748,1.4945427423812283,-1.5525535897537703,1.5589505666639139,-0.02480096829877097,0.3438578675582656,-0.3438577476129459,0.34385693251896293,0.3438570433260412,-0.3438578499138048,0.3438567166087041
50,0.8500000000000006,-0.5617204308509827,-0.06581726670265198,-0.09664860367774963,0.023134425282478333,0.024413704872131348,-0.15248043835163116,-0.1383432000875473,-1.8662561829150175,-1.6158326192417558,1.477681022436468,-1.547022707041153,1.5614036021350635,-0.04924855266180303,0.31019644796848295,-0.31019644796848295,0.31019644796848295,0.31019644796848295,-0.31019644796848295,0.31019644796848295,-1.7904400389956778,-1.6067027781701013,1.4930124422561526,-1.5520884461143578,1.5591496160758889,-0.026810656259553107,0.34393444331774814,-0.34393432635905463,0.34393359686802855,0.34393372966490354,-0.34393445290740093,0.3439334322893314
51,0.8680000000000007,-0.5612670183181763,-0.066153384745121,-0.09620985388755798,0.022284172475337982,0.024854406714439392,-0.15419146418571472,-0.13846039772033691,-1.872922849581684,-1.6169351756541746,1.4760775248716753,-1.5466513041665642,1.5618178422469708,-0.05181841039823161,0.3101542568206787,-0.3101542568206787,0.3101542568206787,0.3101542568206787,-0.3101542568206787,0.3101542568206787,-1.7980867941461316,-1.6077791823554175,1.4912924233497598,-1.5515756951033801,1.559391767952878,-0.029111297944183302,0.3440071943923051,-0.34400668795641454,0.3440062330609729,0.34400609046817154,-0.3440068608214471,0.3440059214150367
52,0.8840000000000007,-0.560824453830719,-0.06644728779792786,-0.09599512070417404,0.02141106128692627,0.025274917483329773,-0.15582337975502014,-0.13856256008148193,-1.8795895162483507,-1.6180426304508067,1.4744776061932725,-1.5462944531451155,1.562239090871693,-0.054415466727481945,0.3101174783706665,-0.3101174783706665,0.3101174783706665,0.3101174783706665,-0.3101174783706665,0.3101174783706665,-1.8048610111807517,-1.6087360469405605,1.4897698438809264,-1.5511307096227178,1.5596222579076957,-0.031191386094191344,0.344061085636528,-0.34406072970199947,0.3440602741101482,0.3440601887291388,-0.34406083014266076,0.3440600266557429
53,0.9000000000000007,-0.5602262616157532,-0.06674300879240036,-0.09544442594051361,0.020557276904582977,0.025605186820030212,-0.15750661492347717,-0.13866078853607178,-1.8862561829150173,-1.61915501393068,1.4728868657609306,-1.5459518318633725,1.5626658439853602,-0.05704057697620656,0.31008211612701414,-0.31008211612701414,0.31008211612701414,0.31008211612701414,-0.31008211612701414,0.31008211612701414,-1.8116150029055527,-1.6096932094108243,1.4882494503706363,-1.5506938109431603,1.559869188351427,-0.0333162978628891,0.34410612851561584,-0.34410579968194815,0.34410538866825285,0.3441053406296776,-0.3441059225619657,0.3441051919617305
54,0.9180000000000007,-0.5596719980239868,-0.06701858341693878,-0.09492775797843933,0.019725382328033447,0.025938808917999268,-0.15916632115840912,-0.13876107335090637,-1.8929228495816839,-1.6202719903209624,1.47130473646129,-1.5456230754912386,1.5630981574673268,-0.05969334899551338,0.3100460135936737,-0.3100460135936737,0.3100460135936737,0.3100460135936737,-0.3100460135936737,0.3100460135936737,-1.8191896769489995,-1.610771421873061,1.4865407092185672,-1.5502140486634022,1.5601623957038606,-0.03574292030980318,0.3441476863696618,-0.3441470218237972,0.34414682797715357,0.3441465403919181,-0.3441471874535521,0.3441464963977189
55,0.9340000000000007,-0.5591363310813904,-0.06724792718887329,-0.09463761746883392,0.018872708082199097,0.026247680187225342,-0.1607460081577301,-0.13884572684764862,-1.8995895162483505,-1.6213927891074436,1.4697274428368092,-1.5453085303565353,1.5635356188037806,-0.06237244913147555,0.31001553833484646,-0.31001553833484646,0.31001553833484646,0.31001553833484646,-0.31001553833484646,0.31001553833484646,-1.825896679811987,-1.6117324101176524,1.4850282423859227,-1.549799265623962,1.5604358021266402,-0.037931972307100284,0.34417735154675105,-0.34417684006420535,0.3441766284588155,0.3441764058511274,-0.344176937979104,0.34417636012173486
56,0.9500000000000007,-0.5584864020347595,-0.06749000400304794,-0.09403984248638153,0.018039703369140625,0.02649092674255371,-0.16238725185394287,-0.13892963528633118,-1.906256182915017,-1.6225176225074944,1.468160112128703,-1.5450078686337163,1.5639771342494897,-0.06507890332904126,0.30998533129692074,-0.30998533129692074,0.30998533129692074,0.30998533129692074,-0.30998533129692074,0.30998533129692074,-1.8325814696165408,-1.6126959500073872,1.4835181283187096,-1.549393545049981,1.5607234741080025,-0.04016358064235644,0.34420102125718377,-0.34420055216953666,0.3442003570642492,0.3442001821087462,-0.34420067083448846,0.34420013848918846
57,0.9680000000000007,-0.5579004287719727,-0.06771557778120041,-0.09348951280117035,0.017228513956069946,0.026746228337287903,-0.164009690284729,-0.13901668787002563,-1.9129228495816837,-1.6236462154705145,1.4666019535820167,-1.5447207267344485,1.564422904721778,-0.06781239816712008,0.3099539923667908,-0.3099539923667908,0.3099539923667908,0.3099539923667908,-0.3099539923667908,0.3099539923667908,-1.8400769663812053,-1.6137838793897976,1.4818212093592118,-1.548949714731946,1.561059922628194,-0.04270722258887183,0.3442215064277788,-0.3442207454503322,0.34422072397990894,0.34422033908558664,-0.3442209034791919,0.3442203817769555
58,0.9840000000000008,-0.5573434829711914,-0.06789261102676392,-0.09317219257354736,0.016397178173065186,0.02697509527206421,-0.1655520796775818,-0.1390874981880188,-1.9195895162483503,-1.624777758987627,1.465049083705791,-1.544447440431564,1.564872489642979,-0.07057159949507977,0.3099285006523132,-0.3099285006523132,0.3099285006523132,0.3099285006523132,-0.3099285006523132,0.3099285006523132,-1.846713283957941,-1.6147555797349715,1.4803194118468483,-1.5485674580735564,1.5613695236874534,-0.0449978065551828,0.34423489060026863,-0.344234279835837,0.3442342315944313,0.3442339159233372,-0.3442343747520391,0.3442339511596623
59,1.0000000000000007,-0.5566967129707336,-0.06809211522340775,-0.09256735444068909,0.015584193170070648,0.027157023549079895,-0.16716372966766357,-0.13915975391864777,-1.9262561829150169,-1.6259126275746838,1.463506294465113,-1.5441877038787295,1.5653251067021303,-0.0733576616562075,0.3099024885892868,-0.3099024885892868,0.3099024885892868,0.3099024885892868,-0.3099024885892868,0.3099024885892868,-1.8533277846942664,-1.615731620137529,1.4788201757691255,-1.5481949800449286,1.5616914240099216,-0.04732914671429371,0.3442442740421652,-0.344243714296811,0.34424366422935676,0.3442434023748058,-0.3442438283806052,0.3442434320753128
60,1.0180000000000007,-0.5561268925666809,-0.06827868521213531,-0.09202075004577637,0.01479155570268631,0.027357816696166992,-0.16876038908958435,-0.13923561573028564,-1.9329228495816835,-1.6270506056615528,1.4619726152976833,-1.5439411779503514,1.5657810703137331,-0.07617033480770057,0.30987517833709716,-0.30987517833709716,0.30987517833709716,0.30987517833709716,-0.30987517833709716,0.30987517833709716,-1.8607454037829112,-1.6168355519350512,1.4771357715066815,-1.547789124534568,1.5620640733333195,-0.04998251139412299,0.344250769014097,-0.34424995347045606,0.3442500442314158,0.3442495968144448,-0.344250103692701,0.3442496987406702
61,1.0340000000000007,-0.5555949807167053,-0.06841545552015305,-0.09171618521213531,0.013978183269500732,0.027531132102012634,-0.17027676105499268,-0.13929438591003418,-1.93958951624835,-1.6281908632535553,1.4604440122108144,-1.543708208229193,1.5662399225154333,-0.07900828082528377,0.3098540210723877,-0.3098540210723877,0.3098540210723877,0.3098540210723877,-0.3098540210723877,0.3098540210723877,-1.8673141557097024,-1.6178229866737845,1.4756452508689852,-1.5474409866088414,1.5624038817336032,-0.052368594311207176,0.34425346138701657,-0.3442527890220853,0.3442528501847394,0.34425247326295305,-0.34425288063318,0.3442525644408272
62,1.0500000000000007,-0.5549854040145874,-0.06858290731906891,-0.0911364033818245,0.013180799782276154,0.027671337127685547,-0.17186743021011353,-0.13935597240924835,-1.9462561829150167,-1.6293339117088732,1.4589250721544507,-1.543488528232822,1.5667011114675613,-0.08187273799545233,0.3098318499326706,-0.3098318499326706,0.3098318499326706,0.3098318499326706,-0.3098318499326706,0.3098318499326706,-1.8738630879780172,-1.6188159991608075,1.474157469750987,-1.5471031493640464,1.562754270358125,-0.05479402857515344,0.34425357807427903,-0.3442529605268121,0.3442530085096068,0.34425268831237754,-0.3442530698064346,0.3442527690392484
63,1.0680000000000007,-0.5544593334197998,-0.06874057650566101,-0.09062345325946808,0.01240154355764389,0.02783544361591339,-0.17344573140144348,-0.13942113518714905,-1.9529228495816833,-1.6304795879839675,1.457414681266793,-1.5432818358401945,1.5671650355278266,-0.08476350018547639,0.30980839133262633,-0.30980839133262633,0.30980839133262633,0.30980839133262633,-0.30980839133262633,0.30980839133262633,-1.881209775091286,-1.6199402939662721,1.4724861698430582,-1.5467366378421876,1.563156977149645,-0.057551224288744124,0.34425113959026016,-0.3442502971394806,0.34425046018314054,0.34424997496030607,-0.34425043944888944,0.34425011678596534
64,1.0840000000000007,-0.5539774298667908,-0.06884799897670746,-0.09036321938037872,0.011599592864513397,0.027971014380455017,-0.17494264245033264,-0.13946795463562012,-1.9595895162483499,-1.6316270546335794,1.4559086276104534,-1.5430885092924527,1.5676312191008341,-0.08767921089298193,0.30979153633117673,-0.30979153633117673,0.30979153633117673,0.30979153633117673,-0.30979153633117673,0.30979153633117673,-1.8877183558700588,-1.6209467443927748,1.4710073844617295,-1.5464236782991423,1.5635218157493227,-0.0600279443236416,0.34424717673695204,-0.34424646708265777,0.3442466025441781,0.34424618652785144,-0.344246555206394,0.34424631632266195
65,1.1000000000000008,-0.5534198880195618,-0.06899257004261017,-0.08983323723077774,0.010811448097229004,0.02808237075805664,-0.17651641368865967,-0.1395181566476822,-1.9662561829150165,-1.6327769308009563,1.4544114069899403,-1.542908318490832,1.5680992586134683,-0.09062115112112626,0.3097734636068344,-0.3097734636068344,0.3097734636068344,0.3097734636068344,-0.3097734636068344,0.3097734636068344,-1.8942100594195528,-1.621959454623765,1.4695314349480517,-1.5461214093269715,1.5638957696298157,-0.06254293481832197,0.34424170617428224,-0.3442410515134781,0.34424116770384605,0.3442408085867936,-0.34424115585883885,0.3442409252371505
66,1.1180000000000008,-0.5529475808143616,-0.06913013011217117,-0.08937663584947586,0.010039106011390686,0.02822043001651764,-0.17807787656784058,-0.1395713984966278,-1.972922849581683,-1.633929099636159,1.452921796392449,-1.542741000057309,1.5685695991137436,-0.09358911573059027,0.309754296541214,-0.309754296541214,0.309754296541214,0.309754296541214,-0.309754296541214,0.309754296541214,-1.9014961018517982,-1.6231065288658344,1.4678735490347283,-1.5457951502998832,1.5643233017691354,-0.0653992183882974,0.34423410807683197,-0.34423325622832635,0.34423346603108984,0.34423295970252715,-0.3442333905617563,0.34423312832400416
67,1.1340000000000008,-0.5525218844413757,-0.0692172572016716,-0.08918347209692001,0.009241655468940735,0.028327837586402893,-0.17955437302589417,-0.13960427045822144,-1.9795895162483497,-1.6350827205895202,1.4514354051908336,-1.54258697246616,1.5690417297401837,-0.09658168861435518,0.3097424626350403,-0.3097424626350403,0.3097424626350403,0.3097424626350403,-0.3097424626350403,0.3097424626350403,-1.9079542755368377,-1.6241335870544764,1.4664066696786182,-1.5455180759409972,1.5647087854026078,-0.06796265219186445,0.34422658203080825,-0.3442258495277805,0.3442260382106096,0.3442255973861677,-0.3442259340630427,0.34422575462327304
68,1.1500000000000008,-0.5520164370536804,-0.06934652477502823,-0.08871971070766449,0.008456245064735413,0.02841709554195404,-0.18110987544059753,-0.1396409273147583,-1.9862561829150163,-1.6362384960024374,1.449956743345706,-1.5424460350484144,1.5695153479992163,-0.09960018653836514,0.309729266166687,-0.309729266166687,0.309729266166687,0.309729266166687,-0.309729266166687,0.309729266166687,-1.9143989397637504,-1.6251670842769608,1.4649426080310775,-1.5452520014662035,1.5651021523637645,-0.07056352147491335,0.3442184033921606,-0.3442177240922407,0.3442178901871139,0.3442175046455103,-0.34421782342659546,0.34421764736282684
69,1.1680000000000008,-0.5515938997268677,-0.06947074830532074,-0.0883321538567543,0.007683955132961273,0.028533637523651123,-0.1826537847518921,-0.13967984914779663,-1.9929228495816829,-1.6373963418075261,1.4484845407814266,-1.5423179691295317,1.5699909086246104,-0.10264441628423,0.3097152543067932,-0.3097152543067932,0.3097152543067932,0.3097152543067932,-0.3097152543067932,0.3097152543067932,-1.9216361376859963,-1.6263375941430542,1.4632980539533655,-1.544966620365567,1.5655501098413467,-0.07351502900230562,0.34420865946953966,-0.3442078094712313,0.34420804929369286,0.34420753288976086,-0.3442079357702143,0.34420771937084416
70,1.1840000000000008,-0.5512158870697021,-0.06954415887594223,-0.08821672201156616,0.006883013993501663,0.02861596643924713,-0.18411022424697876,-0.13969597220420837,-1.9995895162483495,-1.6385554111221252,1.4470142620812338,-1.54220325222964,1.570467841398598,-0.10571292002167965,0.309709450006485,-0.309709450006485,0.309709450006485,0.309709450006485,-0.309709450006485,0.309709450006485,-1.9280545546649317,-1.6273853731811565,1.4618428860538197,-1.5447259330204468,1.5659525552100988,-0.07616196446007818,0.3442000856760531,-0.3441993392786364,0.34419956750598685,0.3441991110266,-0.34419942017163335,0.34419928816499723
71,1.2000000000000008,-0.5507502555847168,-0.0696631371974945,-0.08782544732093811,0.006092552095651627,0.02868373692035675,-0.18564826250076294,-0.13971632719039917,-2.006256182915016,-1.6397164634087502,1.445550504625885,-1.5421017096947125,1.570945903680604,-0.10880705773002569,0.30970212221145627,-0.30970212221145627,0.30970212221145627,0.30970212221145627,-0.30970212221145627,0.30970212221145627,-1.9344628665001324,-1.6284393582988843,1.4603903941324392,-1.544496518836212,1.5663618451067438,-0.07884568861477957,0.3441915789596625,-0.34419088271512677,0.34419108668829984,0.34419068245717127,-0.34419097697626416,0.3441908446380966
72,1.2180000000000009,-0.5503614544868469,-0.06977833807468414,-0.08751081675291061,0.005312371999025345,0.028778299689292908,-0.18717560172080994,-0.13973797857761383,-2.012922849581683,-1.640879435709995,1.4440919910133365,-1.5420131701613955,1.5714255420087588,-0.11192665109203918,0.309694327712059,-0.309694327712059,0.309694327712059,0.309694327712059,-0.309694327712059,0.309694327712059,-1.9416631643294935,-1.6296325160853455,1.4587586665874033,-1.54425250999235,1.5668265203246587,-0.08188923089066664,0.34418222118313646,-0.3441813804939303,0.34418163870090823,0.3441811191034322,-0.34418149865485964,0.34418131732629387
73,1.2340000000000009,-0.5500091910362244,-0.06984201818704605,-0.08747468888759613,0.004498891532421112,0.028831928968429565,-0.18861272931098938,-0.1397337019443512,-2.0195895162483497,-1.6420434693464456,1.4426340795318766,-1.5419381886358552,1.5719060741582327,-0.11507019658055567,0.30969586730003357,-0.30969586730003357,0.30969586730003357,0.30969586730003357,-0.30969586730003357,0.30969586730003357,-1.9480522758774241,-1.6306999567057399,1.4573146456215078,-1.544048636349221,1.567242807659733,-0.08461700695230844,0.34417476330213004,-0.3441740079348873,0.34417426738772156,0.3441738001013308,-0.3441740851415377,0.34417399256138975
74,1.2500000000000009,-0.5495598316192627,-0.06995362043380737,-0.08715382218360901,0.003695093095302582,0.028873443603515625,-0.1901347041130066,-0.1397341936826706,-2.0262561829150165,-1.6432093630203424,1.4411815158288164,-1.5418766037509335,1.5723872982182914,-0.11823910831577245,0.3096956902742386,-0.3096956902742386,0.3096956902742386,0.3096956902742386,-0.3096956902742386,0.3096956902742386,-1.954434452852354,-1.6317730665131116,1.455873046948611,-1.5438563124054825,1.567665041207031,-0.0873810722547261,0.34416802080571185,-0.34416731161337216,0.3441675463005231,0.3441671269619673,-0.34416740071387997,0.34416730481250163
75,1.268000000000001,-0.5491786003112793,-0.07006217539310455,-0.08690755814313889,0.0028987154364585876,0.0289391428232193,-0.19164669513702393,-0.13973474502563477,-2.0329228495816833,-1.6443770659435608,1.4397330565264308,-1.5418282918269925,1.5728696172653451,-0.12143321990138951,0.3096954917907715,-0.3096954917907715,0.3096954917907715,0.3096954917907715,-0.3096954917907715,0.3096954917907715,-1.9616089866588429,-1.6329870194566305,1.4542532586157526,-1.543654172029588,1.5681432342969661,-0.09051398940896065,0.34416132734039395,-0.3441605006010919,0.3441607694529648,0.3441602500029748,-0.3441606104326353,0.3441604562549097
76,1.284000000000001,-0.5488221645355225,-0.0701180249452591,-0.08694236725568771,0.002064470201730728,0.028955042362213135,-0.19306659698486328,-0.13970550894737244,-2.03958951624835,-1.6455456996926485,1.4382840170721694,-1.541793883990297,1.5733522013047154,-0.1246509965178039,0.30970601677894594,-0.30970601677894594,0.30970601677894594,0.30970601677894594,-0.30970601677894594,0.30970601677894594,-1.9679783122670664,-1.6340722337589146,1.4528195055208406,-1.5434875733258702,1.5685706330305909,-0.09332038110371804,0.3441569814602977,-0.34415621922150624,0.34415650534389647,0.34415602864235545,-0.3441562926776786,0.34415623417691493
77,1.300000000000001,-0.5483616590499878,-0.07022354006767273,-0.08668214082717896,0.0012412890791893005,0.028961509466171265,-0.1945752501487732,-0.13968223333358765,-2.046256182915017,-1.6467160920271098,1.4368393147250498,-1.541773195838977,1.5738348931291517,-0.12789391735361677,0.3097143959999084,-0.3097143959999084,0.3097143959999084,0.3097143959999084,-0.3097143959999084,0.3097143959999084,-1.9743434710332595,-1.6351623871910053,1.4513878393061055,-1.5433328324060167,1.5690031590513223,-0.09616268246601022,0.344153956153411,-0.34415323615991594,0.3441534966691234,0.34415306303523546,-0.344153319959865,0.34415325446585393
78,1.318000000000001,-0.5479597449302673,-0.07032616436481476,-0.08649168908596039,0.00042410194873809814,0.028988465666770935,-0.19607502222061157,-0.139657661318779,-2.052922849581684,-1.6478881947665234,1.4353977865736172,-1.5417661274731649,1.5743180342235978,-0.13116183439062695,0.30972324192523953,-0.30972324192523953,0.30972324192523953,0.30972324192523953,-0.30972324192523953,0.30972324192523953,-1.9815019716357833,-1.6363946053427396,1.4497788260859412,-1.5431731515730513,1.5694919696460963,-0.0993827466638824,0.3441520720562136,-0.3441512630758179,0.3441515360258331,0.3441510181692291,-0.34415136428597154,0.344151229904187
79,1.334000000000001,-0.5475650429725647,-0.0703745111823082,-0.08658146858215332,-0.00043605268001556396,0.028953909873962402,-0.19748073816299438,-0.13959896564483643,-2.0595895162483506,-1.6490611032862286,1.433954762097248,-1.5417733950178318,1.574800599388164,-0.13445318002667686,0.3097443723678589,-0.3097443723678589,0.3097443723678589,0.3097443723678589,-0.3097443723678589,0.3097443723678589,-1.987859662597727,-1.63749521573674,1.4483542577312796,-1.5430443883214857,1.5699279537566535,-0.10226589188202836,0.344152725778447,-0.3441519582653704,0.34415226711682917,0.3441517808267399,-0.344152027873974,0.34415199808903996
80,1.350000000000001,-0.5470587611198425,-0.07047387212514877,-0.08636559545993805,-0.0012844428420066833,0.028912052512168884,-0.19897890090942383,-0.1395471692085266,-2.0662561829150174,-1.6502356678216477,1.432515335506249,-1.541794802398532,1.5752824669300334,-0.13776949504183392,0.3097630190849304,-0.3097630190849304,0.3097630190849304,0.3097630190849304,-0.3097630190849304,0.3097630190849304,-1.9942154645642425,-1.638599943842758,1.4469314043317778,-1.5429278362794276,1.5703682634461866,-0.10518466967835233,0.34415530621708135,-0.34415457601528465,0.34415485976934374,0.34415441037119593,-0.344154654308266,0.3441546149209426
81,1.368000000000001,-0.5465975999832153,-0.07057009637355804,-0.08621308952569962,-0.0021296627819538116,0.028885215520858765,-0.20046931505203247,-0.13949227333068848,-2.0729228495816843,-1.6514118360945402,1.4310784506808207,-1.5418302967782311,1.5757638871887143,-0.14111065029270112,0.30978278160095213,-0.30978278160095213,0.30978278160095213,0.30978278160095213,-0.30978278160095213,0.30978278160095213,-2.0013659491445144,-1.6398475763659166,1.445331881778486,-1.5428113513224788,1.570864878328122,-0.10849002140854597,0.34416036168700503,-0.3441595727671048,0.34415984578567504,0.34415932866581694,-0.3441596649233046,0.34415954506876295
82,1.384000000000001,-0.5461201667785645,-0.07060995697975159,-0.08633571863174438,-0.003024432808160782,0.028781145811080933,-0.2018653154373169,-0.1393977403640747,-2.079589516248351,-1.6525886687108695,1.4296395220369584,-1.5418807039917004,1.5762435729522324,-0.1444750722166564,0.3098168134689331,-0.3098168134689331,0.3098168134689331,0.3098168134689331,-0.3098168134689331,0.3098168134689331,-2.0077185878532577,-1.6409610155897265,1.4439153603379746,-1.5427211320234568,1.5713069313555117,-0.11144837088891428,0.3441679640005125,-0.34416719005530017,0.3441675217064945,0.34416702253490034,-0.34416725564157885,0.34416725252218217
83,1.400000000000001,-0.5455255508422852,-0.07070193439722061,-0.08614244312047958,-0.0039061345160007477,0.028672993183135986,-0.2033577859401703,-0.13931149244308472,-2.086256182915018,-1.6537670342841566,1.4282038146516172,-1.5419458062336338,1.5767214561719514,-0.14786436864899258,0.3098478627204895,-0.3098478627204895,0.3098478627204895,0.3098478627204895,-0.3098478627204895,0.3098478627204895,-2.0140711012703836,-1.6420777440235264,1.4425001995840014,-1.5426435444673001,1.5717524561642062,-0.1144421693053753,0.34417813816626996,-0.34417739635565964,0.34417770329711533,0.3441772339880301,-0.3441774688133648,0.34417745292608304
84,1.418000000000001,-0.5449623465538025,-0.07079007476568222,-0.08600492775440216,-0.0047874487936496735,0.028573855757713318,-0.20484453439712524,-0.1392199695110321,-2.0929228495816847,-1.6549468688635847,1.4267703991890437,-1.5420255970468613,1.5771976871012465,-0.15127844422227799,0.30988081097602843,-0.30988081097602843,0.30988081097602843,0.30988081097602843,-0.30988081097602843,0.30988081097602843,-2.0212197860914802,-1.6433379145193912,1.4409089509542445,-1.542571206672262,1.5722539181045159,-0.11783128410979901,0.344192410411817,-0.3441916429613164,0.34419191315744674,0.34419139416394023,-0.34419172543047594,0.3441916154503478
85,1.434000000000001,-0.544353187084198,-0.07082225382328033,-0.08612612634897232,-0.005718111991882324,0.028378725051879883,-0.20623323321342468,-0.13908222317695618,-2.0995895162483516,-1.6561272397606392,1.4253349637498942,-1.5421208989133925,1.5776706658521111,-0.15471566477583507,0.30993039965629576,-0.30993039965629576,0.30993039965629576,0.30993039965629576,-0.30993039965629576,0.30993039965629576,-2.027572362596952,-1.644461668622363,1.4394994619806065,-1.542520440288823,1.5726993299024452,-0.12086357819434537,0.34420906616920116,-0.34420828391033925,0.3442086394176931,0.3442081225898357,-0.3442083452054107,0.3442083672050681
86,1.450000000000001,-0.5436278581619263,-0.07091234624385834,-0.08591222763061523,-0.006622355431318283,0.028185054659843445,-0.20771798491477966,-0.13895437121391296,-2.1062561829150184,-1.6573091121980368,1.423903093289384,-1.5422312715039146,1.5781404167631086,-0.15817763119108139,0.30997642636299133,-0.30997642636299133,0.30997642636299133,0.30997642636299133,-0.30997642636299133,0.30997642636299133,-2.033926084094589,-1.6455879468386285,1.438091073528948,-1.5424827782769641,1.5731472439898582,-0.1239312156322861,0.3442290093265558,-0.3442282545801199,0.34422858556710273,0.34422809145183303,-0.3442283207499846,0.3442283268465598
87,1.468000000000001,-0.542919933795929,-0.07100297510623932,-0.0857326090335846,-0.00751718133687973,0.027992933988571167,-0.20919448137283325,-0.1388186514377594,-2.112922849581685,-1.6584924951164741,1.4224742164721575,-1.5423565578595293,1.578606965662918,-0.1616642058806286,0.3100252854824066,-0.3100252854824066,0.3100252854824066,0.3100252854824066,-0.3100252854824066,0.3100252854824066,-2.041077455198202,-1.6468580060115021,1.4365072299287605,-1.5424556846802344,1.573650238554108,-0.12740284130993879,0.3442550183692682,-0.34425427584674956,0.34425453996550887,0.3442540176340501,-0.3442543479408966,0.3442542440685178
88,1.484000000000001,-0.5421304702758789,-0.0710398405790329,-0.08578513562679291,-0.008458442986011505,0.02768133580684662,-0.21056950092315674,-0.13862858712673187,-2.119589516248352,-1.659676492459458,1.421044464211711,-1.5424975319092962,1.5790683212596988,-0.16517369756268122,0.3100937086343765,-0.3100937086343765,0.3100937086343765,0.3100937086343765,-0.3100937086343765,0.3100937086343765,-2.0474334651802772,-1.6479898438440594,1.4351042037838064,-1.542445321654705,1.5740959215364305,-0.1305080207881464,0.3442830933743434,-0.3442823036586057,0.3442826840517196,0.3442821468097765,-0.34428236035746906,0.34428240801464993
89,1.500000000000001,-0.5412254929542542,-0.07113403081893921,-0.08549927175045013,-0.00937483087182045,0.027377158403396606,-0.2120477855205536,-0.13845068216323853,-2.126256182915019,-1.6608620596397736,1.4196194763492036,-1.5426537790904933,1.5795246072330886,-0.1687078273213571,0.3101577544212341,-0.3101577544212341,0.3101577544212341,0.3101577544212341,-0.3101577544212341,0.3101577544212341,-2.0537914455831054,-1.649123583033846,1.4337022677249844,-1.542448503691392,1.574542956548478,-0.13364848356654088,0.3443152670531222,-0.3443145009381865,0.34431485603654594,0.34431433441094017,-0.34431456036405866,0.34431458808805926
90,1.5180000000000011,-0.5403204560279846,-0.07122854143381119,-0.08523416519165039,-0.010283693671226501,0.027065426111221313,-0.21352136135101318,-0.1382617950439453,-2.1329228495816857,-1.662049201997004,1.4181989069293428,-1.5428251739850136,1.5799756976682757,-0.17226651667720733,0.31022575378417966,-0.31022575378417966,0.31022575378417966,0.31022575378417966,-0.31022575378417966,0.31022575378417966,-2.0609484295183353,-1.6504013720480195,1.432125819192427,-1.5424676511157953,1.5750435976069581,-0.1372015436979665,0.3443558836594108,-0.3443551707582125,0.3443554249757572,0.3443548986893873,-0.3443552316930971,0.3443551304643135
91,1.5340000000000011,-0.5392875075340271,-0.07126881927251816,-0.08517320454120636,-0.011241689324378967,0.026605963706970215,-0.21489468216896057,-0.1380089670419693,-2.1395895162483525,-1.663237015651546,1.4167793535203228,-1.5430125354737532,1.5804191303967252,-0.17584809471335666,0.31031677186489104,-0.31031677186489104,0.31031677186489104,0.31031677186489104,-0.31031677186489104,0.31031677186489104,-2.0673100497249166,-1.651539552618002,1.4307295803197622,-1.5424985547179755,1.575485888363608,-0.14037872007720228,0.3443980758154366,-0.3443972785438088,0.344397685412279,0.34439712377032444,-0.3443973301596318,0.3443974041227157
92,1.5500000000000012,-0.5381433367729187,-0.07136581093072891,-0.084772989153862,-0.012175723910331726,0.026161670684814453,-0.2163780927658081,-0.13777098059654236,-2.1462561829150193,-1.6644264458337248,1.4153664703677584,-1.543215464205592,1.580855158241472,-0.17945439625945347,0.3104024469852447,-0.3104024469852447,0.3104024469852447,0.3104024469852447,-0.3104024469852447,0.3104024469852447,-2.0736740896260764,-1.652679190196003,1.429334773662024,-1.5425434367532755,1.5759281281463309,-0.1435911935103501,0.3444453018219007,-0.3444445236812518,0.3444449045570386,0.34444435016656944,-0.3444445756535368,0.34444462509983426
93,1.5680000000000012,-0.536978542804718,-0.07146289944648743,-0.08437777310609818,-0.013103965669870377,0.02569897472858429,-0.21786072850227356,-0.13751813769340515,-2.152922849581686,-1.665617494157833,1.4139601741493235,-1.543433863633423,1.5812834744869484,-0.18308540840115803,0.3104934704303741,-0.3104934704303741,0.3104934704303741,0.3104934704303741,-0.3104934704303741,0.3104934704303741,-2.080838293677723,-1.6539631699282973,1.4277669349424817,-1.5426097873111824,1.5764217225260047,-0.147224870608025,0.3445038375964907,-0.34450315736997067,0.3445033991115281,0.34450286611918846,-0.3445032060507311,0.3445031043271233
94,1.5840000000000012,-0.5356303453445435,-0.07150539010763168,-0.08415199816226959,-0.01408512145280838,0.025054946541786194,-0.21924620866775513,-0.13718977570533752,-2.159589516248353,-1.6668092506596268,1.412557640846619,-1.5436686156576365,1.5817010569293115,-0.18673951187895393,0.3106116807460785,-0.3106116807460785,0.3106116807460785,0.3106116807460785,-0.3106116807460785,0.3106116807460785,-2.0872066088277954,-1.655106515979096,1.4263789729358702,-1.5426828184116603,1.576856170070921,-0.15047341675982995,0.3445632873444779,-0.34456247961176717,0.34456291724532173,0.3445623243256792,-0.34456252554241035,0.3445626278805745
95,1.6000000000000012,-0.5341780781745911,-0.07160422205924988,-0.08358912169933319,-0.015043575316667557,0.024436011910438538,-0.220748633146286,-0.13687926530838013,-2.1662561829150198,-1.6680026543606143,1.4111644888182968,-1.5439193419129142,1.5821083237944855,-0.19041865576472536,0.31072346448898314,-0.31072346448898314,0.31072346448898314,0.31072346448898314,-0.31072346448898314,0.31072346448898314,-2.093577493642481,-1.6562510603322,1.4249932139142003,-1.5427702809983534,1.5772888351721968,-0.1537573804737612,0.344628879909312,-0.3446280860956678,0.3446284973316242,0.3446279017573248,-0.3446281297236411,0.3446282025642473
96,1.6180000000000012,-0.532679557800293,-0.07170291244983673,-0.08301280438899994,-0.015998870134353638,0.023785561323165894,-0.22225603461265564,-0.13654911518096924,-2.1729228495816866,-1.6691977029014449,1.4097809420784801,-1.5441859897484869,1.5825047498165383,-0.1941229230082696,0.31084231853485106,-0.31084231853485106,0.31084231853485106,0.31084231853485106,-0.31084231853485106,0.31084231853485106,-2.1007494755210696,-1.6575403366986226,1.423436689668797,-1.5428848564222821,1.5777696365542193,-0.15747122598551655,0.3447092530088758,-0.34470860686302907,0.34470883512481143,0.34470829059137403,-0.34470864185060707,0.3447085372787237
97,1.6340000000000012,-0.5309290289878845,-0.0717468112707138,-0.08256244659423828,-0.01701229438185692,0.022913500666618347,-0.22367188334465027,-0.13612909615039825,-2.1795895162483534,-1.6703934830892901,1.4084049013019095,-1.5444695279881844,1.5828866414943152,-0.19785078773068046,0.3109935253858566,-0.3109935253858566,0.3109935253858566,0.3109935253858566,-0.3109935253858566,0.3109935253858566,-2.1071247194696223,-1.6586882400105256,1.4220598971324099,-1.5430009570918024,1.5781907788935379,-0.16079087957806273,0.34478971589084306,-0.34478889129743,0.34478936772572394,0.344788733283665,-0.34478893077721,0.3447890659971283
98,1.6500000000000012,-0.5290859937667847,-0.07184679061174393,-0.08178235590457916,-0.0180041640996933,0.02207893133163452,-0.22521039843559265,-0.1357308328151703,-2.18625618291502,-1.671590929599486,1.4070418620368332,-1.5447695973898459,1.5832546236831757,-0.20160429437127367,0.31113690018653867,-0.31113690018653867,0.31113690018653867,0.31113690018653867,-0.31113690018653867,0.31113690018653867,-2.1135024594253515,-1.6598372631510396,1.4206865916897602,-1.5431319912705188,1.5786079956109322,-0.1641462178625124,0.34487765096046663,-0.3448768348037139,0.34487728373256915,0.34487663522554246,-0.34487686892252944,0.3448769681183707
99,1.6680000000000013,-0.5272420048713684,-0.0719480812549591,-0.081030935049057,-0.018990833312273026,0.021222978830337524,-0.22673022747039795,-0.1353214532136917,-2.192922849581687,-1.6727900642870686,1.4056913464526823,-1.5450861112783838,1.5836083399970147,-0.2053831314957803,0.311284276843071,-0.311284276843071,0.311284276843071,0.311284276843071,-0.311284276843071,0.311284276843071,-2.1206819957823835,-1.6611315579177208,1.419145834329993,-1.5432959676230353,1.579068974627786,-0.16794023427443475,0.3449839423682785,-0.3449833445831115,0.34498353495016953,0.3449829831299731,-0.3449833640423955,0.34498322997729747
100,1.6840000000000013,-0.5252038836479187,-0.07199723273515701,-0.08046908676624298,-0.020032159984111786,0.02014605700969696,-0.22811061143875122,-0.13483178615570068,-2.199589516248354,-1.673990018165988,1.4043501950065782,-1.5454199806114524,1.583944107613843,-0.2091849750197595,0.31146055698394776,-0.31146055698394776,0.31146055698394776,0.31146055698394776,-0.31146055698394776,0.31146055698394776,-2.127063793508494,-1.6622839090238135,1.417784615162247,-1.5434562294093221,1.5794702572561414,-0.17133101573975645,0.34508781487060447,-0.34508701268918796,0.34508745727253065,0.34508680411895226,-0.3450870449007273,0.3450871374800171
101,1.7000000000000013,-0.5231951475143433,-0.07210445404052734,-0.07967322319746017,-0.02104472741484642,0.019158467650413513,-0.22957724332809448,-0.13438811898231506,-2.2062561829150207,-1.6751917590666634,1.4030223079532873,-1.5457707260683664,1.5842634154080166,-0.21301126240856108,0.3116202771663666,-0.3116202771663666,0.3116202771663666,0.3116202771663666,-0.3116202771663666,0.3116202771663666,-2.1334478784782904,-1.6634373813225853,1.4164284423884317,-1.5436319623782784,1.5798652376452889,-0.17475761809082418,0.3451986193736489,-0.3451978420193068,0.3451982200214288,0.3451975582826704,-0.34519786547807896,0.3451978776743255
102,1.7180000000000013,-0.5212081074714661,-0.07221432030200958,-0.07892569899559021,-0.022051125764846802,0.018152378499507904,-0.23101100325584412,-0.13393674790859222,-2.2129228495816875,-1.6763953310716968,1.401706879636694,-1.5461382448311138,1.5845659550496751,-0.2168614457961585,0.3117827707529068,-0.3117827707529068,0.3117827707529068,0.3117827707529068,-0.3117827707529068,0.3117827707529068,-2.140634273166175,-1.6647366772250893,1.4149087886251763,-1.5438466197776946,1.5802986402623271,-0.17863139593453894,0.3453297850264772,-0.3453292792432802,0.345329357071139,0.3453288288800281,-0.34532928139253627,0.3453290431149098
103,1.7340000000000013,-0.519015908241272,-0.07226479053497314,-0.07835981994867325,-0.023106008768081665,0.01691516488790512,-0.23229575157165527,-0.13340267539024353,-2.2195895162483543,-1.6775997442472796,1.4004008826375496,-1.5465233449772486,1.5848478744644736,-0.22073304165568608,0.31197503685951233,-0.31197503685951233,0.31197503685951233,0.31197503685951233,-0.31197503685951233,0.31197503685951233,-2.1470219260468606,-1.6658934158307075,1.4135677415575303,-1.5440521638854519,1.5806731417027189,-0.1820926260976928,0.34545528020448435,-0.34545452774104235,0.3454548952664108,0.34545424026448174,-0.34545455173092493,0.3454545558141029
104,1.7500000000000013,-0.5168814063072205,-0.07236143946647644,-0.07755507528781891,-0.024122066795825958,0.015803508460521698,-0.2336846888065338,-0.13292253017425537,-2.226256182915021,-1.6788057682383877,1.3991082980494192,-1.5469253794238458,1.585111266272149,-0.22462778646912832,0.31214788913726804,-0.31214788913726804,0.31214788913726804,0.31214788913726804,-0.31214788913726804,0.31214788913726804,-2.153411602316384,-1.6670512076641473,1.4122330500410347,-1.5442736782544875,1.5810389388619284,-0.18558951373237037,0.34558701605863396,-0.34558628318661033,0.3455865826218595,0.34558590960822566,-0.34558629459670753,0.34558621293244246
105,1.7680000000000013,-0.5147791504859924,-0.07244903594255447,-0.07678772509098053,-0.02512182667851448,0.014688640832901001,-0.23504704236984253,-0.13243769109249115,-2.232922849581688,-1.6800132521707636,1.3978285026312363,-1.5473440765351543,1.5853560769526973,-0.22854523717529235,0.31232243120670317,-0.31232243120670317,0.31232243120670317,0.31232243120670317,-0.31232243120670317,0.31232243120670317,-2.1606039604778235,-1.6683552710149219,1.4107390490625071,-1.5445401478047225,1.581437023743978,-0.1895416720890776,0.3457407283319673,-0.3457403197422786,0.3457402842442172,0.34573978343271017,-0.34574030268530936,0.34573996416940606
106,1.7840000000000014,-0.5124632120132446,-0.07246799767017365,-0.07619233429431915,-0.02616174891591072,0.01333548128604889,-0.23625150322914124,-0.13186848163604736,-2.239589516248355,-1.681221052131933,1.3965586303929975,-1.5477801056837528,1.5855783349741315,-0.23248276222911138,0.31252734661102294,-0.31252734661102294,0.31252734661102294,0.31252734661102294,-0.31252734661102294,0.31252734661102294,-2.166996643146288,-1.6695161162086696,1.4094219177425145,-1.5447918688914306,1.5817779873624742,-0.19307191623294853,0.3458856334676754,-0.34588493854486474,0.3458852232394608,0.3458845729957479,-0.3458849532249659,0.3458848673721809
107,1.8000000000000014,-0.5102124214172363,-0.07253609597682953,-0.07536262273788452,-0.02716652676463127,0.012119598686695099,-0.23756885528564453,-0.13135555386543274,-2.2462561829150216,-1.6824299870648802,1.3953025866806994,-1.54823288112983,1.5857803282855765,-0.2364422431505388,0.31271200060844423,-0.31271200060844423,0.31271200060844423,0.31271200060844423,-0.31271200060844423,0.31271200060844423,-2.1733910656048034,-1.6706778844751817,1.408112195101545,-1.5450599401396823,1.58210794997745,-0.19663746635895596,0.34603616536737936,-0.3460354788503282,0.34603570370715236,0.34603502238147527,-0.3460354768474813,0.34603531022020195
108,1.8180000000000014,-0.5079893469810486,-0.07259403169155121,-0.07456816732883453,-0.02815459668636322,0.010898739099502563,-0.23885899782180786,-0.1308373212814331,-2.2529228495816884,-1.6836398875930727,1.3940597838918856,-1.5487021244079362,1.5859619739372348,-0.24042322644756894,0.31289856433868407,-0.31289856433868407,0.31289856433868407,0.31289856433868407,-0.31289856433868407,0.31289856433868407,-2.1805884222689333,-1.6719862606606963,1.4066474982534765,-1.5453789574180194,1.5824633847812912,-0.20066599467153315,0.3462102639298495,-0.3462099513257997,0.34620981466404716,0.3462093425566086,-0.3462099131943344,0.34620949357298886
109,1.8340000000000014,-0.5055365562438965,-0.07257787883281708,-0.07393845915794373,-0.029177894815802574,0.009425252676010132,-0.2399793565273285,-0.13023169338703156,-2.2595895162483552,-1.684849518906953,1.3928274762392532,-1.5491884226548662,1.586119061481835,-0.2444228823896911,0.31311659038066864,-0.31311659038066864,0.31311659038066864,0.31311659038066864,-0.31311659038066864,0.31311659038066864,-2.186985270854136,-1.6731507513169719,1.4053573119653053,-1.545677396585615,1.582764412933637,-0.20426330935409254,0.34637290648019287,-0.34637226494472945,0.34637248136226206,0.34637183452603976,-0.34637226902369883,0.3463721129371463
110,1.8500000000000014,-0.5031583309173584,-0.07261473685503006,-0.07308153063058853,-0.030169466510415077,0.008103415369987488,-0.24122145771980286,-0.1296858787536621,-2.266256182915022,-1.6860597645212034,1.3916094507287433,-1.5496912470967066,1.5862541184046681,-0.24844324001835447,0.31331308364868166,-0.31331308364868166,0.31331308364868166,0.31331308364868166,-0.31331308364868166,0.31331308364868166,-2.1933835756651705,-1.6743159853152703,1.404075411363666,-1.5459924632801192,1.5830522155621658,-0.20789542099312913,0.3465407232026308,-0.3465400805844814,0.34654024143516154,0.34653955115443685,-0.3465400635973982,0.3465398271585879
111,1.8680000000000014,-0.5008059144020081,-0.0726412758231163,-0.0722600519657135,-0.031142858788371086,0.00677809864282608,-0.2424340546131134,-0.12913531064987183,-2.272922849581689,-1.6872704524515887,1.3904051165293148,-1.5502102947431795,1.5863670867153818,-0.2524838075952397,0.3135112881660461,-0.3135112881660461,0.3135112881660461,0.3135112881660461,-0.3135112881660461,0.3135112881660461,-2.200584966701673,-1.6756280423363055,1.4026430423277276,-1.5463644088789619,1.5833579951994092,-0.21199779795193885,0.3467336305475127,-0.3467334157418474,0.3467331836078261,0.3467327437797908,-0.3467333545450978,0.3467328658960832
112,1.8840000000000015,-0.49821212887763977,-0.07258940488100052,-0.07160039246082306,-0.032144829630851746,0.005191236734390259,-0.24346411228179932,-0.12849566340446472,-2.2795895162483557,-1.688480275866272,1.3892117766549676,-1.5507460419036938,1.5864536073276216,-0.25654154279993635,0.31374156117439267,-0.31374156117439267,0.31374156117439267,0.31374156117439267,-0.31374156117439267,0.31374156117439267,-2.206985136533185,-1.6767955659494596,1.4013823364780618,-1.5467098079251194,1.5836129640049685,-0.21565980451815217,0.34691265973144775,-0.3469120739046428,0.34691222471613453,0.3469115847105086,-0.3469120660911888,0.34691184708592765
113,1.9000000000000015,-0.4957035779953003,-0.07259506732225418,-0.07072155177593231,-0.033120185136795044,0.003769196569919586,-0.24462482333183289,-0.12791869044303894,-2.2862561829150225,-1.6896901936549762,1.3880330841253687,-1.551298044989307,1.5865164272704537,-0.26061862318880025,0.313949271440506,-0.313949271440506,0.313949271440506,0.313949271440506,-0.313949271440506,0.313949271440506,-2.2133864954186198,-1.677963605964691,1.4001306641016986,-1.5470720200755212,1.5838525512300519,-0.21935595306058217,0.3470964738062158,-0.3470958765444489,0.34709597680267024,0.3470952799217425,-0.3470958430169481,0.34709554453653696
114,1.9180000000000015,-0.49321818351745605,-0.07259044051170349,-0.06987904012203217,-0.03407764062285423,0.002342820167541504,-0.24575448036193848,-0.1273365318775177,-2.2929228495816893,-1.6909000343301712,1.386868433456668,-1.5518660056663547,1.5865554742732462,-0.26471453119483257,0.3141588485240936,-0.3141588485240936,0.3141588485240936,0.3141588485240936,-0.3141588485240936,0.3141588485240936,-2.220591014649995,-1.6792785436168938,1.398733184916913,-1.5474969643300382,1.5841019723273142,-0.22352919505178043,0.347306854895096,-0.34730674010498286,0.3473064173577302,0.34730601368850855,-0.347306653828224,0.3473061073789079
115,1.9340000000000015,-0.4904777705669403,-0.07250279188156128,-0.06919647753238678,-0.03505799174308777,0.0006433650851249695,-0.24668696522712708,-0.12666302919387817,-2.299589516248356,-1.692108414194864,1.3857151588311283,-1.5524503055287395,1.586566197024665,-0.2688259806152847,0.31440130949020384,-0.31440130949020384,0.31440130949020384,0.31440130949020384,-0.31440130949020384,0.31440130949020384,-2.2269937267047664,-1.6804483360752593,1.3975041117044777,-1.5478893066186026,1.5843050162810777,-0.22725311398959164,0.3475012015910553,-0.3475006713565206,0.3475007628076744,0.3475001311876105,-0.34750065033024946,0.34750037907962067
116,1.9500000000000015,-0.4878317415714264,-0.0724756196141243,-0.06830018758773804,-0.03601609170436859,-0.0008796826004981995,-0.24775883555412292,-0.12605483829975128,-2.306256182915023,-1.6933163411884327,1.3845768223713326,-1.5530505737238123,1.58655153564799,-0.2729552945411867,0.31462025821208955,-0.31462025821208955,0.31462025821208955,0.31462025821208955,-0.31462025821208955,0.31462025821208955,-2.233397388634934,-1.6816183682270602,1.396284709247613,-1.5482985733484165,1.5844905745268767,-0.2310103793634719,0.347700047713824,-0.347699495250418,0.34769954097222844,0.3476988381033107,-0.3476994435557886,0.3476990930452897
117,1.9680000000000015,-0.4852059483528137,-0.07243651896715164,-0.06743990629911423,-0.03695464879274368,-0.002408154308795929,-0.24879661202430725,-0.125441312789917,-2.31292284958169,-1.6945236165045519,1.383452823933014,-1.5536664845370247,1.5865113997428435,-0.27710190474159185,0.31484112739562986,-0.31484112739562986,0.31484112739562986,0.31484112739562986,-0.31484112739562986,0.31484112739562986,-2.2406042285465446,-1.6829352102940984,1.3949242907960162,-1.5487763330050062,1.5846771803390938,-0.23525106031952497,0.34792691342236043,-0.3479269011749778,0.34792649156387495,0.34792612800414624,-0.34792678769873314,0.34792619327953594
118,1.9840000000000015,-0.48230767250061035,-0.07230882346630096,-0.0667334496974945,-0.03790828213095665,-0.004220515489578247,-0.24962478876113892,-0.1247340738773346,-2.3195895162483566,-1.6957287635623235,1.3823405997713891,-1.5542982892392074,1.5864410578180173,-0.28126231788761086,0.31509573340415953,-0.31509573340415953,0.31509573340415953,0.31509573340415953,-0.31509573340415953,0.31509573340415953,-2.2470088000236275,-1.6841063502533455,1.393728673634024,-1.549215384522865,1.5848226307561697,-0.2390337214344572,0.3481357862315132,-0.3481353125133154,0.3481353486381273,0.3481347276236501,-0.3481352769151152,0.34813496162269963
119,2.0000000000000013,-0.47950801253318787,-0.0722469612956047,-0.06581006199121475,-0.03884504735469818,-0.005839727818965912,-0.25061190128326416,-0.12409548461437225,-2.3262561829150235,-1.696932879583917,1.3812437654048688,-1.5549457066951191,1.5863437290210345,-0.2854391829089986,0.315325625538826,-0.315325625538826,0.315325625538826,0.315325625538826,-0.315325625538826,0.315325625538826,-2.2534141164570385,-1.685277405159768,1.3925432789239607,-1.549671398974378,1.5849485311114355,-0.242848809043353,0.34834891546710384,-0.3483484095377148,0.34834840289646335,0.34834769625965517,-0.3483483380077529,0.34834794155163107
120,2.0179999999999993,-0.47671881318092346,-0.07217419892549515,-0.06491295248270035,-0.03976105526089668,-0.00745922327041626,-0.25157448649406433,-0.12345223873853683,-2.3329228495816903,-1.6981357828993418,1.3801618828634905,-1.5556083909494673,1.5862194086331942,-0.28963209101723303,0.31555719405412674,-0.31555719405412674,0.31555719405412674,0.31555719405412674,-0.31555719405412674,0.31555719405412674,-2.2606225900472903,-1.6865950084978811,1.391221799237517,-1.550201548016408,1.5850660772953173,-0.24715313959873256,0.34859143428289124,-0.34859152988343317,0.3485910328264387,0.34859071568729044,-0.34859138706115966,0.3485907504905228
121,2.0339999999999976,-0.4736301004886627,-0.07201066613197327,-0.06415027379989624,-0.04068506509065628,-0.009361989796161652,-0.25233402848243713,-0.12271496653556824,-2.339589516248357,-1.699335960668208,1.3790927116334923,-1.5562864753676449,1.586063375469925,-0.29383765815860696,0.3158226120471954,-0.3158226120471954,0.3158226120471954,0.3158226120471954,-0.3158226120471954,0.3158226120471954,-2.2670284479678435,-1.6877664414729634,1.3900612700651425,-1.5506868614950922,1.5851484885362153,-0.25099115501442665,0.3488140278452819,-0.34881361719168114,0.3488135934517672,0.3488129898793734,-0.3488135656637991,0.3488132065904369
122,2.049999999999996,-0.4706544280052185,-0.07191545516252518,-0.06317979097366333,-0.041597843170166016,-0.01106540858745575,-0.2532571256160736,-0.12204742431640625,-2.346256182915024,-1.7005345515875834,1.3780397151172645,-1.5569797727538144,1.5858789519934673,-0.2980586102522082,0.31606292724609375,-0.31606292724609375,0.31606292724609375,0.31606292724609375,-0.31606292724609375,0.31606292724609375,-2.2734348808326135,-1.6889374384298863,1.3889115188404577,-1.5511891068900148,1.5852093685530724,-0.2548606705818601,0.349040658991428,-0.3490402033396372,0.349040143952417,0.34903943815793953,-0.34904011032211935,0.3490396722950514
123,2.067999999999994,-0.4676820635795593,-0.07180905342102051,-0.06223136559128761,-0.04248984903097153,-0.012769803404808044,-0.25415804982185364,-0.12137439846992493,-2.3529228495816907,-1.7017313691446003,1.377002525690743,-1.5576879369043306,1.5856661219367205,-0.30229457774923907,0.316305216550827,-0.316305216550827,0.316305216550827,0.316305216550827,-0.316305216550827,0.316305216550827,-2.2806444246218507,-1.6902545623334673,1.3876308559072479,-1.551770992664522,1.5852519473473659,-0.2592248663769552,0.3492980424986714,-0.34929824971316226,0.34929766794890715,0.3492974029632369,-0.34929807539214,0.3492974064861118
124,2.083999999999992,-0.46438246965408325,-0.07160773873329163,-0.061402760446071625,-0.043382637202739716,-0.014765240252017975,-0.25485435128211975,-0.12060502171516418,-2.3595895162483576,-1.702924831456822,1.375979146349975,-1.5584109808577096,1.585420034599187,-0.3065421502706077,0.31658219218254086,-0.31658219218254086,0.31658219218254086,0.31658219218254086,-0.31658219218254086,0.31658219218254086,-2.2870511045995476,-1.691425165042841,1.3865071314075341,-1.5523019305313084,1.5852661698372619,-0.2631149067967672,0.34953381186598353,-0.34953346383488815,0.34953338746293827,0.3495328033601207,-0.34953339495092484,0.34953300441830143
125,2.0999999999999903,-0.4612090289592743,-0.0714765414595604,-0.06037582457065582,-0.04427041485905647,-0.016557827591896057,-0.2557167708873749,-0.11990612000226974,-2.3662561829150244,-1.7041161071478146,1.3749728826071308,-1.5591488211053606,1.5851440708059887,-0.31080409645206397,0.3168337967991829,-0.3168337967991829,0.3168337967991829,0.3168337967991829,-0.3168337967991829,0.3168337967991829,-2.2934582231785248,-1.6925949645451073,1.3853948049141824,-1.5528497114385171,1.5852569382889647,-0.267035540439536,0.3497735433696773,-0.34977313685734257,0.3497730321962938,0.3497723279559125,-0.34977302059399035,0.3497725530023768
126,2.1179999999999883,-0.45802873373031616,-0.07133346796035767,-0.059366293251514435,-0.04513714089989662,-0.018354162573814392,-0.25655844807624817,-0.11920038610696793,-2.372922849581691,-1.7053049982804873,1.3739834443862722,-1.5599011067870254,1.5848381680964252,-0.3150800705866681,0.31708786100149156,-0.31708786100149156,0.31708786100149156,0.31708786100149156,-0.31708786100149156,0.31708786100149156,-2.3006683928708624,-1.6939103065922336,1.3841570523471007,-1.5534824935868687,1.5852188992556082,-0.27145592098090815,0.3500455076759335,-0.3500458283843177,0.350045167147026,0.3500449583217343,-0.35004562026934305,0.35004493093213307
127,2.1339999999999866,-0.45448970794677734,-0.07109101861715317,-0.05846128612756729,-0.04599667713046074,-0.02045086771249771,-0.2571929693222046,-0.11839515715837479,-2.379589516248358,-1.7064898485907731,1.3730090896174794,-1.560667718072533,1.584497320301217,-0.3193666200753715,0.3173777434229851,-0.3173777434229851,0.3173777434229851,0.3173777434229851,-0.3173777434229851,0.3173777434229851,-2.3070755348700076,-1.6950789001449131,1.3830720738839941,-1.5540582612216438,1.5851599642363712,-0.2753947512810727,0.35029437427601284,-0.3502940875621587,0.35029396613994834,0.350293402508864,-0.35029399983110826,0.3502935898119696
128,2.149999999999985,-0.4510943293571472,-0.07092063128948212,-0.05736822262406349,-0.04685666412115097,-0.022341564297676086,-0.2579944431781769,-0.11766117066144943,-2.386256182915025,-1.7076718591122646,1.372052952573745,-1.5614486624745523,1.5841249608962558,-0.3236665274616744,0.3176419785618782,-0.3176419785618782,0.3176419785618782,0.3176419785618782,-0.3176419785618782,0.3176419785618782,-2.3134830108737305,-1.6962463043399145,1.3819992042001703,-1.5546507305577717,1.5850756621412734,-0.279363284509169,0.35054727621613957,-0.3505469173390504,0.35054677451327104,0.3505460716811311,-0.35054677598215395,0.35054628975214475
129,2.167999999999983,-0.44768384099006653,-0.0707373321056366,-0.056287981569767,-0.047693751752376556,-0.02423945814371109,-0.2587750554084778,-0.11691925674676895,-2.3929228495816917,-1.7088508146473584,1.3711148195475822,-1.562243558337092,1.583720969927194,-0.3279794450518157,0.31790906757116316,-0.31790906757116316,0.31790906757116316,0.31790906757116316,-0.31790906757116316,0.31790906757116316,-2.3206934747203043,-1.6975584913883515,1.3808067646060327,-1.5553333998632561,1.5849514486797234,-0.28383626223907554,0.35083403616100833,-0.3508344733778759,0.3508337356178412,0.3508335872531591,-0.3508342290345449,0.35083352849562893
130,2.183999999999981,-0.44388699531555176,-0.07045075297355652,-0.05528850108385086,-0.04852234944701195,-0.026442833244800568,-0.25934916734695435,-0.11607888340950012,-2.3995895162483585,-1.7100249938635843,1.370193344529518,-1.5630522641612088,1.5832802560397805,-0.33230193117426493,0.31821160197257997,-0.31821160197257997,0.31821160197257997,0.31821160197257997,-0.31821160197257997,0.31821160197257997,-2.3271008159734983,-1.6987238290282938,1.3797627709284954,-1.55595305885149,1.5848144304137977,-0.2878207217175565,0.3510961443388965,-0.3510959240558672,0.351095753435729,0.3510952153584354,-0.3510958159501626,0.35109538590648176
131,2.1999999999999793,-0.44025447964668274,-0.07024038583040237,-0.054101746529340744,-0.04936785623431206,-0.02843043953180313,-0.2600988745689392,-0.11531470715999603,-2.4062561829150253,-1.7111956669607578,1.369291648754029,-1.563875061765114,1.5828064153809172,-0.3366369124170806,0.31848670542240143,-0.31848670542240143,0.31848670542240143,0.31848670542240143,-0.31848670542240143,0.31848670542240143,-2.333508415009438,-1.6998875701547056,1.378731719402414,-1.5565892499395952,1.5846501183833959,-0.29183401624988764,0.3513621549823628,-0.3513618526688937,0.35136165911619643,0.3513609648217993,-0.35136168430647313,0.3513611695353697
132,2.2179999999999773,-0.436601459980011,-0.07001796364784241,-0.05291258171200752,-0.05020051449537277,-0.030422456562519073,-0.26083698868751526,-0.11454542726278305,-2.412922849581692,-1.7123626330215551,1.3684097723921622,-1.5647117370067036,1.5822993744382086,-0.34098419556187254,0.3187636461853981,-0.3187636461853981,0.3187636461853981,0.3187636461853981,-0.3187636461853981,0.3187636461853981,-2.340718941685721,-1.7011951544453034,1.377587428707961,-1.557320731382705,1.584434197468315,-0.2963561305308453,0.3516632650905141,-0.35166383191857215,0.35166300028889325,0.3516629245034261,-0.35166354872364974,0.351662824727974
133,2.2339999999999756,-0.43252989649772644,-0.06968997418880463,-0.05177687481045723,-0.05102956295013428,-0.032724201679229736,-0.2613760828971863,-0.11367807537317276,-2.419589516248359,-1.7135241325913686,1.3675468244786546,-1.5655622297225391,1.581753971076888,-0.34534046361015897,0.3190758928656578,-0.3190758928656578,0.3190758928656578,0.3190758928656578,-0.3190758928656578,0.3190758928656578,-2.3471263030867333,-1.702355932272866,1.3765871216625996,-1.5579833788382158,1.5842142114188165,-0.3003832341211634,0.3519379514574844,-0.3519378063152939,0.35193757208889753,0.3519370672923343,-0.35193767622262084,0.3519372135619296
134,2.249999999999974,-0.4286298155784607,-0.06944229453802109,-0.05046262592077255,-0.05188344419002533,-0.034804970026016235,-0.26210758090019226,-0.11288616061210632,-2.4262561829150258,-1.7146815041670023,1.3667057807133085,-1.566426953792373,1.581173888243121,-0.34970892329182884,0.3193609821796417,-0.3193609821796417,0.3193609821796417,0.3193609821796417,-0.3193609821796417,0.3193609821796417,-2.3535338682747646,-1.7035147002710798,1.375600808997785,-1.558662463936182,1.5839650142868653,-0.30443841896430934,0.3522163830257061,-0.35221613682618114,0.3522158917708011,0.35221520629224473,-0.35221593933681045,0.35221539634815263
135,2.267999999999972,-0.42469289898872375,-0.0691850408911705,-0.04913172125816345,-0.05273304134607315,-0.036883644759655,-0.2628561556339264,-0.11208885908126831,-2.4329228495816926,-1.715834588181855,1.365886918692339,-1.5673058378148075,1.58055916083046,-0.35408985921906094,0.3196480107307434,-0.3196480107307434,0.3196480107307434,0.3196480107307434,-0.3196480107307434,0.3196480107307434,-2.3607443066027614,-1.704816206352722,1.3745082536164543,-1.5594419444963419,1.583651949012816,-0.3090066551888031,0.3525311740902118,-0.35253186902614164,0.35253094980712296,0.3525309474018997,-0.3525315440123442,0.35253080745475834
136,2.28399999999997,-0.4202984869480133,-0.06882486492395401,-0.0478179045021534,-0.05359216034412384,-0.039257630705833435,-0.2634580135345459,-0.11119444668292999,-2.4395895162483594,-1.716981669263921,1.3650899536173031,-1.5681990404872095,1.5799048669853628,-0.3584808261113034,0.3199699991941452,-0.3199699991941452,0.3199699991941452,0.3199699991941452,-0.3199699991941452,0.3199699991941452,-2.3671515753812797,-1.705971111711488,1.373555100458324,-1.5601469912107362,1.5833442386473915,-0.3130740317949603,0.3528179115926701,-0.3528178373631588,0.3528175459182045,0.3528170730605655,-0.3528176835878379,0.3528171962447654
137,2.2999999999999683,-0.41610103845596313,-0.06854487210512161,-0.04633999243378639,-0.054475314915180206,-0.04140544682741165,-0.26425081491470337,-0.11037429422140121,-2.4462561829150262,-1.7181240837990064,1.3643176204100733,-1.5691069624024625,1.579214776204906,-0.3628850063598818,0.32026525408029555,-0.32026525408029555,0.32026525408029555,0.32026525408029555,-0.32026525408029555,0.32026525408029555,-2.3735590124618335,-1.7071236044465252,1.3726173059921574,-1.5608685302553413,1.5830054793075112,-0.3171691147658419,0.35310830537554005,-0.3531081103961426,0.35310782008830316,0.3531071413275957,-0.3531078815760462,0.35310731788630173
138,2.3179999999999663,-0.41185688972473145,-0.06825458258390427,-0.04483556002378464,-0.055356938391923904,-0.043550051748752594,-0.26507067680358887,-0.10954801738262177,-2.452922849581693,-1.7192616601754047,1.3635703610763437,-1.570029578042328,1.5784889420090935,-0.367302850973275,0.32056271374225614,-0.32056271374225614,0.32056271374225614,0.32056271374225614,-0.32056271374225614,0.32056271374225614,-2.3801936974186666,-1.7075644944605595,1.370780159715122,-1.5621399319314113,1.5824199277738509,-0.32177729027980556,0.35347321550868255,-0.3534475334481132,0.3534619482457986,0.3534401543978354,-0.35344391442572926,0.35344456329554486
139,2.3339999999999645,-0.3885182738304138,-0.07801932096481323,-0.07230973988771439,-0.06569924205541611,-0.03928365558385849,-0.2327253818511963,-0.10808902978897095,-2.4593981541455334,-1.720561982191485,1.3623651987448817,-1.5711245654099182,1.5778342144160291,-0.3711816073374616,0.32108794927597045,-0.32108794927597045,0.32108794927597045,0.32108794927597045,-0.32108794927597045,0.32108794927597045,-2.3856442463927032,-1.7075918619580752,1.3692814337511945,-1.562789613882421,1.58205454279842,-0.32583943662292536,0.3537450126655362,-0.3537705999420722,0.3537612532865292,0.35378141967386545,-0.3537690383950834,0.3537747430395492
140,2.349999999999963,-0.3879229426383972,-0.07621876150369644,-0.059092938899993896,-0.06428434699773788,-0.047119222581386566,-0.2418898344039917,-0.10652105510234833,-2.46586353652284,-1.7218322948832132,1.3613803164298819,-1.5721959711932139,1.5770488940396727,-0.3752131045775281,0.3216524201631546,-0.3216524201631546,0.3216524201631546,0.3216524201631546,-0.3216524201631546,0.3216524201631546,-2.390966864145008,-1.7075691170114577,1.3680035357277596,-1.5636706246562777,1.581587742284713,-0.3298972513802597,0.354129014900182,-0.35411447687167125,0.3541225912760525,0.3541143845231854,-0.35411722447613125,0.3541167885013273
141,2.367999999999961,-0.37611523270606995,-0.07825951278209686,-0.06607971340417862,-0.06763594597578049,-0.04883324354887009,-0.23097583651542664,-0.1050758957862854,-2.472132123734608,-1.7231366200962481,1.3602789878731456,-1.573323236959477,1.5762350066471915,-0.37906270185278523,0.32217267751693723,-0.32217267751693723,0.32217267751693723,0.32217267751693723,-0.32217267751693723,0.32217267751693723,-2.3968598831601136,-1.7075728300798183,1.366902710868037,-1.564461176855417,1.5811189001500827,-0.3344216052635407,0.3545213681996952,-0.3545309231828328,0.3545260007343731,0.35453309435672625,-0.35452948015755315,0.35453094120095996
142,2.383999999999959,-0.37534841895103455,-0.07590114325284958,-0.05582999438047409,-0.06611689925193787,-0.05502229183912277,-0.23876118659973145,-0.10388235747814178,-2.4783879307171253,-1.7244016391504622,1.3593484879668043,-1.5744251852803426,1.5753179684498728,-0.38304205496278076,0.32260235130786896,-0.32260235130786896,0.32260235130786896,0.32260235130786896,-0.32260235130786896,0.32260235130786896,-2.40207971973206,-1.707578542575304,1.3660118221901567,-1.5653786912165195,1.5805960945106379,-0.33841770895546075,0.35492705642682465,-0.3549030138123164,0.3549145538715021,0.3548967664226846,-0.3549061911557713,0.35490231207912143
143,2.3999999999999573,-0.3625268042087555,-0.07721152901649475,-0.06560102850198746,-0.06941988319158554,-0.05547807365655899,-0.22614336013793945,-0.10266200453042984,-2.4844300441206046,-1.7256884979674039,1.358255137491771,-1.5755821833335357,1.5743933338889302,-0.38681111096507975,0.32304167836904524,-0.32304167836904524,0.32304167836904524,0.32304167836904524,-0.32304167836904524,0.32304167836904524,-2.4071931713924255,-1.707498750308158,1.365166293510205,-1.5661374168867457,1.580111549093198,-0.3423971540464224,0.3552826849330898,-0.35529406358575955,0.3552886441794259,0.35529575499064175,-0.3552915954468606,0.35529332844649764
144,2.4179999999999553,-0.3654431402683258,-0.07575365900993347,-0.05503930151462555,-0.06776923686265945,-0.0595896914601326,-0.23546481132507324,-0.10215994715690613,-2.4905207631250765,-1.7269510589509027,1.3573378157998606,-1.57671167061458,1.5734001723645947,-0.3907355244871643,0.3232224190235138,-0.3232224190235138,0.3232224190235138,0.3232224190235138,-0.3232224190235138,0.3232224190235138,-2.413135376859782,-1.707704228360521,1.364540649255813,-1.5670182947902167,1.5795241966787215,-0.3468455183317678,0.3556973064417575,-0.3557006245509729,0.35569681703851275,0.3556995140066549,-0.35570129785091514,0.3556984848270472
145,2.4339999999999535,-0.36355793476104736,-0.07324988394975662,-0.04860634356737137,-0.06671090424060822,-0.06313411891460419,-0.24115490913391113,-0.10138866305351257,-2.4965800620377605,-1.7281718903500654,1.3565277100737376,-1.5778235190185903,1.5723479370493514,-0.3947547729727295,0.3235000813007355,-0.3235000813007355,0.3235000813007355,0.3235000813007355,-0.3235000813007355,0.3235000813007355,-2.4181747972544954,-1.707515877694283,1.363608321303925,-1.5679977061694776,1.5788958604808332,-0.3507833534706685,0.3560547247299709,-0.3560645878803434,0.35605901537972623,0.35606390090200185,-0.3560600852253769,0.35606140293636984
146,2.4499999999999518,-0.3565414547920227,-0.07525516301393509,-0.053897321224212646,-0.06913799047470093,-0.06310997903347015,-0.23330330848693848,-0.10072480142116547,-2.5025224196176277,-1.7294261430669642,1.3556294213866673,-1.5789758188598353,1.5712961040654603,-0.3986431614475118,0.32373907148838044,-0.32373907148838044,0.32373907148838044,0.32373907148838044,-0.32373907148838044,0.32373907148838044,-2.4233892431748387,-1.7076382131756858,1.3630417020740426,-1.568804007817884,1.5783011814943673,-0.35471894825888034,0.356401957204245,-0.3564084168006936,0.3564040236679819,0.35640892151111203,-0.3564090067322348,0.3564074322373282
147,2.46799999999995,-0.35467734932899475,-0.07274505496025085,-0.04648652672767639,-0.06807368993759155,-0.06682898104190826,-0.23979321122169495,-0.09993177652359009,-2.508433708773111,-1.730638560649635,1.354854645941206,-1.5801103803587953,1.5701822877147618,-0.4026397149678734,0.32402456045150757,-0.32402456045150757,0.32402456045150757,0.32402456045150757,-0.32402456045150757,0.32402456045150757,-2.4291039685280786,-1.7075289519231114,1.3621125569024617,-1.5699236016458993,1.5775201274487247,-0.3591271881120111,0.3567927921909561,-0.35680021821035196,0.3567957588973064,0.3567989619021138,-0.3567957222622979,0.356796934117355
148,2.483999999999948,-0.3478810787200928,-0.07429186254739761,-0.051253944635391235,-0.07022454589605331,-0.06684483587741852,-0.23267677426338196,-0.09931575506925583,-2.5142317267517793,-1.7318767583587584,1.3540004135306163,-1.5812807894570629,1.5690682071168047,-0.4065176612055964,0.3242463281750679,-0.3242463281750679,0.3242463281750679,0.3242463281750679,-0.3242463281750679,0.3242463281750679,-2.4342879475950503,-1.7076503293297234,1.3615561694060887,-1.570752941990093,1.576856836806688,-0.3630242229054853,0.3571198971765956,-0.3571281380136288,0.35712286192902637,0.3571290258600253,-0.3571283907918611,0.35712709344622434
149,2.4999999999999463,-0.3459419310092926,-0.07158815115690231,-0.04258451610803604,-0.06904111057519913,-0.0708717629313469,-0.24019059538841248,-0.09845434129238129,-2.519997425601934,-1.7330698942113734,1.3532906715954824,-1.5824314746333161,1.567887011067949,-0.41052083779540327,0.32455643713474275,-0.32455643713474275,0.32455643713474275,0.32455643713474275,-0.32455643713474275,0.32455643713474275,-2.4393454995302046,-1.7075696180134659,1.360744424812502,-1.5717990167765925,1.5760831277996161,-0.3669281816275529,0.3574639152847326,-0.3574651662644254,0.3574638851932897,0.35746276616623485,-0.35746163062217406,0.3574622580704008
150,2.5179999999999443,-0.33899813890457153,-0.07329433411359787,-0.04795745760202408,-0.07140684872865677,-0.07045134902000427,-0.232614666223526,-0.0979260504245758,-2.525647394583677,-1.7342914664466,1.3524913806354486,-1.5836215887787937,1.5667128219176156,-0.4143977488991287,0.3247466218471527,-0.3247466218471527,0.3247466218471527,0.3247466218471527,-0.3247466218471527,0.3247466218471527,-2.445101958132997,-1.7076483060448941,1.360041131329668,-1.572867483017946,1.575207309603885,-0.3712949651611035,0.35784064943328264,-0.35782099005225654,0.3578305052140426,0.35781649764636303,-0.35782780207521736,0.35782173606850015
151,2.5339999999999425,-0.32988205552101135,-0.07271073758602142,-0.06327337771654129,-0.07188218832015991,-0.07398191094398499,-0.22005197405815125,-0.09635848551988602,-2.5311454288423607,-1.7355033120730337,1.3514368243401729,-1.5848196252507962,1.5654797900685493,-0.4180652818000979,0.32531094521284104,-0.32531094521284104,0.32531094521284104,0.32531094521284104,-0.32531094521284104,0.32531094521284104,-2.4500691409061015,-1.707544711596906,1.3592508253528193,-1.5738160028619181,1.5744228994414078,-0.3751411179174026,0.358161697167898,-0.3581731899129793,0.35816806063057294,0.3581751974754344,-0.3581699580015684,0.35817287476854937
152,2.5499999999999408,-0.330610454082489,-0.07124615460634232,-0.04045477882027626,-0.07173417508602142,-0.07579191029071808,-0.23602455854415894,-0.09631538391113281,-2.536655603077069,-1.7366907479831393,1.3507625780265016,-1.5860151948355632,1.564216591563704,-0.42199902444250054,0.32532646179199215,-0.32532646179199215,0.32532646179199215,0.32532646179199215,-0.32532646179199215,0.32532646179199215,-2.455135753562188,-1.7076262952770658,1.3586268923885179,-1.5748591135337016,1.5735541121365761,-0.3789925691005296,0.3585074882106294,-0.35848192322236183,0.358492992581667,0.3584743548930688,-0.35848850039018576,0.358480417821092
153,2.5679999999999388,-0.3116130232810974,-0.06993917375802994,-0.04871721938252449,-0.07482259720563889,-0.07794822007417679,-0.22361618280410767,-0.09438606351613998,-2.5418491534650873,-1.7378564008791064,1.3499506243701263,-1.5872622381223238,1.5629174545624678,-0.42572596082256897,0.3260210171341896,-0.3260210171341896,0.3260210171341896,0.3260210171341896,-0.3260210171341896,0.3260210171341896,-2.4607422611505188,-1.7076541865726833,1.3578719147242388,-1.5759006143689642,1.572608905372208,-0.3832935310972529,0.3588773290240512,-0.35889011534114124,0.35888424213965164,0.35889250354194735,-0.35888753511493793,0.35889014956058646
154,2.583999999999937,-0.32208073139190674,-0.06896676123142242,-0.03267660737037659,-0.0720851719379425,-0.08077600598335266,-0.23997190594673157,-0.09478908777236938,-2.5472171656549523,-1.7390058468996301,1.3494060142472866,-1.588463657654623,1.5615711877960785,-0.42972549258834786,0.325875928401947,-0.325875928401947,0.325875928401947,0.325875928401947,-0.325875928401947,0.325875928401947,-2.465641702588829,-1.7076005445509936,1.357096247814844,-1.576994463227332,1.5716704920231364,-0.38711006133035536,0.35919173580492886,-0.35919732234145113,0.3591924009513056,0.3591949055166334,-0.35919435533623606,0.3591926867318483
155,2.5999999999999353,-0.31504732370376587,-0.0699942484498024,-0.03504204750061035,-0.07405535876750946,-0.08128608018159866,-0.23459219932556152,-0.09405075013637543,-2.5524679543833484,-1.7401724177071267,1.3488219801222765,-1.5896979136340814,1.560216419793052,-0.4336353625771072,0.32614172995090485,-0.32614172995090485,0.32614172995090485,0.32614172995090485,-0.32614172995090485,0.32614172995090485,-2.470556285982022,-1.7076529813462844,1.356449619891668,-1.5780601865985635,1.5707028586306913,-0.3909342612093874,0.35951645114193664,-0.35949511294181064,0.3595049717803647,0.3594893508745131,-0.3595008098027605,0.35949455340499675
156,2.6179999999999333,-0.2966170608997345,-0.06828678399324417,-0.04078478366136551,-0.07675450295209885,-0.0842931866645813,-0.22425037622451782,-0.09205138683319092,-2.5574115720650106,-1.7413105307736807,1.3481422337279203,-1.5909771553499497,1.5588115333486423,-0.43737286884751586,0.32686150074005127,-0.32686150074005127,0.32686150074005127,0.32686150074005127,-0.32686150074005127,0.32686150074005127,-2.4760158526461535,-1.7077166067976561,1.355757490768858,-1.5791353088904003,1.5696447429292941,-0.39520815709206797,0.35988064462615466,-0.35989353690644305,0.35988793280651726,0.35989666117657915,-0.35989140333155634,0.3598944293028805
157,2.6339999999999315,-0.3069570064544678,-0.06691079586744308,-0.023469790816307068,-0.07381221652030945,-0.08771257847547531,-0.24171245098114014,-0.09235116839408875,-2.562527522172585,-1.7424257107048047,1.3477510705476485,-1.5922073589586214,1.5573496570407177,-0.44140140969720154,0.32675357937812805,-0.32675357937812805,0.32675357937812805,0.32675357937812805,-0.32675357937812805,0.32675357937812805,-2.4807152318997736,-1.707627285989712,1.355003106441997,-1.5802455281659966,1.5686095932824928,-0.39900521648544196,0.3601853022695653,-0.3601991405109627,0.36019032713672655,0.36019912760251654,-0.36019582659399585,0.3601952470681791
158,2.6499999999999297,-0.30033591389656067,-0.06741117686033249,-0.023165252059698105,-0.07533817738294601,-0.08924679458141327,-0.23852479457855225,-0.09146921336650848,-2.5675331207375276,-1.7435492303191436,1.3473649830133203,-1.5934629952483372,1.555862210464361,-0.4453768229401774,0.32707108318805694,-0.32707108318805694,0.32707108318805694,0.32707108318805694,-0.32707108318805694,0.32707108318805694,-2.4854038349819083,-1.707612740382564,1.354340275032049,-1.58136941760315,1.567536757280729,-0.40281694672923574,0.3605048770742813,-0.36050494851043646,0.36050410850563824,0.360503083830796,-0.36050309232538563,0.36050267872930264
159,2.6679999999999278,-0.2931821644306183,-0.06773626059293747,-0.024168584495782852,-0.07696151733398438,-0.09044092893600464,-0.2345285415649414,-0.09068458527326584,-2.5724194901447044,-1.7446781679956924,1.3469621732717239,-1.5947456872039036,1.5543548616487608,-0.44928563196625976,0.3273535493016243,-0.3273535493016243,0.3273535493016243,0.3273535493016243,-0.3273535493016243,0.3273535493016243,-2.490610762783888,-1.7076145044637108,1.353645469616174,-1.582613056775222,1.5663047711245492,-0.40709194886192707,0.3608528503320455,-0.360848981277221,0.36085047675267057,0.3608467561152215,-0.36084842018975216,0.36084742591726754
160,2.683999999999926,-0.2859139144420624,-0.06728013604879379,-0.022921409457921982,-0.0780840739607811,-0.09266307204961777,-0.23238682746887207,-0.08971275389194489,-2.5771847220520723,-1.7457995035965057,1.3465801497807586,-1.5960470884365834,1.5528104771146005,-0.4531587457574076,0.32770340859889985,-0.32770340859889985,0.32770340859889985,0.32770340859889985,-0.32770340859889985,0.32770340859889985,-2.495191319077824,-1.7076568347915413,1.3530977911892668,-1.5837162831704281,1.5651771773508767,-0.4108786663278041,0.36117521868263625,-0.36115794898007514,0.3611665661334124,0.36115375134837774,-0.36116269235961856,0.3611582979666248
161,2.6999999999999242,-0.270123690366745,-0.06530363112688065,-0.024704784154891968,-0.08004957437515259,-0.09631499648094177,-0.22586500644683838,-0.08782424032688141,-2.5816867835581845,-1.7468878974486204,1.3461684033781771,-1.5973812480095027,1.5512052271732515,-0.4569231625315216,0.32838327348232266,-0.32838327348232266,0.32838327348232266,0.32838327348232266,-0.32838327348232266,0.32838327348232266,-2.499692447116974,-1.7076842587715981,1.3525558174703742,-1.5848166575183922,1.5640205608179636,-0.41466367684845573,0.3615308451675074,-0.3615160100002985,0.36152524384383966,0.3615137259423003,-0.36152014256872417,0.36151874830822645
162,2.7179999999999223,-0.2731088399887085,-0.06607433408498764,-0.03156571462750435,-0.0788133293390274,-0.0988016277551651,-0.22293511033058167,-0.08759750425815582,-2.5862385975579962,-1.7479891363500368,1.3456423081343853,-1.5986948034984865,1.549558533377332,-0.46063874770369795,0.3284648984670639,-0.3284648984670639,0.3284648984670639,0.3284648984670639,-0.3284648984670639,0.3284648984670639,-2.504653070131502,-1.7076864687754296,1.3519393724245534,-1.5860905621670904,1.5626760972281577,-0.41889342573360117,0.36189626844954487,-0.36188598255773363,0.3618905861130364,0.36188259463244093,-0.3618899066466793,0.3618854220671046
163,2.7339999999999205,-0.2673889398574829,-0.06534040719270706,-0.027821190655231476,-0.0794142633676529,-0.10141000151634216,-0.22316238284111023,-0.08667521178722382,-2.5906950798889543,-1.749078143136582,1.345178621623465,-1.600018374554614,1.547868366685393,-0.46435812075104976,0.3287969237565994,-0.3287969237565994,0.3287969237565994,0.3287969237565994,-0.3287969237565994,0.3287969237565994,-2.5089704989093997,-1.7076679268797315,1.3513885327542994,-1.5872437912759072,1.5614426097555145,-0.42263086118126264,0.36222705713468706,-0.36221551998987345,0.36222144166329445,0.3622124797886348,-0.36221916323473613,0.3622158024726334
164,2.7499999999999187,-0.26170238852500916,-0.0649406760931015,-0.025122087448835373,-0.08027064800262451,-0.10350015014410019,-0.22255441546440125,-0.08586513996124268,-2.595056786364371,-1.7501604877381338,1.3447599201659843,-1.601356218687991,1.5461433641829914,-0.46806736100878976,0.3290885496139526,-0.3290885496139526,0.3290885496139526,0.3290885496139526,-0.3290885496139526,0.3290885496139526,-2.513246795792059,-1.7077145596138295,1.3509381382755665,-1.5883145892829587,1.5602138594897297,-0.4263676454305261,0.36253045889985314,-0.36254542859584543,0.3625373171506818,0.3625473911388152,-0.362542751261395,0.36254402802238705
165,2.7679999999999167,-0.2630443871021271,-0.06223996728658676,0.0015548430383205414,-0.07942405343055725,-0.1069255992770195,-0.2423841953277588,-0.08545532077550888,-2.5994408594827396,-1.7511978205262435,1.344785834216623,-1.6026799529118336,1.5443612708617076,-0.47210709759758573,0.3292360845208168,-0.3292360845208168,0.3292360845208168,0.3292360845208168,-0.3292360845208168,0.3292360845208168,-2.517897503390045,-1.7076403517839114,1.350298733553062,-1.5897411541494164,1.558696360137004,-0.4305742806208382,0.3629044789116175,-0.3628936023873251,0.3628981570878748,0.3628892622984365,-0.3628958112295618,0.36289177579297843
166,2.783999999999915,-0.24272437393665314,-0.06255198270082474,-0.008748047053813934,-0.0835789144039154,-0.10810588300228119,-0.22551706433296204,-0.08358296751976013,-2.6034862657150173,-1.7522403535712572,1.3446400334323927,-1.6040729348185656,1.5425595061450028,-0.47586571533646843,0.32991013169288635,-0.32991013169288635,0.32991013169288635,0.32991013169288635,-0.32991013169288635,0.32991013169288635,-2.521976172287509,-1.7076405731904818,1.3498496840610434,-1.5909088706615693,1.5573589840984772,-0.43429761066132105,0.36325646199852657,-0.3632439937360732,0.36325145536252973,0.36324190042020144,-0.3632472707545262,0.36324571776909936
167,2.7999999999999132,-0.2374325394630432,-0.06169890612363815,-0.004729697480797768,-0.08409001678228378,-0.1109306812286377,-0.22636771202087402,-0.08272784948348999,-2.607443474706068,-1.7532686686733179,1.344561205141046,-1.6054744350982704,1.540710661457859,-0.47963851053681633,0.33021797418594356,-0.33021797418594356,0.33021797418594356,0.33021797418594356,-0.33021797418594356,0.33021797418594356,-2.5259583179537484,-1.7076130067530528,1.3493903869798445,-1.5921741562409701,1.5559430131776864,-0.4380235979277978,0.36363020795693063,-0.363594364174691,0.3636129567283364,0.3635860286255339,-0.36360310887222846,0.36359559750415593
168,2.8179999999999112,-0.22583582997322083,-0.06254146993160248,-0.022691361606121063,-0.08577720820903778,-0.11163280159235,-0.20830735564231873,-0.0814991146326065,-2.611207405205622,-1.7543110265055113,1.344183015780944,-1.6069040552350877,1.5388501147646532,-0.4831102997975216,0.33066031873226165,-0.33066031873226165,0.33066031873226165,0.33066031873226165,-0.33066031873226165,0.33066031873226165,-2.5302039373865837,-1.707444858413623,1.348859195526987,-1.5934121709283373,1.5544072523852,-0.44217363922885583,0.363984668279581,-0.36400897678463157,0.36399701153019653,0.36401425987033886,-0.36400511054462226,0.3640084834417313
169,2.8339999999999095,-0.23818565905094147,-0.06063023954629898,0.012838058173656464,-0.08293289691209793,-0.11716527491807938,-0.23820173740386963,-0.08170472085475922,-2.6151771661898042,-1.7553215304979497,1.3443603819763976,-1.6082862701836227,1.5368973601826852,-0.4870803287542528,0.33058630049228666,-0.33058630049228666,0.33058630049228666,0.33058630049228666,-0.33058630049228666,0.33058630049228666,-2.5341671844015754,-1.7076810199312318,1.348749011900997,-1.5946867451096867,1.5529235336341052,-0.4458636911555106,0.36435875992017985,-0.3643139618356743,0.36433399728746346,0.364302228155648,-0.36432652822237405,0.36431313669517656
170,2.8499999999999077,-0.21581672132015228,-0.05971677601337433,-0.011366631835699081,-0.08598310500383377,-0.11856944859027863,-0.21321502327919006,-0.07960782945156097,-2.61877411154514,-1.7563168100981725,1.3441709381124693,-1.6097193219336865,1.5349212027061805,-0.4906339124755726,0.331341181397438,-0.331341181397438,0.331341181397438,0.331341181397438,-0.331341181397438,0.331341181397438,-2.537886030471108,-1.7076662929339004,1.348386636379036,-1.5958397037305738,1.551474986487572,-0.4495459770503078,0.364672563321226,-0.3646919979382304,0.3646834846820863,0.3646949357177885,-0.3646856489725274,0.36469128709317394
171,2.8679999999999057,-0.2290768176317215,-0.05874224752187729,0.020822957158088684,-0.0837055966258049,-0.12166820466518402,-0.24077564477920532,-0.08027202636003494,-2.622592058505669,-1.7572958475568705,1.3445179873984374,-1.6111144152107832,1.5328933992950942,-0.49464683988855934,0.3311020705103874,-0.3311020705103874,0.3311020705103874,0.3311020705103874,-0.3311020705103874,0.3311020705103874,-2.5419576971040767,-1.7076233136065413,1.3479673626576911,-1.5973265150291156,1.5497201459404168,-0.45369436220060594,0.365028207136791,-0.365034111010222,0.36502928716629535,0.3650323773110585,-0.36503146833817285,0.36502977818514154
172,2.883999999999904,-0.21906498074531555,-0.059749431908130646,0.017575908452272415,-0.08616624772548676,-0.12240821123123169,-0.23230355978012085,-0.0792471170425415,-2.6262431415180907,-1.758291671422006,1.3448109192059754,-1.6125505193395413,1.5308532624412403,-0.4985185658848947,0.33147103786468507,-0.33147103786468507,0.33147103786468507,0.33147103786468507,-0.33147103786468507,0.33147103786468507,-2.5454411793747598,-1.7075398030172355,1.3476076843182778,-1.5986575258003826,1.5481231811268013,-0.4573782623234996,0.36535951925106713,-0.3653442933998625,0.36535195781639535,0.3653402945219497,-0.36534590661388266,0.36534337360188207
173,2.899999999999902,-0.20684857666492462,-0.06033124029636383,0.012579049915075302,-0.08885654807090759,-0.12320369482040405,-0.2220006287097931,-0.07807377725839615,-2.6296906177958395,-1.759297192093612,1.3450205700378932,-1.6140314618073897,1.528799867527567,-0.5022185763633913,0.33189344018697736,-0.33189344018697736,0.33189344018697736,0.33189344018697736,-0.33189344018697736,0.33189344018697736,-2.548921586951288,-1.7076483553056783,1.3475639470694856,-1.5997344222916416,1.5465883866579375,-0.46106630974236856,0.3656533501410183,-0.3656728395290708,0.36566316485319983,0.3656775154551373,-0.3656708102152085,0.36567334415765823
174,2.9179999999999002,-0.21301952004432678,-0.05629534274339676,0.03441711142659187,-0.0851370245218277,-0.13044559955596924,-0.24294117093086243,-0.07741352915763855,-2.6332409431299117,-1.760235447806002,1.3455941885616698,-1.6154504122160869,1.526625774201634,-0.5062675958789057,0.33213112950325013,-0.33213112950325013,0.33213112950325013,0.33213112950325013,-0.33213112950325013,0.33213112950325013,-2.552660590936113,-1.7076144799161743,1.3473343470805519,-1.6012414320723696,1.5447164707239942,-0.4652242101271771,0.36601912175191303,-0.3660364359506125,0.3660269079222774,0.3660376186027484,-0.36603014711696064,0.366033137436774
175,2.9339999999998985,-0.20557250082492828,-0.05710285156965256,0.03326902911067009,-0.08695206046104431,-0.13147006928920746,-0.23730432987213135,-0.07662081718444824,-2.6366671514769937,-1.7611871619988295,1.346148672380181,-1.616899613223771,1.5244346063801473,-0.5102226680434412,0.3324165058135986,-0.3324165058135986,0.3324165058135986,0.3324165058135986,-0.3324165058135986,0.3324165058135986,-2.5559118038747046,-1.7076147711936958,1.3471980250618185,-1.6026024151772607,1.543009342821453,-0.4689225940372255,0.366355611591908,-0.3663513815218799,0.36635308746492523,0.36634871695880755,-0.3663497130694231,0.3663491872185941
176,2.9499999999998967,-0.19574786722660065,-0.057883284986019135,0.02930324152112007,-0.08933117985725403,-0.13194632530212402,-0.22879955172538757,-0.0757238119840622,-2.6399296159307704,-1.7621518834152632,1.3466370597388664,-1.6183884662213919,1.5222355009584452,-0.514035993905531,0.3327394276857376,-0.3327394276857376,0.3327394276857376,0.3327394276857376,-0.3327394276857376,0.3327394276857376,-2.5590777319452287,-1.7076353547216225,1.3471464387648568,-1.603931985487278,1.541269696257488,-0.472630528392226,0.3666919113555056,-0.36666922993235973,0.36668076402513783,0.36666366617156865,-0.3666742991804255,0.3666692961301795
177,2.9679999999998947,-0.17824923992156982,-0.05645474046468735,0.024545736610889435,-0.09192975610494614,-0.13446836173534393,-0.21786260604858398,-0.07383012771606445,-2.64290043659613,-1.7630927957563414,1.3470461553490478,-1.619920628823141,1.5199943615961895,-0.5176670373396741,0.3334211540222168,-0.3334211540222168,0.3334211540222168,0.3334211540222168,-0.3334211540222168,0.3334211540222168,-2.5625277671458164,-1.7076668702303606,1.3471727443340138,-1.6053841593578366,1.5392972310341162,-0.476773560918651,0.3670992102830278,-0.3670763772704897,0.36708937225700966,0.3670727718466683,-0.3670832840479041,0.36707935634594774
178,2.983999999999893,-0.17360523343086243,-0.05566270649433136,0.01859775185585022,-0.0913010984659195,-0.1381789892911911,-0.21247932314872742,-0.07288005203008652,-2.645793857153311,-1.764020507531247,1.3473561178799787,-1.6214423137975729,1.5176913784413364,-0.5212083593921529,0.3337631812691688,-0.3337631812691688,0.3337631812691688,0.3337631812691688,-0.3337631812691688,0.3337631812691688,-2.5654898101847032,-1.707685814283906,1.3472366882788889,-1.606645635767919,1.5375327915493282,-0.4804272499880984,0.3674414620351643,-0.36744147695181,0.3674417209486281,0.3674411597141082,-0.36744276401944703,0.3674417488992027
179,2.999999999999891,-0.1801300048828125,-0.05500970035791397,0.031579043716192245,-0.0894671157002449,-0.14185869693756104,-0.22457343339920044,-0.07289651781320572,-2.6487960239013577,-1.7649373358705456,1.3478824352752485,-1.622933432392577,1.5153270668257104,-0.5249512499488063,0.33375725358724595,-0.33375725358724595,0.33375725358724595,0.33375725358724595,-0.33375725358724595,0.33375725358724595,-2.5683534134396964,-1.7076726055980818,1.3472833089027707,-1.6080185802195486,1.5356836197205108,-0.4840871317316249,0.36777127512159324,-0.36776791960465394,0.3677682345967008,0.3677644283492653,-0.3677682784023751,0.3677650206697154
180,3.017999999999889,-0.1739456206560135,-0.055109135806560516,0.03284338489174843,-0.09067508578300476,-0.14313143491744995,-0.22159931063652039,-0.07211560755968094,-2.651695117578958,-1.7658558214673217,1.3484298250234443,-1.6244446838222937,1.5129415429104196,-0.5286445717927483,0.3340383812785149,-0.3340383812785149,0.3340383812785149,0.3340383812785149,-0.3340383812785149,0.3340383812785149,-2.5714168970377127,-1.7075803648637393,1.3473086018029108,-1.609572367818291,1.533567521738083,-0.48818659652116236,0.36812621615329283,-0.36813160034482795,0.3681284850679805,0.368131163848446,-0.36812800072158747,0.3681290920060176
181,3.0339999999998875,-0.16944387555122375,-0.05503307282924652,0.04504786804318428,-0.09212590754032135,-0.1440344750881195,-0.22553646564483643,-0.07157544046640396,-2.6545191821714784,-1.7667730393478092,1.349180622824164,-1.6259801156146323,1.5105409683256177,-0.5324035128868289,0.3342328414320946,-0.3342328414320946,0.3342328414320946,0.3342328414320946,-0.3342328414320946,0.3342328414320946,-2.57414256975435,-1.7076576919499515,1.3475575027569713,-1.6109175268531069,1.531657280738295,-0.4918211964903261,0.3684535047286268,-0.3684350076690634,0.3684436415165022,0.3684304904317358,-0.36844033001656573,0.36843481066849504
182,3.0499999999998857,-0.1544661819934845,-0.052980177104473114,0.04300231859087944,-0.09392113983631134,-0.14699022471904755,-0.21810099482536316,-0.06985807418823242,-2.6570936185380365,-1.7676560422995504,1.349897328134012,-1.6275454679452375,1.508091131246967,-0.5360385294672516,0.33485109329223633,-0.33485109329223633,0.33485109329223633,0.33485109329223633,-0.33485109329223633,0.33485109329223633,-2.576754175258479,-1.7076824863495326,1.3477755501214208,-1.6122721594737457,1.529711572941549,-0.49545610169606413,0.3687955191928824,-0.3687853789681569,0.3687917417264938,0.36878315019392255,-0.3687867096045093,0.3687864700462395
183,3.0679999999998837,-0.15776053071022034,-0.05343865603208542,0.040796492248773575,-0.09259288012981415,-0.14943930506706238,-0.21824043989181519,-0.06980324536561966,-2.65972296071654,-1.7685466865667518,1.3505772696714917,-1.6290886826140678,1.505600476162516,-0.5396758701321152,0.3348708316683769,-0.3348708316683769,0.3348708316683769,0.3348708316683769,-0.3348708316683769,0.3348708316683769,-2.579589722062674,-1.7077140697239304,1.3480768110220214,-1.6137935656692313,1.5274884413636316,-0.4995246115478262,0.36913687319057825,-0.3691399086439019,0.3691376323355157,0.3691392742725298,-0.36913997029431067,0.3691383564046611
184,3.083999999999882,-0.15530569851398468,-0.05232427269220352,0.04721442237496376,-0.09221401065587997,-0.15259547531604767,-0.22139695286750793,-0.06909104436635971,-2.6623113890251062,-1.7694187577782885,1.3513641767110744,-1.6306255827916658,1.5030572182405817,-0.5433658193465736,0.3351272240281105,-0.3351272240281105,0.3351272240281105,0.3351272240281105,-0.3351272240281105,0.3351272240281105,-2.5819972799294906,-1.7077136022116615,1.3483640167430873,-1.6151617312208622,1.525472883170951,-0.5031287890348304,0.36944372189333874,-0.3694478994234862,0.369445559103749,0.3694484213161186,-0.3694484744176305,0.369447565527024
185,3.09999999999988,-0.1513264924287796,-0.05145330727100372,0.05166426673531532,-0.0923655703663826,-0.15525315701961517,-0.222487211227417,-0.0683450847864151,-2.6648334972322525,-1.7702763128994718,1.3522252478233296,-1.6321650089644388,1.500469665623588,-0.5470739395336972,0.33539576947689054,-0.33539576947689054,0.33539576947689054,0.33539576947689054,-0.33539576947689054,0.33539576947689054,-2.5843008339897526,-1.7076726168445744,1.3486362679609292,-1.6166265580348131,1.5233790851439548,-0.5067405398561485,0.3697688406905779,-0.3697536784994951,0.3697613833796637,0.3697494357277516,-0.36975740278240704,0.36975358944887593
186,3.117999999999878,-0.1362529993057251,-0.051220089197158813,0.045865561813116074,-0.09516628831624985,-0.15578597784042358,-0.2102593183517456,-0.06692039966583252,-2.6671043805540147,-1.7711299810527579,1.3529896738535483,-1.6337511137697096,1.497873232659581,-0.5505782615062264,0.3359086561203003,-0.3359086561203003,0.3359086561203003,0.3359086561203003,-0.3359086561203003,0.3359086561203003,-2.58679675707399,-1.707640423688111,1.3490155809836344,-1.618204339821671,1.5210254993283505,-0.5107743524475782,0.37012840146313,-0.37012810806696755,0.3701288003138409,0.3701279686562045,-0.37012679712573326,0.3701278936657309
187,3.1339999999998764,-0.1391235589981079,-0.051033779978752136,0.06164178624749184,-0.09500668942928314,-0.15727096796035767,-0.22041890025138855,-0.06703612208366394,-2.6694231065373164,-1.7719805440524037,1.3540170369576732,-1.635334558593531,1.4952520498602417,-0.5542519098437495,0.33586699604988096,-0.33586699604988096,0.33586699604988096,0.33586699604988096,-0.33586699604988096,0.33586699604988096,-2.588960183119491,-1.7076645221901223,1.3494530909632472,-1.6195865796636502,1.5189062269532354,-0.5143488930614503,0.37041383955316276,-0.37042181237870253,0.3704161715090945,0.37042140365876247,-0.37041918916672134,0.37041849836351975
188,3.1499999999998747,-0.13854491710662842,-0.0501861497759819,0.06863358616828918,-0.0944574624300003,-0.15998747944831848,-0.2247978150844574,-0.06653109192848206,-2.6717321884890937,-1.7728169798820035,1.3551609300604779,-1.6369088496340312,1.4925855918694364,-0.5579985400951571,0.33604880690574646,-0.33604880690574646,0.33604880690574646,0.33604880690574646,-0.33604880690574646,0.33604880690574646,-2.5909769286103503,-1.707583033770596,1.3498141796939966,-1.6210597220772052,1.5167145852115929,-0.5179367823977745,0.37070127242374973,-0.37070729990675116,0.37070348088422433,0.3707063463823903,-0.3707029986268987,0.3707040369332216
189,3.1679999999998727,-0.13206182420253754,-0.050625354051589966,0.06809908151626587,-0.09580186009407043,-0.16094763576984406,-0.21981096267700195,-0.06578069925308228,-2.6739332188924694,-1.7736607357828633,1.3562959147524156,-1.6385055473022656,1.4899031312732722,-0.5616620561397738,0.33631894826889036,-0.33631894826889036,0.33631894826889036,0.33631894826889036,-0.33631894826889036,0.33631894826889036,-2.593260058739968,-1.7076753146501935,1.3504890886277483,-1.6226491947938582,1.514235332478089,-0.5219592124649142,0.3710311827190817,-0.37102295940922925,0.3710269879884698,0.37102121050791276,-0.3710246896491359,0.3710229333247143
190,3.183999999999871,-0.12592124938964844,-0.04963051155209541,0.06180335208773613,-0.09567221254110336,-0.16367322206497192,-0.21335992217063904,-0.0648900642991066,-2.676031906382297,-1.7744879109753982,1.3573259706205445,-1.6401000841779507,1.487175244238856,-0.5652180548426178,0.3366395768523216,-0.3366395768523216,0.3366395768523216,0.3366395768523216,-0.3366395768523216,0.3366395768523216,-2.5951560259378197,-1.7076704546505497,1.3510260972031565,-1.6240650997511237,1.51201224264896,-0.5255161813739092,0.37130480285773126,-0.37131477381473793,0.3713097457645286,0.37131604260777573,-0.3713108001094526,0.3713133190482632
191,3.199999999999869,-0.12605462968349457,-0.048636507242918015,0.07663767039775848,-0.09553683549165726,-0.16582491993904114,-0.22246241569519043,-0.06460647284984589,-2.6781328168770218,-1.7752985194294468,1.3586032651271738,-1.6416923647694783,1.4844114955732053,-0.568925761770871,0.33674166977405545,-0.33674166977405545,0.33674166977405545,0.33674166977405545,-0.33674166977405545,0.33674166977405545,-2.597000091607361,-1.7077086336395868,1.351658094347487,-1.6254993231261383,1.5097331768141558,-0.5290844460590263,0.37158165999496096,-0.3715866973792937,0.37158363073708,0.37158665820107767,-0.3715859410916263,0.3715854046889499
192,3.217999999999867,-0.12079642713069916,-0.04798894375562668,0.07106953859329224,-0.09540818631649017,-0.16862908005714417,-0.21688547730445862,-0.06372544914484024,-2.6801460906625336,-1.7760983351587072,1.359787757437062,-1.6432825012080865,1.4816010109055862,-0.5725405197259452,0.3370588383078575,-0.3370588383078575,0.3370588383078575,0.3370588383078575,-0.3370588383078575,0.3370588383078575,-2.598937099825217,-1.7076737436680849,1.3523324374387045,-1.627151995059367,1.5071324899149323,-0.5330828639000784,0.3718874622314042,-0.37190087511141723,0.37189392319527564,0.3719032149231604,-0.3718964009599056,0.37189935377679073
193,3.2339999999998654,-0.11833731830120087,-0.04759083315730095,0.08197550475597382,-0.0960870236158371,-0.16959571838378906,-0.22099211812019348,-0.06339392066001892,-2.682118379300887,-1.776891515711329,1.3611540158496616,-1.6448839516016838,1.4787744155991898,-0.5762237216946151,0.3371781885623932,-0.3371781885623932,0.3371781885623932,0.3371781885623932,-0.3371781885623932,0.3371781885623932,-2.60060688836196,-1.7076806036832035,1.3530144467221201,-1.6286501887492528,1.5047708095661185,-0.5366283552545068,0.37216929923365577,-0.37216096532642434,0.3721648260313251,0.37215846957186416,-0.37216312688187697,0.3721603388970818
194,3.2499999999998637,-0.10435016453266144,-0.04719381779432297,0.06909909844398499,-0.09791609644889832,-0.17084038257598877,-0.2055051624774933,-0.061932969838380814,-2.683857548709765,-1.7776780793412343,1.3623056674903946,-1.6465158865424987,1.47592707588959,-0.5796488077359067,0.3377041308581829,-0.3377041308581829,0.3377041308581829,0.3377041308581829,-0.3377041308581829,0.3377041308581829,-2.602198949678695,-1.7076867051168352,1.353747708275819,-1.630076774093381,1.502411322360418,-0.5401661579262722,0.3724451420986846,-0.3724566286030937,0.37245149049520304,0.3724590773072149,-0.37245257416670785,0.37245635132414323
195,3.2679999999998617,-0.11098631471395493,-0.04644404351711273,0.08691602945327759,-0.09656757116317749,-0.17323684692382812,-0.2197788953781128,-0.06227462738752365,-2.685707320621664,-1.7784521467331862,1.3637542679812826,-1.648125346061885,1.473039795107526,-0.5833117893255418,0.33758113414049146,-0.33758113414049146,0.33758113414049146,0.33758113414049146,-0.33758113414049146,0.33758113414049146,-2.603915811018331,-1.7077026869574052,1.3546247090421224,-1.6317411567769435,1.4996931024513733,-0.5441351985233781,0.3727289273464704,-0.37274010972730176,0.372733301555747,0.3727411310084497,-0.3727375355410772,0.3727376960357122
196,3.28399999999986,-0.10576702654361725,-0.04616960883140564,0.08067204058170319,-0.09661448001861572,-0.17524847388267517,-0.21289226412773132,-0.061492182314395905,-2.687470104397391,-1.7792216402137095,1.3650988019909778,-1.6497355873955286,1.4701189872094815,-0.5868599937276707,0.3378628143668175,-0.3378628143668175,0.3378628143668175,0.3378628143668175,-0.3378628143668175,0.3378628143668175,-2.6053624591314835,-1.7077042291893674,1.3554301768665271,-1.633223444488821,1.4972557117672491,-0.5476479750443376,0.37298392486676424,-0.37299331383467793,0.3729882136969272,0.3729949891162989,-0.3729905937154904,0.3729921907226228
197,3.299999999999858,-0.102397620677948,-0.045414019376039505,0.09029732644557953,-0.09731525182723999,-0.17634452879428864,-0.21633070707321167,-0.061085302382707596,-2.6891767314086903,-1.7799785405366435,1.3666037574317373,-1.651357508259316,1.4671799117295767,-0.5904655055122242,0.3380092911422253,-0.3380092911422253,0.3380092911422253,0.3380092911422253,-0.3380092911422253,0.3380092911422253,-2.6067349980093515,-1.7076910836231822,1.3562560721568175,-1.634743686104568,1.4947622846472477,-0.5511675166156188,0.37323914206172937,-0.3732385333312917,0.3732383842152383,0.3732373297808898,-0.37323809804729324,0.37323725324080975
198,3.317999999999856,-0.09173855185508728,-0.04481098800897598,0.08717265725135803,-0.09893439710140228,-0.17740672826766968,-0.20820876955986023,-0.059967391192913055,-2.690705707272942,-1.780725390336793,1.3680566350525933,-1.6530064148776726,1.4642231329251156,-0.5939356516715553,0.3384117391705513,-0.3384117391705513,0.3384117391705513,0.3384117391705513,-0.3384117391705513,0.3384117391705513,-2.6081933505632855,-1.7076624728406777,1.3572169217890133,-1.6364658896759907,1.4919248919887254,-0.5551015704688216,0.37354500580770156,-0.3735360515555054,0.37354139668453185,0.3735348064991231,-0.37353772737809116,0.37353698244770117
199,3.3339999999998544,-0.08440050482749939,-0.045048244297504425,0.07743875682353973,-0.09975282847881317,-0.17767660319805145,-0.1969470977783203,-0.059271108359098434,-2.6921123823534003,-1.781476194408418,1.3693472809996523,-1.6546689620189863,1.461261856205148,-0.597218103301194,0.33866240099072453,-0.33866240099072453,0.33866240099072453,0.33866240099072453,-0.33866240099072453,0.33866240099072453,-2.609444255809557,-1.7076746072503304,1.358154817632474,-1.6379487155087313,1.489403949844536,-0.5585645738076372,0.37380397800973886,-0.37379921312292624,0.37380154979847197,0.3737982533950099,-0.37380006504257196,0.3737990263931314
200,3.3499999999998527,-0.0838196724653244,-0.044119685888290405,0.08847413957118988,-0.09968362748622894,-0.1795402467250824,-0.20303699374198914,-0.05903985723853111,-2.693509376894489,-1.7822115225065562,1.3708218499925056,-1.6563303558104234,1.45826951875973,-0.6006020531968937,0.33874565139412877,-0.33874565139412877,0.33874565139412877,0.33874565139412877,-0.33874565139412877,0.33874565139412877,-2.6106369902727384,-1.707690133372672,1.3591261387883509,-1.6394189953113354,1.486853902450073,-0.5620212280320349,0.37403577092199264,-0.3740500130313979,0.37404177933205823,0.3740513989742599,-0.37404529597642333,0.374047210075008
201,3.3679999999998507,-0.09044715762138367,-0.04371682554483414,0.0983085185289383,-0.09791602939367294,-0.18199852108955383,-0.2125268578529358,-0.05932635813951492,-2.6950168295215122,-1.7829401362656367,1.3724603253013212,-1.6579622896336512,1.4552362100749041,-0.6041441674944427,0.3386425110697746,-0.3386425110697746,0.3386425110697746,0.3386425110697746,-0.3386425110697746,0.3386425110697746,-2.611924750593349,-1.7077274451069693,1.3602708370748278,-1.6411028216625516,1.4839441682406902,-0.5658969958364625,0.3742649290834053,-0.3742885407350432,0.37427505228018093,0.3742920950992396,-0.3742821960648371,0.37428511593404085
202,3.383999999999849,-0.0898926854133606,-0.042918045073747635,0.10274873673915863,-0.09733803570270538,-0.18383058905601501,-0.2145765721797943,-0.05903428792953491,-2.6965150409450684,-1.7836554370168658,1.3741728042469739,-1.6595845902286963,1.4521723669239706,-0.6077204436974393,0.3387476563453674,-0.3387476563453674,0.3387476563453674,0.3387476563453674,-0.3387476563453674,0.3387476563453674,-2.612973809908034,-1.7077014906224133,1.361250877212659,-1.6426567874095594,1.4813102847921737,-0.5693345539833997,0.37447860210957085,-0.37448828019577796,0.3744830480070108,0.3744899512833596,-0.374485696772325,0.37448709511700534
203,3.399999999999847,-0.08243101090192795,-0.04323727637529373,0.09348228573799133,-0.09833000600337982,-0.18437907099723816,-0.20403838157653809,-0.05827232450246811,-2.6978888911267673,-1.7843760582897874,1.3757308423426071,-1.661223423662086,1.44909938240735,-0.6111210833903816,0.3390219631791115,-0.3390219631791115,0.3390219631791115,0.3390219631791115,-0.3390219631791115,0.3390219631791115,-2.6139672491432924,-1.7076778841616158,1.3622710040410728,-1.6442197089257253,1.4786412016661874,-0.5727693539526618,0.3747019319250996,-0.374697145662841,0.37470001988636475,0.3746962417651066,-0.3746977169624655,0.37469745930626214
204,3.417999999999845,-0.07188338041305542,-0.042740628123283386,0.08908052742481232,-0.1000070869922638,-0.18444491922855377,-0.19463253021240234,-0.05730779469013214,-2.6990869474669847,-1.785088402091842,1.3772155177996874,-1.6628902084452903,1.4460253004202073,-0.6143649588939216,0.3393691939115524,-0.3393691939115524,0.3393691939115524,0.3393691939115524,-0.3393691939115524,0.3393691939115524,-2.6150450537687697,-1.707687306190913,1.3634943152233732,-1.6459485597120151,1.4756283521765394,-0.5765962780255977,0.3749576641479073,-0.3749523040596827,0.37495574381516533,0.3749521358419261,-0.37495308530869176,0.3749532978743371
205,3.4339999999998434,-0.06791681051254272,-0.04221819341182709,0.08876694738864899,-0.10027560591697693,-0.18505722284317017,-0.19124555587768555,-0.05694476515054703,-2.7002188943088603,-1.7857920386487058,1.3786949669228317,-1.6645614685439065,1.442941013372821,-0.6175523848252163,0.33949988454580304,-0.33949988454580304,0.33949988454580304,0.33949988454580304,-0.33949988454580304,0.33949988454580304,-2.615962132177711,-1.7077130939649203,1.3646239832051126,-1.6474558409163065,1.472942899580801,-0.5799636620526281,0.37516985826496546,-0.37517017153715243,0.3751698229993631,0.37517026410856397,-0.3751703705262419,0.3751698775728191
206,3.4499999999998416,-0.06831619888544083,-0.04148203134536743,0.09315483272075653,-0.09957137703895569,-0.18701764941215515,-0.19409507513046265,-0.05677583068609238,-2.7013574976236177,-1.7864834058377952,1.3802475474681777,-1.6662209914945558,1.4398240525492851,-0.6207873027440574,0.3395607009530067,-0.3395607009530067,0.3395607009530067,0.3395607009530067,-0.3395607009530067,0.3395607009530067,-2.6168097043676695,-1.7076973651225773,1.365719401942706,-1.6490201739758361,1.4702069842707433,-0.5833196395524023,0.37537753246060696,-0.37537286936559583,0.3753746661480065,0.37537108528214935,-0.37537375317211086,0.3753718534006863
207,3.4679999999998397,-0.06299149990081787,-0.04121451824903488,0.09190921485424042,-0.10032296180725098,-0.18715107440948486,-0.189319908618927,-0.05627802014350891,-2.702407355955298,-1.787170314475279,1.3817793677157484,-1.66789304085801,1.4367048679757937,-0.6239426345543728,0.33973991274833676,-0.33973991274833676,0.33973991274833676,0.33973991274833676,-0.33973991274833676,0.33973991274833676,-2.617707895802735,-1.7076788943094998,1.3669753385077672,-1.650764662442993,1.4671182802163245,-0.5870575853560843,0.3755976675333777,-0.3755996595365387,0.37559846249129814,0.3756003985835212,-0.3755982905256113,0.37559906346254857
208,3.483999999999838,-0.06259146332740784,-0.04081492871046066,0.09982971847057343,-0.10041502118110657,-0.18770335614681244,-0.1923808455467224,-0.056267376989126205,-2.703450547010755,-1.78785056328712,1.3834431963569247,-1.6695666245443617,1.43357647870668,-0.6271489819801516,0.3397437442839146,-0.3397437442839146,0.3397437442839146,0.3397437442839146,-0.3397437442839146,0.3397437442839146,-2.618484652442213,-1.7077016587757279,1.368154097134031,-1.6522984105951226,1.4643568273582477,-0.5903533968547123,0.3757806150104527,-0.37578071545795594,0.3757800633963145,0.3757805388603633,-0.3757809440835528,0.37577992771383545
209,3.499999999999836,-0.06052982434630394,-0.04033231735229492,0.09591637551784515,-0.09989327192306519,-0.18910779058933258,-0.18884232640266418,-0.05589387193322182,-2.704459377416527,-1.788522768576325,1.3850418026155555,-1.671231512409746,1.4304246821968578,-0.6302963540868627,0.3398782061040401,-0.3398782061040401,0.3398782061040401,0.3398782061040401,-0.3398782061040401,0.3398782061040401,-2.6192012989415705,-1.7076894335374826,1.3693032711848496,-1.6538619907211047,1.4615615200590597,-0.593637318425881,0.37595850702927297,-0.3759596833229268,0.3759588655875805,0.3759595701547423,-0.37595845817297535,0.37595885164169973
210,3.517999999999834,-0.06086640805006027,-0.04041358828544617,0.09813790023326874,-0.09973380714654922,-0.18957245349884033,-0.18929514288902283,-0.055928535759449005,-2.7054738175506947,-1.7891963283810823,1.3866774342861101,-1.6728937425288553,1.4272651413052104,-0.633451273135013,0.33986572712659835,-0.33986572712659835,0.33986572712659835,0.33986572712659835,-0.33986572712659835,0.33986572712659835,-2.6199681303871847,-1.7076861654427158,1.3706265427375415,-1.6556233782994998,1.4583961046582188,-0.597300316933025,0.37613574325719323,-0.37613845631796217,0.37613669478169653,0.376139186749774,-0.37613737082103166,0.3761376801517547
211,3.5339999999998324,-0.0559743270277977,-0.03977740556001663,0.0970069169998169,-0.10009545087814331,-0.18988503515720367,-0.18482127785682678,-0.055452197790145874,-2.706406723001158,-1.789859285140416,1.3882942162361072,-1.6745620000434909,1.424100390719257,-0.6365316277659602,0.3400372087955475,-0.3400372087955475,0.3400372087955475,0.3400372087955475,-0.3400372087955475,0.3400372087955475,-2.620618700154225,-1.7076932882620175,1.371826452938866,-1.6571750784506794,1.4555751330743287,-0.6005258454421746,0.37629667975370334,-0.3762990235788806,0.37629796746298716,0.37630022964553506,-0.37629801575988636,0.37629912067602744
212,3.5499999999998306,-0.05709702521562576,-0.03962402045726776,0.09983162581920624,-0.09964510798454285,-0.1906948983669281,-0.18641138076782227,-0.055542126297950745,-2.707358340088085,-1.7905196854813705,1.3899580766664272,-1.6762227518432333,1.4209221424131415,-0.6396384841120906,0.3400048345327377,-0.3400048345327377,0.3400048345327377,0.3400048345327377,-0.3400048345327377,0.3400048345327377,-2.6212447731008157,-1.7077138110277819,1.3730538797293657,-1.658723313776131,1.4527277356508395,-0.6037416295873621,0.3764351121439816,-0.3764417801703985,0.3764377481839734,0.376442566398881,-0.3764397077320891,0.3764404009818397
213,3.5679999999998286,-0.05667900666594505,-0.03897654265165329,0.10259443521499634,-0.09917405247688293,-0.19204366207122803,-0.1875855028629303,-0.05537324398756027,-2.708302990199184,-1.7911692945255648,1.3916679839200106,-1.677875652717848,1.4177214147119543,-0.6427649091598061,0.34006563216447827,-0.34006563216447827,0.34006563216447827,0.34006563216447827,-0.34006563216447827,0.34006563216447827,-2.6218833165855173,-1.7076797233068233,1.3743764455448562,-1.6605247615445289,1.4494893692370758,-0.6073315788114818,0.3765922048246204,-0.37659176653998205,0.3765919438577926,0.37659245845247374,-0.37659153413860913,0.37659178005606464
214,3.583999999999827,-0.048151638358831406,-0.03868851810693741,0.09695012867450714,-0.10049848258495331,-0.1906740665435791,-0.17758691310882568,-0.05475040525197983,-2.7091055175051646,-1.7918141031606805,1.3932838193979191,-1.6795506274275973,1.4145435136028948,-0.6457246910449532,0.34028985410928725,-0.34028985410928725,0.34028985410928725,0.34028985410928725,-0.34028985410928725,0.34028985410928725,-2.622436778008894,-1.7076752145026501,1.3755956230776614,-1.6620858250071397,1.4466172374184254,-0.6104885173354944,0.3767332157203352,-0.37673588042940126,0.37673483734328905,0.37673737594512957,-0.3767341542497665,0.37673606596287373
215,3.599999999999825,-0.048778604716062546,-0.038244761526584625,0.10495625436306,-0.10041265189647675,-0.19142678380012512,-0.18183669447898865,-0.05482872202992439,-2.709918494250432,-1.7924515158527903,1.39503309030397,-1.681224171625872,1.411353067206226,-0.648755302619603,0.3402616600692272,-0.3402616600692272,0.3402616600692272,0.3402616600692272,-0.3402616600692272,0.3402616600692272,-2.6229946712294256,-1.70772379780137,1.3768953285743157,-1.663613941857958,1.4437271311664694,-0.6136348507882161,0.3768544734787738,-0.37686482275007593,0.37685896046640827,0.37686666635506244,-0.37686212846292627,0.37686362386392475
216,3.617999999999823,-0.053458452224731445,-0.037812381982803345,0.10581892728805542,-0.0985870212316513,-0.1937980353832245,-0.18541374802589417,-0.05501987412571907,-2.710809468454178,-1.7930817222191704,1.3967967390921043,-1.6828672886463996,1.4081230999498389,-0.6518455317533679,0.34019284531474114,-0.34019284531474114,0.34019284531474114,0.34019284531474114,-0.34019284531474114,0.34019284531474114,-2.6235726039326193,-1.7077226547022513,1.378289370690743,-1.6654162858683048,1.44043765903497,-0.6171500944135362,0.3769809619808122,-0.37698474850686725,0.3769823075626276,0.37698596795564593,-0.376983745740197,0.37698413030888883
217,3.6339999999998214,-0.04488178342580795,-0.03735893964767456,0.09988167881965637,-0.09982648491859436,-0.1924239844083786,-0.17543208599090576,-0.05438387393951416,-2.7115574981779416,-1.7937043712132983,1.3984614337390986,-1.6845310633950428,1.4049160335430326,-0.6547693998532164,0.3404218053817749,-0.3404218053817749,0.3404218053817749,0.3404218053817749,-0.3404218053817749,0.3404218053817749,-2.624055517376622,-1.707701205243042,1.3795171363759666,-1.6669965387216854,1.4375131126185914,-0.6202429374208231,0.37710421713281894,-0.37710487344944604,0.3771052263561701,0.377106593944608,-0.3771047442077834,0.37710612290859985
218,3.6499999999998196,-0.04270939901471138,-0.0371856689453125,0.09912598133087158,-0.10000220686197281,-0.19225454330444336,-0.1727711260318756,-0.05425109714269638,-2.7122693214948534,-1.7943241323623869,1.4001135334279464,-1.6861977668427424,1.4017117911546253,-0.6576489186204143,0.3404696050286293,-0.3404696050286293,0.3404696050286293,0.3404696050286293,-0.3404696050286293,0.3404696050286293,-2.6245390635661243,-1.7077062830924317,1.3807857738365243,-1.668592162436048,1.4345636119273912,-0.6233181584690209,0.3772243467109267,-0.37721882424177894,0.3772215577014105,0.3772180926290486,-0.37721936871150163,0.37721890252518997
219,3.6679999999998176,-0.03939865157008171,-0.0370456799864769,0.09703859686851501,-0.10043386369943619,-0.19150865077972412,-0.16846367716789246,-0.054047390818595886,-2.7129259656876883,-1.7949415603621615,1.401730843375755,-1.6878716645710663,1.3985199803082966,-0.6604566465732125,0.3405429393053055,-0.3405429393053055,0.3405429393053055,0.3405429393053055,-0.3405429393053055,0.3405429393053055,-2.625053868299265,-1.707692001449591,1.382205518696528,-1.6703549182398212,1.431250248198219,-0.6267358491821496,0.3773368060700855,-0.3773447066813578,0.37734057239502855,0.37734735528537683,-0.37734191836408143,0.37734433535026435
220,3.683999999999816,-0.04181372746825218,-0.03658805787563324,0.10584114491939545,-0.09991440176963806,-0.19245009124279022,-0.1739269196987152,-0.05428585782647133,-2.7136228611454927,-1.7955513613267553,1.4034948624577448,-1.6895369046005602,1.3953124787875835,-0.6633554285681911,0.3404570911824703,-0.3404570911824703,0.3404570911824703,0.3404570911824703,-0.3404570911824703,0.3404570911824703,-2.62550400776428,-1.7076867674622627,1.3834828809564392,-1.671940162155202,1.428292740815559,-0.6297465377172032,0.3774292480300918,-0.37743444100282436,0.37743098822835985,0.3774356537772911,-0.37743228637433884,0.3774331193884959
221,3.699999999999814,-0.03990530967712402,-0.03644232824444771,0.10527092218399048,-0.10005085170269012,-0.19222302734851837,-0.17152810096740723,-0.05413760244846344,-2.7142879496401116,-1.7961587334641627,1.405249377827478,-1.691204418795605,1.3921087616651082,-0.6662142302509811,0.34051046311855315,-0.34051046311855315,0.34051046311855315,0.34051046311855315,-0.34051046311855315,0.34051046311855315,-2.6259510572005462,-1.707699072807811,1.384798277437585,-1.6735130620316303,1.425318286083564,-0.6327446607249464,0.3775173845716246,-0.3775220428880273,0.37751947317143336,0.3775233760817799,-0.37751997519977903,0.37752153801978744
222,3.717999999999812,-0.041224896907806396,-0.036479927599430084,0.10157890617847443,-0.09917843341827393,-0.19288533926010132,-0.16968432068824768,-0.05421190708875656,-2.714975031255242,-1.7967667322574865,1.406942359597119,-1.6928573926859096,1.3888940060107733,-0.669042302262452,0.3404837134480476,-0.3404837134480476,0.3404837134480476,0.3404837134480476,-0.3404837134480476,0.3404837134480476,-2.6264311231596573,-1.707688932936386,1.3862636297990711,-1.6752984424569932,1.421962692546085,-0.6360842992731277,0.37760076467091064,-0.3776070732493418,0.3776037996778727,0.37760957174325777,-0.3776051091761937,0.3776070606786618
223,3.7339999999998104,-0.03738485276699066,-0.03593878075480461,0.09914489090442657,-0.09936672449111938,-0.1924152374267578,-0.16485315561294556,-0.053912706673145294,-2.7155981121346917,-1.7973657119367332,1.4085947744455263,-1.6945135047607616,1.385687085386994,-0.6717898548560011,0.3405914255976677,-0.3405914255976677,0.3405914255976677,0.3405914255976677,-0.3405914255976677,0.3405914255976677,-2.6268567210791125,-1.7076938752563222,1.3875941302759,-1.6768765245963992,1.41897985304842,-0.639019917570918,0.37768235120531357,-0.37768557328670715,0.37768420350898335,0.37768764486332757,-0.37768449965968465,0.3776862202034241
224,3.7499999999998086,-0.03596758842468262,-0.03559085726737976,0.09886336326599121,-0.09927768260240555,-0.19247731566429138,-0.1631121188402176,-0.05381932854652405,-2.7161975719417697,-1.7979588928911896,1.410242497166626,-1.696168132804135,1.3824791301259225,-0.6745083901700047,0.3406250417232513,-0.3406250417232513,0.3406250417232513,0.3406250417232513,-0.3406250417232513,0.3406250417232513,-2.627282435337182,-1.7077126384709496,1.3889520564728695,-1.6784305928127432,1.4159897061532092,-0.6419385413222258,0.37774728636704014,-0.377762043806666,0.37775416439898746,0.3777651750238444,-0.3777573787643075,0.37776085284314276
225,3.7679999999998066,-0.04176230728626251,-0.03516503423452377,0.11127577722072601,-0.09824370592832565,-0.19434764981269836,-0.17328506708145142,-0.05430127680301666,-2.7168936103965406,-1.7985449767950983,1.412097093453638,-1.6978055279029403,1.3792400026290441,-0.6773964746213623,0.34045154035091396,-0.34045154035091396,0.34045154035091396,0.34045154035091396,-0.34045154035091396,0.34045154035091396,-2.6277365954744636,-1.7076892057528028,1.3904273418547894,-1.6802528773362704,1.4125946138798036,-0.6452002096939713,0.3778104691164903,-0.37781779991942316,0.3778135572203724,0.3778199766820724,-0.3778152409999225,0.37781691153772423
226,3.783999999999805,-0.03352034091949463,-0.03528266027569771,0.09749399125576019,-0.09920914471149445,-0.19168321788311005,-0.15860724449157715,-0.05372024327516556,-2.717452282745199,-1.7991330211330265,1.4137219933079008,-1.6994590136481318,1.3760452823309923,-0.680039928696222,0.34066071242094037,-0.34066071242094037,0.34066071242094037,0.34066071242094037,-0.34066071242094037,0.34066071242094037,-2.628145014931609,-1.707694867251439,1.3917926675601666,-1.6818230233719087,1.4095906401112384,-0.6480647025921827,0.3778790952540321,-0.3778827994203908,0.3778816634378867,0.37788569936412797,-0.37788179129772287,0.37788428145546593
227,3.799999999999803,-0.03243137151002884,-0.03479110449552536,0.0975572019815445,-0.09895031154155731,-0.1920730620622635,-0.15739679336547852,-0.05364250764250755,-2.7179928056036995,-1.7997128728746186,1.41534794667426,-1.7011081855071577,1.3728440646299547,-0.6826632085856467,0.34068869724869727,-0.34068869724869727,0.34068869724869727,0.34068869724869727,-0.34068869724869727,0.34068869724869727,-2.628554098718375,-1.7077088650894425,1.3931775369052262,-1.6834003739208379,1.4065706418114614,-0.6509093657511471,0.3779430814000577,-0.3779461459836271,0.3779446404207703,0.3779476080343916,-0.3779450010441353,0.3779463993910621
228,3.817999999999801,-0.031337834894657135,-0.0343322679400444,0.09761640429496765,-0.09871266782283783,-0.1923428177833557,-0.15613199770450592,-0.05355240777134895,-2.718515102851944,-1.8002850773402859,1.4169748867458427,-1.7027533966375383,1.3696383510002321,-0.6852654085473884,0.34072113320231434,-0.34072113320231434,0.34072113320231434,0.34072113320231434,-0.34072113320231434,0.34072113320231434,-2.628999706364078,-1.707703099239792,1.39471589808248,-1.6851842514438047,1.4031703376542537,-0.6540705364682643,0.37800765848812534,-0.3780148756675444,0.3780113609750278,0.37801796322919307,-0.37801283692463733,0.37801532102666063
229,3.8339999999997993,-0.03061610832810402,-0.034144967794418335,0.09666824340820312,-0.09851521253585815,-0.19180476665496826,-0.1537453979253769,-0.05360175296664238,-2.719025371324079,-1.8008541601368595,1.4185860241359793,-1.7043953168464694,1.366441604889316,-0.6878278318461447,0.34070336893200875,-0.34070336893200875,0.34070336893200875,0.34070336893200875,-0.34070336893200875,0.34070336893200875,-2.6294203790774855,-1.7077493297503619,1.396148544782004,-1.6867631517498975,1.400149326839504,-0.6568458589795639,0.37806661156537474,-0.37806482756541415,0.37806555472453895,0.378065939637949,-0.3780657089118007,0.3780655841398232
230,3.8499999999997976,-0.02695724181830883,-0.033506400883197784,0.09423503279685974,-0.09869368374347687,-0.1912434697151184,-0.14933115243911743,-0.053349655121564865,-2.719474658687717,-1.8014126001515796,1.420156608015927,-1.7060402115755273,1.3632542137273973,-0.6903166843867967,0.3407941241562366,-0.3407941241562366,0.3407941241562366,0.3407941241562366,-0.3407941241562366,0.3407941241562366,-2.6298013207355297,-1.707724343476322,1.3974950943553333,-1.6883311028484873,1.3971203061723783,-0.6595980597061443,0.37811447479787846,-0.37812425187400217,0.3781195785760082,0.378127045092899,-0.3781216717135244,0.3781244001539421
231,3.8679999999997956,-0.029613906517624855,-0.03333495184779167,0.09753075242042542,-0.09787026047706604,-0.19239667057991028,-0.15226462483406067,-0.05354449898004532,-2.7199682237963443,-1.8019681826823761,1.4217821205562673,-1.7076713825834784,1.3600476025510655,-0.6928544281340311,0.34072398036718365,-0.34072398036718365,0.34072398036718365,0.34072398036718365,-0.34072398036718365,0.34072398036718365,-2.630249539991778,-1.7077449162427112,1.3990801035991427,-1.6901150454030816,1.3937054683435035,-0.6626578983930513,0.3781665047960501,-0.37817228268256,0.37816923301938166,0.3781751734897706,-0.37817141613538185,0.3781728735571191
232,3.883999999999794,-0.026422129943966866,-0.03286854922771454,0.09467273950576782,-0.0979951024055481,-0.19138242304325104,-0.14723491668701172,-0.05339350551366806,-2.720408592628744,-1.8025159918361713,1.4233599995480302,-1.7093046342902376,1.3568578955003447,-0.695308343412148,0.3407783380150795,-0.3407783380150795,0.3407783380150795,0.3407783380150795,-0.3407783380150795,0.3407783380150795,-2.6306253135790687,-1.707726299742426,1.4004426447801328,-1.6916820736506022,1.3906798730327712,-0.6653427108749002,0.37820627663824613,-0.37821880476752934,0.3782126255589903,0.37822269703856937,-0.37821571777099666,0.3782190489361361
233,3.899999999999792,-0.0312042199075222,-0.0331619456410408,0.09875087440013885,-0.0970982164144516,-0.1921696960926056,-0.15151840448379517,-0.053868524730205536,-2.720928662960536,-1.8030686909301887,1.4250058474546992,-1.7109229378971451,1.3536550672321346,-0.6978336501535446,0.340607331097126,-0.340607331097126,0.340607331097126,0.340607331097126,-0.340607331097126,0.340607331097126,-2.631011684715664,-1.707738041021753,1.4018495695091024,-1.6932494334875765,1.387638749000007,-0.6680142023299597,0.3782271493963576,-0.37824132813262135,0.37823331753924355,0.378244117788853,-0.3782377769018491,0.37823993145720236
234,3.91799999999979,-0.03185780346393585,-0.03282849118113518,0.10049138963222504,-0.09660026431083679,-0.19277095794677734,-0.15224017202854156,-0.05389651656150818,-2.7214596263516015,-1.8036158324498743,1.4266807039485696,-1.7125329423023257,1.3504422179330215,-0.7003709863540203,0.34059725403785707,-0.34059725403785707,0.34059725403785707,0.34059725403785707,-0.34059725403785707,0.34059725403785707,-2.631417426133975,-1.7077007287949177,1.403368780147335,-1.6950395356594088,1.3842140363232236,-0.6709917817068526,0.3782432196277965,-0.37826369219976436,0.3782531851368071,0.3782689441002272,-0.3782575346670069,0.37826280391164463
235,3.9339999999997883,-0.030900323763489723,-0.03275696560740471,0.1055501252412796,-0.0971197634935379,-0.19159400463104248,-0.15253207087516785,-0.05402649939060211,-2.72197463174766,-1.8041617818766644,1.4284398727025909,-1.7141516050272179,1.3472489845225042,-0.7029131875352731,0.34055046021938323,-0.34055046021938323,0.34055046021938323,0.34055046021938323,-0.34055046021938323,0.34055046021938323,-2.6317875831625814,-1.7076973043025998,1.404766939945148,-1.6966286957607744,1.3811679534589414,-0.6736156315556946,0.3782671743216308,-0.3782742591659529,0.3782706838479566,0.37827724020765263,-0.37827225799474606,0.37827457948993154
236,3.9499999999997866,-0.025368694216012955,-0.03268152475357056,0.0943467915058136,-0.09745127707719803,-0.18973109126091003,-0.14160583913326263,-0.053623002022504807,-2.7223974433179268,-1.8047064739558907,1.4300123192276877,-1.7157757929785045,1.3440867996681556,-0.7052732848541609,0.34069571927189823,-0.34069571927189823,0.34069571927189823,0.34069571927189823,-0.34069571927189823,0.34069571927189823,-2.6321453847323677,-1.7076790129808583,1.4061505336590674,-1.6982348339206954,1.3781108096397912,-0.6762180195298585,0.3783029786140982,-0.3782998862158812,0.37830216299212227,0.378301057249604,-0.3782993331397848,0.3783011603786345
237,3.9679999999997846,-0.01641198992729187,-0.03211095184087753,0.08640363812446594,-0.0986827164888382,-0.18668869137763977,-0.13002152740955353,-0.053014084696769714,-2.7226709764833816,-1.8052416564865719,1.4314523798630954,-1.717420504919985,1.3409753214785283,-0.7074403103109868,0.3409149295091629,-0.3409149295091629,0.3409149295091629,0.3409149295091629,-0.3409149295091629,0.3409149295091629,-2.6325581917021497,-1.7076974213839649,1.4077600720861227,-1.7000067682484263,1.3746904275256417,-0.6790908646882446,0.37835447969892666,-0.378353666900047,0.3783552733379203,0.37835658011677115,-0.3783525695693161,0.3783558303409166
238,3.983999999999783,-0.015490040183067322,-0.03178975358605385,0.08477430045604706,-0.09842945635318756,-0.18582406640052795,-0.12690965831279755,-0.053118664771318436,-2.722929143819766,-1.805771485713006,1.4328652848706962,-1.719060995859205,1.337878253705186,-0.7095554712828667,0.34087728068232537,-0.34087728068232537,0.34087728068232537,0.34087728068232537,-0.34087728068232537,0.34087728068232537,-2.632922935038166,-1.7077180449494778,1.4091942469988328,-1.7015542878626715,1.3716658169608824,-0.6815957502766719,0.37839187552774,-0.3783912920924721,0.3783916598403534,0.37839321163740286,-0.37839179970549774,0.37839237189240676
239,3.999999999999781,-0.015184178948402405,-0.03101896494626999,0.08596473932266235,-0.09778957813978195,-0.18680843710899353,-0.1268102377653122,-0.053064558655023575,-2.723182213468906,-1.8062884684621106,1.434298030526074,-1.7206908221615347,1.3347647797533695,-0.7116689752456219,0.3408967588841915,-0.3408967588841915,0.3408967588841915,0.3408967588841915,-0.3408967588841915,0.3408967588841915,-2.6332898300324477,-1.7077502175193628,1.4106325111696087,-1.7031117925707069,1.3686336597946331,-0.6840684387780235,0.37842805917068645,-0.37842770066309217,0.37842778060481264,0.3784288801323786,-0.378427811351716,0.3784282950307706
240,4.0179999999997795,-0.014917846769094467,-0.030350029468536377,0.08684509992599487,-0.0972328633069992,-0.1874748319387436,-0.12647676467895508,-0.0530594140291214,-2.723430844248391,-1.8067943022865862,1.4357454488581738,-1.722311369883318,1.3316401992210571,-0.7137769213236045,0.3408986109495163,-0.3408986109495163,0.3408986109495163,0.3408986109495163,-0.3408986109495163,0.3408986109495163,-2.6336722748240935,-1.7077360636330756,1.4121764892956037,-1.7048630500309183,1.3652313824867823,-0.6868022682896372,0.37845511804798326,-0.3784669904742231,0.37846122585105374,0.37847126412707294,-0.3784644590023382,0.37846764522305343
241,4.033999999999778,-0.01803532987833023,-0.030155742540955544,0.08974172174930573,-0.09625928848981857,-0.18835340440273285,-0.128804013133049,-0.053392622619867325,-2.723731433079697,-1.8072968979956021,1.4372411442206623,-1.7239156913581482,1.328500975814345,-0.715923654875822,0.34077865585684775,-0.34077865585684775,0.34077865585684775,0.34077865585684775,-0.34077865585684775,0.34077865585684775,-2.634014446121123,-1.7077410080874316,1.413562815059461,-1.7064092844108074,1.362216210109679,-0.6891969937708419,0.3784683841897643,-0.3784843126250933,0.3784757301912387,0.3784883639024032,-0.37848085225022077,0.3784836818889785
242,4.049999999999776,-0.02352428250014782,-0.030280165374279022,0.09498608112335205,-0.09513972699642181,-0.18979842960834503,-0.13431301712989807,-0.05390609800815582,-2.7241235044546994,-1.8078015674185068,1.4388242455727183,-1.7255013534747552,1.3253376686542058,-0.7181622051613203,0.3405938047170639,-0.3405938047170639,0.3405938047170639,0.3405938047170639,-0.3405938047170639,0.3405938047170639,-2.634330334541144,-1.7076997907935545,1.4148735297592525,-1.7080289318730872,1.359175329250506,-0.6915783161276349,0.3784712412248452,-0.37847907577982465,0.3784741430866662,0.3784803869245975,-0.37847561020815057,0.3784771945083835
243,4.067999999999774,-0.013382017612457275,-0.029849445447325706,0.09263202548027039,-0.09730897843837738,-0.18575963377952576,-0.12453193962574005,-0.053258806467056274,-2.7243465380815737,-1.8082990581759624,1.4403681126640562,-1.7271231697820615,1.3222416747578802,-0.720237737488416,0.34082682967185973,-0.34082682967185973,0.34082682967185973,0.34082682967185973,-0.34082682967185973,0.34082682967185973,-2.634689951371835,-1.7076856779503695,1.41640108961393,-1.7097969519920428,1.3557696855032697,-0.694214763558096,0.37849955314621553,-0.3785017221210248,0.37850189938392814,0.3785055705525276,-0.3785007983416947,0.3785042574579597
244,4.083999999999772,-0.008667752146720886,-0.02941897138953209,0.08120401203632355,-0.09712738543748856,-0.18352624773979187,-0.11350028216838837,-0.053000204265117645,-2.7244910006173524,-1.808789374365788,1.4417215128646617,-1.728741959539353,1.319182903962217,-0.7221294088578891,0.34091992646455765,-0.34091992646455765,0.34091992646455765,0.34091992646455765,-0.34091992646455765,0.34091992646455765,-2.63501628531824,-1.7077120459029724,1.4178057190650093,-1.7113265317602635,1.352765196849375,-0.6965101761307433,0.37852484612604154,-0.3785305465298689,0.37852831075699905,0.3785340477622993,-0.3785292413718246,0.3785320883623434
245,4.0999999999997705,-0.011562783271074295,-0.028843987733125687,0.08531409502029419,-0.09599044919013977,-0.18562734127044678,-0.1171068549156189,-0.05322934314608574,-2.7246837136718702,-1.8092701074946733,1.4431434144483333,-1.7303418003591886,1.3160891149410427,-0.7240811897731494,0.3408374364674091,-0.3408374364674091,0.3408374364674091,0.3408374364674091,-0.3408374364674091,0.3408374364674091,-2.6353171314948995,-1.7076921701075138,1.4191345539875568,-1.7129114401943641,1.3497448055526777,-0.698776818412199,0.37854650884518276,-0.3785479917138044,0.3785470240271131,0.3785492010683111,-0.37854702518362043,0.37854795571393157
246,4.1179999999997685,-0.006233077496290207,-0.028461117297410965,0.08053895831108093,-0.09662574529647827,-0.18316654860973358,-0.1094917505979538,-0.05290939286351204,-2.7247875982968086,-1.8097444594496301,1.4444857304201846,-1.7319522294474632,1.3130363391308806,-0.7259060522831153,0.34095261856913567,-0.34095261856913567,0.34095261856913567,0.34095261856913567,-0.34095261856913567,0.34095261856913567,-2.635670441275825,-1.7077263502957925,1.4206950830319969,-1.7146137707599733,1.3463770633966488,-0.7012743178446109,0.37855948092000674,-0.37858036679840734,0.37856998104554296,0.37858634033564537,-0.3785746888132608,0.37858035349566727
247,4.133999999999767,-0.018419485539197922,-0.028325527906417847,0.09916120767593384,-0.09460216760635376,-0.18785014748573303,-0.12668687105178833,-0.05405184626579285,-2.725094589722462,-1.8102165515814037,1.4461384172147835,-1.7335289322409024,1.3099055033394518,-0.7280175001339785,0.3405413353443146,-0.3405413353443146,0.3405413353443146,0.3405413353443146,-0.3405413353443146,0.3405413353443146,-2.6359695925210245,-1.7077232823899635,1.4220049137693482,-1.716239646728121,1.3433632985677417,-0.7034717581043537,0.37856058316929947,-0.37855974253744706,0.37855888196040693,0.3785599622061335,-0.37855914722027656,0.37855835877733424
248,4.149999999999765,-0.0019178800284862518,-0.02792571857571602,0.07632996141910553,-0.09679952263832092,-0.1800951361656189,-0.10128061473369598,-0.05281612277030945,-2.7251265543896035,-1.8106819802243324,1.4474105832384352,-1.7351422576182078,1.3069039177366915,-0.7297055103795401,0.3409861958026886,-0.3409861958026886,0.3409861958026886,0.3409861958026886,-0.3409861958026886,0.3409861958026886,-2.63627829499342,-1.7077562451623418,1.4233693973061492,-1.7177539290278652,1.3403694489389066,-0.705628938121339,0.37858745430957486,-0.3785883291770913,0.37858960633498445,0.37859180316438434,-0.37858830248927794,0.3785916245798608
249,4.167999999999763,-0.003511086106300354,-0.02684205211699009,0.0795692652463913,-0.0955410748720169,-0.18275487422943115,-0.10384416580200195,-0.052945032715797424,-2.7251850724913753,-1.8111293477596155,1.4487367376592084,-1.736734608866075,1.303858003166201,-0.7314362464762402,0.3409397882223129,-0.3409397882223129,0.3409397882223129,0.3409397882223129,-0.3409397882223129,0.3409397882223129,-2.6365725546363117,-1.7076912140844285,1.4247573322668363,-1.719521591549168,1.3370053183462767,-0.7080035814908285,0.3786076711658681,-0.37861658024631717,0.37861263411100465,0.37862063440644156,-0.3786140723786371,0.37861755948140907
250,4.183999999999761,-0.0022965706884860992,-0.02698685973882675,0.07741335034370422,-0.0956462174654007,-0.1807595193386078,-0.09974755346775055,-0.053023561835289,-2.7252233486695165,-1.8115791287552627,1.4500269601649367,-1.7383287124904983,1.3008453445105577,-0.7330987057007027,0.34091151773929596,-0.34091151773929596,0.34091151773929596,0.34091151773929596,-0.34091151773929596,0.34091151773929596,-2.636844427654544,-1.7076819336264595,1.4260471375204513,-1.7210881951805883,1.3340276980975334,-0.710066736117696,0.3786318682933899,-0.37863200130024244,0.37863196465358523,0.3786341256924685,-0.37863146639525896,0.37863278843594683
251,4.1999999999997595,0.002210605889558792,-0.02658693492412567,0.07331684231758118,-0.09609710425138474,-0.1783810406923294,-0.09299412369728088,-0.05277709662914276,-2.7251865052380237,-1.8120222443373315,1.4512489075368964,-1.739930330894688,1.2978723271656856,-0.734648607762324,0.3410002452135086,-0.3410002452135086,0.3410002452135086,0.3410002452135086,-0.3410002452135086,0.3410002452135086,-2.6371494437192227,-1.7077656710208917,1.4274378205556397,-1.7226205082100752,1.3310553117104702,-0.712087900023643,0.3786589189937204,-0.3786553318241084,0.37865747151304124,0.3786565712182562,-0.3786553639774685,0.378656594999686
252,4.2179999999997575,0.0029733851552009583,-0.025640331208705902,0.07381172478199005,-0.09543336927890778,-0.17910036444664001,-0.0919792503118515,-0.05277938023209572,-2.72513694881877,-1.8124495831908098,1.4524791029499295,-1.7415208870493366,1.294887321091575,-0.7361815952675215,0.34099942311644554,-0.34099942311644554,0.34099942311644554,0.34099942311644554,-0.34099942311644554,0.34099942311644554,-2.637445660867538,-1.707758684548406,1.4288511493017868,-1.7243153951072847,1.327732465200384,-0.7143053891032439,0.3786669191041445,-0.37868301193351633,0.3786752359121308,0.37868821476555253,-0.3786799854912435,0.3786837825497582
253,4.233999999999756,-0.0042351000010967255,-0.025258155539631844,0.0814795196056366,-0.09350690245628357,-0.1828632950782776,-0.10004714131355286,-0.05337875336408615,-2.7252075338187884,-1.8128705524498037,1.4538370949433568,-1.743079335423608,1.291839599506937,-0.7378490476227474,0.340783648788929,-0.340783648788929,0.340783648788929,0.340783648788929,-0.340783648788929,0.340783648788929,-2.6376773358125902,-1.7076916075912068,1.4299995768692648,-1.7259328863760817,1.3247706290853014,-0.7162405833623688,0.37867773728251736,-0.37867927875595675,0.3786779399300795,0.378680787738674,-0.37867801944675217,0.3786788236677056
254,4.249999999999754,0.007445715367794037,-0.025348369032144547,0.06902924180030823,-0.0957469493150711,-0.17521820962429047,-0.08306941390037537,-0.05267350375652313,-2.7250834385626583,-1.813293025267006,1.4549875823066953,-1.7446751179121927,1.2889192960131988,-0.7392335378544204,0.3410375386476517,-0.3410375386476517,0.3410375386476517,0.3410375386476517,-0.3410375386476517,0.3410375386476517,-2.637938776917718,-1.7077249297491994,1.4312891012210909,-1.727421440115844,1.3218275064731049,-0.7181314898090628,0.3786958210577073,-0.37870250090063784,0.3787000579969523,0.37870613013554844,-0.3787009191601883,0.3787042903047779
255,4.267999999999752,0.0021447129547595978,-0.024442190304398537,0.07641009986400604,-0.0938587486743927,-0.17988479137420654,-0.09031783044338226,-0.05305682495236397,-2.725047693346746,-1.8137003951054127,1.4562610839710954,-1.7462394303900992,1.285921216156962,-0.7407388350284767,0.340899543017149,-0.340899543017149,0.340899543017149,0.340899543017149,-0.340899543017149,0.340899543017149,-2.638204834646728,-1.707711059253534,1.432644158962005,-1.7291691052393368,1.3185189817384395,-0.7202115506928228,0.3787036669393979,-0.378711762844018,0.37870766330772054,0.3787152079715123,-0.37870959237741986,0.3787121698361463
256,4.28399999999975,0.006168246269226074,-0.023998888209462166,0.0724526047706604,-0.09413585066795349,-0.17738696932792664,-0.08363278210163116,-0.052884068340063095,-2.7249448892422587,-1.8141003765755703,1.4574686273839397,-1.7478083612345652,1.2829647666681632,-0.7421327147301705,0.3409617353975773,-0.3409617353975773,0.3409617353975773,0.3409617353975773,-0.3409617353975773,0.3409617353975773,-2.6384385402683734,-1.7077092246234848,1.4338458634857059,-1.7307068812408872,1.3155936114686535,-0.7220138608530022,0.37872051368590004,-0.37872356351299297,0.3787224253558017,0.37872647277833604,-0.37872292112510203,0.37872490949091187
257,4.2999999999997485,0.009347964078187943,-0.023408982902765274,0.07004499435424805,-0.0941864624619484,-0.17604485154151917,-0.07900168001651764,-0.052720505744218826,-2.7247890898409555,-1.8144905262906164,1.4586360439565105,-1.749378135608931,1.280030685809138,-0.7434494093971125,0.3410206179320812,-0.3410206179320812,0.3410206179320812,0.3410206179320812,-0.3410206179320812,0.3410206179320812,-2.638666753573475,-1.7077110278329362,1.4350331509329155,-1.7322499723733547,1.3126674137950698,-0.7237762709535399,0.37874090669997856,-0.37874175420336975,0.37874176380746555,0.37874373053609595,-0.37874088567393516,0.3787428195942064
258,4.3179999999997465,0.012234631925821304,-0.02290545217692852,0.06769596040248871,-0.09424059092998505,-0.17458108067512512,-0.07455144822597504,-0.05259590595960617,-2.7245851793088582,-1.8148722838268985,1.4597643099632187,-1.7509488121244308,1.277121001131219,-0.744691933534212,0.3410654738545418,-0.3410654738545418,0.3410654738545418,0.3410654738545418,-0.3410654738545418,0.3410654738545418,-2.6389077711759588,-1.7076954707136331,1.4363259374965465,-1.733981518471939,1.3093929339125803,-0.7257008279262882,0.3787619193046097,-0.37876636604683067,0.3787647277408283,0.37877006225018395,-0.3787647777701037,0.3787678282775931
259,4.333999999999745,0.014095831662416458,-0.02255827933549881,0.06552651524543762,-0.0941498875617981,-0.17289189994335175,-0.07034158706665039,-0.052618931978940964,-2.7243502487811515,-1.8152482551491569,1.4608564185506427,-1.7525179769171273,1.2742394694654966,-0.7458642933186562,0.34105718448758127,-0.34105718448758127,0.34105718448758127,0.34105718448758127,-0.34105718448758127,0.34105718448758127,-2.6391185677194735,-1.7076938522034182,1.4374730387547214,-1.7355060333319818,1.3065011475786916,-0.7273587186107816,0.3787816236081969,-0.37878371560917995,0.3787828922855835,0.37878648252654096,-0.37878311226716654,0.3787848612631574
260,4.349999999999743,0.01599060371518135,-0.021975990384817123,0.0645509660243988,-0.093935027718544,-0.1722555160522461,-0.06741152703762054,-0.0525333434343338,-2.724083738719232,-1.8156145216555706,1.4619322679843827,-1.7540835607124363,1.2713685441979592,-0.7469878187692832,0.34108799636363984,-0.34108799636363984,0.34108799636363984,0.34108799636363984,-0.34108799636363984,0.34108799636363984,-2.6393239480452415,-1.7077034594227218,1.4386120024199371,-1.7370400819454535,1.3036104903469024,-0.7289726416903678,0.37880269128219374,-0.378803423361843,0.3788032959379937,0.37880531050119204,-0.3788022330580308,0.37880415188149064
261,4.367999999999741,0.01847512647509575,-0.021440066397190094,0.06272579729557037,-0.0938861221075058,-0.1710062026977539,-0.06356184184551239,-0.05243513733148575,-2.7237758199446467,-1.8159718560955238,1.4629776979393088,-1.755648329414228,1.2685184408196633,-0.7480471828000418,0.3411233505606651,-0.3411233505606651,0.3411233505606651,0.3411233505606651,-0.3411233505606651,0.3411233505606651,-2.639540643490553,-1.7076934065760567,1.4398431343864149,-1.7387568636749986,1.300378594074961,-0.7307278428494691,0.37882326891684964,-0.3788280635823386,0.37882619882346247,0.37883184810938386,-0.3788263403187222,0.3788294581485201
262,4.383999999999739,0.019704651087522507,-0.020989255979657173,0.06145119294524193,-0.09359459578990936,-0.16991016268730164,-0.060402825474739075,-0.05249108746647835,-2.723447409093188,-1.816321677028518,1.4640018844883962,-1.7572082393440598,1.265686604774875,-0.7490538965579541,0.34110320851206777,-0.34110320851206777,0.34110320851206777,0.34110320851206777,-0.34110320851206777,0.34110320851206777,-2.6397313583270874,-1.7077043475520344,1.4409406501270088,-1.740274711610706,1.2975246869135273,-0.7322346616769243,0.378842272376919,-0.37884432979503335,0.37884347915841526,0.3788470667749671,-0.3788435352107999,0.37884537202765955
263,4.3999999999997375,0.02170952782034874,-0.020363720133900642,0.06042196974158287,-0.09337745606899261,-0.16920718550682068,-0.05739951133728027,-0.05240209028124809,-2.7230855836295156,-1.816661072364083,1.4650089173174226,-1.758764530278543,1.262866485016428,-0.7500105550802421,0.3411352474987507,-0.3411352474987507,0.3411352474987507,0.3411352474987507,-0.3411352474987507,0.3411352474987507,-2.6399170142605928,-1.7077138637137834,1.4420142876221271,-1.7417907979881642,1.2946741452532586,-0.733696280369342,0.3788614314654074,-0.37886295614282,0.3788624139719141,0.37886504202810395,-0.3788619944912423,0.37886379643989804
264,4.4179999999997355,0.02325255796313286,-0.019694572314620018,0.059872131794691086,-0.09302935004234314,-0.16891978681087494,-0.05504123866558075,-0.052345987409353256,-2.722698040996797,-1.8169893152359933,1.4660067861806674,-1.7603150194459154,1.2600511552362468,-0.7509279090580018,0.3411554445326328,-0.3411554445326328,0.3411554445326328,0.3411554445326328,-0.3411554445326328,0.3411554445326328,-2.6401144119196864,-1.7077117259120167,1.443183224262766,-1.7434912335433899,1.2914860425905497,-0.7352819469491723,0.37887906551159695,-0.37888482697718934,0.378882349123787,0.3788886403205537,-0.37888336417522217,0.37888618463607954
265,4.433999999999734,0.023726511746644974,-0.019153175875544548,0.059756722301244736,-0.09251786023378372,-0.16864356398582458,-0.05314336717128754,-0.052433647215366364,-2.722302599134353,-1.817308534833919,1.4670027315523548,-1.761856983783145,1.2572404291698163,-0.7518136318441899,0.3411238870024681,-0.3411238870024681,0.3411238870024681,0.3411238870024681,-0.3411238870024681,0.3411238870024681,-2.6402902007394244,-1.7077281451486712,1.444222982199389,-1.7449926923364472,1.2886698810715314,-0.7366412903963016,0.378893592365211,-0.37889783679226313,0.37889574012249716,0.3789006601551305,-0.37889713074143905,0.37889873040270544
266,4.449999999999732,0.02460918202996254,-0.018491849303245544,0.060081224888563156,-0.09204600006341934,-0.16884231567382812,-0.051738426089286804,-0.05241025984287262,-2.72189244610052,-1.8176167323223065,1.4680040853004976,-1.763391083784202,1.2544263905752524,-0.7526759389456781,0.34113230645656584,-0.34113230645656584,0.34113230645656584,0.34113230645656584,-0.34113230645656584,0.34113230645656584,-2.6404545174683816,-1.7077289742697441,1.4452199682704407,-1.746493591413212,1.2858551339681503,-0.7379599345389399,0.37890333703404017,-0.3789120284101422,0.3789076414766317,0.37891467611719043,-0.37890963409568224,0.3789120612344025
267,4.46799999999973,0.02243708446621895,-0.01826486922800541,0.06290976703166962,-0.09128879755735397,-0.17009544372558594,-0.05362507700920105,-0.05264793336391449,-2.7215184946927495,-1.8179211468094398,1.4690525814176922,-1.7649125637434913,1.2515914665131593,-0.7535696902291648,0.34104674398899076,-0.34104674398899076,0.34104674398899076,0.34104674398899076,-0.34104674398899076,0.34104674398899076,-2.6406225545143367,-1.7077028337092564,1.4462826025117228,-1.748200486496473,1.2827011144020513,-0.7393968340411943,0.37890109904380753,-0.3789157974615521,0.3789081248788501,0.37892002978438133,-0.37891158524362645,0.3789152890779039
268,4.483999999999728,0.02354101464152336,-0.018009858205914497,0.0693756639957428,-0.09186515212059021,-0.16918718814849854,-0.05472978949546814,-0.05277841538190842,-2.721126144448724,-1.8182213111128718,1.4702088424842878,-1.7664436496121678,1.2487716800440176,-0.7544818533874226,0.34099977046251295,-0.34099977046251295,0.34099977046251295,0.34099977046251295,-0.34099977046251295,0.34099977046251295,-2.6407749392176374,-1.7077027153116286,1.4472428560968729,-1.7497244442459847,1.2799066367719851,-0.7406364006399516,0.378909565628756,-0.3789120915026866,0.37891090142336004,0.37891473540950554,-0.37891122029799845,0.37891295220534854
269,4.499999999999726,0.03305680677294731,-0.017123747617006302,0.05313490703701973,-0.09228576719760895,-0.16355976462364197,-0.03871271014213562,-0.05201737582683563,-2.720575197669175,-1.8185067069064886,1.4710944242682382,-1.767981745732128,1.246045683966957,-0.7551270652231248,0.3412737447023392,-0.3412737447023392,0.3412737447023392,0.3412737447023392,-0.3412737447023392,0.3412737447023392,-2.640932055335368,-1.7077325657007307,1.4482304810471205,-1.7512166264135893,1.2771216017870954,-0.7418279408338758,0.37893786779092237,-0.37893860390673073,0.3789394706071836,0.37894159689866486,-0.3789376736994295,0.37894097358333295
270,4.5179999999997245,0.03433537110686302,-0.016337545588612556,0.0527113638818264,-0.09177697449922562,-0.16368894279003143,-0.036665163934230804,-0.05200810357928276,-2.7200029414840605,-1.8187789993329655,1.471972946999602,-1.769511361973782,1.2433175349204564,-0.7557381512886953,0.3412770827114582,-0.3412770827114582,0.3412770827114582,0.3412770827114582,-0.3412770827114582,0.3412770827114582,-2.6410919198548353,-1.7077314644221868,1.4492783892063967,-1.752883080157249,1.2740101218523037,-0.7431081577405583,0.3789579856782667,-0.37896812397314716,0.3789634425567895,0.3789724745698254,-0.3789659497665546,0.37896924350067857
271,4.533999999999723,0.03210531547665596,-0.01592240110039711,0.05552658811211586,-0.09078050404787064,-0.16525816917419434,-0.038202255964279175,-0.05226798355579376,-2.719467852892783,-1.8190443726846388,1.4728983901348038,-1.7710243703745798,1.2405632321008864,-0.7563748555547666,0.34118352591991424,-0.34118352591991424,0.34118352591991424,0.34118352591991424,-0.34118352591991424,0.34118352591991424,-2.6412128606302,-1.7076855167678555,1.4501269613036953,-1.7544112968997354,1.2712573571488073,-0.744198860232403,0.3789758685411788,-0.37898016634082926,0.3789777852419072,0.3789827836638937,-0.37897869778024906,0.3789803976349277
272,4.549999999999721,0.039546605199575424,-0.015526081435382366,0.047777000814676285,-0.09187357127666473,-0.15981535613536835,-0.0279102623462677,-0.051783639937639236,-2.7188087428061234,-1.8193031407085618,1.4736946734817151,-1.7725555965625241,1.2378996428319635,-0.7568400265938711,0.34135788962244984,-0.34135788962244984,0.34135788962244984,0.34135788962244984,-0.34135788962244984,0.34135788962244984,-2.641353505477277,-1.7077234975031046,1.4510777222305855,-1.7558917134774175,1.2685132285898053,-0.7452383325377425,0.37900719628914886,-0.37900852310189415,0.3790085399392877,0.3790112099796654,-0.3790075058106878,0.37901013825837704
273,4.567999999999719,0.04073521867394447,-0.014643525704741478,0.04784629866480827,-0.09125909209251404,-0.16029763221740723,-0.026160113513469696,-0.051756784319877625,-2.718129822494891,-1.8195471994703074,1.4744921117927952,-1.7740765814307327,1.2352280156283402,-0.7572760284857623,0.34136755764484406,-0.34136755764484406,0.34136755764484406,0.34136755764484406,-0.34136755764484406,0.34136755764484406,-2.6415013984840856,-1.7077433001195164,1.4520912242079989,-1.7575488368130352,1.265448887713402,-0.7463461861645168,0.3790326826283557,-0.37904033476073357,0.3790368555256273,0.37904434127604153,-0.37903870632905096,0.379041597806422
274,4.583999999999717,0.0395476259291172,-0.014030955731868744,0.049788739532232285,-0.09033052623271942,-0.16151732206344604,-0.026547998189926147,-0.051946334540843964,-2.7174706953960723,-1.8197810487325052,1.4753219241183324,-1.775582090201278,1.2325360602606161,-0.757718495122261,0.34129931956529613,-0.34129931956529613,0.34129931956529613,0.34129931956529613,-0.34129931956529613,0.34129931956529613,-2.641606542314792,-1.7076956567657244,1.4528744515355272,-1.7590646000249344,1.2627410258517944,-0.7472812280768073,0.3790535807664018,-0.37905836652670655,0.3790558778993976,0.37906113477729203,-0.37905672715920086,0.3790587162871198
275,4.599999999999715,0.04567751660943031,-0.013712633401155472,0.04307010397315025,-0.09122832864522934,-0.15656358003616333,-0.01775139570236206,-0.051572684198617935,-2.716709403452582,-1.8200095926225246,1.4760397591845515,-1.7771025623453651,1.2299266672600133,-0.7580143517173004,0.34143383368849756,-0.34143383368849756,0.34143383368849756,0.34143383368849756,-0.34143383368849756,0.34143383368849756,-2.6417351508929086,-1.7077370312032139,1.4537673463530227,-1.7605288174233298,1.2600417043741265,-0.748163852104476,0.3790851552212628,-0.3790870073599059,0.37908658370979964,0.3790896468145685,-0.3790862680213117,0.3790884846229271
276,4.6179999999997134,0.04608200117945671,-0.012752117589116096,0.044296298176050186,-0.09037195146083832,-0.15792685747146606,-0.017160564661026,-0.05158398300409317,-2.715941370099591,-1.8202221279156765,1.4767780308208192,-1.778608761536379,1.2272945529688222,-0.7583003611283174,0.34142976611852643,-0.34142976611852643,0.34142976611852643,0.34142976611852643,-0.34142976611852643,0.34142976611852643,-2.6418555582108487,-1.7077248089267953,1.4546651486764346,-1.762170938593645,1.2570287079084208,-0.7490971983245082,0.3791041578119832,-0.3791196155273212,0.37911200790399474,0.37912428492524486,-0.3791157938076958,0.3791198459417906
277,4.633999999999712,0.03624873235821724,-0.013455260545015335,0.05373713746666908,-0.08873182535171509,-0.16245216131210327,-0.026801906526088715,-0.05253683775663376,-2.715337224560287,-1.8204463822580934,1.477673649778597,-1.7800876252922408,1.2245870169469537,-0.7587470595704189,0.34108673840761183,-0.34108673840761183,0.34108673840761183,0.34108673840761183,-0.34108673840761183,0.34108673840761183,-2.641963022870992,-1.7077324336581465,1.4554586162443601,-1.7636797058961875,1.2543580881301652,-0.7498901585553622,0.3791014010430833,-0.37910508824907735,0.3791020051897246,0.3791065924770913,-0.3791040726233212,0.3791040324086324
278,4.64999999999971,0.05126101151108742,-0.011764828115701675,0.040060777217149734,-0.0903766006231308,-0.1543552279472351,-0.009056366980075836,-0.05131891369819641,-2.7144828743684357,-1.8206424627266884,1.4783413293988827,-1.781593901969293,1.2220144298144997,-0.7588979990200868,0.34152519106864926,-0.34152519106864926,0.34152519106864926,0.34152519106864926,-0.34152519106864926,0.34152519106864926,-2.642062096018922,-1.7077221386296328,1.4562207028955485,-1.765116869497456,1.251700112295301,-0.7506314793659715,0.3791295919194711,-0.37914100809215284,0.3791367789463867,0.3791455486571822,-0.379137800907391,0.37914302150881696
279,4.667999999999708,0.04073904827237129,-0.012231023982167244,0.05093085393309593,-0.08840698003768921,-0.16069570183753967,-0.020381197333335876,-0.052299853414297104,-2.713803890230563,-1.8208463131263912,1.4791901769644344,-1.7830673516365878,1.2193361681172075,-0.7592376856423091,0.34117205277085305,-0.34117205277085305,0.34117205277085305,0.34117205277085305,-0.34117205277085305,0.34117205277085305,-2.6421724254398424,-1.7077298859786803,1.4570725414210164,-1.7668078827448104,1.2487177780755916,-0.7514229489255584,0.3791285610278212,-0.37913479299323793,0.3791309760870208,0.3791374544918089,-0.3791327028240333,0.3791343241742599
280,4.683999999999706,0.05535079166293144,-0.010653153993189335,0.036826249212026596,-0.09001385420560837,-0.15198029577732086,-0.0022946447134017944,-0.05118430778384209,-2.712881377036181,-1.8210238656929443,1.479803947784635,-1.7845675825400147,1.2168031631875855,-0.7592759297208658,0.34157364919781685,-0.34157364919781685,0.34157364919781685,0.34157364919781685,-0.34157364919781685,0.34157364919781685,-2.6422699094226623,-1.7077438591719507,1.4578307716198153,-1.7682288565814557,1.2460939136652922,-0.7520690988358864,0.3791618590109572,-0.37917162004644467,0.3791681863323196,0.3791765402073578,-0.37916966806936564,0.3791742017619682
281,4.699999999999704,0.049093443900346756,-0.010294200852513313,0.044594522565603256,-0.08824365586042404,-0.15732595324516296,-0.009415097534656525,-0.05173852667212486,-2.712063152971175,-1.821195435707153,1.480547189827395,-1.7860383101376884,1.214181063966833,-0.7594328480131101,0.34137413039803505,-0.34137413039803505,0.34137413039803505,0.34137413039803505,-0.34137413039803505,0.34137413039803505,-2.6423581261348303,-1.7077445738376016,1.4585375479757152,-1.7697321685507617,1.2434681023166365,-0.7526743415246793,0.37918221287508613,-0.3791849238528435,0.3791831020272741,0.37918638868858556,-0.3791834123753459,0.37918459287399653
282,4.717999999999702,0.06023162975907326,-0.009293966926634312,0.03316979482769966,-0.08960229158401489,-0.14982132613658905,0.004766277968883514,-0.05094372481107712,-2.7110592924751904,-1.8213503351559301,1.4811000197411899,-1.7875316816640887,1.2116840418645565,-0.759353410046962,0.34166025906801223,-0.34166025906801223,0.34166025906801223,0.34166025906801223,-0.34166025906801223,0.34166025906801223,-2.6424439065833756,-1.7077094190622382,1.4592773094817943,-1.7713455420585078,1.2405432250292447,-0.753289978199741,0.37921707690198125,-0.37923279678861604,0.3792256650861378,0.379238110375926,-0.3792287872575726,0.37923381617445173
283,4.733999999999701,0.05257057771086693,-0.009447450749576092,0.049309585243463516,-0.08872699737548828,-0.15545737743377686,-0.0071486011147499084,-0.05174766108393669,-2.7101831161800094,-1.821507792668423,1.4819218461619144,-1.7890104649536802,1.2090930855739934,-0.7594725533988745,0.3413708420097828,-0.3413708420097828,0.3413708420097828,0.3413708420097828,-0.3413708420097828,0.3413708420097828,-2.6425367362771293,-1.7077563538970462,1.4600162816787638,-1.7728167522138998,1.2379543503733736,-0.7537975806841879,0.3792352841057558,-0.3792381806594989,0.37923573922018267,0.3792399352693988,-0.37923754497650186,0.37923771056050026
284,4.749999999999699,0.06351099908351898,-0.008018534630537033,0.03144014999270439,-0.08888506889343262,-0.14869067072868347,0.010157696902751923,-0.05081699788570404,-2.7091245995286175,-1.8216414349122654,1.4824458486617929,-1.7904918827685707,1.2066149077285153,-0.7593032584504953,0.34170588076114655,-0.34170588076114655,0.34170588076114655,0.34170588076114655,-0.34170588076114655,0.34170588076114655,-2.642601310930332,-1.7077112987788154,1.460609783737313,-1.774284565202207,1.2353769745521623,-0.7542504611531446,0.37927646257266495,-0.3792808741627054,0.3792798813884794,0.3792842849662718,-0.379278730793836,0.3792827569264041
285,4.767999999999697,0.06715576350688934,-0.007560009136795998,0.027093004435300827,-0.08905136585235596,-0.14582905173301697,0.015817053616046906,-0.05066410079598427,-2.708005336803503,-1.8217674350645454,1.4828973987357146,-1.7919760721994433,1.204184423532965,-0.7590396408902278,0.34176092371344563,-0.34176092371344563,0.34176092371344563,0.34176092371344563,-0.34176092371344563,0.34176092371344563,-2.6426979327456728,-1.7077690894110977,1.4614152908880673,-1.7758852474677624,1.232503280332267,-0.7546913467345459,0.3793228405044345,-0.3793288879359581,0.379326366045649,0.3793329996532764,-0.37932780831028146,0.3793306538174872
286,4.783999999999695,0.06534376740455627,-0.006653282791376114,0.030761968344449997,-0.0877472311258316,-0.1487092226743698,0.014201104640960693,-0.05087333917617798,-2.7069162740134267,-1.8218783231110685,1.483410098208122,-1.7934385260515404,1.2017059364883922,-0.7588029558128785,0.34168559789657593,-0.34168559789657593,0.34168559789657593,0.34168559789657593,-0.34168559789657593,0.34168559789657593,-2.642759842938663,-1.7077477664761567,1.4619873234345877,-1.7773573335955353,1.2299709937369783,-0.7550295116871625,0.37935586913540853,-0.37936082588685854,0.3793580755456812,0.3793634433118858,-0.379359126393084,0.3793609622963402
287,4.799999999999693,0.07111725211143494,-0.0062227752059698105,0.02397400140762329,-0.08837839961051941,-0.143733412027359,0.022500701248645782,-0.05054091662168503,-2.705730986478236,-1.821982036031168,1.483809664898249,-1.7949114993783823,1.1993103796212696,-0.758427944125401,0.3418052700161934,-0.3418052700161934,0.3418052700161934,0.3418052700161934,-0.3418052700161934,0.3418052700161934,-2.642812668559003,-1.7077010909836017,1.4625154756586163,-1.7788030598871376,1.2274488708018292,-0.7553091685516721,0.3793958548675633,-0.3794016410011515,0.37939918530043026,0.3794046739056163,-0.3793998298221794,0.37940256003378503
288,4.817999999999691,0.0735081136226654,-0.005629178136587143,0.02199433371424675,-0.08814236521720886,-0.1425931751728058,0.026118267327547073,-0.05040416121482849,-2.7045058512511915,-1.8220758556667778,1.48417623712682,-1.796380538798669,1.1969338267017229,-0.7579926396699419,0.3418545019626617,-0.3418545019626617,0.3418545019626617,0.3418545019626617,-0.3418545019626617,0.3418545019626617,-2.642897755234801,-1.7077801216079693,1.4632652134427073,-1.780398864122998,1.2246371534395302,-0.7555562403954343,0.37944250306598987,-0.37944730494346574,0.37944518211872746,0.37945105134303947,-0.37944618947501535,0.3794488039471632
289,4.83399999999969,0.07249943912029266,-0.004670093767344952,0.024723194539546967,-0.08699726313352585,-0.14474394917488098,0.02554721012711525,-0.05058865249156952,-2.7032975272658533,-1.8221536905629,1.4845882903691456,-1.797830493184228,1.1945214275488083,-0.75756685283449,0.34178808510303493,-0.34178808510303493,0.34178808510303493,0.34178808510303493,-0.34178808510303493,0.34178808510303493,-2.642947380936817,-1.7077612712159786,1.4637576583219665,-1.7818569878085841,1.2221612506266963,-0.7557217000414116,0.3794735372626622,-0.37947892466251437,0.3794760617848029,0.3794815883355478,-0.3794771124108425,0.37947911183670835
290,4.849999999999688,0.07754510641098022,-0.004237370565533638,0.01867043599486351,-0.08744384348392487,-0.14031118154525757,0.032935697585344315,-0.05032031983137131,-2.7020051088256705,-1.822224313405659,1.4848994643023934,-1.7992878905756267,1.1921829078563873,-0.7570179245414009,0.34188468486070633,-0.34188468486070633,0.34188468486070633,0.34188468486070633,-0.34188468486070633,0.34188468486070633,-2.642989951755304,-1.7077223508477697,1.4642090086568507,-1.7832921823550107,1.2196952644142298,-0.7558285137259995,0.3795109502964246,-0.3795167385883263,0.3795142252562634,0.3795196967289128,-0.37951500643559,0.37951758461583557
291,4.867999999999686,0.07991331815719604,-0.0036237481981515884,0.01672719046473503,-0.08717773854732513,-0.13920480012893677,0.03648843988776207,-0.05018913373351097,-2.7006732201897172,-1.8222847092089616,1.485178250810139,-1.8007408528847488,1.1898628278542382,-0.7564097838766048,0.341931911855936,-0.341931911855936,0.341931911855936,0.341931911855936,-0.341931911855936,0.341931911855936,-2.6430339446985913,-1.7076914457519403,1.4647184011477266,-1.7848966433110802,1.2169472649159214,-0.7558822384384284,0.3795525975011374,-0.3795608910162454,0.3795570603484412,0.3795650415645195,-0.3795588084065685,0.3795620222968461
292,4.883999999999684,0.08090612292289734,-0.003086041659116745,0.0162745863199234,-0.08671866357326508,-0.13879385590553284,0.03879094496369362,-0.05021318048238754,-2.699324784807669,-1.8223361432366134,1.485449493915471,-1.8021861639443033,1.1875495969224794,-0.75576326812721,0.34192325502634047,-0.34192325502634047,0.34192325502634047,0.34192325502634047,-0.34192325502634047,0.34192325502634047,-2.643092808771418,-1.7077992897728114,1.4653170199899468,-1.786302901584156,1.2145275993838567,-0.755872538391439,0.37959080463431816,-0.3795929269811012,0.37959174329362283,0.3795955415822977,-0.37959230116072673,0.3795938761444888
293,4.899999999999682,0.08171874284744263,-0.001968422904610634,0.017322663217782974,-0.08582814782857895,-0.13997331261634827,0.039901360869407654,-0.050227247178554535,-2.6979628057602114,-1.8223689502850235,1.4857382049691008,-1.8036166330747796,1.1852167083788736,-0.7550982454460532,0.34191819101572035,-0.34191819101572035,0.34191819101572035,0.34191819101572035,-0.34191819101572035,0.34191819101572035,-2.643126867278606,-1.70778743520931,1.4656953264085792,-1.7877483105255207,1.2121184278139205,-0.7558090572699172,0.3796199992051959,-0.37962489146818656,0.3796224433297809,0.37962702888005934,-0.3796227760559418,0.37962496604756407
294,4.91799999999968,0.08636045455932617,-0.0015234798192977905,0.011481426656246185,-0.08614663034677505,-0.13581319153308868,0.046807315200567245,-0.05000924691557884,-2.6965234648508893,-1.8223943416153452,1.4859295620800383,-1.8050524102472258,1.1829531551866554,-0.7543181235260438,0.3419966711103916,-0.3419966711103916,0.3419966711103916,0.3419966711103916,-0.3419966711103916,0.3419966711103916,-2.643159435397704,-1.7077538842575732,1.4660742783161353,-1.789344436170887,1.2094326158817887,-0.7556721360269043,0.37965654930139436,-0.37966530189215597,0.37966145717827116,0.37966964982039403,-0.3796631707702001,0.3796665824598458
295,4.933999999999679,0.08784216642379761,-0.0010900702327489853,0.009955096989870071,-0.08585277199745178,-0.1346558779478073,0.04987926036119461,-0.050010599195957184,-2.695059428743826,-1.8224125094525576,1.486095480363203,-1.8064832897805168,1.180708890554192,-0.7534868025200239,0.3419961842894554,-0.3419961842894554,0.3419961842894554,0.3419961842894554,-0.3419961842894554,0.3419961842894554,-2.6431861656706106,-1.7077335293906943,1.4664077548543641,-1.7907515702192887,1.2070695227383657,-0.7554926879794657,0.37969039348279043,-0.37969642313559554,0.37969347125726527,0.37969966831614543,-0.37969518887285103,0.37969726830527395
296,4.949999999999677,0.0898643434047699,-0.0003996361047029495,0.008827492594718933,-0.08545787632465363,-0.1341496706008911,0.05275480076670647,-0.04988057166337967,-2.6935616896870798,-1.8224191700543027,1.4862426052397817,-1.807907587719261,1.178473062710844,-0.7526075558405788,0.3420429942011833,-0.3420429942011833,0.3420429942011833,0.3420429942011833,-0.3420429942011833,0.3420429942011833,-2.6432104905100666,-1.7077245608631264,1.4667342876391116,-1.7921606988398662,1.2047168312761884,-0.755255684404427,0.3797251698006609,-0.37973017125670594,0.3797277355027049,0.3797325623278174,-0.3797285093601106,0.3797306443221171
297,4.967999999999675,0.0919644683599472,0.0003134533762931824,0.007546868175268173,-0.08507189154624939,-0.1335381716489792,0.05575419217348099,-0.04976937919855118,-2.692028948547747,-1.8224139458313644,1.4863683863760362,-1.809325452578365,1.1762474265166942,-0.7516783193043541,0.34208302348852154,-0.34208302348852154,0.34208302348852154,0.34208302348852154,-0.34208302348852154,0.34208302348852154,-2.6432340791671125,-1.707724279947997,1.4670816623704033,-1.7937415820396443,1.2020947090894258,-0.7549267343036178,0.37976151551256704,-0.37976959167495905,0.3797658354080371,0.3797733589836348,-0.37976738121043296,0.37977048177892325
298,4.983999999999673,0.09325256943702698,0.0008509345352649689,0.006593842059373856,-0.08469751477241516,-0.13273437321186066,0.05840075761079788,-0.04980066418647766,-2.69047473905713,-1.82239976358911,1.4864782837436925,-1.810737077824572,1.1740351869631631,-0.7507049733441742,0.342071760892868,-0.342071760892868,0.342071760892868,0.342071760892868,-0.342071760892868,0.342071760892868,-2.643252319528637,-1.7077297588374414,1.4673653649344816,-1.795139369327004,1.1997865822419025,-0.7545798195266091,0.37979299943234573,-0.3797988322949432,0.37979591980688043,0.37980176574046814,-0.37979749609541696,0.37979945363345613
299,4.999999999999671,0.09557446837425232,0.0015599876642227173,0.004925627261400223,-0.08436217904090881,-0.1318022757768631,0.06171048805117607,-0.04967867583036423,-2.688881831250893,-1.8223737637947064,1.4865603775313825,-1.8121431141419204,1.1718384823668822,-0.7496764652099879,0.34211567670106885,-0.34211567670106885,0.34211567670106885,0.34211567670106885,-0.34211567670106885,0.34211567670106885,-2.64326811224847,-1.707738384198006,1.4676214812940946,-1.7965385099579843,1.1974876412583495,-0.7541768647481514,0.3798255661191833,-0.37983050347041536,0.37982813449945374,0.37983284046510557,-0.37982886675873184,0.37983096121267385
