step,sim_time,action_0,action_1,action_2,action_3,action_4,action_5,action_6,action_7,action_8,action_9,action_10,action_11,action_12,action_13,action_14,action_15,action_16,action_17,action_18,action_19,action_20,action_21,action_22,target_0,target_1,target_2,target_3,target_4,target_5,target_6,target_7,target_8,target_9,target_10,target_11,target_12,target_13,target_14,target_15,target_16,target_17,target_18,target_19,target_20,target_21,target_22
0,0.018000000000000002,1.0,0.93345165,1.0,-1.0,-1.0,-1.0,-1.0,1.0,1.0,0.29455703,-1.0,-0.25103346,-1.0,1.0,-1.0,-1.0,0.5479847,1.0,1.0,-1.0,0.32271346,-1.0,0.65177643,0.1667,0.5156064,0.1667,1.1733,-0.1667,1.2633,1.4041,0.57,1.71,1.0742811,-0.327,-0.14308907,-0.296,1.809,-0.327,-0.57,1.2566286,1.809,1.718,0.36357,0.67789674,-0.2897,1.4573901
1,0.034000000000000016,1.0,1.0,1.0,-0.31684145,0.3799244,-1.0,-0.12280451,1.0,1.0,0.52188903,-1.0,0.22201067,-1.0,1.0,-1.0,-1.0,-0.30891272,0.6688885,1.0,-1.0,-0.05558433,-1.0,-0.5574059,0.3334,0.6823064,0.3334,1.1204826,-0.103366606,1.0966,1.3836285,0.57,1.71,1.3110474,-0.327,0.12654608,-0.296,1.809,-0.327,-0.57,0.39716053,1.4641473,1.718,0.36357,0.42537484,-0.2897,0.19856481
2,0.05200000000000003,1.0,1.0,1.0,-0.17019753,0.77304655,-1.0,1.0,1.0,1.0,0.53280926,-1.0,0.77195287,-1.0,1.0,-1.0,0.2445926,-0.39840394,0.2245753,1.0,-1.0,0.6345471,-1.0,-0.33111912,0.5001,0.8490064,0.5001,1.0921106,0.025500257,0.9299,1.5503285,0.57,1.71,1.3224208,-0.327,0.44001314,-0.296,1.809,-0.327,0.13941778,0.30740085,1.0013952,1.718,0.36357,0.88605237,-0.2897,0.43414178
3,0.06800000000000005,1.0,1.0,1.0,-0.44574705,0.27193293,-1.0,0.72979975,1.0,0.9984061,0.68101645,-1.0,0.30149361,-1.0,1.0,-1.0,0.6866141,0.006069186,-0.21741985,1.0,-1.0,1.0,-1.0,0.13183385,0.6668,1.0157064,0.6668,1.0178046,0.07083148,0.7632,1.6719861,0.57,1.7084013,1.4767786,-0.327,0.17185137,-0.296,1.809,-0.327,0.39137003,0.7130874,0.5410572,1.718,0.36357,1.13,-0.2897,0.9161013
4,0.08400000000000006,1.0,1.0,1.0,-0.96526444,0.38616505,-1.0,0.2672757,1.0,0.60667324,0.19212979,-0.88033944,0.23237905,-1.0,1.0,-0.81637764,0.57270473,0.65838933,-0.5833233,1.0,-1.0,0.9221388,-1.0,0.30458543,0.8335,1.1824064,0.8335,0.85689497,0.1352052,0.5965,1.7165409,0.57,1.3154932,0.9676032,-0.20464708,0.13245606,-0.296,1.809,-0.13924614,0.3264417,1.3673645,0.15996878,1.718,0.36357,1.0780259,-0.2897,1.0959452
5,0.10200000000000008,1.0,1.0,0.73476934,-1.0,0.6255774,-1.0,-0.3838962,1.0,0.4773293,-0.34198958,-0.923588,0.59587574,-1.0,1.0,-0.48810402,0.29633892,0.9119612,-0.7642892,1.0,-1.0,0.9602965,-1.0,0.48602545,1.0002,1.3491064,0.955986,0.69019496,0.23948894,0.4298,1.6525455,0.57,1.1857613,0.41131786,-0.2488687,0.33964917,-0.296,1.809,0.19641365,0.16891319,1.6216971,-0.028507203,1.718,0.36357,1.103497,-0.2897,1.2848343
6,0.11800000000000009,1.0,1.0,-0.04821434,-1.0,0.6967291,-1.0,-0.97508067,1.0,0.6461503,-0.39592382,-1.0,1.0,-1.0,1.0,-0.3455054,-0.014534859,0.9356559,-0.6092281,1.0,-1.0,1.0,-1.0,0.5356626,1.1669,1.5158064,0.9479487,0.52349496,0.35563368,0.2631,1.4899995,0.57,1.3550887,0.35514534,-0.327,0.57,-0.296,1.809,0.34222075,-0.00828487,1.6454629,0.13298896,1.718,0.36357,1.13,-0.2897,1.3365092
7,0.1340000000000001,1.0,1.0,-0.24801685,-1.0,0.6860086,-1.0,-0.89518315,1.0,0.51315963,-0.39796,-0.9497644,1.0,-1.0,1.0,-0.35604885,-0.19802245,0.8888302,-0.5200309,1.0,-1.0,1.0,-1.0,0.34590137,1.3336,1.6825064,0.9066043,0.35679498,0.46999133,0.0964,1.3407725,0.57,1.2216991,0.35302466,-0.27563408,0.57,-0.296,1.809,0.33144006,-0.1128728,1.5984967,0.2258878,1.718,0.36357,1.13,-0.2897,1.1389574
8,0.1520000000000001,1.0,1.0,-0.5744438,-0.9586746,0.41283083,-1.0,-0.986083,1.0,0.34527507,-0.5470365,-0.8746138,1.0,-1.0,0.5881073,-0.29543242,-0.38464257,0.92831653,-0.51310426,1.0,-1.0,1.0,-1.0,0.17271042,1.5003,1.8492064,0.81084454,0.19698393,0.5388102,-0.0703,1.1763924,0.57,1.0533109,0.19776146,-0.19879264,0.57,-0.296,1.3800137,0.39342034,-0.21924627,1.6381015,0.23310192,1.718,0.36357,1.13,-0.2897,0.9586561
9,0.16800000000000012,1.0,1.0,0.009517834,-1.0,0.3576507,-1.0,-0.56990606,1.0,0.04217017,-0.6432704,-0.93003196,1.0,-1.0,0.5699448,-0.30839416,-0.293835,1.0,-0.705159,1.0,-1.0,1.0,-1.0,0.007731976,1.667,2.0159063,0.81243116,0.03028393,0.5984306,-0.237,1.0813891,0.57,0.74929667,0.097533904,-0.25545767,0.57,-0.296,1.3610975,0.38016698,-0.16748595,1.71,0.033076894,1.718,0.36357,1.13,-0.2897,0.7869044
10,0.18400000000000014,1.0,1.0,-0.23265699,-1.0,0.2591632,-1.0,-0.6434453,1.0,-0.20174348,-0.8449247,-0.72543603,1.0,-1.0,0.46434438,-0.26957533,-0.26230088,0.8808514,-0.8831628,1.0,-1.0,1.0,-1.0,-0.06411511,1.8337,2.0933,0.77364725,-0.13641608,0.6416331,-0.4037,0.97412676,0.57,0.5046513,-0.11248906,-0.04625834,0.57,-0.296,1.2511147,0.41985923,-0.1495115,1.5904939,-0.15231405,1.718,0.36357,1.13,-0.2897,0.71210766
11,0.20200000000000015,1.0,1.0,0.2490506,-1.0,0.3137407,-1.0,-0.34601885,1.0,-0.2274664,-0.807135,-0.6662913,1.0,-1.0,0.5661974,-0.25433418,-0.068044096,0.842297,-1.0,1.0,-1.0,1.0,-1.0,-0.235107,2.0004,2.0933,0.81516397,-0.30311608,0.69393367,-0.5704,0.91644543,0.57,0.4788512,-0.073131084,0.0142171495,0.57,-0.296,1.3571945,0.4354433,-0.038785134,1.5518239,-0.274,1.718,0.36357,1.13,-0.2897,0.5340957
12,0.21800000000000017,1.0,1.0,0.76001763,-0.90564114,0.38438675,-1.0,-0.04455136,0.92904454,-0.015453752,-0.65638614,-0.6877683,0.8789648,-1.0,0.90693957,-0.22336939,0.30383936,0.92573357,-1.0,1.0,-1.0,1.0,-1.0,-0.2716173,2.1671,2.0933,0.9418589,-0.45408645,0.7580109,-0.7371,0.90901875,0.5295554,0.6914999,0.08387384,-0.0077430666,0.50100994,-0.296,1.7120776,0.4671048,0.17318843,1.6355108,-0.274,1.718,0.36357,1.13,-0.2897,0.49608645
13,0.23400000000000018,1.0,1.0,0.64822334,-1.0,0.42268866,-1.0,-0.19239472,0.92557555,-0.02373534,-0.59212875,-0.6483121,0.3913457,-0.8983369,1.0,-0.18737713,0.5855329,1.0,-1.0,1.0,-1.0,1.0,-1.0,-0.089022815,2.3338,2.0933,1.0499177,-0.6207864,0.82847315,-0.9038,0.8769465,0.52757806,0.68319345,0.1507979,0.032600887,0.22306706,-0.1940319,1.809,0.5039069,0.33375376,1.71,-0.274,1.718,0.36357,1.13,-0.2897,0.6861774
14,0.25200000000000017,1.0,1.0,0.1387848,-1.0,0.56834674,-1.0,-1.0,1.0,-0.57157576,-0.8803292,-0.1575977,0.337535,-0.94732714,1.0,-0.042500287,0.81896704,1.0,-1.0,1.0,-1.0,0.5611738,-1.0,-0.007152198,2.5005,2.0933,1.0730531,-0.78748643,0.9232165,-1.0705,0.7102465,0.57,0.1337095,-0.14936285,0.53435636,0.19239494,-0.24316911,1.809,0.65204346,0.4668112,1.71,-0.274,1.718,0.36357,0.8370741,-0.2897,0.77140915
15,0.2680000000000002,1.0,1.0,0.9605934,-1.0,0.895739,-1.0,-0.8604875,1.0,-0.837898,-0.85737216,-0.0973351,0.64710397,-0.93214893,1.0,0.090530485,0.8630399,1.0,-1.0,1.0,-1.0,0.3350202,-1.0,-0.35803849,2.6672,2.0933,1.2331841,-0.95418644,1.0725362,-1.2372,0.5668033,0.57,-0.1334117,-0.12545311,0.59597486,0.36884925,-0.22794539,1.809,0.7880674,0.49193275,1.71,-0.274,1.718,0.36357,0.68611175,-0.2897,0.40611723
16,0.2840000000000002,1.0,0.98605496,0.77513134,-1.0,0.8261928,-1.0,-0.993195,1.0,-1.0,-0.6966426,0.24657977,0.47987792,-0.72099286,1.0,0.07938197,1.0,1.0,-1.0,1.0,-1.0,-0.010170984,-1.0,-0.27234906,2.8339,2.0933,1.3623985,-1.1208864,1.2102625,-1.4039,0.40123767,0.57,-0.296,0.041946754,0.9476278,0.27353042,-0.016155843,1.809,0.7766681,0.57,1.71,-0.274,1.718,0.36357,0.4556892,-0.2897,0.49532464
17,0.3020000000000002,1.0,0.6902901,1.0,-1.0,0.9706164,-1.0,-0.84351385,1.0,-0.9215478,-0.53212583,0.22132245,0.53547686,-0.76347816,1.0,0.038266927,1.0,1.0,-0.9586113,1.0,-1.0,0.0768552,-1.0,-0.6136315,3.0006,2.0933,1.5290985,-1.2875865,1.3720644,-1.5706,0.2606239,0.57,-0.21731241,0.21329094,0.9218022,0.30522183,-0.058768593,1.809,0.73462796,0.57,1.71,-0.23089367,1.718,0.36357,0.5137811,-0.2897,0.14003088
18,0.3180000000000002,1.0,0.60018325,1.0,-1.0,1.0,-1.0,-0.5804081,1.0,-0.6632816,-0.25286776,0.32000473,0.33779284,-0.65846026,1.0,0.02134964,1.0,1.0,-0.81982136,1.0,-1.0,-0.102278605,-1.0,-0.6056158,3.0527,2.0933,1.6957985,-1.4542865,1.5387644,-1.7373,0.16386987,0.57,0.041728534,0.50413823,1.0227048,0.19254193,0.04656436,1.809,0.71733,0.57,1.71,-0.086343944,1.718,0.36357,0.3942054,-0.2897,0.14837565
19,0.33400000000000024,1.0,0.4900133,1.0,-1.0,1.0,-1.0,-0.6697914,0.89203143,-0.6540296,-0.19737768,0.43603104,0.32804134,-0.6063478,1.0,0.01883492,1.0,1.0,-0.7389587,1.0,-1.0,-0.15537925,-1.0,-0.66437155,3.0527,2.0933,1.8624985,-1.6209865,1.7054644,-1.904,0.05221564,0.5084579,0.051008303,0.56193113,1.1413417,0.18698357,0.09883316,1.809,0.7147587,0.57,1.71,-0.002125503,1.718,0.36357,0.35875958,-0.2897,0.087207675
20,0.35200000000000026,1.0,0.5596386,1.0,-0.9936482,1.0,-1.0,-0.48822594,0.74591994,-0.48436174,-0.1627894,0.3780059,0.40852776,-0.7315575,1.0,-0.008791594,1.0,1.0,-0.5901717,1.0,-1.0,-0.1256835,-1.0,-0.7111167,3.0527,2.0933,2.0291984,-1.7866277,1.8721644,-2.0707,-0.029171623,0.42517436,0.22118518,0.5979548,1.082011,0.23286082,-0.02675216,1.809,0.6865106,0.57,1.71,0.15283617,1.718,0.36357,0.37858212,-0.2897,0.038543433
21,0.36800000000000027,1.0,0.25234315,1.0,-1.0,0.87664765,-1.0,-0.6794227,0.7975023,-0.6736222,-0.13036847,0.61901885,0.12406876,-0.39908284,1.0,-0.0046043675,1.0,1.0,-0.5675138,1.0,-1.0,-0.6096473,-1.0,-0.52039856,3.0527,2.0933,2.1958985,-1.9533277,2.0183015,-2.0933,-0.14243138,0.4545763,0.031356942,0.63172126,1.3284467,0.07071919,0.3067199,1.809,0.690792,0.57,1.71,0.17643435,1.718,0.36357,0.055525925,-0.2897,0.23709148
22,0.3840000000000003,1.0,0.24258396,1.0,-1.0,0.81528586,-1.0,-0.73409474,0.6944122,-0.86242867,-0.21625572,0.70828193,0.25617352,-0.43151665,1.0,-0.0037077945,1.0,1.0,-0.4218587,1.0,-1.0,-0.6836986,-1.0,-0.60264134,3.0527,2.0933,2.3625984,-2.0933,2.1542096,-2.0933,-0.264805,0.39581493,-0.15801595,0.54226965,1.4197183,0.1460189,0.27418882,1.809,0.6917088,0.57,1.71,0.32813418,1.718,0.36357,0.006095081,-0.2897,0.15147221
23,0.4020000000000003,1.0,0.46260655,1.0,-0.62809986,0.6843243,-1.0,-0.86615455,0.84968036,-0.9412782,-0.45563346,0.69789255,0.3497524,-0.531657,1.0,-0.12004122,1.0,1.0,-0.43926904,1.0,-1.0,-0.79047096,-1.0,-0.47714716,3.0527,2.0933,2.5292985,-2.0933,2.2682865,-2.0933,-0.40919295,0.4843178,-0.23710205,0.29295775,1.4090952,0.19935887,0.17374805,1.809,0.57275784,0.57,1.71,0.3100013,1.718,0.36357,-0.06517776,-0.2897,0.28211856
24,0.4180000000000003,1.0,-0.22775462,0.015000895,-1.0,-0.038297005,-1.0,-1.0,1.0,-1.0,-0.49792838,1.0,-0.11408595,0.3851031,1.0,0.38102594,1.0,1.0,-1.0,1.0,-1.0,-1.0,-0.48175797,0.68884,3.0527,2.0553334,2.531799,-2.0933,2.2619023,-2.0933,-0.5758929,0.57,-0.296,0.2489076,1.718,-0.06502899,1.0932584,1.809,1.085099,0.57,1.71,-0.274,1.718,0.36357,-0.20504288,0.20851198,1.4959753
25,0.43400000000000033,1.0,-0.4113902,0.11466457,-1.0,-0.7910289,-1.0,-1.0,0.05652186,-1.0,-0.57209885,1.0,0.47637495,0.64169157,1.0,0.7152843,1.0,0.79903185,-1.0,1.0,-1.0,-1.0,0.33560154,1.0,3.0527,1.9867545,2.5509138,-2.0933,2.1300378,-2.0933,-0.74259293,0.032217458,-0.296,0.17165905,1.718,0.27153373,1.3506167,1.809,1.4268782,0.57,1.5084289,-0.274,1.718,0.36357,-0.20504288,0.9942805,1.81991
26,0.45200000000000035,1.0,-0.07450273,-0.22512989,-0.86573803,-1.0,-1.0,-1.0,-0.3746401,-1.0,-0.87838393,1.0,0.94359636,0.7439143,0.9600203,0.6250932,1.0,0.3271059,-1.0,1.0,-1.0,-1.0,0.7428151,1.0,3.0527,1.974335,2.5133846,-2.0933,1.9633379,-2.0933,-0.90929294,-0.21354486,-0.296,-0.14733687,1.718,0.5378499,1.4531461,1.7673612,1.3346578,0.57,1.0350872,-0.274,1.718,0.36357,-0.20504288,1.3857553,1.81991
27,0.46800000000000036,1.0,0.9536717,-1.0,-0.23826392,-1.0,-1.0,-1.0,-1.0,-1.0,-0.8718277,1.0,1.0,0.54223764,0.92175764,0.43067038,1.0,-0.27136293,-1.0,1.0,-1.0,-1.0,1.0,1.0,3.0527,2.0933,2.3466845,-2.0933,1.7966379,-2.0933,-1.075993,-0.57,-0.296,-0.14050858,1.718,0.57,1.2508644,1.7275106,1.1358604,0.57,0.43482298,-0.274,1.718,0.36357,-0.20504288,1.633,1.81991
28,0.4840000000000004,1.0,1.0,-1.0,-0.968137,-1.0,-1.0,-1.0,-1.0,-1.0,-0.77606297,1.0,1.0,0.4866507,0.917578,0.31014517,1.0,-0.5804085,-1.0,1.0,-1.0,-1.0,1.0,1.0,3.0527,2.0933,2.1799846,-2.0933,1.6299379,-2.0933,-1.242693,-0.57,-0.296,-0.040769577,1.718,0.57,1.1951107,1.7231575,1.0126234,0.57,0.12485026,-0.274,1.718,0.36357,-0.20504288,1.633,1.81991
29,0.5020000000000003,1.0,1.0,-1.0,-1.0,-1.0,-1.0,-1.0,0.16097401,-1.0,-0.8142768,0.6282045,1.0,0.3198461,0.911107,-0.019786416,1.0,-0.7675934,-1.0,1.0,-1.0,-1.0,0.9162298,1.0,3.0527,2.0933,2.0132844,-2.0933,1.4632379,-2.0933,-1.409393,0.09175519,-0.296,-0.080569305,1.3378391,0.57,1.0278057,1.7164179,0.6752684,0.57,-0.06289616,-0.274,1.718,0.36357,-0.20504288,1.5524675,1.81991
30,0.5180000000000003,1.0,1.0,-1.0,-1.0,-1.0,-1.0,-0.49327463,1.0,-0.7265373,-0.6191503,0.046510432,0.8255939,0.25564545,0.7756026,-0.44952384,1.0,-1.0,-1.0,1.0,-1.0,-0.567981,-0.19436757,1.0,3.0527,2.0933,1.8465846,-2.0933,1.2965379,-2.0933,-1.4916219,0.57,-0.021716898,0.12265498,0.7430569,0.4705885,0.9634124,1.5752901,0.23586188,0.57,-0.296,-0.274,1.718,0.36357,0.08333905,0.48479474,1.81991
31,0.5340000000000004,1.0,1.0,-1.0,-1.0,-1.0,-1.0,0.39408833,1.0,-0.48224667,0.057776503,0.06674257,0.9522604,0.1391663,0.8919177,-0.68146646,1.0,-1.0,-1.0,1.0,-1.0,-0.15001145,-0.8407931,0.9704479,3.0527,2.0933,1.6798846,-2.0933,1.1298379,-2.0933,-1.4259273,0.57,0.2233066,0.8276742,0.7637443,0.5427884,0.8465838,1.6964322,-0.0012994555,0.57,-0.296,-0.274,1.718,0.36357,0.3623427,-0.13664642,1.7891446
32,0.5520000000000004,1.0,1.0,0.1278881,-1.0,-1.0,-1.0,0.4149625,1.0,0.31827086,0.48698407,-0.15562037,1.0,-0.70177275,1.0,-0.8040201,0.7245585,-1.0,-1.0,1.0,-1.0,0.15901835,-0.87834144,0.24383834,3.0527,2.0933,1.7012035,-2.0933,0.96313787,-2.0933,-1.356753,0.57,1.0262257,1.274694,0.5363782,0.57,0.0031219323,1.809,-0.12661056,0.41299832,-0.296,-0.274,1.718,0.36357,0.5686267,-0.17274354,1.0327041
33,0.5680000000000004,1.0,1.0,1.0,-1.0,-0.83664495,-1.0,-0.024421725,1.0,1.0,0.9322597,-0.29875445,1.0,-0.8063092,1.0,-0.9308042,1.0,-1.0,-0.40439025,1.0,-1.0,0.77520216,-0.78314775,0.15644914,3.0527,2.0933,1.8679035,-2.0933,0.82366914,-2.0933,-1.3608241,0.57,1.71,1.7384485,0.39002356,0.57,-0.10172815,1.809,-0.25624728,0.57,-0.296,0.34632757,1.718,0.36357,0.9799426,-0.08122909,0.94172716
34,0.5840000000000004,1.0,0.7932237,1.0,-1.0,-0.6164852,-1.0,-0.24961175,0.7549083,1.0,1.0,-0.13928454,0.9646815,-0.69416034,1.0,-0.9082262,1.0,-1.0,-0.0973014,1.0,-1.0,1.0,-0.8042161,0.22091007,3.0527,2.0933,2.0346036,-2.0933,0.7209011,-2.0933,-1.4024345,0.43029773,1.71,1.809,0.5530816,0.54986846,0.010757177,1.809,-0.23316129,0.57,-0.296,0.6661606,1.718,0.36357,1.13,-0.10148314,1.0088345
35,0.6020000000000004,1.0,0.43250436,1.0,-0.92493343,-0.36851674,-1.0,-0.2722851,0.10426271,1.0,0.9909631,-0.12454133,0.82049906,-0.8015588,0.5789726,-0.8161645,1.0,-1.0,-0.07663468,1.0,-1.0,1.0,-0.9622491,-0.026478646,3.0527,2.0933,2.2013035,-2.0933,0.65946937,-2.0933,-1.4478244,0.059429746,1.71,1.7995881,0.5681565,0.46768448,-0.09696347,1.3705,-0.13902819,0.57,-0.296,0.68768495,1.718,0.36357,1.13,-0.25340816,0.75128925
36,0.6180000000000004,1.0,0.35598677,1.0,-1.0,-0.24790679,-1.0,-0.30139184,0.04075658,0.87188435,0.77654386,-0.33826816,0.87089634,-0.8660755,-0.19973233,-0.68522334,1.0,-0.67564255,-0.22458313,1.0,-1.0,1.0,-1.0,-0.27247763,3.0527,2.0933,2.3680036,-2.0933,0.61814326,-2.0933,-1.4980664,0.023231251,1.5815,1.5762705,0.34962082,0.4964109,-0.16167374,0.55947876,-0.005140866,0.57,0.029330522,0.5335967,1.718,0.36357,1.13,-0.2897,0.4951908
37,0.6340000000000005,1.0,0.12451685,1.0,-1.0,-0.35402676,-1.0,-0.51123816,0.07501143,0.6730573,0.5437391,-0.36199287,0.67002183,-0.72845566,-0.5186701,-0.6507165,1.0,-0.5889387,-0.24199776,1.0,-1.0,1.0,-1.0,-0.24177277,3.0527,2.0933,2.5347035,-2.0933,0.55912703,-2.0933,-1.5832897,0.042756516,1.3820765,1.3338042,0.3253623,0.38191244,-0.02364103,0.22730511,0.030142395,0.57,0.11629447,0.51545936,1.718,0.36357,1.13,-0.2897,0.52715623
38,0.6520000000000005,1.0,-0.032478087,0.6697667,-1.0,-0.5736831,-1.0,-0.8276083,0.07581654,0.53365135,0.46485093,-0.26460811,0.5823343,-0.54963505,-0.75453043,-0.6722337,1.0,-0.67319465,-0.31965593,1.0,-1.0,1.0,-1.0,-0.18857168,3.0527,2.0878859,2.6463537,-2.0933,0.46349406,-2.0933,-1.7212521,0.043215428,1.2422523,1.2516422,0.4249382,0.33193055,0.15571605,-0.018343443,0.008141041,0.57,0.031785768,0.43457836,1.718,0.36357,1.13,-0.2897,0.5825415
39,0.6680000000000005,1.0,-0.32455266,0.09672062,-1.0,-0.9962861,-1.0,-1.0,0.34245867,0.28649366,0.4412319,-0.13964571,0.5290401,-0.3622973,-0.8013256,-0.6827184,0.85856164,-0.8883097,-0.4111611,1.0,-1.0,1.0,-1.0,-0.14080797,3.0527,2.033783,2.662477,-2.0933,0.29741317,-2.0933,-1.8879521,0.19520144,0.9943531,1.227043,0.55271226,0.30155286,0.3436158,-0.06708063,-0.00257956,0.48938012,-0.18397465,0.33927572,1.718,0.36357,1.13,-0.2897,0.63226616
40,0.6840000000000005,1.0,-0.3901584,0.04234059,-1.0,-1.0,-1.0,-0.9421397,0.66763324,0.0447062,0.42243293,-0.2422197,0.5179168,-0.25895536,-0.73492515,-0.7327086,0.81378263,-1.0,-0.3432113,1.0,-1.0,1.0,-1.0,-0.24261037,3.0527,1.9687436,2.6695352,-2.0933,0.13071315,-2.0933,-2.0450068,0.38055095,0.7518403,1.2074639,0.44783035,0.29521257,0.44726777,0.0020754554,-0.053694516,0.4638561,-0.296,0.41004544,1.718,0.36357,1.13,-0.2897,0.5262843
41,0.7020000000000005,1.0,0.02306331,0.3639376,-1.0,-1.0,-1.0,-0.60334736,0.85485816,0.017792676,0.39535642,-0.4249831,0.7042358,-0.42749828,-0.78897727,-0.8234758,0.90895516,-1.0,-0.337576,1.0,-1.0,1.0,-1.0,-0.4652443,3.0527,1.9725882,2.7302036,-2.0933,-0.035986844,-2.0933,-2.1455848,0.48726916,0.72484607,1.1792637,0.26095477,0.4014144,0.27821922,-0.054219823,-0.14650398,0.51810443,-0.296,0.4159146,1.718,0.36357,1.13,-0.2897,0.2945101
42,0.7180000000000005,1.0,0.5611512,0.8942023,-1.0,-0.90797883,-1.0,0.0071815215,0.76312953,0.20681354,0.49462998,-0.7078148,0.9106866,-0.70060635,-0.6477116,-0.9055921,1.0,-1.0,-0.31806317,1.0,-1.0,1.0,-1.0,-0.66149324,3.0527,2.066132,2.879267,-2.0933,-0.18734692,-2.0933,-2.1443877,0.43498382,0.91443396,1.2826571,-0.028240645,0.51909137,0.004291835,0.0929084,-0.2304679,0.57,-0.296,0.43623722,1.718,0.36357,1.13,-0.2897,0.09020415
43,0.7340000000000005,1.0,0.83014846,1.0,-1.0,-0.78171957,-1.0,0.30977368,0.5832006,0.2757664,0.4674284,-0.8177688,0.9540154,-0.84497213,-0.6129972,-0.8909274,1.0,-1.0,-0.4025865,1.0,-1.0,1.0,-1.0,-0.68298614,3.0527,2.0933,3.045967,-2.0933,-0.31765956,-2.0933,-2.0927484,0.3324243,0.9835937,1.2543267,-0.14066862,0.5437888,-0.14050706,0.12906344,-0.21547323,0.57,-0.296,0.34820616,1.718,0.36357,1.13,-0.2897,0.067828864
44,0.7520000000000006,1.0,0.8219436,1.0,-1.0,-0.7707725,-1.0,0.3003195,0.48719487,0.30559,0.41011092,-0.7669142,0.8950881,-0.8631698,-0.534508,-0.8491547,1.0,-0.7494574,-0.49755624,1.0,-1.0,1.0,-1.0,-0.5639239,3.0527,2.0933,3.0527,-2.0933,-0.44614735,-2.0933,-2.042685,0.27770108,1.0135068,1.1946305,-0.088669755,0.5102002,-0.1587593,0.21080993,-0.1727607,0.57,-0.04470579,0.24929518,1.718,0.36357,1.13,-0.2897,0.19177921
45,0.7680000000000006,1.0,0.9937515,1.0,-1.0,-0.70227706,-1.0,0.2964478,0.2217111,0.44654194,0.5421098,-0.72857857,0.9785324,-0.92189676,-0.43305185,-0.77214754,1.0,-0.5671593,-0.43532082,1.0,-1.0,1.0,-1.0,-0.50960857,3.0527,2.0933,3.0527,-2.0933,-0.5632169,-2.0933,-1.9932672,0.12637533,1.1548816,1.3321073,-0.049471587,0.55776346,-0.21766244,0.3164765,-0.09402086,0.57,0.13813923,0.31411335,1.718,0.36357,1.13,-0.2897,0.24832445
46,0.7840000000000006,1.0,0.9366752,1.0,-1.0,-0.6118034,-1.0,0.32700846,0.24880335,0.41138774,0.57647425,-0.70128906,1.0,-0.9993626,-0.57387674,-0.7437365,1.0,-0.33384192,-0.39274153,1.0,-1.0,1.0,-1.0,-0.53398716,3.0527,2.0933,3.0527,-2.0933,-0.6652046,-2.0933,-1.9387549,0.14181791,1.1196219,1.367898,-0.021568062,0.57,-0.29536068,0.16980737,-0.064970575,0.57,0.37215656,0.35845968,1.718,0.36357,1.13,-0.2897,0.22294499
47,0.8020000000000006,1.0,1.0,1.0,-0.7932743,-0.54539895,-1.0,0.38105503,0.14467573,0.39938805,0.66479635,-0.6729599,1.0,-1.0,-0.6127825,-0.75205755,1.0,-0.3259703,-0.28012976,1.0,-1.0,1.0,-0.99912095,-0.67672294,3.0527,2.0933,3.0527,-2.0933,-0.7561226,-2.0933,-1.875233,0.082465164,1.1075863,1.4598854,0.0073984778,0.57,-0.296,0.12928705,-0.07347885,0.57,0.3800518,0.47574484,1.718,0.36357,1.13,-0.28885493,0.074349195
48,0.8180000000000006,1.0,1.0,1.0,-0.7290252,-0.500598,-1.0,0.41401052,0.18956447,0.3421783,0.6826706,-0.6312833,1.0,-1.0,-0.63788044,-0.77979076,1.0,-0.24460608,-0.21570794,1.0,-1.0,1.0,-0.99312276,-0.7650298,3.0527,2.0933,3.0527,-2.0933,-0.83957225,-2.0933,-1.8062174,0.10805175,1.0502049,1.4785014,0.05001284,0.57,-0.296,0.103147514,-0.10183605,0.57,0.46166012,0.5428402,1.718,0.36357,1.13,-0.28308856,-0.017583085
49,0.8340000000000006,1.0,1.0,1.0,-0.72331715,-0.5148807,-1.0,0.40605462,0.24718079,0.2733057,0.6746384,-0.58924276,1.0,-1.0,-0.54804033,-0.8064171,1.0,-0.16018897,-0.15644746,1.0,-1.0,1.0,-0.98448986,-0.7685328,3.0527,2.0933,3.0527,-2.0933,-0.9254029,-2.0933,-1.7385281,0.14089306,0.98112565,1.4701359,0.09299928,0.57,-0.296,0.196716,-0.12906149,0.57,0.54633045,0.60455996,1.718,0.36357,1.13,-0.27478933,-0.021229926
50,0.8520000000000006,1.0,0.98993087,1.0,-0.6831517,-0.5307889,-1.0,0.3970459,0.32647273,0.19618422,0.6654329,-0.5504436,1.0,-1.0,-0.4058307,-0.84302056,1.0,-0.086641856,-0.12125299,1.0,-1.0,1.0,-0.9682643,-0.71221143,3.0527,2.0933,3.0527,-2.0933,-1.0138854,-2.0933,-1.6723406,0.18608946,0.9037728,1.4605483,0.13267143,0.57,-0.296,0.34482732,-0.16648853,0.57,0.62009823,0.641215,1.718,0.36357,1.13,-0.25919086,0.03740373
51,0.8680000000000007,1.0,1.0,1.0,-0.4316505,-0.5297347,-1.0,0.35884714,0.34823814,0.09000808,0.68028617,-0.48580107,0.9587167,-1.0,-0.20819595,-0.9056217,1.0,-0.09131498,-0.07961661,1.0,-1.0,0.97465146,-0.92703587,-0.60730124,3.0527,2.0933,3.0527,-2.0933,-1.1021922,-2.0933,-1.6125208,0.19849575,0.7972781,1.4760181,0.1987684,0.5464685,-0.296,0.5506639,-0.2304982,0.57,0.6154111,0.6845793,1.718,0.36357,1.1130793,-0.21955593,0.14662102
52,0.8840000000000007,1.0,1.0,1.0,-0.26837,-0.59745556,-1.0,0.3061701,0.40564352,0.02883372,0.61162907,-0.4691604,0.94395095,-1.0,-0.11411556,-0.94433653,1.0,-0.1210205,-0.123539366,1.0,-1.0,0.86667573,-0.9052296,-0.50279593,3.0527,2.0933,3.0527,-2.0933,-1.201788,-2.0933,-1.5614823,0.2312168,0.73592025,1.4045117,0.21578348,0.538052,-0.296,0.6486486,-0.2700841,0.57,0.5856164,0.63883376,1.718,0.36357,1.0410032,-0.1985925,0.25541678
53,0.9020000000000007,1.0,1.0,1.0,-0.117605045,-1.0,-1.0,0.0539955,0.5693287,0.25914073,0.59017396,-0.69069976,1.0,-1.0,-0.21572569,-1.0,1.0,-0.25937706,-0.20575427,1.0,-1.0,0.86561286,-0.9575085,-0.5531184,3.0527,2.0933,3.0527,-2.0933,-1.368488,-2.0933,-1.5524812,0.32451737,0.9669182,1.3821661,-0.010740501,0.57,-0.296,0.5428217,-0.327,0.57,0.44684482,0.5532069,1.718,0.36357,1.0402937,-0.24885081,0.20302832
54,0.9180000000000007,1.0,1.0,1.0,-0.48105434,-1.0,-1.0,0.288486,0.7651551,0.18473068,0.7036783,-0.77106065,1.0,-1.0,-0.6622522,-1.0,1.0,-0.38067946,-0.35094747,1.0,-1.0,1.0,-0.9850144,-0.31717002,3.0527,2.0933,3.0527,-2.0933,-1.535188,-2.0933,-1.5043906,0.4361384,0.89228487,1.500381,-0.09290951,0.57,-0.296,0.07776435,-0.327,0.57,0.3251785,0.4019882,1.718,0.36357,1.13,-0.27529356,0.44866356
55,0.9340000000000007,1.0,1.0,0.80866206,-0.11139287,-1.0,-1.0,0.2092051,0.51655614,0.18498509,0.7630005,-0.8169162,1.0,-1.0,-1.0,-1.0,1.0,-0.26268944,-0.32944378,1.0,-1.0,1.0,-0.9959047,-0.31133163,3.0527,2.0933,3.0527,-2.0933,-1.701888,-2.0933,-1.469516,0.294437,0.89254004,1.562165,-0.13979684,0.57,-0.296,-0.274,-0.327,0.57,0.44352248,0.4243843,1.718,0.36357,1.13,-0.28576297,0.45474166
56,0.9520000000000007,1.0,1.0,0.8746429,-0.10629009,-0.8345845,-1.0,0.26821667,0.4336232,0.1609287,0.70535916,-0.7858574,1.0,-1.0,-1.0,-1.0,1.0,-0.07386375,-0.31685573,1.0,-1.0,1.0,-1.0,-0.39476514,3.0527,2.0933,3.0527,-2.0933,-1.8410132,-2.0933,-1.4248043,0.24716522,0.8684115,1.5021316,-0.10803917,0.57,-0.296,-0.274,-0.327,0.57,0.63291466,0.43749475,1.718,0.36357,1.13,-0.2897,0.3678828
57,0.9680000000000007,1.0,1.0,1.0,-0.12156141,-0.8016709,-1.0,0.27494153,0.32104445,0.2278889,0.69721234,-0.77417094,1.0,-1.0,-0.99280113,-0.9727876,1.0,-0.010200267,-0.31147984,1.0,-1.0,1.0,-1.0,-0.41811448,3.0527,2.0933,3.0527,-2.0933,-1.9746518,-2.0933,-1.3789716,0.18299533,0.93557256,1.4936466,-0.09608978,0.57,-0.296,-0.26650238,-0.29917535,0.57,0.6967691,0.44309375,1.718,0.36357,1.13,-0.2897,0.34357482
58,0.9840000000000008,1.0,1.0,1.0,-0.18051781,-0.74546665,-1.0,0.2278281,0.29010606,0.2562136,0.6634873,-0.7384264,1.0,-1.0,-0.9298769,-0.94135714,1.0,0.12022748,-0.32812014,1.0,-1.0,1.0,-1.0,-0.39025024,3.0527,2.0933,3.0527,-2.0933,-2.098921,-2.0933,-1.3409927,0.16536045,0.9639822,1.4585221,-0.05954098,0.57,-0.296,-0.20096682,-0.26703766,0.57,0.82758814,0.42576286,1.718,0.36357,1.13,-0.2897,0.37258303
59,1.0020000000000007,1.0,1.0,0.72681266,1.0,-0.54669064,-1.0,-0.19523405,-0.5361421,0.49466297,0.7420571,-0.6286111,1.0,-1.0,-0.80155814,-1.0,1.0,0.24038735,-0.32668388,1.0,-1.0,1.0,-0.94017035,-0.43639317,3.0527,2.0933,3.0527,-1.9266,-2.1900544,-2.0933,-1.3735381,-0.305601,1.2031469,1.5403525,0.052745163,0.57,-0.296,-0.0673228,-0.327,0.57,0.9481085,0.42725873,1.718,0.36357,1.13,-0.23218277,0.3245457
60,1.0180000000000007,1.0,1.0,-0.2945383,1.0,-0.050623707,-1.0,-0.6084411,-1.0,0.44045246,0.96394694,-0.5679262,1.0,-1.0,-0.79034436,-1.0,0.7299862,0.22097722,-0.612043,1.0,-1.0,1.0,-0.77663887,-0.4432933,3.0527,2.0933,3.0036004,-1.7599,-2.1984932,-2.0933,-1.4749653,-0.57,1.1487738,1.7714508,0.11479543,0.57,-0.296,-0.055643648,-0.327,0.41609213,0.9286401,0.13005719,1.718,0.36357,1.13,-0.07497177,0.31736228
61,1.0340000000000007,1.0,1.0,-1.0,1.0,-0.06475607,-1.0,-1.0,-1.0,0.5057637,0.86573756,-0.5978506,0.65500355,-1.0,-0.5445029,-1.0,0.30747968,0.27017954,-0.5415805,1.0,-1.0,1.0,-0.8872828,0.0952692,3.0527,2.0933,2.8369005,-1.5932,-2.2092881,-2.0933,-1.6416653,-0.57,1.214281,1.6691656,0.08419774,0.37335202,-0.296,0.20040022,-0.327,0.17526342,0.9779901,0.20344391,1.718,0.36357,1.13,-0.18133931,0.8780355
62,1.0520000000000007,1.0,-0.061723582,-1.0,-1.0,-1.0,-0.1616275,-0.31572974,1.0,-0.20297344,1.0,0.24368106,-0.9106519,-0.2959938,0.48166123,-1.0,1.0,0.77961665,-0.21917789,1.0,-0.68162227,-1.0,0.15657775,1.0,3.0527,2.0830107,2.6702006,-1.7599,-2.3759882,-2.0933,-1.6942974,0.57,0.5034176,1.809,0.9446639,-0.5190716,0.41011822,1.2691501,-0.327,0.57,1.4889555,0.53922623,1.718,0.5439676,-0.20504288,0.82217604,1.81991
63,1.0680000000000007,1.0,1.0,-1.0,-1.0,-0.88389945,-0.8834634,-1.0,1.0,-0.33448422,0.95501506,-0.47725534,-0.5713295,-0.19339943,0.5559087,-1.0,0.9034152,0.64311105,0.5088607,1.0,-0.42002627,-0.8022664,1.0,1.0,3.0527,2.0933,2.5035005,-1.9266,-2.5233343,-2.0933,-1.8609974,0.57,0.37151232,1.7621481,0.2075064,-0.3256578,0.5130204,1.3464789,-0.327,0.51494664,1.3520404,1.2974784,1.718,0.69219184,-0.07305148,1.633,1.81991
64,1.0840000000000007,1.0,1.0,-1.0,-0.35234985,-0.9783545,-1.0,-1.0,1.0,-0.30281597,0.55747175,-0.74788225,-0.3119662,-0.7259848,0.035328664,-1.0,0.6704812,0.28502914,0.24901195,1.0,-0.7774575,-0.3707223,1.0,0.8141552,3.0527,2.0933,2.3368006,-1.9853367,-2.686426,-2.0933,-2.0276976,0.57,0.40327558,1.3481069,-0.0692096,-0.17782074,-0.021162767,0.8042948,-0.327,0.38217428,0.9928842,1.0268459,1.718,0.48966593,0.21501347,1.633,1.6264354
65,1.1020000000000008,1.0,1.0,-1.0,1.0,-1.0,-1.0,-1.0,1.0,0.27640396,1.0,-0.53620374,0.08996346,-0.12846547,-0.36722723,-1.0,0.082075626,-1.0,-0.17750822,1.0,-0.7795868,-0.2989545,0.52361745,0.3191438,3.0527,2.0933,2.1701005,-1.8186368,-2.8531258,-2.0933,-2.1943974,0.57,0.9842332,1.809,0.14723167,0.051279172,0.57814914,0.38503283,-0.327,0.04678311,-0.296,0.5826252,1.718,0.48845944,0.26292002,1.1750296,1.1111013
66,1.1180000000000008,1.0,1.0,-1.0,1.0,-1.0,-0.80728096,-1.0,1.0,0.645507,1.0,-0.27645558,-0.29117122,0.86062145,-0.015799783,-1.0,0.30128786,-1.0,-0.042580288,1.0,0.056151778,-0.4956586,0.79878026,0.76062953,3.0527,2.0933,2.0034006,-1.6519368,-3.019826,-2.0933,-2.3610976,0.57,1.3544436,1.809,0.41282415,-0.1659676,1.5702033,0.7510445,-0.327,0.17173408,-0.296,0.72315264,1.718,0.96200144,0.1316158,1.4395574,1.5707122
67,1.1340000000000008,1.0,1.0,-1.0,1.0,-1.0,-0.94701385,-0.14830206,0.7752323,1.0,1.0,0.035309557,0.2758974,0.34004354,0.52124834,-1.0,0.6740334,-1.0,-0.13530497,1.0,0.0063923895,0.45967963,0.3047563,0.40069228,3.0527,2.0933,1.8367004,-1.4852368,-3.0527,-2.0933,-2.3858194,0.44188243,1.71,1.809,0.73160404,0.15726152,1.0480636,1.3103801,-0.327,0.38419905,-0.296,0.6265799,1.718,0.933807,0.76932454,0.9646275,1.1959977
68,1.1520000000000008,1.0,1.0,-1.0,1.0,-1.0,-0.7985645,0.58447987,-0.40770304,0.5222589,1.0,-0.2007792,0.87700945,-0.77637696,-0.20761994,-1.0,0.68151695,-1.0,-0.80492383,1.0,-0.5033065,0.64592993,-0.26886216,0.25402778,3.0527,2.0933,1.6700004,-1.3185368,-3.0527,-2.0933,-2.2883866,-0.23239073,1.2308257,1.809,0.49020326,0.4998954,-0.071706094,0.5512638,-0.327,0.38846466,-0.296,-0.07082817,1.718,0.645004,0.89365065,0.41317937,1.043312
69,1.1680000000000008,1.0,1.0,-1.0,1.0,0.83814573,-0.033065815,-0.68556494,-1.0,0.6117465,1.0,-0.6695731,0.5839177,-1.0,-0.18023542,-1.0,0.7869049,-1.0,-0.051550444,1.0,-1.0,1.0,-0.8107266,-0.5504417,3.0527,2.0933,1.5033004,-1.1518368,-2.912981,-2.0933,-2.4026704,-0.57,1.3205817,1.809,0.010861476,0.33283308,-0.296,0.5797848,-0.327,0.44853577,-0.296,0.7138102,1.718,0.36357,1.13,-0.107742004,0.20581493
70,1.1840000000000008,1.0,1.0,-1.0,1.0,1.0,1.0,-1.0,-1.0,0.47047433,1.0,-0.5388003,0.42458144,-1.0,-0.9848927,-1.0,0.1799896,-0.91810274,-0.11031913,1.0,-1.0,1.0,-0.52491355,-0.35370046,3.0527,2.0933,1.3366004,-0.98513675,-2.7462811,-1.9266,-2.5693703,-0.57,1.1788857,1.809,0.1445767,0.24201141,-0.296,-0.25826576,-0.327,0.10259408,-0.21385705,0.6526026,1.718,0.36357,1.13,0.16702436,0.41063336
71,1.2020000000000008,0.8545155,1.0,-1.0,1.0,1.0,1.0,-1.0,-1.0,0.808503,1.0,-0.22078155,0.35210314,-0.594564,-1.0,-1.0,0.33189473,-0.055057574,0.66898745,-0.10553938,-0.7560532,1.0,0.034878034,0.08773428,3.0527,2.0933,1.1699004,-0.81843674,-2.579581,-1.7599,-2.7360704,-0.57,1.5179285,1.809,0.46975085,0.2006988,0.11065229,-0.274,-0.327,0.18917999,0.65177727,1.4642504,0.587586,0.5017939,1.13,0.70518,0.8701912
72,1.2180000000000009,1.0,1.0,-1.0,1.0,1.0,1.0,-1.0,-1.0,0.3969135,1.0,0.1465203,0.90829694,-0.5868975,-1.0,-1.0,0.88273716,-0.88494456,0.50860506,-0.2667668,-1.0,1.0,-1.0,-0.7486592,3.0527,2.0933,1.0032004,-0.65173674,-2.4128811,-1.5932,-2.9027703,-0.57,1.1051042,1.809,0.845317,0.5177293,0.11834182,-0.274,-0.327,0.5031602,-0.18059939,1.2972121,0.42273095,0.36357,1.13,-0.2897,-0.0005403967
73,1.2340000000000009,1.0,1.0,-0.029120669,1.0,0.94026697,1.0,0.30135262,-1.0,0.8294239,0.42386538,0.25163174,1.0,-0.30715632,-0.37923744,-1.0,0.668977,-0.85991657,0.037852768,0.30082035,-1.0,1.0,-1.0,-0.4550494,3.0527,2.0933,0.99834603,-0.48503673,-2.2561386,-1.4265,-2.8525348,-0.57,1.5389122,1.2089558,0.9527935,0.57,0.3989222,0.3725242,-0.327,0.3813169,-0.15549631,0.8069237,1.0030888,0.36357,1.13,-0.2897,0.30512354
74,1.252000000000001,1.0,1.0,1.0,1.0,0.59638417,1.0,0.7157236,-1.0,0.678042,0.15487331,0.10112792,1.0,-0.7101413,-0.3235026,-0.7931292,0.45082933,-0.62910175,-0.3484635,0.8335989,-1.0,1.0,-1.0,-0.3518153,3.0527,2.0933,1.1650461,-0.31833673,-2.1567214,-1.2598,-2.7332237,-0.57,1.3870761,0.9288006,0.7989033,0.57,-0.005271725,0.43057203,-0.11547461,0.25697273,0.07601094,0.40457526,1.5478549,0.36357,1.13,-0.2897,0.4125959
75,1.268000000000001,1.0,1.0,1.0,0.8208401,0.5855347,0.5829871,0.44481802,0.03307366,0.55001944,-0.14577328,-0.017290352,1.0,-1.0,-0.27162054,-0.64518493,0.39695835,-0.072393,-0.6106146,1.0,-1.0,1.0,-1.0,-0.53061825,3.0527,2.0933,1.3317461,-0.18150267,-2.0591128,-1.162616,-2.6590726,0.018851986,1.2586695,0.6156771,0.6778206,0.57,-0.296,0.48460722,0.035798404,0.22626626,0.6343898,0.1315449,1.718,0.36357,1.13,-0.2897,0.22645222
76,1.284000000000001,1.0,1.0,1.0,1.0,0.6308989,-0.16429016,0.09075199,0.11050162,0.34619388,0.056144983,-0.15603618,1.0,-1.0,-0.41183707,-0.688419,0.8019879,0.20334515,-0.5266406,1.0,-1.0,1.0,-1.0,-0.5454817,3.0527,2.0933,1.4984461,-0.014802672,-1.953942,-1.1900032,-2.6439443,0.06298592,1.0542325,0.825975,0.535953,0.57,-0.296,0.3385717,-0.008408411,0.45713308,0.9109552,0.21900383,1.718,0.36357,1.13,-0.2897,0.21097857
77,1.302000000000001,1.0,1.0,1.0,1.0,0.5517011,-0.61304826,-0.20188235,-0.0097588925,0.056490887,0.050756164,-0.22843127,1.0,-1.0,-0.43833378,-0.5219851,1.0,0.32991642,-0.6409983,1.0,-1.0,0.7274363,-1.0,-0.4081766,3.0527,2.0933,1.665146,0.15189733,-1.8619733,-1.2921983,-2.677598,-0.0055625685,0.7636604,0.82036257,0.46192902,0.57,-0.296,0.31097537,0.16177022,0.57,1.0379062,0.09990027,1.718,0.36357,0.9480579,-0.2897,0.3539207
78,1.318000000000001,1.0,1.0,1.0,1.0,0.4265539,-1.0,-0.5354753,0.090673625,0.036705945,0.3410614,-0.47562256,1.0,-1.0,-0.511389,-0.5079484,1.0,0.6729555,-0.6985871,1.0,-1.0,0.3119627,-0.8176289,-0.2615558,3.0527,2.0933,1.831846,0.31859732,-1.7908667,-1.4588983,-2.7668617,0.051683966,0.7438161,1.1227155,0.20917593,0.57,-0.296,0.23488835,0.17612277,0.57,1.3819743,0.039921515,1.718,0.36357,0.67072034,-0.114377566,0.50656104
79,1.334000000000001,1.0,1.0,0.5471292,1.0,0.4985781,-1.0,-0.34646624,0.61132026,-0.09358774,0.3211757,-0.334568,1.0,-1.0,-1.0,-0.72752666,1.0,0.8427899,-1.0,1.0,-1.0,0.5081229,-0.54364324,-0.34077626,3.0527,2.0933,1.9230525,0.48529732,-1.7077538,-1.6255983,-2.8246176,0.34845254,0.6131315,1.1020045,0.35340422,0.57,-0.296,-0.274,-0.048396014,0.57,1.5523182,-0.274,1.718,0.36357,0.8016615,0.14901857,0.42408818
80,1.352000000000001,1.0,0.9990443,-0.19524221,1.0,0.7974139,-1.0,-0.35762393,0.585642,0.02540974,0.41120565,-0.2635775,1.0,-1.0,-1.0,-0.83785295,0.7475656,0.9983964,-1.0,1.0,-1.0,0.98615867,-0.63130206,-0.5911978,3.0527,2.0933,1.8905057,0.6519973,-1.5748249,-1.7922983,-2.8842335,0.33381593,0.73248595,1.1957707,0.425992,0.57,-0.296,-0.274,-0.16120465,0.4261124,1.7083915,-0.274,1.718,0.36357,1.1207606,0.064747766,0.16338558
81,1.368000000000001,1.0,1.0,0.5227449,1.0,1.0,-1.0,-0.36221212,0.17384855,0.41385862,0.43597808,-0.2864627,1.0,-1.0,-1.0,-0.8873737,0.7148929,1.0,-1.0,1.0,-1.0,1.0,-0.98667884,-0.89251524,3.0527,2.0933,1.9776472,0.81869733,-1.4081249,-1.9589983,-2.9446144,0.099093676,1.1221002,1.2215712,0.40259188,0.57,-0.296,-0.274,-0.21183959,0.40748897,1.71,-0.274,1.718,0.36357,1.13,-0.2768937,-0.15030245
82,1.384000000000001,1.0,1.0,-1.0,1.0,0.93646365,-1.0,0.06644839,-0.90039396,0.28191435,0.71745336,-0.23567685,1.0,-1.0,-1.0,-1.0,0.6438857,0.15499318,-0.8805263,1.0,-1.0,1.0,-0.9594101,-0.5914144,3.0527,2.0933,1.8109472,0.98539734,-1.2520164,-2.0933,-2.9335372,-0.51322454,0.9897601,1.5147277,0.4545204,0.57,-0.296,-0.274,-0.327,0.36701483,0.86245817,-0.14956814,1.718,0.36357,1.13,-0.25067887,0.16316009
83,1.402000000000001,1.0,1.0,-1.0,1.0,0.36586824,0.39183494,1.0,-1.0,0.37377322,1.0,0.10601352,0.8870609,-1.0,-0.7780142,-1.0,0.60966486,-0.12973212,-0.51065165,-0.4852479,-1.0,1.0,-1.0,0.16458423,3.0527,2.0933,1.6442472,1.1520973,-1.1910262,-2.027981,-2.7668374,-0.57,1.0818945,1.809,0.8038988,0.5056247,-0.296,-0.04280177,-0.327,0.34750897,0.57687867,0.2356563,0.19933401,0.36357,1.13,-0.2897,0.95019627
84,1.418000000000001,1.0,1.0,-1.0,1.0,-0.12835892,0.88687104,1.0,-1.0,0.33045006,1.0,0.4142045,0.70660126,-0.8440972,-0.6288129,-0.8237556,0.585555,-0.11030073,-0.69109637,-1.0,-1.0,0.5982891,-1.0,0.93621004,3.0527,2.0933,1.4775472,1.3187973,-1.2124236,-1.8801397,-2.6001375,-0.57,1.0384414,1.809,1.1190242,0.4027627,-0.13962948,0.112591356,-0.14679012,0.33376637,0.5963684,0.047723137,-0.327,0.36357,0.86184937,-0.2897,1.7535012
85,1.434000000000001,1.0,1.0,-1.0,1.0,-0.32114482,0.6580013,0.951593,-0.8797613,0.4730935,0.4915825,-0.14689572,0.7947545,-1.0,-0.8808152,-1.0,0.43347323,0.12794681,-0.830286,-0.6663968,-1.0,0.41012645,-0.6217133,0.7831031,3.0527,2.0933,1.3108472,1.4854974,-1.2659584,-1.770451,-2.4415069,-0.50146395,1.1815128,1.2794832,0.5452991,0.45301008,-0.296,-0.14986904,-0.327,0.24707974,0.83533067,-0.0972429,0.014109275,0.36357,0.73624676,0.07396594,1.5941085
86,1.452000000000001,1.0,1.0,-1.0,1.0,-0.2837022,0.52537006,-0.2904243,-0.81332546,0.35142002,-0.073615886,-0.17502931,0.64395046,-1.0,-1.0,-1.0,0.5145226,0.5345849,-0.9687218,-0.5696446,-1.0,0.1694902,-0.25294814,1.0,3.0527,2.0933,1.1441472,1.6521974,-1.3132516,-1.6828717,-2.4899206,-0.4635955,1.0594742,0.69082904,0.51653254,0.36705175,-0.296,-0.274,-0.327,0.2932779,1.2431886,-0.24142376,0.11303843,0.36357,0.5756169,0.4284783,1.81991
87,1.468000000000001,1.0,1.0,-1.0,1.0,-0.09983147,0.5165035,-0.3478003,-0.5492615,0.28649506,-0.06691144,-0.2426668,0.91830015,-1.0,-1.0,-1.0,0.3967233,0.4495517,-0.9632661,-0.54308575,-1.0,0.00015286822,-0.2466233,0.92142844,3.0527,2.0933,0.9774472,1.8188974,-1.3298935,-1.5967705,-2.5478988,-0.31307906,0.99435455,0.6978117,0.4473732,0.52343106,-0.296,-0.274,-0.327,0.22613227,1.1579003,-0.23574162,0.14019482,0.36357,0.4625806,0.4345587,1.7381127
88,1.484000000000001,1.0,1.0,-0.81725174,1.0,-0.1004831,0.4842709,0.030647468,0.18592289,0.20034131,-0.023041716,-0.30061945,1.0,-1.0,-0.738578,-1.0,0.28142938,0.27037126,-0.9255195,-0.26284227,-1.0,-0.06496869,-0.3678507,0.55781597,3.0527,2.0933,0.8412113,1.9855974,-1.346644,-1.5160426,-2.54279,0.105976045,0.90794235,0.7435021,0.3881166,0.57,-0.296,-0.0017290094,-0.327,0.16041474,0.9781824,-0.19642858,0.42674378,0.36357,0.41911057,0.31801674,1.359572
89,1.5020000000000011,1.0,1.0,0.45194703,1.0,-0.03443227,0.2799259,0.23436315,0.65181917,0.064881295,-0.0540568,-0.33057487,1.0,-1.0,-0.32348236,-1.0,0.22350201,0.036510225,-0.88600105,0.18311878,-1.0,0.05361263,-0.42326602,0.29071105,3.0527,2.0933,0.9165509,2.0933,-1.3523839,-1.469379,-2.5037215,0.37153694,0.77207595,0.7111998,0.3574872,0.57,-0.296,0.4305931,-0.327,0.12739615,0.74361974,-0.1552701,0.88273895,0.36357,0.49826613,0.2647432,1.0815012
90,1.5180000000000011,1.0,1.0,0.8051705,1.0,-0.039126642,-0.05298311,0.30549747,0.806766,-0.1375897,0.0047173146,-0.33500496,1.0,-1.0,-0.24715146,-1.0,0.44158742,-0.084930055,-0.9359776,0.5406114,-1.0,0.031151395,-0.3897858,0.16956443,3.0527,2.0933,1.0507728,2.0933,-1.3589063,-1.4782113,-2.4527953,0.4598566,0.56899756,0.7724131,0.35295743,0.57,-0.296,0.5100917,-0.327,0.25170484,0.62181515,-0.20732065,1.2482752,0.36357,0.4832728,0.29692942,0.9553809
91,1.5340000000000011,1.0,1.0,0.76135385,1.0,-0.06259266,-0.3837656,0.27201697,0.8167129,-0.28399196,0.07616591,-0.31269118,1.0,-1.0,-0.37677065,-1.0,0.6537338,-0.10936449,-1.0,0.7782466,-1.0,0.008342606,-0.31956112,0.08112228,3.0527,2.0933,1.1776905,2.0933,-1.3693405,-1.542185,-2.40745,0.46552637,0.42215607,0.8468268,0.37577328,0.57,-0.296,0.37509337,-0.327,0.37262827,0.59730744,-0.274,1.4912571,0.36357,0.4680474,0.3644399,0.8633078
92,1.5520000000000012,1.0,1.0,0.6340622,1.0,-0.060763426,-0.6291058,0.19994108,0.7387083,-0.3056499,0.10884646,-0.31087095,1.0,-1.0,-0.5265874,-1.0,0.7399966,-0.0729106,-1.0,0.9447687,-1.0,0.05421437,-0.32483622,0.00523019,3.0527,2.0933,1.2833886,2.0933,-1.3794698,-1.6470569,-2.3741198,0.42106375,0.40043315,0.8808636,0.37763447,0.57,-0.296,0.2190592,-0.327,0.42179808,0.63387066,-0.274,1.661526,0.36357,0.4986678,0.35936868,0.7842999
93,1.5680000000000012,1.0,1.0,0.4205345,1.0,-0.02998007,-0.7411216,0.112497225,0.6229785,-0.24314447,0.14543787,-0.28527653,1.0,-1.0,-0.67069423,-1.0,0.7018828,-0.013606031,-1.0,0.9510017,-1.0,0.1363342,-0.36973882,-0.012997268,3.0527,2.0933,1.3534918,2.0933,-1.3844675,-1.7706019,-2.3553665,0.35509774,0.4631261,0.91897357,0.40380475,0.57,-0.296,0.068971954,-0.327,0.40007317,0.6933532,-0.274,1.6678993,0.36357,0.55348456,0.3162016,0.7653241
94,1.5840000000000012,1.0,1.0,0.19470644,1.0,-0.05409626,-0.59092814,0.11652039,0.5082988,-0.10766071,0.22971696,-0.25228447,1.0,-1.0,-0.708225,-1.0,0.6027042,0.040072564,-0.94622695,0.7225881,-1.0,0.1594054,-0.3991668,0.06528926,3.0527,2.0933,1.3859494,2.0933,-1.3934853,-1.8691096,-2.3359425,0.2897303,0.5990163,1.0067502,0.43753913,0.57,-0.296,0.029883651,-0.327,0.3435414,0.7471928,-0.21799538,1.4343463,0.36357,0.5688851,0.287911,0.8468247
95,1.6020000000000012,1.0,1.0,-0.44767442,1.0,-0.11940626,-0.31784517,0.13315974,0.21357942,0.060946364,0.44545764,-0.16445982,1.0,-1.0,-0.7780256,-1.0,0.6278845,0.12927626,-0.7895765,0.2651404,-1.0,0.12650071,-0.3983071,0.23007703,3.0527,2.0933,1.311322,2.0933,-1.4133903,-1.9220943,-2.3137448,0.12174027,0.7681292,1.2314441,0.5273398,0.57,-0.296,-0.042813692,-0.327,0.35789418,0.8366641,-0.054843895,0.9666061,0.36357,0.5469205,0.28873745,1.0183779
96,1.6180000000000012,1.0,1.0,-1.0,1.0,-0.1526754,-0.08357024,0.21727423,-0.25325763,0.14368892,0.66449046,-0.042208325,0.8959447,-1.0,-0.90795815,-1.0,0.73865473,0.12153485,-0.622104,-0.17857747,-1.0,0.117700025,-0.46261874,0.35201418,3.0527,2.0933,1.144622,2.0933,-1.4388413,-1.9360255,-2.2775252,-0.14435685,0.85112,1.4595668,0.65234196,0.5106885,-0.296,-0.17813842,-0.327,0.4210332,0.82889944,0.1195787,0.5129045,0.36357,0.54104584,0.22691147,1.1453211
97,1.6340000000000012,1.0,1.0,-1.0,1.0,-0.13048424,-0.052966896,0.27447796,-0.45792663,0.13027132,0.7607356,-0.008046803,0.84019774,-1.0,-1.0,-1.0,0.78767294,0.07721221,-0.55468833,-0.33849168,-1.0,0.18120153,-0.5889851,0.32889462,3.0527,2.0933,0.977922,2.0933,-1.460593,-1.9448551,-2.2317698,-0.2610182,0.8376621,1.5598061,0.68727213,0.4789127,-0.296,-0.274,-0.327,0.44897357,0.78444386,0.1897921,0.34939227,0.36357,0.58343446,0.10542919,1.1212524
98,1.6520000000000012,1.0,0.9764249,-1.0,1.0,-0.09226527,-0.08333443,0.30247927,-0.49314946,0.10250762,0.8133935,0.026388848,0.81125647,-1.0,-1.0,-0.9109473,0.88047916,0.103553265,-0.5399233,-0.41461697,-1.0,0.21060444,-0.65892744,0.25287393,3.0527,2.0933,0.811222,2.0933,-1.4759736,-1.958747,-2.1813464,-0.2810952,0.80981517,1.6146493,0.7224826,0.46241617,-0.296,-0.274,-0.23594363,0.50187314,0.8108639,0.20516987,0.27155414,0.36357,0.60306156,0.038190104,1.0421107
99,1.6680000000000013,1.0,0.7023775,-1.0,1.0,0.044788294,-0.2507122,0.23209937,-0.37255907,0.018083248,0.79610866,0.11252987,0.80541015,-1.0,-1.0,-0.8165442,1.0,0.21764746,-0.59718055,-0.33698922,-1.0,0.24956177,-0.71637225,0.040515095,3.0527,2.0933,0.644522,2.0933,-1.4685074,-2.0005407,-2.1426554,-0.21235867,0.7251375,1.5966471,0.8105618,0.4590838,-0.296,-0.274,-0.13941643,0.57,0.9253004,0.14553647,0.35092852,0.36357,0.6290664,-0.017034464,0.8210334
100,1.6840000000000013,1.0,0.44532117,-1.0,1.0,0.22796702,-0.33796433,0.1883453,-0.14362246,0.007203642,0.7640039,0.19286482,0.85588163,-1.0,-1.0,-0.73802876,1.0,0.3883446,-0.6106077,-0.21058744,-1.0,0.24354337,-0.7991707,-0.19029093,3.0527,2.0933,0.477822,2.0933,-1.4305054,-2.0568793,-2.1112583,-0.081864804,0.71422523,1.56321,0.8927043,0.48785254,-0.296,-0.274,-0.059134413,0.57,1.0965096,0.1315521,0.48017433,0.36357,0.625049,-0.09663273,0.58075166
101,1.7020000000000013,1.0,0.68595773,0.36717397,1.0,0.20997892,-0.3901089,0.08169089,0.69049156,0.116386235,0.5424217,-0.10915907,1.0,-1.0,-0.74580026,-1.0,0.926984,0.41008762,-0.6009624,0.43673474,-1.0,0.33001167,-0.98893493,-0.29998147,3.0527,2.0933,0.5390299,2.0933,-1.3955019,-2.0933,-2.0976403,0.3935802,0.8237354,1.3324322,0.58388484,0.57,-0.296,-0.009250968,-0.327,0.5283809,1.1183178,0.14159766,1.1420612,0.36357,0.6827684,-0.2790626,0.46655777
102,1.7180000000000013,1.0,1.0,1.0,1.0,0.32451296,0.06955807,-0.39592105,1.0,0.2185299,0.0069843624,-0.20395358,1.0,-1.0,-0.19786823,-1.0,0.7375775,0.42854366,-0.6354545,0.49676326,-1.0,0.4965896,-1.0,-0.10137075,3.0527,2.0933,0.7057299,2.0933,-1.3414055,-2.0817046,-2.1636405,0.57,0.9261855,0.7747742,0.48695746,0.57,-0.296,0.56142026,-0.327,0.4204192,1.1368293,0.10567416,1.2034404,0.36357,0.7939628,-0.2897,0.6733225
103,1.7340000000000013,1.0,1.0,1.0,1.0,0.28840908,0.29154122,-0.5869028,1.0,0.29627955,-0.22483101,-0.22224413,1.0,-1.0,0.008421876,-1.0,0.6188914,0.44416967,-0.6572927,0.5016073,-1.0,0.57925546,-1.0,0.02261615,3.0527,2.0933,0.8724299,2.0933,-1.2933278,-2.0331047,-2.2614772,0.57,1.0041684,0.5333385,0.46825537,0.57,-0.296,0.7762714,-0.327,0.35276812,1.1525022,0.082929626,1.2083935,0.36357,0.849144,-0.2897,0.80239964
104,1.7520000000000013,1.0,1.0,1.0,0.8073729,0.21589658,0.37130338,-0.5618958,1.0,0.2230551,-0.37377146,-0.16837333,0.99898255,-1.0,0.17255166,-1.0,0.53225,0.3035618,-0.5868333,0.59623665,-1.0,0.6404358,-1.0,0.08179301,3.0527,2.0933,1.0391299,2.0933,-1.2573378,-1.9712085,-2.3551452,0.57,0.93072426,0.378217,0.52333826,0.56942004,-0.296,0.9472126,-0.327,0.3033825,1.0114725,0.15631312,1.3051519,0.36357,0.8899832,-0.2897,0.86400604
105,1.7680000000000013,1.0,1.0,1.0,1.0,0.17596085,0.3372576,-0.2835489,1.0,0.25455105,-0.22053403,-0.25563508,0.97318226,-1.0,-0.013887607,-1.0,0.49119982,0.22281556,-0.5729949,0.59864706,-1.0,0.6434741,-1.0,-0.046942532,3.0527,2.0933,1.2058299,2.0933,-1.2280052,-1.9149877,-2.4024127,0.57,0.9623147,0.5378138,0.43411312,0.5547139,-0.296,0.7530361,-0.327,0.2799839,0.930484,0.17072582,1.3076166,0.36357,0.89201134,-0.2897,0.72998524
106,1.7840000000000014,1.0,1.0,1.0,1.0,0.1663485,0.42177233,-0.02747916,1.0,0.3066939,-0.06934128,-0.22117308,0.8945412,-1.0,-0.03589841,-1.0,0.45571682,0.2720087,-0.48629114,0.4298541,-1.0,0.61050594,-1.0,-0.09063864,3.0527,2.0933,1.3725299,2.0933,-1.2002748,-1.8446782,-2.4069936,0.57,1.014614,0.695281,0.46935052,0.50988847,-0.296,0.7301118,-0.327,0.2597586,0.9798247,0.26102778,1.1350259,0.36357,0.87000436,-0.2897,0.6844952
107,1.8020000000000014,1.0,1.0,0.7227773,1.0,0.17399488,0.47720885,0.13231386,1.0,0.32146367,0.061140783,-0.197832,0.8453122,-1.0,-0.13688597,-1.0,0.48092398,0.30871278,-0.42015183,0.25592256,-1.0,0.5612228,-1.0,-0.11693889,3.0527,2.0933,1.4930168,2.0933,-1.1712699,-1.7651274,-2.3849368,0.57,1.0294281,0.8311781,0.49321678,0.48182794,-0.296,0.62493324,-0.327,0.27412668,1.0166389,0.32991186,0.9571808,0.36357,0.8371068,-0.2897,0.65711516
108,1.8180000000000014,1.0,1.0,0.37890178,1.0,0.18850248,0.51023513,0.18008514,1.0,0.3200611,0.13927539,-0.18894167,0.8107679,-1.0,-0.25685793,-1.0,0.5222241,0.3499794,-0.39862838,0.12660754,-1.0,0.51390773,-0.99902403,-0.10347223,3.0527,2.0933,1.5561798,2.0933,-1.1398466,-1.6800712,-2.3549166,0.57,1.0280212,0.91255534,0.5023071,0.4621377,-0.296,0.49998248,-0.327,0.29766774,1.0580293,0.35232854,0.8249562,0.36357,0.805523,-0.28876176,0.6711347
109,1.8340000000000014,1.0,1.0,0.1962059,1.0,0.18683049,0.5011402,0.15683137,1.0,0.28579542,0.13617125,-0.19424744,0.8157476,-1.0,-0.3069769,-1.0,0.5615963,0.3482945,-0.41428915,0.088947654,-1.0,0.43969572,-0.9498181,-0.0630005,3.0527,2.0933,1.5888873,2.0933,-1.1087018,-1.5965312,-2.3287728,0.57,0.9936528,0.9093224,0.496882,0.46497613,-0.296,0.44778353,-0.327,0.32010987,1.0563394,0.33601785,0.78644896,0.36357,0.7559849,-0.24145761,0.71326804
110,1.8520000000000014,1.0,1.0,0.26925784,1.0,0.1487243,0.45643595,0.14080413,0.99478656,0.23893824,0.106502675,-0.2373099,0.813781,-1.0,-0.3188744,-1.0,0.5969122,0.2786707,-0.43018076,0.11305821,-1.0,0.34743893,-0.8992309,-0.030668138,3.0527,2.0933,1.6337726,2.0933,-1.0839095,-1.5204433,-2.3053007,0.56702834,0.94665504,0.87842256,0.4528506,0.46385518,-0.296,0.43539232,-0.327,0.34023994,0.9865067,0.31946674,0.81110203,0.36357,0.6944015,-0.19282563,0.7469278
111,1.8680000000000014,1.0,1.0,0.47542983,1.0,0.051088803,0.34272525,0.11022754,1.0,0.10161191,0.024762684,-0.26360518,0.83400846,-1.0,-0.2517171,-1.0,0.6663035,0.15318924,-0.50288177,0.24668586,-1.0,0.18968265,-0.789161,0.0020855684,3.0527,2.0933,1.7130268,2.0933,-1.0753931,-1.4633111,-2.2869258,0.57,0.80891675,0.7932903,0.4259637,0.47538483,-0.296,0.50533664,-0.327,0.37979302,0.8606488,0.24374864,0.9477363,0.36357,0.5890958,-0.08700995,0.7810262
112,1.8840000000000015,1.0,1.0,0.55834717,1.0,-0.09037981,0.21111648,0.13315912,1.0,-0.044733312,0.030183742,-0.25767916,0.82200664,-1.0,-0.16954133,-1.0,0.8399843,0.0056607677,-0.55723614,0.33047196,-1.0,-0.07291193,-0.55541724,0.09996092,3.0527,2.0933,1.8061032,2.0933,-1.0904593,-1.4281179,-2.2647283,0.57,0.6621325,0.79893637,0.43202305,0.4685438,-0.296,0.5909227,-0.327,0.47879106,0.7126778,0.18713857,1.0334076,0.36357,0.4138083,0.13769963,0.88291985
113,1.9020000000000015,1.0,1.0,0.5586926,1.0,-0.28481933,0.05374011,0.16466154,1.0,-0.21503748,0.08385103,-0.20923027,0.77834535,-1.0,-0.10422637,-1.0,1.0,-0.13434789,-0.6157736,0.4204368,-1.0,-0.37780118,-0.27799445,0.22534132,3.0527,2.0933,1.8992373,2.0933,-1.1379387,-1.4191594,-2.2372792,0.57,0.49131742,0.85483086,0.48156205,0.44365686,-0.296,0.65894824,-0.327,0.57,0.57224905,0.12617178,1.1253966,0.36357,0.21028817,0.40440002,1.0134478
114,1.9180000000000015,1.0,1.0,0.48500177,1.0,-0.50006497,-0.08941304,0.19797553,1.0,-0.39295143,0.120247535,-0.14073716,0.76652646,-1.0,-0.08214345,-1.0,1.0,-0.24123433,-0.67612904,0.48871803,-0.98157215,-0.68175066,0.029300649,0.34720346,3.0527,2.0933,1.980087,2.0933,-1.2212995,-1.4340646,-2.2042766,0.57,0.31286973,0.8927378,0.5515962,0.43692008,-0.296,0.6819476,-0.327,0.57,0.46504197,0.0633116,1.1952142,0.3740115,0.0073953727,0.6998182,1.1403129
115,1.9340000000000015,1.0,1.0,0.27405098,0.93654203,-0.6637163,-0.20930792,0.2248639,1.0,-0.52009916,0.14652142,-0.08342974,0.7639983,-1.0,-0.13925543,-1.0,1.0,-0.29252386,-0.75271964,0.51577544,-0.9528475,-0.89439696,0.26859996,0.43439534,3.0527,2.0933,2.0257714,2.0933,-1.331941,-1.4689562,-2.166792,0.57,0.18534054,0.92010206,0.6101931,0.43547904,-0.296,0.6224655,-0.327,0.57,0.41359857,-0.016457506,1.2228804,0.3902873,-0.1345506,0.9298686,1.2310845
116,1.9520000000000015,1.0,1.0,-0.08435167,0.8743094,-0.77729535,-0.33288822,0.22863556,1.0,-0.6259314,0.13871795,-0.023378326,0.75479954,-1.0,-0.260205,-1.0,1.0,-0.31162456,-0.8538248,0.5447727,-0.9421276,-1.0,0.44880745,0.52351993,3.0527,2.0933,2.01171,2.0933,-1.4615161,-1.5244488,-2.1286783,0.57,0.07919082,0.9119747,0.67159563,0.43023574,-0.296,0.4964965,-0.327,0.57,0.39444056,-0.12175852,1.2525301,0.39636138,-0.20504288,1.103111,1.323868
117,1.9680000000000015,1.0,1.0,-0.597041,0.86369467,-0.81531966,-0.4368495,0.2301478,1.0,-0.69474137,0.11084884,-0.01114012,0.7376785,-1.0,-0.4386762,-1.0,1.0,-0.29677522,-0.9598718,0.5737737,-0.9485017,-1.0,0.57275885,0.6511096,3.0527,2.0933,1.9121832,2.0933,-1.59743,-1.5972716,-2.0903127,0.57,0.010174408,0.88294905,0.6841092,0.42047676,-0.296,0.31061873,-0.327,0.57,0.40933445,-0.23220651,1.2821836,0.3927497,-0.20504288,1.2222717,1.4566959
118,1.9840000000000015,1.0,1.0,-0.9023203,0.9709415,-0.7636352,-0.4591094,0.23455001,1.0,-0.67061704,0.106499724,-0.054085534,0.71944684,-1.0,-0.5511147,-1.0,1.0,-0.2732641,-1.0,0.5726812,-0.9468125,-1.0,0.54957074,0.7097383,3.0527,2.0933,1.7617664,2.0933,-1.724728,-1.673805,-2.051213,0.57,0.034371104,0.87841946,0.6401975,0.4100847,-0.296,0.19351406,-0.327,0.57,0.4329161,-0.274,1.2810665,0.39370683,-0.20504288,1.1999798,1.5177317
119,2.002000000000001,1.0,1.0,-1.0,1.0,-0.6352708,-0.43918,0.19302644,1.0,-0.5751457,0.09672686,-0.0949419,0.7003718,-1.0,-0.61144966,-1.0,1.0,-0.21440929,-1.0,0.56808597,-0.9470334,-0.9781729,0.38325328,0.6749428,3.0527,2.0933,1.5950664,2.0933,-1.8306276,-1.7470163,-2.0190356,0.57,0.13012885,0.868241,0.59842193,0.3992119,-0.296,0.13067518,-0.327,0.57,0.49194747,-0.274,1.2763679,0.39358166,-0.19047283,1.0400906,1.4815075
120,2.0179999999999993,1.0,1.0,-0.90765816,1.0,-0.45352224,-0.37616482,0.13857849,0.67621875,-0.42111236,0.16181703,-0.12012039,0.7113743,-1.0,-0.62269783,-1.0,1.0,-0.15465261,-0.95724976,0.5335198,-0.99927926,-0.6963795,0.03938249,0.5656602,3.0527,2.0933,1.4437598,2.0933,-1.9062297,-1.809723,-1.9959346,0.3854447,0.2846243,0.9360324,0.5726769,0.40548334,-0.296,0.11896021,-0.327,0.57,0.55188346,-0.22947563,1.241024,0.3639784,-0.0023696837,0.7095104,1.3677384
121,2.0339999999999976,1.0,1.0,-0.7805325,1.0,-0.37554172,-0.2442165,0.10743053,0.33342695,-0.2542011,0.29671174,-0.12043919,0.6661143,-1.0,-0.63858485,-1.0,1.0,-0.06272646,-0.8204455,0.4347112,-1.0,-0.46072045,-0.32356238,0.5117741,3.0527,2.0933,1.313645,2.0933,-1.9688326,-1.850434,-1.9780259,0.19005336,0.4520363,1.0765253,0.5723509,0.37968513,-0.296,0.10241388,-0.327,0.57,0.64408535,-0.08699396,1.1399922,0.36357,0.15493777,0.3605933,1.31164
122,2.0519999999999956,1.0,1.0,-0.73206025,1.0,-0.31861857,-0.17174862,0.047552597,-0.04555135,-0.051032837,0.50743294,-0.1653633,0.63309133,-1.0,-0.7311509,-1.0,1.0,0.03115977,-0.63734096,0.294321,-1.0,-0.16614918,-0.62067837,0.44687155,3.0527,2.0933,1.1916106,2.0933,-2.0219462,-1.8790644,-1.970099,-0.02596427,0.65581405,1.2959914,0.526416,0.36086205,-0.296,0.0060063116,-0.327,0.57,0.73825324,0.103709385,0.9964432,0.36357,0.3515704,0.07496085,1.2440729
123,2.067999999999994,1.0,0.9068982,-0.7781653,1.0,-0.15686311,-0.22830305,-0.072236225,-0.42453468,0.106212035,0.62001526,-0.17508654,0.6705246,-1.0,-0.94292915,-1.0,1.0,0.15065536,-0.506051,0.23479314,-1.0,0.19738238,-0.873131,0.2834301,3.0527,2.0933,1.0618905,2.0933,-2.0480955,-1.9171225,-1.9821407,-0.24198477,0.8135307,1.4132459,0.516474,0.38219902,-0.296,-0.2145607,-0.327,0.57,0.8581073,0.24044788,0.93557596,0.36357,0.59423554,-0.16773446,1.0739213
124,2.083999999999992,1.0,0.926297,-0.32016197,1.0,-0.012929955,-0.2069699,0.022987317,-0.35271758,0.2425914,0.6288537,-0.24851647,0.7692579,-1.0,-0.9020593,-1.0,0.9063169,0.20400131,-0.3946682,0.3790319,-1.0,0.51367825,-1.0,0.05847156,3.0527,2.0933,1.0085194,2.0933,-2.0502508,-1.9516244,-1.9783087,-0.20104901,0.9503192,1.4224511,0.44139192,0.438477,-0.296,-0.17199478,-0.327,0.5166006,0.9116133,0.3564531,1.0830601,0.36357,0.8053698,-0.2897,0.8397271
125,2.10199999999999,1.0,1.0,0.28984186,1.0,0.22153798,-0.18325111,0.095529154,0.12291673,0.38822955,0.46118498,-0.34285584,1.0,-1.0,-0.8905195,-1.0,0.7247019,0.2689199,-0.40701282,0.61191857,-1.0,0.7894764,-1.0,-0.21199295,3.0527,2.0933,1.0568361,2.0933,-2.0133204,-1.9821724,-1.962384,0.07006253,1.0963942,1.2478242,0.3449299,0.57,-0.296,-0.15997607,-0.327,0.41308007,0.97672665,0.34359616,1.3211868,0.36357,0.98947096,-0.2897,0.5581587
126,2.1179999999999883,1.0,0.85698724,0.54367864,1.0,0.3714877,-0.13025911,0.039329153,0.6560505,0.46086636,0.24828574,-0.28749838,1.0,-1.0,-0.9295095,-1.0,0.6240462,0.5090624,-0.509043,0.6773822,-1.0,0.8997683,-1.0,-0.42632577,3.0527,2.0933,1.1474673,2.0933,-1.9513934,-2.0038865,-1.9558278,0.37394878,1.1692489,1.0260895,0.4015329,0.57,-0.296,-0.20058416,-0.327,0.35570633,1.2175896,0.23733173,1.3881233,0.36357,1.0630932,-0.2897,0.3350264
127,2.1339999999999866,1.0,0.45279947,0.7858082,0.5572008,0.5847462,-0.033221062,-0.27350017,1.0,0.40786383,0.12740788,-0.12832542,0.9729251,-1.0,-0.8129901,-1.0,0.58893245,0.81173027,-0.6617097,0.72389084,-1.0,1.0,-1.0,-0.75861466,3.0527,2.0933,1.2784616,2.0933,-1.8539162,-2.0094244,-2.0014203,0.57,1.1160874,0.9001953,0.56428725,0.55456734,-0.296,-0.07922922,-0.327,0.3356915,1.5211655,0.07832932,1.4356784,0.36357,1.13,-0.2897,-0.010904584
128,2.1519999999999846,1.0,0.8592467,1.0,1.0,0.49977168,-0.15961781,-1.0,0.9959952,0.4155344,-0.20248502,-0.35947272,1.0,-1.0,-0.45398998,-1.0,0.77381426,0.73837924,-0.7219536,1.0,-1.0,0.8989932,-1.0,-0.47792977,3.0527,2.0933,1.4451616,2.0933,-1.7706043,-2.036033,-2.1681204,0.56771725,1.123781,0.55661184,0.32793915,0.57,-0.296,0.29466942,-0.327,0.44107413,1.4475944,0.015585356,1.718,0.36357,1.0625758,-0.2897,0.28130382
129,2.167999999999983,1.0,1.0,1.0,1.0,0.47367552,0.42995328,-0.86873883,1.0,0.6698977,-0.59087205,-0.5275649,1.0,-1.0,-0.25190726,-1.0,0.6190264,0.557565,-0.6016435,0.87536323,-1.0,1.0,-1.0,0.019428017,3.0527,2.0933,1.6118616,2.0933,-1.6916425,-1.9643596,-2.3129392,0.57,1.3789073,0.15210676,0.15606491,0.57,-0.296,0.5051386,-0.327,0.35284507,1.2662376,0.14088829,1.5905589,0.36357,1.13,-0.2897,0.7990806
130,2.183999999999981,1.0,1.0,1.0,1.0,0.38021424,0.7685712,-0.7124089,0.89156103,0.8104669,-0.62623954,-0.5318019,0.96554595,-1.0,-0.123360954,-1.0,0.44510633,0.4567871,-0.45903686,0.5923037,-1.0,0.98832417,-1.0,0.2320174,3.0527,2.0933,1.7785616,2.0933,-1.6282609,-1.8362387,-2.4316976,0.5081898,1.5198983,0.11527152,0.15173258,0.5503612,-0.296,0.63901955,-0.327,0.2537106,1.1651574,0.28941312,1.3011305,0.36357,1.1222061,-0.2897,1.0203979
131,2.201999999999979,1.0,1.0,1.0,1.0,0.21722926,0.8305641,-0.5668945,1.0,0.7055637,-0.5642699,-0.38001266,0.8260251,-1.0,0.061226882,-1.0,0.37571612,0.43534818,-0.3986614,0.5262643,-1.0,0.88332224,-1.0,0.23074073,3.0527,2.0933,1.9452616,2.0933,-1.5920488,-1.6977837,-2.5261989,0.57,1.4146804,0.1798129,0.30693707,0.4708343,-0.296,0.8312678,-0.327,0.21415819,1.1436542,0.35229415,1.2336053,0.36357,1.0521151,-0.2897,1.0190688
132,2.2179999999999773,1.0,1.0,1.0,1.0,0.19392024,0.7989101,-0.4869902,1.0,0.61709785,-0.5215961,-0.36430264,0.82242393,-1.0,-0.06583577,-1.0,0.27357352,0.3084913,-0.44396552,0.48939,-1.0,0.82698834,-1.0,0.14022592,3.0527,2.0933,2.1119616,2.0933,-1.5597222,-1.5646055,-2.6073802,0.57,1.3259492,0.2242577,0.32300055,0.46878165,-0.296,0.69893205,-0.327,0.15593691,1.0164168,0.30510992,1.1959013,0.36357,1.014511,-0.2897,0.9248379
133,2.2339999999999756,1.0,1.0,1.0,1.0,0.14182156,0.7419347,-0.2552651,1.0,0.49852178,-0.49245244,-0.3376163,0.9350245,-1.0,-0.14234892,-1.0,0.20703398,0.17338184,-0.4706153,0.44759056,-1.0,0.71581656,-1.0,0.04691592,3.0527,2.0933,2.2786615,2.0933,-1.5360806,-1.4409249,-2.6499329,0.57,1.2070173,0.25461078,0.35028735,0.532964,-0.296,0.6192436,-0.327,0.118009366,0.880902,0.27735418,1.1531614,0.36357,0.9403015,-0.2897,0.82769704
134,2.2519999999999736,1.0,1.0,1.0,1.0,0.0655086,0.70466375,0.05410136,1.0,0.41657487,-0.44010833,-0.38729426,1.0,-1.0,-0.26038578,-1.0,0.19769037,0.057148304,-0.4918855,0.34503075,-1.0,0.5103326,-1.0,0.012199493,3.0527,2.0933,2.4453616,2.0933,-1.5251603,-1.3234575,-2.6409142,0.57,1.1248246,0.30912718,0.2994916,0.57,-0.296,0.4963082,-0.327,0.11268351,0.7643198,0.25520125,1.048294,0.36357,0.8031365,-0.2897,0.79155535
135,2.267999999999972,1.0,1.0,1.0,1.0,-0.05694405,0.58912575,0.23599632,1.0,0.24227977,-0.31157005,-0.46894434,1.0,-1.0,-0.43921986,-1.0,0.35226765,-0.009899204,-0.5613919,0.32042617,-1.0,0.29488212,-0.9278909,0.01697299,3.0527,2.0933,2.6120615,2.0933,-1.5346528,-1.2252502,-2.6015737,0.57,0.9500066,0.44299978,0.21600442,0.57,-0.296,0.3100525,-0.327,0.20079257,0.6970711,0.18281035,1.0231358,0.36357,0.6593187,-0.2203779,0.7965248
136,2.28399999999997,1.0,1.0,0.58902925,1.0,-0.24421124,0.36885813,0.2516455,1.0,0.016585622,-0.14976612,-0.526953,1.0,-1.0,-0.64772767,-1.0,0.673336,-0.0823045,-0.7047741,0.33010966,-1.0,-0.03621157,-0.5276552,0.11117208,3.0527,2.0933,2.7102528,2.0933,-1.5753629,-1.1637615,-2.5596242,0.57,0.7236354,0.61151856,0.15669058,0.57,-0.296,0.09289163,-0.327,0.38380155,0.6244486,0.033477794,1.0330371,0.36357,0.43830657,0.16438869,0.8945913
137,2.301999999999968,1.0,1.0,-0.3836188,1.0,-0.5838424,-0.1118805,-0.023908187,1.0,-0.36309704,-0.14926687,-0.44019648,1.0,-1.0,-1.0,-1.0,1.0,-0.0816408,-1.0,0.4275911,-1.0,-0.6402806,0.05080952,0.3763559,3.0527,2.0933,2.6463034,2.0933,-1.6726894,-1.182412,-2.5636098,0.57,0.34281367,0.61203855,0.24539909,0.57,-0.296,-0.274,-0.327,0.57,0.62511426,-0.274,1.1327119,0.36357,0.03507752,0.72049576,1.1706622
138,2.3179999999999663,1.0,1.0,-0.77139,0.7718468,-1.0,-0.50949174,-0.0421121,1.0,-0.9686406,-0.06375793,-0.3849522,1.0,-1.0,-1.0,-1.0,1.0,-0.21318305,-1.0,0.5920506,-1.0,-1.0,0.59076065,0.75199825,3.0527,2.0933,2.5177128,2.0933,-1.8393894,-1.2673444,-2.5706298,0.57,-0.26454654,0.7010961,0.30188638,0.57,-0.296,-0.274,-0.327,0.57,0.4931774,-0.274,1.3008717,0.36357,-0.20504288,1.2395778,1.5617266
139,2.3339999999999645,1.0,1.0,-0.4520763,0.65647745,-1.0,-0.68834084,0.10105868,1.0,-1.0,0.18239436,-0.335583,1.0,-1.0,-0.88010716,-1.0,1.0,-0.52220184,-1.0,0.72280216,-1.0,-1.0,0.7786291,0.8924725,3.0527,2.0933,2.4423516,2.0933,-2.0060894,-1.3820907,-2.5537834,0.57,-0.296,0.95746374,0.3523664,0.57,-0.296,-0.14913161,-0.327,0.57,0.18323156,-0.274,1.4345652,0.36357,-0.20504288,1.4201851,1.707968
140,2.3519999999999626,1.0,1.0,-0.67155606,0.71094435,-1.0,-0.86204,-0.065928444,1.0,-1.0,0.13966084,-0.34009823,1.0,-1.0,-0.9770421,-1.0,1.0,-0.47288132,-1.0,0.9099922,-1.0,-1.0,0.8015266,1.0,3.0527,2.0933,2.3304033,2.0933,-2.1727893,-1.5257928,-2.5647738,0.57,-0.296,0.9129568,0.34774956,0.57,-0.296,-0.25008932,-0.327,0.57,0.23270003,-0.274,1.625967,0.36357,-0.20504288,1.4421976,1.81991
141,2.367999999999961,1.0,1.0,-0.4645972,0.6191448,-1.0,-0.9981818,-0.015948225,1.0,-1.0,0.14839673,-0.2801992,1.0,-1.0,-0.8625387,-1.0,1.0,-0.5283306,-1.0,1.0,-1.0,-1.0,0.6140248,0.95877105,3.0527,2.0933,2.252955,2.0933,-2.3394895,-1.6921897,-2.5674322,0.57,-0.296,0.9220552,0.4089963,0.57,-0.296,-0.13083406,-0.327,0.57,0.17708439,-0.274,1.718,0.36357,-0.20504288,1.2619427,1.7769884
142,2.383999999999959,1.0,1.0,-0.27176183,1.0,-0.8726483,-1.0,-0.03448038,1.0,-0.75772786,0.21344751,-0.29171,1.0,-1.0,-0.98038423,-1.0,1.0,-0.42626077,-1.0,1.0,-1.0,-0.8112655,0.14553143,0.7198748,3.0527,2.0933,2.207652,2.0933,-2.4849598,-1.8588897,-2.5731802,0.57,-0.053001046,0.9898056,0.39722654,0.57,-0.296,-0.25357017,-0.327,0.57,0.27946046,-0.274,1.718,0.36357,-0.07905858,0.81155664,1.5282843
143,2.401999999999957,1.0,1.0,-0.055777013,1.0,-0.26938125,-0.8360714,-0.15044664,0.42190146,-0.25705191,0.36603644,-0.48874637,1.0,-1.0,-0.99960095,-1.0,0.92400914,-0.24049468,-1.0,1.0,-1.0,-0.020428617,-0.5382308,0.22618644,3.0527,2.0933,2.1983542,2.0933,-2.5298657,-1.9982628,-2.5982597,0.24048384,0.44917694,1.1487269,0.19575684,0.57,-0.296,-0.2735844,-0.327,0.52668524,0.46578383,-0.274,1.718,0.36357,0.44884202,0.15422185,1.0143275
144,2.4179999999999553,1.0,1.0,-0.011636272,1.0,0.3675607,-0.40554318,-0.083547816,-0.7307085,0.18420526,0.45018744,-0.5246461,1.0,-1.0,-0.7581246,-1.0,0.313495,-0.37675667,-0.88675773,1.0,-1.0,0.6099676,-1.0,-0.040020496,3.0527,2.0933,2.1964145,2.0933,-2.4685934,-2.065867,-2.612187,-0.41650385,0.8917579,1.2363702,0.15904936,0.57,-0.296,-0.02208676,-0.327,0.17869216,0.32911307,-0.15605818,1.718,0.36357,0.869645,-0.2897,0.73719144
145,2.4339999999999535,1.0,1.0,-0.29898244,1.0,0.7469142,0.23475294,-0.08166288,-1.0,0.33455908,0.56606114,-0.48448524,1.0,-1.0,-0.45371905,-1.0,0.3966982,-0.68335557,-0.2662787,0.8379655,-1.0,1.0,-1.0,-0.015545918,3.0527,2.0933,2.146574,2.0933,-2.3440828,-2.0267336,-2.6258001,-0.57,1.0425627,1.3570527,0.20011385,0.57,-0.296,0.29495162,-0.327,0.22611798,0.021594364,0.49017072,1.5523198,0.36357,1.13,-0.2897,0.7626708
146,2.4519999999999516,1.0,1.0,-0.24755336,1.0,0.818874,0.52647007,-0.12289433,-1.0,0.51247406,0.6098496,-0.4343808,1.0,-1.0,-0.50017893,-1.0,0.6729197,-0.7007139,-0.013365608,0.6835097,-1.0,1.0,-1.0,-0.1444301,3.0527,2.0933,2.1053069,2.0933,-2.2075765,-1.9389709,-2.6462867,-0.57,1.2210115,1.4026583,0.25134563,0.57,-0.296,0.24656364,-0.327,0.38356423,0.0041839853,0.75357974,1.3943887,0.36357,1.13,-0.2897,0.62849534
147,2.46799999999995,1.0,1.0,-0.0600826,1.0,0.97007006,0.6504465,-0.2946509,-1.0,0.62659717,0.4763791,-0.39320934,1.0,-1.0,-0.77340376,-1.0,0.7410727,-0.6457237,-0.098252214,0.57992715,-1.0,1.0,-1.0,-0.3122868,3.0527,2.0933,2.0952911,2.0933,-2.0458658,-1.8305415,-2.695405,-0.57,1.335477,1.2636489,0.29344344,0.57,-0.296,-0.03800002,-0.327,0.42241144,0.05933913,0.6651703,1.2884755,0.36357,1.13,-0.2897,0.45374727
148,2.483999999999948,1.0,1.0,0.3060067,1.0,1.0,0.6604647,-0.41011566,-0.8551367,0.63055575,0.21039006,-0.38618323,1.0,-1.0,-1.0,-1.0,0.52403843,-0.33614457,-0.39110595,0.5044826,-1.0,1.0,-1.0,-0.6395936,3.0527,2.0933,2.1463025,2.0933,-1.8791658,-1.720442,-2.7637713,-0.48742792,1.3394474,0.98662126,0.30062765,0.57,-0.296,-0.274,-0.327,0.2987019,0.369847,0.36016315,1.2113335,0.36357,1.13,-0.2897,0.11300288
149,2.501999999999946,1.0,1.0,0.9037629,1.0,1.0,0.5773818,-0.27959707,0.22473115,0.673632,-0.010915285,-0.3413833,1.0,-1.0,-1.0,-1.0,0.21030809,0.08962858,-0.64839894,0.55314386,-1.0,1.0,-1.0,-0.91139144,3.0527,2.0933,2.2969596,2.0933,-1.7124658,-1.6241925,-2.8103802,0.12809676,1.3826529,0.7561317,0.34643558,0.57,-0.296,-0.274,-0.327,0.11987561,0.7968975,0.09219251,1.2610896,0.36357,1.13,-0.2897,-0.16995361
150,2.5179999999999443,1.0,1.0,1.0,1.0,1.0,0.46998498,-0.39255354,0.8273004,0.6585825,-0.18659805,-0.29761276,1.0,-1.0,-1.0,-1.0,0.0900047,0.45032963,-0.684456,0.46928185,-1.0,1.0,-1.0,-0.93957263,3.0527,2.0933,2.4636598,2.0933,-1.5457658,-1.545846,-2.8758187,0.47156125,1.3675582,0.57315814,0.39119095,0.57,-0.296,-0.274,-0.327,0.05130268,1.1586807,0.054639086,1.1753407,0.36357,1.13,-0.2897,-0.19929178
151,2.5339999999999425,1.0,1.0,1.0,0.992349,1.0,0.57895154,-0.48121426,1.0,0.68918145,-0.34356272,-0.35221586,1.0,-1.0,-1.0,-1.0,-0.028270973,0.44803292,-0.77065676,0.48405117,-1.0,1.0,-1.0,-0.8172913,3.0527,2.0933,2.6303596,2.0933,-1.3790658,-1.4493349,-2.9560373,0.57,1.398249,0.4096794,0.33535928,0.57,-0.296,-0.274,-0.327,-0.016114455,1.156377,-0.03513902,1.1904423,0.36357,1.13,-0.2897,-0.071990214
152,2.5519999999999405,1.0,1.0,1.0,1.0,0.78418547,0.6498804,-0.44754857,1.0,0.72843105,-0.57315797,-0.45627666,1.0,-1.0,-0.5584378,-1.0,0.008959742,0.34408575,-0.7511155,0.56398535,-1.0,1.0,-1.0,-0.47934914,3.0527,2.0933,2.7970598,2.0933,-1.248342,-1.3409997,-3.0306435,0.57,1.4376163,0.17055598,0.22895712,0.57,-0.296,0.18588701,-0.327,0.005107053,1.0521181,-0.014786794,1.2721751,0.36357,1.13,-0.2897,0.2798262
153,2.5679999999999388,1.0,1.0,1.0,1.0,0.6385875,0.7068666,-0.34484887,1.0,0.77948964,-0.6600963,-0.4784822,1.0,-1.0,-0.24475276,-1.0,0.014156418,0.2674408,-0.65079504,0.51023245,-1.0,1.0,-1.0,-0.19264638,3.0527,2.0933,2.9637597,2.0933,-1.1418896,-1.223165,-3.0881298,0.57,1.4888281,0.080009714,0.20625196,0.57,-0.296,0.51259,-0.327,0.0080691585,0.9752431,0.089696966,1.2172127,0.36357,1.13,-0.2897,0.5782995
154,2.583999999999937,1.0,1.0,1.0,1.0,0.47761223,0.6383223,-0.14982998,1.0,0.66963375,-0.5833355,-0.44960582,1.0,-1.0,-0.10392719,-1.0,0.14157045,0.16195509,-0.578474,0.5064161,-1.0,0.97959083,-1.0,-0.05224952,3.0527,2.0933,3.0527,2.0933,-1.0622716,-1.1167568,-3.1131065,0.57,1.3786427,0.15995605,0.23577805,0.57,-0.296,0.65925986,-0.327,0.08069515,0.869441,0.16501935,1.2133105,0.36357,1.1163764,-0.2897,0.72446036
155,2.601999999999935,1.0,1.0,1.0,1.0,0.26624218,0.4990001,-0.185856,1.0,0.44220206,-0.50848496,-0.47495112,1.0,-1.0,-0.30754736,-1.0,0.3025736,0.10834163,-0.62650055,0.4658131,-1.0,0.69843435,-1.0,0.018564137,3.0527,2.0933,3.0527,2.0933,-1.017889,-1.0335734,-3.1440887,0.57,1.1505287,0.23791291,0.20986249,0.57,-0.296,0.44718942,-0.327,0.17246695,0.8156667,0.11499968,1.1717939,0.36357,0.9286985,-0.2897,0.7981813
156,2.6179999999999333,1.0,1.0,1.0,0.90408194,-0.12051565,0.30450326,-0.11337499,1.0,0.049810443,-0.40411103,-0.5717833,1.0,-1.0,-0.5499035,-1.0,0.75344044,-0.09210082,-0.79142535,0.384948,-1.0,0.19890271,-0.88523906,0.023404421,3.0527,2.0933,3.0527,2.0933,-1.037979,-0.98281276,-3.1629884,0.57,0.75695986,0.34661835,0.11085157,0.57,-0.296,0.19477549,-0.327,0.42946106,0.6146229,-0.056769498,1.0891093,0.36357,0.59525037,-0.17937458,0.8032203
157,2.6339999999999315,1.0,1.0,1.0,0.43022433,-0.5646234,-0.064023174,0.079712704,1.0,-0.34384257,-0.1952739,-0.6646829,1.0,-1.0,-0.725629,-1.0,1.0,-0.40983012,-0.9865347,0.29260868,-1.0,-0.53217596,-0.035647523,0.08001375,3.0527,2.0933,3.0527,2.0933,-1.1321017,-0.9934854,-3.1497002,0.57,0.3621259,0.5641222,0.015861709,0.57,-0.296,0.011757426,-0.327,0.57,0.2959404,-0.2599759,0.9946924,0.36357,0.10723969,0.63738024,0.8621537
158,2.6519999999999295,1.0,1.0,1.0,0.66210544,-0.90953237,-0.33212355,-0.030152697,1.0,-0.5653672,-0.0077454504,-0.5846952,1.0,-1.0,-0.97594404,-1.0,1.0,-0.8155996,-1.0,0.3639903,-1.0,-0.84727895,0.29045093,0.20584846,3.0527,2.0933,3.0527,2.0933,-1.2837207,-1.0488504,-3.1547267,0.57,0.13993667,0.7594331,0.097649135,0.57,-0.296,-0.24894571,-0.327,0.57,-0.11104642,-0.274,1.0676801,0.36357,-0.10309832,0.950875,0.9931546
159,2.6679999999999278,1.0,1.0,0.87819964,0.74354625,-1.0,-0.62944406,-0.22264932,1.0,-0.8838128,0.16355193,-0.39977244,1.0,-1.0,-1.0,-1.0,1.0,-1.0,-1.0,0.5850708,-1.0,-1.0,0.54380065,0.34583992,3.0527,2.0933,3.0527,2.0933,-1.4504207,-1.1537787,-3.1918423,0.57,-0.17946422,0.9378393,0.28673267,0.57,-0.296,-0.274,-0.327,0.57,-0.296,-0.274,1.2937349,0.36357,-0.20504288,1.1944327,1.1388934
160,2.683999999999926,1.0,1.0,0.63248914,0.6596861,-1.0,-0.8211936,-0.2845256,1.0,-1.0,0.38211513,-0.27547136,1.0,-1.0,-0.9617884,-1.0,1.0,-1.0,-1.0,0.77304345,-1.0,-1.0,0.84473306,0.4135239,3.0527,2.0933,3.0527,2.0933,-1.6171207,-1.2906717,-3.2392728,0.57,-0.296,1.1654729,0.41383055,0.57,-0.296,-0.23420264,-0.327,0.57,-0.296,-0.274,1.4859369,0.36357,-0.20504288,1.4837341,1.2093562
161,2.701999999999924,1.0,1.0,-0.85684216,0.56353617,-1.0,-0.9525767,-0.7458305,1.0,-1.0,0.47981834,-0.15028988,1.0,-1.0,-1.0,-1.0,1.0,-1.0,-1.0,0.9058617,-1.0,-1.0,1.0,0.64694613,3.0527,2.0933,2.9098644,2.0933,-1.7838207,-1.4494662,-3.3636026,0.57,-0.296,1.2672307,0.5418286,0.57,-0.296,-0.274,-0.327,0.57,-0.296,-0.274,1.6217436,0.36357,-0.20504288,1.633,1.4523615
162,2.7179999999999223,1.0,1.0,-1.0,0.19538032,-1.0,-0.89120513,-0.7007978,1.0,-1.0,0.83946604,0.00840314,1.0,-0.921263,-1.0,-1.0,1.0,-1.0,-1.0,0.7375078,-1.0,-1.0,1.0,0.55208313,3.0527,2.0933,2.7431643,2.0933,-1.9505208,-1.5980301,-3.4804256,0.57,-0.296,1.6418039,0.7040922,0.57,-0.21702677,-0.274,-0.327,0.57,-0.296,-0.274,1.4496018,0.36357,-0.20504288,1.633,1.353604
163,2.7339999999999205,1.0,1.0,-0.57619697,-0.232064,-1.0,-0.82783145,-0.12504546,1.0,-1.0,1.0,0.07395895,1.0,-0.97459525,-1.0,-1.0,1.0,-1.0,-1.0,0.4735419,-1.0,-1.0,1.0,0.06732693,3.0527,2.0933,2.6471124,2.054615,-2.1172206,-1.7360296,-3.5012708,0.57,-0.296,1.809,0.77112305,0.57,-0.27051905,-0.274,-0.327,0.57,-0.296,-0.274,1.1796966,0.36357,-0.20504288,1.633,0.84894603
164,2.7519999999999185,1.0,1.0,0.8120617,0.52742547,-1.0,-0.6356123,0.31312764,1.0,-1.0,0.80688643,0.091806605,1.0,-1.0,-0.9436359,-1.0,1.0,-1.0,-0.96997464,0.36483383,-1.0,-1.0,1.0,-0.44866487,3.0527,2.0933,2.782483,2.0933,-2.2839208,-1.8419862,-3.4490724,0.57,-0.296,1.6078722,0.78937227,0.57,-0.296,-0.21529678,-0.327,0.57,-0.296,-0.24272859,1.0685426,0.36357,-0.20504288,1.633,0.3117702
165,2.7679999999999167,1.0,1.0,1.0,1.0,-0.45787987,-0.09246687,0.30296403,1.0,-0.62452567,0.3221573,-0.01849751,1.0,-1.0,-0.73032415,-1.0,1.0,-1.0,-0.5276488,0.7477822,-0.9023694,-0.24361385,-0.47438118,-0.6236405,3.0527,2.0933,2.949183,2.0933,-2.3602493,-1.8574004,-3.3985682,0.57,0.08060075,1.1030269,0.6765863,0.57,-0.296,0.0068673985,-0.327,0.57,-0.296,0.21795377,1.4601073,0.418889,0.29986107,0.21560365,0.12961096
166,2.783999999999915,1.0,1.0,1.0,1.0,0.069716536,0.3798085,0.20210876,0.1531682,-0.02451351,-0.10131467,-0.36585936,1.0,-1.0,-0.5583905,-1.0,0.5939916,-1.0,-0.32841983,1.0,-1.0,0.70069087,-1.0,-0.49663424,3.0527,2.0933,3.0527,2.0933,-2.3486276,-1.7940863,-3.3648767,0.08730587,0.6824129,0.66198075,0.3214088,0.57,-0.296,0.1859363,-0.327,0.33857518,-0.296,0.42545074,1.718,0.36357,0.93020475,-0.2897,0.26183143
167,2.801999999999913,1.0,1.0,1.0,1.0,-0.17994806,0.5938174,0.36828855,0.040203374,0.16624683,-0.103709884,-0.40254673,1.0,-1.0,-0.33313552,-1.0,0.53817165,-0.8759773,-0.33742604,1.0,-1.0,0.7990172,-1.0,-0.393874,3.0527,2.0933,3.0527,2.0933,-2.378625,-1.695097,-3.303483,0.022915924,0.87374556,0.6594862,0.28389597,0.57,-0.296,0.42053935,-0.327,0.30675784,-0.17160521,0.4160708,1.718,0.36357,0.99583966,-0.2897,0.3688105
168,2.8179999999999112,1.0,1.0,1.0,1.0,0.16882975,0.46991363,0.2598384,-0.5117581,0.316815,0.1637364,-0.57483274,1.0,-1.0,-0.36181304,-1.0,0.7896214,-0.7105753,-0.2989514,1.0,-1.0,1.0,-1.0,-0.4291162,3.0527,2.0933,3.0527,2.0933,-2.350481,-1.6167624,-3.260168,-0.29170212,1.0247655,0.93803144,0.107733525,0.57,-0.296,0.39067173,-0.327,0.4500842,-0.0057070083,0.45614213,1.718,0.36357,1.13,-0.2897,0.33212143
169,2.8339999999999095,1.0,1.0,0.98906606,1.0,0.47597593,0.3541464,0.06445558,-1.0,0.44595483,0.47802937,-0.5875159,1.0,-1.0,-0.5068188,-1.0,0.9992473,-0.5648153,-0.17387293,1.0,-1.0,1.0,-1.0,-0.29871994,3.0527,2.0933,3.0527,2.0933,-2.2711358,-1.5577261,-3.2494233,-0.57,1.1542927,1.2653676,0.094765,0.57,-0.296,0.23964825,-0.327,0.56957096,0.14049028,0.58641136,1.718,0.36357,1.13,-0.2897,0.4678711
170,2.8519999999999075,1.0,1.0,0.8229745,1.0,0.6839878,0.11568302,-0.06604461,-1.0,0.5759142,0.64376056,-0.61434424,1.0,-1.0,-0.5466645,-1.0,1.0,-0.36653274,-0.109327726,1.0,-1.0,1.0,-1.0,-0.25258455,3.0527,2.0933,3.0527,2.0933,-2.157115,-1.5384418,-3.260433,-0.57,1.284642,1.4379766,0.06733301,0.57,-0.296,0.19814895,-0.327,0.57,0.33936766,0.65363514,1.718,0.36357,1.13,-0.2897,0.5159006
171,2.8679999999999057,1.0,1.0,0.8503528,1.0,0.8780547,-0.06171825,-0.04889931,-1.0,0.6647875,0.653211,-0.58664626,1.0,-1.0,-0.6952179,-1.0,1.0,-0.22555192,-0.20024838,1.0,-1.0,1.0,-1.0,-0.3329086,3.0527,2.0933,3.0527,2.0933,-2.0107434,-1.5487303,-3.2685845,-0.57,1.3737818,1.4478192,0.0956542,0.57,-0.296,0.04343055,-0.327,0.57,0.48077142,0.5589413,1.718,0.36357,1.13,-0.2897,0.43227884
172,2.883999999999904,1.0,1.0,0.91857046,1.0,1.0,-0.42427364,-0.118752226,-0.89362663,0.6636918,0.6816854,-0.5647026,1.0,-1.0,-0.8882345,-1.0,0.929868,-0.0666211,-0.38488418,1.0,-1.0,1.0,-1.0,-0.55517393,3.0527,2.0933,3.0527,2.0933,-1.8440434,-1.6194566,-3.2883804,-0.50936717,1.3726829,1.4774753,0.11809162,0.57,-0.296,-0.15759623,-0.327,0.53002477,0.64017904,0.36664313,1.718,0.36357,1.13,-0.2897,0.2008884
173,2.901999999999902,1.0,1.0,0.8165528,1.0,1.0,-0.87587255,-0.026735205,-0.26510757,0.63702786,0.6059574,-0.4655209,1.0,-1.0,-1.0,-1.0,0.8858854,0.40395534,-0.6475958,1.0,-1.0,1.0,-1.0,-0.66848356,3.0527,2.0933,3.0527,2.0933,-1.6773434,-1.7654647,-3.2928371,-0.15111132,1.3459389,1.3986046,0.2195049,0.57,-0.296,-0.274,-0.327,0.5049547,1.1121672,0.09302895,1.718,0.36357,1.13,-0.2897,0.082926854
174,2.9179999999999002,1.0,1.0,0.6611143,1.0,1.0,-0.733468,-0.016194541,0.06856823,0.6002323,0.4160756,-0.49939093,1.0,-1.0,-1.0,-1.0,0.7071195,0.43153474,-0.7663325,0.96091944,-1.0,1.0,-1.0,-0.64042,3.0527,2.0933,3.0527,2.0933,-1.5106434,-1.8877337,-3.2955368,0.03908389,1.309033,1.2008427,0.18487278,0.57,-0.296,-0.274,-0.327,0.40305814,1.1398294,-0.030635307,1.6780401,0.36357,1.13,-0.2897,0.11214253
175,2.9339999999998985,1.0,1.0,1.0,1.0,0.9632675,0.20412521,-0.0651799,0.525298,0.7182317,0.04327192,-0.54384416,1.0,-1.0,-1.0,-1.0,0.40448168,0.2767641,-0.65032154,0.57536405,-1.0,1.0,-1.0,-0.49790403,3.0527,2.0933,3.0527,2.0933,-1.3500667,-1.8537061,-3.3064022,0.29941985,1.4273864,0.8125677,0.13941935,0.57,-0.296,-0.274,-0.327,0.23055455,0.9845944,0.09019011,1.2838098,0.36357,1.13,-0.2897,0.26050952
176,2.9519999999998965,1.0,1.0,1.0,1.0,0.89534444,0.7617019,-0.40806913,0.98476446,0.9008081,-0.53842187,-0.5039932,1.0,-1.0,-0.8932339,-1.0,-0.09630166,0.20729864,-0.681912,0.29010773,-1.0,1.0,-1.0,-0.4126814,3.0527,2.0933,3.0527,2.0933,-1.2008127,-1.7267303,-3.3744273,0.5613157,1.6105105,0.20673363,0.18016694,0.57,-0.296,-0.1628031,-0.327,-0.054891948,0.9149205,0.057288647,0.99213517,0.36357,1.13,-0.2897,0.34923097
177,2.9679999999998947,1.0,1.0,1.0,0.8548805,0.71965784,0.98646736,-0.3017149,1.0,0.92854404,-0.8185898,-0.435583,1.0,-1.0,-0.46903273,-1.0,-0.322584,0.17206019,-0.6185435,0.24998626,-1.0,1.0,-1.0,-0.23738724,3.0527,2.0933,3.0527,2.0933,-1.0808457,-1.5622863,-3.4247231,0.57,1.6383296,-0.08506128,0.25011638,0.57,-0.296,0.2790024,-0.327,-0.18387288,0.8795764,0.12328694,0.95111096,0.36357,1.13,-0.2897,0.53172183
178,2.983999999999893,1.0,1.0,1.0,0.64095056,0.55108285,0.8930846,-0.12852706,1.0,0.76496327,-0.85294926,-0.39114118,1.0,-1.0,-0.17346755,-1.0,-0.18307744,0.20052472,-0.54392433,0.3278714,-1.0,1.0,-1.0,-0.11909288,3.0527,2.0933,3.0527,2.0933,-0.98898023,-1.4134091,-3.4461486,0.57,1.4742582,-0.12084666,0.29555815,0.57,-0.296,0.58683354,-0.327,-0.10435414,0.9081263,0.2010028,1.0307485,0.36357,1.13,-0.2897,0.6548728
179,3.001999999999891,1.0,1.0,1.0,0.54241896,0.39194334,0.7410876,0.0067776553,1.0,0.46708882,-0.790667,-0.4073483,1.0,-1.0,0.07345099,-1.0,0.25141916,0.10127636,-0.4164041,0.37281755,-1.0,0.71916384,-1.0,0.08577469,3.0527,2.0933,3.0527,2.0933,-0.9236433,-1.2898698,-3.4450188,0.57,1.1754901,-0.055979677,0.27898636,0.57,-0.296,0.8439992,-0.327,0.14330892,0.80858016,0.33381513,1.0767059,0.36357,0.9425358,-0.2897,0.8681512
180,3.017999999999889,1.0,1.0,1.0,0.38789716,0.14912261,0.45386678,-0.15980147,1.0,0.10328627,-0.763808,-0.47452593,1.0,-1.0,-0.1510345,-1.0,0.7084628,-0.012028267,-0.471242,0.41714713,-1.0,0.30089134,-1.0,0.040216267,3.0527,2.0933,3.0527,2.0933,-0.8987846,-1.2142102,-3.4716578,0.57,0.8105961,-0.028006045,0.21029724,0.57,-0.296,0.61019754,-0.327,0.4038238,0.6949356,0.27670145,1.1220329,0.36357,0.66332996,-0.2897,0.82072234
181,3.0339999999998875,1.0,1.0,1.0,0.21108672,-0.20416306,0.12494773,-0.18558596,1.0,-0.2295858,-0.57045376,-0.54758835,1.0,-1.0,-0.45494822,-1.0,1.0,-0.22552776,-0.6927215,0.3224531,-1.0,-0.25270656,-0.3028665,-0.028058557,3.0527,2.0933,3.0527,2.0933,-0.93281853,-1.1933814,-3.502595,0.57,0.47672546,0.1733724,0.13559091,0.57,-0.296,0.29367143,-0.327,0.57,0.48079565,0.046030574,1.0252084,0.36357,0.2937915,0.3804893,0.7496445
182,3.0519999999998855,1.0,1.0,1.0,0.26340124,-0.53218645,-0.059234124,-0.09073663,1.0,-0.47119364,-0.34223554,-0.48439237,1.0,-1.0,-0.5764979,-1.0,1.0,-0.5474777,-0.85887396,0.35796565,-1.0,-0.57895184,0.0552467,-0.013293801,3.0527,2.0933,3.0527,2.0933,-1.021534,-1.2032557,-3.5177207,0.57,0.23439278,0.4110617,0.2002088,0.57,-0.296,0.16707742,-0.327,0.57,0.15787984,-0.12701723,1.0615199,0.36357,0.07601579,0.7247614,0.7650154
183,3.0679999999998837,1.0,1.0,1.0,0.21735208,-0.9731322,-0.25338122,-0.061887402,1.0,-0.78749746,-0.12689269,-0.28715423,1.0,-1.0,-0.51370275,-1.0,1.0,-0.9318991,-1.0,0.53076136,-1.0,-0.9787193,0.3650755,0.094150186,3.0527,2.0933,3.0527,2.0933,-1.1837552,-1.2454944,-3.5280373,0.57,-0.082859956,0.6353413,0.4018848,0.57,-0.296,0.23247859,-0.327,0.57,-0.22769476,-0.274,1.2382035,0.36357,-0.19083756,1.0226153,0.8768705
184,3.083999999999882,1.0,1.0,1.0,0.18618467,-1.0,-0.4366223,-0.043388415,1.0,-1.0,0.14735681,-0.088200435,1.0,-0.9612582,-0.27599016,-1.0,1.0,-1.0,-1.0,0.7706169,-1.0,-1.0,0.6791744,0.2641434,3.0527,2.0933,3.0527,2.0933,-1.3504552,-1.3182793,-3.5352702,0.57,-0.296,0.9209721,0.605315,0.57,-0.25714195,0.48005626,-0.327,0.57,-0.296,-0.274,1.4834558,0.36357,-0.20504288,1.3245744,1.0538428
185,3.10199999999988,1.0,0.9711588,0.2467785,0.15129699,-1.0,-0.6995371,-0.45241368,1.0,-1.0,0.2575531,0.20977838,1.0,-0.85438263,-0.43157896,-1.0,1.0,-1.0,-1.0,1.0,-1.0,-1.0,0.92143667,0.5139286,3.0527,2.0933,3.0527,2.0933,-1.5171552,-1.4348922,-3.6106875,0.57,-0.296,1.0357416,0.9099984,0.57,-0.14994578,0.3180105,-0.327,0.57,-0.296,-0.274,1.718,0.36357,-0.20504288,1.5574732,1.313883
186,3.117999999999878,1.0,0.89523476,-0.8374451,-0.1871555,-1.0,-0.79391277,-0.77241147,1.0,-1.0,0.40610194,0.44614932,1.0,-0.6789675,-0.5486784,-1.0,1.0,-1.0,-1.0,1.0,-1.0,-1.0,1.0,0.6973901,3.0527,2.0933,2.9130979,2.0621011,-1.6838552,-1.5672374,-3.7394485,0.57,-0.296,1.1904552,1.1516876,0.57,0.025995621,0.19605145,-0.327,0.57,-0.296,-0.274,1.718,0.36357,-0.20504288,1.633,1.5048764
187,3.1339999999998764,1.0,1.0,-1.0,-0.85633165,-1.0,-0.69164246,-0.7463142,1.0,-1.0,0.77186227,0.47644302,1.0,-0.4228021,-0.33476272,-1.0,1.0,-1.0,-1.0,1.0,-1.0,-1.0,1.0,0.6031654,3.0527,2.0933,2.746398,1.9193507,-1.8505552,-1.6825342,-3.8638592,0.57,-0.296,1.5713946,1.182663,0.57,0.2829295,0.4188446,-0.327,0.57,-0.296,-0.274,1.718,0.36357,-0.20504288,1.633,1.4067833
188,3.1519999999998745,1.0,0.88471144,-1.0,-1.0,-1.0,-0.519273,-0.44212586,1.0,-1.0,1.0,0.447522,0.82551277,-0.3135687,0.044774152,-1.0,1.0,-1.0,-1.0,0.90900326,-1.0,-1.0,1.0,0.4121523,3.0527,2.0933,2.5796978,1.7526507,-2.017255,-1.769097,-3.9375615,0.57,-0.296,1.809,1.1530913,0.47054228,0.3924906,0.8141323,-0.327,0.57,-0.296,-0.274,1.6249558,0.36357,-0.20504288,1.633,1.2079282
189,3.1679999999998727,1.0,0.54334563,-1.0,-1.0,-1.0,-0.30525425,-0.03751876,1.0,-1.0,1.0,0.4491694,0.815371,-0.39652395,0.19183382,-1.0,1.0,-1.0,-1.0,0.66833407,-1.0,-1.0,1.0,0.16744965,3.0527,2.0933,2.412998,1.5859507,-2.1839552,-1.8199829,-3.943816,0.57,-0.296,1.809,1.1547757,0.46476147,0.30928648,0.96729493,-0.327,0.57,-0.296,-0.274,1.3788716,0.36357,-0.20504288,1.633,0.9531793
190,3.183999999999871,1.0,1.0,0.28715652,-0.30093226,-1.0,-0.1576489,0.53212655,1.0,-0.9482534,0.5692297,0.34698436,1.0,-1.0,-0.36939326,-1.0,1.0,-1.0,-0.65928525,0.79868144,-0.7370372,-1.0,0.47556314,-0.21359888,3.0527,2.0933,2.460867,1.5357853,-2.350655,-1.8462629,-3.8551104,0.57,-0.24409816,1.3603528,1.0502915,0.57,-0.296,0.38277692,-0.327,0.57,-0.296,0.080854416,1.5121517,0.51256865,-0.20504288,1.1288326,0.55648685
191,3.201999999999869,1.0,1.0,0.89673096,0.30348897,-0.6828133,0.24888122,0.70310944,1.0,-0.28002515,0.11748002,0.06505024,0.62079114,-1.0,0.2573777,-0.8382555,1.0,-0.9936645,-0.37508848,1.0,-0.61056757,-0.10490553,-0.73068714,-0.28852725,3.0527,2.0933,2.610352,1.5863769,-2.4644802,-1.8047744,-3.7379022,0.57,0.42613477,0.88985544,0.76201385,0.35385096,-0.296,1.0355589,-0.16161628,0.57,-0.2896455,0.37684533,1.718,0.5842283,0.39245185,-0.030796083,0.47848228
192,3.217999999999867,1.0,1.0,1.0,0.4041702,-0.51976866,0.4117224,0.5651714,0.54433584,0.09199752,-0.0129700955,0.089713484,0.57157373,-1.0,0.54766774,-0.6305256,1.0,-0.36284783,-0.25410143,1.0,-0.729373,0.47502533,-1.0,-0.11940743,3.0527,2.0933,2.777052,1.6537521,-2.5511255,-1.7361404,-3.643688,0.31027144,0.7992735,0.75399166,0.78723204,0.32579702,-0.296,1.337896,0.050787587,0.57,0.34306362,0.5028534,1.718,0.5169113,0.77956814,-0.2897,0.6545453
193,3.2339999999998654,1.0,1.0,1.0,-0.42901954,-0.5814496,0.30166277,0.46062434,0.8051017,0.06711791,-0.1440627,0.19341843,0.21494171,-1.0,0.71474975,-0.575379,1.0,0.21203144,-0.23251335,1.0,-0.78739846,0.36199573,-1.0,-0.066928744,3.0527,2.0933,2.943752,1.5822345,-2.6480532,-1.6858531,-3.566902,0.45890796,0.77431923,0.6174587,0.8932703,0.12251677,-0.296,1.5119119,0.107174955,0.57,0.91966754,0.52533734,1.718,0.48403323,0.7041185,-0.2897,0.7091785
194,3.2519999999998634,1.0,1.0,1.0,-0.36395958,-0.45240954,0.16648535,0.2775885,0.83468765,-0.021174796,-0.0069091674,0.11588539,0.17330101,-1.0,0.6242757,-0.59619874,1.0,0.41451925,-0.24770896,1.0,-0.75273883,0.40230444,-1.0,-0.30755782,3.0527,2.0933,3.0527,1.5215625,-2.72347,-1.6581,-3.520628,0.47577196,0.6857617,0.7603041,0.8139928,0.09878158,-0.296,1.4176831,0.08588679,0.57,1.1227628,0.5095111,1.718,0.5036719,0.7310254,-0.2897,0.45867038
195,3.2679999999998617,1.0,0.99751234,1.0,-0.59743947,-0.24625926,0.09972881,0.080400065,0.9246622,-0.02340858,0.15046257,0.15838519,0.14639154,-1.0,0.4807429,-0.6297914,1.0,0.7118808,-0.30631974,1.0,-0.72770023,0.54539067,-1.0,-0.5405562,3.0527,2.0933,3.0527,1.4219693,-2.7645214,-1.6414752,-3.5072253,0.5270574,0.6835212,0.9242068,0.8574489,0.08344318,-0.296,1.2681937,0.051538315,0.57,1.4210165,0.448468,1.718,0.51785916,0.8265385,-0.2897,0.21610627
196,3.28399999999986,1.0,1.0,1.0,-0.25259253,-0.12847762,0.36593887,-0.035328735,0.6994916,0.14783058,0.0723264,0.06093244,0.33809128,-1.0,0.20686877,-0.7277231,1.0,0.43267617,-0.32446316,1.0,-0.5902513,0.72684145,-1.0,-0.60904115,3.0527,2.0933,3.0527,1.3798621,-2.7859385,-1.5804732,-3.5131145,0.39871022,0.8552741,0.8428279,0.75780344,0.19271204,-0.296,0.98295385,-0.048596893,0.57,1.1409742,0.42957163,1.718,0.5957397,0.9476608,-0.2897,0.14480966
197,3.301999999999858,1.0,1.0,1.0,-0.030160697,-0.029505365,0.40065587,0.05839477,0.7159442,0.23196527,0.096582346,-0.05962489,0.4393392,-1.0,0.11457793,-0.79353845,1.0,0.34133795,-0.28831747,1.0,-0.60153353,0.785846,-1.0,-0.6830764,3.0527,2.0933,3.0527,1.3748343,-2.790857,-1.5136839,-3.50338,0.40808818,0.93966115,0.8680905,0.6345335,0.25042334,-0.296,0.8868329,-0.115893066,0.57,1.049362,0.46721736,1.718,0.58934706,0.9870476,-0.2897,0.06773492
198,3.317999999999856,1.0,1.0,1.0,0.36031005,0.0053546345,0.4397693,0.21834862,0.6480564,0.34531936,0.28884923,-0.16910516,0.486856,-1.0,-0.031843863,-0.9160199,1.0,0.42644796,-0.18186961,0.88945305,-0.69509757,0.7933934,-1.0,-0.6664707,3.0527,2.0933,3.0527,1.434898,-2.7899644,-1.4403744,-3.4669814,0.36939213,1.0533553,1.0683365,0.52259,0.27750793,-0.296,0.7343346,-0.24113037,0.57,1.1347274,0.5780828,1.6049658,0.5363323,0.99208564,-0.2897,0.08502234
199,3.3339999999998544,1.0,1.0,0.7878793,0.80989945,0.004183165,0.42324606,0.31439108,0.397884,0.35194242,0.6512722,-0.15946203,0.4600449,-1.0,-0.12805232,-0.9474174,1.0,0.5051886,-0.022417348,0.5273377,-0.726863,0.66529185,-1.0,-0.547474,3.0527,2.0933,3.0527,1.5699083,-2.789267,-1.3698193,-3.4145725,0.22679389,1.0599983,1.4458,0.5324501,0.2622256,-0.296,0.6341335,-0.27323428,0.57,1.2137041,0.7441523,1.2347028,0.5183335,0.90657514,-0.2897,0.20890443
200,3.3519999999998524,1.0,0.96222174,0.24997492,0.9147998,-0.12187881,0.29539612,0.30651504,0.19271803,0.27193326,1.0,-0.046620052,0.245531,-1.0,-0.08042853,-0.8608287,1.0,0.8233326,0.10781785,0.18104732,-0.72071207,0.29981917,-1.0,-0.36167133,3.0527,2.0933,3.0527,1.7224054,-2.8095844,-1.3205767,-3.3634763,0.109849274,0.9797491,1.809,0.647831,0.13995266,-0.296,0.6837337,-0.18469734,0.57,1.5328026,0.8797923,0.8806209,0.52181876,0.6626143,-0.2897,0.40233526
201,3.3679999999998507,1.0,0.45291248,-0.18374722,0.92205244,-0.291678,0.22710212,0.23576446,0.041548636,0.2194055,1.0,0.1189382,-0.07668731,-1.0,-0.028022371,-0.7653982,1.0,1.0,0.33366117,-0.17807919,-0.69511104,-0.13060717,-1.0,-0.118549466,3.0527,2.0933,3.0220695,1.8761115,-2.858207,-1.2827188,-3.3241744,0.023682723,0.9270637,1.809,0.8171143,-0.04371177,-0.296,0.7383147,-0.08711966,0.57,1.71,1.1150081,0.513414,0.5363247,0.37529546,-0.2897,0.6554385
202,3.3859999999998487,1.0,0.2591133,-0.37361655,0.7572515,-0.4083676,0.29805148,0.2529244,0.22932205,0.2054752,1.0,0.28090864,-0.21587214,-1.0,0.1531519,-0.7696489,1.0,1.0,0.47854117,-0.43829477,-0.5936669,-0.47175625,-1.0,-0.039862096,3.0527,2.0933,2.9597874,2.0023453,-2.926282,-1.2330337,-3.282012,0.13071357,0.9130916,1.809,0.9827291,-0.12304712,-0.296,0.9270077,-0.09146601,0.57,1.71,1.2659006,0.2473436,0.5938044,0.14757115,-0.2897,0.73735636
203,3.401999999999847,1.0,0.29507297,-0.21892367,0.6539399,-0.6511654,0.3828185,0.40894556,0.90826875,0.1673762,1.0,0.29390416,-0.30716774,-1.0,0.6153539,-1.0,1.0,1.0,0.4871584,-0.08476177,-0.58027637,-0.7632787,-1.0,0.11020821,3.0527,2.0933,2.9232929,2.0933,-3.0348313,-1.1692177,-3.2138407,0.5177132,0.87487835,1.809,0.996017,-0.1750856,-0.296,1.4083911,-0.327,0.57,1.71,1.2748754,0.6088311,0.60139173,-0.047026362,-0.2897,0.8935878
204,3.417999999999845,1.0,0.492855,-0.32399625,0.85169786,-0.69614977,0.41227707,0.5449104,1.0,0.15846932,1.0,0.2834523,-0.1796852,-1.0,0.72292876,-1.0,1.0,1.0,0.44807455,0.031508386,-0.57703143,-0.9430289,-0.82125765,0.26722318,3.0527,2.0933,2.8692827,2.0933,-3.0527,-1.1004912,-3.1230042,0.57,0.86594474,1.809,0.98533,-0.10242057,-0.296,1.5204303,-0.327,0.57,1.71,1.2341696,0.72771734,0.60323036,-0.16701348,-0.11786604,1.057049
205,3.435999999999843,1.0,0.47831786,-0.536509,0.6090495,-0.744804,0.3291339,0.37493727,1.0,0.08241874,0.97888863,0.25022885,-0.18909827,-1.0,0.7289189,-1.0,1.0,1.0,0.32682154,0.19255823,-0.5875647,-1.0,-0.6828886,0.3655397,3.0527,2.0933,2.7798467,2.0933,-3.0527,-1.0456245,-3.060502,0.57,0.789666,1.7870125,0.951359,-0.107786015,-0.296,1.526669,-0.327,0.57,1.71,1.1078846,0.8923908,0.597262,-0.20504288,0.015155018,1.1594019
206,3.4519999999998414,1.0,0.40868896,-0.7193558,0.38385916,-0.8445306,0.2976183,0.20838179,1.0,0.023700047,0.86480975,0.23955281,-0.25878987,-1.0,0.75020605,-1.0,1.0,1.0,0.28469762,0.29771954,-0.58463216,-1.0,-0.5983169,0.4449326,3.0527,2.0933,2.65993,2.0933,-3.0527,-0.99601156,-3.025765,0.57,0.7307711,1.6681993,0.94044274,-0.14751023,-0.296,1.5488396,-0.327,0.57,1.71,1.0640125,0.9999182,0.5989236,-0.20504288,0.09645804,1.2420543
207,3.4679999999998397,1.0,0.39052725,-0.7926821,0.23748498,-0.96314955,0.30202183,0.111701325,1.0,-0.020569753,0.7500283,0.24130572,-0.28270015,-1.0,0.77443373,-1.0,1.0,1.0,0.26377925,0.38963997,-0.56760204,-1.0,-0.49993566,0.497917,3.0527,2.0933,2.5277898,2.0933,-3.0527,-0.9456645,-3.0071442,0.57,0.6863685,1.5486544,0.9422351,-0.16113909,-0.296,1.5740727,-0.327,0.57,1.71,1.0422261,1.0939069,0.6085732,-0.20504288,0.19103685,1.297214
208,3.4859999999998377,1.0,0.3889748,-0.88595116,0.13229583,-1.0,0.3339741,0.051716637,1.0,-0.047556188,0.6516416,0.2504789,-0.29813,-1.0,0.77900726,-1.0,1.0,1.0,0.24950333,0.45474827,-0.54878914,-1.0,-0.39017925,0.5567689,3.0527,2.0933,2.380102,2.0933,-3.0527,-0.88999104,-2.998523,0.57,0.65930116,1.4461848,0.9516147,-0.16993411,-0.296,1.5788361,-0.327,0.57,1.71,1.0273577,1.1604801,0.61923283,-0.20504288,0.29655117,1.358482
209,3.501999999999836,1.0,0.41953284,-0.957267,0.06887792,-1.0,0.3810541,0.04221536,1.0,-0.05532379,0.5738799,0.2571228,-0.3103355,-1.0,0.7708682,-1.0,1.0,1.0,0.2340097,0.51247996,-0.52829933,-1.0,-0.31078508,0.5996275,3.0527,2.0933,2.2205255,2.0933,-3.0527,-0.82646936,-2.9914858,0.57,0.65151024,1.3651959,0.95840806,-0.17689122,-0.296,1.5703592,-0.327,0.57,1.71,1.011221,1.2195108,0.6308427,-0.20504288,0.37287676,1.4031003
210,3.517999999999834,1.0,0.47555637,-1.0,0.07868706,-1.0,0.43242154,0.04406632,1.0,-0.052445408,0.5087787,0.27172133,-0.30449697,-1.0,0.73150635,-1.0,1.0,1.0,0.22553642,0.5652442,-0.4968175,-1.0,-0.24645801,0.6289848,3.0527,2.0933,2.0538254,2.0933,-3.0527,-0.7543847,-2.98414,0.57,0.65439725,1.297393,0.9733351,-0.17356327,-0.296,1.5293639,-0.327,0.57,1.71,1.0023962,1.2734622,0.64868075,-0.20504288,0.4347176,1.4336628
211,3.535999999999832,1.0,0.5282854,-1.0,0.08987199,-1.0,0.48618478,0.049590956,1.0,-0.052959066,0.43596405,0.2999029,-0.30353436,-1.0,0.69654477,-1.0,1.0,1.0,0.21818013,0.6324379,-0.45420602,-1.0,-0.20666017,0.6507407,3.0527,2.0933,1.8871255,2.0933,-3.0527,-0.67333764,-2.9758732,0.57,0.6538821,1.2215565,1.0021507,-0.17301458,-0.296,1.4929514,-0.327,0.57,1.71,0.9947346,1.3421677,0.67282504,-0.20504288,0.47297725,1.4563118
212,3.5519999999998304,1.0,0.5763329,-1.0,0.09486966,-1.0,0.5293309,0.045933377,1.0,-0.06199148,0.33428112,0.32911852,-0.3030258,-1.0,0.64879036,-1.0,1.0,1.0,0.20225485,0.7124407,-0.412473,-1.0,-0.16873333,0.6718712,3.0527,2.0933,1.7204255,2.0933,-3.0527,-0.5850982,-2.968216,0.57,0.64482254,1.1156538,1.0320237,-0.17272471,-0.296,1.4432151,-0.327,0.57,1.71,0.9781484,1.4239707,0.69647163,-0.20504288,0.5094382,1.4783099
213,3.5679999999998286,1.0,0.63336444,-1.0,0.12987499,-1.0,0.58269614,0.053739857,1.0,-0.06376909,0.23044533,0.36513203,-0.31520125,-1.0,0.6122461,-1.0,1.0,1.0,0.20443077,0.7918249,-0.36353216,-1.0,-0.15459825,0.6902799,3.0527,2.0933,1.5537255,2.0933,-3.0527,-0.48796275,-2.9592576,0.57,0.6430396,1.0075088,1.0688475,-0.17966472,-0.296,1.4051543,-0.327,0.57,1.71,0.9804146,1.5051409,0.7242022,-0.20504288,0.52302694,1.4974743
214,3.5859999999998267,1.0,0.6965684,-1.0,0.16099553,-1.0,0.6268995,0.057039272,1.0,-0.06488086,0.11647051,0.41075417,-0.33036384,-0.94365025,0.56896377,-1.0,1.0,1.0,0.2110507,0.86476165,-0.31135535,-1.0,-0.13105343,0.70589095,3.0527,2.0933,1.3870255,2.0933,-3.0527,-0.3834586,-2.9497492,0.57,0.6419245,0.888804,1.1154962,-0.18830739,-0.2394812,1.3600757,-0.327,0.57,1.71,0.98730934,1.5797188,0.75376636,-0.20504288,0.5456618,1.5137264
215,3.601999999999825,1.0,0.7586085,-1.0,0.14215402,-1.0,0.6523996,0.067839816,1.0,-0.07584509,-0.035873003,0.44985694,-0.35976085,-0.87812495,0.5391822,-1.0,1.0,1.0,0.21013458,0.95131606,-0.25710115,-1.0,-0.10634413,0.71845955,3.0527,2.0933,1.2203255,2.0933,-3.0527,-0.2747036,-2.9384403,0.57,0.6309274,0.73013824,1.1554787,-0.20506369,-0.17375933,1.3290583,-0.327,0.57,1.71,0.9863552,1.6682206,0.78450763,-0.20504288,0.56941605,1.5268109
216,3.617999999999823,1.0,0.8412495,-1.0,0.12045626,-1.0,0.67778593,0.10527046,1.0,-0.076208234,-0.16269985,0.483664,-0.3941327,-0.81056285,0.5365869,-1.0,1.0,1.0,0.22767504,1.0,-0.19027403,-1.0,-0.06832658,0.73256165,3.0527,2.0933,1.0536255,2.0933,-3.0527,-0.16171668,-2.9208918,0.57,0.63056314,0.5980481,1.1900464,-0.22465564,-0.10599454,1.3263552,-0.327,0.57,1.71,1.0046235,1.718,0.82237285,-0.20504288,0.60596424,1.541492
217,3.635999999999821,1.0,0.92052966,-1.0,0.06239544,-1.0,0.6803585,0.16448314,1.0,-0.06409125,-0.23710924,0.5047954,-0.45157,-0.74815583,0.5878755,-1.0,1.0,1.0,0.24137779,1.0,-0.10578042,-1.0,-0.015468668,0.76399523,3.0527,2.0933,0.88692546,2.0933,-3.0527,-0.04830092,-2.8934724,0.57,0.64271647,0.5205507,1.2116532,-0.2573949,-0.0434003,1.3797723,-0.327,0.57,1.71,1.0188949,1.718,0.8702482,-0.20504288,0.65677917,1.574216
218,3.6519999999998194,1.0,0.95926595,-1.0,-0.051411524,-1.0,0.63570863,0.21711643,1.0,-0.0746302,-0.22563359,0.5168504,-0.5735364,-0.72250605,0.6960994,-1.0,1.0,1.0,0.23890133,1.0,0.01071161,-1.0,0.03905638,0.8159204,3.0527,2.0933,0.72022545,2.0847297,-3.0527,0.05767171,-2.857279,0.57,0.6321459,0.5325026,1.2239796,-0.32691574,-0.017673565,1.4924875,-0.327,0.57,1.71,1.0163157,1.718,0.9362544,-0.20504288,0.70919687,1.628273
219,3.6679999999998176,1.0,0.9901859,-1.0,-0.07726957,-1.0,0.6302642,0.26149702,1.0,-0.053836282,-0.14405602,0.55254084,-0.6903869,-0.6668961,0.8076069,-1.0,1.0,1.0,0.27741763,1.0,0.13416989,-1.0,0.086490944,0.8570731,3.0527,2.0933,0.55352545,2.0718489,-3.0527,0.16273676,-2.8136876,0.57,0.6530022,0.6174657,1.260473,-0.39352053,0.038103208,1.6086226,-0.327,0.57,1.71,1.0564305,1.718,1.0062077,-0.20504288,0.75479805,1.6711153
220,3.6859999999998156,1.0,1.0,-1.0,-0.050919548,-1.0,0.6611814,0.27635998,1.0,0.020223234,-0.04926338,0.6094114,-0.774017,-0.5793865,0.9009112,-1.0,1.0,1.0,0.3385088,0.9818454,0.24778163,-1.0,0.12027444,0.87973624,3.0527,2.0933,0.38682547,2.0633607,-3.0527,0.2729557,-2.7676182,0.57,0.7272839,0.7161922,1.3186232,-0.44118968,0.12587537,1.705799,-0.327,0.57,1.71,1.120057,1.6994369,1.0705818,-0.20504288,0.78727585,1.6947088
221,3.701999999999814,1.0,1.0,-1.0,-0.054270163,-1.0,0.701913,0.26836246,1.0,0.12491353,0.089656495,0.66238135,-0.8558475,-0.48365474,1.0,-1.0,1.0,1.0,0.3965182,0.89724106,0.36256766,-1.0,0.14213409,0.8774722,3.0527,2.0933,0.22012548,2.0543137,-3.0527,0.38996458,-2.7228823,0.57,0.83228827,0.8608772,1.372785,-0.48783305,0.2218943,1.809,-0.327,0.57,1.71,1.1804737,1.612929,1.1356213,-0.20504288,0.8082906,1.6923518
222,3.717999999999812,1.0,0.9813,-1.0,-0.05883123,-1.0,0.76109594,0.24955745,1.0,0.25759622,0.2369869,0.70409137,-0.93955505,-0.37336373,1.0,-1.0,1.0,1.0,0.45136294,0.8060159,0.4658737,-1.0,0.13848467,0.84725624,3.0527,2.0933,0.053425476,2.0445065,-3.0527,0.51683927,-2.681281,0.57,0.965369,1.0143218,1.4154334,-0.53554636,0.33251616,1.809,-0.327,0.57,1.71,1.2375945,1.5196513,1.194156,-0.20504288,0.8047822,1.6608953
223,3.73599999999981,1.0,0.9670964,-1.0,-0.061915174,-1.0,0.829331,0.21394332,1.0,0.40151083,0.39740553,0.7459534,-1.0,-0.25753188,1.0,-1.0,1.0,0.96941626,0.48917457,0.6903548,0.5557921,-1.0,0.1105416,0.78089815,3.0527,2.0933,-0.11327452,2.0341854,-3.0527,0.6550888,-2.6456165,0.57,1.1097153,1.1813979,1.4582373,-0.57,0.4486955,1.809,-0.327,0.57,1.6793245,1.2769753,1.4013878,1.2451051,-0.20504288,0.7779192,1.591813
224,3.7519999999998084,1.0,0.91368616,-1.0,-0.05907108,-1.0,0.8716591,0.18319793,1.0,0.5535405,0.53798914,0.7958189,-1.0,-0.1489408,1.0,-1.0,1.0,0.86334693,0.49347815,0.56640726,0.6135851,-1.0,0.05003922,0.7226705,3.0527,2.0933,-0.27997452,2.0243382,-3.0527,0.80039436,-2.6150775,0.57,1.2622012,1.3278157,1.5092249,-0.57,0.55761236,1.809,-0.327,0.57,1.572937,1.2814575,1.2746514,1.2778516,-0.20504288,0.71975523,1.5311947
225,3.7679999999998066,1.0,0.88148725,-1.0,0.04808174,-1.0,0.8930978,0.21949132,1.0,0.6267358,0.66452575,0.86337143,-1.0,-0.07897043,1.0,-1.0,1.0,0.7514181,0.5311189,0.353647,0.6369064,-1.0,0.0012168474,0.6588101,3.0527,2.0933,-0.44667453,2.0323534,-3.0527,0.94927377,-2.5784883,0.57,1.335616,1.4596035,1.5782973,-0.57,0.62779266,1.809,-0.327,0.57,1.4606724,1.3206604,1.057104,1.2910657,-0.20504288,0.6728198,1.4647125
226,3.7859999999998046,1.0,0.831962,-1.0,0.06948422,-1.0,0.8778305,0.21548541,1.0,0.7047329,0.7396555,0.91307837,-0.99059546,-0.027678724,0.9461546,-1.0,1.0,0.6543907,0.5112075,0.20117474,0.6406716,-1.0,-0.045484822,0.60697865,3.0527,2.0933,-0.61337453,2.0439365,-3.0527,1.0956081,-2.542567,0.57,1.4138471,1.5378512,1.6291226,-0.5646394,0.67923826,1.75292,-0.327,0.57,1.3633538,1.2999226,0.9012012,1.2931992,-0.20504288,0.6279232,1.4107531
227,3.801999999999803,1.0,0.7568963,-1.0,0.042219028,-1.0,0.8439271,0.20002647,0.88657737,0.7964193,0.80063987,0.9474754,-0.95528054,0.017529253,0.90824234,-1.0,1.0,0.53145075,0.458747,0.10179013,0.63986886,-1.0,-0.1174051,0.54226035,3.0527,2.0933,-0.78007454,2.0509744,-3.0527,1.2362907,-2.5092225,0.5053491,1.5058086,1.6013664,1.6642935,-0.5445099,0.72458184,1.7134345,-0.327,0.57,1.2400451,1.245285,0.7995804,1.2927443,-0.20504288,0.5587826,1.3433778
228,3.817999999999801,1.0,0.6702571,-1.0,0.022285087,-1.0,0.8126491,0.17741115,0.7702717,0.90851647,0.8435434,0.981065,-0.9364575,0.07836771,0.8756076,-1.0,1.0,0.43498397,0.3871679,0.04022932,0.64107454,-1.0,-0.22076051,0.47615668,3.0527,2.0933,-0.94677454,2.0546892,-3.0527,1.3717593,-2.479648,0.43905488,1.618242,1.6460505,1.6986389,-0.5337808,0.7856028,1.6794453,-0.327,0.57,1.143289,1.1707354,0.7366345,1.2934275,-0.20504288,0.45942187,1.2745603
229,3.835999999999799,1.0,0.53646165,-1.0,0.0148715805,-1.0,0.8376676,0.14019533,0.6216483,1.0,0.8655431,1.0,-0.9117216,0.19896865,0.9517809,-1.0,1.0,0.33007628,0.2825571,0.06449765,0.61296844,-1.0,-0.40145802,0.36843288,3.0527,2.0933,-1.1134745,2.0571682,-3.0527,1.5113986,-2.4562776,0.35433954,1.71,1.6689632,1.718,-0.51968133,0.90656555,1.7587798,-0.327,0.57,1.0380665,1.0617832,0.76144886,1.2775021,-0.20504288,0.28570834,1.1624138
230,3.8519999999997974,1.0,0.5013273,-1.0,0.26359662,-1.0,1.0,0.10966034,0.26039386,1.0,0.70640886,0.94050264,-0.93378174,0.53411245,1.0,-1.0,1.0,0.26638806,0.24386509,0.3743363,0.44742528,-1.0,-0.80909634,0.12571247,3.0527,2.0933,-1.2801745,2.0933,-3.0527,1.6780986,-2.437997,0.1484245,1.71,1.5032248,1.657164,-0.5322556,1.2427148,1.809,-0.327,0.57,0.9741872,1.0214854,1.0782589,1.1837028,-0.20504288,-0.10617476,0.9097286
231,3.8679999999997956,1.0,0.56620955,-1.0,0.45255372,-1.0,1.0,0.08245988,0.022949662,1.0,0.6136763,0.9808679,-0.93871045,0.78366613,1.0,-1.0,1.0,0.15558696,0.2418377,0.43503833,0.42442122,-1.0,-0.9126276,0.15528908,3.0527,2.0933,-1.4468745,2.0933,-3.0527,1.8447986,-2.424251,0.0130813075,1.71,1.4066439,1.6984375,-0.53506494,1.4930171,1.809,-0.327,0.57,0.86305374,1.019374,1.1403267,1.1706685,-0.20504288,-0.20570453,0.94051945
232,3.8859999999997936,1.0,0.567865,-1.0,0.5090692,-1.0,1.0,0.060743283,-0.062881306,1.0,0.58587563,1.0,-0.9723047,0.90257645,1.0,-1.0,1.0,0.14747477,0.23343296,0.425348,0.4405677,-1.0,-0.952833,0.21740824,3.0527,2.0933,-1.6135745,2.0933,-3.0527,2.0114985,-2.4141252,-0.035842344,1.71,1.3776895,1.718,-0.5542137,1.6122842,1.809,-0.327,0.57,0.85491717,1.0106205,1.1304183,1.1798173,-0.20504288,-0.244356,1.005189
233,3.901999999999792,1.0,0.55375576,-1.0,0.55609107,-1.0,1.0,0.060459565,-0.12198019,1.0,0.58213043,1.0,-0.98471415,0.9812577,1.0,-1.0,1.0,0.17507863,0.22504671,0.41694802,0.44473037,-1.0,-1.0,0.24739015,3.0527,2.0933,-1.7802745,2.0933,-3.0527,2.0933,-2.4040465,-0.06952871,1.71,1.3737888,1.718,-0.56128705,1.6912014,1.809,-0.327,0.57,0.8826039,1.0018861,1.1218294,1.1821759,-0.20504288,-0.2897,1.0364017
234,3.91799999999979,1.0,0.5414047,-1.0,0.5961044,-1.0,1.0,0.06504829,-0.1787368,1.0,0.5950404,1.0,-0.98776233,1.0,1.0,-1.0,1.0,0.19203627,0.22217901,0.39760447,0.45340332,-1.0,-1.0,0.2730017,3.0527,2.0933,-1.9469745,2.0933,-3.0527,2.0933,-2.393203,-0.10187998,1.71,1.3872346,1.718,-0.5630245,1.71,1.809,-0.327,0.57,0.89961237,0.99889946,1.1020505,1.1870902,-0.20504288,-0.2897,1.0630648
235,3.935999999999788,1.0,0.53464174,-1.0,0.6340635,-1.0,1.0,0.06871183,-0.23165113,1.0,0.60751045,1.0,-0.98785985,1.0,1.0,-1.0,1.0,0.21488798,0.22617455,0.37993264,0.4621682,-1.0,-1.0,0.29597127,3.0527,2.0933,-2.1136746,2.0933,-3.0527,2.0933,-2.3817487,-0.13204114,1.71,1.4002222,1.718,-0.56308013,1.71,1.809,-0.327,0.57,0.9225326,1.0030608,1.0839812,1.1920564,-0.20504288,-0.2897,1.0869774
236,3.9519999999997864,1.0,0.5270257,-1.0,0.6619531,-1.0,1.0,0.07426353,-0.27685767,1.0,0.62444985,1.0,-0.98760474,1.0,1.0,-1.0,1.0,0.23448062,0.23094912,0.36064714,0.47154465,-1.0,-1.0,0.31713015,3.0527,2.0933,-2.2803745,2.0933,-3.0527,2.0933,-2.369369,-0.15780887,1.71,1.4178646,1.718,-0.5629347,1.71,1.809,-0.327,0.57,0.9421841,1.0080335,1.0642617,1.1973692,-0.20504288,-0.2897,1.109005
237,3.9679999999997846,1.0,0.52153015,-1.0,0.6847091,-1.0,1.0,0.07801922,-0.31656656,1.0,0.63849413,1.0,-0.9869908,1.0,1.0,-1.0,1.0,0.2531073,0.2346768,0.34423095,0.47936568,-1.0,-1.0,0.33669725,3.0527,2.0933,-2.4470744,2.0933,-3.0527,2.0933,-2.3563633,-0.18044294,1.71,1.4324917,1.718,-0.56258476,1.71,1.809,-0.327,0.57,0.96086663,1.0119159,1.0474762,1.2018008,-0.20504288,-0.2897,1.1293753
238,3.9859999999997826,1.0,0.51597023,-1.0,0.7039678,-1.0,1.0,0.0801595,-0.3538078,1.0,0.6497748,1.0,-0.9860023,1.0,1.0,-1.0,1.0,0.26418078,0.235617,0.33013994,0.4858183,-1.0,-1.0,0.3544564,3.0527,2.0933,-2.6137745,2.0933,-3.0527,2.0933,-2.3430007,-0.20167045,1.71,1.4442405,1.718,-0.5620213,1.71,1.809,-0.327,0.57,0.9719733,1.0128951,1.0330681,1.205457,-0.20504288,-0.2897,1.1478636
239,4.001999999999781,1.0,0.5106355,-1.0,0.7211002,-1.0,1.0,0.08234556,-0.38788646,1.0,0.6599271,1.0,-0.9853139,1.0,1.0,-1.0,1.0,0.27319312,0.23638768,0.31820583,0.49117777,-1.0,-1.0,0.37140563,3.0527,2.0933,-2.7804744,2.0933,-3.0527,2.0933,-2.3292737,-0.22109528,1.71,1.4548141,1.718,-0.56162894,1.71,1.809,-0.327,0.57,0.9810127,1.0136977,1.0208654,1.2084937,-0.20504288,-0.2897,1.1655087
240,4.0179999999997795,1.0,0.505479,-1.0,0.73529613,-1.0,1.0,0.084964946,-0.41824743,1.0,0.6686548,1.0,-0.9845463,1.0,1.0,-1.0,1.0,0.27981615,0.23616846,0.30796066,0.49508008,-1.0,-1.0,0.386662,3.0527,2.0933,-2.9471745,2.0933,-3.0527,2.0933,-2.31511,-0.23840104,1.71,1.463904,1.718,-0.5611914,1.71,1.809,-0.327,0.57,0.9876556,1.0134695,1.0103898,1.2107048,-0.20504288,-0.2897,1.1813914
241,4.0359999999997775,1.0,0.49951816,-1.0,0.74540806,-1.0,1.0,0.08863874,-0.44418088,1.0,0.6781387,1.0,-0.9840654,1.0,1.0,-1.0,1.0,0.28415555,0.23534389,0.29757988,0.4985883,-1.0,-1.0,0.40075165,3.0527,2.0933,-3.0527,2.0933,-3.0527,2.0933,-2.300334,-0.2531831,1.71,1.4737815,1.718,-0.56091726,1.71,1.809,-0.327,0.57,0.99200803,1.0126107,0.9997754,1.2126926,-0.20504288,-0.2897,1.1960595
242,4.051999999999776,1.0,0.49496973,-1.0,0.75477517,-1.0,1.0,0.09457214,-0.46740562,1.0,0.6877847,1.0,-0.98284614,1.0,1.0,-1.0,1.0,0.28666818,0.23558493,0.2866853,0.50119984,-1.0,-1.0,0.41383716,3.0527,2.0933,-3.0527,2.0933,-3.0527,2.0933,-2.2845688,-0.2664212,1.71,1.4838277,1.718,-0.5602223,1.71,1.809,-0.327,0.57,0.9945282,1.0128617,0.9886357,1.2141724,-0.20504288,-0.2897,1.2096822
243,4.067999999999774,1.0,0.49114978,-1.0,0.7625675,-1.0,1.0,0.10117133,-0.48871127,1.0,0.69644934,1.0,-0.98145175,1.0,1.0,-1.0,1.0,0.28672218,0.23577423,0.2758693,0.50299513,-1.0,-1.0,0.42594868,3.0527,2.0933,-3.0527,2.0933,-3.0527,2.0933,-2.2677035,-0.27856544,1.71,1.492852,1.718,-0.5594275,1.71,1.809,-0.327,0.57,0.99458236,1.0130589,0.9775764,1.2151896,-0.20504288,-0.2897,1.222291
244,4.085999999999772,1.0,0.48845088,-1.0,0.76958466,-1.0,1.0,0.10785897,-0.5084368,1.0,0.70329404,1.0,-0.98008716,1.0,1.0,-1.0,1.0,0.28545582,0.23583277,0.26706034,0.5035925,-1.0,-1.0,0.43664286,3.0527,2.0933,-3.0527,2.0933,-3.0527,2.0933,-2.2497234,-0.289809,1.71,1.4999807,1.718,-0.55864966,1.71,1.809,-0.327,0.57,0.9933122,1.0131198,0.9685692,1.215528,-0.20504288,-0.2897,1.2334242
245,4.10199999999977,1.0,0.4379729,-1.0,0.68879235,-1.0,0.98634446,0.15374501,-0.4743123,1.0,0.7754671,1.0,-0.9898001,1.0,1.0,-1.0,1.0,0.2518394,0.2330168,0.15410751,0.54005325,-1.0,-1.0,0.47934896,3.0527,2.0933,-3.0527,2.0933,-3.0527,2.0933,-2.2240942,-0.27035803,1.71,1.5751489,1.718,-0.56418604,1.71,1.809,-0.327,0.57,0.9595949,1.010187,0.8530749,1.2361872,-0.20504288,-0.2897,1.2778836
246,4.1179999999997685,1.0,0.4388181,-1.0,0.7084743,-1.0,1.0,0.15681477,-0.50003695,1.0,0.76755834,1.0,-0.972263,1.0,1.0,-1.0,1.0,0.27702582,0.22643788,0.18025398,0.5218965,-1.0,-1.0,0.4568426,3.0527,2.0933,-3.0527,2.0933,-3.0527,2.0933,-2.197953,-0.28502107,1.71,1.566912,1.718,-0.5541899,1.71,1.809,-0.327,0.57,0.9848569,1.003335,0.8798097,1.2258993,-0.20504288,-0.2897,1.2544533
247,4.1359999999997665,1.0,0.47483432,-1.0,0.7761369,-1.0,1.0,0.13736232,-0.5558487,1.0,0.7287895,1.0,-0.95672977,1.0,1.0,-1.0,1.0,0.28224027,0.21915443,0.24579716,0.49774358,-1.0,-1.0,0.44695228,3.0527,2.0933,-3.0527,2.0933,-3.0527,2.0933,-2.1750548,-0.31683376,1.71,1.5265343,1.718,-0.54533595,1.71,1.809,-0.327,0.57,0.990087,0.99574935,0.9468276,1.212214,-0.20504288,-0.2897,1.244157
248,4.151999999999765,1.0,0.5142293,-1.0,0.8330828,-1.0,1.0,0.12623043,-0.6012402,1.0,0.6943076,1.0,-0.9542761,1.0,1.0,-1.0,1.0,0.26467896,0.22001071,0.2964362,0.47804072,-1.0,-1.0,0.45284992,3.0527,2.0933,-3.0527,2.0933,-3.0527,2.0933,-2.1540122,-0.34270692,1.71,1.4906214,1.718,-0.5439374,1.71,1.809,-0.327,0.57,0.97247297,0.99664116,0.998606,1.20105,-0.20504288,-0.2897,1.2502967
249,4.167999999999763,1.0,0.5264534,-1.0,0.84895885,-1.0,1.0,0.13139994,-0.6191733,1.0,0.6896518,1.0,-0.9617876,1.0,1.0,-1.0,1.0,0.24088645,0.22357245,0.30594218,0.47103795,-1.0,-1.0,0.46580914,3.0527,2.0933,-3.0527,2.0933,-3.0527,2.0933,-2.1321077,-0.3529288,1.71,1.4857724,1.718,-0.5482189,1.71,1.809,-0.327,0.57,0.9486091,1.0003507,1.0083259,1.1970822,-0.20504288,-0.2897,1.263788
250,4.185999999999761,1.0,0.47694623,-1.0,0.7760104,-1.0,0.9855983,0.1821558,-0.5857929,1.0,0.75746155,1.0,-0.9779035,1.0,1.0,-1.0,1.0,0.20234627,0.22524436,0.18513757,0.5027226,-1.0,-1.0,0.5097005,3.0527,2.0933,-3.0527,2.0933,-3.0527,2.0933,-2.1017425,-0.33390194,1.71,1.5563962,1.718,-0.557405,1.71,1.809,-0.327,0.57,0.9099533,1.002092,0.8848032,1.2150352,-0.20504288,-0.2897,1.3094813
251,4.201999999999759,1.0,0.4307723,-1.0,0.70221496,-1.0,0.96524996,0.2243584,-0.55046195,1.0,0.8109858,1.0,-0.98431385,1.0,1.0,-1.0,1.0,0.18304062,0.22632928,0.089868784,0.53112495,-1.0,-1.0,0.53463525,3.0527,2.0933,-3.0527,2.0933,-3.0527,2.0933,-2.0643418,-0.31376332,1.71,1.6121417,1.718,-0.5610589,1.71,1.809,-0.327,0.57,0.8905897,1.003222,0.7873908,1.2311283,-0.20504288,-0.2897,1.3354397
252,4.2179999999997575,1.0,0.42138946,-1.0,0.7177489,-1.0,0.97550863,0.21951886,-0.5684052,1.0,0.81139296,1.0,-0.9694793,1.0,1.0,-1.0,1.0,0.21182513,0.21829315,0.10798508,0.5267019,-1.0,-1.0,0.51585597,3.0527,2.0933,-3.0527,2.0933,-3.0527,2.0933,-2.027748,-0.32399097,1.71,1.6125658,1.718,-0.5526032,1.71,1.809,-0.327,0.57,0.9194606,0.9948523,0.80591476,1.2286222,-0.20504288,-0.2897,1.3158895
253,4.2359999999997555,1.0,0.44309175,-1.0,0.7842847,-1.0,0.9853347,0.19417842,-0.6227016,1.0,0.78960514,1.0,-0.9534389,1.0,1.0,-1.0,1.0,0.22183913,0.20754738,0.1712771,0.5127175,-1.0,-1.0,0.502247,3.0527,2.0933,-3.0527,2.0933,-3.0527,2.0933,-1.9953785,-0.3549399,1.71,1.5898738,1.718,-0.54346013,1.71,1.809,-0.327,0.57,0.92950463,0.9836606,0.87063086,1.2206985,-0.20504288,-0.2897,1.3017217
254,4.251999999999754,1.0,0.4918399,-1.0,0.85801744,-1.0,0.9891387,0.17233522,-0.67657554,1.0,0.746421,1.0,-0.94411814,1.0,1.0,-1.0,1.0,0.20572424,0.2014999,0.25138772,0.48450658,-1.0,-1.0,0.49870545,3.0527,2.0933,-3.0527,2.0933,-3.0527,2.0933,-1.9666502,-0.38564807,1.71,1.5448974,1.718,-0.53814733,1.71,1.809,-0.327,0.57,0.9133414,0.97736216,0.9525439,1.2047137,-0.20504288,-0.2897,1.2980348
255,4.267999999999752,1.0,0.5367327,-1.0,0.9030082,-1.0,0.98545,0.16939338,-0.7065796,1.0,0.71634483,1.0,-0.94592273,1.0,1.0,-1.0,1.0,0.17444909,0.204848,0.297989,0.4607217,-0.99735665,-1.0,0.50579166,3.0527,2.0933,-3.0527,2.0933,-3.0527,2.0933,-1.9384123,-0.40275037,1.71,1.5135732,1.718,-0.539176,1.71,1.809,-0.327,0.57,0.88197243,0.9808492,1.0001937,1.1912369,-0.2032784,-0.2897,1.3054119
256,4.28599999999975,1.0,0.54734504,-1.0,0.90651095,-1.0,0.9871595,0.20054825,-0.712263,1.0,0.7355932,1.0,-0.9546937,1.0,1.0,-1.0,1.0,0.14188743,0.218551,0.25841123,0.45666304,-1.0,-1.0,0.5335488,3.0527,2.0933,-3.0527,2.0933,-3.0527,2.0933,-1.904981,-0.40598992,1.71,1.5336204,1.718,-0.5441754,1.71,1.809,-0.327,0.57,0.8493131,0.9951209,0.9597255,1.1889372,-0.20504288,-0.2897,1.3343086
257,4.301999999999748,1.0,0.510213,-1.0,0.83262396,-1.0,0.9785902,0.26207107,-0.6889075,1.0,0.81343424,1.0,-0.96232283,1.0,1.0,-1.0,1.0,0.07624208,0.22501011,0.12858522,0.47404483,-1.0,-1.0,0.56334287,3.0527,2.0933,-3.0527,2.0933,-3.0527,2.0933,-1.8612937,-0.39267728,1.71,1.6146917,1.718,-0.548524,1.71,1.809,-0.327,0.57,0.7834708,1.001848,0.8269784,1.1987859,-0.20504288,-0.2897,1.3653259
258,4.3179999999997465,1.0,0.50483644,-0.97713906,0.78495264,-1.0,0.9781024,0.29531604,-0.65154505,1.0,0.8378348,1.0,-0.9562334,1.0,1.0,-1.0,1.0,0.062254902,0.21882208,0.07936525,0.4738935,-1.0,-1.0,0.57010293,3.0527,2.0933,-3.0527,2.0933,-3.0527,2.0933,-1.8120645,-0.3713807,1.71,1.6401049,1.718,-0.545053,1.71,1.809,-0.327,0.57,0.76944166,0.9954032,0.77665097,1.1987002,-0.20504288,-0.2897,1.3723634
259,4.3359999999997445,1.0,0.5307312,-0.96136445,0.8143252,-1.0,0.9756505,0.32314306,-0.6562926,1.0,0.84961164,1.0,-0.9397429,1.0,0.9687252,-1.0,1.0,0.05346596,0.22711797,0.052363157,0.48030463,-1.0,-1.0,0.5836659,3.0527,2.0933,-3.0527,2.0933,-3.0527,2.0933,-1.7581966,-0.3740868,1.71,1.6523706,1.718,-0.5356535,1.71,1.7764273,-0.327,0.57,0.7606264,1.0040433,0.7490413,1.2023329,-0.20504288,-0.2897,1.3864833
260,4.351999999999743,1.0,0.577584,-0.91092145,0.84213936,-1.0,0.9806285,0.32547802,-0.68568397,1.0,0.8454304,1.0,-0.9209877,1.0,0.9825013,-1.0,1.0,0.0063139154,0.22322197,0.09090084,0.45350686,-1.0,-1.0,0.5677884,3.0527,2.0933,-3.0527,2.0933,-3.0527,2.0933,-1.7039394,-0.39083987,1.71,1.6480157,1.718,-0.524963,1.71,1.7907752,-0.327,0.57,0.71333283,0.9999857,0.7884461,1.1871488,-0.20504288,-0.2897,1.369954
261,4.367999999999741,1.0,0.64176846,-0.8635091,0.8893596,-1.0,0.9777117,0.35034496,-0.7198429,1.0,0.83350015,1.0,-0.9042791,1.0,0.989488,-1.0,1.0,-0.043980006,0.23505636,0.11708361,0.42654064,-1.0,-1.0,0.57057554,3.0527,2.0933,-3.0527,2.0933,-3.0527,2.0933,-1.6455369,-0.41031045,1.71,1.6355904,1.718,-0.5154391,1.71,1.7980517,-0.327,0.57,0.66288805,1.0123112,0.815218,1.1718693,-0.20504288,-0.2897,1.3728555
262,4.385999999999739,1.0,0.7225627,-0.8174595,0.9333496,-1.0,0.9613626,0.37761027,-0.7591504,1.0,0.7970891,1.0,-0.88866484,1.0,0.9996128,-1.0,1.0,-0.11793388,0.24142678,0.16838652,0.38629755,-1.0,-1.0,0.57276994,3.0527,2.0933,-3.0527,2.0933,-3.0527,2.0933,-1.5825893,-0.4327157,1.71,1.5976683,1.718,-0.506539,1.71,1.8085967,-0.327,0.57,0.58871233,1.018946,0.86767524,1.149067,-0.20504288,-0.2897,1.37514
263,4.401999999999737,1.0,0.8418057,-0.77290314,0.9676604,-1.0,0.9279074,0.39707273,-0.79964507,1.0,0.70222825,1.0,-0.86623394,1.0,0.99379957,-1.0,1.0,-0.2101605,0.22943814,0.26766598,0.31153315,-0.8860624,-1.0,0.5642558,3.0527,2.0933,-3.0527,2.0933,-3.0527,2.0933,-1.5163972,-0.4557977,1.71,1.4988707,1.718,-0.49375334,1.71,1.8025422,-0.327,0.57,0.49620903,1.0064598,0.96918845,1.1067044,-0.12898709,-0.2897,1.3662763
264,4.4179999999997355,1.0,0.9195734,-0.74418694,0.9019164,-1.0,0.8893235,0.41605657,-0.7431026,1.0,0.6040573,1.0,-0.8467864,1.0,0.98332727,-1.0,1.0,-0.30013323,0.16222079,0.3713702,0.22704497,-0.74923337,-1.0,0.53316694,3.0527,2.0933,-3.0527,2.0933,-3.0527,2.0933,-1.4470406,-0.4235685,1.71,1.3966256,1.718,-0.48266825,1.71,1.7916354,-0.327,0.57,0.40596637,0.9364529,1.0752261,1.058832,-0.037650783,-0.2897,1.3339111
265,4.4359999999997335,1.0,0.9817045,-0.72209257,0.78178346,-1.0,0.8385893,0.45082992,-0.6580672,1.0,0.5015297,1.0,-0.815457,1.0,0.94820595,-1.0,1.0,-0.40532064,0.06821414,0.44680196,0.13668573,-0.60122013,-1.0,0.49904478,3.0527,2.0933,-3.0527,2.0933,-3.0527,2.0933,-1.3718872,-0.37509832,1.71,1.2898432,1.718,-0.4648105,1.71,1.7550565,-0.327,0.57,0.3004634,0.838545,1.152355,1.0076332,0.061151225,-0.2897,1.298388
266,4.451999999999732,1.0,1.0,-0.74302334,0.6872724,-1.0,0.7899545,0.54045314,-0.5754476,1.0,0.46088207,1.0,-0.7807542,1.0,0.88980883,-1.0,1.0,-0.48369592,0.011573035,0.42304274,0.08617565,-0.47801486,-1.0,0.4914376,3.0527,2.0933,-3.0527,2.0933,-3.0527,2.0933,-1.2817937,-0.32800514,1.71,1.2475086,1.718,-0.44502988,1.71,1.6942359,-0.327,0.57,0.22185299,0.7795533,1.1280612,0.97901344,0.14339338,-0.2897,1.2904686
267,4.46799999999973,1.0,1.0,-0.8104703,0.733608,-1.0,0.80368555,0.6692295,-0.48281246,1.0,0.49117053,0.9673585,-0.72071266,1.0,0.8600164,-1.0,1.0,-0.41242003,0.040802915,0.3454951,0.06640211,-0.33758917,-1.0,0.44530934,3.0527,2.0933,-3.0527,2.0933,-3.0527,2.0933,-1.1702331,-0.2752031,1.71,1.279054,1.6846241,-0.4108062,1.71,1.663207,-0.327,0.57,0.2933427,0.80999625,1.0487688,0.96780944,0.23713054,-0.2897,1.2424465
268,4.485999999999728,1.0,1.0,-0.8368738,0.815749,-1.0,0.83031046,0.7783746,-0.507513,1.0,0.59124154,0.9500444,-0.67130744,1.0,0.8980632,-1.0,1.0,-0.4048608,0.089469634,0.28439733,0.038830668,-0.15091302,-1.0,0.40742627,3.0527,2.0933,-3.0527,2.0933,-3.0527,2.0933,-1.0404781,-0.2892824,1.71,1.383278,1.6669204,-0.38264525,1.71,1.7028328,-0.327,0.57,0.30092463,0.8606826,0.9862963,0.95218706,0.3617409,-0.2897,1.2030082
269,4.501999999999726,1.0,0.93878376,-0.83818775,0.83980715,-1.0,0.87627214,0.8399173,-0.5175499,1.0,0.6853721,0.9771087,-0.6486033,1.0,0.9263374,-1.0,1.0,-0.29514647,0.11730071,0.2145201,0.031559974,-0.0691054,-1.0,0.41899925,3.0527,2.0933,-3.0527,2.0933,-3.0527,2.0933,-0.9004639,-0.2950034,1.71,1.481315,1.6945937,-0.3697039,1.71,1.7322804,-0.327,0.57,0.4109681,0.8896687,0.9148468,0.94806737,0.41634923,-0.2897,1.2150563
270,4.5179999999997245,1.0,0.58311605,-0.7899104,0.28654787,-1.0,0.8761518,0.78195065,-0.12388778,1.0,0.78113514,0.9529149,-0.78774107,0.88328815,1.0,-1.0,1.0,-0.16381383,-0.120245494,0.24779764,0.06520389,-0.28827444,-1.0,0.50350827,3.0527,2.0933,-3.0527,2.0933,-3.0527,2.0933,-0.77011275,-0.07061604,1.71,1.5810523,1.6698555,-0.4490124,1.5929381,1.809,-0.327,0.57,0.54269475,0.6422643,0.9488731,0.9671305,0.27004918,-0.2897,1.3030348
271,4.5359999999997225,1.0,0.65325725,-0.58334446,0.8866658,-1.0,1.0,0.6898399,-0.5016949,1.0,0.9360174,1.0,-0.6677886,1.0,1.0,-1.0,1.0,0.033183094,0.12709506,0.22225004,0.1906262,-0.4410328,-1.0,0.6045602,3.0527,2.0933,-3.0527,2.0933,-3.0527,2.0933,-0.65511644,-0.2859661,1.71,1.7423621,1.718,-0.38063952,1.71,1.809,-0.327,0.57,0.74028265,0.8998695,0.92275065,1.0381967,0.1680797,-0.2897,1.4082354
272,4.551999999999721,1.0,0.74966204,-0.379334,1.0,-1.0,1.0,0.5771629,-0.7583068,1.0,0.9001234,1.0,-0.5247698,1.0,1.0,-1.0,1.0,-0.089684375,0.16995902,0.3588611,0.1905675,-0.21155764,-1.0,0.5092321,3.0527,2.0933,-3.0527,2.0933,-3.0527,2.0933,-0.55890334,-0.43223488,1.71,1.7049786,1.718,-0.2991188,1.71,1.809,-0.327,0.57,0.6170466,0.9445123,1.0624355,1.0381634,0.3212593,-0.2897,1.3089936
273,4.567999999999719,1.0,0.84998333,-0.2621927,1.0,-1.0,0.9720223,0.6157672,-0.87524575,1.0,0.7734636,1.0,-0.40824565,1.0,1.0,-1.0,1.0,-0.21153688,0.20011587,0.43983698,0.15088186,0.0702617,-1.0,0.49870402,3.0527,2.0933,-3.0527,2.0933,-3.0527,2.0933,-0.45625496,-0.49889007,1.71,1.5730623,1.718,-0.23270002,1.71,1.809,-0.327,0.57,0.4948285,0.9759207,1.1452333,1.015677,0.50937974,-0.2897,1.2980334
274,4.585999999999717,1.0,0.8505839,-0.35537452,1.0,-1.0,0.9375688,0.7565775,-0.9032445,1.0,0.7398283,1.0,-0.33817658,1.0,1.0,-1.0,1.0,-0.20160782,0.28017434,0.26054806,0.13622138,0.17768131,-1.0,0.55070955,3.0527,2.0933,-3.0527,2.0933,-3.0527,2.0933,-0.3301335,-0.51484936,1.71,1.5380312,1.718,-0.19276065,1.71,1.809,-0.327,0.57,0.5047873,1.0593016,0.96191037,1.0073701,0.58108467,-0.2897,1.3521739
275,4.601999999999715,1.0,0.822338,-0.3865094,1.0,-1.0,0.9518571,0.8072363,-1.0,1.0,0.88653743,1.0,-0.4673557,1.0,1.0,-1.0,1.0,-0.08163858,0.40915307,0.1284917,0.22884876,0.12838887,-1.0,0.6398162,3.0527,2.0933,-3.0527,2.0933,-3.0527,2.0933,-0.1955672,-0.57,1.71,1.6908287,1.718,-0.26639274,1.71,1.809,-0.327,0.57,0.6251165,1.193633,0.8268828,1.0598541,0.5481809,-0.2897,1.4449389
276,4.6179999999997134,1.0,0.8438747,-0.3566037,1.0,-1.0,1.0,0.8602968,-1.0,1.0,1.0,1.0,-0.5111362,1.0,1.0,-1.0,1.0,0.13346934,0.63549465,0.12470722,0.32859948,0.13483177,-1.0,0.7687757,3.0527,2.0933,-3.0527,2.0933,-3.0527,2.0933,-0.052155733,-0.57,1.71,1.809,1.718,-0.29134762,1.71,1.809,-0.327,0.57,0.8408697,1.4293677,0.8230131,1.1163744,0.55248165,-0.2897,1.5791928
277,4.6359999999997115,1.0,0.7439927,-0.34300956,1.0,-1.0,1.0,0.93668526,-1.0,1.0,1.0,1.0,-0.5847876,1.0,1.0,-1.0,1.0,0.25845397,0.7572176,-0.04216999,0.40671232,0.0028686346,-1.0,0.8975645,3.0527,2.0933,-3.0527,2.0933,-3.0527,2.0933,0.103989705,-0.57,1.71,1.809,1.718,-0.33332893,1.71,1.809,-0.327,0.57,0.9662293,1.5561421,0.6523812,1.1606343,0.46439344,-0.2897,1.713269
278,4.65199999999971,1.0,0.5878217,-0.49138638,1.0,-1.0,0.93216914,1.0,-1.0,1.0,1.0,1.0,-0.87750995,1.0,1.0,-1.0,1.0,0.24140072,0.90465087,-0.40457624,0.6218133,-0.5268055,-1.0,1.0,3.0527,2.0933,-3.0527,2.0933,-3.0527,2.0933,0.2706897,-0.57,1.71,1.809,1.718,-0.50018066,1.71,1.809,-0.327,0.57,0.94912493,1.7096939,0.2818208,1.2825137,0.11082457,-0.2897,1.81991
279,4.667999999999708,1.0,0.5307994,-0.5950281,1.0,-1.0,0.95466405,1.0,-1.0,1.0,1.0,1.0,-1.0,1.0,1.0,-1.0,1.0,0.25863564,1.0,-0.7600675,0.9098861,-1.0,-1.0,1.0,3.0527,2.0933,-3.0527,2.0933,-3.0527,2.0933,0.4373897,-0.57,1.71,1.809,1.718,-0.57,1.71,1.809,-0.327,0.57,0.96641153,1.809,-0.08166904,1.4457401,-0.20504288,-0.2897,1.81991
280,4.685999999999706,1.0,0.49237704,-0.717432,1.0,-1.0,0.9927538,1.0,-1.0,1.0,1.0,1.0,-0.93213964,1.0,1.0,-1.0,1.0,0.35062182,1.0,-0.80265445,1.0,-1.0,-1.0,1.0,3.0527,2.0933,-3.0527,2.0933,-3.0527,2.0933,0.6040897,-0.57,1.71,1.809,1.718,-0.5313196,1.71,1.809,-0.327,0.57,1.0586737,1.809,-0.12521417,1.4968,-0.20504288,-0.2897,1.81991
281,4.701999999999704,1.0,0.47429,-0.7573978,1.0,-1.0,0.9812268,1.0,-1.0,1.0,1.0,1.0,-0.963186,1.0,1.0,-1.0,1.0,0.27809548,1.0,-0.7708078,1.0,-1.0,-1.0,1.0,3.0527,2.0933,-3.0527,2.0933,-3.0527,2.0933,0.7707897,-0.57,1.71,1.809,1.718,-0.54901606,1.71,1.809,-0.327,0.57,0.9859298,1.809,-0.09265098,1.4968,-0.20504288,-0.2897,1.81991
282,4.717999999999702,1.0,0.46508777,-0.72073466,1.0,-1.0,1.0,0.9855463,-1.0,1.0,1.0,1.0,-0.96562636,1.0,1.0,-1.0,1.0,0.282668,1.0,-0.7205307,1.0,-1.0,-1.0,1.0,3.0527,2.0933,-3.0527,2.0933,-3.0527,2.0933,0.9350803,-0.57,1.71,1.809,1.718,-0.55040705,1.71,1.809,-0.327,0.57,0.990516,1.809,-0.04124263,1.4968,-0.20504288,-0.2897,1.81991
283,4.7359999999997004,1.0,0.4689983,-0.66256136,1.0,-1.0,1.0,0.95158654,-1.0,1.0,1.0,1.0,-0.95341253,1.0,1.0,-1.0,1.0,0.31681418,1.0,-0.7080019,1.0,-1.0,-1.0,1.0,3.0527,2.0933,-3.0527,2.0933,-3.0527,2.0933,1.0937097,-0.57,1.71,1.809,1.718,-0.54344517,1.71,1.809,-0.327,0.57,1.0247647,1.809,-0.028431954,1.4968,-0.20504288,-0.2897,1.81991
284,4.751999999999699,1.0,0.4480132,-0.6233221,1.0,-1.0,1.0,0.8624299,-1.0,1.0,1.0,1.0,-0.9151772,1.0,1.0,-1.0,1.0,0.31655335,0.91642517,-0.63929397,0.92810655,-1.0,-1.0,1.0,3.0527,2.0933,-3.0527,2.0933,-3.0527,2.0933,1.2374768,-0.57,1.71,1.809,1.718,-0.521651,1.71,1.809,-0.327,0.57,1.024503,1.7219568,0.041821916,1.4560641,-0.20504288,-0.2897,1.81991
285,4.767999999999697,1.0,0.43184042,-0.5769432,1.0,-1.0,1.0,0.82118493,-1.0,1.0,1.0,1.0,-0.8913982,1.0,1.0,-1.0,1.0,0.31112385,0.84553176,-0.5608471,0.85673034,-1.0,-1.0,1.0,3.0527,2.0933,-3.0527,2.0933,-3.0527,2.0933,1.3743683,-0.57,1.71,1.809,1.718,-0.508097,1.71,1.809,-0.327,0.57,1.0190573,1.6481214,0.122033834,1.4156213,-0.20504288,-0.2897,1.81991
286,4.785999999999695,1.0,0.41314614,-0.5455489,1.0,-1.0,1.0,0.7949342,-1.0,1.0,1.0,1.0,-0.86502135,1.0,1.0,-1.0,1.0,0.2842909,0.7701356,-0.47837597,0.79592395,-1.0,-1.0,1.0,3.0527,2.0933,-3.0527,2.0933,-3.0527,2.0933,1.5068839,-0.57,1.71,1.809,1.718,-0.49306217,1.71,1.809,-0.327,0.57,0.9921438,1.5695962,0.20636056,1.3811674,-0.20504288,-0.2897,1.81991
287,4.801999999999693,1.0,0.40313196,-0.5125466,1.0,-1.0,1.0,0.7376737,-1.0,1.0,1.0,1.0,-0.82074547,1.0,1.0,-1.0,1.0,0.27161276,0.675703,-0.3387192,0.6972134,-1.0,-1.0,1.0,3.0527,2.0933,-3.0527,2.0933,-3.0527,2.0933,1.6298541,-0.57,1.71,1.809,1.718,-0.4678249,1.71,1.809,-0.327,0.57,0.9794276,1.4712447,0.34915963,1.3252366,-0.20504288,-0.2897,1.81991
288,4.817999999999691,1.0,0.38811684,-0.5146211,1.0,-1.0,1.0,0.7294448,-1.0,1.0,1.0,1.0,-0.8193296,1.0,1.0,-1.0,1.0,0.21955049,0.62768644,-0.30029327,0.66666806,-1.0,-1.0,1.0,3.0527,2.0933,-3.0527,2.0933,-3.0527,2.0933,1.7514526,-0.57,1.71,1.809,1.718,-0.4670179,1.71,1.809,-0.327,0.57,0.92720914,1.4212354,0.38845015,1.3079292,-0.20504288,-0.2897,1.81991
289,4.835999999999689,1.0,0.3878361,-0.53357166,1.0,-1.0,1.0,0.73952943,-1.0,1.0,1.0,1.0,-0.8263372,1.0,1.0,-1.0,1.0,0.15383732,0.61383456,-0.32618743,0.6809592,-1.0,-1.0,1.0,3.0527,2.0933,-3.0527,2.0933,-3.0527,2.0933,1.8747321,-0.57,1.71,1.809,1.718,-0.4710122,1.71,1.809,-0.327,0.57,0.86129886,1.4068087,0.36197335,1.3160267,-0.20504288,-0.2897,1.81991
290,4.851999999999688,1.0,0.37550032,-0.5933841,1.0,-1.0,1.0,0.76477545,-1.0,1.0,1.0,1.0,-0.8639008,1.0,1.0,-1.0,1.0,0.07637548,0.65299636,-0.43151706,0.76201284,-1.0,-1.0,1.0,3.0527,2.0933,-3.0527,2.0933,-3.0527,2.0933,2.0022202,-0.57,1.71,1.809,1.718,-0.49242344,1.71,1.809,-0.327,0.57,0.7836046,1.4475957,0.2542738,1.3619529,-0.20504288,-0.2897,1.81991
291,4.867999999999686,1.0,0.3729825,-0.60166466,1.0,-1.0,1.0,0.7538962,-1.0,1.0,1.0,1.0,-0.8893497,1.0,1.0,-1.0,1.0,0.03190398,0.67612773,-0.4904508,0.807976,-1.0,-1.0,1.0,3.0527,2.0933,-3.0527,2.0933,-3.0527,2.0933,2.1278946,-0.57,1.71,1.809,1.718,-0.50692934,1.71,1.809,-0.327,0.57,0.73899966,1.4716871,0.19401406,1.3879963,-0.20504288,-0.2897,1.81991
292,4.885999999999684,1.0,0.37721944,-0.5936864,1.0,-1.0,0.98482025,0.7347272,-1.0,1.0,1.0,1.0,-0.90895593,1.0,1.0,-1.0,1.0,0.006084199,0.6991895,-0.5138028,0.83999217,-1.0,-1.0,1.0,3.0527,2.0933,-3.0527,2.0933,-3.0527,2.0933,2.2503736,-0.57,1.71,1.809,1.718,-0.5181049,1.71,1.809,-0.327,0.57,0.71310246,1.4957058,0.17013662,1.4061371,-0.20504288,-0.2897,1.81991
293,4.901999999999682,1.0,0.38261497,-0.5806443,1.0,-1.0,0.9734729,0.7066546,-1.0,1.0,1.0,1.0,-0.92074716,1.0,1.0,-1.0,1.0,-0.012063746,0.7063069,-0.5069849,0.85470426,-1.0,-1.0,1.0,3.0527,2.0933,-3.0527,2.0933,-3.0527,2.0933,2.368173,-0.57,1.71,1.809,1.718,-0.5248259,1.71,1.809,-0.327,0.57,0.69490004,1.5031186,0.17710795,1.4144733,-0.20504288,-0.2897,1.81991
294,4.91799999999968,1.0,0.39064288,-0.5683668,1.0,-1.0,0.96620816,0.67644805,-1.0,1.0,1.0,1.0,-0.9276154,1.0,1.0,-1.0,1.0,-0.027003769,0.7044398,-0.48712784,0.86057734,-1.0,-1.0,1.0,3.0527,2.0933,-3.0527,2.0933,-3.0527,2.0933,2.4809368,-0.57,1.71,1.809,1.718,-0.52874076,1.71,1.809,-0.327,0.57,0.67991525,1.5011741,0.19741179,1.417801,-0.20504288,-0.2897,1.81991
295,4.935999999999678,1.0,0.4016093,-0.55677724,1.0,-1.0,0.96160984,0.6449979,-1.0,1.0,1.0,1.0,-0.9313061,1.0,1.0,-1.0,1.0,-0.038675074,0.698075,-0.4597041,0.8609849,-1.0,-1.0,1.0,3.0527,2.0933,-3.0527,2.0933,-3.0527,2.0933,2.588458,-0.57,1.71,1.809,1.718,-0.5308445,1.71,1.809,-0.327,0.57,0.6682089,1.4945451,0.22545256,1.4180319,-0.20504288,-0.2897,1.81991
296,4.951999999999677,1.0,0.41595495,-0.54592603,1.0,-1.0,0.9597903,0.6127233,-1.0,1.0,1.0,1.0,-0.9321203,1.0,1.0,-1.0,1.0,-0.046187166,0.68849415,-0.42542392,0.855773,-1.0,-1.0,1.0,3.0527,2.0933,-3.0527,2.0933,-3.0527,2.0933,2.690599,-0.57,1.71,1.809,1.718,-0.5313086,1.71,1.809,-0.327,0.57,0.6606743,1.4845667,0.26050404,1.4150788,-0.20504288,-0.2897,1.81991
297,4.967999999999675,1.0,0.43103445,-0.53653073,1.0,-1.0,0.95926183,0.5831104,-1.0,1.0,1.0,1.0,-0.9322586,1.0,1.0,-1.0,1.0,-0.050060514,0.6780514,-0.3903522,0.8480805,-1.0,-1.0,1.0,3.0527,2.0933,-3.0527,2.0933,-3.0527,2.0933,2.7878034,-0.57,1.71,1.809,1.718,-0.5313874,1.71,1.809,-0.327,0.57,0.6567893,1.4736905,0.29636487,1.4107201,-0.20504288,-0.2897,1.81991
298,4.985999999999673,1.0,0.44676578,-0.5274525,1.0,-1.0,0.96097565,0.55527025,-1.0,1.0,1.0,1.0,-0.93168676,1.0,1.0,-1.0,1.0,-0.049418215,0.66750926,-0.35427898,0.8379848,-1.0,-1.0,1.0,3.0527,2.0933,-3.0527,2.0933,-3.0527,2.0933,2.880367,-0.57,1.71,1.809,1.718,-0.5310615,1.71,1.809,-0.327,0.57,0.6574335,1.4627109,0.33324975,1.4049997,-0.20504288,-0.2897,1.81991
299,5.001999999999671,1.0,0.46407044,-0.5190981,1.0,-1.0,0.96493745,0.5290418,-1.0,1.0,1.0,1.0,-0.929783,1.0,1.0,-1.0,1.0,-0.04397941,0.6569274,-0.31670755,0.8245685,-1.0,-1.0,1.0,3.0527,2.0933,-3.0527,2.0933,-3.0527,2.0933,2.9685583,-0.57,1.71,1.809,1.718,-0.5299763,1.71,1.809,-0.327,0.57,0.66288865,1.4516898,0.37166652,1.3973979,-0.20504288,-0.2897,1.81991
300,5.017999999999669,1.0,0.47990727,-0.5123802,1.0,-1.0,0.9692076,0.50616497,-1.0,1.0,1.0,1.0,-0.92826056,1.0,1.0,-1.0,1.0,-0.036585335,0.6471738,-0.28243083,0.81110156,-1.0,-1.0,1.0,3.0527,2.0933,-3.0527,2.0933,-3.0527,2.0933,3.052936,-0.57,1.71,1.809,1.718,-0.5291085,1.71,1.809,-0.327,0.57,0.6703049,1.4415315,0.40671447,1.3897673,-0.20504288,-0.2897,1.81991
301,5.035999999999667,1.0,0.49573994,-0.5068057,1.0,-1.0,0.973397,0.48548824,-1.0,1.0,1.0,1.0,-0.92703176,1.0,1.0,-1.0,1.0,-0.02716947,0.6395764,-0.2513706,0.798432,-1.0,-1.0,1.0,3.0527,2.0933,-3.0527,2.0933,-3.0527,2.0933,3.133867,-0.57,1.71,1.809,1.718,-0.5284081,1.71,1.809,-0.327,0.57,0.679749,1.4336188,0.43847355,1.3825885,-0.20504288,-0.2897,1.81991
302,5.051999999999666,1.0,0.51230204,-0.5021537,1.0,-1.0,0.97747797,0.46715432,-1.0,1.0,1.0,1.0,-0.9254786,1.0,1.0,-1.0,1.0,-0.015697364,0.6342053,-0.22347099,0.78607893,-1.0,-1.0,1.0,3.0527,2.0933,-3.0527,2.0933,-3.0527,2.0933,3.2117414,-0.57,1.71,1.809,1.718,-0.5275228,1.71,1.809,-0.327,0.57,0.69125557,1.4280248,0.46700093,1.3755891,-0.20504288,-0.2897,1.81991
303,5.067999999999664,1.0,0.5267695,-0.4984015,1.0,-1.0,0.9808523,0.45136267,-1.0,1.0,1.0,1.0,-0.9247284,1.0,1.0,-1.0,1.0,-0.0040229606,0.63031083,-0.2002073,0.775807,-1.0,-1.0,1.0,3.0527,2.0933,-3.0527,2.0933,-3.0527,2.0933,3.2869837,-0.57,1.71,1.809,1.718,-0.5270952,1.71,1.809,-0.327,0.57,0.70296496,1.4239688,0.49078804,1.3697689,-0.20504288,-0.2897,1.81991
304,5.085999999999662,1.0,0.54036355,-0.4949266,1.0,-1.0,0.98352396,0.4372856,-1.0,1.0,1.0,1.0,-0.92455685,1.0,1.0,-1.0,1.0,0.008092041,0.62885004,-0.1813764,0.7681074,-1.0,-1.0,1.0,3.0527,2.0933,-3.0527,2.0933,-3.0527,2.0933,3.3598793,-0.57,1.71,1.809,1.718,-0.5269974,1.71,1.809,-0.327,0.57,0.7151163,1.4224473,0.5100426,1.3654062,-0.20504288,-0.2897,1.81991
305,5.10199999999966,1.0,0.5537585,-0.49181297,1.0,-1.0,0.98537236,0.42540735,-1.0,1.0,1.0,1.0,-0.9245484,1.0,1.0,-1.0,1.0,0.021142598,0.63009244,-0.1676107,0.7627039,-1.0,-1.0,1.0,3.0527,2.0933,-3.0527,2.0933,-3.0527,2.0933,3.4307947,-0.57,1.71,1.809,1.718,-0.52699256,1.71,1.809,-0.327,0.57,0.72820604,1.4237412,0.52411807,1.3623445,-0.20504288,-0.2897,1.81991
306,5.117999999999658,1.0,0.5643897,-0.48889098,1.0,-1.0,0.9867727,0.4150179,-1.0,1.0,1.0,1.0,-0.9252602,1.0,1.0,-1.0,1.0,0.033668514,0.6323759,-0.15783721,0.7599621,-1.0,-1.0,1.0,3.0527,2.0933,-3.0527,2.0933,-3.0527,2.0933,3.499978,-0.57,1.71,1.809,1.718,-0.5273983,1.71,1.809,-0.327,0.57,0.7407695,1.4261194,0.53411144,1.360791,-0.20504288,-0.2897,1.81991
307,5.135999999999656,1.0,0.5734242,-0.48593834,1.0,-1.0,0.9875367,0.40582043,-1.0,1.0,1.0,1.0,-0.9266423,1.0,1.0,-1.0,1.0,0.045783278,0.63682824,-0.15222424,0.7604246,-1.0,-1.0,1.0,3.0527,2.0933,-3.0527,2.0933,-3.0527,2.0933,3.5676284,-0.57,1.71,1.809,1.718,-0.5281861,1.71,1.809,-0.327,0.57,0.7529206,1.4307566,0.5398507,1.361053,-0.20504288,-0.2897,1.81991
308,5.151999999999655,1.0,0.58121216,-0.4831152,1.0,-1.0,0.9875191,0.39865178,-1.0,1.0,1.0,1.0,-0.92839384,1.0,1.0,-1.0,1.0,0.057746526,0.6437122,-0.1517629,0.7639594,-1.0,-1.0,1.0,3.0527,2.0933,-3.0527,2.0933,-3.0527,2.0933,3.6340835,-0.57,1.71,1.809,1.718,-0.52918446,1.71,1.809,-0.327,0.57,0.76491976,1.4379263,0.5403224,1.3630558,-0.20504288,-0.2897,1.81991
309,5.167999999999653,1.0,0.5865905,-0.48028246,1.0,-1.0,0.9872778,0.39204472,-1.0,1.0,1.0,1.0,-0.9306394,1.0,1.0,-1.0,1.0,0.06849348,0.6511523,-0.15354544,0.7697965,-1.0,-1.0,1.0,3.0527,2.0933,-3.0527,2.0933,-3.0527,2.0933,3.6994374,-0.57,1.71,1.809,1.718,-0.5304645,1.71,1.809,-0.327,0.57,0.77569896,1.4456751,0.5384998,1.3663633,-0.20504288,-0.2897,1.81991
310,5.185999999999651,1.0,0.5902988,-0.47723052,1.0,-1.0,0.9867669,0.38604456,-1.0,1.0,1.0,1.0,-0.9335331,1.0,1.0,-1.0,1.0,0.0782926,0.66019577,-0.15780538,0.7784381,-1.0,-1.0,1.0,3.0527,2.0933,-3.0527,2.0933,-3.0527,2.0933,3.763791,-0.57,1.71,1.809,1.718,-0.53211385,1.71,1.809,-0.327,0.57,0.78552747,1.4550939,0.534144,1.3712597,-0.20504288,-0.2897,1.81991
311,5.201999999999649,1.0,0.592675,-0.474122,1.0,-1.0,0.98596096,0.38135344,-1.0,1.0,1.0,1.0,-0.9368175,1.0,1.0,-1.0,1.0,0.087574475,0.67092305,-0.16517597,0.78965116,-1.0,-1.0,1.0,3.0527,2.0933,-3.0527,2.0933,-3.0527,2.0933,3.8273628,-0.57,1.71,1.809,1.718,-0.533986,1.71,1.809,-0.327,0.57,0.7948372,1.4662664,0.5266076,1.3776132,-0.20504288,-0.2897,1.81991
312,5.217999999999647,1.0,0.5876105,-0.4870428,1.0,-1.0,0.97999746,0.39277703,-1.0,1.0,1.0,1.0,-0.94384134,1.0,1.0,-1.0,1.0,0.092873685,0.69218487,-0.19675332,0.81597936,-1.0,-1.0,1.0,3.0527,2.0933,-3.0527,2.0933,-3.0527,2.0933,3.8928387,-0.57,1.71,1.809,1.718,-0.53798956,1.71,1.809,-0.327,0.57,0.8001523,1.4884106,0.49431974,1.3925312,-0.20504288,-0.2897,1.81991
313,5.235999999999645,1.0,0.5808902,-0.48862538,1.0,-1.0,0.9747633,0.3935364,-1.0,1.0,1.0,1.0,-0.95433664,1.0,1.0,-1.0,1.0,0.09306847,0.715897,-0.22329682,0.8457103,-1.0,-1.0,1.0,3.0527,2.0933,-3.0527,2.0933,-3.0527,2.0933,3.9584413,-0.57,1.71,1.809,1.718,-0.5439719,1.71,1.809,-0.327,0.57,0.8003477,1.5131067,0.467179,1.4093771,-0.20504288,-0.2897,1.81991
314,5.251999999999644,1.0,0.5721971,-0.4822666,1.0,-1.0,0.9715744,0.38567454,-1.0,1.0,1.0,1.0,-0.96571934,1.0,1.0,-1.0,1.0,0.08965074,0.7329108,-0.238437,0.8728739,-1.0,-1.0,1.0,3.0527,2.0933,-3.0527,2.0933,-3.0527,2.0933,4.022733,-0.57,1.71,1.809,1.718,-0.55046004,1.71,1.809,-0.327,0.57,0.7969197,1.5308266,0.45169818,1.4247684,-0.20504288,-0.2897,1.81991
315,5.267999999999642,1.0,0.5671785,-0.4767787,1.0,-1.0,0.96808976,0.3761192,-1.0,1.0,1.0,1.0,-0.9757601,1.0,1.0,-1.0,1.0,0.083218805,0.74581975,-0.25054067,0.897419,-1.0,-1.0,1.0,3.0527,2.0933,-3.0527,2.0933,-3.0527,2.0933,4.085432,-0.57,1.71,1.809,1.718,-0.5561833,1.71,1.809,-0.327,0.57,0.79046845,1.5442712,0.43932217,1.438676,-0.20504288,-0.2897,1.81991
316,5.28599999999964,1.0,0.56319344,-0.46952355,1.0,-1.0,0.9662633,0.36553437,-1.0,1.0,1.0,1.0,-0.9830369,1.0,1.0,-1.0,1.0,0.07792496,0.7548911,-0.2553994,0.917292,-1.0,-1.0,1.0,3.0527,2.0933,-3.0527,2.0933,-3.0527,2.0933,4.1463666,-0.57,1.71,1.809,1.718,-0.56033105,1.71,1.809,-0.327,0.57,0.78515875,1.553719,0.4343541,1.4499364,-0.20504288,-0.2897,1.81991
317,5.301999999999638,1.0,0.57170093,-0.4602489,1.0,-1.0,0.9711861,0.34789306,-1.0,1.0,1.0,1.0,-0.9795879,1.0,1.0,-1.0,1.0,0.08263134,0.76212674,-0.2414301,0.9290855,-1.0,-1.0,1.0,3.0527,2.0933,-3.0527,2.0933,-3.0527,2.0933,4.2043605,-0.57,1.71,1.809,1.718,-0.5583651,1.71,1.809,-0.327,0.57,0.78987926,1.561255,0.44863772,1.4566188,-0.20504288,-0.2897,1.81991
318,5.317999999999636,1.0,0.5771419,-0.4522437,1.0,-1.0,0.97467315,0.33409625,-1.0,1.0,1.0,1.0,-0.97768426,1.0,1.0,-1.0,1.0,0.085029356,0.7673455,-0.22897857,0.9387175,-1.0,-1.0,1.0,3.0527,2.0933,-3.0527,2.0933,-3.0527,2.0933,4.2600546,-0.57,1.71,1.809,1.718,-0.55728,1.71,1.809,-0.327,0.57,0.7922844,1.5666903,0.4613694,1.4620764,-0.20504288,-0.2897,1.81991
319,5.335999999999634,1.0,0.5787436,-0.44545296,1.0,-1.0,0.9763748,0.32454318,-1.0,1.0,1.0,1.0,-0.97811615,1.0,1.0,-1.0,1.0,0.08412897,0.7706093,-0.22121638,0.9471992,-1.0,-1.0,1.0,3.0527,2.0933,-3.0527,2.0933,-3.0527,2.0933,4.3141556,-0.57,1.71,1.809,1.718,-0.55752623,1.71,1.809,-0.327,0.57,0.79138136,1.5700896,0.46930626,1.4668823,-0.20504288,-0.2897,1.81991
320,5.351999999999633,1.0,0.57939565,-0.4395706,1.0,-1.0,0.9778651,0.3176753,-1.0,1.0,1.0,1.0,-0.97860134,1.0,1.0,-1.0,1.0,0.08308553,0.7728266,-0.21531409,0.95409846,-1.0,-1.0,1.0,3.0527,2.0933,-3.0527,2.0933,-3.0527,2.0933,4.367112,-0.57,1.71,1.809,1.718,-0.55780274,1.71,1.809,-0.327,0.57,0.79033476,1.5723989,0.47534135,1.4707915,-0.20504288,-0.2897,1.81991
321,5.367999999999631,1.0,0.5797907,-0.43445167,1.0,-1.0,0.9791461,0.31265157,-1.0,1.0,1.0,1.0,-0.9788033,1.0,1.0,-1.0,1.0,0.08263671,0.7748236,-0.21115428,0.9600395,-1.0,-1.0,1.0,3.0527,2.0933,-3.0527,2.0933,-3.0527,2.0933,4.4192314,-0.57,1.71,1.809,1.718,-0.5579179,1.71,1.809,-0.327,0.57,0.7898846,1.5744787,0.47959474,1.4741578,-0.20504288,-0.2897,1.81991
322,5.385999999999629,1.0,0.5802492,-0.4297192,1.0,-1.0,0.9802647,0.308554,-1.0,1.0,1.0,1.0,-0.97884476,1.0,1.0,-1.0,1.0,0.08266079,0.77742225,-0.20838422,0.9660152,-1.0,-1.0,1.0,3.0527,2.0933,-3.0527,2.0933,-3.0527,2.0933,4.4706674,-0.57,1.71,1.809,1.718,-0.5579415,1.71,1.809,-0.327,0.57,0.78990877,1.5771853,0.48242715,1.4775437,-0.20504288,-0.2897,1.81991
323,5.401999999999627,1.0,0.58068466,-0.42550907,1.0,-1.0,0.98108155,0.30563194,-1.0,1.0,1.0,1.0,-0.97875965,1.0,1.0,-1.0,1.0,0.0828514,0.7806677,-0.20713812,0.97201824,-1.0,-1.0,1.0,3.0527,2.0933,-3.0527,2.0933,-3.0527,2.0933,4.521616,-0.57,1.71,1.809,1.718,-0.557893,1.71,1.809,-0.327,0.57,0.7901,1.5805655,0.48370126,1.4809451,-0.20504288,-0.2897,1.81991
324,5.417999999999625,1.0,0.5811944,-0.4240765,1.0,-1.0,0.9783923,0.30728716,-1.0,1.0,1.0,1.0,-0.98039055,1.0,1.0,-1.0,1.0,0.08190381,0.7899776,-0.21575052,0.9821552,-1.0,-1.0,1.0,3.0527,2.0933,-3.0527,2.0933,-3.0527,2.0933,4.5728407,-0.57,1.71,1.809,1.718,-0.55882263,1.71,1.809,-0.327,0.57,0.7891495,1.5902617,0.4748951,1.4866889,-0.20504288,-0.2897,1.81991
325,5.435999999999623,1.0,0.58177805,-0.4205499,1.0,-1.0,0.977463,0.3051017,-1.0,1.0,1.0,1.0,-0.9812852,1.0,1.0,-1.0,1.0,0.08258139,0.79744905,-0.22040659,0.9921267,-1.0,-1.0,1.0,3.0527,2.0933,-3.0527,2.0933,-3.0527,2.0933,4.623701,-0.57,1.71,1.809,1.718,-0.55933255,1.71,1.809,-0.327,0.57,0.78982913,1.5980432,0.47013426,1.4923389,-0.20504288,-0.2897,1.81991
326,5.451999999999622,1.0,0.5828707,-0.41636232,1.0,-1.0,0.97782,0.30153328,-1.0,1.0,1.0,1.0,-0.9812455,1.0,1.0,-1.0,1.0,0.08457636,0.8034839,-0.22195262,1.0,-1.0,-1.0,1.0,3.0527,2.0933,-3.0527,2.0933,-3.0527,2.0933,4.673967,-0.57,1.71,1.809,1.718,-0.55930996,1.71,1.809,-0.327,0.57,0.79183006,1.6043285,0.46855345,1.4968,-0.20504288,-0.2897,1.81991
327,5.46799999999962,1.0,0.58398235,-0.41220197,1.0,-1.0,0.9785581,0.2981301,-1.0,1.0,1.0,1.0,-0.98084533,1.0,1.0,-1.0,1.0,0.08699667,0.80838186,-0.22256106,1.0,-1.0,-1.0,1.0,3.0527,2.0933,-3.0527,2.0933,-3.0527,2.0933,4.723665,-0.57,1.71,1.809,1.718,-0.55908185,1.71,1.809,-0.327,0.57,0.79425764,1.6094297,0.4679313,1.4968,-0.20504288,-0.2897,1.81991
328,5.485999999999618,1.0,0.5857208,-0.40804833,1.0,-1.0,0.9795827,0.2946821,-1.0,1.0,1.0,1.0,-0.98014593,1.0,1.0,-1.0,1.0,0.09018671,0.81324404,-0.22276634,1.0,-1.0,-1.0,1.0,3.0527,2.0933,-3.0527,2.0933,-3.0527,2.0933,4.7727885,-0.57,1.71,1.809,1.718,-0.55868316,1.71,1.809,-0.327,0.57,0.7974573,1.6144937,0.46772143,1.4968,-0.20504288,-0.2897,1.81991
329,5.501999999999616,1.0,0.5878271,-0.40402716,1.0,-1.0,0.9807631,0.2916686,-1.0,1.0,1.0,1.0,-0.97907233,1.0,1.0,-1.0,1.0,0.09378099,0.81779593,-0.22286409,1.0,-1.0,-1.0,1.0,3.0527,2.0933,-3.0527,2.0933,-3.0527,2.0933,4.8214097,-0.57,1.71,1.809,1.718,-0.55807126,1.71,1.809,-0.327,0.57,0.80106235,1.6192344,0.46762148,1.4968,-0.20504288,-0.2897,1.81991
330,5.517999999999614,1.0,0.589645,-0.4001889,1.0,-1.0,0.98192185,0.28945428,-1.0,1.0,1.0,1.0,-0.9779446,1.0,1.0,-1.0,1.0,0.097443454,0.821776,-0.22332662,1.0,-1.0,-1.0,1.0,3.0527,2.0933,-3.0527,2.0933,-3.0527,2.0933,4.869662,-0.57,1.71,1.809,1.718,-0.5574284,1.71,1.809,-0.327,0.57,0.8047358,1.6233797,0.46714854,1.4968,-0.20504288,-0.2897,1.81991
331,5.535999999999612,1.0,0.5916048,-0.39632228,1.0,-1.0,0.9832555,0.28739446,-1.0,1.0,1.0,1.0,-0.9766654,1.0,1.0,-1.0,1.0,0.10149025,0.82577294,-0.22382659,1.0,-1.0,-1.0,1.0,3.0527,2.0933,-3.0527,2.0933,-3.0527,2.0933,4.9175706,-0.57,1.71,1.809,1.718,-0.5566993,1.71,1.809,-0.327,0.57,0.80879474,1.6275425,0.4666373,1.4968,-0.20504288,-0.2897,1.81991
332,5.551999999999611,1.0,0.5937096,-0.39260885,1.0,-1.0,0.9846241,0.28608114,-1.0,1.0,1.0,1.0,-0.9751717,1.0,1.0,-1.0,1.0,0.10591208,0.8298462,-0.22479421,1.0,-1.0,-1.0,1.0,3.0527,2.0933,-3.0527,2.0933,-3.0527,2.0933,4.96526,-0.57,1.71,1.809,1.718,-0.5558479,1.71,1.809,-0.327,0.57,0.8132298,1.6317848,0.46564794,1.4968,-0.20504288,-0.2897,1.81991
333,5.567999999999609,1.0,0.5954026,-0.3888857,1.0,-1.0,0.98575574,0.28572518,-1.0,1.0,1.0,1.0,-0.9738524,1.0,1.0,-1.0,1.0,0.11004674,0.8337969,-0.22675198,1.0,-1.0,-1.0,1.0,3.0527,2.0933,-3.0527,2.0933,-3.0527,2.0933,5.0128903,-0.57,1.71,1.809,1.718,-0.55509585,1.71,1.809,-0.327,0.57,0.81737685,1.6358995,0.46364608,1.4968,-0.20504288,-0.2897,1.81991
334,5.585999999999607,1.0,0.5970781,-0.38509429,1.0,-1.0,0.98713654,0.28525478,-1.0,1.0,1.0,1.0,-0.9724778,1.0,1.0,-1.0,1.0,0.11460077,0.83768004,-0.22835463,1.0,-1.0,-1.0,1.0,3.0527,2.0933,-3.0527,2.0933,-3.0527,2.0933,5.0604424,-0.57,1.71,1.809,1.718,-0.55431235,1.71,1.809,-0.327,0.57,0.8219446,1.6399437,0.46200737,1.4968,-0.20504288,-0.2897,1.81991
335,5.601999999999605,1.0,0.59873676,-0.38126272,1.0,-1.0,0.98837084,0.285726,-1.0,1.0,1.0,1.0,-0.9711517,1.0,1.0,-1.0,1.0,0.11925601,0.841963,-0.23084086,1.0,-1.0,-1.0,1.0,3.0527,2.0933,-3.0527,2.0933,-3.0527,2.0933,5.108073,-0.57,1.71,1.809,1.718,-0.5535565,1.71,1.809,-0.327,0.57,0.8266138,1.6444044,0.4594652,1.4968,-0.20504288,-0.2897,1.81991
336,5.617999999999603,1.0,0.59981155,-0.3773696,1.0,-1.0,0.98956615,0.2867462,-1.0,1.0,1.0,1.0,-0.9700668,1.0,1.0,-1.0,1.0,0.12375855,0.84592897,-0.23363978,1.0,-1.0,-1.0,1.0,3.0527,2.0933,-3.0527,2.0933,-3.0527,2.0933,5.155874,-0.57,1.71,1.809,1.718,-0.55293804,1.71,1.809,-0.327,0.57,0.83112985,1.648535,0.45660332,1.4968,-0.20504288,-0.2897,1.81991
337,5.635999999999601,1.0,0.60074246,-0.37330696,1.0,-1.0,0.99079996,0.28782827,-1.0,1.0,1.0,1.0,-0.96911967,1.0,1.0,-1.0,1.0,0.12827468,0.8501124,-0.23658866,1.0,-1.0,-1.0,1.0,3.0527,2.0933,-3.0527,2.0933,-3.0527,2.0933,5.2038546,-0.57,1.71,1.809,1.718,-0.5523982,1.71,1.809,-0.327,0.57,0.8356595,1.652892,0.4535881,1.4968,-0.20504288,-0.2897,1.81991
338,5.6519999999996,1.0,0.6015004,-0.36921802,1.0,-1.0,0.99197936,0.28962213,-1.0,1.0,1.0,1.0,-0.96827495,1.0,1.0,-1.0,1.0,0.1329844,0.8544882,-0.24003834,1.0,-1.0,-1.0,1.0,3.0527,2.0933,-3.0527,2.0933,-3.0527,2.0933,5.252135,-0.57,1.71,1.809,1.718,-0.5519167,1.71,1.809,-0.327,0.57,0.84038335,1.6574495,0.4500608,1.4968,-0.20504288,-0.2897,1.81991
339,5.667999999999598,1.0,0.6014637,-0.364973,1.0,-1.0,0.99325114,0.29202205,-1.0,1.0,1.0,1.0,-0.9677478,1.0,1.0,-1.0,1.0,0.13744724,0.85848063,-0.24363714,1.0,-1.0,-1.0,1.0,3.0527,2.0933,-3.0527,2.0933,-3.0527,2.0933,5.3008146,-0.57,1.71,1.809,1.718,-0.55161625,1.71,1.809,-0.327,0.57,0.8448596,1.6616076,0.44638103,1.4968,-0.20504288,-0.2897,1.81991
340,5.685999999999596,1.0,0.6013026,-0.360703,1.0,-1.0,0.99452233,0.2942534,-1.0,1.0,1.0,1.0,-0.96727896,1.0,1.0,-1.0,1.0,0.14179134,0.86251634,-0.24728674,1.0,-1.0,-1.0,1.0,3.0527,2.0933,-3.0527,2.0933,-3.0527,2.0933,5.349867,-0.57,1.71,1.809,1.718,-0.551349,1.71,1.809,-0.327,0.57,0.8492167,1.6658108,0.4426493,1.4968,-0.20504288,-0.2897,1.81991
341,5.701999999999594,1.0,0.6007172,-0.35681272,1.0,-1.0,0.9952918,0.29752487,-1.0,1.0,1.0,1.0,-0.9669994,1.0,1.0,-1.0,1.0,0.14570391,0.86690384,-0.25240725,1.0,-1.0,-1.0,1.0,3.0527,2.0933,-3.0527,2.0933,-3.0527,2.0933,5.399464,-0.57,1.71,1.809,1.718,-0.55118966,1.71,1.809,-0.327,0.57,0.853141,1.6703804,0.43741357,1.4968,-0.20504288,-0.2897,1.81991
342,5.717999999999592,1.0,0.5995573,-0.35266396,1.0,-1.0,0.9961464,0.30122596,-1.0,1.0,1.0,1.0,-0.96693456,1.0,1.0,-1.0,1.0,0.14945781,0.8712525,-0.25786978,1.0,-1.0,-1.0,1.0,3.0527,2.0933,-3.0527,2.0933,-3.0527,2.0933,5.4496784,-0.57,1.71,1.809,1.718,-0.5511527,1.71,1.809,-0.327,0.57,0.8569062,1.6749095,0.43182814,1.4968,-0.20504288,-0.2897,1.81991
343,5.73599999999959,1.0,0.5983809,-0.34815186,1.0,-1.0,0.9970134,0.30484718,-1.0,1.0,1.0,1.0,-0.96699846,1.0,1.0,-1.0,1.0,0.15319645,0.8759659,-0.26340955,1.0,-1.0,-1.0,1.0,3.0527,2.0933,-3.0527,2.0933,-3.0527,2.0933,5.5004964,-0.57,1.71,1.809,1.718,-0.5511891,1.71,1.809,-0.327,0.57,0.860656,1.6798185,0.42616373,1.4968,-0.20504288,-0.2897,1.81991
344,5.7519999999995886,1.0,0.5967407,-0.34340852,1.0,-1.0,0.9978011,0.3093055,-1.0,1.0,1.0,1.0,-0.9672388,1.0,1.0,-1.0,1.0,0.15684628,0.88079125,-0.26950425,1.0,-1.0,-1.0,1.0,3.0527,2.0933,-3.0527,2.0933,-3.0527,2.0933,5.5520577,-0.57,1.71,1.809,1.718,-0.5513261,1.71,1.809,-0.327,0.57,0.8643168,1.6848441,0.41993192,1.4968,-0.20504288,-0.2897,1.81991
345,5.767999999999587,1.0,0.59475994,-0.3384969,1.0,-1.0,0.9986175,0.31399995,-1.0,1.0,1.0,1.0,-0.9675535,1.0,1.0,-1.0,1.0,0.160326,0.88535184,-0.27554697,1.0,-1.0,-1.0,1.0,3.0527,2.0933,-3.0527,2.0933,-3.0527,2.0933,5.6044016,-0.57,1.71,1.809,1.718,-0.5515055,1.71,1.809,-0.327,0.57,0.867807,1.6895939,0.4137532,1.4968,-0.20504288,-0.2897,1.81991
346,5.785999999999585,1.0,0.59256136,-0.3333789,1.0,-1.0,0.9994355,0.31854945,-1.0,1.0,1.0,1.0,-0.9679979,1.0,1.0,-1.0,1.0,0.16365659,0.88995713,-0.28151947,1.0,-1.0,-1.0,1.0,3.0527,2.0933,-3.0527,2.0933,-3.0527,2.0933,5.6575036,-0.57,1.71,1.809,1.718,-0.5517588,1.71,1.809,-0.327,0.57,0.8711476,1.6943903,0.40764633,1.4968,-0.20504288,-0.2897,1.81991
347,5.801999999999583,1.0,0.5896207,-0.328282,1.0,-1.0,1.0,0.3238662,-1.0,1.0,1.0,1.0,-0.9685725,1.0,1.0,-1.0,1.0,0.16682196,0.894272,-0.2879235,1.0,-1.0,-1.0,1.0,3.0527,2.0933,-3.0527,2.0933,-3.0527,2.0933,5.711492,-0.57,1.71,1.809,1.718,-0.55208635,1.71,1.809,-0.327,0.57,0.8743224,1.6988844,0.4010982,1.4968,-0.20504288,-0.2897,1.81991
348,5.817999999999581,1.0,0.58647025,-0.32321554,1.0,-1.0,1.0,0.32942277,-1.0,1.0,1.0,1.0,-0.96911573,1.0,1.0,-1.0,1.0,0.16985881,0.8984074,-0.29445392,1.0,-1.0,-1.0,1.0,3.0527,2.0933,-3.0527,2.0933,-3.0527,2.0933,5.766407,-0.57,1.71,1.809,1.718,-0.55239594,1.71,1.809,-0.327,0.57,0.8773684,1.7031913,0.39442086,1.4968,-0.20504288,-0.2897,1.81991
349,5.835999999999579,1.0,0.58304715,-0.31801036,1.0,-1.0,1.0,0.33486933,-1.0,1.0,1.0,1.0,-0.96971977,1.0,1.0,-1.0,1.0,0.17260575,0.90256375,-0.30107623,1.0,-1.0,-1.0,1.0,3.0527,2.0933,-3.0527,2.0933,-3.0527,2.0933,5.82223,-0.57,1.71,1.809,1.718,-0.5527403,1.71,1.809,-0.327,0.57,0.88012356,1.7075201,0.38764957,1.4968,-0.20504288,-0.2897,1.81991
350,5.8519999999995775,1.0,0.5792376,-0.3127581,1.0,-1.0,1.0,0.3410582,-1.0,1.0,1.0,1.0,-0.97032607,1.0,1.0,-1.0,1.0,0.17524743,0.90659064,-0.30832726,1.0,-1.0,-1.0,1.0,3.0527,2.0933,-3.0527,2.0933,-3.0527,2.0933,5.879084,-0.57,1.71,1.809,1.718,-0.55308586,1.71,1.809,-0.327,0.57,0.88277316,1.7117141,0.38023537,1.4968,-0.20504288,-0.2897,1.81991
351,5.867999999999576,1.0,0.59034765,-0.35995424,1.0,-1.0,0.9999507,0.38889867,-1.0,1.0,1.0,1.0,-0.9335077,1.0,1.0,-1.0,1.0,0.22322226,0.8818554,-0.3467794,1.0,-1.0,-1.0,1.0,3.0527,2.0933,-3.0527,2.0933,-3.0527,2.0933,5.9439135,-0.57,1.71,1.809,1.718,-0.53209937,1.71,1.809,-0.327,0.57,0.93089193,1.6859524,0.34091806,1.4968,-0.20504288,-0.2897,1.81991
352,5.885999999999574,1.0,0.5941838,-0.387561,1.0,-1.0,0.99859744,0.43499833,-1.0,1.0,1.0,1.0,-0.919086,1.0,1.0,-1.0,1.0,0.23165715,0.8750983,-0.38047892,1.0,-1.0,-1.0,1.0,3.0527,2.0933,-3.0527,2.0933,-3.0527,2.0933,6.016428,-0.57,1.71,1.809,1.718,-0.523879,1.71,1.809,-0.327,0.57,0.9393521,1.6789149,0.3064603,1.4968,-0.20504288,-0.2897,1.81991
353,5.901999999999572,1.0,0.59019876,-0.4027424,1.0,-1.0,1.0,0.46225935,-1.0,1.0,1.0,1.0,-0.90816057,1.0,1.0,-1.0,1.0,0.23592973,0.86433107,-0.39993078,1.0,-1.0,-1.0,1.0,3.0527,2.0933,-3.0527,2.0933,-3.0527,2.0933,6.0934863,-0.57,1.71,1.809,1.718,-0.5176515,1.71,1.809,-0.327,0.57,0.9436375,1.6677008,0.2865708,1.4968,-0.20504288,-0.2897,1.81991
354,5.91799999999957,1.0,0.58484185,-0.41084605,1.0,-1.0,1.0,0.48220903,-1.0,1.0,1.0,1.0,-0.90013385,1.0,1.0,-1.0,1.0,0.23721528,0.856608,-0.41500205,1.0,-1.0,-1.0,1.0,3.0527,2.0933,-3.0527,2.0933,-3.0527,2.0933,6.1738706,-0.57,1.71,1.809,1.718,-0.5130763,1.71,1.809,-0.327,0.57,0.9449269,1.6596572,0.2711604,1.4968,-0.20504288,-0.2897,1.81991
355,5.935999999999568,1.0,0.5786878,-0.41486964,1.0,-1.0,1.0,0.49652916,-1.0,1.0,1.0,1.0,-0.89480317,1.0,1.0,-1.0,1.0,0.23673177,0.85116905,-0.4277827,1.0,-1.0,-1.0,1.0,3.0527,2.0933,-3.0527,2.0933,-3.0527,2.0933,6.256642,-0.57,1.71,1.809,1.718,-0.5100378,1.71,1.809,-0.327,0.57,0.944442,1.6539925,0.25809216,1.4968,-0.20504288,-0.2897,1.81991
356,5.9519999999995665,1.0,0.5721234,-0.41661987,1.0,-1.0,1.0,0.5078886,-1.0,1.0,1.0,1.0,-0.89179933,1.0,1.0,-1.0,1.0,0.23511887,0.8471889,-0.43980426,1.0,-1.0,-1.0,1.0,3.0527,2.0933,-3.0527,2.0933,-3.0527,2.0933,6.283,-0.57,1.71,1.809,1.718,-0.50832564,1.71,1.809,-0.327,0.57,0.94282424,1.6498473,0.24580015,1.4968,-0.20504288,-0.2897,1.81991
357,5.967999999999565,1.0,0.5666473,-0.41983077,1.0,-1.0,1.0,0.5255373,-1.0,1.0,1.0,1.0,-0.8884162,1.0,1.0,-1.0,1.0,0.23540628,0.8438018,-0.45477873,1.0,-1.0,-1.0,1.0,3.0527,2.0933,-3.0527,2.0933,-3.0527,2.0933,6.283,-0.57,1.71,1.809,1.718,-0.50639725,1.71,1.809,-0.327,0.57,0.9431125,1.6463196,0.23048875,1.4968,-0.20504288,-0.2897,1.81991
358,5.985999999999563,1.0,0.5616114,-0.42505386,1.0,-1.0,1.0,0.5496209,-1.0,1.0,1.0,1.0,-0.88304985,1.0,1.0,-1.0,1.0,0.24066329,0.8396515,-0.4717496,1.0,-1.0,-1.0,1.0,3.0527,2.0933,-3.0527,2.0933,-3.0527,2.0933,6.283,-0.57,1.71,1.809,1.718,-0.5033384,1.71,1.809,-0.327,0.57,0.9483853,1.6419971,0.21313603,1.4968,-0.20504288,-0.2897,1.81991
359,6.001999999999561,1.0,0.55645883,-0.43198562,1.0,-1.0,1.0,0.5774191,-1.0,1.0,1.0,1.0,-0.8753506,1.0,1.0,-1.0,1.0,0.2501607,0.83440346,-0.48927766,1.0,-1.0,-1.0,1.0,3.0527,2.0933,-3.0527,2.0933,-3.0527,2.0933,6.283,-0.57,1.71,1.809,1.718,-0.49894983,1.71,1.809,-0.327,0.57,0.9579112,1.6365312,0.19521359,1.4968,-0.20504288,-0.2897,1.81991
360,6.017999999999559,1.0,0.5499588,-0.44370577,1.0,-1.0,1.0,0.61152905,-1.0,1.0,1.0,1.0,-0.8670006,1.0,1.0,-1.0,1.0,0.26118827,0.8314292,-0.51457614,1.0,-1.0,-1.0,1.0,3.0527,2.0933,-3.0527,2.0933,-3.0527,2.0933,6.283,-0.57,1.71,1.809,1.718,-0.49419034,1.71,1.809,-0.327,0.57,0.96897185,1.6334335,0.1693459,1.4968,-0.20504288,-0.2897,1.81991
361,6.035999999999557,1.0,0.54246306,-0.44996688,1.0,-1.0,1.0,0.6335264,-1.0,1.0,1.0,1.0,-0.85955465,1.0,1.0,-1.0,1.0,0.2729938,0.82905406,-0.53136283,1.0,-1.0,-1.0,1.0,3.0527,2.0933,-3.0527,2.0933,-3.0527,2.0933,6.283,-0.57,1.71,1.809,1.718,-0.48994616,1.71,1.809,-0.327,0.57,0.9808128,1.6309597,0.1521815,1.4968,-0.20504288,-0.2897,1.81991
362,6.0519999999995555,1.0,0.5362121,-0.45320526,1.0,-1.0,1.0,0.6489304,-1.0,1.0,1.0,1.0,-0.8537513,1.0,1.0,-1.0,1.0,0.28137827,0.82851833,-0.5437326,0.99901867,-1.0,-1.0,1.0,3.0527,2.0933,-3.0527,2.0933,-3.0527,2.0933,6.283,-0.57,1.71,1.809,1.718,-0.48663825,1.71,1.809,-0.327,0.57,0.9892224,1.6304018,0.13953343,1.496244,-0.20504288,-0.2897,1.81991
363,6.067999999999554,1.0,0.53067935,-0.45527816,1.0,-1.0,1.0,0.6611565,-1.0,1.0,1.0,1.0,-0.8494717,1.0,1.0,-1.0,1.0,0.28719568,0.8286883,-0.55440587,0.9978999,-1.0,-1.0,1.0,3.0527,2.0933,-3.0527,2.0933,-3.0527,2.0933,6.283,-0.57,1.71,1.809,1.718,-0.48419887,1.71,1.809,-0.327,0.57,0.9950573,1.6305789,0.12862,1.49561,-0.20504288,-0.2897,1.81991
364,6.085999999999552,1.0,0.5256804,-0.4565391,1.0,-1.0,1.0,0.6712236,-1.0,1.0,1.0,1.0,-0.8460355,1.0,1.0,-1.0,1.0,0.29187846,0.8291716,-0.5636923,0.9975852,-1.0,-1.0,1.0,3.0527,2.0933,-3.0527,2.0933,-3.0527,2.0933,6.283,-0.57,1.71,1.809,1.718,-0.48224023,1.71,1.809,-0.327,0.57,0.9997541,1.6310822,0.11912465,1.4954318,-0.20504288,-0.2897,1.81991
365,6.10199999999955,1.0,0.5213264,-0.45706487,1.0,-1.0,1.0,0.67987245,-1.0,1.0,1.0,1.0,-0.8432373,1.0,1.0,-1.0,1.0,0.2962439,0.8300583,-0.5721877,0.99791586,-1.0,-1.0,1.0,3.0527,2.0933,-3.0527,2.0933,-3.0527,2.0933,6.283,-0.57,1.71,1.809,1.718,-0.48064524,1.71,1.809,-0.327,0.57,1.0041326,1.6320057,0.11043806,1.495619,-0.20504288,-0.2897,1.81991
366,6.117999999999548,1.0,0.5171591,-0.45733947,1.0,-1.0,1.0,0.6877828,-1.0,1.0,1.0,1.0,-0.84086883,1.0,1.0,-1.0,1.0,0.300223,0.8310904,-0.5802956,0.9986423,-1.0,-1.0,1.0,3.0527,2.0933,-3.0527,2.0933,-3.0527,2.0933,6.283,-0.57,1.71,1.809,1.718,-0.47929522,1.71,1.809,-0.327,0.57,1.0081236,1.6330806,0.10214773,1.4960307,-0.20504288,-0.2897,1.81991
367,6.135999999999546,1.0,0.5135399,-0.45731923,1.0,-1.0,1.0,0.6949056,-1.0,1.0,1.0,1.0,-0.8387339,1.0,1.0,-1.0,1.0,0.3043344,0.83249897,-0.5879044,0.9997573,-1.0,-1.0,1.0,3.0527,2.0933,-3.0527,2.0933,-3.0527,2.0933,6.283,-0.57,1.71,1.809,1.718,-0.47807834,1.71,1.809,-0.327,0.57,1.0122474,1.6345477,0.09436776,1.4966625,-0.20504288,-0.2897,1.81991
368,6.1519999999995445,1.0,0.5101229,-0.45710936,1.0,-1.0,1.0,0.70133597,-1.0,1.0,1.0,1.0,-0.8367351,1.0,1.0,-1.0,1.0,0.30851245,0.8340356,-0.5950225,1.0,-1.0,-1.0,1.0,3.0527,2.0933,-3.0527,2.0933,-3.0527,2.0933,6.283,-0.57,1.71,1.809,1.718,-0.47693902,1.71,1.809,-0.327,0.57,1.016438,1.6361481,0.087089494,1.4968,-0.20504288,-0.2897,1.81991
369,6.167999999999543,1.0,0.5070245,-0.4566283,1.0,-1.0,1.0,0.7073446,-1.0,1.0,1.0,1.0,-0.835003,1.0,1.0,-1.0,1.0,0.31271446,0.83585805,-0.6018016,1.0,-1.0,-1.0,1.0,3.0527,2.0933,-3.0527,2.0933,-3.0527,2.0933,6.283,-0.57,1.71,1.809,1.718,-0.47595173,1.71,1.809,-0.327,0.57,1.0206527,1.6380461,0.08015789,1.4968,-0.20504288,-0.2897,1.81991
370,6.185999999999541,1.0,0.5042037,-0.45596442,1.0,-1.0,1.0,0.71280974,-1.0,1.0,1.0,1.0,-0.83341086,1.0,1.0,-1.0,1.0,0.31694245,0.83780664,-0.60813814,1.0,-1.0,-1.0,1.0,3.0527,2.0933,-3.0527,2.0933,-3.0527,2.0933,6.283,-0.57,1.71,1.809,1.718,-0.4750442,1.71,1.809,-0.327,0.57,1.0248933,1.6400756,0.07367875,1.4968,-0.20504288,-0.2897,1.81991
371,6.201999999999539,1.0,0.50163484,-0.4552507,1.0,-1.0,1.0,0.7177543,-1.0,1.0,1.0,1.0,-0.83190286,1.0,1.0,-1.0,1.0,0.32128084,0.83986455,-0.61422735,1.0,-1.0,-1.0,1.0,3.0527,2.0933,-3.0527,2.0933,-3.0527,2.0933,6.283,-0.57,1.71,1.809,1.718,-0.47418463,1.71,1.809,-0.327,0.57,1.0292447,1.642219,0.06745253,1.4968,-0.20504288,-0.2897,1.81991
372,6.217999999999537,1.0,0.4990641,-0.4546717,1.0,-1.0,1.0,0.7224769,-1.0,1.0,1.0,1.0,-0.8306416,1.0,1.0,-1.0,1.0,0.3254063,0.84205025,-0.6204482,1.0,-1.0,-1.0,1.0,3.0527,2.0933,-3.0527,2.0933,-3.0527,2.0933,6.283,-0.57,1.71,1.809,1.718,-0.47346574,1.71,1.809,-0.327,0.57,1.0333825,1.6444954,0.061091743,1.4968,-0.20504288,-0.2897,1.81991
373,6.235999999999535,1.0,0.4980644,-0.45564798,1.0,-1.0,1.0,0.7287449,-1.0,1.0,1.0,1.0,-0.82827055,1.0,1.0,-1.0,1.0,0.33033502,0.84494454,-0.6269714,1.0,-1.0,-1.0,1.0,3.0527,2.0933,-3.0527,2.0933,-3.0527,2.0933,6.283,-0.57,1.71,1.809,1.718,-0.4721142,1.71,1.809,-0.327,0.57,1.038326,1.6475097,0.05442172,1.4968,-0.20504288,-0.2897,1.81991
374,6.2519999999995335,1.0,0.50039434,-0.45936283,1.0,-1.0,1.0,0.734193,-1.0,1.0,1.0,1.0,-0.82437134,1.0,1.0,-1.0,1.0,0.33826125,0.8483445,-0.6299837,1.0,-1.0,-1.0,1.0,3.0527,2.0933,-3.0527,2.0933,-3.0527,2.0933,6.283,-0.57,1.71,1.809,1.718,-0.46989167,1.71,1.809,-0.327,0.57,1.046276,1.6510508,0.05134164,1.4968,-0.20504288,-0.2897,1.81991
375,6.267999999999532,1.0,0.49619555,-0.4615252,1.0,-1.0,1.0,0.7376507,-1.0,1.0,1.0,1.0,-0.8251302,1.0,1.0,-1.0,1.0,0.34107864,0.850445,-0.6347994,1.0,-1.0,-1.0,1.0,3.0527,2.0933,-3.0527,2.0933,-3.0527,2.0933,6.283,-0.57,1.71,1.809,1.718,-0.47032422,1.71,1.809,-0.327,0.57,1.0491018,1.6532384,0.046417594,1.4968,-0.20504288,-0.2897,1.81991
376,6.28599999999953,1.0,0.49179006,-0.46231872,1.0,-1.0,1.0,0.7385902,-1.0,1.0,1.0,1.0,-0.8270377,1.0,1.0,-1.0,1.0,0.34172463,0.85352343,-0.6400127,1.0,-1.0,-1.0,1.0,3.0527,2.0933,-3.0527,2.0933,-3.0527,2.0933,6.283,-0.57,1.71,1.809,1.718,-0.4714115,1.71,1.809,-0.327,0.57,1.0497499,1.6564447,0.04108703,1.4968,-0.20504288,-0.2897,1.81991
377,6.301999999999528,1.0,0.4873234,-0.4624428,1.0,-1.0,1.0,0.7380871,-1.0,1.0,1.0,1.0,-0.82958424,1.0,1.0,-1.0,1.0,0.34127545,0.857117,-0.64515585,1.0,-1.0,-1.0,1.0,3.0527,2.0933,-3.0527,2.0933,-3.0527,2.0933,6.283,-0.57,1.71,1.809,1.718,-0.47286302,1.71,1.809,-0.327,0.57,1.0492992,1.6601874,0.035828147,1.4968,-0.20504288,-0.2897,1.81991
378,6.317999999999526,1.0,0.48388052,-0.46232462,1.0,-1.0,1.0,0.73777884,-1.0,1.0,1.0,1.0,-0.83182096,1.0,1.0,-1.0,1.0,0.341146,0.8611353,-0.6504615,1.0,-1.0,-1.0,1.0,3.0527,2.0933,-3.0527,2.0933,-3.0527,2.0933,6.283,-0.57,1.71,1.809,1.718,-0.47413796,1.71,1.809,-0.327,0.57,1.0491694,1.6643724,0.030403122,1.4968,-0.20504288,-0.2897,1.81991
379,6.335999999999524,1.0,0.48100972,-0.4619351,1.0,-1.0,1.0,0.7379326,-1.0,1.0,1.0,1.0,-0.8336806,1.0,1.0,-1.0,1.0,0.34179604,0.8651158,-0.6555937,1.0,-1.0,-1.0,1.0,3.0527,2.0933,-3.0527,2.0933,-3.0527,2.0933,6.283,-0.57,1.71,1.809,1.718,-0.47519797,1.71,1.809,-0.327,0.57,1.0498214,1.6685182,0.02515545,1.4968,-0.20504288,-0.2897,1.81991
380,6.3519999999995225,1.0,0.47855031,-0.46138006,1.0,-1.0,1.0,0.73880106,-1.0,1.0,1.0,1.0,-0.83496606,1.0,1.0,-1.0,1.0,0.34299946,0.8688864,-0.6604462,1.0,-1.0,-1.0,1.0,3.0527,2.0933,-3.0527,2.0933,-3.0527,2.0933,6.283,-0.57,1.71,1.809,1.718,-0.47593066,1.71,1.809,-0.327,0.57,1.0510285,1.6724452,0.020193733,1.4968,-0.20504288,-0.2897,1.81991
381,6.367999999999521,1.0,0.47757673,-0.4611218,1.0,-1.0,1.0,0.74079937,-1.0,1.0,1.0,1.0,-0.8350934,1.0,1.0,-1.0,1.0,0.34532738,0.8726925,-0.66510576,1.0,-1.0,-1.0,1.0,3.0527,2.0933,-3.0527,2.0933,-3.0527,2.0933,6.283,-0.57,1.71,1.809,1.718,-0.47600323,1.71,1.809,-0.327,0.57,1.0533633,1.6764092,0.01542936,1.4968,-0.20504288,-0.2897,1.81991
382,6.385999999999519,1.0,0.47664297,-0.46090123,1.0,-1.0,1.0,0.7434582,-1.0,1.0,1.0,1.0,-0.83482337,1.0,1.0,-1.0,1.0,0.3479812,0.8758605,-0.66944057,1.0,-1.0,-1.0,1.0,3.0527,2.0933,-3.0527,2.0933,-3.0527,2.0933,6.283,-0.57,1.71,1.809,1.718,-0.47584933,1.71,1.809,-0.327,0.57,1.0560251,1.6797087,0.01099702,1.4968,-0.20504288,-0.2897,1.81991
383,6.401999999999517,1.0,0.47577763,-0.4606448,1.0,-1.0,1.0,0.74655217,-1.0,1.0,1.0,1.0,-0.8344575,1.0,1.0,-1.0,1.0,0.35058415,0.878668,-0.6736526,1.0,-1.0,-1.0,1.0,3.0527,2.0933,-3.0527,2.0933,-3.0527,2.0933,6.283,-0.57,1.71,1.809,1.718,-0.47564077,1.71,1.809,-0.327,0.57,1.058636,1.6826327,0.0066902274,1.4968,-0.20504288,-0.2897,1.81991
384,6.417999999999515,1.0,0.47478533,-0.4602575,1.0,-1.0,1.0,0.74944776,-1.0,1.0,1.0,1.0,-0.83422124,1.0,1.0,-1.0,1.0,0.35295725,0.8812224,-0.677496,1.0,-1.0,-1.0,1.0,3.0527,2.0933,-3.0527,2.0933,-3.0527,2.0933,6.283,-0.57,1.71,1.809,1.718,-0.4755061,1.71,1.809,-0.327,0.57,1.0610161,1.6852932,0.0027603237,1.4968,-0.20504288,-0.2897,1.81991
385,6.435999999999513,1.0,0.4736687,-0.45991746,1.0,-1.0,1.0,0.7520979,-1.0,1.0,1.0,1.0,-0.8340832,1.0,1.0,-1.0,1.0,0.3548745,0.88363844,-0.68105704,1.0,-1.0,-1.0,1.0,3.0527,2.0933,-3.0527,2.0933,-3.0527,2.0933,6.283,-0.57,1.71,1.809,1.718,-0.47542742,1.71,1.809,-0.327,0.57,1.0629392,1.6878095,-0.0008808192,1.4968,-0.20504288,-0.2897,1.81991
386,6.4519999999995115,1.0,0.47243726,-0.459647,1.0,-1.0,1.0,0.7544915,-1.0,1.0,1.0,1.0,-0.83410156,1.0,1.0,-1.0,1.0,0.3563491,0.8859901,-0.6844649,1.0,-1.0,-1.0,1.0,3.0527,2.0933,-3.0527,2.0933,-3.0527,2.0933,6.283,-0.57,1.71,1.809,1.718,-0.47543788,1.71,1.809,-0.327,0.57,1.0644182,1.6902586,-0.0043653315,1.4968,-0.20504288,-0.2897,1.81991
387,6.46799999999951,1.0,0.4711604,-0.45928636,1.0,-1.0,1.0,0.7566946,-1.0,1.0,1.0,1.0,-0.8343903,1.0,1.0,-1.0,1.0,0.35755742,0.88835424,-0.6878862,1.0,-1.0,-1.0,1.0,3.0527,2.0933,-3.0527,2.0933,-3.0527,2.0933,6.283,-0.57,1.71,1.809,1.718,-0.47560245,1.71,1.809,-0.327,0.57,1.0656301,1.6927209,-0.0078636175,1.4968,-0.20504288,-0.2897,1.81991
388,6.485999999999508,1.0,0.46994507,-0.45895714,1.0,-1.0,1.0,0.75861984,-1.0,1.0,1.0,1.0,-0.83472204,1.0,1.0,-1.0,1.0,0.35862684,0.8907842,-0.69115645,1.0,-1.0,-1.0,1.0,3.0527,2.0933,-3.0527,2.0933,-3.0527,2.0933,6.283,-0.57,1.71,1.809,1.718,-0.47579157,1.71,1.809,-0.327,0.57,1.0667027,1.6952517,-0.011207467,1.4968,-0.20504288,-0.2897,1.81991
389,6.501999999999506,1.0,0.46875024,-0.4586495,1.0,-1.0,1.0,0.76040894,-1.0,1.0,1.0,1.0,-0.83515465,1.0,1.0,-1.0,1.0,0.35955632,0.8932542,-0.6943968,1.0,-1.0,-1.0,1.0,3.0527,2.0933,-3.0527,2.0933,-3.0527,2.0933,6.283,-0.57,1.71,1.809,1.718,-0.47603816,1.71,1.809,-0.327,0.57,1.0676349,1.6978242,-0.0145207215,1.4968,-0.20504288,-0.2897,1.81991
390,6.517999999999504,1.0,0.4675939,-0.45833144,1.0,-1.0,1.0,0.7621401,-1.0,1.0,1.0,1.0,-0.8356329,1.0,1.0,-1.0,1.0,0.36043394,0.8957135,-0.69760543,1.0,-1.0,-1.0,1.0,3.0527,2.0933,-3.0527,2.0933,-3.0527,2.0933,6.283,-0.57,1.71,1.809,1.718,-0.47631076,1.71,1.809,-0.327,0.57,1.0685152,1.7003856,-0.017801553,1.4968,-0.20504288,-0.2897,1.81991
391,6.535999999999502,1.0,0.46647,-0.45797905,1.0,-1.0,1.0,0.7638002,-1.0,1.0,1.0,1.0,-0.83613646,1.0,1.0,-1.0,1.0,0.36129844,0.89812344,-0.700718,1.0,-1.0,-1.0,1.0,3.0527,2.0933,-3.0527,2.0933,-3.0527,2.0933,6.283,-0.57,1.71,1.809,1.718,-0.4765978,1.71,1.809,-0.327,0.57,1.0693823,1.7028955,-0.020984141,1.4968,-0.20504288,-0.2897,1.81991
392,6.5519999999995004,1.0,0.4654956,-0.4575968,1.0,-1.0,1.0,0.76538426,-1.0,1.0,1.0,1.0,-0.8366265,1.0,1.0,-1.0,1.0,0.36223698,0.9006309,-0.7037429,1.0,-1.0,-1.0,1.0,3.0527,2.0933,-3.0527,2.0933,-3.0527,2.0933,6.283,-0.57,1.71,1.809,1.718,-0.47687712,1.71,1.809,-0.327,0.57,1.0703237,1.705507,-0.024077138,1.4968,-0.20504288,-0.2897,1.81991
393,6.567999999999499,1.0,0.46442473,-0.45727068,1.0,-1.0,1.0,0.7668969,-1.0,1.0,1.0,1.0,-0.83705914,1.0,1.0,-1.0,1.0,0.36302197,0.9030073,-0.7066156,1.0,-1.0,-1.0,1.0,3.0527,2.0933,-3.0527,2.0933,-3.0527,2.0933,6.283,-0.57,1.71,1.809,1.718,-0.4771237,1.71,1.809,-0.327,0.57,1.0711111,1.7079822,-0.027014479,1.4968,-0.20504288,-0.2897,1.81991
394,6.585999999999497,1.0,0.4635043,-0.45694786,1.0,-1.0,1.0,0.76841885,-1.0,1.0,1.0,1.0,-0.8375093,1.0,1.0,-1.0,1.0,0.3637693,0.9053735,-0.70948035,1.0,-1.0,-1.0,1.0,3.0527,2.0933,-3.0527,2.0933,-3.0527,2.0933,6.283,-0.57,1.71,1.809,1.718,-0.47738028,1.71,1.809,-0.327,0.57,1.0718606,1.7104465,-0.029943652,1.4968,-0.20504288,-0.2897,1.81991
395,6.601999999999495,1.0,0.46261752,-0.4566147,1.0,-1.0,1.0,0.7699178,-1.0,1.0,1.0,1.0,-0.8379713,1.0,1.0,-1.0,1.0,0.36450422,0.9077038,-0.7122652,1.0,-1.0,-1.0,1.0,3.0527,2.0933,-3.0527,2.0933,-3.0527,2.0933,6.283,-0.57,1.71,1.809,1.718,-0.47764367,1.71,1.809,-0.327,0.57,1.0725977,1.7128736,-0.03279116,1.4968,-0.20504288,-0.2897,1.81991
396,6.617999999999493,1.0,0.46180534,-0.45623234,1.0,-1.0,1.0,0.7713867,-1.0,1.0,1.0,1.0,-0.8384608,1.0,1.0,-1.0,1.0,0.36528385,0.9100192,-0.7149964,1.0,-1.0,-1.0,1.0,3.0527,2.0933,-3.0527,2.0933,-3.0527,2.0933,6.283,-0.57,1.71,1.809,1.718,-0.47792265,1.71,1.809,-0.327,0.57,1.0733798,1.7152851,-0.035583816,1.4968,-0.20504288,-0.2897,1.81991
397,6.635999999999491,1.0,0.46097624,-0.45587692,1.0,-1.0,1.0,0.77277917,-1.0,1.0,1.0,1.0,-0.83889246,1.0,1.0,-1.0,1.0,0.36598635,0.9123084,-0.71760243,1.0,-1.0,-1.0,1.0,3.0527,2.0933,-3.0527,2.0933,-3.0527,2.0933,6.283,-0.57,1.71,1.809,1.718,-0.4781687,1.71,1.809,-0.327,0.57,1.0740843,1.7176692,-0.038248487,1.4968,-0.20504288,-0.2897,1.81991
398,6.651999999999489,1.0,0.46011186,-0.45558015,1.0,-1.0,1.0,0.7741726,-1.0,1.0,1.0,1.0,-0.8393314,1.0,1.0,-1.0,1.0,0.3665253,0.91449183,-0.720164,1.0,-1.0,-1.0,1.0,3.0527,2.0933,-3.0527,2.0933,-3.0527,2.0933,6.283,-0.57,1.71,1.809,1.718,-0.4784189,1.71,1.809,-0.327,0.57,1.0746249,1.7199433,-0.04086769,1.4968,-0.20504288,-0.2897,1.81991
399,6.667999999999488,1.0,0.4593537,-0.4552811,1.0,-1.0,1.0,0.7755348,-1.0,1.0,1.0,1.0,-0.8397821,1.0,1.0,-1.0,1.0,0.36706185,0.9166638,-0.7226861,1.0,-1.0,-1.0,1.0,3.0527,2.0933,-3.0527,2.0933,-3.0527,2.0933,6.283,-0.57,1.71,1.809,1.718,-0.4786758,1.71,1.809,-0.327,0.57,1.075163,1.7222054,-0.04344655,1.4968,-0.20504288,-0.2897,1.81991
400,6.685999999999486,1.0,0.45859027,-0.45497128,1.0,-1.0,1.0,0.7768679,-1.0,1.0,1.0,1.0,-0.84026015,1.0,1.0,-1.0,1.0,0.36755872,0.91878265,-0.7251496,1.0,-1.0,-1.0,1.0,3.0527,2.0933,-3.0527,2.0933,-3.0527,2.0933,6.283,-0.57,1.71,1.809,1.718,-0.4789483,1.71,1.809,-0.327,0.57,1.0756614,1.7244121,-0.045965437,1.4968,-0.20504288,-0.2897,1.81991
401,6.701999999999484,1.0,0.45791876,-0.4546189,1.0,-1.0,1.0,0.7781709,-1.0,1.0,1.0,1.0,-0.84077585,1.0,1.0,-1.0,1.0,0.36810267,0.9209556,-0.7275998,1.0,-1.0,-1.0,1.0,3.0527,2.0933,-3.0527,2.0933,-3.0527,2.0933,6.283,-0.57,1.71,1.809,1.718,-0.47924224,1.71,1.809,-0.327,0.57,1.0762069,1.7266753,-0.048470795,1.4968,-0.20504288,-0.2897,1.81991
402,6.719999999999482,1.0,0.45711696,-0.45433888,1.0,-1.0,1.0,0.77938,-1.0,1.0,1.0,1.0,-0.841223,1.0,1.0,-1.0,1.0,0.3685063,0.9230177,-0.72990125,1.0,-1.0,-1.0,1.0,3.0527,2.0933,-3.0527,2.0933,-3.0527,2.0933,6.283,-0.57,1.71,1.809,1.718,-0.4794971,1.71,1.809,-0.327,0.57,1.0766119,1.728823,-0.05082403,1.4968,-0.20504288,-0.2897,1.81991
403,6.73599999999948,1.0,0.4564458,-0.45407,1.0,-1.0,1.0,0.7805968,-1.0,1.0,1.0,1.0,-0.8417088,1.0,1.0,-1.0,1.0,0.36885786,0.92510897,-0.7322418,1.0,-1.0,-1.0,1.0,3.0527,2.0933,-3.0527,2.0933,-3.0527,2.0933,6.283,-0.57,1.71,1.809,1.718,-0.479774,1.71,1.809,-0.327,0.57,1.0769644,1.731001,-0.05321725,1.4968,-0.20504288,-0.2897,1.81991
404,6.751999999999478,1.0,0.45575988,-0.4537929,1.0,-1.0,1.0,0.7817684,-1.0,1.0,1.0,1.0,-0.84221065,1.0,1.0,-1.0,1.0,0.369187,0.92712826,-0.7345013,1.0,-1.0,-1.0,1.0,3.0527,2.0933,-3.0527,2.0933,-3.0527,2.0933,6.283,-0.57,1.71,1.809,1.718,-0.48006007,1.71,1.809,-0.327,0.57,1.0772946,1.7331041,-0.055527583,1.4968,-0.20504288,-0.2897,1.81991
405,6.769999999999476,1.0,0.4551251,-0.45346874,1.0,-1.0,1.0,0.782931,-1.0,1.0,1.0,1.0,-0.8427657,1.0,1.0,-1.0,1.0,0.3695482,0.92914647,-0.73674697,1.0,-1.0,-1.0,1.0,3.0527,2.0933,-3.0527,2.0933,-3.0527,2.0933,6.283,-0.57,1.71,1.809,1.718,-0.48037645,1.71,1.809,-0.327,0.57,1.0776569,1.735206,-0.057823773,1.4968,-0.20504288,-0.2897,1.81991
406,6.785999999999475,1.0,0.45440042,-0.45320877,1.0,-1.0,1.0,0.78403133,-1.0,1.0,1.0,1.0,-0.84324944,1.0,1.0,-1.0,1.0,0.3698051,0.93115443,-0.7389212,1.0,-1.0,-1.0,1.0,3.0527,2.0933,-3.0527,2.0933,-3.0527,2.0933,6.283,-0.57,1.71,1.809,1.718,-0.48065218,1.71,1.809,-0.327,0.57,1.0779145,1.7372973,-0.060046952,1.4968,-0.20504288,-0.2897,1.81991
407,6.801999999999473,1.0,0.45376432,-0.45297053,1.0,-1.0,1.0,0.7850936,-1.0,1.0,1.0,1.0,-0.843747,1.0,1.0,-1.0,1.0,0.3700168,0.9330707,-0.7410131,1.0,-1.0,-1.0,1.0,3.0527,2.0933,-3.0527,2.0933,-3.0527,2.0933,6.283,-0.57,1.71,1.809,1.718,-0.4809358,1.71,1.809,-0.327,0.57,1.0781269,1.7392931,-0.062185906,1.4968,-0.20504288,-0.2897,1.81991
408,6.819999999999471,1.0,0.45320284,-0.45268378,1.0,-1.0,1.0,0.786212,-1.0,1.0,1.0,1.0,-0.84430945,1.0,1.0,-1.0,1.0,0.37028098,0.9350912,-0.74324423,1.0,-1.0,-1.0,1.0,3.0527,2.0933,-3.0527,2.0933,-3.0527,2.0933,6.283,-0.57,1.71,1.809,1.718,-0.4812564,1.71,1.809,-0.327,0.57,1.0783918,1.7413975,-0.06446723,1.4968,-0.20504288,-0.2897,1.81991
409,6.835999999999469,1.0,0.45251572,-0.45249608,1.0,-1.0,1.0,0.78720635,-1.0,1.0,1.0,1.0,-0.8447801,1.0,1.0,-1.0,1.0,0.37043655,0.9369655,-0.7452602,1.0,-1.0,-1.0,1.0,3.0527,2.0933,-3.0527,2.0933,-3.0527,2.0933,6.283,-0.57,1.71,1.809,1.718,-0.48152465,1.71,1.809,-0.327,0.57,1.0785478,1.7433496,-0.06652854,1.4968,-0.20504288,-0.2897,1.81991
410,6.851999999999467,1.0,0.45192266,-0.45228803,1.0,-1.0,1.0,0.7882373,-1.0,1.0,1.0,1.0,-0.8452982,1.0,1.0,-1.0,1.0,0.37055957,0.9388625,-0.74732214,1.0,-1.0,-1.0,1.0,3.0527,2.0933,-3.0527,2.0933,-3.0527,2.0933,6.283,-0.57,1.71,1.809,1.718,-0.48181996,1.71,1.809,-0.327,0.57,1.0786712,1.7453253,-0.06863689,1.4968,-0.20504288,-0.2897,1.81991
411,6.869999999999465,1.0,0.4513303,-0.45206347,1.0,-1.0,1.0,0.7892489,-1.0,1.0,1.0,1.0,-0.84582925,1.0,1.0,-1.0,1.0,0.37067342,0.94074255,-0.7493606,1.0,-1.0,-1.0,1.0,3.0527,2.0933,-3.0527,2.0933,-3.0527,2.0933,6.283,-0.57,1.71,1.809,1.718,-0.48212266,1.71,1.809,-0.327,0.57,1.0787854,1.7472833,-0.07072123,1.4968,-0.20504288,-0.2897,1.81991
412,6.885999999999464,1.0,0.45076966,-0.45184657,1.0,-1.0,1.0,0.79023224,-1.0,1.0,1.0,1.0,-0.84635293,1.0,1.0,-1.0,1.0,0.3707757,0.94262856,-0.75137144,1.0,-1.0,-1.0,1.0,3.0527,2.0933,-3.0527,2.0933,-3.0527,2.0933,6.283,-0.57,1.71,1.809,1.718,-0.48242116,1.71,1.809,-0.327,0.57,1.078888,1.7492477,-0.0727773,1.4968,-0.20504288,-0.2897,1.81991
413,6.901999999999462,1.0,0.450284,-0.45159537,1.0,-1.0,1.0,0.7911758,-1.0,1.0,1.0,1.0,-0.8468877,1.0,1.0,-1.0,1.0,0.37092102,0.9445123,-0.75332123,1.0,-1.0,-1.0,1.0,3.0527,2.0933,-3.0527,2.0933,-3.0527,2.0933,6.283,-0.57,1.71,1.809,1.718,-0.482726,1.71,1.809,-0.327,0.57,1.0790337,1.7512096,-0.07477096,1.4968,-0.20504288,-0.2897,1.81991
414,6.91999999999946,1.0,0.44970548,-0.4513602,1.0,-1.0,1.0,0.7921042,-1.0,1.0,1.0,1.0,-0.8474206,1.0,1.0,-1.0,1.0,0.37099254,0.9463119,-0.75520843,1.0,-1.0,-1.0,1.0,3.0527,2.0933,-3.0527,2.0933,-3.0527,2.0933,6.283,-0.57,1.71,1.809,1.718,-0.48302972,1.71,1.809,-0.327,0.57,1.0791055,1.7530838,-0.07670062,1.4968,-0.20504288,-0.2897,1.81991
415,6.935999999999458,1.0,0.44912612,-0.4511411,1.0,-1.0,1.0,0.79303795,-1.0,1.0,1.0,1.0,-0.8479701,1.0,1.0,-1.0,1.0,0.3710307,0.94806296,-0.7570743,1.0,-1.0,-1.0,1.0,3.0527,2.0933,-3.0527,2.0933,-3.0527,2.0933,6.283,-0.57,1.71,1.809,1.718,-0.48334298,1.71,1.809,-0.327,0.57,1.0791438,1.7549076,-0.07860847,1.4968,-0.20504288,-0.2897,1.81991
416,6.951999999999456,1.0,0.44857025,-0.45092937,1.0,-1.0,1.0,0.793937,-1.0,1.0,1.0,1.0,-0.8484863,1.0,1.0,-1.0,1.0,0.3710792,0.9498144,-0.7588919,1.0,-1.0,-1.0,1.0,3.0527,2.0933,-3.0527,2.0933,-3.0527,2.0933,6.283,-0.57,1.71,1.809,1.718,-0.48363718,1.71,1.809,-0.327,0.57,1.0791924,1.7567316,-0.08046695,1.4968,-0.20504288,-0.2897,1.81991
417,6.969999999999454,1.0,0.44803286,-0.45072684,1.0,-1.0,1.0,0.794828,-1.0,1.0,1.0,1.0,-0.8490027,1.0,1.0,-1.0,1.0,0.37109554,0.9515503,-0.76069695,1.0,-1.0,-1.0,1.0,3.0527,2.0933,-3.0527,2.0933,-3.0527,2.0933,6.283,-0.57,1.71,1.809,1.718,-0.48393154,1.71,1.809,-0.327,0.57,1.0792089,1.7585397,-0.08231263,1.4968,-0.20504288,-0.2897,1.81991
418,6.985999999999453,1.0,0.44756234,-0.45055455,1.0,-1.0,1.0,0.7956882,-1.0,1.0,1.0,1.0,-0.84948385,1.0,1.0,-1.0,1.0,0.3710972,0.95333034,-0.7624847,1.0,-1.0,-1.0,1.0,3.0527,2.0933,-3.0527,2.0933,-3.0527,2.0933,6.283,-0.57,1.71,1.809,1.718,-0.48420578,1.71,1.809,-0.327,0.57,1.0792105,1.7603935,-0.084140636,1.4968,-0.20504288,-0.2897,1.81991
419,7.001999999999451,1.0,0.4469986,-0.4504203,1.0,-1.0,1.0,0.7965626,-1.0,1.0,1.0,1.0,-0.84998024,1.0,1.0,-1.0,1.0,0.3709706,0.9549753,-0.764245,1.0,-1.0,-1.0,1.0,3.0527,2.0933,-3.0527,2.0933,-3.0527,2.0933,6.283,-0.57,1.71,1.809,1.718,-0.48448873,1.71,1.809,-0.327,0.57,1.0790836,1.7621068,-0.08594049,1.4968,-0.20504288,-0.2897,1.81991
420,7.019999999999449,1.0,0.44653857,-0.4502752,1.0,-1.0,1.0,0.7974393,-1.0,1.0,1.0,1.0,-0.85048306,1.0,1.0,-1.0,1.0,0.3708688,0.9566477,-0.7660094,1.0,-1.0,-1.0,1.0,3.0527,2.0933,-3.0527,2.0933,-3.0527,2.0933,6.283,-0.57,1.71,1.809,1.718,-0.48477533,1.71,1.809,-0.327,0.57,1.0789814,1.7638485,-0.0877446,1.4968,-0.20504288,-0.2897,1.81991
421,7.035999999999447,1.0,0.44612598,-0.45007935,1.0,-1.0,1.0,0.7983102,-1.0,1.0,1.0,1.0,-0.8510375,1.0,1.0,-1.0,1.0,0.37083685,0.9583393,-0.76777416,1.0,-1.0,-1.0,1.0,3.0527,2.0933,-3.0527,2.0933,-3.0527,2.0933,6.283,-0.57,1.71,1.809,1.718,-0.4850914,1.71,1.809,-0.327,0.57,1.0789493,1.7656103,-0.08954909,1.4968,-0.20504288,-0.2897,1.81991
422,7.051999999999445,1.0,0.44558072,-0.4499206,1.0,-1.0,1.0,0.799125,-1.0,1.0,1.0,1.0,-0.85151803,1.0,1.0,-1.0,1.0,0.37071955,0.95997244,-0.7694339,1.0,-1.0,-1.0,1.0,3.0527,2.0933,-3.0527,2.0933,-3.0527,2.0933,6.283,-0.57,1.71,1.809,1.718,-0.48536527,1.71,1.809,-0.327,0.57,1.0788317,1.7673113,-0.09124618,1.4968,-0.20504288,-0.2897,1.81991
423,7.069999999999443,1.0,0.44515753,-0.4497742,1.0,-1.0,1.0,0.7999404,-1.0,1.0,1.0,1.0,-0.85200727,1.0,1.0,-1.0,1.0,0.37056553,0.96159166,-0.7710945,1.0,-1.0,-1.0,1.0,3.0527,2.0933,-3.0527,2.0933,-3.0527,2.0933,6.283,-0.57,1.71,1.809,1.718,-0.48564413,1.71,1.809,-0.327,0.57,1.0786772,1.7689977,-0.09294413,1.4968,-0.20504288,-0.2897,1.81991
424,7.085999999999442,1.0,0.44474256,-0.44964018,1.0,-1.0,1.0,0.80076283,-1.0,1.0,1.0,1.0,-0.852507,1.0,1.0,-1.0,1.0,0.37041283,0.9632227,-0.77277225,1.0,-1.0,-1.0,1.0,3.0527,2.0933,-3.0527,2.0933,-3.0527,2.0933,6.283,-0.57,1.71,1.809,1.718,-0.48592898,1.71,1.809,-0.327,0.57,1.0785241,1.7706964,-0.09465963,1.4968,-0.20504288,-0.2897,1.81991
425,7.10199999999944,1.0,0.44432425,-0.4495045,1.0,-1.0,1.0,0.80155736,-1.0,1.0,1.0,1.0,-0.85300195,1.0,1.0,-1.0,1.0,0.3702532,0.96480924,-0.7744022,1.0,-1.0,-1.0,1.0,3.0527,2.0933,-3.0527,2.0933,-3.0527,2.0933,6.283,-0.57,1.71,1.809,1.718,-0.48621112,1.71,1.809,-0.327,0.57,1.078364,1.7723489,-0.096326254,1.4968,-0.20504288,-0.2897,1.81991
426,7.119999999999438,1.0,0.44391286,-0.44937423,1.0,-1.0,1.0,0.8023396,-1.0,1.0,1.0,1.0,-0.85349214,1.0,1.0,-1.0,1.0,0.37007368,0.9663785,-0.77600616,1.0,-1.0,-1.0,1.0,3.0527,2.0933,-3.0527,2.0933,-3.0527,2.0933,6.283,-0.57,1.71,1.809,1.718,-0.48649052,1.71,1.809,-0.327,0.57,1.0781839,1.7739832,-0.0979663,1.4968,-0.20504288,-0.2897,1.81991
427,7.135999999999436,1.0,0.44352567,-0.44925627,1.0,-1.0,1.0,0.8031048,-1.0,1.0,1.0,1.0,-0.85397756,1.0,1.0,-1.0,1.0,0.36988473,0.96795386,-0.77759534,1.0,-1.0,-1.0,1.0,3.0527,2.0933,-3.0527,2.0933,-3.0527,2.0933,6.283,-0.57,1.71,1.809,1.718,-0.4867672,1.71,1.809,-0.327,0.57,1.0779943,1.7756239,-0.09959123,1.4968,-0.20504288,-0.2897,1.81991
428,7.151999999999434,1.0,0.44317973,-0.4490976,1.0,-1.0,1.0,0.8038694,-1.0,1.0,1.0,1.0,-0.854504,1.0,1.0,-1.0,1.0,0.3697436,0.969526,-0.77918595,1.0,-1.0,-1.0,1.0,3.0527,2.0933,-3.0527,2.0933,-3.0527,2.0933,6.283,-0.57,1.71,1.809,1.718,-0.48706728,1.71,1.809,-0.327,0.57,1.0778528,1.7772614,-0.101217635,1.4968,-0.20504288,-0.2897,1.81991
429,7.169999999999432,1.0,0.4427706,-0.44897112,1.0,-1.0,1.0,0.80456895,-1.0,1.0,1.0,1.0,-0.85497105,1.0,1.0,-1.0,1.0,0.36956584,0.9710538,-0.78066224,1.0,-1.0,-1.0,1.0,3.0527,2.0933,-3.0527,2.0933,-3.0527,2.0933,6.283,-0.57,1.71,1.809,1.718,-0.4873335,1.71,1.809,-0.327,0.57,1.0776745,1.7788525,-0.10272714,1.4968,-0.20504288,-0.2897,1.81991
430,7.185999999999431,1.0,0.4423883,-0.44887123,1.0,-1.0,1.0,0.8052915,-1.0,1.0,1.0,1.0,-0.8554548,1.0,1.0,-1.0,1.0,0.36933482,0.9725848,-0.7821781,1.0,-1.0,-1.0,1.0,3.0527,2.0933,-3.0527,2.0933,-3.0527,2.0933,6.283,-0.57,1.71,1.809,1.718,-0.48760924,1.71,1.809,-0.327,0.57,1.0774428,1.780447,-0.10427711,1.4968,-0.20504288,-0.2897,1.81991
431,7.201999999999429,1.0,0.44192195,-0.4488227,1.0,-1.0,1.0,0.806011,-1.0,1.0,1.0,1.0,-0.8559207,1.0,1.0,-1.0,1.0,0.36901343,0.97400826,-0.7836459,1.0,-1.0,-1.0,1.0,3.0527,2.0933,-3.0527,2.0933,-3.0527,2.0933,6.283,-0.57,1.71,1.809,1.718,-0.48787478,1.71,1.809,-0.327,0.57,1.0771204,1.7819296,-0.105777964,1.4968,-0.20504288,-0.2897,1.81991
432,7.219999999999427,1.0,0.44162548,-0.4486653,1.0,-1.0,1.0,0.8067661,-1.0,1.0,1.0,1.0,-0.85644853,1.0,1.0,-1.0,1.0,0.36879718,0.9755618,-0.7852078,1.0,-1.0,-1.0,1.0,3.0527,2.0933,-3.0527,2.0933,-3.0527,2.0933,6.283,-0.57,1.71,1.809,1.718,-0.48817566,1.71,1.809,-0.327,0.57,1.0769036,1.7835476,-0.10737498,1.4968,-0.20504288,-0.2897,1.81991
433,7.235999999999425,1.0,0.44122016,-0.44880876,1.0,-1.0,1.0,0.8073792,-1.0,1.0,1.0,1.0,-0.85679746,1.0,1.0,-1.0,1.0,0.36849225,0.9769327,-0.7866381,1.0,-1.0,-1.0,1.0,3.0527,2.0933,-3.0527,2.0933,-3.0527,2.0933,6.283,-0.57,1.71,1.809,1.718,-0.48837456,1.71,1.809,-0.327,0.57,1.0765977,1.7849754,-0.10883744,1.4968,-0.20504288,-0.2897,1.81991
434,7.251999999999423,1.0,0.4409027,-0.4488245,1.0,-1.0,1.0,0.8081437,-1.0,1.0,1.0,1.0,-0.85732186,1.0,1.0,-1.0,1.0,0.36821365,0.97844964,-0.788292,1.0,-1.0,-1.0,1.0,3.0527,2.0933,-3.0527,2.0933,-3.0527,2.0933,6.283,-0.57,1.71,1.809,1.718,-0.48867345,1.71,1.809,-0.327,0.57,1.0763183,1.7865553,-0.11052856,1.4968,-0.20504288,-0.2897,1.81991
435,7.269999999999421,1.0,0.44041538,-0.4488934,1.0,-1.0,1.0,0.80878526,-1.0,1.0,1.0,1.0,-0.8577577,1.0,1.0,-1.0,1.0,0.36786342,0.97983867,-0.78973144,1.0,-1.0,-1.0,1.0,3.0527,2.0933,-3.0527,2.0933,-3.0527,2.0933,6.283,-0.57,1.71,1.809,1.718,-0.48892188,1.71,1.809,-0.327,0.57,1.075967,1.788002,-0.1120004,1.4968,-0.20504288,-0.2897,1.81991
436,7.28599999999942,1.0,0.44005072,-0.4489276,1.0,-1.0,1.0,0.80946237,-1.0,1.0,1.0,1.0,-0.85824955,1.0,1.0,-1.0,1.0,0.3674717,0.98129755,-0.7912448,1.0,-1.0,-1.0,1.0,3.0527,2.0933,-3.0527,2.0933,-3.0527,2.0933,6.283,-0.57,1.71,1.809,1.718,-0.48920223,1.71,1.809,-0.327,0.57,1.0755742,1.7895215,-0.11354781,1.4968,-0.20504288,-0.2897,1.81991
437,7.301999999999418,1.0,0.43972337,-0.44887483,1.0,-1.0,1.0,0.8101379,-1.0,1.0,1.0,1.0,-0.8587936,1.0,1.0,-1.0,1.0,0.36716378,0.98277396,-0.7927572,1.0,-1.0,-1.0,1.0,3.0527,2.0933,-3.0527,2.0933,-3.0527,2.0933,6.283,-0.57,1.71,1.809,1.718,-0.48951235,1.71,1.809,-0.327,0.57,1.0752653,1.7910591,-0.11509425,1.4968,-0.20504288,-0.2897,1.81991
438,7.319999999999416,1.0,0.43935513,-0.44884077,1.0,-1.0,1.0,0.81073827,-1.0,1.0,1.0,1.0,-0.8592552,1.0,1.0,-1.0,1.0,0.36685038,0.9842319,-0.7941511,1.0,-1.0,-1.0,1.0,3.0527,2.0933,-3.0527,2.0933,-3.0527,2.0933,6.283,-0.57,1.71,1.809,1.718,-0.48977545,1.71,1.809,-0.327,0.57,1.0749509,1.7925775,-0.116519526,1.4968,-0.20504288,-0.2897,1.81991
439,7.335999999999414,1.0,0.43900025,-0.44884035,1.0,-1.0,1.0,0.811353,-1.0,1.0,1.0,1.0,-0.8597454,1.0,1.0,-1.0,1.0,0.36646676,0.9856023,-0.7955236,1.0,-1.0,-1.0,1.0,3.0527,2.0933,-3.0527,2.0933,-3.0527,2.0933,6.283,-0.57,1.71,1.809,1.718,-0.49005488,1.71,1.809,-0.327,0.57,1.0745661,1.7940048,-0.117922865,1.4968,-0.20504288,-0.2897,1.81991
440,7.351999999999412,1.0,0.4385841,-0.44888303,1.0,-1.0,1.0,0.81200904,-1.0,1.0,1.0,1.0,-0.8601937,1.0,1.0,-1.0,1.0,0.3660357,0.98698395,-0.7969329,1.0,-1.0,-1.0,1.0,3.0527,2.0933,-3.0527,2.0933,-3.0527,2.0933,6.283,-0.57,1.71,1.809,1.718,-0.49031043,1.71,1.809,-0.327,0.57,1.0741338,1.7954438,-0.11936387,1.4968,-0.20504288,-0.2897,1.81991
441,7.36999999999941,1.0,0.43835652,-0.44880828,1.0,-1.0,1.0,0.8126736,-1.0,1.0,1.0,1.0,-0.8606924,1.0,1.0,-1.0,1.0,0.36569953,0.988439,-0.79837567,1.0,-1.0,-1.0,1.0,3.0527,2.0933,-3.0527,2.0933,-3.0527,2.0933,6.283,-0.57,1.71,1.809,1.718,-0.49059466,1.71,1.809,-0.327,0.57,1.0737966,1.7969593,-0.12083912,1.4968,-0.20504288,-0.2897,1.81991
442,7.385999999999409,1.0,0.4379903,-0.44890884,1.0,-1.0,1.0,0.8132345,-1.0,1.0,1.0,1.0,-0.8610672,1.0,1.0,-1.0,1.0,0.36528337,0.9897147,-0.79960245,1.0,-1.0,-1.0,1.0,3.0527,2.0933,-3.0527,2.0933,-3.0527,2.0933,6.283,-0.57,1.71,1.809,1.718,-0.49080828,1.71,1.809,-0.327,0.57,1.0733793,1.7982879,-0.122093506,1.4968,-0.20504288,-0.2897,1.81991
443,7.401999999999407,1.0,0.43771613,-0.44893014,1.0,-1.0,1.0,0.8139718,-1.0,1.0,1.0,1.0,-0.8615525,1.0,1.0,-1.0,1.0,0.36483347,0.99114245,-0.80110854,1.0,-1.0,-1.0,1.0,3.0527,2.0933,-3.0527,2.0933,-3.0527,2.0933,6.283,-0.57,1.71,1.809,1.718,-0.4910849,1.71,1.809,-0.327,0.57,1.072928,1.7997749,-0.12363348,1.4968,-0.20504288,-0.2897,1.81991
444,7.419999999999405,1.0,0.43751478,-0.44884714,1.0,-1.0,1.0,0.81460375,-1.0,1.0,1.0,1.0,-0.86202514,1.0,1.0,-1.0,1.0,0.36450493,0.99253935,-0.8024625,1.0,-1.0,-1.0,1.0,3.0527,2.0933,-3.0527,2.0933,-3.0527,2.0933,6.283,-0.57,1.71,1.809,1.718,-0.49135432,1.71,1.809,-0.327,0.57,1.0725985,1.8012297,-0.12501793,1.4968,-0.20504288,-0.2897,1.81991
445,7.435999999999403,1.0,0.43722653,-0.44890893,1.0,-1.0,1.0,0.8151594,-1.0,1.0,1.0,1.0,-0.8624219,1.0,1.0,-1.0,1.0,0.36412954,0.9937958,-0.80364496,1.0,-1.0,-1.0,1.0,3.0527,2.0933,-3.0527,2.0933,-3.0527,2.0933,6.283,-0.57,1.71,1.809,1.718,-0.49158046,1.71,1.809,-0.327,0.57,1.0722219,1.8025384,-0.12622696,1.4968,-0.20504288,-0.2897,1.81991
446,7.451999999999401,1.0,0.43685758,-0.44900534,1.0,-1.0,1.0,0.81583697,-1.0,1.0,1.0,1.0,-0.8628479,1.0,1.0,-1.0,1.0,0.36362016,0.9950997,-0.80499274,1.0,-1.0,-1.0,1.0,3.0527,2.0933,-3.0527,2.0933,-3.0527,2.0933,6.283,-0.57,1.71,1.809,1.718,-0.49182332,1.71,1.809,-0.327,0.57,1.0717111,1.8038963,-0.12760507,1.4968,-0.20504288,-0.2897,1.81991
447,7.469999999999399,1.0,0.4366287,-0.44902351,1.0,-1.0,1.0,0.8165198,-1.0,1.0,1.0,1.0,-0.8632928,1.0,1.0,-1.0,1.0,0.36315012,0.9964754,-0.80640835,1.0,-1.0,-1.0,1.0,3.0527,2.0933,-3.0527,2.0933,-3.0527,2.0933,6.283,-0.57,1.71,1.809,1.718,-0.4920769,1.71,1.809,-0.327,0.57,1.0712396,1.8053291,-0.12905253,1.4968,-0.20504288,-0.2897,1.81991
448,7.485999999999398,1.0,0.43648553,-0.44898498,1.0,-1.0,1.0,0.81711096,-1.0,1.0,1.0,1.0,-0.8637296,1.0,1.0,-1.0,1.0,0.36277664,0.99783903,-0.8076901,1.0,-1.0,-1.0,1.0,3.0527,2.0933,-3.0527,2.0933,-3.0527,2.0933,6.283,-0.57,1.71,1.809,1.718,-0.49232587,1.71,1.809,-0.327,0.57,1.0708649,1.8067493,-0.1303631,1.4968,-0.20504288,-0.2897,1.81991
449,7.501999999999396,1.0,0.43620455,-0.4490404,1.0,-1.0,1.0,0.81767935,-1.0,1.0,1.0,1.0,-0.8641405,1.0,1.0,-1.0,1.0,0.3623525,0.99908584,-0.8088905,1.0,-1.0,-1.0,1.0,3.0527,2.0933,-3.0527,2.0933,-3.0527,2.0933,6.283,-0.57,1.71,1.809,1.718,-0.4925601,1.71,1.809,-0.327,0.57,1.0704396,1.8080479,-0.13159056,1.4968,-0.20504288,-0.2897,1.81991
450,7.519999999999394,1.0,0.43582296,-0.44921997,1.0,-1.0,1.0,0.8182693,-1.0,1.0,1.0,1.0,-0.8645252,1.0,1.0,-1.0,1.0,0.36177742,1.0,-0.8100521,1.0,-1.0,-1.0,1.0,3.0527,2.0933,-3.0527,2.0933,-3.0527,2.0933,6.283,-0.57,1.71,1.809,1.718,-0.49277937,1.71,1.809,-0.327,0.57,1.0698627,1.809,-0.13277827,1.4968,-0.20504288,-0.2897,1.81991
451,7.535999999999392,1.0,0.43559742,-0.44932052,1.0,-1.0,1.0,0.8189898,-1.0,1.0,1.0,1.0,-0.8649907,1.0,1.0,-1.0,1.0,0.36122406,1.0,-0.81150645,1.0,-1.0,-1.0,1.0,3.0527,2.0933,-3.0527,2.0933,-3.0527,2.0933,6.283,-0.57,1.71,1.809,1.718,-0.4930447,1.71,1.809,-0.327,0.57,1.0693077,1.809,-0.13426535,1.4968,-0.20504288,-0.2897,1.81991
452,7.55199999999939,1.0,0.43538225,-0.44935754,1.0,-1.0,1.0,0.8196524,-1.0,1.0,1.0,1.0,-0.86542237,1.0,1.0,-1.0,1.0,0.36068928,1.0,-0.8128839,1.0,-1.0,-1.0,1.0,3.0527,2.0933,-3.0527,2.0933,-3.0527,2.0933,6.283,-0.57,1.71,1.809,1.718,-0.49329075,1.71,1.809,-0.327,0.57,1.0687714,1.809,-0.1356738,1.4968,-0.20504288,-0.2897,1.81991
453,7.569999999999388,1.0,0.43524015,-0.44931954,1.0,-1.0,1.0,0.8202699,-1.0,1.0,1.0,1.0,-0.86586857,1.0,1.0,-1.0,1.0,0.360237,1.0,-0.81419355,1.0,-1.0,-1.0,1.0,3.0527,2.0933,-3.0527,2.0933,-3.0527,2.0933,6.283,-0.57,1.71,1.809,1.718,-0.4935451,1.71,1.809,-0.327,0.57,1.0683178,1.809,-0.1370129,1.4968,-0.20504288,-0.2897,1.81991
454,7.585999999999387,1.0,0.43502736,-0.44938433,1.0,-1.0,1.0,0.8207708,-1.0,1.0,1.0,1.0,-0.86622894,1.0,1.0,-1.0,1.0,0.35977042,1.0,-0.81531864,1.0,-1.0,-1.0,1.0,3.0527,2.0933,-3.0527,2.0933,-3.0527,2.0933,6.283,-0.57,1.71,1.809,1.718,-0.49375048,1.71,1.809,-0.327,0.57,1.0678498,1.809,-0.13816331,1.4968,-0.20504288,-0.2897,1.81991
455,7.601999999999385,1.0,0.4347564,-0.44942024,1.0,-1.0,1.0,0.8213802,-1.0,1.0,1.0,1.0,-0.866681,1.0,1.0,-1.0,1.0,0.35923898,1.0,-0.81649894,1.0,-1.0,-1.0,1.0,3.0527,2.0933,-3.0527,2.0933,-3.0527,2.0933,6.283,-0.57,1.71,1.809,1.718,-0.49400815,1.71,1.809,-0.327,0.57,1.0673167,1.809,-0.13937016,1.4968,-0.20504288,-0.2897,1.81991
456,7.619999999999383,1.0,0.4344703,-0.44950855,1.0,-1.0,1.0,0.8219667,-1.0,1.0,1.0,1.0,-0.8671119,1.0,1.0,-1.0,1.0,0.35866845,1.0,-0.8175909,1.0,-1.0,-1.0,1.0,3.0527,2.0933,-3.0527,2.0933,-3.0527,2.0933,6.283,-0.57,1.71,1.809,1.718,-0.49425378,1.71,1.809,-0.327,0.57,1.0667444,1.809,-0.14048669,1.4968,-0.20504288,-0.2897,1.81991
457,7.635999999999381,1.0,0.43421268,-0.449643,1.0,-1.0,1.0,0.82261556,-1.0,1.0,1.0,1.0,-0.8675052,1.0,1.0,-1.0,1.0,0.3580767,1.0,-0.8188403,1.0,-1.0,-1.0,1.0,3.0527,2.0933,-3.0527,2.0933,-3.0527,2.0933,6.283,-0.57,1.71,1.809,1.718,-0.49447796,1.71,1.809,-0.327,0.57,1.0661509,1.809,-0.14176424,1.4968,-0.20504288,-0.2897,1.81991
458,7.651999999999379,1.0,0.43409097,-0.44970825,1.0,-1.0,1.0,0.82326216,-1.0,1.0,1.0,1.0,-0.8678981,1.0,1.0,-1.0,1.0,0.35754442,1.0,-0.82013506,1.0,-1.0,-1.0,1.0,3.0527,2.0933,-3.0527,2.0933,-3.0527,2.0933,6.283,-0.57,1.71,1.809,1.718,-0.49470192,1.71,1.809,-0.327,0.57,1.0656171,1.809,-0.1430881,1.4968,-0.20504288,-0.2897,1.81991
459,7.669999999999377,1.0,0.43397033,-0.44974932,1.0,-1.0,1.0,0.82387406,-1.0,1.0,1.0,1.0,-0.86827075,1.0,1.0,-1.0,1.0,0.3570341,1.0,-0.8213691,1.0,-1.0,-1.0,1.0,3.0527,2.0933,-3.0527,2.0933,-3.0527,2.0933,6.283,-0.57,1.71,1.809,1.718,-0.49491432,1.71,1.809,-0.327,0.57,1.0651052,1.809,-0.14434992,1.4968,-0.20504288,-0.2897,1.81991
460,7.6859999999993756,1.0,0.433923,-0.44973606,1.0,-1.0,1.0,0.8244633,-1.0,1.0,1.0,1.0,-0.8686602,1.0,1.0,-1.0,1.0,0.3565967,1.0,-0.8225903,1.0,-1.0,-1.0,1.0,3.0527,2.0933,-3.0527,2.0933,-3.0527,2.0933,6.283,-0.57,1.71,1.809,1.718,-0.49513632,1.71,1.809,-0.327,0.57,1.0646665,1.809,-0.14559858,1.4968,-0.20504288,-0.2897,1.81991
461,7.701999999999374,1.0,0.43373346,-0.4497873,1.0,-1.0,1.0,0.8249683,-1.0,1.0,1.0,1.0,-0.8690058,1.0,1.0,-1.0,1.0,0.35609913,1.0,-0.8236137,1.0,-1.0,-1.0,1.0,3.0527,2.0933,-3.0527,2.0933,-3.0527,2.0933,6.283,-0.57,1.71,1.809,1.718,-0.4953333,1.71,1.809,-0.327,0.57,1.0641674,1.809,-0.14664501,1.4968,-0.20504288,-0.2897,1.81991
462,7.719999999999372,1.0,0.43352568,-0.44990957,1.0,-1.0,1.0,0.8255157,-1.0,1.0,1.0,1.0,-0.8693681,1.0,1.0,-1.0,1.0,0.35555136,1.0,-0.8246998,1.0,-1.0,-1.0,1.0,3.0527,2.0933,-3.0527,2.0933,-3.0527,2.0933,6.283,-0.57,1.71,1.809,1.718,-0.4955398,1.71,1.809,-0.327,0.57,1.0636181,1.809,-0.14775556,1.4968,-0.20504288,-0.2897,1.81991
463,7.73599999999937,1.0,0.43329465,-0.4501105,1.0,-1.0,1.0,0.82606834,-1.0,1.0,1.0,1.0,-0.86974466,1.0,1.0,-1.0,1.0,0.35496974,1.0,-0.8258025,1.0,-1.0,-1.0,1.0,3.0527,2.0933,-3.0527,2.0933,-3.0527,2.0933,6.283,-0.57,1.71,1.809,1.718,-0.49575445,1.71,1.809,-0.327,0.57,1.0630347,1.809,-0.14888306,1.4968,-0.20504288,-0.2897,1.81991
464,7.751999999999368,1.0,0.43301296,-0.45033714,1.0,-1.0,1.0,0.82664496,-1.0,1.0,1.0,1.0,-0.87014925,1.0,1.0,-1.0,1.0,0.35434294,1.0,-0.826871,1.0,-1.0,-1.0,1.0,3.0527,2.0933,-3.0527,2.0933,-3.0527,2.0933,6.283,-0.57,1.71,1.809,1.718,-0.49598506,1.71,1.809,-0.327,0.57,1.062406,1.809,-0.14997557,1.4968,-0.20504288,-0.2897,1.81991
465,7.769999999999366,1.0,0.43270683,-0.45061463,1.0,-1.0,1.0,0.82724386,-1.0,1.0,1.0,1.0,-0.8705152,1.0,1.0,-1.0,1.0,0.3536743,1.0,-0.8280075,1.0,-1.0,-1.0,1.0,3.0527,2.0933,-3.0527,2.0933,-3.0527,2.0933,6.283,-0.57,1.71,1.809,1.718,-0.49619368,1.71,1.809,-0.327,0.57,1.0617353,1.809,-0.1511377,1.4968,-0.20504288,-0.2897,1.81991
466,7.7859999999993645,1.0,0.43263233,-0.45075583,1.0,-1.0,1.0,0.8278702,-1.0,1.0,1.0,1.0,-0.8709401,1.0,1.0,-1.0,1.0,0.35313153,1.0,-0.82931024,1.0,-1.0,-1.0,1.0,3.0527,2.0933,-3.0527,2.0933,-3.0527,2.0933,6.283,-0.57,1.71,1.809,1.718,-0.49643585,1.71,1.809,-0.327,0.57,1.061191,1.809,-0.15246972,1.4968,-0.20504288,-0.2897,1.81991
467,7.801999999999363,1.0,0.4323634,-0.4509224,1.0,-1.0,1.0,0.82843596,-1.0,1.0,1.0,1.0,-0.8713094,1.0,1.0,-1.0,1.0,0.35250127,1.0,-0.8304532,1.0,-1.0,-1.0,1.0,3.0527,2.0933,-3.0527,2.0933,-3.0527,2.0933,6.283,-0.57,1.71,1.809,1.718,-0.49664634,1.71,1.809,-0.327,0.57,1.0605588,1.809,-0.15363841,1.4968,-0.20504288,-0.2897,1.81991
468,7.819999999999361,1.0,0.43223035,-0.45105132,1.0,-1.0,1.0,0.8290184,-1.0,1.0,1.0,1.0,-0.8716718,1.0,1.0,-1.0,1.0,0.3519125,1.0,-0.83165735,1.0,-1.0,-1.0,1.0,3.0527,2.0933,-3.0527,2.0933,-3.0527,2.0933,6.283,-0.57,1.71,1.809,1.718,-0.49685293,1.71,1.809,-0.327,0.57,1.0599682,1.809,-0.15486965,1.4968,-0.20504288,-0.2897,1.81991
469,7.835999999999359,1.0,0.43213797,-0.45113578,1.0,-1.0,1.0,0.8295532,-1.0,1.0,1.0,1.0,-0.8720603,1.0,1.0,-1.0,1.0,0.3513931,1.0,-0.83279186,1.0,-1.0,-1.0,1.0,3.0527,2.0933,-3.0527,2.0933,-3.0527,2.0933,6.283,-0.57,1.71,1.809,1.718,-0.49707437,1.71,1.809,-0.327,0.57,1.0594473,1.809,-0.15602969,1.4968,-0.20504288,-0.2897,1.81991
470,7.851999999999357,1.0,0.43181813,-0.45136985,1.0,-1.0,1.0,0.83003813,-1.0,1.0,1.0,1.0,-0.872383,1.0,1.0,-1.0,1.0,0.35074174,1.0,-0.8337205,1.0,-1.0,-1.0,1.0,3.0527,2.0933,-3.0527,2.0933,-3.0527,2.0933,6.283,-0.57,1.71,1.809,1.718,-0.4972583,1.71,1.809,-0.327,0.57,1.058794,1.809,-0.15697922,1.4968,-0.20504288,-0.2897,1.81991
471,7.869999999999355,1.0,0.43166506,-0.45157942,1.0,-1.0,1.0,0.8306218,-1.0,1.0,1.0,1.0,-0.8727275,1.0,1.0,-1.0,1.0,0.35013115,1.0,-0.8348946,1.0,-1.0,-1.0,1.0,3.0527,2.0933,-3.0527,2.0933,-3.0527,2.0933,6.283,-0.57,1.71,1.809,1.718,-0.49745467,1.71,1.809,-0.327,0.57,1.0581815,1.809,-0.15817973,1.4968,-0.20504288,-0.2897,1.81991
472,7.8859999999993535,1.0,0.43152988,-0.4517283,1.0,-1.0,1.0,0.8311865,-1.0,1.0,1.0,1.0,-0.87309444,1.0,1.0,-1.0,1.0,0.3495288,1.0,-0.8360897,1.0,-1.0,-1.0,1.0,3.0527,2.0933,-3.0527,2.0933,-3.0527,2.0933,6.283,-0.57,1.71,1.809,1.718,-0.49766383,1.71,1.809,-0.327,0.57,1.0575774,1.809,-0.15940168,1.4968,-0.20504288,-0.2897,1.81991
473,7.901999999999352,1.0,0.43141413,-0.45187795,1.0,-1.0,1.0,0.8316849,-1.0,1.0,1.0,1.0,-0.873458,1.0,1.0,-1.0,1.0,0.34897363,1.0,-0.8371014,1.0,-1.0,-1.0,1.0,3.0527,2.0933,-3.0527,2.0933,-3.0527,2.0933,6.283,-0.57,1.71,1.809,1.718,-0.49787107,1.71,1.809,-0.327,0.57,1.0570205,1.809,-0.16043618,1.4968,-0.20504288,-0.2897,1.81991
474,7.91999999999935,1.0,0.4311434,-0.45211473,1.0,-1.0,1.0,0.832218,-1.0,1.0,1.0,1.0,-0.873778,1.0,1.0,-1.0,1.0,0.34833062,1.0,-0.8381409,1.0,-1.0,-1.0,1.0,3.0527,2.0933,-3.0527,2.0933,-3.0527,2.0933,6.283,-0.57,1.71,1.809,1.718,-0.49805346,1.71,1.809,-0.327,0.57,1.0563756,1.809,-0.16149907,1.4968,-0.20504288,-0.2897,1.81991
475,7.935999999999348,1.0,0.4310521,-0.452266,1.0,-1.0,1.0,0.8327884,-1.0,1.0,1.0,1.0,-0.87417257,1.0,1.0,-1.0,1.0,0.34775674,1.0,-0.83929795,1.0,-1.0,-1.0,1.0,3.0527,2.0933,-3.0527,2.0933,-3.0527,2.0933,6.283,-0.57,1.71,1.809,1.718,-0.49827835,1.71,1.809,-0.327,0.57,1.0558,1.809,-0.16268216,1.4968,-0.20504288,-0.2897,1.81991
476,7.951999999999346,1.0,0.4308921,-0.45246086,1.0,-1.0,1.0,0.8332642,-1.0,1.0,1.0,1.0,-0.8744701,1.0,1.0,-1.0,1.0,0.34720862,1.0,-0.84030026,1.0,-1.0,-1.0,1.0,3.0527,2.0933,-3.0527,2.0933,-3.0527,2.0933,6.283,-0.57,1.71,1.809,1.718,-0.49844795,1.71,1.809,-0.327,0.57,1.0552503,1.809,-0.16370702,1.4968,-0.20504288,-0.2897,1.81991
477,7.969999999999344,1.0,0.43064177,-0.452714,1.0,-1.0,1.0,0.8338122,-1.0,1.0,1.0,1.0,-0.874802,1.0,1.0,-1.0,1.0,0.34650147,1.0,-0.841353,1.0,-1.0,-1.0,1.0,3.0527,2.0933,-3.0527,2.0933,-3.0527,2.0933,6.283,-0.57,1.71,1.809,1.718,-0.49863714,1.71,1.809,-0.327,0.57,1.054541,1.809,-0.16478345,1.4968,-0.20504288,-0.2897,1.81991
478,7.9859999999993425,1.0,0.43046796,-0.4529204,1.0,-1.0,1.0,0.834398,-1.0,1.0,1.0,1.0,-0.87518466,1.0,1.0,-1.0,1.0,0.34583497,1.0,-0.842457,1.0,-1.0,-1.0,1.0,3.0527,2.0933,-3.0527,2.0933,-3.0527,2.0933,6.283,-0.57,1.71,1.809,1.718,-0.49885526,1.71,1.809,-0.327,0.57,1.0538725,1.809,-0.16591229,1.4968,-0.20504288,-0.2897,1.81991
479,8.001999999999342,1.0,0.43043065,-0.45308438,1.0,-1.0,1.0,0.8349022,-1.0,1.0,1.0,1.0,-0.87549293,1.0,1.0,-1.0,1.0,0.34533286,1.0,-0.8435249,1.0,-1.0,-1.0,1.0,3.0527,2.0933,-3.0527,2.0933,-3.0527,2.0933,6.283,-0.57,1.71,1.809,1.718,-0.49903098,1.71,1.809,-0.327,0.57,1.0533688,1.809,-0.16700418,1.4968,-0.20504288,-0.2897,1.81991
480,8.019999999999348,1.0,0.43018627,-0.45332152,1.0,-1.0,1.0,0.8354283,-1.0,1.0,1.0,1.0,-0.8758131,1.0,1.0,-1.0,1.0,0.34464276,1.0,-0.8445316,1.0,-1.0,-1.0,1.0,3.0527,2.0933,-3.0527,2.0933,-3.0527,2.0933,6.283,-0.57,1.71,1.809,1.718,-0.4992135,1.71,1.809,-0.327,0.57,1.0526767,1.809,-0.16803356,1.4968,-0.20504288,-0.2897,1.81991
481,8.035999999999353,1.0,0.430081,-0.45357335,1.0,-1.0,1.0,0.83596045,-1.0,1.0,1.0,1.0,-0.87612,1.0,1.0,-1.0,1.0,0.3439963,1.0,-0.84558505,1.0,-1.0,-1.0,1.0,3.0527,2.0933,-3.0527,2.0933,-3.0527,2.0933,6.283,-0.57,1.71,1.809,1.718,-0.4993884,1.71,1.809,-0.327,0.57,1.0520283,1.809,-0.16911072,1.4968,-0.20504288,-0.2897,1.81991
482,8.051999999999358,1.0,0.42989624,-0.45378843,1.0,-1.0,1.0,0.83654636,-1.0,1.0,1.0,1.0,-0.87649906,1.0,1.0,-1.0,1.0,0.3433299,1.0,-0.84667975,1.0,-1.0,-1.0,1.0,3.0527,2.0933,-3.0527,2.0933,-3.0527,2.0933,6.283,-0.57,1.71,1.809,1.718,-0.49960446,1.71,1.809,-0.327,0.57,1.0513599,1.809,-0.17023005,1.4968,-0.20504288,-0.2897,1.81991
483,8.069999999999364,1.0,0.42982197,-0.45396522,1.0,-1.0,1.0,0.83705443,-1.0,1.0,1.0,1.0,-0.87682307,1.0,1.0,-1.0,1.0,0.34280407,1.0,-0.8477166,1.0,-1.0,-1.0,1.0,3.0527,2.0933,-3.0527,2.0933,-3.0527,2.0933,6.283,-0.57,1.71,1.809,1.718,-0.49978915,1.71,1.809,-0.327,0.57,1.0508325,1.809,-0.17129025,1.4968,-0.20504288,-0.2897,1.81991
484,8.08599999999937,1.0,0.42965198,-0.45425546,1.0,-1.0,1.0,0.8375241,-1.0,1.0,1.0,1.0,-0.87704694,1.0,1.0,-1.0,1.0,0.34222138,1.0,-0.84867054,1.0,-1.0,-1.0,1.0,3.0527,2.0933,-3.0527,2.0933,-3.0527,2.0933,6.283,-0.57,1.71,1.809,1.718,-0.49991676,1.71,1.809,-0.327,0.57,1.050248,1.809,-0.17226563,1.4968,-0.20504288,-0.2897,1.81991
485,8.101999999999375,1.0,0.42850697,-0.45461896,1.0,-1.0,1.0,0.8386287,-1.0,1.0,1.0,1.0,-0.8779702,1.0,1.0,-1.0,1.0,0.3409599,1.0,-0.8501585,1.0,-1.0,-1.0,1.0,3.0527,2.0933,-3.0527,2.0933,-3.0527,2.0933,6.283,-0.57,1.71,1.809,1.718,-0.50044304,1.71,1.809,-0.327,0.57,1.0489827,1.809,-0.17378707,1.4968,-0.20504288,-0.2897,1.81991
486,8.119999999999381,1.0,0.427778,-0.4548041,1.0,-1.0,1.0,0.83906025,-1.0,1.0,1.0,1.0,-0.87864745,1.0,1.0,-1.0,1.0,0.33999217,1.0,-0.8513264,1.0,-1.0,-1.0,1.0,3.0527,2.0933,-3.0527,2.0933,-3.0527,2.0933,6.283,-0.57,1.71,1.809,1.718,-0.50082904,1.71,1.809,-0.327,0.57,1.0480121,1.809,-0.17498125,1.4968,-0.20504288,-0.2897,1.81991
487,8.135999999999386,1.0,0.42729914,-0.4549301,1.0,-1.0,1.0,0.839369,-1.0,1.0,1.0,1.0,-0.87929046,1.0,1.0,-1.0,1.0,0.3390937,1.0,-0.8524515,1.0,-1.0,-1.0,1.0,3.0527,2.0933,-3.0527,2.0933,-3.0527,2.0933,6.283,-0.57,1.71,1.809,1.718,-0.50119555,1.71,1.809,-0.327,0.57,1.0471109,1.809,-0.17613167,1.4968,-0.20504288,-0.2897,1.81991
488,8.151999999999392,1.0,0.427096,-0.45503864,1.0,-1.0,1.0,0.8396495,-1.0,1.0,1.0,1.0,-0.87975776,1.0,1.0,-1.0,1.0,0.33840394,1.0,-0.8534476,1.0,-1.0,-1.0,1.0,3.0527,2.0933,-3.0527,2.0933,-3.0527,2.0933,6.283,-0.57,1.71,1.809,1.718,-0.5014619,1.71,1.809,-0.327,0.57,1.0464191,1.809,-0.17715019,1.4968,-0.20504288,-0.2897,1.81991
489,8.169999999999398,1.0,0.42701268,-0.45512065,1.0,-1.0,1.0,0.8400268,-1.0,1.0,1.0,1.0,-0.8801459,1.0,1.0,-1.0,1.0,0.33783185,1.0,-0.8544062,1.0,-1.0,-1.0,1.0,3.0527,2.0933,-3.0527,2.0933,-3.0527,2.0933,6.283,-0.57,1.71,1.809,1.718,-0.5016832,1.71,1.809,-0.327,0.57,1.0458454,1.809,-0.17813031,1.4968,-0.20504288,-0.2897,1.81991
490,8.185999999999403,1.0,0.42704403,-0.45493117,1.0,-1.0,1.0,0.84059614,-1.0,1.0,1.0,1.0,-0.8805431,1.0,1.0,-1.0,1.0,0.33740938,1.0,-0.8552292,1.0,-1.0,-1.0,1.0,3.0527,2.0933,-3.0527,2.0933,-3.0527,2.0933,6.283,-0.57,1.71,1.809,1.718,-0.50190955,1.71,1.809,-0.327,0.57,1.0454216,1.809,-0.17897186,1.4968,-0.20504288,-0.2897,1.81991
491,8.201999999999408,1.0,0.42720807,-0.45477715,1.0,-1.0,1.0,0.84115916,-1.0,1.0,1.0,1.0,-0.8807839,1.0,1.0,-1.0,1.0,0.33703578,1.0,-0.85595614,1.0,-1.0,-1.0,1.0,3.0527,2.0933,-3.0527,2.0933,-3.0527,2.0933,6.283,-0.57,1.71,1.809,1.718,-0.5020468,1.71,1.809,-0.327,0.57,1.0450469,1.809,-0.17971516,1.4968,-0.20504288,-0.2897,1.81991
492,8.219999999999414,1.0,0.42742336,-0.45474404,1.0,-1.0,1.0,0.8417339,-1.0,1.0,1.0,1.0,-0.8809267,1.0,1.0,-1.0,1.0,0.33668852,1.0,-0.8566602,1.0,-1.0,-1.0,1.0,3.0527,2.0933,-3.0527,2.0933,-3.0527,2.0933,6.283,-0.57,1.71,1.809,1.718,-0.50212824,1.71,1.809,-0.327,0.57,1.0446986,1.809,-0.18043505,1.4968,-0.20504288,-0.2897,1.81991
493,8.23599999999942,1.0,0.42763948,-0.4547942,1.0,-1.0,1.0,0.8423514,-1.0,1.0,1.0,1.0,-0.881045,1.0,1.0,-1.0,1.0,0.33631957,1.0,-0.8574018,1.0,-1.0,-1.0,1.0,3.0527,2.0933,-3.0527,2.0933,-3.0527,2.0933,6.283,-0.57,1.71,1.809,1.718,-0.50219566,1.71,1.809,-0.327,0.57,1.0443286,1.809,-0.18119332,1.4968,-0.20504288,-0.2897,1.81991
494,8.251999999999425,1.0,0.42769468,-0.45488587,1.0,-1.0,1.0,0.8430125,-1.0,1.0,1.0,1.0,-0.88126326,1.0,1.0,-1.0,1.0,0.3358271,1.0,-0.8582154,1.0,-1.0,-1.0,1.0,3.0527,2.0933,-3.0527,2.0933,-3.0527,2.0933,6.283,-0.57,1.71,1.809,1.718,-0.50232005,1.71,1.809,-0.327,0.57,1.0438346,1.809,-0.18202524,1.4968,-0.20504288,-0.2897,1.81991
495,8.269999999999431,1.0,0.4278164,-0.4549958,1.0,-1.0,1.0,0.8435504,-1.0,1.0,1.0,1.0,-0.8814393,1.0,1.0,-1.0,1.0,0.3353938,1.0,-0.8589725,1.0,-1.0,-1.0,1.0,3.0527,2.0933,-3.0527,2.0933,-3.0527,2.0933,6.283,-0.57,1.71,1.809,1.718,-0.5024204,1.71,1.809,-0.327,0.57,1.0433999,1.809,-0.18279937,1.4968,-0.20504288,-0.2897,1.81991
496,8.285999999999436,1.0,0.4277606,-0.4551675,1.0,-1.0,1.0,0.8440986,-1.0,1.0,1.0,1.0,-0.8817055,1.0,1.0,-1.0,1.0,0.3347906,1.0,-0.8597936,1.0,-1.0,-1.0,1.0,3.0527,2.0933,-3.0527,2.0933,-3.0527,2.0933,6.283,-0.57,1.71,1.809,1.718,-0.5025721,1.71,1.809,-0.327,0.57,1.042795,1.809,-0.18363896,1.4968,-0.20504288,-0.2897,1.81991
497,8.301999999999442,1.0,0.42754364,-0.45539153,1.0,-1.0,1.0,0.8446441,-1.0,1.0,1.0,1.0,-0.88202035,1.0,1.0,-1.0,1.0,0.3340367,1.0,-0.86063915,1.0,-1.0,-1.0,1.0,3.0527,2.0933,-3.0527,2.0933,-3.0527,2.0933,6.283,-0.57,1.71,1.809,1.718,-0.5027516,1.71,1.809,-0.327,0.57,1.0420388,1.809,-0.18450354,1.4968,-0.20504288,-0.2897,1.81991
498,8.319999999999448,1.0,0.4274255,-0.45561808,1.0,-1.0,1.0,0.84512764,-1.0,1.0,1.0,1.0,-0.8823334,1.0,1.0,-1.0,1.0,0.33333302,1.0,-0.86152154,1.0,-1.0,-1.0,1.0,3.0527,2.0933,-3.0527,2.0933,-3.0527,2.0933,6.283,-0.57,1.71,1.809,1.718,-0.50293005,1.71,1.809,-0.327,0.57,1.041333,1.809,-0.18540578,1.4968,-0.20504288,-0.2897,1.81991
499,8.335999999999453,1.0,0.42689288,-0.45589176,1.0,-1.0,1.0,0.8458746,-1.0,1.0,1.0,1.0,-0.8830334,1.0,1.0,-1.0,1.0,0.33233023,1.0,-0.8628226,1.0,-1.0,-1.0,1.0,3.0527,2.0933,-3.0527,2.0933,-3.0527,2.0933,6.283,-0.57,1.71,1.809,1.718,-0.50332904,1.71,1.809,-0.327,0.57,1.0403272,1.809,-0.1867361,1.4968,-0.20504288,-0.2897,1.81991
500,8.351999999999459,1.0,0.4268905,-0.45596656,1.0,-1.0,1.0,0.846041,-1.0,1.0,1.0,1.0,-0.88324285,1.0,1.0,-1.0,1.0,0.33190978,1.0,-0.8635141,1.0,-1.0,-1.0,1.0,3.0527,2.0933,-3.0527,2.0933,-3.0527,2.0933,6.283,-0.57,1.71,1.809,1.718,-0.5034484,1.71,1.809,-0.327,0.57,1.0399055,1.809,-0.1874432,1.4968,-0.20504288,-0.2897,1.81991
501,8.369999999999465,1.0,0.4266765,-0.4561818,1.0,-1.0,1.0,0.8463178,-1.0,1.0,1.0,1.0,-0.88351965,1.0,1.0,-1.0,1.0,0.33122766,1.0,-0.8642227,1.0,-1.0,-1.0,1.0,3.0527,2.0933,-3.0527,2.0933,-3.0527,2.0933,6.283,-0.57,1.71,1.809,1.718,-0.5036062,1.71,1.809,-0.327,0.57,1.0392213,1.809,-0.18816772,1.4968,-0.20504288,-0.2897,1.81991
502,8.38599999999947,1.0,0.42657793,-0.45640236,1.0,-1.0,1.0,0.846705,-1.0,1.0,1.0,1.0,-0.88385475,1.0,1.0,-1.0,1.0,0.3305502,1.0,-0.86510414,1.0,-1.0,-1.0,1.0,3.0527,2.0933,-3.0527,2.0933,-3.0527,2.0933,6.283,-0.57,1.71,1.809,1.718,-0.50379723,1.71,1.809,-0.327,0.57,1.0385418,1.809,-0.18906899,1.4968,-0.20504288,-0.2897,1.81991
503,8.401999999999475,1.0,0.42652786,-0.4565451,1.0,-1.0,1.0,0.84711343,-1.0,1.0,1.0,1.0,-0.8842262,1.0,1.0,-1.0,1.0,0.329996,1.0,-0.8660335,1.0,-1.0,-1.0,1.0,3.0527,2.0933,-3.0527,2.0933,-3.0527,2.0933,6.283,-0.57,1.71,1.809,1.718,-0.50400895,1.71,1.809,-0.327,0.57,1.0379859,1.809,-0.19001925,1.4968,-0.20504288,-0.2897,1.81991
504,8.419999999999481,1.0,0.42641008,-0.45673037,1.0,-1.0,1.0,0.84744066,-1.0,1.0,1.0,1.0,-0.8845085,1.0,1.0,-1.0,1.0,0.32944775,1.0,-0.8668224,1.0,-1.0,-1.0,1.0,3.0527,2.0933,-3.0527,2.0933,-3.0527,2.0933,6.283,-0.57,1.71,1.809,1.718,-0.5041698,1.71,1.809,-0.327,0.57,1.0374361,1.809,-0.19082592,1.4968,-0.20504288,-0.2897,1.81991
505,8.435999999999487,1.0,0.42627335,-0.45692658,1.0,-1.0,1.0,0.8478467,-1.0,1.0,1.0,1.0,-0.8848562,1.0,0.99936163,-1.0,1.0,0.328817,1.0,-0.86769694,1.0,-1.0,-1.0,1.0,3.0527,2.0933,-3.0527,2.0933,-3.0527,2.0933,6.283,-0.57,1.71,1.809,1.718,-0.50436807,1.71,1.8083352,-0.327,0.57,1.0368035,1.809,-0.19172013,1.4968,-0.20504288,-0.2897,1.81991
506,8.451999999999492,1.0,0.42614615,-0.45711485,1.0,-1.0,1.0,0.8482178,-1.0,1.0,1.0,1.0,-0.8851782,1.0,0.9986874,-1.0,1.0,0.32823014,1.0,-0.86853045,1.0,-1.0,-1.0,1.0,3.0527,2.0933,-3.0527,2.0933,-3.0527,2.0933,6.283,-0.57,1.71,1.809,1.718,-0.5045516,1.71,1.8076329,-0.327,0.57,1.0362148,1.809,-0.19257239,1.4968,-0.20504288,-0.2897,1.81991
507,8.469999999999498,1.0,0.42601216,-0.45728862,1.0,-1.0,1.0,0.84860104,-1.0,1.0,1.0,1.0,-0.8855132,1.0,0.99802256,-1.0,1.0,0.3276248,1.0,-0.8693679,1.0,-1.0,-1.0,1.0,3.0527,2.0933,-3.0527,2.0933,-3.0527,2.0933,6.283,-0.57,1.71,1.809,1.718,-0.5047425,1.71,1.8069404,-0.327,0.57,1.0356077,1.809,-0.19342868,1.4968,-0.20504288,-0.2897,1.81991
508,8.485999999999503,1.0,0.4258963,-0.45747218,1.0,-1.0,1.0,0.8489719,-1.0,1.0,1.0,1.0,-0.8858372,1.0,0.99733186,-1.0,1.0,0.32702208,1.0,-0.8702133,1.0,-1.0,-1.0,1.0,3.0527,2.0933,-3.0527,2.0933,-3.0527,2.0933,6.283,-0.57,1.71,1.809,1.718,-0.5049272,1.71,1.8062211,-0.327,0.57,1.0350032,1.809,-0.19429313,1.4968,-0.20504288,-0.2897,1.81991
509,8.501999999999509,1.0,0.42572725,-0.45771736,1.0,-1.0,1.0,0.8493255,-1.0,1.0,1.0,1.0,-0.8861135,1.0,0.9966862,-1.0,1.0,0.3263508,1.0,-0.8710107,1.0,-1.0,-1.0,1.0,3.0527,2.0933,-3.0527,2.0933,-3.0527,2.0933,6.283,-0.57,1.71,1.809,1.718,-0.5050847,1.71,1.8055487,-0.327,0.57,1.0343299,1.809,-0.19510846,1.4968,-0.20504288,-0.2897,1.81991
510,8.519999999999515,1.0,0.42565322,-0.45794943,1.0,-1.0,1.0,0.84970146,-1.0,1.0,1.0,1.0,-0.88642013,1.0,0.99596596,-1.0,1.0,0.3256879,1.0,-0.87186676,1.0,-1.0,-1.0,1.0,3.0527,2.0933,-3.0527,2.0933,-3.0527,2.0933,6.283,-0.57,1.71,1.809,1.718,-0.50525945,1.71,1.8047986,-0.327,0.57,1.033665,1.809,-0.19598377,1.4968,-0.20504288,-0.2897,1.81991
511,8.53599999999952,1.0,0.42561412,-0.45810258,1.0,-1.0,1.0,0.85009104,-1.0,1.0,1.0,1.0,-0.8867947,1.0,0.9951763,-1.0,1.0,0.32510662,1.0,-0.87277657,1.0,-1.0,-1.0,1.0,3.0527,2.0933,-3.0527,2.0933,-3.0527,2.0933,6.283,-0.57,1.71,1.809,1.718,-0.50547296,1.71,1.8039762,-0.327,0.57,1.0330819,1.809,-0.19691405,1.4968,-0.20504288,-0.2897,1.81991
512,8.551999999999525,1.0,0.425429,-0.45833653,1.0,-1.0,1.0,0.85040504,-1.0,1.0,1.0,1.0,-0.8870636,1.0,0.9945307,-1.0,1.0,0.32447195,1.0,-0.87354666,1.0,-1.0,-1.0,1.0,3.0527,2.0933,-3.0527,2.0933,-3.0527,2.0933,6.283,-0.57,1.71,1.809,1.718,-0.50562626,1.71,1.8033037,-0.327,0.57,1.0324453,1.809,-0.19770145,1.4968,-0.20504288,-0.2897,1.81991
513,8.569999999999531,1.0,0.42535055,-0.45857033,1.0,-1.0,1.0,0.850756,-1.0,1.0,1.0,1.0,-0.8873633,1.0,0.99381137,-1.0,1.0,0.32380247,1.0,-0.8743803,1.0,-1.0,-1.0,1.0,3.0527,2.0933,-3.0527,2.0933,-3.0527,2.0933,6.283,-0.57,1.71,1.809,1.718,-0.5057971,1.71,1.8025545,-0.327,0.57,1.0317739,1.809,-0.19855385,1.4968,-0.20504288,-0.2897,1.81991
514,8.585999999999537,1.0,0.4252206,-0.45877483,1.0,-1.0,1.0,0.85114664,-1.0,1.0,1.0,1.0,-0.8877295,1.0,0.9930521,-1.0,1.0,0.32312858,1.0,-0.8752659,1.0,-1.0,-1.0,1.0,3.0527,2.0933,-3.0527,2.0933,-3.0527,2.0933,6.283,-0.57,1.71,1.809,1.718,-0.5060058,1.71,1.8017638,-0.327,0.57,1.031098,1.809,-0.19945937,1.4968,-0.20504288,-0.2897,1.81991
515,8.601999999999542,1.0,0.42519605,-0.45893458,1.0,-1.0,1.0,0.8514556,-1.0,1.0,1.0,1.0,-0.8880421,1.0,0.99231076,-1.0,1.0,0.32259905,1.0,-0.8760863,1.0,-1.0,-1.0,1.0,3.0527,2.0933,-3.0527,2.0933,-3.0527,2.0933,6.283,-0.57,1.71,1.809,1.718,-0.506184,1.71,1.8009917,-0.327,0.57,1.0305668,1.809,-0.20029823,1.4968,-0.20504288,-0.2897,1.81991
516,8.619999999999548,1.0,0.42505515,-0.4591181,1.0,-1.0,1.0,0.85176593,-1.0,1.0,1.0,1.0,-0.88836205,1.0,0.9916353,-1.0,1.0,0.3219918,1.0,-0.8768615,1.0,-1.0,-1.0,1.0,3.0527,2.0933,-3.0527,2.0933,-3.0527,2.0933,6.283,-0.57,1.71,1.809,1.718,-0.5063664,1.71,1.8002882,-0.327,0.57,1.0299578,1.809,-0.2010909,1.4968,-0.20504288,-0.2897,1.81991
517,8.635999999999553,1.0,0.4248501,-0.459368,1.0,-1.0,1.0,0.85210425,-1.0,1.0,1.0,1.0,-0.8886677,1.0,0.99096954,-1.0,1.0,0.32128727,1.0,-0.877649,1.0,-1.0,-1.0,1.0,3.0527,2.0933,-3.0527,2.0933,-3.0527,2.0933,6.283,-0.57,1.71,1.809,1.718,-0.5065406,1.71,1.7995948,-0.327,0.57,1.0292511,1.809,-0.20189612,1.4968,-0.20504288,-0.2897,1.81991
518,8.651999999999559,1.0,0.42487276,-0.45971993,1.0,-1.0,1.0,0.8523174,-1.0,1.0,1.0,1.0,-0.888867,1.0,0.9900911,-1.0,1.0,0.32071483,1.0,-0.8785102,1.0,-1.0,-1.0,1.0,3.0527,2.0933,-3.0527,2.0933,-3.0527,2.0933,6.283,-0.57,1.71,1.809,1.718,-0.5066542,1.71,1.7986798,-0.327,0.57,1.028677,1.809,-0.20277666,1.4968,-0.20504288,-0.2897,1.81991
519,8.669999999999565,1.0,0.42467368,-0.460254,1.0,-1.0,1.0,0.85247236,-1.0,1.0,1.0,1.0,-0.8890362,1.0,0.9892577,-1.0,1.0,0.3200071,1.0,-0.87934226,1.0,-1.0,-1.0,1.0,3.0527,2.0933,-3.0527,2.0933,-3.0527,2.0933,6.283,-0.57,1.71,1.809,1.718,-0.50675064,1.71,1.7978119,-0.327,0.57,1.0279671,1.809,-0.20362745,1.4968,-0.20504288,-0.2897,1.81991
520,8.68599999999957,1.0,0.4244697,-0.4607066,1.0,-1.0,1.0,0.8527439,-1.0,1.0,1.0,1.0,-0.8893709,1.0,0.9883765,-1.0,1.0,0.3192085,1.0,-0.88031334,1.0,-1.0,-1.0,1.0,3.0527,2.0933,-3.0527,2.0933,-3.0527,2.0933,6.283,-0.57,1.71,1.809,1.718,-0.50694144,1.71,1.7968941,-0.327,0.57,1.0271661,1.809,-0.20462039,1.4968,-0.20504288,-0.2897,1.81991
521,8.701999999999575,1.0,0.4242618,-0.46103883,1.0,-1.0,1.0,0.85302013,-1.0,1.0,1.0,1.0,-0.88974535,1.0,0.98753715,-1.0,1.0,0.31843865,1.0,-0.88124543,1.0,-1.0,-1.0,1.0,3.0527,2.0933,-3.0527,2.0933,-3.0527,2.0933,6.283,-0.57,1.71,1.809,1.718,-0.5071548,1.71,1.7960199,-0.327,0.57,1.026394,1.809,-0.20557345,1.4968,-0.20504288,-0.2897,1.81991
522,8.719999999999581,1.0,0.42408335,-0.46132967,1.0,-1.0,1.0,0.85326844,-1.0,1.0,1.0,1.0,-0.89009774,1.0,0.986748,-1.0,1.0,0.317711,1.0,-0.8821152,1.0,-1.0,-1.0,1.0,3.0527,2.0933,-3.0527,2.0933,-3.0527,2.0933,6.283,-0.57,1.71,1.809,1.718,-0.5073557,1.71,1.795198,-0.327,0.57,1.0256641,1.809,-0.20646277,1.4968,-0.20504288,-0.2897,1.81991
523,8.735999999999587,1.0,0.42393696,-0.46160817,1.0,-1.0,1.0,0.8535077,-1.0,1.0,1.0,1.0,-0.8904339,1.0,0.9859805,-1.0,1.0,0.31700587,1.0,-0.8829389,1.0,-1.0,-1.0,1.0,3.0527,2.0933,-3.0527,2.0933,-3.0527,2.0933,6.283,-0.57,1.71,1.809,1.718,-0.5075473,1.71,1.7943987,-0.327,0.57,1.024957,1.809,-0.20730504,1.4968,-0.20504288,-0.2897,1.81991
524,8.751999999999592,1.0,0.42387295,-0.46179178,1.0,-1.0,1.0,0.8537926,-1.0,1.0,1.0,1.0,-0.89081323,1.0,0.9851712,-1.0,1.0,0.316401,1.0,-0.88381714,1.0,-1.0,-1.0,1.0,3.0527,2.0933,-3.0527,2.0933,-3.0527,2.0933,6.283,-0.57,1.71,1.809,1.718,-0.50776356,1.71,1.7935559,-0.327,0.57,1.0243502,1.809,-0.20820302,1.4968,-0.20504288,-0.2897,1.81991
525,8.769999999999598,1.0,0.423692,-0.4620603,1.0,-1.0,1.0,0.85398966,-1.0,1.0,1.0,1.0,-0.8910594,1.0,0.9845257,-1.0,1.0,0.31575978,1.0,-0.88449436,1.0,-1.0,-1.0,1.0,3.0527,2.0933,-3.0527,2.0933,-3.0527,2.0933,6.283,-0.57,1.71,1.809,1.718,-0.5079039,1.71,1.7928835,-0.327,0.57,1.023707,1.809,-0.20889549,1.4968,-0.20504288,-0.2897,1.81991
526,8.785999999999603,1.0,0.42360818,-0.4623141,1.0,-1.0,1.0,0.85429174,-1.0,1.0,1.0,1.0,-0.89138055,1.0,0.9837705,-1.0,1.0,0.31507313,1.0,-0.88529354,1.0,-1.0,-1.0,1.0,3.0527,2.0933,-3.0527,2.0933,-3.0527,2.0933,6.283,-0.57,1.71,1.809,1.718,-0.5080869,1.71,1.792097,-0.327,0.57,1.0230184,1.809,-0.20971265,1.4968,-0.20504288,-0.2897,1.81991
527,8.801999999999609,1.0,0.4236747,-0.46251845,1.0,-1.0,1.0,0.85450774,-1.0,1.0,1.0,1.0,-0.89161956,1.0,0.98303115,-1.0,1.0,0.3145827,1.0,-0.8860447,1.0,-1.0,-1.0,1.0,3.0527,2.0933,-3.0527,2.0933,-3.0527,2.0933,6.283,-0.57,1.71,1.809,1.718,-0.5082232,1.71,1.791327,-0.327,0.57,1.0225265,1.809,-0.21048069,1.4968,-0.20504288,-0.2897,1.81991
528,8.819999999999615,1.0,0.423527,-0.46278673,1.0,-1.0,1.0,0.85476536,-1.0,1.0,1.0,1.0,-0.89188814,1.0,0.98235774,-1.0,1.0,0.31388545,1.0,-0.88673645,1.0,-1.0,-1.0,1.0,3.0527,2.0933,-3.0527,2.0933,-3.0527,2.0933,6.283,-0.57,1.71,1.809,1.718,-0.50837624,1.71,1.7906256,-0.327,0.57,1.0218271,1.809,-0.21118802,1.4968,-0.20504288,-0.2897,1.81991
529,8.83599999999962,1.0,0.42349613,-0.46306115,1.0,-1.0,1.0,0.8550351,-1.0,1.0,1.0,1.0,-0.89215505,1.0,0.98163044,-1.0,1.0,0.3132161,1.0,-0.8874549,1.0,-1.0,-1.0,1.0,3.0527,2.0933,-3.0527,2.0933,-3.0527,2.0933,6.283,-0.57,1.71,1.809,1.718,-0.50852835,1.71,1.7898681,-0.327,0.57,1.0211557,1.809,-0.21192266,1.4968,-0.20504288,-0.2897,1.81991
530,8.851999999999626,1.0,0.42346442,-0.4632924,1.0,-1.0,1.0,0.8553408,-1.0,1.0,1.0,1.0,-0.892444,1.0,0.9808799,-1.0,1.0,0.3125825,1.0,-0.88825554,1.0,-1.0,-1.0,1.0,3.0527,2.0933,-3.0527,2.0933,-3.0527,2.0933,6.283,-0.57,1.71,1.809,1.718,-0.5086931,1.71,1.7890865,-0.327,0.57,1.0205202,1.809,-0.21274129,1.4968,-0.20504288,-0.2897,1.81991
531,8.869999999999632,1.0,0.42341256,-0.46354902,1.0,-1.0,1.0,0.8555669,-1.0,1.0,1.0,1.0,-0.89270794,1.0,0.9801744,-1.0,1.0,0.3119229,1.0,-0.88890094,1.0,-1.0,-1.0,1.0,3.0527,2.0933,-3.0527,2.0933,-3.0527,2.0933,6.283,-0.57,1.71,1.809,1.718,-0.50884354,1.71,1.7883517,-0.327,0.57,1.0198587,1.809,-0.21340121,1.4968,-0.20504288,-0.2897,1.81991
532,8.885999999999637,1.0,0.4234661,-0.4637561,1.0,-1.0,1.0,0.8558453,-1.0,1.0,1.0,1.0,-0.89300215,1.0,0.979406,-1.0,1.0,0.31134868,1.0,-0.8896983,1.0,-1.0,-1.0,1.0,3.0527,2.0933,-3.0527,2.0933,-3.0527,2.0933,6.283,-0.57,1.71,1.809,1.718,-0.5090112,1.71,1.7875514,-0.327,0.57,1.0192827,1.809,-0.21421655,1.4968,-0.20504288,-0.2897,1.81991
533,8.901999999999642,1.0,0.42331386,-0.4640342,1.0,-1.0,1.0,0.85606366,-1.0,1.0,1.0,1.0,-0.8932648,1.0,0.97875464,-1.0,1.0,0.31063735,1.0,-0.8903139,1.0,-1.0,-1.0,1.0,3.0527,2.0933,-3.0527,2.0933,-3.0527,2.0933,6.283,-0.57,1.71,1.809,1.718,-0.50916094,1.71,1.786873,-0.327,0.57,1.0185692,1.809,-0.21484599,1.4968,-0.20504288,-0.2897,1.81991
534,8.919999999999648,1.0,0.42330956,-0.4642392,1.0,-1.0,1.0,0.8563687,-1.0,1.0,1.0,1.0,-0.8936131,1.0,0.97798634,-1.0,1.0,0.30999112,1.0,-0.89109725,1.0,-1.0,-1.0,1.0,3.0527,2.0933,-3.0527,2.0933,-3.0527,2.0933,6.283,-0.57,1.71,1.809,1.718,-0.5093595,1.71,1.7860727,-0.327,0.57,1.0179211,1.809,-0.21564694,1.4968,-0.20504288,-0.2897,1.81991
535,8.935999999999654,1.0,0.42317414,-0.46452016,1.0,-1.0,1.0,0.85657376,-1.0,1.0,1.0,1.0,-0.89385045,1.0,0.9773413,-1.0,1.0,0.3093239,1.0,-0.891735,1.0,-1.0,-1.0,1.0,3.0527,2.0933,-3.0527,2.0933,-3.0527,2.0933,6.283,-0.57,1.71,1.809,1.718,-0.5094948,1.71,1.785401,-0.327,0.57,1.0172518,1.809,-0.21629906,1.4968,-0.20504288,-0.2897,1.81991
536,8.951999999999659,1.0,0.42313945,-0.46480635,1.0,-1.0,1.0,0.8568091,-1.0,1.0,1.0,1.0,-0.8941233,1.0,0.97664,-1.0,1.0,0.3086151,1.0,-0.89241046,1.0,-1.0,-1.0,1.0,3.0527,2.0933,-3.0527,2.0933,-3.0527,2.0933,6.283,-0.57,1.71,1.809,1.718,-0.5096503,1.71,1.7846706,-0.327,0.57,1.0165409,1.809,-0.2169897,1.4968,-0.20504288,-0.2897,1.81991
537,8.969999999999665,1.0,0.42315292,-0.465009,1.0,-1.0,1.0,0.8570886,-1.0,1.0,1.0,1.0,-0.89446104,1.0,0.9758675,-1.0,1.0,0.308002,1.0,-0.89319986,1.0,-1.0,-1.0,1.0,3.0527,2.0933,-3.0527,2.0933,-3.0527,2.0933,6.283,-0.57,1.71,1.809,1.718,-0.5098428,1.71,1.783866,-0.327,0.57,1.015926,1.809,-0.21779686,1.4968,-0.20504288,-0.2897,1.81991
538,8.98599999999967,1.0,0.42310166,-0.4652535,1.0,-1.0,1.0,0.8572523,-1.0,1.0,1.0,1.0,-0.89470804,1.0,0.9751977,-1.0,1.0,0.30739045,1.0,-0.89381176,1.0,-1.0,-1.0,1.0,3.0527,2.0933,-3.0527,2.0933,-3.0527,2.0933,6.283,-0.57,1.71,1.809,1.718,-0.5099836,1.71,1.7831684,-0.327,0.57,1.0153127,1.809,-0.21842253,1.4968,-0.20504288,-0.2897,1.81991
539,9.001999999999676,1.0,0.4230194,-0.4654998,1.0,-1.0,1.0,0.85750824,-1.0,1.0,1.0,1.0,-0.89502966,1.0,0.9745003,-1.0,1.0,0.30668914,1.0,-0.8945069,1.0,-1.0,-1.0,1.0,3.0527,2.0933,-3.0527,2.0933,-3.0527,2.0933,6.283,-0.57,1.71,1.809,1.718,-0.5101669,1.71,1.7824421,-0.327,0.57,1.0146092,1.809,-0.21913327,1.4968,-0.20504288,-0.2897,1.81991
540,9.019999999999682,1.0,0.4228946,-0.46578774,1.0,-1.0,1.0,0.8577147,-1.0,1.0,1.0,1.0,-0.89527786,1.0,0.9738716,-1.0,1.0,0.30597353,1.0,-0.89511806,1.0,-1.0,-1.0,1.0,3.0527,2.0933,-3.0527,2.0933,-3.0527,2.0933,6.283,-0.57,1.71,1.809,1.718,-0.5103084,1.71,1.7817873,-0.327,0.57,1.0138915,1.809,-0.21975821,1.4968,-0.20504288,-0.2897,1.81991
541,9.035999999999687,1.0,0.42288792,-0.46607754,1.0,-1.0,1.0,0.85795623,-1.0,1.0,1.0,1.0,-0.89554584,1.0,0.97314537,-1.0,1.0,0.30527186,1.0,-0.8958294,1.0,-1.0,-1.0,1.0,3.0527,2.0933,-3.0527,2.0933,-3.0527,2.0933,6.283,-0.57,1.71,1.809,1.718,-0.51046115,1.71,1.7810309,-0.327,0.57,1.0131876,1.809,-0.22048554,1.4968,-0.20504288,-0.2897,1.81991
542,9.051999999999692,1.0,0.42286468,-0.46633908,1.0,-1.0,1.0,0.85818666,-1.0,1.0,1.0,1.0,-0.8958297,1.0,0.972422,-1.0,1.0,0.3045838,1.0,-0.89651257,1.0,-1.0,-1.0,1.0,3.0527,2.0933,-3.0527,2.0933,-3.0527,2.0933,6.283,-0.57,1.71,1.809,1.718,-0.5106229,1.71,1.7802775,-0.327,0.57,1.0124975,1.809,-0.2211841,1.4968,-0.20504288,-0.2897,1.81991
543,9.069999999999698,1.0,0.42283392,-0.46659786,1.0,-1.0,1.0,0.8584176,-1.0,1.0,1.0,1.0,-0.89611256,1.0,0.9717088,-1.0,1.0,0.3038994,1.0,-0.8971881,1.0,-1.0,-1.0,1.0,3.0527,2.0933,-3.0527,2.0933,-3.0527,2.0933,6.283,-0.57,1.71,1.809,1.718,-0.51078415,1.71,1.7795347,-0.327,0.57,1.0118111,1.809,-0.22187486,1.4968,-0.20504288,-0.2897,1.81991
544,9.085999999999704,1.0,0.42281127,-0.46685573,1.0,-1.0,1.0,0.85864156,-1.0,1.0,1.0,1.0,-0.8963915,1.0,0.9709871,-1.0,1.0,0.3032161,1.0,-0.8978607,1.0,-1.0,-1.0,1.0,3.0527,2.0933,-3.0527,2.0933,-3.0527,2.0933,6.283,-0.57,1.71,1.809,1.718,-0.5109432,1.71,1.7787831,-0.327,0.57,1.0111258,1.809,-0.22256257,1.4968,-0.20504288,-0.2897,1.81991
545,9.101999999999709,1.0,0.42278445,-0.46712214,1.0,-1.0,1.0,0.8588466,-1.0,1.0,1.0,1.0,-0.89666164,1.0,0.9702946,-1.0,1.0,0.30253208,1.0,-0.89848787,1.0,-1.0,-1.0,1.0,3.0527,2.0933,-3.0527,2.0933,-3.0527,2.0933,6.283,-0.57,1.71,1.809,1.718,-0.51109713,1.71,1.7780619,-0.327,0.57,1.0104396,1.809,-0.22320384,1.4968,-0.20504288,-0.2897,1.81991
546,9.119999999999715,1.0,0.42278302,-0.4673132,1.0,-1.0,1.0,0.8591046,-1.0,1.0,1.0,1.0,-0.897014,1.0,0.96954644,-1.0,1.0,0.301888,1.0,-0.89919704,1.0,-1.0,-1.0,1.0,3.0527,2.0933,-3.0527,2.0933,-3.0527,2.0933,6.283,-0.57,1.71,1.809,1.718,-0.511298,1.71,1.7772826,-0.327,0.57,1.0097936,1.809,-0.22392897,1.4968,-0.20504288,-0.2897,1.81991
547,9.13599999999972,1.0,0.42265308,-0.46758723,1.0,-1.0,1.0,0.8592741,-1.0,1.0,1.0,1.0,-0.8972528,1.0,0.968935,-1.0,1.0,0.30120385,1.0,-0.8997498,1.0,-1.0,-1.0,1.0,3.0527,2.0933,-3.0527,2.0933,-3.0527,2.0933,6.283,-0.57,1.71,1.809,1.718,-0.5114341,1.71,1.7766458,-0.327,0.57,1.0091075,1.809,-0.22449419,1.4968,-0.20504288,-0.2897,1.81991
548,9.151999999999726,1.0,0.4226557,-0.46787167,1.0,-1.0,1.0,0.85948163,-1.0,1.0,1.0,1.0,-0.89750206,1.0,0.96825695,-1.0,1.0,0.30050993,1.0,-0.90038675,1.0,-1.0,-1.0,1.0,3.0527,2.0933,-3.0527,2.0933,-3.0527,2.0933,6.283,-0.57,1.71,1.809,1.718,-0.5115762,1.71,1.7759396,-0.327,0.57,1.0084114,1.809,-0.22514546,1.4968,-0.20504288,-0.2897,1.81991
549,9.169999999999732,1.0,0.42263663,-0.46813473,1.0,-1.0,1.0,0.85969955,-1.0,1.0,1.0,1.0,-0.8977829,1.0,0.9675633,-1.0,1.0,0.29980814,1.0,-0.9010294,1.0,-1.0,-1.0,1.0,3.0527,2.0933,-3.0527,2.0933,-3.0527,2.0933,6.283,-0.57,1.71,1.809,1.718,-0.5117363,1.71,1.7752172,-0.327,0.57,1.0077076,1.809,-0.22580257,1.4968,-0.20504288,-0.2897,1.81991
550,9.185999999999737,1.0,0.42269528,-0.46835995,1.0,-1.0,0.9999445,0.85989887,-1.0,1.0,1.0,1.0,-0.8980739,1.0,0.96682763,-1.0,1.0,0.2991885,1.0,-0.90168625,1.0,-1.0,-1.0,1.0,3.0527,2.0933,-3.0527,2.0933,-3.0527,2.0933,6.283,-0.57,1.71,1.809,1.718,-0.51190215,1.71,1.774451,-0.327,0.57,1.007086,1.809,-0.2264742,1.4968,-0.20504288,-0.2897,1.81991
551,9.201999999999742,1.0,0.42256773,-0.46863246,1.0,-1.0,0.99955875,0.86010236,-1.0,1.0,1.0,1.0,-0.8983463,1.0,0.96619976,-1.0,1.0,0.29845357,1.0,-0.902265,1.0,-1.0,-1.0,1.0,3.0527,2.0933,-3.0527,2.0933,-3.0527,2.0933,6.283,-0.57,1.71,1.809,1.718,-0.5120574,1.71,1.773797,-0.327,0.57,1.006349,1.809,-0.22706598,1.4968,-0.20504288,-0.2897,1.81991
552,9.219999999999748,1.0,0.42256403,-0.4689011,1.0,-1.0,0.99912447,0.8603168,-1.0,1.0,1.0,1.0,-0.8986105,1.0,0.96550775,-1.0,1.0,0.2977463,1.0,-0.90289503,1.0,-1.0,-1.0,1.0,3.0527,2.0933,-3.0527,2.0933,-3.0527,2.0933,6.283,-0.57,1.71,1.809,1.718,-0.512208,1.71,1.7730763,-0.327,0.57,1.0056396,1.809,-0.22771017,1.4968,-0.20504288,-0.2897,1.81991
553,9.235999999999754,1.0,0.42255378,-0.46916676,1.0,-1.0,0.99868697,0.86052793,-1.0,1.0,1.0,1.0,-0.8988869,1.0,0.96480155,-1.0,1.0,0.29704392,1.0,-0.9035327,1.0,-1.0,-1.0,1.0,3.0527,2.0933,-3.0527,2.0933,-3.0527,2.0933,6.283,-0.57,1.71,1.809,1.718,-0.5123655,1.71,1.7723408,-0.327,0.57,1.004935,1.809,-0.22836217,1.4968,-0.20504288,-0.2897,1.81991
554,9.251999999999759,1.0,0.42253923,-0.46943766,1.0,-1.0,0.99825543,0.86072534,-1.0,1.0,1.0,1.0,-0.89915454,1.0,0.96409464,-1.0,1.0,0.2963438,1.0,-0.9041508,1.0,-1.0,-1.0,1.0,3.0527,2.0933,-3.0527,2.0933,-3.0527,2.0933,6.283,-0.57,1.71,1.809,1.718,-0.5125181,1.71,1.7716045,-0.327,0.57,1.0042329,1.809,-0.22899418,1.4968,-0.20504288,-0.2897,1.81991
555,9.269999999999765,1.0,0.422521,-0.46972516,1.0,-1.0,0.9978276,0.8609032,-1.0,1.0,1.0,1.0,-0.89941156,1.0,0.96338356,-1.0,1.0,0.29564202,1.0,-0.9047614,1.0,-1.0,-1.0,1.0,3.0527,2.0933,-3.0527,2.0933,-3.0527,2.0933,6.283,-0.57,1.71,1.809,1.718,-0.5126646,1.71,1.770864,-0.327,0.57,1.003529,1.809,-0.2296185,1.4968,-0.20504288,-0.2897,1.81991
556,9.28599999999977,1.0,0.42249417,-0.47001845,1.0,-1.0,0.99740154,0.86108273,-1.0,1.0,1.0,1.0,-0.89968216,1.0,0.96268594,-1.0,1.0,0.29492307,1.0,-0.9053616,1.0,-1.0,-1.0,1.0,3.0527,2.0933,-3.0527,2.0933,-3.0527,2.0933,6.283,-0.57,1.71,1.809,1.718,-0.5128188,1.71,1.7701374,-0.327,0.57,1.0028079,1.809,-0.23023222,1.4968,-0.20504288,-0.2897,1.81991
557,9.301999999999776,1.0,0.42240357,-0.47025803,1.0,-1.0,0.99693745,0.86134225,-1.0,1.0,1.0,1.0,-0.9000398,1.0,0.9619837,-1.0,1.0,0.29416883,1.0,-0.9060146,1.0,-1.0,-1.0,1.0,3.0527,2.0933,-3.0527,2.0933,-3.0527,2.0933,6.283,-0.57,1.71,1.809,1.718,-0.51302266,1.71,1.769406,-0.327,0.57,1.0020514,1.809,-0.23089994,1.4968,-0.20504288,-0.2897,1.81991
558,9.319999999999782,1.0,0.42244256,-0.4704462,1.0,-1.0,0.99652344,0.8615144,-1.0,1.0,1.0,1.0,-0.9003272,1.0,0.9613004,-1.0,1.0,0.29357743,1.0,-0.90660304,1.0,-1.0,-1.0,1.0,3.0527,2.0933,-3.0527,2.0933,-3.0527,2.0933,6.283,-0.57,1.71,1.809,1.718,-0.5131865,1.71,1.7686943,-0.327,0.57,1.0014582,1.809,-0.23150161,1.4968,-0.20504288,-0.2897,1.81991
559,9.335999999999787,1.0,0.42229867,-0.4707132,1.0,-1.0,0.9961415,0.86170846,-1.0,1.0,1.0,1.0,-0.90060925,1.0,0.9606956,-1.0,1.0,0.29282916,1.0,-0.90714055,1.0,-1.0,-1.0,1.0,3.0527,2.0933,-3.0527,2.0933,-3.0527,2.0933,6.283,-0.57,1.71,1.809,1.718,-0.51334727,1.71,1.7680645,-0.327,0.57,1.0007076,1.809,-0.23205121,1.4968,-0.20504288,-0.2897,1.81991
560,9.351999999999792,1.0,0.42229664,-0.47097886,1.0,-1.0,0.9957225,0.8619041,-1.0,1.0,1.0,1.0,-0.9008676,1.0,0.96003425,-1.0,1.0,0.29213214,1.0,-0.9077212,1.0,-1.0,-1.0,1.0,3.0527,2.0933,-3.0527,2.0933,-3.0527,2.0933,6.283,-0.57,1.71,1.809,1.718,-0.5134945,1.71,1.7673757,-0.327,0.57,1.0000086,1.809,-0.23264495,1.4968,-0.20504288,-0.2897,1.81991
561,9.369999999999798,1.0,0.4223181,-0.47124144,1.0,-1.0,0.995326,0.86206526,-1.0,1.0,1.0,1.0,-0.9010998,1.0,0.9593892,-1.0,1.0,0.2914604,1.0,-0.90827113,1.0,-1.0,-1.0,1.0,3.0527,2.0933,-3.0527,2.0933,-3.0527,2.0933,6.283,-0.57,1.71,1.809,1.718,-0.5136269,1.71,1.7667038,-0.327,0.57,0.99933475,1.809,-0.23320724,1.4968,-0.20504288,-0.2897,1.81991
562,9.385999999999804,1.0,0.42229557,-0.47150624,1.0,-1.0,0.9948642,0.8622945,-1.0,1.0,1.0,1.0,-0.9014027,1.0,0.9586817,-1.0,1.0,0.29071772,1.0,-0.9088933,1.0,-1.0,-1.0,1.0,3.0527,2.0933,-3.0527,2.0933,-3.0527,2.0933,6.283,-0.57,1.71,1.809,1.718,-0.51379955,1.71,1.765967,-0.327,0.57,0.9985899,1.809,-0.23384339,1.4968,-0.20504288,-0.2897,1.81991
563,9.40199999999981,1.0,0.42224205,-0.47175017,1.0,-1.0,0.9943633,0.86254233,-1.0,1.0,1.0,1.0,-0.9018843,1.0,0.9580116,-1.0,1.0,0.28995633,1.0,-0.90958685,1.0,-1.0,-1.0,1.0,3.0527,2.0933,-3.0527,2.0933,-3.0527,2.0933,6.283,-0.57,1.71,1.809,1.718,-0.5140741,1.71,1.7652692,-0.327,0.57,0.9978262,1.809,-0.23455255,1.4968,-0.20504288,-0.2897,1.81991
564,9.419999999999815,1.0,0.42200053,-0.47197163,1.0,-1.0,0.9940136,0.86264056,-1.0,1.0,1.0,1.0,-0.90215385,1.0,0.9573394,-1.0,1.0,0.28914702,1.0,-0.9100936,1.0,-1.0,-1.0,1.0,3.0527,2.0933,-3.0527,2.0933,-3.0527,2.0933,6.283,-0.57,1.71,1.809,1.718,-0.5142277,1.71,1.764569,-0.327,0.57,0.99701446,1.809,-0.2350707,1.4968,-0.20504288,-0.2897,1.81991
565,9.43599999999982,1.0,0.42151403,-0.472187,1.0,-1.0,0.9934048,0.86300486,-1.0,1.0,1.0,1.0,-0.9029037,1.0,0.95654035,-1.0,1.0,0.28800893,1.0,-0.9110355,1.0,-1.0,-1.0,1.0,3.0527,2.0933,-3.0527,2.0933,-3.0527,2.0933,6.283,-0.57,1.71,1.809,1.718,-0.5146551,1.71,1.7637367,-0.327,0.57,0.995873,1.809,-0.23603378,1.4968,-0.20504288,-0.2897,1.81991
566,9.451999999999826,1.0,0.42120576,-0.47231868,1.0,-1.0,0.99300534,0.8631056,-1.0,1.0,1.0,1.0,-0.9033569,1.0,0.9558202,-1.0,1.0,0.28717482,1.0,-0.9116406,1.0,-1.0,-1.0,1.0,3.0527,2.0933,-3.0527,2.0933,-3.0527,2.0933,6.283,-0.57,1.71,1.809,1.718,-0.51491344,1.71,1.7629868,-0.327,0.57,0.99503636,1.809,-0.2366525,1.4968,-0.20504288,-0.2897,1.81991
567,9.469999999999832,1.0,0.42112124,-0.47240594,1.0,-1.0,0.9926726,0.86314493,-1.0,1.0,1.0,1.0,-0.90359735,1.0,0.9552145,-1.0,1.0,0.28655863,1.0,-0.91206497,1.0,-1.0,-1.0,1.0,3.0527,2.0933,-3.0527,2.0933,-3.0527,2.0933,6.283,-0.57,1.71,1.809,1.718,-0.5150505,1.71,1.7623559,-0.327,0.57,0.9944183,1.809,-0.23708643,1.4968,-0.20504288,-0.2897,1.81991
568,9.485999999999837,1.0,0.42137253,-0.4724743,1.0,-1.0,0.99232,0.86323816,-1.0,1.0,1.0,1.0,-0.9037132,1.0,0.9546,-1.0,1.0,0.28620267,1.0,-0.91251713,1.0,-1.0,-1.0,1.0,3.0527,2.0933,-3.0527,2.0933,-3.0527,2.0933,6.283,-0.57,1.71,1.809,1.718,-0.5151165,1.71,1.7617159,-0.327,0.57,0.9940613,1.809,-0.23754877,1.4968,-0.20504288,-0.2897,1.81991
569,9.501999999999843,1.0,0.4213605,-0.47265393,1.0,-1.0,0.99199265,0.8634384,-1.0,1.0,1.0,1.0,-0.90388584,1.0,0.95406187,-1.0,1.0,0.2856114,1.0,-0.91293365,1.0,-1.0,-1.0,1.0,3.0527,2.0933,-3.0527,2.0933,-3.0527,2.0933,6.283,-0.57,1.71,1.809,1.718,-0.5152149,1.71,1.7611555,-0.327,0.57,0.9934682,1.809,-0.23797466,1.4968,-0.20504288,-0.2897,1.81991
570,9.519999999999849,1.0,0.42148352,-0.4727673,1.0,-1.0,0.9914822,0.8637944,-1.0,1.0,1.0,1.0,-0.9042083,1.0,0.9533299,-1.0,1.0,0.28500485,1.0,-0.9135671,1.0,-1.0,-1.0,1.0,3.0527,2.0933,-3.0527,2.0933,-3.0527,2.0933,6.283,-0.57,1.71,1.809,1.718,-0.51539874,1.71,1.7603931,-0.327,0.57,0.99285984,1.809,-0.23862238,1.4968,-0.20504288,-0.2897,1.81991
571,9.535999999999854,1.0,0.42132652,-0.47294796,1.0,-1.0,0.9911179,0.86405426,-1.0,1.0,1.0,1.0,-0.90453064,1.0,0.95280504,-1.0,1.0,0.28428066,1.0,-0.91402453,1.0,-1.0,-1.0,1.0,3.0527,2.0933,-3.0527,2.0933,-3.0527,2.0933,6.283,-0.57,1.71,1.809,1.718,-0.51558244,1.71,1.7598464,-0.327,0.57,0.9921335,1.809,-0.23909009,1.4968,-0.20504288,-0.2897,1.81991
572,9.55199999999986,1.0,0.42183578,-0.47312328,1.0,-1.0,0.99093586,0.86401397,-1.0,1.0,1.0,1.0,-0.904153,1.0,0.95226276,-1.0,1.0,0.28403234,1.0,-0.91407543,1.0,-1.0,-1.0,1.0,3.0527,2.0933,-3.0527,2.0933,-3.0527,2.0933,6.283,-0.57,1.71,1.809,1.718,-0.5153672,1.71,1.7592816,-0.327,0.57,0.99188447,1.809,-0.23914213,1.4968,-0.20504288,-0.2897,1.81991
573,9.569999999999865,1.0,0.4224621,-0.4733214,1.0,-1.0,0.9905156,0.8642929,-1.0,1.0,1.0,1.0,-0.90403926,1.0,0.95168877,-1.0,1.0,0.28374958,1.0,-0.91447896,1.0,-1.0,-1.0,1.0,3.0527,2.0933,-3.0527,2.0933,-3.0527,2.0933,6.283,-0.57,1.71,1.809,1.718,-0.51530236,1.71,1.7586838,-0.327,0.57,0.9916008,1.809,-0.23955473,1.4968,-0.20504288,-0.2897,1.81991
574,9.58599999999987,1.0,0.42279458,-0.47371358,1.0,-1.0,0.99012214,0.8646156,-1.0,1.0,1.0,1.0,-0.9039854,1.0,0.95108306,-1.0,1.0,0.28320444,1.0,-0.9148322,1.0,-1.0,-1.0,1.0,3.0527,2.0933,-3.0527,2.0933,-3.0527,2.0933,6.283,-0.57,1.71,1.809,1.718,-0.51527166,1.71,1.7580531,-0.327,0.57,0.99105406,1.809,-0.23991589,1.4968,-0.20504288,-0.2897,1.81991
575,9.601999999999876,1.0,0.42307913,-0.4740662,1.0,-1.0,0.98954546,0.8650606,-1.0,1.0,1.0,1.0,-0.9041699,1.0,0.9502747,-1.0,1.0,0.28253758,1.0,-0.91550165,1.0,-1.0,-1.0,1.0,3.0527,2.0933,-3.0527,2.0933,-3.0527,2.0933,6.283,-0.57,1.71,1.809,1.718,-0.51537687,1.71,1.7572111,-0.327,0.57,0.9903852,1.809,-0.24060044,1.4968,-0.20504288,-0.2897,1.81991
576,9.619999999999882,1.0,0.4230597,-0.47450593,1.0,-1.0,0.9891346,0.8653181,-1.0,1.0,1.0,1.0,-0.90433526,1.0,0.9496244,-1.0,1.0,0.28170514,1.0,-0.9159592,1.0,-1.0,-1.0,1.0,3.0527,2.0933,-3.0527,2.0933,-3.0527,2.0933,6.283,-0.57,1.71,1.809,1.718,-0.5154711,1.71,1.7565339,-0.327,0.57,0.98955023,1.809,-0.24106826,1.4968,-0.20504288,-0.2897,1.81991
577,9.635999999999887,1.0,0.42304385,-0.47496414,1.0,-1.0,0.9886014,0.86558634,-1.0,1.0,1.0,1.0,-0.9046322,1.0,0.9488764,-1.0,1.0,0.28075135,1.0,-0.9166035,1.0,-1.0,-1.0,1.0,3.0527,2.0933,-3.0527,2.0933,-3.0527,2.0933,6.283,-0.57,1.71,1.809,1.718,-0.5156404,1.71,1.7557547,-0.327,0.57,0.9885936,1.809,-0.24172708,1.4968,-0.20504288,-0.2897,1.81991
578,9.651999999999893,1.0,0.42294538,-0.4753875,1.0,-1.0,0.98810023,0.8657804,-1.0,1.0,1.0,1.0,-0.9049798,1.0,0.9481555,-1.0,1.0,0.27980125,1.0,-0.91723424,1.0,-1.0,-1.0,1.0,3.0527,2.0933,-3.0527,2.0933,-3.0527,2.0933,6.283,-0.57,1.71,1.809,1.718,-0.5158385,1.71,1.7550039,-0.327,0.57,0.9876407,1.809,-0.242372,1.4968,-0.20504288,-0.2897,1.81991
579,9.669999999999899,1.0,0.42276084,-0.47577432,1.0,-1.0,0.9875917,0.86595803,-1.0,1.0,1.0,1.0,-0.9054066,1.0,0.94745064,-1.0,1.0,0.27882493,1.0,-0.91787165,1.0,-1.0,-1.0,1.0,3.0527,2.0933,-3.0527,2.0933,-3.0527,2.0933,6.283,-0.57,1.71,1.809,1.718,-0.51608175,1.71,1.7542698,-0.327,0.57,0.9866614,1.809,-0.24302377,1.4968,-0.20504288,-0.2897,1.81991
580,9.685999999999904,1.0,0.42273176,-0.47611097,1.0,-1.0,0.98714244,0.8660007,-1.0,1.0,1.0,1.0,-0.9057499,1.0,0.9467665,-1.0,1.0,0.27805722,1.0,-0.9184887,1.0,-1.0,-1.0,1.0,3.0527,2.0933,-3.0527,2.0933,-3.0527,2.0933,6.283,-0.57,1.71,1.809,1.718,-0.51627743,1.71,1.7535573,-0.327,0.57,0.9858914,1.809,-0.24365468,1.4968,-0.20504288,-0.2897,1.81991
581,9.70199999999991,1.0,0.4225253,-0.47648388,1.0,-1.0,0.98673296,0.86606556,-1.0,1.0,1.0,1.0,-0.90610087,1.0,0.94618213,-1.0,1.0,0.27714717,1.0,-0.9190224,1.0,-1.0,-1.0,1.0,3.0527,2.0933,-3.0527,2.0933,-3.0527,2.0933,6.283,-0.57,1.71,1.809,1.718,-0.51647747,1.71,1.7529486,-0.327,0.57,0.9849786,1.809,-0.24420038,1.4968,-0.20504288,-0.2897,1.81991
582,9.719999999999915,1.0,0.42308533,-0.4768222,1.0,-1.0,0.9863325,0.8663022,-1.0,1.0,1.0,1.0,-0.9060024,1.0,0.9455762,-1.0,1.0,0.27679837,1.0,-0.9195209,1.0,-1.0,-1.0,1.0,3.0527,2.0933,-3.0527,2.0933,-3.0527,2.0933,6.283,-0.57,1.71,1.809,1.718,-0.5164214,1.71,1.7523175,-0.327,0.57,0.98462874,1.809,-0.24471013,1.4968,-0.20504288,-0.2897,1.81991
583,9.73599999999992,1.0,0.42363012,-0.477154,1.0,-1.0,0.98596793,0.8666125,-1.0,1.0,1.0,1.0,-0.9059051,1.0,0.9450091,-1.0,1.0,0.27653408,1.0,-0.9199402,1.0,-1.0,-1.0,1.0,3.0527,2.0933,-3.0527,2.0933,-3.0527,2.0933,6.283,-0.57,1.71,1.809,1.718,-0.51636595,1.71,1.751727,-0.327,0.57,0.9843637,1.809,-0.24513882,1.4968,-0.20504288,-0.2897,1.81991
584,9.751999999999926,1.0,0.42381787,-0.47749832,1.0,-1.0,0.9855344,0.8669918,-1.0,1.0,1.0,1.0,-0.90605366,1.0,0.9443675,-1.0,1.0,0.27594578,1.0,-0.9204851,1.0,-1.0,-1.0,1.0,3.0527,2.0933,-3.0527,2.0933,-3.0527,2.0933,6.283,-0.57,1.71,1.809,1.718,-0.5164506,1.71,1.7510588,-0.327,0.57,0.98377365,1.809,-0.245696,1.4968,-0.20504288,-0.2897,1.81991
585,9.769999999999932,1.0,0.4238398,-0.47787583,1.0,-1.0,0.98507303,0.867312,-1.0,1.0,1.0,1.0,-0.90630555,1.0,0.94367063,-1.0,1.0,0.27517486,1.0,-0.9210859,1.0,-1.0,-1.0,1.0,3.0527,2.0933,-3.0527,2.0933,-3.0527,2.0933,6.283,-0.57,1.71,1.809,1.718,-0.5165942,1.71,1.750333,-0.327,0.57,0.9830004,1.809,-0.24631032,1.4968,-0.20504288,-0.2897,1.81991
586,9.785999999999937,1.0,0.4238659,-0.47828037,1.0,-1.0,0.9846192,0.86745137,-1.0,1.0,1.0,1.0,-0.90658057,1.0,0.9429524,-1.0,1.0,0.27437305,1.0,-0.9216662,1.0,-1.0,-1.0,1.0,3.0527,2.0933,-3.0527,2.0933,-3.0527,2.0933,6.283,-0.57,1.71,1.809,1.718,-0.51675093,1.71,1.7495849,-0.327,0.57,0.98219615,1.809,-0.24690369,1.4968,-0.20504288,-0.2897,1.81991
587,9.801999999999943,1.0,0.42361534,-0.47873893,1.0,-1.0,0.98417544,0.8676012,-1.0,1.0,1.0,1.0,-0.90695393,1.0,0.9423343,-1.0,1.0,0.27333665,1.0,-0.92224187,1.0,-1.0,-1.0,1.0,3.0527,2.0933,-3.0527,2.0933,-3.0527,2.0933,6.283,-0.57,1.71,1.809,1.718,-0.5169637,1.71,1.7489412,-0.327,0.57,0.98115665,1.809,-0.24749231,1.4968,-0.20504288,-0.2897,1.81991
588,9.819999999999949,1.0,0.4234147,-0.47914064,1.0,-1.0,0.9836595,0.8677636,-1.0,1.0,1.0,1.0,-0.90740514,1.0,0.94163024,-1.0,1.0,0.27231753,1.0,-0.9229222,1.0,-1.0,-1.0,1.0,3.0527,2.0933,-3.0527,2.0933,-3.0527,2.0933,6.283,-0.57,1.71,1.809,1.718,-0.5172209,1.71,1.7482079,-0.327,0.57,0.9801345,1.809,-0.24818794,1.4968,-0.20504288,-0.2897,1.81991
589,9.835999999999954,1.0,0.42331457,-0.47947863,1.0,-1.0,0.9832108,0.86778456,-1.0,1.0,1.0,1.0,-0.90781224,1.0,0.94095266,-1.0,1.0,0.27148557,1.0,-0.9235242,1.0,-1.0,-1.0,1.0,3.0527,2.0933,-3.0527,2.0933,-3.0527,2.0933,6.283,-0.57,1.71,1.809,1.718,-0.51745296,1.71,1.7475022,-0.327,0.57,0.9793,1.809,-0.2488035,1.4968,-0.20504288,-0.2897,1.81991
590,9.85199999999996,1.0,0.4231267,-0.4798473,1.0,-1.0,0.9828351,0.8678009,-1.0,1.0,1.0,1.0,-0.90814173,1.0,0.94040394,-1.0,1.0,0.2706201,1.0,-0.9240542,1.0,-1.0,-1.0,1.0,3.0527,2.0933,-3.0527,2.0933,-3.0527,2.0933,6.283,-0.57,1.71,1.809,1.718,-0.51764077,1.71,1.7469307,-0.327,0.57,0.97843194,1.809,-0.24934542,1.4968,-0.20504288,-0.2897,1.81991
591,9.869999999999965,1.0,0.42308688,-0.48020807,1.0,-1.0,0.98241395,0.86782295,-1.0,1.0,1.0,1.0,-0.9084574,1.0,0.9397876,-1.0,1.0,0.26978624,1.0,-0.92457956,1.0,-1.0,-1.0,1.0,3.0527,2.0933,-3.0527,2.0933,-3.0527,2.0933,6.283,-0.57,1.71,1.809,1.718,-0.5178207,1.71,1.7462888,-0.327,0.57,0.97759557,1.809,-0.2498826,1.4968,-0.20504288,-0.2897,1.81991
592,9.88599999999997,1.0,0.4231013,-0.48045906,1.0,-1.0,0.98190916,0.8679338,-1.0,1.0,1.0,1.0,-0.9088541,1.0,0.93907046,-1.0,1.0,0.26904964,1.0,-0.9252383,1.0,-1.0,-1.0,1.0,3.0527,2.0933,-3.0527,2.0933,-3.0527,2.0933,6.283,-0.57,1.71,1.809,1.718,-0.51804686,1.71,1.7455419,-0.327,0.57,0.97685677,1.809,-0.25055617,1.4968,-0.20504288,-0.2897,1.81991
593,9.901999999999976,1.0,0.42303407,-0.4807627,1.0,-1.0,0.9815864,0.86793965,-1.0,1.0,1.0,1.0,-0.9090806,1.0,0.9385351,-1.0,1.0,0.2683462,1.0,-0.9256454,1.0,-1.0,-1.0,1.0,3.0527,2.0933,-3.0527,2.0933,-3.0527,2.0933,6.283,-0.57,1.71,1.809,1.718,-0.51817596,1.71,1.7449843,-0.327,0.57,0.9761512,1.809,-0.25097242,1.4968,-0.20504288,-0.2897,1.81991
594,9.919999999999982,1.0,0.42308438,-0.48105755,1.0,-1.0,0.9811497,0.86804944,-1.0,1.0,1.0,1.0,-0.9093504,1.0,0.9379021,-1.0,1.0,0.26760173,1.0,-0.92616075,1.0,-1.0,-1.0,1.0,3.0527,2.0933,-3.0527,2.0933,-3.0527,2.0933,6.283,-0.57,1.71,1.809,1.718,-0.51832974,1.71,1.744325,-0.327,0.57,0.97540456,1.809,-0.25149935,1.4968,-0.20504288,-0.2897,1.81991
595,9.935999999999988,1.0,0.4231131,-0.48132494,1.0,-1.0,0.9806991,0.8682019,-1.0,1.0,1.0,1.0,-0.90964246,1.0,0.9372313,-1.0,1.0,0.26688564,1.0,-0.9267011,1.0,-1.0,-1.0,1.0,3.0527,2.0933,-3.0527,2.0933,-3.0527,2.0933,6.283,-0.57,1.71,1.809,1.718,-0.5184962,1.71,1.7436264,-0.327,0.57,0.9746863,1.809,-0.2520519,1.4968,-0.20504288,-0.2897,1.81991
596,9.951999999999993,1.0,0.4233153,-0.48154718,1.0,-1.0,0.9803038,0.86826235,-1.0,1.0,1.0,1.0,-0.90982914,1.0,0.93657684,-1.0,1.0,0.26635027,1.0,-0.92717606,1.0,-1.0,-1.0,1.0,3.0527,2.0933,-3.0527,2.0933,-3.0527,2.0933,6.283,-0.57,1.71,1.809,1.718,-0.5186026,1.71,1.7429448,-0.327,0.57,0.97414935,1.809,-0.25253752,1.4968,-0.20504288,-0.2897,1.81991
597,9.969999999999999,1.0,0.42328703,-0.48181435,1.0,-1.0,0.9799133,0.86841947,-1.0,1.0,1.0,1.0,-0.910076,1.0,0.9360125,-1.0,1.0,0.2655866,1.0,-0.92760795,1.0,-1.0,-1.0,1.0,3.0527,2.0933,-3.0527,2.0933,-3.0527,2.0933,6.283,-0.57,1.71,1.809,1.718,-0.51874334,1.71,1.742357,-0.327,0.57,0.97338337,1.809,-0.25297913,1.4968,-0.20504288,-0.2897,1.81991
598,9.986000000000004,1.0,0.42340517,-0.482087,1.0,-1.0,0.9794626,0.86859685,-1.0,1.0,1.0,1.0,-0.9102974,1.0,0.9353453,-1.0,1.0,0.2648667,1.0,-0.92811173,1.0,-1.0,-1.0,1.0,3.0527,2.0933,-3.0527,2.0933,-3.0527,2.0933,6.283,-0.57,1.71,1.809,1.718,-0.5188695,1.71,1.7416621,-0.327,0.57,0.9726613,1.809,-0.25349423,1.4968,-0.20504288,-0.2897,1.81991
599,10.00200000000001,1.0,0.42349875,-0.48236117,1.0,-1.0,0.97904146,0.86874145,-1.0,1.0,1.0,1.0,-0.91051924,1.0,0.9347025,-1.0,1.0,0.26415443,1.0,-0.92855686,1.0,-1.0,-1.0,1.0,3.0527,2.0933,-3.0527,2.0933,-3.0527,2.0933,6.283,-0.57,1.71,1.809,1.718,-0.51899594,1.71,1.7409927,-0.327,0.57,0.9719469,1.809,-0.25394937,1.4968,-0.20504288,-0.2897,1.81991
