step,sim_time,action_0,action_1,action_2,action_3,action_4,action_5,action_6,action_7,action_8,action_9,action_10,action_11,action_12,action_13,action_14,action_15,action_16,action_17,action_18,action_19,action_20,action_21,action_22,target_0,target_1,target_2,target_3,target_4,target_5,target_6,target_7,target_8,target_9,target_10,target_11,target_12,target_13,target_14,target_15,target_16,target_17,target_18,target_19,target_20,target_21,target_22
0,0.01667,1.0,1.0,-0.48074368,0.96834064,-1.0,-1.0,-0.6023393,1.0,-1.0,1.0,-1.0,1.0,-1.0,1.0,1.0,-1.0,0.9287731,1.0,1.0,-1.0,1.0,-0.2962665,-0.6215719,0.1667,0.5267,-0.08013997,1.5014224,-0.1667,1.2633,1.4703901,0.513,-0.2664,1.6281,-0.2943,0.513,-0.2664,1.6281,1.5462,-0.513,1.4747034,1.6281,1.5462,0.327213,1.017,0.3481508,0.11858802
1,0.03334,1.0,1.0,-1.0,1.0,0.14791897,-1.0,-0.6990475,0.55655,-1.0,1.0,-1.0,1.0,-1.0,0.2670712,1.0,-1.0,1.0,1.0,1.0,-1.0,1.0,-0.66635877,-0.41532567,0.3334,0.6934,-0.24683997,1.6681224,-0.1420419,1.0966,1.3538588,0.28551015,-0.2664,1.6281,-0.2943,0.513,-0.2664,0.94108915,1.5462,-0.513,1.539,1.6281,1.5462,0.327213,1.017,0.027941398,0.3118303
2,0.050010000000000006,1.0,1.0,-1.0,0.7570593,-0.9160759,-1.0,1.0,-0.30083537,-1.0,1.0,-1.0,1.0,-1.0,-0.05294245,1.0,-1.0,1.0,1.0,1.0,-1.0,1.0,-0.6291242,-0.6105086,0.5001,0.8601,-0.41353998,1.7943242,-0.29475176,0.9299,1.5205588,-0.15432854,-0.2664,1.6281,-0.2943,0.513,-0.2664,0.64112437,1.5462,-0.513,1.539,1.6281,1.5462,0.327213,1.017,0.060157284,0.12895375
3,0.06668,1.0,1.0,-1.0,0.9185634,-1.0,-1.0,1.0,-0.37210333,-1.0,1.0,-1.0,1.0,-1.0,0.025041105,1.0,-1.0,1.0,1.0,1.0,-1.0,1.0,-0.33539668,-0.6625217,0.6668,1.0268,-0.58023995,1.88397,-0.46145177,0.7632,1.6872588,-0.19088902,-0.2664,1.6281,-0.2943,0.513,-0.2664,0.71422225,1.5462,-0.513,1.539,1.6281,1.5462,0.327213,1.017,0.31429476,0.0802201
4,0.08335,1.0,1.0,-1.0,0.82013196,-0.8174294,-1.0,1.0,-0.86341953,-1.0,1.0,-1.0,1.0,-1.0,-0.27805105,1.0,-1.0,1.0,1.0,1.0,-1.0,1.0,-0.60990345,-0.77727807,0.8335,1.1935,-0.74693996,1.88397,-0.5977172,0.5965,1.8539588,-0.44293422,-0.2664,1.6281,-0.2943,0.513,-0.2664,0.43011886,1.5462,-0.513,1.539,1.6281,1.5462,0.327213,1.017,0.07678738,-0.027300796
5,0.10001999999999998,1.0,1.0,1.0,1.0,0.98236376,-1.0,1.0,-1.0,-1.0,1.0,-1.0,1.0,-1.0,-0.38311768,1.0,-1.0,1.0,1.0,1.0,-1.0,1.0,-0.6766731,-1.0,1.0002,1.3602,-0.58023995,1.88397,-0.4339572,0.4298,2.0206587,-0.513,-0.2664,1.6281,-0.2943,0.513,-0.2664,0.33163464,1.5462,-0.513,1.539,1.6281,1.5462,0.327213,1.017,0.019017272,-0.23598
6,0.11668999999999997,1.0,1.0,1.0,1.0,1.0,-1.0,0.76912075,-1.0,-1.0,1.0,-1.0,1.0,-1.0,-0.6375674,1.0,-1.0,1.0,1.0,1.0,-1.0,1.0,-0.7365423,-1.0,1.1669,1.5269,-0.41353998,1.88397,-0.2672572,0.2631,2.1488712,-0.513,-0.2664,1.6281,-0.2943,0.513,-0.2664,0.0931262,1.5462,-0.513,1.539,1.6281,1.5462,0.327213,1.017,-0.03278243,-0.23598
7,0.13335999999999998,0.17186779,1.0,1.0,1.0,1.0,-1.0,-1.0,-1.0,-1.0,1.0,-1.0,1.0,-1.0,-0.7974285,1.0,-1.0,1.0,1.0,1.0,-1.0,1.0,-0.6796626,-1.0,1.1955503,1.6936,-0.24683997,1.88397,-0.1005572,0.0964,1.9821713,-0.513,-0.2664,1.6281,-0.2943,0.513,-0.2664,-0.056719594,1.5462,-0.513,1.539,1.6281,1.5462,0.327213,1.017,0.016430736,-0.23598
8,0.15003,-0.8455433,1.0,1.0,1.0,1.0,-1.0,-1.0,-1.0,-1.0,1.0,-1.0,0.99666226,-1.0,-0.84956664,1.0,-1.0,1.0,1.0,1.0,-1.0,1.0,-0.5818635,-1.0,1.0545983,1.8603,-0.08013997,1.88397,0.0661428,-0.0703,1.8154713,-0.513,-0.2664,1.6281,-0.2943,0.51128775,-0.2664,-0.10559129,1.5462,-0.513,1.539,1.6281,1.5462,0.327213,1.017,0.101047955,-0.23598
9,0.16670000000000001,1.0,1.0,1.0,1.0,1.0,-1.0,0.20834373,-1.0,-1.0,1.0,-1.0,0.85417575,-1.0,-1.0,1.0,-1.0,1.0,1.0,1.0,-1.0,1.0,-0.7175055,-1.0,1.2212983,1.88397,0.086560026,1.88397,0.2328428,-0.237,1.8502022,-0.513,-0.2664,1.6281,-0.2943,0.43819216,-0.2664,-0.2466,1.5462,-0.513,1.539,1.6281,1.5462,0.327213,1.017,-0.016311534,-0.23598
10,0.18337000000000003,1.0,1.0,1.0,1.0,1.0,-1.0,-0.24918498,-1.0,-1.0,1.0,-1.0,0.84168845,-1.0,-1.0,1.0,-1.0,1.0,1.0,1.0,-1.0,1.0,-0.8284396,-1.0,1.3879983,1.88397,0.25326002,1.88397,0.3995428,-0.4037,1.808663,-0.513,-0.2664,1.6281,-0.2943,0.43178618,-0.2664,-0.2466,1.5462,-0.513,1.539,1.6281,1.5462,0.327213,1.017,-0.11229336,-0.23598
11,0.20004000000000005,-0.42690998,1.0,1.0,1.0,1.0,-1.0,0.01646656,-1.0,-1.0,1.0,-1.0,0.8059606,-1.0,-0.8814386,1.0,-1.0,0.95659447,1.0,1.0,-1.0,1.0,-0.7756068,-1.0,1.3168324,1.88397,0.41996002,1.88397,0.5662428,-0.5704,1.8114079,-0.513,-0.2664,1.6281,-0.2943,0.41345778,-0.2664,-0.13546649,1.5462,-0.513,1.4998178,1.6281,1.5462,0.327213,1.017,-0.066581644,-0.23598
12,0.21671000000000007,-1.0,1.0,1.0,1.0,1.0,-1.0,-1.0,-1.0,-1.0,1.0,-1.0,0.87549233,-1.0,-0.83970815,1.0,-1.0,0.813321,1.0,1.0,-1.0,1.0,-0.6626055,-1.0,1.1501324,1.88397,0.58666,1.88397,0.7329428,-0.7371,1.644708,-0.513,-0.2664,1.6281,-0.2943,0.44912755,-0.2664,-0.09635043,1.5462,-0.513,1.3704848,1.6281,1.5462,0.327213,1.017,0.031188762,-0.23598
13,0.2333800000000001,-1.0,1.0,1.0,1.0,1.0,-1.0,-1.0,-1.0,-1.0,1.0,-1.0,0.87826437,-1.0,-0.8073971,1.0,-1.0,1.0,1.0,1.0,-1.0,1.0,-0.69815326,-1.0,0.9834324,1.88397,0.75336003,1.88397,0.8996428,-0.9038,1.478008,-0.513,-0.2664,1.6281,-0.2943,0.45054963,-0.2664,-0.066063695,1.5462,-0.513,1.539,1.6281,1.5462,0.327213,1.017,0.00043232943,-0.23598
14,0.2500500000000001,-1.0,1.0,1.0,1.0,1.0,-1.0,-0.26290104,-1.0,-1.0,1.0,-1.0,1.0,-1.0,-0.83464605,1.0,-1.0,1.0,1.0,1.0,-1.0,1.0,-0.7026328,-1.0,0.8167324,1.88397,0.92006004,1.88397,1.0663428,-1.0705,1.4341824,-0.513,-0.2664,1.6281,-0.2943,0.513,-0.2664,-0.09160547,1.5462,-0.513,1.539,1.6281,1.5462,0.327213,1.017,-0.0034434248,-0.23598
15,0.26672000000000007,-0.71508604,1.0,0.82607424,1.0,1.0,-1.0,0.3550249,-1.0,-1.0,1.0,-1.0,1.0,-1.0,-0.8577625,1.0,-1.0,1.0,1.0,1.0,-1.0,1.0,-0.53918767,-0.9633362,0.6975275,1.88397,1.0577666,1.88397,1.2330428,-1.2372,1.493365,-0.513,-0.2664,1.6281,-0.2943,0.513,-0.2664,-0.113273695,1.5462,-0.513,1.539,1.6281,1.5462,0.327213,1.017,0.13797174,-0.2016279
16,0.28339000000000003,-0.4876595,1.0,-1.0,1.0,0.3397394,-1.0,-0.52438766,-0.8366507,-1.0,1.0,-1.0,1.0,-1.0,-0.64322376,1.0,-1.0,1.0,1.0,1.0,-1.0,1.0,-0.5662354,-0.76311344,0.6162347,1.88397,0.8910666,1.88397,1.2896774,-1.4039,1.4059496,-0.4292018,-0.2664,1.6281,-0.2943,0.513,-0.2664,0.0878242,1.5462,-0.513,1.539,1.6281,1.5462,0.327213,1.017,0.11456962,-0.014029255
17,0.30006,-0.773302,1.0,-1.0,1.0,0.45154604,-1.0,-1.0,-0.38105613,-1.0,1.0,-1.0,1.0,-1.0,-0.35170183,1.0,-1.0,1.0,1.0,1.0,-1.0,1.0,-0.52941203,-0.6575244,0.48732525,1.88397,0.7243666,1.88397,1.3649501,-1.5706,1.2392496,-0.19548179,-0.2664,1.6281,-0.2943,0.513,-0.2664,0.3610823,1.5462,-0.513,1.539,1.6281,1.5462,0.327213,1.017,0.14642976,0.08490234
18,0.31672999999999996,0.42711252,1.0,-1.0,1.0,-1.0,-0.68887043,1.0,0.46569294,-1.0,1.0,-1.0,1.0,-1.0,0.28226903,1.0,-1.0,1.0,1.0,1.0,-0.94382954,1.0,-0.18943036,-0.51067007,0.5585249,1.88397,0.5576666,1.88397,1.19825,-1.6854347,1.4059496,0.23890048,-0.2664,1.6281,-0.2943,0.513,-0.2664,0.9553349,1.5462,-0.513,1.539,1.6281,1.5462,0.3558573,1.017,0.440587,0.22249743
19,0.3333999999999999,-0.86380535,1.0,-1.0,1.0,-1.0,0.32759607,-0.72665983,0.43297642,-1.0,1.0,-1.0,1.0,-1.0,0.8144518,1.0,-1.0,1.0,1.0,1.0,-0.77695364,1.0,-0.18060958,-0.4727239,0.41452858,1.88397,0.3909666,1.88397,1.03155,-1.6308244,1.2848154,0.2221169,-0.2664,1.6281,-0.2943,0.513,-0.2664,1.4541764,1.5462,-0.513,1.539,1.6281,1.5462,0.44095626,1.017,0.44821888,0.25805107
20,0.3500699999999999,0.55974025,1.0,-1.0,1.0,0.3289638,-0.025674412,-1.0,0.69920635,-1.0,1.0,-1.0,1.0,-1.0,0.8620784,1.0,-1.0,1.0,1.0,1.0,-0.52128834,1.0,0.14413682,-0.19168334,0.5078373,1.88397,0.2242666,1.88397,1.0863883,-1.6351044,1.1181154,0.35869285,-0.2664,1.6281,-0.2943,0.513,-0.2664,1.4988192,1.5462,-0.513,1.539,1.6281,1.5462,0.5713337,1.017,0.72919434,0.5213719
21,0.36673999999999984,0.041380763,1.0,1.0,0.9980864,1.0,1.0,0.4697866,-1.0,1.0,1.0,-1.0,-1.0,-1.0,1.0,1.0,-1.0,1.0,1.0,0.16867799,0.45931932,-1.0,-0.5646108,1.0,0.51473546,1.88397,0.3909666,1.88397,1.2530884,-1.4684044,1.1964289,-0.513,1.539,1.6281,-0.2943,-0.513,-0.2664,1.6281,1.5462,-0.513,1.539,1.6281,0.7811759,1.071398,-0.1845386,0.11597528,1.637919
22,0.3834099999999998,0.1664711,1.0,-0.25000846,1.0,1.0,1.0,0.78189486,0.74347687,-1.0,1.0,-1.0,0.8546303,-0.68750083,1.0,1.0,-1.0,1.0,1.0,1.0,-0.9131099,1.0,0.0907294,-0.11333503,0.5424862,1.88397,0.3492902,1.88397,1.4197884,-1.3017044,1.3267707,0.38140363,-0.2664,1.6281,-0.2943,0.43842533,0.015692996,1.6281,1.5462,-0.513,1.539,1.6281,1.5462,0.3715229,1.017,0.6829854,0.5947803
23,0.40007999999999977,-1.0,1.0,1.0,1.0,1.0,1.0,-1.0,-0.001793012,0.31339958,1.0,-1.0,1.0,-1.0,0.47928384,1.0,-0.7293983,1.0,1.0,1.0,-0.6493094,1.0,0.025289204,-0.8579999,0.3757862,1.88397,0.5159902,1.88397,1.5864884,-1.1350044,1.1600707,-0.00091981515,0.9192058,1.6281,-0.2943,0.513,-0.2664,1.1400067,1.5462,-0.37418133,1.539,1.6281,1.5462,0.5060489,1.017,0.6263656,-0.102933094
24,0.41674999999999973,1.0,1.0,0.4683459,-0.5071423,-1.0,-1.0,0.63869387,-0.062077712,0.35505512,1.0,-1.0,1.0,-1.0,0.58213747,1.0,0.16731182,1.0,1.0,1.0,-0.4826004,1.0,0.058536623,-0.5977665,0.5424862,1.88397,0.59406346,1.7994294,1.4197884,-1.3017044,1.266541,-0.031845868,0.95680827,1.6281,-0.2943,0.513,-0.2664,1.2364166,1.5462,0.085830964,1.539,1.6281,1.5462,0.5910627,1.017,0.65513176,0.14089246
25,0.4334199999999997,1.0,1.0,-1.0,-1.0,-1.0,-1.0,1.0,0.27501124,-0.009739738,1.0,-1.0,1.0,-0.9732102,0.7671196,1.0,0.3995645,1.0,1.0,1.0,-0.5063842,1.0,0.30069578,-0.51299757,0.7091862,1.88397,0.42736346,1.6327294,1.2530884,-1.4684044,1.433241,0.14108077,0.6275079,1.6281,-0.2943,0.513,-0.24221686,1.4098096,1.5462,0.20497659,1.539,1.6281,1.5462,0.57893413,1.017,0.8646515,0.22031668
26,0.45008999999999966,1.0,1.0,-1.0,-1.0,-1.0,-1.0,-0.2767589,0.15286237,0.21193309,1.0,-1.0,1.0,-0.67806536,0.6755146,1.0,0.7011176,1.0,1.0,1.0,-0.5711317,1.0,0.48747882,-0.8155661,0.87588614,1.88397,0.26066345,1.4660294,1.0863883,-1.6351044,1.3871052,0.0784184,0.827612,1.6281,-0.2943,0.513,0.024210399,1.3239436,1.5462,0.35967332,1.539,1.6281,1.5462,0.5459159,1.017,1.026259,-0.06317477
27,0.4667599999999996,1.0,1.0,-1.0,-1.0,-1.0,-1.0,-1.0,0.21450451,0.25665247,1.0,-1.0,1.0,-0.72469836,0.8743299,1.0,0.30239496,1.0,1.0,1.0,-0.37276623,1.0,0.48985425,-0.5504187,1.0425862,1.88397,0.09396346,1.2993294,0.91968834,-1.8018043,1.2204052,0.11004081,0.8679802,1.6281,-0.2943,0.513,-0.017885214,1.5103031,1.5462,0.15512861,1.539,1.6281,1.5462,0.64707303,1.017,1.0283142,0.18525499
28,0.4834299999999996,-0.17071871,1.0,-1.0,0.13739,1.0,-0.1836713,-1.0,0.16564026,0.4466898,1.0,-1.0,1.0,-1.0,0.84617823,1.0,-0.04367603,1.0,1.0,1.0,-0.16261534,1.0,0.50205946,-0.47129017,1.0141274,1.88397,-0.07273654,1.3222322,1.0863883,-1.8324224,1.0537052,0.084973454,1.0395269,1.6281,-0.2943,0.513,-0.2664,1.4839152,1.5462,-0.022405803,1.539,1.6281,1.5462,0.7542402,1.017,1.0388744,0.2593944
29,0.5000999999999995,-1.0,1.0,-1.0,0.75584936,1.0,1.0,-0.71793467,-0.067579105,0.3614326,1.0,-1.0,1.0,-1.0,0.983354,1.0,-0.28020194,1.0,1.0,1.0,0.036990266,1.0,0.71253586,-0.33208942,0.84742737,1.88397,-0.23943654,1.4482324,1.2530884,-1.6657224,0.9340256,-0.03466808,0.96256524,1.6281,-0.2943,0.513,-0.2664,1.6124969,1.5462,-0.14374359,1.539,1.6281,1.5462,0.8560298,1.017,1.2209817,0.3898185
30,0.5167699999999995,-1.0,1.0,1.0,1.0,1.0,0.14379278,1.0,-0.0054038204,-1.0,1.0,-1.0,0.67734414,-1.0,0.5982053,1.0,-0.9675146,1.0,1.0,1.0,-0.4622097,1.0,0.30627397,-0.5333371,0.68072736,1.88397,-0.07273654,1.6149324,1.4197884,-1.6417521,1.1007255,-0.0027721599,-0.2664,1.6281,-0.2943,0.34747756,-0.2664,1.2514777,1.5462,-0.49633497,1.539,1.6281,1.5462,0.60146105,1.017,0.8694778,0.20125955
31,0.5334399999999995,-1.0,0.9471442,1.0,1.0,1.0,-0.5102666,0.05121941,-0.24579066,-0.56394845,1.0,-1.0,0.21248904,-1.0,0.5538033,1.0,-0.7022639,1.0,1.0,1.0,-0.5897824,1.0,0.15160817,-0.5880771,0.51402736,1.88397,0.09396346,1.7816324,1.5864884,-1.7268136,1.1092639,-0.12609062,0.12722373,1.6281,-0.2943,0.109006874,-0.2664,1.2098576,1.5462,-0.36026138,1.539,1.6281,1.5462,0.5364049,1.017,0.73565865,0.14997093
32,0.5501099999999994,-0.39288956,0.76175386,1.0,1.0,1.0,-0.080650724,-0.96621865,0.004092131,0.03543048,1.0,-1.0,0.5010861,-1.0,0.70671535,1.0,-0.24745551,1.0,1.0,1.0,-0.40073368,1.0,0.20111918,-0.50756896,0.44853267,1.88397,0.26066345,1.88397,1.7531884,-1.740258,0.9481952,0.002099263,0.6682831,1.6281,-0.2943,0.2570572,-0.2664,1.3531896,1.5462,-0.12694468,1.539,1.6281,1.5462,0.63281095,1.017,0.7784963,0.22540303
33,0.5667799999999994,1.0,1.0,1.0,-1.0,-1.0,1.0,1.0,0.18364954,-0.6000295,1.0,-1.0,0.2883321,-0.8572983,0.81803393,1.0,-0.07181817,1.0,1.0,1.0,-0.72519594,1.0,0.36920565,-0.5877536,0.61523265,1.88397,0.42736346,1.71727,1.5864884,-1.573558,1.1148952,0.09421221,0.094653346,1.6281,-0.2943,0.14791436,-0.13758318,1.4575341,1.5462,-0.036842722,1.539,1.6281,1.5462,0.4673503,1.017,0.92392725,0.15027407
34,0.5834499999999994,1.0,1.0,1.0,-1.0,-1.0,0.33926263,1.0,0.27697828,-0.8991644,1.0,-1.0,0.39296508,-0.7592007,0.6910212,1.0,-0.21451992,1.0,1.0,1.0,-0.65360683,1.0,0.47575995,-0.48388347,0.78193265,1.88397,0.59406346,1.55057,1.4197884,-1.5170029,1.2815952,0.14208986,-0.17537569,1.6281,-0.2943,0.20159109,-0.049030464,1.3384787,1.5462,-0.11004872,1.539,1.6281,1.5462,0.50385743,1.017,1.0161196,0.24759513
35,0.6001199999999993,0.41203308,1.0,-1.0,-1.0,-0.29911345,0.17700258,1.0,-0.21919656,0.17715625,1.0,-1.0,0.88184065,-1.0,1.0,1.0,0.16557698,1.0,1.0,1.0,0.36181325,1.0,0.6917686,-0.108355984,0.8506186,1.88397,0.42736346,1.38387,1.3699261,-1.4874966,1.4482952,-0.112447836,0.79621893,1.6281,-0.2943,0.45238426,-0.2664,1.6281,1.5462,0.08494099,1.539,1.6281,1.5462,1.0216744,1.017,1.2030135,0.5994454
36,0.6167899999999993,1.0,1.0,-1.0,-0.11186269,-0.6443184,-0.637977,-0.7351808,0.087871894,0.23792098,1.0,-1.0,1.0,-1.0,1.0,1.0,-0.033859115,1.0,1.0,1.0,0.20582238,1.0,0.9148671,-0.15533163,1.0173186,1.88397,0.26066345,1.3652225,1.2625183,-1.5938474,1.3257406,0.04507828,0.8510713,1.6281,-0.2943,0.513,-0.2664,1.6281,1.5462,-0.017369727,1.539,1.6281,1.5462,0.94212633,1.017,1.3960418,0.5554316
37,0.6334599999999992,0.42343885,1.0,-0.84129775,0.8951313,1.0,-0.21031797,-1.0,0.31037062,0.091349885,1.0,-1.0,1.0,-1.0,1.0,1.0,-0.13589007,1.0,1.0,1.0,0.02316619,1.0,0.7906135,-0.24591981,1.0879059,1.88397,0.12041912,1.5144409,1.4292183,-1.6289074,1.1590406,0.15922013,0.71876156,1.6281,-0.2943,0.513,-0.2664,1.6281,1.5462,-0.0697116,1.539,1.6281,1.5462,0.8489802,1.017,1.2885356,0.47055507
38,0.6501299999999992,1.0,-0.48300406,1.0,1.0,1.0,-1.0,-1.0,0.2665142,0.10319196,1.0,-1.0,0.9225676,-1.0,1.0,1.0,-0.027551282,1.0,1.0,1.0,0.22106464,1.0,0.21445127,-0.43616104,1.2546059,1.8034532,0.28711912,1.6811409,1.5959183,-1.7956074,0.99234056,0.13672179,0.72945136,1.6281,-0.2943,0.47327718,-0.2664,1.6281,1.5462,-0.014133808,1.539,1.6281,1.5462,0.9498992,1.017,0.79003143,0.29230863
39,0.6667999999999992,1.0,0.26436323,1.0,-0.7007338,0.6867164,-1.0,1.0,0.2867185,-0.4203165,1.0,-1.0,0.6988567,-0.9685879,1.0,1.0,-0.09104666,1.0,1.0,1.0,0.41937143,1.0,0.6639655,-0.6167668,1.4213059,1.8475226,0.45381913,1.5643286,1.7103939,-1.88397,1.1590406,0.14708659,0.2568803,1.6281,-0.2943,0.3585135,-0.23804428,1.6281,1.5462,-0.046706937,1.539,1.6281,1.5462,1.0510265,1.017,1.1789579,0.12309015
40,0.6834699999999991,1.0,-1.0,1.0,-0.34379005,-1.0,-0.9341538,1.0,-0.0040605217,-1.0,1.0,-1.0,0.27565747,-0.8824948,1.0,1.0,-0.63775724,1.0,1.0,1.0,0.28601214,1.0,1.0,-0.71475357,1.5880059,1.6808226,0.6205191,1.5070188,1.5436939,-1.88397,1.3257406,-0.0020830478,-0.2664,1.6281,-0.2943,0.14141229,-0.16032806,1.6281,1.5462,-0.32716948,1.539,1.6281,1.5462,0.9830194,1.017,1.4697,0.0312815
41,0.7001399999999991,1.0,-1.0,0.36360946,-1.0,-1.0,-0.8145205,1.0,0.099249616,-1.0,1.0,-1.0,0.24557117,-0.7153445,1.0,1.0,-0.38090786,1.0,1.0,1.0,-0.69353527,1.0,0.56960195,-0.4870691,1.7547058,1.5141226,0.6811328,1.3403188,1.3769939,-1.88397,1.4924406,0.050915055,-0.2664,1.6281,-0.2943,0.12597801,-0.00944147,1.6281,1.5462,-0.19540574,1.539,1.6281,1.5462,0.48349577,1.017,1.0973132,0.24461035
42,0.7168099999999991,1.0,-1.0,1.0,-1.0,-1.0,1.0,0.75651234,-0.20785667,0.15411498,1.0,-1.0,0.16251037,-1.0,1.0,1.0,0.52265614,1.0,1.0,1.0,-0.14080274,1.0,1.0,0.2770951,1.9214058,1.3474226,0.8478328,1.1736188,1.2102939,-1.71727,1.6185511,-0.106630474,0.7754196,1.6281,-0.2943,0.08336782,-0.2664,1.6281,1.5462,0.2681226,1.539,1.6281,1.5462,0.76536363,1.017,1.4697,0.96059364
43,0.733479999999999,0.14977041,-0.65325075,-0.5011715,-1.0,-0.052628465,1.0,-1.0,0.023024222,-1.0,1.0,-1.0,0.9338175,-1.0,1.0,1.0,-0.2167095,1.0,1.0,1.0,-0.12255792,1.0,0.42668098,0.3680777,1.9463726,1.2385256,0.76428753,1.0069188,1.2015207,-1.55057,1.4518511,0.011811426,-0.2664,1.6281,-0.2943,0.47904837,-0.2664,1.6281,1.5462,-0.11117197,1.539,1.6281,1.5462,0.7746677,1.017,0.97365576,1.0458397
44,0.750149999999999,-0.076828495,1.0,-1.0,-1.0,1.0,1.0,-0.3892349,-0.20847662,-1.0,1.0,-1.0,0.81318146,-1.0,1.0,1.0,-0.07146309,1.0,1.0,1.0,0.09474069,1.0,0.28583533,0.4817602,1.9335653,1.4052256,0.5975875,0.8402187,1.3682207,-1.38387,1.3869658,-0.1069485,-0.2664,1.6281,-0.2943,0.4171621,-0.2664,1.6281,1.5462,-0.036660567,1.539,1.6281,1.5462,0.88547987,1.017,0.851794,1.1523545
45,0.766819999999999,-0.11970654,1.0,-1.0,-1.0,0.6288773,1.0,0.5178409,-0.27648532,-1.0,1.0,-1.0,0.6354923,-1.0,1.0,1.0,0.10537164,1.0,1.0,1.0,-0.41552365,1.0,0.052764546,0.47937217,1.9136102,1.5719256,0.43088752,0.6735188,1.4730545,-1.21717,1.4732897,-0.14183697,-0.2664,1.6281,-0.2943,0.32600757,-0.2664,1.6281,1.5462,0.05405565,1.539,1.6281,1.5462,0.62526876,1.017,0.65013766,1.150117
46,0.7834899999999989,-0.4177413,1.0,-1.0,-0.31500435,0.6291964,-0.067433365,-0.119766526,-0.5097923,-1.0,1.0,-1.0,0.5579454,-1.0,1.0,1.0,-0.11535022,1.0,1.0,1.0,-0.7652983,1.0,0.120827064,0.4697628,1.8439727,1.7386256,0.2641875,0.6210075,1.5779415,-1.2284112,1.4533247,-0.26152346,-0.2664,1.6281,-0.2943,0.28622597,-0.2664,1.6281,1.5462,-0.05917466,1.539,1.6281,1.5462,0.44689995,1.017,0.7090264,1.1411135
47,0.8001599999999989,-0.73540026,1.0,-1.0,0.27792206,0.6585238,-1.0,-0.5644737,-0.6296407,-1.0,1.0,-1.0,0.47897112,-1.0,1.0,1.0,-0.32959387,1.0,1.0,1.0,-1.0,1.0,0.025810014,0.37310395,1.7213814,1.88397,0.097487524,0.6673371,1.6877176,-1.3951111,1.359227,-0.32300568,-0.2664,1.6281,-0.2943,0.24571219,-0.2664,1.6281,1.5462,-0.16908166,1.539,1.6281,1.5462,0.327213,1.017,0.6268162,1.050549
48,0.8168299999999988,-0.66176707,1.0,-1.0,0.49762046,1.0,-1.0,-0.79850453,-0.74266875,-1.0,1.0,-1.0,0.4112395,-1.0,1.0,1.0,-0.3590015,1.0,1.0,1.0,-1.0,1.0,0.25622523,0.18099923,1.6110649,1.88397,-0.069212474,0.75029045,1.8544176,-1.5618111,1.2261162,-0.38098907,-0.2664,1.6281,-0.2943,0.21096587,-0.2664,1.6281,1.5462,-0.18416776,1.539,1.6281,1.5462,0.327213,1.017,0.8261749,0.87055665
49,0.8334999999999988,0.14769942,1.0,0.3886928,0.4998783,1.0,0.002834348,-1.0,-1.0,1.0,1.0,-1.0,-0.3887984,-1.0,1.0,1.0,-0.561791,1.0,1.0,1.0,-0.17257313,0.4320983,0.97341645,-0.77725196,1.6356864,1.88397,-0.004417384,0.8336202,2.0211174,-1.5613387,1.0594163,-0.513,1.539,1.6281,-0.2943,-0.19945358,-0.2664,1.6281,1.5462,-0.2881988,1.539,1.6281,1.5462,0.7491622,0.6758221,1.4466995,-0.027276333
50,0.8501699999999988,0.11282283,1.0,-0.29077315,0.90807456,1.0,-0.6837679,-0.95724326,-1.0,0.6412845,1.0,-1.0,-0.20672706,-1.0,1.0,1.0,-0.68465644,1.0,1.0,1.0,-0.9266974,0.716047,0.6808363,-0.36752838,1.6544939,1.88397,-0.05288927,0.9849962,2.1878176,-1.6753228,0.8998438,-0.513,1.2151875,1.6281,-0.2943,-0.10605098,-0.2664,1.6281,1.5462,-0.35122874,1.539,1.6281,1.5462,0.36459392,0.84640974,1.1935548,0.35661396
51,0.8668399999999987,0.28920466,1.0,-0.6144859,0.9437453,0.7991746,-1.0,-0.9308298,-0.9159032,-0.20592268,1.0,-1.0,0.16289291,-1.0,1.0,1.0,-0.80713445,1.0,1.0,1.0,-1.0,0.9558857,0.45331833,-0.16337876,1.7027044,1.88397,-0.15532407,1.1423186,2.32104,-1.8420228,0.74467444,-0.46985835,0.45041358,1.6281,-0.2943,0.083564065,-0.2664,1.6281,1.5462,-0.41405997,1.539,1.6281,1.5462,0.327213,0.99049747,0.9967028,0.54789186
52,0.8835099999999987,0.38007474,1.0,-0.57818806,0.8695256,0.8321696,-1.0,-0.95408946,-0.94079435,-0.03980483,1.0,-1.0,0.17736715,-1.0,1.0,1.0,-0.7640045,1.0,1.0,1.0,-1.0,0.98983794,0.5529403,-0.11986266,1.7660629,1.88397,-0.25170803,1.2872685,2.4597626,-1.88397,0.58562773,-0.4826275,0.6003682,1.6281,-0.2943,0.09098935,-0.2664,1.6281,1.5462,-0.39193434,1.539,1.6281,1.5462,0.327213,1.0108949,1.0828973,0.58866423
53,0.9001799999999986,0.4393862,1.0,-0.33341253,0.7398447,0.9820991,-0.8106796,-1.0,-1.0,0.63280755,1.0,-1.0,0.043059956,-1.0,1.0,1.0,-0.65073866,1.0,1.0,1.0,-0.8731313,0.953412,0.8301465,-0.14278662,1.8393085,1.88397,-0.3072879,1.4106005,2.6234784,-1.88397,0.41892773,-0.513,1.2075354,1.6281,-0.2943,0.022089757,-0.2664,1.6281,1.5462,-0.33382893,1.539,1.6281,1.5462,0.39191014,0.98901135,1.3227402,0.56718564
54,0.9168499999999986,0.4480787,1.0,-0.07341768,0.66471714,1.0,-0.5986371,-1.0,-1.0,1.0,1.0,-1.0,-0.07513403,-1.0,1.0,1.0,-0.52732587,1.0,1.0,1.0,-0.68563545,0.9529978,1.0,-0.16708279,1.9140033,1.88397,-0.3195266,1.5214089,2.74743,-1.88397,0.25222775,-0.513,1.539,1.6281,-0.2943,-0.038543757,-0.2664,1.6281,1.5462,-0.27051818,1.539,1.6281,1.5462,0.4875243,0.9887625,1.4697,0.5444214
55,0.9335199999999986,0.61807597,1.0,0.12967098,0.59407836,1.0,-0.2755827,-0.8889298,-1.0,1.0,1.0,-1.0,-0.37084553,-1.0,1.0,1.0,-0.24385652,1.0,1.0,1.0,-0.44932717,0.99172366,1.0,-0.09755303,2.0170364,1.88397,-0.29791045,1.6204418,2.74743,-1.88397,0.10404314,-0.513,1.539,1.6281,-0.2943,-0.19024375,-0.2664,1.6281,1.5462,-0.12509839,1.539,1.6281,1.5462,0.60803056,1.0120279,1.4697,0.6095672
56,0.9501899999999985,0.9930248,1.0,0.29980648,0.4407441,1.0,0.15437838,-0.49519247,-1.0,1.0,1.0,-1.0,-0.862609,-1.0,1.0,1.0,0.15884888,1.0,1.0,1.0,-0.06074513,1.0,1.0,0.08999568,2.1825738,1.88397,-0.24793273,1.6939138,2.74743,-1.8582351,0.02149456,-0.513,1.539,1.6281,-0.2943,-0.44251844,-0.2664,1.6281,1.5462,0.08148947,1.539,1.6281,1.5462,0.8061893,1.017,1.4697,0.7852909
57,0.9668599999999985,1.0,1.0,0.70445085,0.24239832,1.0,0.83539546,0.049348347,-1.0,1.0,1.0,-1.0,-1.0,-1.0,1.0,1.0,0.44224325,1.0,1.0,1.0,0.3248919,1.0,1.0,0.21083497,2.3492737,1.88397,-0.13050076,1.7343216,2.74743,-1.7189747,0.029720929,-0.513,1.539,1.6281,-0.2943,-0.513,-0.2664,1.6281,1.5462,0.22687079,1.539,1.6281,1.5462,1.0028462,1.017,1.4697,0.89851123
58,0.9835299999999985,1.0,1.0,1.0,-0.4329521,0.9572631,1.0,0.72614557,-1.0,1.0,1.0,-1.0,-0.93974185,-0.91157883,1.0,1.0,0.73485893,1.0,1.0,1.0,0.6974701,1.0,1.0,0.2640933,2.5159738,1.88397,0.03619923,1.6621485,2.74743,-1.5522747,0.1507694,-0.513,1.539,1.6281,-0.2943,-0.48208758,-0.18658221,1.6281,1.5462,0.37698263,1.539,1.6281,1.5462,1.1928438,1.017,1.4697,0.9484116
59,1.0001999999999984,1.0,1.0,0.87709296,-0.92966527,0.73959553,1.0,0.9497232,-1.0,1.0,1.0,-1.0,-0.70334995,-1.0,1.0,1.0,0.85050493,1.0,1.0,1.0,0.8032665,1.0,1.0,0.3257396,2.6826737,1.88397,0.18241063,1.5071733,2.74743,-1.3855747,0.30908826,-0.513,1.539,1.6281,-0.2943,-0.36081854,-0.2664,1.6281,1.5462,0.43630904,1.539,1.6281,1.5462,1.246795,1.017,1.4697,1.0061711
60,1.0168699999999984,1.0,1.0,0.30071506,-1.0,0.8036149,1.0,0.69831437,-1.0,0.7403112,1.0,-1.0,-0.40836847,-1.0,1.0,1.0,0.63110644,1.0,1.0,1.0,0.603257,1.0,1.0,0.41303578,2.74743,1.88397,0.23253983,1.3404733,2.74743,-1.2188747,0.42549726,-0.513,1.3045789,1.6281,-0.2943,-0.20949303,-0.2664,1.6281,1.5462,0.3237576,1.539,1.6281,1.5462,1.1447995,1.017,1.4697,1.0879632
61,1.0335399999999983,0.3281942,1.0,-0.4472315,-1.0,0.8394518,1.0,0.20290446,-1.0,0.47238478,1.0,-1.0,-0.103047244,-1.0,1.0,1.0,0.41227242,1.0,1.0,1.0,0.19944948,1.0,1.0,0.43164492,2.74743,1.88397,0.15798634,1.1737733,2.74743,-1.0521747,0.45932144,-0.513,1.0627217,1.6281,-0.2943,-0.052863237,-0.2664,1.6281,1.5462,0.21149576,1.539,1.6281,1.5462,0.93887645,1.017,1.4697,1.105399
62,1.0502099999999983,-0.0047218204,1.0,-1.0,-0.7025162,1.0,-0.045604594,-0.35735944,-1.0,0.4846916,1.0,-1.0,0.07260059,-1.0,1.0,1.0,0.17406297,1.0,1.0,1.0,0.06104252,1.0,1.0,0.42626974,2.7466428,1.88397,-0.0087136645,1.0566639,2.74743,-1.059777,0.3997496,-0.513,1.0738311,1.6281,-0.2943,0.0372441,-0.2664,1.6281,1.5462,0.0892943,1.539,1.6281,1.5462,0.8682954,1.017,1.4697,1.1003628
63,1.0668799999999983,-0.24205811,1.0,-1.0,-0.48166925,1.0,-0.6980797,-0.7123068,-1.0,0.5682015,1.0,-1.0,-0.019519575,-1.0,1.0,1.0,0.21186984,1.0,1.0,1.0,0.048983242,0.9886419,1.0,0.48734558,2.7062917,1.88397,-0.17541367,0.9763696,2.74743,-1.1761469,0.28100806,-0.513,1.1492155,1.6281,-0.2943,-0.010013542,-0.2664,1.6281,1.5462,0.108689226,1.539,1.6281,1.5462,0.86214566,1.0101764,1.4697,1.1575876
64,1.0835499999999982,-0.35651773,1.0,-1.0,-0.15114926,1.0,-0.36766574,-0.9237675,-1.0,0.9250217,1.0,-1.0,0.15225574,-1.0,1.0,1.0,0.20620836,1.0,1.0,1.0,0.114992455,1.0,1.0,0.31873307,2.6468604,1.88397,-0.34211367,0.951173,2.74743,-1.2374368,0.12701602,-0.513,1.471317,1.6281,-0.2943,0.07810719,-0.2664,1.6281,1.5462,0.10578489,1.539,1.6281,1.5462,0.8958073,1.017,1.4697,0.9996063
65,1.1002199999999982,-0.21760394,1.0,-0.73244095,0.11785531,1.0,-0.15490368,-0.98250514,-1.0,1.0,1.0,-1.0,0.1304372,-1.0,1.0,1.0,0.053489704,1.0,1.0,1.0,0.23053214,1.0,1.0,0.23330517,2.6105857,1.88397,-0.46421158,0.9708195,2.74743,-1.2632592,-0.036767583,-0.513,1.539,1.6281,-0.2943,0.06691428,-0.2664,1.6281,1.5462,0.027440218,1.539,1.6281,1.5462,0.9547272,1.017,1.4697,0.91956466
66,1.1168899999999982,-1.0,1.0,-0.7257078,0.34066284,1.0,-0.48807225,-0.14276342,-1.0,0.7839251,1.0,-1.0,0.2514377,-1.0,1.0,1.0,-0.05018178,1.0,1.0,1.0,0.08552272,1.0,1.0,0.284139,2.4438858,1.88397,-0.5851871,1.027608,2.74743,-1.3446208,-0.060566247,-0.513,1.3439492,1.6281,-0.2943,0.12898754,-0.2664,1.6281,1.5462,-0.025743254,1.539,1.6281,1.5462,0.8807791,1.017,1.4697,0.9671934
67,1.1335599999999981,-1.0,1.0,-1.0,0.4864316,1.0,-0.665717,-0.30990934,-1.0,0.8462209,1.0,-1.0,0.31830135,-1.0,1.0,1.0,0.044587117,1.0,1.0,1.0,0.09906303,1.0,1.0,0.34055892,2.2771857,1.88397,-0.7518871,1.1086961,2.74743,-1.4555959,-0.11222813,-0.513,1.4001836,1.6281,-0.2943,0.1632886,-0.2664,1.6281,1.5462,0.022873191,1.539,1.6281,1.5462,0.88768405,1.017,1.4697,1.020056
68,1.150229999999998,-1.0,1.0,-1.0,0.7719427,1.0,-0.7320446,-0.50942254,-1.0,0.93806297,1.0,-1.0,-0.096697055,-1.0,1.0,1.0,-0.2131286,1.0,1.0,1.0,0.4513414,0.7213911,1.0,0.00846976,2.1104858,1.88397,-0.9185871,1.237379,2.74743,-1.5776277,-0.19714887,-0.513,1.4830894,1.6281,-0.2943,-0.04960559,-0.2664,1.6281,1.5462,-0.10933497,1.539,1.6281,1.5462,1.0673296,0.84962034,1.4697,0.7089052
69,1.166899999999998,-1.0,1.0,-1.0,1.0,1.0,-0.32967073,-0.3409354,-1.0,0.8795698,1.0,-1.0,-0.37657583,-1.0,1.0,1.0,-0.47460982,1.0,1.0,1.0,0.8974706,-0.046651386,0.7917793,-0.9790811,1.9437857,1.88397,-1.0852871,1.404079,2.74743,-1.6325839,-0.2539828,-0.513,1.4302877,1.6281,-0.2943,-0.19318339,-0.2664,1.6281,1.5462,-0.24347484,1.539,1.6281,1.5462,1.2948347,0.38820398,1.2895443,-0.21638004
70,1.183569999999998,-1.0,1.0,0.09241874,1.0,1.0,0.0024118852,-0.2115088,-1.0,0.48159304,1.0,-0.83795446,-0.33700958,-1.0,1.0,0.88558805,-0.86975926,1.0,1.0,1.0,1.0,-0.73845863,0.22596796,-1.0,1.7770857,1.88397,-1.0698808,1.570779,2.74743,-1.6321818,-0.2892413,-0.513,1.0710341,1.6281,-0.14517759,-0.17288591,-0.2664,1.6281,1.4409124,-0.4461865,1.539,1.6281,1.5462,1.34712,-0.027412577,0.79999584,-0.23598
71,1.200239999999998,-1.0,1.0,0.90354735,1.0,1.0,-0.03804978,-0.33765423,-1.0,0.037692893,1.0,-0.4829053,-0.34482706,-1.0,1.0,0.38395482,-1.0,1.0,1.0,1.0,0.96027154,-1.0,-0.33986765,-1.0,1.6103857,1.88397,-0.91925955,1.737479,2.74743,-1.6385247,-0.34552827,-0.513,0.6703254,1.6281,0.1815564,-0.17689627,-0.2664,1.6281,0.9792844,-0.513,1.539,1.6281,1.5462,1.3268603,-0.1845386,0.3104264,-0.23598
72,1.216909999999998,-1.0,1.0,1.0,1.0,1.0,-0.39925492,-0.70140594,-1.0,-0.3088204,1.0,-0.54672545,-0.34158802,-0.65409803,1.0,0.05888999,-1.0,1.0,1.0,1.0,0.45272952,-1.0,-0.6542843,-1.0,1.4436857,1.88397,-0.75255954,1.88397,2.74743,-1.7050804,-0.46245265,-0.513,0.35752782,1.6281,0.122825906,-0.17523466,0.045845706,1.6281,0.68014354,-0.513,1.539,1.6281,1.5462,1.0680375,-0.1845386,0.038388412,-0.23598
73,1.233579999999998,-1.0,1.0,1.0,1.0,1.0,-0.71759945,-1.0,-1.0,-0.32345834,1.0,-0.7497338,-0.48999953,-0.32262325,1.0,-0.25532514,-1.0,1.0,1.0,1.0,-0.20576304,-1.0,-0.88132274,-1.0,1.2769856,1.88397,-0.58585954,1.88397,2.74743,-1.8247043,-0.62915266,-0.513,0.34431416,1.6281,-0.06399254,-0.25136977,0.34506798,1.6281,0.39098704,-0.513,1.539,1.6281,1.5462,0.7322369,-0.1845386,-0.15804866,-0.23598
74,1.2502499999999979,-0.99947274,1.0,1.0,1.0,1.0,-0.51049125,-1.0,-1.0,1.0,1.0,-0.9332194,-0.68267024,-0.03294575,1.0,-0.5455157,-1.0,1.0,1.0,1.0,-0.45655876,-0.5937122,-0.73247325,-1.0,1.1103736,1.88397,-0.41915953,1.88397,2.74743,-1.88397,-0.79585266,-0.513,1.539,1.6281,-0.23284513,-0.35020983,0.6065599,1.6281,0.123939164,-0.513,1.539,1.6281,1.5462,0.60434276,0.05954663,-0.029261846,-0.23598
75,1.2669199999999978,-0.46963525,1.0,1.0,1.0,1.0,-0.14102262,-0.27165836,-1.0,1.0,1.0,-1.0,-0.68447393,0.33282685,1.0,-0.34068847,-1.0,1.0,1.0,1.0,-0.505266,0.13232619,-0.47640103,-1.0,1.0320854,1.88397,-0.25245953,1.88397,2.74743,-1.88397,-0.8411381,-0.513,1.539,1.6281,-0.2943,-0.35113513,0.9367428,1.6281,0.31243142,-0.513,1.539,1.6281,1.5462,0.5795043,0.4957282,0.19229569,-0.23598
76,1.2835899999999978,-0.8949205,1.0,1.0,1.0,1.0,1.0,1.0,-0.88209224,1.0,1.0,-1.0,-0.7550365,1.0,0.6144241,0.08900138,-1.0,1.0,1.0,1.0,-0.40607965,0.5328694,-0.48047137,-1.0,0.88290215,1.88397,-0.08575952,1.88397,2.74743,-1.71727,-0.6744381,-0.4525133,1.539,1.6281,-0.2943,-0.38733372,1.539,1.2666805,0.7078535,-0.513,1.539,1.6281,1.5462,0.63008475,0.7363623,0.18877396,-0.23598
77,1.3002599999999978,-1.0,1.0,1.0,1.0,1.0,1.0,1.0,-0.3494771,1.0,1.0,-1.0,-0.80987316,1.0,0.29454783,-0.01779522,-1.0,1.0,1.0,1.0,-0.024228305,0.38605496,-0.5958427,-1.0,0.71620214,1.88397,0.08094048,1.88397,2.74743,-1.55057,-0.5077381,-0.17928176,1.539,1.6281,-0.2943,-0.41546494,1.539,0.9668444,0.60957396,-0.513,1.539,1.6281,1.5462,0.8248112,0.6481607,0.08895294,-0.23598
78,1.3169299999999977,-1.0,1.0,1.0,1.0,1.0,1.0,1.0,0.009493638,1.0,1.0,-1.0,-0.32534817,1.0,0.50376546,-0.15553334,-1.0,1.0,1.0,1.0,-0.29356855,0.13474089,-0.6007179,-1.0,0.54950213,1.88397,0.24764048,1.88397,2.74743,-1.38387,-0.3410381,0.0048702364,1.539,1.6281,-0.2943,-0.16690361,1.539,1.1629546,0.48282045,-0.513,1.539,1.6281,1.5462,0.6874602,0.49717888,0.08473486,-0.23598
79,1.3335999999999977,-0.8822601,1.0,1.0,1.0,1.0,1.0,1.0,0.45094818,0.90527385,1.0,-1.0,0.14009872,1.0,0.50009567,0.008219882,-1.0,1.0,1.0,1.0,-0.93525386,0.89769554,-0.6072262,-1.0,0.4024294,1.88397,0.41434047,1.88397,2.74743,-1.21717,-0.1743381,0.23133641,1.4534907,1.6281,-0.2943,0.07187065,1.539,1.1595147,0.63351434,-0.513,1.539,1.6281,1.5462,0.36023054,0.95553863,0.07910379,-0.23598
80,1.3502699999999976,-1.0,1.0,1.0,1.0,1.0,-0.28949314,1.0,0.68430984,-0.67858785,1.0,-1.0,0.88655657,0.2210879,0.7692974,0.8075129,-1.0,1.0,1.0,1.0,-1.0,1.0,-0.6177719,-1.0,0.2357294,1.88397,0.5810405,1.88397,2.74743,-1.2654285,-0.0076380996,0.35105094,0.023738744,1.6281,-0.2943,0.45480353,0.83587605,1.4118509,1.3690637,-0.513,1.539,1.6281,1.5462,0.327213,1.017,0.06997947,-0.23598
81,1.3669399999999976,-1.0,1.0,1.0,1.0,1.0,-1.0,0.92294437,0.02992683,-1.0,1.0,-1.0,0.3695666,-0.3199432,1.0,0.95015526,-1.0,1.0,1.0,1.0,-1.0,0.8149977,-0.91797656,-1.0,0.06902939,1.88397,0.7477405,1.88397,2.74743,-1.4321285,0.14621672,0.015352464,-0.2664,1.6281,-0.2943,0.18958767,0.34748727,1.6281,1.5003303,-0.513,1.539,1.6281,1.5462,0.327213,0.90585625,-0.18976209,-0.23598
82,1.3836099999999976,-1.0,0.17336069,1.0,1.0,1.0,-1.0,0.9185007,0.07630109,-1.0,1.0,-1.0,0.7318993,-0.563526,0.8474854,1.0,-1.0,1.0,1.0,1.0,-1.0,1.0,-0.9901418,-1.0,-0.09767061,1.88397,0.91444045,1.88397,2.74743,-1.5988286,0.2993308,0.03914246,-0.2664,1.6281,-0.2943,0.37546435,0.1276051,1.4851404,1.5462,-0.513,1.539,1.6281,1.5462,0.327213,1.017,-0.25220054,-0.23598
83,1.4002799999999975,-1.0,-0.3358524,1.0,1.0,1.0,-1.0,1.0,-0.120006815,-1.0,1.0,-1.0,0.27448475,-0.6488463,0.792909,1.0,-1.0,1.0,0.8317054,1.0,-1.0,1.0,-0.10567476,-1.0,-0.26437062,1.8279834,1.0811405,1.88397,2.74743,-1.7655286,0.4660308,-0.061563496,-0.2664,1.6281,-0.2943,0.14081068,0.05058642,1.4339833,1.5462,-0.513,1.539,1.4703491,1.5462,0.327213,1.017,0.5130536,-0.23598
84,1.4169499999999975,-1.0,-0.6075444,0.99957174,1.0,1.0,-1.0,1.0,-0.10895653,-1.0,1.0,-1.0,0.43064734,-0.59689057,0.75978774,1.0,-0.34141317,1.0,0.5655241,-0.025772441,-0.67166877,1.0,0.6388229,-0.8933363,-0.4310706,1.7267058,1.2477691,1.88397,2.74743,-1.88397,0.6327308,-0.0558947,-0.2664,1.6281,-0.2943,0.22092208,0.09748688,1.402937,1.5462,-0.17514496,1.539,1.220844,0.60223293,0.49464667,1.017,1.1572042,-0.13604149
85,1.4336199999999975,0.5066053,-0.22869024,1.0,0.49528491,0.3547089,-0.9810257,1.0,0.22917402,-1.0,1.0,-1.0,0.9062682,-0.38544917,0.770629,1.0,0.21650773,1.0,0.6337692,-0.5269948,-0.38527077,1.0,1.0,-0.65861297,-0.3466195,1.6885831,1.4144691,1.88397,2.74743,-1.88397,0.7994308,0.11756627,-0.2664,1.6281,-0.2943,0.46491557,0.28835502,1.413099,1.5462,0.111068465,1.539,1.2848135,0.14098302,0.64069635,1.017,1.4697,0.083882414
86,1.4502899999999974,1.0,0.07990275,1.0,-0.3974486,-0.2975246,-0.6778455,1.0,0.4233554,-0.7919292,1.0,-1.0,1.0,-0.2523954,0.65075594,1.0,0.35026333,1.0,0.74278915,-0.46112943,-0.36236066,1.0,1.0,-0.56687206,-0.1799195,1.7019029,1.5811691,1.8177153,2.6978326,-1.88397,0.9661308,0.21718132,-0.07857448,1.6281,-0.2943,0.513,0.40846267,1.3007361,1.5462,0.17968509,1.539,1.3870034,0.20159565,0.6523794,1.017,1.4697,0.16983901
87,1.4669599999999974,1.0,0.00031344593,0.51082486,-1.0,-1.0,-0.41735473,1.0,0.37074983,-0.6301558,1.0,-1.0,0.4381755,-0.003028595,0.582125,0.920282,0.48550016,1.0,0.83322835,-0.38172752,-0.16547017,1.0,1.0,-0.736814,-0.013219498,1.7019551,1.6663235,1.6510153,2.5311327,-1.88397,1.1328307,0.19019467,0.06745836,1.6281,-0.2943,0.22478403,0.6335661,1.2364049,1.4728395,0.24906158,1.539,1.4717766,0.27466527,0.75278443,1.017,1.4697,0.01061197
88,1.4836299999999973,1.0,-0.2709029,0.75931823,-1.0,-1.0,-0.44568995,1.0,0.41344815,-0.5043639,1.0,-1.0,0.20382777,0.15015675,0.37053525,0.6207572,0.7032046,1.0,0.8434481,-0.0746941,-0.14192902,1.0,0.6552674,-0.8912803,0.1534805,1.6567956,1.792902,1.4843153,2.3644326,-1.88397,1.2995307,0.2120989,0.18101071,1.6281,-0.2943,0.104563646,0.7718465,1.0380713,1.1972018,0.36074394,1.539,1.481356,0.55721277,0.7647893,1.017,1.1714323,-0.13411513
89,1.5002999999999973,1.0,0.13236168,1.0,-0.9778852,-1.0,0.5233853,1.0,0.92610335,-0.39485353,1.0,-1.0,0.775339,0.70028025,-0.08203848,0.5033278,1.0,1.0,0.49487206,-0.27099887,-0.765189,1.0,0.19912274,-1.0,0.3201805,1.6788603,1.959602,1.3213018,2.1977327,-1.7967217,1.4662308,0.475091,0.2798657,1.6281,-0.2943,0.39774892,1.268443,0.61385125,1.0891374,0.513,1.539,1.1546184,0.37656328,0.44695568,1.017,0.776769,-0.23598
90,1.5169699999999973,1.0,-0.89617056,1.0,-0.45882827,-1.0,-0.051577628,1.0,0.6034909,-0.9553152,1.0,-1.0,0.57780504,0.2676822,-0.7212683,0.20696557,1.0,1.0,0.7404372,0.6627846,-1.0,1.0,-0.58687603,-1.0,0.4868805,1.5294687,2.126302,1.2448152,2.0310326,-1.8053197,1.6329308,0.30959082,-0.22606301,1.6281,-0.2943,0.296414,0.8779367,0.014669162,0.81641006,0.513,1.539,1.3847988,1.2358775,0.327213,1.017,0.096711054,-0.23598
91,1.5336399999999972,1.0,-1.0,1.0,-0.27402067,-1.0,-1.0,1.0,0.31897038,-1.0,1.0,-0.7856678,0.48646677,-0.8328082,-1.0,0.115142696,1.0,1.0,1.0,1.0,-1.0,1.0,-1.0,-1.0,0.6535805,1.3627687,2.293002,1.1991359,1.8643327,-1.88397,1.7996308,0.16363181,-0.2664,1.6281,-0.09706077,0.24955745,-0.11547596,-0.2466,0.73191005,0.513,1.539,1.6281,1.5462,0.327213,1.017,-0.26073,-0.23598
92,1.5503099999999972,1.0,-1.0,1.0,-0.2992397,-1.0,-1.0,1.0,-0.104166046,-0.9840086,0.9061349,-0.38830972,0.3106496,-1.0,-1.0,-0.7794369,0.8407026,1.0,0.52180815,1.0,-1.0,1.0,-1.0,-1.0,0.8202805,1.1960686,2.459702,1.1492527,1.6976327,-1.88397,1.9663308,-0.05343718,-0.25196457,1.5401156,0.26860797,0.15936324,-0.2664,-0.2466,-0.091326796,0.43128043,1.539,1.1798669,1.5462,0.327213,1.017,-0.26073,-0.23598
93,1.5669799999999972,1.0,-1.0,1.0,-0.23662782,-1.0,-1.0,0.87466484,-0.26604784,-0.45034635,0.5924804,-0.18406624,0.31398025,-0.7225044,-1.0,-1.0,0.59927267,1.0,0.035070363,0.6290695,-1.0,1.0,-1.0,-1.0,0.9869805,1.0293686,2.626402,1.1098068,1.5309327,-1.88397,2.1121373,-0.13648254,0.22977234,1.2461115,0.45656306,0.16107187,-0.015904702,-0.2466,-0.2943,0.30742687,1.539,0.7236232,1.2048513,0.327213,1.017,-0.26073,-0.23598
94,1.5836499999999971,1.0,-0.72136474,1.0,-0.022062719,-1.0,-0.801006,0.6482633,-0.11804356,-0.2296332,0.4901813,-0.21581364,0.32029825,-0.31578106,-0.90195405,-0.9175979,0.19731852,1.0,0.059984714,0.31581166,-0.71684206,1.0,-0.8091862,-1.0,1.1536804,0.90911716,2.74743,1.1061289,1.3642327,-1.88397,2.220203,-0.060556345,0.42901012,1.1502215,0.4273475,0.164313,0.35124445,-0.15469663,-0.21846946,0.1012244,1.539,0.7469767,0.9165757,0.4716104,1.017,-0.09563506,-0.23598
95,1.600319999999997,1.0,0.05181139,1.0,0.23709817,-0.9963118,-0.24831572,0.7367603,-0.10760282,-0.11464137,0.48006397,-0.18640307,0.38731888,-0.0837952,-0.53258455,-0.3360993,-0.57566375,1.0,0.44442782,0.074916944,0.038873345,1.0,-0.1959469,-1.0,1.3203804,0.9177541,2.74743,1.1456532,1.1981474,-1.88397,2.343021,-0.055200245,0.53281325,1.140738,0.45441258,0.19869459,0.5606581,0.19153187,0.31665462,-0.2953155,1.539,1.1073344,0.69489235,0.8569901,1.017,0.4349488,-0.23598
96,1.616989999999997,0.9938825,-0.24461156,1.0,-0.5272141,-0.83973557,0.45749223,1.0,-0.6007806,0.14907901,0.1833027,0.43166405,-0.016560279,-0.31018156,-0.6431391,-0.1608039,-0.7678186,1.0,0.3739325,-0.84929746,0.64681995,1.0,0.5310555,-1.0,1.4860607,0.8769774,2.74743,1.0577667,1.0581635,-1.807706,2.5097208,-0.30820045,0.7708736,0.8625688,1.0231888,-0.008495423,0.3562991,0.087903544,0.4779702,-0.39389095,1.539,1.0412556,-0.15561599,1.1670146,1.017,1.0639622,-0.23598
97,1.633659999999997,0.33431208,-0.54992765,1.0,-1.0,-1.0,1.0,1.0,-0.86977726,0.43533581,-0.27966535,1.0,-0.32920852,-0.46579027,-0.8613962,-0.26709676,-0.60722667,1.0,-0.35194415,-1.0,1.0,1.0,1.0,-0.9863404,1.5417905,0.7853044,2.74743,0.8910667,0.8914636,-1.641006,2.676421,-0.44619572,1.0292777,0.42860568,1.5462,-0.16888398,0.21583112,-0.11667972,0.38015422,-0.31150728,1.539,0.36085516,-0.2943,1.34712,1.017,1.4697,-0.22318165
98,1.650329999999997,-0.16641735,-1.0,0.7509788,-1.0,-1.0,1.0,1.0,-0.98050565,0.36526293,-0.68373007,1.0,-0.6370441,-0.6385283,-1.0,-0.28533825,-0.5825476,1.0,-0.48868817,-1.0,1.0,1.0,1.0,-0.814211,1.5140488,0.6186044,2.74743,0.72436666,0.7247636,-1.474306,2.8431208,-0.5029994,0.96602285,0.049855623,1.5462,-0.3268036,0.059900515,-0.2466,0.36336747,-0.29884693,1.539,0.23267815,-0.2943,1.34712,1.017,1.4697,-0.0619051
99,1.666999999999997,-0.50641525,-1.0,0.85040426,-1.0,-1.0,1.0,1.0,-1.0,0.23091696,-1.0,1.0,-1.0,-0.58089525,-1.0,-0.6142095,-0.7985781,1.0,-0.5079039,-1.0,1.0,0.74296993,1.0,-1.0,1.4296293,0.45190445,2.74743,0.55766666,0.55806357,-1.3076061,3.009821,-0.513,0.84474874,-0.2466,1.5462,-0.513,0.11192586,-0.2466,0.060723733,-0.40967056,1.539,0.2146663,-0.2943,1.34712,0.86258423,1.4697,-0.23598
100,1.683669999999997,-0.863207,-1.0,0.92779946,-1.0,-0.8611546,1.0,1.0,-1.0,-0.0480275,-1.0,1.0,-1.0,-0.5724489,-1.0,-0.8929674,-1.0,1.0,-0.37079594,-1.0,1.0,0.39302966,1.0,-1.0,1.2857327,0.28520444,2.74743,0.39096665,0.4145091,-1.1409061,3.1765208,-0.513,0.5929456,-0.2466,1.5462,-0.513,0.11955037,-0.2466,-0.19580325,-0.513,1.539,0.34318444,-0.2943,1.34712,0.65235084,1.4697,-0.23598
101,1.7003399999999969,-1.0,-1.0,0.8955264,-1.0,-0.60454816,1.0,1.0,-1.0,-0.03782613,-1.0,1.0,-1.0,-0.4092384,-1.0,-0.9665118,-1.0,1.0,0.033464402,-1.0,1.0,0.4759284,1.0,-1.0,1.1190327,0.11850444,2.74743,0.22426665,0.3137309,-0.97420603,3.343221,-0.513,0.6021544,-0.2466,1.5462,-0.513,0.2668805,-0.2466,-0.26348248,-0.513,1.539,0.72211784,-0.2943,1.34712,0.70215386,1.4697,-0.23598
102,1.7170099999999968,-1.0,-1.0,0.62282264,-1.0,-0.48117113,1.0,1.0,-1.0,0.384523,-1.0,1.0,-1.0,0.06349228,-1.0,-0.8255559,-1.0,1.0,0.56663877,-1.0,1.0,0.6899399,0.9161928,-1.0,0.95233274,-0.04819556,2.74743,0.057566643,0.23351967,-0.807506,3.5099208,-0.513,0.9834089,-0.2466,1.5462,-0.513,0.6936145,-0.2466,-0.13376784,-0.513,1.539,1.2218889,-0.2943,1.34712,0.83072543,1.3971888,-0.23598
103,1.7336799999999968,-1.0,-1.0,0.5560493,-1.0,-0.076429434,1.0,1.0,-1.0,0.56021786,-1.0,1.0,-1.0,0.37888062,-1.0,-0.7880759,-0.99975663,1.0,0.42565423,-1.0,1.0,0.36716378,0.6471067,-1.0,0.7856327,-0.21489556,2.74743,-0.109133355,0.22077888,-0.640806,3.676621,-0.513,1.1420087,-0.2466,1.5462,-0.513,0.97831553,-0.2466,-0.09927687,-0.51287514,1.539,1.0897369,-0.2943,1.34712,0.63681144,1.1643714,-0.23598
104,1.7503499999999967,-1.0,-1.0,0.64768654,-1.0,0.21011129,1.0,1.0,-1.0,0.6965639,-1.0,1.0,-1.0,0.5493495,-1.0,-0.9735254,-0.9549816,1.0,0.2673769,-1.0,1.0,-0.051558964,0.45528862,-1.0,0.6189327,-0.38159555,2.74743,-0.27583337,0.25580445,-0.47410604,3.8433208,-0.513,1.2650882,-0.2466,1.5462,-0.513,1.1321977,-0.2466,-0.26993674,-0.48990557,1.539,0.94137573,-0.2943,1.34712,0.38525566,0.99840754,-0.23598
105,1.7670199999999967,-1.0,-1.0,0.83712935,-1.0,0.31697193,1.0,1.0,-1.0,0.77620816,-1.0,1.0,-1.0,0.57011664,-1.0,-1.0,-1.0,1.0,0.13934521,-1.0,1.0,-0.48146293,0.26063433,-1.0,0.45223275,-0.54829556,2.74743,-0.44253334,0.30864367,-0.30740604,4.0100207,-0.513,1.3369831,-0.2466,1.5462,-0.513,1.1509442,-0.2466,-0.2943,-0.513,1.539,0.82136524,-0.2943,1.34712,0.12698255,0.82998973,-0.23598
106,1.7836899999999967,-1.0,-1.0,0.98208183,-1.0,0.24221998,0.91975677,1.0,-1.0,0.6114167,-1.0,1.0,-1.0,0.4326961,-1.0,-1.0,-0.9529154,1.0,0.19450548,-1.0,1.0,-0.30651048,0.11227159,-1.0,0.28553274,-0.71499556,2.74743,-0.6092334,0.34902173,-0.1540826,4.176721,-0.513,1.1882259,-0.2466,1.5462,-0.513,1.0268948,-0.2466,-0.2943,-0.4888456,1.539,0.8730697,-0.2943,1.34712,0.23208861,0.70162404,-0.23598
107,1.8003599999999966,-1.0,-1.0,1.0,-1.0,0.19443071,0.8593238,1.0,-1.0,0.41289386,-1.0,1.0,-1.0,0.30638838,-1.0,-1.0,-0.8099145,1.0,0.26751935,-1.0,1.0,-0.04854568,0.04664628,-1.0,0.11883274,-0.88169557,2.74743,-0.7759334,0.38143334,-0.010833314,4.343421,-0.513,1.0090193,-0.2466,1.5462,-0.513,0.9128768,-0.2466,-0.2943,-0.41548616,1.539,0.94150925,-0.2943,1.34712,0.38706595,0.64484406,-0.23598
108,1.8170299999999966,-1.0,-1.0,0.8740094,-1.0,0.17278454,0.95015424,1.0,-1.0,0.3187541,-1.0,1.0,-1.0,0.25373286,-1.0,-1.0,-0.76941353,1.0,0.34217006,-1.0,1.0,-0.08973285,0.096308544,-1.0,-0.04786726,-1.0483955,2.74743,-0.94263333,0.4102365,0.1475574,4.510121,-0.513,0.9240393,-0.2466,1.5462,-0.513,0.86534464,-0.2466,-0.2943,-0.39470914,1.539,1.0114831,-0.2943,1.34712,0.36232197,0.6878126,-0.23598
109,1.8336999999999966,-1.0,-1.0,0.74162567,-1.0,0.1470136,1.0,1.0,-1.0,0.25645468,-1.0,1.0,-1.0,0.17318195,-1.0,-1.0,-0.7987904,1.0,0.3446862,-1.0,1.0,-0.1972976,0.19622593,-1.0,-0.21456726,-1.2150955,2.74743,-1.1093334,0.43474367,0.3142574,4.6768208,-0.513,0.8678016,-0.2466,1.5462,-0.513,0.7926313,-0.2466,-0.2943,-0.40977946,1.539,1.0138416,-0.2943,1.34712,0.29770035,0.7742626,-0.23598
110,1.8503699999999965,-1.0,-1.0,0.6245919,-1.0,-0.18479562,1.0,1.0,-1.0,0.38113153,-1.0,1.0,-1.0,0.17740443,-1.0,-1.0,-0.9008649,1.0,0.31612408,-1.0,1.0,-0.024401613,0.28813902,-1.0,-0.38126725,-1.3817955,2.74743,-1.2760334,0.40393826,0.4809574,4.8435206,-0.513,0.98034745,-0.2466,1.5462,-0.513,0.796443,-0.2466,-0.2943,-0.4621437,1.539,0.9870689,-0.2943,1.34712,0.40157095,0.8537872,-0.23598
111,1.8670399999999965,-0.9558189,-1.0,0.71708596,-1.0,-0.6937543,1.0,1.0,-1.0,0.560612,-1.0,1.0,-1.0,0.31119168,-1.0,-0.90191793,-0.9724274,1.0,0.25068995,-1.0,1.0,0.5017048,0.21579157,-1.0,-0.54060227,-1.5484955,2.74743,-1.4427334,0.2882894,0.6476574,5.010221,-0.513,1.1423645,-0.2466,1.5462,-0.513,0.9172127,-0.2466,-0.20403998,-0.49885526,1.539,0.9257342,-0.2943,1.34712,0.71763957,0.7911911,-0.23598
112,1.8837099999999964,-0.36657494,-1.0,0.8153482,-1.0,-1.0,1.0,1.0,-1.0,0.752467,-1.0,1.0,-0.8188367,0.33538657,-1.0,-1.0,-0.9201414,1.0,-0.18268871,-1.0,1.0,0.7999783,0.082378134,-1.0,-0.6017103,-1.7151955,2.74743,-1.6094334,0.12158941,0.8143574,5.176921,-0.513,1.315552,-0.2466,1.5462,-0.42006323,0.9390535,-0.2466,-0.2943,-0.47203255,1.539,0.51950675,-0.2943,1.34712,0.8968331,0.6757598,-0.23598
113,1.9003799999999964,0.049231857,-1.0,0.9817231,-1.0,-1.0,1.0,1.0,-1.0,0.94407606,-1.0,1.0,-0.80022544,0.37959296,-1.0,-1.0,-0.8120368,1.0,-0.6161131,-1.0,1.0,0.7692184,-0.0024305582,-1.0,-0.59350336,-1.8818955,2.74743,-1.7761333,-0.04511059,0.9810574,5.343621,-0.513,1.4885174,-0.2466,1.5462,-0.41051564,0.97895855,-0.2466,-0.2943,-0.4165749,1.539,0.11323636,-0.2943,1.34712,0.8783535,0.60238206,-0.23598
114,1.9170499999999964,0.14554109,-1.0,1.0,-1.0,-1.0,1.0,1.0,-1.0,0.87352437,-1.0,1.0,-0.9960104,0.3774901,-1.0,-1.0,-0.8454998,1.0,-0.9962874,-1.0,1.0,0.53967774,-0.023109736,-1.0,-0.56924164,-1.88397,2.74743,-1.88397,-0.21181059,1.1477574,5.5103207,-0.513,1.4248304,-0.2466,1.5462,-0.51095337,0.9770603,-0.2466,-0.2943,-0.4337414,1.539,-0.24312,-0.2943,1.34712,0.7404525,0.5844901,-0.23598
115,1.9337199999999963,0.09321993,-1.0,0.9960628,-1.0,-1.0,1.0,1.0,-1.0,0.69559634,-1.0,1.0,-1.0,0.33673024,-1.0,-1.0,-0.9331835,1.0,-1.0,-1.0,0.9471122,0.21805206,-0.08783361,-1.0,-0.5537019,-1.88397,2.74743,-1.88397,-0.3785106,1.3144574,5.6547,-0.513,1.2642148,-0.2466,1.5462,-0.513,0.9402664,-0.2466,-0.2943,-0.47872314,1.539,-0.2466,-0.2943,1.3201497,0.5472297,0.52849007,-0.23598
116,1.9503899999999963,-0.13275506,-1.0,0.73427004,-1.0,-1.0,0.9789005,1.0,-1.0,0.56122684,-1.0,1.0,-1.0,0.33952415,-1.0,-1.0,-1.0,0.983262,-1.0,-1.0,0.89206076,0.06916795,-0.19199704,-1.0,-0.5758322,-1.88397,2.74743,-1.88397,-0.5452106,1.4776402,5.6547,-0.513,1.1429194,-0.2466,1.5462,-0.513,0.9427884,-0.2466,-0.2943,-0.513,1.5238906,-0.2466,-0.2943,1.292076,0.45778468,0.4383663,-0.23598
117,1.9670599999999963,-0.25660163,-1.0,0.5641676,-1.0,-1.0,0.80441844,1.0,-1.0,0.38921866,-1.0,1.0,-1.0,0.31636655,-1.0,-1.0,-1.0,0.68287283,-1.0,-1.0,0.82109135,0.048783403,-0.2870067,-1.0,-0.61860764,-1.88397,2.74743,-1.88397,-0.7119106,1.6117367,5.6547,-0.513,0.9876477,-0.2466,1.5462,-0.513,0.92188406,-0.2466,-0.2943,-0.513,1.2527293,-0.2466,-0.2943,1.2558849,0.44553828,0.3561625,-0.23598
118,1.9837299999999962,-0.33250588,-1.0,0.5387736,-1.0,-1.0,0.58799636,1.0,-1.0,0.22504614,-1.0,1.0,-1.0,0.252563,-1.0,-1.0,-1.0,0.44645944,-1.0,-1.0,0.71689844,0.0740796,-0.3481317,-1.0,-0.6740364,-1.88397,2.74743,-1.88397,-0.8786106,1.7097557,5.6547,-0.513,0.83944917,-0.2466,1.5462,-0.513,0.8642886,-0.2466,-0.2943,-0.513,1.0393189,-0.2466,-0.2943,1.2027514,0.46073544,0.30327624,-0.23598
119,2.0003999999999964,-0.4335099,-1.0,0.5553168,-1.0,-1.0,0.4773779,1.0,-1.0,0.21577747,-1.0,1.0,-1.0,0.21563318,-1.0,-1.0,-1.0,0.28555045,-1.0,-1.0,0.6716369,0.11115304,-0.3739616,-1.0,-0.7463025,-1.88397,2.74743,-1.88397,-1.0453106,1.7893345,5.6547,-0.513,0.83108234,-0.2466,1.5462,-0.513,0.83095205,-0.2466,-0.2943,-0.513,0.8940664,-0.2466,-0.2943,1.1796701,0.48300803,0.2809278,-0.23598
120,2.017069999999997,-0.59013414,-1.0,0.4630149,-1.0,-1.0,0.5364543,1.0,-1.0,0.33873993,-1.0,1.0,-1.0,0.2552436,-1.0,-1.0,-1.0,0.24726117,-1.0,-1.0,0.7564688,0.11147223,-0.3855729,-1.0,-0.84467787,-1.88397,2.74743,-1.88397,-1.2120106,1.8787615,5.6547,-0.513,0.94208056,-0.2466,1.5462,-0.513,0.8667084,-0.2466,-0.2943,-0.513,0.8595027,-0.2466,-0.2943,1.2229304,0.4831998,0.27088153,-0.23598
121,2.033739999999997,-0.63117546,-1.0,0.4617238,-1.0,-1.0,0.60187626,1.0,-1.0,0.37469968,-1.0,1.0,-1.0,0.18700318,-1.0,-1.0,-1.0,0.30861497,-1.0,-1.0,0.8462941,0.16592014,-0.3314355,-1.0,-0.9498948,-1.88397,2.74743,-1.88397,-1.3787106,1.88397,5.6547,-0.513,0.9745414,-0.2466,1.5462,-0.513,0.8051078,-0.2466,-0.2943,-0.513,0.9148867,-0.2466,-0.2943,1.2687372,0.51591045,0.31772202,-0.23598
122,2.0504099999999976,-0.47929937,-1.0,0.5788554,-1.0,-1.0,0.5891282,1.0,-1.0,0.30234045,-1.0,1.0,-1.0,0.02792129,-1.0,-1.0,-1.0,0.47153595,-1.0,-1.0,0.8413207,0.27501607,-0.24908483,-1.0,-1.029794,-1.88397,2.74743,-1.88397,-1.5454106,1.88397,5.6547,-0.513,0.9092227,-0.2466,1.5462,-0.513,0.66150457,-0.2466,-0.2943,-0.513,1.0619555,-0.2466,-0.2943,1.2662009,0.5814519,0.38897306,-0.23598
123,2.067079999999998,-0.30730587,-0.81266564,0.5779843,-1.0,-1.0,0.5075761,1.0,-1.0,0.2068005,-1.0,1.0,-1.0,-0.07805578,-1.0,-1.0,-1.0,0.5615249,-1.0,-1.0,0.77249753,0.32584694,-0.20750304,-1.0,-1.0810219,-1.88397,2.74743,-1.88397,-1.7121106,1.88397,5.6547,-0.513,0.8229788,-0.2466,1.5462,-0.513,0.56583905,-0.2466,-0.2943,-0.513,1.1431886,-0.2466,-0.2943,1.2311044,0.61198956,0.42495027,-0.23598
124,2.0837499999999984,-0.29632336,-0.7702657,0.53238684,-1.0,-1.0,0.54561275,1.0,-1.0,0.24877216,-1.0,1.0,-1.0,-0.06754262,-1.0,-1.0,-1.0,0.65887773,-1.0,-1.0,0.80922157,0.37113667,-0.2057683,-1.0,-1.130419,-1.88397,2.74743,-1.88397,-1.8788106,1.88397,5.6547,-0.513,0.8608666,-0.2466,1.5462,-0.513,0.5753293,-0.2466,-0.2943,-0.513,1.231069,-0.2466,-0.2943,1.2498319,0.63919824,0.42645118,-0.23598
125,2.100419999999999,-0.27189922,-0.73284733,0.5189087,-1.0,-1.0,0.5393435,1.0,-1.0,0.24938576,-1.0,1.0,-1.0,-0.08464012,-1.0,-1.0,-1.0,0.7445058,-1.0,-1.0,0.8136506,0.3766873,-0.18628347,-1.0,-1.1757447,-1.88397,2.74743,-1.88397,-2.0455105,1.88397,5.6547,-0.513,0.8614205,-0.2466,1.5462,-0.513,0.55989534,-0.2466,-0.2943,-0.513,1.3083655,-0.2466,-0.2943,1.2520905,0.6425329,0.44330975,-0.23598
126,2.1170899999999993,-0.1883912,-0.5616071,0.53436,-1.0,-0.78311473,0.4275689,1.0,-1.0,0.071010455,-1.0,1.0,-1.0,-0.2984696,-1.0,-1.0,-1.0,0.7863022,-0.8574866,-1.0,0.80161583,0.44630402,-0.05965043,-1.0,-1.2071494,-1.88397,2.74743,-1.88397,-2.176056,1.88397,5.6547,-0.513,0.7004011,-0.2466,1.5462,-0.513,0.36687148,-0.2466,-0.2943,-0.513,1.346095,-0.11301507,-0.2943,1.2459533,0.68435645,0.55287457,-0.23598
127,2.1337599999999997,-0.009971194,-0.33618817,0.56581295,-0.78075165,-0.39840567,0.12985763,1.0,-1.0,-0.27834287,-1.0,0.64616084,-1.0,-0.5375316,-0.93347657,-1.0,-0.9760688,0.6068826,-0.6331588,-0.9580177,0.6641983,0.6154141,0.058559168,-1.0,-1.2088116,-1.88397,2.74743,-1.88397,-2.24247,1.88397,5.6547,-0.513,0.3850399,-0.2466,1.2205795,-0.513,0.1510702,-0.18424426,-0.2943,-0.5007233,1.1841329,0.0972586,-0.2556658,1.1758767,0.78595257,0.65515125,-0.23598
128,2.15043,-0.08854072,-0.3704132,0.64569825,-0.7274509,-0.4381736,0.16757178,1.0,-1.0,-0.25602502,-1.0,0.68838537,-1.0,-0.5092141,-0.990168,-1.0,-1.0,0.66202205,-0.65576553,-0.9788424,0.69943863,0.6814533,0.01931772,-1.0,-1.2235713,-1.88397,2.74743,-1.88397,-2.3155136,1.88397,5.6547,-0.513,0.4051862,-0.2466,1.2594366,-0.513,0.17663243,-0.23738395,-0.2943,-0.513,1.2339073,0.07606818,-0.2748297,1.1938477,0.8256269,0.62119895,-0.23598
129,2.1671000000000005,-0.19262679,-0.45081803,0.6814521,-0.79656535,-0.53676796,0.24443975,1.0,-1.0,-0.14281245,-1.0,0.8354529,-1.0,-0.44494063,-1.0,-1.0,-1.0,0.83243775,-0.6776927,-1.0,0.7996763,0.7083458,0.01127924,-1.0,-1.2556822,-1.88397,2.74743,-1.88397,-2.4049928,1.88397,5.6547,-0.513,0.5073832,-0.2466,1.3947755,-0.513,0.2346521,-0.2466,-0.2943,-0.513,1.3877416,0.055514738,-0.2943,1.2449642,0.8417831,0.614244,-0.23598
130,2.183770000000001,-0.32773048,-0.4936535,0.7847071,-0.778061,-0.62515056,0.2705858,1.0,-1.0,-0.0005696155,-1.0,0.9580183,-1.0,-0.26781636,-1.0,-1.0,-1.0,1.0,-0.72196466,-1.0,0.90251,0.77877086,-0.08525777,-1.0,-1.3103149,-1.88397,2.74743,-1.88397,-2.5092053,1.88397,5.6547,-0.513,0.6357858,-0.2466,1.5075663,-0.513,0.39454216,-0.2466,-0.2943,-0.513,1.539,0.014016428,-0.2943,1.2974046,0.88409233,0.5307187,-0.23598
131,2.2004400000000013,-0.44371665,-0.51798534,0.84275544,-0.77417755,-0.59272355,0.26455936,1.0,-1.0,0.05360811,-1.0,1.0,-1.0,-0.18945691,-1.0,-1.0,-1.0,1.0,-0.77928287,-1.0,0.9476044,0.74091184,-0.11251412,-1.0,-1.3842825,-1.88397,2.74743,-1.88397,-2.6080124,1.88397,5.6547,-0.513,0.684692,-0.2466,1.5462,-0.513,0.46527725,-0.2466,-0.2943,-0.513,1.539,-0.039710797,-0.2943,1.3204007,0.8613478,0.5071361,-0.23598
132,2.2171100000000017,-0.5279561,-0.68732363,0.7964933,-0.97100013,-0.72406584,0.44401184,1.0,-1.0,0.18697567,-1.0,1.0,-1.0,-0.16394606,-1.0,-1.0,-1.0,1.0,-0.9052111,-1.0,1.0,0.676649,-0.07642153,-1.0,-1.4722928,-1.88397,2.74743,-1.88397,-2.7287142,1.88397,5.6547,-0.513,0.8050829,-0.2466,1.5462,-0.513,0.4883059,-0.2466,-0.2943,-0.513,1.539,-0.15774962,-0.2943,1.34712,0.8227406,0.53836393,-0.23598
133,2.233780000000002,-0.51637715,-0.8165898,0.76932263,-1.0,-0.73622674,0.5522699,1.0,-1.0,0.24269222,-1.0,1.0,-1.0,-0.15182002,-1.0,-1.0,-1.0,0.9935667,-0.9974341,-1.0,1.0,0.590857,-0.008750863,-1.0,-1.5583729,-1.88397,2.74743,-1.88397,-2.74743,1.88397,5.6547,-0.513,0.85537827,-0.2466,1.5462,-0.513,0.49925208,-0.2466,-0.2943,-0.513,1.5331926,-0.24419484,-0.2943,1.34712,0.77119946,0.59691364,-0.23598
134,2.2504500000000025,-0.42133564,-0.88992995,0.7638513,-1.0,-0.72031415,0.5708691,1.0,-1.0,0.19523995,-1.0,1.0,-1.0,-0.20782556,-1.0,-1.0,-1.0,0.7794038,-1.0,-1.0,1.0,0.50772655,0.017443474,-1.0,-1.6286094,-1.88397,2.74743,-1.88397,-2.74743,1.88397,5.6547,-0.513,0.8125431,-0.2466,1.5462,-0.513,0.44869587,-0.2466,-0.2943,-0.513,1.3398678,-0.2466,-0.2943,1.34712,0.7212572,0.61957735,-0.23598
135,2.267120000000003,-0.28594494,-1.0,0.62612206,-1.0,-0.8510124,0.5546245,1.0,-1.0,0.12718938,-1.0,1.0,-1.0,-0.3114729,-1.0,-1.0,-1.0,0.48283622,-1.0,-1.0,0.78357315,0.23247251,-0.08954829,-1.0,-1.6762764,-1.88397,2.74743,-1.88397,-2.74743,1.88397,5.6547,-0.513,0.75111383,-0.2466,1.5462,-0.513,0.3551334,-0.2466,-0.2943,-0.513,1.0721563,-0.2466,-0.2943,1.2367524,0.55589306,0.52700645,-0.23598
136,2.2837900000000033,-0.2947204,-1.0,0.6242592,-1.0,-1.0,0.5485881,1.0,-1.0,0.20109014,-1.0,1.0,-1.0,-0.15638246,-1.0,-1.0,-1.0,0.45909134,-1.0,-1.0,0.6641455,0.12551482,-0.25478587,-1.0,-1.7254064,-1.88397,2.74743,-1.88397,-2.74743,1.88397,5.6547,-0.513,0.81782407,-0.2466,1.5462,-0.513,0.49513355,-0.2466,-0.2943,-0.513,1.0507218,-0.2466,-0.2943,1.1758498,0.49163616,0.38404045,-0.23598
137,2.3004600000000037,-0.26280415,-1.0,0.613708,-1.0,-1.0,0.5528798,1.0,-1.0,0.1937459,-1.0,1.0,-1.0,-0.13973759,-1.0,-1.0,-1.0,0.33044168,-1.0,-1.0,0.5707729,0.06934038,-0.33524898,-1.0,-1.7692158,-1.88397,2.74743,-1.88397,-2.74743,1.88397,5.6547,-0.513,0.8111944,-0.2466,1.5462,-0.513,0.5101589,-0.2466,-0.2943,-0.513,0.9345897,-0.2466,-0.2943,1.1282341,0.45788828,0.31442255,-0.23598
138,2.317130000000004,-0.21176256,-1.0,0.61598575,-1.0,-1.0,0.5299813,1.0,-1.0,0.16579835,-1.0,1.0,-1.0,-0.14066729,-1.0,-1.0,-1.0,0.26657128,-1.0,-1.0,0.49624434,0.053619795,-0.37977463,-1.0,-1.8045167,-1.88397,2.74743,-1.88397,-2.74743,1.88397,5.6547,-0.513,0.78596616,-0.2466,1.5462,-0.513,0.50931966,-0.2466,-0.2943,-0.513,0.8769339,-0.2466,-0.2943,1.0902281,0.44844383,0.2758983,-0.23598
139,2.3338000000000045,-0.17482795,-1.0,0.6254181,-1.0,-1.0,0.49605513,1.0,-1.0,0.12761368,-1.0,1.0,-1.0,-0.16106288,-1.0,-1.0,-1.0,0.19270512,-1.0,-1.0,0.42704862,0.019388624,-0.415834,-1.0,-1.8336605,-1.88397,2.74743,-1.88397,-2.74743,1.88397,5.6547,-0.513,0.75149685,-0.2466,1.5462,-0.513,0.49090853,-0.2466,-0.2943,-0.513,0.81025493,-0.2466,-0.2943,1.0549414,0.4278788,0.24469918,-0.23598
140,2.350470000000005,-0.14662598,-1.0,0.66207075,-1.0,-1.0,0.4546872,1.0,-1.0,0.09889026,-1.0,1.0,-1.0,-0.1570314,-1.0,-1.0,-0.9518525,0.10044985,-1.0,-1.0,0.3538158,-0.039585806,-0.45560458,-1.0,-1.858103,-1.88397,2.74743,-1.88397,-2.74743,1.88397,5.6547,-0.513,0.72556823,-0.2466,1.5462,-0.513,0.49454775,-0.2466,-0.2943,-0.48830032,0.7269761,-0.2466,-0.2943,1.0175961,0.39244875,0.21028908,-0.23598
141,2.3671400000000054,-0.1546993,-1.0,0.7734564,-1.0,-1.0,0.34346172,1.0,-1.0,0.03769963,-1.0,1.0,-1.0,-0.14309545,-1.0,-1.0,-0.8519036,-0.08814013,-1.0,-1.0,0.23249108,-0.16334921,-0.55209565,-1.0,-1.8838915,-1.88397,2.74743,-1.88397,-2.74743,1.88397,5.6547,-0.513,0.6703315,-0.2466,1.5462,-0.513,0.50712776,-0.2466,-0.2943,-0.43702656,0.55673593,-0.2466,-0.2943,0.95572615,0.3180955,0.12680356,-0.23598
142,2.3838100000000058,-0.10398243,-1.0,0.74021935,-1.0,-1.0,0.2143139,1.0,-1.0,-0.088961795,-1.0,1.0,-1.0,-0.17378865,-1.0,-1.0,-0.8363984,-0.2534433,-1.0,-1.0,0.09798548,-0.24151587,-0.59398544,-1.0,-1.9012253,-1.88397,2.74743,-1.88397,-2.74743,1.88397,5.6547,-0.513,0.5559942,-0.2466,1.5462,-0.513,0.479421,-0.2466,-0.2943,-0.42907238,0.40751672,-0.2466,-0.2943,0.88713455,0.2711354,0.09055989,-0.23598
143,2.400480000000006,-0.08622086,-1.0,0.75399756,-1.0,-1.0,0.11202989,1.0,-1.0,-0.18013208,-1.0,1.0,-1.0,-0.18651398,-1.0,-1.0,-0.8346539,-0.35441506,-1.0,-1.0,0.018920325,-0.26265496,-0.63098395,-1.0,-1.9155983,-1.88397,2.74743,-1.88397,-2.74743,1.88397,5.6547,-0.513,0.47369477,-0.2466,1.5462,-0.513,0.46793383,-0.2466,-0.2943,-0.42817745,0.31636953,-0.2466,-0.2943,0.846815,0.25843567,0.058548223,-0.23598
144,2.4171500000000066,-0.09437847,-1.0,0.6951767,-1.0,-1.0,0.051080383,1.0,-1.0,-0.22149818,-1.0,1.0,-1.0,-0.17118707,-1.0,-1.0,-0.8195922,-0.4195375,-1.0,-1.0,-0.027374968,-0.2986118,-0.6544442,-1.0,-1.9313312,-1.88397,2.74743,-1.88397,-2.74743,1.88397,5.6547,-0.513,0.4363536,-0.2466,1.5462,-0.513,0.48176944,-0.2466,-0.2943,-0.42045078,0.2575835,-0.2466,-0.2943,0.82320654,0.2368339,0.038250048,-0.23598
145,2.433820000000007,-0.12692502,-1.0,0.55153483,-1.0,-1.0,0.014625642,0.99212426,-1.0,-0.22144611,-1.0,1.0,-1.0,-0.12987469,-1.0,-1.0,-0.7932773,-0.4295152,-1.0,-1.0,-0.047118142,-0.3478652,-0.6731648,-1.0,-1.9524896,-1.88397,2.74743,-1.88397,-2.74743,1.88397,5.6547,-0.513,0.4364006,-0.2466,1.5462,-0.513,0.5190621,-0.2466,-0.2943,-0.40695128,0.24857661,-0.2466,-0.2943,0.8131384,0.20724396,0.022052731,-0.23598
146,2.4504900000000074,-0.16450451,-1.0,0.3945461,-1.0,-1.0,0.015257955,1.0,-1.0,-0.17878656,-1.0,1.0,-1.0,-0.072663,-1.0,-1.0,-0.7636573,-0.3679918,-1.0,-1.0,-0.027516551,-0.36447313,-0.680491,-1.0,-1.9799125,-1.88397,2.74743,-1.88397,-2.74743,1.88397,5.6547,-0.513,0.47490937,-0.2466,1.5462,-0.513,0.5707071,-0.2466,-0.2943,-0.39175618,0.3041138,-0.2466,-0.2943,0.82313436,0.19726643,0.015714005,-0.23598
147,2.467160000000008,-0.18563856,-1.0,0.26983255,-1.0,-1.0,0.018487299,1.0,-1.0,-0.14352946,-1.0,1.0,-1.0,-0.03543321,-1.0,-1.0,-0.7695845,-0.259731,-1.0,-1.0,0.010918058,-0.34156138,-0.67096364,-1.0,-2.0108585,-1.88397,2.74743,-1.88397,-2.74743,1.88397,5.6547,-0.513,0.506736,-0.2466,1.5462,-0.513,0.60431445,-0.2466,-0.2943,-0.39479685,0.40184084,-0.2466,-0.2943,0.8427342,0.21103111,0.02395719,-0.23598
148,2.483830000000008,-0.20021649,-1.0,0.23154733,-1.0,-1.0,0.013723018,1.0,-1.0,-0.12784807,-1.0,1.0,-1.0,-0.020210966,-1.0,-1.0,-0.8043081,-0.17601801,-1.0,-1.0,0.046113916,-0.3190793,-0.65367216,-1.0,-2.0442345,-1.88397,2.74743,-1.88397,-2.74743,1.88397,5.6547,-0.513,0.52089155,-0.2466,1.5462,-0.513,0.6180556,-0.2466,-0.2943,-0.41261005,0.47740853,-0.2466,-0.2943,0.8606824,0.22453764,0.038918044,-0.23598
149,2.5005000000000086,-0.21067522,-1.0,0.2174727,-1.0,-1.0,-0.00689519,1.0,-1.0,-0.15031894,-1.0,1.0,-1.0,-0.030422859,-1.0,-1.0,-0.8598985,-0.14700057,-1.0,-1.0,0.05672579,-0.311984,-0.6333565,-1.0,-2.079354,-1.88397,2.74743,-1.88397,-2.74743,1.8828206,5.6547,-0.513,0.5006071,-0.2466,1.5462,-0.513,0.6088373,-0.2466,-0.2943,-0.44112793,0.50360256,-0.2466,-0.2943,0.866094,0.22880028,0.056495447,-0.23598
150,2.517170000000009,-0.20374076,-1.0,0.18622264,-1.0,-0.9379599,-0.066073015,0.9454624,-1.0,-0.21385284,-1.0,1.0,-1.0,-0.041893575,-1.0,-1.0,-0.93701106,-0.12001741,-1.0,-1.0,0.039619453,-0.29039857,-0.6086658,-1.0,-2.1133177,-1.88397,2.74743,-1.88397,-2.74743,1.8718061,5.6547,-0.513,0.44325504,-0.2466,1.5462,-0.513,0.59848267,-0.2466,-0.2943,-0.48068666,0.5279603,-0.2466,-0.2943,0.85737056,0.24176815,0.0778582,-0.23598
151,2.5338400000000094,-0.2557062,-1.0,0.29649076,-1.0,-0.8779209,-0.067167066,0.9232623,-1.0,-0.22033863,-1.0,1.0,-1.0,-0.077101044,-1.0,-1.0,-1.0,-0.103587575,-1.0,-1.0,0.09239215,-0.30756247,-0.58107996,-1.0,-2.1559439,-1.88397,2.74743,-1.88397,-2.74743,1.8606094,5.6547,-0.513,0.4374003,-0.2466,1.5462,-0.513,0.5667009,-0.2466,-0.2943,-0.513,0.5427915,-0.2466,-0.2943,0.8842822,0.23145661,0.101725906,-0.23598
152,2.55051000000001,-0.25079829,-1.0,0.25977558,-1.0,-0.8738126,-0.03757509,0.97514886,-1.0,-0.20100929,-1.0,1.0,-1.0,-0.08828179,-1.0,-1.0,-1.0,-0.056773968,-1.0,-1.0,0.1141178,-0.3009385,-0.5588034,-1.0,-2.197752,-1.88397,2.74743,-1.88397,-2.74743,1.8543457,5.6547,-0.513,0.45484892,-0.2466,1.5462,-0.513,0.556608,-0.2466,-0.2943,-0.513,0.58505017,-0.2466,-0.2943,0.89536124,0.2354361,0.12099993,-0.23598
153,2.5671800000000102,-0.24139221,-1.0,0.31345025,-1.0,-0.85806364,-0.016954625,0.9789762,-1.0,-0.19716786,-1.0,1.0,-1.0,-0.10173154,-1.0,-1.0,-1.0,-0.0478782,-1.0,-1.0,0.12860185,-0.28499934,-0.54165167,-1.0,-2.237992,-1.88397,2.74743,-1.88397,-2.74743,1.8515193,5.6547,-0.513,0.45831656,-0.2466,1.5462,-0.513,0.5444669,-0.2466,-0.2943,-0.513,0.59308034,-0.2466,-0.2943,0.90274745,0.24501185,0.13583985,-0.23598
154,2.5838500000000106,-0.24270438,-1.0,0.33931413,-1.0,-0.84839475,0.0057836343,0.9858034,-1.0,-0.17898165,-1.0,1.0,-1.0,-0.09438406,-1.0,-1.0,-1.0,0.01115532,-1.0,-1.0,0.16249916,-0.23732314,-0.52231455,-1.0,-2.278451,-1.88397,2.74743,-1.88397,-2.74743,1.8524835,5.6547,-0.513,0.47473326,-0.2466,1.5462,-0.513,0.55109954,-0.2466,-0.2943,-0.513,0.64636993,-0.2466,-0.2943,0.9200335,0.27365425,0.15257062,-0.23598
155,2.600520000000011,-0.21656753,-0.956528,0.4479251,-1.0,-0.81176376,0.057952233,1.0,-1.0,-0.14235926,-1.0,1.0,-1.0,-0.15619446,-1.0,-1.0,-1.0,0.37588525,-1.0,-1.0,0.29934615,0.00754115,-0.456912,-1.0,-2.3145528,-1.88397,2.74743,-1.88397,-2.74743,1.8621441,5.6547,-0.513,0.5077923,-0.2466,1.5462,-0.513,0.49530324,-0.2466,-0.2943,-0.513,0.9756116,-0.2466,-0.2943,0.9898191,0.4207612,0.20915787,-0.23598
156,2.6171900000000115,-0.24890365,-0.92913324,0.37197143,-1.0,-0.8387628,0.059712887,1.0,-1.0,-0.11491422,-1.0,1.0,-1.0,-0.121065125,-1.0,-1.0,-1.0,0.5130028,-1.0,-1.0,0.34175447,0.10877697,-0.46277085,-1.0,-2.356045,-1.88397,2.74743,-1.88397,-2.74743,1.8720982,5.6547,-0.513,0.5325669,-0.2466,1.5462,-0.513,0.5270145,-0.2466,-0.2943,-0.513,1.0993876,-0.2466,-0.2943,1.0114454,0.48158056,0.20408872,-0.23598
157,2.633860000000012,-0.25361198,-0.8903912,0.3417803,-1.0,-0.8346194,0.07702069,1.0,-1.0,-0.094604164,-1.0,1.0,-1.0,-0.11857188,-1.0,-1.0,-1.0,0.62284297,-1.0,-1.0,0.3813579,0.18323737,-0.44348234,-1.0,-2.398322,-1.88397,2.74743,-1.88397,-2.74743,1.88397,5.6547,-0.513,0.5509008,-0.2466,1.5462,-0.513,0.52926517,-0.2466,-0.2943,-0.513,1.1985403,-0.2466,-0.2943,1.0316412,0.5263141,0.22077742,-0.23598
158,2.6505300000000123,-0.30751616,-0.94096464,0.3358038,-1.0,-0.87118876,0.13710728,1.0,-1.0,-0.00622689,-1.0,1.0,-1.0,-0.0629946,-1.0,-1.0,-1.0,0.72303486,-1.0,-1.0,0.46413788,0.20623359,-0.41699383,-1.0,-2.449585,-1.88397,2.74743,-1.88397,-2.74743,1.88397,5.6547,-0.513,0.630679,-0.2466,1.5462,-0.513,0.57943475,-0.2466,-0.2943,-0.513,1.2889836,-0.2466,-0.2943,1.0738553,0.5401295,0.24369569,-0.23598
159,2.6672000000000127,-0.3474186,-1.0,0.36926517,-1.0,-0.88607997,0.19263822,1.0,-1.0,0.06856237,-1.0,1.0,-1.0,0.0020618504,-1.0,-1.0,-1.0,0.74369574,-1.0,-1.0,0.5257177,0.19588761,-0.38354656,-1.0,-2.5074997,-1.88397,2.74743,-1.88397,-2.74743,1.88397,5.6547,-0.513,0.6981912,-0.2466,1.5462,-0.513,0.63816124,-0.2466,-0.2943,-0.513,1.3076341,-0.2466,-0.2943,1.1052581,0.53391397,0.27263477,-0.23598
160,2.683870000000013,-0.3619191,-1.0,0.41953897,-1.0,-0.9379729,0.26492825,1.0,-1.0,0.13239469,-1.0,1.0,-1.0,0.031177618,-1.0,-1.0,-1.0,0.7375819,-1.0,-1.0,0.5741696,0.20504743,-0.35924074,-1.0,-2.5678315,-1.88397,2.74743,-1.88397,-2.74743,1.88397,5.6547,-0.513,0.7558127,-0.2466,1.5462,-0.513,0.664444,-0.2466,-0.2943,-0.513,1.3021152,-0.2466,-0.2943,1.1299663,0.5394169,0.29366452,-0.23598
161,2.7005400000000135,-0.37195325,-1.0,0.4544403,-1.0,-1.0,0.3066724,1.0,-1.0,0.18520431,-1.0,1.0,-1.0,0.06059166,-1.0,-1.0,-1.0,0.78289336,-1.0,-1.0,0.60940695,0.23379102,-0.35925192,-1.0,-2.629836,-1.88397,2.74743,-1.88397,-2.74743,1.88397,5.6547,-0.513,0.8034839,-0.2466,1.5462,-0.513,0.6909961,-0.2466,-0.2943,-0.513,1.3430178,-0.2466,-0.2943,1.1479357,0.55668515,0.29365486,-0.23598
162,2.717210000000014,-0.39446557,-1.0,0.48362944,-1.0,-1.0,0.31204015,1.0,-1.0,0.22302459,-1.0,1.0,-1.0,0.09520448,-1.0,-1.0,-1.0,0.8664676,-1.0,-1.0,0.64080995,0.25555602,-0.36565834,-1.0,-2.6955936,-1.88397,2.74743,-1.88397,-2.74743,1.88397,5.6547,-0.513,0.8376243,-0.2466,1.5462,-0.513,0.7222411,-0.2466,-0.2943,-0.513,1.4184602,-0.2466,-0.2943,1.1639497,0.5697609,0.28811193,-0.23598
163,2.7338800000000143,-0.40735912,-1.0,0.5074993,-1.0,-1.0,0.31467453,1.0,-1.0,0.24688353,-1.0,1.0,-1.0,0.11672335,-1.0,-1.0,-1.0,0.93419826,-1.0,-1.0,0.66460943,0.2716972,-0.3655589,-1.0,-2.74743,-1.88397,2.74743,-1.88397,-2.74743,1.88397,5.6547,-0.513,0.85916173,-0.2466,1.5462,-0.513,0.7416662,-0.2466,-0.2943,-0.513,1.4796008,-0.2466,-0.2943,1.1760864,0.57945806,0.28819796,-0.23598
164,2.7505500000000147,-0.4141339,-1.0,0.52603644,-1.0,-1.0,0.31931552,1.0,-1.0,0.26323697,-1.0,1.0,-1.0,0.130033,-1.0,-1.0,-1.0,0.9855055,-1.0,-1.0,0.6841123,0.28524998,-0.35962263,-1.0,-2.74743,-1.88397,2.74743,-1.88397,-2.74743,1.88397,5.6547,-0.513,0.873924,-0.2466,1.5462,-0.513,0.75368077,-0.2466,-0.2943,-0.513,1.5259159,-0.2466,-0.2943,1.1860319,0.5876001,0.2933341,-0.23598
165,2.767220000000015,-0.4172439,-1.0,0.5424987,-1.0,-1.0,0.3227637,1.0,-1.0,0.27447632,-1.0,1.0,-1.0,0.14216834,-1.0,-1.0,-1.0,1.0,-1.0,-1.0,0.70021224,0.3005861,-0.35132062,-1.0,-2.74743,-1.88397,2.74743,-1.88397,-2.74743,1.88397,5.6547,-0.513,0.8840698,-0.2466,1.5462,-0.513,0.7646354,-0.2466,-0.2943,-0.513,1.539,-0.2466,-0.2943,1.1942422,0.5968136,0.3005171,-0.23598
166,2.7838900000000155,-0.41900778,-1.0,0.5579662,-1.0,-1.0,0.32649705,1.0,-1.0,0.28467956,-1.0,1.0,-1.0,0.15651399,-1.0,-1.0,-1.0,1.0,-1.0,-1.0,0.71545607,0.31746444,-0.3413699,-1.0,-2.74743,-1.88397,2.74743,-1.88397,-2.74743,1.88397,5.6547,-0.513,0.89328027,-0.2466,1.5462,-0.513,0.77758515,-0.2466,-0.2943,-0.513,1.539,-0.2466,-0.2943,1.2020159,0.60695356,0.30912665,-0.23598
167,2.800560000000016,-0.4214759,-1.0,0.57364917,-1.0,-1.0,0.3327056,1.0,-1.0,0.29708725,-1.0,1.0,-1.0,0.1726917,-1.0,-1.0,-1.0,1.0,-1.0,-1.0,0.73202485,0.33381054,-0.32981136,-1.0,-2.74743,-1.88397,2.74743,-1.88397,-2.74743,1.88397,5.6547,-0.513,0.90448064,-0.2466,1.5462,-0.513,0.7921888,-0.2466,-0.2943,-0.513,1.539,-0.2466,-0.2943,1.2104652,0.61677384,0.31912726,-0.23598
168,2.8172300000000163,-0.42716014,-1.0,0.5856526,-1.0,-1.0,0.34302187,1.0,-1.0,0.3141415,-1.0,1.0,-1.0,0.19027376,-1.0,-1.0,-1.0,1.0,-1.0,-1.0,0.75098413,0.34717798,-0.3174198,-1.0,-2.74743,-1.88397,2.74743,-1.88397,-2.74743,1.88397,5.6547,-0.513,0.91987556,-0.2466,1.5462,-0.513,0.8080601,-0.2466,-0.2943,-0.513,1.539,-0.2466,-0.2943,1.2201335,0.62480456,0.32984862,-0.23598
169,2.8339000000000167,-0.43261826,-1.0,0.5937433,-1.0,-1.0,0.35472053,1.0,-1.0,0.33164915,-1.0,1.0,-1.0,0.20324902,-1.0,-1.0,-1.0,1.0,-1.0,-1.0,0.7682112,0.35760474,-0.30509102,-1.0,-2.74743,-1.88397,2.74743,-1.88397,-2.74743,1.88397,5.6547,-0.513,0.9356797,-0.2466,1.5462,-0.513,0.8197729,-0.2466,-0.2943,-0.513,1.539,-0.2466,-0.2943,1.2289184,0.63106865,0.34051567,-0.23598
170,2.850570000000017,-0.43531537,-1.0,0.6014005,-1.0,-1.0,0.36500248,1.0,-1.0,0.34705645,-1.0,1.0,-1.0,0.21252775,-1.0,-1.0,-1.0,1.0,-1.0,-1.0,0.7827069,0.36780775,-0.2928868,-1.0,-2.74743,-1.88397,2.74743,-1.88397,-2.74743,1.88397,5.6547,-0.513,0.9495879,-0.2466,1.5462,-0.513,0.8281488,-0.2466,-0.2943,-0.513,1.539,-0.2466,-0.2943,1.2363106,0.6371983,0.35107496,-0.23598
171,2.8672400000000176,-0.43514365,-1.0,0.6111131,-1.0,-1.0,0.37226772,1.0,-1.0,0.35895553,-1.0,1.0,-1.0,0.21806264,-1.0,-1.0,-1.0,1.0,-1.0,-1.0,0.79375404,0.37660408,-0.28180453,-1.0,-2.74743,-1.88397,2.74743,-1.88397,-2.74743,1.88397,5.6547,-0.513,0.9603292,-0.2466,1.5462,-0.513,0.83314514,-0.2466,-0.2943,-0.513,1.539,-0.2466,-0.2943,1.2419442,0.6424829,0.3606635,-0.23598
172,2.883910000000018,-0.43523836,-1.0,0.6225478,-1.0,-1.0,0.3769468,1.0,-1.0,0.36896092,-1.0,1.0,-1.0,0.22314385,-1.0,-1.0,-1.0,1.0,-1.0,-1.0,0.8034623,0.38383782,-0.27237433,-1.0,-2.74743,-1.88397,2.74743,-1.88397,-2.74743,1.88397,5.6547,-0.513,0.969361,-0.2466,1.5462,-0.513,0.83773196,-0.2466,-0.2943,-0.513,1.539,-0.2466,-0.2943,1.246895,0.64682865,0.36882263,-0.23598
173,2.9005800000000184,-0.43806726,-1.0,0.6339123,-1.0,-0.9957979,0.38182813,1.0,-1.0,0.3787592,-1.0,1.0,-1.0,0.22843787,-1.0,-1.0,-1.0,1.0,-1.0,-1.0,0.8145901,0.3912415,-0.26389515,-1.0,-2.74743,-1.88397,2.74743,-1.88397,-2.74743,1.88397,5.6547,-0.513,0.9782059,-0.2466,1.5462,-0.513,0.8425109,-0.2466,-0.2943,-0.513,1.539,-0.2466,-0.2943,1.2525696,0.6512766,0.37615895,-0.23598
174,2.9172500000000188,-0.44364327,-1.0,0.64283514,-1.0,-0.9868134,0.3865248,1.0,-1.0,0.38770488,-1.0,1.0,-1.0,0.23412925,-1.0,-1.0,-1.0,1.0,-1.0,-1.0,0.82668835,0.39890468,-0.25601643,-1.0,-2.74743,-1.88397,2.74743,-1.88397,-2.74743,1.88397,5.6547,-0.513,0.9862812,-0.2466,1.5462,-0.513,0.8476485,-0.2466,-0.2943,-0.513,1.539,-0.2466,-0.2943,1.2587391,0.6558804,0.38297573,-0.23598
175,2.933920000000019,-0.45595568,-1.0,0.6439799,-1.0,-0.9801661,0.39349318,1.0,-1.0,0.39973265,-1.0,1.0,-1.0,0.24076602,-1.0,-1.0,-1.0,1.0,-1.0,-1.0,0.8435405,0.40514863,-0.24764916,-1.0,-2.74743,-1.88397,2.74743,-1.88397,-2.74743,1.88397,5.6547,-0.513,0.9971387,-0.2466,1.5462,-0.513,0.8536395,-0.2466,-0.2943,-0.513,1.539,-0.2466,-0.2943,1.2673329,0.65963155,0.39021522,-0.23598
176,2.9505900000000196,-0.4717732,-1.0,0.63642436,-1.0,-0.96979,0.39814043,1.0,-1.0,0.4080786,-1.0,1.0,-1.0,0.24665618,-1.0,-1.0,-1.0,1.0,-1.0,-1.0,0.86003274,0.41038972,-0.23952167,-1.0,-2.74743,-1.88397,2.74743,-1.88397,-2.74743,1.88397,5.6547,-0.513,1.0046725,-0.2466,1.5462,-0.513,0.8589565,-0.2466,-0.2943,-0.513,1.539,-0.2466,-0.2943,1.2757432,0.6627802,0.39724725,-0.23598
177,2.96726000000002,-0.4950568,-1.0,0.6114848,-1.0,-0.9512322,0.40005624,1.0,-1.0,0.40951565,-1.0,1.0,-1.0,0.24961981,-1.0,-1.0,-1.0,1.0,-1.0,-1.0,0.875354,0.4104778,-0.23073274,-1.0,-2.74743,-1.88397,2.74743,-1.88397,-2.74743,1.88397,5.6547,-0.513,1.0059698,-0.2466,1.5462,-0.513,0.8616318,-0.2466,-0.2943,-0.513,1.539,-0.2466,-0.2943,1.2835563,0.66283315,0.4048516,-0.23598
178,2.9839300000000204,-0.52516866,-1.0,0.5501143,-1.0,-0.9145388,0.39205387,1.0,-1.0,0.3918925,-1.0,1.0,-1.0,0.24479538,-1.0,-1.0,-1.0,1.0,-1.0,-1.0,0.880581,0.40042934,-0.22182238,-1.0,-2.74743,-1.88397,2.74743,-1.88397,-2.74743,1.88397,5.6547,-0.513,0.99006134,-0.2466,1.5462,-0.513,0.8572768,-0.2466,-0.2943,-0.513,1.539,-0.2466,-0.2943,1.2862219,0.65679634,0.41256094,-0.23598
179,3.000600000000021,-0.5378021,-1.0,0.48378155,-1.0,-0.8647647,0.37065455,1.0,-1.0,0.35095876,-1.0,1.0,-1.0,0.22035217,-1.0,-1.0,-1.0,1.0,-1.0,-1.0,0.86617917,0.38877946,-0.214663,-1.0,-2.74743,-1.88397,2.74743,-1.88397,-2.74743,1.88397,5.6547,-0.513,0.95311046,-0.2466,1.5462,-0.513,0.83521193,-0.2466,-0.2943,-0.513,1.539,-0.2466,-0.2943,1.2788776,0.64979744,0.41875535,-0.23598
180,3.017270000000021,-0.5371574,-1.0,0.4441684,-1.0,-0.8281377,0.35678548,1.0,-1.0,0.3184571,-1.0,1.0,-1.0,0.19307569,-1.0,-1.0,-1.0,1.0,-1.0,-1.0,0.8523384,0.37783194,-0.20718934,-1.0,-2.74743,-1.88397,2.74743,-1.88397,-2.74743,1.88397,5.6547,-0.513,0.9237712,-0.2466,1.5462,-0.513,0.81058943,-0.2466,-0.2943,-0.513,1.539,-0.2466,-0.2943,1.2718195,0.64322054,0.42522168,-0.23598
181,3.0339400000000216,-0.5369104,-1.0,0.42390165,-1.0,-0.8073754,0.3581172,1.0,-1.0,0.3046658,-1.0,1.0,-1.0,0.1728687,-1.0,-1.0,-1.0,1.0,-1.0,-1.0,0.85023296,0.36623532,-0.19742648,-1.0,-2.74743,-1.88397,2.74743,-1.88397,-2.74743,1.88397,5.6547,-0.513,0.9113218,-0.2466,1.5462,-0.513,0.79234856,-0.2466,-0.2943,-0.513,1.539,-0.2466,-0.2943,1.2707458,0.63625365,0.43366864,-0.23598
182,3.050610000000022,-0.5394203,-1.0,0.41569832,-1.0,-0.79535604,0.36768436,1.0,-1.0,0.30131096,-1.0,1.0,-1.0,0.15628487,-1.0,-1.0,-1.0,1.0,-1.0,-1.0,0.8550452,0.35453007,-0.18755245,-1.0,-2.74743,-1.88397,2.74743,-1.88397,-2.74743,1.88397,5.6547,-0.513,0.9082934,-0.2466,1.5462,-0.513,0.7773784,-0.2466,-0.2943,-0.513,1.539,-0.2466,-0.2943,1.2731998,0.6292215,0.4422118,-0.23598
183,3.0672800000000224,-0.5586445,-1.0,0.48253796,-1.0,-0.96914375,0.5087696,1.0,-1.0,0.40726814,-1.0,1.0,-1.0,0.20349415,-1.0,-1.0,-1.0,0.93119174,-1.0,-1.0,0.88298553,0.26525235,-0.21055068,-1.0,-2.74743,-1.88397,2.74743,-1.88397,-2.74743,1.88397,5.6547,-0.513,1.0039409,-0.2466,1.5462,-0.513,0.81999415,-0.2466,-0.2943,-0.513,1.4768867,-0.2466,-0.2943,1.287448,0.57558614,0.4223134,-0.23598
184,3.083950000000023,-0.563521,-1.0,0.46763015,-1.0,-0.9906943,0.4830067,1.0,-1.0,0.4138647,-1.0,1.0,-1.0,0.19510645,-1.0,-1.0,-1.0,1.0,-1.0,-1.0,0.88259614,0.28765318,-0.23418525,-1.0,-2.74743,-1.88397,2.74743,-1.88397,-2.74743,1.88397,5.6547,-0.513,1.0098957,-0.2466,1.5462,-0.513,0.8124226,-0.2466,-0.2943,-0.513,1.539,-0.2466,-0.2943,1.2872494,0.5890439,0.4018644,-0.23598
185,3.1006200000000232,-0.5787291,-1.0,0.49265483,-1.0,-1.0,0.56199145,1.0,-1.0,0.4694743,-1.0,1.0,-1.0,0.16404848,-1.0,-1.0,-1.0,1.0,-1.0,-1.0,0.9368258,0.2433891,-0.19333911,-1.0,-2.74743,-1.88397,2.74743,-1.88397,-2.74743,1.88397,5.6547,-0.513,1.0600945,-0.2466,1.5462,-0.513,0.7843866,-0.2466,-0.2943,-0.513,1.539,-0.2466,-0.2943,1.3149041,0.5624514,0.4372051,-0.23598
186,3.1172900000000237,-0.59605515,-1.0,0.5297879,-1.0,-1.0,0.58001554,1.0,-1.0,0.50426847,-1.0,1.0,-1.0,0.18871701,-1.0,-1.0,-1.0,1.0,-1.0,-1.0,0.9555417,0.23487428,-0.20028079,-1.0,-2.74743,-1.88397,2.74743,-1.88397,-2.74743,1.88397,5.6547,-0.513,1.0915031,-0.2466,1.5462,-0.513,0.8066549,-0.2466,-0.2943,-0.513,1.539,-0.2466,-0.2943,1.3244483,0.557336,0.43119907,-0.23598
187,3.133960000000024,-0.6138552,-1.0,0.58476895,-1.0,-1.0,0.56168395,1.0,-1.0,0.51246446,-1.0,1.0,-1.0,0.20812187,-1.0,-1.0,-1.0,1.0,-1.0,-1.0,0.9706345,0.24225152,-0.20911378,-1.0,-2.74743,-1.88397,2.74743,-1.88397,-2.74743,1.88397,5.6547,-0.513,1.0989016,-0.2466,1.5462,-0.513,0.8241716,-0.2466,-0.2943,-0.513,1.539,-0.2466,-0.2943,1.332145,0.561768,0.42355663,-0.23598
188,3.1506300000000245,-0.64405805,-1.0,0.62415874,-1.0,-1.0,0.5544338,1.0,-1.0,0.53744143,-1.0,1.0,-1.0,0.24210393,-1.0,-1.0,-1.0,1.0,-1.0,-1.0,0.99574625,0.25053042,-0.2213385,-1.0,-2.74743,-1.88397,2.74743,-1.88397,-2.74743,1.88397,5.6547,-0.513,1.1214484,-0.2466,1.5462,-0.513,0.8548472,-0.2466,-0.2943,-0.513,1.539,-0.2466,-0.2943,1.3449508,0.5667417,0.4129796,-0.23598
189,3.167300000000025,-0.670313,-1.0,0.639527,-1.0,-1.0,0.5635506,1.0,-1.0,0.5577143,-1.0,1.0,-1.0,0.25925612,-1.0,-1.0,-1.0,1.0,-1.0,-1.0,1.0,0.2352545,-0.23062316,-1.0,-2.74743,-1.88397,2.74743,-1.88397,-2.74743,1.88397,5.6547,-0.513,1.1397487,-0.2466,1.5462,-0.513,0.8703305,-0.2466,-0.2943,-0.513,1.539,-0.2466,-0.2943,1.34712,0.5575644,0.4049464,-0.23598
190,3.1839700000000253,-0.679752,-1.0,0.64275914,-1.0,-1.0,0.57367533,1.0,-1.0,0.5618468,-1.0,1.0,-1.0,0.25793403,-1.0,-1.0,-1.0,1.0,-1.0,-1.0,1.0,0.20916975,-0.23368514,-1.0,-2.74743,-1.88397,2.74743,-1.88397,-2.74743,1.88397,5.6547,-0.513,1.1434791,-0.2466,1.5462,-0.513,0.86913705,-0.2466,-0.2943,-0.513,1.539,-0.2466,-0.2943,1.34712,0.5418935,0.4022971,-0.23598
191,3.2006400000000257,-0.6725265,-1.0,0.64668643,-1.0,-1.0,0.57753867,1.0,-1.0,0.55523825,-1.0,1.0,-1.0,0.25127706,-1.0,-1.0,-1.0,1.0,-1.0,-1.0,1.0,0.18458143,-0.23493753,-1.0,-2.74743,-1.88397,2.74743,-1.88397,-2.74743,1.88397,5.6547,-0.513,1.1375135,-0.2466,1.5462,-0.513,0.8631278,-0.2466,-0.2943,-0.513,1.539,-0.2466,-0.2943,1.34712,0.52712154,0.40121353,-0.23598
192,3.217310000000026,-0.6530938,-1.0,0.6577715,-1.0,-1.0,0.579506,1.0,-1.0,0.5447259,-1.0,1.0,-1.0,0.2394369,-1.0,-1.0,-1.0,1.0,-1.0,-1.0,0.98024994,0.16112795,-0.23533024,-1.0,-2.74743,-1.88397,2.74743,-1.88397,-2.74743,1.88397,5.6547,-0.513,1.1280241,-0.2466,1.5462,-0.513,0.8524397,-0.2466,-0.2943,-0.513,1.539,-0.2466,-0.2943,1.3370484,0.5130314,0.40087375,-0.23598
193,3.2339800000000265,-0.60875183,-1.0,0.6826505,-1.0,-1.0,0.59577334,1.0,-1.0,0.538421,-1.0,1.0,-1.0,0.20907913,-1.0,-1.0,-1.0,0.98499054,-1.0,-1.0,0.9579832,0.13791399,-0.22451288,-1.0,-2.74743,-1.88397,2.74743,-1.88397,-2.74743,1.88397,5.6547,-0.513,1.1223326,-0.2466,1.5462,-0.513,0.82503575,-0.2466,-0.2943,-0.513,1.525451,-0.2466,-0.2943,1.3256934,0.4990852,0.41023308,-0.23598
194,3.250650000000027,-0.57675517,-1.0,0.6814157,-1.0,-1.0,0.595755,1.0,-1.0,0.52664244,-1.0,1.0,-1.0,0.19375774,-1.0,-1.0,-1.0,0.98119134,-1.0,-1.0,0.9374255,0.13148904,-0.21247156,-1.0,-2.74743,-1.88397,2.74743,-1.88397,-2.74743,1.88397,5.6547,-0.513,1.1117002,-0.2466,1.5462,-0.513,0.8112051,-0.2466,-0.2943,-0.513,1.5220214,-0.2466,-0.2943,1.3152099,0.49522528,0.4206514,-0.23598
195,3.2673200000000273,-0.55487067,-1.0,0.7151083,-1.0,-1.0,0.61033845,1.0,-1.0,0.5359496,-1.0,1.0,-1.0,0.17935096,-1.0,-1.0,-1.0,0.97691435,-1.0,-1.0,0.92735815,0.115179054,-0.21312018,-1.0,-2.74743,-1.88397,2.74743,-1.88397,-2.74743,1.88397,5.6547,-0.513,1.1201017,-0.2466,1.5462,-0.513,0.79820013,-0.2466,-0.2943,-0.513,1.5181606,-0.2466,-0.2943,1.310076,0.48542675,0.42009023,-0.23598
196,3.2839900000000277,-0.53716004,-1.0,0.7321303,-1.0,-1.0,0.6226338,1.0,-1.0,0.53635526,-1.0,1.0,-1.0,0.15303728,-1.0,-1.0,-1.0,0.9593085,-1.0,-1.0,0.9161857,0.08912079,-0.21228257,-1.0,-2.74743,-1.88397,2.74743,-1.88397,-2.74743,1.88397,5.6547,-0.513,1.1204679,-0.2466,1.5462,-0.513,0.7744467,-0.2466,-0.2943,-0.513,1.5022678,-0.2466,-0.2943,1.3043786,0.46977174,0.42081493,-0.23598
197,3.300660000000028,-0.5166122,-1.0,0.73650074,-1.0,-1.0,0.61860234,1.0,-1.0,0.51252127,-1.0,1.0,-1.0,0.11450768,-1.0,-1.0,-1.0,0.9097407,-1.0,-1.0,0.88899285,0.05414639,-0.21286735,-1.0,-2.74743,-1.88397,2.74743,-1.88397,-2.74743,1.88397,5.6547,-0.513,1.0989529,-0.2466,1.5462,-0.513,0.7396661,-0.2466,-0.2943,-0.513,1.4575229,-0.2466,-0.2943,1.2905115,0.44876018,0.42030898,-0.23598
198,3.3173300000000285,-0.49753326,-1.0,0.730075,-1.0,-1.0,0.59172195,1.0,-1.0,0.4717752,-1.0,1.0,-1.0,0.07819819,-1.0,-1.0,-1.0,0.8670111,-1.0,-1.0,0.8543212,0.027453862,-0.21454026,-1.0,-2.74743,-1.88397,2.74743,-1.88397,-2.74743,1.88397,5.6547,-0.513,1.0621715,-0.2466,1.5462,-0.513,0.7068895,-0.2466,-0.2943,-0.513,1.4189509,-0.2466,-0.2943,1.2728306,0.43272415,0.41886154,-0.23598
199,3.334000000000029,-0.4756478,-1.0,0.72385204,-1.0,-1.0,0.56156427,1.0,-1.0,0.42697018,-1.0,1.0,-1.0,0.041542612,-1.0,-1.0,-1.0,0.82478005,-1.0,-1.0,0.81754273,0.00462953,-0.21586107,-1.0,-2.74743,-1.88397,2.74743,-1.88397,-2.74743,1.88397,5.6547,-0.513,1.021726,-0.2466,1.5462,-0.513,0.6738005,-0.2466,-0.2943,-0.513,1.380829,-0.2466,-0.2943,1.2540753,0.41901198,0.41771877,-0.23598
200,3.3506700000000293,-0.4520492,-1.0,0.7228853,-1.0,-0.9692098,0.52800107,1.0,-1.0,0.38104904,-1.0,1.0,-1.0,0.00875204,-1.0,-1.0,-1.0,0.787569,-1.0,-1.0,0.78041214,-0.014457956,-0.21623711,-1.0,-2.74743,-1.88397,2.74743,-1.88397,-2.74743,1.88397,5.6547,-0.513,0.98027295,-0.2466,1.5462,-0.513,0.64420044,-0.2466,-0.2943,-0.513,1.3472385,-0.2466,-0.2943,1.2351404,0.4075448,0.41739342,-0.23598
201,3.3673400000000298,-0.42892075,-1.0,0.7221817,-1.0,-0.9280928,0.49457186,1.0,-1.0,0.33783674,-1.0,1.0,-1.0,-0.019936923,-1.0,-1.0,-1.0,0.75691664,-1.0,-1.0,0.74539167,-0.030495666,-0.21683903,-1.0,-2.74743,-1.88397,2.74743,-1.88397,-2.74743,1.88397,5.6547,-0.513,0.9412652,-0.2466,1.5462,-0.513,0.61830294,-0.2466,-0.2943,-0.513,1.3195686,-0.2466,-0.2943,1.2172816,0.39790985,0.41687262,-0.23598
202,3.38401000000003,-0.40820438,-1.0,0.7197228,-1.0,-0.8892028,0.46281102,1.0,-1.0,0.2989525,-1.0,1.0,-1.0,-0.043362044,-1.0,-1.0,-1.0,0.7326626,-1.0,-1.0,0.71434754,-0.043880574,-0.21714689,-1.0,-2.74743,-1.88397,2.74743,-1.88397,-2.74743,1.88397,5.6547,-0.513,0.9061644,-0.2466,1.5462,-0.513,0.59715706,-0.2466,-0.2943,-0.513,1.2976745,-0.2466,-0.2943,1.2014506,0.3898686,0.41660625,-0.23598
203,3.4006800000000306,-0.3912081,-1.0,0.7134659,-1.0,-0.8517295,0.43022367,1.0,-1.0,0.26337937,-1.0,1.0,-1.0,-0.06042877,-1.0,-1.0,-1.0,0.7149345,-1.0,-1.0,0.6864587,-0.054933302,-0.21807092,-1.0,-2.74743,-1.88397,2.74743,-1.88397,-2.74743,1.88397,5.6547,-0.513,0.8740525,-0.2466,1.5462,-0.513,0.5817509,-0.2466,-0.2943,-0.513,1.2816714,-0.2466,-0.2943,1.1872286,0.38322845,0.41580677,-0.23598
204,3.417350000000031,-0.37782854,-1.0,0.7060571,-1.0,-0.8186424,0.39866456,1.0,-1.0,0.23212479,-1.0,1.0,-1.0,-0.06996011,-1.0,-1.0,-1.0,0.6991896,-1.0,-1.0,0.6616113,-0.063902594,-0.22043733,-1.0,-2.74743,-1.88397,2.74743,-1.88397,-2.74743,1.88397,5.6547,-0.513,0.845839,-0.2466,1.5462,-0.513,0.573147,-0.2466,-0.2943,-0.513,1.2674584,-0.2466,-0.2943,1.1745576,0.37783998,0.41375932,-0.23598
205,3.4340200000000314,-0.3672011,-1.0,0.7045941,-1.0,-0.7904678,0.37203628,1.0,-1.0,0.20635135,-1.0,1.0,-1.0,-0.07392313,-1.0,-1.0,-1.0,0.6833471,-1.0,-1.0,0.64148825,-0.06974629,-0.22252725,-1.0,-2.74743,-1.88397,2.74743,-1.88397,-2.74743,1.88397,5.6547,-0.513,0.82257336,-0.2466,1.5462,-0.513,0.5695696,-0.2466,-0.2943,-0.513,1.2531574,-0.2466,-0.2943,1.1642957,0.37432927,0.4119511,-0.23598
206,3.450690000000032,-0.36124986,-1.0,0.7016911,-1.0,-0.7651408,0.3473614,1.0,-1.0,0.18518625,-1.0,1.0,-1.0,-0.07394394,-1.0,-1.0,-1.0,0.67391676,-1.0,-1.0,0.62612903,-0.07336942,-0.22431031,-1.0,-2.74743,-1.88397,2.74743,-1.88397,-2.74743,1.88397,5.6547,-0.513,0.80346763,-0.2466,1.5462,-0.513,0.5695508,-0.2466,-0.2943,-0.513,1.2446446,-0.2466,-0.2943,1.1564631,0.3721526,0.41040835,-0.23598
207,3.467360000000032,-0.3574695,-1.0,0.6988028,-1.0,-0.7419734,0.32353503,1.0,-1.0,0.1660334,-1.0,1.0,-1.0,-0.072724,-1.0,-1.0,-1.0,0.6680265,-1.0,-1.0,0.6130333,-0.07520235,-0.2264432,-1.0,-2.74743,-1.88397,2.74743,-1.88397,-2.74743,1.88397,5.6547,-0.513,0.78617835,-0.2466,1.5462,-0.513,0.57065207,-0.2466,-0.2943,-0.513,1.2393275,-0.2466,-0.2943,1.1497849,0.37105143,0.40856296,-0.23598
208,3.4840300000000326,-0.35492408,-1.0,0.6963495,-1.0,-0.7215595,0.30148986,1.0,-1.0,0.14880551,-1.0,1.0,-1.0,-0.070925735,-1.0,-1.0,-1.0,0.66344047,-1.0,-1.0,0.60163254,-0.07596328,-0.22888939,-1.0,-2.74743,-1.88397,2.74743,-1.88397,-2.74743,1.88397,5.6547,-0.513,0.7706267,-0.2466,1.5462,-0.513,0.57227534,-0.2466,-0.2943,-0.513,1.2351876,-0.2466,-0.2943,1.1439711,0.3705943,0.40644646,-0.23598
209,3.500700000000033,-0.35291523,-1.0,0.6940442,-1.0,-0.7032702,0.28112736,1.0,-1.0,0.13258548,-1.0,1.0,-1.0,-0.06952702,-1.0,-1.0,-1.0,0.6585703,-1.0,-1.0,0.5911663,-0.07605725,-0.23152138,-1.0,-2.74743,-1.88397,2.74743,-1.88397,-2.74743,1.88397,5.6547,-0.513,0.7559849,-0.2466,1.5462,-0.513,0.57353795,-0.2466,-0.2943,-0.513,1.2307914,-0.2466,-0.2943,1.1386338,0.37053785,0.40416923,-0.23598
210,3.5173700000000334,-0.35139364,-1.0,0.6911673,-1.0,-0.68649757,0.26223478,1.0,-1.0,0.116721466,-1.0,1.0,-1.0,-0.06881434,-1.0,-1.0,-1.0,0.6522687,-1.0,-1.0,0.5812614,-0.07562176,-0.23427075,-1.0,-2.74743,-1.88397,2.74743,-1.88397,-2.74743,1.88397,5.6547,-0.513,0.74166447,-0.2466,1.5462,-0.513,0.5741813,-0.2466,-0.2943,-0.513,1.225103,-0.2466,-0.2943,1.1335828,0.37079945,0.40179044,-0.23598
211,3.534040000000034,-0.35105777,-1.0,0.6848996,-1.0,-0.66965663,0.24435163,1.0,-1.0,0.0998971,-1.0,1.0,-1.0,-0.069163285,-1.0,-1.0,-1.0,0.6417993,-1.0,-1.0,0.5714491,-0.075394206,-0.23683733,-1.0,-2.74743,-1.88397,2.74743,-1.88397,-2.74743,1.88397,5.6547,-0.513,0.7264771,-0.2466,1.5462,-0.513,0.5738663,-0.2466,-0.2943,-0.513,1.2156522,-0.2466,-0.2943,1.128579,0.3709362,0.39956978,-0.23598
212,3.5507100000000342,-0.35326856,-1.0,0.66654104,-1.0,-0.64662313,0.22439155,1.0,-1.0,0.07741825,-1.0,1.0,-1.0,-0.071156375,-1.0,-1.0,-1.0,0.62095827,-1.0,-1.0,0.559661,-0.07686696,-0.23839854,-1.0,-2.74743,-1.88397,2.74743,-1.88397,-2.74743,1.88397,5.6547,-0.513,0.70618546,-0.2466,1.5462,-0.513,0.57206714,-0.2466,-0.2943,-0.513,1.196839,-0.2466,-0.2943,1.1225675,0.37005138,0.39821902,-0.23598
213,3.5673800000000346,-0.35537803,-1.0,0.624877,-1.0,-0.6089024,0.19435045,1.0,-1.0,0.038691852,-1.0,1.0,-1.0,-0.07645907,-1.0,-1.0,-1.0,0.5803307,-1.0,-1.0,0.53846776,-0.07869052,-0.24038126,-1.0,-2.74743,-1.88397,2.74743,-1.88397,-2.74743,1.88397,5.6547,-0.513,0.67122716,-0.2466,1.5462,-0.513,0.5672804,-0.2466,-0.2943,-0.513,1.1601646,-0.2466,-0.2943,1.11176,0.36895585,0.39650354,-0.23598
214,3.584050000000035,-0.34216362,-1.0,0.5742366,-1.0,-0.56530344,0.15376076,1.0,-1.0,-0.018073354,-1.0,1.0,-1.0,-0.091627546,-1.0,-1.0,-1.0,0.5218576,-1.0,-1.0,0.4980017,-0.0793786,-0.24774241,-1.0,-2.74743,-1.88397,2.74743,-1.88397,-2.74743,1.88397,5.6547,-0.513,0.61998516,-0.2466,1.5462,-0.513,0.5535878,-0.2466,-0.2943,-0.513,1.1073809,-0.2466,-0.2943,1.0911242,0.36854246,0.39013454,-0.23598
215,3.6007200000000354,-0.31840068,-0.9692822,0.5421376,-1.0,-0.53394896,0.11752484,1.0,-1.0,-0.07146697,-1.0,1.0,-1.0,-0.111921415,-1.0,-1.0,-1.0,0.46620306,-1.0,-1.0,0.45302278,-0.08004888,-0.25863257,-1.0,-2.74743,-1.88397,2.74743,-1.88397,-2.74743,1.88397,5.6547,-0.513,0.57178676,-0.2466,1.5462,-0.513,0.53526855,-0.2466,-0.2943,-0.513,1.0571415,-0.2466,-0.2943,1.068187,0.3681398,0.3807122,-0.23598
216,3.617390000000036,-0.29938573,-0.9480917,0.53295213,-1.0,-0.5184327,0.09619207,1.0,-1.0,-0.106313005,-1.0,1.0,-1.0,-0.12997515,-1.0,-1.0,-1.0,0.42452815,-1.0,-1.0,0.421091,-0.08345442,-0.2672286,-1.0,-2.74743,-1.88397,2.74743,-1.88397,-2.74743,1.88397,5.6547,-0.513,0.54033124,-0.2466,1.5462,-0.513,0.51897144,-0.2466,-0.2943,-0.513,1.0195216,-0.2466,-0.2943,1.0519034,0.36609384,0.3732748,-0.23598
217,3.6340600000000363,-0.31672597,-0.836033,0.5526662,-0.9561072,-0.42573515,0.039310448,0.91101784,-1.0,-0.14156301,-1.0,1.0,-1.0,-0.09380869,-1.0,-1.0,-1.0,0.5177768,-1.0,-1.0,0.44514912,0.023030326,-0.24703252,-1.0,-2.74743,-1.88397,2.74743,-1.88397,-2.74743,1.88397,5.6547,-0.513,0.50851107,-0.2466,1.5462,-0.513,0.5516189,-0.2466,-0.2943,-0.513,1.1036971,-0.2466,-0.2943,1.0641719,0.43006662,0.39074877,-0.23598
218,3.6507300000000367,-0.32682496,-0.844889,0.5048602,-0.99395853,-0.4819054,0.067903146,0.95433587,-1.0,-0.13090155,-1.0,1.0,-1.0,-0.099192746,-1.0,-1.0,-1.0,0.48043647,-1.0,-1.0,0.4497464,0.030947812,-0.26351455,-1.0,-2.74743,-1.88397,2.74743,-1.88397,-2.74743,1.88397,5.6547,-0.513,0.5181352,-0.2466,1.5462,-0.513,0.5467587,-0.2466,-0.2943,-0.513,1.06999,-0.2466,-0.2943,1.0665163,0.4348232,0.37648827,-0.23598
219,3.667400000000037,-0.3310908,-0.83432525,0.50468874,-0.9736865,-0.47795033,0.06237369,0.9314491,-1.0,-0.12816882,-1.0,1.0,-1.0,-0.08130834,-1.0,-1.0,-1.0,0.4993209,-1.0,-1.0,0.45577672,0.051661633,-0.26392767,-1.0,-2.74743,-1.88397,2.74743,-1.88397,-2.74743,1.88397,5.6547,-0.513,0.520602,-0.2466,1.5462,-0.513,0.562903,-0.2466,-0.2943,-0.513,1.087037,-0.2466,-0.2943,1.0695914,0.4472674,0.37613082,-0.23598
220,3.6840700000000375,-0.33153796,-0.835852,0.5036477,-0.98123616,-0.4807884,0.068579264,0.9450156,-1.0,-0.12798482,-1.0,1.0,-1.0,-0.08854869,-1.0,-1.0,-1.0,0.49143723,-1.0,-1.0,0.4573121,0.04817064,-0.26192212,-1.0,-2.74743,-1.88397,2.74743,-1.88397,-2.74743,1.88397,5.6547,-0.513,0.5207681,-0.2466,1.5462,-0.513,0.5563671,-0.2466,-0.2943,-0.513,1.0799204,-0.2466,-0.2943,1.0703744,0.44517013,0.37786606,-0.23598
221,3.700740000000038,-0.3296274,-0.8375475,0.50911546,-0.98424596,-0.48282766,0.07215646,0.95222205,-1.0,-0.12918529,-1.0,1.0,-1.0,-0.09429108,-1.0,-1.0,-1.0,0.48303655,-1.0,-1.0,0.45641214,0.04590427,-0.26112902,-1.0,-2.74743,-1.88397,2.74743,-1.88397,-2.74743,1.88397,5.6547,-0.513,0.51968443,-0.2466,1.5462,-0.513,0.55118346,-0.2466,-0.2943,-0.513,1.0723372,-0.2466,-0.2943,1.0699154,0.4438086,0.37855226,-0.23598
222,3.7174100000000383,-0.3212695,-0.84787405,0.51988304,-0.9945466,-0.48694336,0.07910794,0.96728677,-1.0,-0.13495804,-1.0,1.0,-1.0,-0.10881486,-1.0,-1.0,-1.0,0.45043352,-1.0,-1.0,0.44681656,0.031023853,-0.26075742,-1.0,-2.74743,-1.88397,2.74743,-1.88397,-2.74743,1.88397,5.6547,-0.513,0.5144734,-0.2466,1.5462,-0.513,0.5380728,-0.2466,-0.2943,-0.513,1.0429063,-0.2466,-0.2943,1.0650221,0.43486887,0.37887377,-0.23598
223,3.7340800000000387,-0.3125742,-0.8675178,0.5336421,-1.0,-0.49475014,0.0867539,0.9820501,-1.0,-0.13854326,-1.0,1.0,-1.0,-0.1203373,-1.0,-1.0,-1.0,0.41207832,-1.0,-1.0,0.43510014,0.011014566,-0.26190567,-1.0,-2.74743,-1.88397,2.74743,-1.88397,-2.74743,1.88397,5.6547,-0.513,0.511237,-0.2466,1.5462,-0.513,0.5276715,-0.2466,-0.2943,-0.513,1.0082831,-0.2466,-0.2943,1.0590473,0.42284793,0.37788028,-0.23598
224,3.750750000000039,-0.3065204,-0.8829501,0.54241157,-1.0,-0.4988457,0.09281501,0.9966728,-1.0,-0.14245401,-1.0,1.0,-1.0,-0.13181445,-1.0,-1.0,-1.0,0.3799606,-1.0,-1.0,0.4258949,-0.0064866617,-0.26155606,-1.0,-2.74743,-1.88397,2.74743,-1.88397,-2.74743,1.88397,5.6547,-0.513,0.50770676,-0.2466,1.5462,-0.513,0.5173111,-0.2466,-0.2943,-0.513,0.9792904,-0.2466,-0.2943,1.0543531,0.41233373,0.37818277,-0.23598
225,3.7674200000000395,-0.3046885,-0.89131445,0.5442828,-1.0,-0.4999147,0.09717974,1.0,-1.0,-0.1452447,-1.0,1.0,-1.0,-0.14160724,-1.0,-1.0,-1.0,0.36163324,-1.0,-1.0,0.4217793,-0.017358474,-0.25993064,-1.0,-2.74743,-1.88397,2.74743,-1.88397,-2.74743,1.88397,5.6547,-0.513,0.50518763,-0.2466,1.5462,-0.513,0.50847113,-0.2466,-0.2943,-0.513,0.9627463,-0.2466,-0.2943,1.0522543,0.40580225,0.3795891,-0.23598
226,3.78409000000004,-0.30491704,-0.89334494,0.54299694,-1.0,-0.4990229,0.1002302,1.0,-1.0,-0.14792171,-1.0,1.0,-1.0,-0.1502567,-1.0,-1.0,-1.0,0.35201907,-1.0,-1.0,0.4207827,-0.022386506,-0.25770676,-1.0,-2.74743,-1.88397,2.74743,-1.88397,-2.74743,1.88397,5.6547,-0.513,0.5027711,-0.2466,1.5462,-0.513,0.5006633,-0.2466,-0.2943,-0.513,0.9540676,-0.2466,-0.2943,1.0517461,0.40278158,0.38151324,-0.23598
227,3.8007600000000403,-0.30646294,-0.8915016,0.53984547,-1.0,-0.4980448,0.10276597,1.0,-1.0,-0.15019171,-1.0,1.0,-1.0,-0.15789019,-1.0,-1.0,-1.0,0.348004,-1.0,-1.0,0.42189717,-0.02308745,-0.25554243,-1.0,-2.74743,-1.88397,2.74743,-1.88397,-2.74743,1.88397,5.6547,-0.513,0.50072193,-0.2466,1.5462,-0.513,0.49377254,-0.2466,-0.2943,-0.513,0.9504432,-0.2466,-0.2943,1.0523144,0.40236047,0.38338587,-0.23598
228,3.8174300000000407,-0.30862856,-0.88644487,0.5351732,-1.0,-0.49732697,0.10465791,1.0,-1.0,-0.15250356,-1.0,1.0,-1.0,-0.164961,-1.0,-1.0,-1.0,0.34792548,-1.0,-1.0,0.4241618,-0.020298786,-0.25374076,-1.0,-2.74743,-1.88397,2.74743,-1.88397,-2.74743,1.88397,5.6547,-0.513,0.49863502,-0.2466,1.5462,-0.513,0.4873897,-0.2466,-0.2943,-0.513,0.95037234,-0.2466,-0.2943,1.0534693,0.4040358,0.38494468,-0.23598
229,3.834100000000041,-0.31035095,-0.8788329,0.53103137,-1.0,-0.49653274,0.10628623,1.0,-1.0,-0.15522806,-1.0,1.0,-1.0,-0.17260769,-1.0,-1.0,-1.0,0.35018456,-1.0,-1.0,0.42693257,-0.014951505,-0.25197613,-1.0,-2.74743,-1.88397,2.74743,-1.88397,-2.74743,1.88397,5.6547,-0.513,0.49617562,-0.2466,1.5462,-0.513,0.48048705,-0.2466,-0.2943,-0.513,0.9524116,-0.2466,-0.2943,1.0548823,0.4072483,0.38647148,-0.23598
230,3.8507700000000415,-0.3104967,-0.8679474,0.5321971,-1.0,-0.4926349,0.10754685,1.0,-1.0,-0.1582833,-1.0,1.0,-1.0,-0.1802741,-1.0,-1.0,-1.0,0.35574156,-1.0,-1.0,0.43039516,-0.00718873,-0.24843109,-1.0,-2.74743,-1.88397,2.74743,-1.88397,-2.74743,1.88397,5.6547,-0.513,0.49341768,-0.2466,1.5462,-0.513,0.47356656,-0.2466,-0.2943,-0.513,0.9574279,-0.2466,-0.2943,1.056648,0.41191193,0.3895387,-0.23598
231,3.867440000000042,-0.31196523,-0.8570977,0.5317074,-1.0,-0.4899631,0.110826686,1.0,-1.0,-0.15940659,-1.0,1.0,-1.0,-0.18832883,-1.0,-1.0,-1.0,0.3645885,-1.0,-1.0,0.43631315,0.0015421882,-0.24400847,-1.0,-2.74743,-1.88397,2.74743,-1.88397,-2.74743,1.88397,5.6547,-0.513,0.4924037,-0.2466,1.5462,-0.513,0.46629557,-0.2466,-0.2943,-0.513,0.96541405,-0.2466,-0.2943,1.0596659,0.4171572,0.3933652,-0.23598
232,3.8841100000000424,-0.3140058,-0.847176,0.5305376,-1.0,-0.4886706,0.11601999,1.0,-1.0,-0.15865538,-1.0,1.0,-1.0,-0.19670697,-1.0,-1.0,-1.0,0.375709,-1.0,-1.0,0.44399172,0.010393038,-0.23891588,-1.0,-2.74743,-1.88397,2.74743,-1.88397,-2.74743,1.88397,5.6547,-0.513,0.49308178,-0.2466,1.5462,-0.513,0.45873263,-0.2466,-0.2943,-0.513,0.9754525,-0.2466,-0.2943,1.0635816,0.4224745,0.3977714,-0.23598
233,3.9007800000000428,-0.31674647,-0.8383639,0.5290005,-1.0,-0.48853403,0.122823976,1.0,-1.0,-0.1559714,-1.0,1.0,-1.0,-0.2048419,-1.0,-1.0,-1.0,0.38915354,-1.0,-1.0,0.45342666,0.019294843,-0.23319906,-1.0,-2.74743,-1.88397,2.74743,-1.88397,-2.74743,1.88397,5.6547,-0.513,0.49550462,-0.2466,1.5462,-0.513,0.45138922,-0.2466,-0.2943,-0.513,0.9875889,-0.2466,-0.2943,1.068393,0.42782244,0.40271768,-0.23598
234,3.917450000000043,-0.320346,-0.8308581,0.5270165,-1.0,-0.48972642,0.13110071,1.0,-1.0,-0.15133575,-1.0,1.0,-1.0,-0.21249472,-1.0,-1.0,-1.0,0.40480825,-1.0,-1.0,0.46460542,0.028280519,-0.22705288,-1.0,-2.74743,-1.88397,2.74743,-1.88397,-2.74743,1.88397,5.6547,-0.513,0.49968922,-0.2466,1.5462,-0.513,0.44448102,-0.2466,-0.2943,-0.513,1.0017204,-0.2466,-0.2943,1.0740937,0.43322077,0.40803543,-0.23598
235,3.9341200000000436,-0.32452768,-0.82446694,0.5245973,-1.0,-0.49194157,0.14047742,1.0,-1.0,-0.14521727,-1.0,1.0,-1.0,-0.21984062,-1.0,-1.0,-1.0,0.42206192,-1.0,-1.0,0.477059,0.03714522,-0.22057408,-1.0,-2.74743,-1.88397,2.74743,-1.88397,-2.74743,1.88397,5.6547,-0.513,0.50521237,-0.2466,1.5462,-0.513,0.43784988,-0.2466,-0.2943,-0.513,1.0172952,-0.2466,-0.2943,1.0804445,0.43854642,0.413641,-0.23598
236,3.950790000000044,-0.3291058,-0.8191509,0.5217206,-1.0,-0.49492002,0.15064597,1.0,-1.0,-0.13797265,-1.0,1.0,-1.0,-0.22694542,-1.0,-1.0,-1.0,0.44034708,-1.0,-1.0,0.49038368,0.0456175,-0.21386664,-1.0,-2.74743,-1.88397,2.74743,-1.88397,-2.74743,1.88397,5.6547,-0.513,0.51175207,-0.2466,1.5462,-0.513,0.43143636,-0.2466,-0.2943,-0.513,1.0338013,-0.2466,-0.2943,1.0872394,0.4436363,0.41944438,-0.23598
237,3.9674600000000444,-0.3337918,-0.81501114,0.51848257,-1.0,-0.4983467,0.16134736,1.0,-1.0,-0.12998803,-1.0,1.0,-1.0,-0.23386574,-1.0,-1.0,-1.0,0.458769,-1.0,-1.0,0.5040507,0.053267054,-0.20700157,-1.0,-2.74743,-1.88397,2.74743,-1.88397,-2.74743,1.88397,5.6547,-0.513,0.5189598,-0.2466,1.5462,-0.513,0.4251894,-0.2466,-0.2943,-0.513,1.0504308,-0.2466,-0.2943,1.094209,0.4482319,0.42538413,-0.23598
238,3.984130000000045,-0.33586818,-0.8141902,0.51701814,-1.0,-0.49920654,0.17283511,1.0,-1.0,-0.123068884,-1.0,1.0,-1.0,-0.24142648,-1.0,-1.0,-1.0,0.46948698,-1.0,-1.0,0.5148468,0.055736404,-0.19876228,-1.0,-2.74743,-1.88397,2.74743,-1.88397,-2.74743,1.88397,5.6547,-0.513,0.52520573,-0.2466,1.5462,-0.513,0.41836432,-0.2466,-0.2943,-0.513,1.0601059,-0.2466,-0.2943,1.0997144,0.4497154,0.43251288,-0.23598
239,4.000800000000045,-0.33774394,-0.8186182,0.5176418,-1.0,-0.5012388,0.18534717,1.0,-1.0,-0.11529526,-1.0,1.0,-1.0,-0.24797186,-1.0,-1.0,-1.0,0.47574356,-1.0,-1.0,0.52432066,0.05463628,-0.19125032,-1.0,-2.74743,-1.88397,2.74743,-1.88397,-2.74743,1.88397,5.6547,-0.513,0.532223,-0.2466,1.5462,-0.513,0.4124558,-0.2466,-0.2943,-0.513,1.0657537,-0.2466,-0.2943,1.1045457,0.4490545,0.43901235,-0.23598
240,4.017470000000045,-0.3389361,-0.8264911,0.5202655,-1.0,-0.5043833,0.19767356,1.0,-1.0,-0.107728064,-1.0,1.0,-1.0,-0.2545144,-1.0,-1.0,-1.0,0.47826204,-1.0,-1.0,0.5318579,0.050753314,-0.18492968,-1.0,-2.74743,-1.88397,2.74743,-1.88397,-2.74743,1.88397,5.6547,-0.513,0.53905386,-0.2466,1.5462,-0.513,0.40654984,-0.2466,-0.2943,-0.513,1.0680271,-0.2466,-0.2943,1.1083893,0.44672173,0.44448107,-0.23598
241,4.034140000000044,-0.33768648,-0.8383433,0.52730685,-1.0,-0.5068816,0.2073206,1.0,-1.0,-0.10416749,-1.0,1.0,-1.0,-0.26294637,-1.0,-1.0,-1.0,0.46946058,-1.0,-1.0,0.5329667,0.04102668,-0.18119662,-1.0,-2.74743,-1.88397,2.74743,-1.88397,-2.74743,1.88397,5.6547,-0.513,0.542268,-0.2466,1.5462,-0.513,0.39893833,-0.2466,-0.2943,-0.513,1.0600821,-0.2466,-0.2943,1.1089547,0.44087827,0.44771096,-0.23598
242,4.050810000000044,-0.33103627,-0.85751736,0.54269415,-1.0,-0.50842285,0.21067625,1.0,-1.0,-0.1106613,-1.0,1.0,-1.0,-0.27688724,-1.0,-1.0,-1.0,0.4343034,-1.0,-1.0,0.5191743,0.018949427,-0.18361151,-1.0,-2.74743,-1.88397,2.74743,-1.88397,-2.74743,1.88397,5.6547,-0.513,0.53640604,-0.2466,1.5462,-0.513,0.38635388,-0.2466,-0.2943,-0.513,1.0283457,-0.2466,-0.2943,1.1019212,0.42761493,0.44562158,-0.23598
243,4.067480000000043,-0.31754327,-0.8840807,0.56574845,-1.0,-0.5113892,0.20319408,1.0,-1.0,-0.13148378,-1.0,1.0,-1.0,-0.2966684,-1.0,-1.0,-1.0,0.36595878,-1.0,-1.0,0.48426387,-0.016446635,-0.19667412,-1.0,-2.74743,-1.88397,2.74743,-1.88397,-2.74743,1.88397,5.6547,-0.513,0.5176096,-0.2466,1.5462,-0.513,0.36849743,-0.2466,-0.2943,-0.513,0.96665096,-0.2466,-0.2943,1.0841186,0.40635008,0.4343196,-0.23598
244,4.084150000000043,-0.30087847,-0.9118517,0.5909874,-1.0,-0.5187387,0.19172367,1.0,-1.0,-0.15547834,-1.0,1.0,-1.0,-0.31512463,-1.0,-1.0,-1.0,0.29086727,-1.0,-1.0,0.44261944,-0.052156247,-0.21511252,-1.0,-2.74743,-1.88397,2.74743,-1.88397,-2.74743,1.88397,5.6547,-0.513,0.4959497,-0.2466,1.5462,-0.513,0.351837,-0.2466,-0.2943,-0.513,0.8988659,-0.2466,-0.2943,1.0628818,0.3848968,0.41836643,-0.23598
245,4.100820000000042,-0.28784388,-0.93382245,0.6107965,-1.0,-0.52723175,0.18134376,1.0,-1.0,-0.1722156,-1.0,1.0,-1.0,-0.3244344,-1.0,-1.0,-1.0,0.2369987,-1.0,-1.0,0.41031682,-0.077277906,-0.2315188,-1.0,-2.74743,-1.88397,2.74743,-1.88397,-2.74743,1.88397,5.6547,-0.513,0.48084098,-0.2466,1.5462,-0.513,0.34343308,-0.2466,-0.2943,-0.513,0.85023874,-0.2466,-0.2943,1.046409,0.3698045,0.40417147,-0.23598
246,4.117490000000042,-0.28026164,-0.9463622,0.62471145,-1.0,-0.53452355,0.17476773,1.0,-1.0,-0.18030973,-1.0,1.0,-1.0,-0.32721657,-1.0,-1.0,-1.0,0.20988208,-1.0,-1.0,0.39238423,-0.08932518,-0.24233435,-1.0,-2.74743,-1.88397,2.74743,-1.88397,-2.74743,1.88397,5.6547,-0.513,0.4735344,-0.2466,1.5462,-0.513,0.3409216,-0.2466,-0.2943,-0.513,0.82576054,-0.2466,-0.2943,1.0372642,0.36256686,0.3948137,-0.23598
247,4.134160000000041,-0.2759508,-0.95216376,0.6351302,-1.0,-0.53801167,0.17166913,1.0,-1.0,-0.18336546,-1.0,1.0,-1.0,-0.3278212,-1.0,-1.0,-1.0,0.19876862,-1.0,-1.0,0.3842958,-0.094651215,-0.24738218,-1.0,-2.74743,-1.88397,2.74743,-1.88397,-2.74743,1.88397,5.6547,-0.513,0.470776,-0.2466,1.5462,-0.513,0.3403758,-0.2466,-0.2943,-0.513,0.8157284,-0.2466,-0.2943,1.0331395,0.35936716,0.39044622,-0.23598
248,4.150830000000041,-0.27372205,-0.95646876,0.6429265,-1.0,-0.5392678,0.17098972,1.0,-1.0,-0.18405083,-1.0,1.0,-1.0,-0.32783532,-1.0,-1.0,-1.0,0.19257542,-1.0,-1.0,0.3806489,-0.09872592,-0.24925199,-1.0,-2.74743,-1.88397,2.74743,-1.88397,-2.74743,1.88397,5.6547,-0.513,0.47015733,-0.2466,1.5462,-0.513,0.34036306,-0.2466,-0.2943,-0.513,0.8101378,-0.2466,-0.2943,1.0312798,0.3569192,0.38882843,-0.23598
249,4.16750000000004,-0.2726671,-0.9611309,0.6491524,-1.0,-0.53994834,0.17155188,1.0,-1.0,-0.18329754,-1.0,1.0,-1.0,-0.3273443,-1.0,-1.0,-1.0,0.18858318,-1.0,-1.0,0.37902078,-0.10268491,-0.2498276,-1.0,-2.74743,-1.88397,2.74743,-1.88397,-2.74743,1.88397,5.6547,-0.513,0.4708373,-0.2466,1.5462,-0.513,0.3408063,-0.2466,-0.2943,-0.513,0.80653405,-0.2466,-0.2943,1.0304495,0.35454077,0.38833043,-0.23598
250,4.18417000000004,-0.27191633,-0.9658933,0.65494186,-1.0,-0.54000586,0.17191994,1.0,-1.0,-0.18255383,-1.0,1.0,-1.0,-0.3264507,-1.0,-1.0,-1.0,0.18459618,-1.0,-1.0,0.37760288,-0.1067257,-0.2501125,-1.0,-2.74743,-1.88397,2.74743,-1.88397,-2.74743,1.88397,5.6547,-0.513,0.47150865,-0.2466,1.5462,-0.513,0.34161294,-0.2466,-0.2943,-0.513,0.80293494,-0.2466,-0.2943,1.0297264,0.3521132,0.3880839,-0.23598
251,4.200840000000039,-0.23998214,-1.0,0.61278135,-1.0,-0.6369664,0.22778848,1.0,-1.0,-0.15170039,-1.0,1.0,-1.0,-0.32812214,-1.0,-1.0,-1.0,0.026318325,-1.0,-1.0,0.32753038,-0.21655074,-0.28181073,-1.0,-2.74743,-1.88397,2.74743,-1.88397,-2.74743,1.88397,5.6547,-0.513,0.49936005,-0.2466,1.5462,-0.513,0.34010413,-0.2466,-0.2943,-0.513,0.66005754,-0.2466,-0.2943,1.0041918,0.28613368,0.36065814,-0.23598
252,4.217510000000039,-0.25068384,-1.0,0.6248842,-1.0,-0.6170206,0.25899693,1.0,-1.0,-0.08499119,-1.0,1.0,-1.0,-0.2880562,-1.0,-1.0,-1.0,0.21979934,-1.0,-1.0,0.40785733,-0.15515119,-0.23556304,-1.0,-2.74743,-1.88397,2.74743,-1.88397,-2.74743,1.88397,5.6547,-0.513,0.5595785,-0.2466,1.5462,-0.513,0.37627167,-0.2466,-0.2943,-0.513,0.83471286,-0.2466,-0.2943,1.0451548,0.32302064,0.40067232,-0.23598
253,4.2341800000000385,-0.26874202,-1.0,0.5687366,-1.0,-0.6344085,0.2897656,1.0,-1.0,-0.042701773,-1.0,1.0,-1.0,-0.27267903,-1.0,-1.0,-1.0,0.31224802,-1.0,-1.0,0.4573658,-0.12627685,-0.21655898,-1.0,-2.74743,-1.88397,2.74743,-1.88397,-2.74743,1.88397,5.6547,-0.513,0.5977531,-0.2466,1.5462,-0.513,0.39015263,-0.2466,-0.2943,-0.513,0.9181663,-0.2466,-0.2943,1.0704018,0.34036744,0.4171149,-0.23598
254,4.250850000000038,-0.28259426,-1.0,0.5662939,-1.0,-0.6383939,0.30141032,1.0,-1.0,-0.015489839,-1.0,1.0,-1.0,-0.24835016,-1.0,-1.0,-1.0,0.3777513,-1.0,-1.0,0.49242422,-0.09562705,-0.20493159,-1.0,-2.74743,-1.88397,2.74743,-1.88397,-2.74743,1.88397,5.6547,-0.513,0.6223173,-0.2466,1.5462,-0.513,0.41211432,-0.2466,-0.2943,-0.513,0.9772961,-0.2466,-0.2943,1.08828,0.3587809,0.4271751,-0.23598
255,4.2675200000000375,-0.28482062,-1.0,0.5584745,-1.0,-0.6426574,0.30689785,1.0,-1.0,-0.012228463,-1.0,1.0,-1.0,-0.25146562,-1.0,-1.0,-1.0,0.38169208,-1.0,-1.0,0.49901256,-0.0935569,-0.20236854,-1.0,-2.74743,-1.88397,2.74743,-1.88397,-2.74743,1.88397,5.6547,-0.513,0.62526137,-0.2466,1.5462,-0.513,0.409302,-0.2466,-0.2943,-0.513,0.98085344,-0.2466,-0.2943,1.0916398,0.36002457,0.4293927,-0.23598
256,4.284190000000037,-0.27997565,-1.0,0.56281096,-1.0,-0.64120847,0.31042755,1.0,-1.0,-0.014165182,-1.0,1.0,-1.0,-0.2593587,-1.0,-1.0,-1.0,0.3713381,-1.0,-1.0,0.49716303,-0.1010826,-0.19949122,-1.0,-2.74743,-1.88397,2.74743,-1.88397,-2.74743,1.88397,5.6547,-0.513,0.6235131,-0.2466,1.5462,-0.513,0.4021769,-0.2466,-0.2943,-0.513,0.9715069,-0.2466,-0.2943,1.0906966,0.35550338,0.4318822,-0.23598
257,4.3008600000000365,-0.27325243,-1.0,0.5669676,-1.0,-0.6365009,0.30924407,1.0,-1.0,-0.021701492,-1.0,1.0,-1.0,-0.2678622,-1.0,-1.0,-1.0,0.35045648,-1.0,-1.0,0.48810625,-0.11275447,-0.19893962,-1.0,-2.74743,-1.88397,2.74743,-1.88397,-2.74743,1.88397,5.6547,-0.513,0.61671007,-0.2466,1.5462,-0.513,0.3945008,-0.2466,-0.2943,-0.513,0.95265704,-0.2466,-0.2943,1.086078,0.34849128,0.43235946,-0.23598
258,4.317530000000036,-0.26787865,-1.0,0.56933606,-1.0,-0.6341367,0.30719256,1.0,-1.0,-0.028170742,-1.0,1.0,-1.0,-0.27400088,-1.0,-1.0,-1.0,0.33240184,-1.0,-1.0,0.4794674,-0.12258016,-0.1999097,-1.0,-2.74743,-1.88397,2.74743,-1.88397,-2.74743,1.88397,5.6547,-0.513,0.61087024,-0.2466,1.5462,-0.513,0.3889594,-0.2466,-0.2943,-0.513,0.93635917,-0.2466,-0.2943,1.0816725,0.3425883,0.43152013,-0.23598
259,4.334200000000036,-0.26411432,-1.0,0.5692149,-1.0,-0.63356745,0.30594373,1.0,-1.0,-0.033226654,-1.0,1.0,-1.0,-0.27900708,-1.0,-1.0,-1.0,0.31733185,-1.0,-1.0,0.47266203,-0.13039759,-0.2013465,-1.0,-2.74743,-1.88397,2.74743,-1.88397,-2.74743,1.88397,5.6547,-0.513,0.6063063,-0.2466,1.5462,-0.513,0.3844403,-0.2466,-0.2943,-0.513,0.9227555,-0.2466,-0.2943,1.0782021,0.33789182,0.430277,-0.23598
260,4.350870000000035,-0.26042914,-1.0,0.5687441,-1.0,-0.6322512,0.30415395,1.0,-1.0,-0.03820111,-1.0,1.0,-1.0,-0.28325737,-1.0,-1.0,-1.0,0.30398962,-1.0,-1.0,0.46613902,-0.13755232,-0.20266724,-1.0,-2.74743,-1.88397,2.74743,-1.88397,-2.74743,1.88397,5.6547,-0.513,0.6018159,-0.2466,1.5462,-0.513,0.38060358,-0.2466,-0.2943,-0.513,0.9107114,-0.2466,-0.2943,1.0748757,0.3335935,0.42913428,-0.23598
261,4.367540000000035,-0.2574637,-1.0,0.56779736,-1.0,-0.631086,0.30152285,1.0,-1.0,-0.042589877,-1.0,1.0,-1.0,-0.28535295,-1.0,-1.0,-1.0,0.29177427,-1.0,-1.0,0.4595224,-0.14463031,-0.20468608,-1.0,-2.74743,-1.88397,2.74743,-1.88397,-2.74743,1.88397,5.6547,-0.513,0.59785414,-0.2466,1.5462,-0.513,0.3787119,-0.2466,-0.2943,-0.513,0.8996846,-0.2466,-0.2943,1.0715016,0.32934123,0.42738754,-0.23598
262,4.384210000000034,-0.25476116,-1.0,0.5689633,-1.0,-0.63050425,0.29914832,1.0,-1.0,-0.046261385,-1.0,1.0,-1.0,-0.2866503,-1.0,-1.0,-1.0,0.27991298,-1.0,-1.0,0.45337692,-0.15139344,-0.2068764,-1.0,-2.74743,-1.88397,2.74743,-1.88397,-2.74743,1.88397,5.6547,-0.513,0.5945398,-0.2466,1.5462,-0.513,0.37754077,-0.2466,-0.2943,-0.513,0.88897747,-0.2466,-0.2943,1.0683676,0.32527816,0.42549244,-0.23598
263,4.400880000000034,-0.2527439,-1.0,0.569863,-1.0,-0.6317597,0.29679808,1.0,-1.0,-0.049309224,-1.0,1.0,-1.0,-0.2876792,-1.0,-1.0,-1.0,0.26861376,-1.0,-1.0,0.44742522,-0.15812814,-0.2099117,-1.0,-2.74743,-1.88397,2.74743,-1.88397,-2.74743,1.88397,5.6547,-0.513,0.5917886,-0.2466,1.5462,-0.513,0.37661198,-0.2466,-0.2943,-0.513,0.8787776,-0.2466,-0.2943,1.0653325,0.32123217,0.42286626,-0.23598
264,4.417550000000033,-0.25432384,-1.0,0.57193017,-1.0,-0.6349568,0.29538983,1.0,-1.0,-0.05045572,-1.0,1.0,-1.0,-0.28654784,-1.0,-1.0,-1.0,0.2547437,-1.0,-1.0,0.44335347,-0.16690409,-0.21352327,-1.0,-2.74743,-1.88397,2.74743,-1.88397,-2.74743,1.88397,5.6547,-0.513,0.5907536,-0.2466,1.5462,-0.513,0.37763327,-0.2466,-0.2943,-0.513,0.86625713,-0.2466,-0.2943,1.0632561,0.31595984,0.41974145,-0.23598
265,4.434220000000033,-0.2743355,-1.0,0.574,-1.0,-0.649183,0.29851764,1.0,-1.0,-0.042108253,-1.0,1.0,-1.0,-0.27397192,-1.0,-1.0,-1.0,0.22719723,-1.0,-1.0,0.44809934,-0.18612039,-0.22084251,-1.0,-2.74743,-1.88397,2.74743,-1.88397,-2.74743,1.88397,5.6547,-0.513,0.5982889,-0.2466,1.5462,-0.513,0.38898554,-0.2466,-0.2943,-0.513,0.84139097,-0.2466,-0.2943,1.0656763,0.3044153,0.41340876,-0.23598
266,4.450890000000032,-0.3227597,-1.0,0.57316583,-1.0,-0.6750262,0.3012326,1.0,-1.0,-0.022734497,-1.0,1.0,-1.0,-0.24159104,-1.0,-1.0,-1.0,0.17993139,-1.0,-1.0,0.4641865,-0.22311482,-0.2344349,-1.0,-2.74743,-1.88397,2.74743,-1.88397,-2.74743,1.88397,5.6547,-0.513,0.61577755,-0.2466,1.5462,-0.513,0.41821578,-0.2466,-0.2943,-0.513,0.79872406,-0.2466,-0.2943,1.0738801,0.28219017,0.4016484,-0.23598
267,4.467560000000032,-0.3591962,-1.0,0.5692663,-1.0,-0.6798321,0.29313266,1.0,-1.0,-0.013878237,-1.0,1.0,-1.0,-0.2180113,-1.0,-1.0,-1.0,0.1572934,-1.0,-1.0,0.47648078,-0.2499147,-0.24105036,-1.0,-2.74743,-1.88397,2.74743,-1.88397,-2.74743,1.88397,5.6547,-0.513,0.62377214,-0.2466,1.5462,-0.513,0.4395012,-0.2466,-0.2943,-0.513,0.7782887,-0.2466,-0.2943,1.0801495,0.26608962,0.3959246,-0.23598
268,4.484230000000031,-0.36992395,-1.0,0.5648534,-1.0,-0.6718961,0.2870417,1.0,-1.0,-0.014570113,-1.0,1.0,-1.0,-0.21654361,-1.0,-1.0,-1.0,0.15413061,-1.0,-1.0,0.47955295,-0.26468068,-0.23944394,-1.0,-2.74743,-1.88397,2.74743,-1.88397,-2.74743,1.88397,5.6547,-0.513,0.62314755,-0.2466,1.5462,-0.513,0.4408261,-0.2466,-0.2943,-0.513,0.7754337,-0.2466,-0.2943,1.0817162,0.25721866,0.39731452,-0.23598
269,4.500900000000031,-0.37060153,-1.0,0.5647089,-1.0,-0.6696105,0.28496122,1.0,-1.0,-0.015150469,-1.0,1.0,-1.0,-0.22081797,-1.0,-1.0,-1.0,0.15464222,-1.0,-1.0,0.4782279,-0.2738103,-0.23898992,-1.0,-2.74743,-1.88397,2.74743,-1.88397,-2.74743,1.88397,5.6547,-0.513,0.6226237,-0.2466,1.5462,-0.513,0.4369676,-0.2466,-0.2943,-0.513,0.77589554,-0.2466,-0.2943,1.0810405,0.25173387,0.39770734,-0.23598
270,4.51757000000003,-0.3693261,-1.0,0.5673189,-1.0,-0.6723598,0.2843125,1.0,-1.0,-0.01594526,-1.0,1.0,-1.0,-0.22615741,-1.0,-1.0,-1.0,0.15258089,-1.0,-1.0,0.4755153,-0.2795577,-0.2407913,-1.0,-2.74743,-1.88397,2.74743,-1.88397,-2.74743,1.88397,5.6547,-0.513,0.6219062,-0.2466,1.5462,-0.513,0.4321477,-0.2466,-0.2943,-0.513,0.77403474,-0.2466,-0.2943,1.0796572,0.24828102,0.39614874,-0.23598
271,4.53424000000003,-0.3686214,-1.0,0.56835216,-1.0,-0.6752769,0.28268826,1.0,-1.0,-0.017341405,-1.0,1.0,-1.0,-0.22963081,-1.0,-1.0,-1.0,0.15081634,-1.0,-1.0,0.47282138,-0.28251773,-0.24339525,-1.0,-2.74743,-1.88397,2.74743,-1.88397,-2.74743,1.88397,5.6547,-0.513,0.62064594,-0.2466,1.5462,-0.513,0.42901227,-0.2466,-0.2943,-0.513,0.7724419,-0.2466,-0.2943,1.0782834,0.24650271,0.39389578,-0.23598
272,4.550910000000029,-0.36724508,-1.0,0.56817085,-1.0,-0.6765364,0.27991554,1.0,-1.0,-0.02023385,-1.0,1.0,-1.0,-0.23290889,-1.0,-1.0,-1.0,0.14835949,-1.0,-1.0,0.469307,-0.2843278,-0.24585114,-1.0,-2.74743,-1.88397,2.74743,-1.88397,-2.74743,1.88397,5.6547,-0.513,0.6180349,-0.2466,1.5462,-0.513,0.42605314,-0.2466,-0.2943,-0.513,0.7702241,-0.2466,-0.2943,1.0764912,0.24541529,0.3917709,-0.23598
273,4.567580000000029,-0.3657928,-1.0,0.5678533,-1.0,-0.6769514,0.27660874,1.0,-1.0,-0.023716204,-1.0,1.0,-1.0,-0.23555686,-1.0,-1.0,-1.0,0.1456906,-1.0,-1.0,0.46564275,-0.28504866,-0.24824695,-1.0,-2.74743,-1.88397,2.74743,-1.88397,-2.74743,1.88397,5.6547,-0.513,0.6148914,-0.2466,1.5462,-0.513,0.4236628,-0.2466,-0.2943,-0.513,0.76781493,-0.2466,-0.2943,1.0746226,0.24498221,0.389698,-0.23598
274,4.584250000000028,-0.36426932,-1.0,0.56731963,-1.0,-0.6772256,0.2734609,1.0,-1.0,-0.0272794,-1.0,1.0,-1.0,-0.23790942,-1.0,-1.0,-1.0,0.14260979,-1.0,-1.0,0.46201932,-0.28530085,-0.25053486,-1.0,-2.74743,-1.88397,2.74743,-1.88397,-2.74743,1.88397,5.6547,-0.513,0.6116749,-0.2466,1.5462,-0.513,0.42153916,-0.2466,-0.2943,-0.513,0.76503384,-0.2466,-0.2943,1.0727749,0.24483071,0.38771847,-0.23598
275,4.600920000000028,-0.36273772,-1.0,0.56682456,-1.0,-0.67726237,0.27041686,1.0,-1.0,-0.030770916,-1.0,1.0,-1.0,-0.23997334,-1.0,-1.0,-1.0,0.13977116,-1.0,-1.0,0.4586097,-0.28509617,-0.25262377,-1.0,-2.74743,-1.88397,2.74743,-1.88397,-2.74743,1.88397,5.6547,-0.513,0.6085231,-0.2466,1.5462,-0.513,0.41967607,-0.2466,-0.2943,-0.513,0.76247144,-0.2466,-0.2943,1.0710361,0.24495368,0.38591114,-0.23598
276,4.617590000000027,-0.36118346,-1.0,0.56632864,-1.0,-0.6770541,0.26756704,1.0,-1.0,-0.034152832,-1.0,1.0,-1.0,-0.24194464,-1.0,-1.0,-1.0,0.13727784,-1.0,-1.0,0.45547,-0.28454486,-0.25443232,-1.0,-2.74743,-1.88397,2.74743,-1.88397,-2.74743,1.88397,5.6547,-0.513,0.60547024,-0.2466,1.5462,-0.513,0.41789657,-0.2466,-0.2943,-0.513,0.7602207,-0.2466,-0.2943,1.069435,0.24528489,0.38434634,-0.23598
277,4.634260000000027,-0.35963786,-1.0,0.5657986,-1.0,-0.6766536,0.26493958,1.0,-1.0,-0.03735492,-1.0,1.0,-1.0,-0.24383926,-1.0,-1.0,-1.0,0.13533473,-1.0,-1.0,0.45266473,-0.28362665,-0.25595337,-1.0,-2.74743,-1.88397,2.74743,-1.88397,-2.74743,1.88397,5.6547,-0.513,0.6025797,-0.2466,1.5462,-0.513,0.4161863,-0.2466,-0.2943,-0.513,0.75846666,-0.2466,-0.2943,1.0680045,0.24583651,0.3830303,-0.23598
278,4.650930000000026,-0.3565551,-1.0,0.56547654,-1.0,-0.6755624,0.26214027,1.0,-1.0,-0.041746203,-1.0,1.0,-1.0,-0.24710466,-1.0,-1.0,-1.0,0.13065962,-1.0,-1.0,0.4482646,-0.28412473,-0.25735947,-1.0,-2.74743,-1.88397,2.74743,-1.88397,-2.74743,1.88397,5.6547,-0.513,0.5986157,-0.2466,1.5462,-0.513,0.4132386,-0.2466,-0.2943,-0.513,0.7542464,-0.2466,-0.2943,1.0657606,0.24553728,0.38181373,-0.23598
279,4.667600000000026,-0.353934,-1.0,0.5658749,-1.0,-0.67485476,0.25966984,1.0,-1.0,-0.04558386,-1.0,1.0,-1.0,-0.2498339,-1.0,-1.0,-1.0,0.12570775,-1.0,-1.0,0.44415417,-0.2850548,-0.25883836,-1.0,-2.74743,-1.88397,2.74743,-1.88397,-2.74743,1.88397,5.6547,-0.513,0.5951514,-0.2466,1.5462,-0.513,0.41077495,-0.2466,-0.2943,-0.513,0.74977636,-0.2466,-0.2943,1.0636644,0.24497853,0.38053417,-0.23598
280,4.6842700000000255,-0.35152024,-1.0,0.56650776,-1.0,-0.6744846,0.25771493,1.0,-1.0,-0.04893636,-1.0,1.0,-1.0,-0.25255498,-1.0,-1.0,-1.0,0.12070126,-1.0,-1.0,0.44039255,-0.28638676,-0.26017365,-1.0,-2.74743,-1.88397,2.74743,-1.88397,-2.74743,1.88397,5.6547,-0.513,0.5921252,-0.2466,1.5462,-0.513,0.4083186,-0.2466,-0.2943,-0.513,0.745257,-0.2466,-0.2943,1.0617462,0.24417832,0.37937886,-0.23598
281,4.700940000000025,-0.349252,-1.0,0.56750953,-1.0,-0.67383665,0.2558029,1.0,-1.0,-0.052104227,-1.0,1.0,-1.0,-0.2552172,-1.0,-1.0,-1.0,0.11634406,-1.0,-1.0,0.4369725,-0.28760642,-0.26126295,-1.0,-2.74743,-1.88397,2.74743,-1.88397,-2.74743,1.88397,5.6547,-0.513,0.5892655,-0.2466,1.5462,-0.513,0.40591544,-0.2466,-0.2943,-0.513,0.74132377,-0.2466,-0.2943,1.0600022,0.24344559,0.3784364,-0.23598
282,4.7176100000000245,-0.34705377,-1.0,0.5685599,-1.0,-0.6729275,0.25406274,1.0,-1.0,-0.055157963,-1.0,1.0,-1.0,-0.25795946,-1.0,-1.0,-1.0,0.11235709,-1.0,-1.0,0.4338381,-0.288735,-0.26206696,-1.0,-2.74743,-1.88397,2.74743,-1.88397,-2.74743,1.88397,5.6547,-0.513,0.5865089,-0.2466,1.5462,-0.513,0.40344,-0.2466,-0.2943,-0.513,0.7377247,-0.2466,-0.2943,1.0584037,0.24276757,0.37774074,-0.23598
283,4.734280000000024,-0.3449744,-1.0,0.56960696,-1.0,-0.67189145,0.25251925,1.0,-1.0,-0.057993412,-1.0,1.0,-1.0,-0.26064155,-1.0,-1.0,-1.0,0.10887148,-1.0,-1.0,0.43103385,-0.28969795,-0.2626407,-1.0,-2.74743,-1.88397,2.74743,-1.88397,-2.74743,1.88397,5.6547,-0.513,0.5839493,-0.2466,1.5462,-0.513,0.4010189,-0.2466,-0.2943,-0.513,0.7345783,-0.2466,-0.2943,1.0569737,0.24218906,0.37724432,-0.23598
284,4.7509500000000235,-0.34299988,-1.0,0.57064706,-1.0,-0.6707891,0.25120938,1.0,-1.0,-0.060589105,-1.0,1.0,-1.0,-0.26327497,-1.0,-1.0,-1.0,0.105830334,-1.0,-1.0,0.42854884,-0.29053062,-0.26299694,-1.0,-2.74743,-1.88397,2.74743,-1.88397,-2.74743,1.88397,5.6547,-0.513,0.5816062,-0.2466,1.5462,-0.513,0.39864168,-0.2466,-0.2943,-0.513,0.73183304,-0.2466,-0.2943,1.0557065,0.24168882,0.3769361,-0.23598
285,4.767620000000023,-0.34114397,-1.0,0.57168794,-1.0,-0.6696475,0.25013503,1.0,-1.0,-0.06292598,-1.0,1.0,-1.0,-0.26583838,-1.0,-1.0,-1.0,0.10325583,-1.0,-1.0,0.42639515,-0.29122522,-0.26314887,-1.0,-2.74743,-1.88397,2.74743,-1.88397,-2.74743,1.88397,5.6547,-0.513,0.57949674,-0.2466,1.5462,-0.513,0.3963277,-0.2466,-0.2943,-0.513,0.72950906,-0.2466,-0.2943,1.0546082,0.24127153,0.37680465,-0.23598
286,4.784290000000023,-0.33940417,-1.0,0.57272226,-1.0,-0.6684817,0.24929154,1.0,-1.0,-0.06501147,-1.0,1.0,-1.0,-0.26833734,-1.0,-1.0,-1.0,0.10112534,-1.0,-1.0,0.42456183,-0.29178727,-0.26310945,-1.0,-2.74743,-1.88397,2.74743,-1.88397,-2.74743,1.88397,5.6547,-0.513,0.5776141,-0.2466,1.5462,-0.513,0.39407188,-0.2466,-0.2943,-0.513,0.72758585,-0.2466,-0.2943,1.0536733,0.24093387,0.37683877,-0.23598
287,4.800960000000022,-0.33778667,-1.0,0.5737467,-1.0,-0.6673085,0.2486696,1.0,-1.0,-0.06684804,-1.0,1.0,-1.0,-0.27076042,-1.0,-1.0,-1.0,0.099425964,-1.0,-1.0,0.42304283,-0.29221618,-0.26289505,-1.0,-2.74743,-1.88397,2.74743,-1.88397,-2.74743,1.88397,5.6547,-0.513,0.5759563,-0.2466,1.5462,-0.513,0.39188457,-0.2466,-0.2943,-0.513,0.7260518,-0.2466,-0.2943,1.0528986,0.2406762,0.37702426,-0.23598
288,4.817630000000022,-0.33629763,-1.0,0.5747535,-1.0,-0.66614264,0.24826062,1.0,-1.0,-0.06844134,-1.0,1.0,-1.0,-0.2731035,-1.0,-1.0,-1.0,0.098133154,-1.0,-1.0,0.4218292,-0.29251766,-0.26252234,-1.0,-2.74743,-1.88397,2.74743,-1.88397,-2.74743,1.88397,5.6547,-0.513,0.574518,-0.2466,1.5462,-0.513,0.38976946,-0.2466,-0.2943,-0.513,0.7248848,-0.2466,-0.2943,1.0522798,0.24049507,0.37734672,-0.23598
289,4.834300000000021,-0.33493686,-1.0,0.5757383,-1.0,-0.6649949,0.2480517,1.0,-1.0,-0.06980211,-1.0,1.0,-1.0,-0.27536145,-1.0,-1.0,-1.0,0.09722198,-1.0,-1.0,0.42090678,-0.29269752,-0.262007,-1.0,-2.74743,-1.88397,2.74743,-1.88397,-2.74743,1.88397,5.6547,-0.513,0.57328963,-0.2466,1.5462,-0.513,0.38773122,-0.2466,-0.2943,-0.513,0.72406226,-0.2466,-0.2943,1.0518094,0.24038702,0.37779263,-0.23598
290,4.850970000000021,-0.3337106,-1.0,0.5766963,-1.0,-0.6638755,0.24803048,1.0,-1.0,-0.0709378,-1.0,1.0,-1.0,-0.27752703,-1.0,-1.0,-1.0,0.09667119,-1.0,-1.0,0.42026624,-0.29275784,-0.26136577,-1.0,-2.74743,-1.88397,2.74743,-1.88397,-2.74743,1.88397,5.6547,-0.513,0.57226443,-0.2466,1.5462,-0.513,0.38577634,-0.2466,-0.2943,-0.513,0.7235651,-0.2466,-0.2943,1.0514828,0.24035078,0.37834743,-0.23598
291,4.86764000000002,-0.3326177,-1.0,0.5776253,-1.0,-0.66279566,0.24818563,1.0,-1.0,-0.07185797,-1.0,1.0,-1.0,-0.2795958,-1.0,-1.0,-1.0,0.09645053,-1.0,-1.0,0.41989326,-0.2927075,-0.26061383,-1.0,-2.74743,-1.88397,2.74743,-1.88397,-2.74743,1.88397,5.6547,-0.513,0.57143384,-0.2466,1.5462,-0.513,0.38390887,-0.2466,-0.2943,-0.513,0.7233659,-0.2466,-0.2943,1.0512925,0.24038102,0.378998,-0.23598
292,4.88431000000002,-0.3316592,-1.0,0.5785173,-1.0,-0.6617582,0.248501,1.0,-1.0,-0.072576135,-1.0,1.0,-1.0,-0.28156316,-1.0,-1.0,-1.0,0.09653779,-1.0,-1.0,0.41977212,-0.29255113,-0.2597655,-1.0,-2.74743,-1.88397,2.74743,-1.88397,-2.74743,1.88397,5.6547,-0.513,0.5707855,-0.2466,1.5462,-0.513,0.38213295,-0.2466,-0.2943,-0.513,0.72344464,-0.2466,-0.2943,1.0512308,0.24047497,0.37973198,-0.23598
293,4.900980000000019,-0.33083618,-1.0,0.5793698,-1.0,-0.6607745,0.24896687,1.0,-1.0,-0.073099345,-1.0,1.0,-1.0,-0.28342575,-1.0,-1.0,-1.0,0.09690639,-1.0,-1.0,0.4198909,-0.2922962,-0.25883564,-1.0,-2.74743,-1.88397,2.74743,-1.88397,-2.74743,1.88397,5.6547,-0.513,0.5703132,-0.2466,1.5462,-0.513,0.3804516,-0.2466,-0.2943,-0.513,0.7237774,-0.2466,-0.2943,1.0512913,0.24062811,0.38053653,-0.23598
294,4.917650000000019,-0.33014733,-1.0,0.5801792,-1.0,-0.659849,0.2495681,1.0,-1.0,-0.073440194,-1.0,1.0,-1.0,-0.285178,-1.0,-1.0,-1.0,0.0975345,-1.0,-1.0,0.420233,-0.2919489,-0.2578378,-1.0,-2.74743,-1.88397,2.74743,-1.88397,-2.74743,1.88397,5.6547,-0.513,0.57000554,-0.2466,1.5462,-0.513,0.3788698,-0.2466,-0.2943,-0.513,0.7243444,-0.2466,-0.2943,1.0514657,0.24083675,0.38139987,-0.23598
295,4.934320000000018,-0.4074481,-0.9584643,0.5524334,-1.0,-0.5480515,0.2255798,1.0,-1.0,-0.07051751,-1.0,1.0,-1.0,-0.2450328,-1.0,-1.0,-1.0,0.33275083,-1.0,-1.0,0.54427016,-0.11143256,-0.19149752,-1.0,-2.74743,-1.88397,2.74743,-1.88397,-2.74743,1.88397,5.6547,-0.513,0.5726438,-0.2466,1.5462,-0.513,0.4151089,-0.2466,-0.2943,-0.513,0.9366742,-0.2466,-0.2943,1.1147189,0.34928542,0.4387985,-0.23598
296,4.950990000000018,-0.41352612,-0.9695597,0.5109524,-1.0,-0.5511598,0.23333141,1.0,-1.0,-0.084053606,-1.0,1.0,-1.0,-0.26250464,-1.0,-1.0,-1.0,0.27654576,-1.0,-1.0,0.53232294,-0.1331085,-0.19536108,-1.0,-2.74743,-1.88397,2.74743,-1.88397,-2.74743,1.88397,5.6547,-0.513,0.5604248,-0.2466,1.5462,-0.513,0.39933705,-0.2466,-0.2943,-0.513,0.88593787,-0.2466,-0.2943,1.1086265,0.3362632,0.43545568,-0.23598
297,4.967660000000017,-0.41543758,-0.9669818,0.52443117,-1.0,-0.53828204,0.23445037,1.0,-1.0,-0.077980936,-1.0,1.0,-1.0,-0.24700321,-1.0,-1.0,-1.0,0.2879918,-1.0,-1.0,0.53906,-0.12588471,-0.18760647,-1.0,-2.74743,-1.88397,2.74743,-1.88397,-2.74743,1.88397,5.6547,-0.513,0.5659066,-0.2466,1.5462,-0.513,0.4133302,-0.2466,-0.2943,-0.513,0.8962702,-0.2466,-0.2943,1.112062,0.34060302,0.44216508,-0.23598
298,4.984330000000017,-0.4156118,-0.978695,0.51761746,-1.0,-0.5583825,0.24471378,1.0,-1.0,-0.0699829,-1.0,1.0,-1.0,-0.25015932,-1.0,-1.0,-1.0,0.28480643,-1.0,-1.0,0.5416827,-0.12751475,-0.19209623,-1.0,-2.74743,-1.88397,2.74743,-1.88397,-2.74743,1.88397,5.6547,-0.513,0.57312644,-0.2466,1.5462,-0.513,0.41048118,-0.2466,-0.2943,-0.513,0.89339477,-0.2466,-0.2943,1.1133995,0.33962375,0.43828046,-0.23598
299,5.001000000000016,-0.41168797,-0.9793462,0.52228,-1.0,-0.55891216,0.24451113,1.0,-1.0,-0.0710322,-1.0,1.0,-1.0,-0.25208667,-1.0,-1.0,-1.0,0.28277236,-1.0,-1.0,0.5390755,-0.12861148,-0.19281346,-1.0,-2.74743,-1.88397,2.74743,-1.88397,-2.74743,1.88397,5.6547,-0.513,0.57217926,-0.2466,1.5462,-0.513,0.40874135,-0.2466,-0.2943,-0.513,0.8915586,-0.2466,-0.2943,1.11207,0.33896488,0.43765992,-0.23598
300,5.017670000000016,-0.41128337,-0.979449,0.5240195,-1.0,-0.5603437,0.24562067,1.0,-1.0,-0.0710722,-1.0,1.0,-1.0,-0.25265396,-1.0,-1.0,-1.0,0.27923772,-1.0,-1.0,0.5388199,-0.129513,-0.19335517,-1.0,-2.74743,-1.88397,2.74743,-1.88397,-2.74743,1.88397,5.6547,-0.513,0.57214314,-0.2466,1.5462,-0.513,0.40822926,-0.2466,-0.2943,-0.513,0.8883679,-0.2466,-0.2943,1.1119395,0.33842328,0.43719122,-0.23598
301,5.034340000000015,-0.41291684,-0.9799456,0.52587175,-1.0,-0.5629377,0.24522161,1.0,-1.0,-0.07004064,-1.0,1.0,-1.0,-0.25007075,-1.0,-1.0,-1.0,0.280092,-1.0,-1.0,0.5398295,-0.12722576,-0.19511327,-1.0,-2.74743,-1.88397,2.74743,-1.88397,-2.74743,1.88397,5.6547,-0.513,0.57307434,-0.2466,1.5462,-0.513,0.41056114,-0.2466,-0.2943,-0.513,0.88913906,-0.2466,-0.2943,1.1124544,0.33979738,0.43567008,-0.23598
302,5.051010000000015,-0.41417956,-0.97817236,0.5273762,-1.0,-0.5639983,0.24478894,1.0,-1.0,-0.06955524,-1.0,1.0,-1.0,-0.24885236,-1.0,-1.0,-1.0,0.28269178,-1.0,-1.0,0.54142547,-0.12417213,-0.19583394,-1.0,-2.74743,-1.88397,2.74743,-1.88397,-2.74743,1.88397,5.6547,-0.513,0.5735125,-0.2466,1.5462,-0.513,0.41166097,-0.2466,-0.2943,-0.513,0.89148587,-0.2466,-0.2943,1.1132683,0.3416319,0.43504655,-0.23598
303,5.067680000000014,-0.4154144,-0.97620076,0.5271796,-1.0,-0.56354904,0.24236143,1.0,-1.0,-0.06988059,-1.0,1.0,-1.0,-0.24681386,-1.0,-1.0,-1.0,0.2864948,-1.0,-1.0,0.541918,-0.12188136,-0.19699067,-1.0,-2.74743,-1.88397,2.74743,-1.88397,-2.74743,1.88397,5.6547,-0.513,0.57321876,-0.2466,1.5462,-0.513,0.4135011,-0.2466,-0.2943,-0.513,0.89491886,-0.2466,-0.2943,1.1135194,0.34300813,0.43404573,-0.23598
304,5.084350000000014,-0.4166423,-0.97442836,0.5277007,-1.0,-0.563275,0.24025041,1.0,-1.0,-0.06976931,-1.0,1.0,-1.0,-0.24457674,-1.0,-1.0,-1.0,0.290614,-1.0,-1.0,0.542754,-0.11962541,-0.19798896,-1.0,-2.74743,-1.88397,2.74743,-1.88397,-2.74743,1.88397,5.6547,-0.513,0.57331926,-0.2466,1.5462,-0.513,0.41552058,-0.2466,-0.2943,-0.513,0.8986373,-0.2466,-0.2943,1.1139458,0.34436342,0.43318197,-0.23598
305,5.101020000000013,-0.41788936,-0.97221214,0.52823514,-1.0,-0.56289524,0.2383875,1.0,-1.0,-0.06944677,-1.0,1.0,-1.0,-0.24227926,-1.0,-1.0,-1.0,0.29541096,-1.0,-1.0,0.5440019,-0.11686846,-0.19870472,-1.0,-2.74743,-1.88397,2.74743,-1.88397,-2.74743,1.88397,5.6547,-0.513,0.5736104,-0.2466,1.5462,-0.513,0.41759452,-0.2466,-0.2943,-0.513,0.90296745,-0.2466,-0.2943,1.1145822,0.34601972,0.4325627,-0.23598
306,5.117690000000013,-0.41918814,-0.96996826,0.5286608,-1.0,-0.56245255,0.23695114,1.0,-1.0,-0.06890784,-1.0,1.0,-1.0,-0.24015084,-1.0,-1.0,-1.0,0.30034727,-1.0,-1.0,0.54557055,-0.1141103,-0.19911203,-1.0,-2.74743,-1.88397,2.74743,-1.88397,-2.74743,1.88397,5.6547,-0.513,0.5740969,-0.2466,1.5462,-0.513,0.41951585,-0.2466,-0.2943,-0.513,0.9074235,-0.2466,-0.2943,1.1153821,0.34767672,0.4322103,-0.23598
307,5.1343600000000125,-0.4205643,-0.9678982,0.52900237,-1.0,-0.56204236,0.2359108,1.0,-1.0,-0.06814857,-1.0,1.0,-1.0,-0.23816302,-1.0,-1.0,-1.0,0.30529752,-1.0,-1.0,0.5473769,-0.11145412,-0.1992991,-1.0,-2.74743,-1.88397,2.74743,-1.88397,-2.74743,1.88397,5.6547,-0.513,0.5747823,-0.2466,1.5462,-0.513,0.42131025,-0.2466,-0.2943,-0.513,0.91189206,-0.2466,-0.2943,1.1163032,0.3492725,0.43204844,-0.23598
308,5.151030000000012,-0.4219954,-0.96608454,0.5293092,-1.0,-0.5617355,0.23519301,1.0,-1.0,-0.067196354,-1.0,1.0,-1.0,-0.2363083,-1.0,-1.0,-1.0,0.31019995,-1.0,-1.0,0.5493385,-0.10895405,-0.19934793,-1.0,-2.74743,-1.88397,2.74743,-1.88397,-2.74743,1.88397,5.6547,-0.513,0.5756419,-0.2466,1.5462,-0.513,0.42298448,-0.2466,-0.2943,-0.513,0.91631746,-0.2466,-0.2943,1.1173036,0.35077444,0.43200618,-0.23598
309,5.1677000000000115,-0.42345947,-0.96448225,0.5295968,-1.0,-0.5615076,0.23470372,1.0,-1.0,-0.06611082,-1.0,1.0,-1.0,-0.23455589,-1.0,-1.0,-1.0,0.31503266,-1.0,-1.0,0.55139303,-0.10659171,-0.19930293,-1.0,-2.74743,-1.88397,2.74743,-1.88397,-2.74743,1.88397,5.6547,-0.513,0.5766218,-0.2466,1.5462,-0.513,0.4245664,-0.2466,-0.2943,-0.513,0.92068,-0.2466,-0.2943,1.1183513,0.35219368,0.43204513,-0.23598
310,5.184370000000011,-0.42495662,-0.9630626,0.5298605,-1.0,-0.56136286,0.23439449,1.0,-1.0,-0.06491867,-1.0,1.0,-1.0,-0.23287556,-1.0,-1.0,-1.0,0.31978628,-1.0,-1.0,0.5535152,-0.10434427,-0.19919686,-1.0,-2.74743,-1.88397,2.74743,-1.88397,-2.74743,1.88397,5.6547,-0.513,0.57769793,-0.2466,1.5462,-0.513,0.42608324,-0.2466,-0.2943,-0.513,0.9249711,-0.2466,-0.2943,1.1194335,0.35354388,0.4321369,-0.23598
311,5.2010400000000105,-0.42648572,-0.9618054,0.5300963,-1.0,-0.561311,0.2342313,1.0,-1.0,-0.06363819,-1.0,1.0,-1.0,-0.2312446,-1.0,-1.0,-1.0,0.32444862,-1.0,-1.0,0.55568516,-0.10219293,-0.19905664,-1.0,-2.74743,-1.88397,2.74743,-1.88397,-2.74743,1.88397,5.6547,-0.513,0.5788538,-0.2466,1.5462,-0.513,0.4275555,-0.2466,-0.2943,-0.513,0.9291798,-0.2466,-0.2943,1.1205401,0.35483631,0.43225822,-0.23598
312,5.21771000000001,-0.42803943,-0.9606933,0.5303001,-1.0,-0.561355,0.2341829,1.0,-1.0,-0.062293444,-1.0,1.0,-1.0,-0.22965261,-1.0,-1.0,-1.0,0.32899806,-1.0,-1.0,0.5578768,-0.1001287,-0.19890441,-1.0,-2.74743,-1.88397,2.74743,-1.88397,-2.74743,1.88397,5.6547,-0.513,0.5800677,-0.2466,1.5462,-0.513,0.4289926,-0.2466,-0.2943,-0.513,0.93328655,-0.2466,-0.2943,1.1216577,0.35607645,0.43238991,-0.23598
313,5.23438000000001,-0.42961448,-0.95971423,0.5304652,-1.0,-0.5615009,0.23422498,1.0,-1.0,-0.060902268,-1.0,1.0,-1.0,-0.22809128,-1.0,-1.0,-1.0,0.33341667,-1.0,-1.0,0.5600719,-0.09814379,-0.19875987,-1.0,-2.74743,-1.88397,2.74743,-1.88397,-2.74743,1.88397,5.6547,-0.513,0.5813235,-0.2466,1.5462,-0.513,0.430402,-0.2466,-0.2943,-0.513,0.93727523,-0.2466,-0.2943,1.1227771,0.35726893,0.43251497,-0.23598
314,5.251050000000009,-0.43120307,-0.95886105,0.53059405,-1.0,-0.56175095,0.23433664,1.0,-1.0,-0.0594798,-1.0,1.0,-1.0,-0.22655366,-1.0,-1.0,-1.0,0.33768803,-1.0,-1.0,0.5622502,-0.096236,-0.19863783,-1.0,-2.74743,-1.88397,2.74743,-1.88397,-2.74743,1.88397,5.6547,-0.513,0.58260757,-0.2466,1.5462,-0.513,0.43179,-0.2466,-0.2943,-0.513,0.941131,-0.2466,-0.2943,1.1238879,0.35841507,0.43262058,-0.23598
315,5.267720000000009,-0.43280375,-0.9581267,0.5306806,-1.0,-0.5621052,0.23450288,1.0,-1.0,-0.05803785,-1.0,1.0,-1.0,-0.22503172,-1.0,-1.0,-1.0,0.341797,-1.0,-1.0,0.56439984,-0.09440266,-0.19854909,-1.0,-2.74743,-1.88397,2.74743,-1.88397,-2.74743,1.88397,5.6547,-0.513,0.5839092,-0.2466,1.5462,-0.513,0.43316388,-0.2466,-0.2943,-0.513,0.94484013,-0.2466,-0.2943,1.1249841,0.35951647,0.43269736,-0.23598
316,5.284390000000008,-0.4344116,-0.9575071,0.53072643,-1.0,-0.56256634,0.23471004,1.0,-1.0,-0.056585815,-1.0,1.0,-1.0,-0.22352201,-1.0,-1.0,-1.0,0.34573525,-1.0,-1.0,0.566508,-0.09264084,-0.1985035,-1.0,-2.74743,-1.88397,2.74743,-1.88397,-2.74743,1.88397,5.6547,-0.513,0.58522,-0.2466,1.5462,-0.513,0.43452668,-0.2466,-0.2943,-0.513,0.9483952,-0.2466,-0.2943,1.1260593,0.36057493,0.4327368,-0.23598
317,5.301060000000008,-0.436024,-0.9569991,0.5307303,-1.0,-0.5631315,0.2349486,1.0,-1.0,-0.055131774,-1.0,1.0,-1.0,-0.22202109,-1.0,-1.0,-1.0,0.3494922,-1.0,-1.0,0.56856585,-0.090951,-0.19850671,-1.0,-2.74743,-1.88397,2.74743,-1.88397,-2.74743,1.88397,5.6547,-0.513,0.58653253,-0.2466,1.5462,-0.513,0.43588156,-0.2466,-0.2943,-0.513,0.9517866,-0.2466,-0.2943,1.1271087,0.36159012,0.432734,-0.23598
318,5.317730000000007,-0.43763793,-0.95659834,0.53069335,-1.0,-0.5637991,0.23521039,1.0,-1.0,-0.053682968,-1.0,1.0,-1.0,-0.2205267,-1.0,-1.0,-1.0,0.35305887,-1.0,-1.0,0.5705652,-0.08933296,-0.19856296,-1.0,-2.74743,-1.88397,2.74743,-1.88397,-2.74743,1.88397,5.6547,-0.513,0.5878404,-0.2466,1.5462,-0.513,0.43723056,-0.2466,-0.2943,-0.513,0.95500624,-0.2466,-0.2943,1.1281283,0.3625622,0.43268535,-0.23598
319,5.334400000000007,-0.43924838,-0.9563044,0.5306151,-1.0,-0.56456375,0.2354885,1.0,-1.0,-0.05224647,-1.0,1.0,-1.0,-0.2190402,-1.0,-1.0,-1.0,0.35642686,-1.0,-1.0,0.5724987,-0.08778974,-0.19867407,-1.0,-2.74743,-1.88397,2.74743,-1.88397,-2.74743,1.88397,5.6547,-0.513,0.58913714,-0.2466,1.5462,-0.513,0.4385724,-0.2466,-0.2943,-0.513,0.95804656,-0.2466,-0.2943,1.1291142,0.36348933,0.4325892,-0.23598
320,5.351070000000006,-0.440852,-0.9561108,0.5304949,-1.0,-0.5654182,0.23577523,1.0,-1.0,-0.050830394,-1.0,1.0,-1.0,-0.2175614,-1.0,-1.0,-1.0,0.35959208,-1.0,-1.0,0.5743592,-0.086320676,-0.19884163,-1.0,-2.74743,-1.88397,2.74743,-1.88397,-2.74743,1.88397,5.6547,-0.513,0.5904154,-0.2466,1.5462,-0.513,0.43990734,-0.2466,-0.2943,-0.513,0.96090376,-0.2466,-0.2943,1.1300629,0.3643719,0.43244424,-0.23598
321,5.367740000000006,-0.44244504,-0.95601743,0.53033894,-1.0,-0.5663581,0.23606858,1.0,-1.0,-0.049437918,-1.0,1.0,-1.0,-0.2160924,-1.0,-1.0,-1.0,0.3625467,-1.0,-1.0,0.5761425,-0.08492922,-0.19906442,-1.0,-2.74743,-1.88397,2.74743,-1.88397,-2.74743,1.88397,5.6547,-0.513,0.5916724,-0.2466,1.5462,-0.513,0.4412334,-0.2466,-0.2943,-0.513,0.9635709,-0.2466,-0.2943,1.1309724,0.36520782,0.43225148,-0.23598
322,5.384410000000005,-0.44402152,-0.95601493,0.53014666,-1.0,-0.56737185,0.23635861,1.0,-1.0,-0.048080307,-1.0,1.0,-1.0,-0.21463777,-1.0,-1.0,-1.0,0.36528626,-1.0,-1.0,0.5778398,-0.08361565,-0.19934312,-1.0,-2.74743,-1.88397,2.74743,-1.88397,-2.74743,1.88397,5.6547,-0.513,0.5928979,-0.2466,1.5462,-0.513,0.4425465,-0.2466,-0.2943,-0.513,0.9660439,-0.2466,-0.2943,1.131838,0.365997,0.43201035,-0.23598
323,5.401080000000005,-0.3920253,-1.0,0.51199687,-1.0,-0.71519446,0.27149236,1.0,-1.0,-0.03477309,-1.0,1.0,-1.0,-0.23752598,-1.0,-1.0,-1.0,0.15234008,-1.0,-1.0,0.4760895,-0.23224753,-0.27532348,-1.0,-2.74743,-1.88397,2.74743,-1.88397,-2.74743,1.88397,5.6547,-0.513,0.6049103,-0.2466,1.5462,-0.513,0.42188528,-0.2466,-0.2943,-0.513,0.7738174,-0.2466,-0.2943,1.07995,0.2767035,0.366271,-0.23598
324,5.417750000000004,-0.38555193,-1.0,0.58449215,-1.0,-0.67702293,0.25327748,1.0,-1.0,-0.028816916,-1.0,1.0,-1.0,-0.21537226,-1.0,-1.0,-1.0,0.20111537,-1.0,-1.0,0.4842072,-0.22225994,-0.26033133,-1.0,-2.74743,-1.88397,2.74743,-1.88397,-2.74743,1.88397,5.6547,-0.513,0.61028695,-0.2466,1.5462,-0.513,0.44188344,-0.2466,-0.2943,-0.513,0.81784683,-0.2466,-0.2943,1.0840896,0.28270376,0.37924242,-0.23598
325,5.434420000000004,-0.37348825,-1.0,0.5570423,-1.0,-0.6935384,0.267438,1.0,-1.0,-0.03125843,-1.0,1.0,-1.0,-0.24157608,-1.0,-1.0,-1.0,0.16844444,-1.0,-1.0,0.47043929,-0.25193396,-0.2630038,-1.0,-2.74743,-1.88397,2.74743,-1.88397,-2.74743,1.88397,5.6547,-0.513,0.608083,-0.2466,1.5462,-0.513,0.41822928,-0.2466,-0.2943,-0.513,0.7883548,-0.2466,-0.2943,1.0770687,0.2648765,0.37693018,-0.23598
326,5.451090000000003,-0.37833685,-1.0,0.5615697,-1.0,-0.67958105,0.25906223,1.0,-1.0,-0.028913006,-1.0,1.0,-1.0,-0.22794472,-1.0,-1.0,-1.0,0.19416729,-1.0,-1.0,0.47808236,-0.24146059,-0.25836483,-1.0,-2.74743,-1.88397,2.74743,-1.88397,-2.74743,1.88397,5.6547,-0.513,0.6102002,-0.2466,1.5462,-0.513,0.4305343,-0.2466,-0.2943,-0.513,0.8115748,-0.2466,-0.2943,1.0809662,0.2711686,0.38094386,-0.23598
327,5.467760000000003,-0.37638915,-1.0,0.55842954,-1.0,-0.67857945,0.2620482,1.0,-1.0,-0.030782692,-1.0,1.0,-1.0,-0.23323728,-1.0,-1.0,-1.0,0.18464452,-1.0,-1.0,0.47595268,-0.24633792,-0.25649053,-1.0,-2.74743,-1.88397,2.74743,-1.88397,-2.74743,1.88397,5.6547,-0.513,0.60851246,-0.2466,1.5462,-0.513,0.4257567,-0.2466,-0.2943,-0.513,0.80297863,-0.2466,-0.2943,1.0798802,0.26823843,0.38256556,-0.23598
328,5.484430000000002,-0.37634367,-1.0,0.55765545,-1.0,-0.67870456,0.26563475,1.0,-1.0,-0.027876284,-1.0,1.0,-1.0,-0.23300359,-1.0,-1.0,-1.0,0.18813352,-1.0,-1.0,0.47817016,-0.24524203,-0.25411162,-1.0,-2.74743,-1.88397,2.74743,-1.88397,-2.74743,1.88397,5.6547,-0.513,0.6111361,-0.2466,1.5462,-0.513,0.42596766,-0.2466,-0.2943,-0.513,0.80612814,-0.2466,-0.2943,1.081011,0.26889682,0.38462383,-0.23598
329,5.501100000000002,-0.37568855,-1.0,0.55519634,-1.0,-0.6796481,0.27063802,1.0,-1.0,-0.024598949,-1.0,1.0,-1.0,-0.23317258,-1.0,-1.0,-1.0,0.18802872,-1.0,-1.0,0.47985676,-0.24692246,-0.251556,-1.0,-2.74743,-1.88397,2.74743,-1.88397,-2.74743,1.88397,5.6547,-0.513,0.61409456,-0.2466,1.5462,-0.513,0.4258151,-0.2466,-0.2943,-0.513,0.80603355,-0.2466,-0.2943,1.0818712,0.26788726,0.38683498,-0.23598
330,5.517770000000001,-0.37556016,-1.0,0.55377424,-1.0,-0.6807273,0.27458665,1.0,-1.0,-0.021271717,-1.0,1.0,-1.0,-0.23181818,-1.0,-1.0,-1.0,0.18827501,-1.0,-1.0,0.48140743,-0.24823621,-0.2497311,-1.0,-2.74743,-1.88397,2.74743,-1.88397,-2.74743,1.88397,5.6547,-0.513,0.61709803,-0.2466,1.5462,-0.513,0.42703772,-0.2466,-0.2943,-0.513,0.8062559,-0.2466,-0.2943,1.0826619,0.267098,0.3884139,-0.23598
331,5.534440000000001,-0.37536395,-1.0,0.55392754,-1.0,-0.68272734,0.27896956,1.0,-1.0,-0.017995667,-1.0,1.0,-1.0,-0.23129071,-1.0,-1.0,-1.0,0.18733142,-1.0,-1.0,0.48298934,-0.24968365,-0.24818438,-1.0,-2.74743,-1.88397,2.74743,-1.88397,-2.74743,1.88397,5.6547,-0.513,0.6200553,-0.2466,1.5462,-0.513,0.42751387,-0.2466,-0.2943,-0.513,0.80540407,-0.2466,-0.2943,1.0834686,0.26622844,0.38975215,-0.23598
332,5.55111,-0.37494385,-1.0,0.5549644,-1.0,-0.68515474,0.2830316,1.0,-1.0,-0.015439104,-1.0,1.0,-1.0,-0.23181376,-1.0,-1.0,-1.0,0.18582056,-1.0,-1.0,0.48423877,-0.25073114,-0.24711156,-1.0,-2.74743,-1.88397,2.74743,-1.88397,-2.74743,1.88397,5.6547,-0.513,0.62236315,-0.2466,1.5462,-0.513,0.4270417,-0.2466,-0.2943,-0.513,0.80404025,-0.2466,-0.2943,1.0841057,0.26559913,0.39068037,-0.23598
333,5.56778,-0.37431693,-1.0,0.5555149,-1.0,-0.68744016,0.28624746,1.0,-1.0,-0.013930861,-1.0,1.0,-1.0,-0.23309736,-1.0,-1.0,-1.0,0.18332458,-1.0,-1.0,0.48464146,-0.25211456,-0.24656953,-1.0,-2.74743,-1.88397,2.74743,-1.88397,-2.74743,1.88397,5.6547,-0.513,0.62372464,-0.2466,1.5462,-0.513,0.42588302,-0.2466,-0.2943,-0.513,0.8017871,-0.2466,-0.2943,1.0843111,0.264768,0.39114934,-0.23598
334,5.5844499999999995,-0.37372404,-1.0,0.5559154,-1.0,-0.6896683,0.2886885,1.0,-1.0,-0.013003405,-1.0,1.0,-1.0,-0.23457485,-1.0,-1.0,-1.0,0.18045755,-1.0,-1.0,0.48451453,-0.25377342,-0.24649729,-1.0,-2.74743,-1.88397,2.74743,-1.88397,-2.74743,1.88397,5.6547,-0.513,0.62456185,-0.2466,1.5462,-0.513,0.42454928,-0.2466,-0.2943,-0.513,0.79919904,-0.2466,-0.2943,1.0842464,0.2637714,0.39121184,-0.23598
335,5.601119999999999,-0.37314934,-1.0,0.556273,-1.0,-0.69177145,0.29047567,1.0,-1.0,-0.0125108175,-1.0,1.0,-1.0,-0.23609315,-1.0,-1.0,-1.0,0.17749934,-1.0,-1.0,0.4840236,-0.25549394,-0.24675967,-1.0,-2.74743,-1.88397,2.74743,-1.88397,-2.74743,1.88397,5.6547,-0.513,0.6250065,-0.2466,1.5462,-0.513,0.4231787,-0.2466,-0.2943,-0.513,0.79652864,-0.2466,-0.2943,1.083996,0.26273778,0.39098483,-0.23598
336,5.6177899999999985,-0.37258422,-1.0,0.55658114,-1.0,-0.6937071,0.29175276,1.0,-1.0,-0.012338616,-1.0,1.0,-1.0,-0.23757064,-1.0,-1.0,-1.0,0.1745869,-1.0,-1.0,0.48329335,-0.25716224,-0.24723715,-1.0,-2.74743,-1.88397,2.74743,-1.88397,-2.74743,1.88397,5.6547,-0.513,0.62516195,-0.2466,1.5462,-0.513,0.421845,-0.2466,-0.2943,-0.513,0.7938996,-0.2466,-0.2943,1.0836236,0.26173553,0.3905717,-0.23598
337,5.634459999999998,-0.37201965,-1.0,0.5568381,-1.0,-0.6954822,0.29266167,1.0,-1.0,-0.012391202,-1.0,1.0,-1.0,-0.23897876,-1.0,-1.0,-1.0,0.17175195,-1.0,-1.0,0.48240688,-0.25874668,-0.24784721,-1.0,-2.74743,-1.88397,2.74743,-1.88397,-2.74743,1.88397,5.6547,-0.513,0.62511444,-0.2466,1.5462,-0.513,0.42057386,-0.2466,-0.2943,-0.513,0.7913405,-0.2466,-0.2943,1.0831716,0.26078364,0.39004388,-0.23598
338,5.6511299999999975,-0.37145102,-1.0,0.5570685,-1.0,-0.6971209,0.2933162,1.0,-1.0,-0.012591504,-1.0,1.0,-1.0,-0.2403141,-1.0,-1.0,-1.0,0.16900669,-1.0,-1.0,0.48142314,-0.26024893,-0.24853283,-1.0,-2.74743,-1.88397,2.74743,-1.88397,-2.74743,1.88397,5.6547,-0.513,0.62493366,-0.2466,1.5462,-0.513,0.41936848,-0.2466,-0.2943,-0.513,0.78886235,-0.2466,-0.2943,1.08267,0.25988114,0.38945067,-0.23598
339,5.667799999999997,-0.37087536,-1.0,0.5572938,-1.0,-0.6986283,0.2937934,1.0,-1.0,-0.012892712,-1.0,1.0,-1.0,-0.24159597,-1.0,-1.0,-1.0,0.16635664,-1.0,-1.0,0.48038328,-0.26168296,-0.24924892,-1.0,-2.74743,-1.88397,2.74743,-1.88397,-2.74743,1.88397,5.6547,-0.513,0.62466174,-0.2466,1.5462,-0.513,0.4182113,-0.2466,-0.2943,-0.513,0.7864701,-0.2466,-0.2943,1.0821396,0.2590196,0.3888311,-0.23598
340,5.684469999999997,-0.37028462,-1.0,0.55752,-1.0,-0.69999766,0.29413593,1.0,-1.0,-0.013271939,-1.0,1.0,-1.0,-0.24283828,-1.0,-1.0,-1.0,0.16381063,-1.0,-1.0,0.47930858,-0.26305488,-0.24996492,-1.0,-2.74743,-1.88397,2.74743,-1.88397,-2.74743,1.88397,5.6547,-0.513,0.62431943,-0.2466,1.5462,-0.513,0.41708988,-0.2466,-0.2943,-0.513,0.7841719,-0.2466,-0.2943,1.0815916,0.2581954,0.3882116,-0.23598
341,5.701139999999996,-0.36967915,-1.0,0.5577539,-1.0,-0.70123124,0.29437968,1.0,-1.0,-0.013706442,-1.0,1.0,-1.0,-0.24404693,-1.0,-1.0,-1.0,0.16137533,-1.0,-1.0,0.4782191,-0.26436958,-0.25065887,-1.0,-2.74743,-1.88397,2.74743,-1.88397,-2.74743,1.88397,5.6547,-0.513,0.6239272,-0.2466,1.5462,-0.513,0.41599885,-0.2466,-0.2943,-0.513,0.7819735,-0.2466,-0.2943,1.081036,0.25740558,0.38761118,-0.23598
342,5.717809999999996,-0.3690573,-1.0,0.55799496,-1.0,-0.7023291,0.2945462,1.0,-1.0,-0.014184948,-1.0,1.0,-1.0,-0.24522972,-1.0,-1.0,-1.0,0.159051,-1.0,-1.0,0.47712582,-0.26563156,-0.25131756,-1.0,-2.74743,-1.88397,2.74743,-1.88397,-2.74743,1.88397,5.6547,-0.513,0.6234952,-0.2466,1.5462,-0.513,0.41493112,-0.2466,-0.2943,-0.513,0.77987534,-0.2466,-0.2943,1.0804784,0.2566474,0.38704127,-0.23598
343,5.734479999999995,-0.3684209,-1.0,0.5582476,-1.0,-0.7032987,0.2946555,1.0,-1.0,-0.0146949515,-1.0,1.0,-1.0,-0.24639075,-1.0,-1.0,-1.0,0.15683582,-1.0,-1.0,0.47604072,-0.2668453,-0.25193298,-1.0,-2.74743,-1.88397,2.74743,-1.88397,-2.74743,1.88397,5.6547,-0.513,0.6230349,-0.2466,1.5462,-0.513,0.41388306,-0.2466,-0.2943,-0.513,0.7778757,-0.2466,-0.2943,1.0799252,0.25591823,0.38650882,-0.23598
344,5.751149999999995,-0.3677683,-1.0,0.55851287,-1.0,-0.70414186,0.29471862,1.0,-1.0,-0.015232198,-1.0,1.0,-1.0,-0.2475387,-1.0,-1.0,-1.0,0.15472557,-1.0,-1.0,0.47496644,-0.26801535,-0.25249943,-1.0,-2.74743,-1.88397,2.74743,-1.88397,-2.74743,1.88397,5.6547,-0.513,0.6225499,-0.2466,1.5462,-0.513,0.4128468,-0.2466,-0.2943,-0.513,0.77597076,-0.2466,-0.2943,1.0793773,0.25521532,0.3860187,-0.23598
345,5.767819999999994,-0.36710095,-1.0,0.55879104,-1.0,-0.7048626,0.29474294,1.0,-1.0,-0.01579424,-1.0,1.0,-1.0,-0.24867721,-1.0,-1.0,-1.0,0.15271641,-1.0,-1.0,0.4739064,-0.26914158,-0.25301474,-1.0,-2.74743,-1.88397,2.74743,-1.88397,-2.74743,1.88397,5.6547,-0.513,0.62204254,-0.2466,1.5462,-0.513,0.41181907,-0.2466,-0.2943,-0.513,0.7741571,-0.2466,-0.2943,1.0788367,0.25453869,0.38557285,-0.23598
346,5.784489999999994,-0.3664174,-1.0,0.55908275,-1.0,-0.70546675,0.29473343,1.0,-1.0,-0.016379643,-1.0,1.0,-1.0,-0.2498097,-1.0,-1.0,-1.0,0.15080129,-1.0,-1.0,0.47286168,-0.27022684,-0.25347957,-1.0,-2.74743,-1.88397,2.74743,-1.88397,-2.74743,1.88397,5.6547,-0.513,0.6215141,-0.2466,1.5462,-0.513,0.4107968,-0.2466,-0.2943,-0.513,0.77242833,-0.2466,-0.2943,1.0783039,0.2538867,0.38517067,-0.23598
347,5.801159999999993,-0.36571962,-1.0,0.5593894,-1.0,-0.7059584,0.29469442,1.0,-1.0,-0.016986944,-1.0,1.0,-1.0,-0.25093853,-1.0,-1.0,-1.0,0.14897531,-1.0,-1.0,0.47183323,-0.27127206,-0.253894,-1.0,-2.74743,-1.88397,2.74743,-1.88397,-2.74743,1.88397,5.6547,-0.513,0.6209659,-0.2466,1.5462,-0.513,0.4097778,-0.2466,-0.2943,-0.513,0.77078,-0.2466,-0.2943,1.0777795,0.25325876,0.3848121,-0.23598
348,5.817829999999993,-0.36500865,-1.0,0.55970865,-1.0,-0.7063427,0.2946281,1.0,-1.0,-0.017616905,-1.0,1.0,-1.0,-0.2520664,-1.0,-1.0,-1.0,0.14723079,-1.0,-1.0,0.47082105,-0.2722784,-0.25425985,-1.0,-2.74743,-1.88397,2.74743,-1.88397,-2.74743,1.88397,5.6547,-0.513,0.6203972,-0.2466,1.5462,-0.513,0.40875965,-0.2466,-0.2943,-0.513,0.7692052,-0.2466,-0.2943,1.0772634,0.2526542,0.38449556,-0.23598
349,5.834499999999992,-0.36428547,-1.0,0.5600436,-1.0,-0.70662415,0.29453602,1.0,-1.0,-0.01826819,-1.0,1.0,-1.0,-0.25319526,-1.0,-1.0,-1.0,0.14556338,-1.0,-1.0,0.4698258,-0.2732469,-0.2545785,-1.0,-2.74743,-1.88397,2.74743,-1.88397,-2.74743,1.88397,5.6547,-0.513,0.6198093,-0.2466,1.5462,-0.513,0.40774065,-0.2466,-0.2943,-0.513,0.7677001,-0.2466,-0.2943,1.0767558,0.25207233,0.38421986,-0.23598
350,5.851169999999992,-0.36355,-1.0,0.56039375,-1.0,-0.7068061,0.29442137,1.0,-1.0,-0.018942151,-1.0,1.0,-1.0,-0.254328,-1.0,-1.0,-1.0,0.14396912,-1.0,-1.0,0.46884754,-0.2741768,-0.25485104,-1.0,-2.74743,-1.88397,2.74743,-1.88397,-2.74743,1.88397,5.6547,-0.513,0.61920094,-0.2466,1.5462,-0.513,0.4067181,-0.2466,-0.2943,-0.513,0.7662609,-0.2466,-0.2943,1.076257,0.2515137,0.38398406,-0.23598
351,5.867839999999991,-0.36280584,-1.0,0.56075865,-1.0,-0.70689696,0.2942843,1.0,-1.0,-0.019637115,-1.0,1.0,-1.0,-0.2554642,-1.0,-1.0,-1.0,0.1424416,-1.0,-1.0,0.46788684,-0.27506825,-0.2550811,-1.0,-2.74743,-1.88397,2.74743,-1.88397,-2.74743,1.88397,5.6547,-0.513,0.61857355,-0.2466,1.5462,-0.513,0.40569246,-0.2466,-0.2943,-0.513,0.764882,-0.2466,-0.2943,1.075767,0.25097814,0.383785,-0.23598
352,5.884509999999991,-0.36205262,-1.0,0.56113774,-1.0,-0.7068981,0.29412642,1.0,-1.0,-0.020352539,-1.0,1.0,-1.0,-0.25660148,-1.0,-1.0,-1.0,0.14098088,-1.0,-1.0,0.4669437,-0.27592015,-0.25526968,-1.0,-2.74743,-1.88397,2.74743,-1.88397,-2.74743,1.88397,5.6547,-0.513,0.6179278,-0.2466,1.5462,-0.513,0.40466583,-0.2466,-0.2943,-0.513,0.76356345,-0.2466,-0.2943,1.075286,0.25046635,0.38362184,-0.23598
353,5.90117999999999,-0.36129284,-1.0,0.5615309,-1.0,-0.7068162,0.2939498,1.0,-1.0,-0.021087945,-1.0,1.0,-1.0,-0.25774348,-1.0,-1.0,-1.0,0.1395812,-1.0,-1.0,0.46601906,-0.27673247,-0.25541887,-1.0,-2.74743,-1.88397,2.74743,-1.88397,-2.74743,1.88397,5.6547,-0.513,0.6172639,-0.2466,1.5462,-0.513,0.40363497,-0.2466,-0.2943,-0.513,0.76229995,-0.2466,-0.2943,1.0748146,0.24997832,0.38349277,-0.23598
354,5.91784999999999,-0.3605289,-1.0,0.5619385,-1.0,-0.7066558,0.2937568,1.0,-1.0,-0.02184023,-1.0,1.0,-1.0,-0.25888658,-1.0,-1.0,-1.0,0.13824198,-1.0,-1.0,0.46511516,-0.27750522,-0.25552985,-1.0,-2.74743,-1.88397,2.74743,-1.88397,-2.74743,1.88397,5.6547,-0.513,0.61658484,-0.2466,1.5462,-0.513,0.4026031,-0.2466,-0.2943,-0.513,0.76109105,-0.2466,-0.2943,1.0743536,0.24951409,0.38339674,-0.23598
355,5.934519999999989,-0.35976213,-1.0,0.5623601,-1.0,-0.7064227,0.29355016,1.0,-1.0,-0.022607349,-1.0,1.0,-1.0,-0.26003066,-1.0,-1.0,-1.0,0.13696165,-1.0,-1.0,0.46423328,-0.2782371,-0.25560418,-1.0,-2.74743,-1.88397,2.74743,-1.88397,-2.74743,1.88397,5.6547,-0.513,0.61589235,-0.2466,1.5462,-0.513,0.40157032,-0.2466,-0.2943,-0.513,0.75993526,-0.2466,-0.2943,1.0739039,0.24907438,0.38333243,-0.23598
356,5.951189999999989,-0.3589931,-1.0,0.5627938,-1.0,-0.7061201,0.29332867,1.0,-1.0,-0.023389652,-1.0,1.0,-1.0,-0.26117557,-1.0,-1.0,-1.0,0.13573937,-1.0,-1.0,0.4633734,-0.27892524,-0.25564444,-1.0,-2.74743,-1.88397,2.74743,-1.88397,-2.74743,1.88397,5.6547,-0.513,0.61518615,-0.2466,1.5462,-0.513,0.4005368,-0.2466,-0.2943,-0.513,0.7588319,-0.2466,-0.2943,1.0734653,0.24866098,0.3832976,-0.23598
357,5.967859999999988,-0.35822654,-1.0,0.5632395,-1.0,-0.70575535,0.29309928,1.0,-1.0,-0.024180308,-1.0,1.0,-1.0,-0.26231655,-1.0,-1.0,-1.0,0.13457471,-1.0,-1.0,0.46254024,-0.2795715,-0.25565067,-1.0,-2.74743,-1.88397,2.74743,-1.88397,-2.74743,1.88397,5.6547,-0.513,0.61447245,-0.2466,1.5462,-0.513,0.39950684,-0.2466,-0.2943,-0.513,0.7577806,-0.2466,-0.2943,1.0730405,0.24827272,0.3832922,-0.23598
358,5.984529999999988,-0.35746276,-1.0,0.5636982,-1.0,-0.70533174,0.2928607,1.0,-1.0,-0.024978854,-1.0,1.0,-1.0,-0.26345295,-1.0,-1.0,-1.0,0.13346796,-1.0,-1.0,0.46173355,-0.28017348,-0.25562462,-1.0,-2.74743,-1.88397,2.74743,-1.88397,-2.74743,1.88397,5.6547,-0.513,0.6137516,-0.2466,1.5462,-0.513,0.398481,-0.2466,-0.2943,-0.513,0.7567815,-0.2466,-0.2943,1.0726291,0.24791108,0.38331473,-0.23598
359,6.001199999999987,-0.3567043,-1.0,0.5641651,-1.0,-0.7048565,0.29261735,1.0,-1.0,-0.025781758,-1.0,1.0,-1.0,-0.2645838,-1.0,-1.0,-1.0,0.13241765,-1.0,-1.0,0.46095574,-0.2807317,-0.2555684,-1.0,-2.74743,-1.88397,2.74743,-1.88397,-2.74743,1.88397,5.6547,-0.513,0.6130268,-0.2466,1.5462,-0.513,0.3974602,-0.2466,-0.2943,-0.513,0.7558334,-0.2466,-0.2943,1.0722325,0.24757572,0.3833634,-0.23598
360,6.017869999999987,-0.35595626,-1.0,0.5646429,-1.0,-0.70433384,0.29237288,1.0,-1.0,-0.026583523,-1.0,1.0,-1.0,-0.26570484,-1.0,-1.0,-1.0,0.13142656,-1.0,-1.0,0.4602111,-0.2812464,-0.255482,-1.0,-2.74743,-1.88397,2.74743,-1.88397,-2.74743,1.88397,5.6547,-0.513,0.6123031,-0.2466,1.5462,-0.513,0.39644825,-0.2466,-0.2943,-0.513,0.7549388,-0.2466,-0.2943,1.0718528,0.2472665,0.38343814,-0.23598
361,6.0345399999999865,-0.35521722,-1.0,0.5651286,-1.0,-0.7037686,0.2921266,1.0,-1.0,-0.027384192,-1.0,1.0,-1.0,-0.26681638,-1.0,-1.0,-1.0,0.13049379,-1.0,-1.0,0.45949867,-0.28171554,-0.25536802,-1.0,-2.74743,-1.88397,2.74743,-1.88397,-2.74743,1.88397,5.6547,-0.513,0.6115803,-0.2466,1.5462,-0.513,0.39544487,-0.2466,-0.2943,-0.513,0.75409675,-0.2466,-0.2943,1.0714895,0.24698465,0.38353676,-0.23598
362,6.051209999999986,-0.35449207,-1.0,0.56562054,-1.0,-0.70316786,0.2918844,1.0,-1.0,-0.028176423,-1.0,1.0,-1.0,-0.26791185,-1.0,-1.0,-1.0,0.12962086,-1.0,-1.0,0.45882303,-0.2821406,-0.25522673,-1.0,-2.74743,-1.88397,2.74743,-1.88397,-2.74743,1.88397,5.6547,-0.513,0.6108651,-0.2466,1.5462,-0.513,0.39445597,-0.2466,-0.2943,-0.513,0.7533088,-0.2466,-0.2943,1.0711449,0.24672928,0.383659,-0.23598
363,6.0678799999999855,-0.35378128,-1.0,0.5661203,-1.0,-0.70253533,0.29164594,1.0,-1.0,-0.028959438,-1.0,1.0,-1.0,-0.26898998,-1.0,-1.0,-1.0,0.12880665,-1.0,-1.0,0.45818415,-0.28252062,-0.25506082,-1.0,-2.74743,-1.88397,2.74743,-1.88397,-2.74743,1.88397,5.6547,-0.513,0.6101583,-0.2466,1.5462,-0.513,0.39348274,-0.2466,-0.2943,-0.513,0.7525738,-0.2466,-0.2943,1.0708191,0.24650098,0.38380256,-0.23598
364,6.084549999999985,-0.35308754,-1.0,0.5666249,-1.0,-0.7018757,0.2914153,1.0,-1.0,-0.029727895,-1.0,1.0,-1.0,-0.27004975,-1.0,-1.0,-1.0,0.12805274,-1.0,-1.0,0.45758453,-0.28285727,-0.25487038,-1.0,-2.74743,-1.88397,2.74743,-1.88397,-2.74743,1.88397,5.6547,-0.513,0.60946465,-0.2466,1.5462,-0.513,0.3925261,-0.2466,-0.2943,-0.513,0.7518932,-0.2466,-0.2943,1.0705134,0.24629873,0.3839673,-0.23598
365,6.1012199999999845,-0.35241622,-1.0,0.567132,-1.0,-0.7011962,0.29119444,1.0,-1.0,-0.030477777,-1.0,1.0,-1.0,-0.2710849,-1.0,-1.0,-1.0,0.12735939,-1.0,-1.0,0.4570276,-0.28315154,-0.25465766,-1.0,-2.74743,-1.88397,2.74743,-1.88397,-2.74743,1.88397,5.6547,-0.513,0.6087877,-0.2466,1.5462,-0.513,0.39159167,-0.2466,-0.2943,-0.513,0.7512673,-0.2466,-0.2943,1.0702293,0.24612194,0.38415137,-0.23598
366,6.117889999999984,-0.35176557,-1.0,0.5676431,-1.0,-0.70050067,0.29098502,1.0,-1.0,-0.03120754,-1.0,1.0,-1.0,-0.27209514,-1.0,-1.0,-1.0,0.12672387,-1.0,-1.0,0.45651224,-0.2834034,-0.25442427,-1.0,-2.74743,-1.88397,2.74743,-1.88397,-2.74743,1.88397,5.6547,-0.513,0.60812896,-0.2466,1.5462,-0.513,0.39067972,-0.2466,-0.2943,-0.513,0.7506936,-0.2466,-0.2943,1.0699666,0.24597064,0.3843533,-0.23598
367,6.134559999999984,-0.35113925,-1.0,0.5681549,-1.0,-0.6997937,0.29078758,1.0,-1.0,-0.031913623,-1.0,1.0,-1.0,-0.273077,-1.0,-1.0,-1.0,0.12614827,-1.0,-1.0,0.45603946,-0.28361532,-0.25417182,-1.0,-2.74743,-1.88397,2.74743,-1.88397,-2.74743,1.88397,5.6547,-0.513,0.60749155,-0.2466,1.5462,-0.513,0.3897934,-0.2466,-0.2943,-0.513,0.75017405,-0.2466,-0.2943,1.0697254,0.24584332,0.38457173,-0.23598
368,6.151229999999983,-0.3505391,-1.0,0.56866807,-1.0,-0.6990803,0.2906055,1.0,-1.0,-0.032592263,-1.0,1.0,-1.0,-0.27402908,-1.0,-1.0,-1.0,0.12562981,-1.0,-1.0,0.4556119,-0.28378955,-0.25390205,-1.0,-2.74743,-1.88397,2.74743,-1.88397,-2.74743,1.88397,5.6547,-0.513,0.60687894,-0.2466,1.5462,-0.513,0.38893396,-0.2466,-0.2943,-0.513,0.74970603,-0.2466,-0.2943,1.0695074,0.24573866,0.38480514,-0.23598
369,6.167899999999983,-0.34996712,-1.0,0.5691785,-1.0,-0.69836617,0.2904386,1.0,-1.0,-0.033241175,-1.0,1.0,-1.0,-0.2749473,-1.0,-1.0,-1.0,0.12516893,-1.0,-1.0,0.4552285,-0.28392652,-0.25361755,-1.0,-2.74743,-1.88397,2.74743,-1.88397,-2.74743,1.88397,5.6547,-0.513,0.6062932,-0.2466,1.5462,-0.513,0.3881051,-0.2466,-0.2943,-0.513,0.74929,-0.2466,-0.2943,1.0693119,0.24565637,0.38505128,-0.23598
370,6.184569999999982,-0.34942383,-1.0,0.5696868,-1.0,-0.697654,0.29028702,1.0,-1.0,-0.03386015,-1.0,1.0,-1.0,-0.27582955,-1.0,-1.0,-1.0,0.124762274,-1.0,-1.0,0.45488784,-0.2840278,-0.25332057,-1.0,-2.74743,-1.88397,2.74743,-1.88397,-2.74743,1.88397,5.6547,-0.513,0.60573447,-0.2466,1.5462,-0.513,0.38730866,-0.2466,-0.2943,-0.513,0.7489229,-0.2466,-0.2943,1.0691382,0.24559551,0.38530824,-0.23598
371,6.201239999999982,-0.34891158,-1.0,0.57019204,-1.0,-0.6969491,0.2901535,1.0,-1.0,-0.03444309,-1.0,1.0,-1.0,-0.27667353,-1.0,-1.0,-1.0,0.12441311,-1.0,-1.0,0.4545931,-0.28409734,-0.2530117,-1.0,-2.74743,-1.88397,2.74743,-1.88397,-2.74743,1.88397,5.6547,-0.513,0.6052082,-0.2466,1.5462,-0.513,0.38654682,-0.2466,-0.2943,-0.513,0.7486077,-0.2466,-0.2943,1.0689878,0.24555373,0.38557547,-0.23598
372,6.217909999999981,-0.34843147,-1.0,0.5706919,-1.0,-0.69625556,0.29003626,1.0,-1.0,-0.034991264,-1.0,1.0,-1.0,-0.2774775,-1.0,-1.0,-1.0,0.12411406,-1.0,-1.0,0.45434085,-0.28413677,-0.25269547,-1.0,-2.74743,-1.88397,2.74743,-1.88397,-2.74743,1.88397,5.6547,-0.513,0.6047134,-0.2466,1.5462,-0.513,0.38582104,-0.2466,-0.2943,-0.513,0.74833775,-0.2466,-0.2943,1.0688592,0.24553005,0.3858491,-0.23598
373,6.234579999999981,-0.34798527,-1.0,0.5711847,-1.0,-0.69557685,0.28993765,1.0,-1.0,-0.0355013,-1.0,1.0,-1.0,-0.27823883,-1.0,-1.0,-1.0,0.123865254,-1.0,-1.0,0.4541326,-0.28414917,-0.25237158,-1.0,-2.74743,-1.88397,2.74743,-1.88397,-2.74743,1.88397,5.6547,-0.513,0.604253,-0.2466,1.5462,-0.513,0.3851338,-0.2466,-0.2943,-0.513,0.74811316,-0.2466,-0.2943,1.068753,0.2455226,0.38612932,-0.23598
374,6.25124999999998,-0.34757316,-1.0,0.57167006,-1.0,-0.69491667,0.28985733,1.0,-1.0,-0.035972394,-1.0,1.0,-1.0,-0.27895495,-1.0,-1.0,-1.0,0.12366504,-1.0,-1.0,0.45396608,-0.2841363,-0.2520435,-1.0,-2.74743,-1.88397,2.74743,-1.88397,-2.74743,1.88397,5.6547,-0.513,0.6038277,-0.2466,1.5462,-0.513,0.38448736,-0.2466,-0.2943,-0.513,0.74793243,-0.2466,-0.2943,1.0686681,0.24553034,0.3864132,-0.23598
375,6.26791999999998,-0.34719586,-1.0,0.5721471,-1.0,-0.6942791,0.2897941,1.0,-1.0,-0.03640391,-1.0,1.0,-1.0,-0.2796269,-1.0,-1.0,-1.0,0.123509146,-1.0,-1.0,0.4538397,-0.28410193,-0.25171375,-1.0,-2.74743,-1.88397,2.74743,-1.88397,-2.74743,1.88397,5.6547,-0.513,0.6034382,-0.2466,1.5462,-0.513,0.3838808,-0.2466,-0.2943,-0.513,0.7477917,-0.2466,-0.2943,1.0686036,0.24555098,0.38669848,-0.23598
376,6.284589999999979,-0.3468536,-1.0,0.57261354,-1.0,-0.69366485,0.28974688,1.0,-1.0,-0.036795426,-1.0,1.0,-1.0,-0.28025106,-1.0,-1.0,-1.0,0.12339752,-1.0,-1.0,0.45375258,-0.28404823,-0.25138354,-1.0,-2.74743,-1.88397,2.74743,-1.88397,-2.74743,1.88397,5.6547,-0.513,0.60308474,-0.2466,1.5462,-0.513,0.38331738,-0.2466,-0.2943,-0.513,0.7476909,-0.2466,-0.2943,1.0685592,0.24558324,0.3869842,-0.23598
377,6.301259999999979,-0.34654808,-1.0,0.5730685,-1.0,-0.6930802,0.28971794,1.0,-1.0,-0.03714411,-1.0,1.0,-1.0,-0.28082615,-1.0,-1.0,-1.0,0.12332653,-1.0,-1.0,0.45370385,-0.28397906,-0.25105563,-1.0,-2.74743,-1.88397,2.74743,-1.88397,-2.74743,1.88397,5.6547,-0.513,0.60277003,-0.2466,1.5462,-0.513,0.38279822,-0.2466,-0.2943,-0.513,0.74762684,-0.2466,-0.2943,1.0685344,0.2456248,0.38726792,-0.23598
378,6.317929999999978,-0.34627867,-1.0,0.57351035,-1.0,-0.6925269,0.2897051,1.0,-1.0,-0.037452,-1.0,1.0,-1.0,-0.28135318,-1.0,-1.0,-1.0,0.12329062,-1.0,-1.0,0.45368966,-0.28389665,-0.25073266,-1.0,-2.74743,-1.88397,2.74743,-1.88397,-2.74743,1.88397,5.6547,-0.513,0.6024921,-0.2466,1.5462,-0.513,0.3823225,-0.2466,-0.2943,-0.513,0.7475944,-0.2466,-0.2943,1.0685271,0.24567431,0.38754734,-0.23598
379,6.334599999999978,-0.34604442,-1.0,0.5739381,-1.0,-0.69200605,0.28970748,1.0,-1.0,-0.03771741,-1.0,1.0,-1.0,-0.28182825,-1.0,-1.0,-1.0,0.12329187,-1.0,-1.0,0.45370966,-0.2838031,-0.2504159,-1.0,-2.74743,-1.88397,2.74743,-1.88397,-2.74743,1.88397,5.6547,-0.513,0.6022525,-0.2466,1.5462,-0.513,0.38189363,-0.2466,-0.2943,-0.513,0.74759555,-0.2466,-0.2943,1.0685374,0.2457305,0.3878214,-0.23598
380,6.351269999999977,-0.3458478,-1.0,0.5743526,-1.0,-0.69152176,0.28972587,1.0,-1.0,-0.03793965,-1.0,1.0,-1.0,-0.2822538,-1.0,-1.0,-1.0,0.12332501,-1.0,-1.0,0.4537628,-0.28370252,-0.2501073,-1.0,-2.74743,-1.88397,2.74743,-1.88397,-2.74743,1.88397,5.6547,-0.513,0.60205185,-0.2466,1.5462,-0.513,0.38150948,-0.2466,-0.2943,-0.513,0.74762547,-0.2466,-0.2943,1.0685644,0.24579093,0.38808843,-0.23598
381,6.367939999999977,-0.3456869,-1.0,0.5747499,-1.0,-0.691075,0.2897591,1.0,-1.0,-0.038119487,-1.0,1.0,-1.0,-0.28262806,-1.0,-1.0,-1.0,0.12338891,-1.0,-1.0,0.45384634,-0.2835973,-0.24980816,-1.0,-2.74743,-1.88397,2.74743,-1.88397,-2.74743,1.88397,5.6547,-0.513,0.60188955,-0.2466,1.5462,-0.513,0.38117164,-0.2466,-0.2943,-0.513,0.74768317,-0.2466,-0.2943,1.068607,0.24585415,0.38834724,-0.23598
382,6.384609999999976,-0.34556037,-1.0,0.5751299,-1.0,-0.6906682,0.28980458,1.0,-1.0,-0.03825812,-1.0,1.0,-1.0,-0.2829499,-1.0,-1.0,-1.0,0.12347885,-1.0,-1.0,0.45395574,-0.28348872,-0.24952233,-1.0,-2.74743,-1.88397,2.74743,-1.88397,-2.74743,1.88397,5.6547,-0.513,0.6017644,-0.2466,1.5462,-0.513,0.38088113,-0.2466,-0.2943,-0.513,0.74776435,-0.2466,-0.2943,1.0686628,0.24591938,0.38859454,-0.23598
383,6.401279999999976,-0.3454693,-1.0,0.57549137,-1.0,-0.6903022,0.28986403,1.0,-1.0,-0.038354263,-1.0,1.0,-1.0,-0.28322005,-1.0,-1.0,-1.0,0.12359335,-1.0,-1.0,0.4540928,-0.2833807,-0.2492488,-1.0,-2.74743,-1.88397,2.74743,-1.88397,-2.74743,1.88397,5.6547,-0.513,0.6016776,-0.2466,1.5462,-0.513,0.38063726,-0.2466,-0.2943,-0.513,0.7478677,-0.2466,-0.2943,1.0687327,0.24598429,0.3888312,-0.23598
384,6.417949999999975,-0.3454132,-1.0,0.57583463,-1.0,-0.689978,0.28993565,1.0,-1.0,-0.038409248,-1.0,1.0,-1.0,-0.2834397,-1.0,-1.0,-1.0,0.123730235,-1.0,-1.0,0.4542529,-0.28327587,-0.24898952,-1.0,-2.74743,-1.88397,2.74743,-1.88397,-2.74743,1.88397,5.6547,-0.513,0.60162795,-0.2466,1.5462,-0.513,0.38043898,-0.2466,-0.2943,-0.513,0.74799126,-0.2466,-0.2943,1.0688144,0.24604726,0.38905552,-0.23598
385,6.434619999999975,-0.34538984,-1.0,0.5761571,-1.0,-0.68969864,0.2900194,1.0,-1.0,-0.038423292,-1.0,1.0,-1.0,-0.2836089,-1.0,-1.0,-1.0,0.12388826,-1.0,-1.0,0.4544349,-0.28317523,-0.24874677,-1.0,-2.74743,-1.88397,2.74743,-1.88397,-2.74743,1.88397,5.6547,-0.513,0.6016153,-0.2466,1.5462,-0.513,0.38028625,-0.2466,-0.2943,-0.513,0.74813396,-0.2466,-0.2943,1.0689071,0.24610771,0.38926557,-0.23598
386,6.451289999999974,-0.34539866,-1.0,0.5764594,-1.0,-0.6894624,0.29011375,1.0,-1.0,-0.038397934,-1.0,1.0,-1.0,-0.2837283,-1.0,-1.0,-1.0,0.12406639,-1.0,-1.0,0.45463717,-0.28307986,-0.24852036,-1.0,-2.74743,-1.88397,2.74743,-1.88397,-2.74743,1.88397,5.6547,-0.513,0.6016382,-0.2466,1.5462,-0.513,0.38017845,-0.2466,-0.2943,-0.513,0.7482947,-0.2466,-0.2943,1.0690103,0.246165,0.38946146,-0.23598
387,6.467959999999974,-0.3454402,-1.0,0.57673955,-1.0,-0.68927306,0.29021952,1.0,-1.0,-0.038331024,-1.0,1.0,-1.0,-0.28379768,-1.0,-1.0,-1.0,0.12426037,-1.0,-1.0,0.45485824,-0.28299454,-0.24831204,-1.0,-2.74743,-1.88397,2.74743,-1.88397,-2.74743,1.88397,5.6547,-0.513,0.6016986,-0.2466,1.5462,-0.513,0.38011584,-0.2466,-0.2943,-0.513,0.7484698,-0.2466,-0.2943,1.069123,0.24621627,0.3896417,-0.23598
388,6.4846299999999735,-0.3455119,-1.0,0.57699937,-1.0,-0.6891284,0.29033628,1.0,-1.0,-0.038224928,-1.0,1.0,-1.0,-0.2838191,-1.0,-1.0,-1.0,0.124471,-1.0,-1.0,0.45509604,-0.28291866,-0.2481212,-1.0,-2.74743,-1.88397,2.74743,-1.88397,-2.74743,1.88397,5.6547,-0.513,0.60179436,-0.2466,1.5462,-0.513,0.3800965,-0.2466,-0.2943,-0.513,0.74865997,-0.2466,-0.2943,1.0692443,0.24626185,0.3898068,-0.23598
389,6.501299999999973,-0.34561104,-1.0,0.5772349,-1.0,-0.68902826,0.29046038,1.0,-1.0,-0.03808386,-1.0,1.0,-1.0,-0.28379446,-1.0,-1.0,-1.0,0.12469486,-1.0,-1.0,0.45534655,-0.28285196,-0.24795021,-1.0,-2.74743,-1.88397,2.74743,-1.88397,-2.74743,1.88397,5.6547,-0.513,0.6019217,-0.2466,1.5462,-0.513,0.38011873,-0.2466,-0.2943,-0.513,0.748862,-0.2466,-0.2943,1.069372,0.24630192,0.38995475,-0.23598
390,6.5179699999999725,-0.3457405,-1.0,0.5774475,-1.0,-0.68897504,0.29059717,1.0,-1.0,-0.03790217,-1.0,1.0,-1.0,-0.28372347,-1.0,-1.0,-1.0,0.12493148,-1.0,-1.0,0.45561332,-0.28279904,-0.24779676,-1.0,-2.74743,-1.88397,2.74743,-1.88397,-2.74743,1.88397,5.6547,-0.513,0.6020857,-0.2466,1.5462,-0.513,0.38018283,-0.2466,-0.2943,-0.513,0.74907565,-0.2466,-0.2943,1.0695081,0.24633372,0.39008752,-0.23598
391,6.534639999999972,-0.34589583,-1.0,0.57763743,-1.0,-0.6889669,0.29074168,1.0,-1.0,-0.037685394,-1.0,1.0,-1.0,-0.28360844,-1.0,-1.0,-1.0,0.12518112,-1.0,-1.0,0.455891,-0.28275934,-0.24766308,-1.0,-2.74743,-1.88397,2.74743,-1.88397,-2.74743,1.88397,5.6547,-0.513,0.6022814,-0.2466,1.5462,-0.513,0.38028666,-0.2466,-0.2943,-0.513,0.749301,-0.2466,-0.2943,1.0696497,0.24635758,0.39020318,-0.23598
392,6.5513099999999715,-0.34607637,-1.0,0.5778041,-1.0,-0.689003,0.29089555,1.0,-1.0,-0.03743328,-1.0,1.0,-1.0,-0.28345156,-1.0,-1.0,-1.0,0.12544166,-1.0,-1.0,0.45617962,-0.28273255,-0.24754827,-1.0,-2.74743,-1.88397,2.74743,-1.88397,-2.74743,1.88397,5.6547,-0.513,0.60250896,-0.2466,1.5462,-0.513,0.38042828,-0.2466,-0.2943,-0.513,0.74953616,-0.2466,-0.2943,1.0697969,0.24637367,0.39030254,-0.23598
393,6.567979999999971,-0.34627926,-1.0,0.5779467,-1.0,-0.68908197,0.29105607,1.0,-1.0,-0.037149817,-1.0,1.0,-1.0,-0.28325552,-1.0,-1.0,-1.0,0.12571223,-1.0,-1.0,0.45647585,-0.2827205,-0.24745281,-1.0,-2.74743,-1.88397,2.74743,-1.88397,-2.74743,1.88397,5.6547,-0.513,0.60276484,-0.2466,1.5462,-0.513,0.38060525,-0.2466,-0.2943,-0.513,0.7497804,-0.2466,-0.2943,1.069948,0.2463809,0.39038512,-0.23598
394,6.584649999999971,-0.34650564,-1.0,0.5780654,-1.0,-0.68920434,0.2912259,1.0,-1.0,-0.036832333,-1.0,1.0,-1.0,-0.28302068,-1.0,-1.0,-1.0,0.12599297,-1.0,-1.0,0.45678127,-0.28272322,-0.24737538,-1.0,-2.74743,-1.88397,2.74743,-1.88397,-2.74743,1.88397,5.6547,-0.513,0.6030514,-0.2466,1.5462,-0.513,0.38081723,-0.2466,-0.2943,-0.513,0.75003386,-0.2466,-0.2943,1.0701038,0.24637927,0.39045212,-0.23598
395,6.60131999999997,-0.3467511,-1.0,0.5781591,-1.0,-0.68936753,0.29140297,1.0,-1.0,-0.036484413,-1.0,1.0,-1.0,-0.28274882,-1.0,-1.0,-1.0,0.12628308,-1.0,-1.0,0.4570927,-0.282741,-0.24731609,-1.0,-2.74743,-1.88397,2.74743,-1.88397,-2.74743,1.88397,5.6547,-0.513,0.60336554,-0.2466,1.5462,-0.513,0.38106263,-0.2466,-0.2943,-0.513,0.75029576,-0.2466,-0.2943,1.0702626,0.24636859,0.3905034,-0.23598
396,6.61798999999997,-0.34701765,-1.0,0.5782297,-1.0,-0.68957245,0.29158917,1.0,-1.0,-0.036105767,-1.0,1.0,-1.0,-0.28244358,-1.0,-1.0,-1.0,0.12658137,-1.0,-1.0,0.45741147,-0.28277326,-0.24727464,-1.0,-2.74743,-1.88397,2.74743,-1.88397,-2.74743,1.88397,5.6547,-0.513,0.6037073,-0.2466,1.5462,-0.513,0.38133818,-0.2466,-0.2943,-0.513,0.750565,-0.2466,-0.2943,1.070425,0.24634922,0.3905393,-0.23598
397,6.634659999999969,-0.34729952,-1.0,0.57827586,-1.0,-0.6898139,0.29178098,1.0,-1.0,-0.035701063,-1.0,1.0,-1.0,-0.2821074,-1.0,-1.0,-1.0,0.12688716,-1.0,-1.0,0.45773354,-0.28282043,-0.24724962,-1.0,-2.74743,-1.88397,2.74743,-1.88397,-2.74743,1.88397,5.6547,-0.513,0.60407263,-0.2466,1.5462,-0.513,0.38164163,-0.2466,-0.2943,-0.513,0.750841,-0.2466,-0.2943,1.0705893,0.24632086,0.39056093,-0.23598
398,6.651329999999969,-0.34759694,-1.0,0.5782993,-1.0,-0.6900938,0.29198033,1.0,-1.0,-0.035269056,-1.0,1.0,-1.0,-0.28174192,-1.0,-1.0,-1.0,0.12720256,-1.0,-1.0,0.45805946,-0.2828819,-0.24724126,-1.0,-2.74743,-1.88397,2.74743,-1.88397,-2.74743,1.88397,5.6547,-0.513,0.6044626,-0.2466,1.5462,-0.513,0.38197157,-0.2466,-0.2943,-0.513,0.75112575,-0.2466,-0.2943,1.0707555,0.24628395,0.39056817,-0.23598
399,6.667999999999968,-0.34790862,-1.0,0.57829934,-1.0,-0.69040847,0.29218715,1.0,-1.0,-0.034811787,-1.0,1.0,-1.0,-0.2813478,-1.0,-1.0,-1.0,0.1275229,-1.0,-1.0,0.45838875,-0.282957,-0.24724747,-1.0,-2.74743,-1.88397,2.74743,-1.88397,-2.74743,1.88397,5.6547,-0.513,0.6048754,-0.2466,1.5462,-0.513,0.38232732,-0.2466,-0.2943,-0.513,0.7514149,-0.2466,-0.2943,1.0709234,0.24623883,0.39056277,-0.23598
400,6.684669999999968,-0.34823078,-1.0,0.5782776,-1.0,-0.690755,0.29239812,1.0,-1.0,-0.0343348,-1.0,1.0,-1.0,-0.28093162,-1.0,-1.0,-1.0,0.12785137,-1.0,-1.0,0.458718,-0.28304502,-0.2472691,-1.0,-2.74743,-1.88397,2.74743,-1.88397,-2.74743,1.88397,5.6547,-0.513,0.60530597,-0.2466,1.5462,-0.513,0.38270304,-0.2466,-0.2943,-0.513,0.7517114,-0.2466,-0.2943,1.0710913,0.24618594,0.39054406,-0.23598
401,6.701339999999967,-0.34856504,-1.0,0.57823426,-1.0,-0.6911335,0.2926166,1.0,-1.0,-0.03383483,-1.0,1.0,-1.0,-0.28049213,-1.0,-1.0,-1.0,0.12818538,-1.0,-1.0,0.45905018,-0.2831467,-0.24730377,-1.0,-2.74743,-1.88397,2.74743,-1.88397,-2.74743,1.88397,5.6547,-0.513,0.6057573,-0.2466,1.5462,-0.513,0.38309976,-0.2466,-0.2943,-0.513,0.75201297,-0.2466,-0.2943,1.0712607,0.24612485,0.39051408,-0.23598
402,6.718009999999967,-0.3489055,-1.0,0.57816976,-1.0,-0.69153905,0.29283908,1.0,-1.0,-0.033317797,-1.0,1.0,-1.0,-0.28003383,-1.0,-1.0,-1.0,0.12852506,-1.0,-1.0,0.4593803,-0.28325936,-0.24735118,-1.0,-2.74743,-1.88397,2.74743,-1.88397,-2.74743,1.88397,5.6547,-0.513,0.606224,-0.2466,1.5462,-0.513,0.38351345,-0.2466,-0.2943,-0.513,0.7523196,-0.2466,-0.2943,1.0714291,0.24605717,0.39047304,-0.23598
403,6.734679999999966,-0.34925544,-1.0,0.57808477,-1.0,-0.69197303,0.29306787,1.0,-1.0,-0.032782957,-1.0,1.0,-1.0,-0.2795598,-1.0,-1.0,-1.0,0.12886986,-1.0,-1.0,0.45971134,-0.28338477,-0.24741036,-1.0,-2.74743,-1.88397,2.74743,-1.88397,-2.74743,1.88397,5.6547,-0.513,0.6067068,-0.2466,1.5462,-0.513,0.38394138,-0.2466,-0.2943,-0.513,0.75263083,-0.2466,-0.2943,1.0715979,0.24598183,0.39042184,-0.23598
404,6.751349999999966,-0.349608,-1.0,0.57797974,-1.0,-0.6924281,0.29329863,1.0,-1.0,-0.032236367,-1.0,1.0,-1.0,-0.27907228,-1.0,-1.0,-1.0,0.12921797,-1.0,-1.0,0.46003863,-0.28351998,-0.2474805,-1.0,-2.74743,-1.88397,2.74743,-1.88397,-2.74743,1.88397,5.6547,-0.513,0.6072002,-0.2466,1.5462,-0.513,0.38438144,-0.2466,-0.2943,-0.513,0.75294507,-0.2466,-0.2943,1.0717648,0.2459006,0.39036116,-0.23598
405,6.768019999999965,-0.34996527,-1.0,0.5778582,-1.0,-0.6929058,0.29353464,1.0,-1.0,-0.031676136,-1.0,1.0,-1.0,-0.27857256,-1.0,-1.0,-1.0,0.12957025,-1.0,-1.0,0.4603643,-0.28366503,-0.24756001,-1.0,-2.74743,-1.88397,2.74743,-1.88397,-2.74743,1.88397,5.6547,-0.513,0.60770595,-0.2466,1.5462,-0.513,0.38483256,-0.2466,-0.2943,-0.513,0.75326306,-0.2466,-0.2943,1.0719309,0.24581346,0.39029238,-0.23598
406,6.784689999999965,-0.3503238,-1.0,0.5777188,-1.0,-0.6934012,0.29377395,1.0,-1.0,-0.031106383,-1.0,1.0,-1.0,-0.27806485,-1.0,-1.0,-1.0,0.12992316,-1.0,-1.0,0.46068653,-0.28382036,-0.24764748,-1.0,-2.74743,-1.88397,2.74743,-1.88397,-2.74743,1.88397,5.6547,-0.513,0.6082203,-0.2466,1.5462,-0.513,0.38529086,-0.2466,-0.2943,-0.513,0.75358164,-0.2466,-0.2943,1.0720952,0.24572013,0.39021668,-0.23598
407,6.801359999999964,-0.3506837,-1.0,0.57756406,-1.0,-0.6939129,0.29401618,1.0,-1.0,-0.030528922,-1.0,1.0,-1.0,-0.27755165,-1.0,-1.0,-1.0,0.130278,-1.0,-1.0,0.46100473,-0.28398436,-0.24774304,-1.0,-2.74743,-1.88397,2.74743,-1.88397,-2.74743,1.88397,5.6547,-0.513,0.6087415,-0.2466,1.5462,-0.513,0.38575414,-0.2466,-0.2943,-0.513,0.75390196,-0.2466,-0.2943,1.0722575,0.2456216,0.390134,-0.23598
408,6.818029999999964,-0.35103953,-1.0,0.57739437,-1.0,-0.69443786,0.29425907,1.0,-1.0,-0.029947933,-1.0,1.0,-1.0,-0.27703458,-1.0,-1.0,-1.0,0.13063067,-1.0,-1.0,0.4613151,-0.28415552,-0.24784605,-1.0,-2.74743,-1.88397,2.74743,-1.88397,-2.74743,1.88397,5.6547,-0.513,0.609266,-0.2466,1.5462,-0.513,0.38622087,-0.2466,-0.2943,-0.513,0.7542203,-0.2466,-0.2943,1.0724157,0.24551879,0.39004487,-0.23598
409,6.834699999999963,-0.35139483,-1.0,0.5772117,-1.0,-0.6949736,0.29450446,1.0,-1.0,-0.029362794,-1.0,1.0,-1.0,-0.27651736,-1.0,-1.0,-1.0,0.13098368,-1.0,-1.0,0.46162155,-0.28433388,-0.24795415,-1.0,-2.74743,-1.88397,2.74743,-1.88397,-2.74743,1.88397,5.6547,-0.513,0.6097942,-0.2466,1.5462,-0.513,0.3866878,-0.2466,-0.2943,-0.513,0.75453895,-0.2466,-0.2943,1.072572,0.24541163,0.38995135,-0.23598
410,6.851369999999963,-0.3517443,-1.0,0.57701755,-1.0,-0.6955169,0.29474902,1.0,-1.0,-0.028778315,-1.0,1.0,-1.0,-0.27600205,-1.0,-1.0,-1.0,0.13133316,-1.0,-1.0,0.4619195,-0.28451914,-0.24806719,-1.0,-2.74743,-1.88397,2.74743,-1.88397,-2.74743,1.88397,5.6547,-0.513,0.6103218,-0.2466,1.5462,-0.513,0.38715294,-0.2466,-0.2943,-0.513,0.75485444,-0.2466,-0.2943,1.072724,0.24530034,0.38985354,-0.23598
411,6.868039999999962,-0.35208786,-1.0,0.5768141,-1.0,-0.69606555,0.29499322,1.0,-1.0,-0.028196312,-1.0,1.0,-1.0,-0.27549148,-1.0,-1.0,-1.0,0.13167757,-1.0,-1.0,0.4622092,-0.28470972,-0.24818425,-1.0,-2.74743,-1.88397,2.74743,-1.88397,-2.74743,1.88397,5.6547,-0.513,0.6108472,-0.2466,1.5462,-0.513,0.38761383,-0.2466,-0.2943,-0.513,0.75516534,-0.2466,-0.2943,1.0728717,0.24518584,0.38975227,-0.23598
412,6.884709999999962,-0.35242432,-1.0,0.5765996,-1.0,-0.6966173,0.2952361,1.0,-1.0,-0.027618837,-1.0,1.0,-1.0,-0.27498674,-1.0,-1.0,-1.0,0.13201658,-1.0,-1.0,0.46249,-0.28490493,-0.24830514,-1.0,-2.74743,-1.88397,2.74743,-1.88397,-2.74743,1.88397,5.6547,-0.513,0.6113685,-0.2466,1.5462,-0.513,0.38806948,-0.2466,-0.2943,-0.513,0.75547135,-0.2466,-0.2943,1.0730149,0.24506857,0.38964766,-0.23598
413,6.901379999999961,-0.35275257,-1.0,0.5763805,-1.0,-0.6971701,0.29547814,1.0,-1.0,-0.027047582,-1.0,1.0,-1.0,-0.2744917,-1.0,-1.0,-1.0,0.13234839,-1.0,-1.0,0.4627614,-0.2851056,-0.24842799,-1.0,-2.74743,-1.88397,2.74743,-1.88397,-2.74743,1.88397,5.6547,-0.513,0.6118842,-0.2466,1.5462,-0.513,0.38851634,-0.2466,-0.2943,-0.513,0.75577086,-0.2466,-0.2943,1.0731533,0.24494801,0.3895414,-0.23598
414,6.918049999999961,-0.35307133,-1.0,0.5761563,-1.0,-0.6977194,0.2957171,1.0,-1.0,-0.026485365,-1.0,1.0,-1.0,-0.2740094,-1.0,-1.0,-1.0,0.13267,-1.0,-1.0,0.4630226,-0.28531122,-0.24855186,-1.0,-2.74743,-1.88397,2.74743,-1.88397,-2.74743,1.88397,5.6547,-0.513,0.61239165,-0.2466,1.5462,-0.513,0.38895172,-0.2466,-0.2943,-0.513,0.7560612,-0.2466,-0.2943,1.0732865,0.24482447,0.3894342,-0.23598
415,6.9347199999999605,-0.35337806,-1.0,0.57592666,-1.0,-0.69826293,0.29595143,1.0,-1.0,-0.025936339,-1.0,1.0,-1.0,-0.27354044,-1.0,-1.0,-1.0,0.13298081,-1.0,-1.0,0.46327072,-0.28551912,-0.24867631,-1.0,-2.74743,-1.88397,2.74743,-1.88397,-2.74743,1.88397,5.6547,-0.513,0.61288726,-0.2466,1.5462,-0.513,0.38937506,-0.2466,-0.2943,-0.513,0.75634176,-0.2466,-0.2943,1.073413,0.24469958,0.3893265,-0.23598
416,6.95138999999996,-0.35367298,-1.0,0.5756958,-1.0,-0.6988007,0.29618207,1.0,-1.0,-0.025399383,-1.0,1.0,-1.0,-0.27308643,-1.0,-1.0,-1.0,0.1332804,-1.0,-1.0,0.4635069,-0.28573108,-0.24880104,-1.0,-2.74743,-1.88397,2.74743,-1.88397,-2.74743,1.88397,5.6547,-0.513,0.61337197,-0.2466,1.5462,-0.513,0.38978487,-0.2466,-0.2943,-0.513,0.75661224,-0.2466,-0.2943,1.0735334,0.24457224,0.3892186,-0.23598
417,6.9680599999999595,-0.35395485,-1.0,0.5754651,-1.0,-0.69932866,0.2964076,1.0,-1.0,-0.024878666,-1.0,1.0,-1.0,-0.27265275,-1.0,-1.0,-1.0,0.1335653,-1.0,-1.0,0.4637306,-0.28594655,-0.24892527,-1.0,-2.74743,-1.88397,2.74743,-1.88397,-2.74743,1.88397,5.6547,-0.513,0.613842,-0.2466,1.5462,-0.513,0.39017636,-0.2466,-0.2943,-0.513,0.7568694,-0.2466,-0.2943,1.0736475,0.24444279,0.38911113,-0.23598
418,6.984729999999959,-0.35422266,-1.0,0.575233,-1.0,-0.6998446,0.2966266,1.0,-1.0,-0.024375744,-1.0,1.0,-1.0,-0.27223682,-1.0,-1.0,-1.0,0.13383463,-1.0,-1.0,0.4639391,-0.28616428,-0.24904811,-1.0,-2.74743,-1.88397,2.74743,-1.88397,-2.74743,1.88397,5.6547,-0.513,0.614296,-0.2466,1.5462,-0.513,0.3905518,-0.2466,-0.2943,-0.513,0.7571125,-0.2466,-0.2943,1.0737538,0.24431199,0.38900483,-0.23598
419,7.0013999999999585,-0.35447627,-1.0,0.5750064,-1.0,-0.70034796,0.29683998,1.0,-1.0,-0.023891777,-1.0,1.0,-1.0,-0.27184403,-1.0,-1.0,-1.0,0.13408679,-1.0,-1.0,0.46413493,-0.28638342,-0.2491695,-1.0,-2.74743,-1.88397,2.74743,-1.88397,-2.74743,1.88397,5.6547,-0.513,0.6147329,-0.2466,1.5462,-0.513,0.3909064,-0.2466,-0.2943,-0.513,0.75734013,-0.2466,-0.2943,1.0738537,0.24418034,0.3888998,-0.23598
420,7.018069999999958,-0.35471588,-1.0,0.5747815,-1.0,-0.7008367,0.29704696,1.0,-1.0,-0.023427576,-1.0,1.0,-1.0,-0.2714728,-1.0,-1.0,-1.0,0.13432051,-1.0,-1.0,0.46431547,-0.28660592,-0.2492884,-1.0,-2.74743,-1.88397,2.74743,-1.88397,-2.74743,1.88397,5.6547,-0.513,0.61515194,-0.2466,1.5462,-0.513,0.3912415,-0.2466,-0.2943,-0.513,0.75755113,-0.2466,-0.2943,1.0739458,0.24404666,0.38879696,-0.23598
421,7.034739999999958,-0.35493666,-1.0,0.57456326,-1.0,-0.7013067,0.29724455,1.0,-1.0,-0.022987973,-1.0,1.0,-1.0,-0.27112743,-1.0,-1.0,-1.0,0.13453422,-1.0,-1.0,0.46447933,-0.28682816,-0.24940416,-1.0,-2.74743,-1.88397,2.74743,-1.88397,-2.74743,1.88397,5.6547,-0.513,0.61554873,-0.2466,1.5462,-0.513,0.39155325,-0.2466,-0.2943,-0.513,0.7577441,-0.2466,-0.2943,1.0740293,0.24391314,0.3886968,-0.23598
422,7.051409999999957,-0.35514218,-1.0,0.5743526,-1.0,-0.7017587,0.29743448,1.0,-1.0,-0.022572163,-1.0,1.0,-1.0,-0.27080864,-1.0,-1.0,-1.0,0.13472703,-1.0,-1.0,0.46462867,-0.28705207,-0.24951728,-1.0,-2.74743,-1.88397,2.74743,-1.88397,-2.74743,1.88397,5.6547,-0.513,0.6159241,-0.2466,1.5462,-0.513,0.39184105,-0.2466,-0.2943,-0.513,0.7579181,-0.2466,-0.2943,1.0741055,0.24377863,0.38859892,-0.23598
423,7.068079999999957,-0.35533005,-1.0,0.57414955,-1.0,-0.70218927,0.29761466,1.0,-1.0,-0.022181734,-1.0,1.0,-1.0,-0.27051684,-1.0,-1.0,-1.0,0.13489838,-1.0,-1.0,0.4647607,-0.2872773,-0.24962561,-1.0,-2.74743,-1.88397,2.74743,-1.88397,-2.74743,1.88397,5.6547,-0.513,0.61627656,-0.2466,1.5462,-0.513,0.39210445,-0.2466,-0.2943,-0.513,0.7580728,-0.2466,-0.2943,1.0741729,0.24364331,0.3885052,-0.23598
424,7.084749999999956,-0.355502,-1.0,0.57395655,-1.0,-0.7026004,0.29778734,1.0,-1.0,-0.021816649,-1.0,1.0,-1.0,-0.27025282,-1.0,-1.0,-1.0,0.13504808,-1.0,-1.0,0.46487764,-0.28750274,-0.24973027,-1.0,-2.74743,-1.88397,2.74743,-1.88397,-2.74743,1.88397,5.6547,-0.513,0.6166061,-0.2466,1.5462,-0.513,0.39234278,-0.2466,-0.2943,-0.513,0.7582079,-0.2466,-0.2943,1.0742325,0.24350788,0.38841462,-0.23598
425,7.101419999999956,-0.3556555,-1.0,0.57377267,-1.0,-0.70298743,0.29794937,1.0,-1.0,-0.021480076,-1.0,1.0,-1.0,-0.2700184,-1.0,-1.0,-1.0,0.13517265,-1.0,-1.0,0.4649776,-0.2877283,-0.2498298,-1.0,-2.74743,-1.88397,2.74743,-1.88397,-2.74743,1.88397,5.6547,-0.513,0.6169099,-0.2466,1.5462,-0.513,0.3925544,-0.2466,-0.2943,-0.513,0.75832033,-0.2466,-0.2943,1.0742835,0.24337237,0.38832852,-0.23598
426,7.118089999999955,-0.35579097,-1.0,0.573602,-1.0,-0.70335126,0.29810092,1.0,-1.0,-0.021171998,-1.0,1.0,-1.0,-0.26981372,-1.0,-1.0,-1.0,0.13527246,-1.0,-1.0,0.46505988,-0.2879528,-0.24992588,-1.0,-2.74743,-1.88397,2.74743,-1.88397,-2.74743,1.88397,5.6547,-0.513,0.61718804,-0.2466,1.5462,-0.513,0.39273915,-0.2466,-0.2943,-0.513,0.75841045,-0.2466,-0.2943,1.0743254,0.2432375,0.38824537,-0.23598
427,7.134759999999955,-0.35590816,-1.0,0.5734421,-1.0,-0.70369,0.29824108,1.0,-1.0,-0.02089379,-1.0,1.0,-1.0,-0.2696392,-1.0,-1.0,-1.0,0.13534905,-1.0,-1.0,0.46512526,-0.28817567,-0.25001648,-1.0,-2.74743,-1.88397,2.74743,-1.88397,-2.74743,1.88397,5.6547,-0.513,0.61743915,-0.2466,1.5462,-0.513,0.3928967,-0.2466,-0.2943,-0.513,0.7584796,-0.2466,-0.2943,1.0743587,0.24310361,0.388167,-0.23598
428,7.151429999999954,-0.3560068,-1.0,0.5732957,-1.0,-0.70400286,0.29837123,1.0,-1.0,-0.020644821,-1.0,1.0,-1.0,-0.26949644,-1.0,-1.0,-1.0,0.13540006,-1.0,-1.0,0.46517438,-0.28839797,-0.2501013,-1.0,-2.74743,-1.88397,2.74743,-1.88397,-2.74743,1.88397,5.6547,-0.513,0.6176639,-0.2466,1.5462,-0.513,0.39302558,-0.2466,-0.2943,-0.513,0.7585256,-0.2466,-0.2943,1.0743839,0.24297005,0.3880936,-0.23598
429,7.168099999999954,-0.35608876,-1.0,0.5731634,-1.0,-0.70429134,0.29849073,1.0,-1.0,-0.02042428,-1.0,1.0,-1.0,-0.26938212,-1.0,-1.0,-1.0,0.13542666,-1.0,-1.0,0.4652077,-0.28861803,-0.25018108,-1.0,-2.74743,-1.88397,2.74743,-1.88397,-2.74743,1.88397,5.6547,-0.513,0.617863,-0.2466,1.5462,-0.513,0.39312875,-0.2466,-0.2943,-0.513,0.75854963,-0.2466,-0.2943,1.0744008,0.24283785,0.38802457,-0.23598
430,7.184769999999953,-0.35615253,-1.0,0.5730463,-1.0,-0.70455277,0.29859835,1.0,-1.0,-0.020235296,-1.0,1.0,-1.0,-0.2693006,-1.0,-1.0,-1.0,0.13542807,-1.0,-1.0,0.4652237,-0.28883585,-0.25025532,-1.0,-2.74743,-1.88397,2.74743,-1.88397,-2.74743,1.88397,5.6547,-0.513,0.6180336,-0.2466,1.5462,-0.513,0.39320233,-0.2466,-0.2943,-0.513,0.75855094,-0.2466,-0.2943,1.074409,0.24270698,0.38796034,-0.23598
431,7.201439999999953,-0.35620052,-1.0,0.57294345,-1.0,-0.704788,0.29869613,1.0,-1.0,-0.020074833,-1.0,1.0,-1.0,-0.2692494,-1.0,-1.0,-1.0,0.13540535,-1.0,-1.0,0.46522513,-0.2890518,-0.25032297,-1.0,-2.74743,-1.88397,2.74743,-1.88397,-2.74743,1.88397,5.6547,-0.513,0.6181784,-0.2466,1.5462,-0.513,0.39324856,-0.2466,-0.2943,-0.513,0.7585304,-0.2466,-0.2943,1.0744097,0.24257725,0.3879018,-0.23598
432,7.218109999999952,-0.35622972,-1.0,0.5728557,-1.0,-0.704997,0.2987816,1.0,-1.0,-0.019945532,-1.0,1.0,-1.0,-0.2692284,-1.0,-1.0,-1.0,0.13535874,-1.0,-1.0,0.4652095,-0.28926316,-0.25038624,-1.0,-2.74743,-1.88397,2.74743,-1.88397,-2.74743,1.88397,5.6547,-0.513,0.6182952,-0.2466,1.5462,-0.513,0.3932675,-0.2466,-0.2943,-0.513,0.75848836,-0.2466,-0.2943,1.0744017,0.24245027,0.38784707,-0.23598
433,7.234779999999952,-0.3562435,-1.0,0.5727844,-1.0,-0.7051805,0.29885685,1.0,-1.0,-0.019844845,-1.0,1.0,-1.0,-0.26923823,-1.0,-1.0,-1.0,0.13528924,-1.0,-1.0,0.46518046,-0.28947076,-0.25044304,-1.0,-2.74743,-1.88397,2.74743,-1.88397,-2.74743,1.88397,5.6547,-0.513,0.61838603,-0.2466,1.5462,-0.513,0.39325866,-0.2466,-0.2943,-0.513,0.7584256,-0.2466,-0.2943,1.074387,0.24232556,0.38779792,-0.23598
434,7.251449999999951,-0.35624093,-1.0,0.5727278,-1.0,-0.7053369,0.29892045,1.0,-1.0,-0.019773256,-1.0,1.0,-1.0,-0.26927602,-1.0,-1.0,-1.0,0.13519725,-1.0,-1.0,0.46513698,-0.2896736,-0.2504939,-1.0,-2.74743,-1.88397,2.74743,-1.88397,-2.74743,1.88397,5.6547,-0.513,0.6184507,-0.2466,1.5462,-0.513,0.39322454,-0.2466,-0.2943,-0.513,0.75834256,-0.2466,-0.2943,1.0743648,0.2422037,0.3877539,-0.23598
435,7.268119999999951,-0.35622233,-1.0,0.5726867,-1.0,-0.70546734,0.2989729,1.0,-1.0,-0.019731164,-1.0,1.0,-1.0,-0.26934338,-1.0,-1.0,-1.0,0.13508306,-1.0,-1.0,0.46507904,-0.2898713,-0.25053924,-1.0,-2.74743,-1.88397,2.74743,-1.88397,-2.74743,1.88397,5.6547,-0.513,0.61848867,-0.2466,1.5462,-0.513,0.39316374,-0.2466,-0.2943,-0.513,0.7582395,-0.2466,-0.2943,1.0743352,0.24208492,0.38771468,-0.23598
436,7.28478999999995,-0.3561889,-1.0,0.5726614,-1.0,-0.70557266,0.2990154,1.0,-1.0,-0.019715488,-1.0,1.0,-1.0,-0.2694374,-1.0,-1.0,-1.0,0.13494964,-1.0,-1.0,0.46500885,-0.2900634,-0.2505781,-1.0,-2.74743,-1.88397,2.74743,-1.88397,-2.74743,1.88397,5.6547,-0.513,0.61850286,-0.2466,1.5462,-0.513,0.39307886,-0.2466,-0.2943,-0.513,0.75811905,-0.2466,-0.2943,1.0742993,0.24196951,0.38768107,-0.23598
437,7.30145999999995,-0.35614276,-1.0,0.57265157,-1.0,-0.70565504,0.29904768,1.0,-1.0,-0.019726586,-1.0,1.0,-1.0,-0.26955926,-1.0,-1.0,-1.0,0.13479708,-1.0,-1.0,0.46492687,-0.29024962,-0.2506121,-1.0,-2.74743,-1.88397,2.74743,-1.88397,-2.74743,1.88397,5.6547,-0.513,0.6184928,-0.2466,1.5462,-0.513,0.39296886,-0.2466,-0.2943,-0.513,0.7579813,-0.2466,-0.2943,1.0742576,0.24185765,0.38765165,-0.23598
438,7.318129999999949,-0.3560819,-1.0,0.5726564,-1.0,-0.7057122,0.29906908,1.0,-1.0,-0.019764401,-1.0,1.0,-1.0,-0.26970664,-1.0,-1.0,-1.0,0.13462532,-1.0,-1.0,0.46483278,-0.29042932,-0.25064048,-1.0,-2.74743,-1.88397,2.74743,-1.88397,-2.74743,1.88397,5.6547,-0.513,0.6184587,-0.2466,1.5462,-0.513,0.39283583,-0.2466,-0.2943,-0.513,0.75782627,-0.2466,-0.2943,1.0742096,0.24174967,0.3876271,-0.23598
439,7.334799999999949,-0.356009,-1.0,0.5726766,-1.0,-0.7057474,0.2990817,1.0,-1.0,-0.019825507,-1.0,1.0,-1.0,-0.26987767,-1.0,-1.0,-1.0,0.13443875,-1.0,-1.0,0.46472925,-0.29060116,-0.2506629,-1.0,-2.74743,-1.88397,2.74743,-1.88397,-2.74743,1.88397,5.6547,-0.513,0.6184035,-0.2466,1.5462,-0.513,0.39268142,-0.2466,-0.2943,-0.513,0.7576579,-0.2466,-0.2943,1.0741568,0.24164644,0.3876077,-0.23598
440,7.351469999999948,-0.35592377,-1.0,0.5727104,-1.0,-0.7057605,0.2990853,1.0,-1.0,-0.019910317,-1.0,1.0,-1.0,-0.27007183,-1.0,-1.0,-1.0,0.13423663,-1.0,-1.0,0.46461618,-0.2907656,-0.25068045,-1.0,-2.74743,-1.88397,2.74743,-1.88397,-2.74743,1.88397,5.6547,-0.513,0.61832696,-0.2466,1.5462,-0.513,0.39250615,-0.2466,-0.2943,-0.513,0.75747544,-0.2466,-0.2943,1.0740992,0.24154764,0.38759252,-0.23598
441,7.368139999999948,-0.35582966,-1.0,0.5727578,-1.0,-0.7057536,0.29908088,1.0,-1.0,-0.020015988,-1.0,1.0,-1.0,-0.27028778,-1.0,-1.0,-1.0,0.13402134,-1.0,-1.0,0.46449548,-0.29092306,-0.25069222,-1.0,-2.74743,-1.88397,2.74743,-1.88397,-2.74743,1.88397,5.6547,-0.513,0.6182316,-0.2466,1.5462,-0.513,0.39231122,-0.2466,-0.2943,-0.513,0.75728106,-0.2466,-0.2943,1.0740376,0.24145305,0.38758233,-0.23598
442,7.3848099999999475,-0.35572433,-1.0,0.5728193,-1.0,-0.70572674,0.2990681,1.0,-1.0,-0.020142738,-1.0,1.0,-1.0,-0.27052432,-1.0,-1.0,-1.0,0.13379394,-1.0,-1.0,0.46436718,-0.29107195,-0.2506996,-1.0,-2.74743,-1.88397,2.74743,-1.88397,-2.74743,1.88397,5.6547,-0.513,0.61811715,-0.2466,1.5462,-0.513,0.39209768,-0.2466,-0.2943,-0.513,0.7570758,-0.2466,-0.2943,1.0739722,0.2413636,0.38757592,-0.23598
443,7.401479999999947,-0.35561043,-1.0,0.57289326,-1.0,-0.7056808,0.29904744,1.0,-1.0,-0.020288724,-1.0,1.0,-1.0,-0.27078003,-1.0,-1.0,-1.0,0.13355687,-1.0,-1.0,0.46423233,-0.29121202,-0.2507009,-1.0,-2.74743,-1.88397,2.74743,-1.88397,-2.74743,1.88397,5.6547,-0.513,0.61798537,-0.2466,1.5462,-0.513,0.39186686,-0.2466,-0.2943,-0.513,0.7568618,-0.2466,-0.2943,1.0739034,0.24127945,0.38757482,-0.23598
444,7.4181499999999465,-0.3554883,-1.0,0.5729786,-1.0,-0.7056184,0.29901922,1.0,-1.0,-0.0204525,-1.0,1.0,-1.0,-0.27105263,-1.0,-1.0,-1.0,0.13331206,-1.0,-1.0,0.46409166,-0.2913439,-0.25069904,-1.0,-2.74743,-1.88397,2.74743,-1.88397,-2.74743,1.88397,5.6547,-0.513,0.61783755,-0.2466,1.5462,-0.513,0.39162078,-0.2466,-0.2943,-0.513,0.7566408,-0.2466,-0.2943,1.0738317,0.24120022,0.38757643,-0.23598
445,7.434819999999946,-0.3553601,-1.0,0.57307506,-1.0,-0.7055407,0.29898602,1.0,-1.0,-0.0206304,-1.0,1.0,-1.0,-0.27134043,-1.0,-1.0,-1.0,0.13306125,-1.0,-1.0,0.46394792,-0.2914665,-0.25069222,-1.0,-2.74743,-1.88397,2.74743,-1.88397,-2.74743,1.88397,5.6547,-0.513,0.6176769,-0.2466,1.5462,-0.513,0.391361,-0.2466,-0.2943,-0.513,0.7564144,-0.2466,-0.2943,1.0737584,0.24112657,0.38758233,-0.23598
446,7.4514899999999455,-0.35522592,-1.0,0.57318205,-1.0,-0.70544815,0.29894623,1.0,-1.0,-0.020823672,-1.0,1.0,-1.0,-0.27164233,-1.0,-1.0,-1.0,0.1328052,-1.0,-1.0,0.46380058,-0.2915792,-0.2506811,-1.0,-2.74743,-1.88397,2.74743,-1.88397,-2.74743,1.88397,5.6547,-0.513,0.61750245,-0.2466,1.5462,-0.513,0.3910885,-0.2466,-0.2943,-0.513,0.75618327,-0.2466,-0.2943,1.0736833,0.24105887,0.38759196,-0.23598
447,7.468159999999945,-0.3550862,-1.0,0.5732981,-1.0,-0.7053439,0.2989017,1.0,-1.0,-0.021028925,-1.0,1.0,-1.0,-0.27195704,-1.0,-1.0,-1.0,0.13254602,-1.0,-1.0,0.46365088,-0.29168278,-0.25066686,-1.0,-2.74743,-1.88397,2.74743,-1.88397,-2.74743,1.88397,5.6547,-0.513,0.6173172,-0.2466,1.5462,-0.513,0.39080438,-0.2466,-0.2943,-0.513,0.7559493,-0.2466,-0.2943,1.0736068,0.24099664,0.38760427,-0.23598
448,7.484829999999945,-0.3549441,-1.0,0.573424,-1.0,-0.7052281,0.29885307,1.0,-1.0,-0.02124409,-1.0,1.0,-1.0,-0.27228335,-1.0,-1.0,-1.0,0.13228635,-1.0,-1.0,0.46350172,-0.2917789,-0.2506483,-1.0,-2.74743,-1.88397,2.74743,-1.88397,-2.74743,1.88397,5.6547,-0.513,0.61712295,-0.2466,1.5462,-0.513,0.3905098,-0.2466,-0.2943,-0.513,0.7557149,-0.2466,-0.2943,1.0735308,0.2409389,0.38762033,-0.23598
449,7.501499999999944,-0.35479915,-1.0,0.5735584,-1.0,-0.7051041,0.29880255,1.0,-1.0,-0.021466844,-1.0,1.0,-1.0,-0.27261755,-1.0,-1.0,-1.0,0.13202542,-1.0,-1.0,0.463352,-0.29186547,-0.25062656,-1.0,-2.74743,-1.88397,2.74743,-1.88397,-2.74743,1.88397,5.6547,-0.513,0.6169219,-0.2466,1.5462,-0.513,0.39020813,-0.2466,-0.2943,-0.513,0.75547934,-0.2466,-0.2943,1.0734545,0.24088688,0.38763914,-0.23598
450,7.518169999999944,-0.3546515,-1.0,0.57369924,-1.0,-0.7049699,0.29874715,1.0,-1.0,-0.021698367,-1.0,1.0,-1.0,-0.27296072,-1.0,-1.0,-1.0,0.13176677,-1.0,-1.0,0.4632032,-0.2919434,-0.25060156,-1.0,-2.74743,-1.88397,2.74743,-1.88397,-2.74743,1.88397,5.6547,-0.513,0.61671287,-0.2466,1.5462,-0.513,0.38989836,-0.2466,-0.2943,-0.513,0.75524586,-0.2466,-0.2943,1.0733786,0.24084006,0.38766077,-0.23598
451,7.534839999999943,-0.35450357,-1.0,0.573847,-1.0,-0.70483035,0.29869056,1.0,-1.0,-0.021934524,-1.0,1.0,-1.0,-0.27331066,-1.0,-1.0,-1.0,0.13151307,-1.0,-1.0,0.46305642,-0.29201293,-0.2505739,-1.0,-2.74743,-1.88397,2.74743,-1.88397,-2.74743,1.88397,5.6547,-0.513,0.6164997,-0.2466,1.5462,-0.513,0.38958246,-0.2466,-0.2943,-0.513,0.75501686,-0.2466,-0.2943,1.0733037,0.2407983,0.3876847,-0.23598
452,7.551509999999943,-0.35435545,-1.0,0.57399976,-1.0,-0.70468587,0.29863307,1.0,-1.0,-0.022173941,-1.0,1.0,-1.0,-0.27366468,-1.0,-1.0,-1.0,0.13126373,-1.0,-1.0,0.4629124,-0.292074,-0.25054368,-1.0,-2.74743,-1.88397,2.74743,-1.88397,-2.74743,1.88397,5.6547,-0.513,0.6162836,-0.2466,1.5462,-0.513,0.38926288,-0.2466,-0.2943,-0.513,0.7547918,-0.2466,-0.2943,1.0732303,0.24076161,0.38771084,-0.23598
453,7.568179999999942,-0.35420966,-1.0,0.5741572,-1.0,-0.7045381,0.29857528,1.0,-1.0,-0.022415001,-1.0,1.0,-1.0,-0.27402246,-1.0,-1.0,-1.0,0.13101958,-1.0,-1.0,0.46277326,-0.2921277,-0.2505111,-1.0,-2.74743,-1.88397,2.74743,-1.88397,-2.74743,1.88397,5.6547,-0.513,0.616066,-0.2466,1.5462,-0.513,0.38893992,-0.2466,-0.2943,-0.513,0.7545714,-0.2466,-0.2943,1.0731593,0.24072935,0.38773903,-0.23598
454,7.584849999999942,-0.35406464,-1.0,0.57431865,-1.0,-0.7043878,0.29851642,1.0,-1.0,-0.022656888,-1.0,1.0,-1.0,-0.27438247,-1.0,-1.0,-1.0,0.13078336,-1.0,-1.0,0.46263778,-0.29217428,-0.25047687,-1.0,-2.74743,-1.88397,2.74743,-1.88397,-2.74743,1.88397,5.6547,-0.513,0.61584765,-0.2466,1.5462,-0.513,0.38861495,-0.2466,-0.2943,-0.513,0.7543582,-0.2466,-0.2943,1.0730903,0.24070136,0.38776866,-0.23598
455,7.601519999999941,-0.35392332,-1.0,0.57448393,-1.0,-0.70423776,0.29846007,1.0,-1.0,-0.022896308,-1.0,1.0,-1.0,-0.27474278,-1.0,-1.0,-1.0,0.13055626,-1.0,-1.0,0.46250832,-0.29221305,-0.2504407,-1.0,-2.74743,-1.88397,2.74743,-1.88397,-2.74743,1.88397,5.6547,-0.513,0.6156315,-0.2466,1.5462,-0.513,0.3882897,-0.2466,-0.2943,-0.513,0.75415313,-0.2466,-0.2943,1.0730243,0.24067807,0.38779995,-0.23598
456,7.618189999999941,-0.35378504,-1.0,0.5746494,-1.0,-0.7040878,0.2984022,1.0,-1.0,-0.023135193,-1.0,1.0,-1.0,-0.27510396,-1.0,-1.0,-1.0,0.13033983,-1.0,-1.0,0.46238354,-0.29224506,-0.25040388,-1.0,-2.74743,-1.88397,2.74743,-1.88397,-2.74743,1.88397,5.6547,-0.513,0.6154159,-0.2466,1.5462,-0.513,0.38796365,-0.2466,-0.2943,-0.513,0.75395775,-0.2466,-0.2943,1.0729606,0.24065883,0.3878318,-0.23598
457,7.63485999999994,-0.35365236,-1.0,0.5748172,-1.0,-0.70394224,0.298349,1.0,-1.0,-0.023367915,-1.0,1.0,-1.0,-0.2754633,-1.0,-1.0,-1.0,0.13013302,-1.0,-1.0,0.46226713,-0.29227197,-0.2503662,-1.0,-2.74743,-1.88397,2.74743,-1.88397,-2.74743,1.88397,5.6547,-0.513,0.61520576,-0.2466,1.5462,-0.513,0.38763925,-0.2466,-0.2943,-0.513,0.75377107,-0.2466,-0.2943,1.0729012,0.24064267,0.3878644,-0.23598
458,7.65152999999994,-0.3535251,-1.0,0.574985,-1.0,-0.70379966,0.29829812,1.0,-1.0,-0.023594566,-1.0,1.0,-1.0,-0.27581963,-1.0,-1.0,-1.0,0.12994017,-1.0,-1.0,0.46215865,-0.29229307,-0.25032693,-1.0,-2.74743,-1.88397,2.74743,-1.88397,-2.74743,1.88397,5.6547,-0.513,0.6150012,-0.2466,1.5462,-0.513,0.38731763,-0.2466,-0.2943,-0.513,0.75359696,-0.2466,-0.2943,1.0728459,0.24063,0.3878984,-0.23598
459,7.668199999999939,-0.3534041,-1.0,0.5751525,-1.0,-0.70366246,0.29825056,1.0,-1.0,-0.023814395,-1.0,1.0,-1.0,-0.27617353,-1.0,-1.0,-1.0,0.12975924,-1.0,-1.0,0.46205813,-0.2923098,-0.25028792,-1.0,-2.74743,-1.88397,2.74743,-1.88397,-2.74743,1.88397,5.6547,-0.513,0.6148027,-0.2466,1.5462,-0.513,0.38699815,-0.2466,-0.2943,-0.513,0.75343364,-0.2466,-0.2943,1.0727947,0.24061996,0.38793215,-0.23598
460,7.684869999999939,-0.35328895,-1.0,0.5753196,-1.0,-0.7035313,0.29820675,1.0,-1.0,-0.024025887,-1.0,1.0,-1.0,-0.27652156,-1.0,-1.0,-1.0,0.12959415,-1.0,-1.0,0.46196616,-0.29232076,-0.25024813,-1.0,-2.74743,-1.88397,2.74743,-1.88397,-2.74743,1.88397,5.6547,-0.513,0.6146118,-0.2466,1.5462,-0.513,0.38668397,-0.2466,-0.2943,-0.513,0.75328463,-0.2466,-0.2943,1.0727477,0.24061336,0.38796657,-0.23598
461,7.701539999999938,-0.35318154,-1.0,0.5754831,-1.0,-0.7034089,0.2981683,1.0,-1.0,-0.02422741,-1.0,1.0,-1.0,-0.27686527,-1.0,-1.0,-1.0,0.12944286,-1.0,-1.0,0.46188405,-0.2923287,-0.2502088,-1.0,-2.74743,-1.88397,2.74743,-1.88397,-2.74743,1.88397,5.6547,-0.513,0.6144299,-0.2466,1.5462,-0.513,0.38637373,-0.2466,-0.2943,-0.513,0.7531481,-0.2466,-0.2943,1.0727059,0.2406086,0.3880006,-0.23598
462,7.718209999999938,-0.35308188,-1.0,0.57564324,-1.0,-0.70329446,0.29813462,1.0,-1.0,-0.024418972,-1.0,1.0,-1.0,-0.27720284,-1.0,-1.0,-1.0,0.12930629,-1.0,-1.0,0.46181124,-0.29233295,-0.2501697,-1.0,-2.74743,-1.88397,2.74743,-1.88397,-2.74743,1.88397,5.6547,-0.513,0.614257,-0.2466,1.5462,-0.513,0.386069,-0.2466,-0.2943,-0.513,0.75302476,-0.2466,-0.2943,1.0726688,0.24060604,0.38803443,-0.23598
463,7.734879999999937,-0.35299164,-1.0,0.575801,-1.0,-0.7031908,0.29810777,1.0,-1.0,-0.02459703,-1.0,1.0,-1.0,-0.2775331,-1.0,-1.0,-1.0,0.12918805,-1.0,-1.0,0.46175,-0.29233414,-0.2501306,-1.0,-2.74743,-1.88397,2.74743,-1.88397,-2.74743,1.88397,5.6547,-0.513,0.6140963,-0.2466,1.5462,-0.513,0.38577086,-0.2466,-0.2943,-0.513,0.75291806,-0.2466,-0.2943,1.0726376,0.24060532,0.38806826,-0.23598
464,7.751549999999937,-0.35290945,-1.0,0.5759533,-1.0,-0.7030977,0.29808706,1.0,-1.0,-0.024763022,-1.0,1.0,-1.0,-0.27785602,-1.0,-1.0,-1.0,0.12908567,-1.0,-1.0,0.46169883,-0.2923331,-0.25009233,-1.0,-2.74743,-1.88397,2.74743,-1.88397,-2.74743,1.88397,5.6547,-0.513,0.61394644,-0.2466,1.5462,-0.513,0.38547936,-0.2466,-0.2943,-0.513,0.7528256,-0.2466,-0.2943,1.0726115,0.24060595,0.38810137,-0.23598
465,7.768219999999936,-0.3528371,-1.0,0.5761019,-1.0,-0.7030169,0.29807308,1.0,-1.0,-0.024914093,-1.0,1.0,-1.0,-0.27817038,-1.0,-1.0,-1.0,0.12900236,-1.0,-1.0,0.4616594,-0.29233035,-0.25005493,-1.0,-2.74743,-1.88397,2.74743,-1.88397,-2.74743,1.88397,5.6547,-0.513,0.61381006,-0.2466,1.5462,-0.513,0.3851956,-0.2466,-0.2943,-0.513,0.75275046,-0.2466,-0.2943,1.0725913,0.2406076,0.38813373,-0.23598
466,7.784889999999936,-0.35277504,-1.0,0.57624346,-1.0,-0.70294887,0.29806724,1.0,-1.0,-0.025050875,-1.0,1.0,-1.0,-0.27847576,-1.0,-1.0,-1.0,0.1289362,-1.0,-1.0,0.46163216,-0.29232544,-0.2500182,-1.0,-2.74743,-1.88397,2.74743,-1.88397,-2.74743,1.88397,5.6547,-0.513,0.61368656,-0.2466,1.5462,-0.513,0.38491994,-0.2466,-0.2943,-0.513,0.75269073,-0.2466,-0.2943,1.0725775,0.24061055,0.3881655,-0.23598
467,7.801559999999935,-0.352722,-1.0,0.5763787,-1.0,-0.70289344,0.29806817,1.0,-1.0,-0.02517327,-1.0,1.0,-1.0,-0.27877402,-1.0,-1.0,-1.0,0.12888905,-1.0,-1.0,0.46161616,-0.29231954,-0.24998274,-1.0,-2.74743,-1.88397,2.74743,-1.88397,-2.74743,1.88397,5.6547,-0.513,0.6135761,-0.2466,1.5462,-0.513,0.38465068,-0.2466,-0.2943,-0.513,0.7526482,-0.2466,-0.2943,1.0725693,0.2406141,0.38819617,-0.23598
468,7.818229999999935,-0.352679,-1.0,0.5765065,-1.0,-0.7028522,0.29807702,1.0,-1.0,-0.025279459,-1.0,1.0,-1.0,-0.2790615,-1.0,-1.0,-1.0,0.12886158,-1.0,-1.0,0.46161112,-0.29231247,-0.24994878,-1.0,-2.74743,-1.88397,2.74743,-1.88397,-2.74743,1.88397,5.6547,-0.513,0.6134802,-0.2466,1.5462,-0.513,0.3843912,-0.2466,-0.2943,-0.513,0.7526233,-0.2466,-0.2943,1.0725667,0.24061833,0.38822556,-0.23598
469,7.8348999999999345,-0.35264832,-1.0,0.5766265,-1.0,-0.7028272,0.29809642,1.0,-1.0,-0.025367767,-1.0,1.0,-1.0,-0.2793402,-1.0,-1.0,-1.0,0.12885223,-1.0,-1.0,0.46162072,-0.2923054,-0.24991535,-1.0,-2.74743,-1.88397,2.74743,-1.88397,-2.74743,1.88397,5.6547,-0.513,0.6134005,-0.2466,1.5462,-0.513,0.3841396,-0.2466,-0.2943,-0.513,0.7526149,-0.2466,-0.2943,1.0725716,0.24062258,0.3882545,-0.23598
470,7.851569999999934,-0.35262835,-1.0,0.5767388,-1.0,-0.7028176,0.2981252,1.0,-1.0,-0.025438275,-1.0,1.0,-1.0,-0.27960777,-1.0,-1.0,-1.0,0.12886262,-1.0,-1.0,0.4616429,-0.29229847,-0.2498832,-1.0,-2.74743,-1.88397,2.74743,-1.88397,-2.74743,1.88397,5.6547,-0.513,0.61333686,-0.2466,1.5462,-0.513,0.38389805,-0.2466,-0.2943,-0.513,0.7526243,-0.2466,-0.2943,1.072583,0.24062675,0.3882823,-0.23598
471,7.8682399999999335,-0.35261792,-1.0,0.5768416,-1.0,-0.70282274,0.29816154,1.0,-1.0,-0.025492761,-1.0,1.0,-1.0,-0.27986664,-1.0,-1.0,-1.0,0.12889467,-1.0,-1.0,0.46167618,-0.2922917,-0.24985282,-1.0,-2.74743,-1.88397,2.74743,-1.88397,-2.74743,1.88397,5.6547,-0.513,0.6132877,-0.2466,1.5462,-0.513,0.3836644,-0.2466,-0.2943,-0.513,0.75265324,-0.2466,-0.2943,1.0725999,0.24063082,0.38830858,-0.23598
472,7.884909999999933,-0.352619,-1.0,0.5769336,-1.0,-0.70284414,0.29820818,1.0,-1.0,-0.025529549,-1.0,1.0,-1.0,-0.2801146,-1.0,-1.0,-1.0,0.12894404,-1.0,-1.0,0.4617228,-0.29228458,-0.24982412,-1.0,-2.74743,-1.88397,2.74743,-1.88397,-2.74743,1.88397,5.6547,-0.513,0.6132545,-0.2466,1.5462,-0.513,0.38344055,-0.2466,-0.2943,-0.513,0.75269777,-0.2466,-0.2943,1.0726236,0.2406351,0.3883334,-0.23598
473,7.9015799999999325,-0.35263145,-1.0,0.57701683,-1.0,-0.7028822,0.2982662,1.0,-1.0,-0.025546376,-1.0,1.0,-1.0,-0.28035212,-1.0,-1.0,-1.0,0.12901516,-1.0,-1.0,0.4617838,-0.29227865,-0.24979565,-1.0,-2.74743,-1.88397,2.74743,-1.88397,-2.74743,1.88397,5.6547,-0.513,0.6132393,-0.2466,1.5462,-0.513,0.38322616,-0.2466,-0.2943,-0.513,0.75276196,-0.2466,-0.2943,1.0726547,0.24063866,0.38835806,-0.23598
474,7.918249999999932,-0.35265452,-1.0,0.5770907,-1.0,-0.70293725,0.29833466,1.0,-1.0,-0.02554473,-1.0,1.0,-1.0,-0.2805786,-1.0,-1.0,-1.0,0.12910606,-1.0,-1.0,0.46185735,-0.29227352,-0.24976872,-1.0,-2.74743,-1.88397,2.74743,-1.88397,-2.74743,1.88397,5.6547,-0.513,0.6132408,-0.2466,1.5462,-0.513,0.38302168,-0.2466,-0.2943,-0.513,0.75284404,-0.2466,-0.2943,1.0726923,0.24064174,0.38838136,-0.23598
475,7.934919999999932,-0.35268867,-1.0,0.57715327,-1.0,-0.7030082,0.2984125,1.0,-1.0,-0.025524907,-1.0,1.0,-1.0,-0.2807951,-1.0,-1.0,-1.0,0.12921734,-1.0,-1.0,0.46194398,-0.2922695,-0.24974293,-1.0,-2.74743,-1.88397,2.74743,-1.88397,-2.74743,1.88397,5.6547,-0.513,0.61325866,-0.2466,1.5462,-0.513,0.38282627,-0.2466,-0.2943,-0.513,0.75294447,-0.2466,-0.2943,1.0727365,0.24064416,0.38840368,-0.23598
476,7.951589999999931,-0.35273355,-1.0,0.5772044,-1.0,-0.70309645,0.29850084,1.0,-1.0,-0.025487531,-1.0,1.0,-1.0,-0.28100204,-1.0,-1.0,-1.0,0.12934831,-1.0,-1.0,0.46204287,-0.29226574,-0.24971902,-1.0,-2.74743,-1.88397,2.74743,-1.88397,-2.74743,1.88397,5.6547,-0.513,0.6132924,-0.2466,1.5462,-0.513,0.38263947,-0.2466,-0.2943,-0.513,0.7530627,-0.2466,-0.2943,1.0727869,0.2406464,0.38842437,-0.23598
477,7.968259999999931,-0.35278976,-1.0,0.5772454,-1.0,-0.7032005,0.29860154,1.0,-1.0,-0.025429446,-1.0,1.0,-1.0,-0.28119707,-1.0,-1.0,-1.0,0.12950012,-1.0,-1.0,0.4621564,-0.29226366,-0.24969459,-1.0,-2.74743,-1.88397,2.74743,-1.88397,-2.74743,1.88397,5.6547,-0.513,0.61334485,-0.2466,1.5462,-0.513,0.3824634,-0.2466,-0.2943,-0.513,0.75319976,-0.2466,-0.2943,1.0728447,0.24064767,0.3884455,-0.23598
478,7.98492999999993,-0.35285592,-1.0,0.5772746,-1.0,-0.7033218,0.29871255,1.0,-1.0,-0.025354266,-1.0,1.0,-1.0,-0.28138417,-1.0,-1.0,-1.0,0.12967007,-1.0,-1.0,0.46228218,-0.29226318,-0.2496722,-1.0,-2.74743,-1.88397,2.74743,-1.88397,-2.74743,1.88397,5.6547,-0.513,0.6134127,-0.2466,1.5462,-0.513,0.3822945,-0.2466,-0.2943,-0.513,0.7533532,-0.2466,-0.2943,1.0729089,0.24064796,0.38846487,-0.23598
479,8.00159999999993,-0.35293198,-1.0,0.5772919,-1.0,-0.7034587,0.29883307,1.0,-1.0,-0.025261682,-1.0,1.0,-1.0,-0.2815609,-1.0,-1.0,-1.0,0.12985927,-1.0,-1.0,0.46241966,-0.2922636,-0.24965112,-1.0,-2.74743,-1.88397,2.74743,-1.88397,-2.74743,1.88397,5.6547,-0.513,0.6134963,-0.2466,1.5462,-0.513,0.38213497,-0.2466,-0.2943,-0.513,0.75352395,-0.2466,-0.2943,1.072979,0.2406477,0.3884831,-0.23598
480,8.018269999999932,-0.3530187,-1.0,0.57729834,-1.0,-0.70361125,0.29896584,1.0,-1.0,-0.025149837,-1.0,1.0,-1.0,-0.2817266,-1.0,-1.0,-1.0,0.13006802,-1.0,-1.0,0.4625703,-0.29226476,-0.24962981,-1.0,-2.74743,-1.88397,2.74743,-1.88397,-2.74743,1.88397,5.6547,-0.513,0.6135972,-0.2466,1.5462,-0.513,0.3819854,-0.2466,-0.2943,-0.513,0.7537124,-0.2466,-0.2943,1.0730559,0.240647,0.38850155,-0.23598
481,8.034939999999933,-0.35311335,-1.0,0.57729155,-1.0,-0.7037795,0.2991077,1.0,-1.0,-0.025023144,-1.0,1.0,-1.0,-0.28188556,-1.0,-1.0,-1.0,0.13029258,-1.0,-1.0,0.46273142,-0.29226774,-0.24961005,-1.0,-2.74743,-1.88397,2.74743,-1.88397,-2.74743,1.88397,5.6547,-0.513,0.6137116,-0.2466,1.5462,-0.513,0.3818419,-0.2466,-0.2943,-0.513,0.75391513,-0.2466,-0.2943,1.073138,0.24064521,0.38851863,-0.23598
482,8.051609999999934,-0.35321867,-1.0,0.5772737,-1.0,-0.70396245,0.29926053,1.0,-1.0,-0.024878368,-1.0,1.0,-1.0,-0.28203347,-1.0,-1.0,-1.0,0.13053602,-1.0,-1.0,0.46290532,-0.29227147,-0.24959074,-1.0,-2.74743,-1.88397,2.74743,-1.88397,-2.74743,1.88397,5.6547,-0.513,0.6138423,-0.2466,1.5462,-0.513,0.38170838,-0.2466,-0.2943,-0.513,0.7541349,-0.2466,-0.2943,1.0732267,0.24064298,0.38853535,-0.23598
483,8.068279999999936,-0.35333133,-1.0,0.57724464,-1.0,-0.7041595,0.2994226,1.0,-1.0,-0.024717856,-1.0,1.0,-1.0,-0.28217268,-1.0,-1.0,-1.0,0.13079776,-1.0,-1.0,0.46308914,-0.29227597,-0.24957225,-1.0,-2.74743,-1.88397,2.74743,-1.88397,-2.74743,1.88397,5.6547,-0.513,0.6139872,-0.2466,1.5462,-0.513,0.3815827,-0.2466,-0.2943,-0.513,0.75437117,-0.2466,-0.2943,1.0733204,0.24064027,0.38855135,-0.23598
484,8.084949999999937,-0.35345393,-1.0,0.57720405,-1.0,-0.704371,0.29959568,1.0,-1.0,-0.02454101,-1.0,1.0,-1.0,-0.28230375,-1.0,-1.0,-1.0,0.13107425,-1.0,-1.0,0.463285,-0.29228172,-0.24955419,-1.0,-2.74743,-1.88397,2.74743,-1.88397,-2.74743,1.88397,5.6547,-0.513,0.6141468,-0.2466,1.5462,-0.513,0.3814644,-0.2466,-0.2943,-0.513,0.75462073,-0.2466,-0.2943,1.0734203,0.24063681,0.38856697,-0.23598
485,8.101619999999938,-0.3535843,-1.0,0.5771514,-1.0,-0.7045961,0.2997793,1.0,-1.0,-0.02434868,-1.0,1.0,-1.0,-0.2824269,-1.0,-1.0,-1.0,0.13136621,-1.0,-1.0,0.4634918,-0.29228878,-0.24953584,-1.0,-2.74743,-1.88397,2.74743,-1.88397,-2.74743,1.88397,5.6547,-0.513,0.61432046,-0.2466,1.5462,-0.513,0.38135323,-0.2466,-0.2943,-0.513,0.7548843,-0.2466,-0.2943,1.0735258,0.24063258,0.38858286,-0.23598
486,8.11828999999994,-0.3537215,-1.0,0.57708853,-1.0,-0.70483226,0.29997063,1.0,-1.0,-0.024143722,-1.0,1.0,-1.0,-0.28254282,-1.0,-1.0,-1.0,0.131672,-1.0,-1.0,0.46370673,-0.29229656,-0.24951841,-1.0,-2.74743,-1.88397,2.74743,-1.88397,-2.74743,1.88397,5.6547,-0.513,0.61450547,-0.2466,1.5462,-0.513,0.3812486,-0.2466,-0.2943,-0.513,0.75516033,-0.2466,-0.2943,1.0736353,0.2406279,0.38859794,-0.23598
487,8.134959999999941,-0.3538674,-1.0,0.57701504,-1.0,-0.7050824,0.30017236,1.0,-1.0,-0.023923561,-1.0,1.0,-1.0,-0.28265053,-1.0,-1.0,-1.0,0.13199218,-1.0,-1.0,0.46393278,-0.2923058,-0.2495011,-1.0,-2.74743,-1.88397,2.74743,-1.88397,-2.74743,1.88397,5.6547,-0.513,0.6147042,-0.2466,1.5462,-0.513,0.38115138,-0.2466,-0.2943,-0.513,0.75544935,-0.2466,-0.2943,1.0737506,0.24062236,0.3886129,-0.23598
488,8.151629999999942,-0.3540172,-1.0,0.5769306,-1.0,-0.7053417,0.30038142,1.0,-1.0,-0.023692504,-1.0,1.0,-1.0,-0.2827521,-1.0,-1.0,-1.0,0.13232404,-1.0,-1.0,0.46416536,-0.29231572,-0.24948372,-1.0,-2.74743,-1.88397,2.74743,-1.88397,-2.74743,1.88397,5.6547,-0.513,0.61491275,-0.2466,1.5462,-0.513,0.38105968,-0.2466,-0.2943,-0.513,0.7557489,-0.2466,-0.2943,1.0738692,0.24061638,0.38862795,-0.23598
489,8.168299999999943,-0.354173,-1.0,0.5768382,-1.0,-0.7056113,0.3005985,1.0,-1.0,-0.023450091,-1.0,1.0,-1.0,-0.28284776,-1.0,-1.0,-1.0,0.13266683,-1.0,-1.0,0.46440634,-0.29232574,-0.24946676,-1.0,-2.74743,-1.88397,2.74743,-1.88397,-2.74743,1.88397,5.6547,-0.513,0.6151316,-0.2466,1.5462,-0.513,0.38097334,-0.2466,-0.2943,-0.513,0.75605834,-0.2466,-0.2943,1.0739921,0.24061038,0.3886426,-0.23598
490,8.184969999999945,-0.3543349,-1.0,0.57673246,-1.0,-0.70589095,0.300822,1.0,-1.0,-0.02319672,-1.0,1.0,-1.0,-0.28293672,-1.0,-1.0,-1.0,0.1330212,-1.0,-1.0,0.46465373,-0.29233706,-0.24945018,-1.0,-2.74743,-1.88397,2.74743,-1.88397,-2.74743,1.88397,5.6547,-0.513,0.6153603,-0.2466,1.5462,-0.513,0.38089302,-0.2466,-0.2943,-0.513,0.75637823,-0.2466,-0.2943,1.0741183,0.24060357,0.38865697,-0.23598
491,8.201639999999946,-0.35450184,-1.0,0.5766207,-1.0,-0.70617867,0.30105358,1.0,-1.0,-0.022932958,-1.0,1.0,-1.0,-0.28301966,-1.0,-1.0,-1.0,0.13338444,-1.0,-1.0,0.46490917,-0.29234886,-0.24943323,-1.0,-2.74743,-1.88397,2.74743,-1.88397,-2.74743,1.88397,5.6547,-0.513,0.61559844,-0.2466,1.5462,-0.513,0.38081816,-0.2466,-0.2943,-0.513,0.7567061,-0.2466,-0.2943,1.0742486,0.24059647,0.38867164,-0.23598
492,8.218309999999947,-0.35467196,-1.0,0.57649904,-1.0,-0.7064742,0.30129105,1.0,-1.0,-0.02266178,-1.0,1.0,-1.0,-0.28309834,-1.0,-1.0,-1.0,0.13375458,-1.0,-1.0,0.46516857,-0.29236096,-0.24941663,-1.0,-2.74743,-1.88397,2.74743,-1.88397,-2.74743,1.88397,5.6547,-0.513,0.61584324,-0.2466,1.5462,-0.513,0.38074714,-0.2466,-0.2943,-0.513,0.75704026,-0.2466,-0.2943,1.0743809,0.24058922,0.388686,-0.23598
493,8.234979999999949,-0.35484618,-1.0,0.57637006,-1.0,-0.7067767,0.30153367,1.0,-1.0,-0.022382952,-1.0,1.0,-1.0,-0.2831719,-1.0,-1.0,-1.0,0.13413124,-1.0,-1.0,0.46543348,-0.29237396,-0.24940039,-1.0,-2.74743,-1.88397,2.74743,-1.88397,-2.74743,1.88397,5.6547,-0.513,0.6160949,-0.2466,1.5462,-0.513,0.38068074,-0.2466,-0.2943,-0.513,0.75738025,-0.2466,-0.2943,1.0745159,0.24058141,0.38870004,-0.23598
494,8.25164999999995,-0.35502297,-1.0,0.5762322,-1.0,-0.70708406,0.30178115,1.0,-1.0,-0.02209846,-1.0,1.0,-1.0,-0.28324336,-1.0,-1.0,-1.0,0.13451281,-1.0,-1.0,0.465702,-0.29238772,-0.24938384,-1.0,-2.74743,-1.88397,2.74743,-1.88397,-2.74743,1.88397,5.6547,-0.513,0.6163517,-0.2466,1.5462,-0.513,0.38061622,-0.2466,-0.2943,-0.513,0.7577247,-0.2466,-0.2943,1.0746529,0.24057314,0.38871437,-0.23598
495,8.268319999999951,-0.3552016,-1.0,0.57608825,-1.0,-0.70739627,0.3020326,1.0,-1.0,-0.02180824,-1.0,1.0,-1.0,-0.28331047,-1.0,-1.0,-1.0,0.13489853,-1.0,-1.0,0.46597356,-0.29240206,-0.24936752,-1.0,-2.74743,-1.88397,2.74743,-1.88397,-2.74743,1.88397,5.6547,-0.513,0.6166137,-0.2466,1.5462,-0.513,0.38055563,-0.2466,-0.2943,-0.513,0.7580729,-0.2466,-0.2943,1.0747913,0.24056453,0.38872847,-0.23598
496,8.284989999999953,-0.3553822,-1.0,0.57593864,-1.0,-0.70771307,0.3022869,1.0,-1.0,-0.021514364,-1.0,1.0,-1.0,-0.28337407,-1.0,-1.0,-1.0,0.1352869,-1.0,-1.0,0.46624705,-0.29241636,-0.24935189,-1.0,-2.74743,-1.88397,2.74743,-1.88397,-2.74743,1.88397,5.6547,-0.513,0.616879,-0.2466,1.5462,-0.513,0.38049823,-0.2466,-0.2943,-0.513,0.7584235,-0.2466,-0.2943,1.0749308,0.24055593,0.388742,-0.23598
497,8.301659999999954,-0.3555631,-1.0,0.5757823,-1.0,-0.70803267,0.3025443,1.0,-1.0,-0.021218386,-1.0,1.0,-1.0,-0.28343636,-1.0,-1.0,-1.0,0.13567467,-1.0,-1.0,0.4665213,-0.2924314,-0.24933656,-1.0,-2.74743,-1.88397,2.74743,-1.88397,-2.74743,1.88397,5.6547,-0.513,0.61714613,-0.2466,1.5462,-0.513,0.380442,-0.2466,-0.2943,-0.513,0.7587735,-0.2466,-0.2943,1.0750706,0.24054688,0.38875526,-0.23598
498,8.318329999999955,-0.3557462,-1.0,0.5756214,-1.0,-0.7083545,0.30280468,1.0,-1.0,-0.02091907,-1.0,1.0,-1.0,-0.2834957,-1.0,-1.0,-1.0,0.13606381,-1.0,-1.0,0.46679786,-0.2924481,-0.24932064,-1.0,-2.74743,-1.88397,2.74743,-1.88397,-2.74743,1.88397,5.6547,-0.513,0.6174164,-0.2466,1.5462,-0.513,0.38038844,-0.2466,-0.2943,-0.513,0.7591248,-0.2466,-0.2943,1.0752116,0.24053685,0.38876903,-0.23598
499,8.334999999999956,-0.35592908,-1.0,0.5754576,-1.0,-0.7086779,0.30306587,1.0,-1.0,-0.020619437,-1.0,1.0,-1.0,-0.28355452,-1.0,-1.0,-1.0,0.13645124,-1.0,-1.0,0.46707428,-0.2924641,-0.24930555,-1.0,-2.74743,-1.88397,2.74743,-1.88397,-2.74743,1.88397,5.6547,-0.513,0.6176868,-0.2466,1.5462,-0.513,0.38033533,-0.2466,-0.2943,-0.513,0.7594745,-0.2466,-0.2943,1.0753527,0.24052724,0.3887821,-0.23598
500,8.351669999999958,-0.35611022,-1.0,0.57528985,-1.0,-0.70900065,0.303328,1.0,-1.0,-0.020320695,-1.0,1.0,-1.0,-0.28361285,-1.0,-1.0,-1.0,0.1368354,-1.0,-1.0,0.4673486,-0.29248106,-0.24928996,-1.0,-2.74743,-1.88397,2.74743,-1.88397,-2.74743,1.88397,5.6547,-0.513,0.6179565,-0.2466,1.5462,-0.513,0.38028267,-0.2466,-0.2943,-0.513,0.7598213,-0.2466,-0.2943,1.0754925,0.24051705,0.38879558,-0.23598
501,8.368339999999959,-0.35629076,-1.0,0.5751183,-1.0,-0.70932305,0.30358928,1.0,-1.0,-0.0200236,-1.0,1.0,-1.0,-0.28367096,-1.0,-1.0,-1.0,0.13721462,-1.0,-1.0,0.46762082,-0.2924991,-0.2492754,-1.0,-2.74743,-1.88397,2.74743,-1.88397,-2.74743,1.88397,5.6547,-0.513,0.6182247,-0.2466,1.5462,-0.513,0.38023022,-0.2466,-0.2943,-0.513,0.7601636,-0.2466,-0.2943,1.0756314,0.24050622,0.3888082,-0.23598
502,8.38500999999996,-0.35646802,-1.0,0.5749451,-1.0,-0.70964545,0.30385014,1.0,-1.0,-0.019729502,-1.0,1.0,-1.0,-0.2837296,-1.0,-1.0,-1.0,0.13758855,-1.0,-1.0,0.4678897,-0.29251704,-0.24926211,-1.0,-2.74743,-1.88397,2.74743,-1.88397,-2.74743,1.88397,5.6547,-0.513,0.61849016,-0.2466,1.5462,-0.513,0.3801773,-0.2466,-0.2943,-0.513,0.7605012,-0.2466,-0.2943,1.0757685,0.24049544,0.3888197,-0.23598
503,8.401679999999962,-0.3566445,-1.0,0.57477117,-1.0,-0.70996416,0.30410966,1.0,-1.0,-0.019437749,-1.0,1.0,-1.0,-0.28378713,-1.0,-1.0,-1.0,0.13795689,-1.0,-1.0,0.46815646,-0.29253536,-0.24924825,-1.0,-2.74743,-1.88397,2.74743,-1.88397,-2.74743,1.88397,5.6547,-0.513,0.61875355,-0.2466,1.5462,-0.513,0.38012534,-0.2466,-0.2943,-0.513,0.7608337,-0.2466,-0.2943,1.0759045,0.24048443,0.38883168,-0.23598
504,8.418349999999963,-0.35681754,-1.0,0.57459676,-1.0,-0.7102805,0.30436713,1.0,-1.0,-0.019151617,-1.0,1.0,-1.0,-0.2838487,-1.0,-1.0,-1.0,0.13831598,-1.0,-1.0,0.4684182,-0.29255608,-0.24923494,-1.0,-2.74743,-1.88397,2.74743,-1.88397,-2.74743,1.88397,5.6547,-0.513,0.6190118,-0.2466,1.5462,-0.513,0.38006976,-0.2466,-0.2943,-0.513,0.7611578,-0.2466,-0.2943,1.076038,0.24047199,0.38884318,-0.23598
505,8.435019999999964,-0.35698682,-1.0,0.5744208,-1.0,-0.71059215,0.30461997,1.0,-1.0,-0.018872268,-1.0,1.0,-1.0,-0.28391027,-1.0,-1.0,-1.0,0.13866554,-1.0,-1.0,0.46867374,-0.29257536,-0.24922311,-1.0,-2.74743,-1.88397,2.74743,-1.88397,-2.74743,1.88397,5.6547,-0.513,0.619264,-0.2466,1.5462,-0.513,0.38001418,-0.2466,-0.2943,-0.513,0.76147336,-0.2466,-0.2943,1.0761683,0.24046041,0.38885343,-0.23598
506,8.451689999999966,-0.3571527,-1.0,0.574247,-1.0,-0.7109006,0.30487114,1.0,-1.0,-0.01859805,-1.0,1.0,-1.0,-0.28397468,-1.0,-1.0,-1.0,0.13900629,-1.0,-1.0,0.4689248,-0.29259637,-0.24921131,-1.0,-2.74743,-1.88397,2.74743,-1.88397,-2.74743,1.88397,5.6547,-0.513,0.61951154,-0.2466,1.5462,-0.513,0.37995607,-0.2466,-0.2943,-0.513,0.761781,-0.2466,-0.2943,1.0762963,0.24044779,0.38886362,-0.23598
507,8.468359999999967,-0.35731405,-1.0,0.5740745,-1.0,-0.71120507,0.3051181,1.0,-1.0,-0.018331714,-1.0,1.0,-1.0,-0.28404242,-1.0,-1.0,-1.0,0.13933574,-1.0,-1.0,0.46916962,-0.29261693,-0.24920122,-1.0,-2.74743,-1.88397,2.74743,-1.88397,-2.74743,1.88397,5.6547,-0.513,0.619752,-0.2466,1.5462,-0.513,0.3798949,-0.2466,-0.2943,-0.513,0.76207834,-0.2466,-0.2943,1.0764211,0.24043544,0.38887236,-0.23598
508,8.485029999999968,-0.3574717,-1.0,0.5739029,-1.0,-0.7115027,0.30536008,1.0,-1.0,-0.018073227,-1.0,1.0,-1.0,-0.28411222,-1.0,-1.0,-1.0,0.13965227,-1.0,-1.0,0.46940666,-0.2926396,-0.24919166,-1.0,-2.74743,-1.88397,2.74743,-1.88397,-2.74743,1.88397,5.6547,-0.513,0.6199853,-0.2466,1.5462,-0.513,0.3798319,-0.2466,-0.2943,-0.513,0.7623641,-0.2466,-0.2943,1.076542,0.2404218,0.38888064,-0.23598
509,8.50169999999997,-0.35762322,-1.0,0.5737339,-1.0,-0.7117938,0.30559608,1.0,-1.0,-0.017825257,-1.0,1.0,-1.0,-0.2841877,-1.0,-1.0,-1.0,0.13995676,-1.0,-1.0,0.46963573,-0.2926626,-0.24918349,-1.0,-2.74743,-1.88397,2.74743,-1.88397,-2.74743,1.88397,5.6547,-0.513,0.62020916,-0.2466,1.5462,-0.513,0.37976375,-0.2466,-0.2943,-0.513,0.762639,-0.2466,-0.2943,1.0766588,0.240408,0.3888877,-0.23598
510,8.51836999999997,-0.35777217,-1.0,0.57356864,-1.0,-0.7120804,0.30582938,1.0,-1.0,-0.017583694,-1.0,1.0,-1.0,-0.2842648,-1.0,-1.0,-1.0,0.1402484,-1.0,-1.0,0.46985987,-0.2926858,-0.24917528,-1.0,-2.74743,-1.88397,2.74743,-1.88397,-2.74743,1.88397,5.6547,-0.513,0.6204272,-0.2466,1.5462,-0.513,0.37969416,-0.2466,-0.2943,-0.513,0.76290226,-0.2466,-0.2943,1.0767732,0.24039406,0.3888948,-0.23598
511,8.535039999999972,-0.35791397,-1.0,0.573406,-1.0,-0.71235776,0.30605447,1.0,-1.0,-0.017354675,-1.0,1.0,-1.0,-0.28434914,-1.0,-1.0,-1.0,0.14052573,-1.0,-1.0,0.47007328,-0.2927108,-0.24916852,-1.0,-2.74743,-1.88397,2.74743,-1.88397,-2.74743,1.88397,5.6547,-0.513,0.62063396,-0.2466,1.5462,-0.513,0.37961802,-0.2466,-0.2943,-0.513,0.7631526,-0.2466,-0.2943,1.076882,0.24037904,0.38890067,-0.23598
512,8.551709999999973,-0.3580494,-1.0,0.57324785,-1.0,-0.712628,0.30627355,1.0,-1.0,-0.017136276,-1.0,1.0,-1.0,-0.28443664,-1.0,-1.0,-1.0,0.14078802,-1.0,-1.0,0.47027808,-0.2927353,-0.24916239,-1.0,-2.74743,-1.88397,2.74743,-1.88397,-2.74743,1.88397,5.6547,-0.513,0.6208311,-0.2466,1.5462,-0.513,0.37953904,-0.2466,-0.2943,-0.513,0.76338935,-0.2466,-0.2943,1.0769864,0.24036431,0.38890597,-0.23598
513,8.568379999999975,-0.3581798,-1.0,0.5730941,-1.0,-0.71289057,0.30648592,1.0,-1.0,-0.016929612,-1.0,1.0,-1.0,-0.28452992,-1.0,-1.0,-1.0,0.14103419,-1.0,-1.0,0.4704736,-0.29276127,-0.24915828,-1.0,-2.74743,-1.88397,2.74743,-1.88397,-2.74743,1.88397,5.6547,-0.513,0.62101763,-0.2466,1.5462,-0.513,0.37945485,-0.2466,-0.2943,-0.513,0.76361156,-0.2466,-0.2943,1.0770862,0.24034871,0.38890952,-0.23598
514,8.585049999999976,-0.3583033,-1.0,0.57294613,-1.0,-0.7131445,0.30669093,1.0,-1.0,-0.016734254,-1.0,1.0,-1.0,-0.28462788,-1.0,-1.0,-1.0,0.14126773,-1.0,-1.0,0.4706604,-0.29278663,-0.24915472,-1.0,-2.74743,-1.88397,2.74743,-1.88397,-2.74743,1.88397,5.6547,-0.513,0.621194,-0.2466,1.5462,-0.513,0.3793664,-0.2466,-0.2943,-0.513,0.7638224,-0.2466,-0.2943,1.0771815,0.24033348,0.3889126,-0.23598
515,8.601719999999977,-0.3584212,-1.0,0.5728032,-1.0,-0.7133907,0.30688992,1.0,-1.0,-0.016550448,-1.0,1.0,-1.0,-0.28473297,-1.0,-1.0,-1.0,0.14148432,-1.0,-1.0,0.47083822,-0.2928134,-0.24915217,-1.0,-2.74743,-1.88397,2.74743,-1.88397,-2.74743,1.88397,5.6547,-0.513,0.6213599,-0.2466,1.5462,-0.513,0.37927154,-0.2466,-0.2943,-0.513,0.7640179,-0.2466,-0.2943,1.077272,0.2403174,0.3889148,-0.23598
516,8.618389999999978,-0.3585325,-1.0,0.57266486,-1.0,-0.71362805,0.3070798,1.0,-1.0,-0.016379178,-1.0,1.0,-1.0,-0.28484306,-1.0,-1.0,-1.0,0.14168702,-1.0,-1.0,0.4710051,-0.29284,-0.2491514,-1.0,-2.74743,-1.88397,2.74743,-1.88397,-2.74743,1.88397,5.6547,-0.513,0.6215145,-0.2466,1.5462,-0.513,0.37917218,-0.2466,-0.2943,-0.513,0.76420087,-0.2466,-0.2943,1.0773572,0.24030142,0.38891548,-0.23598
517,8.63505999999998,-0.35863715,-1.0,0.57253194,-1.0,-0.7138554,0.3072623,1.0,-1.0,-0.016220905,-1.0,1.0,-1.0,-0.28496015,-1.0,-1.0,-1.0,0.14187293,-1.0,-1.0,0.47116247,-0.29286754,-0.24915102,-1.0,-2.74743,-1.88397,2.74743,-1.88397,-2.74743,1.88397,5.6547,-0.513,0.6216574,-0.2466,1.5462,-0.513,0.37906647,-0.2466,-0.2943,-0.513,0.7643687,-0.2466,-0.2943,1.0774374,0.24028488,0.3889158,-0.23598
518,8.651729999999981,-0.35873616,-1.0,0.5724065,-1.0,-0.714076,0.30743846,1.0,-1.0,-0.016073681,-1.0,1.0,-1.0,-0.28508347,-1.0,-1.0,-1.0,0.14204329,-1.0,-1.0,0.47131172,-0.2928956,-0.24915174,-1.0,-2.74743,-1.88397,2.74743,-1.88397,-2.74743,1.88397,5.6547,-0.513,0.6217903,-0.2466,1.5462,-0.513,0.37895516,-0.2466,-0.2943,-0.513,0.7645225,-0.2466,-0.2943,1.0775136,0.24026802,0.38891518,-0.23598
519,8.668399999999982,-0.35882723,-1.0,0.57228625,-1.0,-0.71428686,0.307606,1.0,-1.0,-0.015940167,-1.0,1.0,-1.0,-0.28521353,-1.0,-1.0,-1.0,0.14219832,-1.0,-1.0,0.47144926,-0.292923,-0.24915428,-1.0,-2.74743,-1.88397,2.74743,-1.88397,-2.74743,1.88397,5.6547,-0.513,0.6219108,-0.2466,1.5462,-0.513,0.37883773,-0.2466,-0.2943,-0.513,0.76466244,-0.2466,-0.2943,1.0775837,0.24025156,0.38891298,-0.23598
520,8.685069999999984,-0.358912,-1.0,0.5721728,-1.0,-0.714488,0.30776507,1.0,-1.0,-0.015819997,-1.0,1.0,-1.0,-0.28534943,-1.0,-1.0,-1.0,0.14233898,-1.0,-1.0,0.47157717,-0.29295054,-0.24915764,-1.0,-2.74743,-1.88397,2.74743,-1.88397,-2.74743,1.88397,5.6547,-0.513,0.6220193,-0.2466,1.5462,-0.513,0.37871507,-0.2466,-0.2943,-0.513,0.7647894,-0.2466,-0.2943,1.0776489,0.240235,0.38891008,-0.23598
521,8.701739999999985,-0.35899216,-1.0,0.57206607,-1.0,-0.7146814,0.3079176,1.0,-1.0,-0.01571082,-1.0,1.0,-1.0,-0.28549296,-1.0,-1.0,-1.0,0.14246514,-1.0,-1.0,0.47169736,-0.29297894,-0.2491616,-1.0,-2.74743,-1.88397,2.74743,-1.88397,-2.74743,1.88397,5.6547,-0.513,0.6221178,-0.2466,1.5462,-0.513,0.37858552,-0.2466,-0.2943,-0.513,0.7649033,-0.2466,-0.2943,1.0777103,0.24021794,0.38890666,-0.23598
522,8.718409999999986,-0.35906512,-1.0,0.5719647,-1.0,-0.7148647,0.3080616,1.0,-1.0,-0.01561448,-1.0,1.0,-1.0,-0.2856425,-1.0,-1.0,-1.0,0.1425769,-1.0,-1.0,0.47180745,-0.29300696,-0.2491666,-1.0,-2.74743,-1.88397,2.74743,-1.88397,-2.74743,1.88397,5.6547,-0.513,0.6222048,-0.2466,1.5462,-0.513,0.3784505,-0.2466,-0.2943,-0.513,0.76500416,-0.2466,-0.2943,1.0777664,0.24020112,0.38890234,-0.23598
523,8.735079999999988,-0.35913277,-1.0,0.5718706,-1.0,-0.7150407,0.30819952,1.0,-1.0,-0.015528582,-1.0,1.0,-1.0,-0.2857985,-1.0,-1.0,-1.0,0.14267626,-1.0,-1.0,0.47190964,-0.29303497,-0.24917205,-1.0,-2.74743,-1.88397,2.74743,-1.88397,-2.74743,1.88397,5.6547,-0.513,0.6222823,-0.2466,1.5462,-0.513,0.3783097,-0.2466,-0.2943,-0.513,0.76509386,-0.2466,-0.2943,1.0778185,0.24018429,0.3888976,-0.23598
524,8.751749999999989,-0.35919315,-1.0,0.5717832,-1.0,-0.71520776,0.30832788,1.0,-1.0,-0.015457418,-1.0,1.0,-1.0,-0.28596222,-1.0,-1.0,-1.0,0.14276142,-1.0,-1.0,0.47200146,-0.29306138,-0.24917945,-1.0,-2.74743,-1.88397,2.74743,-1.88397,-2.74743,1.88397,5.6547,-0.513,0.6223466,-0.2466,1.5462,-0.513,0.3781619,-0.2466,-0.2943,-0.513,0.76517075,-0.2466,-0.2943,1.0778652,0.24016842,0.3888912,-0.23598
525,8.76841999999999,-0.35924745,-1.0,0.5717021,-1.0,-0.7153661,0.3084498,1.0,-1.0,-0.015396267,-1.0,1.0,-1.0,-0.28613204,-1.0,-1.0,-1.0,0.1428354,-1.0,-1.0,0.4720853,-0.29308778,-0.24918742,-1.0,-2.74743,-1.88397,2.74743,-1.88397,-2.74743,1.88397,5.6547,-0.513,0.6224018,-0.2466,1.5462,-0.513,0.3780086,-0.2466,-0.2943,-0.513,0.7652375,-0.2466,-0.2943,1.077908,0.24015255,0.3888843,-0.23598
526,8.785089999999991,-0.35929817,-1.0,0.57162726,-1.0,-0.7155168,0.3085657,1.0,-1.0,-0.015345871,-1.0,1.0,-1.0,-0.28630924,-1.0,-1.0,-1.0,0.14289597,-1.0,-1.0,0.47216237,-0.29311478,-0.24919525,-1.0,-2.74743,-1.88397,2.74743,-1.88397,-2.74743,1.88397,5.6547,-0.513,0.62244725,-0.2466,1.5462,-0.513,0.37784865,-0.2466,-0.2943,-0.513,0.76529217,-0.2466,-0.2943,1.0779474,0.24013634,0.38887754,-0.23598
527,8.801759999999993,-0.35934198,-1.0,0.5715589,-1.0,-0.71565974,0.30867368,1.0,-1.0,-0.015306827,-1.0,1.0,-1.0,-0.286493,-1.0,-1.0,-1.0,0.14294732,-1.0,-1.0,0.4722309,-0.29314014,-0.24920455,-1.0,-2.74743,-1.88397,2.74743,-1.88397,-2.74743,1.88397,5.6547,-0.513,0.62248254,-0.2466,1.5462,-0.513,0.37768278,-0.2466,-0.2943,-0.513,0.76533854,-0.2466,-0.2943,1.0779823,0.2401211,0.3888695,-0.23598
528,8.818429999999994,-0.35938233,-1.0,0.5714962,-1.0,-0.71579665,0.30877647,1.0,-1.0,-0.015276484,-1.0,1.0,-1.0,-0.28668255,-1.0,-1.0,-1.0,0.14298859,-1.0,-1.0,0.47229305,-0.2931653,-0.24921456,-1.0,-2.74743,-1.88397,2.74743,-1.88397,-2.74743,1.88397,5.6547,-0.513,0.6225099,-0.2466,1.5462,-0.513,0.37751168,-0.2466,-0.2943,-0.513,0.7653758,-0.2466,-0.2943,1.078014,0.24010599,0.38886082,-0.23598
529,8.835099999999995,-0.3594163,-1.0,0.5714381,-1.0,-0.7159243,0.30887136,1.0,-1.0,-0.0152573325,-1.0,1.0,-1.0,-0.28687727,-1.0,-1.0,-1.0,0.14302029,-1.0,-1.0,0.472347,-0.29318872,-0.24922478,-1.0,-2.74743,-1.88397,2.74743,-1.88397,-2.74743,1.88397,5.6547,-0.513,0.6225272,-0.2466,1.5462,-0.513,0.37733588,-0.2466,-0.2943,-0.513,0.7654044,-0.2466,-0.2943,1.0780416,0.24009192,0.38885197,-0.23598
530,8.851769999999997,-0.35944808,-1.0,0.5713874,-1.0,-0.71604687,0.30896288,1.0,-1.0,-0.015244443,-1.0,1.0,-1.0,-0.28707933,-1.0,-1.0,-1.0,0.14304681,-1.0,-1.0,0.4723982,-0.29321253,-0.2492345,-1.0,-2.74743,-1.88397,2.74743,-1.88397,-2.74743,1.88397,5.6547,-0.513,0.62253886,-0.2466,1.5462,-0.513,0.3771535,-0.2466,-0.2943,-0.513,0.76542836,-0.2466,-0.2943,1.0780677,0.24007761,0.38884357,-0.23598
531,8.868439999999998,-0.35947382,-1.0,0.5713421,-1.0,-0.7161634,0.30904856,1.0,-1.0,-0.0152413435,-1.0,1.0,-1.0,-0.28728688,-1.0,-1.0,-1.0,0.14306305,-1.0,-1.0,0.47244206,-0.2932341,-0.24924538,-1.0,-2.74743,-1.88397,2.74743,-1.88397,-2.74743,1.88397,5.6547,-0.513,0.62254167,-0.2466,1.5462,-0.513,0.37696615,-0.2466,-0.2943,-0.513,0.765443,-0.2466,-0.2943,1.07809,0.24006465,0.38883415,-0.23598
532,8.88511,-0.35949647,-1.0,0.57130146,-1.0,-0.7162741,0.3091287,1.0,-1.0,-0.01524609,-1.0,1.0,-1.0,-0.28750014,-1.0,-1.0,-1.0,0.14307381,-1.0,-1.0,0.47248074,-0.29325494,-0.2492565,-1.0,-2.74743,-1.88397,2.74743,-1.88397,-2.74743,1.88397,5.6547,-0.513,0.6225374,-0.2466,1.5462,-0.513,0.37677363,-0.2466,-0.2943,-0.513,0.76545274,-0.2466,-0.2943,1.0781097,0.24005213,0.38882452,-0.23598
533,8.90178,-0.35951555,-1.0,0.57126504,-1.0,-0.7163784,0.30920383,1.0,-1.0,-0.015257902,-1.0,1.0,-1.0,-0.28771782,-1.0,-1.0,-1.0,0.14307977,-1.0,-1.0,0.4725148,-0.29327437,-0.24926747,-1.0,-2.74743,-1.88397,2.74743,-1.88397,-2.74743,1.88397,5.6547,-0.513,0.6225267,-0.2466,1.5462,-0.513,0.37657714,-0.2466,-0.2943,-0.513,0.7654581,-0.2466,-0.2943,1.078127,0.24004047,0.38881505,-0.23598
534,8.918450000000002,-0.3595332,-1.0,0.57123333,-1.0,-0.71648014,0.30927637,1.0,-1.0,-0.015274812,-1.0,1.0,-1.0,-0.28794068,-1.0,-1.0,-1.0,0.14308211,-1.0,-1.0,0.47254667,-0.29329258,-0.2492788,-1.0,-2.74743,-1.88397,2.74743,-1.88397,-2.74743,1.88397,5.6547,-0.513,0.62251145,-0.2466,1.5462,-0.513,0.37637594,-0.2466,-0.2943,-0.513,0.7654602,-0.2466,-0.2943,1.0781434,0.24002951,0.38880524,-0.23598
535,8.935120000000003,-0.35954726,-1.0,0.57120574,-1.0,-0.71657646,0.30934444,1.0,-1.0,-0.015297353,-1.0,1.0,-1.0,-0.28816748,-1.0,-1.0,-1.0,0.14308174,-1.0,-1.0,0.47257537,-0.29330927,-0.24928989,-1.0,-2.74743,-1.88397,2.74743,-1.88397,-2.74743,1.88397,5.6547,-0.513,0.62249106,-0.2466,1.5462,-0.513,0.37617123,-0.2466,-0.2943,-0.513,0.7654599,-0.2466,-0.2943,1.078158,0.2400195,0.38879564,-0.23598
536,8.951790000000004,-0.35956085,-1.0,0.571182,-1.0,-0.71667045,0.3094112,1.0,-1.0,-0.015323158,-1.0,1.0,-1.0,-0.2883981,-1.0,-1.0,-1.0,0.14307806,-1.0,-1.0,0.472602,-0.29332533,-0.24930032,-1.0,-2.74743,-1.88397,2.74743,-1.88397,-2.74743,1.88397,5.6547,-0.513,0.62246776,-0.2466,1.5462,-0.513,0.37596303,-0.2466,-0.2943,-0.513,0.76545656,-0.2466,-0.2943,1.0781715,0.24000984,0.3887866,-0.23598
537,8.968460000000006,-0.3595708,-1.0,0.5711612,-1.0,-0.7167596,0.30947402,1.0,-1.0,-0.015354753,-1.0,1.0,-1.0,-0.28863406,-1.0,-1.0,-1.0,0.14307405,-1.0,-1.0,0.47262564,-0.29333973,-0.24931066,-1.0,-2.74743,-1.88397,2.74743,-1.88397,-2.74743,1.88397,5.6547,-0.513,0.62243927,-0.2466,1.5462,-0.513,0.37575004,-0.2466,-0.2943,-0.513,0.7654529,-0.2466,-0.2943,1.0781837,0.2400012,0.38877767,-0.23598
538,8.985130000000007,-0.35958046,-1.0,0.5711435,-1.0,-0.7168474,0.30953503,1.0,-1.0,-0.015388891,-1.0,1.0,-1.0,-0.28887296,-1.0,-1.0,-1.0,0.14307043,-1.0,-1.0,0.47264913,-0.29335156,-0.24932131,-1.0,-2.74743,-1.88397,2.74743,-1.88397,-2.74743,1.88397,5.6547,-0.513,0.62240845,-0.2466,1.5462,-0.513,0.3755344,-0.2466,-0.2943,-0.513,0.7654497,-0.2466,-0.2943,1.0781956,0.2399941,0.38876846,-0.23598
539,9.001800000000008,-0.35958868,-1.0,0.57112944,-1.0,-0.71693313,0.3095946,1.0,-1.0,-0.0154247135,-1.0,1.0,-1.0,-0.289114,-1.0,-1.0,-1.0,0.14306797,-1.0,-1.0,0.47267154,-0.29336157,-0.24933122,-1.0,-2.74743,-1.88397,2.74743,-1.88397,-2.74743,1.88397,5.6547,-0.513,0.6223761,-0.2466,1.5462,-0.513,0.3753168,-0.2466,-0.2943,-0.513,0.76544744,-0.2466,-0.2943,1.078207,0.23998807,0.38875988,-0.23598
540,9.01847000000001,-0.3595975,-1.0,0.57111603,-1.0,-0.71701723,0.30965334,1.0,-1.0,-0.0154623985,-1.0,1.0,-1.0,-0.28935808,-1.0,-1.0,-1.0,0.1430651,-1.0,-1.0,0.47269502,-0.29337108,-0.24934086,-1.0,-2.74743,-1.88397,2.74743,-1.88397,-2.74743,1.88397,5.6547,-0.513,0.6223421,-0.2466,1.5462,-0.513,0.37509647,-0.2466,-0.2943,-0.513,0.7654449,-0.2466,-0.2943,1.0782189,0.23998237,0.38875154,-0.23598
541,9.03514000000001,-0.3596049,-1.0,0.571105,-1.0,-0.71710014,0.3097115,1.0,-1.0,-0.015500512,-1.0,1.0,-1.0,-0.2896043,-1.0,-1.0,-1.0,0.1430677,-1.0,-1.0,0.4727182,-0.29337916,-0.24934925,-1.0,-2.74743,-1.88397,2.74743,-1.88397,-2.74743,1.88397,5.6547,-0.513,0.62230766,-0.2466,1.5462,-0.513,0.3748742,-0.2466,-0.2943,-0.513,0.7654472,-0.2466,-0.2943,1.0782309,0.23997751,0.3887443,-0.23598
542,9.051810000000012,-0.35961407,-1.0,0.5710957,-1.0,-0.717183,0.30976987,1.0,-1.0,-0.015538558,-1.0,1.0,-1.0,-0.2898535,-1.0,-1.0,-1.0,0.1430721,-1.0,-1.0,0.47274396,-0.2933849,-0.24935715,-1.0,-2.74743,-1.88397,2.74743,-1.88397,-2.74743,1.88397,5.6547,-0.513,0.6222733,-0.2466,1.5462,-0.513,0.37464923,-0.2466,-0.2943,-0.513,0.7654512,-0.2466,-0.2943,1.078244,0.23997405,0.38873744,-0.23598
543,9.068480000000013,-0.35962296,-1.0,0.57108754,-1.0,-0.71726626,0.3098285,1.0,-1.0,-0.015575748,-1.0,1.0,-1.0,-0.29010344,-1.0,-1.0,-1.0,0.14308344,-1.0,-1.0,0.47277117,-0.29338852,-0.24936475,-1.0,-2.74743,-1.88397,2.74743,-1.88397,-2.74743,1.88397,5.6547,-0.513,0.62223977,-0.2466,1.5462,-0.513,0.37442362,-0.2466,-0.2943,-0.513,0.76546144,-0.2466,-0.2943,1.0782578,0.23997189,0.38873088,-0.23598
544,9.085150000000015,-0.3596334,-1.0,0.5710792,-1.0,-0.71735036,0.30988768,1.0,-1.0,-0.015611857,-1.0,1.0,-1.0,-0.2903542,-1.0,-1.0,-1.0,0.14309713,-1.0,-1.0,0.47279987,-0.29339126,-0.24937174,-1.0,-2.74743,-1.88397,2.74743,-1.88397,-2.74743,1.88397,5.6547,-0.513,0.62220716,-0.2466,1.5462,-0.513,0.37419727,-0.2466,-0.2943,-0.513,0.7654738,-0.2466,-0.2943,1.0782725,0.23997024,0.38872483,-0.23598
545,9.101820000000016,-0.35964555,-1.0,0.5710707,-1.0,-0.7174347,0.30994877,1.0,-1.0,-0.015645847,-1.0,1.0,-1.0,-0.29060608,-1.0,-1.0,-1.0,0.14311856,-1.0,-1.0,0.47283307,-0.293392,-0.24937704,-1.0,-2.74743,-1.88397,2.74743,-1.88397,-2.74743,1.88397,5.6547,-0.513,0.62217647,-0.2466,1.5462,-0.513,0.37396988,-0.2466,-0.2943,-0.513,0.7654931,-0.2466,-0.2943,1.0782894,0.23996979,0.38872024,-0.23598
546,9.118490000000017,-0.35965914,-1.0,0.5710625,-1.0,-0.7175215,0.31001118,1.0,-1.0,-0.015676599,-1.0,1.0,-1.0,-0.2908585,-1.0,-1.0,-1.0,0.14314711,-1.0,-1.0,0.47286922,-0.29339096,-0.2493822,-1.0,-2.74743,-1.88397,2.74743,-1.88397,-2.74743,1.88397,5.6547,-0.513,0.62214875,-0.2466,1.5462,-0.513,0.373742,-0.2466,-0.2943,-0.513,0.7655189,-0.2466,-0.2943,1.0783079,0.23997042,0.38871577,-0.23598
547,9.135160000000019,-0.35967594,-1.0,0.5710534,-1.0,-0.7176111,0.31007674,1.0,-1.0,-0.015703753,-1.0,1.0,-1.0,-0.29111046,-1.0,-1.0,-1.0,0.14318195,-1.0,-1.0,0.4729094,-0.29338843,-0.24938641,-1.0,-2.74743,-1.88397,2.74743,-1.88397,-2.74743,1.88397,5.6547,-0.513,0.6221242,-0.2466,1.5462,-0.513,0.3735146,-0.2466,-0.2943,-0.513,0.7655504,-0.2466,-0.2943,1.0783283,0.23997194,0.38871214,-0.23598
548,9.15183000000002,-0.35969412,-1.0,0.5710427,-1.0,-0.7177022,0.31014356,1.0,-1.0,-0.015727464,-1.0,1.0,-1.0,-0.2913624,-1.0,-1.0,-1.0,0.14322685,-1.0,-1.0,0.47295442,-0.2933831,-0.24938965,-1.0,-2.74743,-1.88397,2.74743,-1.88397,-2.74743,1.88397,5.6547,-0.513,0.6221028,-0.2466,1.5462,-0.513,0.37328717,-0.2466,-0.2943,-0.513,0.76559085,-0.2466,-0.2943,1.0783513,0.23997514,0.38870934,-0.23598
549,9.168500000000021,-0.35971564,-1.0,0.57103044,-1.0,-0.7177963,0.3102139,1.0,-1.0,-0.015746724,-1.0,1.0,-1.0,-0.29161382,-1.0,-1.0,-1.0,0.14327924,-1.0,-1.0,0.47300336,-0.29337677,-0.24939172,-1.0,-2.74743,-1.88397,2.74743,-1.88397,-2.74743,1.88397,5.6547,-0.513,0.62208545,-0.2466,1.5462,-0.513,0.3730602,-0.2466,-0.2943,-0.513,0.7656382,-0.2466,-0.2943,1.0783762,0.23997894,0.38870755,-0.23598
550,9.185170000000022,-0.35974103,-1.0,0.57101715,-1.0,-0.7178949,0.31028894,1.0,-1.0,-0.015759848,-1.0,1.0,-1.0,-0.29186362,-1.0,-1.0,-1.0,0.14334,-1.0,-1.0,0.4730593,-0.293369,-0.24939302,-1.0,-2.74743,-1.88397,2.74743,-1.88397,-2.74743,1.88397,5.6547,-0.513,0.6220736,-0.2466,1.5462,-0.513,0.3728347,-0.2466,-0.2943,-0.513,0.765693,-0.2466,-0.2943,1.0784048,0.23998362,0.38870642,-0.23598
551,9.201840000000024,-0.35976744,-1.0,0.5710014,-1.0,-0.717996,0.31036505,1.0,-1.0,-0.015769172,-1.0,1.0,-1.0,-0.29211265,-1.0,-1.0,-1.0,0.14341082,-1.0,-1.0,0.473118,-0.29335853,-0.2493934,-1.0,-2.74743,-1.88397,2.74743,-1.88397,-2.74743,1.88397,5.6547,-0.513,0.6220652,-0.2466,1.5462,-0.513,0.3726099,-0.2466,-0.2943,-0.513,0.76575696,-0.2466,-0.2943,1.0784347,0.23998989,0.3887061,-0.23598
552,9.218510000000025,-0.35980004,-1.0,0.5709828,-1.0,-0.7181037,0.31044823,1.0,-1.0,-0.015769228,-1.0,1.0,-1.0,-0.29235965,-1.0,-1.0,-1.0,0.14349249,-1.0,-1.0,0.47318625,-0.2933477,-0.24939251,-1.0,-2.74743,-1.88397,2.74743,-1.88397,-2.74743,1.88397,5.6547,-0.513,0.6220651,-0.2466,1.5462,-0.513,0.37238693,-0.2466,-0.2943,-0.513,0.7658307,-0.2466,-0.2943,1.0784695,0.23999642,0.38870686,-0.23598
553,9.235180000000026,-0.35983562,-1.0,0.57096076,-1.0,-0.7182146,0.3105335,1.0,-1.0,-0.015765056,-1.0,1.0,-1.0,-0.2926045,-1.0,-1.0,-1.0,0.14358348,-1.0,-1.0,0.47325885,-0.29333365,-0.2493911,-1.0,-2.74743,-1.88397,2.74743,-1.88397,-2.74743,1.88397,5.6547,-0.513,0.6220689,-0.2466,1.5462,-0.513,0.37216592,-0.2466,-0.2943,-0.513,0.76591283,-0.2466,-0.2943,1.0785065,0.24000485,0.38870808,-0.23598
554,9.251850000000028,-0.35987574,-1.0,0.5709369,-1.0,-0.7183301,0.31062478,1.0,-1.0,-0.015753243,-1.0,1.0,-1.0,-0.29284734,-1.0,-1.0,-1.0,0.14368498,-1.0,-1.0,0.47333893,-0.29331943,-0.24938776,-1.0,-2.74743,-1.88397,2.74743,-1.88397,-2.74743,1.88397,5.6547,-0.513,0.62207955,-0.2466,1.5462,-0.513,0.37194672,-0.2466,-0.2943,-0.513,0.76600444,-0.2466,-0.2943,1.0785474,0.24001339,0.38871098,-0.23598
555,9.268520000000029,-0.35991818,-1.0,0.57090855,-1.0,-0.7184494,0.31071833,1.0,-1.0,-0.01573556,-1.0,1.0,-1.0,-0.29308748,-1.0,-1.0,-1.0,0.14379814,-1.0,-1.0,0.47342345,-0.29330334,-0.24938406,-1.0,-2.74743,-1.88397,2.74743,-1.88397,-2.74743,1.88397,5.6547,-0.513,0.6220955,-0.2466,1.5462,-0.513,0.37172994,-0.2466,-0.2943,-0.513,0.7661066,-0.2466,-0.2943,1.0785904,0.24002306,0.38871416,-0.23598
556,9.28519000000003,-0.35996747,-1.0,0.5708767,-1.0,-0.71857655,0.31081945,1.0,-1.0,-0.015708085,-1.0,1.0,-1.0,-0.2933241,-1.0,-1.0,-1.0,0.14392172,-1.0,-1.0,0.47351688,-0.2932856,-0.24937926,-1.0,-2.74743,-1.88397,2.74743,-1.88397,-2.74743,1.88397,5.6547,-0.513,0.6221203,-0.2466,1.5462,-0.513,0.37151632,-0.2466,-0.2943,-0.513,0.7662181,-0.2466,-0.2943,1.0786381,0.24003372,0.3887183,-0.23598
557,9.301860000000032,-0.3600201,-1.0,0.570842,-1.0,-0.7187077,0.31092456,1.0,-1.0,-0.01567405,-1.0,1.0,-1.0,-0.2935583,-1.0,-1.0,-1.0,0.14405599,-1.0,-1.0,0.47361735,-0.29326594,-0.24937317,-1.0,-2.74743,-1.88397,2.74743,-1.88397,-2.74743,1.88397,5.6547,-0.513,0.622151,-0.2466,1.5462,-0.513,0.37130493,-0.2466,-0.2943,-0.513,0.76633936,-0.2466,-0.2943,1.0786893,0.24004553,0.38872358,-0.23598
558,9.318530000000033,-0.36007684,-1.0,0.570802,-1.0,-0.71884423,0.31103522,1.0,-1.0,-0.015632197,-1.0,1.0,-1.0,-0.29378957,-1.0,-1.0,-1.0,0.14420292,-1.0,-1.0,0.47372454,-0.29324532,-0.24936593,-1.0,-2.74743,-1.88397,2.74743,-1.88397,-2.74743,1.88397,5.6547,-0.513,0.6221888,-0.2466,1.5462,-0.513,0.37109616,-0.2466,-0.2943,-0.513,0.766472,-0.2466,-0.2943,1.0787439,0.24005792,0.38872987,-0.23598
559,9.335200000000034,-0.36014062,-1.0,0.57075715,-1.0,-0.718989,0.31115252,1.0,-1.0,-0.015580412,-1.0,1.0,-1.0,-0.29401582,-1.0,-1.0,-1.0,0.14435959,-1.0,-1.0,0.47384048,-0.29322347,-0.24935804,-1.0,-2.74743,-1.88397,2.74743,-1.88397,-2.74743,1.88397,5.6547,-0.513,0.62223554,-0.2466,1.5462,-0.513,0.37089193,-0.2466,-0.2943,-0.513,0.7666134,-0.2466,-0.2943,1.0788031,0.24007104,0.3887367,-0.23598
560,9.351870000000035,-0.36020678,-1.0,0.5707081,-1.0,-0.71913725,0.31127322,1.0,-1.0,-0.01552261,-1.0,1.0,-1.0,-0.29424012,-1.0,-1.0,-1.0,0.14452884,-1.0,-1.0,0.47396165,-0.29319987,-0.24934897,-1.0,-2.74743,-1.88397,2.74743,-1.88397,-2.74743,1.88397,5.6547,-0.513,0.62228775,-0.2466,1.5462,-0.513,0.37068945,-0.2466,-0.2943,-0.513,0.7667662,-0.2466,-0.2943,1.0788649,0.24008521,0.38874453,-0.23598
561,9.368540000000037,-0.3602779,-1.0,0.570655,-1.0,-0.71929294,0.3114002,1.0,-1.0,-0.015455741,-1.0,1.0,-1.0,-0.29446,-1.0,-1.0,-1.0,0.14470804,-1.0,-1.0,0.47409067,-0.2931746,-0.24933958,-1.0,-2.74743,-1.88397,2.74743,-1.88397,-2.74743,1.88397,5.6547,-0.513,0.6223481,-0.2466,1.5462,-0.513,0.37049097,-0.2466,-0.2943,-0.513,0.76692796,-0.2466,-0.2943,1.0789307,0.2401004,0.38875267,-0.23598
562,9.385210000000038,-0.36035544,-1.0,0.570596,-1.0,-0.7194549,0.3115333,1.0,-1.0,-0.01537976,-1.0,1.0,-1.0,-0.2946751,-1.0,-1.0,-1.0,0.1448988,-1.0,-1.0,0.47422758,-0.29314867,-0.24932885,-1.0,-2.74743,-1.88397,2.74743,-1.88397,-2.74743,1.88397,5.6547,-0.513,0.6224167,-0.2466,1.5462,-0.513,0.37029678,-0.2466,-0.2943,-0.513,0.76710016,-0.2466,-0.2943,1.0790005,0.24011599,0.38876194,-0.23598
563,9.40188000000004,-0.36043566,-1.0,0.5705334,-1.0,-0.7196218,0.31167075,1.0,-1.0,-0.015297364,-1.0,1.0,-1.0,-0.29488772,-1.0,-1.0,-1.0,0.14509834,-1.0,-1.0,0.47436997,-0.29312107,-0.24931768,-1.0,-2.74743,-1.88397,2.74743,-1.88397,-2.74743,1.88397,5.6547,-0.513,0.62249106,-0.2466,1.5462,-0.513,0.37010485,-0.2466,-0.2943,-0.513,0.7672803,-0.2466,-0.2943,1.0790731,0.24013256,0.3887716,-0.23598
564,9.41855000000004,-0.36052167,-1.0,0.57046354,-1.0,-0.7197949,0.3118135,1.0,-1.0,-0.015206177,-1.0,1.0,-1.0,-0.29509515,-1.0,-1.0,-1.0,0.14530954,-1.0,-1.0,0.47452047,-0.29309216,-0.24930537,-1.0,-2.74743,-1.88397,2.74743,-1.88397,-2.74743,1.88397,5.6547,-0.513,0.6225734,-0.2466,1.5462,-0.513,0.3699176,-0.2466,-0.2943,-0.513,0.7674709,-0.2466,-0.2943,1.0791498,0.24014993,0.38878226,-0.23598
565,9.435220000000042,-0.36061162,-1.0,0.5703899,-1.0,-0.71997464,0.3119618,1.0,-1.0,-0.01510695,-1.0,1.0,-1.0,-0.29529792,-1.0,-1.0,-1.0,0.14553002,-1.0,-1.0,0.47467673,-0.29306188,-0.24929309,-1.0,-2.74743,-1.88397,2.74743,-1.88397,-2.74743,1.88397,5.6547,-0.513,0.62266296,-0.2466,1.5462,-0.513,0.36973456,-0.2466,-0.2943,-0.513,0.7676699,-0.2466,-0.2943,1.0792296,0.24016812,0.38879287,-0.23598
566,9.451890000000043,-0.3607077,-1.0,0.5703109,-1.0,-0.7201607,0.31211582,1.0,-1.0,-0.014999159,-1.0,1.0,-1.0,-0.29549742,-1.0,-1.0,-1.0,0.14576095,-1.0,-1.0,0.47484127,-0.29303166,-0.2492799,-1.0,-2.74743,-1.88397,2.74743,-1.88397,-2.74743,1.88397,5.6547,-0.513,0.62276024,-0.2466,1.5462,-0.513,0.3695545,-0.2466,-0.2943,-0.513,0.7678784,-0.2466,-0.2943,1.0793135,0.24018627,0.3888043,-0.23598
567,9.468560000000044,-0.36080772,-1.0,0.5702276,-1.0,-0.72035265,0.3122751,1.0,-1.0,-0.014883604,-1.0,1.0,-1.0,-0.2956912,-1.0,-1.0,-1.0,0.14600024,-1.0,-1.0,0.47501233,-0.2929997,-0.24926591,-1.0,-2.74743,-1.88397,2.74743,-1.88397,-2.74743,1.88397,5.6547,-0.513,0.62286454,-0.2466,1.5462,-0.513,0.36937955,-0.2466,-0.2943,-0.513,0.7680944,-0.2466,-0.2943,1.0794007,0.24020547,0.3888164,-0.23598
568,9.485230000000046,-0.3609113,-1.0,0.570139,-1.0,-0.7205496,0.3124392,1.0,-1.0,-0.014761053,-1.0,1.0,-1.0,-0.2958824,-1.0,-1.0,-1.0,0.14624837,-1.0,-1.0,0.47518834,-0.2929672,-0.24925138,-1.0,-2.74743,-1.88397,2.74743,-1.88397,-2.74743,1.88397,5.6547,-0.513,0.6229752,-0.2466,1.5462,-0.513,0.36920696,-0.2466,-0.2943,-0.513,0.7683184,-0.2466,-0.2943,1.0794904,0.240225,0.38882896,-0.23598
569,9.501900000000047,-0.36102033,-1.0,0.570044,-1.0,-0.72075284,0.31260815,1.0,-1.0,-0.014630385,-1.0,1.0,-1.0,-0.29606694,-1.0,-1.0,-1.0,0.14650412,-1.0,-1.0,0.47537056,-0.29293346,-0.24923694,-1.0,-2.74743,-1.88397,2.74743,-1.88397,-2.74743,1.88397,5.6547,-0.513,0.6230931,-0.2466,1.5462,-0.513,0.36904037,-0.2466,-0.2943,-0.513,0.76854926,-0.2466,-0.2943,1.0795834,0.24024527,0.38884145,-0.23598
570,9.518570000000048,-0.36113143,-1.0,0.56994575,-1.0,-0.7209611,0.31278095,1.0,-1.0,-0.014494039,-1.0,1.0,-1.0,-0.2962489,-1.0,-1.0,-1.0,0.14676708,-1.0,-1.0,0.47555768,-0.2928995,-0.2492222,-1.0,-2.74743,-1.88397,2.74743,-1.88397,-2.74743,1.88397,5.6547,-0.513,0.6232162,-0.2466,1.5462,-0.513,0.3688761,-0.2466,-0.2943,-0.513,0.76878667,-0.2466,-0.2943,1.0796788,0.24026568,0.3888542,-0.23598
571,9.53524000000005,-0.36124712,-1.0,0.569841,-1.0,-0.72117466,0.31295836,1.0,-1.0,-0.014350764,-1.0,1.0,-1.0,-0.29642528,-1.0,-1.0,-1.0,0.14703819,-1.0,-1.0,0.47575024,-0.29286358,-0.24920705,-1.0,-2.74743,-1.88397,2.74743,-1.88397,-2.74743,1.88397,5.6547,-0.513,0.62334555,-0.2466,1.5462,-0.513,0.3687169,-0.2466,-0.2943,-0.513,0.76903135,-0.2466,-0.2943,1.079777,0.24028726,0.38886732,-0.23598
572,9.551910000000051,-0.3613667,-1.0,0.5697327,-1.0,-0.72139263,0.31314,1.0,-1.0,-0.014201343,-1.0,1.0,-1.0,-0.29659855,-1.0,-1.0,-1.0,0.14731479,-1.0,-1.0,0.47594792,-0.2928286,-0.24919128,-1.0,-2.74743,-1.88397,2.74743,-1.88397,-2.74743,1.88397,5.6547,-0.513,0.62348044,-0.2466,1.5462,-0.513,0.3685605,-0.2466,-0.2943,-0.513,0.769281,-0.2466,-0.2943,1.0798779,0.24030827,0.38888097,-0.23598
573,9.568580000000052,-0.3614897,-1.0,0.5696187,-1.0,-0.72161615,0.31332433,1.0,-1.0,-0.014046136,-1.0,1.0,-1.0,-0.29676694,-1.0,-1.0,-1.0,0.1475971,-1.0,-1.0,0.47614932,-0.29279256,-0.24917677,-1.0,-2.74743,-1.88397,2.74743,-1.88397,-2.74743,1.88397,5.6547,-0.513,0.62362057,-0.2466,1.5462,-0.513,0.36840847,-0.2466,-0.2943,-0.513,0.7695359,-0.2466,-0.2943,1.0799805,0.24032992,0.3888935,-0.23598
574,9.585250000000054,-0.3616174,-1.0,0.5695012,-1.0,-0.72184503,0.31351548,1.0,-1.0,-0.013883419,-1.0,1.0,-1.0,-0.29693037,-1.0,-1.0,-1.0,0.14788496,-1.0,-1.0,0.4763571,-0.29275692,-0.24916072,-1.0,-2.74743,-1.88397,2.74743,-1.88397,-2.74743,1.88397,5.6547,-0.513,0.62376744,-0.2466,1.5462,-0.513,0.36826095,-0.2466,-0.2943,-0.513,0.7697958,-0.2466,-0.2943,1.0800865,0.24035133,0.3889074,-0.23598
575,9.601920000000055,-0.3617456,-1.0,0.5693789,-1.0,-0.7220768,0.31370664,1.0,-1.0,-0.013717901,-1.0,1.0,-1.0,-0.29709083,-1.0,-1.0,-1.0,0.14817774,-1.0,-1.0,0.47656593,-0.2927194,-0.24914612,-1.0,-2.74743,-1.88397,2.74743,-1.88397,-2.74743,1.88397,5.6547,-0.513,0.62391686,-0.2466,1.5462,-0.513,0.3681161,-0.2466,-0.2943,-0.513,0.77006006,-0.2466,-0.2943,1.0801929,0.24037388,0.38892004,-0.23598
576,9.618590000000056,-0.3618769,-1.0,0.56925297,-1.0,-0.7223131,0.31390136,1.0,-1.0,-0.013547752,-1.0,1.0,-1.0,-0.2972471,-1.0,-1.0,-1.0,0.14847389,-1.0,-1.0,0.47677845,-0.292682,-0.24913165,-1.0,-2.74743,-1.88397,2.74743,-1.88397,-2.74743,1.88397,5.6547,-0.513,0.62407047,-0.2466,1.5462,-0.513,0.36797503,-0.2466,-0.2943,-0.513,0.7703274,-0.2466,-0.2943,1.0803013,0.24039635,0.38893256,-0.23598
577,9.635260000000057,-0.3620119,-1.0,0.569122,-1.0,-0.7225536,0.31409934,1.0,-1.0,-0.013371941,-1.0,1.0,-1.0,-0.29739803,-1.0,-1.0,-1.0,0.14877355,-1.0,-1.0,0.47699532,-0.29264414,-0.24911727,-1.0,-2.74743,-1.88397,2.74743,-1.88397,-2.74743,1.88397,5.6547,-0.513,0.62422913,-0.2466,1.5462,-0.513,0.3678388,-0.2466,-0.2943,-0.513,0.7705979,-0.2466,-0.2943,1.0804119,0.24041909,0.388945,-0.23598
578,9.651930000000059,-0.36214787,-1.0,0.5689887,-1.0,-0.7227967,0.31429923,1.0,-1.0,-0.013193827,-1.0,1.0,-1.0,-0.2975477,-1.0,-1.0,-1.0,0.14907515,-1.0,-1.0,0.47721273,-0.29260734,-0.24910311,-1.0,-2.74743,-1.88397,2.74743,-1.88397,-2.74743,1.88397,5.6547,-0.513,0.62438995,-0.2466,1.5462,-0.513,0.3677037,-0.2466,-0.2943,-0.513,0.77087015,-0.2466,-0.2943,1.0805228,0.24044119,0.38895726,-0.23598
579,9.66860000000006,-0.3622864,-1.0,0.56885135,-1.0,-0.7230435,0.31450108,1.0,-1.0,-0.013011742,-1.0,1.0,-1.0,-0.29769254,-1.0,-1.0,-1.0,0.14937928,-1.0,-1.0,0.4774329,-0.29256874,-0.24909024,-1.0,-2.74743,-1.88397,2.74743,-1.88397,-2.74743,1.88397,5.6547,-0.513,0.6245543,-0.2466,1.5462,-0.513,0.36757293,-0.2466,-0.2943,-0.513,0.7711447,-0.2466,-0.2943,1.0806351,0.24046437,0.38896838,-0.23598
580,9.685270000000061,-0.36242634,-1.0,0.5687099,-1.0,-0.7232927,0.31470394,1.0,-1.0,-0.012827795,-1.0,1.0,-1.0,-0.29783404,-1.0,-1.0,-1.0,0.14968422,-1.0,-1.0,0.4776538,-0.29253128,-0.24907771,-1.0,-2.74743,-1.88397,2.74743,-1.88397,-2.74743,1.88397,5.6547,-0.513,0.62472034,-0.2466,1.5462,-0.513,0.3674452,-0.2466,-0.2943,-0.513,0.77141994,-0.2466,-0.2943,1.0807477,0.24048689,0.38897923,-0.23598
581,9.701940000000063,-0.36256772,-1.0,0.5685671,-1.0,-0.72354424,0.31490904,1.0,-1.0,-0.012640502,-1.0,1.0,-1.0,-0.29797202,-1.0,-1.0,-1.0,0.14998859,-1.0,-1.0,0.477876,-0.292494,-0.24906528,-1.0,-2.74743,-1.88397,2.74743,-1.88397,-2.74743,1.88397,5.6547,-0.513,0.62488943,-0.2466,1.5462,-0.513,0.36732066,-0.2466,-0.2943,-0.513,0.7716947,-0.2466,-0.2943,1.0808611,0.24050929,0.38898998,-0.23598
582,9.718610000000064,-0.36271,-1.0,0.5684211,-1.0,-0.7237975,0.31511435,1.0,-1.0,-0.0124521665,-1.0,1.0,-1.0,-0.2981074,-1.0,-1.0,-1.0,0.15029344,-1.0,-1.0,0.47809905,-0.29245722,-0.24905369,-1.0,-2.74743,-1.88397,2.74743,-1.88397,-2.74743,1.88397,5.6547,-0.513,0.6250594,-0.2466,1.5462,-0.513,0.36719847,-0.2466,-0.2943,-0.513,0.7719699,-0.2466,-0.2943,1.0809748,0.24053138,0.38900003,-0.23598
583,9.735280000000065,-0.36285353,-1.0,0.5682724,-1.0,-0.72405225,0.31532025,1.0,-1.0,-0.012262259,-1.0,1.0,-1.0,-0.2982394,-1.0,-1.0,-1.0,0.15059857,-1.0,-1.0,0.47832182,-0.29242072,-0.24904296,-1.0,-2.74743,-1.88397,2.74743,-1.88397,-2.74743,1.88397,5.6547,-0.513,0.62523085,-0.2466,1.5462,-0.513,0.3670793,-0.2466,-0.2943,-0.513,0.77224535,-0.2466,-0.2943,1.0810884,0.2405533,0.3890093,-0.23598
584,9.751950000000067,-0.3629971,-1.0,0.568121,-1.0,-0.724309,0.31552693,1.0,-1.0,-0.012071244,-1.0,1.0,-1.0,-0.2983697,-1.0,-1.0,-1.0,0.15089953,-1.0,-1.0,0.4785449,-0.29238385,-0.24903312,-1.0,-2.74743,-1.88397,2.74743,-1.88397,-2.74743,1.88397,5.6547,-0.513,0.6254033,-0.2466,1.5462,-0.513,0.36696166,-0.2466,-0.2943,-0.513,0.772517,-0.2466,-0.2943,1.0812021,0.24057546,0.38901782,-0.23598
585,9.768620000000068,-0.36314088,-1.0,0.56797,-1.0,-0.7245671,0.31573316,1.0,-1.0,-0.011880238,-1.0,1.0,-1.0,-0.29849714,-1.0,-1.0,-1.0,0.15119994,-1.0,-1.0,0.47876665,-0.292348,-0.24902453,-1.0,-2.74743,-1.88397,2.74743,-1.88397,-2.74743,1.88397,5.6547,-0.513,0.6255757,-0.2466,1.5462,-0.513,0.36684662,-0.2466,-0.2943,-0.513,0.77278817,-0.2466,-0.2943,1.0813153,0.240597,0.38902524,-0.23598
586,9.785290000000069,-0.36328447,-1.0,0.56781507,-1.0,-0.72482497,0.31593764,1.0,-1.0,-0.011690211,-1.0,1.0,-1.0,-0.29862177,-1.0,-1.0,-1.0,0.15149727,-1.0,-1.0,0.47898617,-0.29231173,-0.24901763,-1.0,-2.74743,-1.88397,2.74743,-1.88397,-2.74743,1.88397,5.6547,-0.513,0.62574726,-0.2466,1.5462,-0.513,0.36673412,-0.2466,-0.2943,-0.513,0.77305657,-0.2466,-0.2943,1.0814272,0.24061878,0.3890312,-0.23598
587,9.80196000000007,-0.36342746,-1.0,0.5676598,-1.0,-0.72508323,0.3161421,1.0,-1.0,-0.011500113,-1.0,1.0,-1.0,-0.29874527,-1.0,-1.0,-1.0,0.15179206,-1.0,-1.0,0.4792049,-0.29227692,-0.24901089,-1.0,-2.74743,-1.88397,2.74743,-1.88397,-2.74743,1.88397,5.6547,-0.513,0.62591887,-0.2466,1.5462,-0.513,0.36662263,-0.2466,-0.2943,-0.513,0.7733227,-0.2466,-0.2943,1.0815387,0.2406397,0.38903704,-0.23598
588,9.818630000000072,-0.3635711,-1.0,0.56750435,-1.0,-0.72534186,0.31634644,1.0,-1.0,-0.011310775,-1.0,1.0,-1.0,-0.2988665,-1.0,-1.0,-1.0,0.15208118,-1.0,-1.0,0.47942263,-0.292244,-0.24900517,-1.0,-2.74743,-1.88397,2.74743,-1.88397,-2.74743,1.88397,5.6547,-0.513,0.62608975,-0.2466,1.5462,-0.513,0.3665132,-0.2466,-0.2943,-0.513,0.77358365,-0.2466,-0.2943,1.0816498,0.24065949,0.389042,-0.23598
589,9.835300000000073,-0.36371356,-1.0,0.56734747,-1.0,-0.7256006,0.31654865,1.0,-1.0,-0.011123132,-1.0,1.0,-1.0,-0.29898626,-1.0,-1.0,-1.0,0.15236698,-1.0,-1.0,0.47963703,-0.29221004,-0.24900116,-1.0,-2.74743,-1.88397,2.74743,-1.88397,-2.74743,1.88397,5.6547,-0.513,0.62625915,-0.2466,1.5462,-0.513,0.3664051,-0.2466,-0.2943,-0.513,0.7738417,-0.2466,-0.2943,1.0817591,0.24067988,0.38904545,-0.23598
590,9.851970000000074,-0.36385405,-1.0,0.56719136,-1.0,-0.72585744,0.3167491,1.0,-1.0,-0.010937814,-1.0,1.0,-1.0,-0.299106,-1.0,-1.0,-1.0,0.15264887,-1.0,-1.0,0.47984874,-0.29217675,-0.24899797,-1.0,-2.74743,-1.88397,2.74743,-1.88397,-2.74743,1.88397,5.6547,-0.513,0.62642646,-0.2466,1.5462,-0.513,0.366297,-0.2466,-0.2943,-0.513,0.77409613,-0.2466,-0.2943,1.0818671,0.24069987,0.38904822,-0.23598
591,9.868640000000076,-0.3639953,-1.0,0.5670331,-1.0,-0.72611415,0.31694776,1.0,-1.0,-0.010754444,-1.0,1.0,-1.0,-0.29922312,-1.0,-1.0,-1.0,0.15292472,-1.0,-1.0,0.48005822,-0.2921452,-0.24899592,-1.0,-2.74743,-1.88397,2.74743,-1.88397,-2.74743,1.88397,5.6547,-0.513,0.626592,-0.2466,1.5462,-0.513,0.3661913,-0.2466,-0.2943,-0.513,0.77434516,-0.2466,-0.2943,1.0819739,0.24071884,0.38905,-0.23598
592,9.885310000000077,-0.36413342,-1.0,0.5668748,-1.0,-0.72637045,0.31714365,1.0,-1.0,-0.010574065,-1.0,1.0,-1.0,-0.2993399,-1.0,-1.0,-1.0,0.15319355,-1.0,-1.0,0.4802629,-0.2921145,-0.24899645,-1.0,-2.74743,-1.88397,2.74743,-1.88397,-2.74743,1.88397,5.6547,-0.513,0.6267548,-0.2466,1.5462,-0.513,0.3660859,-0.2466,-0.2943,-0.513,0.7745878,-0.2466,-0.2943,1.0820782,0.24073727,0.38904953,-0.23598
593,9.901980000000078,-0.36427027,-1.0,0.56671816,-1.0,-0.72662485,0.31733713,1.0,-1.0,-0.010396648,-1.0,1.0,-1.0,-0.29945654,-1.0,-1.0,-1.0,0.15345879,-1.0,-1.0,0.4804649,-0.2920836,-0.24899735,-1.0,-2.74743,-1.88397,2.74743,-1.88397,-2.74743,1.88397,5.6547,-0.513,0.6269149,-0.2466,1.5462,-0.513,0.3659806,-0.2466,-0.2943,-0.513,0.77482724,-0.2466,-0.2943,1.0821812,0.24075584,0.38904876,-0.23598
594,9.91865000000008,-0.36440456,-1.0,0.5665625,-1.0,-0.7268765,0.3175283,1.0,-1.0,-0.01022283,-1.0,1.0,-1.0,-0.2995715,-1.0,-1.0,-1.0,0.15371491,-1.0,-1.0,0.48066244,-0.29205388,-0.24899925,-1.0,-2.74743,-1.88397,2.74743,-1.88397,-2.74743,1.88397,5.6547,-0.513,0.62707186,-0.2466,1.5462,-0.513,0.3658768,-0.2466,-0.2943,-0.513,0.77505845,-0.2466,-0.2943,1.082282,0.2407737,0.38904712,-0.23598
595,9.93532000000008,-0.364538,-1.0,0.566407,-1.0,-0.72712785,0.3177169,1.0,-1.0,-0.010051589,-1.0,1.0,-1.0,-0.2996875,-1.0,-1.0,-1.0,0.15396664,-1.0,-1.0,0.48085633,-0.29202586,-0.24900301,-1.0,-2.74743,-1.88397,2.74743,-1.88397,-2.74743,1.88397,5.6547,-0.513,0.6272264,-0.2466,1.5462,-0.513,0.3657721,-0.2466,-0.2943,-0.513,0.77528566,-0.2466,-0.2943,1.0823809,0.24079053,0.38904387,-0.23598
596,9.951990000000082,-0.36466938,-1.0,0.5662527,-1.0,-0.7273741,0.31790173,1.0,-1.0,-0.0098852515,-1.0,1.0,-1.0,-0.29980308,-1.0,-1.0,-1.0,0.1542109,-1.0,-1.0,0.48104644,-0.29199854,-0.24900699,-1.0,-2.74743,-1.88397,2.74743,-1.88397,-2.74743,1.88397,5.6547,-0.513,0.62737656,-0.2466,1.5462,-0.513,0.36566776,-0.2466,-0.2943,-0.513,0.7755062,-0.2466,-0.2943,1.0824778,0.24080694,0.3890404,-0.23598
597,9.968660000000083,-0.36479747,-1.0,0.5660995,-1.0,-0.72762096,0.3180838,1.0,-1.0,-0.009723067,-1.0,1.0,-1.0,-0.29991937,-1.0,-1.0,-1.0,0.15444723,-1.0,-1.0,0.4812316,-0.29197183,-0.24901335,-1.0,-2.74743,-1.88397,2.74743,-1.88397,-2.74743,1.88397,5.6547,-0.513,0.627523,-0.2466,1.5462,-0.513,0.3655628,-0.2466,-0.2943,-0.513,0.7757195,-0.2466,-0.2943,1.0825722,0.24082299,0.38903493,-0.23598
598,9.985330000000085,-0.3649227,-1.0,0.56594825,-1.0,-0.72786355,0.3182613,1.0,-1.0,-0.00956523,-1.0,1.0,-1.0,-0.3000347,-1.0,-1.0,-1.0,0.15467753,-1.0,-1.0,0.4814114,-0.2919454,-0.24902095,-1.0,-2.74743,-1.88397,2.74743,-1.88397,-2.74743,1.88397,5.6547,-0.513,0.62766546,-0.2466,1.5462,-0.513,0.36545867,-0.2466,-0.2943,-0.513,0.7759274,-0.2466,-0.2943,1.0826639,0.24083887,0.38902834,-0.23598
599,10.002000000000086,-0.36504614,-1.0,0.565798,-1.0,-0.728104,0.31843603,1.0,-1.0,-0.009412166,-1.0,1.0,-1.0,-0.30015224,-1.0,-1.0,-1.0,0.15490057,-1.0,-1.0,0.48158732,-0.29192066,-0.24902964,-1.0,-2.74743,-1.88397,2.74743,-1.88397,-2.74743,1.88397,5.6547,-0.513,0.6278036,-0.2466,1.5462,-0.513,0.36535257,-0.2466,-0.2943,-0.513,0.77612877,-0.2466,-0.2943,1.0827537,0.24085373,0.38902083,-0.23598
