step,sim_time,action_0,action_1,action_2,action_3,action_4,action_5,action_6,action_7,action_8,action_9,action_10,action_11,action_12,action_13,action_14,action_15,action_16,action_17,action_18,action_19,action_20,action_21,action_22,target_0,target_1,target_2,target_3,target_4,target_5,target_6,target_7,target_8,target_9,target_10,target_11,target_12,target_13,target_14,target_15,target_16,target_17,target_18,target_19,target_20,target_21,target_22
0,0.018000000000000002,1.0,1.0,-1.0,1.0,-0.7424655,-1.0,-1.0,0.0020749606,-1.0,0.684847,-1.0,1.0,-1.0,-0.42312443,1.0,0.28840366,1.0,1.0,1.0,-1.0,1.0,0.18695512,-0.91596854,0.26057196,0.5215937,-0.038960826,1.4129689,-0.24726789,1.1440794,1.425624,0.0010644548,-0.2664,1.3326913,-0.2943,0.513,-0.2664,0.29413432,1.5462,0.14795108,1.539,1.6281,1.5462,0.327213,1.017,0.7662414,-0.15724677
1,0.034000000000000016,1.0,1.0,-1.0,1.0,0.024659004,-1.0,-1.0,0.0012695082,-1.0,0.99153936,-1.0,1.0,-1.0,-0.3454488,1.0,1.0,1.0,1.0,1.0,-1.0,1.0,-0.25383002,-1.0,0.42727193,0.6882937,-0.20566082,1.5796689,-0.24315724,0.97737944,1.258924,0.0006512577,-0.2664,1.6201694,-0.2943,0.513,-0.2664,0.36694357,1.5462,0.513,1.539,1.6281,1.5462,0.327213,1.017,0.38486746,-0.23598
2,0.05200000000000003,1.0,1.0,-0.9491576,1.0,0.8240753,-1.0,-0.35383552,-0.30237973,-1.0,1.0,-1.0,1.0,-1.0,-0.5905924,1.0,1.0,1.0,1.0,1.0,0.10229885,1.0,-1.0,-1.0,0.59397197,0.8549937,-0.3638854,1.7463689,-0.10578389,0.81067944,1.1999396,-0.1551208,-0.2664,1.6281,-0.2943,0.513,-0.2664,0.13715823,1.5462,0.513,1.539,1.6281,1.5462,0.88933414,1.017,-0.26073,-0.23598
3,0.06800000000000005,1.0,1.0,-0.8205681,1.0,1.0,-1.0,0.8795636,-0.5751735,-1.0,1.0,-1.0,1.0,-1.0,-0.83284616,1.0,1.0,0.56547934,1.0,1.0,0.5997726,1.0,-0.95288205,-1.0,0.760672,1.0216937,-0.50067407,1.88397,0.060916115,0.64397943,1.3465629,-0.295064,-0.2664,1.6281,-0.2943,0.513,-0.2664,-0.08991835,1.5462,0.513,1.1467582,1.6281,1.5462,1.1430227,1.017,-0.21996285,-0.23598
4,0.08400000000000006,0.8444671,1.0,-1.0,1.0,1.0,-1.0,0.90903074,-0.844581,-1.0,1.0,-1.0,1.0,-1.0,-1.0,1.0,1.0,0.7495615,1.0,1.0,0.6083156,1.0,-1.0,-1.0,0.9014446,1.1883937,-0.6673741,1.88397,0.22761612,0.47727945,1.4980984,-0.43327007,-0.2664,1.6281,-0.2943,0.513,-0.2664,-0.2466,1.5462,0.513,1.3129292,1.6281,1.5462,1.1473792,1.017,-0.26073,-0.23598
5,0.10200000000000008,0.41218543,1.0,-1.0,1.0,1.0,-1.0,-1.0,-0.92284304,-1.0,1.0,-1.0,1.0,-1.0,-0.7352631,1.0,1.0,0.8531609,1.0,1.0,0.14521459,1.0,-1.0,-1.0,0.9701559,1.3550937,-0.8340741,1.88397,0.3943161,0.31057945,1.3313984,-0.47341847,-0.2664,1.6281,-0.2943,0.513,-0.2664,0.0015511246,1.5462,0.513,1.4064484,1.6281,1.5462,0.9112192,1.017,-0.26073,-0.23598
6,0.11800000000000009,-0.051582597,1.0,-1.0,1.0,1.0,-1.0,-1.0,-1.0,-1.0,1.0,-1.0,1.0,-1.0,-0.6272795,1.0,1.0,0.70823926,1.0,1.0,0.077891454,1.0,-0.8883311,-1.0,0.9615571,1.5217937,-1.0007741,1.88397,0.56101614,0.14387946,1.1646984,-0.513,-0.2664,1.6281,-0.2943,0.513,-0.2664,0.10276954,1.5462,0.513,1.2756276,1.6281,1.5462,0.8768875,1.017,-0.1641124,-0.23598
7,0.1340000000000001,-1.0,1.0,-1.0,1.0,1.0,-1.0,-1.0,-1.0,-1.0,1.0,-1.0,1.0,-1.0,-0.33186886,1.0,0.3189652,0.93643653,1.0,1.0,-0.26179606,1.0,-0.6524083,-1.0,0.7948571,1.6884937,-1.1674742,1.88397,0.7277161,-0.022820547,0.9979983,-0.513,-0.2664,1.6281,-0.2943,0.513,-0.2664,0.37967274,1.5462,0.16362914,1.4816213,1.6281,1.5462,0.7036627,1.017,0.04001155,-0.23598
8,0.1520000000000001,-1.0,1.0,0.3787285,1.0,1.0,-1.0,-1.0,-1.0,-1.0,1.0,-1.0,0.88618785,-1.0,-0.31427473,1.0,-0.6431878,0.742784,1.0,1.0,-0.47917998,1.0,-0.49068168,-1.0,0.6281571,1.8551937,-1.1043401,1.88397,0.8944161,-0.18952055,0.8312983,-0.513,-0.2664,1.6281,-0.2943,0.45461437,-0.2664,0.3961646,1.5462,-0.32995534,1.3068111,1.6281,1.5462,0.592807,1.017,0.17993985,-0.23598
9,0.16800000000000012,-1.0,1.0,1.0,1.0,1.0,-1.0,-1.0,-1.0,-1.0,1.0,-1.0,0.77595735,-1.0,-0.35314307,1.0,-0.7466735,0.90070283,1.0,1.0,-0.59154314,1.0,-0.5311879,-1.0,0.4614571,1.88397,-0.9376401,1.88397,1.0611161,-0.35622054,0.66459835,-0.513,-0.2664,1.6281,-0.2943,0.39806613,-0.2664,0.35973135,1.5462,-0.38304353,1.4493644,1.6281,1.5462,0.535507,1.017,0.14489327,-0.23598
10,0.18400000000000014,-1.0,0.71568036,1.0,1.0,1.0,-0.6190302,-0.62513286,-1.0,-1.0,1.0,-1.0,0.6776811,-1.0,-0.4319417,1.0,-0.4441441,1.0,1.0,1.0,-0.55447704,1.0,-0.6195319,-1.0,0.2947571,1.88397,-0.77094007,1.88397,1.2278161,-0.45941287,0.5603887,-0.513,-0.2664,1.6281,-0.2943,0.3476504,-0.2664,0.28586945,1.5462,-0.22784592,1.539,1.6281,1.5462,0.55440897,1.017,0.06845668,-0.23598
11,0.20200000000000015,-1.0,0.13523853,1.0,1.0,1.0,0.4992919,0.893313,-1.0,-1.0,1.0,-1.0,0.5151819,-1.0,-0.5897251,1.0,-0.18596739,1.0,1.0,1.0,-0.7963064,1.0,-0.7788646,-1.0,0.1280571,1.88397,-0.60424006,1.88397,1.3945161,-0.37618092,0.709304,-0.513,-0.2664,1.6281,-0.2943,0.2642883,-0.2664,0.1379712,1.5462,-0.09540127,1.539,1.6281,1.5462,0.4310873,1.017,-0.069400355,-0.23598
12,0.21800000000000017,0.47828162,-0.096111484,1.0,1.0,-0.6509128,1.0,1.0,-0.65032524,-1.0,1.0,-1.0,0.67032075,-1.0,-0.28141898,1.0,-0.36804864,1.0,1.0,1.0,-1.0,1.0,-1.0,-1.0,0.20778665,1.8679482,-0.43754005,1.88397,1.286009,-0.20948093,0.8760039,-0.33361685,-0.2664,1.6281,-0.2943,0.34387454,-0.2664,0.42696193,1.5462,-0.18880895,1.539,1.6281,1.5462,0.327213,1.017,-0.26073,-0.23598
13,0.23400000000000018,1.0,-0.30027378,1.0,0.7584783,-1.0,0.22819987,0.9420343,-0.22348496,-1.0,1.0,-1.0,0.964465,-0.9171184,0.24463005,1.0,-0.4035314,1.0,1.0,1.0,-1.0,1.0,-1.0,-1.0,0.37448665,1.8178926,-0.27084005,1.88397,1.119309,-0.17144,1.0330411,-0.11464778,-0.2664,1.6281,-0.2943,0.49477056,-0.19158275,0.92005396,1.5462,-0.20701161,1.539,1.6281,1.5462,0.327213,1.017,-0.26073,-0.23598
14,0.25200000000000017,1.0,-0.6768027,1.0,-0.067645416,-1.0,-0.92667764,-0.37555936,-0.31361997,-1.0,1.0,-1.0,0.91674924,-0.38182265,0.5511647,1.0,-0.13733397,1.0,1.0,1.0,-1.0,1.0,-1.0,-1.0,0.54118663,1.7050695,-0.10414005,1.8726935,0.95260894,-0.32591715,0.9704353,-0.16088705,-0.2664,1.6281,-0.2943,0.47029236,0.2916287,1.2073842,1.5462,-0.07045233,1.539,1.6281,1.5462,0.327213,1.017,-0.26073,-0.23598
15,0.2680000000000002,1.0,-1.0,1.0,-1.0,-1.0,-1.0,1.0,0.09957282,-1.0,1.0,-1.0,0.49809608,0.2857796,0.63474625,1.0,0.019718058,1.0,1.0,1.0,-1.0,1.0,-1.0,-1.0,0.70788664,1.5383695,0.06255995,1.7059935,0.78590894,-0.49261716,1.1371353,0.051080856,-0.2664,1.6281,-0.2943,0.2555233,0.8942732,1.2857294,1.5462,0.010115364,1.539,1.6281,1.5462,0.327213,1.017,-0.26073,-0.23598
16,0.2840000000000002,1.0,-1.0,1.0,-1.0,-1.0,-1.0,1.0,0.1465468,-1.0,1.0,-1.0,0.20939016,0.6396418,0.7084958,1.0,-0.17895342,1.0,1.0,1.0,-1.0,1.0,-1.0,-1.0,0.87458664,1.3716695,0.22925995,1.5392935,0.61920893,-0.65931714,1.3038353,0.075178504,-0.2664,1.6281,-0.2943,0.10741715,1.2137047,1.3548585,1.5462,-0.0918031,1.539,1.6281,1.5462,0.327213,1.017,-0.26073,-0.23598
17,0.3020000000000002,1.0,-1.0,1.0,-1.0,-0.7939798,-0.9363466,1.0,0.28073192,-1.0,1.0,-1.0,-0.18146908,0.81725705,0.39290765,1.0,0.513381,1.0,1.0,1.0,-1.0,1.0,-0.7798533,-1.0,1.0412867,1.2049695,0.39595994,1.3725935,0.4868525,-0.81540614,1.4705353,0.14401548,-0.2664,1.6281,-0.2943,-0.09309364,1.374038,1.059042,1.5462,0.26336446,1.539,1.6281,1.5462,0.327213,1.017,-0.07025576,-0.23598
18,0.3180000000000002,1.0,-1.0,1.0,-1.0,0.55537915,0.032710515,1.0,0.31957948,-0.4193674,1.0,-1.0,-0.4961189,0.9669025,0.16115795,1.0,0.35740566,1.0,1.0,1.0,-0.86231893,1.0,-0.4860719,-1.0,1.2079866,1.0382695,0.5626599,1.2058935,0.5794342,-0.8099533,1.6372353,0.16394427,0.25773704,1.6281,-0.2943,-0.254509,1.5091228,0.8418114,1.5462,0.1833491,1.539,1.6281,1.5462,0.39742395,1.017,0.1839283,-0.23598
19,0.33400000000000024,1.0,-1.0,1.0,-1.0,0.9143717,0.53978497,1.0,0.4153601,-0.7080601,1.0,-1.0,-0.06341032,0.804138,0.057333715,1.0,-0.26910442,1.0,1.0,1.0,-1.0,1.0,-0.5591122,-0.7657587,1.3746866,0.8715696,0.7293599,1.0391935,0.73186,-0.7199711,1.8039353,0.21307972,-0.0028658395,1.6281,-0.2943,-0.032529496,1.3621954,0.74449176,1.5462,-0.13805057,1.539,1.6281,1.5462,0.327213,1.017,0.12073275,-0.016507724
20,0.35200000000000026,1.0,-1.0,1.0,-1.0,0.8230299,1.0,1.0,0.39753562,0.17499901,1.0,-1.0,0.7106257,-0.6461183,0.7515822,1.0,0.38668874,1.0,1.0,1.0,-0.28807214,1.0,0.07327366,-0.35826954,1.5413866,0.70486957,0.89605993,0.8724935,0.8690591,-0.5532711,1.9706353,0.20393577,0.7942716,1.6281,-0.2943,0.36455098,0.053049024,1.3952456,1.5462,0.19837132,1.539,1.6281,1.5462,0.6902631,1.017,0.66788244,0.36528903
21,0.36800000000000027,1.0,-1.0,1.0,-1.0,-1.0,0.68923765,1.0,0.19249591,0.8818256,1.0,-1.0,1.0,-0.8595919,1.0,1.0,1.0,1.0,0.8930293,1.0,0.84508085,1.0,0.62953705,-0.21125057,1.7080866,0.53816956,1.06276,0.7057935,0.7023591,-0.43837523,2.1373353,0.098750405,1.432324,1.6281,-0.2943,0.513,-0.13965361,1.6281,1.5462,0.513,1.539,1.527831,1.5462,1.2681184,1.017,1.1491699,0.5030384
22,0.3840000000000003,1.0,-1.0,1.0,-1.0,-1.0,0.20669228,-0.8344032,0.2030933,1.0,1.0,-1.0,1.0,0.23295763,1.0,1.0,1.0,1.0,1.0,1.0,0.061789762,1.0,0.3955459,-0.23254617,1.8747866,0.37146956,1.22946,0.5390935,0.5356591,-0.40391964,1.9982404,0.10418686,1.539,1.6281,-0.2943,0.513,0.8465909,1.6281,1.5462,0.513,1.539,1.6281,1.5462,0.8686764,1.017,0.94671726,0.48308548
23,0.4020000000000003,1.0,-1.0,1.0,-1.0,-1.0,-0.23709065,-0.29845852,-0.30686313,1.0,1.0,-1.0,0.738756,-1.0,1.0,1.0,0.85618335,1.0,1.0,1.0,-0.50126785,1.0,0.2921731,-0.36526406,2.0414867,0.20476957,1.39616,0.37239352,0.36895907,-0.44344264,1.9484873,-0.15742078,1.539,1.6281,-0.2943,0.37898183,-0.2664,1.6281,1.5462,0.43922207,1.539,1.6281,1.5462,0.5815432,1.017,0.8572775,0.35873553
24,0.4180000000000003,1.0,-1.0,1.0,-1.0,-1.0,-1.0,-1.0,-0.28234237,1.0,1.0,-1.0,0.4979089,-1.0,1.0,1.0,1.0,1.0,1.0,1.0,-0.075779974,1.0,0.40270194,-1.0,2.2081866,0.03806957,1.5628599,0.20569351,0.20225906,-0.61014265,1.7817873,-0.14484164,1.539,1.6281,-0.2943,0.25542727,-0.2664,1.6281,1.5462,0.513,1.539,1.6281,1.5462,0.79852223,1.017,0.95290875,-0.23598
25,0.43400000000000033,0.8291055,-1.0,-1.0,-1.0,-1.0,-1.0,0.4678757,-0.09378639,1.0,1.0,-1.0,-0.114548646,-0.035770897,0.7902472,1.0,1.0,1.0,1.0,-0.00030232966,-0.7130827,1.0,0.564743,-1.0,2.3463986,-0.12863043,1.39616,0.038993508,0.035559062,-0.77684265,1.8597821,-0.04811242,1.539,1.6281,-0.2943,-0.058763456,0.6040096,1.4314882,1.5462,0.513,1.539,1.6281,0.6256718,0.4735275,1.017,1.0931091,-0.23598
26,0.45200000000000035,0.5102566,-1.0,-1.0,0.51253474,1.0,-1.0,0.3466804,0.5322263,0.09474866,1.0,-1.0,0.43813413,-0.34725094,1.0,1.0,0.5612019,0.8226432,1.0,-1.0,0.087574996,1.0,1.0,-0.18815939,2.4314582,-0.29533044,1.22946,0.12443305,0.20225906,-0.94354266,1.9175738,0.2730321,0.7218296,1.6281,-0.2943,0.22476281,0.32283658,1.6281,1.5462,0.28789657,1.3789,1.6281,-0.2943,0.8818257,1.017,1.4697,0.52467364
27,0.46800000000000036,0.026212372,-1.0,-1.0,1.0,1.0,-1.0,-0.13099335,0.7986293,0.1838227,1.0,-1.0,1.0,-0.72258425,1.0,1.0,0.50763214,1.0,1.0,-1.0,0.091266036,1.0,1.0,0.20251484,2.435828,-0.46203044,1.06276,0.29113305,0.36895907,-1.1102426,1.8957372,0.40969682,0.80223674,1.6281,-0.2943,0.513,-0.0159768,1.6281,1.5462,0.2604153,1.539,1.6281,-0.2943,0.88370794,1.017,1.4697,0.89071566
28,0.4840000000000004,-0.77658755,-0.45142463,-1.0,1.0,1.0,-1.0,-0.3760224,0.9753829,0.30931988,1.0,-1.0,1.0,-1.0,1.0,1.0,0.4047869,1.0,1.0,-0.418641,0.18239187,1.0,1.0,0.15074153,2.3063707,-0.53728294,0.89605993,0.45783305,0.5356591,-1.2769426,1.8330542,0.50037146,0.91552305,1.6281,-0.2943,0.513,-0.2664,1.6281,1.5462,0.20765568,1.539,1.6281,0.24069563,0.93017787,1.017,1.4697,0.8422067
29,0.5020000000000003,-0.2795726,0.8225854,-1.0,1.0,1.0,-1.0,0.06864644,1.0,0.53538007,1.0,-1.0,1.0,-1.0,1.0,1.0,0.4007406,1.0,1.0,0.064351946,0.10367307,1.0,1.0,-0.060647923,2.259766,-0.40015793,0.7293599,0.62453306,0.7023591,-1.4436426,1.8444976,0.513,1.1195875,1.6281,-0.2943,0.513,-0.2664,1.6281,1.5462,0.20557992,1.539,1.6281,0.6851699,0.890035,1.017,1.4697,0.6441454
30,0.5180000000000003,-0.13591371,0.50129974,-1.0,1.0,1.0,-1.0,0.58013564,0.8253435,1.0,1.0,-1.0,1.0,-1.0,1.0,1.0,0.28647318,1.0,1.0,0.6138399,-0.06645954,1.0,0.24287538,-0.21599245,2.2371092,-0.31659126,0.5626599,0.79123306,0.8690591,-1.6103426,1.9412062,0.4234012,1.539,1.6281,-0.2943,0.513,-0.2664,1.6281,1.5462,0.14696075,1.539,1.6281,1.1908362,0.8032752,1.017,0.8146244,0.49859548
31,0.5340000000000004,0.0638008,-0.096839316,-0.48954356,1.0,1.0,-1.0,0.3032193,0.5274211,1.0,0.9367092,-0.77819675,1.0,-1.0,1.0,1.0,0.17925411,1.0,1.0,0.7440905,-0.12502892,0.8786259,-0.22594632,-0.105402514,2.2477448,-0.33273438,0.48105302,0.95793307,1.0357591,-1.7770426,1.9917529,0.27056703,1.539,1.5687743,-0.09018556,0.513,-0.2664,1.6281,1.5462,0.09195736,1.539,1.6281,1.3106992,0.7734076,0.9440822,0.40899286,0.60221267
32,0.5520000000000004,-0.54794514,-0.34951878,-0.013806317,1.0,1.0,-1.0,1.0,0.19235581,0.7449862,0.53044623,-0.04986681,1.0,-1.0,0.45803466,0.9811039,-0.04142044,1.0,1.0,-0.54617023,0.44718823,1.0,0.546221,-0.3160923,2.1564023,-0.39099917,0.4787515,1.1246331,1.2024591,-1.88397,2.158453,0.09867853,1.308799,1.1879637,0.58006006,0.513,-0.2664,1.1200888,1.5288109,-0.021248687,1.539,1.6281,0.123336844,1.0652117,1.017,1.0770836,0.40480697
33,0.5680000000000004,-0.577837,0.09597207,-0.45896786,1.0,0.902999,-1.0,1.0,0.035144888,0.52681917,0.6310595,-0.14610648,0.72777224,-0.66017085,0.41017163,0.9246525,-0.31406283,1.0,1.0,-0.8847161,0.9937148,1.0,0.9905342,-0.7264799,2.060077,-0.37500063,0.4022416,1.2913331,1.352989,-1.88397,2.3251529,0.018029327,1.1118597,1.2822737,0.49149552,0.37334716,0.04036377,1.0752244,1.4768615,-0.16111423,1.539,1.6281,-0.18820998,1.3439149,1.017,1.4615101,0.020294532
34,0.5840000000000004,-0.2986582,0.29747114,-0.37620503,0.4628263,0.21248326,0.0052219406,0.5238257,-0.2871124,0.5424635,0.72521883,-0.1635848,0.33636343,0.0143228425,0.20755069,0.5844804,-0.36789373,1.0,0.94621086,-0.748117,1.0,1.0,0.91531247,-1.0,2.0102906,-0.32541218,0.3395282,1.3684862,1.38841,-1.8830996,2.4124746,-0.14728867,1.1259818,1.3705338,0.4754111,0.17255445,0.6492292,0.88529766,1.1638181,-0.18872948,1.539,1.5776807,-0.062504694,1.34712,1.017,1.396427,-0.23598
35,0.6020000000000004,-0.2828915,1.0,-0.42510244,0.08126354,-0.19291332,1.0,-0.30391783,-0.34064257,0.67215395,0.81236005,-0.074177675,0.1181746,-0.19629574,-0.1406841,0.3374892,-0.28781655,1.0,0.6205448,-0.39797968,0.5124171,1.0,0.41787696,-1.0,1.9631326,-0.15871218,0.26866361,1.3820329,1.3562514,-1.7163996,2.3618114,-0.17474964,1.2430533,1.4522157,0.557688,0.060623568,0.45910382,0.55887973,0.93652445,-0.1476499,1.539,1.2724177,0.2597092,1.0984753,1.017,0.9660384,-0.23598
36,0.6180000000000004,0.19634846,0.4738591,0.034691505,-0.22590846,-0.35589552,1.0,-0.77944213,-0.5798655,0.22929205,0.67329323,0.036232628,-0.12924227,-0.038574196,-0.7716441,-0.1028023,-0.4411661,1.0,-0.058683805,-0.2501096,0.032500513,0.9782561,-0.046388485,-1.0,1.9958639,-0.079719864,0.2744467,1.344374,1.2969235,-1.5496995,2.2318785,-0.29747102,0.8432819,1.3218614,0.65929306,-0.066301286,0.60147905,-0.03255061,0.5313462,-0.22631821,1.539,0.6357427,0.39578664,0.8537403,1.0039369,0.564349,-0.23598
37,0.6340000000000005,0.50135726,0.083636664,0.6458465,-0.13858901,-0.26273382,0.8092275,-0.123770766,-0.6402428,-0.11980991,0.46903452,0.15027407,-0.11233977,-0.13871089,-0.92280763,-0.27019188,-0.76996416,1.0,-0.17129138,-0.16196996,-0.059777535,0.8546621,-0.22009316,-1.0,2.07944,-0.06577763,0.3821093,1.3212711,1.2531258,-1.4148012,2.211246,-0.32844457,0.5281476,1.1303995,0.7642397,-0.057630304,0.5110857,-0.17424373,0.37730592,-0.3949916,1.539,0.53019005,0.47689715,0.80668277,0.9296855,0.4140571,-0.23598
38,0.6520000000000005,0.8771198,-0.37317497,1.0,-0.15667301,-0.32275754,0.057173125,0.41494042,-0.771193,-0.20539947,0.30592713,0.3236207,-0.21412575,-0.12992938,-1.0,-0.46015096,-1.0,1.0,-0.30241925,-0.17062598,-0.12766013,0.68927085,-0.25255275,-1.0,2.225656,-0.1279859,0.5488093,1.2951537,1.1993221,-1.4052705,2.2804165,-0.39562201,0.4508859,0.9775108,0.92376196,-0.10984651,0.51901275,-0.2466,0.20249608,-0.513,1.539,0.40727732,0.46893144,0.77206576,0.83032346,0.3859726,-0.23598
39,0.6680000000000005,0.8472715,-0.48931023,1.0,-0.23442543,-0.3498033,-0.052181132,0.5510661,-0.89093226,-0.25801584,0.2646755,0.43267107,-0.3031277,-0.24374706,-1.0,-0.5555495,-0.9955974,1.0,-0.41064793,-0.16166252,-0.17085639,0.57748544,-0.27541974,-1.0,2.3668962,-0.20955391,0.7155093,1.256075,1.1410099,-1.4139692,2.3722792,-0.45704824,0.4033891,0.93884355,1.0241156,-0.15550451,0.41626954,-0.2466,0.11470557,-0.5107415,1.539,0.30582917,0.47718006,0.75003767,0.76316625,0.36618772,-0.23598
40,0.6840000000000005,0.8465215,-0.59283644,1.0,-0.33337277,-0.4817202,0.010808757,0.66851395,-0.98961097,-0.24246745,0.16298977,0.5813957,-0.41646796,-0.2675849,-1.0,-0.7076481,-0.98306066,1.0,-0.55016905,-0.2667805,-0.20530578,0.4885012,-0.2976321,-1.0,2.5080113,-0.30837974,0.8822093,1.2005018,1.0607071,-1.4121673,2.4837205,-0.5076704,0.41742465,0.84352845,1.1609794,-0.21364807,0.39475113,-0.2466,-0.025263162,-0.50431013,1.539,0.17504904,0.38044524,0.7324701,0.7097072,0.34696925,-0.23598
41,0.7020000000000005,0.8972462,-0.65859973,1.0,-0.44537705,-0.5810315,0.1313917,0.7900786,-1.0,-0.18967028,0.07333765,0.69795364,-0.5118949,-0.29717427,-1.0,-0.81034833,-0.9611719,0.90748054,-0.64454734,-0.34298497,-0.2504386,0.4273846,-0.3127209,-1.0,2.6575823,-0.41816834,1.0489093,1.1262574,0.9638492,-1.3902643,2.6154265,-0.513,0.46508464,0.75949305,1.2682419,-0.26260206,0.36804077,-0.2466,-0.11977305,-0.4930812,1.4554827,0.08658355,0.31031808,0.7094545,0.67299026,0.3339142,-0.23598
42,0.7180000000000005,1.0,-0.66124827,1.0,-0.50052303,-0.80915123,0.2654856,0.88817126,-1.0,-0.1850593,0.016590953,0.742058,-0.5738911,-0.43809193,-1.0,-0.83501345,-0.89002115,0.6686065,-0.6475533,-0.3146446,-0.36653057,0.4580882,-0.34247273,-1.0,2.74743,-0.5283984,1.2156093,1.0428202,0.8289637,-1.3460078,2.7634847,-0.513,0.46924698,0.7063015,1.3088288,-0.29440615,0.24083441,-0.2466,-0.14247112,-0.45658085,1.2398511,0.083765894,0.3363983,0.65025294,0.691436,0.30817246,-0.23598
43,0.7340000000000005,0.9862521,-0.31016484,0.8763166,-0.3280837,-0.8119689,0.22070664,0.9011765,-0.85651445,-0.27382496,0.19034827,0.4147046,-0.31216556,-0.5650167,-1.0,-0.50603586,-0.8241363,0.9134168,-0.26239687,-0.08304945,-0.35423374,0.7598235,-0.29162744,-1.0,2.74743,-0.58010286,1.3616912,0.98812866,0.69360846,-1.309216,2.9137108,-0.4393919,0.3891182,0.86917293,1.007582,-0.16014093,0.12625943,-0.2466,0.1602705,-0.42278194,1.4608413,0.4447923,0.5495238,0.65652376,0.87270933,0.35216457,-0.23598
44,0.7520000000000006,1.0,-0.41114166,0.80969906,-0.3719555,-1.0,0.2900359,0.84963137,-0.8832745,-0.2517507,0.22989455,0.4105441,-0.4042449,-0.5506343,-1.0,-0.6171368,-0.7188695,0.56779355,-0.36973906,-0.06278759,-0.53274405,0.7446773,-0.33320484,-1.0,2.74743,-0.6486402,1.4966681,0.9261237,0.52690846,-1.260867,3.0553443,-0.4531198,0.40904462,0.90624166,1.0037532,-0.20737763,0.1392424,-0.2466,0.058029883,-0.36878005,1.1488472,0.3441751,0.5681697,0.5654918,0.86360997,0.31619117,-0.23598
45,0.7680000000000006,1.0,-0.16529322,0.7402317,-0.26810795,-1.0,0.2662829,0.6512993,-0.7292485,-0.29338294,0.5066513,0.08229507,-0.33189207,-0.49513316,-1.0,-0.47547594,-0.65474445,0.475813,-0.23015626,0.16190265,-0.7576298,0.8652445,-0.30934414,-1.0,2.74743,-0.6761946,1.6200647,0.8814301,0.36020845,-1.2164778,3.163916,-0.3741045,0.3714632,1.1656595,0.70168203,-0.17026064,0.18934329,-0.2466,0.18839327,-0.33588392,1.0658164,0.47501302,0.7749409,0.45081052,0.936043,0.3368358,-0.23598
46,0.7840000000000006,1.0,-0.06633032,0.92918694,-0.32824725,-1.0,0.40677512,0.6442149,-0.7035046,-0.111612454,0.632079,-0.04734911,-0.3747781,-0.24137397,-1.0,-0.50811327,-0.66780204,0.60335225,-0.1696355,0.15299779,-0.6939198,0.95349866,-0.21716782,-1.0,2.74743,-0.68725187,1.7749602,0.82671124,0.19350846,-1.1486683,3.2713065,-0.36089787,0.53554744,1.2832292,0.58237696,-0.19226116,0.4184117,-0.2466,0.15835877,-0.34258243,1.1809461,0.53174216,0.7667462,0.48329967,0.98906344,0.41658813,-0.23598
47,0.8020000000000006,1.0,0.011500947,1.0,-0.3618039,-1.0,0.34265727,0.60256714,-0.678736,-0.045216225,0.76867807,-0.14638144,-0.34683412,0.048108473,-1.0,-0.5505972,-0.7392418,0.79624516,-0.11811683,0.240557,-0.659992,0.9868815,-0.20431396,-1.0,2.74743,-0.6853346,1.9416602,0.76639855,0.026808457,-1.0915474,3.3717546,-0.34819156,0.5954833,1.4112704,0.49124247,-0.1779259,0.6797275,-0.2466,0.119262934,-0.37923104,1.3550705,0.5800332,0.8473226,0.5006013,1.0091188,0.4277095,-0.23598
48,0.8180000000000006,1.0,-0.048348255,1.0,-0.37509048,-1.0,0.043128103,0.52620095,-0.69337827,-0.17200401,0.8820081,-0.13266687,-0.27271286,-0.06943639,-1.0,-0.57353914,-0.6220414,0.8000184,-0.18987863,0.31755692,-0.5752149,0.9319054,-0.24940605,-1.0,2.74743,-0.6933943,2.1083603,0.70387095,-0.13989155,-1.0843579,3.4594722,-0.35570306,0.48103198,1.5175003,0.50386333,-0.1399017,0.5736198,-0.2466,0.09815061,-0.31910723,1.3584766,0.51276726,0.9181818,0.5438336,0.97609085,0.38869515,-0.23598
49,0.8340000000000006,1.0,-0.3454756,1.0,-0.41979963,-1.0,0.11730067,0.65347403,-0.84700215,-0.10237609,0.59976417,0.21339166,-0.34468886,-0.08604845,-1.0,-0.77280325,-0.64642996,0.8756523,-0.39913902,0.040166944,-0.3827719,0.84055233,-0.29500753,-1.0,2.74743,-0.7509851,2.2750602,0.6338904,-0.30659154,-1.0648038,3.5684063,-0.4345121,0.5438851,1.252939,0.8223237,-0.17682539,0.5586241,-0.2466,-0.085222185,-0.33161858,1.4267514,0.31661704,0.6629136,0.64197063,0.92120874,0.34924006,-0.23598
50,0.8520000000000006,1.0,-0.16221404,1.0,-0.33828676,-1.0,-0.06782867,0.7464408,-0.75460255,-0.32006586,0.6149261,0.17363003,-0.13614869,-0.29815698,-1.0,-0.696686,-0.6640232,0.8700145,-0.31910342,0.18660927,-0.47975737,0.89747834,-0.434643,-1.0,2.74743,-0.77802616,2.4417603,0.57749796,-0.47329155,-1.0761108,3.6928382,-0.3871111,0.34737656,1.267151,0.78573304,-0.069844276,0.3671537,-0.2466,-0.015175318,-0.3406439,1.4216621,0.3916384,0.79767716,0.59251255,0.95540816,0.22842535,-0.23598
51,0.8680000000000007,1.0,-0.13445306,1.0,-0.27529317,-1.0,-0.26907557,0.39906782,-0.76693285,-0.46682706,0.6976418,0.11382104,-0.05796521,-0.39586562,-1.0,-0.7284686,-0.51421696,0.65727824,-0.40818018,0.37114748,-0.75110555,0.90113133,-0.5987663,-1.0,2.74743,-0.8004395,2.6084602,0.5316066,-0.6399915,-1.1209658,3.7593627,-0.39343655,0.2148952,1.3446845,0.7306938,-0.029736154,0.2789521,-0.2466,-0.044423226,-0.2637933,1.2296251,0.3081423,0.9674985,0.4541376,0.95760274,0.08642339,-0.23598
52,0.8840000000000007,1.0,-0.19270298,0.89081335,-0.2635182,-1.0,-0.21632549,0.4074912,-0.82710433,-0.55791944,0.6502889,0.14199772,-0.08675317,-0.7300172,-1.0,-0.6887856,-0.22221142,0.34736753,-0.38822433,0.47649848,-0.91699284,0.97930294,-0.655906,-1.0,2.74743,-0.83256304,2.74743,0.4876781,-0.8066915,-1.1570272,3.8272915,-0.42430452,0.13266613,1.3002983,0.7566234,-0.044504374,-0.022686513,-0.2466,-0.00790496,-0.11399446,0.9498687,0.3268479,1.0644478,0.36954278,1.0045658,0.03698527,-0.23598
53,0.9020000000000007,1.0,-0.32913792,0.9124089,-0.2557372,-1.0,-0.030700197,0.84160274,-0.85819733,-0.58797663,0.42634726,0.3304762,-0.051454984,-0.8950636,-1.0,-0.6958883,-0.03382196,0.4576877,-0.35087872,0.27995756,-0.722373,1.0,-0.6435388,-1.0,2.74743,-0.88743037,2.74743,0.44504672,-0.97339153,-1.162145,3.9675868,-0.44025522,0.105533496,1.0903866,0.9300707,-0.026396407,-0.1716739,-0.2466,-0.01444119,-0.017350664,1.0494547,0.36185384,0.8835809,0.46878985,1.017,0.0476856,-0.23598
54,0.9180000000000007,1.0,-0.27830857,0.90755063,-0.28856367,-1.0,-0.3141939,0.88868445,-0.76252836,-0.6121353,0.53940964,0.26929933,0.07099506,-0.87560153,-1.0,-0.64957106,0.055572417,0.620919,-0.29940346,0.31166777,-0.73504955,1.0,-0.66037494,-1.0,2.74743,-0.9338244,2.74743,0.39694315,-1.1400915,-1.214521,4.1157303,-0.39117706,0.083725475,1.1963656,0.8737727,0.03642047,-0.1541055,-0.2466,0.02818223,0.02850865,1.1968036,0.41010416,0.9127623,0.46232542,1.017,0.033118695,-0.23598
55,0.9340000000000007,1.0,-0.20129931,0.8931083,-0.27024877,-1.0,-0.39941642,0.91565627,-0.6595157,-0.62894493,0.59466225,0.1895855,0.17678142,-0.8999995,-1.0,-0.5043323,0.07346845,0.85133964,-0.16670741,0.37494478,-0.68700856,1.0,-0.65680826,-1.0,2.74743,-0.967381,2.74743,0.35189268,-1.3067915,-1.2811038,4.26837,-0.33833155,0.068551406,1.2481567,0.80041605,0.09068887,-0.17612955,-0.2466,0.1618382,0.037689313,1.4048043,0.53448683,0.9709929,0.4868241,1.017,0.036204644,-0.23598
56,0.9520000000000007,1.0,-0.19154054,1.0,-0.3191687,-1.0,-0.25722235,1.0,-0.61142313,-0.45098275,0.31464696,0.26034027,0.16554648,-0.7414222,-0.9777496,-0.48783854,0.021415763,1.0,-0.054198734,0.10291977,-0.22275907,1.0,-0.5249946,-1.0,2.74743,-0.9993108,2.74743,0.29868728,-1.4734915,-1.3239827,4.43507,-0.31366006,0.22919787,0.98568434,0.86552817,0.084925346,-0.032981798,-0.22574358,0.17701659,0.010986286,1.539,0.6399468,0.72066194,0.72356975,1.017,0.15025179,-0.23598
57,0.9680000000000007,0.91461277,-0.3522053,1.0,-0.4190942,-1.0,0.033591434,1.0,-0.74163383,-0.31039444,-0.15807709,0.40736386,0.004563011,-0.69973403,-1.0,-0.55550355,0.32431263,1.0,-0.047613256,-0.25234035,0.334928,1.0,-0.39435375,-1.0,2.74743,-1.0580235,2.74743,0.22882426,-1.6401916,-1.3183831,4.6017704,-0.38045815,0.35610694,0.54257643,1.0008266,0.0023408248,0.004650089,-0.2466,0.11474786,0.16637237,1.539,0.6461197,0.3937338,1.0079643,1.017,0.26328424,-0.23598
58,0.9840000000000008,0.736637,-0.21457511,0.87799424,-0.41402805,-1.0,0.11507063,1.0,-0.70497924,-0.21146615,-0.26207677,0.22016913,-0.008581556,-0.59871763,-0.93484294,-0.42879656,0.4456618,1.0,0.10651671,-0.32825634,0.66818094,1.0,-0.16065052,-1.0,2.74743,-1.0937932,2.74743,0.15980579,-1.8068916,-1.2992008,4.7684703,-0.36165434,0.4454095,0.44509235,0.82856065,-0.0044023385,0.09583759,-0.18552503,0.23134996,0.22862451,1.539,0.79059345,0.3238721,1.1779077,1.017,0.46548775,-0.23598
59,1.0020000000000007,0.0339903,0.3520554,0.55991274,-0.37628222,-0.27988812,0.46017542,0.9252657,-0.63605034,-0.1598349,-0.07315712,-0.20198053,0.16325659,-0.6190572,-0.39938843,0.10043948,0.44308797,1.0,0.6272505,-0.2424991,1.0,1.0,0.33330905,-1.0,2.74743,-1.0351055,2.74743,0.09707954,-1.8535489,-1.2224896,4.922712,-0.32629383,0.49201703,0.6221762,0.44007742,0.08375063,0.07747708,0.31638324,0.71837944,0.22730413,1.539,1.2787032,0.40279022,1.34712,1.017,0.892869,-0.23598
60,1.0180000000000007,-1.0,0.8114911,-0.31488767,-0.19192773,0.70868856,1.0,1.0,-0.5952489,0.1371582,-0.03736112,-0.36764547,0.3671385,-0.75414145,0.07702478,0.778828,0.41905695,1.0,1.0,-0.047897045,1.0,1.0,0.6826163,-1.0,2.58073,-0.8998299,2.6949382,0.06508519,-1.7354105,-1.0557896,5.089412,-0.30536267,0.7601127,0.65572953,0.28762424,0.18834205,-0.044463485,0.76294917,1.3426665,0.21497622,1.539,1.6281,0.58187276,1.34712,1.017,1.1950948,-0.23598
61,1.0340000000000007,-1.0,0.63669074,-0.57631475,0.007166989,1.0,0.99310243,0.759757,-0.7605266,0.275025,-0.36329705,-0.29741862,0.32106042,-0.70656765,0.03278768,0.7279051,0.47694302,1.0,1.0,-0.099407926,1.0,1.0,0.533889,-1.0,2.41403,-0.79369354,2.5988665,0.066279925,-1.5687106,-0.89023936,5.2160635,-0.39015013,0.88456506,0.35021353,0.35225052,0.164704,-0.0015186132,0.7214835,1.2958046,0.24467176,1.539,1.6281,0.53446984,1.34712,1.017,1.0664138,-0.23598
62,1.0520000000000007,-1.0,0.29852778,-0.058537155,-0.15849984,0.7681734,0.82757145,1.0,-0.8147919,0.17691316,-0.43290433,-0.0127466135,0.24361506,-0.4765526,-0.08494572,0.4233715,0.0047951117,1.0,0.99573016,-0.3539615,1.0,1.0,0.445273,-1.0,2.24733,-0.74392897,2.5891085,0.039858002,-1.440656,-0.7522832,5.3827634,-0.41798824,0.7959995,0.28496712,0.6142199,0.12497453,0.20611596,0.6111261,1.0155576,0.0024598923,1.539,1.6240977,0.30021694,1.34712,1.017,0.98974186,-0.23598
63,1.0680000000000007,-1.0,-0.0895117,-0.11884011,-0.30158275,0.4557791,0.43865302,1.0,-0.79241914,-0.06349185,-0.44224373,0.24253383,0.18752858,-0.32826865,-0.14817806,0.37501687,-0.28460875,1.0,0.82952416,-0.35476562,1.0,1.0,0.26096296,-1.0,2.08063,-0.7588506,2.5692978,-0.010415842,-1.3646777,-0.67915976,5.5494637,-0.406511,0.5789859,0.27621284,0.8491418,0.096202165,0.3399719,0.5518553,0.97105926,-0.14600429,1.539,1.4683045,0.29947692,1.34712,1.017,0.83027405,-0.23598
64,1.0840000000000007,-0.27393907,-0.119966246,0.41215974,-0.35339063,-0.15028277,0.5022776,1.0,-0.55456585,0.10498674,-0.82451504,0.46507442,0.12774296,0.09118318,-0.6247586,-0.16579051,-0.3121728,1.0,0.47146142,-0.86276627,1.0,1.0,0.047642563,-1.0,2.0349643,-0.77884895,2.6380048,-0.06932606,-1.3897297,-0.5954301,5.6547,-0.28449228,0.73107153,-0.082109176,1.0539347,0.06553214,0.71861106,0.10513253,0.47338128,-0.16014464,1.539,1.1326743,-0.16801065,1.34712,1.017,0.64570606,-0.23598
65,1.1020000000000008,-0.17470822,-0.22674575,0.8085267,-0.4523493,-0.37899163,0.6424492,1.0,-0.7064666,0.023209665,-1.0,0.6931726,-0.22505516,0.061525747,-1.0,-0.6407342,-0.24339503,1.0,0.12245985,-1.0,1.0,1.0,-0.030378833,-1.0,2.0058405,-0.81664747,2.74743,-0.14473268,-1.4529077,-0.48833382,5.6547,-0.36241737,0.65725136,-0.2466,1.2638421,-0.115453295,0.6918393,-0.2466,0.036314357,-0.12486165,1.539,0.80553776,-0.2943,1.34712,1.017,0.57820076,-0.23598
66,1.1180000000000008,-0.012194805,-0.21398222,0.86110526,-0.5720414,-0.5726231,0.6371134,1.0,-0.719023,0.10736661,-0.96170545,0.6758904,-0.30814525,0.01328932,-0.9269313,-0.71552134,-0.3948309,1.0,0.067749165,-1.0,1.0,1.0,0.06655215,-1.0,2.0038075,-0.8523183,2.74743,-0.240092,-1.5483639,-0.38212702,5.6547,-0.36885878,0.73321986,-0.2107046,1.2479382,-0.15807852,0.6482963,-0.17810908,-0.032508507,-0.20254827,1.539,0.7542547,-0.2943,1.34712,1.017,0.66206694,-0.23598
67,1.1340000000000008,0.11149692,-0.15130883,0.8449703,-0.6114275,-0.6749089,0.6839464,1.0,-0.63704455,0.2434075,-0.7930962,0.6160267,-0.1943869,0.03433864,-0.7967797,-0.5521674,-0.46922025,1.0,0.21638054,-1.0,1.0,1.0,0.17331009,-1.0,2.0223942,-0.8775415,2.74743,-0.34201697,-1.6608713,-0.26811314,5.6547,-0.32680386,0.85602397,-0.052658707,1.1928486,-0.09972048,0.6672975,-0.056111444,0.11781794,-0.24070999,1.539,0.8935743,-0.2943,1.34712,1.017,0.7544355,-0.23598
68,1.1520000000000008,0.303635,-0.15804416,0.92991626,-0.5650399,-0.7241274,0.7625481,1.0,-0.61302274,0.37922713,-0.6607805,0.6056188,-0.027552761,-0.011314909,-0.76793534,-0.41249448,-0.41799563,1.0,0.27913037,-1.0,1.0,1.0,0.20963083,-1.0,2.0730102,-0.90388745,2.74743,-0.4362091,-1.7815833,-0.14099638,5.6547,-0.31448066,0.97862834,0.071367405,1.1832707,-0.014134566,0.62608606,-0.029074186,0.24635196,-0.21443176,1.539,0.9523929,-0.2943,1.34712,1.017,0.7858607,-0.23598
69,1.1680000000000008,0.49630362,-0.1584363,0.99079555,-0.5055298,-0.7300437,0.7574059,1.0,-0.59137326,0.35049826,-0.4479297,0.60553604,0.12114978,-0.13373898,-0.7529007,-0.23433,-0.55011123,1.0,0.32052732,-1.0,1.0,1.0,0.23767327,-1.0,2.1557438,-0.9302988,2.74743,-0.52048093,-1.9032816,-0.014736819,5.6547,-0.3033745,0.9526948,0.27088308,1.1831945,0.062149838,0.5155738,-0.01498149,0.41030782,-0.28220707,1.539,0.9911963,-0.2943,1.34712,1.017,0.8101235,-0.23598
70,1.1840000000000008,0.49175626,-0.17277417,1.0,-0.24683678,-0.59013057,0.5503804,1.0,-0.5590809,0.082691774,-0.41615883,0.5122782,0.1931304,-0.16982584,-0.74910986,-0.23466697,-0.5706708,1.0,0.24476662,-0.7856597,1.0,1.0,0.059981506,-1.0,2.2377198,-0.95910025,2.74743,-0.56162864,-2.0016563,0.07701159,5.6547,-0.2868085,0.71094584,0.30066353,1.097374,0.0990759,0.48299822,-0.011428131,0.40999773,-0.2927541,1.539,0.920182,-0.09705331,1.34712,1.017,0.6563819,-0.23598
71,1.2020000000000008,0.4671749,-0.2585386,0.910322,-0.1382337,-0.57261384,0.42458504,1.0,-0.553927,-0.13717952,-0.49800926,0.5312092,0.18426624,-0.18691513,-0.85633653,-0.3285738,-0.5301014,1.0,0.08973062,-0.7328803,0.934224,1.0,-0.09031476,-1.0,2.3155978,-1.0021986,2.74743,-0.58467215,-2.097111,0.14778993,5.6547,-0.28416455,0.51246804,0.22394101,1.1147952,0.09452858,0.4675717,-0.11193705,0.32357997,-0.27194202,1.539,0.774859,-0.048483092,1.3135773,1.017,0.5263433,-0.23598
72,1.2180000000000009,0.43451887,-0.39216694,0.79426944,-0.24447429,-0.69261014,0.5252462,1.0,-0.6404666,-0.14414762,-0.596697,0.6900538,0.057882585,-0.17219183,-1.0,-0.51120585,-0.5742629,1.0,-0.097456284,-0.87174815,0.86981547,1.0,-0.14155133,-1.0,2.388032,-1.0675728,2.74743,-0.62542605,-2.2125692,0.23534846,5.6547,-0.32855934,0.50617796,0.1314361,1.260972,0.029693766,0.48086244,-0.2466,0.15551281,-0.29459688,1.539,0.5993993,-0.17627624,1.2807319,1.017,0.48201266,-0.23598
73,1.2340000000000009,0.46536922,-0.48636928,0.6993366,-0.42632073,-0.8102547,0.62708884,1.0,-0.77150285,-0.075274125,-0.59271514,0.80589163,-0.105220236,-0.1809661,-1.0,-0.69856066,-0.6267684,1.0,-0.25791028,-0.99663806,0.7385042,1.0,-0.1381172,-1.0,2.465609,-1.1486506,2.74743,-0.6964937,-2.3476386,0.33988416,5.6547,-0.39578095,0.5683501,0.13516846,1.3675718,-0.05397798,0.4729419,-0.2466,-0.016900443,-0.3215322,1.539,0.4489978,-0.29120618,1.2137693,1.017,0.48498392,-0.23598
74,1.252000000000001,0.5523571,-0.55701876,0.6620666,-0.61375684,-0.88411504,0.7014331,1.0,-0.9061779,-0.025134407,-0.5444483,0.8706794,-0.2744491,-0.28172272,-1.0,-0.8127906,-0.64158386,1.0,-0.35958216,-1.0,0.5664295,0.9213667,-0.1126917,-1.0,2.557687,-1.2415056,2.74743,-0.79880697,-2.4950206,0.45681307,5.6547,-0.46486926,0.61361116,0.18041137,1.4271927,-0.1407924,0.38198888,-0.2466,-0.12202053,-0.32913253,1.539,0.35369566,-0.2943,1.1260192,0.9697595,0.50698245,-0.23598
75,1.268000000000001,0.6486671,-0.58441883,0.70018184,-0.6815539,-0.875653,0.73110193,1.0,-0.98880905,-0.025347948,-0.4865474,0.8681054,-0.37123978,-0.40221596,-1.0,-0.82474583,-0.66783875,1.0,-0.3765161,-1.0,0.42428106,0.85847056,-0.09716593,-1.0,2.66582,-1.3389282,2.74743,-0.912422,-2.640992,0.5786878,5.6547,-0.5072591,0.6134184,0.23468478,1.424824,-0.190446,0.27321965,-0.2466,-0.13302235,-0.34260127,1.539,0.33782262,-0.2943,1.0535301,0.93197346,0.5204156,-0.23598
76,1.284000000000001,0.59048307,-0.6260986,0.69072455,-0.7501286,-0.84289527,0.7410024,1.0,-1.0,-0.032573406,-0.59261495,0.8996258,-0.5303229,-0.482767,-1.0,-0.9294376,-0.73642784,0.8303635,-0.4360581,-1.0,0.39589244,0.7955097,-0.08351122,-1.0,2.74743,-1.4432989,2.74743,-1.0374684,-2.74743,0.70221287,5.6547,-0.513,0.606896,0.13526239,1.4538306,-0.27205566,0.20050624,-0.2466,-0.22936493,-0.37778747,1.3858691,0.28201094,-0.2943,1.0390532,0.8941485,0.53222984,-0.23598
77,1.302000000000001,0.4383713,-0.69675857,0.7248666,-0.8642558,-0.85020435,0.74827397,1.0,-1.0,-0.019170802,-0.7983096,1.0,-0.7641948,-0.51096,-1.0,-1.0,-0.812334,0.64217454,-0.5829306,-1.0,0.4542418,0.6994373,-0.06903711,-1.0,2.74743,-1.5594485,2.74743,-1.1815399,-2.74743,0.82695013,5.6547,-0.513,0.61899453,-0.057545528,1.5462,-0.39203194,0.17505643,-0.2466,-0.2943,-0.41672733,1.2159909,0.14433998,-0.2943,1.0688087,0.83643115,0.5447531,-0.23598
78,1.318000000000001,0.29753664,-0.7351237,0.8415455,-0.9409011,-0.8294204,0.7397956,1.0,-1.0,0.0021253936,-0.94886464,1.0,-0.8961787,-0.54093957,-1.0,-1.0,-0.89372784,0.6230403,-0.6747575,-1.0,0.55020905,0.6276966,-0.04122915,-1.0,2.74743,-1.6819936,2.74743,-1.3383881,-2.74743,0.95027405,5.6547,-0.513,0.6382186,-0.19866827,1.5462,-0.45973969,0.14799385,-0.2466,-0.2943,-0.45848238,1.1987185,0.058266077,-0.2943,1.1177475,0.7933315,0.5688129,-0.23598
79,1.334000000000001,0.22734359,-0.6821668,0.857298,-0.92223054,-0.7862224,0.6187218,1.0,-1.0,-0.048917606,-0.9608562,1.0,-0.8973791,-0.54928637,-1.0,-1.0,-0.91726905,0.62269354,-0.7067203,-1.0,0.54537576,0.60595393,-0.061988063,-1.0,2.74743,-1.7957109,2.74743,-1.492124,-2.74743,1.053415,5.6547,-0.513,0.5921421,-0.20990856,1.5462,-0.4603555,0.1404592,-0.2466,-0.2943,-0.47055903,1.1984055,0.028305734,-0.2943,1.1152828,0.7802692,0.550852,-0.23598
80,1.352000000000001,0.16849892,-0.65778846,0.86719644,-0.92073494,-0.73111475,0.55125976,1.0,-1.0,-0.07929438,-0.97470945,1.0,-0.9309448,-0.55761033,-1.0,-1.0,-0.99382275,0.62005514,-0.73481476,-1.0,0.5382257,0.55504835,-0.07518994,-1.0,2.74743,-1.88397,2.74743,-1.6456105,-2.74743,1.14531,5.6547,-0.513,0.564721,-0.22289391,1.5462,-0.47757468,0.13294515,-0.2466,-0.2943,-0.5098311,1.1960238,0.001971382,-0.2943,1.1116366,0.7496867,0.53942955,-0.23598
81,1.368000000000001,0.09004875,-0.692854,0.911534,-0.9679726,-0.7222225,0.51719445,1.0,-1.0,-0.06882511,-1.0,1.0,-1.0,-0.54683787,-1.0,-1.0,-1.0,0.6387427,-0.81854814,-1.0,0.5323105,0.4549442,-0.117348045,-1.0,2.74743,-1.88397,2.74743,-1.8069714,-2.74743,1.2315263,5.6547,-0.513,0.57417154,-0.2466,1.5462,-0.513,0.14266945,-0.2466,-0.2943,-0.513,1.212893,-0.0765161,-0.2943,1.10862,0.6895472,0.5029537,-0.23598
82,1.384000000000001,0.031369593,-0.77501845,0.93337965,-1.0,-0.7856984,0.4535761,1.0,-1.0,-0.063907884,-1.0,1.0,-1.0,-0.51387364,-1.0,-1.0,-1.0,0.5944974,-0.9634642,-1.0,0.49479097,0.3548968,-0.19264288,-1.0,2.74743,-1.88397,2.74743,-1.88397,-2.74743,1.3071375,5.6547,-0.513,0.57861036,-0.2466,1.5462,-0.513,0.17242627,-0.2466,-0.2943,-0.513,1.1729528,-0.21235317,-0.2943,1.0894868,0.6294418,0.4378075,-0.23598
83,1.402000000000001,-0.033328727,-0.8505391,0.9464066,-1.0,-0.80953056,0.39972922,1.0,-1.0,-0.061691225,-1.0,1.0,-1.0,-0.48752218,-1.0,-1.0,-1.0,0.52483684,-1.0,-1.0,0.4856118,0.25813207,-0.22473018,-1.0,2.7418742,-1.88397,2.74743,-1.88397,-2.74743,1.3737723,5.6547,-0.513,0.58061135,-0.2466,1.5462,-0.513,0.19621372,-0.2466,-0.2943,-0.513,1.1100702,-0.2466,-0.2943,1.084806,0.5713085,0.4100451,-0.23598
84,1.418000000000001,-0.121559456,-0.83825845,0.9372564,-1.0,-0.7590928,0.31721115,1.0,-1.0,-0.075745314,-1.0,1.0,-1.0,-0.42747927,-1.0,-1.0,-1.0,0.5353532,-1.0,-1.0,0.5214445,0.2483463,-0.22203588,-1.0,2.72161,-1.88397,2.74743,-1.88397,-2.74743,1.4266514,5.6547,-0.513,0.5679247,-0.2466,1.5462,-0.513,0.25041446,-0.2466,-0.2943,-0.513,1.1195633,-0.2466,-0.2943,1.103079,0.5654295,0.41237622,-0.23598
85,1.434000000000001,-0.1468305,-0.79286057,0.89819586,-1.0,-0.72619396,0.27282968,1.0,-1.0,-0.08675277,-1.0,1.0,-1.0,-0.35831672,-1.0,-1.0,-1.0,0.5256,-1.0,-1.0,0.54861677,0.29048073,-0.20156501,-1.0,2.6971335,-1.88397,2.74743,-1.88397,-2.74743,1.4721321,5.6547,-0.513,0.5579883,-0.2466,1.5462,-0.513,0.3128475,-0.2466,-0.2943,-0.513,1.1107591,-0.2466,-0.2943,1.1169355,0.5907426,0.43008792,-0.23598
86,1.452000000000001,-0.0914159,-0.76437867,0.9376314,-1.0,-0.7127416,0.2594828,1.0,-1.0,-0.10161276,-1.0,1.0,-1.0,-0.3860144,-1.0,-1.0,-1.0,0.525478,-1.0,-1.0,0.54424846,0.30499455,-0.17232329,-1.0,2.6818945,-1.88397,2.74743,-1.88397,-2.74743,1.5153879,5.6547,-0.513,0.54457414,-0.2466,1.5462,-0.513,0.2878448,-0.2466,-0.2943,-0.513,1.110649,-0.2466,-0.2943,1.114708,0.5994621,0.4553883,-0.23598
87,1.468000000000001,-0.074610084,-0.7955783,1.0,-1.0,-0.7832558,0.31587788,1.0,-1.0,-0.03841025,-1.0,1.0,-1.0,-0.40253305,-1.0,-1.0,-0.9822952,0.57531273,-1.0,-1.0,0.61304235,0.3387901,-0.12644707,-1.0,2.669457,-1.88397,2.74743,-1.88397,-2.74743,1.5680448,5.6547,-0.513,0.60162705,-0.2466,1.5462,-0.513,0.27293342,-0.2466,-0.2943,-0.50391746,1.1556348,-0.2466,-0.2943,1.1497896,0.6197654,0.4950811,-0.23598
88,1.484000000000001,-0.10937971,-0.8499606,1.0,-1.0,-0.88293844,0.41077787,1.0,-1.0,0.05209362,-1.0,1.0,-1.0,-0.3768133,-1.0,-1.0,-0.91323644,0.64583635,-1.0,-1.0,0.71589494,0.40349224,-0.10008061,-1.0,2.6512234,-1.88397,2.74743,-1.88397,-2.74743,1.6365215,5.6547,-0.513,0.68332493,-0.2466,1.5462,-0.513,0.29615065,-0.2466,-0.2943,-0.4684903,1.2192965,-0.2466,-0.2943,1.2022396,0.65863645,0.51789373,-0.23598
89,1.5020000000000011,-0.1589744,-0.8588677,1.0,-1.0,-0.991372,0.5146491,1.0,-1.0,0.16285484,-1.0,1.0,-1.0,-0.34683818,-1.0,-1.0,-0.8877111,0.87189347,-1.0,-1.0,0.85101,0.52340156,-0.091148406,-1.0,2.6247222,-1.88397,2.74743,-1.88397,-2.74743,1.7223134,5.6547,-0.513,0.78330904,-0.2466,1.5462,-0.513,0.32320917,-0.2466,-0.2943,-0.4553958,1.4233582,-0.2466,-0.2943,1.271142,0.73067427,0.525622,-0.23598
90,1.5180000000000011,-0.17866546,-0.83372045,1.0,-1.0,-1.0,0.55562294,1.0,-1.0,0.24171014,-1.0,1.0,-1.0,-0.33123106,-1.0,-1.0,-0.86892873,1.0,-0.9704314,-1.0,0.9531869,0.6206988,-0.07781887,-1.0,2.5949388,-1.88397,2.74743,-1.88397,-2.74743,1.8149358,5.6547,-0.513,0.8544918,-0.2466,1.5462,-0.513,0.33729774,-0.2466,-0.2943,-0.44576043,1.539,-0.21888386,-0.2943,1.3232476,0.78912747,0.537155,-0.23598
91,1.5340000000000011,-0.16028368,-0.8080455,1.0,-1.0,-1.0,0.5295635,1.0,-1.0,0.24605985,-1.0,1.0,-1.0,-0.33020103,-1.0,-1.0,-0.8756363,1.0,-0.94065547,-1.0,0.9648382,0.63268507,-0.06873642,-1.0,2.5682194,-1.88397,2.74743,-1.88397,-2.74743,1.88397,5.6547,-0.513,0.8584182,-0.2466,1.5462,-0.513,0.33822754,-0.2466,-0.2943,-0.4492014,1.539,-0.1909734,-0.2943,1.3291891,0.7963285,0.54501325,-0.23598
92,1.5520000000000012,-0.12966952,-0.8298322,1.0,-1.0,-1.0,0.50526506,1.0,-1.0,0.25805905,-1.0,1.0,-1.0,-0.30499715,-1.0,-1.0,-0.8661217,1.0,-0.9699133,-1.0,0.92842937,0.61058015,-0.08647074,-1.0,2.5466037,-1.88397,2.74743,-1.88397,-2.74743,1.88397,5.6547,-0.513,0.8692499,-0.2466,1.5462,-0.513,0.36097908,-0.2466,-0.2943,-0.44432044,1.539,-0.21839823,-0.2943,1.3106223,0.7830485,0.5296692,-0.23598
93,1.5680000000000012,-0.09780677,-0.86188686,1.0,-1.0,-1.0,0.46277198,1.0,-1.0,0.25251344,-1.0,1.0,-1.0,-0.28594464,-1.0,-1.0,-0.8729331,1.0,-1.0,-1.0,0.869235,0.55391675,-0.101777986,-1.0,2.5302992,-1.88397,2.74743,-1.88397,-2.74743,1.88397,5.6547,-0.513,0.86424387,-0.2466,1.5462,-0.513,0.37817776,-0.2466,-0.2943,-0.44781467,1.539,-0.2466,-0.2943,1.2804359,0.74900687,0.51642513,-0.23598
94,1.5840000000000012,-0.10291144,-0.8977521,1.0,-1.0,-1.0,0.44437182,1.0,-1.0,0.2678195,-1.0,1.0,-1.0,-0.26304847,-1.0,-1.0,-0.8989262,1.0,-1.0,-1.0,0.8498935,0.5049377,-0.10224143,-1.0,2.5131438,-1.88397,2.74743,-1.88397,-2.74743,1.88397,5.6547,-0.513,0.87806064,-0.2466,1.5462,-0.513,0.39884615,-0.2466,-0.2943,-0.46114913,1.539,-0.2466,-0.2943,1.2705727,0.7195818,0.5160242,-0.23598
95,1.6020000000000012,-0.10450296,-1.0,1.0,-1.0,-1.0,0.43469182,1.0,-1.0,0.27805823,-1.0,1.0,-1.0,-0.21490303,-1.0,-1.0,-0.907371,1.0,-1.0,-1.0,0.7647833,0.3727497,-0.16710812,-1.0,2.4957232,-1.88397,2.74743,-1.88397,-2.74743,1.88397,5.6547,-0.513,0.8873032,-0.2466,1.5462,-0.513,0.44230703,-0.2466,-0.2943,-0.4654813,1.539,-0.2466,-0.2943,1.2271705,0.6401673,0.45990056,-0.23598
96,1.6180000000000012,-0.13353567,-1.0,1.0,-1.0,-1.0,0.40289894,1.0,-1.0,0.26116854,-1.0,1.0,-1.0,-0.2238306,-1.0,-1.0,-0.9477188,1.0,-1.0,-1.0,0.73108214,0.34865287,-0.21079299,-1.0,2.4734628,-1.88397,2.74743,-1.88397,-2.74743,1.88397,5.6547,-0.513,0.87205684,-0.2466,1.5462,-0.513,0.43424812,-0.2466,-0.2943,-0.48617974,1.539,-0.2466,-0.2943,1.2099844,0.62569064,0.42210373,-0.23598
97,1.6340000000000012,-0.11740871,-0.99333376,1.0,-1.0,-0.91825444,0.38468817,1.0,-1.0,0.20407824,-1.0,1.0,-1.0,-0.27338216,-1.0,-1.0,-1.0,1.0,-1.0,-1.0,0.6793251,0.28609985,-0.18952644,-1.0,2.4538908,-1.88397,2.74743,-1.88397,-2.74743,1.88397,5.6547,-0.513,0.8205214,-0.2466,1.5462,-0.513,0.38951793,-0.2466,-0.2943,-0.513,1.539,-0.2466,-0.2943,1.1835908,0.5881107,0.4405039,-0.23598
98,1.6520000000000012,-0.10744281,-0.92124707,1.0,-1.0,-0.80621445,0.3863429,1.0,-1.0,0.16292866,-1.0,1.0,-1.0,-0.33134848,-1.0,-1.0,-1.0,1.0,-0.98251706,-1.0,0.67373306,0.294632,-0.15209281,-1.0,2.43598,-1.88397,2.74743,-1.88397,-2.74743,1.88397,5.6547,-0.513,0.7833757,-0.2466,1.5462,-0.513,0.33719173,-0.2466,-0.2943,-0.513,1.539,-0.23021238,-0.2943,1.180739,0.59323657,0.47289202,-0.23598
99,1.6680000000000013,-0.14153944,-0.87802917,0.9687773,-1.0,-0.7792451,0.4410539,1.0,-1.0,0.20159532,-1.0,1.0,-1.0,-0.33713943,-1.0,-1.0,-1.0,1.0,-0.89024633,-1.0,0.7569785,0.35545322,-0.09488018,-1.0,2.4123855,-1.88397,2.74743,-1.88397,-2.74743,1.88397,5.6547,-0.513,0.8182801,-0.2466,1.5462,-0.513,0.33196422,-0.2466,-0.2943,-0.513,1.539,-0.1437224,-0.2943,1.2231903,0.62977606,0.5223932,-0.23598
100,1.6840000000000013,-0.16722192,-0.9305574,0.9520958,-1.0,-0.832826,0.50983846,1.0,-1.0,0.27717787,-1.0,1.0,-1.0,-0.28091875,-1.0,-1.0,-1.0,1.0,-0.9203579,-1.0,0.81397665,0.36561728,-0.06856352,-1.0,2.3845096,-1.88397,2.74743,-1.88397,-2.74743,1.88397,5.6547,-0.513,0.88650846,-0.2466,1.5462,-0.513,0.38271466,-0.2466,-0.2943,-0.513,1.539,-0.17194746,-0.2943,1.2522568,0.6358823,0.5451628,-0.23598
101,1.7020000000000013,-0.16656664,-0.9523037,0.94830245,-1.0,-0.87451434,0.5419104,1.0,-1.0,0.31442404,-1.0,1.0,-1.0,-0.23664406,-1.0,-1.0,-1.0,1.0,-0.9562226,-1.0,0.8399713,0.3749453,-0.04887146,-1.0,2.3567429,-1.88397,2.74743,-1.88397,-2.74743,1.88397,5.6547,-0.513,0.92013055,-0.2466,1.5462,-0.513,0.42268142,-0.2466,-0.2943,-0.513,1.539,-0.20556524,-0.2943,1.2655128,0.64148635,0.56220067,-0.23598
102,1.7180000000000013,-0.1652861,-0.9599698,0.93569016,-1.0,-0.90161157,0.5546312,1.0,-1.0,0.33198062,-1.0,1.0,-1.0,-0.20082933,-1.0,-1.0,-1.0,1.0,-0.985347,-1.0,0.851681,0.3832436,-0.038170747,-1.0,2.3291898,-1.88397,2.74743,-1.88397,-2.74743,1.88397,5.6547,-0.513,0.9359789,-0.2466,1.5462,-0.513,0.45501137,-0.2466,-0.2943,-0.513,1.539,-0.23286499,-0.2943,1.2714843,0.6464717,0.5714591,-0.23598
103,1.7340000000000013,-0.17037493,-0.9593161,0.930378,-1.0,-0.9230725,0.5713792,1.0,-1.0,0.35203847,-1.0,1.0,-1.0,-0.17560746,-1.0,-1.0,-1.0,1.0,-0.99173373,-1.0,0.8719323,0.4028167,-0.030154731,-1.0,2.3007882,-1.88397,2.74743,-1.88397,-2.74743,1.88397,5.6547,-0.513,0.9540851,-0.2466,1.5462,-0.513,0.47777915,-0.2466,-0.2943,-0.513,1.539,-0.2388516,-0.2943,1.2818115,0.6582306,0.57839465,-0.23598
104,1.7520000000000013,-0.1764374,-0.95888716,0.92820996,-1.0,-0.9404712,0.58684546,1.0,-1.0,0.3723601,-1.0,1.0,-1.0,-0.15512349,-1.0,-1.0,-1.0,1.0,-0.99290305,-1.0,0.89219755,0.41880107,-0.02301192,-1.0,2.2713761,-1.88397,2.74743,-1.88397,-2.74743,1.88397,5.6547,-0.513,0.97242945,-0.2466,1.5462,-0.513,0.49627003,-0.2466,-0.2943,-0.513,1.539,-0.23994768,-0.2943,1.2921457,0.6678335,0.58457476,-0.23598
105,1.7680000000000013,-0.18093272,-0.95852476,0.92679006,-1.0,-0.9551375,0.59906465,1.0,-1.0,0.39149174,-1.0,1.0,-1.0,-0.13450496,-1.0,-1.0,-1.0,1.0,-0.99312407,-1.0,0.90965974,0.4327799,-0.016845902,-1.0,2.2412145,-1.88397,2.74743,-1.88397,-2.74743,1.88397,5.6547,-0.513,0.9896996,-0.2466,1.5462,-0.513,0.5148824,-0.2466,-0.2943,-0.513,1.539,-0.24015485,-0.2943,1.3010507,0.67623156,0.5899097,-0.23598
106,1.7840000000000014,-0.18442439,-0.95784956,0.9264422,-1.0,-0.9662634,0.6077981,1.0,-1.0,0.40655124,-1.0,1.0,-1.0,-0.116894804,-1.0,-1.0,-1.0,1.0,-0.9932565,-1.0,0.92290056,0.4444877,-0.012859996,-1.0,2.2104712,-1.88397,2.74743,-1.88397,-2.74743,1.88397,5.6547,-0.513,1.0032938,-0.2466,1.5462,-0.513,0.53077906,-0.2466,-0.2943,-0.513,1.539,-0.24027899,-0.2943,1.3078029,0.68326527,0.59335834,-0.23598
107,1.8020000000000014,-0.18764396,-0.9574799,0.9265952,-1.0,-0.97722065,0.6171849,1.0,-1.0,0.42132995,-1.0,1.0,-1.0,-0.10115277,-1.0,-1.0,-1.0,1.0,-0.9924286,-1.0,0.93584156,0.4559,-0.00903124,-1.0,2.1791909,-1.88397,2.74743,-1.88397,-2.74743,1.88397,5.6547,-0.513,1.0166346,-0.2466,1.5462,-0.513,0.5449894,-0.2466,-0.2943,-0.513,1.539,-0.23950295,-0.2943,1.3144022,0.6901214,0.59667104,-0.23598
108,1.8180000000000014,-0.19093521,-0.9557343,0.92702633,-1.0,-0.9888629,0.62635696,1.0,-1.0,0.43570694,-1.0,1.0,-1.0,-0.086118326,-1.0,-1.0,-1.0,1.0,-0.9902702,-1.0,0.9489263,0.4693078,-0.005717002,-1.0,2.147362,-1.88397,2.74743,-1.88397,-2.74743,1.88397,5.6547,-0.513,1.0296127,-0.2466,1.5462,-0.513,0.55856097,-0.2466,-0.2943,-0.513,1.539,-0.23747978,-0.2943,1.3210748,0.69817644,0.59953856,-0.23598
109,1.8340000000000014,-0.19260173,-0.951848,0.9274967,-1.0,-0.996688,0.6325607,1.0,-1.0,0.44544205,-1.0,1.0,-1.0,-0.07552973,-1.0,-1.0,-1.0,1.0,-0.98657304,-1.0,0.9583139,0.4810656,-0.0032716468,-1.0,2.115255,-1.88397,2.74743,-1.88397,-2.74743,1.88397,5.6547,-0.513,1.0384005,-0.2466,1.5462,-0.513,0.5681193,-0.2466,-0.2943,-0.513,1.539,-0.23401424,-0.2943,1.325862,0.70524013,0.60165435,-0.23598
110,1.8520000000000014,-0.19333898,-0.947035,0.92890173,-1.0,-1.0,0.63673985,1.0,-1.0,0.45259967,-1.0,1.0,-1.0,-0.067361526,-1.0,-1.0,-1.0,1.0,-0.98252183,-1.0,0.96572256,0.4931715,-0.0017880537,-1.0,2.0830257,-1.88397,2.74743,-1.88397,-2.74743,1.88397,5.6547,-0.513,1.0448617,-0.2466,1.5462,-0.513,0.57549274,-0.2466,-0.2943,-0.513,1.539,-0.23021685,-0.2943,1.3296402,0.712513,0.60293794,-0.23598
111,1.8680000000000014,-0.19357662,-0.94081384,0.93181795,-1.0,-1.0,0.639867,1.0,-1.0,0.45821407,-1.0,1.0,-1.0,-0.060742237,-1.0,-1.0,-1.0,1.0,-0.9774559,-1.0,0.97243893,0.50716156,-0.00092272833,-1.0,2.0507565,-1.88397,2.74743,-1.88397,-2.74743,1.88397,5.6547,-0.513,1.0499299,-0.2466,1.5462,-0.513,0.581468,-0.2466,-0.2943,-0.513,1.539,-0.22546831,-0.2943,1.3330652,0.7209178,0.60368663,-0.23598
112,1.8840000000000015,-0.19295748,-0.9350943,0.9356817,-1.0,-1.0,0.6417914,1.0,-1.0,0.46132985,-1.0,1.0,-1.0,-0.0566525,-1.0,-1.0,-1.0,1.0,-0.97318,-1.0,0.9767785,0.5189769,-0.0006237291,-1.0,2.0185905,-1.88397,2.74743,-1.88397,-2.74743,1.88397,5.6547,-0.513,1.0527425,-0.2466,1.5462,-0.513,0.5851598,-0.2466,-0.2943,-0.513,1.539,-0.22146027,-0.2943,1.3352782,0.7280161,0.6039453,-0.23598
113,1.9020000000000015,-0.19126414,-0.92995816,0.9415186,-1.0,-1.0,0.6420827,1.0,-1.0,0.46273413,-1.0,1.0,-1.0,-0.05365821,-1.0,-1.0,-1.0,1.0,-0.9703997,-1.0,0.9792841,0.53037184,-0.0011069216,-1.0,1.9867066,-1.88397,2.74743,-1.88397,-2.74743,1.88397,5.6547,-0.513,1.0540102,-0.2466,1.5462,-0.513,0.58786273,-0.2466,-0.2943,-0.513,1.539,-0.21885414,-0.2943,1.3365558,0.73486185,0.60352725,-0.23598
114,1.9180000000000015,-0.18868516,-0.924717,0.95060337,-1.0,-1.0,0.64143056,1.0,-1.0,0.46299484,-1.0,1.0,-1.0,-0.05171161,-1.0,-1.0,-1.0,1.0,-0.9679015,-1.0,0.98093563,0.54274833,-0.002080083,-1.0,1.9552529,-1.88397,2.74743,-1.88397,-2.74743,1.88397,5.6547,-0.513,1.0542455,-0.2466,1.5462,-0.513,0.58961993,-0.2466,-0.2943,-0.513,1.539,-0.2165125,-0.2943,1.337398,0.74229723,0.6026853,-0.23598
115,1.9340000000000015,-0.18662782,-0.9218003,0.96103305,-1.0,-1.0,0.6409796,1.0,-1.0,0.46286425,-1.0,1.0,-1.0,-0.050822277,-1.0,-1.0,-1.0,1.0,-0.967313,-1.0,0.9817417,0.5520763,-0.0034900978,-1.0,1.924142,-1.88397,2.74743,-1.88397,-2.74743,1.88397,5.6547,-0.513,1.0541276,-0.2466,1.5462,-0.513,0.59042275,-0.2466,-0.2943,-0.513,1.539,-0.21596083,-0.2943,1.3378091,0.7479012,0.60146534,-0.23598
116,1.9520000000000015,-0.18361323,-0.92071384,0.9731205,-1.0,-1.0,0.6403228,1.0,-1.0,0.4624004,-1.0,1.0,-1.0,-0.05035291,-1.0,-1.0,-1.0,1.0,-0.9686864,-1.0,0.98110414,0.56039006,-0.0058163926,-1.0,1.8935337,-1.88397,2.74743,-1.88397,-2.74743,1.88397,5.6547,-0.513,1.0537088,-0.2466,1.5462,-0.513,0.5908464,-0.2466,-0.2943,-0.513,1.539,-0.2172482,-0.2943,1.337484,0.75289583,0.59945256,-0.23598
117,1.9680000000000015,-0.17678137,-0.92230636,0.98716766,-1.0,-1.0,0.64247453,1.0,-1.0,0.4629813,-1.0,1.0,-1.0,-0.051309153,-1.0,-1.0,-1.0,1.0,-0.9710061,-1.0,0.9782293,0.5679051,-0.008805543,-1.0,1.8640642,-1.88397,2.74743,-1.88397,-2.74743,1.88397,5.6547,-0.513,1.0542332,-0.2466,1.5462,-0.513,0.5899832,-0.2466,-0.2943,-0.513,1.539,-0.21942256,-0.2943,1.336018,0.75741065,0.5968663,-0.23598
118,1.9840000000000015,-0.15699075,-0.933286,0.99777347,-1.0,-1.0,0.6585044,1.0,-1.0,0.4699855,-1.0,1.0,-1.0,-0.05553502,-1.0,-1.0,-1.0,1.0,-0.9750299,-1.0,0.9689718,0.56856775,-0.011183504,-1.0,1.8378938,-1.88397,2.74743,-1.88397,-2.74743,1.88397,5.6547,-0.513,1.0605559,-0.2466,1.5462,-0.513,0.5861685,-0.2466,-0.2943,-0.513,1.539,-0.22319426,-0.2943,1.331297,0.75780874,0.5948089,-0.23598
119,2.002000000000001,-0.10051231,-0.9552416,1.0,-1.0,-1.0,0.6998696,1.0,-1.0,0.48512813,-1.0,1.0,-1.0,-0.066321686,-1.0,-1.0,-1.0,1.0,-0.974284,-1.0,0.94173354,0.56803644,-0.013366181,-1.0,1.8211384,-1.88397,2.74743,-1.88397,-2.74743,1.88397,5.6547,-0.513,1.0742252,-0.2466,1.5462,-0.513,0.5764314,-0.2466,-0.2943,-0.513,1.539,-0.2224951,-0.2943,1.3174068,0.75748956,0.59292036,-0.23598
120,2.0179999999999993,-0.028264001,-0.96918553,1.0,-1.0,-1.0,0.74061185,1.0,-1.0,0.49658647,-1.0,1.0,-1.0,-0.0763653,-1.0,-1.0,-0.97147745,1.0,-0.95903355,-1.0,0.9069627,0.5868311,-0.020286232,-1.0,1.8164269,-1.88397,2.74743,-1.88397,-2.74743,1.88397,5.6547,-0.513,1.0845686,-0.2466,1.5462,-0.513,0.56736505,-0.2466,-0.2943,-0.49836794,1.539,-0.2082001,-0.2943,1.2996753,0.7687808,0.5869331,-0.23598
121,2.0339999999999976,0.021735847,-0.9811289,1.0,-1.0,-1.0,0.76422983,1.0,-1.0,0.5093986,-1.0,1.0,-1.0,-0.071262635,-1.0,-1.0,-0.9390213,1.0,-0.9471702,-1.0,0.8860221,0.61522955,-0.030277353,-1.0,1.8200502,-1.88397,2.74743,-1.88397,-2.74743,1.88397,5.6547,-0.513,1.0961341,-0.2466,1.5462,-0.513,0.57197124,-0.2466,-0.2943,-0.4817179,1.539,-0.19707999,-0.2943,1.2889966,0.7858417,0.57828856,-0.23598
122,2.0519999999999956,0.053373177,-1.0,1.0,-1.0,-1.0,0.7790087,1.0,-1.0,0.5225788,-1.0,1.0,-1.0,-0.06135361,-1.0,-1.0,-0.9172924,1.0,-0.95005816,-1.0,0.87277824,0.6316603,-0.039590217,-1.0,1.8289475,-1.88397,2.74743,-1.88397,-2.74743,1.88397,5.6547,-0.513,1.1080319,-0.2466,1.5462,-0.513,0.5809161,-0.2466,-0.2943,-0.470571,1.539,-0.19978702,-0.2943,1.2822428,0.7957128,0.57023096,-0.23598
123,2.067999999999994,0.069476806,-1.0,1.0,-1.0,-1.0,0.7846411,1.0,-1.0,0.52754116,-1.0,1.0,-1.0,-0.058162674,-1.0,-1.0,-0.9035544,1.0,-0.959987,-1.0,0.86208624,0.63397765,-0.04749276,-1.0,1.8405293,-1.88397,2.74743,-1.88397,-2.74743,1.88397,5.6547,-0.513,1.1125114,-0.2466,1.5462,-0.513,0.58379656,-0.2466,-0.2943,-0.4635234,1.539,-0.2090938,-0.2943,1.2767904,0.797105,0.56339353,-0.23598
124,2.083999999999992,0.07244042,-1.0,1.0,-1.0,-1.0,0.78322273,1.0,-1.0,0.527525,-1.0,1.0,-1.0,-0.058390576,-1.0,-1.0,-0.89626616,1.0,-0.97059995,-1.0,0.8556258,0.6321333,-0.05567927,-1.0,1.8526051,-1.88397,2.74743,-1.88397,-2.74743,1.88397,5.6547,-0.513,1.1124969,-0.2466,1.5462,-0.513,0.5835908,-0.2466,-0.2943,-0.45978454,1.539,-0.21904187,-0.2943,1.2734959,0.79599696,0.5563105,-0.23598
125,2.10199999999999,0.06750438,-1.0,1.0,-1.0,-1.0,0.7790796,1.0,-1.0,0.52606696,-1.0,1.0,-1.0,-0.05960584,-1.0,-1.0,-0.89175576,1.0,-0.9810985,-1.0,0.8525322,0.6300262,-0.06491061,-1.0,1.8638581,-1.88397,2.74743,-1.88397,-2.74743,1.88397,5.6547,-0.513,1.1111807,-0.2466,1.5462,-0.513,0.5824938,-0.2466,-0.2943,-0.45747072,1.539,-0.22888266,-0.2943,1.2719183,0.79473114,0.5483234,-0.23598
126,2.1179999999999883,0.058559634,-1.0,1.0,-1.0,-1.0,0.7745776,1.0,-1.0,0.524984,-1.0,1.0,-1.0,-0.0608062,-1.0,-1.0,-0.8875523,1.0,-0.9924181,-1.0,0.8513984,0.6273654,-0.07487389,-1.0,1.87362,-1.88397,2.74743,-1.88397,-2.74743,1.88397,5.6547,-0.513,1.110203,-0.2466,1.5462,-0.513,0.5814102,-0.2466,-0.2943,-0.45531434,1.539,-0.23949312,-0.2943,1.2713401,0.7931326,0.539703,-0.23598
127,2.1339999999999866,0.048950836,-1.0,1.0,-1.0,-1.0,0.77043056,1.0,-1.0,0.5241563,-1.0,1.0,-1.0,-0.062161967,-1.0,-1.0,-0.88492376,1.0,-1.0,-1.0,0.8513888,0.62417144,-0.08361037,-1.0,1.88178,-1.88397,2.74743,-1.88397,-2.74743,1.88397,5.6547,-0.513,1.1094558,-0.2466,1.5462,-0.513,0.58018637,-0.2466,-0.2943,-0.45396587,1.539,-0.2466,-0.2943,1.2713352,0.79121375,0.53214407,-0.23598
128,2.1519999999999846,0.038758498,-1.0,1.0,-1.0,-1.0,0.766745,1.0,-1.0,0.5239776,-1.0,1.0,-1.0,-0.063262194,-1.0,-1.0,-0.8823877,1.0,-1.0,-1.0,0.8522031,0.6210661,-0.09205053,-1.0,1.8882412,-1.88397,2.74743,-1.88397,-2.74743,1.88397,5.6547,-0.513,1.1092945,-0.2466,1.5462,-0.513,0.57919323,-0.2466,-0.2943,-0.45266488,1.539,-0.2466,-0.2943,1.2717505,0.7893481,0.5248415,-0.23598
129,2.167999999999983,0.0278076,-1.0,1.0,-1.0,-1.0,0.7633652,1.0,-1.0,0.52435094,-1.0,1.0,-1.0,-0.06452555,-1.0,-1.0,-0.8796274,1.0,-1.0,-1.0,0.8536162,0.617258,-0.10044266,-1.0,1.8928766,-1.88397,2.74743,-1.88397,-2.74743,1.88397,5.6547,-0.513,1.1096315,-0.2466,1.5462,-0.513,0.57805276,-0.2466,-0.2943,-0.45124885,1.539,-0.2466,-0.2943,1.2724711,0.7870604,0.5175805,-0.23598
130,2.183999999999981,0.018844616,-1.0,1.0,-1.0,-1.0,0.75945157,1.0,-1.0,0.52404594,-1.0,1.0,-1.0,-0.06609146,-1.0,-1.0,-0.8772442,1.0,-1.0,-1.0,0.85447586,0.6134836,-0.10733478,-1.0,1.896018,-1.88397,2.74743,-1.88397,-2.74743,1.88397,5.6547,-0.513,1.1093563,-0.2466,1.5462,-0.513,0.57663924,-0.2466,-0.2943,-0.45002627,1.539,-0.2466,-0.2943,1.2729094,0.78479284,0.51161736,-0.23598
131,2.201999999999979,0.010479681,-1.0,1.0,-1.0,-1.0,0.7557592,1.0,-1.0,0.5236102,-1.0,1.0,-1.0,-0.06805495,-1.0,-1.0,-0.8752188,1.0,-1.0,-1.0,0.8553274,0.609412,-0.113392785,-1.0,1.897765,-1.88397,2.74743,-1.88397,-2.74743,1.88397,5.6547,-0.513,1.1089629,-0.2466,1.5462,-0.513,0.5748668,-0.2466,-0.2943,-0.44898725,1.539,-0.2466,-0.2943,1.2733437,0.7823467,0.50637585,-0.23598
132,2.2179999999999773,0.0019480363,-1.0,1.0,-1.0,-1.0,0.7520559,1.0,-1.0,0.5231146,-1.0,1.0,-1.0,-0.07050921,-1.0,-1.0,-0.8729504,1.0,-1.0,-1.0,0.85609734,0.6041843,-0.11922589,-1.0,1.8980898,-1.88397,2.74743,-1.88397,-2.74743,1.88397,5.6547,-0.513,1.1085156,-0.2466,1.5462,-0.513,0.5726513,-0.2466,-0.2943,-0.44782355,1.539,-0.2466,-0.2943,1.2737364,0.7792061,0.50132895,-0.23598
133,2.2339999999999756,-0.0054070055,-1.0,1.0,-1.0,-1.0,0.74769884,1.0,-1.0,0.52183014,-1.0,1.0,-1.0,-0.07324137,-1.0,-1.0,-0.8713792,1.0,-1.0,-1.0,0.85657513,0.5994472,-0.123976216,-1.0,1.8971884,-1.88397,2.74743,-1.88397,-2.74743,1.88397,5.6547,-0.513,1.1073561,-0.2466,1.5462,-0.513,0.570185,-0.2466,-0.2943,-0.44701752,1.539,-0.2466,-0.2943,1.27398,0.77636015,0.4972189,-0.23598
134,2.2519999999999736,-0.012817346,-1.0,1.0,-1.0,-1.0,0.74342453,1.0,-1.0,0.5203575,-1.0,1.0,-1.0,-0.07640342,-1.0,-1.0,-0.87046343,1.0,-1.0,-1.0,0.85728735,0.5947151,-0.12822373,-1.0,1.8950517,-1.88397,2.74743,-1.88397,-2.74743,1.88397,5.6547,-0.513,1.1060266,-0.2466,1.5462,-0.513,0.56733066,-0.2466,-0.2943,-0.44654775,1.539,-0.2466,-0.2943,1.2743431,0.7735173,0.4935439,-0.23598
135,2.267999999999972,-0.020965688,-1.0,1.0,-1.0,-1.0,0.7388953,1.0,-1.0,0.5187418,-1.0,1.0,-1.0,-0.08007678,-1.0,-1.0,-0.8698477,1.0,-1.0,-1.0,0.8581467,0.5890473,-0.13245964,-1.0,1.8915567,-1.88397,2.74743,-1.88397,-2.74743,1.88397,5.6547,-0.513,1.1045682,-0.2466,1.5462,-0.513,0.5640147,-0.2466,-0.2943,-0.44623187,1.539,-0.2466,-0.2943,1.2747815,0.7701122,0.48987892,-0.23598
136,2.28399999999997,-0.028386272,-1.0,1.0,-1.0,-1.0,0.7333896,1.0,-1.0,0.5163875,-1.0,1.0,-1.0,-0.08362519,-1.0,-1.0,-0.8698148,1.0,-1.0,-1.0,0.8588746,0.584533,-0.13600813,-1.0,1.8868247,-1.88397,2.74743,-1.88397,-2.74743,1.88397,5.6547,-0.513,1.102443,-0.2466,1.5462,-0.513,0.5608115,-0.2466,-0.2943,-0.446215,1.539,-0.2466,-0.2943,1.2751526,0.76740015,0.48680872,-0.23598
137,2.301999999999968,-0.03642395,-1.0,1.0,-1.0,-1.0,0.72815114,1.0,-1.0,0.5003035,-1.0,1.0,-1.0,-0.110468194,-1.0,-1.0,-0.89822406,1.0,-1.0,-1.0,0.8513598,0.56202465,-0.1369825,-1.0,1.8807529,-1.88397,2.74743,-1.88397,-2.74743,1.88397,5.6547,-0.513,1.087924,-0.2466,1.5462,-0.513,0.5365804,-0.2466,-0.2943,-0.46078894,1.539,-0.2466,-0.2943,1.2713203,0.7538779,0.4859657,-0.23598
138,2.3179999999999663,-0.050571054,-1.0,1.0,-1.0,-1.0,0.7184029,1.0,-1.0,0.47668734,-1.0,1.0,-1.0,-0.15055536,-1.0,-1.0,-0.9375598,1.0,-1.0,-1.0,0.8400973,0.53224814,-0.14208336,-1.0,1.8723227,-1.88397,2.74743,-1.88397,-2.74743,1.88397,5.6547,-0.513,1.0666057,-0.2466,1.5462,-0.513,0.5003937,-0.2466,-0.2943,-0.48096818,1.539,-0.2466,-0.2943,1.2655771,0.73598903,0.48155233,-0.23598
139,2.3339999999999645,-0.088973284,-1.0,1.0,-1.0,-1.0,0.6915469,1.0,-1.0,0.47322223,-1.0,1.0,-1.0,-0.14899774,-1.0,-1.0,-0.94002455,1.0,-1.0,-1.0,0.859403,0.53487235,-0.14933258,-1.0,1.8574909,-1.88397,2.74743,-1.88397,-2.74743,1.88397,5.6547,-0.513,1.0634778,-0.2466,1.5462,-0.513,0.50179976,-0.2466,-0.2943,-0.4822326,1.539,-0.2466,-0.2943,1.2754221,0.7375656,0.4752802,-0.23598
140,2.3519999999999626,-0.1459977,-1.0,1.0,-1.0,-1.0,0.659336,1.0,-1.0,0.46205196,-1.0,1.0,-1.0,-0.14159323,-1.0,-1.0,-0.9756147,1.0,-1.0,-1.0,0.89392096,0.5436834,-0.15158497,-1.0,1.833153,-1.88397,2.74743,-1.88397,-2.74743,1.88397,5.6547,-0.513,1.0533943,-0.2466,1.5462,-0.513,0.50848377,-0.2466,-0.2943,-0.50049037,1.539,-0.2466,-0.2943,1.2930247,0.742859,0.47333142,-0.23598
141,2.367999999999961,-0.18794794,-1.0,1.0,-1.0,-1.0,0.62364167,1.0,-1.0,0.44155917,-1.0,1.0,-1.0,-0.13389172,-1.0,-1.0,-0.997677,1.0,-1.0,-1.0,0.91933197,0.55267936,-0.14909717,-1.0,1.8018221,-1.88397,2.74743,-1.88397,-2.74743,1.88397,5.6547,-0.513,1.0348954,-0.2466,1.5462,-0.513,0.51543593,-0.2466,-0.2943,-0.51180834,1.539,-0.2466,-0.2943,1.3059831,0.7482635,0.4754839,-0.23598
142,2.383999999999959,-0.20975159,-1.0,1.0,-1.0,-1.0,0.60144037,1.0,-1.0,0.42646056,-1.0,1.0,-1.0,-0.13182826,-1.0,-1.0,-1.0,1.0,-1.0,-1.0,0.93270105,0.5561267,-0.14312162,-1.0,1.7668566,-1.88397,2.74743,-1.88397,-2.74743,1.88397,5.6547,-0.513,1.021266,-0.2466,1.5462,-0.513,0.51729864,-0.2466,-0.2943,-0.513,1.539,-0.2466,-0.2943,1.3128006,0.75033456,0.48065403,-0.23598
143,2.401999999999957,-0.21915267,-1.0,1.0,-1.0,-1.0,0.5842957,1.0,-1.0,0.4152413,-1.0,1.0,-1.0,-0.13294812,-1.0,-1.0,-1.0,1.0,-1.0,-1.0,0.9355064,0.55774385,-0.14051685,-1.0,1.7303238,-1.88397,2.74743,-1.88397,-2.74743,1.88397,5.6547,-0.513,1.0111383,-0.2466,1.5462,-0.513,0.51628774,-0.2466,-0.2943,-0.513,1.539,-0.2466,-0.2943,1.3142313,0.75130606,0.4829077,-0.23598
144,2.4179999999999553,-0.22418626,-1.0,1.0,-1.0,-1.0,0.5742411,1.0,-1.0,0.41068888,-1.0,1.0,-1.0,-0.13156532,-1.0,-1.0,-1.0,1.0,-1.0,-1.0,0.9362306,0.55905837,-0.14150685,-1.0,1.6929519,-1.88397,2.74743,-1.88397,-2.74743,1.88397,5.6547,-0.513,1.0070288,-0.2466,1.5462,-0.513,0.517536,-0.2466,-0.2943,-0.513,1.539,-0.2466,-0.2943,1.3146006,0.7520958,0.48205116,-0.23598
145,2.4339999999999535,-0.22645982,-1.0,1.0,-1.0,-1.0,0.5691315,1.0,-1.0,0.40955362,-1.0,1.0,-1.0,-0.12954222,-1.0,-1.0,-1.0,1.0,-1.0,-1.0,0.9363287,0.5586743,-0.14317515,-1.0,1.6552011,-1.88397,2.74743,-1.88397,-2.74743,1.88397,5.6547,-0.513,1.0060041,-0.2466,1.5462,-0.513,0.5193622,-0.2466,-0.2943,-0.513,1.539,-0.2466,-0.2943,1.3146507,0.751865,0.48060772,-0.23598
146,2.4519999999999516,-0.22831358,-1.0,1.0,-1.0,-1.0,0.56744796,1.0,-1.0,0.4107314,-1.0,1.0,-1.0,-0.12728699,-1.0,-1.0,-0.99602073,1.0,-1.0,-1.0,0.93756694,0.5584229,-0.14492236,-1.0,1.6171412,-1.88397,2.74743,-1.88397,-2.74743,1.88397,5.6547,-0.513,1.0070672,-0.2466,1.5462,-0.513,0.52139807,-0.2466,-0.2943,-0.5109586,1.539,-0.2466,-0.2943,1.315282,0.75171405,0.479096,-0.23598
147,2.46799999999995,-0.22976048,-1.0,1.0,-1.0,-1.0,0.5682309,1.0,-1.0,0.4135254,-1.0,1.0,-1.0,-0.12513357,-1.0,-1.0,-0.9899096,1.0,-1.0,-1.0,0.9398925,0.55808526,-0.1461702,-1.0,1.5788401,-1.88397,2.74743,-1.88397,-2.74743,1.88397,5.6547,-0.513,1.0095894,-0.2466,1.5462,-0.513,0.5233419,-0.2466,-0.2943,-0.50782365,1.539,-0.2466,-0.2943,1.316468,0.7515112,0.47801635,-0.23598
148,2.483999999999948,-0.2302322,-1.0,1.0,-1.0,-1.0,0.5698536,1.0,-1.0,0.41640162,-1.0,1.0,-1.0,-0.12379,-1.0,-1.0,-0.98442584,1.0,-1.0,-1.0,0.94210666,0.5571527,-0.14641179,-1.0,1.5404605,-1.88397,2.74743,-1.88397,-2.74743,1.88397,5.6547,-0.513,1.0121857,-0.2466,1.5462,-0.513,0.5245548,-0.2466,-0.2943,-0.5050105,1.539,-0.2466,-0.2943,1.317597,0.75095093,0.4778073,-0.23598
149,2.501999999999946,-0.23036666,-1.0,1.0,-1.0,-1.0,0.5718228,1.0,-1.0,0.41918454,-1.0,1.0,-1.0,-0.12297378,-1.0,-1.0,-0.97957176,1.0,-1.0,-1.0,0.94421613,0.5562382,-0.1463473,-1.0,1.5020583,-1.88397,2.74743,-1.88397,-2.74743,1.88397,5.6547,-0.513,1.0146979,-0.2466,1.5462,-0.513,0.52529156,-0.2466,-0.2943,-0.5025203,1.539,-0.2466,-0.2943,1.3186728,0.7504015,0.47786313,-0.23598
150,2.5179999999999443,-0.22989367,-1.0,1.0,-1.0,-1.0,0.5740652,1.0,-1.0,0.42191944,-1.0,1.0,-1.0,-0.12278464,-1.0,-1.0,-0.9748996,1.0,-1.0,-1.0,0.9462373,0.55511874,-0.14581479,-1.0,1.463735,-1.88397,2.74743,-1.88397,-2.74743,1.88397,5.6547,-0.513,1.0171667,-0.2466,1.5462,-0.513,0.5254623,-0.2466,-0.2943,-0.5001235,1.539,-0.2466,-0.2943,1.3197036,0.749729,0.47832385,-0.23598
151,2.5339999999999425,-0.22929369,-1.0,1.0,-1.0,-1.0,0.57668924,1.0,-1.0,0.4249135,-1.0,1.0,-1.0,-0.12292,-1.0,-1.0,-0.9705772,1.0,-1.0,-1.0,0.9482916,0.5537167,-0.14481889,-1.0,1.4255117,-1.88397,2.74743,-1.88397,-2.74743,1.88397,5.6547,-0.513,1.0198694,-0.2466,1.5462,-0.513,0.52534014,-0.2466,-0.2943,-0.4979061,1.539,-0.2466,-0.2943,1.3207511,0.7488867,0.47918552,-0.23598
152,2.5519999999999405,-0.22811918,-1.0,1.0,-1.0,-1.0,0.5789066,1.0,-1.0,0.42731145,-1.0,1.0,-1.0,-0.12370787,-1.0,-1.0,-0.96675557,1.0,-1.0,-1.0,0.9496277,0.55221146,-0.14377022,-1.0,1.3874843,-1.88397,2.74743,-1.88397,-2.74743,1.88397,5.6547,-0.513,1.022034,-0.2466,1.5462,-0.513,0.5246289,-0.2466,-0.2943,-0.4959456,1.539,-0.2466,-0.2943,1.3214325,0.7479824,0.48009285,-0.23598
153,2.5679999999999388,-0.22615124,-1.0,1.0,-1.0,-1.0,0.5806175,1.0,-1.0,0.42903048,-1.0,1.0,-1.0,-0.12545273,-1.0,-1.0,-0.96326274,1.0,-1.0,-1.0,0.9502229,0.550387,-0.14245832,-1.0,1.3497849,-1.88397,2.74743,-1.88397,-2.74743,1.88397,5.6547,-0.513,1.0235858,-0.2466,1.5462,-0.513,0.5230538,-0.2466,-0.2943,-0.4941538,1.539,-0.2466,-0.2943,1.321736,0.7468863,0.48122793,-0.23598
154,2.583999999999937,-0.22463702,-1.0,1.0,-1.0,-1.0,0.5829011,1.0,-1.0,0.431463,-1.0,1.0,-1.0,-0.12702498,-1.0,-1.0,-0.9598841,1.0,-1.0,-1.0,0.9511693,0.54862505,-0.14117172,-1.0,1.3123379,-1.88397,2.74743,-1.88397,-2.74743,1.88397,5.6547,-0.513,1.0257816,-0.2466,1.5462,-0.513,0.5216346,-0.2466,-0.2943,-0.49242055,1.539,-0.2466,-0.2943,1.3222187,0.7458278,0.4823411,-0.23598
155,2.601999999999935,-0.22243072,-1.0,1.0,-1.0,-1.0,0.58440584,1.0,-1.0,0.43307072,-1.0,1.0,-1.0,-0.12929375,-1.0,-1.0,-0.95687574,1.0,-1.0,-1.0,0.9510491,0.5465958,-0.14004397,-1.0,1.2752587,-1.88397,2.74743,-1.88397,-2.74743,1.88397,5.6547,-0.513,1.0272329,-0.2466,1.5462,-0.513,0.5195865,-0.2466,-0.2943,-0.49087724,1.539,-0.2466,-0.2943,1.3221573,0.7446087,0.48331684,-0.23598
156,2.6179999999999333,-0.21948038,-1.0,1.0,-1.0,-1.0,0.58499825,1.0,-1.0,0.43371063,-1.0,1.0,-1.0,-0.13265182,-1.0,-1.0,-0.9541891,1.0,-1.0,-1.0,0.94977254,0.54424185,-0.13903995,-1.0,1.2386713,-1.88397,2.74743,-1.88397,-2.74743,1.88397,5.6547,-0.513,1.0278106,-0.2466,1.5462,-0.513,0.5165552,-0.2466,-0.2943,-0.48949903,1.539,-0.2466,-0.2943,1.3215064,0.7431945,0.48418555,-0.23598
157,2.6339999999999315,-0.21729787,-1.0,1.0,-1.0,-1.0,0.58636653,1.0,-1.0,0.4353793,-1.0,1.0,-1.0,-0.13544197,-1.0,-1.0,-0.9511444,1.0,-1.0,-1.0,0.9490685,0.5422217,-0.13848339,-1.0,1.2024478,-1.88397,2.74743,-1.88397,-2.74743,1.88397,5.6547,-0.513,1.0293169,-0.2466,1.5462,-0.513,0.51403654,-0.2466,-0.2943,-0.48793706,1.539,-0.2466,-0.2943,1.3211473,0.74198085,0.4846671,-0.23598
158,2.6519999999999295,-0.21451099,-1.0,1.0,-1.0,-1.0,0.58685416,1.0,-1.0,0.43611053,-1.0,1.0,-1.0,-0.13887668,-1.0,-1.0,-0.9483015,1.0,-1.0,-1.0,0.94722265,0.5398142,-0.13824613,-1.0,1.1666888,-1.88397,2.74743,-1.88397,-2.74743,1.88397,5.6547,-0.513,1.029977,-0.2466,1.5462,-0.513,0.510936,-0.2466,-0.2943,-0.48647866,1.539,-0.2466,-0.2943,1.320206,0.7405345,0.48487237,-0.23598
159,2.6679999999999278,-0.2111143,-1.0,1.0,-1.0,-1.0,0.58624065,1.0,-1.0,0.43556958,-1.0,1.0,-1.0,-0.14349268,-1.0,-1.0,-0.945671,1.0,-1.0,-1.0,0.94398767,0.5370802,-0.1384285,-1.0,1.1314961,-1.88397,2.74743,-1.88397,-2.74743,1.88397,5.6547,-0.513,1.0294887,-0.2466,1.5462,-0.513,0.5067692,-0.2466,-0.2943,-0.48512924,1.539,-0.2466,-0.2943,1.3185563,0.738892,0.4847146,-0.23598
160,2.683999999999926,-0.20845495,-1.0,1.0,-1.0,-1.0,0.5864228,1.0,-1.0,0.43604428,-1.0,1.0,-1.0,-0.14734413,-1.0,-1.0,-0.94251734,1.0,-1.0,-1.0,0.94140637,0.534819,-0.13911422,-1.0,1.0967466,-1.88397,2.74743,-1.88397,-2.74743,1.88397,5.6547,-0.513,1.0299171,-0.2466,1.5462,-0.513,0.50329244,-0.2466,-0.2943,-0.4835114,1.539,-0.2466,-0.2943,1.31724,0.73753357,0.4841213,-0.23598
161,2.701999999999924,-0.20533349,-1.0,1.0,-1.0,-1.0,0.5858868,1.0,-1.0,0.43566665,-1.0,1.0,-1.0,-0.1516978,-1.0,-1.0,-0.93961996,1.0,-1.0,-1.0,0.93787533,0.53210354,-0.1400218,-1.0,1.0625175,-1.88397,2.74743,-1.88397,-2.74743,1.88397,5.6547,-0.513,1.0295763,-0.2466,1.5462,-0.513,0.4993624,-0.2466,-0.2943,-0.48202503,1.539,-0.2466,-0.2943,1.3154393,0.7359022,0.48333603,-0.23598
162,2.7179999999999223,-0.20175765,-1.0,1.0,-1.0,-1.0,0.58449495,1.0,-1.0,0.4340573,-1.0,1.0,-1.0,-0.15718436,-1.0,-1.0,-0.9369398,1.0,-1.0,-1.0,0.93305457,0.5289464,-0.14133833,-1.0,1.0288845,-1.88397,2.74743,-1.88397,-2.74743,1.88397,5.6547,-0.513,1.0281235,-0.2466,1.5462,-0.513,0.49440968,-0.2466,-0.2943,-0.4806501,1.539,-0.2466,-0.2943,1.3129809,0.73400545,0.48219696,-0.23598
163,2.7339999999999205,-0.19883962,-1.0,1.0,-1.0,-1.0,0.58403325,1.0,-1.0,0.43354523,-1.0,1.0,-1.0,-0.16173261,-1.0,-1.0,-0.93370396,1.0,-1.0,-1.0,0.9290904,0.52615917,-0.14292769,-1.0,0.9957379,-1.88397,2.74743,-1.88397,-2.74743,1.88397,5.6547,-0.513,1.0276613,-0.2466,1.5462,-0.513,0.49030396,-0.2466,-0.2943,-0.47899014,1.539,-0.2466,-0.2943,1.3109593,0.732331,0.48082182,-0.23598
164,2.7519999999999185,-0.19558088,-1.0,1.0,-1.0,-1.0,0.5830341,1.0,-1.0,0.43226254,-1.0,1.0,-1.0,-0.16667582,-1.0,-1.0,-0.9307999,1.0,-1.0,-1.0,0.9243675,0.52285796,-0.1446288,-1.0,0.9631346,-1.88397,2.74743,-1.88397,-2.74743,1.88397,5.6547,-0.513,1.0265034,-0.2466,1.5462,-0.513,0.48584175,-0.2466,-0.2943,-0.47750035,1.539,-0.2466,-0.2943,1.308551,0.7303477,0.47935,-0.23598
165,2.7679999999999167,-0.19195671,-1.0,1.0,-1.0,-1.0,0.58142114,1.0,-1.0,0.42976597,-1.0,1.0,-1.0,-0.1727154,-1.0,-1.0,-0.92816204,1.0,-1.0,-1.0,0.9184601,0.51901937,-0.14669748,-1.0,0.9311354,-1.88397,2.74743,-1.88397,-2.74743,1.88397,5.6547,-0.513,1.0242498,-0.2466,1.5462,-0.513,0.4803898,-0.2466,-0.2943,-0.47614712,1.539,-0.2466,-0.2943,1.3055384,0.7280416,0.47756013,-0.23598
166,2.783999999999915,-0.18888073,-1.0,1.0,-1.0,-1.0,0.5807315,1.0,-1.0,0.42836532,-1.0,1.0,-1.0,-0.17773022,-1.0,-1.0,-0.92506784,1.0,-1.0,-1.0,0.91351485,0.5154482,-0.14882158,-1.0,0.899649,-1.88397,2.74743,-1.88397,-2.74743,1.88397,5.6547,-0.513,1.0229853,-0.2466,1.5462,-0.513,0.47586292,-0.2466,-0.2943,-0.4745598,1.539,-0.2466,-0.2943,1.3030165,0.7258962,0.47572234,-0.23598
167,2.801999999999913,-0.1857012,-1.0,1.0,-1.0,-1.0,0.5798003,1.0,-1.0,0.42643046,-1.0,1.0,-1.0,-0.18295287,-1.0,-1.0,-0.9224554,1.0,-1.0,-1.0,0.90816665,0.5113713,-0.1509177,-1.0,0.86869264,-1.88397,2.74743,-1.88397,-2.74743,1.88397,5.6547,-0.513,1.0212388,-0.2466,1.5462,-0.513,0.47114846,-0.2466,-0.2943,-0.4732196,1.539,-0.2466,-0.2943,1.3002893,0.7234469,0.47390875,-0.23598
168,2.8179999999999112,-0.18237947,-1.0,1.0,-1.0,-1.0,0.5787452,1.0,-1.0,0.4235225,-1.0,1.0,-1.0,-0.18913044,-1.0,-1.0,-0.9202954,1.0,-1.0,-1.0,0.9020012,0.5066478,-0.15320331,-1.0,0.83829,-1.88397,2.74743,-1.88397,-2.74743,1.88397,5.6547,-0.513,1.0186138,-0.2466,1.5462,-0.513,0.46557194,-0.2466,-0.2943,-0.47211155,1.539,-0.2466,-0.2943,1.2971451,0.7206092,0.4719312,-0.23598
169,2.8339999999999095,-0.17958875,-1.0,1.0,-1.0,-1.0,0.5786478,1.0,-1.0,0.42179337,-1.0,1.0,-1.0,-0.19417475,-1.0,-1.0,-0.91784626,1.0,-1.0,-1.0,0.8969514,0.50210696,-0.15531707,-1.0,0.80835253,-1.88397,2.74743,-1.88397,-2.74743,1.88397,5.6547,-0.513,1.0170529,-0.2466,1.5462,-0.513,0.46101844,-0.2466,-0.2943,-0.47085515,1.539,-0.2466,-0.2943,1.29457,0.71788114,0.47010234,-0.23598
170,2.8519999999999075,-0.17700355,-1.0,1.0,-1.0,-1.0,0.5786574,1.0,-1.0,0.41984585,-1.0,1.0,-1.0,-0.19921048,-1.0,-1.0,-0.91601425,1.0,-1.0,-1.0,0.8919084,0.49708194,-0.1572566,-1.0,0.778846,-1.88397,2.74743,-1.88397,-2.74743,1.88397,5.6547,-0.513,1.0152948,-0.2466,1.5462,-0.513,0.4564727,-0.2466,-0.2943,-0.4699153,1.539,-0.2466,-0.2943,1.2919983,0.7148623,0.46842423,-0.23598
171,2.8679999999999057,-0.17464247,-1.0,1.0,-1.0,-1.0,0.5791196,1.0,-1.0,0.41730422,-1.0,1.0,-1.0,-0.20501634,-1.0,-1.0,-0.9148783,1.0,-1.0,-1.0,0.88654244,0.4912418,-0.1591641,-1.0,0.7497331,-1.88397,2.74743,-1.88397,-2.74743,1.88397,5.6547,-0.513,1.0130005,-0.2466,1.5462,-0.513,0.45123175,-0.2466,-0.2943,-0.46933258,1.539,-0.2466,-0.2943,1.2892619,0.7113537,0.46677384,-0.23598
172,2.883999999999904,-0.17287129,-1.0,1.0,-1.0,-1.0,0.5805163,1.0,-1.0,0.41603586,-1.0,1.0,-1.0,-0.20959656,-1.0,-1.0,-0.91360754,1.0,-1.0,-1.0,0.88237315,0.48550043,-0.16078348,-1.0,0.7209155,-1.88397,2.74743,-1.88397,-2.74743,1.88397,5.6547,-0.513,1.0118556,-0.2466,1.5462,-0.513,0.44709718,-0.2466,-0.2943,-0.46868068,1.539,-0.2466,-0.2943,1.2871357,0.70790446,0.4653727,-0.23598
173,2.901999999999902,-0.17165428,-1.0,1.0,-1.0,-1.0,0.58226305,1.0,-1.0,0.41484246,-1.0,1.0,-1.0,-0.21394221,-1.0,-1.0,-0.91300017,1.0,-1.0,-1.0,0.8785387,0.47926033,-0.16216806,-1.0,0.6923007,-1.88397,2.74743,-1.88397,-2.74743,1.88397,5.6547,-0.513,1.0107783,-0.2466,1.5462,-0.513,0.44317436,-0.2466,-0.2943,-0.4683691,1.539,-0.2466,-0.2943,1.2851804,0.70415556,0.46417478,-0.23598
174,2.9179999999999002,-0.17119625,-1.0,1.0,-1.0,-1.0,0.5848768,1.0,-1.0,0.41343772,-1.0,1.0,-1.0,-0.21875446,-1.0,-1.0,-0.913279,1.0,-1.0,-1.0,0.8748336,0.47199675,-0.16342133,-1.0,0.6637623,-1.88397,2.74743,-1.88397,-2.74743,1.88397,5.6547,-0.513,1.0095103,-0.2466,1.5462,-0.513,0.43883035,-0.2466,-0.2943,-0.46851212,1.539,-0.2466,-0.2943,1.283291,0.69979185,0.46309042,-0.23598
175,2.9339999999998985,-0.17144601,-1.0,1.0,-1.0,-1.0,0.5883287,1.0,-1.0,0.4133578,-1.0,1.0,-1.0,-0.22222343,-1.0,-1.0,-0.9135218,1.0,-1.0,-1.0,0.8722567,0.4647411,-0.16447854,-1.0,0.63518226,-1.88397,2.74743,-1.88397,-2.74743,1.88397,5.6547,-0.513,1.009438,-0.2466,1.5462,-0.513,0.4356989,-0.2466,-0.2943,-0.4686367,1.539,-0.2466,-0.2943,1.2819768,0.6954329,0.4621757,-0.23598
176,2.9519999999998965,-0.17251563,-1.0,1.0,-1.0,-1.0,0.5924978,1.0,-1.0,0.4136528,-1.0,1.0,-1.0,-0.22543788,-1.0,-1.0,-0.9146847,1.0,-1.0,-1.0,0.87023777,0.45673308,-0.16521698,-1.0,0.60642385,-1.88397,2.74743,-1.88397,-2.74743,1.88397,5.6547,-0.513,1.0097044,-0.2466,1.5462,-0.513,0.43279722,-0.2466,-0.2943,-0.46923324,1.539,-0.2466,-0.2943,1.2809473,0.6906219,0.4615368,-0.23598
177,2.9679999999998947,-0.1747297,-1.0,1.0,-1.0,-1.0,0.5981383,1.0,-1.0,0.4141533,-1.0,1.0,-1.0,-0.22910291,-1.0,-1.0,-0.9173309,1.0,-1.0,-1.0,0.8687369,0.44718885,-0.16557625,-1.0,0.57729644,-1.88397,2.74743,-1.88397,-2.74743,1.88397,5.6547,-0.513,1.0101562,-0.2466,1.5462,-0.513,0.4294888,-0.2466,-0.2943,-0.47059077,1.539,-0.2466,-0.2943,1.2801819,0.684888,0.46122596,-0.23598
178,2.983999999999893,-0.17745136,-1.0,1.0,-1.0,-1.0,0.6042749,1.0,-1.0,0.4157321,-1.0,1.0,-1.0,-0.23152465,-1.0,-1.0,-0.9201353,1.0,-1.0,-1.0,0.86796397,0.43750218,-0.16586065,-1.0,0.5477153,-1.88397,2.74743,-1.88397,-2.74743,1.88397,5.6547,-0.513,1.0115813,-0.2466,1.5462,-0.513,0.4273027,-0.2466,-0.2943,-0.47202942,1.539,-0.2466,-0.2943,1.2797878,0.67906857,0.46097988,-0.23598
179,3.001999999999891,-0.24869294,-0.9916988,1.0,-1.0,-0.9285987,0.49621058,1.0,-1.0,0.24175309,-1.0,1.0,-1.0,-0.25450644,-1.0,-1.0,-1.0,1.0,-1.0,-1.0,0.82842606,0.4624704,-0.14005981,-1.0,0.5062582,-1.88397,2.74743,-1.88397,-2.74743,1.88397,5.6547,-0.513,0.8545305,-0.2466,1.5462,-0.513,0.40655702,-0.2466,-0.2943,-0.513,1.539,-0.2466,-0.2943,1.2596253,0.69406873,0.48330316,-0.23598
180,3.017999999999889,-0.22849543,-1.0,1.0,-1.0,-0.91950196,0.4963321,1.0,-1.0,0.24614842,-1.0,1.0,-1.0,-0.22865483,-1.0,-1.0,-1.0,1.0,-1.0,-1.0,0.8224877,0.42715767,-0.10959375,-1.0,0.468168,-1.88397,2.74743,-1.88397,-2.74743,1.88397,5.6547,-0.513,0.85849816,-0.2466,1.5462,-0.513,0.42989329,-0.2466,-0.2943,-0.513,1.539,-0.2466,-0.2943,1.256597,0.6728539,0.50966287,-0.23598
181,3.0339999999998875,-0.2298495,-0.9866294,1.0,-1.0,-0.90295655,0.4813385,1.0,-1.0,0.22712226,-1.0,1.0,-1.0,-0.22845544,-1.0,-1.0,-1.0,0.980969,-1.0,-1.0,0.8122176,0.42126536,-0.112419516,-1.0,0.42985207,-1.88397,2.74743,-1.88397,-2.74743,1.88397,5.6547,-0.513,0.84132326,-0.2466,1.5462,-0.513,0.43007326,-0.2466,-0.2943,-0.513,1.5218208,-0.2466,-0.2943,1.2513597,0.669314,0.50721794,-0.23598
182,3.0519999999998855,-0.23868023,-0.9936525,1.0,-1.0,-0.8963507,0.4745117,1.0,-1.0,0.21870403,-1.0,1.0,-1.0,-0.22214872,-1.0,-1.0,-1.0,0.9395529,-1.0,-1.0,0.806025,0.40333626,-0.11394332,-1.0,0.3900641,-1.88397,2.74743,-1.88397,-2.74743,1.88397,5.6547,-0.513,0.83372414,-0.2466,1.5462,-0.513,0.43576634,-0.2466,-0.2943,-0.513,1.4844344,-0.2466,-0.2943,1.2482017,0.65854275,0.50589955,-0.23598
183,3.0679999999998837,-0.24689887,-1.0,1.0,-1.0,-0.88228625,0.48051727,1.0,-1.0,0.21589778,-1.0,1.0,-1.0,-0.22261134,-1.0,-1.0,-1.0,0.91592056,-1.0,-1.0,0.8072255,0.38510206,-0.1090439,-1.0,0.34890604,-1.88397,2.74743,-1.88397,-2.74743,1.88397,5.6547,-0.513,0.83119094,-0.2466,1.5462,-0.513,0.43534875,-0.2466,-0.2943,-0.513,1.4631015,-0.2466,-0.2943,1.248814,0.6475882,0.5101386,-0.23598
184,3.083999999999882,-0.2534415,-1.0,1.0,-1.0,-0.8709832,0.48362693,1.0,-1.0,0.21249248,-1.0,1.0,-1.0,-0.22049561,-1.0,-1.0,-1.0,0.8950362,-1.0,-1.0,0.8049528,0.36907172,-0.1083245,-1.0,0.30665734,-1.88397,2.74743,-1.88397,-2.74743,1.88397,5.6547,-0.513,0.82811695,-0.2466,1.5462,-0.513,0.4372586,-0.2466,-0.2943,-0.513,1.4442492,-0.2466,-0.2943,1.247655,0.63795763,0.510761,-0.23598
185,3.10199999999988,-0.2630244,-1.0,1.0,-1.0,-0.86129844,0.48817122,1.0,-1.0,0.21069865,-1.0,1.0,-1.0,-0.21697253,-1.0,-1.0,-1.0,0.87311834,-1.0,-1.0,0.80309606,0.3510791,-0.10896361,-1.0,0.26281118,-1.88397,2.74743,-1.88397,-2.74743,1.88397,5.6547,-0.513,0.8264977,-0.2466,1.5462,-0.513,0.4404389,-0.2466,-0.2943,-0.513,1.4244639,-0.2466,-0.2943,1.2467082,0.6271483,0.5102081,-0.23598
186,3.117999999999878,-0.2740506,-1.0,1.0,-1.0,-0.85036004,0.49379802,1.0,-1.0,0.2096378,-1.0,1.0,-1.0,-0.21217234,-1.0,-1.0,-1.0,0.8512241,-1.0,-1.0,0.8010037,0.33076343,-0.110237315,-1.0,0.21712695,-1.88397,2.74743,-1.88397,-2.74743,1.88397,5.6547,-0.513,0.82554007,-0.2466,1.5462,-0.513,0.44477203,-0.2466,-0.2943,-0.513,1.4047,-0.2466,-0.2943,1.2456411,0.6149432,0.50910604,-0.23598
187,3.1339999999998764,-0.2851603,-1.0,1.0,-1.0,-0.8420952,0.49903035,1.0,-1.0,0.21032964,-1.0,1.0,-1.0,-0.20504135,-1.0,-1.0,-1.0,0.8291485,-1.0,-1.0,0.7981792,0.30936614,-0.11258276,-1.0,0.16959073,-1.88397,2.74743,-1.88397,-2.74743,1.88397,5.6547,-0.513,0.82616454,-0.2466,1.5462,-0.513,0.4512092,-0.2466,-0.2943,-0.513,1.3847723,-0.2466,-0.2943,1.2442008,0.6020884,0.5070767,-0.23598
188,3.1519999999998745,-0.29464227,-1.0,1.0,-1.0,-0.8323763,0.5034342,1.0,-1.0,0.21113221,-1.0,1.0,-1.0,-0.19735375,-1.0,-1.0,-1.0,0.8078029,-1.0,-1.0,0.7943564,0.28656065,-0.11420654,-1.0,0.120473854,-1.88397,2.74743,-1.88397,-2.74743,1.88397,5.6547,-0.513,0.82688904,-0.2466,1.5462,-0.513,0.45814878,-0.2466,-0.2943,-0.513,1.3655037,-0.2466,-0.2943,1.2422513,0.58838755,0.5056718,-0.23598
189,3.1679999999998727,-0.30307704,-1.0,1.0,-1.0,-0.8217551,0.5073475,1.0,-1.0,0.2121528,-1.0,1.0,-1.0,-0.18908496,-1.0,-1.0,-1.0,0.7850311,-1.0,-1.0,0.78964466,0.26185268,-0.11503179,-1.0,0.069950916,-1.88397,2.74743,-1.88397,-2.74743,1.88397,5.6547,-0.513,0.82781035,-0.2466,1.5462,-0.513,0.465613,-0.2466,-0.2943,-0.513,1.3449476,-0.2466,-0.2943,1.2398486,0.5735437,0.5049578,-0.23598
190,3.183999999999871,-0.30868608,-1.0,1.0,-1.0,-0.8114504,0.5097123,1.0,-1.0,0.2129379,-1.0,1.0,-1.0,-0.18075806,-1.0,-1.0,-1.0,0.7638496,-1.0,-1.0,0.7834961,0.23787308,-0.1156861,-1.0,0.018492945,-1.88397,2.74743,-1.88397,-2.74743,1.88397,5.6547,-0.513,0.82851905,-0.2466,1.5462,-0.513,0.4731297,-0.2466,-0.2943,-0.513,1.325827,-0.2466,-0.2943,1.236713,0.5591375,0.5043917,-0.23598
191,3.201999999999869,-0.3115974,-1.0,1.0,-1.0,-0.80036265,0.51097524,1.0,-1.0,0.21292709,-1.0,1.0,-1.0,-0.17363189,-1.0,-1.0,-1.0,0.7438899,-1.0,-1.0,0.7765788,0.21493393,-0.1152976,-1.0,-0.033450343,-1.88397,2.74743,-1.88397,-2.74743,1.88397,5.6547,-0.513,0.8285093,-0.2466,1.5462,-0.513,0.4795625,-0.2466,-0.2943,-0.513,1.3078095,-0.2466,-0.2943,1.2331855,0.5453564,0.5047278,-0.23598
192,3.217999999999867,-0.31239766,-1.0,0.99684626,-1.0,-0.7890539,0.51269823,1.0,-1.0,0.21256791,-1.0,1.0,-1.0,-0.16787733,-1.0,-1.0,-1.0,0.7238266,-1.0,-1.0,0.7698762,0.19361806,-0.1133475,-1.0,-0.08552703,-1.88397,2.74743,-1.88397,-2.74743,1.88397,5.6547,-0.513,0.8281851,-0.2466,1.5462,-0.513,0.48475713,-0.2466,-0.2943,-0.513,1.2896982,-0.2466,-0.2943,1.2297676,0.5325505,0.50641507,-0.23598
193,3.2339999999998654,-0.31127244,-1.0,0.9882156,-1.0,-0.77997196,0.51437706,1.0,-1.0,0.2120343,-1.0,1.0,-1.0,-0.16363762,-1.0,-1.0,-1.0,0.70603174,-1.0,-1.0,0.7635747,0.17625754,-0.11118737,-1.0,-0.13741615,-1.88397,2.74743,-1.88397,-2.74743,1.88397,5.6547,-0.513,0.82770336,-0.2466,1.5462,-0.513,0.4885843,-0.2466,-0.2943,-0.513,1.2736349,-0.2466,-0.2943,1.2265542,0.52212083,0.50828403,-0.23598
194,3.2519999999998634,-0.30912685,-1.0,0.98043245,-1.0,-0.7717816,0.5163963,1.0,-1.0,0.21114399,-1.0,1.0,-1.0,-0.1615124,-1.0,-1.0,-1.0,0.6900117,-1.0,-1.0,0.7584077,0.16210106,-0.108130336,-1.0,-0.1889476,-1.88397,2.74743,-1.88397,-2.74743,1.88397,5.6547,-0.513,0.82689965,-0.2466,1.5462,-0.513,0.49050274,-0.2466,-0.2943,-0.513,1.2591735,-0.2466,-0.2943,1.2239192,0.513616,0.510929,-0.23598
195,3.2679999999998617,-0.30725247,-1.0,0.97206706,-1.0,-0.76497966,0.51954246,1.0,-1.0,0.21045925,-1.0,1.0,-1.0,-0.16067071,-1.0,-1.0,-1.0,0.6738756,-1.0,-1.0,0.7548234,0.15034813,-0.104286745,-1.0,-0.24016657,-1.88397,2.74743,-1.88397,-2.74743,1.88397,5.6547,-0.513,0.82628155,-0.2466,1.5462,-0.513,0.49126256,-0.2466,-0.2943,-0.513,1.2446074,-0.2466,-0.2943,1.2220913,0.50655526,0.51425457,-0.23598
196,3.28399999999986,-0.3059557,-1.0,0.96343154,-1.0,-0.76078916,0.52266794,1.0,-1.0,0.21009897,-1.0,1.0,-1.0,-0.16002908,-1.0,-1.0,-1.0,0.6592758,-1.0,-1.0,0.75216,0.14147988,-0.101195626,-1.0,-0.2911694,-1.88397,2.74743,-1.88397,-2.74743,1.88397,5.6547,-0.513,0.82595634,-0.2466,1.5462,-0.513,0.49184173,-0.2466,-0.2943,-0.513,1.2314283,-0.2466,-0.2943,1.2207332,0.50122744,0.51692903,-0.23598
197,3.301999999999858,-0.3049929,-1.0,0.95472604,-1.0,-0.7576309,0.52577716,1.0,-1.0,0.20970304,-1.0,1.0,-1.0,-0.15978613,-1.0,-1.0,-1.0,0.6456282,-1.0,-1.0,0.75033706,0.13452616,-0.09819028,-1.0,-0.34201172,-1.88397,2.74743,-1.88397,-2.74743,1.88397,5.6547,-0.513,0.82559896,-0.2466,1.5462,-0.513,0.49206105,-0.2466,-0.2943,-0.513,1.2191086,-0.2466,-0.2943,1.2198036,0.4970499,0.5195293,-0.23598
198,3.317999999999856,-0.3045528,-1.0,0.9450161,-1.0,-0.75543076,0.52935064,1.0,-1.0,0.20934476,-1.0,1.0,-1.0,-0.1597706,-1.0,-1.0,-1.0,0.63122976,-1.0,-1.0,0.749268,0.12868029,-0.09508762,-1.0,-0.39278066,-1.88397,2.74743,-1.88397,-2.74743,1.88397,5.6547,-0.513,0.82527554,-0.2466,1.5462,-0.513,0.4920751,-0.2466,-0.2943,-0.513,1.2061111,-0.2466,-0.2943,1.2192583,0.49353787,0.52221376,-0.23598
199,3.3339999999998544,-0.30446106,-1.0,0.9351036,-1.0,-0.7550433,0.5326704,1.0,-1.0,0.20915638,-1.0,1.0,-1.0,-0.1595277,-1.0,-1.0,-1.0,0.6182025,-1.0,-1.0,0.74856496,0.124749415,-0.0928462,-1.0,-0.4435343,-1.88397,2.74743,-1.88397,-2.74743,1.88397,5.6547,-0.513,0.8251055,-0.2466,1.5462,-0.513,0.49229434,-0.2466,-0.2943,-0.513,1.1943514,-0.2466,-0.2943,1.2188998,0.4911763,0.52415305,-0.23598
200,3.3519999999998524,-0.30427057,-1.0,0.9255108,-1.0,-0.7547274,0.5356051,1.0,-1.0,0.20863448,-1.0,1.0,-1.0,-0.159596,-1.0,-1.0,-1.0,0.60590273,-1.0,-1.0,0.748015,0.12167716,-0.09067765,-1.0,-0.49425623,-1.88397,2.74743,-1.88397,-2.74743,1.88397,5.6547,-0.513,0.8246344,-0.2466,1.5462,-0.513,0.49223268,-0.2466,-0.2943,-0.513,1.1832484,-0.2466,-0.2943,1.2186193,0.4893306,0.52602935,-0.23598
201,3.3679999999998507,-0.30433762,-1.0,0.9153485,-1.0,-0.7546449,0.5386576,1.0,-1.0,0.20791115,-1.0,1.0,-1.0,-0.15993528,-1.0,-1.0,-1.0,0.59286696,-1.0,-1.0,0.7477566,0.11901146,-0.088385746,-1.0,-0.5449893,-1.88397,2.74743,-1.88397,-2.74743,1.88397,5.6547,-0.513,0.8239814,-0.2466,1.5462,-0.513,0.49192643,-0.2466,-0.2943,-0.513,1.171481,-0.2466,-0.2943,1.2184876,0.48772913,0.52801234,-0.23598
202,3.3859999999998487,-0.3046447,-1.0,0.9053685,-1.0,-0.7555716,0.5413586,1.0,-1.0,0.20724346,-1.0,1.0,-1.0,-0.16009091,-1.0,-1.0,-1.0,0.5810599,-1.0,-1.0,0.7476197,0.11751376,-0.08675216,-1.0,-0.5957736,-1.88397,2.74743,-1.88397,-2.74743,1.88397,5.6547,-0.513,0.8233787,-0.2466,1.5462,-0.513,0.49178594,-0.2466,-0.2943,-0.513,1.1608227,-0.2466,-0.2943,1.2184178,0.48682937,0.52942574,-0.23598
203,3.401999999999847,-0.3046714,-1.0,0.89566016,-1.0,-0.7558818,0.54389817,1.0,-1.0,0.2060286,-1.0,1.0,-1.0,-0.16089109,-1.0,-1.0,-1.0,0.56857514,-1.0,-1.0,0.74738944,0.11594282,-0.084758095,-1.0,-0.6465623,-1.88397,2.74743,-1.88397,-2.74743,1.88397,5.6547,-0.513,0.822282,-0.2466,1.5462,-0.513,0.49106362,-0.2466,-0.2943,-0.513,1.1495528,-0.2466,-0.2943,1.2183003,0.4858856,0.531151,-0.23598
204,3.417999999999845,-0.30506063,-1.0,0.8863499,-1.0,-0.75706697,0.546173,1.0,-1.0,0.20496489,-1.0,1.0,-1.0,-0.16152382,-1.0,-1.0,-1.0,0.55729437,-1.0,-1.0,0.7472934,0.11523177,-0.08338397,-1.0,-0.6974159,-1.88397,2.74743,-1.88397,-2.74743,1.88397,5.6547,-0.513,0.8213218,-0.2466,1.5462,-0.513,0.49049246,-0.2466,-0.2943,-0.513,1.1393696,-0.2466,-0.2943,1.2182513,0.4854584,0.53233993,-0.23598
205,3.435999999999843,-0.30510098,-1.0,0.8780601,-1.0,-0.75776386,0.54805005,1.0,-1.0,0.20348285,-1.0,1.0,-1.0,-0.16262922,-1.0,-1.0,-1.0,0.5463495,-1.0,-1.0,0.7469763,0.114594914,-0.08195354,-1.0,-0.74827623,-1.88397,2.74743,-1.88397,-2.74743,1.88397,5.6547,-0.513,0.81998396,-0.2466,1.5462,-0.513,0.4894946,-0.2466,-0.2943,-0.513,1.1294897,-0.2466,-0.2943,1.2180897,0.4850758,0.53357756,-0.23598
206,3.4519999999998414,-0.30518055,-1.0,0.86988705,-1.0,-0.758514,0.55009174,1.0,-1.0,0.20175175,-1.0,1.0,-1.0,-0.16427882,-1.0,-1.0,-1.0,0.5344115,-1.0,-1.0,0.7466055,0.11379808,-0.08042976,-1.0,-0.7991499,-1.88397,2.74743,-1.88397,-2.74743,1.88397,5.6547,-0.513,0.8184213,-0.2466,1.5462,-0.513,0.48800552,-0.2466,-0.2943,-0.513,1.1187133,-0.2466,-0.2943,1.2179006,0.4845971,0.53489596,-0.23598
207,3.4679999999998397,-0.3053782,-1.0,0.86249286,-1.0,-0.75962037,0.5519396,1.0,-1.0,0.20010875,-1.0,1.0,-1.0,-0.16596386,-1.0,-1.0,-1.0,0.5235404,-1.0,-1.0,0.74624854,0.113423966,-0.07927398,-1.0,-0.8500564,-1.88397,2.74743,-1.88397,-2.74743,1.88397,5.6547,-0.513,0.81693816,-0.2466,1.5462,-0.513,0.48648444,-0.2466,-0.2943,-0.513,1.1089,-0.2466,-0.2943,1.2177186,0.48437235,0.53589594,-0.23598
208,3.4859999999998377,-0.30518013,-1.0,0.85611993,-1.0,-0.7603297,0.55350035,1.0,-1.0,0.1981064,-1.0,1.0,-1.0,-0.1681279,-1.0,-1.0,-1.0,0.5127834,-1.0,-1.0,0.74556446,0.11293868,-0.07810739,-1.0,-0.9009299,-1.88397,2.74743,-1.88397,-2.74743,1.88397,5.6547,-0.513,0.81513065,-0.2466,1.5462,-0.513,0.48453096,-0.2466,-0.2943,-0.513,1.0991896,-0.2466,-0.2943,1.2173697,0.4840808,0.5369053,-0.23598
209,3.501999999999836,-0.3047536,-1.0,0.8500699,-1.0,-0.7610175,0.555284,1.0,-1.0,0.19576626,-1.0,1.0,-1.0,-0.17101172,-1.0,-1.0,-1.0,0.5008372,-1.0,-1.0,0.74461186,0.11215605,-0.07683502,-1.0,-0.95173234,-1.88397,2.74743,-1.88397,-2.74743,1.88397,5.6547,-0.513,0.8130182,-0.2466,1.5462,-0.513,0.48192772,-0.2466,-0.2943,-0.513,1.0884057,-0.2466,-0.2943,1.2168839,0.4836106,0.5380062,-0.23598
210,3.517999999999834,-0.30428857,-1.0,0.8448877,-1.0,-0.761664,0.5568339,1.0,-1.0,0.19339605,-1.0,1.0,-1.0,-0.17407675,-1.0,-1.0,-1.0,0.48986796,-1.0,-1.0,0.74359244,0.111573994,-0.07575707,-1.0,-1.0024573,-1.88397,2.74743,-1.88397,-2.74743,1.88397,5.6547,-0.513,0.81087863,-0.2466,1.5462,-0.513,0.4791609,-0.2466,-0.2943,-0.513,1.0785038,-0.2466,-0.2943,1.216364,0.48326093,0.5389388,-0.23598
211,3.535999999999832,-0.30324,-1.0,0.8406092,-1.0,-0.7618161,0.55809313,1.0,-1.0,0.19056655,-1.0,1.0,-1.0,-0.17769077,-1.0,-1.0,-1.0,0.47879234,-1.0,-1.0,0.74212,0.11084287,-0.07460947,-1.0,-1.0530074,-1.88397,2.74743,-1.88397,-2.74743,1.88397,5.6547,-0.513,0.80832446,-0.2466,1.5462,-0.513,0.47589853,-0.2466,-0.2943,-0.513,1.0685059,-0.2466,-0.2943,1.2156132,0.4828217,0.5399318,-0.23598
212,3.5519999999998304,-0.30158365,-1.0,0.8367172,-1.0,-0.76164937,0.5594255,1.0,-1.0,0.18710564,-1.0,1.0,-1.0,-0.18223868,-1.0,-1.0,-1.0,0.46630213,-1.0,-1.0,0.74009144,0.10979119,-0.073287755,-1.0,-1.1032814,-1.88397,2.74743,-1.88397,-2.74743,1.88397,5.6547,-0.513,0.8052003,-0.2466,1.5462,-0.513,0.47179314,-0.2466,-0.2943,-0.513,1.057231,-0.2466,-0.2943,1.2145787,0.48218986,0.54107535,-0.23598
213,3.5679999999998286,-0.29960895,-1.0,0.8337827,-1.0,-0.76072186,0.56016934,1.0,-1.0,0.18321688,-1.0,1.0,-1.0,-0.1871816,-1.0,-1.0,-1.0,0.45474508,-1.0,-1.0,0.7377713,0.10881242,-0.07197057,-1.0,-1.1532261,-1.88397,2.74743,-1.88397,-2.74743,1.88397,5.6547,-0.513,0.80168986,-0.2466,1.5462,-0.513,0.46733117,-0.2466,-0.2943,-0.513,1.0467983,-0.2466,-0.2943,1.2133956,0.48160186,0.542215,-0.23598
214,3.5859999999998267,-0.2967888,-1.0,0.8316213,-1.0,-0.758961,0.5603894,1.0,-1.0,0.17858072,-1.0,1.0,-1.0,-0.19273737,-1.0,-1.0,-1.0,0.4429436,-1.0,-1.0,0.73478484,0.10774158,-0.0705239,-1.0,-1.2027009,-1.88397,2.74743,-1.88397,-2.74743,1.88397,5.6547,-0.513,0.79750484,-0.2466,1.5462,-0.513,0.46231598,-0.2466,-0.2943,-0.513,1.0361452,-0.2466,-0.2943,1.2118726,0.48095852,0.5434667,-0.23598
215,3.601999999999825,-0.29305583,-1.0,0.82987446,-1.0,-0.7564588,0.5605265,1.0,-1.0,0.17304863,-1.0,1.0,-1.0,-0.19927976,-1.0,-1.0,-1.0,0.42962116,-1.0,-1.0,0.7310425,0.10641403,-0.06879359,-1.0,-1.2515533,-1.88397,2.74743,-1.88397,-2.74743,1.88397,5.6547,-0.513,0.792511,-0.2466,1.5462,-0.513,0.45641017,-0.2466,-0.2943,-0.513,1.024119,-0.2466,-0.2943,1.2099642,0.48016098,0.5449638,-0.23598
216,3.617999999999823,-0.28909808,-1.0,0.82902354,-1.0,-0.7527445,0.56006664,1.0,-1.0,0.167093,-1.0,1.0,-1.0,-0.20602755,-1.0,-1.0,-1.0,0.41733786,-1.0,-1.0,0.7271537,0.10514729,-0.06685853,-1.0,-1.2997459,-1.88397,2.74743,-1.88397,-2.74743,1.88397,5.6547,-0.513,0.7871348,-0.2466,1.5462,-0.513,0.45031893,-0.2466,-0.2943,-0.513,1.0130309,-0.2466,-0.2943,1.2079811,0.47939995,0.546638,-0.23598
217,3.635999999999821,-0.28432178,-1.0,0.8288439,-1.0,-0.7481183,0.55929714,1.0,-1.0,0.16054992,-1.0,1.0,-1.0,-0.21310705,-1.0,-1.0,-1.0,0.4047567,-1.0,-1.0,0.72283036,0.103965305,-0.06459302,-1.0,-1.3471423,-1.88397,2.74743,-1.88397,-2.74743,1.88397,5.6547,-0.513,0.7812284,-0.2466,1.5462,-0.513,0.44392827,-0.2466,-0.2943,-0.513,1.0016738,-0.2466,-0.2943,1.2057763,0.47868985,0.5485982,-0.23598
218,3.6519999999998194,-0.27855635,-1.0,0.8293354,-1.0,-0.74233973,0.5586201,1.0,-1.0,0.15320025,-1.0,1.0,-1.0,-0.2209173,-1.0,-1.0,-1.0,0.39068615,-1.0,-1.0,0.71802235,0.102764666,-0.06166949,-1.0,-1.3935777,-1.88397,2.74743,-1.88397,-2.74743,1.88397,5.6547,-0.513,0.7745939,-0.2466,1.5462,-0.513,0.43687797,-0.2466,-0.2943,-0.513,0.98897237,-0.2466,-0.2943,1.2033246,0.47796854,0.5511276,-0.23598
219,3.6679999999998176,-0.27282423,-1.0,0.8307385,-1.0,-0.73494244,0.5575224,1.0,-1.0,0.145662,-1.0,1.0,-1.0,-0.22845009,-1.0,-1.0,-1.0,0.37785086,-1.0,-1.0,0.7134884,0.10179253,-0.05821287,-1.0,-1.4390575,-1.88397,2.74743,-1.88397,-2.74743,1.88397,5.6547,-0.513,0.76778907,-0.2466,1.5462,-0.513,0.4300781,-0.2466,-0.2943,-0.513,0.977386,-0.2466,-0.2943,1.2010124,0.47738454,0.55411834,-0.23598
220,3.6859999999998156,-0.26642478,-1.0,0.8327584,-1.0,-0.72661364,0.5563965,1.0,-1.0,0.13785751,-1.0,1.0,-1.0,-0.235836,-1.0,-1.0,-1.0,0.36478725,-1.0,-1.0,0.7088815,0.10111955,-0.054207515,-1.0,-1.4834706,-1.88397,2.74743,-1.88397,-2.74743,1.88397,5.6547,-0.513,0.760744,-0.2466,1.5462,-0.513,0.42341083,-0.2466,-0.2943,-0.513,0.96559346,-0.2466,-0.2943,1.1986631,0.4769802,0.55758387,-0.23598
221,3.701999999999814,-0.2591071,-1.0,0.83550894,-1.0,-0.7168864,0.55547565,1.0,-1.0,0.12948565,-1.0,1.0,-1.0,-0.243422,-1.0,-1.0,-1.0,0.3505107,-1.0,-1.0,0.7040768,0.10066089,-0.049313325,-1.0,-1.5266637,-1.88397,2.74743,-1.88397,-2.74743,1.88397,5.6547,-0.513,0.7531867,-0.2466,1.5462,-0.513,0.41656294,-0.2466,-0.2943,-0.513,0.952706,-0.2466,-0.2943,1.1962129,0.4767047,0.56181836,-0.23598
222,3.717999999999812,-0.25213873,-1.0,0.8384791,-1.0,-0.70587516,0.55416507,1.0,-1.0,0.121259734,-1.0,1.0,-1.0,-0.2500351,-1.0,-1.0,-1.0,0.33778065,-1.0,-1.0,0.6996818,0.10058172,-0.044072967,-1.0,-1.5686952,-1.88397,2.74743,-1.88397,-2.74743,1.88397,5.6547,-0.513,0.74576116,-0.2466,1.5462,-0.513,0.4105933,-0.2466,-0.2943,-0.513,0.9412146,-0.2466,-0.2943,1.1939716,0.47665712,0.5663524,-0.23598
223,3.73599999999981,-0.24492155,-1.0,0.8416263,-1.0,-0.6947158,0.55265844,1.0,-1.0,0.11303188,-1.0,1.0,-1.0,-0.25599462,-1.0,-1.0,-1.0,0.32516214,-1.0,-1.0,0.69521916,0.10090941,-0.038833812,-1.0,-1.6095237,-1.88397,2.74743,-1.88397,-2.74743,1.88397,5.6547,-0.513,0.7383339,-0.2466,1.5462,-0.513,0.40521365,-0.2466,-0.2943,-0.513,0.9298239,-0.2466,-0.2943,1.1916959,0.47685397,0.5708854,-0.23598
224,3.7519999999998084,-0.23821406,-1.0,0.84588265,-1.0,-0.68151253,0.54964995,1.0,-1.0,0.103400394,-1.0,1.0,-1.0,-0.26139182,-1.0,-1.0,-1.0,0.3114605,-1.0,-1.0,0.69029117,0.10154522,-0.03375166,-1.0,-1.6492339,-1.88397,2.74743,-1.88397,-2.74743,1.88397,5.6547,-0.513,0.72963953,-0.2466,1.5462,-0.513,0.4003416,-0.2466,-0.2943,-0.513,0.9174554,-0.2466,-0.2943,1.1891829,0.47723594,0.5752826,-0.23598
225,3.7679999999998066,-0.23688532,-1.0,0.8514861,-1.0,-0.6606215,0.53782946,1.0,-1.0,0.08737342,-1.0,1.0,-1.0,-0.26249596,-1.0,-1.0,-1.0,0.295841,-1.0,-1.0,0.6835722,0.1047543,-0.032017116,-1.0,-1.6887227,-1.88397,2.74743,-1.88397,-2.74743,1.88397,5.6547,-0.513,0.715172,-0.2466,1.5462,-0.513,0.3993449,-0.2466,-0.2943,-0.513,0.90335566,-0.2466,-0.2943,1.1857566,0.47916386,0.5767833,-0.23598
226,3.7859999999998046,-0.23003371,-1.0,0.84678435,-1.0,-0.62107265,0.500219,1.0,-1.0,0.04633863,-1.0,1.0,-1.0,-0.25783473,-1.0,-1.0,-1.0,0.26335976,-1.0,-1.0,0.6602456,0.11873592,-0.037926022,-1.0,-1.7270693,-1.88397,2.74743,-1.88397,-2.74743,1.88397,5.6547,-0.513,0.67812985,-0.2466,1.5462,-0.513,0.4035526,-0.2466,-0.2943,-0.513,0.8740348,-0.2466,-0.2943,1.173861,0.48756358,0.57167083,-0.23598
227,3.801999999999803,-0.18805467,-1.0,0.82446736,-1.0,-0.5768292,0.45398882,1.0,-1.0,-0.0154602155,-1.0,1.0,-1.0,-0.27359,-1.0,-1.0,-1.0,0.2004951,-1.0,-1.0,0.6110944,0.12706164,-0.040591404,-1.0,-1.758418,-1.88397,2.74743,-1.88397,-2.74743,1.88397,5.6547,-0.513,0.6223441,-0.2466,1.5462,-0.513,0.3893303,-0.2466,-0.2943,-0.513,0.8172869,-0.2466,-0.2943,1.1487962,0.49256542,0.5693647,-0.23598
228,3.817999999999801,-0.14745061,-1.0,0.80223554,-1.0,-0.5447716,0.41942963,1.0,-1.0,-0.063948974,-1.0,1.0,-1.0,-0.29732817,-1.0,-1.0,-1.0,0.149017,-1.0,-1.0,0.56743443,0.12164674,-0.04085336,-1.0,-1.7829981,-1.88397,2.74743,-1.88397,-2.74743,1.88397,5.6547,-0.513,0.5785733,-0.2466,1.5462,-0.513,0.36790186,-0.2466,-0.2943,-0.513,0.77081764,-0.2466,-0.2943,1.1265317,0.48931232,0.56913805,-0.23598
229,3.835999999999799,-0.12548128,-1.0,0.79330647,-1.0,-0.52533835,0.4012119,1.0,-1.0,-0.09010717,-1.0,1.0,-1.0,-0.31442297,-1.0,-1.0,-1.0,0.1202449,-1.0,-1.0,0.54306185,0.11162479,-0.03991343,-1.0,-1.8039157,-1.88397,2.74743,-1.88397,-2.74743,1.88397,5.6547,-0.513,0.55496025,-0.2466,1.5462,-0.513,0.3524704,-0.2466,-0.2943,-0.513,0.7448451,-0.2466,-0.2943,1.1141028,0.48329145,0.5699513,-0.23598
230,3.8519999999997974,-0.115768656,-1.0,0.7883408,-1.0,-0.5019391,0.3886287,1.0,-1.0,-0.1079925,-1.0,1.0,-1.0,-0.3295554,-1.0,-1.0,-1.0,0.08569509,-1.0,-1.0,0.5249872,0.08060455,-0.034117483,-1.0,-1.8232144,-1.88397,2.74743,-1.88397,-2.74743,1.88397,5.6547,-0.513,0.53881514,-0.2466,1.5462,-0.513,0.33881035,-0.2466,-0.2943,-0.513,0.71365696,-0.2466,-0.2943,1.1048856,0.46465543,0.574966,-0.23598
231,3.8679999999997956,-0.1088205,-1.0,0.76510036,-1.0,-0.44961488,0.35773113,1.0,-1.0,-0.13956007,-1.0,1.0,-1.0,-0.34826177,-1.0,-1.0,-1.0,0.033146083,-1.0,-1.0,0.4933432,0.016069114,-0.02391778,-1.0,-1.8413547,-1.88397,2.74743,-1.88397,-2.74743,1.88397,5.6547,-0.513,0.5103191,-0.2466,1.5462,-0.513,0.3219241,-0.2466,-0.2943,-0.513,0.66622096,-0.2466,-0.2943,1.0887486,0.42588454,0.58379096,-0.23598
232,3.8859999999997936,-0.08590245,-1.0,0.74578667,-1.0,-0.39469832,0.31947008,1.0,-1.0,-0.18040526,-1.0,1.0,-1.0,-0.36960417,-1.0,-1.0,-1.0,0.009733213,-1.0,-1.0,0.45457664,-0.014207892,-0.01947098,-1.0,-1.8556747,-1.88397,2.74743,-1.88397,-2.74743,1.88397,5.6547,-0.513,0.4734482,-0.2466,1.5462,-0.513,0.30265832,-0.2466,-0.2943,-0.513,0.64508617,-0.2466,-0.2943,1.0689795,0.40769503,0.58763844,-0.23598
233,3.901999999999792,-0.06293136,-0.9862465,0.73568493,-1.0,-0.36380893,0.29177195,1.0,-1.0,-0.21163453,-1.0,1.0,-1.0,-0.38534844,-1.0,-1.0,-1.0,0.0016995501,-1.0,-1.0,0.42534363,-0.01666715,-0.020872762,-1.0,-1.8661654,-1.88397,2.74743,-1.88397,-2.74743,1.88397,5.6547,-0.513,0.4452575,-0.2466,1.5462,-0.513,0.28844595,-0.2466,-0.2943,-0.513,0.6378342,-0.2466,-0.2943,1.054072,0.40621758,0.5864256,-0.23598
234,3.91799999999979,-0.04726001,-0.96979696,0.734331,-1.0,-0.34594935,0.27086422,1.0,-1.0,-0.23276268,-1.0,1.0,-1.0,-0.39449108,-1.0,-1.0,-1.0,-0.0039864257,-1.0,-1.0,0.4053245,-0.016963586,-0.023427801,-1.0,-1.8740436,-1.88397,2.74743,-1.88397,-2.74743,1.88397,5.6547,-0.513,0.42618513,-0.2466,1.5462,-0.513,0.2801929,-0.2466,-0.2943,-0.513,0.63270146,-0.2466,-0.2943,1.0438632,0.4060395,0.5842149,-0.23598
235,3.935999999999788,-0.036468998,-0.9620958,0.7385946,-0.99243313,-0.3342187,0.2579029,1.0,-1.0,-0.24585111,-1.0,1.0,-1.0,-0.40317905,-1.0,-1.0,-1.0,-0.008601937,-1.0,-1.0,0.39205518,-0.021632351,-0.02432919,-1.0,-1.880123,-1.88397,2.74743,-1.88397,-2.74743,1.88397,5.6547,-0.513,0.4143702,-0.2466,1.5462,-0.513,0.27235028,-0.2466,-0.2943,-0.513,0.62853503,-0.2466,-0.2943,1.0370964,0.40323466,0.583435,-0.23598
236,3.9519999999997864,-0.027647965,-0.9580875,0.7455102,-0.9879882,-0.32373196,0.24890682,1.0,-1.0,-0.255271,-1.0,1.0,-1.0,-0.4125207,-1.0,-1.0,-1.0,-0.01226218,-1.0,-1.0,0.38173258,-0.029663809,-0.023702761,-1.0,-1.8847319,-1.88397,2.74743,-1.88397,-2.74743,1.88397,5.6547,-0.513,0.4058669,-0.2466,1.5462,-0.513,0.26391757,-0.2466,-0.2943,-0.513,0.6252309,-0.2466,-0.2943,1.0318323,0.3984096,0.58397704,-0.23598
237,3.9679999999997846,-0.020935647,-0.95448893,0.75220203,-0.98555654,-0.31388217,0.2416234,1.0,-1.0,-0.2628676,-1.0,1.0,-1.0,-0.42149788,-1.0,-1.0,-1.0,-0.014057625,-1.0,-1.0,0.37357327,-0.03806924,-0.02265969,-1.0,-1.8882219,-1.88397,2.74743,-1.88397,-2.74743,1.88397,5.6547,-0.513,0.3990094,-0.2466,1.5462,-0.513,0.25581387,-0.2466,-0.2943,-0.513,0.6236102,-0.2466,-0.2943,1.0276715,0.39335987,0.5848795,-0.23598
238,3.9859999999997826,-0.014563486,-0.9513044,0.75934464,-0.983998,-0.30437952,0.23486084,1.0,-1.0,-0.26979148,-1.0,1.0,-1.0,-0.4304214,-1.0,-1.0,-1.0,-0.015325781,-1.0,-1.0,0.36592108,-0.04695431,-0.02154343,-1.0,-1.8906496,-1.88397,2.74743,-1.88397,-2.74743,1.88397,5.6547,-0.513,0.39275923,-0.2466,1.5462,-0.513,0.2477586,-0.2466,-0.2943,-0.513,0.62246543,-0.2466,-0.2943,1.0237693,0.388022,0.5858453,-0.23598
239,4.001999999999781,-0.008349426,-0.9480992,0.76719123,-0.98337704,-0.294689,0.22816521,1.0,-1.0,-0.27628273,-1.0,1.0,-1.0,-0.43963915,-1.0,-1.0,-1.0,-0.015398353,-1.0,-1.0,0.3584273,-0.05691696,-0.020518724,-1.0,-1.8920414,-1.88397,2.74743,-1.88397,-2.74743,1.88397,5.6547,-0.513,0.3868996,-0.2466,1.5462,-0.513,0.23943774,-0.2466,-0.2943,-0.513,0.6223999,-0.2466,-0.2943,1.0199478,0.38203675,0.5867319,-0.23598
240,4.0179999999997795,-0.003932975,-0.944382,0.7738744,-0.98353165,-0.28578007,0.22233188,1.0,-1.0,-0.2816216,-1.0,1.0,-1.0,-0.44792372,-1.0,-1.0,-1.0,-0.013478961,-1.0,-1.0,0.35247934,-0.06614306,-0.01983242,-1.0,-1.8926971,-1.88397,2.74743,-1.88397,-2.74743,1.88397,5.6547,-0.513,0.38208017,-0.2466,1.5462,-0.513,0.23195925,-0.2466,-0.2943,-0.513,0.6241325,-0.2466,-0.2943,1.0169146,0.376494,0.5873257,-0.23598
241,4.0359999999997775,-0.0004093796,-0.9408011,0.7800175,-0.9844981,-0.2777501,0.21718013,1.0,-1.0,-0.2859174,-1.0,1.0,-1.0,-0.4554016,-1.0,-1.0,-1.0,-0.010265227,-1.0,-1.0,0.34754437,-0.07505255,-0.019372765,-1.0,-1.8927653,-1.88397,2.74743,-1.88397,-2.74743,1.88397,5.6547,-0.513,0.37820235,-0.2466,1.5462,-0.513,0.22520898,-0.2466,-0.2943,-0.513,0.6270336,-0.2466,-0.2943,1.014398,0.37114143,0.5877234,-0.23598
242,4.051999999999776,0.002108924,-0.9371069,0.7856402,-0.9867099,-0.27003977,0.2122652,1.0,-1.0,-0.28927338,-1.0,1.0,-1.0,-0.46238256,-1.0,-1.0,-1.0,-0.0050824992,-1.0,-1.0,0.34337842,-0.08462613,-0.019230932,-1.0,-1.8924137,-1.88397,2.74743,-1.88397,-2.74743,1.88397,5.6547,-0.513,0.3751729,-0.2466,1.5462,-0.513,0.21890727,-0.2466,-0.2943,-0.513,0.631712,-0.2466,-0.2943,1.0122736,0.3653899,0.5878461,-0.23598
243,4.067999999999774,0.0030770898,-0.9330587,0.7896815,-0.98927885,-0.26314813,0.20799145,1.0,-1.0,-0.29180118,-1.0,1.0,-1.0,-0.46832532,-1.0,-1.0,-1.0,0.0013184529,-1.0,-1.0,0.34035736,-0.093246154,-0.019458096,-1.0,-1.8919008,-1.88397,2.74743,-1.88397,-2.74743,1.88397,5.6547,-0.513,0.37289107,-0.2466,1.5462,-0.513,0.21354273,-0.2466,-0.2943,-0.513,0.63749015,-0.2466,-0.2943,1.0107329,0.36021128,0.5876496,-0.23598
244,4.085999999999772,0.0031032413,-0.929082,0.7927005,-0.9924453,-0.2572657,0.20439073,1.0,-1.0,-0.29328626,-1.0,1.0,-1.0,-0.47323662,-1.0,-1.0,-1.0,0.008958904,-1.0,-1.0,0.33838522,-0.10117338,-0.019868962,-1.0,-1.8913835,-1.88397,2.74743,-1.88397,-2.74743,1.88397,5.6547,-0.513,0.3715505,-0.2466,1.5462,-0.513,0.2091093,-0.2466,-0.2943,-0.513,0.6443872,-0.2466,-0.2943,1.0097272,0.35544884,0.5872941,-0.23598
245,4.10199999999977,0.0022852048,-0.9248604,0.7948532,-0.9965578,-0.2518636,0.20114103,1.0,-1.0,-0.29381737,-1.0,1.0,-1.0,-0.47757316,-1.0,-1.0,-1.0,0.018647125,-1.0,-1.0,0.33728313,-0.10914371,-0.020432824,-1.0,-1.8910025,-1.88397,2.74743,-1.88397,-2.74743,1.88397,5.6547,-0.513,0.37107107,-0.2466,1.5462,-0.513,0.20519471,-0.2466,-0.2943,-0.513,0.65313274,-0.2466,-0.2943,1.0091652,0.3506605,0.58680624,-0.23598
246,4.1179999999997685,0.0011568591,-0.9204709,0.79609096,-1.0,-0.24709633,0.19847178,1.0,-1.0,-0.29416364,-1.0,1.0,-1.0,-0.48150092,-1.0,-1.0,-1.0,0.028245328,-1.0,-1.0,0.33666587,-0.11566911,-0.020994704,-1.0,-1.8908098,-1.88397,2.74743,-1.88397,-2.74743,1.88397,5.6547,-0.513,0.37075847,-0.2466,1.5462,-0.513,0.20164911,-0.2466,-0.2943,-0.513,0.66179705,-0.2466,-0.2943,1.0088505,0.34674025,0.58632004,-0.23598
247,4.1359999999997665,-0.00032582134,-0.91617244,0.7967046,-1.0,-0.24334466,0.19654503,1.0,-1.0,-0.29371202,-1.0,1.0,-1.0,-0.48468685,-1.0,-1.0,-1.0,0.03850715,-1.0,-1.0,0.33696157,-0.12100104,-0.021448333,-1.0,-1.890864,-1.88397,2.74743,-1.88397,-2.74743,1.88397,5.6547,-0.513,0.37116617,-0.2466,1.5462,-0.513,0.19877318,-0.2466,-0.2943,-0.513,0.6710604,-0.2466,-0.2943,1.0090013,0.34353697,0.5859276,-0.23598
248,4.151999999999765,-0.001816161,-0.9115762,0.7970466,-1.0,-0.23992094,0.1950989,1.0,-1.0,-0.29264614,-1.0,1.0,-1.0,-0.4878174,-1.0,-1.0,-1.0,0.05027587,-1.0,-1.0,0.33797595,-0.12570181,-0.02160695,-1.0,-1.8911668,-1.88397,2.74743,-1.88397,-2.74743,1.88397,5.6547,-0.513,0.37212834,-0.2466,1.5462,-0.513,0.19594723,-0.2466,-0.2943,-0.513,0.681684,-0.2466,-0.2943,1.0095185,0.3407129,0.58579034,-0.23598
249,4.167999999999763,-0.069968656,-1.0,0.7725688,-1.0,-0.5668424,0.35691473,1.0,-1.0,-0.124819994,-1.0,1.0,-1.0,-0.44721144,-1.0,-1.0,-1.0,0.009738376,-1.0,-1.0,0.3774314,-0.19226834,-0.12114625,-1.0,-1.9028306,-1.88397,2.74743,-1.88397,-2.74743,1.88397,5.6547,-0.513,0.523625,-0.2466,1.5462,-0.513,0.23260222,-0.2466,-0.2943,-0.513,0.6450908,-0.2466,-0.2943,1.029639,0.3007218,0.49966744,-0.23598
250,4.185999999999761,-0.05929686,-1.0,0.82207257,-1.0,-0.49406517,0.26358238,1.0,-1.0,-0.16760792,-1.0,1.0,-1.0,-0.3806259,-1.0,-1.0,-1.0,-0.006116476,-1.0,-1.0,0.31590083,-0.21683514,-0.1493273,-1.0,-1.9127153,-1.88397,2.74743,-1.88397,-2.74743,1.88397,5.6547,-0.513,0.48500034,-0.2466,1.5462,-0.513,0.292709,-0.2466,-0.2943,-0.513,0.6307787,-0.2466,-0.2943,0.9982612,0.2859628,0.47528479,-0.23598
251,4.201999999999759,-0.08810975,-1.0,0.82600087,-1.0,-0.52709734,0.30261832,1.0,-1.0,-0.12805396,-1.0,1.0,-1.0,-0.3826517,-1.0,-1.0,-1.0,0.023026397,-1.0,-1.0,0.34811884,-0.2295042,-0.14658275,-1.0,-1.9274032,-1.88397,2.74743,-1.88397,-2.74743,1.88397,5.6547,-0.513,0.5207057,-0.2466,1.5462,-0.513,0.29088032,-0.2466,-0.2943,-0.513,0.65708596,-0.2466,-0.2943,1.0146909,0.27835163,0.4776594,-0.23598
252,4.2179999999997575,-0.08233334,-1.0,0.8297363,-1.0,-0.5128503,0.2944328,1.0,-1.0,-0.13281369,-1.0,1.0,-1.0,-0.38479877,-1.0,-1.0,-1.0,0.03329794,-1.0,-1.0,0.3462961,-0.23018396,-0.14143105,-1.0,-1.9411283,-1.88397,2.74743,-1.88397,-2.74743,1.88397,5.6547,-0.513,0.5164091,-0.2466,1.5462,-0.513,0.28894216,-0.2466,-0.2943,-0.513,0.66635805,-0.2466,-0.2943,1.0137614,0.27794325,0.48211673,-0.23598
253,4.2359999999997555,-0.08733623,-1.0,0.8182585,-1.0,-0.5186499,0.29719025,1.0,-1.0,-0.1285014,-1.0,1.0,-1.0,-0.3850177,-1.0,-1.0,-1.0,0.040159523,-1.0,-1.0,0.3493672,-0.23262629,-0.14310141,-1.0,-1.9556872,-1.88397,2.74743,-1.88397,-2.74743,1.88397,5.6547,-0.513,0.52030176,-0.2466,1.5462,-0.513,0.28874454,-0.2466,-0.2943,-0.513,0.672552,-0.2466,-0.2943,1.0153276,0.27647597,0.48067153,-0.23598
254,4.251999999999754,-0.087064505,-1.0,0.8149061,-1.0,-0.51278704,0.29370525,1.0,-1.0,-0.13032885,-1.0,1.0,-1.0,-0.38814992,-1.0,-1.0,-1.0,0.05021955,-1.0,-1.0,0.34979624,-0.23347908,-0.1417205,-1.0,-1.9702008,-1.88397,2.74743,-1.88397,-2.74743,1.88397,5.6547,-0.513,0.51865214,-0.2466,1.5462,-0.513,0.28591707,-0.2466,-0.2943,-0.513,0.6816332,-0.2466,-0.2943,1.0155463,0.27596363,0.4818663,-0.23598
255,4.267999999999752,-0.08656594,-1.0,0.80890787,-1.0,-0.5103883,0.29102784,1.0,-1.0,-0.13255613,-1.0,1.0,-1.0,-0.39222503,-1.0,-1.0,-1.0,0.054823503,-1.0,-1.0,0.34905747,-0.23553056,-0.14161016,-1.0,-1.9846313,-1.88397,2.74743,-1.88397,-2.74743,1.88397,5.6547,-0.513,0.51664156,-0.2466,1.5462,-0.513,0.28223845,-0.2466,-0.2943,-0.513,0.68578917,-0.2466,-0.2943,1.0151696,0.27473116,0.48196176,-0.23598
256,4.28599999999975,-0.08458939,-1.0,0.8047642,-1.0,-0.5041732,0.28651303,1.0,-1.0,-0.1370006,-1.0,1.0,-1.0,-0.3970502,-1.0,-1.0,-1.0,0.05966247,-1.0,-1.0,0.34756884,-0.23643595,-0.14047,-1.0,-1.9987324,-1.88397,2.74743,-1.88397,-2.74743,1.88397,5.6547,-0.513,0.51262957,-0.2466,1.5462,-0.513,0.27788278,-0.2466,-0.2943,-0.513,0.6901573,-0.2466,-0.2943,1.0144105,0.27418724,0.48294824,-0.23598
257,4.301999999999748,0.016826708,-0.8534805,0.8258437,-0.9682844,-0.21309674,0.15463465,1.0,-1.0,-0.30198786,-0.98472375,1.0,-1.0,-0.48028445,-1.0,-1.0,-1.0,0.13196418,-1.0,-1.0,0.3249962,-0.10941509,-0.033973426,-1.0,-1.9959275,-1.88397,2.74743,-1.88397,-2.74743,1.88397,5.6547,-0.513,0.36369556,-0.2322808,1.5462,-0.513,0.20274723,-0.2466,-0.2943,-0.513,0.7554241,-0.2466,-0.2943,1.0028994,0.35049748,0.5750907,-0.23598
258,4.3179999999997465,-0.017087556,-0.8756141,0.79305005,-1.0,-0.23994514,0.21088225,1.0,-1.0,-0.26913092,-1.0,1.0,-1.0,-0.50869197,-1.0,-1.0,-1.0,0.1445251,-1.0,-1.0,0.37332407,-0.119821064,-0.011694618,-1.0,-1.9987758,-1.88397,2.74743,-1.88397,-2.74743,1.88397,5.6547,-0.513,0.39335552,-0.2466,1.5462,-0.513,0.17710376,-0.2466,-0.2943,-0.513,0.7667628,-0.2466,-0.2943,1.0275444,0.34424588,0.59436667,-0.23598
259,4.3359999999997445,0.0059042796,-0.8632582,0.7926558,-1.0,-0.22420886,0.19676286,1.0,-1.0,-0.28480294,-0.99233586,1.0,-1.0,-0.5264886,-1.0,-1.0,-1.0,0.14384785,-1.0,-1.0,0.3550277,-0.13025531,-0.0091481805,-1.0,-1.9977916,-1.88397,2.74743,-1.88397,-2.74743,1.88397,5.6547,-0.513,0.3792084,-0.23941602,1.5462,-0.513,0.16103874,-0.2466,-0.2943,-0.513,0.7661514,-0.2466,-0.2943,1.0182141,0.33797732,0.59656984,-0.23598
260,4.351999999999743,0.0011721775,-0.86425924,0.79762244,-1.0,-0.2277163,0.20341045,1.0,-1.0,-0.27723715,-0.99463886,1.0,-1.0,-0.5263928,-1.0,-1.0,-1.0,0.15436314,-1.0,-1.0,0.36138904,-0.13230789,-0.0083231665,-1.0,-1.9975963,-1.88397,2.74743,-1.88397,-2.74743,1.88397,5.6547,-0.513,0.38603804,-0.24157473,1.5462,-0.513,0.1611252,-0.2466,-0.2943,-0.513,0.7756436,-0.2466,-0.2943,1.0214581,0.3367442,0.59728366,-0.23598
261,4.367999999999741,0.0013644174,-0.8635624,0.8041847,-1.0,-0.22440082,0.20764554,1.0,-1.0,-0.27338883,-0.99228746,1.0,-1.0,-0.5288617,-1.0,-1.0,-1.0,0.16312411,-1.0,-1.0,0.36595884,-0.13319293,-0.0039789416,-1.0,-1.9973688,-1.88397,2.74743,-1.88397,-2.74743,1.88397,5.6547,-0.513,0.3895119,-0.23937064,1.5462,-0.513,0.15889654,-0.2466,-0.2943,-0.513,0.7835521,-0.2466,-0.2943,1.0237885,0.3362125,0.60104233,-0.23598
262,4.385999999999739,0.001009278,-0.8641421,0.80781627,-1.0,-0.22299549,0.21261829,1.0,-1.0,-0.2689379,-0.99145585,1.0,-1.0,-0.5307239,-1.0,-1.0,-1.0,0.1707193,-1.0,-1.0,0.37097684,-0.13351613,0.00023712218,-1.0,-1.9972006,-1.88397,2.74743,-1.88397,-2.74743,1.88397,5.6547,-0.513,0.39352977,-0.23859115,1.5462,-0.513,0.1572155,-0.2466,-0.2943,-0.513,0.7904083,-0.2466,-0.2943,1.0263474,0.3360183,0.60469013,-0.23598
263,4.401999999999737,0.0006220192,-0.8634843,0.8106185,-1.0,-0.22082192,0.21638393,1.0,-1.0,-0.26519284,-0.9900362,1.0,-1.0,-0.53197086,-1.0,-1.0,-1.0,0.17887846,-1.0,-1.0,0.37558818,-0.1330061,0.004145894,-1.0,-1.9970969,-1.88397,2.74743,-1.88397,-2.74743,1.88397,5.6547,-0.513,0.39691043,-0.23726042,1.5462,-0.513,0.1560899,-0.2466,-0.2943,-0.513,0.7977736,-0.2466,-0.2943,1.028699,0.33632472,0.6080721,-0.23598
264,4.4179999999997355,-0.00071264803,-0.86355704,0.8124266,-1.0,-0.220114,0.2203649,1.0,-1.0,-0.2611646,-0.9901729,1.0,-1.0,-0.53239113,-1.0,-1.0,-1.0,0.18577613,-1.0,-1.0,0.3801536,-0.13251638,0.0071366616,-1.0,-1.9972156,-1.88397,2.74743,-1.88397,-2.74743,1.88397,5.6547,-0.513,0.4005467,-0.2373886,1.5462,-0.513,0.15571053,-0.2466,-0.2943,-0.513,0.80400014,-0.2466,-0.2943,1.0310272,0.33661893,0.6106597,-0.23598
265,4.4359999999997335,-0.002107218,-0.863337,0.81378126,-1.0,-0.2194624,0.22343099,1.0,-1.0,-0.25768253,-0.9902727,1.0,-1.0,-0.5322674,-1.0,-1.0,-1.0,0.19212067,-1.0,-1.0,0.38403213,-0.13193208,0.009437073,-1.0,-1.9975669,-1.88397,2.74743,-1.88397,-2.74743,1.88397,5.6547,-0.513,0.40368998,-0.23748212,1.5462,-0.513,0.15582223,-0.2466,-0.2943,-0.513,0.8097273,-0.2466,-0.2943,1.033005,0.33696994,0.6126501,-0.23598
266,4.451999999999732,-0.0036068708,-0.8630526,0.81487507,-1.0,-0.21879926,0.2262168,1.0,-1.0,-0.25427568,-0.99028784,1.0,-1.0,-0.5319822,-1.0,-1.0,-1.0,0.19848558,-1.0,-1.0,0.38773513,-0.13148716,0.0115171075,-1.0,-1.9981682,-1.88397,2.74743,-1.88397,-2.74743,1.88397,5.6547,-0.513,0.40676534,-0.2374963,1.5462,-0.513,0.15607968,-0.2466,-0.2943,-0.513,0.81547296,-0.2466,-0.2943,1.0348934,0.33723724,0.6144498,-0.23598
267,4.46799999999973,-0.0051266104,-0.86312884,0.815536,-1.0,-0.21856695,0.22876841,1.0,-1.0,-0.2512589,-0.9907896,1.0,-1.0,-0.5315403,-1.0,-1.0,-1.0,0.20326489,-1.0,-1.0,0.3908932,-0.13128248,0.0131371915,-1.0,-1.9990228,-1.88397,2.74743,-1.88397,-2.74743,1.88397,5.6547,-0.513,0.4094886,-0.23796663,1.5462,-0.513,0.1564786,-0.2466,-0.2943,-0.513,0.8197872,-0.2466,-0.2943,1.0365038,0.3373602,0.6158515,-0.23598
268,4.485999999999728,-0.006482482,-0.8631236,0.81592685,-1.0,-0.21815959,0.23057407,1.0,-1.0,-0.24883406,-0.9909963,1.0,-1.0,-0.53093094,-1.0,-1.0,-1.0,0.2072525,-1.0,-1.0,0.39329153,-0.13135508,0.01430982,-1.0,-2.0001035,-1.88397,2.74743,-1.88397,-2.74743,1.88397,5.6547,-0.513,0.4116775,-0.23816039,1.5462,-0.513,0.15702865,-0.2466,-0.2943,-0.513,0.82338685,-0.2466,-0.2943,1.0377269,0.3373166,0.61686605,-0.23598
269,4.501999999999726,-0.0078099146,-0.8631634,0.8160543,-1.0,-0.21749908,0.23199487,1.0,-1.0,-0.24667822,-0.9909616,1.0,-1.0,-0.5302168,-1.0,-1.0,-1.0,0.21075997,-1.0,-1.0,0.3952601,-0.13186237,0.015295185,-1.0,-2.0014052,-1.88397,2.74743,-1.88397,-2.74743,1.88397,5.6547,-0.513,0.41362357,-0.23812787,1.5462,-0.513,0.15767328,-0.2466,-0.2943,-0.513,0.82655305,-0.2466,-0.2943,1.0387307,0.33701184,0.61771864,-0.23598
270,4.5179999999997245,-0.009012662,-0.863571,0.8158928,-1.0,-0.2171131,0.23323956,1.0,-1.0,-0.24490221,-0.9912284,1.0,-1.0,-0.52946055,-1.0,-1.0,-1.0,0.21276927,-1.0,-1.0,0.39669695,-0.13267776,0.015975673,-1.0,-2.0029078,-1.88397,2.74743,-1.88397,-2.74743,1.88397,5.6547,-0.513,0.4152268,-0.23837794,1.5462,-0.513,0.15835597,-0.2466,-0.2943,-0.513,0.8283668,-0.2466,-0.2943,1.0394635,0.33652198,0.6183074,-0.23598
271,4.5359999999997225,-0.010097206,-0.86399657,0.81551313,-1.0,-0.21650386,0.23390123,1.0,-1.0,-0.24360575,-0.9912757,1.0,-1.0,-0.5285104,-1.0,-1.0,-1.0,0.21396378,-1.0,-1.0,0.39748007,-0.13385788,0.016323108,-1.0,-2.004591,-1.88397,2.74743,-1.88397,-2.74743,1.88397,5.6547,-0.513,0.4163971,-0.2384223,1.5462,-0.513,0.15921366,-0.2466,-0.2943,-0.513,0.8294451,-0.2466,-0.2943,1.0398629,0.335813,0.618608,-0.23598
272,4.551999999999721,-0.0112474635,-0.8646588,0.81483287,-1.0,-0.21568418,0.23430541,1.0,-1.0,-0.24250929,-0.9912755,1.0,-1.0,-0.5273252,-1.0,-1.0,-1.0,0.21438083,-1.0,-1.0,0.3978394,-0.13559487,0.016480934,-1.0,-2.006466,-1.88397,2.74743,-1.88397,-2.74743,1.88397,5.6547,-0.513,0.41738686,-0.23842208,1.5462,-0.513,0.16028354,-0.2466,-0.2943,-0.513,0.8298216,-0.2466,-0.2943,1.0400461,0.33476946,0.61874455,-0.23598
273,4.567999999999719,-0.012222573,-0.865627,0.8140015,-1.0,-0.2151278,0.23460793,1.0,-1.0,-0.24170245,-0.99150664,1.0,-1.0,-0.5261213,-1.0,-1.0,-1.0,0.2136125,-1.0,-1.0,0.39778695,-0.13751605,0.01642352,-1.0,-2.0085034,-1.88397,2.74743,-1.88397,-2.74743,1.88397,5.6547,-0.513,0.4181152,-0.23863874,1.5462,-0.513,0.16137029,-0.2466,-0.2943,-0.513,0.829128,-0.2466,-0.2943,1.0400194,0.33361527,0.6186949,-0.23598
274,4.585999999999717,-0.013169408,-0.8666786,0.8129843,-1.0,-0.21444699,0.23452353,1.0,-1.0,-0.24122287,-0.9917044,1.0,-1.0,-0.5246798,-1.0,-1.0,-1.0,0.21210101,-1.0,-1.0,0.39725906,-0.1397191,0.01609901,-1.0,-2.0106988,-1.88397,2.74743,-1.88397,-2.74743,1.88397,5.6547,-0.513,0.4185481,-0.23882413,1.5462,-0.513,0.16267157,-0.2466,-0.2943,-0.513,0.82776356,-0.2466,-0.2943,1.0397501,0.33229175,0.6184141,-0.23598
275,4.601999999999715,-0.01427196,-0.8681044,0.8116458,-1.0,-0.21372092,0.23431382,1.0,-1.0,-0.24086316,-0.99210423,1.0,-1.0,-0.52287906,-1.0,-1.0,-1.0,0.20962438,-1.0,-1.0,0.39636353,-0.14242753,0.01554656,-1.0,-2.013078,-1.88397,2.74743,-1.88397,-2.74743,1.88397,5.6547,-0.513,0.41887283,-0.23919891,1.5462,-0.513,0.16429707,-0.2466,-0.2943,-0.513,0.8255279,-0.2466,-0.2943,1.0392934,0.3306646,0.61793613,-0.23598
276,4.6179999999997134,-0.0151507035,-0.8696736,0.810287,-1.0,-0.21328026,0.2339977,1.0,-1.0,-0.24074526,-0.9926631,1.0,-1.0,-0.52109075,-1.0,-1.0,-1.0,0.2063685,-1.0,-1.0,0.39517757,-0.14507222,0.014823426,-1.0,-2.0156035,-1.88397,2.74743,-1.88397,-2.74743,1.88397,5.6547,-0.513,0.41897926,-0.23972274,1.5462,-0.513,0.16591138,-0.2466,-0.2943,-0.513,0.82258886,-0.2466,-0.2943,1.0386887,0.32907575,0.61731046,-0.23598
277,4.6359999999997115,-0.016086742,-0.87134075,0.80877036,-1.0,-0.21286735,0.23348734,1.0,-1.0,-0.24080797,-0.99339396,1.0,-1.0,-0.51905596,-1.0,-1.0,-1.0,0.20252007,-1.0,-1.0,0.39373523,-0.14781144,0.013894454,-1.0,-2.0182853,-1.88397,2.74743,-1.88397,-2.74743,1.88397,5.6547,-0.513,0.41892266,-0.24040782,1.5462,-0.513,0.16774818,-0.2466,-0.2943,-0.513,0.81911486,-0.2466,-0.2943,1.0379531,0.32743013,0.6165067,-0.23598
278,4.65199999999971,-0.017248206,-0.8734539,0.8069456,-1.0,-0.21261993,0.23299211,1.0,-1.0,-0.24090083,-0.9945802,1.0,-1.0,-0.51658434,-1.0,-1.0,-1.0,0.19765139,-1.0,-1.0,0.3920403,-0.15087661,0.012716282,-1.0,-2.0211604,-1.88397,2.74743,-1.88397,-2.74743,1.88397,5.6547,-0.513,0.41883883,-0.24151976,1.5462,-0.513,0.16997932,-0.2466,-0.2943,-0.513,0.8147199,-0.2466,-0.2943,1.0370889,0.32558867,0.61548734,-0.23598
279,4.667999999999708,-0.018157452,-0.8755158,0.8051891,-1.0,-0.21268255,0.23235121,1.0,-1.0,-0.24119751,-0.9958553,1.0,-1.0,-0.5141558,-1.0,-1.0,-1.0,0.19244531,-1.0,-1.0,0.39018205,-0.15362653,0.011397399,-1.0,-2.0241873,-1.88397,2.74743,-1.88397,-2.74743,1.88397,5.6547,-0.513,0.418571,-0.24271494,1.5462,-0.513,0.17217155,-0.2466,-0.2943,-0.513,0.8100204,-0.2466,-0.2943,1.0361412,0.32393658,0.6143462,-0.23598
280,4.685999999999706,-0.019195803,-0.87767655,0.8032742,-1.0,-0.21293384,0.23171023,1.0,-1.0,-0.24152394,-0.9974883,1.0,-1.0,-0.51150584,-1.0,-1.0,-1.0,0.18683821,-1.0,-1.0,0.38829875,-0.15627399,0.009946853,-1.0,-2.0273871,-1.88397,2.74743,-1.88397,-2.74743,1.88397,5.6547,-0.513,0.41827634,-0.24424568,1.5462,-0.513,0.17456368,-0.2466,-0.2943,-0.513,0.8049589,-0.2466,-0.2943,1.0351808,0.3223461,0.6130912,-0.23598
281,4.701999999999704,-0.02049426,-0.8803018,0.8010704,-1.0,-0.21353617,0.23120546,1.0,-1.0,-0.24181096,-0.99978346,1.0,-1.0,-0.50839937,-1.0,-1.0,-1.0,0.18022424,-1.0,-1.0,0.3862931,-0.15903637,0.008254312,-1.0,-2.0308037,-1.88397,2.74743,-1.88397,-2.74743,1.88397,5.6547,-0.513,0.41801724,-0.24639702,1.5462,-0.513,0.1773679,-0.2466,-0.2943,-0.513,0.7989884,-0.2466,-0.2943,1.034158,0.32068652,0.61162674,-0.23598
282,4.717999999999702,-0.021494955,-0.88268226,0.79903674,-1.0,-0.21437478,0.23047397,1.0,-1.0,-0.24231423,-1.0,1.0,-1.0,-0.50539863,-1.0,-1.0,-1.0,0.17364882,-1.0,-1.0,0.38420567,-0.16130048,0.0064718053,-1.0,-2.0343869,-1.88397,2.74743,-1.88397,-2.74743,1.88397,5.6547,-0.513,0.41756293,-0.2466,1.5462,-0.513,0.18007666,-0.2466,-0.2943,-0.513,0.7930528,-0.2466,-0.2943,1.0330936,0.3193263,0.6100845,-0.23598
283,4.7359999999997004,-0.02250006,-0.8852121,0.7969239,-1.0,-0.21532097,0.23007199,1.0,-1.0,-0.24273907,-1.0,1.0,-1.0,-0.5024387,-1.0,-1.0,-1.0,0.1666925,-1.0,-1.0,0.38231784,-0.16341978,0.0048781186,-1.0,-2.0381377,-1.88397,2.74743,-1.88397,-2.74743,1.88397,5.6547,-0.513,0.41717944,-0.2466,1.5462,-0.513,0.18274857,-0.2466,-0.2943,-0.513,0.7867733,-0.2466,-0.2943,1.0321308,0.3180531,0.60870564,-0.23598
284,4.751999999999699,-0.023649208,-0.8881795,0.7946713,-1.0,-0.21658272,0.22990096,1.0,-1.0,-0.24314903,-1.0,1.0,-1.0,-0.4991914,-1.0,-1.0,-1.0,0.1587344,-1.0,-1.0,0.3803756,-0.16555125,0.0031742752,-1.0,-2.04208,-1.88397,2.74743,-1.88397,-2.74743,1.88397,5.6547,-0.513,0.41680938,-0.2466,1.5462,-0.513,0.18567993,-0.2466,-0.2943,-0.513,0.77958953,-0.2466,-0.2943,1.0311403,0.31677258,0.60723144,-0.23598
285,4.767999999999697,-0.02442202,-0.89077264,0.7926971,-1.0,-0.21792373,0.22947419,1.0,-1.0,-0.24378769,-1.0,1.0,-1.0,-0.49620253,-1.0,-1.0,-1.0,0.1510986,-1.0,-1.0,0.3784106,-0.16716632,0.0014994517,-1.0,-2.0461512,-1.88397,2.74743,-1.88397,-2.74743,1.88397,5.6547,-0.513,0.41623285,-0.2466,1.5462,-0.513,0.18837798,-0.2466,-0.2943,-0.513,0.7726967,-0.2466,-0.2943,1.0301384,0.3158023,0.60578233,-0.23598
286,4.785999999999695,-0.025155582,-0.89305466,0.7907137,-1.0,-0.21952042,0.2290026,1.0,-1.0,-0.24448211,-1.0,1.0,-1.0,-0.49326372,-1.0,-1.0,-1.0,0.14356728,-1.0,-1.0,0.3767059,-0.16819131,-0.0001033172,-1.0,-2.0503445,-1.88397,2.74743,-1.88397,-2.74743,1.88397,5.6547,-0.513,0.415606,-0.2466,1.5462,-0.513,0.19103085,-0.2466,-0.2943,-0.513,0.76589817,-0.2466,-0.2943,1.029269,0.31518653,0.6043956,-0.23598
287,4.801999999999693,-0.026039675,-0.8956159,0.78853804,-1.0,-0.22157922,0.22895703,1.0,-1.0,-0.2451099,-1.0,1.0,-1.0,-0.49019533,-1.0,-1.0,-1.0,0.13523306,-1.0,-1.0,0.37521702,-0.16880214,-0.0016959198,-1.0,-2.0546854,-1.88397,2.74743,-1.88397,-2.74743,1.88397,5.6547,-0.513,0.4150393,-0.2466,1.5462,-0.513,0.19380067,-0.2466,-0.2943,-0.513,0.75837487,-0.2466,-0.2943,1.0285097,0.31481954,0.6030177,-0.23598
288,4.817999999999691,-0.026551247,-0.8978413,0.7865993,-1.0,-0.22361937,0.22871965,1.0,-1.0,-0.24595173,-1.0,1.0,-1.0,-0.4874226,-1.0,-1.0,-1.0,0.12723395,-1.0,-1.0,0.37371275,-0.16893333,-0.00320673,-1.0,-2.0591114,-1.88397,2.74743,-1.88397,-2.74743,1.88397,5.6547,-0.513,0.41427937,-0.2466,1.5462,-0.513,0.19630364,-0.2466,-0.2943,-0.513,0.75115407,-0.2466,-0.2943,1.0277426,0.31474075,0.6017105,-0.23598
289,4.835999999999689,-0.027053602,-0.90006644,0.78473663,-1.0,-0.22568172,0.22860885,1.0,-1.0,-0.24681975,-1.0,1.0,-1.0,-0.48477542,-1.0,-1.0,-1.0,0.11917009,-1.0,-1.0,0.3723347,-0.16883269,-0.0046188235,-1.0,-2.0636213,-1.88397,2.74743,-1.88397,-2.74743,1.88397,5.6547,-0.513,0.4134958,-0.2466,1.5462,-0.513,0.19869323,-0.2466,-0.2943,-0.513,0.74387485,-0.2466,-0.2943,1.0270399,0.31480122,0.6004887,-0.23598
290,4.851999999999688,-0.027568035,-0.90263146,0.78287125,-1.0,-0.22801486,0.2287412,1.0,-1.0,-0.24776609,-1.0,1.0,-1.0,-0.4820447,-1.0,-1.0,-1.0,0.110178344,-1.0,-1.0,0.37095463,-0.1684838,-0.006040208,-1.0,-2.0682168,-1.88397,2.74743,-1.88397,-2.74743,1.88397,5.6547,-0.513,0.41264156,-0.2466,1.5462,-0.513,0.20115826,-0.2466,-0.2943,-0.513,0.735758,-0.2466,-0.2943,1.0263361,0.31501082,0.5992589,-0.23598
291,4.867999999999686,-0.027662873,-0.9048045,0.7813409,-1.0,-0.23012176,0.2286033,1.0,-1.0,-0.24892624,-1.0,1.0,-1.0,-0.47967517,-1.0,-1.0,-1.0,0.10179616,-1.0,-1.0,0.3695106,-0.16780934,-0.007333219,-1.0,-2.0728283,-1.88397,2.74743,-1.88397,-2.74743,1.88397,5.6547,-0.513,0.41159427,-0.2466,1.5462,-0.513,0.20329723,-0.2466,-0.2943,-0.513,0.7281914,-0.2466,-0.2943,1.0255997,0.315416,0.5981402,-0.23598
292,4.885999999999684,-0.027690642,-0.9070315,0.77999914,-1.0,-0.23218757,0.22871009,1.0,-1.0,-0.25004384,-1.0,1.0,-1.0,-0.47756875,-1.0,-1.0,-1.0,0.09349215,-1.0,-1.0,0.36823252,-0.16699806,-0.008424655,-1.0,-2.0774443,-1.88397,2.74743,-1.88397,-2.74743,1.88397,5.6547,-0.513,0.41058543,-0.2466,1.5462,-0.513,0.20519869,-0.2466,-0.2943,-0.513,0.7206954,-0.2466,-0.2943,1.024948,0.3159034,0.59719586,-0.23598
293,4.901999999999682,-0.027633652,-0.9096069,0.77875215,-1.0,-0.23445135,0.22912583,1.0,-1.0,-0.25124273,-1.0,1.0,-1.0,-0.4755174,-1.0,-1.0,-1.0,0.08432108,-1.0,-1.0,0.36697188,-0.1659328,-0.009424336,-1.0,-2.0820508,-1.88397,2.74743,-1.88397,-2.74743,1.88397,5.6547,-0.513,0.4095032,-0.2466,1.5462,-0.513,0.20705044,-0.2466,-0.2943,-0.513,0.71241665,-0.2466,-0.2943,1.0243051,0.31654337,0.59633094,-0.23598
294,4.91799999999968,-0.027281024,-0.91183347,0.77781886,-1.0,-0.23645607,0.22928438,1.0,-1.0,-0.2525326,-1.0,1.0,-1.0,-0.4737407,-1.0,-1.0,-1.0,0.07598239,-1.0,-1.0,0.36569172,-0.16470522,-0.010310262,-1.0,-2.0865986,-1.88397,2.74743,-1.88397,-2.74743,1.88397,5.6547,-0.513,0.40833881,-0.2466,1.5462,-0.513,0.20865427,-0.2466,-0.2943,-0.513,0.7048893,-0.2466,-0.2943,1.0236523,0.31728086,0.5955644,-0.23598
295,4.935999999999678,-0.026818007,-0.9141496,0.77713835,-1.0,-0.2383641,0.22975686,1.0,-1.0,-0.2537155,-1.0,1.0,-1.0,-0.47228825,-1.0,-1.0,-1.0,0.067864165,-1.0,-1.0,0.3645938,-0.1634348,-0.010931976,-1.0,-2.0910692,-1.88397,2.74743,-1.88397,-2.74743,1.88397,5.6547,-0.513,0.40727103,-0.2466,1.5462,-0.513,0.2099654,-0.2466,-0.2943,-0.513,0.69756097,-0.2466,-0.2943,1.0230924,0.3180441,0.5950265,-0.23598
296,4.951999999999677,-0.026260242,-0.91683835,0.77660376,-1.0,-0.24046725,0.23060396,1.0,-1.0,-0.25490546,-1.0,1.0,-1.0,-0.4709258,-1.0,-1.0,-1.0,0.0590432,-1.0,-1.0,0.36356187,-0.16193008,-0.011415731,-1.0,-2.0954466,-1.88397,2.74743,-1.88397,-2.74743,1.88397,5.6547,-0.513,0.40619683,-0.2466,1.5462,-0.513,0.21119528,-0.2466,-0.2943,-0.513,0.6895983,-0.2466,-0.2943,1.0225662,0.3189481,0.59460795,-0.23598
297,4.967999999999675,-0.025628842,-0.9192249,0.7763361,-1.0,-0.24232846,0.23120812,1.0,-1.0,-0.2560129,-1.0,1.0,-1.0,-0.4696538,-1.0,-1.0,-1.0,0.05131866,-1.0,-1.0,0.36260572,-0.16042182,-0.011841074,-1.0,-2.099719,-1.88397,2.74743,-1.88397,-2.74743,1.88397,5.6547,-0.513,0.40519717,-0.2466,1.5462,-0.513,0.21234353,-0.2466,-0.2943,-0.513,0.68262535,-0.2466,-0.2943,1.0220785,0.3198542,0.59423995,-0.23598
298,4.985999999999673,-0.02488432,-0.921719,0.776355,-1.0,-0.24407297,0.23217386,1.0,-1.0,-0.25693923,-1.0,1.0,-1.0,-0.46870786,-1.0,-1.0,-1.0,0.04397823,-1.0,-1.0,0.36185694,-0.15893105,-0.01197727,-1.0,-2.1038673,-1.88397,2.74743,-1.88397,-2.74743,1.88397,5.6547,-0.513,0.40436095,-0.2466,1.5462,-0.513,0.21319741,-0.2466,-0.2943,-0.513,0.67599916,-0.2466,-0.2943,1.0216967,0.32074982,0.5941221,-0.23598
299,5.001999999999671,-0.024108887,-0.924537,0.7765294,-1.0,-0.24602348,0.23348776,1.0,-1.0,-0.25781032,-1.0,1.0,-1.0,-0.46780813,-1.0,-1.0,-1.0,0.036174625,-1.0,-1.0,0.36121976,-0.1572093,-0.012001183,-1.0,-2.107886,-1.88397,2.74743,-1.88397,-2.74743,1.88397,5.6547,-0.513,0.40357462,-0.2466,1.5462,-0.513,0.2140096,-0.2466,-0.2943,-0.513,0.66895485,-0.2466,-0.2943,1.0213718,0.32178417,0.59410137,-0.23598
300,5.017999999999669,-0.023465142,-0.9270398,0.7769159,-1.0,-0.24772337,0.2345177,1.0,-1.0,-0.25849795,-1.0,1.0,-1.0,-0.46683306,-1.0,-1.0,-1.0,0.029671213,-1.0,-1.0,0.36071837,-0.15559438,-0.0120410845,-1.0,-2.1117978,-1.88397,2.74743,-1.88397,-2.74743,1.88397,5.6547,-0.513,0.4029539,-0.2466,1.5462,-0.513,0.2148898,-0.2466,-0.2943,-0.513,0.6630842,-0.2466,-0.2943,1.0211161,0.32275438,0.59406686,-0.23598
301,5.035999999999667,-0.022718854,-0.92957884,0.77756405,-1.0,-0.24928653,0.23583236,1.0,-1.0,-0.25902876,-1.0,1.0,-1.0,-0.4661734,-1.0,-1.0,-1.0,0.023650205,-1.0,-1.0,0.36038667,-0.1540114,-0.011841577,-1.0,-2.115585,-1.88397,2.74743,-1.88397,-2.74743,1.88397,5.6547,-0.513,0.40247473,-0.2466,1.5462,-0.513,0.21548526,-0.2466,-0.2943,-0.513,0.65764904,-0.2466,-0.2943,1.020947,0.32370538,0.5942395,-0.23598
302,5.051999999999666,-0.022037521,-0.9322788,0.7783297,-1.0,-0.25103003,0.23730722,1.0,-1.0,-0.2595373,-1.0,1.0,-1.0,-0.46549022,-1.0,-1.0,-1.0,0.017417973,-1.0,-1.0,0.36013296,-0.15219417,-0.0116464235,-1.0,-2.1192586,-1.88397,2.74743,-1.88397,-2.74743,1.88397,5.6547,-0.513,0.40201566,-0.2466,1.5462,-0.513,0.21610197,-0.2466,-0.2943,-0.513,0.6520232,-0.2466,-0.2943,1.0208175,0.32479712,0.59440833,-0.23598
303,5.067999999999664,-0.021534882,-0.93443793,0.77915037,-1.0,-0.2525382,0.23824272,1.0,-1.0,-0.25996178,-1.0,1.0,-1.0,-0.46465605,-1.0,-1.0,-1.0,0.012559628,-1.0,-1.0,0.35995343,-0.15046814,-0.011588074,-1.0,-2.1228485,-1.88397,2.74743,-1.88397,-2.74743,1.88397,5.6547,-0.513,0.4016325,-0.2466,1.5462,-0.513,0.21685497,-0.2466,-0.2943,-0.513,0.6476376,-0.2466,-0.2943,1.020726,0.32583407,0.5944588,-0.23598
304,5.085999999999662,-0.020827375,-0.93629414,0.7800166,-1.0,-0.25399002,0.23919597,1.0,-1.0,-0.26040316,-1.0,1.0,-1.0,-0.4642055,-1.0,-1.0,-1.0,0.008269725,-1.0,-1.0,0.35985798,-0.14860624,-0.011390887,-1.0,-2.1263206,-1.88397,2.74743,-1.88397,-2.74743,1.88397,5.6547,-0.513,0.40123406,-0.2466,1.5462,-0.513,0.21726169,-0.2466,-0.2943,-0.513,0.6437651,-0.2466,-0.2943,1.0206773,0.32695264,0.5946294,-0.23598
305,5.10199999999966,-0.020180382,-0.9380085,0.78083736,-1.0,-0.25564674,0.24009845,1.0,-1.0,-0.26093328,-1.0,1.0,-1.0,-0.4638059,-1.0,-1.0,-1.0,0.0039922353,-1.0,-1.0,0.35979936,-0.14642417,-0.011294592,-1.0,-2.1296847,-1.88397,2.74743,-1.88397,-2.74743,1.88397,5.6547,-0.513,0.40075552,-0.2466,1.5462,-0.513,0.2176224,-0.2466,-0.2943,-0.513,0.6399038,-0.2466,-0.2943,1.0206474,0.32826355,0.59471273,-0.23598
306,5.117999999999658,-0.01973933,-0.9392697,0.78166556,-1.0,-0.25694612,0.24058014,1.0,-1.0,-0.26141536,-1.0,1.0,-1.0,-0.4633441,-1.0,-1.0,-1.0,0.00089385733,-1.0,-1.0,0.35974815,-0.14447427,-0.011321388,-1.0,-2.132975,-1.88397,2.74743,-1.88397,-2.74743,1.88397,5.6547,-0.513,0.40032035,-0.2466,1.5462,-0.513,0.21803929,-0.2466,-0.2943,-0.513,0.6371069,-0.2466,-0.2943,1.0206213,0.329435,0.59468955,-0.23598
307,5.135999999999656,-0.01918403,-0.94032055,0.7825799,-1.0,-0.2580992,0.24099219,1.0,-1.0,-0.26195985,-1.0,1.0,-1.0,-0.46317273,-1.0,-1.0,-1.0,-0.0017751902,-1.0,-1.0,0.3596389,-0.14258713,-0.011329755,-1.0,-2.136173,-1.88397,2.74743,-1.88397,-2.74743,1.88397,5.6547,-0.513,0.39982885,-0.2466,1.5462,-0.513,0.21819398,-0.2466,-0.2943,-0.513,0.63469756,-0.2466,-0.2943,1.0205656,0.33056873,0.59468234,-0.23598
308,5.151999999999655,-0.018684193,-0.9411139,0.78351665,-1.0,-0.25929543,0.24110779,1.0,-1.0,-0.26268065,-1.0,1.0,-1.0,-0.46303558,-1.0,-1.0,-1.0,-0.004257191,-1.0,-1.0,0.3594191,-0.14054891,-0.011535425,-1.0,-2.1392877,-1.88397,2.74743,-1.88397,-2.74743,1.88397,5.6547,-0.513,0.39917818,-0.2466,1.5462,-0.513,0.21831778,-0.2466,-0.2943,-0.513,0.632457,-0.2466,-0.2943,1.0204536,0.33179322,0.59450436,-0.23598
309,5.167999999999653,-0.01833453,-0.9415172,0.78448033,-1.0,-0.26007944,0.24094015,1.0,-1.0,-0.2633348,-1.0,1.0,-1.0,-0.4629361,-1.0,-1.0,-1.0,-0.0056531876,-1.0,-1.0,0.3592304,-0.13879299,-0.011768997,-1.0,-2.1423442,-1.88397,2.74743,-1.88397,-2.74743,1.88397,5.6547,-0.513,0.39858767,-0.2466,1.5462,-0.513,0.21840759,-0.2466,-0.2943,-0.513,0.63119686,-0.2466,-0.2943,1.0203573,0.33284813,0.5943023,-0.23598
310,5.185999999999651,-0.017923221,-0.9417508,0.78551364,-1.0,-0.26076978,0.24072576,1.0,-1.0,-0.26399744,-1.0,1.0,-1.0,-0.46307665,-1.0,-1.0,-1.0,-0.006614793,-1.0,-1.0,0.35901815,-0.13714057,-0.011998486,-1.0,-2.1453319,-1.88397,2.74743,-1.88397,-2.74743,1.88397,5.6547,-0.513,0.3979895,-0.2466,1.5462,-0.513,0.2182807,-0.2466,-0.2943,-0.513,0.63032883,-0.2466,-0.2943,1.020249,0.33384085,0.59410375,-0.23598
311,5.201999999999649,-0.017572396,-0.94169754,0.7865935,-1.0,-0.26144573,0.24018535,1.0,-1.0,-0.264805,-1.0,1.0,-1.0,-0.4632789,-1.0,-1.0,-1.0,-0.0072094165,-1.0,-1.0,0.35869747,-0.13544288,-0.012420051,-1.0,-2.1482613,-1.88397,2.74743,-1.88397,-2.74743,1.88397,5.6547,-0.513,0.39726055,-0.2466,1.5462,-0.513,0.21809815,-0.2466,-0.2943,-0.513,0.62979203,-0.2466,-0.2943,1.0200856,0.33486077,0.593739,-0.23598
312,5.217999999999647,-0.01732286,-0.941346,0.7876997,-1.0,-0.26172212,0.23951912,1.0,-1.0,-0.26551986,-1.0,1.0,-1.0,-0.46357107,-1.0,-1.0,-1.0,-0.0068992823,-1.0,-1.0,0.35845134,-0.13401136,-0.01278206,-1.0,-2.151149,-1.88397,2.74743,-1.88397,-2.74743,1.88397,5.6547,-0.513,0.39661524,-0.2466,1.5462,-0.513,0.2178344,-0.2466,-0.2943,-0.513,0.630072,-0.2466,-0.2943,1.01996,0.33572078,0.59342575,-0.23598
313,5.235999999999645,-0.017054327,-0.9408713,0.78883827,-1.0,-0.2619657,0.2388292,1.0,-1.0,-0.2661926,-1.0,1.0,-1.0,-0.46402812,-1.0,-1.0,-1.0,-0.0061839856,-1.0,-1.0,0.35821262,-0.13269758,-0.013156641,-1.0,-2.153992,-1.88397,2.74743,-1.88397,-2.74743,1.88397,5.6547,-0.513,0.39600796,-0.2466,1.5462,-0.513,0.21742181,-0.2466,-0.2943,-0.513,0.6307177,-0.2466,-0.2943,1.0198383,0.33651006,0.5931017,-0.23598
314,5.251999999999644,-0.01685702,-0.9401142,0.79001915,-1.0,-0.26217315,0.23782688,1.0,-1.0,-0.26695406,-1.0,1.0,-1.0,-0.46454817,-1.0,-1.0,-1.0,-0.004955884,-1.0,-1.0,0.35788232,-0.13142815,-0.013716705,-1.0,-2.156802,-1.88397,2.74743,-1.88397,-2.74743,1.88397,5.6547,-0.513,0.39532056,-0.2466,1.5462,-0.513,0.21695237,-0.2466,-0.2943,-0.513,0.63182634,-0.2466,-0.2943,1.0196699,0.3372727,0.5926171,-0.23598
315,5.267999999999642,-0.016731478,-0.93915576,0.79120684,-1.0,-0.2620392,0.23683971,1.0,-1.0,-0.26760027,-1.0,1.0,-1.0,-0.46517783,-1.0,-1.0,-1.0,-0.0030380934,-1.0,-1.0,0.357665,-0.13037509,-0.014161304,-1.0,-2.1595912,-1.88397,2.74743,-1.88397,-2.74743,1.88397,5.6547,-0.513,0.39473724,-0.2466,1.5462,-0.513,0.21638396,-0.2466,-0.2943,-0.513,0.6335575,-0.2466,-0.2943,1.019559,0.33790535,0.5922324,-0.23598
316,5.28599999999964,-0.016636632,-0.9381258,0.79237485,-1.0,-0.2619447,0.23586047,1.0,-1.0,-0.26815468,-1.0,1.0,-1.0,-0.46587944,-1.0,-1.0,-1.0,-0.0007648729,-1.0,-1.0,0.3574873,-0.12943244,-0.01463975,-1.0,-2.1623645,-1.88397,2.74743,-1.88397,-2.74743,1.88397,5.6547,-0.513,0.39423677,-0.2466,1.5462,-0.513,0.21575063,-0.2466,-0.2943,-0.513,0.63560957,-0.2466,-0.2943,1.0194684,0.33847165,0.59181845,-0.23598
317,5.301999999999638,-0.016631134,-0.9368344,0.7935588,-1.0,-0.26181832,0.23460215,1.0,-1.0,-0.26873493,-1.0,1.0,-1.0,-0.46662682,-1.0,-1.0,-1.0,0.0021235254,-1.0,-1.0,0.3572436,-0.12859657,-0.0153001025,-1.0,-2.1651368,-1.88397,2.74743,-1.88397,-2.74743,1.88397,5.6547,-0.513,0.39371297,-0.2466,1.5462,-0.513,0.21507597,-0.2466,-0.2943,-0.513,0.6382169,-0.2466,-0.2943,1.0193441,0.33897382,0.59124714,-0.23598
318,5.317999999999636,-0.016674377,-0.93542594,0.79471743,-1.0,-0.26143157,0.2334635,1.0,-1.0,-0.2691966,-1.0,1.0,-1.0,-0.46747267,-1.0,-1.0,-1.0,0.0054623615,-1.0,-1.0,0.35713077,-0.12789983,-0.015821362,-1.0,-2.1679165,-1.88397,2.74743,-1.88397,-2.74743,1.88397,5.6547,-0.513,0.39329624,-0.2466,1.5462,-0.513,0.21431242,-0.2466,-0.2943,-0.513,0.6412309,-0.2466,-0.2943,1.0192866,0.33939242,0.5907961,-0.23598
319,5.335999999999634,-0.016793326,-0.93399984,0.79579127,-1.0,-0.26115465,0.23236793,1.0,-1.0,-0.26952085,-1.0,1.0,-1.0,-0.46829534,-1.0,-1.0,-1.0,0.009087464,-1.0,-1.0,0.3570906,-0.12728757,-0.016389826,-1.0,-2.1707158,-1.88397,2.74743,-1.88397,-2.74743,1.88397,5.6547,-0.513,0.39300352,-0.2466,1.5462,-0.513,0.2135698,-0.2466,-0.2943,-0.513,0.64450324,-0.2466,-0.2943,1.0192661,0.33976024,0.59030426,-0.23598
320,5.351999999999633,-0.017006584,-0.93233603,0.7968426,-1.0,-0.26085672,0.231031,1.0,-1.0,-0.2698208,-1.0,1.0,-1.0,-0.4691403,-1.0,-1.0,-1.0,0.013381882,-1.0,-1.0,0.35700732,-0.12681285,-0.017130282,-1.0,-2.1735508,-1.88397,2.74743,-1.88397,-2.74743,1.88397,5.6547,-0.513,0.39273277,-0.2466,1.5462,-0.513,0.21280706,-0.2466,-0.2943,-0.513,0.6483798,-0.2466,-0.2943,1.0192237,0.34004542,0.5896636,-0.23598
321,5.367999999999631,-0.017250173,-0.930631,0.7978345,-1.0,-0.26038557,0.2298829,1.0,-1.0,-0.2700147,-1.0,1.0,-1.0,-0.47005635,-1.0,-1.0,-1.0,0.017874962,-1.0,-1.0,0.35705394,-0.12639329,-0.01772615,-1.0,-2.1764264,-1.88397,2.74743,-1.88397,-2.74743,1.88397,5.6547,-0.513,0.39255774,-0.2466,1.5462,-0.513,0.21198013,-0.2466,-0.2943,-0.513,0.6524357,-0.2466,-0.2943,1.0192474,0.3402975,0.58914804,-0.23598
322,5.385999999999629,-0.017587692,-0.92894405,0.7986861,-1.0,-0.26007158,0.22880068,1.0,-1.0,-0.2700523,-1.0,1.0,-1.0,-0.4708774,-1.0,-1.0,-1.0,0.022569617,-1.0,-1.0,0.3571902,-0.1260168,-0.018372202,-1.0,-2.1793585,-1.88397,2.74743,-1.88397,-2.74743,1.88397,5.6547,-0.513,0.39252377,-0.2466,1.5462,-0.513,0.21123897,-0.2466,-0.2943,-0.513,0.6566736,-0.2466,-0.2943,1.0193169,0.3405237,0.5885891,-0.23598
323,5.401999999999627,-0.01800704,-0.9270411,0.7994822,-1.0,-0.2597461,0.22751981,1.0,-1.0,-0.270033,-1.0,1.0,-1.0,-0.47170186,-1.0,-1.0,-1.0,0.027934117,-1.0,-1.0,0.35730124,-0.12577525,-0.01916876,-1.0,-2.1823602,-1.88397,2.74743,-1.88397,-2.74743,1.88397,5.6547,-0.513,0.3925412,-0.2466,1.5462,-0.513,0.21049473,-0.2466,-0.2943,-0.513,0.66151613,-0.2466,-0.2943,1.0193735,0.3406688,0.5878999,-0.23598
324,5.417999999999625,-0.01843328,-0.92515296,0.80019945,-1.0,-0.25932103,0.22645545,1.0,-1.0,-0.2699401,-1.0,1.0,-1.0,-0.47256672,-1.0,-1.0,-1.0,0.033254802,-1.0,-1.0,0.35751846,-0.1255149,-0.019829305,-1.0,-2.185433,-1.88397,2.74743,-1.88397,-2.74743,1.88397,5.6547,-0.513,0.39262506,-0.2466,1.5462,-0.513,0.20971403,-0.2466,-0.2943,-0.513,0.66631913,-0.2466,-0.2943,1.0194843,0.3408252,0.5873284,-0.23598
325,5.435999999999623,-0.018945247,-0.92330545,0.8007519,-1.0,-0.25906992,0.22547269,1.0,-1.0,-0.2696961,-1.0,1.0,-1.0,-0.47329855,-1.0,-1.0,-1.0,0.038681574,-1.0,-1.0,0.35783002,-0.125251,-0.02052712,-1.0,-2.1885912,-1.88397,2.74743,-1.88397,-2.74743,1.88397,5.6547,-0.513,0.39284533,-0.2466,1.5462,-0.513,0.2090534,-0.2466,-0.2943,-0.513,0.67121786,-0.2466,-0.2943,1.0196432,0.34098375,0.58672464,-0.23598
326,5.451999999999622,-0.019508742,-0.9212561,0.8012366,-1.0,-0.25880617,0.22432804,1.0,-1.0,-0.26938432,-1.0,1.0,-1.0,-0.47402942,-1.0,-1.0,-1.0,0.044743516,-1.0,-1.0,0.35813016,-0.1250914,-0.021341253,-1.0,-2.1918433,-1.88397,2.74743,-1.88397,-2.74743,1.88397,5.6547,-0.513,0.39312676,-0.2466,1.5462,-0.513,0.20839365,-0.2466,-0.2943,-0.513,0.67669,-0.2466,-0.2943,1.0197963,0.34107962,0.58602023,-0.23598
327,5.46799999999962,-0.020060308,-0.9192694,0.8016469,-1.0,-0.25849843,0.22340402,1.0,-1.0,-0.26903504,-1.0,1.0,-1.0,-0.47477144,-1.0,-1.0,-1.0,0.050544612,-1.0,-1.0,0.35850534,-0.12486579,-0.022033064,-1.0,-2.1951873,-1.88397,2.74743,-1.88397,-2.74743,1.88397,5.6547,-0.513,0.39344206,-0.2466,1.5462,-0.513,0.20772383,-0.2466,-0.2943,-0.513,0.6819266,-0.2466,-0.2943,1.0199876,0.34121516,0.5854217,-0.23598
328,5.485999999999618,-0.020672798,-0.91733605,0.80190074,-1.0,-0.2583541,0.22256655,1.0,-1.0,-0.26855844,-1.0,1.0,-1.0,-0.47537225,-1.0,-1.0,-1.0,0.056362644,-1.0,-1.0,0.35896707,-0.12459593,-0.022739839,-1.0,-2.1986334,-1.88397,2.74743,-1.88397,-2.74743,1.88397,5.6547,-0.513,0.3938723,-0.2466,1.5462,-0.513,0.20718147,-0.2466,-0.2943,-0.513,0.68717855,-0.2466,-0.2943,1.020223,0.3413773,0.58481014,-0.23598
329,5.501999999999616,-0.02128914,-0.9152078,0.8021089,-1.0,-0.25818032,0.22160378,1.0,-1.0,-0.2680199,-1.0,1.0,-1.0,-0.47598523,-1.0,-1.0,-1.0,0.06275456,-1.0,-1.0,0.35943186,-0.12438058,-0.023513153,-1.0,-2.2021823,-1.88397,2.74743,-1.88397,-2.74743,1.88397,5.6547,-0.513,0.39435843,-0.2466,1.5462,-0.513,0.20662813,-0.2466,-0.2943,-0.513,0.6929485,-0.2466,-0.2943,1.02046,0.34150666,0.5841411,-0.23598
330,5.517999999999614,-0.021892749,-0.9131859,0.80225796,-1.0,-0.25800192,0.22085008,1.0,-1.0,-0.26747146,-1.0,1.0,-1.0,-0.47657722,-1.0,-1.0,-1.0,0.06871995,-1.0,-1.0,0.35994416,-0.12408713,-0.024181744,-1.0,-2.205832,-1.88397,2.74743,-1.88397,-2.74743,1.88397,5.6547,-0.513,0.3948535,-0.2466,1.5462,-0.513,0.20609374,-0.2466,-0.2943,-0.513,0.6983335,-0.2466,-0.2943,1.0207213,0.34168297,0.5835626,-0.23598
331,5.535999999999612,-0.022522703,-0.91122776,0.8022915,-1.0,-0.25795588,0.2201831,1.0,-1.0,-0.26682884,-1.0,1.0,-1.0,-0.47704697,-1.0,-1.0,-1.0,0.07461935,-1.0,-1.0,0.3605282,-0.123726286,-0.024839995,-1.0,-2.2095864,-1.88397,2.74743,-1.88397,-2.74743,1.88397,5.6547,-0.513,0.3954336,-0.2466,1.5462,-0.513,0.2056697,-0.2466,-0.2943,-0.513,0.7036589,-0.2466,-0.2943,1.0210191,0.34189975,0.5829931,-0.23598
332,5.551999999999611,-0.08032879,-1.0,0.78774697,-1.0,-0.6004824,0.39033353,1.0,-1.0,-0.099643484,-1.0,1.0,-1.0,-0.45018262,-1.0,-1.0,-1.0,0.0032723006,-1.0,-1.0,0.3879452,-0.2079333,-0.12781705,-1.0,-2.2229772,-1.88397,2.74743,-1.88397,-2.74743,1.88397,5.6547,-0.513,0.54635185,-0.2466,1.5462,-0.513,0.22992015,-0.2466,-0.2943,-0.513,0.6392539,-0.2466,-0.2943,1.0350006,0.29131076,0.49389577,-0.23598
333,5.567999999999609,-0.06252159,-1.0,0.8399053,-1.0,-0.521314,0.28640905,1.0,-1.0,-0.15298933,-1.0,1.0,-1.0,-0.3840952,-1.0,-1.0,-1.0,-0.014536746,-1.0,-1.0,0.31929502,-0.22316855,-0.15789342,-1.0,-2.2333996,-1.88397,2.74743,-1.88397,-2.74743,1.88397,5.6547,-0.513,0.49819654,-0.2466,1.5462,-0.513,0.28957728,-0.2466,-0.2943,-0.513,0.6231777,-0.2466,-0.2943,0.99999213,0.2821579,0.46787325,-0.23598
334,5.585999999999607,-0.09585205,-1.0,0.8394994,-1.0,-0.56313276,0.33344388,1.0,-1.0,-0.10743044,-1.0,1.0,-1.0,-0.38334948,-1.0,-1.0,-1.0,0.0142180305,-1.0,-1.0,0.35798526,-0.22995716,-0.1545806,-1.0,-2.2493782,-1.88397,2.74743,-1.88397,-2.74743,1.88397,5.6547,-0.513,0.53932256,-0.2466,1.5462,-0.513,0.29025042,-0.2466,-0.2943,-0.513,0.64913464,-0.2466,-0.2943,1.0197223,0.2780795,0.47073954,-0.23598
335,5.601999999999605,-0.087433964,-1.0,0.8463085,-1.0,-0.5471797,0.3227449,1.0,-1.0,-0.11457425,-1.0,1.0,-1.0,-0.38235837,-1.0,-1.0,-1.0,0.022330856,-1.0,-1.0,0.35493958,-0.2249251,-0.14935258,-1.0,-2.2639534,-1.88397,2.74743,-1.88397,-2.74743,1.88397,5.6547,-0.513,0.5328738,-0.2466,1.5462,-0.513,0.2911451,-0.2466,-0.2943,-0.513,0.6564581,-0.2466,-0.2943,1.0181692,0.2811026,0.4752629,-0.23598
336,5.617999999999603,-0.09490107,-1.0,0.8341276,-1.0,-0.5584455,0.32908183,1.0,-1.0,-0.10721801,-1.0,1.0,-1.0,-0.37951797,-1.0,-1.0,-1.0,0.026650881,-1.0,-1.0,0.36054614,-0.22407737,-0.15160462,-1.0,-2.2797735,-1.88397,2.74743,-1.88397,-2.74743,1.88397,5.6547,-0.513,0.5395143,-0.2466,1.5462,-0.513,0.29370913,-0.2466,-0.2943,-0.513,0.6603578,-0.2466,-0.2943,1.0210283,0.2816119,0.4733144,-0.23598
337,5.635999999999601,-0.09472935,-1.0,0.83394486,-1.0,-0.55435824,0.32681507,1.0,-1.0,-0.10810794,-1.0,1.0,-1.0,-0.3794878,-1.0,-1.0,-1.0,0.03414394,-1.0,-1.0,0.36181265,-0.2210998,-0.15025638,-1.0,-2.2955647,-1.88397,2.74743,-1.88397,-2.74743,1.88397,5.6547,-0.513,0.53871095,-0.2466,1.5462,-0.513,0.29373634,-0.2466,-0.2943,-0.513,0.6671217,-0.2466,-0.2943,1.0216742,0.28340074,0.47448093,-0.23598
338,5.6519999999996,-0.09585483,-1.0,0.82917356,-1.0,-0.5564715,0.32675308,1.0,-1.0,-0.10761896,-1.0,1.0,-1.0,-0.38038284,-1.0,-1.0,-1.0,0.037165552,-1.0,-1.0,0.3626235,-0.22044247,-0.15097158,-1.0,-2.3115437,-1.88397,2.74743,-1.88397,-2.74743,1.88397,5.6547,-0.513,0.5391524,-0.2466,1.5462,-0.513,0.29292843,-0.2466,-0.2943,-0.513,0.66984934,-0.2466,-0.2943,1.0220876,0.28379562,0.47386214,-0.23598
339,5.667999999999598,-0.095138654,-1.0,0.8277409,-1.0,-0.55344224,0.32370758,1.0,-1.0,-0.10974254,-1.0,1.0,-1.0,-0.38111025,-1.0,-1.0,-1.0,0.04099375,-1.0,-1.0,0.36186522,-0.21908772,-0.15094796,-1.0,-2.3274033,-1.88397,2.74743,-1.88397,-2.74743,1.88397,5.6547,-0.513,0.53723544,-0.2466,1.5462,-0.513,0.29227176,-0.2466,-0.2943,-0.513,0.67330503,-0.2466,-0.2943,1.021701,0.28460953,0.47388256,-0.23598
340,5.685999999999596,-0.09521152,-1.0,0.82511944,-1.0,-0.5531824,0.3223473,1.0,-1.0,-0.110642835,-1.0,1.0,-1.0,-0.38219202,-1.0,-1.0,-1.0,0.043585666,-1.0,-1.0,0.36168453,-0.21838403,-0.15138404,-1.0,-2.343275,-1.88397,2.74743,-1.88397,-2.74743,1.88397,5.6547,-0.513,0.5364227,-0.2466,1.5462,-0.513,0.29129526,-0.2466,-0.2943,-0.513,0.67564476,-0.2466,-0.2943,1.0216088,0.28503227,0.47350526,-0.23598
341,5.701999999999594,-0.09458053,-1.0,0.8235532,-1.0,-0.55126566,0.31995964,1.0,-1.0,-0.112464726,-1.0,1.0,-1.0,-0.38323855,-1.0,-1.0,-1.0,0.04635451,-1.0,-1.0,0.3609541,-0.21735293,-0.15156473,-1.0,-2.3590417,-1.88397,2.74743,-1.88397,-2.74743,1.88397,5.6547,-0.513,0.5347781,-0.2466,1.5462,-0.513,0.29035056,-0.2466,-0.2943,-0.513,0.6781442,-0.2466,-0.2943,1.0212363,0.28565174,0.47334892,-0.23598
342,5.717999999999592,-0.09419337,-1.0,0.82194096,-1.0,-0.55037946,0.3183964,1.0,-1.0,-0.11372773,-1.0,1.0,-1.0,-0.38434047,-1.0,-1.0,-1.0,0.04837107,-1.0,-1.0,0.3604183,-0.21669272,-0.15187094,-1.0,-2.3747437,-1.88397,2.74743,-1.88397,-2.74743,1.88397,5.6547,-0.513,0.533638,-0.2466,1.5462,-0.513,0.28935587,-0.2466,-0.2943,-0.513,0.67996454,-0.2466,-0.2943,1.0209631,0.28604838,0.473084,-0.23598
343,5.73599999999959,-0.093589336,-1.0,0.8209031,-1.0,-0.5490502,0.31669316,1.0,-1.0,-0.115168616,-1.0,1.0,-1.0,-0.38538086,-1.0,-1.0,-1.0,0.050211467,-1.0,-1.0,0.359781,-0.2159501,-0.15202443,-1.0,-2.390345,-1.88397,2.74743,-1.88397,-2.74743,1.88397,5.6547,-0.513,0.5323373,-0.2466,1.5462,-0.513,0.28841668,-0.2466,-0.2943,-0.513,0.6816259,-0.2466,-0.2943,1.0206381,0.2864945,0.47295117,-0.23598
344,5.7519999999995886,-0.09313993,-1.0,0.8198146,-1.0,-0.54812217,0.31528813,1.0,-1.0,-0.11636175,-1.0,1.0,-1.0,-0.38636357,-1.0,-1.0,-1.0,0.051942788,-1.0,-1.0,0.3593082,-0.21519172,-0.15221542,-1.0,-2.4058716,-1.88397,2.74743,-1.88397,-2.74743,1.88397,5.6547,-0.513,0.53126025,-0.2466,1.5462,-0.513,0.28752962,-0.2466,-0.2943,-0.513,0.68318874,-0.2466,-0.2943,1.020397,0.2869501,0.47278592,-0.23598
345,5.767999999999587,-0.0926048,-1.0,0.8191426,-1.0,-0.54721546,0.3140813,1.0,-1.0,-0.11747353,-1.0,1.0,-1.0,-0.38729542,-1.0,-1.0,-1.0,0.05332625,-1.0,-1.0,0.35883814,-0.21448374,-0.15232979,-1.0,-2.4213088,-1.88397,2.74743,-1.88397,-2.74743,1.88397,5.6547,-0.513,0.5302566,-0.2466,1.5462,-0.513,0.28668842,-0.2466,-0.2943,-0.513,0.68443763,-0.2466,-0.2943,1.0201572,0.28737545,0.47268698,-0.23598
346,5.785999999999585,-0.09212999,-1.0,0.81862473,-1.0,-0.54647124,0.31305966,1.0,-1.0,-0.11844197,-1.0,1.0,-1.0,-0.38812035,-1.0,-1.0,-1.0,0.05450271,-1.0,-1.0,0.3584539,-0.21376762,-0.15241964,-1.0,-2.4366667,-1.88397,2.74743,-1.88397,-2.74743,1.88397,5.6547,-0.513,0.5293824,-0.2466,1.5462,-0.513,0.28594375,-0.2466,-0.2943,-0.513,0.6854996,-0.2466,-0.2943,1.0199614,0.28780568,0.47260925,-0.23598
347,5.801999999999583,-0.09170511,-1.0,0.8182553,-1.0,-0.5458103,0.31215352,1.0,-1.0,-0.11931777,-1.0,1.0,-1.0,-0.38883722,-1.0,-1.0,-1.0,0.055640563,-1.0,-1.0,0.35816908,-0.21291396,-0.15248685,-1.0,-2.4519541,-1.88397,2.74743,-1.88397,-2.74743,1.88397,5.6547,-0.513,0.5285919,-0.2466,1.5462,-0.513,0.28529665,-0.2466,-0.2943,-0.513,0.6865267,-0.2466,-0.2943,1.019816,0.2883185,0.4725511,-0.23598
348,5.817999999999581,-0.09131989,-1.0,0.8180852,-1.0,-0.5453602,0.31149966,1.0,-1.0,-0.12000826,-1.0,1.0,-1.0,-0.3894608,-1.0,-1.0,-1.0,0.05655144,-1.0,-1.0,0.3579815,-0.21207467,-0.1525228,-1.0,-2.4671772,-1.88397,2.74743,-1.88397,-2.74743,1.88397,5.6547,-0.513,0.5279685,-0.2466,1.5462,-0.513,0.28473374,-0.2466,-0.2943,-0.513,0.68734896,-0.2466,-0.2943,1.0197204,0.28882274,0.47252,-0.23598
349,5.835999999999579,-0.09095478,-1.0,0.8180918,-1.0,-0.5449576,0.31093615,1.0,-1.0,-0.12062988,-1.0,1.0,-1.0,-0.38997626,-1.0,-1.0,-1.0,0.05732072,-1.0,-1.0,0.35784194,-0.21118233,-0.15253003,-1.0,-2.4823391,-1.88397,2.74743,-1.88397,-2.74743,1.88397,5.6547,-0.513,0.5274074,-0.2466,1.5462,-0.513,0.28426844,-0.2466,-0.2943,-0.513,0.6880434,-0.2466,-0.2943,1.0196493,0.28935885,0.47251374,-0.23598
350,5.8519999999995775,-0.090672284,-1.0,0.8182212,-1.0,-0.5446907,0.3104965,1.0,-1.0,-0.12114914,-1.0,1.0,-1.0,-0.39035314,-1.0,-1.0,-1.0,0.05803881,-1.0,-1.0,0.35781708,-0.21010077,-0.15253805,-1.0,-2.4974544,-1.88397,2.74743,-1.88397,-2.74743,1.88397,5.6547,-0.513,0.5269387,-0.2466,1.5462,-0.513,0.28392822,-0.2466,-0.2943,-0.513,0.6886916,-0.2466,-0.2943,1.0196366,0.2900086,0.4725068,-0.23598
351,5.867999999999576,-0.090443864,-1.0,0.81849843,-1.0,-0.54459774,0.31025952,1.0,-1.0,-0.12149313,-1.0,1.0,-1.0,-0.39063847,-1.0,-1.0,-1.0,0.058669142,-1.0,-1.0,0.35791773,-0.2089903,-0.15250586,-1.0,-2.5125313,-1.88397,2.74743,-1.88397,-2.74743,1.88397,5.6547,-0.513,0.52662814,-0.2466,1.5462,-0.513,0.28367066,-0.2466,-0.2943,-0.513,0.68926066,-0.2466,-0.2943,1.0196879,0.29067573,0.47253466,-0.23598
352,5.885999999999574,-0.09023012,-1.0,0.8189181,-1.0,-0.5445483,0.31008554,1.0,-1.0,-0.12179069,-1.0,1.0,-1.0,-0.39083618,-1.0,-1.0,-1.0,0.059187576,-1.0,-1.0,0.3580523,-0.20781755,-0.15245833,-1.0,-2.5275726,-1.88397,2.74743,-1.88397,-2.74743,1.88397,5.6547,-0.513,0.52635956,-0.2466,1.5462,-0.513,0.28349218,-0.2466,-0.2943,-0.513,0.6897286,-0.2466,-0.2943,1.0197566,0.2913803,0.47257578,-0.23598
353,5.901999999999572,-0.09010032,-1.0,0.81947124,-1.0,-0.54461884,0.31000894,1.0,-1.0,-0.1220099,-1.0,1.0,-1.0,-0.3908823,-1.0,-1.0,-1.0,0.059669122,-1.0,-1.0,0.35830402,-0.206395,-0.15241686,-1.0,-2.5425923,-1.88397,2.74743,-1.88397,-2.74743,1.88397,5.6547,-0.513,0.5261617,-0.2466,1.5462,-0.513,0.28345054,-0.2466,-0.2943,-0.513,0.6901633,-0.2466,-0.2943,1.019885,0.29223493,0.47261164,-0.23598
354,5.91799999999957,-0.090034455,-1.0,0.82012916,-1.0,-0.5448572,0.31012398,1.0,-1.0,-0.1220445,-1.0,1.0,-1.0,-0.39086837,-1.0,-1.0,-1.0,0.060183406,-1.0,-1.0,0.35871318,-0.20493016,-0.15232135,-1.0,-2.5576012,-1.88397,2.74743,-1.88397,-2.74743,1.88397,5.6547,-0.513,0.52613044,-0.2466,1.5462,-0.513,0.28346312,-0.2466,-0.2943,-0.513,0.6906276,-0.2466,-0.2943,1.0200936,0.29311496,0.47269428,-0.23598
355,5.935999999999568,-0.089967236,-1.0,0.8209148,-1.0,-0.54511267,0.31027254,1.0,-1.0,-0.12205711,-1.0,1.0,-1.0,-0.3907948,-1.0,-1.0,-1.0,0.060621686,-1.0,-1.0,0.35914224,-0.20340481,-0.15221085,-1.0,-2.5725987,-1.88397,2.74743,-1.88397,-2.74743,1.88397,5.6547,-0.513,0.52611905,-0.2466,1.5462,-0.513,0.28352952,-0.2466,-0.2943,-0.513,0.6910232,-0.2466,-0.2943,1.0203123,0.29403132,0.47278988,-0.23598
356,5.9519999999995665,-0.08998568,-1.0,0.82183725,-1.0,-0.5454724,0.31049398,1.0,-1.0,-0.122012705,-1.0,1.0,-1.0,-0.39057314,-1.0,-1.0,-1.0,0.061058402,-1.0,-1.0,0.35969287,-0.20158058,-0.15210886,-1.0,-2.5875993,-1.88397,2.74743,-1.88397,-2.74743,1.88397,5.6547,-0.513,0.5261591,-0.2466,1.5462,-0.513,0.2837296,-0.2466,-0.2943,-0.513,0.6914174,-0.2466,-0.2943,1.0205932,0.29512727,0.47287813,-0.23598
357,5.967999999999565,-0.090075746,-1.0,0.8228418,-1.0,-0.5459951,0.31091824,1.0,-1.0,-0.121759176,-1.0,1.0,-1.0,-0.39033318,-1.0,-1.0,-1.0,0.061640963,-1.0,-1.0,0.36044037,-0.19972411,-0.15192798,-1.0,-2.6026149,-1.88397,2.74743,-1.88397,-2.74743,1.88397,5.6547,-0.513,0.526388,-0.2466,1.5462,-0.513,0.28394625,-0.2466,-0.2943,-0.513,0.6919433,-0.2466,-0.2943,1.0209743,0.2962426,0.47303462,-0.23598
358,5.985999999999563,-0.09014714,-1.0,0.8239618,-1.0,-0.5465047,0.31134734,1.0,-1.0,-0.12150568,-1.0,1.0,-1.0,-0.39006335,-1.0,-1.0,-1.0,0.062195264,-1.0,-1.0,0.36119378,-0.19781494,-0.15173061,-1.0,-2.6176424,-1.88397,2.74743,-1.88397,-2.74743,1.88397,5.6547,-0.513,0.5266168,-0.2466,1.5462,-0.513,0.28418982,-0.2466,-0.2943,-0.513,0.69244367,-0.2466,-0.2943,1.0213585,0.29738957,0.4732054,-0.23598
359,6.001999999999561,-0.09031452,-1.0,0.8252173,-1.0,-0.5471023,0.31182724,1.0,-1.0,-0.12120247,-1.0,1.0,-1.0,-0.38964868,-1.0,-1.0,-1.0,0.062811874,-1.0,-1.0,0.36208498,-0.19557112,-0.15153946,-1.0,-2.6326978,-1.88397,2.74743,-1.88397,-2.74743,1.88397,5.6547,-0.513,0.5268905,-0.2466,1.5462,-0.513,0.28456414,-0.2466,-0.2943,-0.513,0.69300026,-0.2466,-0.2943,1.021813,0.2987376,0.4733708,-0.23598
360,6.017999999999559,-0.09055917,-1.0,0.8265509,-1.0,-0.5478613,0.3125381,1.0,-1.0,-0.12065689,-1.0,1.0,-1.0,-0.3892641,-1.0,-1.0,-1.0,0.06368175,-1.0,-1.0,0.3632138,-0.19331798,-0.1512411,-1.0,-2.647794,-1.88397,2.74743,-1.88397,-2.74743,1.88397,5.6547,-0.513,0.527383,-0.2466,1.5462,-0.513,0.2849113,-0.2466,-0.2943,-0.513,0.6937855,-0.2466,-0.2943,1.0223887,0.3000912,0.47362894,-0.23598
361,6.035999999999557,-0.090774015,-1.0,0.82798696,-1.0,-0.5485832,0.31323057,1.0,-1.0,-0.12011984,-1.0,1.0,-1.0,-0.3888684,-1.0,-1.0,-1.0,0.06458483,-1.0,-1.0,0.36434197,-0.19102517,-0.15092549,-1.0,-2.6629262,-1.88397,2.74743,-1.88397,-2.74743,1.88397,5.6547,-0.513,0.5278678,-0.2466,1.5462,-0.513,0.28526852,-0.2466,-0.2943,-0.513,0.6946007,-0.2466,-0.2943,1.022964,0.30146864,0.47390202,-0.23598
362,6.0519999999995555,-0.091097444,-1.0,0.8295584,-1.0,-0.54936945,0.31394786,1.0,-1.0,-0.119531766,-1.0,1.0,-1.0,-0.3883204,-1.0,-1.0,-1.0,0.065659925,-1.0,-1.0,0.36562863,-0.18836051,-0.15061356,-1.0,-2.678112,-1.88397,2.74743,-1.88397,-2.74743,1.88397,5.6547,-0.513,0.5283987,-0.2466,1.5462,-0.513,0.28576317,-0.2466,-0.2943,-0.513,0.69557124,-0.2466,-0.2943,1.0236201,0.30306947,0.47417188,-0.23598
363,6.067999999999554,-0.091503814,-1.0,0.83120865,-1.0,-0.55032927,0.31494293,1.0,-1.0,-0.11865541,-1.0,1.0,-1.0,-0.38784373,-1.0,-1.0,-1.0,0.067090586,-1.0,-1.0,0.36719897,-0.18570974,-0.1501679,-1.0,-2.6933658,-1.88397,2.74743,-1.88397,-2.74743,1.88397,5.6547,-0.513,0.52918977,-0.2466,1.5462,-0.513,0.28619346,-0.2466,-0.2943,-0.513,0.6968627,-0.2466,-0.2943,1.0244209,0.304662,0.4745575,-0.23598
364,6.085999999999552,-0.09187445,-1.0,0.8329541,-1.0,-0.5512242,0.31589612,1.0,-1.0,-0.11778958,-1.0,1.0,-1.0,-0.38736182,-1.0,-1.0,-1.0,0.06862359,-1.0,-1.0,0.36876434,-0.18303579,-0.1497034,-1.0,-2.708681,-1.88397,2.74743,-1.88397,-2.74743,1.88397,5.6547,-0.513,0.52997136,-0.2466,1.5462,-0.513,0.28662848,-0.2466,-0.2943,-0.513,0.69824654,-0.2466,-0.2943,1.0252192,0.30626842,0.47495937,-0.23598
365,6.10199999999955,-0.0923737,-1.0,0.83483267,-1.0,-0.5521508,0.31684017,1.0,-1.0,-0.116867796,-1.0,1.0,-1.0,-0.38671756,-1.0,-1.0,-1.0,0.0704588,-1.0,-1.0,0.37051135,-0.17996699,-0.14924127,-1.0,-2.7240798,-1.88397,2.74743,-1.88397,-2.74743,1.88397,5.6547,-0.513,0.53080344,-0.2466,1.5462,-0.513,0.28721005,-0.2466,-0.2943,-0.513,0.69990313,-0.2466,-0.2943,1.02611,0.30811206,0.4753592,-0.23598
366,6.117999999999548,-0.092946485,-1.0,0.8368043,-1.0,-0.5532573,0.3181057,1.0,-1.0,-0.1156283,-1.0,1.0,-1.0,-0.38619626,-1.0,-1.0,-1.0,0.07270722,-1.0,-1.0,0.37256867,-0.17693985,-0.14862056,-1.0,-2.7395742,-1.88397,2.74743,-1.88397,-2.74743,1.88397,5.6547,-0.513,0.53192234,-0.2466,1.5462,-0.513,0.28768063,-0.2466,-0.2943,-0.513,0.7019328,-0.2466,-0.2943,1.0271592,0.30993068,0.47589627,-0.23598
367,6.135999999999546,-0.093485326,-1.0,0.83886,-1.0,-0.55426687,0.319296,1.0,-1.0,-0.11440489,-1.0,1.0,-1.0,-0.38566524,-1.0,-1.0,-1.0,0.07512428,-1.0,-1.0,0.37461308,-0.17390844,-0.14798552,-1.0,-2.74743,-1.88397,2.74743,-1.88397,-2.74743,1.88397,5.6547,-0.513,0.5330267,-0.2466,1.5462,-0.513,0.28816,-0.2466,-0.2943,-0.513,0.7041147,-0.2466,-0.2943,1.0282017,0.31175184,0.4764457,-0.23598
368,6.1519999999995445,-0.09418331,-1.0,0.841049,-1.0,-0.55520916,0.32042328,1.0,-1.0,-0.11309236,-1.0,1.0,-1.0,-0.38498044,-1.0,-1.0,-1.0,0.07811102,-1.0,-1.0,0.37687126,-0.17056143,-0.14732867,-1.0,-2.74743,-1.88397,2.74743,-1.88397,-2.74743,1.88397,5.6547,-0.513,0.5342115,-0.2466,1.5462,-0.513,0.28877816,-0.2466,-0.2943,-0.513,0.70681083,-0.2466,-0.2943,1.0293533,0.31376263,0.47701403,-0.23598
369,6.167999999999543,-0.09494752,-1.0,0.8433448,-1.0,-0.5562148,0.32186368,1.0,-1.0,-0.111429915,-1.0,1.0,-1.0,-0.38450563,-1.0,-1.0,-1.0,0.08167602,-1.0,-1.0,0.37942657,-0.16747913,-0.14647375,-1.0,-2.74743,-1.88397,2.74743,-1.88397,-2.74743,1.88397,5.6547,-0.513,0.53571224,-0.2466,1.5462,-0.513,0.28920677,-0.2466,-0.2943,-0.513,0.71002895,-0.2466,-0.2943,1.0306565,0.31561437,0.47775373,-0.23598
370,6.185999999999541,-0.0956946,-1.0,0.84566176,-1.0,-0.5569483,0.32308388,1.0,-1.0,-0.109815046,-1.0,1.0,-1.0,-0.38402158,-1.0,-1.0,-1.0,0.0855744,-1.0,-1.0,0.38187104,-0.16463947,-0.14563498,-1.0,-2.74743,-1.88397,2.74743,-1.88397,-2.74743,1.88397,5.6547,-0.513,0.53716993,-0.2466,1.5462,-0.513,0.2896437,-0.2466,-0.2943,-0.513,0.713548,-0.2466,-0.2943,1.031903,0.31732035,0.47847944,-0.23598
371,6.201999999999539,-0.09663564,-1.0,0.8480275,-1.0,-0.5574681,0.32407862,1.0,-1.0,-0.10815494,-1.0,1.0,-1.0,-0.383349,-1.0,-1.0,-1.0,0.090194955,-1.0,-1.0,0.3844225,-0.16167599,-0.14484064,-1.0,-2.74743,-1.88397,2.74743,-1.88397,-2.74743,1.88397,5.6547,-0.513,0.5386685,-0.2466,1.5462,-0.513,0.29025087,-0.2466,-0.2943,-0.513,0.71771896,-0.2466,-0.2943,1.0332041,0.31910074,0.47916672,-0.23598
372,6.217999999999537,-0.09758793,-1.0,0.85042363,-1.0,-0.5580648,0.32530406,1.0,-1.0,-0.10628848,-1.0,1.0,-1.0,-0.3828798,-1.0,-1.0,-1.0,0.09506177,-1.0,-1.0,0.38709542,-0.15899155,-0.14395155,-1.0,-2.74743,-1.88397,2.74743,-1.88397,-2.74743,1.88397,5.6547,-0.513,0.5403534,-0.2466,1.5462,-0.513,0.29067442,-0.2466,-0.2943,-0.513,0.72211224,-0.2466,-0.2943,1.0345671,0.32071346,0.47993597,-0.23598
373,6.235999999999535,-0.0985377,-1.0,0.8527542,-1.0,-0.55842483,0.3262635,1.0,-1.0,-0.10450609,-1.0,1.0,-1.0,-0.3823524,-1.0,-1.0,-1.0,0.10016578,-1.0,-1.0,0.3896086,-0.15653434,-0.14313452,-1.0,-2.74743,-1.88397,2.74743,-1.88397,-2.74743,1.88397,5.6547,-0.513,0.5419623,-0.2466,1.5462,-0.513,0.29115048,-0.2466,-0.2943,-0.513,0.7267196,-0.2466,-0.2943,1.0358487,0.32218966,0.48064286,-0.23598
374,6.2519999999995335,-0.09964706,-1.0,0.8550724,-1.0,-0.5585598,0.32694134,1.0,-1.0,-0.10273643,-1.0,1.0,-1.0,-0.38165694,-1.0,-1.0,-1.0,0.10590764,-1.0,-1.0,0.39215472,-0.153999,-0.14239493,-1.0,-2.74743,-1.88397,2.74743,-1.88397,-2.74743,1.88397,5.6547,-0.513,0.54355985,-0.2466,1.5462,-0.513,0.29177827,-0.2466,-0.2943,-0.513,0.73190284,-0.2466,-0.2943,1.0371472,0.32371283,0.48128277,-0.23598
375,6.267999999999532,-0.10069089,-1.0,0.85738677,-1.0,-0.5587754,0.32782736,1.0,-1.0,-0.10088131,-1.0,1.0,-1.0,-0.381222,-1.0,-1.0,-1.0,0.11156737,-1.0,-1.0,0.39470693,-0.15175027,-0.1415902,-1.0,-2.74743,-1.88397,2.74743,-1.88397,-2.74743,1.88397,5.6547,-0.513,0.54523444,-0.2466,1.5462,-0.513,0.29217088,-0.2466,-0.2943,-0.513,0.73701185,-0.2466,-0.2943,1.0384487,0.3250638,0.48197904,-0.23598
376,6.28599999999953,-0.10172075,-1.0,0.85957676,-1.0,-0.5587354,0.32843706,1.0,-1.0,-0.099173665,-1.0,1.0,-1.0,-0.38077623,-1.0,-1.0,-1.0,0.11730804,-1.0,-1.0,0.39706203,-0.14974156,-0.14085406,-1.0,-2.74743,-1.88397,2.74743,-1.88397,-2.74743,1.88397,5.6547,-0.513,0.54677594,-0.2466,1.5462,-0.513,0.2925733,-0.2466,-0.2943,-0.513,0.742194,-0.2466,-0.2943,1.0396497,0.32627058,0.48261595,-0.23598
377,6.301999999999528,-0.10286908,-1.0,0.8617144,-1.0,-0.55831957,0.32872963,1.0,-1.0,-0.09760752,-1.0,1.0,-1.0,-0.38033777,-1.0,-1.0,-1.0,0.12349721,-1.0,-1.0,0.39937744,-0.14777568,-0.14013913,-1.0,-2.74743,-1.88397,2.74743,-1.88397,-2.74743,1.88397,5.6547,-0.513,0.5481897,-0.2466,1.5462,-0.513,0.29296908,-0.2466,-0.2943,-0.513,0.7477809,-0.2466,-0.2943,1.0408304,0.32745162,0.48323452,-0.23598
378,6.317999999999526,-0.103887424,-1.0,0.86387306,-1.0,-0.557573,0.32916152,1.0,-1.0,-0.09628658,-1.0,1.0,-1.0,-0.38057303,-1.0,-1.0,-1.0,0.12913169,-1.0,-1.0,0.4015538,-0.14629826,-0.13920826,-1.0,-2.74743,-1.88397,2.74743,-1.88397,-2.74743,1.88397,5.6547,-0.513,0.5493821,-0.2466,1.5462,-0.513,0.29275674,-0.2466,-0.2943,-0.513,0.75286716,-0.2466,-0.2943,1.0419402,0.3283392,0.48403993,-0.23598
379,6.335999999999524,-0.1048937,-1.0,0.86598223,-1.0,-0.5556324,0.32924414,1.0,-1.0,-0.09566468,-1.0,1.0,-1.0,-0.38169944,-1.0,-1.0,-1.0,0.13431168,-1.0,-1.0,0.40343332,-0.14548519,-0.13792408,-1.0,-2.74743,-1.88397,2.74743,-1.88397,-2.74743,1.88397,5.6547,-0.513,0.5499435,-0.2466,1.5462,-0.513,0.2917399,-0.2466,-0.2943,-0.513,0.75754315,-0.2466,-0.2943,1.0428988,0.32882765,0.48515102,-0.23598
380,6.3519999999995225,-0.105949625,-1.0,0.8682524,-1.0,-0.5516681,0.3288483,1.0,-1.0,-0.09611519,-1.0,1.0,-1.0,-0.3844226,-1.0,-1.0,-1.0,0.13924149,-1.0,-1.0,0.40509298,-0.14545363,-0.13593093,-1.0,-2.74743,-1.88397,2.74743,-1.88397,-2.74743,1.88397,5.6547,-0.513,0.5495368,-0.2466,1.5462,-0.513,0.28928173,-0.2466,-0.2943,-0.513,0.7619933,-0.2466,-0.2943,1.043745,0.32884663,0.48687553,-0.23598
381,6.367999999999521,-0.106739566,-1.0,0.8708766,-1.0,-0.5462877,0.32843927,1.0,-1.0,-0.09739222,-1.0,1.0,-1.0,-0.38887995,-1.0,-1.0,-1.0,0.14363441,-1.0,-1.0,0.40654135,-0.14617363,-0.13324636,-1.0,-2.74743,-1.88397,2.74743,-1.88397,-2.74743,1.88397,5.6547,-0.513,0.5483841,-0.2466,1.5462,-0.513,0.28525805,-0.2466,-0.2943,-0.513,0.7659588,-0.2466,-0.2943,1.0444837,0.32841408,0.48919824,-0.23598
382,6.385999999999519,-0.10735451,-1.0,0.87357247,-1.0,-0.54138786,0.32799694,1.0,-1.0,-0.09831919,-1.0,1.0,-1.0,-0.39298326,-1.0,-1.0,-1.0,0.14893746,-1.0,-1.0,0.40799764,-0.1467017,-0.13080887,-1.0,-2.74743,-1.88397,2.74743,-1.88397,-2.74743,1.88397,5.6547,-0.513,0.5475473,-0.2466,1.5462,-0.513,0.281554,-0.2466,-0.2943,-0.513,0.7707459,-0.2466,-0.2943,1.0452263,0.32809684,0.4913072,-0.23598
383,6.401999999999517,-0.10787821,-1.0,0.8760102,-1.0,-0.5383106,0.32771412,1.0,-1.0,-0.098226085,-1.0,1.0,-1.0,-0.39553857,-1.0,-1.0,-1.0,0.15503843,-1.0,-1.0,0.40949264,-0.14676505,-0.12920707,-1.0,-2.74743,-1.88397,2.74743,-1.88397,-2.74743,1.88397,5.6547,-0.513,0.5476313,-0.2466,1.5462,-0.513,0.27924734,-0.2466,-0.2943,-0.513,0.77625316,-0.2466,-0.2943,1.0459887,0.32805875,0.4926931,-0.23598
384,6.417999999999515,-0.1082647,-1.0,0.87796223,-1.0,-0.53686327,0.32770383,1.0,-1.0,-0.09751932,-1.0,1.0,-1.0,-0.39690912,-1.0,-1.0,-1.0,0.16035008,-1.0,-1.0,0.4107426,-0.1467554,-0.12832834,-1.0,-2.74743,-1.88397,2.74743,-1.88397,-2.74743,1.88397,5.6547,-0.513,0.54826933,-0.2466,1.5462,-0.513,0.27801013,-0.2466,-0.2943,-0.513,0.781048,-0.2466,-0.2943,1.0466261,0.32806456,0.49345338,-0.23598
385,6.435999999999513,-0.10880649,-1.0,0.8793551,-1.0,-0.53609836,0.3275735,1.0,-1.0,-0.09653877,-1.0,1.0,-1.0,-0.3973788,-1.0,-1.0,-1.0,0.16538456,-1.0,-1.0,0.41187546,-0.14671224,-0.12788896,-1.0,-2.74743,-1.88397,2.74743,-1.88397,-2.74743,1.88397,5.6547,-0.513,0.54915446,-0.2466,1.5462,-0.513,0.27758616,-0.2466,-0.2943,-0.513,0.7855926,-0.2466,-0.2943,1.0472038,0.3280905,0.49383354,-0.23598
386,6.4519999999995115,-0.10948193,-1.0,0.8803919,-1.0,-0.5354574,0.32719946,1.0,-1.0,-0.09549922,-1.0,1.0,-1.0,-0.39743984,-1.0,-1.0,-1.0,0.1705856,-1.0,-1.0,0.41297725,-0.14664876,-0.1276406,-1.0,-2.74743,-1.88397,2.74743,-1.88397,-2.74743,1.88397,5.6547,-0.513,0.5500929,-0.2466,1.5462,-0.513,0.27753106,-0.2466,-0.2943,-0.513,0.7902876,-0.2466,-0.2943,1.0477657,0.32812864,0.49404845,-0.23598
387,6.46799999999951,-0.11003244,-1.0,0.8812223,-1.0,-0.53493357,0.32679892,1.0,-1.0,-0.0946327,-1.0,1.0,-1.0,-0.3975299,-1.0,-1.0,-1.0,0.17511003,-1.0,-1.0,0.4138449,-0.1466862,-0.12749906,-1.0,-2.74743,-1.88397,2.74743,-1.88397,-2.74743,1.88397,5.6547,-0.513,0.55087507,-0.2466,1.5462,-0.513,0.27744976,-0.2466,-0.2943,-0.513,0.79437184,-0.2466,-0.2943,1.0482081,0.32810614,0.4941709,-0.23598
388,6.485999999999508,-0.11064185,-1.0,0.8817474,-1.0,-0.53439564,0.32625028,1.0,-1.0,-0.09383546,-1.0,1.0,-1.0,-0.39748198,-1.0,-1.0,-1.0,0.17954248,-1.0,-1.0,0.41462693,-0.14676338,-0.12744735,-1.0,-2.74743,-1.88397,2.74743,-1.88397,-2.74743,1.88397,5.6547,-0.513,0.55159473,-0.2466,1.5462,-0.513,0.27749303,-0.2466,-0.2943,-0.513,0.798373,-0.2466,-0.2943,1.048607,0.32805976,0.49421564,-0.23598
389,6.501999999999506,-0.111286074,-1.0,0.8820156,-1.0,-0.5337565,0.3254826,1.0,-1.0,-0.09310681,-1.0,1.0,-1.0,-0.39738417,-1.0,-1.0,-1.0,0.18416503,-1.0,-1.0,0.41534182,-0.14693138,-0.12746187,-1.0,-2.74743,-1.88397,2.74743,-1.88397,-2.74743,1.88397,5.6547,-0.513,0.5522525,-0.2466,1.5462,-0.513,0.2775813,-0.2466,-0.2943,-0.513,0.8025458,-0.2466,-0.2943,1.0489715,0.32795882,0.4942031,-0.23598
390,6.517999999999504,-0.11175656,-1.0,0.8821543,-1.0,-0.53312594,0.3246642,1.0,-1.0,-0.092623696,-1.0,1.0,-1.0,-0.39742547,-1.0,-1.0,-1.0,0.18808708,-1.0,-1.0,0.41577047,-0.14724523,-0.12755542,-1.0,-2.74743,-1.88397,2.74743,-1.88397,-2.74743,1.88397,5.6547,-0.513,0.5526886,-0.2466,1.5462,-0.513,0.27754402,-0.2466,-0.2943,-0.513,0.8060862,-0.2466,-0.2943,1.0491902,0.3277703,0.49412215,-0.23598
391,6.535999999999502,-0.035840414,-0.9012651,0.89856374,-1.0,-0.29840192,0.20137173,1.0,-1.0,-0.21304657,-1.0,1.0,-1.0,-0.45212263,-1.0,-1.0,-1.0,0.3025887,-1.0,-1.0,0.37715173,-0.09776867,-0.06636752,-1.0,-2.74743,-1.88397,2.74743,-1.88397,-2.74743,1.88397,5.6547,-0.513,0.44398287,-0.2466,1.5462,-0.513,0.2281689,-0.2466,-0.2943,-0.513,0.90944684,-0.2466,-0.2943,1.0294963,0.3574943,0.5470628,-0.23598
392,6.5519999999995004,-0.061161876,-0.9008402,0.8314313,-1.0,-0.31975418,0.23697951,1.0,-1.0,-0.21008123,-1.0,1.0,-1.0,-0.47396415,-1.0,-1.0,-1.0,0.27038756,-1.0,-1.0,0.4130036,-0.07111832,-0.04837866,-1.0,-2.74743,-1.88397,2.74743,-1.88397,-2.74743,1.88397,5.6547,-0.513,0.44665968,-0.2466,1.5462,-0.513,0.20845255,-0.2466,-0.2943,-0.513,0.88037884,-0.2466,-0.2943,1.0477791,0.373505,0.5626271,-0.23598
393,6.567999999999499,-0.03185869,-0.885729,0.8336065,-1.0,-0.29702953,0.22266194,1.0,-1.0,-0.22961725,-1.0,1.0,-1.0,-0.49235457,-1.0,-1.0,-1.0,0.26694864,-1.0,-1.0,0.39146188,-0.07858055,-0.043960232,-1.0,-2.74743,-1.88397,2.74743,-1.88397,-2.74743,1.88397,5.6547,-0.513,0.42902452,-0.2466,1.5462,-0.513,0.19185153,-0.2466,-0.2943,-0.513,0.8772745,-0.2466,-0.2943,1.0367938,0.36902192,0.56644994,-0.23598
394,6.585999999999497,-0.04077033,-0.8913081,0.835075,-1.0,-0.3106935,0.22657079,1.0,-1.0,-0.21833082,-1.0,1.0,-1.0,-0.48410875,-1.0,-1.0,-1.0,0.28117213,-1.0,-1.0,0.39570966,-0.08111759,-0.051224403,-1.0,-2.74743,-1.88397,2.74743,-1.88397,-2.74743,1.88397,5.6547,-0.513,0.43921277,-0.2466,1.5462,-0.513,0.19929503,-0.2466,-0.2943,-0.513,0.89011407,-0.2466,-0.2943,1.03896,0.36749774,0.56016487,-0.23598
395,6.601999999999495,-0.04227762,-0.89079803,0.838804,-1.0,-0.30912626,0.22760072,1.0,-1.0,-0.21549319,-1.0,1.0,-1.0,-0.48112524,-1.0,-1.0,-1.0,0.28770176,-1.0,-1.0,0.3976311,-0.08069932,-0.051089633,-1.0,-2.74743,-1.88397,2.74743,-1.88397,-2.74743,1.88397,5.6547,-0.513,0.4417743,-0.2466,1.5462,-0.513,0.20198825,-0.2466,-0.2943,-0.513,0.8960084,-0.2466,-0.2943,1.0399399,0.36774904,0.56028146,-0.23598
396,6.617999999999493,-0.044417195,-0.89244276,0.8393124,-1.0,-0.311233,0.2290963,1.0,-1.0,-0.21189593,-1.0,1.0,-1.0,-0.47834438,-1.0,-1.0,-1.0,0.2930977,-1.0,-1.0,0.39978576,-0.0805034,-0.05158193,-1.0,-2.74743,-1.88397,2.74743,-1.88397,-2.74743,1.88397,5.6547,-0.513,0.44502154,-0.2466,1.5462,-0.513,0.20449853,-0.2466,-0.2943,-0.513,0.9008793,-0.2466,-0.2943,1.0410386,0.36786672,0.5598555,-0.23598
397,6.635999999999491,-0.046514094,-0.89281815,0.83867973,-1.0,-0.31218255,0.23059186,1.0,-1.0,-0.20900504,-1.0,1.0,-1.0,-0.4764591,-1.0,-1.0,-1.0,0.298674,-1.0,-1.0,0.40209898,-0.079686545,-0.051580206,-1.0,-2.74743,-1.88397,2.74743,-1.88397,-2.74743,1.88397,5.6547,-0.513,0.44763115,-0.2466,1.5462,-0.513,0.20620038,-0.2466,-0.2943,-0.513,0.905913,-0.2466,-0.2943,1.0422183,0.36835748,0.559857,-0.23598
398,6.651999999999489,-0.04896,-0.8933477,0.83820957,-1.0,-0.3137545,0.23211458,1.0,-1.0,-0.2055958,-1.0,1.0,-1.0,-0.47421557,-1.0,-1.0,-1.0,0.3051424,-1.0,-1.0,0.40468374,-0.07893466,-0.051853187,-1.0,-2.74743,-1.88397,2.74743,-1.88397,-2.74743,1.88397,5.6547,-0.513,0.45070866,-0.2466,1.5462,-0.513,0.20822561,-0.2466,-0.2943,-0.513,0.91175205,-0.2466,-0.2943,1.0435364,0.36880916,0.55962086,-0.23598
399,6.667999999999488,-0.051297523,-0.8933508,0.8372549,-1.0,-0.31511,0.23314694,1.0,-1.0,-0.20279591,-1.0,1.0,-1.0,-0.47195196,-1.0,-1.0,-1.0,0.31085303,-1.0,-1.0,0.40692943,-0.077863656,-0.052290786,-1.0,-2.74743,-1.88397,2.74743,-1.88397,-2.74743,1.88397,5.6547,-0.513,0.45323613,-0.2466,1.5462,-0.513,0.21026896,-0.2466,-0.2943,-0.513,0.916907,-0.2466,-0.2943,1.0446815,0.3694526,0.55924225,-0.23598
400,6.685999999999486,-0.05356937,-0.89321667,0.8361149,-1.0,-0.31660563,0.23413515,1.0,-1.0,-0.2001066,-1.0,1.0,-1.0,-0.46974432,-1.0,-1.0,-1.0,0.316349,-1.0,-1.0,0.40911132,-0.07667277,-0.052810226,-1.0,-2.74743,-1.88397,2.74743,-1.88397,-2.74743,1.88397,5.6547,-0.513,0.45566377,-0.2466,1.5462,-0.513,0.2122618,-0.2466,-0.2943,-0.513,0.92186826,-0.2466,-0.2943,1.0457942,0.37016806,0.5587928,-0.23598
401,6.701999999999484,-0.05570124,-0.8928006,0.834819,-1.0,-0.31814086,0.23496759,1.0,-1.0,-0.19756822,-1.0,1.0,-1.0,-0.46764505,-1.0,-1.0,-1.0,0.32191217,-1.0,-1.0,0.411199,-0.07531645,-0.053412944,-1.0,-2.74743,-1.88397,2.74743,-1.88397,-2.74743,1.88397,5.6547,-0.513,0.45795515,-0.2466,1.5462,-0.513,0.21415682,-0.2466,-0.2943,-0.513,0.92689013,-0.2466,-0.2943,1.0468589,0.3709829,0.55827135,-0.23598
402,6.719999999999482,-0.057669148,-0.89230555,0.83337843,-1.0,-0.31958604,0.23556751,1.0,-1.0,-0.19541715,-1.0,1.0,-1.0,-0.4656232,-1.0,-1.0,-1.0,0.32661247,-1.0,-1.0,0.41296116,-0.07403315,-0.054096382,-1.0,-2.74743,-1.88397,2.74743,-1.88397,-2.74743,1.88397,5.6547,-0.513,0.45989695,-0.2466,1.5462,-0.513,0.21598193,-0.2466,-0.2943,-0.513,0.9311331,-0.2466,-0.2943,1.0477575,0.37175387,0.55768,-0.23598
403,6.73599999999948,-0.059506,-0.89158005,0.8318873,-1.0,-0.32101145,0.23611417,1.0,-1.0,-0.1933703,-1.0,1.0,-1.0,-0.46375185,-1.0,-1.0,-1.0,0.3313928,-1.0,-1.0,0.414674,-0.072634675,-0.054791916,-1.0,-2.74743,-1.88397,2.74743,-1.88397,-2.74743,1.88397,5.6547,-0.513,0.46174464,-0.2466,1.5462,-0.513,0.2176712,-0.2466,-0.2943,-0.513,0.9354483,-0.2466,-0.2943,1.048631,0.37259403,0.5570782,-0.23598
404,6.751999999999478,-0.061194927,-0.8908724,0.83033866,-1.0,-0.32233456,0.23649019,1.0,-1.0,-0.19165419,-1.0,1.0,-1.0,-0.46197528,-1.0,-1.0,-1.0,0.3353236,-1.0,-1.0,0.41610515,-0.07137828,-0.05551868,-1.0,-2.74743,-1.88397,2.74743,-1.88397,-2.74743,1.88397,5.6547,-0.513,0.46329376,-0.2466,1.5462,-0.513,0.21927492,-0.2466,-0.2943,-0.513,0.9389966,-0.2466,-0.2943,1.0493608,0.37334883,0.5564494,-0.23598
405,6.769999999999476,-0.06270191,-0.89008874,0.8288196,-1.0,-0.32353184,0.23680595,1.0,-1.0,-0.19015779,-1.0,1.0,-1.0,-0.46038103,-1.0,-1.0,-1.0,0.33886233,-1.0,-1.0,0.41738227,-0.07014037,-0.056203075,-1.0,-2.74743,-1.88397,2.74743,-1.88397,-2.74743,1.88397,5.6547,-0.513,0.46464458,-0.2466,1.5462,-0.513,0.22071405,-0.2466,-0.2943,-0.513,0.942191,-0.2466,-0.2943,1.050012,0.37409252,0.55585724,-0.23598
406,6.785999999999475,-0.06405024,-0.8891478,0.8273195,-1.0,-0.3246194,0.2370443,1.0,-1.0,-0.18880834,-1.0,1.0,-1.0,-0.4589553,-1.0,-1.0,-1.0,0.34231377,-1.0,-1.0,0.41857195,-0.068895735,-0.056845147,-1.0,-2.74743,-1.88397,2.74743,-1.88397,-2.74743,1.88397,5.6547,-0.513,0.46586272,-0.2466,1.5462,-0.513,0.22200106,-0.2466,-0.2943,-0.513,0.94530666,-0.2466,-0.2943,1.0506188,0.37484026,0.5553017,-0.23598
407,6.801999999999473,-0.065280795,-0.88826865,0.8258128,-1.0,-0.325544,0.2371485,1.0,-1.0,-0.1877376,-1.0,1.0,-1.0,-0.45760155,-1.0,-1.0,-1.0,0.34500438,-1.0,-1.0,0.4195187,-0.067835815,-0.057476103,-1.0,-2.74743,-1.88397,2.74743,-1.88397,-2.74743,1.88397,5.6547,-0.513,0.46682927,-0.2466,1.5462,-0.513,0.22322309,-0.2466,-0.2943,-0.513,0.9477354,-0.2466,-0.2943,1.0511016,0.37547702,0.5547558,-0.23598
408,6.819999999999471,-0.06633946,-0.88736147,0.8244025,-1.0,-0.32630143,0.23721147,1.0,-1.0,-0.18686436,-1.0,1.0,-1.0,-0.45642108,-1.0,-1.0,-1.0,0.3473078,-1.0,-1.0,0.42031989,-0.06684255,-0.0580364,-1.0,-2.74743,-1.88397,2.74743,-1.88397,-2.74743,1.88397,5.6547,-0.513,0.46761754,-0.2466,1.5462,-0.513,0.22428869,-0.2466,-0.2943,-0.513,0.94981474,-0.2466,-0.2943,1.0515101,0.37607375,0.55427104,-0.23598
409,6.835999999999469,-0.13191496,-1.0,0.8029213,-1.0,-0.5682747,0.34918907,1.0,-1.0,-0.072335094,-1.0,1.0,-1.0,-0.41597039,-1.0,-1.0,-1.0,0.24291563,-1.0,-1.0,0.44646618,-0.13220584,-0.12921326,-1.0,-2.74743,-1.88397,2.74743,-1.88397,-2.74743,1.88397,5.6547,-0.513,0.57100314,-0.2466,1.5462,-0.513,0.26080352,-0.2466,-0.2943,-0.513,0.8555799,-0.2466,-0.2943,1.0648435,0.3368055,0.49268776,-0.23598
410,6.851999999999467,-0.11413543,-1.0,0.85305315,-1.0,-0.52322525,0.2988805,1.0,-1.0,-0.09637128,-1.0,1.0,-1.0,-0.3876295,-1.0,-1.0,-1.0,0.23130745,-1.0,-1.0,0.4043431,-0.1583491,-0.14255328,-1.0,-2.74743,-1.88397,2.74743,-1.88397,-2.74743,1.88397,5.6547,-0.513,0.5493056,-0.2466,1.5462,-0.513,0.28638685,-0.2466,-0.2943,-0.513,0.84510124,-0.2466,-0.2943,1.0433627,0.32109943,0.48114577,-0.23598
411,6.869999999999465,-0.13573276,-1.0,0.85422957,-1.0,-0.544679,0.3151621,1.0,-1.0,-0.0765998,-1.0,1.0,-1.0,-0.3779471,-1.0,-1.0,-1.0,0.23811963,-1.0,-1.0,0.423646,-0.1548112,-0.1435771,-1.0,-2.74743,-1.88397,2.74743,-1.88397,-2.74743,1.88397,5.6547,-0.513,0.56715333,-0.2466,1.5462,-0.513,0.29512715,-0.2466,-0.2943,-0.513,0.8512506,-0.2466,-0.2943,1.0532062,0.32322487,0.48025995,-0.23598
412,6.885999999999464,-0.12939061,-1.0,0.8594305,-1.0,-0.53150344,0.31166008,1.0,-1.0,-0.08223346,-1.0,1.0,-1.0,-0.38408256,-1.0,-1.0,-1.0,0.23476645,-1.0,-1.0,0.4201509,-0.1608097,-0.13763925,-1.0,-2.74743,-1.88397,2.74743,-1.88397,-2.74743,1.88397,5.6547,-0.513,0.56206787,-0.2466,1.5462,-0.513,0.2895887,-0.2466,-0.2943,-0.513,0.8482237,-0.2466,-0.2943,1.0514239,0.31962118,0.48539746,-0.23598
413,6.901999999999462,-0.13181126,-1.0,0.850717,-1.0,-0.53463393,0.31139576,1.0,-1.0,-0.08203922,-1.0,1.0,-1.0,-0.3831702,-1.0,-1.0,-1.0,0.23248038,-1.0,-1.0,0.42009678,-0.16193405,-0.1391512,-1.0,-2.74743,-1.88397,2.74743,-1.88397,-2.74743,1.88397,5.6547,-0.513,0.5622432,-0.2466,1.5462,-0.513,0.29041228,-0.2466,-0.2943,-0.513,0.84616005,-0.2466,-0.2943,1.0513964,0.3189457,0.4840893,-0.23598
414,6.91999999999946,-0.13090165,-1.0,0.8484464,-1.0,-0.53263474,0.31104484,1.0,-1.0,-0.08356543,-1.0,1.0,-1.0,-0.3855031,-1.0,-1.0,-1.0,0.23287553,-1.0,-1.0,0.4198138,-0.16200867,-0.13826418,-1.0,-2.74743,-1.88397,2.74743,-1.88397,-2.74743,1.88397,5.6547,-0.513,0.56086546,-0.2466,1.5462,-0.513,0.28830633,-0.2466,-0.2943,-0.513,0.8465167,-0.2466,-0.2943,1.051252,0.31890085,0.48485675,-0.23598
415,6.935999999999458,-0.13051274,-1.0,0.84490174,-1.0,-0.5334705,0.31108585,1.0,-1.0,-0.084416404,-1.0,1.0,-1.0,-0.38711274,-1.0,-1.0,-1.0,0.23057455,-1.0,-1.0,0.4189316,-0.16346294,-0.13858838,-1.0,-2.74743,-1.88397,2.74743,-1.88397,-2.74743,1.88397,5.6547,-0.513,0.56009734,-0.2466,1.5462,-0.513,0.28685334,-0.2466,-0.2943,-0.513,0.8444396,-0.2466,-0.2943,1.0508021,0.3180272,0.48457626,-0.23598
416,6.951999999999456,-0.12895802,-1.0,0.8431449,-1.0,-0.53203887,0.30989185,1.0,-1.0,-0.086564526,-1.0,1.0,-1.0,-0.38901925,-1.0,-1.0,-1.0,0.22878966,-1.0,-1.0,0.4172194,-0.16431811,-0.13860013,-1.0,-2.74743,-1.88397,2.74743,-1.88397,-2.74743,1.88397,5.6547,-0.513,0.5581582,-0.2466,1.5462,-0.513,0.28513232,-0.2466,-0.2943,-0.513,0.84282845,-0.2466,-0.2943,1.049929,0.3175134,0.4845661,-0.23598
417,6.969999999999454,-0.12789367,-1.0,0.84104085,-1.0,-0.53184634,0.30936638,1.0,-1.0,-0.08802006,-1.0,1.0,-1.0,-0.39065063,-1.0,-1.0,-1.0,0.22658464,-1.0,-1.0,0.41585097,-0.16537309,-0.13884488,-1.0,-2.74743,-1.88397,2.74743,-1.88397,-2.74743,1.88397,5.6547,-0.513,0.5568443,-0.2466,1.5462,-0.513,0.28365967,-0.2466,-0.2943,-0.513,0.84083796,-0.2466,-0.2943,1.0492312,0.31687963,0.48435432,-0.23598
418,6.985999999999453,-0.12640814,-1.0,0.8395434,-1.0,-0.5311203,0.30865145,1.0,-1.0,-0.089789614,-1.0,1.0,-1.0,-0.39244634,-1.0,-1.0,-1.0,0.2241058,-1.0,-1.0,0.41417524,-0.16651997,-0.13895331,-1.0,-2.74743,-1.88397,2.74743,-1.88397,-2.74743,1.88397,5.6547,-0.513,0.5552469,-0.2466,1.5462,-0.513,0.2820387,-0.2466,-0.2943,-0.513,0.83860034,-0.2466,-0.2943,1.0483766,0.3161906,0.4842605,-0.23598
419,7.001999999999451,-0.12509343,-1.0,0.83813184,-1.0,-0.53058344,0.30794856,1.0,-1.0,-0.091415346,-1.0,1.0,-1.0,-0.39391965,-1.0,-1.0,-1.0,0.2214576,-1.0,-1.0,0.4124926,-0.16772366,-0.13918658,-1.0,-2.74743,-1.88397,2.74743,-1.88397,-2.74743,1.88397,5.6547,-0.513,0.55377936,-0.2466,1.5462,-0.513,0.28070873,-0.2466,-0.2943,-0.513,0.8362098,-0.2466,-0.2943,1.0475185,0.31546748,0.48405868,-0.23598
420,7.019999999999449,-0.1237423,-1.0,0.8370906,-1.0,-0.52996534,0.30728462,1.0,-1.0,-0.09300205,-1.0,1.0,-1.0,-0.39532912,-1.0,-1.0,-1.0,0.21873552,-1.0,-1.0,0.41080874,-0.1689434,-0.1393645,-1.0,-2.74743,-1.88397,2.74743,-1.88397,-2.74743,1.88397,5.6547,-0.513,0.55234706,-0.2466,1.5462,-0.513,0.2794364,-0.2466,-0.2943,-0.513,0.8337526,-0.2466,-0.2943,1.0466598,0.3147347,0.48390475,-0.23598
421,7.035999999999447,-0.122421876,-1.0,0.836166,-1.0,-0.5295306,0.3068177,1.0,-1.0,-0.09445651,-1.0,1.0,-1.0,-0.39668202,-1.0,-1.0,-1.0,0.21561965,-1.0,-1.0,0.4091082,-0.17037329,-0.13954505,-1.0,-2.74743,-1.88397,2.74743,-1.88397,-2.74743,1.88397,5.6547,-0.513,0.5510341,-0.2466,1.5462,-0.513,0.27821514,-0.2466,-0.2943,-0.513,0.8309399,-0.2466,-0.2943,1.0457927,0.31387565,0.48374853,-0.23598
422,7.051999999999445,-0.12116408,-1.0,0.8354369,-1.0,-0.5289846,0.3062353,1.0,-1.0,-0.09589335,-1.0,1.0,-1.0,-0.39779794,-1.0,-1.0,-1.0,0.21257803,-1.0,-1.0,0.40739077,-0.17175388,-0.13975404,-1.0,-2.74743,-1.88397,2.74743,-1.88397,-2.74743,1.88397,5.6547,-0.513,0.5497371,-0.2466,1.5462,-0.513,0.2772078,-0.2466,-0.2943,-0.513,0.8281942,-0.2466,-0.2943,1.0449169,0.31304625,0.4835677,-0.23598
423,7.069999999999443,-0.119981244,-1.0,0.83488536,-1.0,-0.52855235,0.30577606,1.0,-1.0,-0.09719548,-1.0,1.0,-1.0,-0.3988101,-1.0,-1.0,-1.0,0.20945713,-1.0,-1.0,0.40574664,-0.17315194,-0.13995491,-1.0,-2.74743,-1.88397,2.74743,-1.88397,-2.74743,1.88397,5.6547,-0.513,0.54856163,-0.2466,1.5462,-0.513,0.27629414,-0.2466,-0.2943,-0.513,0.8253769,-0.2466,-0.2943,1.0440785,0.31220633,0.4833939,-0.23598
424,7.085999999999442,-0.118792295,-1.0,0.83450764,-1.0,-0.5282269,0.30549508,1.0,-1.0,-0.09840834,-1.0,1.0,-1.0,-0.39978862,-1.0,-1.0,-1.0,0.20597023,-1.0,-1.0,0.40407917,-0.1746991,-0.14013526,-1.0,-2.74743,-1.88397,2.74743,-1.88397,-2.74743,1.88397,5.6547,-0.513,0.5474668,-0.2466,1.5462,-0.513,0.2754108,-0.2466,-0.2943,-0.513,0.8222293,-0.2466,-0.2943,1.043228,0.31127685,0.48323786,-0.23598
425,7.10199999999944,-0.11772604,-1.0,0.8342103,-1.0,-0.5278716,0.30513063,1.0,-1.0,-0.09954801,-1.0,1.0,-1.0,-0.40053397,-1.0,-1.0,-1.0,0.20269823,-1.0,-1.0,0.4024742,-0.1761468,-0.1403482,-1.0,-2.74743,-1.88397,2.74743,-1.88397,-2.74743,1.88397,5.6547,-0.513,0.54643804,-0.2466,1.5462,-0.513,0.27473798,-0.2466,-0.2943,-0.513,0.8192757,-0.2466,-0.2943,1.0424097,0.3104071,0.48305362,-0.23598
426,7.119999999999438,-0.11671744,-1.0,0.83406675,-1.0,-0.5276146,0.30488065,1.0,-1.0,-0.10057539,-1.0,1.0,-1.0,-0.40120983,-1.0,-1.0,-1.0,0.19939682,-1.0,-1.0,0.40094972,-0.1775657,-0.14054787,-1.0,-2.74743,-1.88397,2.74743,-1.88397,-2.74743,1.88397,5.6547,-0.513,0.5455106,-0.2466,1.5462,-0.513,0.27412787,-0.2466,-0.2943,-0.513,0.8162955,-0.2466,-0.2943,1.0416322,0.3095547,0.48288086,-0.23598
427,7.135999999999436,-0.11570996,-1.0,0.83408284,-1.0,-0.5274877,0.30481976,1.0,-1.0,-0.10151233,-1.0,1.0,-1.0,-0.40184945,-1.0,-1.0,-1.0,0.1957565,-1.0,-1.0,0.39942428,-0.17906791,-0.14073242,-1.0,-2.74743,-1.88397,2.74743,-1.88397,-2.74743,1.88397,5.6547,-0.513,0.5446648,-0.2466,1.5462,-0.513,0.2735505,-0.2466,-0.2943,-0.513,0.8130094,-0.2466,-0.2943,1.0408543,0.3086522,0.4827212,-0.23598
428,7.151999999999434,-0.114833355,-1.0,0.8341426,-1.0,-0.5273375,0.30467966,1.0,-1.0,-0.10236524,-1.0,1.0,-1.0,-0.40229762,-1.0,-1.0,-1.0,0.19246,-1.0,-1.0,0.3980062,-0.18042329,-0.14093442,-1.0,-2.74743,-1.88397,2.74743,-1.88397,-2.74743,1.88397,5.6547,-0.513,0.5438949,-0.2466,1.5462,-0.513,0.27314594,-0.2466,-0.2943,-0.513,0.8100336,-0.2466,-0.2943,1.0401312,0.30783793,0.48254642,-0.23598
429,7.169999999999432,-0.114004776,-1.0,0.83432084,-1.0,-0.5272893,0.30464977,1.0,-1.0,-0.103120044,-1.0,1.0,-1.0,-0.40270382,-1.0,-1.0,-1.0,0.18917564,-1.0,-1.0,0.3966799,-0.18171069,-0.14112277,-1.0,-2.74743,-1.88397,2.74743,-1.88397,-2.74743,1.88397,5.6547,-0.513,0.54321355,-0.2466,1.5462,-0.513,0.27277926,-0.2466,-0.2943,-0.513,0.8070688,-0.2466,-0.2943,1.0394548,0.3070645,0.48238346,-0.23598
430,7.185999999999431,-0.113174364,-1.0,0.8346527,-1.0,-0.5273683,0.30480272,1.0,-1.0,-0.10379754,-1.0,1.0,-1.0,-0.40308088,-1.0,-1.0,-1.0,0.18560022,-1.0,-1.0,0.3953692,-0.18300799,-0.14129461,-1.0,-2.74743,-1.88397,2.74743,-1.88397,-2.74743,1.88397,5.6547,-0.513,0.54260194,-0.2466,1.5462,-0.513,0.27243888,-0.2466,-0.2943,-0.513,0.8038413,-0.2466,-0.2943,1.0387864,0.3062851,0.48223478,-0.23598
431,7.201999999999429,-0.11247522,-1.0,0.8349979,-1.0,-0.52743334,0.30489054,1.0,-1.0,-0.10437837,-1.0,1.0,-1.0,-0.4033056,-1.0,-1.0,-1.0,0.18246081,-1.0,-1.0,0.3942053,-0.1841298,-0.14146589,-1.0,-2.74743,-1.88397,2.74743,-1.88397,-2.74743,1.88397,5.6547,-0.513,0.54207766,-0.2466,1.5462,-0.513,0.27223605,-0.2466,-0.2943,-0.513,0.8010074,-0.2466,-0.2943,1.0381929,0.30561116,0.4820866,-0.23598
432,7.219999999999427,-0.11181155,-1.0,0.83543634,-1.0,-0.52758884,0.30507606,1.0,-1.0,-0.104879275,-1.0,1.0,-1.0,-0.40351236,-1.0,-1.0,-1.0,0.17937073,-1.0,-1.0,0.39313504,-0.18515518,-0.14162077,-1.0,-2.74743,-1.88397,2.74743,-1.88397,-2.74743,1.88397,5.6547,-0.513,0.5416255,-0.2466,1.5462,-0.513,0.2720494,-0.2466,-0.2943,-0.513,0.79821795,-0.2466,-0.2943,1.0376471,0.30499515,0.48195258,-0.23598
433,7.235999999999425,-0.1111428,-1.0,0.83601487,-1.0,-0.52785665,0.30542773,1.0,-1.0,-0.10532048,-1.0,1.0,-1.0,-0.40369725,-1.0,-1.0,-1.0,0.1760469,-1.0,-1.0,0.39209738,-0.18612221,-0.14175527,-1.0,-2.74743,-1.88397,2.74743,-1.88397,-2.74743,1.88397,5.6547,-0.513,0.5412272,-0.2466,1.5462,-0.513,0.2718825,-0.2466,-0.2943,-0.513,0.7952175,-0.2466,-0.2943,1.037118,0.30441418,0.48183623,-0.23598
434,7.251999999999423,-0.11060038,-1.0,0.8365863,-1.0,-0.5281166,0.305731,1.0,-1.0,-0.10565485,-1.0,1.0,-1.0,-0.40377063,-1.0,-1.0,-1.0,0.17321995,-1.0,-1.0,0.39123318,-0.18690372,-0.14187118,-1.0,-2.74743,-1.88397,2.74743,-1.88397,-2.74743,1.88397,5.6547,-0.513,0.5409254,-0.2466,1.5462,-0.513,0.27181625,-0.2466,-0.2943,-0.513,0.79266566,-0.2466,-0.2943,1.0366772,0.30394468,0.48173591,-0.23598
435,7.269999999999421,-0.11007567,-1.0,0.8372304,-1.0,-0.52844477,0.3061105,1.0,-1.0,-0.105933726,-1.0,1.0,-1.0,-0.4038486,-1.0,-1.0,-1.0,0.17046484,-1.0,-1.0,0.3904543,-0.18757632,-0.14196828,-1.0,-2.74743,-1.88397,2.74743,-1.88397,-2.74743,1.88397,5.6547,-0.513,0.5406736,-0.2466,1.5462,-0.513,0.2717459,-0.2466,-0.2943,-0.513,0.7901786,-0.2466,-0.2943,1.03628,0.30354062,0.4816519,-0.23598
436,7.28599999999942,-0.10955116,-1.0,0.8379955,-1.0,-0.5288662,0.30663377,1.0,-1.0,-0.106166646,-1.0,1.0,-1.0,-0.40390706,-1.0,-1.0,-1.0,0.16754901,-1.0,-1.0,0.389726,-0.18813509,-0.14204189,-1.0,-2.74743,-1.88397,2.74743,-1.88397,-2.74743,1.88397,5.6547,-0.513,0.5404634,-0.2466,1.5462,-0.513,0.2716931,-0.2466,-0.2943,-0.513,0.7875465,-0.2466,-0.2943,1.0359087,0.30320492,0.4815882,-0.23598
437,7.301999999999418,-0.10914479,-1.0,0.83874804,-1.0,-0.52928996,0.30713436,1.0,-1.0,-0.106280595,-1.0,1.0,-1.0,-0.4038933,-1.0,-1.0,-1.0,0.16515283,-1.0,-1.0,0.3891895,-0.1885204,-0.1420809,-1.0,-2.74743,-1.88397,2.74743,-1.88397,-2.74743,1.88397,5.6547,-0.513,0.5403605,-0.2466,1.5462,-0.513,0.27170554,-0.2466,-0.2943,-0.513,0.78538346,-0.2466,-0.2943,1.035635,0.30297342,0.48155448,-0.23598
438,7.319999999999416,-0.10874294,-1.0,0.839554,-1.0,-0.52975494,0.30768448,1.0,-1.0,-0.1063602,-1.0,1.0,-1.0,-0.4038968,-1.0,-1.0,-1.0,0.16284904,-1.0,-1.0,0.38872287,-0.18880066,-0.142101,-1.0,-2.74743,-1.88397,2.74743,-1.88397,-2.74743,1.88397,5.6547,-0.513,0.5402886,-0.2466,1.5462,-0.513,0.27170235,-0.2466,-0.2943,-0.513,0.78330386,-0.2466,-0.2943,1.035397,0.30280507,0.48153707,-0.23598
439,7.335999999999414,-0.108346865,-1.0,0.84046215,-1.0,-0.53028995,0.30834946,1.0,-1.0,-0.10640761,-1.0,1.0,-1.0,-0.4038821,-1.0,-1.0,-1.0,0.16045319,-1.0,-1.0,0.3883196,-0.18892911,-0.14209597,-1.0,-2.74743,-1.88397,2.74743,-1.88397,-2.74743,1.88397,5.6547,-0.513,0.54024583,-0.2466,1.5462,-0.513,0.27171564,-0.2466,-0.2943,-0.513,0.7811411,-0.2466,-0.2943,1.0351914,0.30272788,0.48154142,-0.23598
440,7.351999999999412,-0.10805935,-1.0,0.84135175,-1.0,-0.53083444,0.3090143,1.0,-1.0,-0.106326744,-1.0,1.0,-1.0,-0.4038267,-1.0,-1.0,-1.0,0.1585814,-1.0,-1.0,0.38811406,-0.18890885,-0.14204583,-1.0,-2.74743,-1.88397,2.74743,-1.88397,-2.74743,1.88397,5.6547,-0.513,0.54031885,-0.2466,1.5462,-0.513,0.27176562,-0.2466,-0.2943,-0.513,0.77945143,-0.2466,-0.2943,1.0350866,0.30274007,0.48158482,-0.23598
441,7.36999999999941,-0.10776693,-1.0,0.842285,-1.0,-0.5313975,0.30970418,1.0,-1.0,-0.10622661,-1.0,1.0,-1.0,-0.4037938,-1.0,-1.0,-1.0,0.15681413,-1.0,-1.0,0.38796225,-0.18880147,-0.14197889,-1.0,-2.74743,-1.88397,2.74743,-1.88397,-2.74743,1.88397,5.6547,-0.513,0.54040927,-0.2466,1.5462,-0.513,0.27179533,-0.2466,-0.2943,-0.513,0.7778561,-0.2466,-0.2943,1.0350093,0.30280456,0.48164272,-0.23598
442,7.385999999999409,-0.10749185,-1.0,0.84330076,-1.0,-0.5320081,0.31047636,1.0,-1.0,-0.10610302,-1.0,1.0,-1.0,-0.40373868,-1.0,-1.0,-1.0,0.15502355,-1.0,-1.0,0.38788155,-0.18852413,-0.14189,-1.0,-2.74743,-1.88397,2.74743,-1.88397,-2.74743,1.88397,5.6547,-0.513,0.5405208,-0.2466,1.5462,-0.513,0.2718451,-0.2466,-0.2943,-0.513,0.77623975,-0.2466,-0.2943,1.034968,0.30297118,0.48171964,-0.23598
443,7.401999999999407,-0.10731639,-1.0,0.8443007,-1.0,-0.5326371,0.3112732,1.0,-1.0,-0.10584107,-1.0,1.0,-1.0,-0.4036672,-1.0,-1.0,-1.0,0.15373667,-1.0,-1.0,0.38799715,-0.18813592,-0.1417482,-1.0,-2.74743,-1.88397,2.74743,-1.88397,-2.74743,1.88397,5.6547,-0.513,0.54075724,-0.2466,1.5462,-0.513,0.2719096,-0.2466,-0.2943,-0.513,0.7750781,-0.2466,-0.2943,1.035027,0.30320442,0.48184234,-0.23598
444,7.419999999999405,-0.10713145,-1.0,0.8453302,-1.0,-0.53326166,0.31206563,1.0,-1.0,-0.1055744,-1.0,1.0,-1.0,-0.4036169,-1.0,-1.0,-1.0,0.15256071,-1.0,-1.0,0.38814524,-0.18768758,-0.14159682,-1.0,-2.74743,-1.88397,2.74743,-1.88397,-2.74743,1.88397,5.6547,-0.513,0.540998,-0.2466,1.5462,-0.513,0.271955,-0.2466,-0.2943,-0.513,0.77401656,-0.2466,-0.2943,1.0351025,0.30347377,0.4819733,-0.23598
445,7.435999999999403,-0.1069701,-1.0,0.84642684,-1.0,-0.53390545,0.31290212,1.0,-1.0,-0.10529576,-1.0,1.0,-1.0,-0.40353894,-1.0,-1.0,-1.0,0.15142448,-1.0,-1.0,0.38836238,-0.18706664,-0.1414288,-1.0,-2.74743,-1.88397,2.74743,-1.88397,-2.74743,1.88397,5.6547,-0.513,0.5412495,-0.2466,1.5462,-0.513,0.2720254,-0.2466,-0.2943,-0.513,0.7729909,-0.2466,-0.2943,1.0352132,0.3038468,0.4821187,-0.23598
446,7.451999999999401,-0.1069019,-1.0,0.84750545,-1.0,-0.53458256,0.31378427,1.0,-1.0,-0.10487144,-1.0,1.0,-1.0,-0.4034621,-1.0,-1.0,-1.0,0.15075259,-1.0,-1.0,0.388766,-0.18637696,-0.14120805,-1.0,-2.74743,-1.88397,2.74743,-1.88397,-2.74743,1.88397,5.6547,-0.513,0.54163253,-0.2466,1.5462,-0.513,0.27209476,-0.2466,-0.2943,-0.513,0.77238435,-0.2466,-0.2943,1.0354191,0.30426115,0.48230967,-0.23598
447,7.469999999999399,-0.10681982,-1.0,0.84860367,-1.0,-0.5352291,0.31463295,1.0,-1.0,-0.10445732,-1.0,1.0,-1.0,-0.4034018,-1.0,-1.0,-1.0,0.15019053,-1.0,-1.0,0.38917872,-0.18565804,-0.14098497,-1.0,-2.74743,-1.88397,2.74743,-1.88397,-2.74743,1.88397,5.6547,-0.513,0.5420064,-0.2466,1.5462,-0.513,0.2721492,-0.2466,-0.2943,-0.513,0.771877,-0.2466,-0.2943,1.0356295,0.30469304,0.4825027,-0.23598
448,7.485999999999398,-0.10677323,-1.0,0.8497508,-1.0,-0.5358741,0.31548938,1.0,-1.0,-0.10403614,-1.0,1.0,-1.0,-0.40330333,-1.0,-1.0,-1.0,0.1497272,-1.0,-1.0,0.38965762,-0.18477434,-0.14075357,-1.0,-2.74743,-1.88397,2.74743,-1.88397,-2.74743,1.88397,5.6547,-0.513,0.5423866,-0.2466,1.5462,-0.513,0.27223808,-0.2466,-0.2943,-0.513,0.77145875,-0.2466,-0.2943,1.0358738,0.30522394,0.4827029,-0.23598
449,7.501999999999396,-0.10680638,-1.0,0.8508834,-1.0,-0.5365547,0.316405,1.0,-1.0,-0.1034745,-1.0,1.0,-1.0,-0.40322375,-1.0,-1.0,-1.0,0.14966743,-1.0,-1.0,0.3903023,-0.1838646,-0.14047047,-1.0,-2.74743,-1.88397,2.74743,-1.88397,-2.74743,1.88397,5.6547,-0.513,0.5428936,-0.2466,1.5462,-0.513,0.27230993,-0.2466,-0.2943,-0.513,0.7714048,-0.2466,-0.2943,1.0362025,0.3057705,0.48294783,-0.23598
450,7.519999999999394,-0.10682121,-1.0,0.85202044,-1.0,-0.537185,0.31725866,1.0,-1.0,-0.10293785,-1.0,1.0,-1.0,-0.40315253,-1.0,-1.0,-1.0,0.1497118,-1.0,-1.0,0.39093104,-0.18295416,-0.1401945,-1.0,-2.74743,-1.88397,2.74743,-1.88397,-2.74743,1.88397,5.6547,-0.513,0.543378,-0.2466,1.5462,-0.513,0.2723742,-0.2466,-0.2943,-0.513,0.77144486,-0.2466,-0.2943,1.0365231,0.30631745,0.4831866,-0.23598
451,7.535999999999392,-0.10688192,-1.0,0.8531858,-1.0,-0.5377935,0.3180823,1.0,-1.0,-0.10240245,-1.0,1.0,-1.0,-0.4030341,-1.0,-1.0,-1.0,0.14989683,-1.0,-1.0,0.39161512,-0.18189862,-0.13992243,-1.0,-2.74743,-1.88397,2.74743,-1.88397,-2.74743,1.88397,5.6547,-0.513,0.5438613,-0.2466,1.5462,-0.513,0.2724811,-0.2466,-0.2943,-0.513,0.77161187,-0.2466,-0.2943,1.036872,0.30695158,0.483422,-0.23598
452,7.55199999999939,-0.10700536,-1.0,0.85433793,-1.0,-0.5384403,0.318972,1.0,-1.0,-0.10173972,-1.0,1.0,-1.0,-0.40294814,-1.0,-1.0,-1.0,0.1504058,-1.0,-1.0,0.3924344,-0.18085831,-0.13960464,-1.0,-2.74743,-1.88397,2.74743,-1.88397,-2.74743,1.88397,5.6547,-0.513,0.5444596,-0.2466,1.5462,-0.513,0.27255872,-0.2466,-0.2943,-0.513,0.7720713,-0.2466,-0.2943,1.0372897,0.30757657,0.48369697,-0.23598
453,7.569999999999388,-0.10711175,-1.0,0.85547704,-1.0,-0.5390226,0.3197747,1.0,-1.0,-0.10111447,-1.0,1.0,-1.0,-0.402861,-1.0,-1.0,-1.0,0.15100682,-1.0,-1.0,0.39321592,-0.17984459,-0.13930535,-1.0,-2.74743,-1.88397,2.74743,-1.88397,-2.74743,1.88397,5.6547,-0.513,0.545024,-0.2466,1.5462,-0.513,0.27263737,-0.2466,-0.2943,-0.513,0.7726139,-0.2466,-0.2943,1.0376884,0.30818558,0.48395592,-0.23598
454,7.585999999999387,-0.10726717,-1.0,0.85662675,-1.0,-0.539563,0.32051447,1.0,-1.0,-0.1004985,-1.0,1.0,-1.0,-0.40271854,-1.0,-1.0,-1.0,0.15177736,-1.0,-1.0,0.39403805,-0.17870879,-0.13902032,-1.0,-2.74743,-1.88397,2.74743,-1.88397,-2.74743,1.88397,5.6547,-0.513,0.54558,-0.2466,1.5462,-0.513,0.27276596,-0.2466,-0.2943,-0.513,0.7733094,-0.2466,-0.2943,1.0381076,0.30886793,0.48420253,-0.23598
455,7.601999999999385,-0.10746358,-1.0,0.8577613,-1.0,-0.54013985,0.32132044,1.0,-1.0,-0.099779695,-1.0,1.0,-1.0,-0.40262455,-1.0,-1.0,-1.0,0.15278135,-1.0,-1.0,0.39495793,-0.17762393,-0.1386977,-1.0,-2.74743,-1.88397,2.74743,-1.88397,-2.74743,1.88397,5.6547,-0.513,0.5462289,-0.2466,1.5462,-0.513,0.2728508,-0.2466,-0.2943,-0.513,0.7742157,-0.2466,-0.2943,1.0385767,0.3095197,0.48448166,-0.23598
456,7.619999999999383,-0.1076469,-1.0,0.8588667,-1.0,-0.54064256,0.32202318,1.0,-1.0,-0.0991054,-1.0,1.0,-1.0,-0.40252024,-1.0,-1.0,-1.0,0.1538621,-1.0,-1.0,0.39582357,-0.17658538,-0.13840109,-1.0,-2.74743,-1.88397,2.74743,-1.88397,-2.74743,1.88397,5.6547,-0.513,0.54683757,-0.2466,1.5462,-0.513,0.272945,-0.2466,-0.2943,-0.513,0.7751913,-0.2466,-0.2943,1.0390182,0.31014362,0.4847383,-0.23598
457,7.635999999999381,-0.1078798,-1.0,0.85996044,-1.0,-0.5410886,0.32263547,1.0,-1.0,-0.09844996,-1.0,1.0,-1.0,-0.4023558,-1.0,-1.0,-1.0,0.15512604,-1.0,-1.0,0.39671364,-0.1754531,-0.13812825,-1.0,-2.74743,-1.88397,2.74743,-1.88397,-2.74743,1.88397,5.6547,-0.513,0.5474292,-0.2466,1.5462,-0.513,0.27309343,-0.2466,-0.2943,-0.513,0.77633226,-0.2466,-0.2943,1.039472,0.31082386,0.48497435,-0.23598
458,7.651999999999379,-0.108131126,-1.0,0.8610388,-1.0,-0.54156655,0.32331166,1.0,-1.0,-0.09771834,-1.0,1.0,-1.0,-0.40225428,-1.0,-1.0,-1.0,0.15653288,-1.0,-1.0,0.39766476,-0.17439684,-0.1378257,-1.0,-2.74743,-1.88397,2.74743,-1.88397,-2.74743,1.88397,5.6547,-0.513,0.5480896,-0.2466,1.5462,-0.513,0.27318504,-0.2466,-0.2943,-0.513,0.77760226,-0.2466,-0.2943,1.039957,0.31145844,0.48523614,-0.23598
459,7.669999999999377,-0.1083727,-1.0,0.8620707,-1.0,-0.54196817,0.32387695,1.0,-1.0,-0.0970359,-1.0,1.0,-1.0,-0.40213197,-1.0,-1.0,-1.0,0.15799186,-1.0,-1.0,0.39855072,-0.17340448,-0.13755491,-1.0,-2.74743,-1.88397,2.74743,-1.88397,-2.74743,1.88397,5.6547,-0.513,0.5487057,-0.2466,1.5462,-0.513,0.27329546,-0.2466,-0.2943,-0.513,0.7789192,-0.2466,-0.2943,1.0404088,0.3120546,0.4854704,-0.23598
460,7.6859999999993756,-0.10866441,-1.0,0.86307406,-1.0,-0.5423027,0.32433414,1.0,-1.0,-0.09637676,-1.0,1.0,-1.0,-0.40195024,-1.0,-1.0,-1.0,0.15964279,-1.0,-1.0,0.39944777,-0.17234617,-0.1373144,-1.0,-2.74743,-1.88397,2.74743,-1.88397,-2.74743,1.88397,5.6547,-0.513,0.5493007,-0.2466,1.5462,-0.513,0.27345952,-0.2466,-0.2943,-0.513,0.7804095,-0.2466,-0.2943,1.0408663,0.3126904,0.48567852,-0.23598
461,7.701999999999374,-0.10895155,-1.0,0.8640598,-1.0,-0.54266495,0.32484967,1.0,-1.0,-0.09567064,-1.0,1.0,-1.0,-0.4018407,-1.0,-1.0,-1.0,0.16134198,-1.0,-1.0,0.40036777,-0.17138278,-0.13705225,-1.0,-2.74743,-1.88397,2.74743,-1.88397,-2.74743,1.88397,5.6547,-0.513,0.54993814,-0.2466,1.5462,-0.513,0.2735584,-0.2466,-0.2943,-0.513,0.7819434,-0.2466,-0.2943,1.0413355,0.3132692,0.48590535,-0.23598
462,7.719999999999372,-0.10923439,-1.0,0.86498225,-1.0,-0.54295224,0.3252539,1.0,-1.0,-0.09501457,-1.0,1.0,-1.0,-0.4017033,-1.0,-1.0,-1.0,0.16307575,-1.0,-1.0,0.40121803,-0.17049083,-0.13682456,-1.0,-2.74743,-1.88397,2.74743,-1.88397,-2.74743,1.88397,5.6547,-0.513,0.5505304,-0.2466,1.5462,-0.513,0.27368245,-0.2466,-0.2943,-0.513,0.7835085,-0.2466,-0.2943,1.041769,0.31380504,0.48610234,-0.23598
463,7.73599999999937,-0.10956369,-1.0,0.86586004,-1.0,-0.54316944,0.32554102,1.0,-1.0,-0.094384104,-1.0,1.0,-1.0,-0.40150774,-1.0,-1.0,-1.0,0.16499719,-1.0,-1.0,0.40206835,-0.16955993,-0.13663104,-1.0,-2.74743,-1.88397,2.74743,-1.88397,-2.74743,1.88397,5.6547,-0.513,0.5510995,-0.2466,1.5462,-0.513,0.27385896,-0.2466,-0.2943,-0.513,0.785243,-0.2466,-0.2943,1.0422027,0.3143643,0.48626977,-0.23598
464,7.751999999999368,-0.10987051,-1.0,0.86671764,-1.0,-0.54340976,0.32588118,1.0,-1.0,-0.093734086,-1.0,1.0,-1.0,-0.40139127,-1.0,-1.0,-1.0,0.16688,-1.0,-1.0,0.40290967,-0.16873568,-0.13642375,-1.0,-2.74743,-1.88397,2.74743,-1.88397,-2.74743,1.88397,5.6547,-0.513,0.5516862,-0.2466,1.5462,-0.513,0.2739641,-0.2466,-0.2943,-0.513,0.7869426,-0.2466,-0.2943,1.0426317,0.31485948,0.48644912,-0.23598
465,7.769999999999366,-0.110178515,-1.0,0.8674997,-1.0,-0.54358184,0.32611609,1.0,-1.0,-0.09313187,-1.0,1.0,-1.0,-0.4012435,-1.0,-1.0,-1.0,0.16877963,-1.0,-1.0,0.4036817,-0.16798672,-0.13625124,-1.0,-2.74743,-1.88397,2.74743,-1.88397,-2.74743,1.88397,5.6547,-0.513,0.5522299,-0.2466,1.5462,-0.513,0.27409747,-0.2466,-0.2943,-0.513,0.78865737,-0.2466,-0.2943,1.0430254,0.31530944,0.48659837,-0.23598
466,7.7859999999993645,-0.110530555,-1.0,0.8682213,-1.0,-0.5436884,0.32623795,1.0,-1.0,-0.092550725,-1.0,1.0,-1.0,-0.40104187,-1.0,-1.0,-1.0,0.17085715,-1.0,-1.0,0.40444946,-0.16722277,-0.13611306,-1.0,-2.74743,-1.88397,2.74743,-1.88397,-2.74743,1.88397,5.6547,-0.513,0.55275446,-0.2466,1.5462,-0.513,0.2742795,-0.2466,-0.2943,-0.513,0.79053277,-0.2466,-0.2943,1.043417,0.3157684,0.48671794,-0.23598
467,7.801999999999363,-0.1108423,-1.0,0.8689201,-1.0,-0.54381025,0.32640025,1.0,-1.0,-0.09198016,-1.0,1.0,-1.0,-0.40092272,-1.0,-1.0,-1.0,0.17282024,-1.0,-1.0,0.40517575,-0.16657004,-0.13596909,-1.0,-2.74743,-1.88397,2.74743,-1.88397,-2.74743,1.88397,5.6547,-0.513,0.5532695,-0.2466,1.5462,-0.513,0.27438706,-0.2466,-0.2943,-0.513,0.7923048,-0.2466,-0.2943,1.0437872,0.31616053,0.4868425,-0.23598
468,7.819999999999361,-0.11115983,-1.0,0.86953455,-1.0,-0.5438757,0.32647303,1.0,-1.0,-0.09144989,-1.0,1.0,-1.0,-0.40076923,-1.0,-1.0,-1.0,0.17478654,-1.0,-1.0,0.4058407,-0.16598716,-0.13585705,-1.0,-2.74743,-1.88397,2.74743,-1.88397,-2.74743,1.88397,5.6547,-0.513,0.5537482,-0.2466,1.5462,-0.513,0.2745256,-0.2466,-0.2943,-0.513,0.7940798,-0.2466,-0.2943,1.0441264,0.3165107,0.48693946,-0.23598
469,7.835999999999359,-0.11151837,-1.0,0.87007546,-1.0,-0.54388285,0.3264385,1.0,-1.0,-0.09093715,-1.0,1.0,-1.0,-0.4005702,-1.0,-1.0,-1.0,0.1769172,-1.0,-1.0,0.4064975,-0.16541117,-0.13577843,-1.0,-2.74743,-1.88397,2.74743,-1.88397,-2.74743,1.88397,5.6547,-0.513,0.554211,-0.2466,1.5462,-0.513,0.27470526,-0.2466,-0.2943,-0.513,0.79600316,-0.2466,-0.2943,1.0444614,0.31685674,0.48700747,-0.23598
470,7.851999999999357,-0.111823365,-1.0,0.8705953,-1.0,-0.54389966,0.3264356,1.0,-1.0,-0.090459034,-1.0,1.0,-1.0,-0.40045297,-1.0,-1.0,-1.0,0.17886797,-1.0,-1.0,0.40708864,-0.16494441,-0.13570069,-1.0,-2.74743,-1.88397,2.74743,-1.88397,-2.74743,1.88397,5.6547,-0.513,0.5546426,-0.2466,1.5462,-0.513,0.2748111,-0.2466,-0.2943,-0.513,0.7977641,-0.2466,-0.2943,1.0447627,0.31713715,0.48707473,-0.23598
471,7.869999999999355,-0.11214118,-1.0,0.8710253,-1.0,-0.5438756,0.32636362,1.0,-1.0,-0.09001042,-1.0,1.0,-1.0,-0.40030265,-1.0,-1.0,-1.0,0.18081193,-1.0,-1.0,0.40763226,-0.16454121,-0.1356494,-1.0,-2.74743,-1.88397,2.74743,-1.88397,-2.74743,1.88397,5.6547,-0.513,0.5550476,-0.2466,1.5462,-0.513,0.2749468,-0.2466,-0.2943,-0.513,0.79951894,-0.2466,-0.2943,1.04504,0.3173794,0.4871191,-0.23598
472,7.8859999999993535,-0.11249167,-1.0,0.8713741,-1.0,-0.54380196,0.32619524,1.0,-1.0,-0.089576766,-1.0,1.0,-1.0,-0.4001177,-1.0,-1.0,-1.0,0.18290235,-1.0,-1.0,0.40816364,-0.16415957,-0.1356286,-1.0,-2.74743,-1.88397,2.74743,-1.88397,-2.74743,1.88397,5.6547,-0.513,0.55543905,-0.2466,1.5462,-0.513,0.27511376,-0.2466,-0.2943,-0.513,0.80140597,-0.2466,-0.2943,1.045311,0.31760868,0.4871371,-0.23598
473,7.901999999999352,-0.11277881,-1.0,0.8717019,-1.0,-0.5437306,0.32604712,1.0,-1.0,-0.089199185,-1.0,1.0,-1.0,-0.40000987,-1.0,-1.0,-1.0,0.18476321,-1.0,-1.0,0.40861058,-0.16388056,-0.1356142,-1.0,-2.74743,-1.88397,2.74743,-1.88397,-2.74743,1.88397,5.6547,-0.513,0.5557799,-0.2466,1.5462,-0.513,0.2752111,-0.2466,-0.2943,-0.513,0.80308574,-0.2466,-0.2943,1.0455389,0.3177763,0.48714957,-0.23598
474,7.91999999999935,-0.113083884,-1.0,0.87193996,-1.0,-0.5436341,0.32585138,1.0,-1.0,-0.0888408,-1.0,1.0,-1.0,-0.3998726,-1.0,-1.0,-1.0,0.18660848,-1.0,-1.0,0.40902367,-0.16365355,-0.13562079,-1.0,-2.74743,-1.88397,2.74743,-1.88397,-2.74743,1.88397,5.6547,-0.513,0.5561034,-0.2466,1.5462,-0.513,0.275335,-0.2466,-0.2943,-0.513,0.80475146,-0.2466,-0.2943,1.0457495,0.31791267,0.48714387,-0.23598
475,7.935999999999348,-0.11341515,-1.0,0.8720933,-1.0,-0.54350084,0.3255772,1.0,-1.0,-0.08849026,-1.0,1.0,-1.0,-0.3997131,-1.0,-1.0,-1.0,0.18857777,-1.0,-1.0,0.40942627,-0.16346309,-0.13565174,-1.0,-2.74743,-1.88397,2.74743,-1.88397,-2.74743,1.88397,5.6547,-0.513,0.55641985,-0.2466,1.5462,-0.513,0.275479,-0.2466,-0.2943,-0.513,0.80652916,-0.2466,-0.2943,1.0459548,0.3180271,0.48711708,-0.23598
476,7.951999999999346,-0.11367619,-1.0,0.8722264,-1.0,-0.5433599,0.3253098,1.0,-1.0,-0.088216126,-1.0,1.0,-1.0,-0.3996231,-1.0,-1.0,-1.0,0.19028205,-1.0,-1.0,0.40972894,-0.16336277,-0.13569374,-1.0,-2.74743,-1.88397,2.74743,-1.88397,-2.74743,1.88397,5.6547,-0.513,0.5566673,-0.2466,1.5462,-0.513,0.27556023,-0.2466,-0.2943,-0.513,0.8080676,-0.2466,-0.2943,1.0461092,0.31808737,0.48708072,-0.23598
477,7.969999999999344,-0.11395636,-1.0,0.8722768,-1.0,-0.5432081,0.32501686,1.0,-1.0,-0.08795151,-1.0,1.0,-1.0,-0.3995098,-1.0,-1.0,-1.0,0.1919648,-1.0,-1.0,0.4100127,-0.16329998,-0.13574935,-1.0,-2.74743,-1.88397,2.74743,-1.88397,-2.74743,1.88397,5.6547,-0.513,0.55690616,-0.2466,1.5462,-0.513,0.2756625,-0.2466,-0.2943,-0.513,0.80958664,-0.2466,-0.2943,1.0462539,0.3181251,0.48703262,-0.23598
478,7.9859999999993425,-0.11425386,-1.0,0.87224174,-1.0,-0.5430315,0.3246637,1.0,-1.0,-0.08769107,-1.0,1.0,-1.0,-0.39938885,-1.0,-1.0,-1.0,0.1937465,-1.0,-1.0,0.41028544,-0.16328564,-0.13582337,-1.0,-2.74743,-1.88397,2.74743,-1.88397,-2.74743,1.88397,5.6547,-0.513,0.55714124,-0.2466,1.5462,-0.513,0.27577168,-0.2466,-0.2943,-0.513,0.81119496,-0.2466,-0.2943,1.046393,0.3181337,0.48696858,-0.23598
479,8.001999999999342,-0.1144793,-1.0,0.87219024,-1.0,-0.5428406,0.32430503,1.0,-1.0,-0.08752021,-1.0,1.0,-1.0,-0.39932656,-1.0,-1.0,-1.0,0.19523957,-1.0,-1.0,0.41044807,-0.16334751,-0.13591409,-1.0,-2.74743,-1.88397,2.74743,-1.88397,-2.74743,1.88397,5.6547,-0.513,0.5572955,-0.2466,1.5462,-0.513,0.2758279,-0.2466,-0.2943,-0.513,0.81254274,-0.2466,-0.2943,1.0464759,0.31809652,0.4868901,-0.23598
480,8.019999999999348,-0.114722446,-1.0,0.8720666,-1.0,-0.5426498,0.3239391,1.0,-1.0,-0.087353155,-1.0,1.0,-1.0,-0.39924943,-1.0,-1.0,-1.0,0.19670248,-1.0,-1.0,0.4106025,-0.16343662,-0.13601118,-1.0,-2.74743,-1.88397,2.74743,-1.88397,-2.74743,1.88397,5.6547,-0.513,0.5574463,-0.2466,1.5462,-0.513,0.27589753,-0.2466,-0.2943,-0.513,0.81386334,-0.2466,-0.2943,1.0465547,0.318043,0.4868061,-0.23598
481,8.035999999999353,-0.11497483,-1.0,0.8718597,-1.0,-0.54244494,0.3235324,1.0,-1.0,-0.08718583,-1.0,1.0,-1.0,-0.39917588,-1.0,-1.0,-1.0,0.19823861,-1.0,-1.0,0.4107475,-0.16357991,-0.13611932,-1.0,-2.74743,-1.88397,2.74743,-1.88397,-2.74743,1.88397,5.6547,-0.513,0.55759734,-0.2466,1.5462,-0.513,0.27596393,-0.2466,-0.2943,-0.513,0.81525,-0.2466,-0.2943,1.0466286,0.31795692,0.48671252,-0.23598
482,8.051999999999358,-0.115152925,-1.0,0.87164336,-1.0,-0.5422184,0.32310838,1.0,-1.0,-0.08711998,-1.0,1.0,-1.0,-0.39915216,-1.0,-1.0,-1.0,0.1994729,-1.0,-1.0,0.410776,-0.1637854,-0.13624792,-1.0,-2.74743,-1.88397,2.74743,-1.88397,-2.74743,1.88397,5.6547,-0.513,0.55765676,-0.2466,1.5462,-0.513,0.27598536,-0.2466,-0.2943,-0.513,0.81636417,-0.2466,-0.2943,1.0466431,0.31783345,0.48660126,-0.23598
483,8.069999999999364,-0.1153471,-1.0,0.87136704,-1.0,-0.54199976,0.32269412,1.0,-1.0,-0.08705185,-1.0,1.0,-1.0,-0.39912063,-1.0,-1.0,-1.0,0.20067531,-1.0,-1.0,0.41080698,-0.16400379,-0.13637577,-1.0,-2.74743,-1.88397,2.74743,-1.88397,-2.74743,1.88397,5.6547,-0.513,0.5577183,-0.2466,1.5462,-0.513,0.27601382,-0.2466,-0.2943,-0.513,0.8174496,-0.2466,-0.2943,1.046659,0.31770226,0.48649064,-0.23598
484,8.08599999999937,-0.11554149,-1.0,0.8710179,-1.0,-0.54177684,0.32225853,1.0,-1.0,-0.08698025,-1.0,1.0,-1.0,-0.39910632,-1.0,-1.0,-1.0,0.20191953,-1.0,-1.0,0.41082963,-0.16428393,-0.13650726,-1.0,-2.74743,-1.88397,2.74743,-1.88397,-2.74743,1.88397,5.6547,-0.513,0.55778295,-0.2466,1.5462,-0.513,0.27602673,-0.2466,-0.2943,-0.513,0.81857276,-0.2466,-0.2943,1.0466706,0.31753397,0.48637688,-0.23598
485,8.101999999999375,-0.115661934,-1.0,0.8706619,-1.0,-0.541524,0.32179257,1.0,-1.0,-0.08701807,-1.0,1.0,-1.0,-0.39912713,-1.0,-1.0,-1.0,0.2028656,-1.0,-1.0,0.4107322,-0.16460699,-0.13666233,-1.0,-2.74743,-1.88397,2.74743,-1.88397,-2.74743,1.88397,5.6547,-0.513,0.5577488,-0.2466,1.5462,-0.513,0.27600795,-0.2466,-0.2943,-0.513,0.8194268,-0.2466,-0.2943,1.0466208,0.31733987,0.4862427,-0.23598
486,8.119999999999381,-0.11579628,-1.0,0.8702636,-1.0,-0.5412874,0.32135338,1.0,-1.0,-0.087047055,-1.0,1.0,-1.0,-0.39914763,-1.0,-1.0,-1.0,0.20377237,-1.0,-1.0,0.4106472,-0.16493487,-0.13680974,-1.0,-2.74743,-1.88397,2.74743,-1.88397,-2.74743,1.88397,5.6547,-0.513,0.5577226,-0.2466,1.5462,-0.513,0.27598944,-0.2466,-0.2943,-0.513,0.8202453,-0.2466,-0.2943,1.0465775,0.3171429,0.48611516,-0.23598
487,8.135999999999386,-0.11591937,-1.0,0.8698039,-1.0,-0.5410516,0.320906,1.0,-1.0,-0.08707601,-1.0,1.0,-1.0,-0.39919817,-1.0,-1.0,-1.0,0.20468816,-1.0,-1.0,0.41054967,-0.16532704,-0.13695551,-1.0,-2.74743,-1.88397,2.74743,-1.88397,-2.74743,1.88397,5.6547,-0.513,0.55769646,-0.2466,1.5462,-0.513,0.27594382,-0.2466,-0.2943,-0.513,0.821072,-0.2466,-0.2943,1.0465277,0.3169073,0.48598903,-0.23598
488,8.151999999999392,-0.115976155,-1.0,0.8693432,-1.0,-0.540783,0.32042313,1.0,-1.0,-0.08720973,-1.0,1.0,-1.0,-0.39926547,-1.0,-1.0,-1.0,0.20532432,-1.0,-1.0,0.41033885,-0.16574705,-0.13712572,-1.0,-2.74743,-1.88397,2.74743,-1.88397,-2.74743,1.88397,5.6547,-0.513,0.55757576,-0.2466,1.5462,-0.513,0.27588305,-0.2466,-0.2943,-0.513,0.8216463,-0.2466,-0.2943,1.0464202,0.31665495,0.48584178,-0.23598
489,8.169999999999398,-0.11604349,-1.0,0.868857,-1.0,-0.5405354,0.31997874,1.0,-1.0,-0.08733298,-1.0,1.0,-1.0,-0.3993399,-1.0,-1.0,-1.0,0.2059105,-1.0,-1.0,0.4101458,-0.16616341,-0.13728343,-1.0,-2.74743,-1.88397,2.74743,-1.88397,-2.74743,1.88397,5.6547,-0.513,0.55746454,-0.2466,1.5462,-0.513,0.27581584,-0.2466,-0.2943,-0.513,0.8221754,-0.2466,-0.2943,1.0463217,0.31640482,0.48570532,-0.23598
490,8.185999999999403,-0.11609009,-1.0,0.86832404,-1.0,-0.54029304,0.31953976,1.0,-1.0,-0.087455764,-1.0,1.0,-1.0,-0.3994524,-1.0,-1.0,-1.0,0.20647901,-1.0,-1.0,0.40993762,-0.1666474,-0.137434,-1.0,-2.74743,-1.88397,2.74743,-1.88397,-2.74743,1.88397,5.6547,-0.513,0.5573537,-0.2466,1.5462,-0.513,0.27571434,-0.2466,-0.2943,-0.513,0.8226886,-0.2466,-0.2943,1.0462157,0.31611407,0.48557505,-0.23598
491,8.201999999999408,-0.11608069,-1.0,0.8677952,-1.0,-0.5400173,0.31906092,1.0,-1.0,-0.08767709,-1.0,1.0,-1.0,-0.39956552,-1.0,-1.0,-1.0,0.20679101,-1.0,-1.0,0.40962592,-0.16714346,-0.13761055,-1.0,-2.74743,-1.88397,2.74743,-1.88397,-2.74743,1.88397,5.6547,-0.513,0.5571539,-0.2466,1.5462,-0.513,0.2756122,-0.2466,-0.2943,-0.513,0.8229703,-0.2466,-0.2943,1.0460566,0.31581604,0.48542228,-0.23598
492,8.219999999999414,-0.11607528,-1.0,0.8672606,-1.0,-0.5397638,0.31862688,1.0,-1.0,-0.087886214,-1.0,1.0,-1.0,-0.39968973,-1.0,-1.0,-1.0,0.20705539,-1.0,-1.0,0.40933427,-0.1676279,-0.13777055,-1.0,-2.74743,-1.88397,2.74743,-1.88397,-2.74743,1.88397,5.6547,-0.513,0.5569651,-0.2466,1.5462,-0.513,0.2755001,-0.2466,-0.2943,-0.513,0.8232089,-0.2466,-0.2943,1.045908,0.315525,0.48528385,-0.23598
493,8.23599999999942,-0.11604442,-1.0,0.8666927,-1.0,-0.53952295,0.31821337,1.0,-1.0,-0.08809385,-1.0,1.0,-1.0,-0.39985758,-1.0,-1.0,-1.0,0.20726818,-1.0,-1.0,0.40902564,-0.16818357,-0.13792032,-1.0,-2.74743,-1.88397,2.74743,-1.88397,-2.74743,1.88397,5.6547,-0.513,0.55677766,-0.2466,1.5462,-0.513,0.27534857,-0.2466,-0.2943,-0.513,0.823401,-0.2466,-0.2943,1.0457505,0.31519118,0.48515427,-0.23598
494,8.251999999999425,-0.115967736,-1.0,0.86613345,-1.0,-0.5392486,0.31775567,1.0,-1.0,-0.08838995,-1.0,1.0,-1.0,-0.40000868,-1.0,-1.0,-1.0,0.20726174,-1.0,-1.0,0.40862596,-0.16873488,-0.1380964,-1.0,-2.74743,-1.88397,2.74743,-1.88397,-2.74743,1.88397,5.6547,-0.513,0.5565104,-0.2466,1.5462,-0.513,0.27521217,-0.2466,-0.2943,-0.513,0.8233952,-0.2466,-0.2943,1.0455468,0.31485996,0.48500192,-0.23598
495,8.269999999999431,-0.11589521,-1.0,0.8655841,-1.0,-0.5390023,0.3173508,1.0,-1.0,-0.088667855,-1.0,1.0,-1.0,-0.4001732,-1.0,-1.0,-1.0,0.20720804,-1.0,-1.0,0.4082506,-0.16927302,-0.13825475,-1.0,-2.74743,-1.88397,2.74743,-1.88397,-2.74743,1.88397,5.6547,-0.513,0.5562595,-0.2466,1.5462,-0.513,0.27506366,-0.2466,-0.2943,-0.513,0.8233467,-0.2466,-0.2943,1.0453553,0.31453666,0.48486492,-0.23598
496,8.285999999999436,-0.11578958,-1.0,0.86502045,-1.0,-0.5387704,0.31697613,1.0,-1.0,-0.088945046,-1.0,1.0,-1.0,-0.4003805,-1.0,-1.0,-1.0,0.20707718,-1.0,-1.0,0.40785497,-0.16987863,-0.13839905,-1.0,-2.74743,-1.88397,2.74743,-1.88397,-2.74743,1.88397,5.6547,-0.513,0.5560093,-0.2466,1.5462,-0.513,0.27487653,-0.2466,-0.2943,-0.513,0.82322854,-0.2466,-0.2943,1.0451536,0.31417283,0.48474008,-0.23598
497,8.301999999999442,-0.11565541,-1.0,0.86446834,-1.0,-0.5385123,0.31656104,1.0,-1.0,-0.089291364,-1.0,1.0,-1.0,-0.40055692,-1.0,-1.0,-1.0,0.20677307,-1.0,-1.0,0.4073887,-0.17046943,-0.13856925,-1.0,-2.74743,-1.88397,2.74743,-1.88397,-2.74743,1.88397,5.6547,-0.513,0.55569667,-0.2466,1.5462,-0.513,0.27471727,-0.2466,-0.2943,-0.513,0.82295406,-0.2466,-0.2943,1.0449158,0.3138179,0.4845928,-0.23598
498,8.319999999999448,-0.11552082,-1.0,0.863941,-1.0,-0.53828305,0.31619978,1.0,-1.0,-0.089618996,-1.0,1.0,-1.0,-0.40074617,-1.0,-1.0,-1.0,0.20642185,-1.0,-1.0,0.40694615,-0.1710425,-0.13872148,-1.0,-2.74743,-1.88397,2.74743,-1.88397,-2.74743,1.88397,5.6547,-0.513,0.5554009,-0.2466,1.5462,-0.513,0.27454644,-0.2466,-0.2943,-0.513,0.822637,-0.2466,-0.2943,1.0446901,0.3134736,0.4844611,-0.23598
499,8.335999999999453,-0.1153537,-1.0,0.8634168,-1.0,-0.53807485,0.31588048,1.0,-1.0,-0.08994168,-1.0,1.0,-1.0,-0.40097737,-1.0,-1.0,-1.0,0.20597598,-1.0,-1.0,0.4064847,-0.17168158,-0.13885842,-1.0,-2.74743,-1.88397,2.74743,-1.88397,-2.74743,1.88397,5.6547,-0.513,0.5551096,-0.2466,1.5462,-0.513,0.27433774,-0.2466,-0.2943,-0.513,0.8222345,-0.2466,-0.2943,1.0444548,0.31308967,0.4843426,-0.23598
500,8.351999999999459,-0.11517236,-1.0,0.8629047,-1.0,-0.53784645,0.3155218,1.0,-1.0,-0.09031558,-1.0,1.0,-1.0,-0.40116316,-1.0,-1.0,-1.0,0.20540696,-1.0,-1.0,0.4059717,-0.17229244,-0.13902038,-1.0,-2.74743,-1.88397,2.74743,-1.88397,-2.74743,1.88397,5.6547,-0.513,0.55477214,-0.2466,1.5462,-0.513,0.27417,-0.2466,-0.2943,-0.513,0.82172084,-0.2466,-0.2943,1.0441931,0.31272268,0.48420247,-0.23598
501,8.369999999999465,-0.11499025,-1.0,0.8624323,-1.0,-0.5376507,0.31522,1.0,-1.0,-0.090666175,-1.0,1.0,-1.0,-0.4013601,-1.0,-1.0,-1.0,0.20479658,-1.0,-1.0,0.40548396,-0.1728828,-0.13916478,-1.0,-2.74743,-1.88397,2.74743,-1.88397,-2.74743,1.88397,5.6547,-0.513,0.55445564,-0.2466,1.5462,-0.513,0.27399224,-0.2466,-0.2943,-0.513,0.82116985,-0.2466,-0.2943,1.0439445,0.31236804,0.48407754,-0.23598
502,8.38599999999947,-0.11477828,-1.0,0.86197793,-1.0,-0.53748155,0.31497088,1.0,-1.0,-0.09100632,-1.0,1.0,-1.0,-0.4015929,-1.0,-1.0,-1.0,0.20407844,-1.0,-1.0,0.40498176,-0.17353457,-0.13929263,-1.0,-2.74743,-1.88397,2.74743,-1.88397,-2.74743,1.88397,5.6547,-0.513,0.5541486,-0.2466,1.5462,-0.513,0.27378207,-0.2466,-0.2943,-0.513,0.8205216,-0.2466,-0.2943,1.0436884,0.31197646,0.48396692,-0.23598
503,8.401999999999475,-0.11456275,-1.0,0.8615359,-1.0,-0.53729606,0.31468183,1.0,-1.0,-0.091382,-1.0,1.0,-1.0,-0.4017715,-1.0,-1.0,-1.0,0.20328993,-1.0,-1.0,0.404444,-0.17414525,-0.1394442,-1.0,-2.74743,-1.88397,2.74743,-1.88397,-2.74743,1.88397,5.6547,-0.513,0.55380946,-0.2466,1.5462,-0.513,0.27362087,-0.2466,-0.2943,-0.513,0.8198098,-0.2466,-0.2943,1.0434141,0.31160957,0.4838358,-0.23598
504,8.419999999999481,-0.11435261,-1.0,0.8611416,-1.0,-0.537149,0.31445393,1.0,-1.0,-0.091726586,-1.0,1.0,-1.0,-0.40195858,-1.0,-1.0,-1.0,0.20247138,-1.0,-1.0,0.40393886,-0.17473629,-0.13957909,-1.0,-2.74743,-1.88397,2.74743,-1.88397,-2.74743,1.88397,5.6547,-0.513,0.5534984,-0.2466,1.5462,-0.513,0.27345198,-0.2466,-0.2943,-0.513,0.81907094,-0.2466,-0.2943,1.0431565,0.3112545,0.48371908,-0.23598
505,8.435999999999487,-0.11410989,-1.0,0.8607793,-1.0,-0.53703105,0.31428054,1.0,-1.0,-0.09206277,-1.0,1.0,-1.0,-0.40217698,-1.0,-1.0,-1.0,0.20153311,-1.0,-1.0,0.4034168,-0.17537627,-0.13969912,-1.0,-2.74743,-1.88397,2.74743,-1.88397,-2.74743,1.88397,5.6547,-0.513,0.55319494,-0.2466,1.5462,-0.513,0.27325484,-0.2466,-0.2943,-0.513,0.81822395,-0.2466,-0.2943,1.0428903,0.31087002,0.48361522,-0.23598
506,8.451999999999492,-0.11388156,-1.0,0.8604302,-1.0,-0.53690565,0.31407654,1.0,-1.0,-0.09241049,-1.0,1.0,-1.0,-0.4023332,-1.0,-1.0,-1.0,0.20058167,-1.0,-1.0,0.40288514,-0.1759677,-0.13983761,-1.0,-2.74743,-1.88397,2.74743,-1.88397,-2.74743,1.88397,5.6547,-0.513,0.55288106,-0.2466,1.5462,-0.513,0.27311382,-0.2466,-0.2943,-0.513,0.81736505,-0.2466,-0.2943,1.0426192,0.31051472,0.4834954,-0.23598
507,8.469999999999498,-0.1136563,-1.0,0.8601325,-1.0,-0.5368196,0.31392968,1.0,-1.0,-0.09272753,-1.0,1.0,-1.0,-0.40249634,-1.0,-1.0,-1.0,0.1996082,-1.0,-1.0,0.40238503,-0.17653427,-0.13996236,-1.0,-2.74743,-1.88397,2.74743,-1.88397,-2.74743,1.88397,5.6547,-0.513,0.55259484,-0.2466,1.5462,-0.513,0.27296656,-0.2466,-0.2943,-0.513,0.8164863,-0.2466,-0.2943,1.0423641,0.31017435,0.48338747,-0.23598
508,8.485999999999503,-0.113404095,-1.0,0.8598759,-1.0,-0.53676516,0.31384262,1.0,-1.0,-0.09303221,-1.0,1.0,-1.0,-0.40268362,-1.0,-1.0,-1.0,0.1985164,-1.0,-1.0,0.40187407,-0.1771386,-0.14007157,-1.0,-2.74743,-1.88397,2.74743,-1.88397,-2.74743,1.88397,5.6547,-0.513,0.5523198,-0.2466,1.5462,-0.513,0.2727975,-0.2466,-0.2943,-0.513,0.81550074,-0.2466,-0.2943,1.0421035,0.30981126,0.48329297,-0.23598
509,8.501999999999509,-0.11317676,-1.0,0.85963345,-1.0,-0.5367099,0.31373,1.0,-1.0,-0.09333123,-1.0,1.0,-1.0,-0.40280747,-1.0,-1.0,-1.0,0.19746104,-1.0,-1.0,0.40137354,-0.17768559,-0.14019558,-1.0,-2.74743,-1.88397,2.74743,-1.88397,-2.74743,1.88397,5.6547,-0.513,0.5520499,-0.2466,1.5462,-0.513,0.2726857,-0.2466,-0.2943,-0.513,0.8145481,-0.2466,-0.2943,1.0418483,0.30948266,0.48318568,-0.23598
510,8.519999999999515,-0.11295208,-1.0,0.8594433,-1.0,-0.5366916,0.31366938,1.0,-1.0,-0.09360111,-1.0,1.0,-1.0,-0.40293753,-1.0,-1.0,-1.0,0.19639522,-1.0,-1.0,0.40090463,-0.17820475,-0.14030708,-1.0,-2.74743,-1.88397,2.74743,-1.88397,-2.74743,1.88397,5.6547,-0.513,0.5518063,-0.2466,1.5462,-0.513,0.2725683,-0.2466,-0.2943,-0.513,0.81358594,-0.2466,-0.2943,1.0416092,0.30917075,0.4830892,-0.23598
511,8.53599999999952,-0.11270681,-1.0,0.85930216,-1.0,-0.53670955,0.313673,1.0,-1.0,-0.093854755,-1.0,1.0,-1.0,-0.40308553,-1.0,-1.0,-1.0,0.19521436,-1.0,-1.0,0.4004308,-0.17874646,-0.14040369,-1.0,-2.74743,-1.88397,2.74743,-1.88397,-2.74743,1.88397,5.6547,-0.513,0.5515773,-0.2466,1.5462,-0.513,0.27243468,-0.2466,-0.2943,-0.513,0.81252,-0.2466,-0.2943,1.0413675,0.3088453,0.4830056,-0.23598
512,8.551999999999525,-0.11249125,-1.0,0.8591715,-1.0,-0.5367276,0.31365243,1.0,-1.0,-0.09409188,-1.0,1.0,-1.0,-0.4031728,-1.0,-1.0,-1.0,0.19411641,-1.0,-1.0,0.39998314,-0.17922476,-0.1405103,-1.0,-2.74743,-1.88397,2.74743,-1.88397,-2.74743,1.88397,5.6547,-0.513,0.5513633,-0.2466,1.5462,-0.513,0.2723559,-0.2466,-0.2943,-0.513,0.81152886,-0.2466,-0.2943,1.0411392,0.30855796,0.48291337,-0.23598
513,8.569999999999531,-0.11228156,-1.0,0.8590922,-1.0,-0.53678316,0.3136811,1.0,-1.0,-0.094298065,-1.0,1.0,-1.0,-0.40326518,-1.0,-1.0,-1.0,0.19301936,-1.0,-1.0,0.3995692,-0.17967269,-0.14060582,-1.0,-2.74743,-1.88397,2.74743,-1.88397,-2.74743,1.88397,5.6547,-0.513,0.55117714,-0.2466,1.5462,-0.513,0.27227253,-0.2466,-0.2943,-0.513,0.8105386,-0.2466,-0.2943,1.0409282,0.30828887,0.48283073,-0.23598
514,8.585999999999537,-0.112054825,-1.0,0.8590643,-1.0,-0.53687465,0.31377178,1.0,-1.0,-0.09448911,-1.0,1.0,-1.0,-0.40336853,-1.0,-1.0,-1.0,0.19181737,-1.0,-1.0,0.39915583,-0.1801255,-0.14068843,-1.0,-2.74743,-1.88397,2.74743,-1.88397,-2.74743,1.88397,5.6547,-0.513,0.5510047,-0.2466,1.5462,-0.513,0.27217922,-0.2466,-0.2943,-0.513,0.80945355,-0.2466,-0.2943,1.0407174,0.30801684,0.48275927,-0.23598
515,8.601999999999542,-0.111866325,-1.0,0.85904634,-1.0,-0.5369714,0.31384665,1.0,-1.0,-0.09464899,-1.0,1.0,-1.0,-0.4034183,-1.0,-1.0,-1.0,0.19073668,-1.0,-1.0,0.39878577,-0.18051428,-0.14077409,-1.0,-2.74743,-1.88397,2.74743,-1.88397,-2.74743,1.88397,5.6547,-0.513,0.55086035,-0.2466,1.5462,-0.513,0.2721343,-0.2466,-0.2943,-0.513,0.808478,-0.2466,-0.2943,1.0405287,0.30778328,0.48268515,-0.23598
516,8.619999999999548,-0.1116806,-1.0,0.8590769,-1.0,-0.5370987,0.31396157,1.0,-1.0,-0.094783425,-1.0,1.0,-1.0,-0.40347284,-1.0,-1.0,-1.0,0.18966715,-1.0,-1.0,0.39844602,-0.1808697,-0.14085,-1.0,-2.74743,-1.88397,2.74743,-1.88397,-2.74743,1.88397,5.6547,-0.513,0.550739,-0.2466,1.5462,-0.513,0.27208507,-0.2466,-0.2943,-0.513,0.8075125,-0.2466,-0.2943,1.0403554,0.30756974,0.48261946,-0.23598
517,8.635999999999553,-0.11148289,-1.0,0.8591588,-1.0,-0.53726107,0.3141351,1.0,-1.0,-0.09490262,-1.0,1.0,-1.0,-0.4035337,-1.0,-1.0,-1.0,0.18850797,-1.0,-1.0,0.39811277,-0.18121344,-0.14091386,-1.0,-2.74743,-1.88397,2.74743,-1.88397,-2.74743,1.88397,5.6547,-0.513,0.5506314,-0.2466,1.5462,-0.513,0.27203014,-0.2466,-0.2943,-0.513,0.80646616,-0.2466,-0.2943,1.0401855,0.30736324,0.4825642,-0.23598
518,8.651999999999559,-0.1113268,-1.0,0.85924894,-1.0,-0.5374319,0.31430086,1.0,-1.0,-0.09498,-1.0,1.0,-1.0,-0.403548,-1.0,-1.0,-1.0,0.18750085,-1.0,-1.0,0.39783686,-0.18149278,-0.14097528,-1.0,-2.74743,-1.88397,2.74743,-1.88397,-2.74743,1.88397,5.6547,-0.513,0.55056155,-0.2466,1.5462,-0.513,0.2720172,-0.2466,-0.2943,-0.513,0.805557,-0.2466,-0.2943,1.0400448,0.30719543,0.48251107,-0.23598
519,8.669999999999565,-0.11117026,-1.0,0.8593798,-1.0,-0.53762555,0.3144938,1.0,-1.0,-0.09503996,-1.0,1.0,-1.0,-0.4035673,-1.0,-1.0,-1.0,0.1865125,-1.0,-1.0,0.39758497,-0.18173692,-0.1410299,-1.0,-2.74743,-1.88397,2.74743,-1.88397,-2.74743,1.88397,5.6547,-0.513,0.5505074,-0.2466,1.5462,-0.513,0.27199978,-0.2466,-0.2943,-0.513,0.80466485,-0.2466,-0.2943,1.0399164,0.30704874,0.4824638,-0.23598
520,8.68599999999957,-0.11100732,-1.0,0.85956097,-1.0,-0.5378498,0.31474018,1.0,-1.0,-0.095085114,-1.0,1.0,-1.0,-0.4035886,-1.0,-1.0,-1.0,0.18545441,-1.0,-1.0,0.39734602,-0.18195462,-0.14107265,-1.0,-2.74743,-1.88397,2.74743,-1.88397,-2.74743,1.88397,5.6547,-0.513,0.55046666,-0.2466,1.5462,-0.513,0.27198058,-0.2466,-0.2943,-0.513,0.8037097,-0.2466,-0.2943,1.0397944,0.30691794,0.48242682,-0.23598
521,8.701999999999575,-0.11088888,-1.0,0.8597482,-1.0,-0.5380869,0.3149859,1.0,-1.0,-0.09508012,-1.0,1.0,-1.0,-0.4035722,-1.0,-1.0,-1.0,0.18456827,-1.0,-1.0,0.39717418,-0.1821124,-0.14110823,-1.0,-2.74743,-1.88397,2.74743,-1.88397,-2.74743,1.88397,5.6547,-0.513,0.5504712,-0.2466,1.5462,-0.513,0.27199537,-0.2466,-0.2943,-0.513,0.8029098,-0.2466,-0.2943,1.0397068,0.30682316,0.48239604,-0.23598
522,8.719999999999581,-0.11076872,-1.0,0.85997206,-1.0,-0.5383397,0.3152513,1.0,-1.0,-0.095061526,-1.0,1.0,-1.0,-0.40356112,-1.0,-1.0,-1.0,0.18370762,-1.0,-1.0,0.3970233,-0.1822376,-0.1411376,-1.0,-2.74743,-1.88397,2.74743,-1.88397,-2.74743,1.88397,5.6547,-0.513,0.55048794,-0.2466,1.5462,-0.513,0.27200538,-0.2466,-0.2943,-0.513,0.80213284,-0.2466,-0.2943,1.0396299,0.30674794,0.48237064,-0.23598
523,8.735999999999587,-0.110646605,-1.0,0.8602407,-1.0,-0.538617,0.3155595,1.0,-1.0,-0.09503181,-1.0,1.0,-1.0,-0.4035474,-1.0,-1.0,-1.0,0.18279973,-1.0,-1.0,0.39688903,-0.18232274,-0.14115727,-1.0,-2.74743,-1.88397,2.74743,-1.88397,-2.74743,1.88397,5.6547,-0.513,0.55051476,-0.2466,1.5462,-0.513,0.27201775,-0.2466,-0.2943,-0.513,0.80131334,-0.2466,-0.2943,1.0395614,0.3066968,0.48235363,-0.23598
524,8.751999999999592,-0.11056717,-1.0,0.8605135,-1.0,-0.5389073,0.31587264,1.0,-1.0,-0.09494822,-1.0,1.0,-1.0,-0.40350634,-1.0,-1.0,-1.0,0.18207483,-1.0,-1.0,0.39682516,-0.18235481,-0.14116526,-1.0,-2.74743,-1.88397,2.74743,-1.88397,-2.74743,1.88397,5.6547,-0.513,0.5505902,-0.2466,1.5462,-0.513,0.27205482,-0.2466,-0.2943,-0.513,0.80065894,-0.2466,-0.2943,1.0395288,0.30667752,0.4823467,-0.23598
525,8.769999999999598,-0.11048393,-1.0,0.86081594,-1.0,-0.5392074,0.3161955,1.0,-1.0,-0.09485564,-1.0,1.0,-1.0,-0.40347207,-1.0,-1.0,-1.0,0.18138237,-1.0,-1.0,0.3967769,-0.18235871,-0.14116976,-1.0,-2.74743,-1.88397,2.74743,-1.88397,-2.74743,1.88397,5.6547,-0.513,0.55067384,-0.2466,1.5462,-0.513,0.27208576,-0.2466,-0.2943,-0.513,0.80003387,-0.2466,-0.2943,1.0395043,0.3066752,0.4823428,-0.23598
526,8.785999999999603,-0.110403955,-1.0,0.86115885,-1.0,-0.53952557,0.31655094,1.0,-1.0,-0.09475459,-1.0,1.0,-1.0,-0.40342832,-1.0,-1.0,-1.0,0.18066399,-1.0,-1.0,0.3967488,-0.18231064,-0.14116642,-1.0,-2.74743,-1.88397,2.74743,-1.88397,-2.74743,1.88397,5.6547,-0.513,0.55076504,-0.2466,1.5462,-0.513,0.27212524,-0.2466,-0.2943,-0.513,0.79938537,-0.2466,-0.2943,1.03949,0.30670407,0.4823457,-0.23598
527,8.801999999999609,-0.110364586,-1.0,0.86150366,-1.0,-0.53985786,0.3169179,1.0,-1.0,-0.09459624,-1.0,1.0,-1.0,-0.403368,-1.0,-1.0,-1.0,0.18013032,-1.0,-1.0,0.396794,-0.1822201,-0.14114766,-1.0,-2.74743,-1.88397,2.74743,-1.88397,-2.74743,1.88397,5.6547,-0.513,0.55090797,-0.2466,1.5462,-0.513,0.27217972,-0.2466,-0.2943,-0.513,0.79890364,-0.2466,-0.2943,1.039513,0.30675846,0.48236194,-0.23598
528,8.819999999999615,-0.11032213,-1.0,0.86187303,-1.0,-0.5401916,0.3172848,1.0,-1.0,-0.09443419,-1.0,1.0,-1.0,-0.40331286,-1.0,-1.0,-1.0,0.17963122,-1.0,-1.0,0.39684892,-0.18210888,-0.1411274,-1.0,-2.74743,-1.88397,2.74743,-1.88397,-2.74743,1.88397,5.6547,-0.513,0.55105424,-0.2466,1.5462,-0.513,0.2722295,-0.2466,-0.2943,-0.513,0.7984531,-0.2466,-0.2943,1.039541,0.30682528,0.48237947,-0.23598
529,8.83599999999962,-0.1102864,-1.0,0.8622735,-1.0,-0.54053664,0.31767052,1.0,-1.0,-0.09426767,-1.0,1.0,-1.0,-0.40324515,-1.0,-1.0,-1.0,0.17913014,-1.0,-1.0,0.39692357,-0.18193978,-0.1411031,-1.0,-2.74743,-1.88397,2.74743,-1.88397,-2.74743,1.88397,5.6547,-0.513,0.55120456,-0.2466,1.5462,-0.513,0.2722906,-0.2466,-0.2943,-0.513,0.79800075,-0.2466,-0.2943,1.039579,0.30692688,0.48240048,-0.23598
530,8.851999999999626,-0.11028889,-1.0,0.8626766,-1.0,-0.5408992,0.3180769,1.0,-1.0,-0.094040304,-1.0,1.0,-1.0,-0.40317053,-1.0,-1.0,-1.0,0.1788041,-1.0,-1.0,0.3970723,-0.1817405,-0.14106007,-1.0,-2.74743,-1.88397,2.74743,-1.88397,-2.74743,1.88397,5.6547,-0.513,0.55140984,-0.2466,1.5462,-0.513,0.27235797,-0.2466,-0.2943,-0.513,0.7977065,-0.2466,-0.2943,1.0396549,0.3070466,0.4824377,-0.23598
531,8.869999999999632,-0.11028382,-1.0,0.8630947,-1.0,-0.54125065,0.31846753,1.0,-1.0,-0.09381905,-1.0,1.0,-1.0,-0.4030983,-1.0,-1.0,-1.0,0.17851748,-1.0,-1.0,0.39722037,-0.18152544,-0.14101861,-1.0,-2.74743,-1.88397,2.74743,-1.88397,-2.74743,1.88397,5.6547,-0.513,0.5516095,-0.2466,1.5462,-0.513,0.27242318,-0.2466,-0.2943,-0.513,0.79744774,-0.2466,-0.2943,1.0397304,0.3071758,0.48247358,-0.23598
532,8.885999999999637,-0.11029059,-1.0,0.86353743,-1.0,-0.54160804,0.31886703,1.0,-1.0,-0.09359503,-1.0,1.0,-1.0,-0.40301102,-1.0,-1.0,-1.0,0.17824604,-1.0,-1.0,0.39738956,-0.18125093,-0.14097616,-1.0,-2.74743,-1.88397,2.74743,-1.88397,-2.74743,1.88397,5.6547,-0.513,0.55181175,-0.2466,1.5462,-0.513,0.27250195,-0.2466,-0.2943,-0.513,0.7972027,-0.2466,-0.2943,1.0398167,0.3073407,0.4825103,-0.23598
533,8.901999999999642,-0.110330254,-1.0,0.863981,-1.0,-0.54198253,0.3192897,1.0,-1.0,-0.09331299,-1.0,1.0,-1.0,-0.4029255,-1.0,-1.0,-1.0,0.17813846,-1.0,-1.0,0.39762592,-0.18095973,-0.14091417,-1.0,-2.74743,-1.88397,2.74743,-1.88397,-2.74743,1.88397,5.6547,-0.513,0.5520664,-0.2466,1.5462,-0.513,0.27257916,-0.2466,-0.2943,-0.513,0.7971056,-0.2466,-0.2943,1.0399373,0.30751565,0.48256394,-0.23598
534,8.919999999999648,-0.11036353,-1.0,0.8644327,-1.0,-0.5423419,0.3196906,1.0,-1.0,-0.09303929,-1.0,1.0,-1.0,-0.40283942,-1.0,-1.0,-1.0,0.17806742,-1.0,-1.0,0.39785752,-0.18066049,-0.14085631,-1.0,-2.74743,-1.88397,2.74743,-1.88397,-2.74743,1.88397,5.6547,-0.513,0.55231345,-0.2466,1.5462,-0.513,0.27265686,-0.2466,-0.2943,-0.513,0.7970415,-0.2466,-0.2943,1.0400553,0.30769542,0.482614,-0.23598
535,8.935999999999654,-0.11041199,-1.0,0.8649033,-1.0,-0.54269767,0.32008633,1.0,-1.0,-0.09276624,-1.0,1.0,-1.0,-0.4027356,-1.0,-1.0,-1.0,0.17803058,-1.0,-1.0,0.39810848,-0.18030432,-0.1408001,-1.0,-2.74743,-1.88397,2.74743,-1.88397,-2.74743,1.88397,5.6547,-0.513,0.5525599,-0.2466,1.5462,-0.513,0.2727506,-0.2466,-0.2943,-0.513,0.7970082,-0.2466,-0.2943,1.0401833,0.3079094,0.48266265,-0.23598
536,8.951999999999659,-0.110486925,-1.0,0.8653706,-1.0,-0.5430711,0.32050842,1.0,-1.0,-0.09244007,-1.0,1.0,-1.0,-0.40264112,-1.0,-1.0,-1.0,0.17813417,-1.0,-1.0,0.39841774,-0.17994314,-0.14072461,-1.0,-2.74743,-1.88397,2.74743,-1.88397,-2.74743,1.88397,5.6547,-0.513,0.55285436,-0.2466,1.5462,-0.513,0.27283585,-0.2466,-0.2943,-0.513,0.79710174,-0.2466,-0.2943,1.040341,0.3081264,0.48272794,-0.23598
537,8.969999999999665,-0.11055541,-1.0,0.8658401,-1.0,-0.54342306,0.32090008,1.0,-1.0,-0.09212682,-1.0,1.0,-1.0,-0.40254468,-1.0,-1.0,-1.0,0.17827272,-1.0,-1.0,0.39871588,-0.17958307,-0.14065573,-1.0,-2.74743,-1.88397,2.74743,-1.88397,-2.74743,1.88397,5.6547,-0.513,0.5531371,-0.2466,1.5462,-0.513,0.27292293,-0.2466,-0.2943,-0.513,0.7972268,-0.2466,-0.2943,1.040493,0.3083427,0.48278755,-0.23598
538,8.98599999999967,-0.11064179,-1.0,0.866318,-1.0,-0.5437667,0.32127577,1.0,-1.0,-0.091816664,-1.0,1.0,-1.0,-0.40242773,-1.0,-1.0,-1.0,0.17846072,-1.0,-1.0,0.3990302,-0.17917004,-0.14059234,-1.0,-2.74743,-1.88397,2.74743,-1.88397,-2.74743,1.88397,5.6547,-0.513,0.5534171,-0.2466,1.5462,-0.513,0.2730285,-0.2466,-0.2943,-0.513,0.7973965,-0.2466,-0.2943,1.0406533,0.30859083,0.48284242,-0.23598
539,9.001999999999676,-0.11074732,-1.0,0.86679435,-1.0,-0.54412645,0.32168,1.0,-1.0,-0.09145886,-1.0,1.0,-1.0,-0.4023255,-1.0,-1.0,-1.0,0.17876261,-1.0,-1.0,0.3993943,-0.17876306,-0.1405104,-1.0,-2.74743,-1.88397,2.74743,-1.88397,-2.74743,1.88397,5.6547,-0.513,0.5537401,-0.2466,1.5462,-0.513,0.27312076,-0.2466,-0.2943,-0.513,0.797669,-0.2466,-0.2943,1.0408391,0.30883533,0.4829133,-0.23598
540,9.019999999999682,-0.11084737,-1.0,0.86726433,-1.0,-0.544461,0.32204777,1.0,-1.0,-0.09111717,-1.0,1.0,-1.0,-0.4022209,-1.0,-1.0,-1.0,0.17909345,-1.0,-1.0,0.39974126,-0.17836687,-0.1404369,-1.0,-2.74743,-1.88397,2.74743,-1.88397,-2.74743,1.88397,5.6547,-0.513,0.55404854,-0.2466,1.5462,-0.513,0.27321517,-0.2466,-0.2943,-0.513,0.7979677,-0.2466,-0.2943,1.041016,0.30907336,0.48297688,-0.23598
541,9.035999999999687,-0.11096579,-1.0,0.86773384,-1.0,-0.54477936,0.32238743,1.0,-1.0,-0.090782836,-1.0,1.0,-1.0,-0.4020927,-1.0,-1.0,-1.0,0.17948693,-1.0,-1.0,0.4001006,-0.17792276,-0.14037187,-1.0,-2.74743,-1.88397,2.74743,-1.88397,-2.74743,1.88397,5.6547,-0.513,0.5543503,-0.2466,1.5462,-0.513,0.27333093,-0.2466,-0.2943,-0.513,0.79832286,-0.2466,-0.2943,1.0411992,0.30934018,0.48303315,-0.23598
542,9.051999999999692,-0.11109787,-1.0,0.8682004,-1.0,-0.5451142,0.32275724,1.0,-1.0,-0.090408176,-1.0,1.0,-1.0,-0.40198666,-1.0,-1.0,-1.0,0.17996296,-1.0,-1.0,0.40049773,-0.17749682,-0.14029035,-1.0,-2.74743,-1.88397,2.74743,-1.88397,-2.74743,1.88397,5.6547,-0.513,0.5546885,-0.2466,1.5462,-0.513,0.27342665,-0.2466,-0.2943,-0.513,0.79875255,-0.2466,-0.2943,1.0414017,0.30959606,0.4831037,-0.23598
543,9.069999999999698,-0.111224085,-1.0,0.86865413,-1.0,-0.54542154,0.32308662,1.0,-1.0,-0.09005205,-1.0,1.0,-1.0,-0.40187472,-1.0,-1.0,-1.0,0.18046175,-1.0,-1.0,0.40087292,-0.17708799,-0.14021915,-1.0,-2.74743,-1.88397,2.74743,-1.88397,-2.74743,1.88397,5.6547,-0.513,0.55501,-0.2466,1.5462,-0.513,0.27352768,-0.2466,-0.2943,-0.513,0.7992028,-0.2466,-0.2943,1.0415931,0.30984166,0.4831653,-0.23598
544,9.085999999999704,-0.11137049,-1.0,0.8690998,-1.0,-0.5457084,0.32337955,1.0,-1.0,-0.089704365,-1.0,1.0,-1.0,-0.40173864,-1.0,-1.0,-1.0,0.18103208,-1.0,-1.0,0.4012576,-0.17663816,-0.14015876,-1.0,-2.74743,-1.88397,2.74743,-1.88397,-2.74743,1.88397,5.6547,-0.513,0.5553239,-0.2466,1.5462,-0.513,0.27365053,-0.2466,-0.2943,-0.513,0.79971766,-0.2466,-0.2943,1.0417892,0.3101119,0.48321754,-0.23598
545,9.101999999999709,-0.11151993,-1.0,0.8695418,-1.0,-0.5460084,0.3237006,1.0,-1.0,-0.08932844,-1.0,1.0,-1.0,-0.40163022,-1.0,-1.0,-1.0,0.18165068,-1.0,-1.0,0.401666,-0.1762158,-0.1400843,-1.0,-2.74743,-1.88397,2.74743,-1.88397,-2.74743,1.88397,5.6547,-0.513,0.5556632,-0.2466,1.5462,-0.513,0.2737484,-0.2466,-0.2943,-0.513,0.8002761,-0.2466,-0.2943,1.0419974,0.31036565,0.48328197,-0.23598
546,9.119999999999715,-0.111667946,-1.0,0.8699638,-1.0,-0.5462804,0.32398072,1.0,-1.0,-0.08896968,-1.0,1.0,-1.0,-0.40151346,-1.0,-1.0,-1.0,0.18228778,-1.0,-1.0,0.40205166,-0.175816,-0.1400207,-1.0,-2.74743,-1.88397,2.74743,-1.88397,-2.74743,1.88397,5.6547,-0.513,0.55598706,-0.2466,1.5462,-0.513,0.2738538,-0.2466,-0.2943,-0.513,0.80085117,-0.2466,-0.2943,1.0421941,0.31060585,0.483337,-0.23598
547,9.13599999999972,-0.11183567,-1.0,0.87037164,-1.0,-0.54652965,0.32421994,1.0,-1.0,-0.08862023,-1.0,1.0,-1.0,-0.40137267,-1.0,-1.0,-1.0,0.18300019,-1.0,-1.0,0.4024433,-0.175385,-0.1399695,-1.0,-2.74743,-1.88397,2.74743,-1.88397,-2.74743,1.88397,5.6547,-0.513,0.55630255,-0.2466,1.5462,-0.513,0.2739809,-0.2466,-0.2943,-0.513,0.8014943,-0.2466,-0.2943,1.0423939,0.31086478,0.4833813,-0.23598
548,9.151999999999726,-0.11200002,-1.0,0.8707745,-1.0,-0.54679203,0.32448593,1.0,-1.0,-0.08825153,-1.0,1.0,-1.0,-0.40126288,-1.0,-1.0,-1.0,0.18372719,-1.0,-1.0,0.4028457,-0.17498946,-0.1399072,-1.0,-2.74743,-1.88397,2.74743,-1.88397,-2.74743,1.88397,5.6547,-0.513,0.5566353,-0.2466,1.5462,-0.513,0.27408,-0.2466,-0.2943,-0.513,0.80215055,-0.2466,-0.2943,1.0425991,0.3111024,0.48343518,-0.23598
549,9.169999999999732,-0.112161815,-1.0,0.8711512,-1.0,-0.5470244,0.32470807,1.0,-1.0,-0.08790442,-1.0,1.0,-1.0,-0.40114528,-1.0,-1.0,-1.0,0.18446669,-1.0,-1.0,0.40322268,-0.17461717,-0.13985708,-1.0,-2.74743,-1.88397,2.74743,-1.88397,-2.74743,1.88397,5.6547,-0.513,0.55694866,-0.2466,1.5462,-0.513,0.27418616,-0.2466,-0.2943,-0.513,0.80281806,-0.2466,-0.2943,1.0427914,0.31132606,0.48347855,-0.23598
550,9.185999999999737,-0.112344235,-1.0,0.87150615,-1.0,-0.5472343,0.32488889,1.0,-1.0,-0.08756374,-1.0,1.0,-1.0,-0.401003,-1.0,-1.0,-1.0,0.18528275,-1.0,-1.0,0.4036037,-0.17422402,-0.13981923,-1.0,-2.74743,-1.88397,2.74743,-1.88397,-2.74743,1.88397,5.6547,-0.513,0.5572562,-0.2466,1.5462,-0.513,0.27431458,-0.2466,-0.2943,-0.513,0.8035547,-0.2466,-0.2943,1.0429857,0.31156227,0.4835113,-0.23598
551,9.201999999999742,-0.11251539,-1.0,0.8718582,-1.0,-0.5474532,0.32509202,1.0,-1.0,-0.08721647,-1.0,1.0,-1.0,-0.40089577,-1.0,-1.0,-1.0,0.1860806,-1.0,-1.0,0.40398252,-0.17387211,-0.13977377,-1.0,-2.74743,-1.88397,2.74743,-1.88397,-2.74743,1.88397,5.6547,-0.513,0.5575697,-0.2466,1.5462,-0.513,0.27441138,-0.2466,-0.2943,-0.513,0.804275,-0.2466,-0.2943,1.0431788,0.31177366,0.48355064,-0.23598
552,9.219999999999748,-0.112685725,-1.0,0.8721783,-1.0,-0.5476456,0.3252552,1.0,-1.0,-0.08688848,-1.0,1.0,-1.0,-0.40077746,-1.0,-1.0,-1.0,0.18688668,-1.0,-1.0,0.4043369,-0.17354271,-0.1397402,-1.0,-2.74743,-1.88397,2.74743,-1.88397,-2.74743,1.88397,5.6547,-0.513,0.5578658,-0.2466,1.5462,-0.513,0.2745182,-0.2466,-0.2943,-0.513,0.8050026,-0.2466,-0.2943,1.0433595,0.31197158,0.4835797,-0.23598
553,9.235999999999754,-0.112874806,-1.0,0.872473,-1.0,-0.54781634,0.32537523,1.0,-1.0,-0.086567745,-1.0,1.0,-1.0,-0.40063912,-1.0,-1.0,-1.0,0.18776429,-1.0,-1.0,0.40469155,-0.17320305,-0.13972029,-1.0,-2.74743,-1.88397,2.74743,-1.88397,-2.74743,1.88397,5.6547,-0.513,0.5581553,-0.2466,1.5462,-0.513,0.27464306,-0.2466,-0.2943,-0.513,0.80579484,-0.2466,-0.2943,1.0435404,0.31217563,0.48359692,-0.23598
554,9.251999999999759,-0.11304812,-1.0,0.87276065,-1.0,-0.5479928,0.32551485,1.0,-1.0,-0.08624984,-1.0,1.0,-1.0,-0.4005348,-1.0,-1.0,-1.0,0.18859717,-1.0,-1.0,0.4050329,-0.17290673,-0.13969453,-1.0,-2.74743,-1.88397,2.74743,-1.88397,-2.74743,1.88397,5.6547,-0.513,0.5584423,-0.2466,1.5462,-0.513,0.27473724,-0.2466,-0.2943,-0.513,0.8065467,-0.2466,-0.2943,1.0437144,0.31235364,0.4836192,-0.23598
555,9.269999999999765,-0.113222376,-1.0,0.873018,-1.0,-0.54814655,0.32562014,1.0,-1.0,-0.085948095,-1.0,1.0,-1.0,-0.40042067,-1.0,-1.0,-1.0,0.18943232,-1.0,-1.0,0.40535358,-0.17263421,-0.13967897,-1.0,-2.74743,-1.88397,2.74743,-1.88397,-2.74743,1.88397,5.6547,-0.513,0.5587146,-0.2466,1.5462,-0.513,0.27484027,-0.2466,-0.2943,-0.513,0.80730057,-0.2466,-0.2943,1.043878,0.31251737,0.48363265,-0.23598
556,9.28599999999977,-0.11341186,-1.0,0.8732444,-1.0,-0.5482794,0.32568347,1.0,-1.0,-0.085654184,-1.0,1.0,-1.0,-0.40028852,-1.0,-1.0,-1.0,0.19033396,-1.0,-1.0,0.40567088,-0.17235875,-0.13967703,-1.0,-2.74743,-1.88397,2.74743,-1.88397,-2.74743,1.88397,5.6547,-0.513,0.55898,-0.2466,1.5462,-0.513,0.27495956,-0.2466,-0.2943,-0.513,0.80811447,-0.2466,-0.2943,1.0440397,0.31268287,0.48363432,-0.23598
557,9.301999999999776,-0.11358023,-1.0,0.8734651,-1.0,-0.54841524,0.32576084,1.0,-1.0,-0.08537318,-1.0,1.0,-1.0,-0.40019184,-1.0,-1.0,-1.0,0.19116664,-1.0,-1.0,0.405965,-0.17212597,-0.13967259,-1.0,-2.74743,-1.88397,2.74743,-1.88397,-2.74743,1.88397,5.6547,-0.513,0.5592336,-0.2466,1.5462,-0.513,0.27504683,-0.2466,-0.2943,-0.513,0.80886614,-0.2466,-0.2943,1.0441898,0.3128227,0.48363817,-0.23598
558,9.319999999999782,-0.1137498,-1.0,0.8736512,-1.0,-0.5485312,0.32580897,1.0,-1.0,-0.085107,-1.0,1.0,-1.0,-0.4000845,-1.0,-1.0,-1.0,0.1919977,-1.0,-1.0,0.40623984,-0.17191404,-0.1396773,-1.0,-2.74743,-1.88397,2.74743,-1.88397,-2.74743,1.88397,5.6547,-0.513,0.55947393,-0.2466,1.5462,-0.513,0.2751437,-0.2466,-0.2943,-0.513,0.8096163,-0.2466,-0.2943,1.0443299,0.31295002,0.4836341,-0.23598
559,9.335999999999787,-0.11393428,-1.0,0.8738057,-1.0,-0.5486313,0.32582068,1.0,-1.0,-0.08484548,-1.0,1.0,-1.0,-0.3999647,-1.0,-1.0,-1.0,0.19288668,-1.0,-1.0,0.40651166,-0.17170969,-0.13969412,-1.0,-2.74743,-1.88397,2.74743,-1.88397,-2.74743,1.88397,5.6547,-0.513,0.55970997,-0.2466,1.5462,-0.513,0.27525187,-0.2466,-0.2943,-0.513,0.8104188,-0.2466,-0.2943,1.0444685,0.3130728,0.48361954,-0.23598
560,9.351999999999792,-0.11409257,-1.0,0.87395364,-1.0,-0.5487299,0.3258407,1.0,-1.0,-0.084606096,-1.0,1.0,-1.0,-0.39987564,-1.0,-1.0,-1.0,0.19368723,-1.0,-1.0,0.40675166,-0.1715444,-0.13971093,-1.0,-2.74743,-1.88397,2.74743,-1.88397,-2.74743,1.88397,5.6547,-0.513,0.5599261,-0.2466,1.5462,-0.513,0.27533227,-0.2466,-0.2943,-0.513,0.8111415,-0.2466,-0.2943,1.044591,0.3131721,0.483605,-0.23598
561,9.369999999999798,-0.114255965,-1.0,0.8740713,-1.0,-0.5488164,0.3258421,1.0,-1.0,-0.08437581,-1.0,1.0,-1.0,-0.39977962,-1.0,-1.0,-1.0,0.19447991,-1.0,-1.0,0.4069782,-0.17140046,-0.13973436,-1.0,-2.74743,-1.88397,2.74743,-1.88397,-2.74743,1.88397,5.6547,-0.513,0.56013393,-0.2466,1.5462,-0.513,0.27541894,-0.2466,-0.2943,-0.513,0.81185704,-0.2466,-0.2943,1.0447065,0.31325856,0.48358473,-0.23598
562,9.385999999999804,-0.11442746,-1.0,0.8741543,-1.0,-0.54888636,0.32580858,1.0,-1.0,-0.08415182,-1.0,1.0,-1.0,-0.3996734,-1.0,-1.0,-1.0,0.19532368,-1.0,-1.0,0.4071977,-0.17126718,-0.13976827,-1.0,-2.74743,-1.88397,2.74743,-1.88397,-2.74743,1.88397,5.6547,-0.513,0.5603362,-0.2466,1.5462,-0.513,0.2755148,-0.2466,-0.2943,-0.513,0.8126187,-0.2466,-0.2943,1.0448184,0.31333864,0.4835554,-0.23598
563,9.40199999999981,-0.114571586,-1.0,0.8742328,-1.0,-0.54895353,0.3257795,1.0,-1.0,-0.08395688,-1.0,1.0,-1.0,-0.39959705,-1.0,-1.0,-1.0,0.19606319,-1.0,-1.0,0.40737984,-0.17117086,-0.13980576,-1.0,-2.74743,-1.88397,2.74743,-1.88397,-2.74743,1.88397,5.6547,-0.513,0.5605121,-0.2466,1.5462,-0.513,0.27558374,-0.2466,-0.2943,-0.513,0.81328624,-0.2466,-0.2943,1.0449113,0.3133965,0.48352295,-0.23598
564,9.419999999999815,-0.11471996,-1.0,0.87428033,-1.0,-0.54901147,0.32573783,1.0,-1.0,-0.08376831,-1.0,1.0,-1.0,-0.3995133,-1.0,-1.0,-1.0,0.19679162,-1.0,-1.0,0.40755135,-0.171092,-0.13984694,-1.0,-2.74743,-1.88397,2.74743,-1.88397,-2.74743,1.88397,5.6547,-0.513,0.56068236,-0.2466,1.5462,-0.513,0.27565935,-0.2466,-0.2943,-0.513,0.8139438,-0.2466,-0.2943,1.0449988,0.31344387,0.48348734,-0.23598
565,9.43599999999982,-0.11487496,-1.0,0.87429523,-1.0,-0.5490589,0.32566896,1.0,-1.0,-0.08358364,-1.0,1.0,-1.0,-0.3994254,-1.0,-1.0,-1.0,0.19756147,-1.0,-1.0,0.40771753,-0.17102873,-0.13989687,-1.0,-2.74743,-1.88397,2.74743,-1.88397,-2.74743,1.88397,5.6547,-0.513,0.5608491,-0.2466,1.5462,-0.513,0.27573872,-0.2466,-0.2943,-0.513,0.81463873,-0.2466,-0.2943,1.0450835,0.3134819,0.48344412,-0.23598
566,9.451999999999826,-0.115001485,-1.0,0.8743071,-1.0,-0.5490998,0.3256003,1.0,-1.0,-0.08343251,-1.0,1.0,-1.0,-0.39936113,-1.0,-1.0,-1.0,0.19821727,-1.0,-1.0,0.40784147,-0.17099881,-0.13995151,-1.0,-2.74743,-1.88397,2.74743,-1.88397,-2.74743,1.88397,5.6547,-0.513,0.56098545,-0.2466,1.5462,-0.513,0.2757967,-0.2466,-0.2943,-0.513,0.8152307,-0.2466,-0.2943,1.0451467,0.31349987,0.48339686,-0.23598
567,9.469999999999832,-0.11513239,-1.0,0.874293,-1.0,-0.54913634,0.3255253,1.0,-1.0,-0.08328654,-1.0,1.0,-1.0,-0.3992936,-1.0,-1.0,-1.0,0.19886073,-1.0,-1.0,0.40795878,-0.17098105,-0.14000852,-1.0,-2.74743,-1.88397,2.74743,-1.88397,-2.74743,1.88397,5.6547,-0.513,0.56111723,-0.2466,1.5462,-0.513,0.27585766,-0.2466,-0.2943,-0.513,0.8158116,-0.2466,-0.2943,1.0452065,0.31351054,0.48334754,-0.23598
568,9.485999999999837,-0.115265965,-1.0,0.8742464,-1.0,-0.54916596,0.32543042,1.0,-1.0,-0.08314238,-1.0,1.0,-1.0,-0.39922595,-1.0,-1.0,-1.0,0.19953158,-1.0,-1.0,0.40806967,-0.17098424,-0.14007191,-1.0,-2.74743,-1.88397,2.74743,-1.88397,-2.74743,1.88397,5.6547,-0.513,0.56124735,-0.2466,1.5462,-0.513,0.27591872,-0.2466,-0.2943,-0.513,0.81641716,-0.2466,-0.2943,1.045263,0.31350863,0.48329267,-0.23598
569,9.501999999999843,-0.11537084,-1.0,0.8741984,-1.0,-0.549186,0.32533032,1.0,-1.0,-0.08303599,-1.0,1.0,-1.0,-0.39917636,-1.0,-1.0,-1.0,0.20008513,-1.0,-1.0,0.4081354,-0.17101544,-0.14014168,-1.0,-2.74743,-1.88397,2.74743,-1.88397,-2.74743,1.88397,5.6547,-0.513,0.56134343,-0.2466,1.5462,-0.513,0.27596352,-0.2466,-0.2943,-0.513,0.8169168,-0.2466,-0.2943,1.0452965,0.31348988,0.48323232,-0.23598
570,9.519999999999849,-0.11548078,-1.0,0.87412786,-1.0,-0.54920715,0.32523188,1.0,-1.0,-0.08293085,-1.0,1.0,-1.0,-0.39912623,-1.0,-1.0,-1.0,0.2006228,-1.0,-1.0,0.4081998,-0.17105505,-0.1402116,-1.0,-2.74743,-1.88397,2.74743,-1.88397,-2.74743,1.88397,5.6547,-0.513,0.5614383,-0.2466,1.5462,-0.513,0.27600875,-0.2466,-0.2943,-0.513,0.8174022,-0.2466,-0.2943,1.0453295,0.31346607,0.48317182,-0.23598
571,9.535999999999854,-0.115590364,-1.0,0.87403023,-1.0,-0.54922324,0.3251204,1.0,-1.0,-0.08282608,-1.0,1.0,-1.0,-0.3990783,-1.0,-1.0,-1.0,0.20117941,-1.0,-1.0,0.4082576,-0.1711176,-0.14028485,-1.0,-2.74743,-1.88397,2.74743,-1.88397,-2.74743,1.88397,5.6547,-0.513,0.5615329,-0.2466,1.5462,-0.513,0.276052,-0.2466,-0.2943,-0.513,0.81790465,-0.2466,-0.2943,1.0453589,0.3134285,0.48310843,-0.23598
572,9.55199999999986,-0.11567177,-1.0,0.87393296,-1.0,-0.5492298,0.32500026,1.0,-1.0,-0.08276093,-1.0,1.0,-1.0,-0.3990457,-1.0,-1.0,-1.0,0.20161843,-1.0,-1.0,0.40827,-0.17120197,-0.1403665,-1.0,-2.74743,-1.88397,2.74743,-1.88397,-2.74743,1.88397,5.6547,-0.513,0.5615917,-0.2466,1.5462,-0.513,0.27608144,-0.2466,-0.2943,-0.513,0.81830096,-0.2466,-0.2943,1.0453652,0.3133778,0.4830378,-0.23598
573,9.569999999999865,-0.1157583,-1.0,0.87381905,-1.0,-0.54923993,0.32488793,1.0,-1.0,-0.08269346,-1.0,1.0,-1.0,-0.39901042,-1.0,-1.0,-1.0,0.20204118,-1.0,-1.0,0.40828475,-0.17129016,-0.14044592,-1.0,-2.74743,-1.88397,2.74743,-1.88397,-2.74743,1.88397,5.6547,-0.513,0.5616526,-0.2466,1.5462,-0.513,0.2761133,-0.2466,-0.2943,-0.513,0.81868255,-0.2466,-0.2943,1.0453727,0.31332484,0.48296908,-0.23598
574,9.58599999999987,-0.11584109,-1.0,0.8736822,-1.0,-0.5492504,0.32477012,1.0,-1.0,-0.082626045,-1.0,1.0,-1.0,-0.39898515,-1.0,-1.0,-1.0,0.20246914,-1.0,-1.0,0.40829295,-0.17140451,-0.14052676,-1.0,-2.74743,-1.88397,2.74743,-1.88397,-2.74743,1.88397,5.6547,-0.513,0.56171346,-0.2466,1.5462,-0.513,0.2761361,-0.2466,-0.2943,-0.513,0.8190689,-0.2466,-0.2943,1.0453769,0.31325614,0.48289913,-0.23598
575,9.601999999999876,-0.115898356,-1.0,0.87354565,-1.0,-0.5492486,0.3246396,1.0,-1.0,-0.082598045,-1.0,1.0,-1.0,-0.39896572,-1.0,-1.0,-1.0,0.2027879,-1.0,-1.0,0.40825674,-0.17153335,-0.14061697,-1.0,-2.74743,-1.88397,2.74743,-1.88397,-2.74743,1.88397,5.6547,-0.513,0.5617387,-0.2466,1.5462,-0.513,0.27615365,-0.2466,-0.2943,-0.513,0.8193566,-0.2466,-0.2943,1.0453584,0.31317872,0.48282108,-0.23598
576,9.619999999999882,-0.115960196,-1.0,0.8734006,-1.0,-0.549253,0.32452217,1.0,-1.0,-0.08256551,-1.0,1.0,-1.0,-0.39894813,-1.0,-1.0,-1.0,0.20308888,-1.0,-1.0,0.40822655,-0.17166299,-0.14070277,-1.0,-2.74743,-1.88397,2.74743,-1.88397,-2.74743,1.88397,5.6547,-0.513,0.5617681,-0.2466,1.5462,-0.513,0.2761695,-0.2466,-0.2943,-0.513,0.81962836,-0.2466,-0.2943,1.045343,0.31310084,0.48274684,-0.23598
577,9.635999999999887,-0.11601676,-1.0,0.87323534,-1.0,-0.54926133,0.3244064,1.0,-1.0,-0.0825309,-1.0,1.0,-1.0,-0.3989402,-1.0,-1.0,-1.0,0.2033835,-1.0,-1.0,0.40818977,-0.1718202,-0.14078805,-1.0,-2.74743,-1.88397,2.74743,-1.88397,-2.74743,1.88397,5.6547,-0.513,0.56179935,-0.2466,1.5462,-0.513,0.2761767,-0.2466,-0.2943,-0.513,0.8198943,-0.2466,-0.2943,1.0453243,0.3130064,0.48267308,-0.23598
578,9.651999999999893,-0.116050825,-1.0,0.8730751,-1.0,-0.5492574,0.32427558,1.0,-1.0,-0.08253364,-1.0,1.0,-1.0,-0.3989337,-1.0,-1.0,-1.0,0.20357841,-1.0,-1.0,0.40811238,-0.1719847,-0.1408831,-1.0,-2.74743,-1.88397,2.74743,-1.88397,-2.74743,1.88397,5.6547,-0.513,0.5617969,-0.2466,1.5462,-0.513,0.27618253,-0.2466,-0.2943,-0.513,0.8200702,-0.2466,-0.2943,1.0452849,0.31290758,0.48259082,-0.23598
579,9.669999999999899,-0.116087675,-1.0,0.8729103,-1.0,-0.54926103,0.32416183,1.0,-1.0,-0.08253124,-1.0,1.0,-1.0,-0.39893162,-1.0,-1.0,-1.0,0.2037561,-1.0,-1.0,0.40804264,-0.17214721,-0.14097229,-1.0,-2.74743,-1.88397,2.74743,-1.88397,-2.74743,1.88397,5.6547,-0.513,0.56179905,-0.2466,1.5462,-0.513,0.2761844,-0.2466,-0.2943,-0.513,0.8202306,-0.2466,-0.2943,1.0452492,0.31280994,0.48251367,-0.23598
580,9.685999999999904,-0.11611773,-1.0,0.87273175,-1.0,-0.5492726,0.3240556,1.0,-1.0,-0.08252478,-1.0,1.0,-1.0,-0.39893866,-1.0,-1.0,-1.0,0.20391929,-1.0,-1.0,0.4079679,-0.1723347,-0.1410599,-1.0,-2.74743,-1.88397,2.74743,-1.88397,-2.74743,1.88397,5.6547,-0.513,0.5618049,-0.2466,1.5462,-0.513,0.27617806,-0.2466,-0.2943,-0.513,0.82037795,-0.2466,-0.2943,1.0452112,0.3126973,0.48243785,-0.23598
581,9.70199999999991,-0.11612837,-1.0,0.8725599,-1.0,-0.54927063,0.3239331,1.0,-1.0,-0.082552224,-1.0,1.0,-1.0,-0.39894432,-1.0,-1.0,-1.0,0.2039977,-1.0,-1.0,0.40785637,-0.17252508,-0.14115618,-1.0,-2.74743,-1.88397,2.74743,-1.88397,-2.74743,1.88397,5.6547,-0.513,0.5617801,-0.2466,1.5462,-0.513,0.27617297,-0.2466,-0.2943,-0.513,0.8204487,-0.2466,-0.2943,1.0451543,0.31258294,0.48235455,-0.23598
582,9.719999999999915,-0.11614497,-1.0,0.87238854,-1.0,-0.54928184,0.32383236,1.0,-1.0,-0.08257012,-1.0,1.0,-1.0,-0.39895153,-1.0,-1.0,-1.0,0.20405802,-1.0,-1.0,0.40775707,-0.17271057,-0.14124689,-1.0,-2.74743,-1.88397,2.74743,-1.88397,-2.74743,1.88397,5.6547,-0.513,0.56176394,-0.2466,1.5462,-0.513,0.27616644,-0.2466,-0.2943,-0.513,0.8205032,-0.2466,-0.2943,1.0451037,0.31247148,0.48227608,-0.23598
583,9.73599999999992,-0.116149485,-1.0,0.8722098,-1.0,-0.5492996,0.32374305,1.0,-1.0,-0.082586184,-1.0,1.0,-1.0,-0.39897245,-1.0,-1.0,-1.0,0.20409417,-1.0,-1.0,0.40765026,-0.1729205,-0.14133306,-1.0,-2.74743,-1.88397,2.74743,-1.88397,-2.74743,1.88397,5.6547,-0.513,0.56174946,-0.2466,1.5462,-0.513,0.27614757,-0.2466,-0.2943,-0.513,0.8205358,-0.2466,-0.2943,1.0450492,0.3123454,0.48220152,-0.23598
584,9.751999999999926,-0.11614296,-1.0,0.8720378,-1.0,-0.54930776,0.32363802,1.0,-1.0,-0.082628995,-1.0,1.0,-1.0,-0.39898455,-1.0,-1.0,-1.0,0.2040635,-1.0,-1.0,0.40751603,-0.17312604,-0.14142898,-1.0,-2.74743,-1.88397,2.74743,-1.88397,-2.74743,1.88397,5.6547,-0.513,0.56171083,-0.2466,1.5462,-0.513,0.27613664,-0.2466,-0.2943,-0.513,0.8205081,-0.2466,-0.2943,1.0449808,0.31222188,0.48211852,-0.23598
585,9.769999999999932,-0.11613813,-1.0,0.87187296,-1.0,-0.549328,0.32355514,1.0,-1.0,-0.082662456,-1.0,1.0,-1.0,-0.3990001,-1.0,-1.0,-1.0,0.20401874,-1.0,-1.0,0.40739325,-0.17332464,-0.14151813,-1.0,-2.74743,-1.88397,2.74743,-1.88397,-2.74743,1.88397,5.6547,-0.513,0.5616806,-0.2466,1.5462,-0.513,0.2761226,-0.2466,-0.2943,-0.513,0.8204677,-0.2466,-0.2943,1.0449181,0.3121026,0.4820414,-0.23598
586,9.785999999999937,-0.11612274,-1.0,0.87170553,-1.0,-0.54935944,0.32348922,1.0,-1.0,-0.082691774,-1.0,1.0,-1.0,-0.3990286,-1.0,-1.0,-1.0,0.20394012,-1.0,-1.0,0.40726513,-0.17354545,-0.14160226,-1.0,-2.74743,-1.88397,2.74743,-1.88397,-2.74743,1.88397,5.6547,-0.513,0.56165415,-0.2466,1.5462,-0.513,0.27609688,-0.2466,-0.2943,-0.513,0.8203967,-0.2466,-0.2943,1.0448527,0.3119699,0.4819686,-0.23598
587,9.801999999999943,-0.11610012,-1.0,0.87154686,-1.0,-0.5493804,0.32340768,1.0,-1.0,-0.08274253,-1.0,1.0,-1.0,-0.39904445,-1.0,-1.0,-1.0,0.20381522,-1.0,-1.0,0.40711626,-0.17375708,-0.14169441,-1.0,-2.74743,-1.88397,2.74743,-1.88397,-2.74743,1.88397,5.6547,-0.513,0.5616083,-0.2466,1.5462,-0.513,0.27608258,-0.2466,-0.2943,-0.513,0.820284,-0.2466,-0.2943,1.0447769,0.31184277,0.48188886,-0.23598
588,9.819999999999949,-0.11607972,-1.0,0.8713988,-1.0,-0.5494164,0.32335004,1.0,-1.0,-0.08278185,-1.0,1.0,-1.0,-0.399063,-1.0,-1.0,-1.0,0.20367637,-1.0,-1.0,0.40698013,-0.17395985,-0.14177999,-1.0,-2.74743,-1.88397,2.74743,-1.88397,-2.74743,1.88397,5.6547,-0.513,0.56157285,-0.2466,1.5462,-0.513,0.27606583,-0.2466,-0.2943,-0.513,0.82015866,-0.2466,-0.2943,1.0447074,0.31172097,0.48181483,-0.23598
589,9.835999999999954,-0.116048366,-1.0,0.8712549,-1.0,-0.5494628,0.32331175,1.0,-1.0,-0.08281791,-1.0,1.0,-1.0,-0.39909583,-1.0,-1.0,-1.0,0.20350215,-1.0,-1.0,0.4068397,-0.17418045,-0.14185959,-1.0,-2.74743,-1.88397,2.74743,-1.88397,-2.74743,1.88397,5.6547,-0.513,0.56154025,-0.2466,1.5462,-0.513,0.2760362,-0.2466,-0.2943,-0.513,0.82000136,-0.2466,-0.2943,1.0446358,0.31158844,0.48174596,-0.23598
590,9.85199999999996,-0.11601585,-1.0,0.87111914,-1.0,-0.5495035,0.32326105,1.0,-1.0,-0.08286658,-1.0,1.0,-1.0,-0.39911085,-1.0,-1.0,-1.0,0.20329887,-1.0,-1.0,0.40668687,-0.17438847,-0.14194624,-1.0,-2.74743,-1.88397,2.74743,-1.88397,-2.74743,1.88397,5.6547,-0.513,0.5614963,-0.2466,1.5462,-0.513,0.27602264,-0.2466,-0.2943,-0.513,0.8198179,-0.2466,-0.2943,1.0445579,0.31146348,0.48167098,-0.23598
591,9.869999999999965,-0.115982935,-1.0,0.87099695,-1.0,-0.5495569,0.32323077,1.0,-1.0,-0.082906134,-1.0,1.0,-1.0,-0.39912993,-1.0,-1.0,-1.0,0.203087,-1.0,-1.0,0.40654567,-0.1745843,-0.14202666,-1.0,-2.74743,-1.88397,2.74743,-1.88397,-2.74743,1.88397,5.6547,-0.513,0.5614606,-0.2466,1.5462,-0.513,0.27600542,-0.2466,-0.2943,-0.513,0.8196266,-0.2466,-0.2943,1.0444859,0.31134582,0.4816014,-0.23598
592,9.88599999999997,-0.115940854,-1.0,0.8708833,-1.0,-0.5496235,0.323224,1.0,-1.0,-0.08293994,-1.0,1.0,-1.0,-0.39916056,-1.0,-1.0,-1.0,0.20283586,-1.0,-1.0,0.4064029,-0.1747944,-0.1421007,-1.0,-2.74743,-1.88397,2.74743,-1.88397,-2.74743,1.88397,5.6547,-0.513,0.5614301,-0.2466,1.5462,-0.513,0.27597776,-0.2466,-0.2943,-0.513,0.81939995,-0.2466,-0.2943,1.0444131,0.31121957,0.48153734,-0.23598
593,9.901999999999976,-0.11590028,-1.0,0.87077856,-1.0,-0.5496851,0.32320553,1.0,-1.0,-0.082981184,-1.0,1.0,-1.0,-0.39917296,-1.0,-1.0,-1.0,0.2025752,-1.0,-1.0,0.4062539,-0.1749886,-0.14218071,-1.0,-2.74743,-1.88397,2.74743,-1.88397,-2.74743,1.88397,5.6547,-0.513,0.5613929,-0.2466,1.5462,-0.513,0.27596655,-0.2466,-0.2943,-0.513,0.81916463,-0.2466,-0.2943,1.0443372,0.31110293,0.4814681,-0.23598
594,9.919999999999982,-0.11586146,-1.0,0.8706921,-1.0,-0.5497611,0.32320967,1.0,-1.0,-0.083010025,-1.0,1.0,-1.0,-0.39918768,-1.0,-1.0,-1.0,0.20231047,-1.0,-1.0,0.40612027,-0.17516968,-0.14225352,-1.0,-2.74743,-1.88397,2.74743,-1.88397,-2.74743,1.88397,5.6547,-0.513,0.56136686,-0.2466,1.5462,-0.513,0.27595326,-0.2466,-0.2943,-0.513,0.8189257,-0.2466,-0.2943,1.044269,0.31099415,0.4814051,-0.23598
595,9.935999999999988,-0.115812495,-1.0,0.87061614,-1.0,-0.54984844,0.32323498,1.0,-1.0,-0.08303556,-1.0,1.0,-1.0,-0.3992139,-1.0,-1.0,-1.0,0.20200452,-1.0,-1.0,0.40598327,-0.1753602,-0.14232075,-1.0,-2.74743,-1.88397,2.74743,-1.88397,-2.74743,1.88397,5.6547,-0.513,0.5613438,-0.2466,1.5462,-0.513,0.2759296,-0.2466,-0.2943,-0.513,0.8186495,-0.2466,-0.2943,1.0441991,0.31087968,0.48134696,-0.23598
596,9.951999999999993,-0.11577034,-1.0,0.87054765,-1.0,-0.54993415,0.323252,1.0,-1.0,-0.08306122,-1.0,1.0,-1.0,-0.39921957,-1.0,-1.0,-1.0,0.20170996,-1.0,-1.0,0.40584937,-0.17553037,-0.14239171,-1.0,-2.74743,-1.88397,2.74743,-1.88397,-2.74743,1.88397,5.6547,-0.513,0.56132066,-0.2466,1.5462,-0.513,0.2759245,-0.2466,-0.2943,-0.513,0.8183836,-0.2466,-0.2943,1.0441308,0.31077743,0.48128554,-0.23598
597,9.969999999999999,-0.11572969,-1.0,0.87049866,-1.0,-0.5500327,0.32328922,1.0,-1.0,-0.08307552,-1.0,1.0,-1.0,-0.3992294,-1.0,-1.0,-1.0,0.20141208,-1.0,-1.0,0.40572882,-0.1756886,-0.14245635,-1.0,-2.74743,-1.88397,2.74743,-1.88397,-2.74743,1.88397,5.6547,-0.513,0.5613077,-0.2466,1.5462,-0.513,0.27591562,-0.2466,-0.2943,-0.513,0.8181147,-0.2466,-0.2943,1.0440693,0.3106824,0.48122963,-0.23598
598,9.986000000000004,-0.11568037,-1.0,0.8704653,-1.0,-0.55014426,0.32334945,1.0,-1.0,-0.08308505,-1.0,1.0,-1.0,-0.39924705,-1.0,-1.0,-1.0,0.20107773,-1.0,-1.0,0.40560883,-0.17584994,-0.14251567,-1.0,-2.74743,-1.88397,2.74743,-1.88397,-2.74743,1.88397,5.6547,-0.513,0.56129915,-0.2466,1.5462,-0.513,0.27589968,-0.2466,-0.2943,-0.513,0.81781286,-0.2466,-0.2943,1.0440081,0.31058544,0.4811783,-0.23598
599,10.00200000000001,-0.11564158,-1.0,0.87043923,-1.0,-0.5502558,0.32340384,1.0,-1.0,-0.08308796,-1.0,1.0,-1.0,-0.3992455,-1.0,-1.0,-1.0,0.200769,-1.0,-1.0,0.40549782,-0.17599124,-0.1425768,-1.0,-2.74743,-1.88397,2.74743,-1.88397,-2.74743,1.88397,5.6547,-0.513,0.5612965,-0.2466,1.5462,-0.513,0.27590108,-0.2466,-0.2943,-0.513,0.8175342,-0.2466,-0.2943,1.0439515,0.31050056,0.4811254,-0.23598
